id,target_sequence
TEF71512B64DB95E,PTE047 PLG079 PMH082 STE050 SLG078 SMH091 SFR030 DRV085
TED5B4D423CF24DB,PTE047 PLG082 PMH087 STE048 SLG083 SMH088 SFR031 DRV063
TE45BD5E35448591,PTE046 PLG082 PMH085 STE050 SLG081 SMH092 SFR030 DRV079
TE97A7504B337CAF,PTE047 PLG082 PMH087 STE049 SLG083 SMH088 SFR029 DRV062
TEA98500ECD180D1,PTE048 PLG083 PMH086 STE051 SLG084 SMH092 SFR028 DRV071
TE90EA4CFCFC0A5C,PTE048 PLG084 PMH086 STE049 SLG083 SMH091 SFR029 DRV071
TE958A6067A9B7C4,PTE044 PLG079 PMH081 STE049 SLG079 SMH092 SFR031 DRV084
TE64111C4FA6B9F4,PTE047 PLG083 PMH088 STE049 SLG082 SMH089 SFR031 DRV060
TEC0C62E1E47C3C6,PTE047 PLG082 PMH087 STE049 SLG083 SMH088 SFR030 DRV063
TE6F319B161BE414,PTE044 PLG080 PMH083 STE049 SLG079 SMH092 SFR031 DRV083
TE10E7088B7E1609,PTE043 PLG079 PMH080 STE050 SLG079 SMH094 SFR031 DRV101
TE54D04155CFC786,PTE042 PLG087 PMH084 STE049 SLG088 SMH097 SFR029 DRV095
TEEBD640B4F97BD5,PTE046 PLG082 PMH084 STE050 SLG081 SMH092 SFR029 DRV081
TE0240FDA7B8E4B5,PTE046 PLG083 PMH087 STE048 SLG084 SMH088 SFR029 DRV062
TECE614A4C51A4B4,PTE046 PLG083 PMH087 STE048 SLG083 SMH088 SFR029 DRV061
TE496ACDF983E1EC,PTE046 PLG082 PMH087 STE048 SLG083 SMH088 SFR029 DRV062
TEEB511CC2B9388A,PTE047 PLG082 PMH087 STE048 SLG082 SMH088 SFR032 DRV064
TE47A07456E57EAA,PTE046 PLG082 PMH087 STE048 SLG084 SMH088 SFR030 DRV063
TEA867BEF705D287,PTE046 PLG083 PMH087 STE049 SLG083 SMH088 SFR029 DRV062
TEFF226C41A31C5F,PTE049 PLG086 PMH088 STE051 SLG089 SMH094 SFR025 DRV070
TE05A81FAC6193D2,PTE047 PLG083 PMH085 STE051 SLG082 SMH092 SFR028 DRV081
TEE7A425414AEBD3,PTE043 PLG081 PMH081 STE049 SLG079 SMH093 SFR033 DRV093
TE3648C9B6B07900,PTE047 PLG081 PMH086 STE050 SLG080 SMH091 SFR030 DRV074
TEB7CE9BAFF9E5AC,PTE048 PLG083 PMH088 STE048 SLG081 SMH089 SFR031 DRV061
TEFDF0467F08EA6C,PTE046 PLG082 PMH087 STE048 SLG084 SMH088 SFR029 DRV062
TE3DD036DEF26734,PTE046 PLG083 PMH087 STE048 SLG083 SMH088 SFR029 DRV062
TE1D4DF17FD64611,PTE046 PLG081 PMH082 STE051 SLG079 SMH093 SFR029 DRV092
TE058E342D5124E1,PTE046 PLG082 PMH087 STE048 SLG084 SMH088 SFR029 DRV063
TE8D8F0EC9E96697,PTE044 PLG081 PMH083 STE048 SLG078 SMH092 SFR031 DRV083
TE9743E7E8215B58,PTE046 PLG083 PMH086 STE048 SLG084 SMH088 SFR028 DRV062
TE47A6797DF62FF3,PTE046 PLG083 PMH086 STE048 SLG084 SMH088 SFR029 DRV062
TEAD5F92C844657A,PTE047 PLG083 PMH087 STE049 SLG083 SMH088 SFR029 DRV061
TE7F9B9CE88F59D0,PTE048 PLG082 PMH087 STE049 SLG082 SMH090 SFR030 DRV065
TECF9F559253086C,PTE047 PLG081 PMH082 STE051 SLG080 SMH093 SFR029 DRV087
TEEF84B5BCB0D929,PTE047 PLG083 PMH086 STE048 SLG084 SMH088 SFR029 DRV062
TECDBFFF58C80A57,PTE042 PLG074 PMH077 STE047 SLG075 SMH092 SFR037 DRV106
TEFB27AB587B1712,PTE046 PLG083 PMH086 STE048 SLG084 SMH088 SFR029 DRV062
TE890A79522DED96,PTE047 PLG082 PMH088 STE048 SLG081 SMH089 SFR031 DRV062
TE907146BD6B5D44,PTE048 PLG083 PMH089 STE050 SLG082 SMH090 SFR030 DRV064
TECA77C9A19C70E7,PTE048 PLG082 PMH085 STE051 SLG082 SMH092 SFR028 DRV078
TEFDF5AEBD327535,PTE046 PLG081 PMH085 STE049 SLG080 SMH088 SFR032 DRV072
TE2EA4C6A026FD9D,PTE046 PLG080 PMH085 STE049 SLG079 SMH089 SFR032 DRV071
TE9819BAD9AFDF98,PTE046 PLG083 PMH086 STE048 SLG084 SMH088 SFR029 DRV062
TE6213D8A4DC23CD,PTE047 PLG082 PMH087 STE048 SLG083 SMH088 SFR030 DRV062
TE811F0CA7BB94EC,PTE044 PLG080 PMH083 STE048 SLG078 SMH092 SFR031 DRV084
TE171322D0096D58,PTE046 PLG083 PMH087 STE048 SLG083 SMH088 SFR029 DRV061
TEDCBD4BC47400F5,PTE024 PLG118 PMH073 STE042 SLG106 SMH123 SFR020 DRV127
TE6AB13885B6CBEF,PTE047 PLG082 PMH085 STE050 SLG080 SMH091 SFR030 DRV080
TE52311EFD059179,PTE046 PLG083 PMH087 STE048 SLG084 SMH088 SFR029 DRV062
TE72EFC184F41AA6,PTE048 PLG085 PMH086 STE051 SLG085 SMH093 SFR027 DRV076
TEB38372144030B0,PTE045 PLG105 PMH082 STE055 SLG111 SMH113 SFR010 DRV114
TE2DBD5E1DDD65BE,PTE047 PLG082 PMH086 STE050 SLG081 SMH091 SFR029 DRV071
TEC66863C295561F,PTE047 PLG083 PMH087 STE049 SLG082 SMH088 SFR029 DRV062
TEA553FD9A5F05CC,PTE046 PLG083 PMH087 STE048 SLG084 SMH088 SFR029 DRV062
TE271C660098C1FB,PTE047 PLG082 PMH086 STE049 SLG080 SMH090 SFR031 DRV071
TE59DBDA42CE9C84,PTE047 PLG082 PMH087 STE048 SLG084 SMH088 SFR030 DRV062
TE747FEC8A765384,PTE046 PLG083 PMH077 STE054 SLG085 SMH099 SFR022 DRV110
TE2390230276C10A,PTE047 PLG081 PMH086 STE049 SLG080 SMH089 SFR032 DRV070
TED447D813085C7D,PTE047 PLG083 PMH086 STE050 SLG084 SMH092 SFR029 DRV072
TE0A149F54C9A770,PTE046 PLG083 PMH087 STE048 SLG083 SMH088 SFR029 DRV062
TEAA237640492053,PTE046 PLG083 PMH087 STE048 SLG084 SMH088 SFR029 DRV062
TE88EF26C1F18548,PTE047 PLG083 PMH087 STE049 SLG083 SMH088 SFR029 DRV062
TE9A24F7634BF6A5,PTE046 PLG083 PMH087 STE048 SLG084 SMH088 SFR029 DRV062
TECB4F2DDCE5B530,PTE046 PLG083 PMH087 STE048 SLG084 SMH088 SFR029 DRV062
TEDD9FB6D344242E,PTE046 PLG083 PMH087 STE048 SLG084 SMH088 SFR029 DRV062
TE660EF4A1F2E898,PTE047 PLG091 PMH084 STE054 SLG097 SMH103 SFR018 DRV099
TE9139A31C836370,PTE046 PLG083 PMH087 STE048 SLG084 SMH088 SFR029 DRV062
TEB06D25814BA78F,PTE049 PLG083 PMH088 STE049 SLG081 SMH089 SFR029 DRV062
TEFBCDCB5E239BE0,PTE046 PLG083 PMH087 STE048 SLG083 SMH088 SFR029 DRV062
TED2310938B8848C,PTE046 PLG083 PMH087 STE048 SLG084 SMH088 SFR029 DRV062
TEF60C783FF10150,PTE048 PLG083 PMH085 STE050 SLG083 SMH093 SFR027 DRV074
TE4C7B9AE42B61C2,PTE045 PLG081 PMH087 STE047 SLG084 SMH087 SFR032 DRV064
TEC206C1E815B2EC,PTE044 PLG086 PMH087 STE049 SLG088 SMH094 SFR029 DRV080
TED5892F8D625B08,PTE042 PLG079 PMH079 STE048 SLG078 SMH094 SFR031 DRV100
TEBBF76EEA9F3C8F,PTE046 PLG083 PMH087 STE048 SLG084 SMH088 SFR029 DRV062
TE9740B1D6E8BD88,PTE047 PLG082 PMH088 STE049 SLG081 SMH089 SFR031 DRV067
TE5E590E418FBDC1,PTE046 PLG082 PMH087 STE049 SLG083 SMH088 SFR029 DRV062
TE4F3D57B1162BC6,PTE046 PLG082 PMH087 STE049 SLG084 SMH088 SFR029 DRV062
TEFA455030C01187,PTE046 PLG082 PMH087 STE049 SLG083 SMH088 SFR029 DRV062
TE629EC3744F1BD3,PTE048 PLG083 PMH087 STE049 SLG082 SMH089 SFR029 DRV061
TEAAD386A3C10301,PTE044 PLG081 PMH084 STE048 SLG081 SMH092 SFR032 DRV082
TE6D64D7738384D4,PTE047 PLG083 PMH087 STE049 SLG083 SMH088 SFR029 DRV062
TE8136576D628833,PTE046 PLG083 PMH080 STE052 SLG082 SMH096 SFR027 DRV104
TE241C1DE0B78800,PTE046 PLG083 PMH087 STE048 SLG084 SMH088 SFR029 DRV062
TE2B5922E9702C16,PTE047 PLG082 PMH087 STE048 SLG082 SMH088 SFR032 DRV066
TE5C8D7F5EA910E8,PTE046 PLG083 PMH087 STE048 SLG084 SMH088 SFR029 DRV062
TE02E83CD7A1A80B,PTE046 PLG083 PMH087 STE048 SLG084 SMH088 SFR029 DRV062
TE8BDEF68D3E1629,PTE046 PLG081 PMH085 STE050 SLG081 SMH092 SFR030 DRV077
TEF62ABCBBD000EB,PTE047 PLG082 PMH087 STE049 SLG083 SMH088 SFR029 DRV061
TEFA04BF5992CBAB,PTE047 PLG083 PMH087 STE049 SLG083 SMH088 SFR029 DRV062
TE736878AD26525B,PTE046 PLG081 PMH087 STE048 SLG083 SMH088 SFR032 DRV066
TE4C7575751C1F10,PTE046 PLG083 PMH087 STE048 SLG083 SMH088 SFR029 DRV062
TE574FA0164D045C,PTE047 PLG082 PMH085 STE049 SLG081 SMH091 SFR030 DRV076
TEB0DA1CC653EA7E,PTE045 PLG082 PMH081 STE051 SLG081 SMH096 SFR029 DRV097
TE66D0C4A68861C8,PTE046 PLG083 PMH087 STE048 SLG084 SMH088 SFR029 DRV062
TE07E21EB89A5C06,PTE046 PLG082 PMH087 STE049 SLG084 SMH088 SFR029 DRV062
TE6FBC5898FD834A,PTE047 PLG083 PMH087 STE049 SLG083 SMH088 SFR029 DRV062
TE7A320150533249,PTE046 PLG083 PMH087 STE048 SLG084 SMH088 SFR029 DRV062
TE985B66D4ED50A5,PTE046 PLG083 PMH087 STE048 SLG083 SMH088 SFR029 DRV062
TE81FD9662624236,PTE046 PLG083 PMH087 STE048 SLG084 SMH088 SFR029 DRV062
TE10B1BE2F5FE581,PTE049 PLG085 PMH088 STE050 SLG085 SMH091 SFR028 DRV067
TE28F15FD29E1D64,PTE048 PLG089 PMH087 STE052 SLG092 SMH097 SFR023 DRV081
TEB0BD1B25285CDA,PTE047 PLG084 PMH088 STE049 SLG082 SMH090 SFR031 DRV066
TED17CA98E82C051,PTE046 PLG083 PMH087 STE048 SLG084 SMH088 SFR029 DRV062
TE743C394CF1C92F,PTE047 PLG081 PMH085 STE049 SLG079 SMH090 SFR030 DRV070
TEFE20BF3611403D,PTE045 PLG081 PMH087 STE048 SLG083 SMH088 SFR032 DRV064
TE12CFD69BDD4219,PTE046 PLG082 PMH084 STE051 SLG081 SMH093 SFR029 DRV081
TEF093505E49865E,PTE046 PLG083 PMH087 STE048 SLG084 SMH088 SFR029 DRV062
TE093AE4EDDA6B36,PTE046 PLG083 PMH087 STE049 SLG083 SMH088 SFR029 DRV061
TE5A32200F617BA7,PTE047 PLG081 PMH082 STE050 SLG080 SMH092 SFR030 DRV083
TE9B14EB6E9D4DF6,PTE044 PLG080 PMH079 STE050 SLG080 SMH096 SFR028 DRV097
TEB3B7E965DBD96C,PTE046 PLG084 PMH082 STE050 SLG086 SMH096 SFR027 DRV094
TE65D9CC9614459C,PTE046 PLG082 PMH087 STE049 SLG084 SMH088 SFR029 DRV062
TE8EBDBFF34DC030,PTE046 PLG081 PMH083 STE051 SLG080 SMH092 SFR029 DRV086
TE752B67D6DA89E6,PTE047 PLG085 PMH085 STE050 SLG085 SMH094 SFR026 DRV078
TE37E7EF48AB1669,PTE045 PLG082 PMH081 STE051 SLG083 SMH096 SFR028 DRV100
TE5FAC0A8DB04EDE,PTE046 PLG083 PMH087 STE048 SLG084 SMH088 SFR029 DRV062
TE6AF1FDF6B75A09,PTE046 PLG082 PMH087 STE049 SLG083 SMH088 SFR029 DRV062
TE409557F7370A33,PTE045 PLG081 PMH087 STE048 SLG084 SMH088 SFR030 DRV063
TE7A5B842FAFFE57,PTE047 PLG082 PMH087 STE049 SLG084 SMH088 SFR029 DRV063
TE322B408D02C2BF,PTE046 PLG081 PMH087 STE048 SLG084 SMH088 SFR032 DRV064
TE8762A523BFBDA5,PTE048 PLG083 PMH087 STE050 SLG083 SMH090 SFR029 DRV068
TEF80E0B5F904A4C,PTE048 PLG083 PMH088 STE048 SLG082 SMH089 SFR031 DRV061
TE8FFF6523E1C6EB,PTE047 PLG083 PMH087 STE048 SLG084 SMH088 SFR029 DRV062
TECC5CA130434E03,PTE047 PLG082 PMH087 STE049 SLG083 SMH088 SFR029 DRV062
TEFBF78ABABD2068,PTE047 PLG083 PMH087 STE048 SLG084 SMH088 SFR029 DRV062
TE18A15E8B548DBF,PTE045 PLG081 PMH082 STE050 SLG081 SMH093 SFR030 DRV092
TE2A81E22262310E,PTE048 PLG083 PMH087 STE049 SLG082 SMH090 SFR030 DRV066
TE89DBFEBC96ABA1,PTE048 PLG083 PMH088 STE048 SLG083 SMH088 SFR030 DRV063
TE912103AFDCFD05,PTE047 PLG083 PMH083 STE051 SLG081 SMH093 SFR026 DRV084
TE7E0244A0265BAA,PTE042 PLG080 PMH081 STE049 SLG079 SMH094 SFR033 DRV098
TEA64FC4F50560B7,PTE045 PLG083 PMH084 STE050 SLG081 SMH093 SFR030 DRV085
TEC817DE9923C140,PTE046 PLG083 PMH087 STE048 SLG084 SMH088 SFR029 DRV062
TE313895CCDB2336,PTE048 PLG083 PMH087 STE049 SLG082 SMH089 SFR028 DRV062
TE5A990C5F013727,PTE048 PLG083 PMH088 STE048 SLG082 SMH089 SFR030 DRV062
TE4BD656C4B90C0B,PTE044 PLG080 PMH081 STE049 SLG080 SMH093 SFR031 DRV089
TE4B0064FAFF8FE7,PTE045 PLG082 PMH085 STE049 SLG079 SMH090 SFR031 DRV073
TEFFDC6F7C11CB1D,PTE048 PLG084 PMH085 STE050 SLG084 SMH094 SFR027 DRV078
TEFC4657E535BD11,PTE048 PLG083 PMH085 STE050 SLG083 SMH093 SFR028 DRV077
TE59545E01EE9F7A,PTE041 PLG077 PMH077 STE048 SLG080 SMH095 SFR034 DRV111
TE52DA561A92AA2A,PTE046 PLG083 PMH087 STE048 SLG084 SMH088 SFR029 DRV062
TEAD250B215CED1C,PTE051 PLG099 PMH092 STE052 SLG098 SMH098 SFR018 DRV063
TEFDD6EC205E3E93,PTE047 PLG083 PMH087 STE049 SLG081 SMH089 SFR031 DRV066
TEA702A730A45896,PTE048 PLG084 PMH088 STE049 SLG082 SMH090 SFR030 DRV065
TE6E08F7A62051E7,PTE049 PLG085 PMH087 STE050 SLG086 SMH093 SFR027 DRV072
TE2E627ED49F8992,PTE046 PLG083 PMH087 STE048 SLG084 SMH088 SFR029 DRV062
TE46DBAA8F42C1D3,PTE037 PLG077 PMH076 STE049 SLG075 SMH095 SFR035 DRV120
TE5BB89867AA03FD,PTE048 PLG083 PMH088 STE049 SLG082 SMH089 SFR029 DRV062
TE1BD3F61CB23FAA,PTE047 PLG081 PMH083 STE051 SLG081 SMH093 SFR029 DRV084
TEEED7E7C341A8C3,PTE047 PLG083 PMH087 STE049 SLG083 SMH088 SFR029 DRV062
TE4347AC5A27C5BB,PTE046 PLG082 PMH087 STE049 SLG084 SMH088 SFR029 DRV062
TE943CE5ABA2C2FC,PTE048 PLG083 PMH088 STE050 SLG083 SMH091 SFR030 DRV066
TEDC18AD0555A959,PTE046 PLG082 PMH083 STE049 SLG080 SMH093 SFR029 DRV083
TE95E6C622D04985,PTE046 PLG081 PMH085 STE050 SLG079 SMH091 SFR031 DRV077
TEAB697BA4405F1B,PTE047 PLG082 PMH087 STE049 SLG083 SMH088 SFR029 DRV062
TE37698A7BC072D4,PTE043 PLG081 PMH079 STE050 SLG081 SMH096 SFR028 DRV100
TE69515151CD576D,PTE048 PLG082 PMH086 STE049 SLG080 SMH091 SFR030 DRV069
TE75C9CD69D5B933,PTE046 PLG081 PMH086 STE048 SLG081 SMH088 SFR032 DRV068
TE8BE47576CD94F9,PTE043 PLG081 PMH078 STE050 SLG077 SMH095 SFR030 DRV104
TE0C442C1CEA602F,PTE046 PLG083 PMH087 STE048 SLG083 SMH088 SFR029 DRV061
TED1B4235D0E15E7,PTE046 PLG083 PMH087 STE048 SLG083 SMH088 SFR029 DRV062
TE27A9E1E2D04CF4,PTE047 PLG081 PMH082 STE052 SLG080 SMH094 SFR030 DRV094
TEABD701D8525F86,PTE046 PLG083 PMH086 STE048 SLG084 SMH088 SFR029 DRV062
TE976FB4EA101CB5,PTE048 PLG085 PMH089 STE050 SLG086 SMH091 SFR030 DRV063
TE9056E9E89B9619,PTE048 PLG083 PMH089 STE048 SLG082 SMH089 SFR030 DRV061
TE4D8B1F993A7992,PTE045 PLG081 PMH084 STE050 SLG080 SMH092 SFR031 DRV082
TE0513700DF80445,PTE046 PLG083 PMH087 STE048 SLG083 SMH088 SFR029 DRV062
TEE0BD3C12641F60,PTE048 PLG083 PMH089 STE049 SLG083 SMH090 SFR030 DRV060
TEE58E4B83146AB7,PTE047 PLG083 PMH087 STE049 SLG083 SMH088 SFR029 DRV062
TE2B143FD084018F,PTE047 PLG083 PMH086 STE048 SLG084 SMH088 SFR028 DRV062
TE0E1AD663C6EC2E,PTE047 PLG083 PMH087 STE048 SLG084 SMH088 SFR029 DRV062
TEC7C6F9D133D99D,PTE046 PLG082 PMH087 STE048 SLG084 SMH088 SFR029 DRV062
TE00C78971618F17,PTE045 PLG081 PMH083 STE050 SLG079 SMH092 SFR031 DRV088
TEE45CA80A40C3D6,PTE047 PLG082 PMH081 STE052 SLG082 SMH095 SFR026 DRV096
TE5C12986CEDF033,PTE048 PLG082 PMH087 STE049 SLG081 SMH090 SFR030 DRV066
TE3FF83ADF477D26,PTE046 PLG082 PMH087 STE048 SLG084 SMH088 SFR029 DRV063
TEDC91C0B2D7ECD4,PTE047 PLG082 PMH085 STE050 SLG081 SMH092 SFR029 DRV077
TEEBBDB90DB32BBC,PTE046 PLG080 PMH083 STE049 SLG080 SMH092 SFR030 DRV081
TEED46CE2E64EC4B,PTE047 PLG083 PMH086 STE048 SLG084 SMH088 SFR029 DRV062
TE69D68A84BAE5BF,PTE047 PLG083 PMH086 STE048 SLG084 SMH088 SFR029 DRV062
TEA5C5F385AA4148,PTE047 PLG083 PMH084 STE050 SLG081 SMH092 SFR030 DRV081
TE26BFF821C41C2D,PTE045 PLG081 PMH084 STE049 SLG079 SMH091 SFR032 DRV082
TE6CE9BDB0EF4227,PTE047 PLG084 PMH085 STE052 SLG085 SMH094 SFR027 DRV083
TE9CB21E6CA8BF49,PTE046 PLG083 PMH087 STE048 SLG084 SMH088 SFR029 DRV062
TEE7420FE3632CE8,PTE045 PLG081 PMH082 STE051 SLG080 SMH092 SFR031 DRV089
TED75E72D91744DF,PTE046 PLG081 PMH087 STE048 SLG082 SMH088 SFR032 DRV066
TE9792B524610C45,PTE045 PLG086 PMH087 STE050 SLG089 SMH095 SFR028 DRV079
TE17F9E5B883D22B,PTE046 PLG083 PMH087 STE048 SLG083 SMH088 SFR029 DRV062
TE15FF530DC6ED50,PTE044 PLG080 PMH080 STE051 SLG080 SMH093 SFR029 DRV096
TE72139C01BD8097,PTE047 PLG083 PMH087 STE049 SLG081 SMH090 SFR031 DRV068
TEDC65442081CF34,PTE047 PLG083 PMH087 STE049 SLG083 SMH088 SFR029 DRV062
TE2C59AFC3BF3EF1,PTE048 PLG085 PMH090 STE049 SLG082 SMH090 SFR026 DRV058
TE1EB9C5A77982C8,PTE047 PLG081 PMH086 STE049 SLG080 SMH090 SFR031 DRV068
TEF7BAA2408515FD,PTE048 PLG083 PMH087 STE050 SLG083 SMH090 SFR029 DRV069
TE8F69BC2ECF593B,PTE046 PLG083 PMH087 STE048 SLG084 SMH088 SFR029 DRV062
TE327F9EB2B96B31,PTE046 PLG083 PMH087 STE048 SLG084 SMH088 SFR029 DRV062
TE81BC11C0BF398E,PTE044 PLG087 PMH086 STE050 SLG089 SMH096 SFR028 DRV085
TED653A0BC9637E2,PTE046 PLG083 PMH085 STE049 SLG081 SMH091 SFR030 DRV080
TEA945C7C77C108B,PTE046 PLG082 PMH087 STE048 SLG084 SMH088 SFR029 DRV062
TE09D05AFB8921F5,PTE046 PLG081 PMH084 STE049 SLG080 SMH092 SFR030 DRV079
TEAE04116A049BE4,PTE047 PLG083 PMH087 STE048 SLG084 SMH088 SFR029 DRV062
TE505A26A92423FB,PTE047 PLG083 PMH086 STE048 SLG084 SMH088 SFR028 DRV062
TEAAA900150B0AC2,PTE047 PLG083 PMH087 STE048 SLG084 SMH088 SFR029 DRV062
TE017DA4BD660CA8,PTE047 PLG082 PMH084 STE050 SLG080 SMH092 SFR030 DRV080
TEA7BDCF9EE2E466,PTE048 PLG083 PMH087 STE049 SLG081 SMH090 SFR030 DRV066
TE62881AB804E0AF,PTE046 PLG083 PMH087 STE048 SLG083 SMH088 SFR029 DRV062
TEFFD8563150DAC9,PTE047 PLG083 PMH086 STE048 SLG084 SMH088 SFR028 DRV062
TE4C09DE1DC5DAF5,PTE046 PLG083 PMH087 STE048 SLG084 SMH088 SFR029 DRV062
TE97AEC240122DE9,PTE048 PLG083 PMH085 STE051 SLG084 SMH093 SFR027 DRV076
TE208589F0FA7FED,PTE043 PLG080 PMH082 STE050 SLG078 SMH092 SFR032 DRV091
TE63914512D7A11B,PTE048 PLG084 PMH089 STE049 SLG084 SMH090 SFR029 DRV062
TED9A4E9D2DA95A4,PTE047 PLG083 PMH086 STE048 SLG084 SMH088 SFR029 DRV062
TE72691832DFC3B7,PTE044 PLG083 PMH084 STE050 SLG082 SMH093 SFR031 DRV089
TE27930AAA2F29C5,PTE046 PLG081 PMH081 STE050 SLG080 SMH094 SFR028 DRV091
TE01CB31D2965BF5,PTE046 PLG082 PMH087 STE049 SLG084 SMH088 SFR029 DRV062
TE5D891C46CFC0FA,PTE047 PLG081 PMH083 STE049 SLG078 SMH089 SFR031 DRV075
TE9E0262AB537FDF,PTE046 PLG082 PMH085 STE049 SLG080 SMH091 SFR031 DRV076
TEDFB09DD8876739,PTE042 PLG084 PMH083 STE048 SLG081 SMH093 SFR031 DRV081
TE5B37B0F12E89F3,PTE047 PLG083 PMH086 STE049 SLG082 SMH091 SFR030 DRV072
TE09379DA0C24C32,PTE047 PLG083 PMH087 STE049 SLG083 SMH088 SFR029 DRV061
TEB7710B1FA4D3AA,PTE046 PLG083 PMH087 STE049 SLG084 SMH088 SFR029 DRV062
TE9966BBA9BC1E07,PTE047 PLG083 PMH087 STE049 SLG083 SMH088 SFR029 DRV062
TE2B92CA61AE35F2,PTE048 PLG083 PMH088 STE049 SLG083 SMH090 SFR030 DRV064
TE2B13FBF43BD5A5,PTE047 PLG082 PMH086 STE050 SLG081 SMH091 SFR030 DRV071
TEA421A70D88CC45,PTE045 PLG079 PMH084 STE048 SLG078 SMH089 SFR034 DRV074
TE6E89CCEC525F5C,PTE048 PLG083 PMH086 STE049 SLG081 SMH091 SFR029 DRV074
TEE1F4A9CCA98D7C,PTE047 PLG083 PMH087 STE049 SLG083 SMH088 SFR029 DRV062
TEB52E0C9ACD45F1,PTE047 PLG082 PMH087 STE049 SLG083 SMH088 SFR029 DRV062
TEFE81C9ECCB5140,PTE046 PLG082 PMH085 STE049 SLG080 SMH091 SFR030 DRV077
TE9940A9865ACA55,PTE047 PLG082 PMH084 STE049 SLG079 SMH091 SFR031 DRV080
TEE3702A4DA4958D,PTE046 PLG083 PMH087 STE048 SLG083 SMH088 SFR029 DRV062
TE7DF3662687B788,PTE046 PLG083 PMH087 STE048 SLG083 SMH088 SFR029 DRV062
TE6A37F50AA14313,PTE048 PLG085 PMH085 STE051 SLG087 SMH095 SFR026 DRV080
TE6420F44865B1A7,PTE048 PLG084 PMH086 STE050 SLG084 SMH092 SFR028 DRV073
TE970D00959C870B,PTE046 PLG082 PMH087 STE048 SLG084 SMH088 SFR030 DRV063
TE6793D9870A4AF2,PTE046 PLG083 PMH087 STE048 SLG084 SMH088 SFR029 DRV062
TEAB08A4CBD35CAF,PTE047 PLG083 PMH085 STE050 SLG082 SMH092 SFR029 DRV078
TEBFA9775B9313C5,PTE046 PLG082 PMH087 STE049 SLG083 SMH088 SFR029 DRV062
TEE57C4AA03A4215,PTE047 PLG083 PMH087 STE049 SLG083 SMH088 SFR029 DRV061
TE5E44E66FFCB709,PTE046 PLG082 PMH085 STE049 SLG081 SMH092 SFR031 DRV078
TEC5C8B59C76B8FF,PTE047 PLG083 PMH087 STE049 SLG083 SMH088 SFR029 DRV061
TE8445DC63E284F1,PTE043 PLG089 PMH081 STE052 SLG089 SMH101 SFR022 DRV109
TEB04EE430F5D8A3,PTE047 PLG083 PMH087 STE049 SLG083 SMH088 SFR029 DRV061
TEA14D1083F29270,PTE042 PLG080 PMH084 STE048 SLG078 SMH091 SFR034 DRV083
TEE3D3CECF59E062,PTE048 PLG084 PMH087 STE049 SLG079 SMH089 SFR027 DRV059
TED08AB8EB8AEE6C,PTE047 PLG083 PMH085 STE050 SLG082 SMH092 SFR030 DRV081
TEC6C1F949E7B0D2,PTE046 PLG082 PMH087 STE048 SLG084 SMH088 SFR029 DRV063
TEA17BDC703D5B7E,PTE047 PLG083 PMH087 STE048 SLG084 SMH088 SFR029 DRV062
TEB1A196107B7DA7,PTE047 PLG083 PMH087 STE048 SLG084 SMH088 SFR029 DRV062
TE7DB7B6F6473B96,PTE046 PLG082 PMH087 STE048 SLG084 SMH088 SFR030 DRV063
TEDC12E10B32091E,PTE047 PLG083 PMH087 STE049 SLG083 SMH088 SFR029 DRV061
TE905D967111EE09,PTE047 PLG083 PMH087 STE048 SLG083 SMH088 SFR029 DRV062
TE4FF25BD38016C9,PTE047 PLG088 PMH086 STE052 SLG090 SMH097 SFR025 DRV084
TE5F28210533304C,PTE046 PLG083 PMH087 STE048 SLG084 SMH088 SFR029 DRV062
TEE9D316507F89B2,PTE046 PLG082 PMH087 STE048 SLG084 SMH088 SFR029 DRV063
TEC8F37AAD4568F1,PTE045 PLG081 PMH078 STE051 SLG081 SMH097 SFR027 DRV102
TE08280DE17ADD2D,PTE048 PLG082 PMH086 STE049 SLG081 SMH091 SFR029 DRV071
TE995C83290B6143,PTE046 PLG083 PMH084 STE050 SLG083 SMH094 SFR028 DRV082
TEDE8156BA30876A,PTE046 PLG083 PMH086 STE048 SLG084 SMH088 SFR029 DRV062
TE74BA344A823C67,PTE045 PLG081 PMH082 STE050 SLG080 SMH093 SFR029 DRV085
TE886F4A81BF0D6E,PTE050 PLG085 PMH089 STE050 SLG085 SMH090 SFR028 DRV067
TE2556998116E052,PTE046 PLG083 PMH086 STE048 SLG084 SMH088 SFR029 DRV062
TEA25B24094C6044,PTE048 PLG088 PMH086 STE053 SLG091 SMH097 SFR022 DRV083
TEAB5043EB62F14C,PTE048 PLG084 PMH086 STE050 SLG085 SMH094 SFR026 DRV077
TE07FC83FFAD62B8,PTE047 PLG079 PMH084 STE049 SLG078 SMH090 SFR033 DRV078
TE32A344D2E27207,PTE044 PLG078 PMH080 STE050 SLG077 SMH092 SFR032 DRV093
TE6FFBF19349A618,PTE046 PLG082 PMH087 STE048 SLG083 SMH088 SFR029 DRV062
TEE9EBCCD1F4618F,PTE047 PLG082 PMH084 STE050 SLG082 SMH092 SFR028 DRV082
TE903B85F00639D3,PTE045 PLG082 PMH082 STE049 SLG079 SMH092 SFR031 DRV087
TE3BC3728D8A7085,PTE045 PLG080 PMH081 STE051 SLG080 SMH093 SFR029 DRV090
TE974D2E0A54DE48,PTE049 PLG084 PMH089 STE050 SLG081 SMH090 SFR027 DRV058
TE3F6BFAF2991275,PTE047 PLG083 PMH087 STE048 SLG084 SMH088 SFR029 DRV062
TE202AFFCB3685BE,PTE045 PLG081 PMH082 STE050 SLG080 SMH093 SFR030 DRV089
TEE08AD4544DD0F7,PTE047 PLG083 PMH086 STE048 SLG084 SMH088 SFR029 DRV062
TEB6DE507A317973,PTE047 PLG082 PMH086 STE049 SLG080 SMH090 SFR030 DRV071
TEC8AC9AEFF584CA,PTE046 PLG082 PMH087 STE048 SLG084 SMH088 SFR029 DRV062
TE7B7F1F9A3245AB,PTE046 PLG081 PMH087 STE048 SLG084 SMH088 SFR031 DRV063
TEBFBBA824416ADF,PTE046 PLG081 PMH087 STE048 SLG084 SMH088 SFR032 DRV064
TE179425962C2E3B,PTE047 PLG081 PMH082 STE051 SLG083 SMH095 SFR028 DRV090
TE97B4B1B2556BD8,PTE047 PLG087 PMH082 STE052 SLG089 SMH100 SFR021 DRV100
TE808E3149B8C33B,PTE047 PLG083 PMH084 STE052 SLG082 SMH093 SFR028 DRV083
TED83B1880FE4DB3,PTE048 PLG086 PMH084 STE053 SLG088 SMH096 SFR024 DRV085
TEB4909CE3B702CF,PTE046 PLG080 PMH084 STE049 SLG078 SMH090 SFR032 DRV075
TE4521AC688991D2,PTE043 PLG083 PMH080 STE051 SLG082 SMH096 SFR028 DRV104
TE07A3BF313D8349,PTE047 PLG083 PMH087 STE048 SLG084 SMH088 SFR028 DRV062
TED69AD37A52F2C7,PTE046 PLG083 PMH086 STE048 SLG084 SMH088 SFR029 DRV062
TEA510F66C90E6FA,PTE047 PLG086 PMH084 STE052 SLG088 SMH097 SFR024 DRV089
TEBB415E55131338,PTE048 PLG083 PMH088 STE049 SLG082 SMH089 SFR029 DRV063
TE8319EE531572FB,PTE048 PLG085 PMH087 STE050 SLG086 SMH093 SFR027 DRV071
TE49F777B1A42B2D,PTE044 PLG082 PMH083 STE048 SLG078 SMH091 SFR032 DRV082
TEED632B8C242F02,PTE047 PLG083 PMH087 STE049 SLG083 SMH088 SFR029 DRV062
TEE4C7B454328325,PTE047 PLG083 PMH087 STE049 SLG083 SMH088 SFR029 DRV062
TE67238467A20DE9,PTE047 PLG082 PMH083 STE050 SLG080 SMH092 SFR029 DRV080
TE1C7181712E112C,PTE046 PLG083 PMH087 STE048 SLG084 SMH088 SFR029 DRV062
TE161652872479C1,PTE046 PLG082 PMH087 STE049 SLG084 SMH088 SFR029 DRV062
TE75D84EAABD7EF1,PTE047 PLG082 PMH087 STE049 SLG083 SMH088 SFR029 DRV062
TEB1EEA49CFBC343,PTE049 PLG084 PMH088 STE049 SLG080 SMH089 SFR027 DRV059
TEEA2D38C4F2BA29,PTE046 PLG083 PMH087 STE048 SLG084 SMH088 SFR028 DRV062
TE1AE28938D1593E,PTE047 PLG082 PMH087 STE049 SLG083 SMH088 SFR030 DRV063
TE812F5E5FF0A71B,PTE045 PLG081 PMH087 STE048 SLG083 SMH088 SFR032 DRV065
TEDF47748B472E8C,PTE045 PLG081 PMH087 STE047 SLG084 SMH088 SFR031 DRV063
TE1D30E1DC47A81C,PTE047 PLG082 PMH086 STE049 SLG081 SMH091 SFR029 DRV069
TEAE0FE5F2C203B1,PTE045 PLG081 PMH087 STE048 SLG084 SMH088 SFR031 DRV063
TE20A79510F6232B,PTE047 PLG082 PMH084 STE050 SLG081 SMH091 SFR029 DRV076
TE4B8E6B79DA142B,PTE039 PLG078 PMH078 STE047 SLG076 SMH092 SFR034 DRV097
TEF12384186054FD,PTE044 PLG088 PMH082 STE052 SLG089 SMH099 SFR022 DRV100
TE50880CA701D60D,PTE047 PLG082 PMH087 STE049 SLG083 SMH088 SFR029 DRV062
TE2C55FFB70C2A0D,PTE047 PLG081 PMH083 STE049 SLG080 SMH092 SFR028 DRV079
TEF43E2E967E9C9E,PTE046 PLG082 PMH087 STE048 SLG084 SMH088 SFR029 DRV062
TEBAEA96CBCF25A9,PTE048 PLG082 PMH076 STE056 SLG086 SMH101 SFR019 DRV113
TEC2FB80CC407656,PTE048 PLG083 PMH087 STE050 SLG082 SMH091 SFR029 DRV069
TE6D43BD208FFA5A,PTE046 PLG082 PMH087 STE049 SLG083 SMH088 SFR029 DRV062
TED3C513A70DDBE1,PTE046 PLG083 PMH087 STE048 SLG083 SMH088 SFR029 DRV062
TEF62B9C76E03367,PTE046 PLG083 PMH087 STE048 SLG084 SMH088 SFR029 DRV062
TE9CFB0515094789,PTE048 PLG085 PMH086 STE051 SLG085 SMH093 SFR029 DRV080
TEBEAC71DC3B8E4A,PTE048 PLG084 PMH085 STE051 SLG086 SMH095 SFR026 DRV081
TED319BDD878D52C,PTE048 PLG082 PMH087 STE049 SLG081 SMH090 SFR031 DRV067
TEBD0C562FB4C640,PTE041 PLG080 PMH079 STE049 SLG079 SMH095 SFR034 DRV106
TE1EAF5E10B77E92,PTE047 PLG083 PMH087 STE049 SLG083 SMH088 SFR029 DRV061
TE7E23C5C12BC81E,PTE046 PLG081 PMH084 STE049 SLG080 SMH091 SFR031 DRV079
TEEAF4F5158BD089,PTE047 PLG081 PMH083 STE050 SLG082 SMH093 SFR027 DRV081
TE5F6BDCAD5649ED,PTE045 PLG083 PMH085 STE049 SLG082 SMH091 SFR031 DRV076
TEB69D42D0C206FE,PTE048 PLG082 PMH088 STE049 SLG082 SMH089 SFR031 DRV065
TEF09882DC961724,PTE047 PLG082 PMH087 STE049 SLG083 SMH088 SFR029 DRV062
TE99202AC09EC881,PTE048 PLG081 PMH083 STE051 SLG081 SMH093 SFR028 DRV081
TE5D31E6E0D6AD14,PTE046 PLG081 PMH087 STE048 SLG084 SMH088 SFR031 DRV063
TE63223B16A6B9D5,PTE046 PLG083 PMH087 STE049 SLG083 SMH088 SFR029 DRV062
TE4DE078CCB4E98C,PTE043 PLG079 PMH076 STE051 SLG078 SMH096 SFR029 DRV107
TEBB34B694053571,PTE046 PLG083 PMH087 STE048 SLG083 SMH088 SFR029 DRV062
TE271DF479CCB61E,PTE049 PLG084 PMH087 STE049 SLG081 SMH089 SFR028 DRV062
TEB3C6C613FEB091,PTE046 PLG083 PMH086 STE048 SLG084 SMH088 SFR029 DRV062
TEE9348CF3DFEF48,PTE048 PLG083 PMH087 STE049 SLG082 SMH089 SFR029 DRV062
TED3A800FD0F25FF,PTE047 PLG082 PMH082 STE051 SLG082 SMH094 SFR027 DRV082
TEC7BCBA277DFF31,PTE046 PLG082 PMH085 STE050 SLG081 SMH091 SFR032 DRV077
TE2D03AC8DBE7876,PTE046 PLG082 PMH087 STE048 SLG084 SMH088 SFR029 DRV062
TE32BC6BB04826C2,PTE049 PLG084 PMH088 STE049 SLG081 SMH089 SFR028 DRV059
TEA08A148063A5D3,PTE047 PLG083 PMH087 STE048 SLG084 SMH088 SFR028 DRV062
TEF9BCC2B7C76058,PTE046 PLG083 PMH087 STE048 SLG084 SMH088 SFR029 DRV062
TEB7F07402D6081F,PTE047 PLG083 PMH087 STE049 SLG083 SMH088 SFR029 DRV062
TEA0E4CEBFD8CEDF,PTE046 PLG083 PMH087 STE048 SLG084 SMH088 SFR029 DRV062
TE2CE49AB71983E9,PTE047 PLG083 PMH087 STE049 SLG083 SMH088 SFR029 DRV062
TE68334407F4145C,PTE047 PLG081 PMH084 STE050 SLG081 SMH092 SFR029 DRV078
TEA118356D485E16,PTE044 PLG081 PMH083 STE048 SLG079 SMH091 SFR033 DRV084
TEB18FBADC4DF233,PTE045 PLG082 PMH084 STE050 SLG082 SMH093 SFR030 DRV082
TE2B58FCE9021A49,PTE047 PLG082 PMH087 STE049 SLG083 SMH088 SFR029 DRV062
TE3A1F970FC2A79E,PTE046 PLG083 PMH087 STE049 SLG084 SMH088 SFR029 DRV062
TEB449FAFA0124D8,PTE046 PLG082 PMH087 STE049 SLG084 SMH088 SFR029 DRV062
TEC6BC9C20EE82B0,PTE047 PLG083 PMH087 STE049 SLG083 SMH088 SFR029 DRV062
TE514CE5AAE04525,PTE046 PLG083 PMH087 STE048 SLG084 SMH088 SFR029 DRV062
TE41931EFC839194,PTE047 PLG082 PMH086 STE049 SLG080 SMH091 SFR031 DRV072
TE4A658B116EF5CF,PTE046 PLG083 PMH087 STE048 SLG084 SMH088 SFR029 DRV062
TEB9259730970F18,PTE048 PLG083 PMH088 STE049 SLG082 SMH090 SFR031 DRV067
TEA50B9C1D797C9C,PTE047 PLG083 PMH086 STE048 SLG084 SMH088 SFR028 DRV062
TECFE3AF7906A977,PTE046 PLG082 PMH087 STE048 SLG084 SMH088 SFR029 DRV062
TE704821AC809BE7,PTE045 PLG081 PMH086 STE048 SLG083 SMH088 SFR032 DRV067
TE0E8053E767C1F3,PTE045 PLG083 PMH083 STE050 SLG083 SMH094 SFR029 DRV087
TECA77D06D1B00EE,PTE047 PLG083 PMH087 STE049 SLG083 SMH088 SFR029 DRV061
TE3C9D4CFF4077C2,PTE047 PLG083 PMH087 STE049 SLG082 SMH091 SFR030 DRV067
TE4235AE7D608742,PTE046 PLG083 PMH087 STE048 SLG083 SMH088 SFR029 DRV061
TE8829C2F9ACEDE8,PTE046 PLG083 PMH087 STE048 SLG084 SMH088 SFR029 DRV062
TEB88164D5064647,PTE049 PLG083 PMH088 STE049 SLG080 SMH089 SFR028 DRV058
TE2B7FF0AF683509,PTE046 PLG083 PMH087 STE048 SLG084 SMH088 SFR029 DRV062
TE79482889E7493E,PTE046 PLG082 PMH087 STE048 SLG084 SMH088 SFR029 DRV063
TE5E7812B1EA9D36,PTE047 PLG083 PMH087 STE049 SLG082 SMH089 SFR029 DRV061
TE5FB47A9B656C40,PTE043 PLG081 PMH076 STE051 SLG080 SMH098 SFR028 DRV115
TE099B1A4C72DD6F,PTE047 PLG082 PMH085 STE050 SLG081 SMH091 SFR029 DRV076
TEA0A220AE32FF8E,PTE047 PLG087 PMH086 STE050 SLG086 SMH095 SFR028 DRV080
TEDCE1FCF065D456,PTE047 PLG082 PMH084 STE051 SLG081 SMH093 SFR029 DRV084
TE5A425E76A1DC99,PTE045 PLG083 PMH081 STE050 SLG081 SMH095 SFR028 DRV095
TEF36DC2C82B8F73,PTE049 PLG083 PMH088 STE049 SLG082 SMH089 SFR029 DRV060
TE0FB53950B63473,PTE048 PLG083 PMH084 STE050 SLG082 SMH093 SFR026 DRV079
TE533504A37C9E4F,PTE046 PLG082 PMH086 STE049 SLG080 SMH090 SFR030 DRV071
TE0F7B152B067E19,PTE049 PLG084 PMH089 STE049 SLG084 SMH089 SFR029 DRV061
TEA1631417907C69,PTE047 PLG082 PMH087 STE049 SLG083 SMH088 SFR029 DRV061
TE1701B791BE4651,PTE047 PLG083 PMH087 STE049 SLG083 SMH088 SFR029 DRV061
TE27A117E3E68ED9,PTE047 PLG083 PMH086 STE048 SLG084 SMH088 SFR029 DRV062
TE12370EFD6BAADF,PTE048 PLG083 PMH088 STE049 SLG083 SMH091 SFR030 DRV065
TE03FB7363AB97DB,PTE046 PLG082 PMH087 STE049 SLG083 SMH088 SFR029 DRV062
TE3628C05041BC96,PTE048 PLG083 PMH088 STE049 SLG083 SMH090 SFR030 DRV064
TE05097F3508E1DB,PTE047 PLG083 PMH087 STE048 SLG084 SMH088 SFR029 DRV062
TEA982A3D8DA4FB3,PTE046 PLG082 PMH087 STE048 SLG084 SMH088 SFR029 DRV062
TE116CE6DFAA25DF,PTE046 PLG083 PMH087 STE048 SLG084 SMH088 SFR029 DRV062
TED2EDC66F4635DF,PTE048 PLG083 PMH087 STE050 SLG084 SMH091 SFR029 DRV069
TEDF22416468591D,PTE046 PLG083 PMH086 STE048 SLG084 SMH088 SFR028 DRV062
TE325418E20EA226,PTE047 PLG083 PMH086 STE048 SLG084 SMH088 SFR028 DRV062
TE617406B96CF788,PTE046 PLG081 PMH087 STE048 SLG084 SMH088 SFR031 DRV063
TE95AD733F454C66,PTE044 PLG084 PMH083 STE051 SLG084 SMH095 SFR030 DRV099
TECB088B0EB0CC5F,PTE046 PLG082 PMH087 STE049 SLG083 SMH088 SFR029 DRV062
TE2FDF20B516C0FE,PTE048 PLG083 PMH088 STE049 SLG081 SMH089 SFR031 DRV065
TE1910CC98CEFF95,PTE043 PLG083 PMH084 STE049 SLG082 SMH093 SFR030 DRV083
TE1F863BA60919CE,PTE046 PLG084 PMH085 STE051 SLG083 SMH093 SFR029 DRV084
TE2DB4A518F13245,PTE049 PLG085 PMH086 STE051 SLG087 SMH094 SFR026 DRV076
TEB69618A126124D,PTE046 PLG081 PMH085 STE049 SLG080 SMH092 SFR031 DRV077
TEFBAACCC34B28D6,PTE049 PLG084 PMH087 STE049 SLG080 SMH089 SFR028 DRV061
TEE3FBD519B95E4A,PTE046 PLG080 PMH082 STE050 SLG080 SMH092 SFR030 DRV085
TE84D1A0EEFBED65,PTE047 PLG082 PMH083 STE051 SLG081 SMH093 SFR028 DRV088
TEF55A903DAA548D,PTE048 PLG084 PMH089 STE049 SLG084 SMH090 SFR029 DRV060
TE3DF5AF908339D1,PTE048 PLG084 PMH084 STE051 SLG085 SMH094 SFR025 DRV081
TE1E1CE63FC56ACD,PTE047 PLG083 PMH087 STE049 SLG083 SMH088 SFR029 DRV062
TEABB9E2B8827BAF,PTE048 PLG083 PMH088 STE050 SLG082 SMH090 SFR031 DRV063
TE7DD08CECFEB4D8,PTE044 PLG080 PMH083 STE050 SLG078 SMH091 SFR032 DRV085
TE5DEAC35C06787F,PTE047 PLG083 PMH087 STE048 SLG084 SMH088 SFR029 DRV062
TEED7F453D076A44,PTE046 PLG082 PMH086 STE049 SLG080 SMH091 SFR031 DRV074
TEC5489917E2F069,PTE046 PLG082 PMH082 STE050 SLG081 SMH093 SFR028 DRV085
TE9B047EC25D1D13,PTE048 PLG084 PMH086 STE050 SLG084 SMH092 SFR026 DRV073
TE08042C0663DE26,PTE045 PLG080 PMH080 STE050 SLG079 SMH094 SFR028 DRV093
TEAE7E5DB5EA235B,PTE047 PLG083 PMH086 STE048 SLG084 SMH088 SFR029 DRV062
TE36D97BD02509AA,PTE047 PLG082 PMH087 STE049 SLG083 SMH088 SFR029 DRV062
TE57057E8107105B,PTE046 PLG082 PMH081 STE050 SLG080 SMH094 SFR029 DRV092
TE0918D842D09926,PTE047 PLG083 PMH085 STE050 SLG081 SMH092 SFR029 DRV080
TEFB3BD4565EEDD4,PTE045 PLG079 PMH084 STE048 SLG078 SMH088 SFR034 DRV074
TE01CEAE54CEEAAC,PTE046 PLG082 PMH087 STE048 SLG084 SMH088 SFR029 DRV063
TEDF51F1A909D54E,PTE046 PLG083 PMH086 STE048 SLG084 SMH088 SFR029 DRV062
TE9ECAE9C5E5AB67,PTE047 PLG083 PMH086 STE048 SLG084 SMH088 SFR028 DRV062
TEF5B1D0C561C016,PTE045 PLG084 PMH084 STE049 SLG083 SMH094 SFR028 DRV083
TE6BA4F6440167C1,PTE044 PLG081 PMH079 STE050 SLG080 SMH095 SFR028 DRV103
TE58A79264DAED10,PTE049 PLG084 PMH089 STE049 SLG082 SMH090 SFR027 DRV059
TEDCEE6E9F4FDF14,PTE047 PLG083 PMH086 STE048 SLG084 SMH088 SFR029 DRV062
TE38BB90D24887F2,PTE047 PLG089 PMH088 STE051 SLG088 SMH095 SFR026 DRV076
TE903B62AEC0B97C,PTE047 PLG083 PMH087 STE048 SLG084 SMH088 SFR029 DRV062
TEEF86FA8EA2A3BB,PTE047 PLG082 PMH086 STE050 SLG082 SMH091 SFR030 DRV071
TE0298E436E84415,PTE047 PLG082 PMH087 STE048 SLG083 SMH088 SFR029 DRV062
TE369A9ACA460DE8,PTE047 PLG083 PMH084 STE049 SLG082 SMH093 SFR029 DRV080
TE63482AFCDFD395,PTE048 PLG084 PMH087 STE050 SLG084 SMH092 SFR028 DRV070
TE3EBAF82D31129B,PTE047 PLG082 PMH087 STE049 SLG083 SMH088 SFR029 DRV062
TE9273C26DE57E44,PTE046 PLG083 PMH087 STE049 SLG084 SMH088 SFR029 DRV062
TE322572579AE05E,PTE043 PLG080 PMH082 STE048 SLG077 SMH091 SFR032 DRV084
TE897447D3B7C146,PTE048 PLG083 PMH087 STE049 SLG082 SMH089 SFR029 DRV063
TEC912E7BE61A5A9,PTE048 PLG083 PMH087 STE049 SLG082 SMH089 SFR028 DRV062
TEAC50D5F2C56F30,PTE047 PLG082 PMH087 STE049 SLG083 SMH088 SFR029 DRV062
TE05301BDF9FA802,PTE046 PLG082 PMH086 STE049 SLG080 SMH090 SFR031 DRV072
TEF9A4419887E278,PTE046 PLG083 PMH087 STE048 SLG083 SMH088 SFR029 DRV062
TE94777EB7C42694,PTE046 PLG083 PMH085 STE050 SLG082 SMH092 SFR028 DRV077
TEE703DEE4C47CE7,PTE047 PLG082 PMH088 STE048 SLG081 SMH089 SFR029 DRV062
TE76021EED6D0F18,PTE047 PLG083 PMH087 STE049 SLG083 SMH088 SFR029 DRV062
TE9CA6E634BBE194,PTE046 PLG081 PMH087 STE048 SLG084 SMH088 SFR031 DRV063
TE77F5BE87C59B94,PTE046 PLG083 PMH087 STE048 SLG083 SMH088 SFR029 DRV061
TEC4F099D1C3E05E,PTE048 PLG084 PMH088 STE050 SLG084 SMH092 SFR029 DRV068
TE41261BA5E2BA2E,PTE048 PLG087 PMH083 STE053 SLG088 SMH098 SFR022 DRV094
TE66AA55E17BFC5C,PTE047 PLG082 PMH085 STE050 SLG080 SMH091 SFR031 DRV076
TE45A7A88FCB53C8,PTE047 PLG083 PMH087 STE048 SLG084 SMH088 SFR029 DRV062
TE312546062390ED,PTE047 PLG082 PMH085 STE050 SLG081 SMH091 SFR030 DRV076
TEA05C93020CCDAC,PTE048 PLG083 PMH086 STE049 SLG082 SMH091 SFR029 DRV072
TEB11D6A6089D3F3,PTE045 PLG082 PMH078 STE052 SLG083 SMH098 SFR024 DRV106
TE0CDDC9DEC50EB5,PTE046 PLG083 PMH087 STE048 SLG084 SMH088 SFR029 DRV062
TE223EA39D4BC7CA,PTE046 PLG081 PMH084 STE049 SLG080 SMH092 SFR030 DRV080
TE1E7F3648E1CC1D,PTE048 PLG083 PMH087 STE049 SLG082 SMH089 SFR029 DRV063
TE74917A1ED83A90,PTE046 PLG083 PMH087 STE048 SLG084 SMH088 SFR029 DRV062
TEDFE048E783DDD9,PTE047 PLG083 PMH088 STE048 SLG081 SMH089 SFR029 DRV060
TE9DEDE95B25D442,PTE048 PLG083 PMH086 STE050 SLG084 SMH092 SFR027 DRV072
TE3088366EB1EFC4,PTE046 PLG083 PMH087 STE048 SLG084 SMH088 SFR029 DRV062
TE2BA7815E7586B0,PTE044 PLG083 PMH083 STE050 SLG083 SMH094 SFR030 DRV089
TE756FDEB3675D07,PTE043 PLG082 PMH084 STE048 SLG081 SMH093 SFR032 DRV088
TE22C19F020A784E,PTE046 PLG083 PMH086 STE048 SLG084 SMH088 SFR028 DRV062
TE45FECFD51EB83B,PTE047 PLG083 PMH087 STE049 SLG083 SMH088 SFR029 DRV062
TE825F3F616D8A3E,PTE044 PLG086 PMH083 STE051 SLG088 SMH098 SFR025 DRV096
TE6B829786F563A3,PTE045 PLG078 PMH084 STE048 SLG077 SMH089 SFR035 DRV075
TE83882461FD4E77,PTE046 PLG082 PMH087 STE048 SLG084 SMH088 SFR029 DRV063
TE52DDECBBB5E2F1,PTE047 PLG083 PMH086 STE048 SLG084 SMH088 SFR029 DRV062
TE0DFF409113A584,PTE047 PLG083 PMH083 STE051 SLG082 SMH094 SFR028 DRV088
TE645EBF6F55023A,PTE042 PLG080 PMH081 STE049 SLG077 SMH092 SFR033 DRV101
TE3956D80033E849,PTE047 PLG085 PMH086 STE051 SLG086 SMH094 SFR027 DRV078
TE5B0924C376928B,PTE044 PLG077 PMH082 STE048 SLG077 SMH090 SFR034 DRV081
TE6CE2FAFEAADB07,PTE046 PLG082 PMH087 STE048 SLG083 SMH088 SFR029 DRV062
TEDE80E5E0CB011D,PTE047 PLG083 PMH086 STE050 SLG082 SMH091 SFR029 DRV076
TE4BF8BB605C6267,PTE049 PLG084 PMH087 STE049 SLG081 SMH089 SFR028 DRV061
TE69ED9BB10ED0C6,PTE047 PLG080 PMH084 STE050 SLG080 SMH092 SFR030 DRV079
TE24C24C79448B1F,PTE046 PLG082 PMH087 STE048 SLG084 SMH088 SFR029 DRV062
TED8FD0A7A68AC58,PTE046 PLG083 PMH086 STE048 SLG084 SMH088 SFR029 DRV062
TE00BFD6CB79B175,PTE047 PLG083 PMH086 STE048 SLG084 SMH088 SFR029 DRV062
TE608E284F3CCCD4,PTE046 PLG083 PMH087 STE048 SLG083 SMH088 SFR029 DRV062
TEA5B060A4F31EFE,PTE046 PLG083 PMH087 STE048 SLG083 SMH088 SFR029 DRV062
TEF368B4C8F3AC8A,PTE045 PLG080 PMH086 STE048 SLG081 SMH088 SFR033 DRV068
TE0732769AE8F1A0,PTE046 PLG083 PMH087 STE048 SLG084 SMH088 SFR029 DRV062
TE034825E191948E,PTE046 PLG082 PMH087 STE049 SLG084 SMH088 SFR029 DRV062
TECB6FB0B5E42A1B,PTE046 PLG083 PMH087 STE048 SLG084 SMH088 SFR029 DRV062
TEB4DC934F34FE53,PTE048 PLG083 PMH087 STE049 SLG082 SMH089 SFR029 DRV061
TE653CC4421E0F2D,PTE045 PLG081 PMH084 STE050 SLG080 SMH092 SFR031 DRV083
TE81545D8AB2D3E4,PTE048 PLG083 PMH088 STE048 SLG082 SMH089 SFR030 DRV060
TE892DAAD97A1C87,PTE046 PLG083 PMH087 STE048 SLG083 SMH088 SFR029 DRV062
TE2182BD248C728C,PTE045 PLG080 PMH084 STE048 SLG079 SMH092 SFR031 DRV080
TE1CAB5A73FFC1D9,PTE046 PLG081 PMH082 STE050 SLG081 SMH093 SFR028 DRV087
TE0D48C50107FC6E,PTE048 PLG082 PMH086 STE049 SLG081 SMH090 SFR030 DRV067
TE615014C21A7916,PTE047 PLG087 PMH084 STE053 SLG089 SMH098 SFR024 DRV091
TE815DC5F960DA95,PTE049 PLG087 PMH083 STE054 SLG092 SMH099 SFR018 DRV091
TE59867F88194214,PTE041 PLG079 PMH078 STE049 SLG079 SMH095 SFR031 DRV099
TE4B9B1197B06B5C,PTE046 PLG082 PMH087 STE048 SLG084 SMH088 SFR030 DRV063
TE47D635B87280FF,PTE046 PLG083 PMH087 STE048 SLG084 SMH088 SFR029 DRV062
TE81D0E67B46F4A7,PTE048 PLG086 PMH081 STE053 SLG090 SMH100 SFR019 DRV100
TE18DD4984E4298F,PTE046 PLG083 PMH087 STE048 SLG083 SMH088 SFR029 DRV062
TEC1B04A552744D1,PTE047 PLG082 PMH087 STE049 SLG083 SMH088 SFR029 DRV061
TEDDFA35FDDE2489,PTE048 PLG083 PMH087 STE049 SLG082 SMH088 SFR029 DRV061
TE6AE1875FE781BC,PTE046 PLG081 PMH083 STE050 SLG080 SMH093 SFR030 DRV085
TE2EE91CDAB98FD7,PTE047 PLG082 PMH087 STE049 SLG083 SMH088 SFR029 DRV062
TE177B3925F865E8,PTE048 PLG082 PMH086 STE050 SLG081 SMH091 SFR030 DRV069
TE0DB349DCE557C2,PTE047 PLG082 PMH087 STE049 SLG081 SMH090 SFR030 DRV066
TEEB2E85B629CB31,PTE046 PLG082 PMH087 STE049 SLG083 SMH088 SFR029 DRV062
TE1886312622CC4B,PTE039 PLG085 PMH079 STE051 SLG083 SMH099 SFR028 DRV112
TEBF2DC93C383D17,PTE046 PLG081 PMH087 STE048 SLG084 SMH088 SFR032 DRV063
TEEC33FE3D434A05,PTE046 PLG081 PMH083 STE049 SLG078 SMH091 SFR030 DRV083
TE36DABC145A5E36,PTE046 PLG081 PMH083 STE050 SLG080 SMH093 SFR031 DRV085
TE26F96C06272174,PTE047 PLG087 PMH085 STE052 SLG090 SMH097 SFR023 DRV088
TED29ACC5DB094FD,PTE046 PLG083 PMH087 STE048 SLG084 SMH088 SFR029 DRV062
TEB26DB56B0DBA41,PTE046 PLG081 PMH087 STE048 SLG083 SMH088 SFR033 DRV064
TE3020D83187ABCC,PTE046 PLG083 PMH087 STE048 SLG084 SMH088 SFR029 DRV062
TE84BC840507FA13,PTE049 PLG085 PMH088 STE050 SLG087 SMH093 SFR026 DRV070
TE63D890CBA0160D,PTE045 PLG080 PMH081 STE051 SLG079 SMH094 SFR030 DRV088
TEFD360210EB96E5,PTE046 PLG082 PMH087 STE048 SLG084 SMH088 SFR029 DRV062
TE3167B08689A0CE,PTE047 PLG082 PMH085 STE049 SLG079 SMH090 SFR030 DRV072
TE11BA7B01EE00DE,PTE046 PLG085 PMH086 STE051 SLG087 SMH094 SFR028 DRV077
TE41BB2E1295E83D,PTE046 PLG088 PMH080 STE054 SLG092 SMH103 SFR019 DRV107
TE58312152E73F7A,PTE046 PLG083 PMH086 STE048 SLG084 SMH088 SFR029 DRV062
TE7BDAD4CF188E32,PTE049 PLG084 PMH087 STE049 SLG081 SMH089 SFR028 DRV062
TE8064B484A0685F,PTE046 PLG083 PMH087 STE048 SLG084 SMH088 SFR029 DRV062
TE70AD85CB20EC83,PTE045 PLG080 PMH083 STE049 SLG079 SMH092 SFR032 DRV083
TE0AB48B77BB9743,PTE036 PLG074 PMH077 STE046 SLG076 SMH091 SFR039 DRV104
TE6FA93EFA3A525B,PTE047 PLG083 PMH086 STE048 SLG084 SMH088 SFR029 DRV062
TEAA62468AEF97A8,PTE047 PLG083 PMH086 STE048 SLG084 SMH088 SFR029 DRV062
TEDE920985B7709E,PTE046 PLG083 PMH087 STE048 SLG084 SMH088 SFR029 DRV062
TE6E72902817EBB5,PTE047 PLG082 PMH087 STE049 SLG083 SMH088 SFR030 DRV063
TE895F1ADB41C970,PTE047 PLG082 PMH086 STE049 SLG081 SMH091 SFR030 DRV072
TE692B85F37FD954,PTE046 PLG083 PMH087 STE048 SLG084 SMH088 SFR029 DRV062
TE6709D5896173BD,PTE047 PLG082 PMH085 STE049 SLG080 SMH091 SFR030 DRV073
TED91A1BD2AB49C1,PTE046 PLG083 PMH086 STE048 SLG084 SMH088 SFR029 DRV062
TEC485ABC6A195F4,PTE047 PLG083 PMH082 STE051 SLG084 SMH094 SFR026 DRV090
TE025B0514BC8C71,PTE046 PLG082 PMH087 STE049 SLG083 SMH088 SFR029 DRV062
TE1A8B34E8786019,PTE047 PLG083 PMH086 STE048 SLG084 SMH088 SFR028 DRV062
TE06E11E4EECF171,PTE038 PLG072 PMH077 STE046 SLG074 SMH091 SFR042 DRV103
TE3CB6A62EBC762D,PTE045 PLG081 PMH087 STE047 SLG084 SMH088 SFR031 DRV063
TE33A5A6CFF903B6,PTE046 PLG079 PMH084 STE048 SLG078 SMH089 SFR033 DRV073
TE4D6E5F10E99FD7,PTE046 PLG083 PMH086 STE048 SLG084 SMH088 SFR029 DRV062
TE1E12C86D9F73FB,PTE046 PLG083 PMH087 STE048 SLG084 SMH088 SFR029 DRV062
TE40E18D48CA63AD,PTE046 PLG081 PMH082 STE050 SLG081 SMH093 SFR029 DRV090
TE6BA3F50500651D,PTE037 PLG080 PMH079 STE047 SLG079 SMH096 SFR035 DRV112
TEC05AEA33BAB1DD,PTE048 PLG086 PMH088 STE052 SLG089 SMH094 SFR026 DRV070
TE52D0573CE7C6C5,PTE047 PLG084 PMH088 STE049 SLG081 SMH090 SFR030 DRV067
TEEAA9084F0DA7ED,PTE047 PLG083 PMH086 STE048 SLG084 SMH088 SFR028 DRV062
TED7AC56FE301D1E,PTE046 PLG083 PMH086 STE048 SLG084 SMH088 SFR028 DRV062
TEE8963C19F660E4,PTE046 PLG082 PMH087 STE048 SLG084 SMH088 SFR029 DRV062
TE2C0949C4C60758,PTE046 PLG083 PMH087 STE048 SLG083 SMH088 SFR029 DRV062
TEE2710273BC7E4C,PTE046 PLG081 PMH084 STE050 SLG080 SMH091 SFR030 DRV077
TED84DCFB7550F2B,PTE047 PLG082 PMH084 STE051 SLG081 SMH092 SFR029 DRV078
TED9C6FD96F6C0C1,PTE047 PLG083 PMH086 STE048 SLG084 SMH088 SFR029 DRV062
TE59EC2F31F7200C,PTE046 PLG082 PMH087 STE049 SLG083 SMH088 SFR029 DRV062
TE899EE34DB8B5F0,PTE044 PLG083 PMH082 STE050 SLG082 SMH095 SFR029 DRV088
TE4F877EC6B98DB5,PTE046 PLG083 PMH087 STE048 SLG084 SMH088 SFR028 DRV062
TED777B96605F090,PTE048 PLG082 PMH085 STE049 SLG080 SMH091 SFR029 DRV074
TE91D9B88035C201,PTE047 PLG081 PMH085 STE048 SLG079 SMH089 SFR032 DRV071
TE6833AFD89A9F1F,PTE046 PLG083 PMH087 STE048 SLG084 SMH088 SFR029 DRV062
TE3132A796ED27DA,PTE049 PLG084 PMH088 STE049 SLG081 SMH089 SFR028 DRV061
TE45FB02D89B8208,PTE047 PLG083 PMH086 STE048 SLG084 SMH088 SFR029 DRV062
TE206A0A29C67902,PTE047 PLG083 PMH086 STE048 SLG084 SMH088 SFR028 DRV062
TE2C04DCC5DC679C,PTE047 PLG083 PMH084 STE051 SLG082 SMH093 SFR028 DRV085
TEE87FA6AA5EF63F,PTE042 PLG080 PMH079 STE050 SLG080 SMH095 SFR029 DRV099
TE6ED1043E9B1830,PTE046 PLG083 PMH087 STE048 SLG083 SMH088 SFR029 DRV062
TEF044C402351BB0,PTE047 PLG083 PMH083 STE051 SLG083 SMH094 SFR026 DRV081
TEF5CB87DDA60C38,PTE046 PLG082 PMH085 STE049 SLG081 SMH091 SFR031 DRV075
TE74858F31C9CAAF,PTE047 PLG083 PMH086 STE048 SLG084 SMH088 SFR029 DRV062
TE40F98F7BF54382,PTE046 PLG082 PMH087 STE049 SLG084 SMH088 SFR029 DRV062
TE3978440B0CCC5E,PTE045 PLG081 PMH086 STE048 SLG083 SMH088 SFR034 DRV065
TE6704DB5C9A78B4,PTE047 PLG085 PMH084 STE051 SLG087 SMH096 SFR025 DRV089
TE44CA87E696E8AD,PTE048 PLG083 PMH087 STE049 SLG081 SMH089 SFR028 DRV062
TEED7090F66AE248,PTE047 PLG082 PMH085 STE050 SLG081 SMH092 SFR029 DRV080
TEA6E7BDC89AEEB5,PTE046 PLG083 PMH087 STE049 SLG084 SMH088 SFR029 DRV062
TEB9914F468B7CE9,PTE048 PLG083 PMH087 STE049 SLG082 SMH089 SFR029 DRV062
TE360768877CF879,PTE048 PLG085 PMH087 STE051 SLG087 SMH094 SFR025 DRV075
TE2CABBDB7399B1C,PTE046 PLG083 PMH087 STE048 SLG084 SMH088 SFR029 DRV062
TE5B224F11CDFDFC,PTE046 PLG083 PMH087 STE048 SLG083 SMH088 SFR029 DRV061
TED72025E73C0C7C,PTE048 PLG083 PMH087 STE048 SLG082 SMH088 SFR031 DRV062
TE965BCE30A56377,PTE046 PLG083 PMH087 STE048 SLG084 SMH088 SFR029 DRV062
TEEF226A4629EB2C,PTE047 PLG083 PMH087 STE049 SLG083 SMH088 SFR029 DRV062
TE4215CFFF85671D,PTE049 PLG084 PMH088 STE049 SLG081 SMH089 SFR028 DRV059
TE16C422821E4816,PTE044 PLG080 PMH084 STE050 SLG079 SMH092 SFR031 DRV081
TED5DC690EFC3C45,PTE047 PLG083 PMH086 STE048 SLG084 SMH088 SFR029 DRV062
TE7A6126249DEBEC,PTE047 PLG083 PMH086 STE048 SLG084 SMH088 SFR028 DRV062
TEB65356176B12CD,PTE046 PLG083 PMH087 STE048 SLG084 SMH088 SFR029 DRV062
TE77C94D6A05D2C7,PTE046 PLG083 PMH086 STE048 SLG084 SMH088 SFR028 DRV062
TE56C3B68D98A715,PTE045 PLG081 PMH078 STE051 SLG080 SMH096 SFR026 DRV104
TEC4A529D3E43E1A,PTE048 PLG083 PMH088 STE049 SLG082 SMH090 SFR030 DRV062
TEE5D34FCA8299F3,PTE047 PLG083 PMH086 STE048 SLG084 SMH088 SFR028 DRV062
TEB7CBDDCE0148B4,PTE046 PLG083 PMH085 STE051 SLG083 SMH093 SFR029 DRV085
TE6673B4616A90B0,PTE046 PLG082 PMH087 STE048 SLG084 SMH088 SFR030 DRV063
TE82D71F4ABB69B1,PTE048 PLG083 PMH087 STE049 SLG082 SMH088 SFR029 DRV062
TEA04E9E10C4104C,PTE046 PLG082 PMH087 STE049 SLG084 SMH088 SFR029 DRV062
TEB89EAFF3EAF020,PTE046 PLG083 PMH087 STE048 SLG084 SMH088 SFR029 DRV062
TE74C735D9CB80CC,PTE046 PLG083 PMH087 STE048 SLG083 SMH088 SFR029 DRV062
TE42026EEA5A947B,PTE047 PLG082 PMH087 STE048 SLG083 SMH088 SFR031 DRV064
TED3D44DB46E6CF9,PTE048 PLG083 PMH087 STE049 SLG082 SMH089 SFR029 DRV061
TE4EDB204ACE8AB0,PTE046 PLG083 PMH087 STE048 SLG084 SMH088 SFR029 DRV062
TEDD9BDCE83E206F,PTE047 PLG083 PMH087 STE048 SLG084 SMH088 SFR029 DRV062
TE1CE7DCD8493DA5,PTE045 PLG080 PMH082 STE050 SLG080 SMH093 SFR031 DRV090
TEF0029423FA6C2C,PTE046 PLG080 PMH081 STE050 SLG082 SMH095 SFR027 DRV091
TE85AFBF6983F47A,PTE046 PLG083 PMH087 STE049 SLG083 SMH088 SFR029 DRV062
TEF96155BC2A9922,PTE046 PLG082 PMH080 STE051 SLG081 SMH095 SFR028 DRV096
TEDEE3FA82282601,PTE046 PLG083 PMH087 STE048 SLG084 SMH088 SFR029 DRV062
TEF6231FA0B172DB,PTE047 PLG083 PMH085 STE051 SLG083 SMH093 SFR027 DRV080
TE798F611B457FFA,PTE046 PLG082 PMH087 STE048 SLG084 SMH088 SFR030 DRV063
TEB8B8925ECB039E,PTE046 PLG083 PMH087 STE048 SLG084 SMH088 SFR029 DRV062
TE21816C282D0FC6,PTE047 PLG082 PMH083 STE051 SLG081 SMH093 SFR028 DRV082
TEACD7E675DCBAE3,PTE046 PLG082 PMH087 STE048 SLG083 SMH088 SFR029 DRV061
TECB6B7F50CB68C1,PTE047 PLG081 PMH084 STE049 SLG078 SMH090 SFR030 DRV075
TEDFAB2E36F05FDC,PTE047 PLG083 PMH087 STE048 SLG084 SMH088 SFR029 DRV062
TEA232D1515CF5EB,PTE048 PLG089 PMH084 STE052 SLG084 SMH096 SFR022 DRV098
TEEA8C5C57E60F1D,PTE042 PLG082 PMH082 STE048 SLG081 SMH093 SFR034 DRV099
TEE4F3AA15B3CEDB,PTE046 PLG083 PMH087 STE049 SLG083 SMH088 SFR029 DRV062
TE873DE9C265CD7E,PTE044 PLG084 PMH082 STE050 SLG083 SMH096 SFR028 DRV092
TE8DA20485E51361,PTE047 PLG083 PMH086 STE048 SLG084 SMH088 SFR029 DRV062
TE815FBA3DCDD384,PTE047 PLG083 PMH087 STE049 SLG083 SMH088 SFR029 DRV061
TE11179B8AEFCF30,PTE047 PLG083 PMH086 STE048 SLG084 SMH088 SFR029 DRV062
TED048B9616E7B31,PTE048 PLG086 PMH085 STE051 SLG086 SMH095 SFR024 DRV078
TEEF4B2E0EDDA2A3,PTE044 PLG081 PMH083 STE049 SLG078 SMH092 SFR031 DRV085
TE9EBCBFDF4DB4FA,PTE048 PLG083 PMH088 STE049 SLG083 SMH090 SFR029 DRV066
TE95BD278391E5B6,PTE048 PLG084 PMH087 STE049 SLG081 SMH088 SFR028 DRV062
TE2BBC76684A5372,PTE047 PLG083 PMH087 STE048 SLG084 SMH088 SFR029 DRV062
TE0511DBDDDBB4A7,PTE046 PLG083 PMH087 STE048 SLG083 SMH088 SFR029 DRV062
TE2380330F732994,PTE048 PLG082 PMH086 STE050 SLG081 SMH090 SFR030 DRV071
TE35A6D648F567B3,PTE047 PLG083 PMH086 STE048 SLG084 SMH088 SFR028 DRV062
TEFC0B1C94D65F98,PTE044 PLG080 PMH082 STE049 SLG078 SMH092 SFR032 DRV086
TEE2D396F7228D58,PTE044 PLG084 PMH084 STE050 SLG084 SMH093 SFR031 DRV085
TE1B0A404B2440B6,PTE046 PLG082 PMH087 STE049 SLG083 SMH088 SFR029 DRV062
TE654B223A9F1AF0,PTE046 PLG083 PMH087 STE048 SLG083 SMH088 SFR029 DRV062
TE578DE055BD1FCC,PTE048 PLG084 PMH087 STE050 SLG084 SMH092 SFR028 DRV070
TEBFD51151305041,PTE046 PLG082 PMH087 STE049 SLG083 SMH088 SFR029 DRV062
TE5B7FDA55202EA9,PTE046 PLG083 PMH087 STE048 SLG084 SMH088 SFR029 DRV062
TED1560990932851,PTE048 PLG084 PMH082 STE051 SLG084 SMH095 SFR024 DRV085
TE2FBC6096D6956F,PTE046 PLG083 PMH087 STE048 SLG084 SMH088 SFR029 DRV062
TE69FD7A51F7776C,PTE046 PLG081 PMH082 STE051 SLG080 SMH093 SFR029 DRV090
TEFA271A6BE8E048,PTE044 PLG081 PMH080 STE050 SLG080 SMH095 SFR029 DRV099
TECAB0AC9F925194,PTE047 PLG083 PMH087 STE049 SLG083 SMH088 SFR029 DRV061
TEAA7AC3EBA87AC0,PTE047 PLG083 PMH086 STE048 SLG084 SMH088 SFR029 DRV062
TEAF1904797B9ED0,PTE047 PLG083 PMH087 STE049 SLG083 SMH088 SFR029 DRV062
TE1E80FE7A71D9A3,PTE048 PLG083 PMH086 STE050 SLG082 SMH091 SFR030 DRV072
TE35F01E7C453C75,PTE044 PLG080 PMH078 STE050 SLG082 SMH098 SFR028 DRV108
TE5DEF65C3C0597F,PTE047 PLG082 PMH086 STE050 SLG080 SMH091 SFR031 DRV074
TEBF1B822035FBE3,PTE048 PLG088 PMH084 STE053 SLG090 SMH099 SFR022 DRV090
TEB4D75E2396314F,PTE048 PLG088 PMH087 STE052 SLG090 SMH096 SFR025 DRV078
TEB76D0AA92AAC26,PTE048 PLG083 PMH087 STE049 SLG082 SMH089 SFR029 DRV062
TE90AA5A73B39A79,PTE045 PLG081 PMH087 STE048 SLG084 SMH088 SFR030 DRV063
TEB0D8F50395D0F9,PTE046 PLG081 PMH080 STE052 SLG082 SMH095 SFR026 DRV090
TEE8928AC53B7EEF,PTE047 PLG083 PMH087 STE049 SLG083 SMH088 SFR029 DRV062
TE043B2979BAC519,PTE048 PLG082 PMH086 STE049 SLG081 SMH091 SFR029 DRV073
TEB7A9E4FF3D3642,PTE046 PLG082 PMH087 STE048 SLG084 SMH088 SFR029 DRV062
TEA4B59A197AA1EC,PTE048 PLG083 PMH087 STE049 SLG083 SMH091 SFR030 DRV069
TEB86AD26CA36DFF,PTE047 PLG082 PMH087 STE049 SLG083 SMH088 SFR029 DRV062
TEB0DEC4CC0F5A97,PTE048 PLG083 PMH086 STE050 SLG084 SMH092 SFR027 DRV074
TE8087FCBED63AFB,PTE046 PLG081 PMH082 STE050 SLG080 SMH093 SFR029 DRV091
TE98DCE98592BF7D,PTE047 PLG083 PMH081 STE052 SLG082 SMH095 SFR026 DRV095
TED65747300A8CCC,PTE044 PLG084 PMH080 STE049 SLG086 SMH099 SFR027 DRV106
TE8605F73622A937,PTE047 PLG082 PMH087 STE049 SLG081 SMH090 SFR031 DRV066
TE6A9A99D488C81A,PTE047 PLG083 PMH086 STE048 SLG084 SMH088 SFR029 DRV062
TE5A765951B20492,PTE042 PLG079 PMH081 STE047 SLG079 SMH093 SFR035 DRV094
TEE8B46AC12F6B18,PTE048 PLG083 PMH089 STE048 SLG082 SMH089 SFR030 DRV060
TEB6EB60881AE702,PTE047 PLG082 PMH086 STE049 SLG081 SMH091 SFR030 DRV072
TEE70333B8129FEF,PTE048 PLG083 PMH087 STE049 SLG082 SMH089 SFR029 DRV062
TE676F4DD61076CB,PTE046 PLG083 PMH087 STE048 SLG084 SMH088 SFR028 DRV062
TE02CA87E958F5E8,PTE045 PLG082 PMH083 STE049 SLG079 SMH093 SFR031 DRV085
TECEE7E297753775,PTE046 PLG082 PMH087 STE048 SLG084 SMH088 SFR029 DRV062
TE1A3DD01DAB2296,PTE046 PLG083 PMH087 STE048 SLG083 SMH088 SFR029 DRV062
TE6BFBF8C9C9DEBF,PTE046 PLG082 PMH085 STE049 SLG081 SMH091 SFR031 DRV075
TEF3844B9895441D,PTE046 PLG082 PMH087 STE048 SLG084 SMH088 SFR029 DRV063
TE2A72338D0D85D5,PTE048 PLG082 PMH085 STE050 SLG082 SMH091 SFR028 DRV075
TE7A13E73FA0F739,PTE049 PLG086 PMH091 STE050 SLG088 SMH091 SFR028 DRV057
TE58511958285F09,PTE046 PLG083 PMH087 STE048 SLG084 SMH088 SFR029 DRV062
TE94CFDE0DC38DF7,PTE047 PLG082 PMH082 STE050 SLG081 SMH094 SFR026 DRV086
TE58358AF1663639,PTE048 PLG086 PMH087 STE051 SLG087 SMH094 SFR026 DRV076
TE28EF91EB6133BB,PTE047 PLG085 PMH087 STE051 SLG086 SMH093 SFR027 DRV075
TECD221CE7DF4394,PTE047 PLG082 PMH085 STE049 SLG081 SMH091 SFR029 DRV073
TEBEC24A85AF9C1E,PTE046 PLG082 PMH087 STE048 SLG084 SMH088 SFR030 DRV064
TEC458A15D50A418,PTE046 PLG083 PMH087 STE048 SLG084 SMH088 SFR029 DRV062
TEA8C99068FDD1AA,PTE048 PLG083 PMH086 STE049 SLG083 SMH092 SFR028 DRV071
TEF9FE160B6861CF,PTE049 PLG084 PMH083 STE053 SLG086 SMH095 SFR024 DRV086
TE1FB3738032F8A4,PTE048 PLG086 PMH085 STE052 SLG088 SMH096 SFR024 DRV085
TE67E0289B5556B3,PTE046 PLG082 PMH087 STE049 SLG083 SMH088 SFR029 DRV062
TEB5798A1937254D,PTE048 PLG084 PMH088 STE050 SLG083 SMH090 SFR029 DRV069
TE540EC323282BE9,PTE046 PLG083 PMH086 STE048 SLG084 SMH088 SFR029 DRV062
TECD880FDCBE245A,PTE047 PLG081 PMH081 STE050 SLG081 SMH094 SFR026 DRV085
TE94DA5CDBB95655,PTE046 PLG083 PMH087 STE048 SLG084 SMH088 SFR029 DRV062
TE18C31F394BBB23,PTE045 PLG082 PMH081 STE051 SLG081 SMH094 SFR028 DRV095
TEF0F55E7127E598,PTE048 PLG082 PMH085 STE049 SLG081 SMH091 SFR029 DRV074
TE20774A019D556E,PTE047 PLG083 PMH086 STE048 SLG084 SMH088 SFR029 DRV062
TE5F7C3D9DBC0E0E,PTE046 PLG083 PMH087 STE048 SLG084 SMH088 SFR029 DRV062
TE5959ED043D6CE9,PTE046 PLG082 PMH087 STE048 SLG083 SMH088 SFR029 DRV062
TEC90D0EBF12FDEB,PTE045 PLG082 PMH083 STE051 SLG082 SMH093 SFR030 DRV084
TE86FDE354BA8135,PTE047 PLG082 PMH087 STE048 SLG082 SMH089 SFR031 DRV062
TE27EA9E94FD1268,PTE046 PLG082 PMH086 STE050 SLG081 SMH090 SFR031 DRV075
TE1A28444FB21706,PTE047 PLG083 PMH084 STE050 SLG082 SMH093 SFR029 DRV080
TE9450B0D1FC985C,PTE046 PLG083 PMH086 STE049 SLG081 SMH091 SFR030 DRV075
TE5BCE87CD9DA025,PTE046 PLG082 PMH087 STE048 SLG084 SMH088 SFR029 DRV063
TEC987E4CD1BCDBF,PTE048 PLG083 PMH089 STE048 SLG083 SMH090 SFR029 DRV060
TE6ECF48D818CBD6,PTE048 PLG083 PMH088 STE049 SLG082 SMH089 SFR030 DRV065
TEF7B8333F0CA2A2,PTE048 PLG084 PMH089 STE049 SLG082 SMH090 SFR027 DRV058
TE74DF4D12EFDA18,PTE045 PLG083 PMH084 STE049 SLG079 SMH091 SFR032 DRV085
TE135D239B8D3AC4,PTE046 PLG081 PMH085 STE049 SLG081 SMH088 SFR032 DRV071
TE38AE1E3E195FE7,PTE046 PLG083 PMH087 STE049 SLG083 SMH088 SFR029 DRV062
TEFC1DB44D694CB3,PTE046 PLG081 PMH087 STE048 SLG084 SMH088 SFR031 DRV063
TEEB5D705B91A43C,PTE046 PLG083 PMH087 STE048 SLG084 SMH088 SFR029 DRV062
TE7A83A90204AD93,PTE046 PLG082 PMH085 STE050 SLG080 SMH091 SFR031 DRV079
TEF4DBC02193937D,PTE047 PLG083 PMH087 STE048 SLG083 SMH088 SFR029 DRV062
TE494CA7EB447825,PTE047 PLG082 PMH087 STE048 SLG081 SMH089 SFR031 DRV064
TE887ECB7D0F70C5,PTE047 PLG083 PMH086 STE048 SLG084 SMH088 SFR028 DRV062
TEB5F67673D62C8E,PTE047 PLG082 PMH087 STE048 SLG083 SMH088 SFR030 DRV063
TE0850BCE16991DC,PTE046 PLG083 PMH086 STE048 SLG084 SMH088 SFR028 DRV062
TE448BFFE317762E,PTE046 PLG085 PMH086 STE050 SLG087 SMH094 SFR028 DRV081
TE9FC0355B2AC45A,PTE046 PLG083 PMH087 STE048 SLG083 SMH088 SFR029 DRV062
TE69988F16D48BE7,PTE045 PLG081 PMH082 STE050 SLG078 SMH093 SFR029 DRV092
TE60742C8E39D7AF,PTE046 PLG083 PMH087 STE049 SLG084 SMH088 SFR029 DRV062
TE158E7758E635E8,PTE047 PLG083 PMH087 STE049 SLG083 SMH088 SFR029 DRV062
TEFC82ADBD58C53C,PTE048 PLG084 PMH086 STE051 SLG085 SMH093 SFR026 DRV075
TE3C0C1FB55BFF1B,PTE046 PLG083 PMH087 STE048 SLG083 SMH088 SFR029 DRV062
TEFB946CCB801D00,PTE048 PLG083 PMH089 STE049 SLG082 SMH089 SFR029 DRV061
TE61767D3B09858A,PTE047 PLG083 PMH087 STE048 SLG084 SMH088 SFR029 DRV062
TEA3B87BE9D23503,PTE047 PLG083 PMH087 STE049 SLG083 SMH088 SFR029 DRV061
TE8238B03306D2DC,PTE047 PLG082 PMH087 STE049 SLG083 SMH088 SFR029 DRV062
TEB17BA6685C6D78,PTE047 PLG083 PMH086 STE048 SLG084 SMH088 SFR029 DRV062
TEE454D8D2B131FE,PTE043 PLG081 PMH082 STE048 SLG081 SMH094 SFR030 DRV092
TE029F9546388BE5,PTE041 PLG082 PMH072 STE050 SLG084 SMH103 SFR023 DRV127
TE3EA00D48558B26,PTE046 PLG082 PMH085 STE049 SLG080 SMH091 SFR030 DRV075
TE684BEA8253EB59,PTE046 PLG083 PMH087 STE048 SLG083 SMH088 SFR029 DRV062
TEEC69AD67D0B9AA,PTE047 PLG082 PMH084 STE051 SLG081 SMH092 SFR029 DRV080
TECC0E0332DED487,PTE047 PLG086 PMH081 STE052 SLG088 SMH098 SFR022 DRV092
TE8F64AF63B524FA,PTE046 PLG083 PMH087 STE048 SLG084 SMH088 SFR029 DRV062
TECE6E456CDB092B,PTE047 PLG083 PMH086 STE050 SLG081 SMH091 SFR031 DRV073
TE2D0441993E192A,PTE046 PLG083 PMH087 STE048 SLG084 SMH088 SFR029 DRV062
TE08338FA4811458,PTE047 PLG082 PMH087 STE050 SLG081 SMH090 SFR031 DRV071
TE2416FA640C00B4,PTE047 PLG083 PMH086 STE048 SLG084 SMH088 SFR029 DRV062
TE5D5FE3FA5EA2B2,PTE046 PLG082 PMH087 STE048 SLG084 SMH088 SFR030 DRV063
TEA84387B04F2EC1,PTE042 PLG078 PMH078 STE049 SLG078 SMH094 SFR031 DRV100
TE75D9E86963ECBA,PTE049 PLG088 PMH082 STE053 SLG091 SMH100 SFR018 DRV090
TE8F4115141FB32E,PTE046 PLG083 PMH087 STE048 SLG083 SMH088 SFR029 DRV062
TE4931200442B0F6,PTE046 PLG082 PMH081 STE052 SLG083 SMH095 SFR027 DRV094
TE60C826B7D4E6D9,PTE046 PLG083 PMH087 STE048 SLG084 SMH088 SFR029 DRV062
TE52D28611636608,PTE046 PLG082 PMH085 STE049 SLG081 SMH092 SFR031 DRV080
TED74392B9140E22,PTE045 PLG083 PMH082 STE051 SLG083 SMH095 SFR028 DRV093
TE07B63EB7625E74,PTE046 PLG083 PMH087 STE048 SLG083 SMH088 SFR029 DRV062
TE7C17D7B63295CC,PTE046 PLG085 PMH084 STE052 SLG086 SMH096 SFR027 DRV089
TEC440417AA7D4C3,PTE048 PLG083 PMH087 STE050 SLG082 SMH091 SFR029 DRV069
TE967B452C3FF230,PTE048 PLG082 PMH087 STE049 SLG081 SMH090 SFR030 DRV068
TE4C238181DD479D,PTE047 PLG082 PMH085 STE051 SLG081 SMH092 SFR029 DRV079
TE4B30376DF6FD99,PTE046 PLG083 PMH087 STE048 SLG084 SMH088 SFR029 DRV062
TE83B9BECBD9F653,PTE046 PLG082 PMH087 STE048 SLG083 SMH088 SFR032 DRV065
TE03B28CC9D6D0CE,PTE048 PLG082 PMH084 STE051 SLG082 SMH093 SFR027 DRV081
TE7308606B5DF7AE,PTE046 PLG081 PMH087 STE048 SLG084 SMH088 SFR032 DRV063
TE5D97A593A3D90C,PTE047 PLG083 PMH086 STE048 SLG084 SMH088 SFR029 DRV062
TEDDF36E2B67F1F0,PTE046 PLG083 PMH087 STE048 SLG083 SMH088 SFR029 DRV062
TE40F0F727A0EEC6,PTE046 PLG082 PMH087 STE048 SLG084 SMH088 SFR029 DRV063
TEBD87CC0C9C10C3,PTE046 PLG083 PMH087 STE048 SLG084 SMH088 SFR029 DRV062
TEB88B8AB6F7C36B,PTE046 PLG083 PMH087 STE048 SLG084 SMH088 SFR029 DRV062
TE3D1EA8A9A5E04F,PTE049 PLG083 PMH085 STE051 SLG084 SMH093 SFR026 DRV079
TEBD30ADFF3A8D7C,PTE045 PLG081 PMH087 STE048 SLG084 SMH088 SFR030 DRV063
TE1A166875A40115,PTE043 PLG080 PMH084 STE048 SLG080 SMH091 SFR034 DRV078
TE2C63D4D5D36B7C,PTE046 PLG088 PMH086 STE052 SLG086 SMH095 SFR025 DRV079
TED1F2F2135715A9,PTE047 PLG083 PMH086 STE048 SLG084 SMH088 SFR029 DRV062
TE659E9336AD08B3,PTE046 PLG083 PMH087 STE048 SLG084 SMH088 SFR029 DRV062
TE67DFD0A57A2C35,PTE047 PLG083 PMH086 STE048 SLG084 SMH088 SFR028 DRV062
TE0C0E744F78B3E2,PTE048 PLG085 PMH088 STE050 SLG085 SMH092 SFR028 DRV067
TED1C292416A39A7,PTE040 PLG085 PMH078 STE050 SLG088 SMH101 SFR026 DRV122
TE1A876AFD848591,PTE041 PLG078 PMH076 STE049 SLG079 SMH096 SFR033 DRV107
TEE7E16F45F56EC4,PTE047 PLG083 PMH086 STE048 SLG084 SMH088 SFR028 DRV062
TE28825A1D40DB71,PTE046 PLG081 PMH087 STE048 SLG084 SMH088 SFR030 DRV063
TE4E05EF3CDD4EF1,PTE047 PLG083 PMH086 STE050 SLG081 SMH090 SFR030 DRV071
TEDD9B10F2328337,PTE044 PLG082 PMH080 STE051 SLG083 SMH095 SFR029 DRV099
TEC35B26BD7F56A8,PTE047 PLG083 PMH086 STE048 SLG084 SMH088 SFR029 DRV062
TE540D613D4D736B,PTE039 PLG080 PMH074 STE050 SLG083 SMH099 SFR029 DRV124
TEB8E9EB5B5B6760,PTE046 PLG082 PMH084 STE049 SLG080 SMH091 SFR031 DRV077
TE5B17C81CA9053D,PTE046 PLG082 PMH087 STE048 SLG084 SMH088 SFR030 DRV063
TE5AC322C446BAF4,PTE047 PLG083 PMH087 STE049 SLG081 SMH090 SFR030 DRV069
TE7A033EADAD105D,PTE047 PLG083 PMH087 STE049 SLG081 SMH090 SFR031 DRV067
TEF52B4AE042616C,PTE049 PLG083 PMH088 STE049 SLG081 SMH089 SFR029 DRV061
TE503CDBDED6BF98,PTE047 PLG083 PMH087 STE049 SLG083 SMH088 SFR029 DRV062
TEAB51F3FE8C8DA6,PTE046 PLG082 PMH083 STE051 SLG082 SMH093 SFR028 DRV083
TEA102A540A8ACDD,PTE046 PLG083 PMH087 STE048 SLG084 SMH088 SFR029 DRV062
TE75A71E22DF7309,PTE048 PLG083 PMH088 STE048 SLG082 SMH089 SFR030 DRV062
TEB410D40354B6CC,PTE048 PLG085 PMH084 STE051 SLG085 SMH095 SFR026 DRV085
TE2DEB4710435145,PTE048 PLG083 PMH087 STE049 SLG083 SMH088 SFR029 DRV062
TED4F96B00FDFE71,PTE047 PLG082 PMH087 STE049 SLG083 SMH088 SFR029 DRV062
TE4102DB5B229092,PTE048 PLG083 PMH088 STE049 SLG081 SMH089 SFR031 DRV062
TE81B0B9D966B29C,PTE047 PLG081 PMH085 STE049 SLG080 SMH091 SFR030 DRV074
TEE91453597544E7,PTE046 PLG083 PMH087 STE048 SLG084 SMH088 SFR029 DRV062
TEDF9051F8D9C3DE,PTE046 PLG082 PMH087 STE048 SLG084 SMH088 SFR030 DRV063
TE065435D91D7272,PTE046 PLG083 PMH087 STE048 SLG084 SMH088 SFR029 DRV062
TEEA73E59DF3EDAB,PTE048 PLG082 PMH086 STE049 SLG080 SMH090 SFR030 DRV066
TE12C5922D136066,PTE047 PLG082 PMH086 STE050 SLG081 SMH091 SFR030 DRV072
TE604F1E641D10C8,PTE047 PLG082 PMH087 STE049 SLG080 SMH090 SFR031 DRV069
TEBDCE4937EE8FBD,PTE047 PLG082 PMH086 STE049 SLG081 SMH091 SFR029 DRV070
TEDC51AF27F7B94B,PTE047 PLG083 PMH086 STE048 SLG084 SMH088 SFR029 DRV062
TE683D04812C938F,PTE050 PLG085 PMH078 STE055 SLG090 SMH102 SFR016 DRV110
TE0EB16E008F9D80,PTE046 PLG083 PMH087 STE048 SLG084 SMH088 SFR029 DRV062
TE6993182A459B75,PTE046 PLG083 PMH086 STE048 SLG084 SMH088 SFR029 DRV062
TE7CC399FDEB7505,PTE047 PLG083 PMH087 STE048 SLG084 SMH088 SFR029 DRV062
TECD15E0392B7F18,PTE048 PLG082 PMH088 STE049 SLG081 SMH089 SFR031 DRV063
TEF6893DCB43E8D4,PTE048 PLG083 PMH086 STE050 SLG084 SMH092 SFR028 DRV073
TE0B6B141CD5833D,PTE046 PLG083 PMH087 STE048 SLG084 SMH088 SFR029 DRV062
TE29C8ACA3A66C10,PTE047 PLG083 PMH087 STE049 SLG083 SMH088 SFR029 DRV062
TE1016F6DF19B7D0,PTE046 PLG083 PMH087 STE048 SLG084 SMH088 SFR029 DRV062
TE339C5EACC6C20D,PTE045 PLG077 PMH082 STE049 SLG077 SMH090 SFR034 DRV080
TE6D5C0536C59C4C,PTE046 PLG083 PMH087 STE049 SLG083 SMH088 SFR029 DRV062
TE63FEEA448DF298,PTE048 PLG083 PMH088 STE048 SLG082 SMH089 SFR030 DRV060
TEC1D0C62921A9AB,PTE048 PLG086 PMH088 STE051 SLG087 SMH093 SFR027 DRV070
TEFDA2389AA55482,PTE046 PLG083 PMH087 STE048 SLG083 SMH088 SFR029 DRV061
TEF26515BA39399B,PTE047 PLG082 PMH083 STE051 SLG082 SMH093 SFR027 DRV087
TED9A45424E8C459,PTE049 PLG086 PMH086 STE051 SLG088 SMH094 SFR024 DRV076
TE2EDF0ED74608ED,PTE047 PLG083 PMH087 STE049 SLG083 SMH088 SFR029 DRV062
TE2FC9792561FDFA,PTE046 PLG083 PMH087 STE048 SLG084 SMH088 SFR029 DRV062
TEFDFEAB2BEACA04,PTE046 PLG083 PMH087 STE048 SLG084 SMH088 SFR029 DRV062
TE740E48CDEC4112,PTE046 PLG083 PMH087 STE048 SLG084 SMH088 SFR029 DRV062
TEBD253FFECF1349,PTE047 PLG082 PMH087 STE049 SLG083 SMH088 SFR029 DRV063
TE3ACADF62EE110C,PTE046 PLG083 PMH087 STE048 SLG084 SMH088 SFR029 DRV062
TEB1F5339119E863,PTE047 PLG083 PMH087 STE048 SLG084 SMH088 SFR029 DRV062
TEEEF69BE5F2612A,PTE046 PLG083 PMH087 STE048 SLG083 SMH088 SFR029 DRV062
TEFB9E3B87EFE3AB,PTE048 PLG083 PMH087 STE050 SLG084 SMH092 SFR028 DRV071
TEFEFEAEC7FD42E8,PTE048 PLG083 PMH086 STE050 SLG082 SMH091 SFR029 DRV072
TEE6F0781D5CB948,PTE046 PLG083 PMH086 STE048 SLG084 SMH088 SFR029 DRV062
TECD70FED486C526,PTE048 PLG082 PMH086 STE049 SLG081 SMH090 SFR030 DRV070
TE6B7D5159FCFC6D,PTE046 PLG083 PMH087 STE048 SLG083 SMH088 SFR029 DRV062
TED7C9E753789070,PTE046 PLG082 PMH087 STE048 SLG084 SMH088 SFR029 DRV062
TEE91E716E8BB3B6,PTE046 PLG083 PMH087 STE048 SLG083 SMH088 SFR029 DRV062
TEEB382731F72EF7,PTE046 PLG082 PMH082 STE051 SLG084 SMH094 SFR028 DRV090
TEBEB3A4E40A00BA,PTE046 PLG081 PMH084 STE049 SLG080 SMH091 SFR030 DRV079
TED4AF71B633C829,PTE042 PLG079 PMH080 STE048 SLG077 SMH093 SFR034 DRV094
TEEB46D91D360A21,PTE046 PLG083 PMH086 STE048 SLG084 SMH088 SFR029 DRV062
TEC062D1E714C208,PTE047 PLG082 PMH087 STE048 SLG082 SMH088 SFR031 DRV063
TE638189277047DA,PTE048 PLG086 PMH082 STE053 SLG091 SMH099 SFR020 DRV096
TEC7D44611D4058D,PTE046 PLG083 PMH087 STE048 SLG083 SMH088 SFR029 DRV062
TE8BC82C952B5559,PTE047 PLG083 PMH087 STE049 SLG083 SMH088 SFR029 DRV061
TE2B07D99D7B8897,PTE046 PLG083 PMH087 STE048 SLG084 SMH088 SFR029 DRV062
TEB042632F0122BD,PTE046 PLG081 PMH087 STE048 SLG084 SMH088 SFR032 DRV064
TE3F435C31C14847,PTE048 PLG083 PMH088 STE048 SLG082 SMH089 SFR031 DRV062
TE586B338E387FE9,PTE048 PLG083 PMH087 STE049 SLG082 SMH090 SFR030 DRV067
TE161C8726DF8908,PTE046 PLG082 PMH087 STE048 SLG084 SMH088 SFR029 DRV063
TEBE9693A40FBECE,PTE047 PLG084 PMH081 STE051 SLG084 SMH096 SFR025 DRV095
TEE788744E804069,PTE046 PLG083 PMH087 STE048 SLG084 SMH088 SFR029 DRV062
TE2AEEF8674DF561,PTE047 PLG083 PMH086 STE048 SLG084 SMH088 SFR029 DRV062
TEA608363AEA1D85,PTE047 PLG083 PMH087 STE048 SLG084 SMH088 SFR029 DRV062
TE8CD4016328C2B9,PTE045 PLG081 PMH087 STE048 SLG084 SMH087 SFR031 DRV063
TEA05F8CECC9A1E1,PTE045 PLG082 PMH084 STE049 SLG080 SMH092 SFR031 DRV080
TE69C3E0D9523BD1,PTE047 PLG081 PMH085 STE050 SLG079 SMH090 SFR030 DRV073
TE42ABF272D68E39,PTE047 PLG086 PMH085 STE051 SLG088 SMH096 SFR025 DRV084
TEC3C7348249904E,PTE048 PLG083 PMH088 STE048 SLG082 SMH089 SFR029 DRV063
TE3969CCD20E6575,PTE047 PLG091 PMH085 STE053 SLG096 SMH101 SFR021 DRV093
TE0078D72AA48AB5,PTE046 PLG083 PMH086 STE048 SLG084 SMH088 SFR029 DRV062
TEAD0D4FB1C3C5E4,PTE047 PLG084 PMH088 STE049 SLG084 SMH092 SFR030 DRV071
TEF5283F5323BD6F,PTE047 PLG083 PMH087 STE049 SLG083 SMH088 SFR029 DRV062
TE2F79AC059E5EEF,PTE047 PLG083 PMH086 STE048 SLG084 SMH088 SFR028 DRV062
TEBB5D76E5F3CFC4,PTE049 PLG092 PMH081 STE054 SLG085 SMH100 SFR017 DRV116
TE3251367DD08101,PTE046 PLG083 PMH087 STE049 SLG083 SMH088 SFR029 DRV062
TE67A3F6A375884A,PTE047 PLG083 PMH087 STE049 SLG083 SMH088 SFR029 DRV062
TEA1243037AAAA7E,PTE047 PLG083 PMH086 STE050 SLG082 SMH091 SFR030 DRV076
TE8A6ED8D30550A8,PTE048 PLG084 PMH088 STE050 SLG083 SMH090 SFR030 DRV066
TEDB7303B390F479,PTE046 PLG083 PMH087 STE048 SLG084 SMH088 SFR029 DRV062
TED7342EF09AB660,PTE047 PLG082 PMH087 STE048 SLG084 SMH088 SFR029 DRV062
TEC6CE2CE78294E2,PTE047 PLG083 PMH086 STE048 SLG084 SMH088 SFR028 DRV062
TE0FE31AEE000C2F,PTE046 PLG083 PMH077 STE052 SLG084 SMH099 SFR023 DRV110
TE4AC1AE5175F3F5,PTE047 PLG083 PMH086 STE048 SLG084 SMH088 SFR029 DRV062
TE42699EC8459E40,PTE044 PLG082 PMH083 STE048 SLG079 SMH093 SFR030 DRV086
TEFB93AB4FA88DBC,PTE046 PLG083 PMH087 STE048 SLG084 SMH088 SFR029 DRV062
TED8E0C8294BCE7B,PTE047 PLG082 PMH085 STE049 SLG082 SMH093 SFR028 DRV075
TE78FDAD253A35E4,PTE047 PLG083 PMH087 STE049 SLG083 SMH088 SFR029 DRV062
TEC176FD11D9062E,PTE047 PLG084 PMH086 STE050 SLG083 SMH092 SFR028 DRV074
TE72EC2CA80C8F84,PTE048 PLG082 PMH087 STE049 SLG082 SMH089 SFR029 DRV063
TE2EC0EC42E72C24,PTE046 PLG083 PMH087 STE048 SLG084 SMH088 SFR029 DRV062
TE1577AA9A046F0D,PTE046 PLG081 PMH082 STE049 SLG079 SMH093 SFR028 DRV084
TE4D183995AF01B9,PTE046 PLG084 PMH086 STE050 SLG085 SMH093 SFR029 DRV078
TE5F864777877726,PTE040 PLG079 PMH077 STE048 SLG079 SMH095 SFR032 DRV108
TEA7F2BFF93A2A0B,PTE046 PLG083 PMH087 STE048 SLG084 SMH088 SFR029 DRV062
TEFBA0E8A48ADADF,PTE046 PLG082 PMH087 STE048 SLG083 SMH088 SFR029 DRV062
TE50185EA0E855E1,PTE047 PLG087 PMH081 STE052 SLG088 SMH099 SFR020 DRV095
TEA839777BADF967,PTE046 PLG083 PMH087 STE048 SLG084 SMH088 SFR029 DRV062
TEDBC67AC1946D56,PTE047 PLG082 PMH087 STE049 SLG083 SMH088 SFR029 DRV062
TEE4D5D29D58888D,PTE047 PLG082 PMH085 STE049 SLG080 SMH091 SFR030 DRV072
TE4D3426FDB43F24,PTE048 PLG084 PMH087 STE049 SLG082 SMH090 SFR030 DRV067
TED75F9B18F67D4E,PTE048 PLG085 PMH088 STE049 SLG083 SMH090 SFR030 DRV064
TE2F9AB1801A633B,PTE046 PLG084 PMH085 STE049 SLG082 SMH092 SFR030 DRV077
TE665D12DB81D3C9,PTE047 PLG083 PMH087 STE049 SLG083 SMH088 SFR029 DRV061
TEFC8ACEA1B1A63E,PTE046 PLG082 PMH087 STE049 SLG083 SMH088 SFR029 DRV062
TE3D66D90F7B04F4,PTE047 PLG080 PMH083 STE049 SLG078 SMH090 SFR031 DRV078
TE3DB1CD28A50EF7,PTE046 PLG083 PMH086 STE048 SLG084 SMH088 SFR028 DRV062
TE1F8FFCC3D4A88F,PTE046 PLG083 PMH087 STE048 SLG084 SMH088 SFR029 DRV062
TED08FB0A139C741,PTE046 PLG083 PMH087 STE048 SLG084 SMH088 SFR029 DRV062
TEAE9E83A02718E5,PTE048 PLG082 PMH083 STE050 SLG080 SMH093 SFR028 DRV084
TE6ACCF64F3E530E,PTE047 PLG083 PMH086 STE048 SLG084 SMH088 SFR028 DRV062
TEBE1F4FDD6251EF,PTE043 PLG079 PMH079 STE049 SLG078 SMH095 SFR030 DRV099
TE26B9027EE68BA1,PTE049 PLG092 PMH087 STE052 SLG096 SMH099 SFR020 DRV081
TEB5F88600A0DB21,PTE047 PLG082 PMH088 STE049 SLG081 SMH089 SFR031 DRV063
TED5DB1007444404,PTE046 PLG082 PMH085 STE050 SLG081 SMH092 SFR031 DRV080
TE3B32881F4000A6,PTE047 PLG083 PMH086 STE048 SLG084 SMH088 SFR028 DRV062
TE4807568D4E0A44,PTE048 PLG083 PMH087 STE049 SLG082 SMH090 SFR030 DRV067
TE64A55C69CBEEA9,PTE047 PLG082 PMH084 STE051 SLG081 SMH092 SFR028 DRV082
TE2C462BFC950FAC,PTE045 PLG081 PMH084 STE049 SLG080 SMH091 SFR031 DRV079
TE91ECEC91F57D56,PTE047 PLG083 PMH086 STE048 SLG084 SMH088 SFR029 DRV062
TE9C45C6E948F2BE,PTE046 PLG083 PMH087 STE048 SLG084 SMH088 SFR029 DRV062
TEE6DE2C44485A25,PTE045 PLG082 PMH083 STE049 SLG081 SMH093 SFR030 DRV087
TE07B93EB38C8036,PTE046 PLG083 PMH087 STE048 SLG084 SMH088 SFR029 DRV062
TECFA04C8881C0DE,PTE046 PLG079 PMH084 STE048 SLG078 SMH090 SFR032 DRV076
TEB41B7F68AC5AF0,PTE043 PLG087 PMH084 STE051 SLG090 SMH097 SFR028 DRV095
TEFA23EEF255EBBE,PTE047 PLG083 PMH088 STE049 SLG082 SMH089 SFR031 DRV061
TECB93CDFC181BC2,PTE047 PLG082 PMH087 STE049 SLG083 SMH088 SFR029 DRV061
TE8DFF8B7719DF12,PTE048 PLG083 PMH087 STE049 SLG083 SMH091 SFR029 DRV070
TE980820D1ACCF5C,PTE047 PLG083 PMH087 STE048 SLG084 SMH088 SFR029 DRV062
TEECCD4C354CC4DA,PTE046 PLG083 PMH086 STE048 SLG084 SMH088 SFR028 DRV062
TE62CEF704EE01C2,PTE046 PLG084 PMH084 STE051 SLG084 SMH094 SFR028 DRV083
TE3CFE83067CC208,PTE047 PLG082 PMH087 STE048 SLG080 SMH089 SFR031 DRV064
TEF437FB7721D379,PTE048 PLG085 PMH087 STE050 SLG085 SMH092 SFR027 DRV068
TED8B88A04AC2439,PTE047 PLG084 PMH089 STE049 SLG082 SMH090 SFR028 DRV060
TE0992465FADEC1E,PTE046 PLG083 PMH087 STE048 SLG084 SMH088 SFR029 DRV062
TE0F9BC20C8FCF69,PTE046 PLG083 PMH087 STE048 SLG084 SMH088 SFR029 DRV062
TEEF0D5A0F2BC4EF,PTE045 PLG082 PMH081 STE050 SLG081 SMH094 SFR029 DRV095
TE9B5FC0DD2089BC,PTE047 PLG083 PMH086 STE048 SLG084 SMH088 SFR028 DRV062
TE7E04D4E9B2F573,PTE045 PLG081 PMH083 STE049 SLG079 SMH091 SFR030 DRV082
TEF52FC1D2659952,PTE046 PLG082 PMH087 STE049 SLG084 SMH088 SFR029 DRV062
TE7461D135D22A90,PTE049 PLG083 PMH081 STE053 SLG086 SMH097 SFR022 DRV093
TEC3737F3787F413,PTE045 PLG081 PMH087 STE048 SLG083 SMH088 SFR033 DRV065
TE84B89DA55B55E5,PTE046 PLG083 PMH087 STE048 SLG084 SMH088 SFR029 DRV062
TE991931692B63F4,PTE047 PLG083 PMH086 STE048 SLG084 SMH088 SFR029 DRV062
TE0137E0D179FCA5,PTE049 PLG084 PMH088 STE049 SLG079 SMH089 SFR027 DRV058
TE8612520546C06C,PTE048 PLG083 PMH088 STE048 SLG082 SMH089 SFR031 DRV061
TEA2A8FE10FF25CC,PTE049 PLG085 PMH085 STE052 SLG088 SMH095 SFR023 DRV083
TECE87E8FF60F872,PTE047 PLG083 PMH086 STE048 SLG084 SMH088 SFR029 DRV062
TEA464DF1CBFE043,PTE046 PLG083 PMH087 STE048 SLG083 SMH088 SFR029 DRV062
TED6C3FA34F44D41,PTE047 PLG083 PMH086 STE051 SLG083 SMH092 SFR030 DRV078
TE56C60792E82FA1,PTE046 PLG083 PMH087 STE048 SLG084 SMH088 SFR029 DRV062
TEBBDF9C01671612,PTE047 PLG080 PMH083 STE051 SLG081 SMH093 SFR029 DRV085
TE922BD698B72BC2,PTE048 PLG083 PMH085 STE049 SLG081 SMH091 SFR029 DRV072
TEB1FEB3F451377C,PTE046 PLG083 PMH087 STE048 SLG083 SMH088 SFR029 DRV062
TEEFB98BE8F71593,PTE047 PLG081 PMH083 STE050 SLG080 SMH093 SFR029 DRV081
TE11B14D7E37956A,PTE047 PLG083 PMH087 STE048 SLG084 SMH088 SFR029 DRV062
TEF1F271DBEA23E3,PTE047 PLG083 PMH087 STE049 SLG083 SMH088 SFR029 DRV062
TE46FF2ADDBF310D,PTE047 PLG083 PMH087 STE049 SLG083 SMH088 SFR029 DRV061
TE1BABD061C46736,PTE047 PLG082 PMH083 STE050 SLG080 SMH093 SFR028 DRV080
TE833B173F9B3603,PTE047 PLG082 PMH087 STE049 SLG083 SMH088 SFR029 DRV062
TE95BFDC56B4FA6D,PTE046 PLG083 PMH087 STE049 SLG083 SMH088 SFR029 DRV061
TE4A213550978619,PTE048 PLG087 PMH086 STE052 SLG088 SMH095 SFR023 DRV077
TED378A0EABEF733,PTE046 PLG083 PMH087 STE048 SLG084 SMH088 SFR029 DRV062
TE6BD1A1E39A9A20,PTE048 PLG082 PMH086 STE049 SLG081 SMH091 SFR029 DRV069
TEDA5004AF32986F,PTE046 PLG083 PMH087 STE049 SLG083 SMH088 SFR029 DRV062
TE9CEE54E9946322,PTE048 PLG083 PMH087 STE049 SLG082 SMH088 SFR029 DRV063
TEBCD5DB045DEBE5,PTE046 PLG082 PMH087 STE048 SLG084 SMH088 SFR030 DRV064
TE2CCA50A47A5F9E,PTE046 PLG084 PMH087 STE050 SLG085 SMH093 SFR030 DRV077
TE7C6F6108B26366,PTE046 PLG083 PMH087 STE048 SLG084 SMH088 SFR029 DRV062
TEB945D1916B1947,PTE047 PLG084 PMH085 STE049 SLG083 SMH093 SFR029 DRV074
TE46C15AC1E3709C,PTE044 PLG088 PMH082 STE050 SLG082 SMH096 SFR027 DRV110
TE5A3407BDCE067F,PTE046 PLG083 PMH087 STE048 SLG083 SMH088 SFR029 DRV062
TE2B6643DDECBEC7,PTE046 PLG082 PMH086 STE049 SLG082 SMH088 SFR032 DRV068
TE6FB03D2A5DE7C3,PTE048 PLG084 PMH087 STE050 SLG085 SMH092 SFR028 DRV071
TE0863413B3F4C24,PTE040 PLG079 PMH078 STE049 SLG077 SMH095 SFR032 DRV105
TE8443A127F8C250,PTE047 PLG083 PMH087 STE049 SLG083 SMH088 SFR029 DRV061
TEB367243F720126,PTE048 PLG086 PMH083 STE052 SLG089 SMH098 SFR021 DRV088
TE835267375743C5,PTE047 PLG083 PMH086 STE048 SLG084 SMH088 SFR029 DRV062
TEC7BFA9E683FC55,PTE046 PLG083 PMH087 STE048 SLG084 SMH088 SFR029 DRV062
TE2A824E33224B85,PTE046 PLG083 PMH087 STE048 SLG084 SMH088 SFR029 DRV062
TEB667EDB142D283,PTE046 PLG081 PMH083 STE049 SLG080 SMH091 SFR030 DRV080
TE8BD26564B7C98F,PTE046 PLG083 PMH087 STE048 SLG084 SMH088 SFR029 DRV062
TE443F014901518C,PTE044 PLG080 PMH084 STE049 SLG079 SMH091 SFR034 DRV082
TE42007B536D5A4F,PTE048 PLG085 PMH085 STE051 SLG087 SMH095 SFR024 DRV080
TE8F690522289345,PTE046 PLG082 PMH080 STE051 SLG082 SMH096 SFR024 DRV096
TE41E3B261F6FA9B,PTE046 PLG083 PMH087 STE049 SLG083 SMH088 SFR029 DRV061
TE575BF5FA4AA59B,PTE048 PLG084 PMH083 STE051 SLG080 SMH092 SFR027 DRV087
TE35C1D1F0BCC6B1,PTE046 PLG083 PMH087 STE048 SLG084 SMH088 SFR029 DRV062
TEBCB00018353BC5,PTE046 PLG083 PMH087 STE048 SLG084 SMH088 SFR029 DRV062
TE7AB8AE09EA5362,PTE047 PLG083 PMH086 STE048 SLG084 SMH088 SFR028 DRV062
TE57D9A364BB8E52,PTE048 PLG083 PMH085 STE050 SLG083 SMH092 SFR027 DRV075
TE9C68E563196037,PTE047 PLG083 PMH087 STE048 SLG084 SMH088 SFR029 DRV062
TEDBEB08D79DCA61,PTE048 PLG082 PMH083 STE052 SLG082 SMH094 SFR027 DRV085
TEBDB1EA317272E4,PTE046 PLG083 PMH087 STE048 SLG083 SMH088 SFR029 DRV062
TE629C2CE9D914A8,PTE046 PLG083 PMH087 STE048 SLG084 SMH088 SFR029 DRV062
TE07B97A3132648F,PTE046 PLG083 PMH087 STE048 SLG084 SMH088 SFR029 DRV062
TE92984D0A41BAC2,PTE046 PLG083 PMH087 STE048 SLG084 SMH088 SFR029 DRV062
TE897CAF6028AAD8,PTE048 PLG082 PMH082 STE051 SLG083 SMH094 SFR025 DRV083
TEA5F0D7D913E55A,PTE041 PLG081 PMH082 STE049 SLG080 SMH094 SFR031 DRV094
TE7D45EB4B51459B,PTE048 PLG083 PMH087 STE049 SLG081 SMH089 SFR028 DRV062
TE6FBC5F52ECC4AF,PTE047 PLG083 PMH087 STE049 SLG083 SMH088 SFR029 DRV061
TEB402D171D11A55,PTE047 PLG083 PMH086 STE048 SLG084 SMH088 SFR029 DRV062
TEA9409CBC604062,PTE046 PLG081 PMH086 STE049 SLG082 SMH088 SFR033 DRV068
TE7DC39089FF3F19,PTE047 PLG082 PMH084 STE050 SLG082 SMH092 SFR028 DRV076
TEB19201A55285C6,PTE046 PLG082 PMH087 STE048 SLG084 SMH088 SFR029 DRV062
TE0D543F3DAB6479,PTE048 PLG083 PMH089 STE049 SLG082 SMH090 SFR030 DRV061
TE56F84DFA245704,PTE048 PLG083 PMH088 STE049 SLG081 SMH089 SFR031 DRV064
TE1742236D8BED83,PTE046 PLG083 PMH086 STE048 SLG084 SMH088 SFR029 DRV062
TE6D0CB7E34B7DF4,PTE046 PLG082 PMH087 STE048 SLG084 SMH088 SFR029 DRV062
TE269E64C551DA3C,PTE046 PLG083 PMH087 STE048 SLG084 SMH088 SFR029 DRV062
TE70EF6CFAD4122A,PTE051 PLG098 PMH090 STE051 SLG096 SMH099 SFR019 DRV070
TEA599947D76BF2D,PTE048 PLG082 PMH084 STE051 SLG082 SMH092 SFR027 DRV081
TEB61FAE3B268BAA,PTE047 PLG082 PMH088 STE048 SLG083 SMH088 SFR031 DRV064
TECDDDA4345DAF30,PTE046 PLG082 PMH087 STE049 SLG084 SMH088 SFR029 DRV063
TEB692BE21B8B435,PTE040 PLG081 PMH077 STE050 SLG080 SMH096 SFR029 DRV109
TE8137B6292C3EBC,PTE044 PLG081 PMH084 STE048 SLG079 SMH091 SFR032 DRV081
TE59CC6E6F454BC7,PTE046 PLG083 PMH087 STE048 SLG084 SMH088 SFR029 DRV062
TEB433A1BE6148EA,PTE049 PLG085 PMH090 STE049 SLG086 SMH091 SFR027 DRV058
TE9EB3329CBE7430,PTE046 PLG083 PMH087 STE048 SLG083 SMH088 SFR029 DRV062
TE365AC0EE4A49C4,PTE047 PLG082 PMH087 STE049 SLG083 SMH088 SFR029 DRV062
TE4BAE875F3FF6D1,PTE046 PLG083 PMH086 STE048 SLG084 SMH088 SFR029 DRV062
TE89AB8026EF4BC3,PTE042 PLG080 PMH083 STE050 SLG079 SMH092 SFR033 DRV091
TE6C4322D80A7F38,PTE046 PLG082 PMH082 STE051 SLG081 SMH093 SFR029 DRV087
TECEBB3A19A08EE6,PTE047 PLG083 PMH086 STE048 SLG084 SMH088 SFR029 DRV062
TEE33AD63C071897,PTE046 PLG082 PMH087 STE048 SLG084 SMH088 SFR030 DRV063
TE847F9D186EEA81,PTE044 PLG082 PMH082 STE050 SLG082 SMH094 SFR030 DRV091
TE0D6F5C59B957FD,PTE048 PLG083 PMH088 STE049 SLG081 SMH089 SFR029 DRV062
TE0859216872986C,PTE047 PLG082 PMH087 STE049 SLG081 SMH089 SFR031 DRV063
TE1D732D1ACF0FDB,PTE046 PLG082 PMH084 STE050 SLG082 SMH092 SFR029 DRV078
TE641101A00887AA,PTE047 PLG082 PMH086 STE049 SLG081 SMH089 SFR032 DRV071
TEAAFF89D18159E6,PTE048 PLG082 PMH086 STE050 SLG081 SMH091 SFR029 DRV073
TEBA77BABC6C2E85,PTE048 PLG083 PMH087 STE049 SLG081 SMH089 SFR031 DRV066
TEC335A4EC658084,PTE047 PLG080 PMH083 STE050 SLG078 SMH091 SFR030 DRV079
TE1C31CE8F1C2EBE,PTE046 PLG083 PMH087 STE048 SLG084 SMH088 SFR029 DRV062
TE23000501EA9515,PTE047 PLG082 PMH087 STE048 SLG083 SMH088 SFR030 DRV063
TE41BDC036E2E3F7,PTE049 PLG085 PMH086 STE052 SLG087 SMH094 SFR025 DRV079
TE0ED9EB423E897D,PTE047 PLG083 PMH086 STE048 SLG084 SMH088 SFR028 DRV062
TE77EC17F2A35100,PTE048 PLG084 PMH088 STE049 SLG083 SMH091 SFR029 DRV068
TE63E7FB00A981D4,PTE043 PLG083 PMH082 STE050 SLG084 SMH096 SFR029 DRV093
TE98EA0A8DA759F1,PTE047 PLG082 PMH088 STE048 SLG081 SMH089 SFR031 DRV062
TED75FD8DD4106F6,PTE047 PLG083 PMH087 STE048 SLG084 SMH088 SFR029 DRV062
TEE3DC9D14AE8812,PTE043 PLG080 PMH078 STE049 SLG077 SMH094 SFR029 DRV103
TE60B730274EB5CC,PTE046 PLG081 PMH087 STE048 SLG083 SMH088 SFR031 DRV063
TE8ABFCB30362327,PTE045 PLG081 PMH082 STE049 SLG080 SMH093 SFR030 DRV093
TE0BE65A65C4DE4E,PTE047 PLG082 PMH087 STE049 SLG083 SMH088 SFR029 DRV062
TE7E3E72C43325C1,PTE047 PLG082 PMH084 STE051 SLG083 SMH093 SFR027 DRV076
TED45D07FC5A5DA5,PTE047 PLG082 PMH087 STE049 SLG083 SMH088 SFR029 DRV063
TEC5DB761038F5B6,PTE045 PLG081 PMH084 STE049 SLG079 SMH091 SFR032 DRV083
TE589124D94CE591,PTE046 PLG083 PMH087 STE048 SLG084 SMH088 SFR029 DRV062
TE4F3C834EB0B267,PTE047 PLG091 PMH082 STE053 SLG094 SMH102 SFR019 DRV102
TE267FBAB5F131E8,PTE048 PLG083 PMH088 STE048 SLG082 SMH089 SFR031 DRV061
TE43899B94A9CCA2,PTE047 PLG083 PMH086 STE050 SLG082 SMH091 SFR029 DRV075
TEFBEA5190D2C442,PTE048 PLG082 PMH088 STE048 SLG082 SMH089 SFR031 DRV062
TE76EABB148AFA4B,PTE048 PLG083 PMH085 STE050 SLG083 SMH093 SFR026 DRV076
TE23862B514C4A16,PTE046 PLG082 PMH083 STE049 SLG080 SMH092 SFR030 DRV085
TE2E6C6B82FA3791,PTE046 PLG082 PMH087 STE048 SLG084 SMH088 SFR029 DRV063
TE54F45A4D2F1F8D,PTE047 PLG083 PMH086 STE048 SLG084 SMH088 SFR029 DRV062
TE257FF9304A09D6,PTE046 PLG083 PMH087 STE048 SLG084 SMH088 SFR029 DRV062
TE51F9D565DB78FA,PTE046 PLG083 PMH087 STE048 SLG084 SMH088 SFR029 DRV062
TE0405209A2B5E77,PTE045 PLG081 PMH081 STE051 SLG080 SMH094 SFR029 DRV096
TE5C93E2648F97B3,PTE046 PLG083 PMH087 STE048 SLG084 SMH088 SFR029 DRV062
TEFEF4ED4893B8A1,PTE048 PLG082 PMH088 STE048 SLG082 SMH090 SFR031 DRV062
TE146DCDD8FEFF94,PTE048 PLG082 PMH081 STE052 SLG083 SMH095 SFR026 DRV090
TE4387B8215E61D8,PTE047 PLG082 PMH087 STE048 SLG084 SMH088 SFR030 DRV062
TEDE57AB95A40581,PTE048 PLG082 PMH081 STE052 SLG082 SMH094 SFR026 DRV092
TED4FD88DB4DAE03,PTE047 PLG083 PMH086 STE048 SLG084 SMH088 SFR029 DRV062
TEF78482323A631D,PTE048 PLG083 PMH087 STE050 SLG081 SMH090 SFR031 DRV069
TEC31CB02FC1FC7D,PTE048 PLG083 PMH085 STE051 SLG085 SMH094 SFR027 DRV078
TE109D054E6530EF,PTE049 PLG085 PMH088 STE051 SLG086 SMH092 SFR027 DRV069
TE055446C4C7D476,PTE046 PLG083 PMH087 STE048 SLG084 SMH088 SFR029 DRV062
TE25CB5F864E3166,PTE046 PLG083 PMH087 STE048 SLG084 SMH088 SFR029 DRV062
TEBF7A51557466B3,PTE043 PLG080 PMH083 STE047 SLG079 SMH091 SFR035 DRV083
TE392BD63923BDD8,PTE048 PLG083 PMH088 STE049 SLG083 SMH090 SFR030 DRV062
TE10F1ED7D75C275,PTE049 PLG088 PMH086 STE053 SLG091 SMH097 SFR021 DRV081
TE4A5D3977014894,PTE048 PLG085 PMH084 STE051 SLG087 SMH096 SFR023 DRV085
TEECB4CBED7FF0D8,PTE047 PLG083 PMH087 STE048 SLG084 SMH088 SFR029 DRV062
TE969A51C0DA44E6,PTE047 PLG083 PMH088 STE048 SLG082 SMH089 SFR030 DRV060
TE8036D9ED8C1FDC,PTE046 PLG082 PMH087 STE049 SLG084 SMH088 SFR029 DRV062
TE31E0B221117747,PTE049 PLG085 PMH084 STE052 SLG087 SMH096 SFR022 DRV084
TE10F7B934D0284E,PTE047 PLG083 PMH086 STE048 SLG084 SMH088 SFR029 DRV062
TED4DBCCA8BEDC14,PTE046 PLG082 PMH087 STE048 SLG083 SMH088 SFR029 DRV062
TE27213E27787CEB,PTE048 PLG083 PMH087 STE049 SLG081 SMH089 SFR031 DRV065
TE21B78467C08188,PTE045 PLG081 PMH087 STE048 SLG084 SMH088 SFR032 DRV064
TEF167D9781E5FD6,PTE046 PLG083 PMH087 STE049 SLG083 SMH088 SFR029 DRV062
TE3A024D92A142E6,PTE047 PLG083 PMH087 STE049 SLG083 SMH088 SFR029 DRV062
TED484FA00484D3B,PTE048 PLG083 PMH087 STE049 SLG083 SMH088 SFR029 DRV063
TE9FDB37F14B18EC,PTE049 PLG086 PMH089 STE050 SLG086 SMH092 SFR028 DRV064
TEE9414AC06A9EAA,PTE045 PLG083 PMH084 STE051 SLG082 SMH093 SFR029 DRV089
TE0DA3A43D6793B9,PTE047 PLG082 PMH087 STE049 SLG081 SMH090 SFR030 DRV068
TED9135A806E6546,PTE046 PLG083 PMH087 STE048 SLG084 SMH088 SFR029 DRV062
TE62D8A313318AC8,PTE045 PLG086 PMH079 STE052 SLG092 SMH102 SFR022 DRV108
TE33F022345AE5BA,PTE047 PLG082 PMH087 STE049 SLG083 SMH088 SFR029 DRV061
TE3A8CC8972BF0D6,PTE048 PLG083 PMH088 STE049 SLG082 SMH090 SFR031 DRV064
TE169FFD1556AE6D,PTE048 PLG083 PMH087 STE049 SLG081 SMH089 SFR030 DRV066
TE8DD0985B1A1406,PTE047 PLG084 PMH088 STE049 SLG083 SMH090 SFR030 DRV066
TE9D647B9F8A01B5,PTE046 PLG085 PMH087 STE050 SLG087 SMH094 SFR029 DRV079
TE67C2CEA6DF2495,PTE046 PLG082 PMH087 STE048 SLG084 SMH088 SFR030 DRV064
TE1EAAC532C6CF60,PTE047 PLG083 PMH086 STE048 SLG084 SMH088 SFR028 DRV062
TE3E160C6FF3F59B,PTE046 PLG083 PMH087 STE049 SLG083 SMH088 SFR029 DRV062
TE423D6DB4B969CB,PTE048 PLG083 PMH087 STE049 SLG082 SMH089 SFR029 DRV062
TE4438009C9132D0,PTE046 PLG082 PMH080 STE051 SLG085 SMH096 SFR025 DRV096
TE9AA791EA74A06E,PTE048 PLG083 PMH087 STE049 SLG082 SMH089 SFR030 DRV066
TE9FCF3A07D5938C,PTE047 PLG083 PMH087 STE049 SLG083 SMH088 SFR029 DRV062
TE50A9568CD21308,PTE047 PLG083 PMH086 STE048 SLG084 SMH088 SFR028 DRV062
TE8DA8E38F86B02D,PTE047 PLG082 PMH083 STE051 SLG084 SMH094 SFR027 DRV085
TE35127BE3182FC9,PTE045 PLG080 PMH083 STE050 SLG080 SMH092 SFR031 DRV084
TEF9E23B4CCF6DEB,PTE048 PLG083 PMH088 STE048 SLG082 SMH089 SFR030 DRV064
TEAC193BF3D0DCCE,PTE046 PLG083 PMH087 STE048 SLG083 SMH088 SFR029 DRV062
TEDD6FC0D50FFE8F,PTE046 PLG087 PMH073 STE055 SLG090 SMH106 SFR012 DRV125
TE19CA80107862A9,PTE047 PLG082 PMH086 STE049 SLG081 SMH090 SFR031 DRV072
TEBD062A1ABF94F7,PTE047 PLG082 PMH086 STE050 SLG081 SMH090 SFR030 DRV073
TE1FDDCCD4AF8548,PTE047 PLG083 PMH086 STE048 SLG084 SMH088 SFR028 DRV062
TE83F6DA1862F32C,PTE048 PLG083 PMH087 STE049 SLG081 SMH089 SFR029 DRV063
TE78F48FFD86736F,PTE048 PLG083 PMH088 STE049 SLG083 SMH090 SFR030 DRV065
TE36CFEC3F0DE003,PTE046 PLG083 PMH087 STE048 SLG084 SMH088 SFR029 DRV062
TE50D410F2304852,PTE048 PLG085 PMH089 STE050 SLG084 SMH090 SFR029 DRV064
TED48D56A314252B,PTE048 PLG083 PMH088 STE048 SLG081 SMH089 SFR029 DRV059
TEFCB26AEF4FF5F7,PTE047 PLG087 PMH082 STE052 SLG089 SMH099 SFR021 DRV092
TE88BF426DAB7255,PTE046 PLG079 PMH083 STE049 SLG078 SMH090 SFR032 DRV077
TED7F43CFF97613A,PTE048 PLG082 PMH084 STE050 SLG080 SMH092 SFR029 DRV077
TEE638A9F7EFA272,PTE046 PLG083 PMH087 STE048 SLG083 SMH088 SFR029 DRV061
TE10A5558B3DAEAD,PTE048 PLG082 PMH087 STE048 SLG082 SMH088 SFR030 DRV064
TE45C91DEE225AD4,PTE046 PLG083 PMH087 STE048 SLG084 SMH088 SFR029 DRV062
TEDB461F6CFBD87C,PTE046 PLG082 PMH087 STE048 SLG083 SMH088 SFR029 DRV061
TE78B7EB908C0B23,PTE045 PLG083 PMH085 STE049 SLG082 SMH091 SFR032 DRV077
TEE8088361C6182E,PTE048 PLG084 PMH087 STE050 SLG086 SMH093 SFR028 DRV070
TEF73E3CC0ABA418,PTE042 PLG074 PMH075 STE048 SLG075 SMH093 SFR036 DRV106
TE7583AF0E91B59C,PTE046 PLG086 PMH082 STE052 SLG087 SMH098 SFR024 DRV100
TE1655801DFF1547,PTE046 PLG083 PMH087 STE048 SLG084 SMH088 SFR029 DRV062
TE1683F7641219DC,PTE047 PLG082 PMH083 STE050 SLG081 SMH093 SFR027 DRV083
TE7EC7AFDD5FB8F0,PTE044 PLG082 PMH082 STE049 SLG079 SMH093 SFR030 DRV090
TEA14FBA71B63B7E,PTE044 PLG080 PMH078 STE049 SLG077 SMH094 SFR030 DRV099
TE2BA0C716BA294A,PTE047 PLG083 PMH088 STE048 SLG082 SMH088 SFR031 DRV062
TE0E10333F660C6E,PTE045 PLG081 PMH082 STE051 SLG080 SMH094 SFR030 DRV094
TE8B7E7B88CEDDBC,PTE049 PLG084 PMH087 STE050 SLG083 SMH091 SFR029 DRV068
TECF4FB444D87D8E,PTE047 PLG082 PMH087 STE049 SLG081 SMH090 SFR031 DRV067
TEC41CF61A613A45,PTE048 PLG082 PMH087 STE049 SLG081 SMH090 SFR031 DRV069
TEE8FC9A62C26122,PTE047 PLG083 PMH086 STE048 SLG084 SMH088 SFR029 DRV062
TECAB308F8426342,PTE047 PLG082 PMH087 STE049 SLG083 SMH088 SFR029 DRV062
TEE138B6C958B83F,PTE048 PLG085 PMH086 STE050 SLG081 SMH092 SFR028 DRV082
TEEF9316DFB213FB,PTE046 PLG081 PMH081 STE053 SLG082 SMH095 SFR026 DRV092
TEC2C9B269275309,PTE046 PLG082 PMH087 STE048 SLG084 SMH088 SFR029 DRV062
TECE714B38E86A6D,PTE046 PLG081 PMH082 STE050 SLG082 SMH094 SFR028 DRV085
TE4A9BEB672584A9,PTE047 PLG083 PMH087 STE048 SLG083 SMH088 SFR029 DRV061
TE52F2A18511AF3C,PTE048 PLG088 PMH087 STE051 SLG089 SMH096 SFR024 DRV077
TED56027C8BF5E84,PTE047 PLG082 PMH087 STE048 SLG084 SMH088 SFR030 DRV063
TEAA9FE7098E9F34,PTE048 PLG083 PMH085 STE050 SLG082 SMH091 SFR029 DRV075
TE7BDF669B1EA135,PTE048 PLG083 PMH087 STE049 SLG082 SMH088 SFR028 DRV061
TE54CBB87328FCC4,PTE046 PLG079 PMH084 STE048 SLG078 SMH090 SFR033 DRV075
TE0D6E5D3458288D,PTE045 PLG082 PMH087 STE049 SLG081 SMH090 SFR032 DRV074
TEFEEE75CDF78673,PTE047 PLG082 PMH086 STE050 SLG080 SMH090 SFR031 DRV071
TEF573EDF675CEA9,PTE046 PLG079 PMH084 STE049 SLG078 SMH090 SFR033 DRV073
TE426F572B877979,PTE046 PLG082 PMH087 STE049 SLG083 SMH088 SFR029 DRV062
TEBD3B21EC41E684,PTE048 PLG082 PMH086 STE049 SLG080 SMH090 SFR030 DRV067
TE7A73F45F8D0ABC,PTE046 PLG083 PMH087 STE049 SLG083 SMH088 SFR029 DRV062
TE9AA10D1BBC7A11,PTE046 PLG083 PMH083 STE051 SLG083 SMH094 SFR029 DRV087
TE0464813A34B4B4,PTE047 PLG083 PMH087 STE048 SLG084 SMH088 SFR029 DRV062
TE13800DBAF29229,PTE047 PLG082 PMH087 STE048 SLG084 SMH088 SFR030 DRV063
TEC3B65EA079836E,PTE045 PLG082 PMH084 STE049 SLG081 SMH091 SFR031 DRV078
TEE702DCE6B646FA,PTE043 PLG082 PMH083 STE050 SLG081 SMH093 SFR030 DRV092
TEAACDBB1C4A215A,PTE046 PLG083 PMH087 STE048 SLG083 SMH088 SFR029 DRV062
TE11C6538F15B140,PTE046 PLG082 PMH086 STE050 SLG080 SMH090 SFR031 DRV074
TE1B2CA321959952,PTE047 PLG083 PMH087 STE049 SLG083 SMH088 SFR029 DRV061
TE4BF97D419F46D5,PTE047 PLG083 PMH087 STE049 SLG083 SMH088 SFR029 DRV062
TE9D83228AA3259E,PTE045 PLG079 PMH085 STE048 SLG079 SMH088 SFR035 DRV071
TE5F0A4F0A637E5E,PTE046 PLG083 PMH087 STE048 SLG084 SMH088 SFR029 DRV062
TECD9165888BB453,PTE041 PLG078 PMH076 STE049 SLG081 SMH096 SFR034 DRV114
TE154A94AF351325,PTE048 PLG082 PMH080 STE052 SLG083 SMH095 SFR025 DRV098
TE70238133205594,PTE047 PLG083 PMH087 STE049 SLG083 SMH088 SFR029 DRV061
TEACD700790ECA80,PTE046 PLG083 PMH087 STE049 SLG083 SMH088 SFR029 DRV062
TEE62DD619FD0573,PTE045 PLG081 PMH087 STE048 SLG084 SMH088 SFR031 DRV063
TE8AFA9BD53888F6,PTE048 PLG083 PMH087 STE049 SLG082 SMH090 SFR030 DRV065
TE496A13D6160BE9,PTE047 PLG083 PMH087 STE049 SLG083 SMH088 SFR029 DRV062
TE66BB65D29ACE0C,PTE047 PLG083 PMH086 STE048 SLG084 SMH088 SFR028 DRV062
TEBE528B68DDC766,PTE047 PLG081 PMH080 STE050 SLG080 SMH095 SFR026 DRV095
TE2408BDA5E5EB2B,PTE046 PLG083 PMH087 STE048 SLG083 SMH088 SFR029 DRV062
TEB60973820E5A7A,PTE041 PLG085 PMH079 STE052 SLG088 SMH100 SFR026 DRV114
TE59F7481EA2D2B2,PTE049 PLG084 PMH087 STE049 SLG080 SMH089 SFR027 DRV059
TE88E5DE703F10BA,PTE048 PLG085 PMH087 STE051 SLG085 SMH093 SFR027 DRV075
TE31091FCED6EC59,PTE046 PLG083 PMH087 STE048 SLG084 SMH088 SFR029 DRV062
TE8B2876CD6A2E09,PTE047 PLG082 PMH087 STE048 SLG083 SMH088 SFR029 DRV062
TE8D5842EE043529,PTE045 PLG081 PMH087 STE048 SLG083 SMH088 SFR032 DRV065
TEA3E17FF1575E93,PTE047 PLG082 PMH086 STE049 SLG080 SMH090 SFR030 DRV070
TE383A2BEE8F8C29,PTE042 PLG079 PMH077 STE050 SLG077 SMH095 SFR031 DRV107
TE732AA5B433AEA9,PTE049 PLG086 PMH087 STE051 SLG088 SMH094 SFR025 DRV074
TE1CE9A23C13DE14,PTE039 PLG079 PMH076 STE049 SLG077 SMH094 SFR033 DRV112
TE303CC7FFB1C248,PTE046 PLG083 PMH087 STE048 SLG084 SMH088 SFR029 DRV062
TE0ED3D9260C7096,PTE046 PLG081 PMH085 STE049 SLG080 SMH088 SFR032 DRV072
TEED55C463C2A0BF,PTE046 PLG083 PMH087 STE048 SLG084 SMH088 SFR029 DRV062
TE9018431E3E7F1C,PTE046 PLG083 PMH085 STE050 SLG081 SMH092 SFR030 DRV078
TE9CEFA055751796,PTE048 PLG087 PMH085 STE052 SLG090 SMH098 SFR022 DRV088
TE20F2875ABA91F3,PTE048 PLG082 PMH087 STE049 SLG082 SMH090 SFR030 DRV065
TE35D1F2EA919EA8,PTE047 PLG082 PMH087 STE049 SLG083 SMH088 SFR029 DRV062
TE9504E86D252DA8,PTE046 PLG082 PMH087 STE048 SLG084 SMH088 SFR029 DRV063
TE939D946B7DBDF1,PTE046 PLG081 PMH087 STE048 SLG083 SMH088 SFR032 DRV064
TE0C3AC7C9C056C7,PTE046 PLG082 PMH085 STE049 SLG080 SMH091 SFR030 DRV077
TEECED348411610F,PTE048 PLG083 PMH089 STE048 SLG081 SMH089 SFR028 DRV060
TE40C33D5F1FBE0A,PTE047 PLG082 PMH087 STE049 SLG083 SMH088 SFR029 DRV062
TE69488D83E0DAC1,PTE046 PLG082 PMH087 STE048 SLG084 SMH088 SFR029 DRV062
TE1984ECAFACCFA2,PTE047 PLG083 PMH087 STE049 SLG083 SMH091 SFR029 DRV070
TE8C8C239F87AE6C,PTE046 PLG083 PMH087 STE048 SLG084 SMH088 SFR029 DRV062
TE48235B4436BDC8,PTE046 PLG083 PMH087 STE048 SLG083 SMH088 SFR029 DRV062
TE8C857E1B5A579F,PTE046 PLG083 PMH086 STE048 SLG084 SMH088 SFR029 DRV062
TE47C0835CF11410,PTE047 PLG088 PMH086 STE052 SLG091 SMH097 SFR024 DRV082
TE9A6042421F8A19,PTE043 PLG080 PMH082 STE050 SLG078 SMH092 SFR032 DRV088
TE2E3262D2BC17BD,PTE046 PLG083 PMH086 STE048 SLG084 SMH088 SFR028 DRV062
TEA842506CF32737,PTE045 PLG084 PMH082 STE050 SLG085 SMH097 SFR026 DRV095
TE2051D8A4FC65B8,PTE045 PLG081 PMH087 STE048 SLG084 SMH088 SFR031 DRV063
TE539DE218646E87,PTE046 PLG083 PMH086 STE048 SLG084 SMH088 SFR028 DRV062
TE4E224B8D6A6346,PTE046 PLG083 PMH087 STE048 SLG084 SMH088 SFR029 DRV062
TE8A85EA6841A0DC,PTE046 PLG082 PMH085 STE049 SLG081 SMH091 SFR031 DRV074
TE7ADE62DE81B14A,PTE048 PLG082 PMH088 STE048 SLG082 SMH089 SFR031 DRV062
TE446D466200D18E,PTE046 PLG083 PMH087 STE048 SLG084 SMH088 SFR029 DRV062
TE544C2E6878B31C,PTE046 PLG083 PMH087 STE048 SLG084 SMH088 SFR029 DRV062
TE6592E5A0398929,PTE045 PLG083 PMH082 STE052 SLG081 SMH094 SFR028 DRV093
TE1F504CE8CEB176,PTE048 PLG083 PMH087 STE049 SLG082 SMH089 SFR028 DRV062
TE04A503E7A61558,PTE044 PLG080 PMH080 STE051 SLG080 SMH094 SFR030 DRV097
TE2ED9452640D408,PTE046 PLG083 PMH087 STE048 SLG084 SMH088 SFR028 DRV062
TE25BD826BAFABF7,PTE047 PLG082 PMH087 STE048 SLG081 SMH089 SFR031 DRV063
TEFD8E482801D8D8,PTE046 PLG082 PMH087 STE049 SLG083 SMH088 SFR029 DRV062
TE3A2F1DB5DFB9A8,PTE048 PLG084 PMH084 STE051 SLG085 SMH095 SFR025 DRV082
TE9B58B35126B151,PTE048 PLG083 PMH087 STE049 SLG082 SMH089 SFR029 DRV063
TE7EB60E91C04D85,PTE048 PLG083 PMH086 STE050 SLG085 SMH093 SFR027 DRV073
TEB7A5C8457D55C3,PTE048 PLG083 PMH088 STE048 SLG081 SMH089 SFR031 DRV061
TE62771B925ED078,PTE046 PLG081 PMH080 STE051 SLG081 SMH095 SFR026 DRV093
TE4898CCAF7FF69A,PTE045 PLG081 PMH087 STE048 SLG084 SMH088 SFR031 DRV063
TEE7D794AD41CA6B,PTE046 PLG083 PMH087 STE048 SLG083 SMH088 SFR029 DRV061
TE60B5D62CD4734B,PTE048 PLG083 PMH087 STE049 SLG082 SMH089 SFR029 DRV063
TE763C3BAEF5B37E,PTE046 PLG082 PMH087 STE049 SLG083 SMH088 SFR029 DRV062
TEAE242691EDE45B,PTE047 PLG083 PMH086 STE048 SLG084 SMH088 SFR028 DRV062
TE92B527DA7F4823,PTE046 PLG090 PMH081 STE054 SLG092 SMH102 SFR020 DRV107
TEEE20587E60C2A9,PTE046 PLG083 PMH087 STE048 SLG084 SMH088 SFR029 DRV062
TEA912CDB4F80FC5,PTE046 PLG080 PMH084 STE049 SLG078 SMH090 SFR032 DRV075
TE48D550DDF4D21A,PTE050 PLG087 PMH088 STE050 SLG085 SMH092 SFR025 DRV070
TE6B11D70D2A0DF9,PTE048 PLG083 PMH087 STE049 SLG081 SMH090 SFR030 DRV070
TE6A517DEC73612C,PTE047 PLG083 PMH086 STE048 SLG084 SMH088 SFR029 DRV062
TE32C9A512C8FA0F,PTE046 PLG082 PMH087 STE048 SLG084 SMH088 SFR029 DRV062
TEB9248F36EEC7BD,PTE046 PLG083 PMH087 STE048 SLG083 SMH088 SFR029 DRV062
TEE8B7D0391416C1,PTE047 PLG083 PMH086 STE048 SLG084 SMH088 SFR029 DRV062
TE11F4785B480ADD,PTE045 PLG081 PMH081 STE052 SLG081 SMH095 SFR029 DRV090
TE436BC6A0BCF1F7,PTE045 PLG081 PMH083 STE049 SLG080 SMH093 SFR030 DRV085
TEB28E6739ECAC99,PTE047 PLG086 PMH087 STE050 SLG086 SMH093 SFR027 DRV074
TE09DB5F88D5DA24,PTE044 PLG082 PMH082 STE050 SLG081 SMH094 SFR030 DRV096
TE7E880F04E957C5,PTE046 PLG082 PMH087 STE048 SLG084 SMH088 SFR030 DRV063
TE578A2EFBCC5EC4,PTE047 PLG083 PMH086 STE048 SLG084 SMH088 SFR029 DRV062
TE2075122C35DF1C,PTE047 PLG083 PMH086 STE048 SLG084 SMH088 SFR029 DRV062
TE7F75BC22CCFB5F,PTE046 PLG081 PMH084 STE049 SLG079 SMH091 SFR030 DRV076
TE551DBCF73D73D0,PTE047 PLG082 PMH087 STE048 SLG083 SMH088 SFR031 DRV063
TE8C1612A1DF888C,PTE045 PLG080 PMH084 STE048 SLG078 SMH090 SFR033 DRV076
TE32C68C504E24BB,PTE048 PLG082 PMH083 STE051 SLG082 SMH093 SFR027 DRV085
TE559ECD6B8B0DA7,PTE047 PLG082 PMH087 STE048 SLG083 SMH088 SFR031 DRV063
TEBF903048B505FD,PTE043 PLG081 PMH082 STE049 SLG081 SMH093 SFR030 DRV085
TEFB80C2BA61E4DE,PTE048 PLG085 PMH089 STE049 SLG085 SMH091 SFR028 DRV064
TE95139969A9407E,PTE049 PLG084 PMH090 STE049 SLG085 SMH090 SFR027 DRV059
TEF95426B24E9986,PTE046 PLG082 PMH087 STE048 SLG084 SMH088 SFR030 DRV063
TE219B8570FF8965,PTE046 PLG083 PMH087 STE048 SLG083 SMH088 SFR029 DRV061
TE0C3C9F119D5AC2,PTE046 PLG082 PMH081 STE050 SLG080 SMH095 SFR028 DRV089
TE06F350E72889E1,PTE047 PLG083 PMH087 STE049 SLG083 SMH088 SFR029 DRV062
TE5CFD0D384C31A1,PTE048 PLG089 PMH087 STE052 SLG092 SMH097 SFR023 DRV079
TE6AE1244515081A,PTE045 PLG080 PMH082 STE049 SLG080 SMH093 SFR030 DRV088
TED08D68563672BA,PTE047 PLG083 PMH087 STE049 SLG083 SMH088 SFR029 DRV061
TEC379052C948FEB,PTE047 PLG082 PMH087 STE048 SLG083 SMH088 SFR032 DRV062
TE364E9F960DED9F,PTE048 PLG082 PMH086 STE050 SLG081 SMH090 SFR030 DRV071
TE154C002D2187A0,PTE047 PLG082 PMH087 STE049 SLG080 SMH089 SFR031 DRV064
TEE14C15EE2B0E69,PTE045 PLG083 PMH082 STE050 SLG082 SMH094 SFR028 DRV090
TE0AD148A4478D41,PTE047 PLG081 PMH087 STE048 SLG083 SMH088 SFR031 DRV063
TE3B152FA630DC76,PTE044 PLG081 PMH082 STE049 SLG079 SMH094 SFR031 DRV091
TEF16CAD04103161,PTE048 PLG083 PMH087 STE049 SLG083 SMH088 SFR029 DRV062
TE6EC86BA6D30300,PTE046 PLG083 PMH087 STE048 SLG084 SMH088 SFR029 DRV062
TE87CE2821E3ABFE,PTE047 PLG083 PMH087 STE049 SLG082 SMH088 SFR029 DRV061
TE8A05FD70773597,PTE046 PLG083 PMH087 STE049 SLG083 SMH088 SFR029 DRV062
TE691E1811D3878C,PTE046 PLG083 PMH087 STE048 SLG083 SMH088 SFR029 DRV062
TE5531F867EBB728,PTE047 PLG082 PMH087 STE049 SLG083 SMH088 SFR029 DRV062
TE9C309F0808D9C0,PTE043 PLG080 PMH083 STE048 SLG080 SMH091 SFR032 DRV081
TECFAB0DA2BABD1C,PTE048 PLG083 PMH086 STE049 SLG082 SMH091 SFR029 DRV069
TED32DB693742D9D,PTE047 PLG082 PMH087 STE049 SLG083 SMH088 SFR029 DRV062
TE075FA2FEF87475,PTE047 PLG083 PMH083 STE051 SLG083 SMH094 SFR026 DRV083
TEFAE9AD1ACA19F6,PTE048 PLG083 PMH087 STE049 SLG083 SMH088 SFR030 DRV063
TE19C208502AD06D,PTE046 PLG083 PMH087 STE048 SLG084 SMH088 SFR029 DRV062
TE085B156155B51D,PTE046 PLG082 PMH087 STE049 SLG083 SMH088 SFR029 DRV062
TE809CAD41850B0C,PTE049 PLG083 PMH088 STE049 SLG081 SMH089 SFR028 DRV059
TE1C05A971E94255,PTE047 PLG083 PMH085 STE049 SLG079 SMH091 SFR030 DRV078
TECE69E9599509F8,PTE046 PLG081 PMH087 STE048 SLG084 SMH088 SFR030 DRV063
TEC7AAE9F3162E9A,PTE047 PLG082 PMH085 STE050 SLG081 SMH091 SFR030 DRV077
TEF4DFB573E5C0E3,PTE043 PLG081 PMH082 STE049 SLG079 SMH093 SFR033 DRV088
TE40AD4C337F8CDF,PTE048 PLG083 PMH089 STE049 SLG082 SMH089 SFR029 DRV061
TE298C6A50A1A55B,PTE046 PLG116 PMH075 STE057 SLG126 SMH127 SFR000 DRV127
TE743A1C70E028A5,PTE047 PLG082 PMH087 STE049 SLG083 SMH088 SFR029 DRV062
TE20D9C9CEE395C6,PTE049 PLG085 PMH087 STE051 SLG087 SMH094 SFR026 DRV075
TE4FAA54CB93411E,PTE046 PLG083 PMH087 STE048 SLG084 SMH088 SFR029 DRV062
TE435630042D47FF,PTE046 PLG081 PMH084 STE049 SLG079 SMH091 SFR031 DRV078
TEC3F741FB0CCF0E,PTE046 PLG083 PMH087 STE048 SLG084 SMH088 SFR029 DRV062
TEF88305D6A8081B,PTE041 PLG079 PMH082 STE048 SLG079 SMH092 SFR034 DRV089
TEBC14BB3DFE9346,PTE047 PLG083 PMH086 STE050 SLG081 SMH091 SFR030 DRV072
TE20EEE3101EDB76,PTE047 PLG082 PMH086 STE050 SLG081 SMH091 SFR030 DRV074
TED199F9B072A030,PTE047 PLG087 PMH087 STE051 SLG088 SMH094 SFR025 DRV075
TE0DD8036297E7A9,PTE047 PLG082 PMH085 STE049 SLG081 SMH091 SFR029 DRV072
TECB50DB2E8F73FB,PTE039 PLG079 PMH079 STE047 SLG079 SMH095 SFR036 DRV107
TEC792278EC4D92D,PTE045 PLG083 PMH085 STE050 SLG082 SMH092 SFR030 DRV083
TE8D7A757E1191B5,PTE047 PLG082 PMH088 STE048 SLG082 SMH089 SFR030 DRV061
TEF04AB5B206C107,PTE047 PLG080 PMH084 STE049 SLG079 SMH089 SFR032 DRV073
TEFA9CF0862CC78A,PTE047 PLG082 PMH087 STE048 SLG082 SMH088 SFR031 DRV063
TEAB359EF69E7443,PTE047 PLG080 PMH084 STE048 SLG078 SMH089 SFR033 DRV073
TE76D2CF575038CE,PTE047 PLG083 PMH087 STE048 SLG084 SMH088 SFR029 DRV062
TEA0FB1F58901A26,PTE046 PLG083 PMH087 STE048 SLG084 SMH088 SFR029 DRV062
TE8DE21A5BE96318,PTE047 PLG082 PMH087 STE048 SLG082 SMH088 SFR032 DRV065
TEBF17A06F3FCF59,PTE047 PLG082 PMH087 STE049 SLG083 SMH088 SFR030 DRV063
TE0AEB77F721C312,PTE048 PLG085 PMH080 STE053 SLG087 SMH099 SFR020 DRV101
TE987443D8906B1F,PTE047 PLG082 PMH085 STE050 SLG081 SMH091 SFR030 DRV076
TE32CE2E8985D2BE,PTE047 PLG083 PMH087 STE048 SLG083 SMH088 SFR029 DRV062
TE999878C8D7FED4,PTE047 PLG083 PMH087 STE048 SLG084 SMH088 SFR029 DRV062
TE9ACB4FBFF0A39A,PTE045 PLG079 PMH079 STE050 SLG081 SMH095 SFR028 DRV095
TEEC16E5C082444D,PTE046 PLG084 PMH086 STE050 SLG083 SMH093 SFR029 DRV077
TECEFBA29AEB5952,PTE047 PLG083 PMH086 STE048 SLG084 SMH088 SFR029 DRV062
TEC08559A2627D98,PTE049 PLG088 PMH088 STE052 SLG093 SMH096 SFR022 DRV074
TEF92624A85AAB6F,PTE048 PLG082 PMH085 STE051 SLG083 SMH093 SFR028 DRV079
TEF9479349604537,PTE047 PLG082 PMH083 STE051 SLG081 SMH093 SFR028 DRV084
TEBD2CD9E31F9ED9,PTE047 PLG082 PMH087 STE048 SLG083 SMH088 SFR030 DRV063
TE4137EE7770406A,PTE046 PLG082 PMH087 STE049 SLG083 SMH088 SFR029 DRV063
TE2473D9D193257E,PTE047 PLG083 PMH087 STE048 SLG084 SMH088 SFR029 DRV062
TE02A9350B8ABA1E,PTE045 PLG083 PMH084 STE050 SLG082 SMH092 SFR030 DRV084
TE82A1FFA2DAE3DA,PTE048 PLG082 PMH087 STE049 SLG081 SMH089 SFR031 DRV064
TE7F7F5E2A82F8ED,PTE045 PLG080 PMH082 STE049 SLG079 SMH092 SFR031 DRV085
TE8B5EB4C51B2CF1,PTE040 PLG078 PMH075 STE049 SLG078 SMH096 SFR031 DRV115
TEDB8AC1262EE887,PTE046 PLG081 PMH085 STE048 SLG080 SMH088 SFR032 DRV071
TE2EE966D14CDBB1,PTE046 PLG083 PMH087 STE048 SLG084 SMH088 SFR028 DRV062
TE0FF59A9235ECE7,PTE044 PLG082 PMH084 STE049 SLG081 SMH092 SFR032 DRV082
TE3B877F4D7A17BC,PTE046 PLG083 PMH087 STE048 SLG083 SMH088 SFR029 DRV062
TE39EB2B58A05163,PTE046 PLG082 PMH087 STE049 SLG083 SMH088 SFR029 DRV061
TEA1596E934A1F4D,PTE046 PLG083 PMH087 STE048 SLG084 SMH088 SFR029 DRV062
TED007DAA7B74952,PTE047 PLG084 PMH085 STE050 SLG085 SMH094 SFR028 DRV080
TEDBACF6C08B0EC4,PTE046 PLG083 PMH087 STE049 SLG083 SMH088 SFR029 DRV062
TE01EE74F6B63EA3,PTE046 PLG083 PMH087 STE048 SLG084 SMH088 SFR029 DRV062
TE01CE3C5FF11BA0,PTE037 PLG117 PMH074 STE046 SLG115 SMH124 SFR011 DRV127
TE2ACF3A0730CFBB,PTE046 PLG095 PMH087 STE051 SLG094 SMH101 SFR020 DRV088
TED227E997BEC130,PTE047 PLG082 PMH087 STE049 SLG080 SMH089 SFR031 DRV065
TED63E4B592EB3CC,PTE047 PLG083 PMH087 STE049 SLG083 SMH088 SFR029 DRV061
TEE908C56608B4E7,PTE045 PLG080 PMH082 STE049 SLG078 SMH092 SFR030 DRV084
TE51750E2DF483E2,PTE047 PLG084 PMH086 STE049 SLG084 SMH093 SFR028 DRV076
TE2A244A3600A9F6,PTE046 PLG083 PMH086 STE049 SLG080 SMH091 SFR030 DRV074
TE532BD2B60183BA,PTE049 PLG088 PMH080 STE054 SLG092 SMH102 SFR015 DRV098
TEC5FFE12EAFCC8C,PTE046 PLG083 PMH087 STE048 SLG084 SMH088 SFR029 DRV062
TE09CD1FC81D20AE,PTE048 PLG083 PMH086 STE050 SLG081 SMH091 SFR030 DRV071
TE70B7B28BB9A4D5,PTE047 PLG083 PMH086 STE048 SLG084 SMH088 SFR028 DRV062
TE1A2012AD01A4B3,PTE047 PLG082 PMH087 STE048 SLG083 SMH088 SFR030 DRV063
TEE87ECF0E6590B6,PTE048 PLG086 PMH087 STE051 SLG088 SMH095 SFR025 DRV079
TE08B92B414F4313,PTE047 PLG082 PMH086 STE049 SLG080 SMH090 SFR031 DRV073
TE3D3F542F2507D7,PTE047 PLG084 PMH087 STE049 SLG082 SMH091 SFR029 DRV070
TE91AB1A479C24E1,PTE041 PLG084 PMH076 STE050 SLG084 SMH101 SFR026 DRV114
TE720B91D5535A36,PTE048 PLG084 PMH086 STE050 SLG085 SMH093 SFR027 DRV072
TEC464DE8AFD3F9A,PTE048 PLG083 PMH088 STE048 SLG082 SMH089 SFR029 DRV061
TE1262DAF2994837,PTE048 PLG083 PMH087 STE049 SLG082 SMH088 SFR029 DRV061
TECFFB0CF9AE1D1C,PTE047 PLG083 PMH087 STE048 SLG084 SMH088 SFR029 DRV062
TECDAD95684A41D1,PTE047 PLG082 PMH085 STE050 SLG081 SMH091 SFR030 DRV077
TEFD75213D021AE6,PTE048 PLG082 PMH087 STE049 SLG081 SMH090 SFR030 DRV067
TE958D992CB1A554,PTE048 PLG083 PMH088 STE049 SLG082 SMH089 SFR029 DRV063
TE1CA312D2799182,PTE046 PLG083 PMH087 STE048 SLG083 SMH088 SFR029 DRV062
TE53749659919CFC,PTE047 PLG082 PMH087 STE049 SLG083 SMH088 SFR029 DRV062
TE767969DB15D0D5,PTE046 PLG083 PMH087 STE048 SLG084 SMH088 SFR029 DRV062
TE87EFA39E75A8DD,PTE046 PLG082 PMH082 STE050 SLG081 SMH094 SFR028 DRV084
TE6011AF01A1BF1A,PTE046 PLG084 PMH081 STE052 SLG085 SMH097 SFR025 DRV099
TEAD3727C89A52FE,PTE047 PLG083 PMH086 STE048 SLG084 SMH088 SFR028 DRV062
TEA893D3C1C415F6,PTE047 PLG082 PMH087 STE048 SLG083 SMH088 SFR031 DRV063
TE76170FFEB73C13,PTE048 PLG083 PMH088 STE048 SLG082 SMH089 SFR031 DRV061
TE9EE45A78E98FF3,PTE046 PLG080 PMH085 STE048 SLG080 SMH088 SFR033 DRV072
TE7281277508664C,PTE046 PLG082 PMH087 STE048 SLG084 SMH088 SFR029 DRV062
TE86C721D931F296,PTE035 PLG086 PMH069 STE049 SLG093 SMH110 SFR024 DRV127
TE7A043859D3C7EB,PTE046 PLG084 PMH082 STE050 SLG079 SMH093 SFR028 DRV095
TEF2218487D6F57A,PTE047 PLG083 PMH087 STE049 SLG081 SMH090 SFR030 DRV068
TE9BA1B88A12523F,PTE047 PLG083 PMH086 STE048 SLG084 SMH088 SFR029 DRV062
TEA463110E6C0C95,PTE045 PLG081 PMH087 STE048 SLG084 SMH088 SFR032 DRV063
TED5E48FEF5AA3EF,PTE045 PLG081 PMH087 STE048 SLG084 SMH088 SFR031 DRV063
TE0400EF212D2243,PTE046 PLG083 PMH087 STE048 SLG083 SMH088 SFR029 DRV062
TE5A18E4AA90CE3B,PTE049 PLG085 PMH087 STE051 SLG086 SMH093 SFR026 DRV073
TEBB1314580DD09A,PTE048 PLG083 PMH087 STE048 SLG083 SMH088 SFR031 DRV064
TE30E7098D95E97E,PTE047 PLG082 PMH082 STE050 SLG081 SMH093 SFR028 DRV086
TEE21F36F6B020A6,PTE047 PLG083 PMH086 STE048 SLG084 SMH088 SFR028 DRV062
TE603A66F55F10A4,PTE046 PLG083 PMH087 STE048 SLG084 SMH088 SFR029 DRV062
TEDEBAFE1D41C0E3,PTE046 PLG083 PMH087 STE048 SLG084 SMH088 SFR029 DRV062
TE34AF12E89DD426,PTE044 PLG085 PMH084 STE050 SLG087 SMH096 SFR027 DRV090
TE2FC2D7A124810D,PTE048 PLG082 PMH087 STE050 SLG082 SMH091 SFR030 DRV067
TE24DFA92359C5ED,PTE047 PLG083 PMH087 STE048 SLG083 SMH088 SFR029 DRV062
TEED66CA1CC84749,PTE046 PLG083 PMH087 STE048 SLG084 SMH088 SFR029 DRV062
TEB10822C4846F90,PTE048 PLG082 PMH085 STE050 SLG081 SMH091 SFR028 DRV075
TE0C5932895C1352,PTE045 PLG089 PMH078 STE055 SLG093 SMH105 SFR017 DRV114
TE1D1A65ECDBE4E9,PTE046 PLG083 PMH086 STE048 SLG084 SMH088 SFR029 DRV062
TE51A8E0EC326B75,PTE046 PLG082 PMH087 STE048 SLG084 SMH088 SFR029 DRV063
TEA9C3297AC05BDF,PTE047 PLG083 PMH087 STE049 SLG083 SMH088 SFR029 DRV062
TEF5CCD191F7FD42,PTE046 PLG083 PMH087 STE048 SLG083 SMH088 SFR029 DRV062
TEE3D3D471815C29,PTE044 PLG080 PMH082 STE050 SLG079 SMH092 SFR032 DRV089
TEE1288A9E77EAEE,PTE046 PLG082 PMH087 STE048 SLG084 SMH088 SFR029 DRV063
TE32C819D83C4A3D,PTE046 PLG083 PMH087 STE048 SLG083 SMH088 SFR029 DRV062
TE56B0E8E7BC4248,PTE046 PLG083 PMH085 STE051 SLG081 SMH092 SFR029 DRV083
TED3695BFC55ACB7,PTE046 PLG083 PMH087 STE048 SLG084 SMH088 SFR029 DRV062
TE5A9E751D808EBC,PTE044 PLG080 PMH076 STE051 SLG082 SMH097 SFR026 DRV108
TEAA4D1EA6B48345,PTE045 PLG081 PMH084 STE049 SLG080 SMH091 SFR031 DRV079
TEB963E3668614D5,PTE048 PLG083 PMH089 STE049 SLG082 SMH089 SFR030 DRV061
TEA0A2387A6E5491,PTE047 PLG082 PMH087 STE048 SLG083 SMH088 SFR031 DRV063
TE0719599CC1EB91,PTE048 PLG083 PMH089 STE049 SLG082 SMH089 SFR030 DRV061
TE5703B50AFC3D2D,PTE045 PLG081 PMH084 STE049 SLG079 SMH091 SFR031 DRV080
TE7B9CECF6155B94,PTE049 PLG084 PMH088 STE049 SLG082 SMH089 SFR028 DRV060
TE2C9D617A2A269A,PTE048 PLG083 PMH087 STE049 SLG081 SMH089 SFR029 DRV062
TE530C0F70D5A277,PTE046 PLG083 PMH087 STE048 SLG084 SMH088 SFR029 DRV062
TE9730261B75BB5C,PTE045 PLG081 PMH086 STE048 SLG083 SMH088 SFR032 DRV066
TEE4B3A651A0456F,PTE049 PLG084 PMH089 STE049 SLG081 SMH090 SFR027 DRV058
TEB856D9970AB912,PTE046 PLG083 PMH087 STE048 SLG083 SMH088 SFR029 DRV062
TEE2D0B8DFEA2D58,PTE047 PLG084 PMH087 STE050 SLG082 SMH091 SFR030 DRV071
TE3925C00D78D83D,PTE043 PLG079 PMH075 STE052 SLG079 SMH097 SFR026 DRV109
TECF744C83694F1F,PTE044 PLG083 PMH084 STE050 SLG082 SMH093 SFR030 DRV091
TE860ADFCB251ECF,PTE048 PLG083 PMH088 STE049 SLG082 SMH089 SFR030 DRV060
TE4E71A3530F1753,PTE046 PLG083 PMH087 STE048 SLG084 SMH088 SFR029 DRV062
TED4B108425EB507,PTE047 PLG081 PMH082 STE050 SLG080 SMH093 SFR029 DRV086
TE2F3A46CB83D9F1,PTE046 PLG082 PMH082 STE050 SLG080 SMH093 SFR029 DRV092
TEEA2100D3867735,PTE046 PLG081 PMH087 STE048 SLG084 SMH088 SFR030 DRV063
TE94ED61945098A3,PTE046 PLG083 PMH086 STE048 SLG084 SMH088 SFR029 DRV062
TE90EF7E1B6F2CF6,PTE044 PLG082 PMH080 STE050 SLG084 SMH096 SFR027 DRV098
TEC2BC8871E2D8E5,PTE047 PLG083 PMH086 STE048 SLG084 SMH088 SFR029 DRV062
TEA3858445DA2F87,PTE047 PLG083 PMH087 STE048 SLG084 SMH088 SFR029 DRV062
TE6A716CD504F6EE,PTE046 PLG083 PMH087 STE048 SLG084 SMH088 SFR029 DRV062
TE98308B7B381264,PTE046 PLG080 PMH080 STE052 SLG080 SMH094 SFR029 DRV098
TE272A3040AA5424,PTE047 PLG083 PMH086 STE048 SLG084 SMH088 SFR028 DRV062
TE5D8BA0B1BA1236,PTE046 PLG083 PMH087 STE048 SLG084 SMH088 SFR029 DRV062
TE60D721BC150C9D,PTE048 PLG082 PMH087 STE049 SLG081 SMH090 SFR031 DRV066
TED2E457901833FE,PTE047 PLG083 PMH087 STE049 SLG083 SMH088 SFR029 DRV062
TE50DF2E393303F6,PTE046 PLG082 PMH087 STE048 SLG084 SMH088 SFR030 DRV063
TE1A124C142C9562,PTE043 PLG080 PMH081 STE048 SLG079 SMH093 SFR031 DRV093
TEDCB7F350643AFA,PTE046 PLG082 PMH087 STE048 SLG083 SMH088 SFR032 DRV066
TE553723A0ED3020,PTE047 PLG082 PMH083 STE051 SLG081 SMH093 SFR030 DRV086
TEF5E22052D4AF07,PTE041 PLG075 PMH079 STE047 SLG076 SMH091 SFR037 DRV097
TE0ED82C3AB9C9B8,PTE046 PLG081 PMH085 STE050 SLG081 SMH091 SFR031 DRV074
TE2E9590201E6B3B,PTE046 PLG083 PMH087 STE048 SLG084 SMH088 SFR029 DRV062
TE5D3AF37B18B8D5,PTE047 PLG082 PMH087 STE049 SLG082 SMH088 SFR029 DRV062
TED732D38AE4D44A,PTE044 PLG082 PMH085 STE049 SLG080 SMH090 SFR032 DRV077
TE9A27067B3B7168,PTE046 PLG083 PMH087 STE048 SLG083 SMH088 SFR029 DRV061
TE54F636723E08DB,PTE047 PLG083 PMH086 STE048 SLG084 SMH088 SFR028 DRV062
TEDF3F38D52D167F,PTE046 PLG082 PMH087 STE049 SLG083 SMH088 SFR029 DRV062
TEAD407240252C07,PTE046 PLG083 PMH086 STE048 SLG084 SMH088 SFR028 DRV062
TEF52249230DA3A2,PTE047 PLG083 PMH087 STE048 SLG084 SMH088 SFR029 DRV062
TEF74DCD7E7E8AD1,PTE046 PLG082 PMH087 STE048 SLG084 SMH088 SFR029 DRV063
TE71E847A937157A,PTE047 PLG083 PMH085 STE050 SLG081 SMH092 SFR030 DRV080
TEA284527860C9B6,PTE047 PLG083 PMH087 STE049 SLG081 SMH091 SFR030 DRV070
TEA0C8905B87A733,PTE046 PLG081 PMH086 STE048 SLG083 SMH088 SFR032 DRV066
TE65AA322DAF9538,PTE048 PLG084 PMH089 STE050 SLG084 SMH091 SFR029 DRV064
TE44F45F7189AAEC,PTE046 PLG083 PMH087 STE048 SLG084 SMH088 SFR029 DRV062
TE2F798C0369E7F3,PTE047 PLG083 PMH087 STE049 SLG083 SMH088 SFR029 DRV062
TEC5CF43CE924FC8,PTE046 PLG082 PMH088 STE048 SLG084 SMH088 SFR030 DRV063
TEC7C4AB688C45ED,PTE043 PLG080 PMH079 STE049 SLG079 SMH095 SFR030 DRV101
TEAB84D7F8BAFB21,PTE047 PLG083 PMH087 STE049 SLG083 SMH088 SFR029 DRV062
TEE32AC2E26D8C78,PTE047 PLG081 PMH083 STE051 SLG081 SMH093 SFR028 DRV081
TE5D67D13048F037,PTE044 PLG080 PMH083 STE049 SLG079 SMH092 SFR032 DRV082
TEC78B0DB914654C,PTE046 PLG082 PMH087 STE048 SLG084 SMH088 SFR029 DRV062
TEBAA79BA015B5BD,PTE046 PLG083 PMH087 STE048 SLG083 SMH088 SFR029 DRV062
TE1D6D3DDCDE2194,PTE046 PLG083 PMH087 STE048 SLG084 SMH088 SFR029 DRV062
TE676663D6D21970,PTE047 PLG084 PMH084 STE051 SLG083 SMH093 SFR028 DRV083
TE6F5F33EEBC5019,PTE048 PLG083 PMH088 STE049 SLG083 SMH090 SFR030 DRV063
TE484913E12D2E2F,PTE046 PLG083 PMH087 STE048 SLG084 SMH088 SFR029 DRV062
TE715527095775B0,PTE047 PLG082 PMH087 STE048 SLG083 SMH088 SFR030 DRV063
TEF00922B64FB4C1,PTE048 PLG083 PMH084 STE051 SLG085 SMH094 SFR027 DRV081
TE3942A1D3B6DD71,PTE048 PLG083 PMH087 STE049 SLG083 SMH088 SFR030 DRV063
TEC579B08099FC1C,PTE047 PLG083 PMH086 STE048 SLG084 SMH088 SFR028 DRV062
TE52B9611FF71165,PTE047 PLG082 PMH083 STE051 SLG083 SMH094 SFR025 DRV079
TEAAF941122F2B89,PTE048 PLG083 PMH088 STE050 SLG083 SMH090 SFR030 DRV066
TE8925FFB01F04AA,PTE046 PLG083 PMH087 STE048 SLG084 SMH088 SFR029 DRV062
TECD0BE0CF9DF913,PTE047 PLG081 PMH083 STE050 SLG079 SMH092 SFR030 DRV084
TEBD760EF4CBEB2C,PTE042 PLG082 PMH084 STE049 SLG082 SMH093 SFR033 DRV087
TE62A78AFBD29CC1,PTE047 PLG082 PMH086 STE049 SLG080 SMH090 SFR031 DRV072
TE95E3D8F4139B58,PTE046 PLG081 PMH083 STE050 SLG080 SMH093 SFR029 DRV084
TED0E75DFE15D296,PTE046 PLG082 PMH087 STE048 SLG084 SMH088 SFR029 DRV062
TE573C1A7ADFEBE9,PTE047 PLG082 PMH087 STE049 SLG083 SMH088 SFR029 DRV061
TE23C2FC6A5DCEB5,PTE048 PLG084 PMH090 STE049 SLG085 SMH090 SFR029 DRV059
TE0D5F70384DD806,PTE046 PLG083 PMH087 STE048 SLG084 SMH088 SFR029 DRV062
TE8EF3FD33A66766,PTE046 PLG082 PMH087 STE048 SLG083 SMH088 SFR029 DRV062
TEC8D052A36B1C98,PTE045 PLG084 PMH077 STE053 SLG083 SMH099 SFR023 DRV108
TEFD7EEBDD55657D,PTE047 PLG082 PMH087 STE048 SLG081 SMH088 SFR032 DRV066
TE82F38CAAD1CBBF,PTE041 PLG081 PMH081 STE049 SLG078 SMH094 SFR032 DRV100
TE6A99DA0CCC08EE,PTE046 PLG082 PMH084 STE050 SLG080 SMH091 SFR030 DRV082
TE73B52241DE75BE,PTE048 PLG082 PMH087 STE049 SLG080 SMH089 SFR031 DRV068
TE847E2CEA2367B3,PTE047 PLG083 PMH087 STE048 SLG084 SMH088 SFR029 DRV062
TE4E2578EFAA0B43,PTE046 PLG083 PMH087 STE048 SLG083 SMH088 SFR029 DRV062
TE59D33170550807,PTE046 PLG083 PMH087 STE048 SLG084 SMH088 SFR029 DRV062
TE1F0806394171D5,PTE048 PLG084 PMH087 STE049 SLG082 SMH088 SFR029 DRV061
TE3D0533C96713BC,PTE047 PLG082 PMH087 STE049 SLG083 SMH088 SFR029 DRV063
TE2E9A35073497DD,PTE046 PLG082 PMH087 STE049 SLG084 SMH088 SFR029 DRV062
TE90602A89924208,PTE046 PLG082 PMH087 STE049 SLG084 SMH088 SFR029 DRV062
TE076B1BBCCEB084,PTE043 PLG084 PMH083 STE049 SLG085 SMH095 SFR029 DRV092
TE87D89D07C80E8A,PTE044 PLG082 PMH077 STE052 SLG084 SMH099 SFR025 DRV112
TE593D1417663957,PTE047 PLG082 PMH086 STE049 SLG079 SMH090 SFR031 DRV075
TE0F675E5F87DF35,PTE047 PLG083 PMH087 STE048 SLG084 SMH088 SFR029 DRV062
TE2466530336764A,PTE046 PLG085 PMH085 STE051 SLG085 SMH094 SFR029 DRV087
TEA536203921B08F,PTE047 PLG083 PMH087 STE049 SLG083 SMH088 SFR029 DRV062
TEA65812C904AA95,PTE046 PLG083 PMH087 STE048 SLG083 SMH088 SFR029 DRV062
TEB582147F6B5BE2,PTE049 PLG086 PMH086 STE052 SLG088 SMH095 SFR025 DRV078
TED95F4A623F60F3,PTE050 PLG099 PMH088 STE055 SLG106 SMH105 SFR011 DRV083
TE62DA3E57444979,PTE046 PLG083 PMH087 STE048 SLG084 SMH088 SFR029 DRV062
TE98F8FFC067B837,PTE047 PLG082 PMH084 STE050 SLG080 SMH092 SFR030 DRV080
TEB40F70A96E04A5,PTE044 PLG081 PMH083 STE050 SLG081 SMH093 SFR031 DRV089
TE909033BEFCB2C5,PTE046 PLG082 PMH087 STE049 SLG083 SMH088 SFR029 DRV062
TE72CA8CA38E835E,PTE045 PLG081 PMH087 STE047 SLG085 SMH088 SFR031 DRV063
TE9B95399F982B9A,PTE047 PLG083 PMH087 STE049 SLG083 SMH088 SFR029 DRV061
TEFD90FAF676D2CC,PTE046 PLG083 PMH087 STE048 SLG084 SMH088 SFR028 DRV062
TEE0B237305AFCDB,PTE047 PLG083 PMH087 STE049 SLG081 SMH090 SFR031 DRV067
TEE01F8920B40252,PTE046 PLG082 PMH087 STE049 SLG083 SMH088 SFR029 DRV062
TE2E40A920F59AC8,PTE046 PLG082 PMH087 STE049 SLG083 SMH088 SFR029 DRV061
TEA08BA18B4BB9D6,PTE046 PLG081 PMH083 STE051 SLG081 SMH093 SFR028 DRV086
TEF6024FAF5ABFA6,PTE049 PLG084 PMH089 STE050 SLG083 SMH090 SFR027 DRV059
TE92F2B7A9CF4234,PTE046 PLG083 PMH087 STE048 SLG083 SMH088 SFR029 DRV062
TEA1D0060A175236,PTE045 PLG083 PMH084 STE050 SLG082 SMH093 SFR029 DRV085
TE8B33AD6F334776,PTE047 PLG083 PMH087 STE048 SLG083 SMH088 SFR029 DRV061
TEC51096EDD4DFA7,PTE048 PLG083 PMH087 STE049 SLG082 SMH090 SFR030 DRV068
TE3FA95BC3602E48,PTE049 PLG084 PMH087 STE049 SLG082 SMH089 SFR028 DRV062
TE91F3A770D448C1,PTE047 PLG082 PMH087 STE048 SLG081 SMH089 SFR031 DRV064
TE491E0CC97AA2DA,PTE047 PLG080 PMH084 STE049 SLG078 SMH090 SFR032 DRV076
TE55A5736F2C3502,PTE046 PLG083 PMH087 STE048 SLG083 SMH088 SFR029 DRV062
TE6AC08A29B49F90,PTE046 PLG083 PMH087 STE048 SLG084 SMH088 SFR029 DRV062
TE0F0867A9BC5A46,PTE048 PLG082 PMH083 STE051 SLG082 SMH093 SFR027 DRV083
TEB9BBC4DF0E49EC,PTE047 PLG082 PMH086 STE049 SLG080 SMH090 SFR031 DRV070
TEC2DB4A20761A64,PTE047 PLG083 PMH087 STE049 SLG083 SMH088 SFR029 DRV061
TEEE7E608ED4F234,PTE046 PLG083 PMH087 STE048 SLG084 SMH088 SFR029 DRV062
TEA6C44B8AAB4D56,PTE047 PLG082 PMH086 STE049 SLG081 SMH088 SFR031 DRV070
TEB5F6A3156DF0D1,PTE048 PLG083 PMH087 STE050 SLG082 SMH091 SFR029 DRV071
TE6B1152EFD59817,PTE045 PLG084 PMH077 STE052 SLG086 SMH102 SFR023 DRV115
TE90F54B345F3ED1,PTE047 PLG083 PMH086 STE048 SLG084 SMH088 SFR028 DRV062
TE12480D3E8CD394,PTE048 PLG083 PMH087 STE049 SLG082 SMH089 SFR029 DRV062
TEA105E094933D3E,PTE047 PLG082 PMH086 STE050 SLG081 SMH091 SFR030 DRV074
TE39C8059BA27BE9,PTE046 PLG083 PMH087 STE048 SLG083 SMH088 SFR029 DRV062
TE48908CD2B002BD,PTE047 PLG083 PMH087 STE048 SLG084 SMH088 SFR029 DRV062
TEA8BF92E85E9B93,PTE044 PLG082 PMH084 STE049 SLG080 SMH092 SFR032 DRV082
TE9B2DA4EABCF253,PTE048 PLG083 PMH087 STE049 SLG083 SMH088 SFR030 DRV063
TE27628F002485FA,PTE046 PLG082 PMH085 STE050 SLG080 SMH091 SFR031 DRV075
TEB3E9CBC2F16CE5,PTE045 PLG080 PMH080 STE049 SLG079 SMH094 SFR028 DRV094
TEEA1A7322DAC51B,PTE046 PLG082 PMH087 STE048 SLG084 SMH088 SFR029 DRV063
TE9CF40B113FA304,PTE047 PLG083 PMH086 STE050 SLG084 SMH092 SFR029 DRV075
TE3993F0B45FA846,PTE047 PLG083 PMH088 STE050 SLG083 SMH091 SFR030 DRV068
TE32F35A519DFD85,PTE046 PLG083 PMH087 STE048 SLG083 SMH088 SFR029 DRV062
TE8F8BC9EC605A78,PTE046 PLG083 PMH087 STE048 SLG083 SMH088 SFR029 DRV062
TE5BAD220C4A994F,PTE045 PLG081 PMH087 STE048 SLG084 SMH088 SFR031 DRV063
TECB1D397EAFDDCB,PTE047 PLG082 PMH084 STE050 SLG081 SMH093 SFR027 DRV079
TEA934589856D026,PTE047 PLG079 PMH083 STE049 SLG077 SMH091 SFR032 DRV081
TEE8ABCAFCE15668,PTE048 PLG084 PMH089 STE050 SLG085 SMH091 SFR029 DRV066
TE0DA35ECB184D46,PTE046 PLG083 PMH087 STE048 SLG083 SMH088 SFR029 DRV062
TEAE9F0974E3C2A2,PTE047 PLG083 PMH087 STE049 SLG083 SMH088 SFR029 DRV061
TE226787C46947E6,PTE048 PLG083 PMH088 STE049 SLG081 SMH090 SFR031 DRV064
TED00C9D331F74FE,PTE048 PLG087 PMH090 STE051 SLG089 SMH093 SFR027 DRV067
TE49AD129BB977B9,PTE048 PLG083 PMH087 STE048 SLG082 SMH088 SFR031 DRV065
TE037264F0AC2879,PTE045 PLG081 PMH087 STE048 SLG084 SMH087 SFR031 DRV063
TE49C1738BBCD9FC,PTE046 PLG083 PMH087 STE048 SLG083 SMH088 SFR029 DRV062
TE8AA94C630DA7D5,PTE045 PLG081 PMH084 STE049 SLG080 SMH091 SFR031 DRV080
TE4E60D685E81C1F,PTE046 PLG083 PMH087 STE048 SLG084 SMH088 SFR029 DRV062
TE4A1057B6EA2AE5,PTE046 PLG082 PMH087 STE048 SLG083 SMH088 SFR029 DRV062
TE7183CAAF7E613B,PTE041 PLG079 PMH079 STE047 SLG078 SMH093 SFR033 DRV095
TEC4D1058415FA0B,PTE047 PLG081 PMH084 STE049 SLG079 SMH090 SFR030 DRV074
TEC33AB26D20FA9C,PTE047 PLG083 PMH082 STE051 SLG083 SMH095 SFR024 DRV089
TEB46B972E750BFF,PTE047 PLG080 PMH082 STE050 SLG077 SMH091 SFR029 DRV085
TEFCB8E688664212,PTE046 PLG083 PMH087 STE048 SLG084 SMH088 SFR028 DRV062
TEECAA511F8A5156,PTE047 PLG082 PMH086 STE048 SLG082 SMH088 SFR032 DRV066
TED0A0E6B02EBE59,PTE046 PLG083 PMH086 STE048 SLG084 SMH088 SFR029 DRV062
TE6D9570E717F4AE,PTE043 PLG082 PMH079 STE050 SLG079 SMH095 SFR028 DRV102
TED5060535BA15C3,PTE047 PLG082 PMH087 STE048 SLG083 SMH088 SFR030 DRV063
TEA51215DB26069D,PTE046 PLG082 PMH087 STE048 SLG084 SMH088 SFR029 DRV063
TE6174D3F96462C0,PTE047 PLG083 PMH087 STE049 SLG081 SMH090 SFR030 DRV067
TE04F779896994C2,PTE047 PLG084 PMH088 STE049 SLG082 SMH090 SFR030 DRV062
TE3D895F79D1F617,PTE047 PLG082 PMH086 STE050 SLG080 SMH091 SFR030 DRV072
TE1FE67FD4613F13,PTE045 PLG082 PMH079 STE051 SLG082 SMH096 SFR026 DRV100
TE3938C73AE23D04,PTE046 PLG083 PMH087 STE048 SLG084 SMH088 SFR029 DRV062
TE98693858752DEC,PTE044 PLG088 PMH078 STE054 SLG089 SMH103 SFR021 DRV113
TE2CED83C7E7BDAD,PTE048 PLG083 PMH087 STE049 SLG083 SMH091 SFR029 DRV068
TE3FC7A77D701EC1,PTE048 PLG083 PMH088 STE048 SLG081 SMH089 SFR029 DRV062
TEEC692E095E0C7A,PTE049 PLG085 PMH086 STE051 SLG085 SMH093 SFR026 DRV077
TEB111C6F2A8C1A9,PTE051 PLG088 PMH088 STE051 SLG086 SMH093 SFR024 DRV076
TE7E9F8E50FD79F6,PTE046 PLG082 PMH087 STE048 SLG083 SMH088 SFR029 DRV062
TE97E0CC23F2153E,PTE047 PLG083 PMH087 STE049 SLG083 SMH088 SFR029 DRV062
TE8BB160B5906F32,PTE047 PLG083 PMH087 STE049 SLG083 SMH088 SFR029 DRV062
TEC8326ACA8D6ED9,PTE048 PLG086 PMH084 STE053 SLG088 SMH096 SFR024 DRV087
TEA096962FE9AF0D,PTE048 PLG083 PMH088 STE048 SLG082 SMH090 SFR030 DRV063
TEB747058F2ADD00,PTE047 PLG083 PMH086 STE048 SLG084 SMH088 SFR029 DRV062
TE507214AFCA550C,PTE049 PLG086 PMH086 STE053 SLG089 SMH096 SFR023 DRV078
TE010FA18A8ABF69,PTE048 PLG083 PMH087 STE049 SLG083 SMH088 SFR029 DRV061
TE063B885C6A5723,PTE046 PLG083 PMH086 STE048 SLG084 SMH088 SFR029 DRV062
TE66D2BDE0E00082,PTE046 PLG080 PMH085 STE048 SLG081 SMH088 SFR033 DRV071
TE06C12288C169D3,PTE046 PLG083 PMH087 STE048 SLG084 SMH088 SFR029 DRV062
TEC3CCBA22F2D21E,PTE046 PLG083 PMH086 STE048 SLG084 SMH088 SFR028 DRV062
TEACFD31B48F5D1D,PTE046 PLG082 PMH087 STE048 SLG083 SMH088 SFR032 DRV064
TE0DF1422D8B7FF7,PTE047 PLG083 PMH087 STE049 SLG083 SMH088 SFR029 DRV061
TE2D50E6C20F4F74,PTE046 PLG082 PMH087 STE048 SLG084 SMH088 SFR029 DRV063
TE9023396D88FEED,PTE047 PLG085 PMH084 STE052 SLG087 SMH096 SFR025 DRV086
TE8FED640CE07DC8,PTE047 PLG083 PMH086 STE048 SLG084 SMH088 SFR029 DRV062
TEDE4F5AA24239F2,PTE046 PLG082 PMH087 STE049 SLG084 SMH088 SFR029 DRV063
TEC8D3FFC4AAB2D2,PTE048 PLG083 PMH086 STE049 SLG082 SMH092 SFR028 DRV071
TE288B5657743A8C,PTE046 PLG083 PMH087 STE048 SLG083 SMH088 SFR029 DRV062
TEEBC7E148E81124,PTE047 PLG083 PMH086 STE048 SLG084 SMH088 SFR028 DRV062
TECA22423F227B7F,PTE044 PLG081 PMH082 STE050 SLG080 SMH093 SFR030 DRV088
TEC927712B962148,PTE047 PLG082 PMH087 STE048 SLG083 SMH088 SFR030 DRV063
TE93D8C67F29ABF1,PTE047 PLG081 PMH083 STE051 SLG080 SMH092 SFR029 DRV085
TECC97CAFA893760,PTE048 PLG083 PMH087 STE049 SLG082 SMH088 SFR029 DRV061
TE1097C4FBB2EF72,PTE041 PLG083 PMH083 STE049 SLG082 SMH093 SFR034 DRV099
TE0D68BD3BE54D01,PTE046 PLG083 PMH087 STE048 SLG084 SMH088 SFR029 DRV062
TE42D2C83D01A283,PTE046 PLG081 PMH085 STE050 SLG080 SMH091 SFR031 DRV078
TE1DE075E0F6979E,PTE047 PLG083 PMH087 STE049 SLG082 SMH088 SFR029 DRV062
TE7E9288914EFC92,PTE048 PLG083 PMH087 STE049 SLG082 SMH088 SFR029 DRV062
TE4A93C664662186,PTE048 PLG083 PMH086 STE049 SLG082 SMH091 SFR029 DRV071
TEA4B2FFE0050443,PTE049 PLG085 PMH089 STE049 SLG086 SMH091 SFR028 DRV062
TEB02DB654B69932,PTE046 PLG081 PMH087 STE048 SLG084 SMH088 SFR031 DRV063
TEE57585A7F72C99,PTE046 PLG080 PMH085 STE049 SLG080 SMH088 SFR033 DRV073
TEEC109C48448009,PTE047 PLG081 PMH083 STE051 SLG080 SMH092 SFR029 DRV085
TE30111F5AC6D5D9,PTE045 PLG080 PMH083 STE049 SLG080 SMH092 SFR031 DRV084
TEF604446B7699C4,PTE049 PLG085 PMH089 STE049 SLG082 SMH090 SFR026 DRV058
TE84CC5370A9016D,PTE046 PLG083 PMH087 STE048 SLG083 SMH088 SFR029 DRV062
TE2E93033CB6F17D,PTE046 PLG085 PMH080 STE053 SLG087 SMH098 SFR025 DRV106
TE0F0F35FC1BEE2C,PTE046 PLG083 PMH087 STE048 SLG083 SMH088 SFR029 DRV062
TE6EB60292EA2834,PTE046 PLG083 PMH087 STE048 SLG084 SMH088 SFR029 DRV062
TEEE2154F946A127,PTE046 PLG081 PMH086 STE048 SLG082 SMH088 SFR032 DRV067
TEDDFCCE1D3BCEEC,PTE047 PLG083 PMH086 STE048 SLG084 SMH088 SFR029 DRV062
TEE9632E34D2DFE5,PTE047 PLG083 PMH087 STE049 SLG083 SMH088 SFR029 DRV062
TE8C26DA5EAB5A43,PTE046 PLG082 PMH087 STE049 SLG083 SMH088 SFR030 DRV063
TE98212DC24DBE47,PTE048 PLG082 PMH082 STE051 SLG083 SMH094 SFR026 DRV089
TEFD7298B1D4C134,PTE047 PLG082 PMH086 STE050 SLG081 SMH090 SFR030 DRV072
TE4A65A01C7885DA,PTE046 PLG083 PMH087 STE049 SLG083 SMH088 SFR029 DRV062
TE452947249E421D,PTE046 PLG082 PMH080 STE052 SLG083 SMH096 SFR026 DRV100
TE86E09C228300B8,PTE047 PLG081 PMH084 STE049 SLG079 SMH089 SFR031 DRV071
TE7D84EEB27A8D79,PTE046 PLG083 PMH087 STE049 SLG083 SMH088 SFR029 DRV061
TE6322F0C341884B,PTE046 PLG083 PMH087 STE048 SLG084 SMH088 SFR029 DRV062
TE5D0E26D98FC988,PTE047 PLG083 PMH087 STE049 SLG083 SMH088 SFR029 DRV061
TE24D1A4265EA90F,PTE046 PLG083 PMH086 STE048 SLG084 SMH088 SFR028 DRV062
TE6DE1A2ABE9AECC,PTE049 PLG082 PMH081 STE052 SLG082 SMH095 SFR026 DRV093
TE2908782D181A07,PTE046 PLG083 PMH086 STE048 SLG084 SMH088 SFR029 DRV062
TE4A88CBF10266A9,PTE047 PLG082 PMH087 STE048 SLG082 SMH088 SFR031 DRV063
TEBE40B5CE1F0BC9,PTE047 PLG082 PMH084 STE051 SLG081 SMH093 SFR028 DRV083
TE0B00E031F64961,PTE046 PLG081 PMH085 STE049 SLG079 SMH091 SFR031 DRV078
TE67FE1F55470AA9,PTE047 PLG082 PMH088 STE049 SLG081 SMH089 SFR031 DRV063
TEE95EE5EE89ECE9,PTE046 PLG083 PMH087 STE048 SLG083 SMH088 SFR029 DRV062
TEE1199D22866C9B,PTE046 PLG082 PMH087 STE048 SLG083 SMH088 SFR029 DRV062
TE7A1E2A712282CE,PTE046 PLG083 PMH087 STE048 SLG083 SMH088 SFR029 DRV062
TE5EBC114D800518,PTE047 PLG082 PMH087 STE049 SLG083 SMH088 SFR029 DRV062
TE247DF616F85F2B,PTE048 PLG084 PMH087 STE049 SLG082 SMH090 SFR030 DRV065
TE2532B8D9E0EF46,PTE048 PLG083 PMH088 STE049 SLG082 SMH090 SFR029 DRV064
TEFA5B18237F7D5F,PTE046 PLG083 PMH087 STE048 SLG083 SMH088 SFR029 DRV062
TE17BF274991D876,PTE044 PLG081 PMH079 STE050 SLG079 SMH095 SFR029 DRV095
TE5B02861177EB13,PTE046 PLG083 PMH087 STE048 SLG084 SMH088 SFR029 DRV062
TE5001CCBFA00AB1,PTE044 PLG079 PMH080 STE049 SLG078 SMH094 SFR031 DRV096
TE8983AF78DEC829,PTE046 PLG083 PMH086 STE048 SLG084 SMH088 SFR029 DRV062
TEEF889D215BE281,PTE045 PLG081 PMH082 STE050 SLG079 SMH092 SFR031 DRV090
TE65F6856814B291,PTE035 PLG083 PMH076 STE048 SLG086 SMH103 SFR032 DRV127
TE967BF06935F32D,PTE047 PLG083 PMH087 STE050 SLG082 SMH091 SFR030 DRV069
TE427E838C97351C,PTE046 PLG081 PMH085 STE048 SLG081 SMH088 SFR032 DRV070
TE6527B5D8DEBDAE,PTE046 PLG083 PMH087 STE049 SLG083 SMH088 SFR029 DRV061
TE1F87F2B88FF729,PTE046 PLG081 PMH087 STE048 SLG083 SMH088 SFR032 DRV064
TE0BDE4C37FDCFF2,PTE051 PLG115 PMH086 STE057 SLG117 SMH117 SFR002 DRV107
TE9445BD7062D042,PTE047 PLG083 PMH086 STE048 SLG084 SMH088 SFR029 DRV062
TE849CE8852739AF,PTE046 PLG079 PMH080 STE052 SLG079 SMH094 SFR028 DRV094
TE5D426E52624595,PTE047 PLG082 PMH087 STE049 SLG083 SMH088 SFR029 DRV062
TEE37D75C40F1FE2,PTE049 PLG092 PMH090 STE052 SLG095 SMH097 SFR021 DRV068
TE098147224A17AD,PTE046 PLG083 PMH087 STE048 SLG083 SMH088 SFR029 DRV062
TE50B3A494035554,PTE047 PLG082 PMH088 STE048 SLG081 SMH088 SFR030 DRV061
TE0532C202ECCAB6,PTE046 PLG079 PMH084 STE048 SLG078 SMH089 SFR033 DRV074
TE53DA3A2CD5C36A,PTE049 PLG085 PMH084 STE053 SLG088 SMH097 SFR023 DRV087
TEDF8A72ED7E7593,PTE046 PLG083 PMH087 STE048 SLG084 SMH088 SFR029 DRV062
TE8BB54C07F2C24C,PTE044 PLG077 PMH084 STE047 SLG078 SMH088 SFR036 DRV073
TEC69AAFB2FBC656,PTE048 PLG082 PMH085 STE050 SLG082 SMH092 SFR028 DRV073
TEF47C79055A24B0,PTE048 PLG083 PMH088 STE049 SLG082 SMH089 SFR030 DRV061
TE05907131D6728D,PTE047 PLG082 PMH087 STE049 SLG083 SMH088 SFR029 DRV062
TE5A64A26264605E,PTE047 PLG084 PMH087 STE051 SLG084 SMH092 SFR028 DRV075
TE2658FEE9EAB4C9,PTE045 PLG081 PMH083 STE049 SLG081 SMH092 SFR030 DRV081
TEA212D05D22953B,PTE046 PLG083 PMH087 STE048 SLG084 SMH088 SFR029 DRV062
TEB5046AD335D1AA,PTE039 PLG081 PMH077 STE050 SLG084 SMH097 SFR031 DRV111
TE6B03B7A53D7921,PTE042 PLG087 PMH077 STE053 SLG091 SMH104 SFR021 DRV126
TE14581280025D92,PTE046 PLG081 PMH086 STE049 SLG080 SMH090 SFR033 DRV071
TEB49016A2264136,PTE047 PLG083 PMH086 STE048 SLG084 SMH088 SFR028 DRV062
TE7E039ED3D0E99B,PTE047 PLG082 PMH087 STE048 SLG082 SMH088 SFR031 DRV063
TE9FACBB0D3D1CD2,PTE045 PLG081 PMH084 STE049 SLG080 SMH092 SFR031 DRV082
TEE3070BEBDBF2E1,PTE047 PLG082 PMH087 STE049 SLG083 SMH088 SFR029 DRV062
TE86F4076A75505D,PTE048 PLG089 PMH079 STE054 SLG093 SMH104 SFR014 DRV106
TEB133F1A175A0C3,PTE046 PLG083 PMH086 STE048 SLG084 SMH088 SFR029 DRV062
TE66DFFE268CE44E,PTE047 PLG079 PMH083 STE048 SLG077 SMH089 SFR032 DRV077
TE7123B3F5835214,PTE044 PLG081 PMH077 STE052 SLG081 SMH097 SFR027 DRV118
TEC462F9A061C495,PTE046 PLG083 PMH086 STE048 SLG084 SMH088 SFR029 DRV062
TE0A69F4D676D1DB,PTE047 PLG083 PMH086 STE048 SLG084 SMH088 SFR028 DRV062
TE66E4C573976260,PTE045 PLG081 PMH084 STE050 SLG080 SMH092 SFR031 DRV085
TEDA4F1BBF611B82,PTE046 PLG081 PMH083 STE051 SLG082 SMH094 SFR028 DRV087
TE8D036835C8240C,PTE049 PLG083 PMH087 STE049 SLG082 SMH089 SFR028 DRV062
TE7A39F6F982D7AE,PTE047 PLG082 PMH087 STE049 SLG083 SMH088 SFR029 DRV061
TECDFBD2D921BF66,PTE046 PLG083 PMH087 STE049 SLG083 SMH088 SFR029 DRV061
TE1566D21F7B300A,PTE045 PLG081 PMH082 STE051 SLG079 SMH092 SFR030 DRV087
TE44BE03520D8972,PTE046 PLG083 PMH086 STE050 SLG083 SMH092 SFR030 DRV077
TE3E6674FB2956A1,PTE047 PLG083 PMH086 STE051 SLG082 SMH091 SFR029 DRV072
TED7F377C0BE9FAB,PTE047 PLG082 PMH087 STE049 SLG083 SMH088 SFR029 DRV062
TEB16F52B8AA786A,PTE047 PLG082 PMH087 STE048 SLG083 SMH088 SFR030 DRV063
TEC3B2859455F407,PTE047 PLG084 PMH085 STE050 SLG084 SMH094 SFR027 DRV079
TE17810515729279,PTE047 PLG083 PMH087 STE049 SLG083 SMH088 SFR029 DRV061
TE3FC343B74BEF88,PTE043 PLG080 PMH078 STE050 SLG079 SMH095 SFR030 DRV110
TEB647EA5D192510,PTE046 PLG084 PMH084 STE050 SLG085 SMH094 SFR027 DRV083
TE89A89AA420CF44,PTE046 PLG083 PMH087 STE048 SLG084 SMH088 SFR029 DRV062
TE7AE66CC135051F,PTE046 PLG082 PMH084 STE050 SLG082 SMH093 SFR029 DRV082
TE26B179B66C7CFF,PTE047 PLG083 PMH086 STE048 SLG084 SMH088 SFR029 DRV062
TE98AFCC74378C0B,PTE045 PLG079 PMH082 STE049 SLG077 SMH091 SFR032 DRV084
TE39CE1716089824,PTE046 PLG084 PMH084 STE050 SLG083 SMH094 SFR027 DRV083
TEF469BB6F788969,PTE047 PLG082 PMH081 STE051 SLG082 SMH095 SFR025 DRV090
TED07F9CFC2B5124,PTE046 PLG081 PMH087 STE048 SLG084 SMH088 SFR030 DRV063
TE0BDB09C1C49F12,PTE048 PLG083 PMH087 STE049 SLG082 SMH088 SFR029 DRV063
TE6CA4D55A086802,PTE046 PLG082 PMH085 STE049 SLG081 SMH091 SFR031 DRV076
TE5A118971ADC7AE,PTE048 PLG082 PMH086 STE049 SLG081 SMH091 SFR030 DRV069
TE05FD035318C619,PTE047 PLG082 PMH086 STE050 SLG081 SMH090 SFR030 DRV074
TE7EE5CA2E2C2C60,PTE046 PLG083 PMH086 STE048 SLG084 SMH088 SFR028 DRV062
TE5CC0F6A0E04362,PTE047 PLG084 PMH089 STE049 SLG082 SMH090 SFR029 DRV059
TE1A536CEBB2FDAA,PTE047 PLG083 PMH088 STE049 SLG082 SMH089 SFR031 DRV063
TE1BA00757D44EFE,PTE047 PLG083 PMH086 STE048 SLG084 SMH088 SFR029 DRV062
TE537D63E157C2CE,PTE044 PLG078 PMH083 STE048 SLG081 SMH088 SFR035 DRV075
TEBC24D3BAA050F3,PTE047 PLG083 PMH086 STE048 SLG084 SMH088 SFR029 DRV062
TE15A2AB8F9FC2E3,PTE048 PLG083 PMH089 STE049 SLG083 SMH090 SFR030 DRV061
TEC39CC3B794D9B6,PTE047 PLG080 PMH084 STE049 SLG079 SMH091 SFR030 DRV076
TE3676A68BD08406,PTE046 PLG082 PMH082 STE050 SLG082 SMH094 SFR027 DRV086
TEA908B889621D56,PTE046 PLG082 PMH087 STE047 SLG084 SMH088 SFR031 DRV063
TE54F995BFDC120D,PTE047 PLG082 PMH086 STE050 SLG081 SMH090 SFR030 DRV072
TEE7B4DAEC3B777D,PTE045 PLG081 PMH086 STE048 SLG083 SMH087 SFR034 DRV067
TEA406C3BBD6BA4C,PTE046 PLG082 PMH087 STE048 SLG084 SMH088 SFR030 DRV063
TE119ADA47F45AFB,PTE048 PLG083 PMH083 STE051 SLG082 SMH094 SFR027 DRV082
TE6A0CF8CFE0213B,PTE048 PLG086 PMH087 STE051 SLG087 SMH093 SFR027 DRV073
TE8A384D5ED78F17,PTE049 PLG084 PMH089 STE050 SLG082 SMH090 SFR027 DRV059
TE92141B4BC492B5,PTE041 PLG081 PMH082 STE049 SLG079 SMH093 SFR031 DRV094
TE1CBCA9C048A400,PTE045 PLG081 PMH087 STE048 SLG084 SMH088 SFR032 DRV064
TE504E2915E4FC11,PTE048 PLG085 PMH087 STE051 SLG087 SMH094 SFR026 DRV073
TE4469999217C844,PTE045 PLG083 PMH082 STE051 SLG082 SMH095 SFR028 DRV096
TE4E9670F50FD6FC,PTE048 PLG083 PMH087 STE049 SLG081 SMH089 SFR028 DRV062
TE3FA6622CC99382,PTE043 PLG080 PMH080 STE051 SLG080 SMH094 SFR030 DRV097
TE550333C335FE5A,PTE034 PLG087 PMH075 STE050 SLG088 SMH105 SFR027 DRV127
TEA397134DC0C711,PTE048 PLG085 PMH088 STE051 SLG087 SMH093 SFR027 DRV070
TEB9EC0397EB97C4,PTE046 PLG083 PMH087 STE049 SLG083 SMH088 SFR029 DRV061
TE5C729A622854F7,PTE046 PLG083 PMH087 STE048 SLG083 SMH088 SFR029 DRV062
TEC7F655A79FF20F,PTE046 PLG083 PMH087 STE048 SLG083 SMH088 SFR029 DRV062
TE1622442B2DC2C9,PTE047 PLG082 PMH087 STE048 SLG082 SMH088 SFR032 DRV063
TEA602D949CECB48,PTE047 PLG083 PMH086 STE048 SLG084 SMH088 SFR028 DRV062
TE3CA4AFA71CD693,PTE046 PLG083 PMH087 STE048 SLG084 SMH088 SFR029 DRV062
TEAE39BB9B88D58C,PTE046 PLG083 PMH087 STE048 SLG083 SMH088 SFR029 DRV061
TE87A03538D162D4,PTE046 PLG083 PMH087 STE048 SLG083 SMH088 SFR029 DRV062
TEAA6CFE938034E5,PTE046 PLG083 PMH087 STE048 SLG084 SMH088 SFR029 DRV062
TEE08576B4F1265A,PTE046 PLG083 PMH087 STE048 SLG084 SMH088 SFR029 DRV062
TE203FA54B8E6202,PTE047 PLG082 PMH087 STE048 SLG082 SMH088 SFR032 DRV064
TEAF538A5E047FFE,PTE047 PLG082 PMH083 STE050 SLG081 SMH092 SFR029 DRV085
TEE440FD113F54B8,PTE046 PLG082 PMH084 STE050 SLG081 SMH092 SFR029 DRV081
TE3E68B8031A3E2B,PTE046 PLG083 PMH087 STE048 SLG084 SMH088 SFR029 DRV062
TEB78D2F12B3633C,PTE048 PLG083 PMH087 STE049 SLG082 SMH088 SFR029 DRV061
TEB063FEE269A880,PTE047 PLG086 PMH082 STE053 SLG088 SMH098 SFR022 DRV096
TEE72D1C7DB45F3B,PTE048 PLG083 PMH088 STE048 SLG082 SMH089 SFR030 DRV063
TEDFBF3FFC7877C1,PTE047 PLG083 PMH083 STE051 SLG084 SMH094 SFR027 DRV086
TE1D4BF8564A2D27,PTE048 PLG083 PMH089 STE049 SLG084 SMH090 SFR030 DRV060
TEAEB9D29AFF1671,PTE045 PLG084 PMH081 STE051 SLG081 SMH096 SFR029 DRV095
TEA7F69CCE80BAE2,PTE046 PLG083 PMH087 STE048 SLG083 SMH088 SFR029 DRV062
TE10AD096F336A8C,PTE047 PLG082 PMH087 STE048 SLG084 SMH088 SFR030 DRV063
TE899F79191D5839,PTE042 PLG078 PMH081 STE049 SLG078 SMH092 SFR033 DRV093
TE6DC7CD1A59E486,PTE046 PLG083 PMH087 STE048 SLG084 SMH088 SFR029 DRV062
TE2890FEE299A0D1,PTE047 PLG083 PMH086 STE048 SLG084 SMH088 SFR028 DRV062
TE0F3A348E86F17D,PTE047 PLG083 PMH087 STE048 SLG084 SMH088 SFR028 DRV062
TED9424F2E3C9AEE,PTE047 PLG083 PMH087 STE049 SLG083 SMH088 SFR029 DRV061
TE55A81052F2F9E1,PTE047 PLG083 PMH086 STE048 SLG084 SMH088 SFR028 DRV062
TEECF1C82C304CE9,PTE045 PLG080 PMH081 STE050 SLG080 SMH093 SFR030 DRV088
TE416585B115CD64,PTE049 PLG083 PMH088 STE049 SLG082 SMH089 SFR029 DRV062
TE48D12CCF49DDF3,PTE047 PLG083 PMH087 STE048 SLG084 SMH088 SFR029 DRV062
TEB51939596B685D,PTE044 PLG085 PMH073 STE055 SLG090 SMH104 SFR018 DRV127
TE948B22B0903622,PTE047 PLG083 PMH087 STE048 SLG083 SMH088 SFR029 DRV063
TE502E5AD9103131,PTE045 PLG081 PMH085 STE048 SLG079 SMH091 SFR032 DRV077
TECC8522EC81BC36,PTE047 PLG082 PMH085 STE050 SLG081 SMH091 SFR029 DRV075
TE9242643B77E246,PTE045 PLG080 PMH084 STE048 SLG078 SMH091 SFR033 DRV079
TED85896D7DEC5C9,PTE046 PLG083 PMH083 STE050 SLG083 SMH094 SFR027 DRV084
TE00209CCA78DF74,PTE047 PLG083 PMH087 STE049 SLG083 SMH088 SFR029 DRV062
TE9EBBCB7503920E,PTE048 PLG083 PMH087 STE048 SLG081 SMH088 SFR030 DRV063
TE0B10550E7DAE48,PTE048 PLG083 PMH087 STE049 SLG082 SMH089 SFR029 DRV062
TE1702E7F8B71CEF,PTE046 PLG083 PMH087 STE048 SLG084 SMH088 SFR029 DRV062
TEC6924BFFEE0756,PTE046 PLG083 PMH087 STE048 SLG083 SMH088 SFR029 DRV062
TE1E3ABF5DDFBC40,PTE048 PLG086 PMH089 STE050 SLG086 SMH092 SFR028 DRV064
TE4BADBB8AC2915F,PTE047 PLG083 PMH087 STE049 SLG083 SMH088 SFR029 DRV062
TEA6CDAA4A541855,PTE047 PLG083 PMH087 STE049 SLG082 SMH088 SFR029 DRV062
TE63D40552C1CBFB,PTE047 PLG083 PMH087 STE049 SLG081 SMH090 SFR030 DRV070
TEB048E9C64569FB,PTE046 PLG082 PMH083 STE051 SLG082 SMH093 SFR027 DRV082
TEC8BDA277287F61,PTE048 PLG082 PMH085 STE050 SLG082 SMH092 SFR028 DRV076
TE203B83EBCAB12F,PTE048 PLG084 PMH087 STE050 SLG083 SMH091 SFR029 DRV069
TE342BA3BEE92A74,PTE046 PLG083 PMH087 STE048 SLG084 SMH088 SFR029 DRV062
TEB7508ED8FF413F,PTE040 PLG079 PMH084 STE047 SLG078 SMH089 SFR036 DRV080
TE54CD159DC8FDC1,PTE046 PLG084 PMH078 STE052 SLG087 SMH101 SFR020 DRV108
TE2B0100EB6604EA,PTE047 PLG082 PMH084 STE049 SLG082 SMH093 SFR028 DRV077
TEACB08FC6BDE2F3,PTE048 PLG083 PMH088 STE050 SLG083 SMH090 SFR030 DRV064
TE5F7CB6493C8907,PTE047 PLG082 PMH087 STE048 SLG082 SMH089 SFR031 DRV062
TEFDDCEB877D8EBF,PTE047 PLG083 PMH086 STE048 SLG084 SMH088 SFR028 DRV062
TE9D60ABB657A74E,PTE047 PLG079 PMH082 STE049 SLG077 SMH091 SFR029 DRV081
TE2FCE5A84BD3E9A,PTE045 PLG082 PMH082 STE049 SLG081 SMH093 SFR029 DRV086
TE737F3540CAB154,PTE047 PLG082 PMH087 STE049 SLG083 SMH088 SFR029 DRV062
TE688857829CA810,PTE047 PLG081 PMH085 STE049 SLG079 SMH089 SFR032 DRV073
TEEF2F2268634949,PTE046 PLG083 PMH087 STE048 SLG084 SMH088 SFR029 DRV062
TEAB8E5C9AA51EC5,PTE047 PLG087 PMH087 STE051 SLG088 SMH095 SFR026 DRV079
TE4B410CCE5025A7,PTE046 PLG083 PMH086 STE048 SLG084 SMH088 SFR029 DRV062
TE7252B2653332B6,PTE042 PLG086 PMH083 STE050 SLG089 SMH098 SFR029 DRV102
TE61E2912831A4B9,PTE046 PLG084 PMH086 STE049 SLG083 SMH092 SFR030 DRV076
TE7C9C1435F054BF,PTE047 PLG082 PMH087 STE048 SLG083 SMH088 SFR030 DRV063
TEB203CA38442A1D,PTE047 PLG082 PMH087 STE049 SLG080 SMH090 SFR031 DRV066
TE9C2F695394FBA8,PTE046 PLG083 PMH087 STE048 SLG083 SMH088 SFR029 DRV062
TE7AC9B66D70142C,PTE045 PLG083 PMH076 STE052 SLG086 SMH100 SFR021 DRV112
TEF14B368DBF7567,PTE046 PLG083 PMH087 STE048 SLG083 SMH088 SFR029 DRV062
TE988D081FD67811,PTE046 PLG083 PMH087 STE048 SLG084 SMH088 SFR029 DRV061
TEDDFF5CFEE11C0F,PTE043 PLG086 PMH083 STE050 SLG088 SMH098 SFR027 DRV099
TE79DCC7C7D06799,PTE047 PLG081 PMH085 STE048 SLG080 SMH088 SFR032 DRV071
TE8ECC0048E19A0F,PTE049 PLG089 PMH086 STE053 SLG094 SMH099 SFR022 DRV086
TE5DC28A5A62C446,PTE047 PLG083 PMH087 STE048 SLG083 SMH088 SFR029 DRV062
TE447F94F76AC37F,PTE047 PLG083 PMH086 STE048 SLG084 SMH088 SFR028 DRV062
TEA5C40FC2166EFA,PTE047 PLG083 PMH087 STE049 SLG083 SMH088 SFR029 DRV061
TEB8DA494BF48DF3,PTE047 PLG083 PMH087 STE049 SLG083 SMH088 SFR029 DRV062
TE34E196EF9EDAF0,PTE046 PLG083 PMH087 STE048 SLG083 SMH088 SFR029 DRV062
TE411CCB5BA2B3E4,PTE047 PLG081 PMH086 STE048 SLG079 SMH089 SFR033 DRV068
TE3FF0EC3B45F109,PTE047 PLG082 PMH087 STE049 SLG083 SMH088 SFR029 DRV063
TE23498F878FBA54,PTE046 PLG083 PMH087 STE048 SLG083 SMH088 SFR029 DRV062
TE278416CEF93A7E,PTE046 PLG082 PMH087 STE049 SLG084 SMH088 SFR029 DRV062
TE0C3A9E567A3CC2,PTE046 PLG082 PMH087 STE048 SLG083 SMH088 SFR029 DRV062
TE48E97CCBAB5A4D,PTE041 PLG082 PMH075 STE050 SLG082 SMH099 SFR025 DRV117
TEA377999A854719,PTE046 PLG082 PMH087 STE049 SLG084 SMH088 SFR029 DRV062
TE6217C6578E2FFB,PTE046 PLG083 PMH087 STE048 SLG084 SMH088 SFR029 DRV062
TED7ADB43643A6D2,PTE046 PLG083 PMH087 STE048 SLG084 SMH088 SFR029 DRV062
TED7BD68BD40C9DF,PTE041 PLG086 PMH082 STE051 SLG089 SMH099 SFR029 DRV106
TEEC30549D47AF2C,PTE046 PLG082 PMH087 STE049 SLG083 SMH088 SFR029 DRV062
TEFFD7D781CDC216,PTE046 PLG086 PMH083 STE051 SLG087 SMH097 SFR026 DRV094
TE5C14095BAE55AC,PTE047 PLG084 PMH084 STE050 SLG083 SMH094 SFR027 DRV084
TE611A0F2F933C1C,PTE046 PLG083 PMH087 STE048 SLG083 SMH088 SFR029 DRV062
TE91104C0902A1C8,PTE044 PLG080 PMH081 STE049 SLG079 SMH093 SFR030 DRV090
TEAA7F66D0778835,PTE048 PLG082 PMH087 STE049 SLG081 SMH090 SFR030 DRV069
TEA204906F355D0D,PTE045 PLG085 PMH086 STE050 SLG086 SMH094 SFR029 DRV084
TE10182A64B5306E,PTE046 PLG083 PMH087 STE048 SLG084 SMH088 SFR029 DRV062
TE78023779D8A3F5,PTE044 PLG090 PMH081 STE052 SLG093 SMH104 SFR022 DRV115
TE27A650BBC862ED,PTE045 PLG081 PMH083 STE050 SLG081 SMH092 SFR032 DRV086
TE6F6991FEC2D4C4,PTE046 PLG083 PMH087 STE049 SLG083 SMH088 SFR029 DRV062
TE51A95C27318E72,PTE047 PLG083 PMH087 STE049 SLG083 SMH088 SFR029 DRV061
TE2F0B8FB4979F8A,PTE048 PLG082 PMH086 STE049 SLG080 SMH090 SFR030 DRV072
TED00B4A152EC873,PTE046 PLG083 PMH087 STE048 SLG084 SMH088 SFR029 DRV062
TED8F95F4EC7FB7E,PTE046 PLG083 PMH087 STE048 SLG084 SMH088 SFR029 DRV062
TEAF241847A56204,PTE044 PLG081 PMH083 STE049 SLG079 SMH092 SFR031 DRV084
TEB76D8D000D8BB0,PTE043 PLG080 PMH079 STE048 SLG077 SMH093 SFR032 DRV096
TEC6E227264AED85,PTE048 PLG084 PMH089 STE050 SLG084 SMH090 SFR029 DRV063
TE22ED80D46D5978,PTE046 PLG082 PMH087 STE049 SLG083 SMH088 SFR029 DRV062
TE8B012564D5D456,PTE046 PLG083 PMH086 STE048 SLG084 SMH088 SFR029 DRV062
TE1AB478FD45A25F,PTE046 PLG082 PMH087 STE049 SLG083 SMH088 SFR029 DRV062
TE8567EE40096022,PTE046 PLG081 PMH085 STE050 SLG081 SMH091 SFR031 DRV078
TE732DBF86A63546,PTE046 PLG083 PMH087 STE048 SLG083 SMH088 SFR029 DRV062
TE49C7667E6351AD,PTE045 PLG081 PMH081 STE050 SLG080 SMH094 SFR029 DRV096
TE35BCF2090A33C8,PTE046 PLG081 PMH087 STE048 SLG083 SMH088 SFR032 DRV065
TEBA252F2A7467E7,PTE046 PLG083 PMH087 STE048 SLG084 SMH088 SFR029 DRV062
TEE7F3DF6B62AEFE,PTE046 PLG081 PMH085 STE049 SLG079 SMH091 SFR031 DRV077
TED8727D6F4FFBD5,PTE044 PLG080 PMH081 STE050 SLG079 SMH093 SFR032 DRV096
TE154AADA9392907,PTE048 PLG083 PMH088 STE049 SLG082 SMH090 SFR030 DRV064
TE400B35FEA5CBC8,PTE047 PLG083 PMH087 STE048 SLG084 SMH088 SFR029 DRV062
TE4D902ECA44D45C,PTE048 PLG084 PMH088 STE050 SLG083 SMH090 SFR030 DRV066
TEF44355B13FCCD1,PTE047 PLG083 PMH087 STE049 SLG083 SMH088 SFR029 DRV061
TE94148834488801,PTE047 PLG082 PMH083 STE051 SLG082 SMH093 SFR027 DRV081
TE6635E9BAF4AE51,PTE043 PLG082 PMH078 STE049 SLG080 SMH096 SFR028 DRV104
TE266AF4278BDD3D,PTE048 PLG083 PMH087 STE049 SLG082 SMH089 SFR029 DRV062
TE8CF2C3268E393B,PTE044 PLG082 PMH083 STE050 SLG080 SMH092 SFR031 DRV089
TEB43644CFB56C67,PTE046 PLG081 PMH087 STE048 SLG084 SMH088 SFR031 DRV063
TE36B755545BFCB6,PTE042 PLG086 PMH081 STE050 SLG087 SMH098 SFR027 DRV105
TE0A0393DF394860,PTE044 PLG080 PMH078 STE050 SLG079 SMH095 SFR029 DRV105
TE60F26107CF0F1E,PTE044 PLG089 PMH085 STE052 SLG089 SMH098 SFR026 DRV091
TE4285CFC0FE508B,PTE047 PLG082 PMH084 STE050 SLG081 SMH093 SFR029 DRV078
TE18FCB7F0BC7433,PTE046 PLG084 PMH083 STE050 SLG083 SMH094 SFR027 DRV085
TEBEEBB709FFF2B2,PTE047 PLG081 PMH083 STE050 SLG081 SMH093 SFR027 DRV078
TE20330E2A980641,PTE046 PLG083 PMH087 STE048 SLG084 SMH088 SFR029 DRV062
TE540E3DBF2A3C09,PTE046 PLG079 PMH084 STE049 SLG078 SMH090 SFR033 DRV076
TE2337EED6F631DA,PTE046 PLG081 PMH086 STE049 SLG081 SMH090 SFR031 DRV074
TE11725A9EAD54E6,PTE046 PLG082 PMH087 STE049 SLG083 SMH088 SFR029 DRV062
TE5E29C01E047692,PTE047 PLG083 PMH087 STE048 SLG084 SMH088 SFR029 DRV062
TE26008034CA1A96,PTE045 PLG082 PMH083 STE049 SLG080 SMH092 SFR029 DRV084
TEE7A66C84BA521E,PTE046 PLG082 PMH087 STE049 SLG083 SMH088 SFR029 DRV062
TE021D230087B6F5,PTE048 PLG083 PMH089 STE049 SLG082 SMH089 SFR028 DRV059
TEC6054E4E557F89,PTE046 PLG081 PMH087 STE048 SLG084 SMH088 SFR030 DRV064
TE9418008092655B,PTE047 PLG079 PMH083 STE049 SLG078 SMH091 SFR032 DRV078
TEAE8F13DC9B25FE,PTE046 PLG083 PMH087 STE048 SLG083 SMH088 SFR029 DRV062
TE0A1092287DA315,PTE046 PLG083 PMH087 STE048 SLG083 SMH088 SFR029 DRV061
TE5F6A952C3F22D6,PTE046 PLG083 PMH087 STE048 SLG084 SMH088 SFR029 DRV062
TE45257845E0898E,PTE049 PLG083 PMH088 STE048 SLG083 SMH089 SFR030 DRV060
TE3B78691C446DEC,PTE040 PLG078 PMH076 STE049 SLG077 SMH095 SFR032 DRV115
TE6DEFAAE8E4ED30,PTE046 PLG082 PMH087 STE049 SLG084 SMH088 SFR029 DRV062
TE53A9F54ECBA4E0,PTE047 PLG086 PMH083 STE052 SLG088 SMH098 SFR023 DRV090
TEECBEC1D5C44DA0,PTE047 PLG083 PMH086 STE048 SLG084 SMH088 SFR029 DRV062
TE4D38E255817084,PTE046 PLG082 PMH087 STE048 SLG084 SMH088 SFR029 DRV063
TE47F70156F24ADC,PTE048 PLG084 PMH089 STE049 SLG082 SMH089 SFR030 DRV060
TE71C172E19485DF,PTE049 PLG085 PMH088 STE050 SLG083 SMH090 SFR029 DRV065
TE00BEE77B275048,PTE047 PLG083 PMH087 STE049 SLG083 SMH088 SFR029 DRV061
TE0BD034D9E9A8F6,PTE049 PLG084 PMH088 STE049 SLG080 SMH089 SFR028 DRV059
TECFBAAFFC1E6DD7,PTE047 PLG082 PMH087 STE049 SLG081 SMH090 SFR031 DRV068
TEEC38EBBDE8B9DB,PTE043 PLG082 PMH083 STE050 SLG081 SMH092 SFR032 DRV089
TE5DDA97DAC5A0F4,PTE048 PLG083 PMH087 STE050 SLG081 SMH090 SFR030 DRV069
TEB333DC48411A3F,PTE047 PLG082 PMH087 STE048 SLG084 SMH088 SFR031 DRV063
TE5CFC5836E17D21,PTE046 PLG083 PMH087 STE048 SLG084 SMH088 SFR029 DRV062
TE4221B3CC45A98A,PTE044 PLG081 PMH080 STE050 SLG081 SMH095 SFR030 DRV102
TE5F4AB38F1EB7D1,PTE045 PLG081 PMH083 STE049 SLG080 SMH092 SFR031 DRV082
TEC041C5E24C16FE,PTE047 PLG083 PMH087 STE049 SLG083 SMH088 SFR029 DRV062
TE96C50F5FF78B3E,PTE049 PLG086 PMH085 STE052 SLG089 SMH095 SFR023 DRV079
TEFF0E14337D1A9B,PTE048 PLG083 PMH088 STE049 SLG083 SMH090 SFR029 DRV063
TEAF8926494BB617,PTE046 PLG082 PMH077 STE053 SLG083 SMH098 SFR023 DRV103
TEE87C38BD38FB19,PTE046 PLG082 PMH087 STE048 SLG084 SMH088 SFR029 DRV063
TEF6B9644A281655,PTE046 PLG083 PMH087 STE048 SLG084 SMH088 SFR029 DRV062
TE44396021EE2542,PTE044 PLG080 PMH082 STE048 SLG078 SMH092 SFR031 DRV085
TE14EA8FE5A23AEA,PTE047 PLG083 PMH087 STE048 SLG083 SMH088 SFR029 DRV062
TECE0BF4AEC87A3D,PTE045 PLG083 PMH085 STE049 SLG082 SMH093 SFR030 DRV081
TE6A25F99B589F7E,PTE047 PLG083 PMH087 STE050 SLG081 SMH090 SFR030 DRV073
TEA3C606B2E73E11,PTE048 PLG084 PMH086 STE050 SLG082 SMH091 SFR029 DRV072
TEAB39828D297BFA,PTE047 PLG083 PMH086 STE048 SLG084 SMH088 SFR029 DRV062
TEF224699AB43E6B,PTE046 PLG082 PMH087 STE049 SLG084 SMH088 SFR029 DRV062
TEF935778D239799,PTE046 PLG083 PMH087 STE049 SLG083 SMH088 SFR029 DRV061
TEA92F366EABEDEF,PTE045 PLG083 PMH081 STE052 SLG083 SMH096 SFR027 DRV098
TE776524FF910580,PTE046 PLG082 PMH087 STE048 SLG083 SMH088 SFR030 DRV062
TE60A85786CBDB6F,PTE046 PLG081 PMH084 STE050 SLG080 SMH092 SFR031 DRV082
TEDC549FC7D34F15,PTE041 PLG079 PMH081 STE048 SLG078 SMH091 SFR035 DRV090
TE23F5217E7284B3,PTE047 PLG083 PMH087 STE049 SLG081 SMH088 SFR031 DRV065
TEE9ADE7A4279759,PTE046 PLG083 PMH087 STE048 SLG084 SMH088 SFR029 DRV062
TEDE1413E99FDD25,PTE047 PLG083 PMH086 STE048 SLG084 SMH088 SFR029 DRV062
TEA9D3B519E91ED4,PTE046 PLG083 PMH087 STE048 SLG084 SMH088 SFR029 DRV062
TEC391AC5E3C1F9E,PTE047 PLG083 PMH086 STE048 SLG084 SMH088 SFR028 DRV062
TE82BD289D7456C3,PTE047 PLG083 PMH086 STE048 SLG084 SMH088 SFR029 DRV062
TE6E318BBCDBFB88,PTE048 PLG083 PMH087 STE049 SLG081 SMH090 SFR031 DRV066
TE3C8C738171283C,PTE048 PLG083 PMH084 STE051 SLG084 SMH093 SFR027 DRV082
TECA303CD2501803,PTE047 PLG082 PMH081 STE051 SLG082 SMH096 SFR025 DRV091
TE44B94124F8953F,PTE046 PLG083 PMH087 STE048 SLG084 SMH088 SFR029 DRV062
TEFEDBA5BDE0AE23,PTE047 PLG082 PMH087 STE049 SLG083 SMH088 SFR029 DRV063
TE25F96E52D98891,PTE047 PLG083 PMH087 STE049 SLG083 SMH088 SFR029 DRV061
TE75CD448BA6C4D5,PTE048 PLG084 PMH083 STE051 SLG082 SMH094 SFR026 DRV088
TE41778CFFC67C18,PTE047 PLG082 PMH085 STE050 SLG080 SMH091 SFR029 DRV077
TE179072734EE5DB,PTE046 PLG083 PMH087 STE049 SLG083 SMH088 SFR029 DRV062
TEC3056CA90E0CAC,PTE046 PLG082 PMH087 STE048 SLG084 SMH088 SFR030 DRV063
TEECFD6BF5C63C10,PTE046 PLG083 PMH087 STE048 SLG084 SMH088 SFR029 DRV062
TE27249B4D9B4298,PTE046 PLG084 PMH085 STE049 SLG084 SMH093 SFR028 DRV079
TE9143BA9093FB6D,PTE045 PLG082 PMH083 STE051 SLG082 SMH094 SFR029 DRV092
TE9B047CDF16461D,PTE046 PLG083 PMH087 STE048 SLG084 SMH088 SFR029 DRV062
TE728F3F345A2F0E,PTE046 PLG082 PMH087 STE048 SLG084 SMH088 SFR029 DRV062
TE5CC150CC2A2466,PTE047 PLG082 PMH087 STE049 SLG083 SMH088 SFR029 DRV062
TEAFA34CCD0B7A53,PTE047 PLG087 PMH085 STE053 SLG088 SMH096 SFR024 DRV085
TE027C39822A7A09,PTE047 PLG082 PMH087 STE049 SLG080 SMH089 SFR031 DRV066
TE58B3093F968376,PTE046 PLG080 PMH084 STE049 SLG078 SMH089 SFR031 DRV072
TE6E708CCE28DADC,PTE046 PLG082 PMH087 STE048 SLG084 SMH088 SFR029 DRV063
TEB72BC64283B56C,PTE048 PLG083 PMH087 STE049 SLG082 SMH089 SFR029 DRV062
TE21FB4F4C510178,PTE045 PLG082 PMH086 STE049 SLG081 SMH090 SFR032 DRV077
TEEFD64162ED4C5B,PTE047 PLG083 PMH087 STE049 SLG083 SMH088 SFR029 DRV062
TE5D6FDD1EC66E7A,PTE045 PLG081 PMH081 STE049 SLG078 SMH093 SFR029 DRV085
TED083F8653BC023,PTE047 PLG084 PMH088 STE049 SLG083 SMH091 SFR031 DRV069
TE048A6AEE9AAAEC,PTE046 PLG082 PMH087 STE049 SLG083 SMH088 SFR029 DRV062
TE46769B0E8073E7,PTE046 PLG083 PMH086 STE048 SLG084 SMH088 SFR028 DRV062
TE39EA6D377F69F9,PTE046 PLG083 PMH087 STE048 SLG084 SMH088 SFR029 DRV062
TEABD21DABBCBB9C,PTE048 PLG083 PMH087 STE049 SLG082 SMH091 SFR029 DRV069
TEEF31091469D767,PTE046 PLG083 PMH087 STE048 SLG084 SMH088 SFR029 DRV062
TEEF6112B0A7FA76,PTE046 PLG083 PMH087 STE048 SLG084 SMH088 SFR029 DRV062
TE47151A4287A253,PTE045 PLG087 PMH082 STE052 SLG089 SMH099 SFR023 DRV101
TE069B0A12994F5C,PTE048 PLG088 PMH086 STE052 SLG091 SMH098 SFR021 DRV084
TE451F5C9A6DD3A7,PTE046 PLG083 PMH087 STE048 SLG084 SMH088 SFR029 DRV062
TED2BBB9DBEC86A4,PTE047 PLG082 PMH086 STE049 SLG082 SMH092 SFR029 DRV072
TE65FCAB23BC3CB8,PTE042 PLG085 PMH084 STE049 SLG087 SMH097 SFR030 DRV095
TE7A1BF2E4343D2F,PTE047 PLG083 PMH087 STE049 SLG083 SMH088 SFR029 DRV061
TE58E975BAF5A73E,PTE046 PLG083 PMH087 STE048 SLG084 SMH088 SFR028 DRV062
TEE3B33B17C34DE7,PTE047 PLG083 PMH087 STE049 SLG083 SMH088 SFR029 DRV061
TED2D1E089AC706E,PTE046 PLG083 PMH087 STE048 SLG084 SMH088 SFR029 DRV062
TE1EC81A183B6ADA,PTE047 PLG083 PMH087 STE048 SLG081 SMH088 SFR031 DRV065
TE6CE56E4D2FE389,PTE046 PLG083 PMH086 STE048 SLG084 SMH088 SFR028 DRV062
TE76C2981A32CABB,PTE046 PLG082 PMH087 STE049 SLG083 SMH088 SFR029 DRV062
TEF6AA2A01EF5DAC,PTE047 PLG083 PMH086 STE048 SLG084 SMH088 SFR029 DRV062
TEF401E94E8F03BD,PTE046 PLG082 PMH087 STE049 SLG083 SMH088 SFR029 DRV062
TE1EF92246F59431,PTE046 PLG083 PMH087 STE048 SLG083 SMH088 SFR029 DRV062
TE71EC929DEDB548,PTE048 PLG083 PMH087 STE049 SLG082 SMH089 SFR029 DRV062
TEDF18E6A7B057CC,PTE042 PLG084 PMH082 STE050 SLG086 SMH097 SFR029 DRV103
TE77BF3C4A744386,PTE047 PLG083 PMH086 STE048 SLG084 SMH088 SFR029 DRV062
TEBC738722CC4653,PTE047 PLG083 PMH087 STE049 SLG083 SMH088 SFR029 DRV062
TEAE753345397F37,PTE046 PLG083 PMH087 STE049 SLG084 SMH088 SFR029 DRV062
TE5A27DDC845F872,PTE048 PLG083 PMH088 STE049 SLG082 SMH089 SFR031 DRV061
TEE2FE094CF46D7D,PTE047 PLG082 PMH083 STE050 SLG081 SMH092 SFR028 DRV081
TEC5B38CFF9C717A,PTE047 PLG082 PMH085 STE050 SLG081 SMH091 SFR029 DRV075
TE50AD258ACCCFC2,PTE047 PLG081 PMH084 STE049 SLG080 SMH091 SFR029 DRV076
TEC8190C5A6A887F,PTE046 PLG082 PMH087 STE048 SLG084 SMH088 SFR029 DRV062
TEDC75075D03E82F,PTE048 PLG082 PMH085 STE050 SLG081 SMH092 SFR029 DRV072
TE8E82114054F299,PTE047 PLG083 PMH086 STE048 SLG084 SMH088 SFR029 DRV062
TE48D855C5C30393,PTE047 PLG082 PMH087 STE048 SLG082 SMH089 SFR030 DRV063
TE9A99C946ED6FB4,PTE043 PLG080 PMH080 STE050 SLG080 SMH094 SFR030 DRV097
TEFD82FDF349378C,PTE048 PLG083 PMH087 STE050 SLG082 SMH090 SFR030 DRV069
TE3A5AF61698EA7C,PTE044 PLG081 PMH074 STE052 SLG081 SMH099 SFR024 DRV118
TE7ECF52ADA46378,PTE049 PLG084 PMH088 STE050 SLG081 SMH090 SFR027 DRV059
TE3CAAAF4929C1E3,PTE047 PLG083 PMH086 STE048 SLG084 SMH088 SFR029 DRV062
TE93B6F16D446A8E,PTE046 PLG083 PMH087 STE048 SLG084 SMH088 SFR029 DRV062
TEB662BF27A2B73A,PTE046 PLG082 PMH087 STE049 SLG083 SMH088 SFR029 DRV062
TE4F1054FEC34C9E,PTE046 PLG089 PMH080 STE054 SLG091 SMH103 SFR019 DRV112
TE4649F483D20C8D,PTE046 PLG083 PMH087 STE048 SLG083 SMH088 SFR029 DRV062
TEB9419C2A2B44D9,PTE048 PLG082 PMH087 STE049 SLG082 SMH089 SFR029 DRV063
TE10E3B53BF1388A,PTE046 PLG083 PMH085 STE050 SLG083 SMH093 SFR030 DRV081
TECDD555178F2A6C,PTE046 PLG083 PMH087 STE048 SLG084 SMH088 SFR029 DRV062
TE02FAE7BC11F8A4,PTE047 PLG083 PMH086 STE048 SLG084 SMH088 SFR029 DRV062
TE42875B09013A9E,PTE043 PLG080 PMH082 STE048 SLG077 SMH092 SFR033 DRV086
TEDBFEF4A10F1031,PTE046 PLG081 PMH087 STE048 SLG084 SMH088 SFR031 DRV064
TE6303C2054EE58F,PTE047 PLG085 PMH087 STE051 SLG086 SMH093 SFR028 DRV072
TE9849B90FAFF0D4,PTE045 PLG082 PMH080 STE050 SLG083 SMH096 SFR027 DRV101
TE30E678F683682A,PTE046 PLG082 PMH087 STE048 SLG084 SMH088 SFR029 DRV063
TEF47921A112A581,PTE047 PLG082 PMH087 STE049 SLG083 SMH088 SFR029 DRV062
TEB739507D7402B1,PTE048 PLG083 PMH089 STE049 SLG082 SMH090 SFR028 DRV059
TEF5D327F5A81A7A,PTE047 PLG082 PMH087 STE049 SLG081 SMH090 SFR031 DRV068
TE2E67B99A260B73,PTE047 PLG081 PMH083 STE051 SLG081 SMH093 SFR027 DRV082
TEC97CEDE9B5D7E2,PTE047 PLG083 PMH086 STE048 SLG084 SMH088 SFR029 DRV062
TE6FA75CDD634114,PTE047 PLG083 PMH085 STE050 SLG081 SMH092 SFR030 DRV080
TE2427D94153AF89,PTE046 PLG081 PMH084 STE050 SLG081 SMH092 SFR030 DRV081
TE86576656E8949E,PTE046 PLG081 PMH084 STE049 SLG080 SMH091 SFR030 DRV077
TE070D69D4456601,PTE047 PLG082 PMH087 STE049 SLG083 SMH088 SFR029 DRV062
TE169EA6C817E9CB,PTE047 PLG082 PMH086 STE050 SLG081 SMH091 SFR030 DRV072
TE642DDD6CB58AB9,PTE048 PLG082 PMH086 STE049 SLG081 SMH090 SFR030 DRV068
TEB9DFE9E7276684,PTE048 PLG084 PMH088 STE049 SLG084 SMH091 SFR029 DRV063
TED2BD3A3F15D4C3,PTE047 PLG083 PMH086 STE048 SLG084 SMH088 SFR028 DRV062
TE83ECC7C1979016,PTE046 PLG083 PMH087 STE048 SLG084 SMH088 SFR028 DRV062
TEDED609DD0AA2BE,PTE045 PLG078 PMH082 STE048 SLG077 SMH090 SFR033 DRV082
TE6617AC8952AC34,PTE041 PLG085 PMH075 STE051 SLG089 SMH104 SFR023 DRV127
TE91C5D889B72D3B,PTE046 PLG083 PMH087 STE048 SLG084 SMH088 SFR029 DRV062
TE006E3E53CF205F,PTE046 PLG082 PMH087 STE048 SLG083 SMH088 SFR029 DRV062
TE8BF10392F2CF23,PTE046 PLG081 PMH084 STE049 SLG080 SMH092 SFR029 DRV078
TE7FAD3D8564BBF0,PTE045 PLG085 PMH084 STE051 SLG086 SMH095 SFR028 DRV091
TE6AECF81DB7CD41,PTE046 PLG083 PMH087 STE049 SLG084 SMH088 SFR029 DRV062
TE7AB991E0FED65B,PTE046 PLG083 PMH087 STE048 SLG084 SMH088 SFR029 DRV062
TE148CE6D5148BD0,PTE046 PLG083 PMH087 STE048 SLG083 SMH088 SFR029 DRV062
TE879A9F123FC2EC,PTE044 PLG082 PMH085 STE049 SLG083 SMH092 SFR032 DRV080
TE9DC605DDA826C2,PTE047 PLG083 PMH085 STE050 SLG082 SMH091 SFR030 DRV074
TE4FE283A88B0041,PTE046 PLG084 PMH086 STE050 SLG083 SMH092 SFR029 DRV079
TE112C41F97C3BE6,PTE048 PLG083 PMH088 STE049 SLG082 SMH090 SFR030 DRV064
TE9DEB82A6E99375,PTE046 PLG083 PMH087 STE049 SLG083 SMH088 SFR029 DRV062
TE4C0B3E1E0C72E8,PTE044 PLG083 PMH080 STE051 SLG084 SMH097 SFR027 DRV101
TE914D7E567D6CE0,PTE046 PLG082 PMH087 STE049 SLG083 SMH088 SFR029 DRV062
TE31BEBEC8AFDC0F,PTE044 PLG081 PMH084 STE048 SLG080 SMH092 SFR032 DRV083
TE882CDC1B23827B,PTE046 PLG083 PMH087 STE048 SLG084 SMH088 SFR029 DRV062
TE7F2173A3CDB166,PTE046 PLG083 PMH087 STE048 SLG084 SMH088 SFR029 DRV062
TE7F154D6217116A,PTE046 PLG082 PMH084 STE050 SLG081 SMH092 SFR030 DRV084
TEA1C1987E0C0659,PTE047 PLG083 PMH087 STE049 SLG080 SMH089 SFR031 DRV063
TE332C6317DEFFEC,PTE046 PLG083 PMH087 STE048 SLG084 SMH088 SFR029 DRV062
TE5C917015726D6F,PTE047 PLG084 PMH089 STE049 SLG081 SMH089 SFR030 DRV061
TE8CC2D704615921,PTE044 PLG081 PMH080 STE050 SLG081 SMH095 SFR029 DRV097
TEAAA3749717EA0E,PTE047 PLG082 PMH085 STE050 SLG081 SMH091 SFR030 DRV076
TED502283E9C3444,PTE046 PLG083 PMH086 STE048 SLG084 SMH088 SFR029 DRV062
TE3BA8154C6CE459,PTE046 PLG082 PMH087 STE049 SLG084 SMH088 SFR029 DRV062
TEB000F3CD8A9019,PTE047 PLG082 PMH087 STE049 SLG083 SMH088 SFR029 DRV061
TE10F44639B9906B,PTE047 PLG084 PMH086 STE050 SLG084 SMH093 SFR029 DRV075
TE1E88641BC7E9E4,PTE047 PLG083 PMH086 STE048 SLG084 SMH088 SFR029 DRV062
TE0551D734A47264,PTE046 PLG083 PMH087 STE048 SLG084 SMH088 SFR028 DRV062
TE63F914CB921C16,PTE046 PLG083 PMH086 STE048 SLG084 SMH088 SFR029 DRV062
TE4EB1F42F234B83,PTE046 PLG090 PMH085 STE051 SLG092 SMH099 SFR022 DRV087
TEF5821CD6E013FF,PTE046 PLG082 PMH087 STE048 SLG084 SMH088 SFR030 DRV063
TE2AD56A4623AB3B,PTE046 PLG083 PMH087 STE048 SLG084 SMH088 SFR029 DRV062
TE9FC3AEAF8BBA8B,PTE048 PLG084 PMH086 STE050 SLG084 SMH092 SFR027 DRV071
TE8AF49E1A50EF1B,PTE047 PLG083 PMH087 STE049 SLG083 SMH088 SFR029 DRV061
TEC6CFC83D0F376A,PTE048 PLG085 PMH079 STE053 SLG087 SMH100 SFR018 DRV098
TE0011737C9228B4,PTE047 PLG082 PMH079 STE052 SLG083 SMH097 SFR024 DRV100
TEF3B8D7F6A18F4C,PTE047 PLG085 PMH087 STE050 SLG082 SMH091 SFR029 DRV072
TE89A14B3459D67A,PTE047 PLG085 PMH086 STE050 SLG083 SMH092 SFR029 DRV072
TEE66F4C674694FE,PTE044 PLG081 PMH077 STE052 SLG083 SMH098 SFR026 DRV107
TEFFAE6DE8508913,PTE045 PLG080 PMH078 STE052 SLG082 SMH097 SFR025 DRV099
TE8D86F0E35F8F4F,PTE046 PLG082 PMH087 STE048 SLG084 SMH088 SFR029 DRV062
TEA3970D0978F8EA,PTE046 PLG081 PMH087 STE048 SLG084 SMH088 SFR032 DRV064
TE2877C53CE76058,PTE046 PLG083 PMH087 STE048 SLG083 SMH088 SFR029 DRV061
TE45E62024694F57,PTE047 PLG082 PMH087 STE049 SLG083 SMH088 SFR029 DRV063
TE3A7AFFFB6AC99D,PTE044 PLG077 PMH081 STE048 SLG077 SMH091 SFR034 DRV089
TE443C2B086E00FB,PTE046 PLG083 PMH087 STE049 SLG083 SMH088 SFR029 DRV062
TE3ADECEF68E78D6,PTE047 PLG083 PMH087 STE049 SLG082 SMH088 SFR029 DRV061
TE95D21CDAACE07B,PTE046 PLG083 PMH087 STE049 SLG084 SMH088 SFR029 DRV062
TEDB7AC678912EFB,PTE046 PLG081 PMH086 STE048 SLG082 SMH088 SFR032 DRV066
TE7C02F37445221D,PTE048 PLG083 PMH087 STE050 SLG082 SMH090 SFR030 DRV068
TEFE5B733C7FA008,PTE048 PLG083 PMH084 STE050 SLG082 SMH092 SFR028 DRV078
TE1219B023FB495A,PTE046 PLG083 PMH087 STE048 SLG084 SMH088 SFR029 DRV062
TE7719899450675A,PTE047 PLG083 PMH087 STE048 SLG083 SMH088 SFR029 DRV062
TE2414FC3424572B,PTE047 PLG082 PMH083 STE050 SLG082 SMH094 SFR026 DRV081
TE9354E28E356678,PTE047 PLG082 PMH081 STE050 SLG082 SMH095 SFR026 DRV089
TECEEEA715A5258D,PTE045 PLG081 PMH082 STE049 SLG081 SMH094 SFR029 DRV089
TE96F32E5EA58D45,PTE049 PLG084 PMH088 STE049 SLG081 SMH089 SFR029 DRV062
TE3286F7E8D85E8F,PTE046 PLG082 PMH087 STE048 SLG084 SMH088 SFR029 DRV062
TE3B83A92930959F,PTE046 PLG083 PMH087 STE048 SLG083 SMH088 SFR029 DRV062
TE2E0AAF5755AC46,PTE049 PLG084 PMH085 STE052 SLG085 SMH094 SFR026 DRV079
TE72E909A65E5F8B,PTE044 PLG082 PMH081 STE050 SLG084 SMH096 SFR029 DRV095
TE443402FB2E3B7D,PTE046 PLG083 PMH087 STE048 SLG083 SMH088 SFR029 DRV062
TE13E91A7FC38D11,PTE048 PLG082 PMH088 STE048 SLG082 SMH089 SFR031 DRV063
TE9D172C1F12EA4D,PTE048 PLG083 PMH087 STE049 SLG082 SMH088 SFR029 DRV062
TE5DBC73D9583516,PTE047 PLG082 PMH087 STE048 SLG083 SMH088 SFR030 DRV063
TE0B59415721361E,PTE046 PLG083 PMH086 STE048 SLG084 SMH088 SFR029 DRV062
TEEE89FE87625E40,PTE045 PLG082 PMH082 STE050 SLG081 SMH093 SFR030 DRV087
TEAEECB024207870,PTE048 PLG083 PMH085 STE050 SLG083 SMH093 SFR027 DRV078
TE9375CEE5E63C8C,PTE046 PLG083 PMH087 STE048 SLG084 SMH088 SFR029 DRV062
TEF074AC1DE0EDF4,PTE046 PLG081 PMH086 STE049 SLG080 SMH088 SFR032 DRV070
TE2BEFA42071403F,PTE047 PLG082 PMH087 STE048 SLG083 SMH088 SFR030 DRV063
TE5DC2921C43801F,PTE044 PLG088 PMH086 STE050 SLG088 SMH095 SFR028 DRV085
TEE8B1FA130C98B5,PTE046 PLG084 PMH084 STE050 SLG082 SMH094 SFR029 DRV081
TE287A622F8227F8,PTE047 PLG082 PMH087 STE049 SLG083 SMH088 SFR029 DRV062
TEDFD8EF6F5A9552,PTE047 PLG082 PMH087 STE049 SLG083 SMH088 SFR029 DRV062
TEF494A1DFED3A65,PTE046 PLG082 PMH087 STE048 SLG083 SMH088 SFR031 DRV063
TE8427FE63FBD6A2,PTE044 PLG081 PMH081 STE048 SLG078 SMH092 SFR031 DRV090
TE2F8D067EB4CC20,PTE048 PLG084 PMH083 STE051 SLG083 SMH094 SFR026 DRV084
TEB16D0562C3120B,PTE048 PLG082 PMH086 STE050 SLG082 SMH091 SFR029 DRV071
TE5CB0E7110FB3AC,PTE047 PLG084 PMH089 STE049 SLG081 SMH090 SFR027 DRV059
TE748553A6496FDC,PTE047 PLG087 PMH086 STE052 SLG090 SMH096 SFR024 DRV082
TECF9E7103DF11C7,PTE047 PLG082 PMH083 STE052 SLG083 SMH094 SFR027 DRV084
TE1E66DD8DF4F37F,PTE046 PLG086 PMH083 STE051 SLG086 SMH096 SFR026 DRV092
TE320C930DEE2262,PTE046 PLG083 PMH086 STE048 SLG084 SMH088 SFR029 DRV062
TE4DB25D47097744,PTE049 PLG083 PMH088 STE049 SLG082 SMH089 SFR029 DRV060
TE85C72E9329CB2E,PTE046 PLG079 PMH083 STE049 SLG078 SMH090 SFR031 DRV077
TE48F41290C3217E,PTE045 PLG083 PMH077 STE054 SLG084 SMH100 SFR023 DRV114
TE6132509D836B8D,PTE043 PLG081 PMH080 STE050 SLG082 SMH096 SFR028 DRV101
TE9B13D7F9FF037D,PTE047 PLG083 PMH086 STE048 SLG084 SMH088 SFR029 DRV062
TEFBE3633E7DEC4F,PTE045 PLG083 PMH078 STE053 SLG086 SMH100 SFR021 DRV098
TE0E2C327D70D00C,PTE047 PLG083 PMH084 STE050 SLG083 SMH093 SFR028 DRV082
TEE07158166DAEDD,PTE047 PLG083 PMH087 STE049 SLG084 SMH088 SFR029 DRV062
TEB98075DAAFE75F,PTE046 PLG083 PMH087 STE048 SLG083 SMH088 SFR029 DRV061
TEA1847F32CE2747,PTE048 PLG082 PMH088 STE048 SLG082 SMH089 SFR030 DRV061
TE00B29577759798,PTE046 PLG083 PMH087 STE048 SLG083 SMH088 SFR029 DRV062
TE478EB8132FE6B4,PTE046 PLG083 PMH087 STE048 SLG084 SMH088 SFR029 DRV062
TE5033DCD1A3396C,PTE047 PLG083 PMH088 STE050 SLG082 SMH090 SFR030 DRV067
TEC6844DA3009B9F,PTE046 PLG083 PMH086 STE048 SLG084 SMH088 SFR028 DRV062
TE56EAA416ABC96F,PTE046 PLG083 PMH086 STE048 SLG084 SMH088 SFR029 DRV062
TE66CA6DC78915D0,PTE040 PLG080 PMH079 STE049 SLG078 SMH094 SFR033 DRV107
TE78047CCEAD8E25,PTE048 PLG084 PMH083 STE051 SLG084 SMH094 SFR025 DRV081
TEAF572353F1C67C,PTE046 PLG082 PMH087 STE049 SLG084 SMH088 SFR029 DRV062
TE89630FB18AEAAF,PTE047 PLG083 PMH087 STE049 SLG083 SMH088 SFR029 DRV062
TE9F7718A83DDB28,PTE044 PLG086 PMH084 STE051 SLG088 SMH097 SFR028 DRV092
TE47D8EC8C43FC37,PTE047 PLG082 PMH087 STE048 SLG083 SMH088 SFR030 DRV063
TEB18B8B9C6FAEEA,PTE048 PLG083 PMH087 STE050 SLG083 SMH091 SFR029 DRV068
TEE5950EF0CCEAB9,PTE048 PLG083 PMH089 STE049 SLG083 SMH090 SFR028 DRV060
TE609F4AD91DD5ED,PTE046 PLG083 PMH086 STE048 SLG084 SMH088 SFR028 DRV062
TEE1870EEB670EC3,PTE047 PLG083 PMH086 STE048 SLG084 SMH088 SFR029 DRV062
TE41B92199B798C2,PTE047 PLG085 PMH085 STE051 SLG086 SMH095 SFR026 DRV082
TEC7AE877CC89C37,PTE048 PLG083 PMH088 STE050 SLG082 SMH090 SFR031 DRV068
TEA2EA0B8299C3B0,PTE047 PLG083 PMH087 STE048 SLG083 SMH088 SFR029 DRV061
TECC0045AEB75903,PTE046 PLG083 PMH087 STE048 SLG084 SMH088 SFR029 DRV062
TE9C0343FF363478,PTE048 PLG086 PMH087 STE051 SLG086 SMH093 SFR026 DRV069
TE90FCD8AAA81954,PTE047 PLG082 PMH087 STE048 SLG083 SMH088 SFR030 DRV063
TEE9131013FA8CFB,PTE046 PLG083 PMH087 STE048 SLG084 SMH088 SFR029 DRV062
TEC8189F942B835B,PTE048 PLG082 PMH084 STE050 SLG082 SMH093 SFR027 DRV077
TEE5316FF880765C,PTE046 PLG083 PMH087 STE048 SLG084 SMH088 SFR029 DRV062
TE329C690924C3FD,PTE047 PLG082 PMH084 STE051 SLG081 SMH092 SFR029 DRV081
TE5E66CC097ABC06,PTE046 PLG081 PMH084 STE050 SLG080 SMH092 SFR031 DRV080
TE992D0A80ACF7DD,PTE041 PLG080 PMH076 STE050 SLG078 SMH097 SFR030 DRV109
TE3BCFA0B8F15586,PTE046 PLG081 PMH079 STE052 SLG081 SMH097 SFR026 DRV104
TEEEDD63192FADBB,PTE047 PLG082 PMH087 STE049 SLG083 SMH088 SFR029 DRV062
TEB917516F914321,PTE047 PLG082 PMH086 STE049 SLG081 SMH091 SFR029 DRV073
TEA7C1B5FDF557EB,PTE046 PLG083 PMH087 STE048 SLG084 SMH088 SFR029 DRV062
TE7045288EE6C1E8,PTE046 PLG083 PMH087 STE048 SLG084 SMH088 SFR029 DRV062
TEF015A229949B25,PTE046 PLG081 PMH081 STE050 SLG081 SMH095 SFR028 DRV093
TE3C5A0548D33F4E,PTE046 PLG083 PMH087 STE048 SLG083 SMH088 SFR029 DRV062
TED4AF317EDAAA83,PTE048 PLG083 PMH088 STE049 SLG082 SMH089 SFR029 DRV063
TEA8F2B3871BCED2,PTE046 PLG083 PMH087 STE048 SLG083 SMH088 SFR029 DRV062
TEC7A1990B8CAD07,PTE046 PLG081 PMH084 STE049 SLG080 SMH092 SFR029 DRV080
TEEBE0C0AD25D9B4,PTE049 PLG084 PMH088 STE049 SLG080 SMH089 SFR027 DRV059
TED47A39A1E1123C,PTE047 PLG083 PMH086 STE048 SLG084 SMH088 SFR029 DRV062
TE4136251A071BC1,PTE048 PLG082 PMH085 STE049 SLG081 SMH091 SFR028 DRV073
TEEEE225E28B3546,PTE048 PLG083 PMH088 STE048 SLG082 SMH089 SFR031 DRV062
TE8EA938B7FFA4B7,PTE046 PLG083 PMH087 STE048 SLG083 SMH088 SFR029 DRV062
TE7E97B3D02CEC20,PTE046 PLG083 PMH087 STE048 SLG084 SMH088 SFR029 DRV062
TEEAFC37C6B89AE4,PTE046 PLG082 PMH085 STE049 SLG080 SMH091 SFR030 DRV073
TE015CD025F0D26E,PTE047 PLG083 PMH087 STE049 SLG083 SMH088 SFR029 DRV062
TEF1B35E5113DD84,PTE047 PLG083 PMH086 STE048 SLG084 SMH088 SFR029 DRV062
TE13943D5F19109D,PTE046 PLG083 PMH087 STE048 SLG084 SMH088 SFR029 DRV062
TE8EB4399B6A5FF5,PTE047 PLG083 PMH086 STE048 SLG084 SMH088 SFR029 DRV062
TE5C8E42AAE5C87A,PTE047 PLG083 PMH087 STE048 SLG084 SMH088 SFR029 DRV062
TEFC282A22927958,PTE046 PLG082 PMH087 STE048 SLG083 SMH088 SFR029 DRV062
TEAC30F1999C70DF,PTE046 PLG083 PMH087 STE049 SLG084 SMH088 SFR029 DRV062
TE221BE0899431A5,PTE047 PLG085 PMH087 STE051 SLG083 SMH092 SFR029 DRV077
TEB3812D6784AB28,PTE047 PLG083 PMH086 STE048 SLG084 SMH088 SFR028 DRV062
TEE0880E196CE3DF,PTE046 PLG083 PMH087 STE048 SLG084 SMH088 SFR029 DRV062
TEF0609237682EC9,PTE046 PLG083 PMH087 STE048 SLG084 SMH088 SFR029 DRV062
TE883FCB564D52F3,PTE037 PLG073 PMH076 STE047 SLG080 SMH094 SFR040 DRV111
TED1F2DFFE694A6A,PTE048 PLG084 PMH089 STE049 SLG083 SMH090 SFR030 DRV060
TEC57D161F071B1C,PTE043 PLG076 PMH078 STE048 SLG074 SMH092 SFR033 DRV099
TED0FA94F62BB12D,PTE046 PLG081 PMH081 STE051 SLG080 SMH093 SFR028 DRV092
TEEA5A1A81BCE4E5,PTE043 PLG083 PMH082 STE049 SLG084 SMH096 SFR030 DRV097
TE8110E8C19F521D,PTE048 PLG083 PMH087 STE049 SLG082 SMH089 SFR029 DRV063
TE948B933DBDA2BD,PTE044 PLG080 PMH081 STE049 SLG079 SMH093 SFR029 DRV091
TED33AD6664ABB89,PTE047 PLG081 PMH084 STE049 SLG081 SMH092 SFR029 DRV077
TEA8F2B3418A2F4A,PTE047 PLG083 PMH086 STE048 SLG084 SMH088 SFR028 DRV062
TE2BEA6FEBE87D22,PTE048 PLG083 PMH087 STE049 SLG082 SMH089 SFR029 DRV062
TECE8080E41DFFC8,PTE041 PLG077 PMH071 STE051 SLG077 SMH099 SFR027 DRV126
TE72B54686C7374D,PTE046 PLG083 PMH086 STE050 SLG087 SMH093 SFR030 DRV078
TEE4934A6F8EDFDE,PTE047 PLG083 PMH086 STE048 SLG084 SMH088 SFR029 DRV062
TE9DF1EE4C7C1952,PTE046 PLG080 PMH081 STE051 SLG078 SMH093 SFR029 DRV089
TE411424F75A2C4E,PTE048 PLG083 PMH087 STE050 SLG084 SMH092 SFR029 DRV070
TE60AE9CD8AC2161,PTE046 PLG082 PMH087 STE048 SLG084 SMH088 SFR029 DRV063
TE09F3E22E38B892,PTE044 PLG083 PMH082 STE049 SLG084 SMH095 SFR029 DRV092
TE4DC1E763269C03,PTE048 PLG085 PMH087 STE051 SLG086 SMH093 SFR026 DRV072
TE166E5BADD3EEAB,PTE045 PLG085 PMH082 STE051 SLG083 SMH095 SFR028 DRV090
TE3C2653FC122C27,PTE047 PLG083 PMH083 STE051 SLG082 SMH093 SFR028 DRV084
TEDB9CD291A9587F,PTE047 PLG082 PMH087 STE048 SLG081 SMH088 SFR031 DRV064
TEA5DB65DFC95562,PTE049 PLG084 PMH088 STE049 SLG081 SMH090 SFR028 DRV059
TEF28837765F1BB6,PTE045 PLG081 PMH084 STE050 SLG080 SMH092 SFR031 DRV083
TE33B715F2EBBC9B,PTE046 PLG083 PMH087 STE048 SLG083 SMH088 SFR029 DRV062
TE9AA0787BC97B36,PTE046 PLG083 PMH086 STE048 SLG084 SMH088 SFR029 DRV062
TE36439768D936CA,PTE048 PLG083 PMH085 STE050 SLG083 SMH093 SFR027 DRV077
TEDBDEC90AEB045E,PTE046 PLG082 PMH087 STE048 SLG084 SMH088 SFR029 DRV062
TEA47AAF61603F91,PTE047 PLG083 PMH086 STE048 SLG084 SMH088 SFR029 DRV062
TEC4FC36DD553FED,PTE046 PLG083 PMH087 STE048 SLG084 SMH088 SFR029 DRV062
TE9384751710D923,PTE046 PLG083 PMH087 STE048 SLG084 SMH088 SFR029 DRV062
TEB27E9326F8FA1D,PTE047 PLG083 PMH081 STE052 SLG082 SMH095 SFR026 DRV096
TEFF7C3E8BBE145F,PTE039 PLG078 PMH076 STE049 SLG076 SMH096 SFR033 DRV117
TE97380D7064740B,PTE047 PLG083 PMH086 STE048 SLG084 SMH088 SFR029 DRV062
TEBDD8A11FD6A0F8,PTE045 PLG080 PMH083 STE051 SLG079 SMH092 SFR030 DRV084
TE6590E9B2C7D823,PTE046 PLG083 PMH086 STE048 SLG084 SMH088 SFR029 DRV062
TEF871CAB9DF490C,PTE047 PLG083 PMH087 STE049 SLG083 SMH088 SFR029 DRV061
TE32D4AE1092C35D,PTE046 PLG083 PMH087 STE049 SLG084 SMH088 SFR029 DRV062
TE20A3F0591D4AD6,PTE047 PLG082 PMH087 STE049 SLG081 SMH090 SFR031 DRV069
TEF1A04A21651D46,PTE047 PLG084 PMH089 STE049 SLG082 SMH090 SFR030 DRV061
TEECF10B47E34F35,PTE047 PLG082 PMH087 STE049 SLG083 SMH088 SFR029 DRV062
TE820AFD83298FCD,PTE040 PLG083 PMH083 STE048 SLG082 SMH093 SFR034 DRV095
TE79BB5DDCE1E209,PTE046 PLG082 PMH087 STE049 SLG084 SMH088 SFR029 DRV062
TEAD827ECE67BAB7,PTE046 PLG083 PMH087 STE048 SLG084 SMH088 SFR029 DRV062
TE1DD2081A1B0603,PTE044 PLG080 PMH079 STE051 SLG080 SMH094 SFR030 DRV099
TE57D6200FA0B30F,PTE046 PLG082 PMH087 STE049 SLG083 SMH088 SFR029 DRV062
TEA15B7CAD50F861,PTE045 PLG083 PMH083 STE050 SLG086 SMH095 SFR027 DRV088
TE2000F002D17FE5,PTE047 PLG081 PMH084 STE050 SLG081 SMH092 SFR029 DRV081
TE0EF537FA03AC85,PTE047 PLG081 PMH084 STE050 SLG080 SMH092 SFR030 DRV083
TEC30821982FB2E8,PTE047 PLG089 PMH082 STE054 SLG093 SMH101 SFR019 DRV100
TE44A1E3FD47074F,PTE046 PLG083 PMH087 STE048 SLG083 SMH088 SFR029 DRV062
TE660FA2F2AE179C,PTE045 PLG081 PMH082 STE051 SLG081 SMH093 SFR029 DRV090
TE86E8F2D6C35557,PTE046 PLG083 PMH087 STE048 SLG083 SMH088 SFR029 DRV062
TEB68EE2B3D0B6DC,PTE045 PLG081 PMH082 STE050 SLG079 SMH093 SFR030 DRV085
TE1498FDDBE23309,PTE047 PLG082 PMH083 STE050 SLG081 SMH093 SFR027 DRV079
TEF5383AAAD97549,PTE046 PLG082 PMH083 STE050 SLG080 SMH092 SFR030 DRV089
TE1CAA1EE5594FAA,PTE048 PLG084 PMH088 STE050 SLG083 SMH091 SFR029 DRV066
TECBA33E0855E1C1,PTE046 PLG083 PMH087 STE048 SLG083 SMH088 SFR029 DRV062
TE82AC60D32A02B4,PTE047 PLG082 PMH084 STE049 SLG080 SMH091 SFR030 DRV075
TE8938C77C0E9A15,PTE046 PLG083 PMH087 STE048 SLG084 SMH088 SFR029 DRV062
TEC2A651585D9C26,PTE046 PLG083 PMH087 STE048 SLG083 SMH088 SFR029 DRV062
TEF2E565D761E698,PTE045 PLG080 PMH084 STE048 SLG079 SMH090 SFR032 DRV077
TE6FA408A7E6D7DC,PTE046 PLG083 PMH086 STE048 SLG084 SMH088 SFR029 DRV062
TEC473DED8114345,PTE046 PLG083 PMH087 STE048 SLG084 SMH088 SFR029 DRV062
TE76303DFB8E4E4F,PTE044 PLG081 PMH083 STE049 SLG078 SMH091 SFR032 DRV086
TEDB29F9EF1BA83B,PTE045 PLG089 PMH085 STE051 SLG090 SMH098 SFR025 DRV094
TE37C3958FCC01C4,PTE047 PLG083 PMH087 STE049 SLG083 SMH088 SFR029 DRV062
TE2B73B80087D985,PTE046 PLG083 PMH087 STE048 SLG084 SMH088 SFR029 DRV062
TE3A5E4976005F6B,PTE047 PLG082 PMH087 STE048 SLG082 SMH088 SFR032 DRV064
TE3BC2CA04AFDD06,PTE047 PLG083 PMH087 STE048 SLG084 SMH088 SFR029 DRV062
TEDA31F96CEA8C5B,PTE048 PLG082 PMH086 STE050 SLG081 SMH091 SFR031 DRV070
TEE688776DFEB835,PTE048 PLG083 PMH088 STE049 SLG082 SMH090 SFR030 DRV063
TEF0D23579448659,PTE047 PLG083 PMH086 STE048 SLG084 SMH088 SFR029 DRV062
TE667317D38E53E7,PTE046 PLG082 PMH084 STE050 SLG081 SMH093 SFR029 DRV081
TE63C20F070CA2D5,PTE047 PLG083 PMH086 STE048 SLG084 SMH088 SFR028 DRV062
TE8F882ED20D1FBF,PTE049 PLG084 PMH088 STE049 SLG082 SMH090 SFR028 DRV060
TE6B08EE71D82B29,PTE041 PLG086 PMH087 STE049 SLG082 SMH091 SFR030 DRV077
TEB3687ED22888FA,PTE044 PLG081 PMH084 STE049 SLG079 SMH091 SFR033 DRV084
TE97B14F105E7740,PTE038 PLG080 PMH078 STE048 SLG079 SMH095 SFR034 DRV109
TE3B48F62337EB98,PTE047 PLG082 PMH085 STE049 SLG081 SMH092 SFR029 DRV076
TE4AF04F44E99755,PTE045 PLG081 PMH086 STE048 SLG083 SMH088 SFR033 DRV067
TE0EA1DD20A77262,PTE047 PLG082 PMH086 STE049 SLG081 SMH091 SFR031 DRV071
TEF9155A0853391C,PTE046 PLG083 PMH087 STE048 SLG084 SMH088 SFR029 DRV062
TE06B9B3AB8629B6,PTE047 PLG081 PMH084 STE051 SLG081 SMH092 SFR030 DRV083
TEE473203F088DE4,PTE048 PLG083 PMH087 STE049 SLG081 SMH089 SFR029 DRV062
TEED41001C4150F5,PTE045 PLG081 PMH084 STE049 SLG080 SMH092 SFR030 DRV081
TE2714D9AAC1DD97,PTE047 PLG083 PMH087 STE049 SLG083 SMH088 SFR029 DRV062
TE20A8BA763F5009,PTE048 PLG084 PMH088 STE049 SLG085 SMH092 SFR028 DRV067
TEDD42EE29849B08,PTE039 PLG071 PMH075 STE047 SLG074 SMH093 SFR040 DRV109
TEB177213FEF4F9F,PTE046 PLG082 PMH083 STE050 SLG080 SMH092 SFR030 DRV087
TEE49AF3CD404292,PTE046 PLG086 PMH082 STE052 SLG087 SMH099 SFR024 DRV101
TE10B9F76D4F1CC7,PTE046 PLG083 PMH087 STE048 SLG084 SMH088 SFR029 DRV062
TEA5A0F10639C5C5,PTE046 PLG083 PMH087 STE048 SLG084 SMH088 SFR029 DRV062
TE2C19D50A64C674,PTE046 PLG083 PMH087 STE048 SLG083 SMH088 SFR029 DRV062
TE874C5A11ADC2D9,PTE046 PLG090 PMH085 STE051 SLG091 SMH098 SFR024 DRV086
TEC05A3E72CA1886,PTE045 PLG083 PMH080 STE051 SLG086 SMH098 SFR025 DRV099
TE6A08B0A7E87B17,PTE049 PLG084 PMH089 STE049 SLG083 SMH090 SFR028 DRV061
TE7D9C2662EB023E,PTE046 PLG081 PMH086 STE048 SLG082 SMH088 SFR032 DRV067
TE35AE432221EFDF,PTE047 PLG083 PMH087 STE048 SLG084 SMH088 SFR029 DRV062
TE0225DBDBB58C5E,PTE042 PLG080 PMH082 STE048 SLG077 SMH091 SFR035 DRV090
TEA24DCAF3A99A15,PTE045 PLG082 PMH085 STE050 SLG082 SMH092 SFR032 DRV081
TEADD69469B3FBB0,PTE048 PLG083 PMH088 STE049 SLG082 SMH090 SFR030 DRV064
TE45010B58715B00,PTE045 PLG081 PMH082 STE051 SLG080 SMH092 SFR030 DRV086
TE95E6BF6B4C5466,PTE044 PLG079 PMH082 STE049 SLG078 SMH092 SFR033 DRV088
TEC9213E2836B51E,PTE043 PLG075 PMH080 STE048 SLG075 SMH090 SFR037 DRV089
TE222BF4C452F78D,PTE043 PLG081 PMH083 STE050 SLG079 SMH092 SFR032 DRV089
TE679A69DCD24DE6,PTE047 PLG084 PMH084 STE051 SLG085 SMH095 SFR026 DRV081
TEC561CDDF757BA8,PTE045 PLG085 PMH084 STE051 SLG089 SMH097 SFR029 DRV093
TE8B1942BEE99EFB,PTE047 PLG083 PMH087 STE049 SLG082 SMH088 SFR029 DRV062
TE936855A8056E92,PTE049 PLG083 PMH089 STE048 SLG084 SMH090 SFR030 DRV060
TE826672BC27D8F7,PTE049 PLG084 PMH089 STE049 SLG082 SMH089 SFR029 DRV060
TEC64E87E18278CD,PTE046 PLG082 PMH087 STE048 SLG084 SMH088 SFR029 DRV062
TEB78FA98DC98378,PTE048 PLG083 PMH088 STE049 SLG082 SMH088 SFR030 DRV063
TE1602D9D753BB64,PTE048 PLG082 PMH087 STE049 SLG081 SMH089 SFR031 DRV064
TEDDDBC534691BCD,PTE046 PLG081 PMH085 STE049 SLG082 SMH091 SFR032 DRV078
TECCFD5FE6B5F709,PTE047 PLG082 PMH086 STE049 SLG081 SMH090 SFR030 DRV069
TECD77A5209B547F,PTE046 PLG082 PMH087 STE049 SLG084 SMH088 SFR029 DRV062
TE67B1444436B957,PTE047 PLG083 PMH087 STE049 SLG083 SMH088 SFR029 DRV061
TED46831D1642C46,PTE047 PLG083 PMH087 STE048 SLG084 SMH088 SFR029 DRV062
TE8CD26A40E2DE88,PTE046 PLG083 PMH087 STE048 SLG083 SMH088 SFR029 DRV062
TE932F8810BB6F6E,PTE046 PLG082 PMH087 STE048 SLG084 SMH088 SFR029 DRV063
TED92E4B621D0463,PTE047 PLG083 PMH086 STE048 SLG084 SMH088 SFR029 DRV062
TE937E7B2309888C,PTE049 PLG086 PMH087 STE052 SLG089 SMH095 SFR024 DRV075
TE16C53C458509A3,PTE046 PLG083 PMH087 STE048 SLG083 SMH088 SFR029 DRV061
TE0382D6ACC30BB9,PTE047 PLG083 PMH087 STE048 SLG084 SMH088 SFR029 DRV062
TE4B21958CBB15B8,PTE046 PLG083 PMH087 STE048 SLG084 SMH088 SFR028 DRV062
TEF39A5A5544F8E1,PTE046 PLG082 PMH087 STE048 SLG084 SMH088 SFR029 DRV063
TE3E669212688321,PTE045 PLG081 PMH087 STE048 SLG083 SMH088 SFR033 DRV065
TEC97DD4DA62ADEA,PTE048 PLG083 PMH086 STE051 SLG083 SMH092 SFR028 DRV075
TE002F11EBB0ADAC,PTE047 PLG084 PMH082 STE051 SLG085 SMH096 SFR025 DRV092
TE6F0471649B0A71,PTE047 PLG083 PMH087 STE048 SLG084 SMH088 SFR029 DRV062
TEC7F8D4D2398483,PTE048 PLG083 PMH087 STE049 SLG081 SMH089 SFR028 DRV062
TE666E8C9F6F3D5D,PTE041 PLG088 PMH081 STE050 SLG091 SMH102 SFR025 DRV117
TEA3E3ACB24B3F3C,PTE046 PLG081 PMH087 STE048 SLG084 SMH088 SFR030 DRV064
TE29AC20BBEDE332,PTE048 PLG083 PMH088 STE048 SLG082 SMH089 SFR031 DRV060
TEC6ADCEB729299D,PTE046 PLG083 PMH085 STE050 SLG082 SMH092 SFR029 DRV080
TE250DD103FEF4E3,PTE047 PLG083 PMH086 STE048 SLG084 SMH088 SFR028 DRV062
TE454728A2C2B5C0,PTE046 PLG083 PMH087 STE048 SLG084 SMH088 SFR028 DRV062
TE6083E5F0414702,PTE042 PLG082 PMH081 STE050 SLG081 SMH094 SFR031 DRV095
TE2A63DA2B40C151,PTE046 PLG083 PMH087 STE048 SLG083 SMH088 SFR029 DRV062
TE7E565EDBF6BCCC,PTE040 PLG080 PMH078 STE048 SLG078 SMH094 SFR031 DRV104
TEE1F1660B0A978A,PTE046 PLG083 PMH087 STE048 SLG084 SMH088 SFR029 DRV062
TEEE7B995EBEC8F5,PTE046 PLG081 PMH086 STE048 SLG083 SMH088 SFR033 DRV068
TE25E2DB5A6B5C02,PTE047 PLG083 PMH082 STE051 SLG082 SMH094 SFR027 DRV085
TECF4437363EE4C5,PTE047 PLG082 PMH087 STE049 SLG083 SMH088 SFR030 DRV063
TE8CA17D35B82F5C,PTE046 PLG083 PMH087 STE048 SLG084 SMH088 SFR029 DRV062
TEE41EC955C2C52F,PTE042 PLG075 PMH078 STE049 SLG078 SMH092 SFR035 DRV094
TE0C85DA7B03F002,PTE046 PLG083 PMH087 STE048 SLG084 SMH088 SFR029 DRV062
TE23D1351AC813AD,PTE048 PLG085 PMH087 STE051 SLG086 SMH093 SFR027 DRV074
TEBC81E9CF782D68,PTE047 PLG083 PMH086 STE048 SLG084 SMH088 SFR028 DRV062
TEC9DDE95113D075,PTE047 PLG082 PMH081 STE052 SLG082 SMH094 SFR026 DRV093
TEB4769BA8DDA69F,PTE047 PLG081 PMH085 STE050 SLG080 SMH091 SFR031 DRV078
TE8F5085A9AD6E02,PTE049 PLG087 PMH087 STE051 SLG089 SMH095 SFR024 DRV075
TE1A75CC5FDFD038,PTE046 PLG082 PMH087 STE048 SLG084 SMH088 SFR029 DRV062
TE666CCBBC3C25B0,PTE047 PLG083 PMH087 STE049 SLG081 SMH089 SFR031 DRV065
TE8CC18051547F2B,PTE046 PLG083 PMH087 STE048 SLG084 SMH088 SFR029 DRV062
TE349A62FBBB31D9,PTE047 PLG083 PMH088 STE049 SLG081 SMH089 SFR031 DRV064
TE2BD8B3B0240BF8,PTE047 PLG083 PMH084 STE051 SLG084 SMH094 SFR027 DRV080
TE807E072CA596AB,PTE047 PLG082 PMH086 STE049 SLG080 SMH090 SFR031 DRV070
TE8308B03140063B,PTE047 PLG083 PMH087 STE048 SLG084 SMH088 SFR029 DRV062
TE012847A0AEEC59,PTE041 PLG080 PMH081 STE048 SLG080 SMH094 SFR032 DRV097
TE9954E82DC18759,PTE047 PLG083 PMH086 STE048 SLG084 SMH088 SFR029 DRV062
TEE65DD45263FC5C,PTE048 PLG082 PMH087 STE050 SLG081 SMH090 SFR031 DRV069
TE10B754310FDDEC,PTE046 PLG083 PMH087 STE048 SLG084 SMH088 SFR029 DRV062
TE17AF87FB285E8E,PTE047 PLG083 PMH087 STE048 SLG084 SMH088 SFR029 DRV062
TE99098BC7CBCF41,PTE046 PLG081 PMH078 STE053 SLG083 SMH096 SFR024 DRV104
TE49EC9460E0DE3A,PTE046 PLG083 PMH087 STE048 SLG084 SMH088 SFR029 DRV062
TEB4C8E268AB9F3E,PTE047 PLG082 PMH087 STE048 SLG083 SMH088 SFR031 DRV064
TE3E1A635B3E3EDA,PTE046 PLG083 PMH087 STE048 SLG084 SMH088 SFR029 DRV062
TED4D6B16EA53327,PTE046 PLG083 PMH087 STE048 SLG084 SMH088 SFR029 DRV062
TEF981BBA65012B9,PTE046 PLG082 PMH087 STE048 SLG084 SMH088 SFR029 DRV062
TEAF2EA04BE406E7,PTE046 PLG081 PMH086 STE048 SLG082 SMH088 SFR032 DRV066
TE50BE2D792F0353,PTE047 PLG083 PMH086 STE048 SLG084 SMH088 SFR029 DRV062
TE436FE27C5FFFBE,PTE045 PLG081 PMH087 STE048 SLG085 SMH087 SFR031 DRV063
TEEDF6FB31D863A5,PTE047 PLG082 PMH087 STE048 SLG081 SMH089 SFR031 DRV063
TEF4EC95F5F801E1,PTE044 PLG080 PMH079 STE051 SLG079 SMH094 SFR032 DRV097
TEFA110C8089D7A9,PTE042 PLG085 PMH080 STE051 SLG086 SMH098 SFR027 DRV108
TE6D70534E8D1909,PTE047 PLG083 PMH086 STE048 SLG084 SMH088 SFR029 DRV062
TE4AE1D7CA412CA8,PTE046 PLG082 PMH087 STE049 SLG083 SMH088 SFR029 DRV062
TE0D5B009F906091,PTE047 PLG083 PMH088 STE049 SLG081 SMH089 SFR030 DRV060
TE84D6EC03A14273,PTE046 PLG082 PMH082 STE050 SLG081 SMH094 SFR027 DRV088
TE76ABC217B6014D,PTE047 PLG082 PMH087 STE049 SLG083 SMH088 SFR029 DRV062
TEE5DD4EFACF21EA,PTE047 PLG083 PMH084 STE050 SLG083 SMH092 SFR028 DRV079
TE8543AEDC05D5FD,PTE046 PLG083 PMH087 STE048 SLG084 SMH088 SFR029 DRV062
TE204C37DCCE6F07,PTE044 PLG080 PMH084 STE048 SLG079 SMH091 SFR033 DRV080
TE56DB9BA6C2953E,PTE047 PLG082 PMH082 STE051 SLG080 SMH094 SFR028 DRV089
TE4E9A5FF9E2F79D,PTE042 PLG079 PMH080 STE050 SLG077 SMH094 SFR034 DRV099
TE0359A024AB1A98,PTE046 PLG083 PMH087 STE048 SLG084 SMH088 SFR029 DRV062
TED8392BEA139E5F,PTE048 PLG086 PMH085 STE052 SLG088 SMH095 SFR025 DRV081
TE573A3EFD2F441F,PTE047 PLG082 PMH087 STE048 SLG082 SMH088 SFR032 DRV065
TEBD40081FB8A14E,PTE046 PLG081 PMH087 STE048 SLG084 SMH088 SFR031 DRV063
TE0341A5F0D30E62,PTE046 PLG082 PMH087 STE048 SLG084 SMH088 SFR030 DRV063
TE25B92EDBE1BE70,PTE040 PLG079 PMH081 STE047 SLG077 SMH092 SFR034 DRV093
TE906271346A15AE,PTE046 PLG083 PMH087 STE048 SLG084 SMH088 SFR029 DRV062
TE7D31C59FB783E9,PTE046 PLG083 PMH087 STE048 SLG084 SMH088 SFR029 DRV062
TE2954EED893ECEB,PTE049 PLG085 PMH086 STE051 SLG086 SMH094 SFR026 DRV077
TE1D0DE26534CDC9,PTE046 PLG083 PMH087 STE048 SLG084 SMH088 SFR029 DRV062
TE2CF10536DFDD47,PTE048 PLG083 PMH088 STE049 SLG082 SMH089 SFR030 DRV062
TED9AC794B013B1C,PTE047 PLG083 PMH086 STE048 SLG084 SMH088 SFR029 DRV062
TE58BD342DB6557A,PTE047 PLG083 PMH087 STE048 SLG083 SMH088 SFR029 DRV061
TE917D3AA10D7D30,PTE046 PLG082 PMH087 STE048 SLG084 SMH088 SFR029 DRV063
TE2B445953FB805E,PTE048 PLG082 PMH088 STE048 SLG083 SMH088 SFR030 DRV064
TE17B94A07129D35,PTE046 PLG081 PMH086 STE049 SLG081 SMH090 SFR032 DRV068
TEE0AF334F0AF89F,PTE046 PLG083 PMH087 STE048 SLG084 SMH088 SFR029 DRV062
TEE0AE69C0C2C253,PTE047 PLG083 PMH084 STE050 SLG081 SMH093 SFR028 DRV077
TEBC3FBCAA3DCE86,PTE041 PLG080 PMH081 STE047 SLG079 SMH093 SFR033 DRV094
TE06160707E2FCAD,PTE048 PLG083 PMH088 STE050 SLG083 SMH090 SFR030 DRV064
TED6FBD016903410,PTE046 PLG083 PMH084 STE049 SLG081 SMH093 SFR029 DRV082
TE3900E1C0EB9D47,PTE046 PLG082 PMH087 STE048 SLG084 SMH088 SFR030 DRV063
TE55D00D3FDDA913,PTE049 PLG086 PMH082 STE054 SLG090 SMH099 SFR019 DRV095
TE34B47F359D76C0,PTE046 PLG083 PMH087 STE048 SLG084 SMH088 SFR029 DRV062
TE2A307744C6C4D4,PTE048 PLG084 PMH088 STE050 SLG084 SMH091 SFR029 DRV068
TECDF385A3CC5B1A,PTE048 PLG084 PMH089 STE049 SLG081 SMH090 SFR027 DRV060
TE36D25712BB8DF4,PTE047 PLG084 PMH083 STE051 SLG084 SMH095 SFR027 DRV085
TED2747EADE3C118,PTE048 PLG084 PMH086 STE051 SLG084 SMH093 SFR028 DRV078
TEA628CA1E9228A8,PTE048 PLG083 PMH083 STE050 SLG082 SMH094 SFR026 DRV082
TE23C2CE45ED3F26,PTE046 PLG080 PMH085 STE048 SLG079 SMH089 SFR032 DRV072
TEE51A8749A8365E,PTE048 PLG083 PMH088 STE048 SLG081 SMH089 SFR031 DRV062
TE3DF71C7C5442BA,PTE049 PLG083 PMH086 STE050 SLG082 SMH092 SFR028 DRV074
TEE4960FBEFCF87D,PTE047 PLG082 PMH086 STE050 SLG081 SMH091 SFR030 DRV074
TEC696BE2C3FFCA9,PTE048 PLG082 PMH087 STE049 SLG081 SMH090 SFR031 DRV067
TEBB9EB1E54C564E,PTE047 PLG082 PMH084 STE051 SLG082 SMH092 SFR028 DRV080
TEB47AF02E1AF383,PTE045 PLG081 PMH084 STE049 SLG079 SMH091 SFR031 DRV078
TE71FC8D38A912FF,PTE046 PLG083 PMH087 STE048 SLG084 SMH088 SFR029 DRV062
TE0D7375B8C57011,PTE046 PLG083 PMH087 STE048 SLG084 SMH088 SFR029 DRV062
TE338A3A323B6157,PTE046 PLG079 PMH083 STE048 SLG077 SMH090 SFR032 DRV081
TE0FC8970E374444,PTE046 PLG082 PMH087 STE049 SLG083 SMH088 SFR029 DRV062
TEF270DC59DFAF42,PTE046 PLG083 PMH087 STE048 SLG083 SMH088 SFR029 DRV062
TE90DCCC8AB92A06,PTE046 PLG083 PMH087 STE048 SLG084 SMH088 SFR029 DRV062
TEF1A536D369BFE6,PTE047 PLG083 PMH087 STE049 SLG082 SMH088 SFR029 DRV061
TEE924AE88353CB3,PTE044 PLG084 PMH084 STE049 SLG079 SMH093 SFR030 DRV087
TEF03893FDB6ACAE,PTE047 PLG080 PMH084 STE049 SLG078 SMH090 SFR030 DRV075
TE7B38C37BF8E90F,PTE047 PLG083 PMH079 STE052 SLG085 SMH098 SFR023 DRV106
TE095ACC0E18FC3F,PTE048 PLG083 PMH088 STE049 SLG082 SMH089 SFR029 DRV062
TEB2A6D5277A776F,PTE046 PLG083 PMH087 STE048 SLG083 SMH088 SFR029 DRV062
TE4D818D15453931,PTE046 PLG083 PMH086 STE048 SLG084 SMH088 SFR029 DRV062
TE65881F4E08A848,PTE046 PLG083 PMH087 STE048 SLG084 SMH088 SFR029 DRV062
TE41C78105D5E69B,PTE047 PLG113 PMH084 STE052 SLG114 SMH116 SFR008 DRV121
TE52D16E511A00AE,PTE049 PLG086 PMH090 STE049 SLG087 SMH091 SFR029 DRV059
TE37A697B6BB487D,PTE046 PLG083 PMH081 STE051 SLG082 SMH095 SFR027 DRV095
TE8E00B04CCA813E,PTE046 PLG082 PMH087 STE048 SLG084 SMH088 SFR029 DRV062
TE24283AEEBC65F5,PTE046 PLG083 PMH087 STE048 SLG083 SMH088 SFR029 DRV062
TE3A143CF2367764,PTE047 PLG083 PMH086 STE048 SLG084 SMH088 SFR029 DRV062
TEBB2BB1C43BD6B2,PTE046 PLG081 PMH082 STE049 SLG080 SMH094 SFR028 DRV085
TEE7BBA872DF86C6,PTE050 PLG088 PMH088 STE052 SLG085 SMH093 SFR025 DRV076
TE875FCF9F6CA328,PTE046 PLG083 PMH087 STE048 SLG083 SMH088 SFR029 DRV062
TEA84752F6019D1C,PTE045 PLG081 PMH082 STE050 SLG079 SMH094 SFR029 DRV088
TE5DD21D7E01AF0D,PTE046 PLG081 PMH087 STE048 SLG084 SMH088 SFR030 DRV063
TE5C75EECBFE5DCF,PTE047 PLG083 PMH086 STE048 SLG084 SMH088 SFR028 DRV062
TE9CA416B88DF21D,PTE046 PLG083 PMH087 STE048 SLG084 SMH088 SFR029 DRV062
TE9E750E6FF1214A,PTE048 PLG083 PMH088 STE049 SLG081 SMH089 SFR029 DRV063
TEA66CF0ECDD97E1,PTE047 PLG082 PMH087 STE048 SLG083 SMH088 SFR030 DRV063
TEE5EAC34581640D,PTE048 PLG083 PMH087 STE048 SLG082 SMH088 SFR030 DRV063
TEB7BA1E8141F9AD,PTE045 PLG081 PMH087 STE047 SLG084 SMH087 SFR032 DRV063
TEDF6C20557F2C9D,PTE048 PLG085 PMH089 STE050 SLG087 SMH092 SFR027 DRV066
TEBF0F62677F1082,PTE047 PLG083 PMH088 STE050 SLG082 SMH090 SFR030 DRV066
TE4BD6135377FD17,PTE047 PLG083 PMH086 STE048 SLG084 SMH088 SFR029 DRV062
TE1C4DB86FB09C2D,PTE048 PLG083 PMH088 STE048 SLG082 SMH089 SFR031 DRV062
TE0426B9F46068C6,PTE047 PLG082 PMH084 STE050 SLG081 SMH092 SFR028 DRV078
TE3FF83FFBA2FC25,PTE047 PLG083 PMH086 STE048 SLG084 SMH088 SFR028 DRV062
TEF4911A3B71DFB5,PTE048 PLG084 PMH088 STE050 SLG083 SMH090 SFR030 DRV066
TE1658446A9396CE,PTE043 PLG080 PMH083 STE049 SLG080 SMH092 SFR033 DRV085
TEDF42EF3A594B9B,PTE046 PLG083 PMH087 STE048 SLG084 SMH088 SFR029 DRV062
TEF7A440634997C6,PTE045 PLG081 PMH075 STE052 SLG084 SMH100 SFR020 DRV112
TEAED048638D89AA,PTE048 PLG081 PMH084 STE049 SLG081 SMH092 SFR028 DRV075
TEA6EF3061314727,PTE044 PLG081 PMH080 STE049 SLG079 SMH094 SFR030 DRV098
TEFD51FB15EE9557,PTE047 PLG082 PMH084 STE050 SLG082 SMH093 SFR029 DRV082
TE31A8437FB734CC,PTE047 PLG083 PMH086 STE048 SLG084 SMH088 SFR029 DRV062
TE2CDC09EDC243AB,PTE047 PLG082 PMH087 STE049 SLG083 SMH088 SFR030 DRV063
TE20E8520E21031D,PTE046 PLG083 PMH087 STE048 SLG084 SMH088 SFR029 DRV062
TEE517FAA1C4D117,PTE046 PLG083 PMH087 STE048 SLG084 SMH088 SFR029 DRV062
TEEE7F995D962D3A,PTE046 PLG083 PMH087 STE048 SLG084 SMH088 SFR029 DRV062
TE7EE102498130AE,PTE046 PLG084 PMH088 STE049 SLG081 SMH090 SFR030 DRV066
TE8B99E473FACDE4,PTE047 PLG082 PMH083 STE050 SLG080 SMH092 SFR028 DRV081
TE04C5CB651874F9,PTE041 PLG088 PMH081 STE051 SLG088 SMH100 SFR026 DRV112
TE9E9C403B020EA1,PTE047 PLG083 PMH086 STE048 SLG084 SMH088 SFR029 DRV062
TE336A3EC4FC9D80,PTE042 PLG083 PMH083 STE049 SLG082 SMH094 SFR030 DRV090
TE7633D3CD5D28F6,PTE045 PLG081 PMH082 STE049 SLG080 SMH092 SFR030 DRV083
TE32469F0B843BC2,PTE046 PLG081 PMH085 STE050 SLG081 SMH091 SFR031 DRV077
TE8AC504A102CD94,PTE046 PLG082 PMH087 STE048 SLG084 SMH088 SFR029 DRV062
TEF1CF7AF183D9E6,PTE046 PLG082 PMH087 STE048 SLG083 SMH088 SFR029 DRV062
TE4383F970219705,PTE046 PLG083 PMH087 STE048 SLG084 SMH088 SFR029 DRV062
TED84DC040EB68A7,PTE046 PLG082 PMH087 STE048 SLG084 SMH088 SFR030 DRV064
TEC985C6F6181923,PTE046 PLG083 PMH087 STE048 SLG083 SMH088 SFR029 DRV062
TE0858F14DCF2624,PTE046 PLG080 PMH080 STE051 SLG080 SMH095 SFR028 DRV096
TE1973BB1808619B,PTE048 PLG084 PMH087 STE051 SLG085 SMH092 SFR028 DRV073
TE2738CA98C7D190,PTE047 PLG085 PMH085 STE051 SLG087 SMH095 SFR025 DRV082
TECB2307488AEC29,PTE047 PLG083 PMH087 STE050 SLG082 SMH090 SFR030 DRV068
TE186030B927AB77,PTE046 PLG083 PMH087 STE048 SLG084 SMH088 SFR029 DRV062
TE0F709845EDE218,PTE044 PLG080 PMH079 STE049 SLG079 SMH095 SFR029 DRV098
TE5CC8D82F8C2F9A,PTE047 PLG082 PMH082 STE050 SLG082 SMH094 SFR026 DRV084
TE8AD6B09741ABCF,PTE047 PLG082 PMH086 STE049 SLG080 SMH089 SFR031 DRV070
TE096181EA26D5DB,PTE046 PLG083 PMH087 STE048 SLG084 SMH088 SFR029 DRV062
TEC6D6532EDB7559,PTE047 PLG084 PMH083 STE050 SLG086 SMH096 SFR025 DRV087
TE55558213497008,PTE038 PLG079 PMH076 STE049 SLG078 SMH096 SFR033 DRV115
TE4FA6FB52EF707A,PTE048 PLG085 PMH086 STE051 SLG085 SMH093 SFR027 DRV075
TE8EB03460A34A32,PTE048 PLG086 PMH088 STE050 SLG086 SMH092 SFR027 DRV067
TEE4899F3D38F3DD,PTE048 PLG083 PMH087 STE049 SLG082 SMH088 SFR029 DRV062
TEF03F5A1D6D73B4,PTE046 PLG082 PMH087 STE049 SLG084 SMH088 SFR029 DRV062
TEDD22CFA6570705,PTE046 PLG083 PMH087 STE048 SLG084 SMH088 SFR029 DRV062
TEB6C50461388701,PTE045 PLG080 PMH085 STE048 SLG080 SMH088 SFR035 DRV070
TE70A40CFDBD183C,PTE047 PLG083 PMH087 STE049 SLG083 SMH088 SFR029 DRV062
TEBB61D9B3887D4A,PTE046 PLG080 PMH082 STE050 SLG079 SMH093 SFR029 DRV089
TEBDC45AA6209F04,PTE047 PLG083 PMH087 STE048 SLG080 SMH090 SFR031 DRV069
TE4EF57F3AD77595,PTE045 PLG082 PMH083 STE050 SLG080 SMH093 SFR029 DRV083
TED2AB7AC55B7C33,PTE048 PLG088 PMH085 STE052 SLG089 SMH097 SFR023 DRV084
TE5D0C63EAF53BAC,PTE046 PLG083 PMH087 STE048 SLG084 SMH088 SFR029 DRV062
TEED628074FEA215,PTE046 PLG081 PMH086 STE048 SLG081 SMH088 SFR032 DRV068
TECC4DB540B58309,PTE046 PLG083 PMH086 STE048 SLG084 SMH088 SFR029 DRV062
TED7F98112DA40F6,PTE048 PLG084 PMH085 STE051 SLG085 SMH094 SFR025 DRV079
TEF4A46F8D1122CD,PTE046 PLG082 PMH087 STE048 SLG084 SMH088 SFR030 DRV063
TE49F83008779027,PTE046 PLG083 PMH087 STE048 SLG083 SMH088 SFR029 DRV062
TE32A968EBF8E2DF,PTE047 PLG083 PMH087 STE048 SLG083 SMH088 SFR029 DRV062
TEFC3B6125743861,PTE048 PLG082 PMH087 STE049 SLG083 SMH088 SFR030 DRV063
TE9AC2A6869A7CFD,PTE047 PLG081 PMH085 STE048 SLG080 SMH089 SFR031 DRV072
TEA6BA04B25DA1CF,PTE046 PLG083 PMH087 STE048 SLG084 SMH088 SFR029 DRV062
TEE87B8C8E395273,PTE049 PLG084 PMH089 STE049 SLG084 SMH090 SFR028 DRV060
TEA08425274925D2,PTE046 PLG082 PMH087 STE049 SLG083 SMH088 SFR029 DRV062
TEA0EB477511A757,PTE048 PLG083 PMH087 STE049 SLG082 SMH090 SFR029 DRV065
TED264F6CE9D58C5,PTE046 PLG082 PMH087 STE048 SLG084 SMH088 SFR029 DRV062
TE4BEC350EDB6163,PTE048 PLG088 PMH079 STE054 SLG092 SMH102 SFR016 DRV105
TEF02B3FBD2E175F,PTE046 PLG083 PMH087 STE048 SLG084 SMH088 SFR029 DRV062
TE508C9EB7D14793,PTE047 PLG083 PMH086 STE048 SLG084 SMH088 SFR029 DRV062
TEDF59EF7EF5FD55,PTE048 PLG083 PMH087 STE049 SLG084 SMH091 SFR028 DRV067
TEBC6029B536CC8D,PTE048 PLG081 PMH083 STE051 SLG081 SMH093 SFR027 DRV084
TE39C8282E5F88E5,PTE047 PLG082 PMH086 STE050 SLG081 SMH090 SFR030 DRV072
TE611B3535ACC63A,PTE046 PLG083 PMH085 STE050 SLG080 SMH092 SFR030 DRV079
TE2725902C3E8AC3,PTE045 PLG082 PMH082 STE050 SLG081 SMH093 SFR029 DRV085
TE609D38BC306261,PTE048 PLG082 PMH088 STE048 SLG083 SMH089 SFR030 DRV063
TE3A5FB54F6B943C,PTE047 PLG083 PMH086 STE048 SLG084 SMH088 SFR029 DRV062
TE7A96575EBEAEFD,PTE046 PLG082 PMH087 STE048 SLG084 SMH088 SFR030 DRV064
TE5460B05AE37B18,PTE048 PLG083 PMH087 STE049 SLG082 SMH089 SFR029 DRV062
TE45922881FDCC61,PTE047 PLG083 PMH086 STE048 SLG084 SMH088 SFR029 DRV062
TE6ED1E05306F890,PTE046 PLG083 PMH086 STE048 SLG084 SMH088 SFR028 DRV062
TE39954EB84FDA09,PTE046 PLG083 PMH086 STE048 SLG084 SMH088 SFR029 DRV062
TE762144696E002B,PTE047 PLG083 PMH087 STE049 SLG083 SMH088 SFR029 DRV062
TEF8ACD568CCD08C,PTE048 PLG083 PMH085 STE050 SLG082 SMH091 SFR028 DRV074
TE9786C96372E596,PTE047 PLG083 PMH087 STE049 SLG083 SMH088 SFR029 DRV061
TE62BA385222B900,PTE047 PLG080 PMH079 STE051 SLG080 SMH095 SFR025 DRV093
TED9769CFCD5ECDC,PTE046 PLG083 PMH087 STE048 SLG084 SMH088 SFR029 DRV062
TE3CAF07E91789CA,PTE046 PLG083 PMH087 STE048 SLG084 SMH088 SFR029 DRV062
TE3CC433752BA920,PTE048 PLG084 PMH087 STE050 SLG085 SMH093 SFR027 DRV072
TED3D23589C9EFBA,PTE044 PLG082 PMH082 STE050 SLG081 SMH093 SFR029 DRV088
TE2D232B270B3087,PTE046 PLG083 PMH087 STE048 SLG084 SMH088 SFR029 DRV062
TE182D99E9C48EF3,PTE046 PLG082 PMH087 STE048 SLG083 SMH088 SFR029 DRV062
TEBA19ADFB4EFD87,PTE046 PLG083 PMH087 STE048 SLG084 SMH088 SFR029 DRV062
TE8C85829885B93D,PTE044 PLG081 PMH083 STE049 SLG078 SMH091 SFR033 DRV085
TE91C331402E9BAF,PTE048 PLG083 PMH085 STE051 SLG083 SMH093 SFR027 DRV079
TE3EA5DBE59CE995,PTE044 PLG080 PMH082 STE049 SLG080 SMH092 SFR031 DRV088
TE92BD8DF7692929,PTE047 PLG082 PMH087 STE049 SLG083 SMH088 SFR029 DRV062
TEB7FD8D8E6EA908,PTE044 PLG082 PMH079 STE049 SLG079 SMH095 SFR029 DRV100
TE8B752932D53A0B,PTE048 PLG084 PMH087 STE050 SLG084 SMH092 SFR028 DRV070
TE1B18D4F01F2AFA,PTE046 PLG083 PMH087 STE048 SLG084 SMH088 SFR029 DRV062
TEC209FAC5B054A2,PTE047 PLG082 PMH087 STE049 SLG083 SMH088 SFR029 DRV062
TEB3F5702BD08819,PTE046 PLG083 PMH086 STE050 SLG080 SMH090 SFR030 DRV070
TE2CE41A17404B42,PTE046 PLG083 PMH087 STE048 SLG084 SMH088 SFR029 DRV062
TE8280D53D8F9C19,PTE046 PLG082 PMH087 STE049 SLG083 SMH088 SFR029 DRV061
TEEC77B86C262913,PTE045 PLG080 PMH086 STE049 SLG082 SMH088 SFR034 DRV069
TE47F2E4B6916331,PTE046 PLG082 PMH087 STE048 SLG084 SMH088 SFR030 DRV063
TE6F613D56981815,PTE049 PLG092 PMH085 STE055 SLG099 SMH104 SFR016 DRV094
TE4462747A78278B,PTE048 PLG083 PMH088 STE049 SLG081 SMH089 SFR031 DRV064
TEA0C8C93A4B980A,PTE047 PLG083 PMH086 STE048 SLG084 SMH088 SFR029 DRV062
TED45E0EC2D2D9E9,PTE047 PLG082 PMH087 STE049 SLG080 SMH090 SFR031 DRV069
TE352097C2D844B3,PTE047 PLG083 PMH086 STE048 SLG084 SMH088 SFR028 DRV062
TE53BFEE07001881,PTE047 PLG081 PMH083 STE051 SLG080 SMH093 SFR030 DRV085
TED6C6755144E1B5,PTE048 PLG083 PMH087 STE049 SLG082 SMH090 SFR029 DRV067
TE6F8F53979E4744,PTE048 PLG083 PMH087 STE050 SLG082 SMH090 SFR030 DRV068
TEE7C0B3D02CE18D,PTE047 PLG083 PMH087 STE049 SLG083 SMH088 SFR029 DRV062
TE1815A04F97672F,PTE046 PLG083 PMH087 STE048 SLG084 SMH088 SFR029 DRV062
TEA76DD795D8B01F,PTE046 PLG082 PMH086 STE049 SLG080 SMH091 SFR031 DRV075
TE970F4246482066,PTE046 PLG083 PMH087 STE049 SLG083 SMH088 SFR029 DRV062
TE9CE376FE4D6D0E,PTE048 PLG083 PMH088 STE049 SLG081 SMH090 SFR030 DRV066
TECA225A8653B6A0,PTE049 PLG084 PMH088 STE049 SLG081 SMH089 SFR028 DRV061
TE33AD6063FFB950,PTE046 PLG083 PMH087 STE048 SLG084 SMH088 SFR029 DRV062
TE551FFA35E46485,PTE047 PLG083 PMH086 STE048 SLG084 SMH088 SFR029 DRV062
TEDB371CE67A4009,PTE046 PLG082 PMH087 STE049 SLG083 SMH088 SFR029 DRV062
TE7D3EAEF4B5F09E,PTE043 PLG085 PMH082 STE050 SLG087 SMH097 SFR027 DRV099
TE405059408C7545,PTE047 PLG083 PMH087 STE049 SLG083 SMH088 SFR029 DRV061
TE3DBC7D9939CD83,PTE049 PLG085 PMH088 STE050 SLG085 SMH092 SFR028 DRV068
TE1DBF513D3A2B07,PTE047 PLG083 PMH086 STE048 SLG084 SMH088 SFR028 DRV062
TEAB383023481798,PTE046 PLG081 PMH087 STE048 SLG084 SMH088 SFR032 DRV063
TEC04FDF2909F44B,PTE046 PLG083 PMH087 STE048 SLG084 SMH088 SFR029 DRV062
TE101B9D4954D293,PTE046 PLG083 PMH087 STE048 SLG084 SMH088 SFR029 DRV062
TEDFB78944817944,PTE046 PLG082 PMH087 STE049 SLG083 SMH088 SFR029 DRV062
TE88C2986DA31177,PTE046 PLG082 PMH087 STE049 SLG083 SMH088 SFR030 DRV063
TEAAC81981466DF5,PTE047 PLG083 PMH087 STE049 SLG083 SMH088 SFR029 DRV062
TE53A545D35C34BE,PTE047 PLG082 PMH087 STE048 SLG082 SMH088 SFR031 DRV063
TEA9AD3349B63F4F,PTE047 PLG085 PMH083 STE053 SLG086 SMH096 SFR024 DRV092
TE1D4E777F0C0687,PTE045 PLG080 PMH079 STE049 SLG079 SMH095 SFR028 DRV098
TE9B44F57FFFF5BA,PTE047 PLG081 PMH084 STE051 SLG080 SMH092 SFR029 DRV081
TE6A436E828C8F52,PTE047 PLG083 PMH087 STE049 SLG083 SMH088 SFR029 DRV061
TE9E3BC0A72FAF1E,PTE046 PLG083 PMH087 STE048 SLG084 SMH088 SFR029 DRV062
TECCEB9A6AC617C2,PTE046 PLG083 PMH087 STE048 SLG084 SMH088 SFR029 DRV062
TEED13F52BDF6366,PTE047 PLG083 PMH087 STE048 SLG084 SMH088 SFR029 DRV062
TE136FD899627E34,PTE047 PLG083 PMH086 STE048 SLG084 SMH088 SFR029 DRV062
TE33D46EDF9FD507,PTE047 PLG082 PMH088 STE049 SLG081 SMH089 SFR031 DRV062
TE90DC1C8F275F70,PTE047 PLG083 PMH086 STE048 SLG084 SMH088 SFR029 DRV062
TEE3261175376405,PTE048 PLG084 PMH088 STE050 SLG085 SMH092 SFR028 DRV069
TE02A1A12E5225A3,PTE048 PLG083 PMH086 STE049 SLG082 SMH091 SFR029 DRV071
TE84CE88CF0D908C,PTE046 PLG083 PMH086 STE048 SLG084 SMH088 SFR028 DRV062
TEDBE4D8C5566898,PTE043 PLG078 PMH081 STE049 SLG078 SMH092 SFR033 DRV091
TE960D321893B183,PTE047 PLG082 PMH087 STE049 SLG083 SMH088 SFR029 DRV062
TE63880766CA34E0,PTE044 PLG084 PMH075 STE053 SLG085 SMH101 SFR022 DRV115
TE9FBDB0218D4CEE,PTE046 PLG082 PMH087 STE048 SLG084 SMH088 SFR029 DRV063
TE316F0E84DA1C7C,PTE046 PLG083 PMH087 STE048 SLG084 SMH088 SFR029 DRV062
TEF70F7FB6C162B7,PTE047 PLG080 PMH083 STE049 SLG078 SMH090 SFR031 DRV079
TE3F790D01B4FE04,PTE047 PLG083 PMH086 STE048 SLG084 SMH088 SFR028 DRV062
TEEC21D99963D364,PTE045 PLG081 PMH079 STE050 SLG080 SMH094 SFR029 DRV103
TE1EEB3F0244C11F,PTE047 PLG082 PMH087 STE048 SLG083 SMH088 SFR030 DRV063
TE64C1B4DAA277A7,PTE040 PLG086 PMH085 STE049 SLG087 SMH096 SFR033 DRV093
TE5F762428622F35,PTE047 PLG082 PMH087 STE048 SLG082 SMH088 SFR032 DRV063
TE694B7130B2C04B,PTE047 PLG083 PMH087 STE049 SLG083 SMH088 SFR029 DRV061
TE5E646F6D56D8BD,PTE047 PLG083 PMH086 STE048 SLG084 SMH088 SFR029 DRV062
TEEDF468EFBB4432,PTE049 PLG085 PMH089 STE050 SLG086 SMH092 SFR028 DRV065
TE4CFB0E6C5E2080,PTE049 PLG083 PMH088 STE049 SLG082 SMH089 SFR029 DRV063
TE8F9B085A29050A,PTE046 PLG081 PMH083 STE050 SLG080 SMH092 SFR030 DRV085
TE589998B3CA17A3,PTE047 PLG083 PMH086 STE048 SLG084 SMH088 SFR029 DRV062
TED92A0A852B046E,PTE046 PLG083 PMH087 STE049 SLG083 SMH088 SFR029 DRV062
TE914F30D0225904,PTE046 PLG082 PMH087 STE048 SLG084 SMH088 SFR029 DRV063
TEEC0229AD58C423,PTE046 PLG083 PMH087 STE048 SLG084 SMH088 SFR029 DRV062
TEBBDCF927BC0DA8,PTE049 PLG084 PMH087 STE049 SLG080 SMH089 SFR028 DRV060
TE8B19FB581363DA,PTE048 PLG083 PMH087 STE049 SLG082 SMH089 SFR029 DRV062
TE91D751D5E011A6,PTE046 PLG083 PMH087 STE048 SLG084 SMH088 SFR029 DRV062
TEDC4802278746D1,PTE046 PLG083 PMH087 STE048 SLG083 SMH088 SFR029 DRV062
TE6C3ED058A83E26,PTE047 PLG081 PMH083 STE050 SLG082 SMH094 SFR028 DRV085
TE5A8D5C3A7A442B,PTE046 PLG083 PMH087 STE048 SLG084 SMH088 SFR029 DRV062
TEACAEB6DF4B54C4,PTE046 PLG083 PMH087 STE048 SLG084 SMH088 SFR029 DRV062
TE83F305734FB2D7,PTE044 PLG084 PMH082 STE050 SLG086 SMH097 SFR027 DRV095
TE1CB3E02FADC49E,PTE047 PLG083 PMH088 STE048 SLG081 SMH089 SFR031 DRV061
TE0CE0B87585AFE3,PTE046 PLG082 PMH086 STE049 SLG080 SMH090 SFR031 DRV073
TED2FC2D07E8A076,PTE048 PLG083 PMH087 STE048 SLG082 SMH088 SFR030 DRV064
TE469DD0EF7C939F,PTE046 PLG081 PMH083 STE049 SLG080 SMH092 SFR029 DRV082
TEFFA8C4A30B75EC,PTE050 PLG084 PMH090 STE049 SLG084 SMH090 SFR028 DRV059
TE1BC9CFF4B21A7C,PTE045 PLG087 PMH087 STE050 SLG087 SMH094 SFR029 DRV078
TEEB58DBC0E1B2B7,PTE047 PLG083 PMH086 STE049 SLG082 SMH092 SFR028 DRV073
TE60BF0853DAA48E,PTE048 PLG082 PMH086 STE050 SLG081 SMH091 SFR030 DRV074
TE16C0AAD3EE2343,PTE047 PLG082 PMH086 STE049 SLG081 SMH091 SFR030 DRV071
TE80E978F4FA8519,PTE044 PLG081 PMH085 STE048 SLG080 SMH090 SFR034 DRV078
TE7F6440C95BC5D5,PTE047 PLG083 PMH087 STE049 SLG081 SMH090 SFR031 DRV068
TEC9A429C027FDC7,PTE049 PLG083 PMH088 STE049 SLG081 SMH089 SFR028 DRV060
TEC530552170972D,PTE046 PLG082 PMH087 STE048 SLG084 SMH088 SFR029 DRV063
TE45423937EB25C7,PTE047 PLG082 PMH085 STE049 SLG080 SMH091 SFR031 DRV075
TE2419AD63E77C3C,PTE046 PLG084 PMH086 STE050 SLG085 SMH093 SFR029 DRV078
TE971B1617599003,PTE046 PLG083 PMH087 STE048 SLG084 SMH088 SFR029 DRV062
TE9BB7F9786A92D7,PTE048 PLG083 PMH087 STE049 SLG082 SMH088 SFR029 DRV063
TEAA656FDCC40EEC,PTE047 PLG083 PMH087 STE048 SLG083 SMH088 SFR029 DRV061
TE7416A9D81B8258,PTE046 PLG083 PMH087 STE048 SLG084 SMH088 SFR029 DRV062
TEBDCF2A2913A6AE,PTE047 PLG083 PMH086 STE048 SLG084 SMH088 SFR028 DRV062
TE011C061D062A50,PTE047 PLG082 PMH083 STE051 SLG081 SMH093 SFR028 DRV084
TEA7CA65287C21C0,PTE048 PLG083 PMH087 STE049 SLG082 SMH088 SFR029 DRV061
TE733C90DC94D305,PTE044 PLG080 PMH084 STE049 SLG079 SMH091 SFR032 DRV080
TE534D373BE630B8,PTE045 PLG081 PMH087 STE048 SLG084 SMH088 SFR030 DRV063
TE803B52015AE46A,PTE049 PLG085 PMH089 STE050 SLG086 SMH092 SFR028 DRV066
TECFB189C45EBF03,PTE047 PLG083 PMH086 STE048 SLG084 SMH088 SFR028 DRV062
TE79757913B296CF,PTE047 PLG082 PMH087 STE049 SLG083 SMH088 SFR029 DRV062
TED5C89D5459BB8E,PTE047 PLG083 PMH087 STE048 SLG084 SMH088 SFR029 DRV062
TE9051486318D210,PTE047 PLG083 PMH087 STE049 SLG083 SMH088 SFR029 DRV061
TE0E8EAB31F6E27C,PTE047 PLG083 PMH086 STE048 SLG084 SMH088 SFR028 DRV062
TEE06A95ED85D939,PTE046 PLG082 PMH087 STE048 SLG083 SMH088 SFR029 DRV062
TE3CA3C999D4CAB9,PTE047 PLG083 PMH086 STE048 SLG084 SMH088 SFR028 DRV062
TEC2F885B83FF156,PTE045 PLG083 PMH082 STE050 SLG079 SMH094 SFR029 DRV089
TE94ED35DF442861,PTE046 PLG083 PMH087 STE048 SLG083 SMH088 SFR029 DRV062
TE8BB0D8D4519B92,PTE046 PLG079 PMH084 STE048 SLG078 SMH089 SFR034 DRV075
TE1C2B45F154D1E9,PTE047 PLG083 PMH087 STE049 SLG083 SMH088 SFR029 DRV061
TEEB9A0DC1EA9B84,PTE047 PLG081 PMH085 STE050 SLG081 SMH092 SFR030 DRV079
TE922F4FC94E7859,PTE046 PLG082 PMH087 STE048 SLG084 SMH088 SFR029 DRV063
TE348A4BED7F08EF,PTE048 PLG084 PMH089 STE049 SLG082 SMH090 SFR028 DRV059
TE85595A54FE2453,PTE046 PLG083 PMH087 STE048 SLG084 SMH088 SFR029 DRV062
TE35A4B24CB153C3,PTE046 PLG080 PMH085 STE049 SLG079 SMH089 SFR033 DRV071
TEC9438DDE3B98CF,PTE047 PLG082 PMH083 STE050 SLG082 SMH093 SFR028 DRV078
TE0AB9D78580401C,PTE048 PLG083 PMH085 STE050 SLG083 SMH093 SFR027 DRV076
TE733901DF3D8703,PTE047 PLG082 PMH087 STE049 SLG083 SMH088 SFR029 DRV062
TE914C041B3029A8,PTE047 PLG082 PMH087 STE049 SLG081 SMH090 SFR031 DRV069
TE7F24D7F5F8417D,PTE049 PLG083 PMH088 STE048 SLG083 SMH089 SFR030 DRV061
TE88F10827441A7D,PTE046 PLG082 PMH084 STE049 SLG080 SMH092 SFR030 DRV081
TE26F205E4C37C98,PTE046 PLG081 PMH082 STE050 SLG080 SMH093 SFR027 DRV087
TEBC14D379052731,PTE048 PLG083 PMH087 STE049 SLG082 SMH088 SFR029 DRV062
TE35F44A2657249A,PTE046 PLG082 PMH087 STE048 SLG084 SMH088 SFR030 DRV063
TE4CA47018C30582,PTE048 PLG083 PMH083 STE051 SLG084 SMH094 SFR026 DRV084
TEE69B5FEADBA3F8,PTE046 PLG083 PMH087 STE048 SLG084 SMH088 SFR029 DRV062
TEA0B4A3442EC066,PTE046 PLG083 PMH084 STE051 SLG084 SMH094 SFR029 DRV091
TEA1425EB22DD72B,PTE047 PLG083 PMH087 STE048 SLG084 SMH088 SFR029 DRV062
TE92F9A5400DEB8E,PTE048 PLG082 PMH085 STE050 SLG081 SMH092 SFR028 DRV075
TED0679A5DE86759,PTE046 PLG083 PMH087 STE048 SLG084 SMH088 SFR029 DRV062
TEA92AD733F6F8DD,PTE045 PLG082 PMH085 STE050 SLG081 SMH092 SFR031 DRV082
TE72DEF8D5CEBE24,PTE048 PLG082 PMH087 STE049 SLG080 SMH089 SFR031 DRV068
TE0C534DEB3B3535,PTE047 PLG083 PMH086 STE048 SLG084 SMH088 SFR029 DRV062
TE5F932E4A7BC352,PTE046 PLG083 PMH087 STE048 SLG083 SMH088 SFR029 DRV062
TE42580C4DE725E0,PTE048 PLG087 PMH085 STE052 SLG088 SMH096 SFR024 DRV083
TECE5FF89A80BF0C,PTE046 PLG083 PMH086 STE048 SLG084 SMH088 SFR029 DRV062
TE8AEE2BC842740E,PTE045 PLG081 PMH087 STE048 SLG084 SMH087 SFR032 DRV063
TEF98BF249EB868A,PTE046 PLG083 PMH086 STE050 SLG081 SMH091 SFR031 DRV076
TE078B2B78111618,PTE046 PLG086 PMH083 STE052 SLG089 SMH098 SFR024 DRV093
TEA980FB57B7BAF8,PTE046 PLG086 PMH085 STE052 SLG089 SMH096 SFR025 DRV085
TEE72FDC82E1621E,PTE041 PLG082 PMH081 STE049 SLG082 SMH095 SFR031 DRV101
TE8E1172F314EAFC,PTE049 PLG087 PMH089 STE051 SLG088 SMH093 SFR026 DRV067
TE46A505B863D015,PTE047 PLG083 PMH086 STE048 SLG084 SMH088 SFR028 DRV062
TEF8781A2862D752,PTE047 PLG080 PMH082 STE051 SLG079 SMH093 SFR029 DRV088
TE794A9ACDF9834B,PTE046 PLG084 PMH088 STE049 SLG081 SMH089 SFR031 DRV064
TE22D589EB07A9F1,PTE044 PLG081 PMH078 STE050 SLG080 SMH095 SFR028 DRV102
TE87D43708DDBDF7,PTE046 PLG082 PMH085 STE049 SLG081 SMH092 SFR030 DRV078
TE49AE5166B0C3C2,PTE043 PLG080 PMH083 STE048 SLG078 SMH092 SFR032 DRV086
TE03C5D9938CDA8C,PTE046 PLG083 PMH087 STE049 SLG083 SMH088 SFR029 DRV062
TE8A442B4412D7E2,PTE048 PLG082 PMH087 STE049 SLG082 SMH089 SFR029 DRV063
TE340A300A803679,PTE043 PLG081 PMH083 STE049 SLG080 SMH093 SFR032 DRV089
TE8080726078C604,PTE048 PLG086 PMH084 STE052 SLG088 SMH097 SFR024 DRV088
TE9F83A95194385D,PTE048 PLG083 PMH087 STE048 SLG082 SMH088 SFR031 DRV064
TE14B1BD73C49A30,PTE047 PLG080 PMH083 STE050 SLG078 SMH091 SFR030 DRV079
TE30B029C4BC8A56,PTE048 PLG087 PMH087 STE052 SLG089 SMH096 SFR024 DRV080
TE58F85ABCA4C86B,PTE047 PLG083 PMH087 STE049 SLG083 SMH088 SFR029 DRV061
TE726EC6D4A2B29C,PTE047 PLG083 PMH086 STE048 SLG084 SMH088 SFR029 DRV062
TE993AAFE7E4ECE9,PTE048 PLG083 PMH087 STE048 SLG082 SMH088 SFR031 DRV065
TE28915867555557,PTE046 PLG084 PMH081 STE052 SLG084 SMH098 SFR024 DRV100
TEB591F6ECB9F2F0,PTE045 PLG081 PMH082 STE050 SLG082 SMH094 SFR029 DRV088
TEA87EFCF0D0658C,PTE046 PLG079 PMH084 STE048 SLG078 SMH089 SFR033 DRV073
TEA63B291310ABDA,PTE049 PLG086 PMH088 STE050 SLG088 SMH093 SFR026 DRV070
TE6F23AF23C995AC,PTE046 PLG082 PMH084 STE050 SLG084 SMH093 SFR029 DRV087
TE4B449E90367151,PTE046 PLG082 PMH082 STE051 SLG084 SMH095 SFR028 DRV092
TE6B1269F83AD454,PTE046 PLG081 PMH086 STE048 SLG081 SMH088 SFR033 DRV069
TE2A07284380A603,PTE048 PLG087 PMH086 STE052 SLG089 SMH096 SFR024 DRV080
TE8584F18CABE6BA,PTE047 PLG082 PMH087 STE049 SLG083 SMH088 SFR029 DRV062
TE9A6C663271E0BD,PTE046 PLG083 PMH087 STE048 SLG083 SMH088 SFR029 DRV061
TE37E012973DBC8A,PTE046 PLG083 PMH087 STE048 SLG084 SMH088 SFR029 DRV062
TE2A3AB8A59240C9,PTE043 PLG077 PMH082 STE047 SLG078 SMH090 SFR035 DRV083
TE0C2DDC16194E20,PTE046 PLG083 PMH084 STE050 SLG083 SMH094 SFR028 DRV079
TE0859472DF8B7C7,PTE046 PLG083 PMH087 STE048 SLG084 SMH088 SFR029 DRV062
TEEB2F63DEBB094D,PTE046 PLG083 PMH087 STE048 SLG084 SMH088 SFR029 DRV062
TE0A8F9C516BFCB8,PTE047 PLG082 PMH087 STE049 SLG083 SMH088 SFR029 DRV062
TE6CF8FB40D6C8A8,PTE047 PLG083 PMH087 STE049 SLG083 SMH088 SFR029 DRV061
TEA60F14D944BCFB,PTE046 PLG083 PMH087 STE048 SLG084 SMH088 SFR029 DRV062
TE780E11E746F2F5,PTE046 PLG083 PMH087 STE048 SLG083 SMH088 SFR029 DRV062
TEE5A21E6B78C828,PTE046 PLG083 PMH087 STE049 SLG083 SMH088 SFR029 DRV062
TE030CA0431B821E,PTE048 PLG083 PMH087 STE049 SLG081 SMH090 SFR030 DRV067
TEB9CC4D0C854B6F,PTE049 PLG083 PMH087 STE049 SLG082 SMH089 SFR028 DRV062
TE1FA18C0677240F,PTE046 PLG082 PMH087 STE049 SLG083 SMH088 SFR029 DRV062
TECE04D47F7C44A6,PTE048 PLG085 PMH088 STE051 SLG086 SMH093 SFR027 DRV071
TEE1610FFEA04415,PTE047 PLG082 PMH082 STE049 SLG080 SMH093 SFR027 DRV087
TE8C944418CAAA25,PTE046 PLG081 PMH084 STE050 SLG078 SMH091 SFR030 DRV083
TE217CA54C964F49,PTE047 PLG082 PMH085 STE050 SLG081 SMH091 SFR029 DRV075
TE1EA4F9FCF05BD0,PTE046 PLG082 PMH086 STE049 SLG080 SMH090 SFR032 DRV076
TED1922D7D453D09,PTE047 PLG083 PMH086 STE048 SLG084 SMH088 SFR029 DRV062
TE842D18D7F7F3A7,PTE047 PLG085 PMH087 STE051 SLG084 SMH093 SFR028 DRV077
TE47D0BB37683F85,PTE046 PLG083 PMH087 STE048 SLG084 SMH088 SFR028 DRV062
TE43F1AC303EECA8,PTE050 PLG087 PMH088 STE051 SLG085 SMH093 SFR025 DRV077
TE5914651C337C3D,PTE046 PLG083 PMH087 STE048 SLG084 SMH088 SFR029 DRV062
TE7DB34C263AAA49,PTE047 PLG082 PMH087 STE049 SLG081 SMH090 SFR031 DRV068
TECC77D2374669FE,PTE045 PLG086 PMH085 STE051 SLG090 SMH097 SFR026 DRV090
TEB5C84452E6838B,PTE048 PLG083 PMH087 STE049 SLG081 SMH090 SFR030 DRV066
TEF9ABA56749EBDB,PTE039 PLG077 PMH075 STE048 SLG078 SMH096 SFR034 DRV122
TEAF7B0D696FF311,PTE047 PLG083 PMH087 STE048 SLG084 SMH088 SFR029 DRV062
TE45C5A17C3C8F77,PTE048 PLG084 PMH090 STE048 SLG085 SMH090 SFR028 DRV058
TE570E455336660C,PTE046 PLG081 PMH083 STE050 SLG080 SMH092 SFR029 DRV082
TEC2664F59AE482D,PTE046 PLG083 PMH087 STE048 SLG084 SMH088 SFR029 DRV062
TE1380B3B78C7BFD,PTE046 PLG083 PMH087 STE049 SLG083 SMH088 SFR029 DRV062
TE07767AF99EA065,PTE048 PLG082 PMH085 STE050 SLG082 SMH092 SFR029 DRV075
TE52BD3E53B3F037,PTE044 PLG080 PMH084 STE049 SLG079 SMH091 SFR032 DRV079
TE9B00076CF97793,PTE047 PLG083 PMH086 STE048 SLG084 SMH088 SFR028 DRV062
TEC2E5D9432A2BC9,PTE048 PLG082 PMH085 STE051 SLG082 SMH092 SFR028 DRV077
TE9763A912DC3AC3,PTE046 PLG082 PMH084 STE050 SLG081 SMH092 SFR030 DRV082
TEA140C3880C95D1,PTE048 PLG082 PMH087 STE049 SLG081 SMH090 SFR029 DRV067
TE00758E08281C07,PTE038 PLG079 PMH079 STE047 SLG074 SMH092 SFR037 DRV111
TEA18B0A534EF570,PTE048 PLG084 PMH089 STE050 SLG085 SMH091 SFR029 DRV061
TE8FFF9CF640EEF3,PTE048 PLG082 PMH082 STE050 SLG082 SMH094 SFR025 DRV083
TEB39A633B1A5425,PTE047 PLG083 PMH087 STE049 SLG083 SMH088 SFR029 DRV061
TEC31BE86A290C7C,PTE049 PLG084 PMH087 STE051 SLG085 SMH092 SFR027 DRV071
TEC5A0C36F36EA39,PTE046 PLG083 PMH087 STE048 SLG084 SMH088 SFR029 DRV062
TE1F51CFCB0DD19B,PTE046 PLG082 PMH084 STE049 SLG080 SMH092 SFR030 DRV079
TEE9B79863EE0ACB,PTE048 PLG082 PMH087 STE049 SLG081 SMH089 SFR031 DRV065
TE46F7C739CEBBF0,PTE045 PLG081 PMH084 STE049 SLG080 SMH091 SFR031 DRV082
TE5AAEB5AD40655C,PTE047 PLG083 PMH088 STE049 SLG082 SMH090 SFR031 DRV064
TE3BF49EDBCA4794,PTE045 PLG081 PMH081 STE050 SLG083 SMH094 SFR028 DRV089
TEAFC7C34A692C05,PTE046 PLG082 PMH087 STE049 SLG083 SMH088 SFR029 DRV062
TE9F60C23C07DA54,PTE048 PLG083 PMH088 STE049 SLG081 SMH089 SFR028 DRV061
TEA0607DA37A75BD,PTE047 PLG082 PMH087 STE049 SLG083 SMH088 SFR030 DRV063
TECE9C55CDB59767,PTE046 PLG083 PMH086 STE048 SLG084 SMH088 SFR029 DRV062
TE9959F9B6883BC9,PTE048 PLG082 PMH088 STE048 SLG083 SMH088 SFR030 DRV063
TEF7E73339BB917E,PTE047 PLG080 PMH084 STE050 SLG078 SMH090 SFR031 DRV075
TEAFD090E5FE5F60,PTE046 PLG083 PMH085 STE050 SLG081 SMH092 SFR029 DRV082
TE7A50D5755CCB6A,PTE048 PLG084 PMH089 STE049 SLG083 SMH090 SFR029 DRV059
TE665785CFBA0BBD,PTE047 PLG083 PMH084 STE051 SLG081 SMH093 SFR029 DRV083
TECF5B78FD5C2E3F,PTE046 PLG083 PMH087 STE048 SLG083 SMH088 SFR029 DRV062
TEAEF8BEA02C165C,PTE046 PLG085 PMH076 STE054 SLG087 SMH102 SFR017 DRV111
TE6ABDA26F8E2438,PTE047 PLG083 PMH087 STE049 SLG083 SMH088 SFR029 DRV062
TE027994C710F6FF,PTE046 PLG083 PMH087 STE048 SLG084 SMH088 SFR029 DRV062
TEE594558C63B17B,PTE048 PLG081 PMH084 STE049 SLG081 SMH092 SFR027 DRV077
TEE07AF758AD07BC,PTE047 PLG082 PMH087 STE049 SLG081 SMH090 SFR031 DRV066
TE7A261FF1879FF1,PTE046 PLG083 PMH087 STE048 SLG083 SMH088 SFR029 DRV061
TE85F58D05106EB4,PTE046 PLG082 PMH087 STE048 SLG084 SMH088 SFR029 DRV062
TE7B44A50D7DB165,PTE047 PLG083 PMH087 STE049 SLG083 SMH088 SFR029 DRV062
TE0EA40A76F097A8,PTE047 PLG083 PMH087 STE048 SLG084 SMH088 SFR029 DRV062
TE96992657DBE57C,PTE045 PLG081 PMH087 STE048 SLG083 SMH088 SFR032 DRV065
TEA386953E49ACFA,PTE047 PLG082 PMH087 STE048 SLG083 SMH088 SFR032 DRV063
TE10E78EBEEA43AD,PTE046 PLG082 PMH087 STE049 SLG084 SMH088 SFR029 DRV062
TE3AE9D7662C5D5A,PTE047 PLG082 PMH086 STE049 SLG081 SMH090 SFR031 DRV073
TE64E93853D1A577,PTE036 PLG079 PMH075 STE046 SLG081 SMH100 SFR038 DRV122
TE68C20D5BD302BC,PTE047 PLG083 PMH086 STE048 SLG084 SMH088 SFR029 DRV062
TEEF307FB4184D9A,PTE046 PLG083 PMH087 STE048 SLG084 SMH088 SFR029 DRV062
TEA99BF195D7DAF3,PTE045 PLG084 PMH087 STE049 SLG083 SMH091 SFR030 DRV072
TEEB7C1390D89989,PTE045 PLG081 PMH083 STE051 SLG080 SMH093 SFR030 DRV088
TE729D6349875527,PTE045 PLG077 PMH080 STE049 SLG077 SMH091 SFR032 DRV087
TEAD37C2BCF22403,PTE046 PLG083 PMH087 STE048 SLG083 SMH088 SFR029 DRV061
TE5787280C384F2B,PTE047 PLG083 PMH084 STE051 SLG084 SMH095 SFR026 DRV083
TEC2D107134845A4,PTE047 PLG083 PMH087 STE049 SLG083 SMH088 SFR029 DRV061
TE74E0DF54406449,PTE046 PLG083 PMH087 STE048 SLG083 SMH088 SFR029 DRV061
TE500AF79B388D95,PTE048 PLG083 PMH083 STE052 SLG085 SMH095 SFR025 DRV085
TE7247AEFAE8E198,PTE048 PLG083 PMH088 STE049 SLG082 SMH089 SFR031 DRV065
TE33E3E3697BF997,PTE046 PLG083 PMH087 STE048 SLG083 SMH088 SFR029 DRV062
TE24DF0A67EBA49B,PTE046 PLG083 PMH086 STE048 SLG084 SMH088 SFR029 DRV062
TE72D263D442E9A2,PTE049 PLG088 PMH083 STE054 SLG092 SMH101 SFR019 DRV095
TE2914665AE5A227,PTE046 PLG086 PMH084 STE051 SLG088 SMH096 SFR027 DRV091
TECC7B56580ABD5F,PTE046 PLG082 PMH085 STE050 SLG080 SMH092 SFR031 DRV079
TE5D5F893BAA6328,PTE044 PLG081 PMH075 STE051 SLG081 SMH099 SFR025 DRV111
TE6D004BC61F3982,PTE046 PLG083 PMH087 STE048 SLG084 SMH088 SFR029 DRV062
TE308F8A70A37CF7,PTE043 PLG080 PMH081 STE048 SLG077 SMH092 SFR031 DRV090
TE7B56398E603C5F,PTE047 PLG083 PMH086 STE048 SLG084 SMH088 SFR028 DRV062
TED2D59A8D41D15E,PTE046 PLG083 PMH087 STE048 SLG083 SMH088 SFR029 DRV062
TE123204B805FAA4,PTE047 PLG083 PMH085 STE049 SLG081 SMH091 SFR029 DRV073
TEE0C8459B7BA847,PTE047 PLG081 PMH086 STE049 SLG080 SMH090 SFR030 DRV071
TE68132B681A0958,PTE048 PLG082 PMH087 STE048 SLG081 SMH090 SFR031 DRV066
TE0797D2F2D5FF1B,PTE048 PLG083 PMH087 STE049 SLG082 SMH090 SFR029 DRV066
TEECD54DBC3E8F8A,PTE046 PLG083 PMH087 STE048 SLG084 SMH088 SFR029 DRV062
TE13D4121E1DBE7B,PTE046 PLG082 PMH087 STE048 SLG084 SMH088 SFR030 DRV063
TEE47EEDF87E32DC,PTE046 PLG083 PMH086 STE048 SLG084 SMH088 SFR029 DRV062
TE4D355560795DF0,PTE046 PLG082 PMH087 STE048 SLG084 SMH088 SFR029 DRV062
TE5FCCDA40A25144,PTE047 PLG083 PMH086 STE048 SLG084 SMH088 SFR028 DRV062
TE9273043AA7998D,PTE046 PLG083 PMH087 STE048 SLG083 SMH088 SFR029 DRV062
TE654AF9D94BEEA7,PTE048 PLG082 PMH086 STE049 SLG080 SMH090 SFR030 DRV071
TE65A18A18CB42A3,PTE046 PLG083 PMH087 STE048 SLG083 SMH088 SFR029 DRV062
TEC880F7CF2E4ECF,PTE047 PLG083 PMH087 STE049 SLG080 SMH090 SFR030 DRV069
TEC8AEE01CD4EC2E,PTE045 PLG082 PMH079 STE050 SLG081 SMH097 SFR026 DRV102
TE97296885C25110,PTE043 PLG079 PMH082 STE048 SLG079 SMH092 SFR034 DRV087
TE71F5B77EF194B2,PTE046 PLG083 PMH087 STE049 SLG083 SMH088 SFR029 DRV062
TE9D28A854B1A6E4,PTE047 PLG082 PMH087 STE049 SLG083 SMH088 SFR029 DRV062
TEF3795A9CA092E9,PTE046 PLG083 PMH087 STE048 SLG083 SMH088 SFR028 DRV062
TE6F743C2A78A9A6,PTE046 PLG083 PMH087 STE048 SLG083 SMH088 SFR029 DRV062
TE5983FE18F8D8EB,PTE048 PLG082 PMH086 STE050 SLG083 SMH091 SFR029 DRV071
TE7C9BA600E3FFAA,PTE047 PLG082 PMH088 STE048 SLG083 SMH088 SFR030 DRV063
TEE8CA691C316CBD,PTE046 PLG082 PMH087 STE049 SLG083 SMH088 SFR029 DRV062
TE0C7FF6BECF7FF0,PTE048 PLG083 PMH088 STE049 SLG083 SMH090 SFR029 DRV063
TE513A181521EAEC,PTE043 PLG077 PMH083 STE047 SLG078 SMH089 SFR036 DRV080
TED4F947FDBF0B2B,PTE048 PLG082 PMH088 STE049 SLG082 SMH089 SFR031 DRV065
TEA3B3B6D09F23F4,PTE045 PLG081 PMH086 STE048 SLG083 SMH088 SFR033 DRV066
TEBEAC39C03EE137,PTE048 PLG083 PMH088 STE049 SLG081 SMH089 SFR031 DRV066
TE0A86D45C66753F,PTE046 PLG082 PMH087 STE048 SLG083 SMH088 SFR029 DRV062
TEFE35E39616E908,PTE048 PLG084 PMH088 STE049 SLG081 SMH089 SFR030 DRV065
TE239802E419B57D,PTE047 PLG083 PMH087 STE048 SLG084 SMH088 SFR029 DRV062
TE59CE029508F5EF,PTE047 PLG083 PMH084 STE050 SLG082 SMH092 SFR029 DRV081
TE3A706FDFE22432,PTE049 PLG088 PMH089 STE051 SLG090 SMH094 SFR025 DRV067
TE49375DF72BD970,PTE046 PLG083 PMH087 STE048 SLG084 SMH088 SFR029 DRV062
TE0B5A80EF4268C4,PTE049 PLG085 PMH087 STE050 SLG084 SMH092 SFR026 DRV074
TEE8B119CDCDB256,PTE047 PLG083 PMH088 STE049 SLG083 SMH090 SFR030 DRV066
TEA5BFB788964C89,PTE047 PLG082 PMH084 STE050 SLG083 SMH093 SFR027 DRV079
TE925142F4C8FBAC,PTE046 PLG082 PMH087 STE048 SLG083 SMH088 SFR030 DRV062
TE62C9F60BFDEA2D,PTE046 PLG083 PMH086 STE048 SLG084 SMH088 SFR029 DRV062
TEDDF9F1E34442E4,PTE045 PLG078 PMH083 STE048 SLG078 SMH090 SFR033 DRV081
TE361AF2801E71F0,PTE046 PLG082 PMH087 STE048 SLG084 SMH088 SFR029 DRV062
TE05C23A99BFCDBA,PTE046 PLG082 PMH087 STE048 SLG084 SMH088 SFR029 DRV063
TE5B6E0D91DA9550,PTE046 PLG083 PMH087 STE048 SLG084 SMH088 SFR029 DRV062
TEFB01145F4E65E5,PTE046 PLG083 PMH086 STE050 SLG082 SMH092 SFR030 DRV078
TE46B43603A267B4,PTE047 PLG082 PMH087 STE049 SLG081 SMH088 SFR032 DRV066
TE60A421BA75AD7E,PTE046 PLG083 PMH087 STE048 SLG083 SMH088 SFR029 DRV062
TEE14B6E1498A41F,PTE046 PLG083 PMH087 STE048 SLG084 SMH088 SFR029 DRV062
TE0AF92BE6BFB74B,PTE047 PLG083 PMH087 STE048 SLG083 SMH088 SFR029 DRV062
TEDDF23F4C7490F1,PTE044 PLG077 PMH081 STE048 SLG077 SMH091 SFR035 DRV088
TE377DE2F9B3CC8E,PTE046 PLG084 PMH085 STE050 SLG083 SMH093 SFR029 DRV081
TE2531F0988BFB27,PTE047 PLG083 PMH086 STE048 SLG084 SMH088 SFR028 DRV062
TEB2E0587137D068,PTE046 PLG081 PMH083 STE049 SLG080 SMH092 SFR030 DRV080
TEEAC4B38915A515,PTE047 PLG082 PMH087 STE049 SLG083 SMH088 SFR030 DRV063
TE8EDDAAADC79E2B,PTE047 PLG083 PMH085 STE050 SLG082 SMH092 SFR028 DRV076
TE476A104698D14B,PTE048 PLG083 PMH087 STE049 SLG081 SMH089 SFR029 DRV062
TE9EB45E0185E3C7,PTE048 PLG083 PMH087 STE049 SLG082 SMH088 SFR029 DRV063
TEB792E223B3B987,PTE045 PLG084 PMH081 STE051 SLG083 SMH096 SFR026 DRV092
TEFFD6F3C2DC8CAE,PTE047 PLG083 PMH086 STE048 SLG084 SMH088 SFR029 DRV062
TED53AB3A48DC5E8,PTE047 PLG080 PMH078 STE050 SLG079 SMH097 SFR027 DRV100
TEAB6070D42BA13F,PTE047 PLG080 PMH084 STE049 SLG078 SMH090 SFR031 DRV075
TEC8982D80BAD80B,PTE047 PLG081 PMH086 STE050 SLG080 SMH090 SFR031 DRV071
TE3D407ED0BDD0E7,PTE047 PLG083 PMH086 STE048 SLG084 SMH088 SFR029 DRV062
TE21EC84718D1F5F,PTE044 PLG083 PMH082 STE050 SLG083 SMH095 SFR027 DRV090
TE8E6E59BE71600E,PTE047 PLG080 PMH084 STE049 SLG078 SMH090 SFR031 DRV076
TEF6F001B5445C4A,PTE046 PLG083 PMH086 STE048 SLG084 SMH088 SFR028 DRV062
TE8210DAB49A5789,PTE046 PLG082 PMH083 STE050 SLG082 SMH093 SFR028 DRV087
TEB01FA90AC7EC16,PTE048 PLG083 PMH088 STE048 SLG082 SMH088 SFR030 DRV062
TEF547DE35AEEC59,PTE046 PLG083 PMH086 STE048 SLG084 SMH088 SFR029 DRV062
TE665312B88B33FD,PTE047 PLG082 PMH083 STE050 SLG082 SMH094 SFR027 DRV081
TE63368208EB7477,PTE044 PLG080 PMH083 STE050 SLG079 SMH092 SFR032 DRV086
TEBFCDA2B00E8E03,PTE048 PLG082 PMH087 STE049 SLG081 SMH089 SFR031 DRV066
TEE3FE0EB64AB67F,PTE047 PLG083 PMH089 STE048 SLG082 SMH090 SFR030 DRV060
TE736C8F08860E32,PTE047 PLG083 PMH086 STE048 SLG084 SMH088 SFR029 DRV062
TE4D92959005A2F8,PTE048 PLG083 PMH087 STE049 SLG081 SMH089 SFR028 DRV062
TE1EA8F9233FCE68,PTE047 PLG082 PMH084 STE049 SLG082 SMH093 SFR029 DRV081
TE42312C19181135,PTE046 PLG083 PMH087 STE048 SLG084 SMH088 SFR029 DRV062
TE3113DBC837A436,PTE046 PLG089 PMH087 STE050 SLG092 SMH096 SFR026 DRV080
TE079D447582B8BF,PTE047 PLG083 PMH086 STE048 SLG084 SMH088 SFR029 DRV062
TE1C043AEBB5CD6A,PTE046 PLG082 PMH087 STE048 SLG084 SMH088 SFR029 DRV063
TE9408CDE7C6EFFE,PTE046 PLG081 PMH082 STE051 SLG080 SMH093 SFR029 DRV092
TEDC8A36D98BA972,PTE046 PLG082 PMH085 STE049 SLG079 SMH091 SFR031 DRV077
TEC565D1A45E3ECC,PTE047 PLG083 PMH087 STE049 SLG083 SMH088 SFR029 DRV061
TE4D5B85FA6056DF,PTE039 PLG077 PMH073 STE050 SLG081 SMH098 SFR029 DRV117
TEC3A601701E9E82,PTE047 PLG082 PMH087 STE049 SLG080 SMH090 SFR031 DRV066
TEAB00BD34A08E33,PTE049 PLG083 PMH087 STE049 SLG082 SMH089 SFR028 DRV062
TE07E7B0AEFD9B7F,PTE048 PLG082 PMH081 STE053 SLG085 SMH097 SFR023 DRV093
TEBDE0F2ADC1EF60,PTE047 PLG083 PMH087 STE049 SLG083 SMH088 SFR029 DRV061
TE57CECA475E477F,PTE046 PLG083 PMH087 STE048 SLG084 SMH088 SFR029 DRV062
TE28337D75C41A37,PTE047 PLG083 PMH086 STE050 SLG081 SMH091 SFR031 DRV075
TE5E164C3EED5DD1,PTE048 PLG083 PMH087 STE050 SLG082 SMH090 SFR029 DRV070
TE22965AF2A53278,PTE046 PLG083 PMH087 STE048 SLG083 SMH088 SFR029 DRV061
TEFEBCE4F0034C88,PTE046 PLG083 PMH087 STE048 SLG084 SMH088 SFR029 DRV062
TEA767262B258003,PTE046 PLG083 PMH087 STE048 SLG084 SMH088 SFR029 DRV062
TEC33132AC092971,PTE044 PLG081 PMH081 STE049 SLG079 SMH094 SFR030 DRV090
TEA623F2C2916797,PTE047 PLG082 PMH086 STE050 SLG080 SMH091 SFR030 DRV073
TEBEDE2553E43B14,PTE047 PLG083 PMH084 STE050 SLG082 SMH092 SFR029 DRV082
TEE2333F8CB457DE,PTE047 PLG083 PMH087 STE049 SLG083 SMH088 SFR029 DRV062
TE69583423CF4F54,PTE048 PLG083 PMH087 STE049 SLG082 SMH089 SFR029 DRV061
TE8BC610BA989531,PTE046 PLG083 PMH086 STE048 SLG084 SMH088 SFR028 DRV062
TE7758F92BA001AC,PTE049 PLG093 PMH087 STE052 SLG093 SMH098 SFR019 DRV078
TE2CF48769B5056E,PTE046 PLG083 PMH087 STE048 SLG084 SMH088 SFR029 DRV062
TE07CE6EEE006D1F,PTE046 PLG083 PMH087 STE048 SLG083 SMH088 SFR029 DRV062
TE55CE6B47BF3EBF,PTE047 PLG082 PMH084 STE050 SLG081 SMH092 SFR029 DRV079
TEEF43C57C15F35B,PTE047 PLG083 PMH086 STE048 SLG084 SMH088 SFR029 DRV062
TEC1C65A1BCDDB02,PTE046 PLG083 PMH087 STE048 SLG084 SMH088 SFR029 DRV062
TE36CFF8C0474A4B,PTE045 PLG081 PMH087 STE048 SLG084 SMH087 SFR032 DRV064
TE920C0DA888F720,PTE047 PLG082 PMH087 STE048 SLG083 SMH088 SFR032 DRV065
TE689CA4C8996EC5,PTE047 PLG083 PMH086 STE048 SLG084 SMH088 SFR028 DRV062
TE535017B856BD47,PTE046 PLG083 PMH087 STE048 SLG083 SMH088 SFR029 DRV062
TE2A7F5A0B6B17B1,PTE046 PLG083 PMH087 STE048 SLG083 SMH088 SFR029 DRV062
TE9938765262E292,PTE049 PLG085 PMH090 STE049 SLG086 SMH091 SFR028 DRV059
TEB02BA173DAF7BA,PTE048 PLG083 PMH086 STE050 SLG083 SMH092 SFR028 DRV074
TE171A029B16BED0,PTE047 PLG082 PMH087 STE049 SLG083 SMH088 SFR029 DRV061
TE8D4987E723437B,PTE048 PLG083 PMH087 STE049 SLG081 SMH089 SFR031 DRV065
TE65B216850DB3A6,PTE044 PLG083 PMH079 STE050 SLG084 SMH097 SFR026 DRV100
TEE927DAB4FE74A3,PTE047 PLG083 PMH087 STE048 SLG084 SMH088 SFR029 DRV062
TE7DC94111930EE7,PTE047 PLG082 PMH087 STE050 SLG081 SMH090 SFR031 DRV069
TE9CF540DA7976A0,PTE047 PLG083 PMH087 STE049 SLG082 SMH088 SFR029 DRV062
TE33C5F4584467DF,PTE045 PLG080 PMH084 STE050 SLG080 SMH091 SFR031 DRV080
TED3BF2E050E4C02,PTE048 PLG083 PMH087 STE049 SLG081 SMH090 SFR030 DRV066
TEB5BFF590C40524,PTE046 PLG083 PMH087 STE048 SLG083 SMH088 SFR029 DRV062
TE88D1E168EC5F6B,PTE046 PLG083 PMH087 STE048 SLG084 SMH088 SFR029 DRV062
TE5D3D4656944857,PTE046 PLG083 PMH087 STE048 SLG083 SMH088 SFR029 DRV062
TECEDE3984698E10,PTE046 PLG085 PMH089 STE049 SLG081 SMH089 SFR030 DRV062
TE902234A6A8364C,PTE043 PLG087 PMH081 STE050 SLG092 SMH100 SFR025 DRV104
TED162736FBEFA38,PTE047 PLG083 PMH087 STE049 SLG083 SMH088 SFR029 DRV061
TEE7A24C17A4B5BE,PTE047 PLG085 PMH087 STE049 SLG084 SMH092 SFR029 DRV070
TE43B405E265D82D,PTE046 PLG083 PMH087 STE048 SLG084 SMH088 SFR029 DRV062
TE95183C45B84321,PTE048 PLG083 PMH087 STE050 SLG082 SMH090 SFR030 DRV069
TE63DF35570FEC81,PTE046 PLG087 PMH086 STE052 SLG088 SMH095 SFR026 DRV083
TE631A29A0397E53,PTE048 PLG083 PMH087 STE050 SLG082 SMH090 SFR030 DRV070
TE1EC2B0E8A860AE,PTE048 PLG082 PMH084 STE050 SLG081 SMH092 SFR028 DRV077
TE636A42509F9910,PTE046 PLG083 PMH087 STE048 SLG083 SMH088 SFR029 DRV062
TEEC3AE78E86460A,PTE046 PLG083 PMH087 STE048 SLG084 SMH088 SFR029 DRV062
TE2F93ABBC6C3F96,PTE046 PLG081 PMH083 STE049 SLG079 SMH092 SFR029 DRV079
TE5C71D1EC326B73,PTE041 PLG081 PMH076 STE050 SLG081 SMH097 SFR028 DRV115
TEC931DD4694B7D9,PTE046 PLG081 PMH081 STE051 SLG080 SMH094 SFR028 DRV094
TE99BACDC067DF6E,PTE047 PLG083 PMH086 STE048 SLG084 SMH088 SFR028 DRV062
TE5A2306480ECADC,PTE046 PLG081 PMH087 STE048 SLG084 SMH088 SFR030 DRV063
TE320AE2B2CC9219,PTE047 PLG084 PMH084 STE051 SLG083 SMH094 SFR027 DRV085
TE8EC63BCE5B8BDC,PTE046 PLG079 PMH081 STE050 SLG078 SMH092 SFR030 DRV085
TE66342E8DC14AEB,PTE047 PLG083 PMH087 STE049 SLG083 SMH088 SFR029 DRV062
TEEFCD6F0DB6D5F6,PTE046 PLG086 PMH079 STE052 SLG088 SMH101 SFR021 DRV112
TE097897F75F9D2B,PTE046 PLG080 PMH085 STE048 SLG081 SMH088 SFR033 DRV070
TE8E3E93E7F27765,PTE042 PLG082 PMH082 STE048 SLG079 SMH093 SFR033 DRV088
TE6E3A61C06ACC80,PTE043 PLG080 PMH082 STE048 SLG080 SMH092 SFR033 DRV088
TE160E3943D16840,PTE047 PLG082 PMH085 STE049 SLG081 SMH092 SFR028 DRV075
TEB72B95B3A0A948,PTE046 PLG082 PMH087 STE048 SLG083 SMH088 SFR029 DRV062
TEEB92A0630E07B3,PTE047 PLG083 PMH086 STE048 SLG084 SMH088 SFR029 DRV062
TE4C28DABEB9A478,PTE048 PLG088 PMH088 STE051 SLG088 SMH095 SFR025 DRV072
TED982447EA53E97,PTE048 PLG085 PMH085 STE051 SLG086 SMH094 SFR025 DRV080
TE183B75D4D3FD55,PTE048 PLG083 PMH088 STE048 SLG081 SMH089 SFR029 DRV061
TEC8BA2054203232,PTE048 PLG083 PMH086 STE050 SLG083 SMH092 SFR028 DRV071
TE76EC9185B02920,PTE047 PLG083 PMH086 STE048 SLG084 SMH088 SFR029 DRV062
TE05D48B8920CCD2,PTE048 PLG082 PMH087 STE049 SLG083 SMH089 SFR030 DRV063
TE0DDA277B2BE4FC,PTE045 PLG083 PMH084 STE050 SLG082 SMH093 SFR029 DRV086
TE2A8374B7EE5717,PTE046 PLG083 PMH087 STE049 SLG083 SMH088 SFR029 DRV062
TEC019D5653FFC62,PTE048 PLG086 PMH086 STE050 SLG086 SMH094 SFR027 DRV080
TE66AB5E959120FF,PTE048 PLG083 PMH089 STE049 SLG083 SMH090 SFR030 DRV061
TE936C9BB36E1A26,PTE047 PLG083 PMH087 STE049 SLG083 SMH088 SFR029 DRV061
TE58CE6895124949,PTE047 PLG083 PMH087 STE049 SLG083 SMH088 SFR029 DRV062
TE456F979957320E,PTE039 PLG078 PMH079 STE047 SLG075 SMH093 SFR035 DRV104
TE393BDB93B4086D,PTE047 PLG088 PMH079 STE054 SLG093 SMH103 SFR017 DRV114
TEB50A888863E30F,PTE047 PLG081 PMH085 STE050 SLG081 SMH092 SFR030 DRV076
TE7A13B2840B0556,PTE046 PLG083 PMH087 STE048 SLG083 SMH088 SFR029 DRV062
TEB869A8A14A5BDD,PTE047 PLG083 PMH086 STE048 SLG084 SMH088 SFR028 DRV062
TED5466394327B2A,PTE047 PLG083 PMH087 STE048 SLG084 SMH088 SFR029 DRV062
TE2D71A484A1CE04,PTE046 PLG082 PMH087 STE049 SLG084 SMH088 SFR029 DRV062
TEBF78246220EF81,PTE046 PLG081 PMH085 STE050 SLG080 SMH091 SFR030 DRV078
TE0ABC29B44F617B,PTE046 PLG083 PMH087 STE048 SLG084 SMH088 SFR029 DRV062
TE98A793E8A9F200,PTE046 PLG082 PMH087 STE049 SLG083 SMH088 SFR029 DRV062
TE6C476AAA1C7250,PTE047 PLG083 PMH084 STE050 SLG084 SMH093 SFR029 DRV081
TE804ED3B39823D7,PTE047 PLG082 PMH087 STE048 SLG083 SMH088 SFR030 DRV062
TE216E9666991BF3,PTE048 PLG085 PMH089 STE050 SLG085 SMH092 SFR029 DRV066
TE0A5D84CF287DDC,PTE047 PLG082 PMH085 STE050 SLG080 SMH091 SFR030 DRV075
TE0D3F693349D5DC,PTE045 PLG083 PMH084 STE049 SLG081 SMH092 SFR031 DRV080
TE9477C7A3495A5E,PTE047 PLG083 PMH086 STE048 SLG084 SMH088 SFR028 DRV062
TE2FCB9FB7F70343,PTE047 PLG085 PMH085 STE050 SLG085 SMH094 SFR027 DRV079
TE6D8917A9C34614,PTE047 PLG083 PMH087 STE048 SLG084 SMH088 SFR029 DRV062
TE5B54BD4DB5B537,PTE047 PLG082 PMH082 STE050 SLG081 SMH093 SFR027 DRV085
TE5FD7C8B0D49773,PTE047 PLG083 PMH085 STE051 SLG082 SMH092 SFR029 DRV078
TECB93E058BB27F2,PTE046 PLG081 PMH087 STE048 SLG084 SMH088 SFR030 DRV064
TEFE41C7F4231491,PTE042 PLG078 PMH078 STE050 SLG078 SMH095 SFR030 DRV100
TE626EB04A5F0253,PTE048 PLG083 PMH085 STE049 SLG082 SMH092 SFR028 DRV072
TE14E83C1CFDBAB6,PTE046 PLG083 PMH087 STE048 SLG084 SMH088 SFR029 DRV062
TE9474D4E288018D,PTE047 PLG083 PMH086 STE048 SLG084 SMH088 SFR029 DRV062
TE116CA063236417,PTE048 PLG083 PMH088 STE049 SLG082 SMH089 SFR031 DRV061
TE977476EFA8CF15,PTE048 PLG083 PMH087 STE049 SLG082 SMH089 SFR029 DRV062
TEF0119E5F103C81,PTE048 PLG086 PMH086 STE052 SLG088 SMH095 SFR025 DRV081
TEFE4F159DBC67B0,PTE047 PLG083 PMH086 STE048 SLG084 SMH088 SFR029 DRV062
TE40B4448404F886,PTE048 PLG082 PMH085 STE051 SLG083 SMH092 SFR028 DRV077
TE0590CBF14CBCA0,PTE046 PLG082 PMH087 STE049 SLG083 SMH088 SFR029 DRV062
TE300958B6CED66D,PTE048 PLG082 PMH087 STE049 SLG081 SMH089 SFR031 DRV067
TE3081EDBBC0E9F4,PTE046 PLG082 PMH087 STE048 SLG084 SMH088 SFR029 DRV062
TE2584A961CF3CC7,PTE042 PLG080 PMH080 STE049 SLG078 SMH094 SFR031 DRV093
TE605EE1CA897D7B,PTE046 PLG081 PMH087 STE048 SLG084 SMH088 SFR031 DRV063
TEB3B05AF34644CB,PTE046 PLG082 PMH087 STE049 SLG083 SMH088 SFR029 DRV062
TE61ADFB9FEC0DAF,PTE047 PLG082 PMH085 STE050 SLG081 SMH092 SFR030 DRV079
TE22CB9C8D36668D,PTE046 PLG083 PMH087 STE048 SLG084 SMH088 SFR029 DRV062
TE33E324FF4D74A0,PTE047 PLG083 PMH088 STE049 SLG082 SMH090 SFR031 DRV064
TED3426CE6D365F7,PTE048 PLG084 PMH088 STE049 SLG083 SMH090 SFR029 DRV063
TEDCEC2CA8D4D4FC,PTE039 PLG077 PMH079 STE047 SLG075 SMH092 SFR035 DRV100
TE35CEA5C9AB729E,PTE046 PLG083 PMH086 STE048 SLG084 SMH088 SFR029 DRV062
TEF842ED07BB57CE,PTE048 PLG084 PMH086 STE050 SLG084 SMH093 SFR027 DRV075
TE0D830F1E6C1C39,PTE046 PLG083 PMH087 STE048 SLG084 SMH088 SFR029 DRV062
TEE9735B391B8516,PTE045 PLG083 PMH086 STE050 SLG082 SMH092 SFR030 DRV076
TE2993BA9AA47834,PTE035 PLG083 PMH077 STE048 SLG083 SMH099 SFR032 DRV125
TE4A1E2ED0E4CE5C,PTE047 PLG081 PMH086 STE050 SLG080 SMH090 SFR032 DRV072
TE011253A45350FD,PTE045 PLG081 PMH080 STE052 SLG080 SMH095 SFR028 DRV101
TE39F6AF47514EAB,PTE046 PLG083 PMH085 STE050 SLG082 SMH092 SFR030 DRV078
TE100B1B4DF7B1A3,PTE048 PLG082 PMH083 STE050 SLG082 SMH094 SFR026 DRV081
TE31E34CF91BE381,PTE048 PLG083 PMH088 STE049 SLG082 SMH088 SFR029 DRV064
TEF35B5140034092,PTE041 PLG079 PMH077 STE048 SLG076 SMH096 SFR030 DRV110
TE243F54E8AC5713,PTE046 PLG083 PMH087 STE048 SLG083 SMH088 SFR029 DRV062
TE853EAB070873FA,PTE050 PLG092 PMH090 STE050 SLG093 SMH095 SFR023 DRV066
TE4CFAEE89692CD7,PTE046 PLG083 PMH087 STE048 SLG083 SMH088 SFR029 DRV061
TE08F6945FD83A64,PTE047 PLG083 PMH084 STE051 SLG084 SMH094 SFR026 DRV081
TE09054F5091F1E9,PTE047 PLG083 PMH088 STE050 SLG083 SMH091 SFR030 DRV065
TEA61FBFCEA0541E,PTE046 PLG082 PMH087 STE048 SLG084 SMH088 SFR029 DRV063
TE9E256E24D35047,PTE048 PLG082 PMH087 STE048 SLG081 SMH089 SFR031 DRV064
TE41C7CE93FD4A60,PTE046 PLG082 PMH087 STE049 SLG083 SMH088 SFR029 DRV062
TE1B6EB3C161A194,PTE047 PLG082 PMH086 STE050 SLG082 SMH091 SFR030 DRV074
TEF5C6A39AEE21EA,PTE046 PLG083 PMH086 STE048 SLG084 SMH088 SFR029 DRV062
TEC2E8AEBEAA8FD5,PTE047 PLG083 PMH087 STE049 SLG083 SMH088 SFR029 DRV062
TE896384ED8C4973,PTE046 PLG083 PMH087 STE048 SLG083 SMH088 SFR029 DRV062
TE3BBA7EA3579C13,PTE046 PLG083 PMH087 STE048 SLG083 SMH088 SFR029 DRV061
TE3F40E39B3BC260,PTE048 PLG082 PMH080 STE052 SLG084 SMH096 SFR024 DRV098
TE749E52454F4523,PTE046 PLG081 PMH087 STE048 SLG084 SMH088 SFR031 DRV063
TE3E86525CC51AC0,PTE044 PLG081 PMH083 STE049 SLG080 SMH093 SFR030 DRV086
TEDD5E16C3D23C14,PTE043 PLG087 PMH080 STE051 SLG090 SMH101 SFR024 DRV108
TE4E0D312DE4E138,PTE048 PLG083 PMH086 STE049 SLG081 SMH091 SFR029 DRV070
TEB840ABCD36AF56,PTE045 PLG081 PMH085 STE049 SLG080 SMH092 SFR031 DRV080
TE32C365D637B2F7,PTE046 PLG083 PMH086 STE048 SLG084 SMH088 SFR029 DRV062
TE3F6BD308A0C812,PTE045 PLG081 PMH087 STE048 SLG083 SMH088 SFR033 DRV063
TE4E46063705668A,PTE048 PLG083 PMH086 STE050 SLG082 SMH091 SFR028 DRV070
TE53BD9491AD910F,PTE044 PLG082 PMH081 STE049 SLG078 SMH093 SFR030 DRV093
TE8707B83BC4F60C,PTE046 PLG083 PMH087 STE048 SLG083 SMH088 SFR029 DRV062
TEDBB8499D4E771D,PTE046 PLG083 PMH087 STE048 SLG084 SMH088 SFR029 DRV062
TE148D3B21C4B016,PTE046 PLG083 PMH087 STE048 SLG084 SMH088 SFR029 DRV062
TE426EC3BA2C6881,PTE047 PLG083 PMH086 STE048 SLG084 SMH088 SFR029 DRV062
TEDF71CAEF88336E,PTE048 PLG083 PMH084 STE051 SLG085 SMH095 SFR026 DRV081
TE72DF6AD938448A,PTE045 PLG078 PMH083 STE048 SLG077 SMH090 SFR033 DRV080
TE29589A96A0D2C3,PTE047 PLG082 PMH087 STE048 SLG082 SMH088 SFR029 DRV064
TE58F4FB503E951B,PTE046 PLG079 PMH082 STE049 SLG077 SMH091 SFR032 DRV083
TE4913D285839E15,PTE047 PLG082 PMH087 STE048 SLG083 SMH088 SFR031 DRV064
TECA91B0CBA0C28A,PTE047 PLG083 PMH087 STE048 SLG084 SMH088 SFR029 DRV062
TE7D3F4C311D5FBE,PTE048 PLG083 PMH087 STE049 SLG083 SMH088 SFR030 DRV063
TE9F56E44CB972E0,PTE044 PLG084 PMH082 STE050 SLG084 SMH096 SFR028 DRV098
TEFECB99413E59DC,PTE044 PLG080 PMH081 STE050 SLG079 SMH093 SFR030 DRV092
TE73EDC4880749A4,PTE048 PLG082 PMH085 STE051 SLG081 SMH091 SFR029 DRV074
TEAA3C82BAAAB5B6,PTE045 PLG081 PMH087 STE048 SLG084 SMH088 SFR032 DRV064
TE3E0104FFA9901B,PTE046 PLG082 PMH087 STE048 SLG083 SMH088 SFR029 DRV062
TE69752DB60B3869,PTE048 PLG084 PMH088 STE050 SLG083 SMH090 SFR029 DRV068
TECFB64627F72320,PTE047 PLG083 PMH088 STE049 SLG081 SMH090 SFR031 DRV066
TE862CA87DDA1417,PTE048 PLG082 PMH088 STE049 SLG083 SMH088 SFR030 DRV063
TEA245F4CD8B48E7,PTE047 PLG082 PMH087 STE049 SLG083 SMH088 SFR029 DRV063
TE32C3427A98A5A3,PTE048 PLG083 PMH088 STE048 SLG082 SMH089 SFR030 DRV061
TE24E52A12724AF0,PTE047 PLG083 PMH083 STE051 SLG083 SMH095 SFR027 DRV083
TE26A95DCA6E4405,PTE047 PLG083 PMH085 STE050 SLG082 SMH092 SFR029 DRV076
TE2695EEE4D2FAF6,PTE044 PLG083 PMH081 STE050 SLG081 SMH094 SFR029 DRV092
TE7342A3D3C0A8DF,PTE047 PLG083 PMH084 STE050 SLG082 SMH093 SFR028 DRV077
TE8575D108E1298D,PTE046 PLG082 PMH085 STE051 SLG080 SMH091 SFR030 DRV079
TE5429CC7200277D,PTE048 PLG083 PMH088 STE049 SLG082 SMH089 SFR029 DRV063
TECE79D5E140D3C3,PTE046 PLG083 PMH087 STE048 SLG084 SMH088 SFR029 DRV062
TE4B95E93B39F4C0,PTE046 PLG085 PMH083 STE051 SLG086 SMH096 SFR025 DRV091
TEC08DBA94DBCC58,PTE044 PLG083 PMH085 STE048 SLG082 SMH092 SFR031 DRV080
TEDD13DC7D892389,PTE047 PLG083 PMH086 STE048 SLG084 SMH088 SFR028 DRV062
TEEB6F3A5719C205,PTE047 PLG083 PMH087 STE049 SLG083 SMH088 SFR029 DRV062
TEA1D4C60372D099,PTE046 PLG083 PMH087 STE048 SLG083 SMH088 SFR029 DRV061
TE381A730BF75CB3,PTE046 PLG083 PMH087 STE048 SLG084 SMH088 SFR029 DRV062
TE9D43978CBA8356,PTE046 PLG083 PMH087 STE048 SLG084 SMH088 SFR029 DRV062
TE1421E7C4E9416B,PTE047 PLG083 PMH086 STE048 SLG084 SMH088 SFR029 DRV062
TE28F3FF1CB7438A,PTE047 PLG082 PMH087 STE048 SLG083 SMH088 SFR030 DRV062
TE0533DD0D54A3CF,PTE046 PLG082 PMH085 STE049 SLG081 SMH091 SFR031 DRV075
TEECBF9CA236F267,PTE045 PLG081 PMH086 STE048 SLG082 SMH088 SFR033 DRV067
TEAC754CD7F07FA0,PTE046 PLG082 PMH087 STE048 SLG084 SMH088 SFR029 DRV062
TE9F17AA3A1EF684,PTE047 PLG081 PMH086 STE049 SLG081 SMH091 SFR031 DRV073
TEF422254D65C417,PTE046 PLG083 PMH087 STE048 SLG084 SMH088 SFR029 DRV062
TE5C48C0062E613F,PTE046 PLG080 PMH083 STE050 SLG078 SMH092 SFR032 DRV086
TE688725B122F8E9,PTE045 PLG090 PMH081 STE054 SLG094 SMH103 SFR019 DRV108
TE15FFD24B812410,PTE046 PLG083 PMH087 STE048 SLG084 SMH088 SFR029 DRV062
TEC3E43313230D8A,PTE048 PLG082 PMH087 STE048 SLG082 SMH088 SFR031 DRV062
TEB9ADD596BC3877,PTE045 PLG080 PMH083 STE049 SLG079 SMH091 SFR031 DRV083
TE2E2DE20F9C389E,PTE046 PLG083 PMH087 STE048 SLG083 SMH088 SFR029 DRV061
TEAD987E29EC8C92,PTE047 PLG083 PMH086 STE048 SLG084 SMH088 SFR029 DRV062
TEC07F6E054D5302,PTE047 PLG082 PMH087 STE049 SLG083 SMH088 SFR029 DRV062
TE8FD013C26CC6BE,PTE046 PLG083 PMH087 STE048 SLG083 SMH088 SFR029 DRV062
TE4744204C07DFAB,PTE046 PLG081 PMH084 STE049 SLG079 SMH091 SFR030 DRV076
TE48B180702EDCFF,PTE045 PLG089 PMH085 STE050 SLG089 SMH099 SFR025 DRV088
TE987A44DDBD6C6E,PTE046 PLG083 PMH087 STE048 SLG084 SMH088 SFR029 DRV062
TE6494B764BA8A4D,PTE047 PLG082 PMH087 STE049 SLG083 SMH088 SFR029 DRV062
TE72797845A55AB6,PTE047 PLG083 PMH086 STE048 SLG084 SMH088 SFR028 DRV062
TEEAB879E96F5E68,PTE042 PLG081 PMH081 STE049 SLG080 SMH095 SFR030 DRV098
TEDA8B384C934518,PTE046 PLG081 PMH084 STE050 SLG080 SMH092 SFR031 DRV079
TE12BD9FA94709A1,PTE047 PLG113 PMH086 STE049 SLG108 SMH113 SFR011 DRV110
TECA866B16CF85E0,PTE047 PLG082 PMH087 STE049 SLG084 SMH088 SFR030 DRV063
TEE56D58A04DC51C,PTE044 PLG083 PMH083 STE050 SLG081 SMH094 SFR029 DRV088
TEFB1CC98358C1C2,PTE048 PLG083 PMH087 STE049 SLG081 SMH089 SFR031 DRV066
TECFAFD49F563097,PTE041 PLG079 PMH077 STE049 SLG081 SMH097 SFR030 DRV114
TE8AF2F4077273C8,PTE047 PLG083 PMH086 STE048 SLG084 SMH088 SFR029 DRV062
TEC9D00BCC744624,PTE046 PLG083 PMH087 STE048 SLG084 SMH088 SFR029 DRV062
TEB15849A3A577D1,PTE047 PLG082 PMH088 STE049 SLG082 SMH089 SFR031 DRV063
TE71C5101289066C,PTE047 PLG082 PMH085 STE049 SLG082 SMH093 SFR029 DRV080
TE63F192FC4EC423,PTE047 PLG083 PMH087 STE050 SLG083 SMH091 SFR030 DRV071
TE3C760B71A2326C,PTE047 PLG083 PMH080 STE052 SLG084 SMH097 SFR024 DRV099
TE7C837D1FF1F5DB,PTE047 PLG082 PMH085 STE050 SLG081 SMH091 SFR030 DRV079
TEB79945E7A81CBB,PTE046 PLG083 PMH087 STE048 SLG084 SMH088 SFR029 DRV062
TE3271D74F9690B0,PTE030 PLG076 PMH075 STE047 SLG078 SMH096 SFR041 DRV127
TE12EC1A12EED09E,PTE047 PLG083 PMH087 STE049 SLG083 SMH088 SFR029 DRV061
TEC3B39860382AD3,PTE047 PLG081 PMH086 STE048 SLG081 SMH088 SFR032 DRV069
TEF95AD0FD692873,PTE046 PLG081 PMH083 STE049 SLG080 SMH092 SFR029 DRV083
TE57347B91AF193C,PTE047 PLG083 PMH086 STE050 SLG082 SMH091 SFR029 DRV073
TEB9866079F48951,PTE047 PLG083 PMH087 STE049 SLG081 SMH089 SFR031 DRV065
TED9953305670F45,PTE047 PLG083 PMH086 STE048 SLG084 SMH088 SFR028 DRV062
TE573D945A0781CC,PTE046 PLG083 PMH084 STE050 SLG082 SMH093 SFR027 DRV080
TE1CB094715733D0,PTE046 PLG083 PMH087 STE048 SLG084 SMH088 SFR029 DRV062
TE32A12E635705E0,PTE047 PLG083 PMH087 STE049 SLG083 SMH088 SFR029 DRV061
TEBA0B2590BF2034,PTE046 PLG082 PMH087 STE049 SLG083 SMH088 SFR029 DRV062
TE263544C7DB5139,PTE048 PLG085 PMH087 STE051 SLG086 SMH093 SFR027 DRV076
TE52DF3350D0D294,PTE044 PLG084 PMH082 STE049 SLG084 SMH096 SFR028 DRV094
TEFE86EA4096DA12,PTE046 PLG083 PMH087 STE048 SLG084 SMH088 SFR029 DRV062
TE01674E54E17F32,PTE050 PLG085 PMH090 STE049 SLG084 SMH090 SFR028 DRV059
TE92B0C2957FDD2F,PTE046 PLG083 PMH087 STE049 SLG083 SMH088 SFR029 DRV062
TE89E13250624E15,PTE046 PLG082 PMH087 STE049 SLG083 SMH088 SFR029 DRV062
TE458EFF3CD0C89B,PTE047 PLG082 PMH087 STE049 SLG083 SMH088 SFR029 DRV062
TE258E58CCEDDE0E,PTE046 PLG084 PMH084 STE051 SLG084 SMH094 SFR028 DRV086
TE8EF9E1F78CF50B,PTE047 PLG082 PMH087 STE048 SLG083 SMH088 SFR029 DRV062
TE00BC8E0E6B34D6,PTE046 PLG083 PMH087 STE048 SLG084 SMH088 SFR029 DRV062
TEF2E3779CE1B323,PTE046 PLG081 PMH082 STE050 SLG081 SMH093 SFR028 DRV087
TE17829ED11BB966,PTE049 PLG083 PMH088 STE049 SLG082 SMH089 SFR029 DRV060
TEF5121A13B2108D,PTE045 PLG081 PMH087 STE048 SLG084 SMH088 SFR031 DRV063
TEAA60CDB7772408,PTE046 PLG083 PMH087 STE048 SLG084 SMH088 SFR029 DRV062
TE515DC132824AC3,PTE048 PLG083 PMH088 STE049 SLG082 SMH089 SFR029 DRV063
TEADDA126CDD2862,PTE047 PLG083 PMH087 STE048 SLG084 SMH088 SFR029 DRV062
TEB3E539A883BEE3,PTE045 PLG080 PMH080 STE049 SLG079 SMH094 SFR029 DRV092
TE604931AA75D95A,PTE046 PLG083 PMH087 STE048 SLG084 SMH088 SFR029 DRV062
TEC7C2E4E7B2BC43,PTE045 PLG081 PMH087 STE048 SLG084 SMH088 SFR032 DRV063
TE209BB65DD9D23D,PTE038 PLG077 PMH078 STE047 SLG077 SMH092 SFR036 DRV105
TEDA86676756AD61,PTE047 PLG082 PMH087 STE049 SLG083 SMH088 SFR029 DRV061
TE04915869722717,PTE049 PLG088 PMH086 STE052 SLG090 SMH097 SFR023 DRV079
TE904F30F85F36B7,PTE048 PLG085 PMH080 STE054 SLG089 SMH100 SFR020 DRV104
TE1476BB7A5D44F2,PTE049 PLG084 PMH084 STE052 SLG086 SMH095 SFR025 DRV083
TEE22FBBE599DB67,PTE047 PLG082 PMH086 STE050 SLG081 SMH090 SFR030 DRV072
TE49CEB7138CE5E0,PTE046 PLG082 PMH082 STE050 SLG081 SMH094 SFR028 DRV090
TE0F4C8BCBD95881,PTE045 PLG080 PMH081 STE051 SLG081 SMH093 SFR029 DRV086
TE1F0C527905EB2F,PTE043 PLG079 PMH079 STE049 SLG077 SMH095 SFR031 DRV099
TE58892F004D6753,PTE047 PLG082 PMH082 STE051 SLG081 SMH094 SFR028 DRV088
TE116E708F01394D,PTE048 PLG082 PMH086 STE050 SLG083 SMH091 SFR029 DRV071
TEB38A119A52ACB5,PTE049 PLG086 PMH089 STE050 SLG084 SMH091 SFR028 DRV068
TE7887CC3B3E366A,PTE046 PLG083 PMH087 STE048 SLG083 SMH088 SFR029 DRV062
TEC15ACAD8C44A5F,PTE044 PLG084 PMH082 STE051 SLG084 SMH095 SFR029 DRV096
TECAF0A7908C4EF1,PTE046 PLG082 PMH087 STE048 SLG084 SMH088 SFR029 DRV062
TE2AAB14EC817F62,PTE048 PLG083 PMH087 STE049 SLG082 SMH089 SFR029 DRV061
TE95F244309F65C3,PTE046 PLG083 PMH087 STE048 SLG084 SMH088 SFR029 DRV062
TE468A99C962D0E0,PTE047 PLG083 PMH086 STE048 SLG084 SMH088 SFR029 DRV062
TE08BB7B99792ABC,PTE046 PLG083 PMH087 STE048 SLG084 SMH088 SFR029 DRV062
TE06EACCC7920BA8,PTE048 PLG082 PMH084 STE051 SLG082 SMH092 SFR028 DRV079
TEB8FA63936660AE,PTE048 PLG083 PMH087 STE049 SLG083 SMH088 SFR029 DRV061
TED2C0AEB346E9C9,PTE045 PLG081 PMH084 STE049 SLG080 SMH092 SFR030 DRV081
TE1040F355D7251E,PTE046 PLG082 PMH086 STE049 SLG081 SMH091 SFR031 DRV076
TEC5E793AB3879FD,PTE042 PLG081 PMH079 STE049 SLG078 SMH095 SFR031 DRV101
TEB091781BED66DA,PTE043 PLG080 PMH082 STE049 SLG079 SMH092 SFR032 DRV091
TE1B5BA89A267235,PTE046 PLG083 PMH087 STE048 SLG083 SMH088 SFR029 DRV062
TE164115B2DF30A1,PTE046 PLG083 PMH087 STE048 SLG084 SMH088 SFR029 DRV062
TEA492EE00D89680,PTE046 PLG083 PMH087 STE048 SLG084 SMH088 SFR029 DRV062
TE1A39B412C241A2,PTE047 PLG083 PMH086 STE048 SLG084 SMH088 SFR029 DRV062
TEDA23548FB42C51,PTE043 PLG080 PMH082 STE049 SLG079 SMH093 SFR033 DRV090
TE18FE8871CD8CD6,PTE046 PLG083 PMH087 STE048 SLG084 SMH088 SFR029 DRV062
TE9359BFD47E772B,PTE048 PLG084 PMH086 STE051 SLG085 SMH093 SFR028 DRV074
TE27894708D1D047,PTE046 PLG083 PMH084 STE051 SLG083 SMH093 SFR029 DRV081
TEE216B737992AA9,PTE048 PLG083 PMH087 STE049 SLG082 SMH089 SFR029 DRV062
TE4C106BD1BBF7F0,PTE046 PLG083 PMH087 STE048 SLG083 SMH088 SFR029 DRV062
TE30A81B1B825B43,PTE046 PLG083 PMH087 STE048 SLG084 SMH088 SFR029 DRV062
TEA0F254BCA4F6E4,PTE049 PLG083 PMH089 STE049 SLG082 SMH090 SFR028 DRV061
TEF7AD1C7A0E8056,PTE048 PLG083 PMH086 STE049 SLG081 SMH091 SFR029 DRV072
TE5E4F2E75E87DF9,PTE046 PLG083 PMH087 STE048 SLG083 SMH088 SFR029 DRV062
TE1511BEFA1AFA5B,PTE048 PLG085 PMH090 STE049 SLG085 SMH090 SFR028 DRV058
TE886E4CC5F26199,PTE047 PLG083 PMH087 STE048 SLG084 SMH088 SFR029 DRV062
TE145139235309B2,PTE047 PLG083 PMH087 STE049 SLG082 SMH091 SFR029 DRV068
TEDBF5F00B589F1F,PTE047 PLG082 PMH087 STE048 SLG083 SMH088 SFR030 DRV063
TEE0B42F4461F28A,PTE046 PLG082 PMH087 STE048 SLG084 SMH088 SFR029 DRV063
TEF54108C6E4032E,PTE048 PLG083 PMH087 STE049 SLG082 SMH089 SFR029 DRV062
TE002E269C8CF3FA,PTE048 PLG083 PMH088 STE049 SLG082 SMH089 SFR031 DRV063
TEA59BE92E89DBB3,PTE047 PLG081 PMH085 STE050 SLG080 SMH090 SFR031 DRV074
TE0D8A738DC86A6B,PTE046 PLG083 PMH087 STE048 SLG084 SMH088 SFR029 DRV062
TEA73CE67D9F35BA,PTE047 PLG083 PMH087 STE048 SLG084 SMH088 SFR029 DRV062
TE9283645FD2B3EA,PTE046 PLG083 PMH087 STE049 SLG083 SMH088 SFR029 DRV062
TEB7DDBBE20FDC8B,PTE046 PLG083 PMH087 STE048 SLG083 SMH088 SFR029 DRV062
TE42B0C1105ED645,PTE046 PLG082 PMH087 STE048 SLG084 SMH088 SFR029 DRV062
TE324BEF9D6C044A,PTE045 PLG083 PMH080 STE052 SLG080 SMH095 SFR028 DRV099
TE10A7BFFE327674,PTE046 PLG083 PMH087 STE048 SLG083 SMH088 SFR029 DRV062
TE1C3CE2EE5FF0E5,PTE041 PLG081 PMH081 STE049 SLG080 SMH094 SFR031 DRV097
TE659C66346EF9B4,PTE046 PLG083 PMH087 STE048 SLG084 SMH088 SFR028 DRV062
TEED3DC4419FC8FF,PTE047 PLG082 PMH088 STE048 SLG081 SMH088 SFR031 DRV062
TE2766D538732DE7,PTE048 PLG088 PMH086 STE053 SLG091 SMH097 SFR023 DRV082
TE9686AD489EC4D2,PTE046 PLG083 PMH087 STE048 SLG084 SMH088 SFR029 DRV062
TE7F7C448091F9AF,PTE045 PLG078 PMH081 STE049 SLG077 SMH091 SFR032 DRV084
TEE8E95DC44370C7,PTE048 PLG083 PMH088 STE048 SLG082 SMH089 SFR031 DRV061
TE5FA0867DBF3ADC,PTE044 PLG082 PMH082 STE049 SLG079 SMH093 SFR031 DRV091
TEA67B352B51C248,PTE042 PLG078 PMH082 STE047 SLG078 SMH091 SFR035 DRV088
TEEDAB25C224BAEE,PTE048 PLG083 PMH087 STE049 SLG082 SMH090 SFR030 DRV066
TE33CED84C16B197,PTE046 PLG083 PMH087 STE048 SLG083 SMH088 SFR029 DRV062
TE9C9F97A008ABC1,PTE046 PLG083 PMH087 STE048 SLG083 SMH088 SFR029 DRV062
TEB98478D63F5216,PTE048 PLG085 PMH087 STE051 SLG087 SMH094 SFR026 DRV072
TE3E5F50F0681BF5,PTE045 PLG081 PMH083 STE049 SLG079 SMH091 SFR032 DRV084
TE6610564AC8AC93,PTE045 PLG081 PMH083 STE049 SLG080 SMH092 SFR030 DRV087
TEFBCA9E0F93534E,PTE049 PLG083 PMH089 STE049 SLG083 SMH089 SFR029 DRV060
TE5FCC2CE035622C,PTE045 PLG082 PMH079 STE051 SLG081 SMH095 SFR026 DRV100
TEE8B1135BC6D029,PTE046 PLG081 PMH087 STE048 SLG084 SMH088 SFR030 DRV063
TEB73690E431DB3F,PTE046 PLG087 PMH085 STE051 SLG089 SMH097 SFR026 DRV087
TE8E0ED29E677099,PTE048 PLG084 PMH086 STE050 SLG085 SMH093 SFR027 DRV072
TE19F29E35D4601E,PTE044 PLG082 PMH085 STE049 SLG081 SMH091 SFR032 DRV078
TEAD46F0C08B985A,PTE046 PLG083 PMH087 STE048 SLG084 SMH088 SFR029 DRV062
TE82A472A2AF6188,PTE040 PLG073 PMH078 STE047 SLG075 SMH091 SFR039 DRV096
TE599A1BEEDF114D,PTE048 PLG083 PMH087 STE049 SLG082 SMH090 SFR030 DRV066
TED189561E12F902,PTE042 PLG080 PMH081 STE048 SLG078 SMH093 SFR031 DRV095
TE2E3A263C643498,PTE047 PLG083 PMH086 STE048 SLG084 SMH088 SFR029 DRV062
TEAEF5268517509B,PTE047 PLG081 PMH084 STE050 SLG081 SMH092 SFR030 DRV078
TE4E575A7D01E88B,PTE045 PLG081 PMH084 STE050 SLG080 SMH092 SFR031 DRV079
TE8CFA1F35B2D5E1,PTE047 PLG083 PMH087 STE049 SLG083 SMH088 SFR029 DRV061
TE61182C44B2302D,PTE046 PLG083 PMH087 STE048 SLG083 SMH088 SFR029 DRV062
TEE2E1D680F5BC80,PTE046 PLG082 PMH087 STE048 SLG084 SMH088 SFR030 DRV064
TE2FC77D391AD385,PTE048 PLG083 PMH087 STE049 SLG082 SMH089 SFR030 DRV064
TED6F101A8CA3C68,PTE046 PLG082 PMH087 STE048 SLG084 SMH088 SFR030 DRV063
TE163F0F8D3FE311,PTE047 PLG083 PMH086 STE048 SLG084 SMH088 SFR028 DRV062
TE643002CAFF7034,PTE043 PLG085 PMH086 STE050 SLG088 SMH095 SFR032 DRV086
TE788BE54934FA8E,PTE047 PLG082 PMH087 STE048 SLG083 SMH088 SFR030 DRV063
TE33471F4DA8767F,PTE048 PLG083 PMH088 STE049 SLG083 SMH089 SFR030 DRV063
TE7EE1D37F5D4F57,PTE046 PLG083 PMH084 STE050 SLG082 SMH093 SFR029 DRV081
TE67267E97AD376C,PTE037 PLG075 PMH080 STE045 SLG077 SMH091 SFR041 DRV099
TE71C1D9587BA920,PTE048 PLG083 PMH087 STE049 SLG081 SMH090 SFR029 DRV068
TEC5ABCF5082E636,PTE046 PLG083 PMH087 STE048 SLG084 SMH088 SFR029 DRV062
TE4CE2B0B9B1AF67,PTE047 PLG082 PMH084 STE051 SLG082 SMH093 SFR028 DRV084
TE50ADACBDEF1AF6,PTE046 PLG083 PMH087 STE048 SLG083 SMH088 SFR028 DRV062
TEE32380C78FBF69,PTE048 PLG087 PMH084 STE053 SLG090 SMH098 SFR023 DRV089
TE0BB1D9274CC7A9,PTE048 PLG088 PMH088 STE052 SLG088 SMH094 SFR025 DRV071
TE764B9BBA9ED71E,PTE048 PLG087 PMH084 STE053 SLG091 SMH099 SFR021 DRV091
TE8DB25884955D43,PTE047 PLG085 PMH086 STE051 SLG086 SMH094 SFR028 DRV081
TEFEBE56A219F05F,PTE048 PLG085 PMH086 STE051 SLG085 SMH093 SFR028 DRV077
TE88D53FA97AEAF3,PTE046 PLG083 PMH087 STE048 SLG084 SMH088 SFR029 DRV062
TE6460FD6F25B10C,PTE046 PLG083 PMH087 STE049 SLG083 SMH088 SFR029 DRV062
TEBD4F97296B0391,PTE048 PLG083 PMH088 STE049 SLG082 SMH089 SFR030 DRV061
TEA751FB07AA5902,PTE046 PLG083 PMH087 STE049 SLG083 SMH088 SFR029 DRV062
TE96A04464675401,PTE047 PLG081 PMH085 STE049 SLG081 SMH091 SFR029 DRV072
TE4FAFA736883BB3,PTE046 PLG082 PMH087 STE049 SLG084 SMH088 SFR029 DRV062
TE2CF9B4C26C4210,PTE047 PLG081 PMH084 STE049 SLG079 SMH091 SFR031 DRV074
TE7C241D00212E9B,PTE046 PLG083 PMH086 STE048 SLG084 SMH088 SFR029 DRV062
TE617560AE645002,PTE046 PLG081 PMH083 STE050 SLG082 SMH093 SFR028 DRV080
TEF414CF99555298,PTE046 PLG081 PMH085 STE048 SLG080 SMH088 SFR032 DRV070
TEB7CC508B4D9A85,PTE047 PLG084 PMH088 STE050 SLG083 SMH090 SFR030 DRV065
TE67E390EAB07004,PTE046 PLG083 PMH087 STE049 SLG083 SMH088 SFR029 DRV061
TE1FA841623B66B4,PTE047 PLG083 PMH087 STE048 SLG083 SMH088 SFR029 DRV062
TE44EDA9F2B29C59,PTE043 PLG082 PMH080 STE050 SLG080 SMH094 SFR030 DRV094
TEE3B438335B5493,PTE046 PLG082 PMH081 STE051 SLG078 SMH093 SFR028 DRV092
TE03CCF15DBB5BED,PTE047 PLG087 PMH084 STE051 SLG088 SMH097 SFR023 DRV084
TE79F1E47E9C9C27,PTE047 PLG082 PMH086 STE050 SLG081 SMH090 SFR031 DRV073
TEEF880A71327263,PTE046 PLG082 PMH082 STE052 SLG083 SMH094 SFR027 DRV089
TEC1C797434EF669,PTE046 PLG083 PMH087 STE048 SLG084 SMH088 SFR029 DRV062
TE6B0D01981A2762,PTE047 PLG082 PMH087 STE049 SLG083 SMH088 SFR029 DRV062
TE5495B88D4E5278,PTE047 PLG083 PMH087 STE050 SLG082 SMH091 SFR029 DRV071
TEB353DEF6ABAC24,PTE047 PLG084 PMH085 STE050 SLG083 SMH092 SFR027 DRV076
TE38C2D8A5B9C91B,PTE049 PLG086 PMH088 STE051 SLG088 SMH094 SFR026 DRV072
TE59B32C02EFFDF7,PTE047 PLG082 PMH087 STE048 SLG083 SMH088 SFR030 DRV063
TE960E15D074B761,PTE045 PLG080 PMH082 STE050 SLG079 SMH092 SFR031 DRV090
TE3B7772A1BD5298,PTE047 PLG082 PMH084 STE050 SLG083 SMH093 SFR028 DRV079
TE8EF0A3E298556A,PTE045 PLG082 PMH087 STE049 SLG080 SMH089 SFR032 DRV067
TEBD83C9AFE099E8,PTE047 PLG082 PMH086 STE049 SLG081 SMH090 SFR030 DRV071
TE0190250378C729,PTE046 PLG081 PMH079 STE050 SLG080 SMH095 SFR026 DRV096
TE91C99C36B8C5EC,PTE046 PLG083 PMH087 STE048 SLG083 SMH088 SFR029 DRV062
TE8D233682C8D879,PTE046 PLG083 PMH087 STE048 SLG084 SMH088 SFR029 DRV062
TE9E2494ABA9EA6C,PTE043 PLG080 PMH080 STE049 SLG079 SMH093 SFR030 DRV096
TEB4BA732976972F,PTE046 PLG083 PMH087 STE049 SLG083 SMH088 SFR029 DRV062
TE34100CED7D779A,PTE046 PLG083 PMH087 STE048 SLG084 SMH088 SFR029 DRV062
TE9A0E8642ADE804,PTE046 PLG083 PMH087 STE048 SLG084 SMH088 SFR029 DRV062
TEC6672EDB13B25C,PTE047 PLG083 PMH086 STE048 SLG084 SMH088 SFR029 DRV062
TED02D7D616042FD,PTE046 PLG083 PMH087 STE048 SLG084 SMH088 SFR029 DRV062
TEA5C7902B13D670,PTE048 PLG082 PMH086 STE049 SLG081 SMH090 SFR030 DRV069
TE740A1C90C668FC,PTE049 PLG083 PMH081 STE053 SLG085 SMH096 SFR023 DRV093
TEF8A85BAF5B770F,PTE046 PLG082 PMH085 STE049 SLG080 SMH091 SFR031 DRV074
TE752BEE36FF1DD1,PTE047 PLG083 PMH084 STE050 SLG083 SMH093 SFR027 DRV080
TE8B287ADB061B0A,PTE045 PLG081 PMH081 STE050 SLG079 SMH093 SFR030 DRV094
TE4679C62EE97B9E,PTE047 PLG083 PMH086 STE048 SLG084 SMH088 SFR029 DRV062
TE906D7AA9391B5A,PTE043 PLG080 PMH081 STE047 SLG078 SMH093 SFR032 DRV095
TE436FE11D69175E,PTE049 PLG086 PMH086 STE052 SLG088 SMH095 SFR024 DRV080
TE0F323B22A2087C,PTE046 PLG083 PMH087 STE048 SLG083 SMH088 SFR029 DRV062
TE6360F3D550C164,PTE046 PLG083 PMH087 STE048 SLG083 SMH088 SFR029 DRV062
TE5C9A1D418A7DBE,PTE048 PLG086 PMH082 STE053 SLG088 SMH098 SFR020 DRV090
TEA8D8BE1CA87EF8,PTE047 PLG082 PMH085 STE051 SLG083 SMH093 SFR029 DRV076
TE1742BF608EC760,PTE047 PLG081 PMH081 STE050 SLG079 SMH094 SFR027 DRV087
TE9FB068B5C890C3,PTE047 PLG083 PMH086 STE048 SLG084 SMH088 SFR029 DRV062
TEDCEF2C9F772A03,PTE046 PLG083 PMH087 STE049 SLG083 SMH088 SFR029 DRV062
TEB782465AD90BAE,PTE048 PLG084 PMH084 STE052 SLG086 SMH095 SFR026 DRV083
TEB7F32F045936FF,PTE047 PLG083 PMH086 STE048 SLG084 SMH088 SFR028 DRV062
TEA47BDE42450379,PTE046 PLG082 PMH087 STE048 SLG084 SMH088 SFR030 DRV064
TE9CA98103D55FC2,PTE047 PLG082 PMH087 STE049 SLG083 SMH088 SFR029 DRV062
TEF2B09683F8A97F,PTE048 PLG085 PMH087 STE050 SLG085 SMH092 SFR027 DRV072
TEC24B0D37C63FA0,PTE047 PLG083 PMH087 STE050 SLG082 SMH090 SFR030 DRV069
TEAD7A65E13B1D9C,PTE047 PLG081 PMH086 STE049 SLG080 SMH091 SFR031 DRV071
TED6FA4647683F3A,PTE046 PLG083 PMH087 STE049 SLG083 SMH088 SFR029 DRV062
TE7DF0FFCCE23551,PTE041 PLG075 PMH081 STE047 SLG076 SMH089 SFR038 DRV087
TE180BF76C757216,PTE047 PLG083 PMH087 STE049 SLG083 SMH091 SFR030 DRV070
TE3730245D3D6DCA,PTE046 PLG083 PMH087 STE048 SLG084 SMH088 SFR029 DRV062
TE5DA424A0E405DA,PTE047 PLG083 PMH087 STE048 SLG084 SMH088 SFR029 DRV062
TE4AB52236703CE0,PTE048 PLG084 PMH090 STE049 SLG085 SMH090 SFR028 DRV059
TE7129ED8914472A,PTE044 PLG081 PMH084 STE049 SLG077 SMH090 SFR033 DRV084
TE40B8275B912F89,PTE046 PLG081 PMH085 STE049 SLG080 SMH089 SFR032 DRV073
TE9285121777B72C,PTE048 PLG082 PMH087 STE049 SLG083 SMH088 SFR030 DRV063
TECF219CACB66125,PTE048 PLG084 PMH086 STE051 SLG084 SMH092 SFR028 DRV073
TE014698B15B249C,PTE048 PLG086 PMH090 STE050 SLG087 SMH091 SFR028 DRV063
TEEE4DE1FAAE888E,PTE047 PLG083 PMH086 STE050 SLG082 SMH092 SFR029 DRV073
TEFDB266C2389461,PTE049 PLG083 PMH089 STE049 SLG083 SMH090 SFR028 DRV060
TEF1C56A1CEB14A4,PTE048 PLG083 PMH089 STE049 SLG082 SMH090 SFR028 DRV060
TEB3D374F6214038,PTE049 PLG084 PMH086 STE051 SLG085 SMH093 SFR026 DRV076
TEE68F325A23B6B2,PTE043 PLG084 PMH085 STE050 SLG086 SMH095 SFR030 DRV086
TEBFE279F1B2EA56,PTE046 PLG083 PMH087 STE048 SLG084 SMH088 SFR029 DRV062
TEA443E8C6431015,PTE048 PLG081 PMH085 STE050 SLG080 SMH090 SFR030 DRV073
TEAD6A643A2D49D8,PTE039 PLG084 PMH080 STE049 SLG081 SMH096 SFR031 DRV108
TEB04EE889A6A473,PTE047 PLG086 PMH083 STE051 SLG088 SMH097 SFR023 DRV085
TE8023FE139E9B68,PTE044 PLG082 PMH082 STE049 SLG078 SMH093 SFR031 DRV091
TE519BC1DDA3A929,PTE048 PLG083 PMH087 STE049 SLG082 SMH088 SFR029 DRV061
TEB080ED63CEEB9E,PTE048 PLG083 PMH087 STE050 SLG083 SMH091 SFR030 DRV071
TE26D8B1FE47B79F,PTE046 PLG083 PMH087 STE048 SLG084 SMH088 SFR029 DRV062
TE4A01313322E8B4,PTE045 PLG081 PMH080 STE050 SLG080 SMH095 SFR028 DRV095
TEE32ED8F6D5CFE0,PTE046 PLG081 PMH087 STE048 SLG084 SMH088 SFR032 DRV064
TE075AB9947F9C3E,PTE046 PLG083 PMH087 STE048 SLG083 SMH088 SFR029 DRV062
TE035DCBDA365619,PTE049 PLG084 PMH088 STE049 SLG080 SMH089 SFR027 DRV059
TEF1965EC25EB9D8,PTE048 PLG082 PMH085 STE050 SLG081 SMH092 SFR028 DRV077
TED441B295BA3B23,PTE047 PLG082 PMH087 STE049 SLG083 SMH088 SFR029 DRV062
TEB76A3A3D0A1BC0,PTE047 PLG083 PMH084 STE050 SLG082 SMH093 SFR028 DRV084
TEDC697B8EC02592,PTE046 PLG081 PMH085 STE048 SLG080 SMH088 SFR032 DRV070
TE963AD7A03847AD,PTE047 PLG083 PMH087 STE049 SLG083 SMH088 SFR029 DRV061
TED93CAE01C3DBAF,PTE046 PLG083 PMH087 STE048 SLG084 SMH088 SFR029 DRV062
TE31BBB2546F35B8,PTE047 PLG082 PMH087 STE049 SLG082 SMH089 SFR029 DRV063
TE1A5A87CE147E2D,PTE046 PLG082 PMH087 STE049 SLG083 SMH088 SFR029 DRV062
TE360B70C0453A00,PTE047 PLG083 PMH086 STE048 SLG084 SMH088 SFR028 DRV062
TE5A8559E3F8207F,PTE039 PLG074 PMH076 STE047 SLG073 SMH092 SFR039 DRV112
TE9D1818DC7F1815,PTE046 PLG083 PMH087 STE048 SLG084 SMH088 SFR029 DRV062
TEBB6AABD6DF36F3,PTE045 PLG082 PMH085 STE049 SLG081 SMH091 SFR031 DRV075
TE6B0AAD0EC3EDDD,PTE047 PLG083 PMH087 STE049 SLG083 SMH088 SFR029 DRV061
TEF4AD881D19D234,PTE048 PLG083 PMH087 STE049 SLG082 SMH089 SFR029 DRV062
TE68887BB5EEA3DF,PTE045 PLG080 PMH082 STE049 SLG079 SMH093 SFR029 DRV088
TE200EDC7F625923,PTE048 PLG083 PMH088 STE049 SLG082 SMH089 SFR030 DRV061
TEB6D2B68525C58B,PTE048 PLG083 PMH086 STE050 SLG082 SMH091 SFR029 DRV073
TEC157D1D251B03B,PTE048 PLG081 PMH086 STE049 SLG080 SMH090 SFR031 DRV069
TE54229333D3CB99,PTE048 PLG083 PMH085 STE051 SLG083 SMH092 SFR028 DRV080
TEADCFC21C51D967,PTE047 PLG082 PMH085 STE050 SLG081 SMH092 SFR030 DRV077
TEA1C6FD030D5442,PTE047 PLG082 PMH087 STE049 SLG083 SMH088 SFR029 DRV061
TEA65BF64F9D300C,PTE048 PLG087 PMH086 STE052 SLG089 SMH096 SFR025 DRV081
TE233A43B7B9A095,PTE047 PLG082 PMH082 STE051 SLG083 SMH095 SFR025 DRV085
TEA739A01775EB2D,PTE046 PLG081 PMH087 STE048 SLG085 SMH087 SFR031 DRV063
TE5749EDFADDDD8C,PTE047 PLG083 PMH086 STE048 SLG084 SMH088 SFR029 DRV062
TE2189DD0945DC3D,PTE049 PLG084 PMH089 STE049 SLG083 SMH089 SFR029 DRV060
TE02F6C446687618,PTE046 PLG081 PMH080 STE050 SLG080 SMH094 SFR027 DRV096
TE2A615868246923,PTE046 PLG083 PMH087 STE048 SLG084 SMH088 SFR029 DRV062
TECC9AE90DBA21FB,PTE046 PLG082 PMH086 STE049 SLG081 SMH090 SFR031 DRV070
TEA46CF1C8199E4C,PTE046 PLG081 PMH083 STE050 SLG080 SMH092 SFR030 DRV087
TECD276D42673C85,PTE046 PLG083 PMH087 STE048 SLG084 SMH088 SFR029 DRV062
TE6746D5F2C379A4,PTE046 PLG083 PMH087 STE048 SLG083 SMH088 SFR029 DRV062
TEDD9F35BE705E55,PTE047 PLG083 PMH086 STE048 SLG084 SMH088 SFR028 DRV062
TE0015B096AD9EB8,PTE045 PLG082 PMH084 STE050 SLG081 SMH092 SFR030 DRV080
TEF3C7A0502EBC8A,PTE048 PLG088 PMH086 STE052 SLG091 SMH097 SFR022 DRV081
TE59BBC0C944C4D3,PTE044 PLG080 PMH084 STE049 SLG080 SMH091 SFR033 DRV077
TE44B6F6BE2AAAF0,PTE047 PLG083 PMH087 STE049 SLG083 SMH088 SFR029 DRV061
TE3651A8E53C44C5,PTE047 PLG083 PMH087 STE049 SLG083 SMH088 SFR029 DRV062
TE292A93967AED0C,PTE045 PLG081 PMH087 STE048 SLG084 SMH088 SFR032 DRV063
TE8944E6A237241E,PTE047 PLG082 PMH085 STE050 SLG080 SMH090 SFR029 DRV072
TEF6A810383CFF21,PTE047 PLG082 PMH087 STE049 SLG083 SMH088 SFR029 DRV062
TE86387CA1752546,PTE047 PLG082 PMH086 STE049 SLG081 SMH091 SFR030 DRV070
TED31743D6E9B66B,PTE047 PLG081 PMH085 STE049 SLG079 SMH090 SFR031 DRV072
TE8D723E9A212FA8,PTE046 PLG082 PMH087 STE048 SLG084 SMH088 SFR030 DRV063
TEC0CFDB52794648,PTE046 PLG081 PMH087 STE048 SLG082 SMH088 SFR032 DRV064
TECB247FCB173FA7,PTE046 PLG081 PMH083 STE050 SLG081 SMH092 SFR029 DRV081
TED441DB971755F9,PTE047 PLG083 PMH087 STE049 SLG083 SMH088 SFR029 DRV061
TEC5593A0810DE8F,PTE047 PLG083 PMH087 STE048 SLG084 SMH088 SFR029 DRV062
TEA4CF2729FF52D9,PTE048 PLG083 PMH087 STE049 SLG082 SMH088 SFR029 DRV062
TE10BE67098D601C,PTE048 PLG082 PMH088 STE048 SLG083 SMH088 SFR030 DRV063
TEE9E476D7F5B39F,PTE047 PLG082 PMH087 STE049 SLG083 SMH088 SFR029 DRV062
TE87F82054F51632,PTE047 PLG082 PMH085 STE050 SLG081 SMH091 SFR030 DRV076
TEB0BF03D5CF032A,PTE046 PLG083 PMH087 STE048 SLG084 SMH088 SFR029 DRV062
TED14831C3A9512C,PTE049 PLG086 PMH090 STE050 SLG087 SMH092 SFR028 DRV063
TE7258DD6C9A6A34,PTE047 PLG083 PMH087 STE049 SLG083 SMH088 SFR029 DRV061
TEBCC14F11F41904,PTE047 PLG082 PMH082 STE050 SLG081 SMH094 SFR026 DRV085
TE041D8DF4DA7555,PTE047 PLG083 PMH086 STE048 SLG084 SMH088 SFR029 DRV062
TE0937B20016C6E4,PTE046 PLG080 PMH085 STE050 SLG080 SMH091 SFR031 DRV076
TE9D79B062B9C514,PTE047 PLG082 PMH084 STE050 SLG082 SMH093 SFR029 DRV081
TEF3D095B01BFA17,PTE046 PLG083 PMH087 STE048 SLG084 SMH088 SFR029 DRV062
TEBA1E9A5A438171,PTE044 PLG081 PMH083 STE050 SLG081 SMH092 SFR031 DRV087
TE149F9E5FA37B98,PTE046 PLG083 PMH087 STE048 SLG084 SMH088 SFR029 DRV062
TE519B9EF7B5BC8A,PTE046 PLG083 PMH087 STE049 SLG084 SMH088 SFR029 DRV062
TEA0C937A0A06386,PTE046 PLG081 PMH084 STE050 SLG080 SMH091 SFR031 DRV081
TE5EE01868670383,PTE042 PLG079 PMH079 STE050 SLG077 SMH093 SFR033 DRV104
TE376A1BE39B0258,PTE048 PLG083 PMH083 STE051 SLG083 SMH094 SFR025 DRV082
TE294B0EBDBEB2E0,PTE046 PLG080 PMH084 STE049 SLG079 SMH089 SFR032 DRV075
TE3626DDB7577541,PTE046 PLG080 PMH085 STE049 SLG080 SMH088 SFR033 DRV072
TEEF75DDA89DCA65,PTE048 PLG086 PMH085 STE051 SLG087 SMH096 SFR024 DRV080
TEE3281DB7425A86,PTE045 PLG080 PMH080 STE051 SLG080 SMH094 SFR027 DRV092
TE52CB6D4B75F365,PTE048 PLG084 PMH088 STE050 SLG082 SMH090 SFR029 DRV067
TE408F19C06EF4F1,PTE047 PLG081 PMH086 STE050 SLG081 SMH091 SFR030 DRV072
TE8052F203A3534E,PTE046 PLG082 PMH087 STE048 SLG084 SMH088 SFR029 DRV063
TE83D6AF5D22821F,PTE047 PLG081 PMH082 STE050 SLG081 SMH093 SFR027 DRV083
TE85D6873F6055C9,PTE045 PLG082 PMH082 STE050 SLG080 SMH094 SFR028 DRV086
TE78D517A61AB57C,PTE046 PLG082 PMH087 STE049 SLG084 SMH088 SFR029 DRV062
TE6906189F68D403,PTE046 PLG083 PMH087 STE048 SLG083 SMH088 SFR029 DRV062
TEC6B230DE8CA4DC,PTE046 PLG080 PMH085 STE048 SLG079 SMH088 SFR033 DRV072
TE2261BC475AFECD,PTE049 PLG085 PMH089 STE050 SLG085 SMH091 SFR028 DRV064
TE5A8DCD9B2701E2,PTE045 PLG083 PMH081 STE052 SLG086 SMH097 SFR025 DRV091
TE1E4A6F4388B734,PTE046 PLG082 PMH082 STE049 SLG080 SMH093 SFR028 DRV086
TE56347517B7A22B,PTE048 PLG083 PMH087 STE048 SLG082 SMH088 SFR031 DRV063
TEDCB990111783DF,PTE047 PLG083 PMH087 STE050 SLG081 SMH090 SFR030 DRV070
TEB5D53C811F7611,PTE048 PLG083 PMH087 STE049 SLG083 SMH088 SFR029 DRV061
TECE673CC1C8C379,PTE046 PLG083 PMH087 STE049 SLG083 SMH088 SFR029 DRV062
TE810A2175E1B12D,PTE048 PLG086 PMH081 STE054 SLG090 SMH100 SFR018 DRV100
TE60855ECC5A65A5,PTE044 PLG081 PMH081 STE049 SLG080 SMH094 SFR030 DRV094
TEB1BBED309E8683,PTE042 PLG080 PMH079 STE050 SLG077 SMH094 SFR031 DRV104
TE7662619C79503F,PTE046 PLG083 PMH087 STE048 SLG083 SMH088 SFR029 DRV062
TECBD06893E3F9B4,PTE049 PLG085 PMH086 STE050 SLG086 SMH094 SFR025 DRV075
TE51E2380B1598D9,PTE047 PLG082 PMH087 STE049 SLG083 SMH088 SFR029 DRV062
TEFD4C77409A302E,PTE047 PLG083 PMH087 STE049 SLG083 SMH088 SFR029 DRV062
TE589378768ACB2A,PTE048 PLG083 PMH087 STE049 SLG082 SMH089 SFR029 DRV062
TE4CF7C8662B253C,PTE047 PLG082 PMH087 STE048 SLG083 SMH088 SFR031 DRV063
TE305CBED58CD753,PTE046 PLG083 PMH086 STE048 SLG084 SMH088 SFR029 DRV062
TE7A6474325DFB0C,PTE046 PLG083 PMH087 STE048 SLG084 SMH088 SFR029 DRV062
TE662913CC03CFDC,PTE047 PLG088 PMH084 STE053 SLG091 SMH099 SFR022 DRV094
TE2215533A015BC8,PTE040 PLG078 PMH082 STE047 SLG078 SMH090 SFR038 DRV087
TE690962FD2DF0E8,PTE047 PLG081 PMH087 STE049 SLG080 SMH089 SFR032 DRV068
TE63E2E7724BD2CB,PTE047 PLG083 PMH086 STE051 SLG083 SMH092 SFR029 DRV075
TEE74882CC51D434,PTE048 PLG083 PMH085 STE051 SLG082 SMH092 SFR028 DRV078
TEDB2E943DB2032F,PTE048 PLG086 PMH088 STE051 SLG087 SMH093 SFR027 DRV070
TEFA152C2C99B582,PTE048 PLG086 PMH083 STE052 SLG089 SMH098 SFR022 DRV095
TE430A4140D542E7,PTE046 PLG082 PMH087 STE049 SLG083 SMH088 SFR029 DRV062
TE46B3AE6B51A2AC,PTE048 PLG084 PMH089 STE049 SLG084 SMH091 SFR029 DRV063
TEF866CDECFB86C3,PTE046 PLG083 PMH087 STE048 SLG084 SMH088 SFR029 DRV062
TE58163E321EC3D4,PTE044 PLG083 PMH074 STE052 SLG083 SMH100 SFR022 DRV122
TEB55FA6A0896C94,PTE047 PLG083 PMH087 STE049 SLG082 SMH090 SFR030 DRV069
TEDB5DDC1988F100,PTE045 PLG080 PMH083 STE050 SLG081 SMH092 SFR031 DRV081
TE2D4CC80FB39686,PTE042 PLG081 PMH076 STE051 SLG081 SMH099 SFR029 DRV117
TEB96CFA46DE586B,PTE048 PLG083 PMH087 STE049 SLG082 SMH088 SFR029 DRV062
TEBA9A14DB6953F0,PTE047 PLG081 PMH084 STE049 SLG080 SMH092 SFR029 DRV077
TEAEEBF6C669CBBD,PTE047 PLG083 PMH086 STE048 SLG084 SMH088 SFR029 DRV062
TE7B550477126B01,PTE048 PLG082 PMH087 STE048 SLG083 SMH088 SFR030 DRV064
TE6F2C53C8333012,PTE041 PLG078 PMH079 STE047 SLG076 SMH093 SFR034 DRV102
TE21733FF937ECB3,PTE019 PLG059 PMH069 STE037 SLG067 SMH089 SFR060 DRV127
TE9856AB6FEBB8DB,PTE046 PLG083 PMH087 STE048 SLG084 SMH088 SFR029 DRV062
TE02F19A15EB75D4,PTE048 PLG084 PMH085 STE051 SLG085 SMH094 SFR026 DRV081
TECA839F0527F0F9,PTE048 PLG083 PMH088 STE049 SLG082 SMH090 SFR030 DRV065
TE275F49D0687A52,PTE047 PLG080 PMH085 STE049 SLG078 SMH089 SFR032 DRV072
TEEB4D63B42F272D,PTE046 PLG083 PMH087 STE048 SLG083 SMH088 SFR029 DRV061
TE6A40A9A2C54946,PTE046 PLG083 PMH087 STE048 SLG084 SMH088 SFR029 DRV062
TE8EF0514AFA3056,PTE048 PLG084 PMH090 STE049 SLG084 SMH090 SFR029 DRV059
TE1FE24F17DEC68E,PTE047 PLG082 PMH087 STE048 SLG084 SMH088 SFR030 DRV063
TE6812A1883F7761,PTE045 PLG078 PMH084 STE047 SLG077 SMH089 SFR036 DRV075
TEFF8EDBD06C3D37,PTE046 PLG082 PMH087 STE048 SLG084 SMH088 SFR029 DRV062
TE2B3D25DC1E209D,PTE047 PLG083 PMH086 STE048 SLG084 SMH088 SFR029 DRV062
TE17AEDDD1F83A1D,PTE047 PLG082 PMH087 STE049 SLG083 SMH088 SFR029 DRV062
TE8B840142A549A0,PTE046 PLG083 PMH087 STE049 SLG083 SMH088 SFR029 DRV062
TEB0BFDB9CEA5F56,PTE048 PLG083 PMH086 STE051 SLG083 SMH092 SFR028 DRV074
TE03DE2137ABD750,PTE046 PLG083 PMH087 STE048 SLG083 SMH088 SFR029 DRV062
TEC905D78A643549,PTE048 PLG083 PMH088 STE048 SLG082 SMH089 SFR030 DRV059
TE7ACEE7A99C4D45,PTE049 PLG084 PMH089 STE049 SLG082 SMH090 SFR028 DRV060
TE5DE3543B9745B9,PTE047 PLG083 PMH087 STE048 SLG084 SMH088 SFR029 DRV062
TE084165480C813F,PTE048 PLG084 PMH089 STE050 SLG085 SMH091 SFR029 DRV065
TE9525834D8AD335,PTE046 PLG083 PMH087 STE048 SLG084 SMH088 SFR029 DRV061
TE0342C3800E0021,PTE047 PLG082 PMH086 STE050 SLG081 SMH091 SFR030 DRV071
TECF7CE227C87260,PTE044 PLG082 PMH085 STE049 SLG082 SMH092 SFR032 DRV081
TE00772D1F7A807D,PTE046 PLG081 PMH083 STE051 SLG081 SMH092 SFR030 DRV084
TEF0187BFA3B5B44,PTE047 PLG082 PMH087 STE049 SLG083 SMH088 SFR030 DRV063
TEFFC28AE0F53913,PTE045 PLG081 PMH087 STE048 SLG084 SMH088 SFR033 DRV064
TEDD29D149BAF217,PTE047 PLG082 PMH087 STE049 SLG083 SMH088 SFR029 DRV062
TE18F33CEA50CF5A,PTE046 PLG083 PMH087 STE048 SLG084 SMH088 SFR029 DRV062
TEC98707FCA6B9E1,PTE046 PLG083 PMH087 STE048 SLG084 SMH088 SFR029 DRV062
TE887792F7C52366,PTE048 PLG083 PMH087 STE049 SLG082 SMH088 SFR029 DRV062
TED4F510001872D6,PTE046 PLG083 PMH087 STE048 SLG084 SMH088 SFR029 DRV062
TE231D9F31216353,PTE045 PLG081 PMH087 STE048 SLG083 SMH088 SFR033 DRV064
TEFD585CC0231F39,PTE047 PLG082 PMH087 STE049 SLG083 SMH088 SFR029 DRV062
TE1E8C82CCA90A2F,PTE040 PLG079 PMH079 STE048 SLG077 SMH094 SFR034 DRV098
TE7D18270132C231,PTE048 PLG083 PMH087 STE048 SLG082 SMH088 SFR030 DRV063
TE338A910F9CC9B4,PTE047 PLG082 PMH085 STE050 SLG083 SMH092 SFR029 DRV075
TE30982E775EF4A3,PTE046 PLG082 PMH087 STE048 SLG084 SMH088 SFR029 DRV063
TEC9FEDBDF8EB51D,PTE046 PLG083 PMH087 STE048 SLG084 SMH088 SFR029 DRV062
TEC33286A129AD08,PTE047 PLG083 PMH087 STE049 SLG083 SMH088 SFR029 DRV061
TE794830DAD42896,PTE046 PLG083 PMH087 STE048 SLG083 SMH088 SFR028 DRV062
TEDEC7A3A5385A64,PTE048 PLG083 PMH088 STE049 SLG083 SMH089 SFR030 DRV062
TEC7A91CDC0C5F03,PTE046 PLG083 PMH087 STE048 SLG084 SMH088 SFR029 DRV062
TEDF16B334B48AAE,PTE047 PLG082 PMH079 STE053 SLG085 SMH098 SFR022 DRV098
TE42ECD822841392,PTE046 PLG083 PMH087 STE048 SLG084 SMH088 SFR029 DRV062
TEF986A16F3C5E51,PTE046 PLG081 PMH086 STE048 SLG082 SMH088 SFR032 DRV066
TEFB5B5BD7939C73,PTE043 PLG086 PMH081 STE050 SLG086 SMH099 SFR027 DRV102
TE9BDE35D251A954,PTE047 PLG084 PMH086 STE051 SLG085 SMH093 SFR028 DRV077
TE601E6E16577B00,PTE042 PLG080 PMH079 STE049 SLG079 SMH095 SFR030 DRV101
TEE39B46B55A95F8,PTE047 PLG083 PMH084 STE049 SLG081 SMH092 SFR029 DRV078
TEC7D9ADD10BD2EC,PTE048 PLG083 PMH089 STE049 SLG082 SMH089 SFR030 DRV060
TE23D20CB3C147DE,PTE046 PLG087 PMH082 STE053 SLG090 SMH099 SFR023 DRV093
TEC8745C1EB119DA,PTE048 PLG085 PMH082 STE052 SLG087 SMH098 SFR022 DRV090
TE6A38C0BC03A7BF,PTE046 PLG083 PMH087 STE048 SLG084 SMH088 SFR028 DRV062
TE8532D7DCCCDADE,PTE046 PLG082 PMH083 STE050 SLG083 SMH094 SFR027 DRV083
TED6220FDD84CFE6,PTE043 PLG080 PMH078 STE049 SLG077 SMH094 SFR030 DRV096
TEF12E22B05AAF20,PTE046 PLG081 PMH081 STE051 SLG080 SMH094 SFR028 DRV094
TE5195486E755892,PTE046 PLG083 PMH087 STE048 SLG084 SMH088 SFR029 DRV062
TEE279F046E833E8,PTE048 PLG082 PMH085 STE050 SLG082 SMH092 SFR028 DRV077
TEADE27B230051A2,PTE046 PLG083 PMH087 STE048 SLG084 SMH088 SFR029 DRV062
TE9E52666BB4508C,PTE047 PLG082 PMH087 STE048 SLG083 SMH088 SFR030 DRV063
TE7111DC1C593E7F,PTE047 PLG086 PMH087 STE051 SLG088 SMH094 SFR027 DRV073
TE5DEB95E50A30B6,PTE048 PLG084 PMH084 STE051 SLG084 SMH094 SFR024 DRV079
TE2A805D9722BE18,PTE048 PLG083 PMH087 STE050 SLG082 SMH090 SFR030 DRV069
TE11677AED896A08,PTE048 PLG083 PMH088 STE049 SLG081 SMH089 SFR029 DRV062
TE75772692C50A8F,PTE047 PLG083 PMH087 STE049 SLG083 SMH088 SFR029 DRV062
TEE128B7AD4DCAA1,PTE047 PLG082 PMH087 STE048 SLG081 SMH088 SFR031 DRV061
TECCAFBBFBF59733,PTE048 PLG083 PMH088 STE049 SLG082 SMH090 SFR030 DRV063
TE2874D6C813C828,PTE045 PLG081 PMH083 STE050 SLG079 SMH091 SFR031 DRV082
TEDD982EC8731C0A,PTE045 PLG081 PMH083 STE050 SLG080 SMH092 SFR031 DRV082
TE857D54DE73B624,PTE048 PLG083 PMH086 STE049 SLG082 SMH090 SFR029 DRV069
TE6EABEEA15AFDBE,PTE046 PLG083 PMH087 STE048 SLG083 SMH088 SFR029 DRV062
TE16FF3175A12EAC,PTE046 PLG083 PMH086 STE048 SLG084 SMH088 SFR029 DRV062
TE4941E45B6E5770,PTE047 PLG083 PMH088 STE049 SLG082 SMH090 SFR030 DRV064
TECF0DD22170D454,PTE046 PLG083 PMH086 STE048 SLG084 SMH088 SFR029 DRV062
TE9654B7D7CFFF34,PTE047 PLG085 PMH087 STE050 SLG085 SMH092 SFR029 DRV074
TE62B0A40F5C46A9,PTE047 PLG082 PMH087 STE049 SLG083 SMH088 SFR030 DRV063
TE6BC5366D52CF14,PTE046 PLG084 PMH083 STE052 SLG085 SMH095 SFR026 DRV089
TEFF3DA01A909670,PTE046 PLG082 PMH084 STE049 SLG081 SMH092 SFR030 DRV080
TE544837ABF5CF6C,PTE048 PLG083 PMH084 STE051 SLG082 SMH093 SFR028 DRV083
TE0FAA6D00332FCF,PTE047 PLG086 PMH086 STE052 SLG085 SMH094 SFR027 DRV081
TE60CF3843D4D023,PTE049 PLG084 PMH089 STE049 SLG083 SMH090 SFR028 DRV060
TE197286CEDA0607,PTE047 PLG084 PMH085 STE050 SLG086 SMH094 SFR028 DRV079
TED1972CBF4AF19B,PTE048 PLG083 PMH087 STE049 SLG081 SMH090 SFR030 DRV067
TEDBDE27D6A975E7,PTE046 PLG083 PMH087 STE048 SLG084 SMH088 SFR029 DRV062
TEB4365E4C2177F8,PTE046 PLG083 PMH087 STE048 SLG084 SMH088 SFR028 DRV062
TE6771685CB2FB89,PTE048 PLG083 PMH088 STE048 SLG082 SMH088 SFR030 DRV064
TE46E6F3D4C983A4,PTE047 PLG082 PMH086 STE050 SLG081 SMH091 SFR030 DRV071
TE9F4FC508556434,PTE049 PLG083 PMH089 STE049 SLG083 SMH090 SFR029 DRV061
TEAEE7CD30EC8ABC,PTE046 PLG083 PMH087 STE048 SLG084 SMH088 SFR029 DRV062
TE6C42DDD5C908F9,PTE046 PLG083 PMH087 STE048 SLG084 SMH088 SFR029 DRV062
TE19551EBD6C9C34,PTE048 PLG083 PMH086 STE051 SLG083 SMH092 SFR028 DRV072
TE535294EC9A3724,PTE048 PLG083 PMH083 STE053 SLG085 SMH095 SFR025 DRV086
TE1D018E3201ACFB,PTE047 PLG083 PMH086 STE048 SLG084 SMH088 SFR029 DRV062
TE3379BACBF966ED,PTE046 PLG083 PMH087 STE048 SLG084 SMH088 SFR029 DRV062
TEED21CDBA01774D,PTE048 PLG083 PMH088 STE049 SLG082 SMH090 SFR030 DRV066
TE237C11D425B6B3,PTE047 PLG083 PMH086 STE048 SLG084 SMH088 SFR028 DRV062
TE64C11D31374FAE,PTE046 PLG083 PMH087 STE048 SLG084 SMH088 SFR029 DRV062
TE5A85B1D92331F9,PTE047 PLG083 PMH086 STE048 SLG084 SMH088 SFR028 DRV062
TEC555532B13989F,PTE048 PLG081 PMH085 STE050 SLG081 SMH091 SFR030 DRV075
TE13890A0A73BDD8,PTE041 PLG078 PMH079 STE049 SLG077 SMH093 SFR033 DRV101
TE61EAFF87FE2D8C,PTE046 PLG083 PMH086 STE048 SLG084 SMH088 SFR028 DRV062
TE773899FF1D836E,PTE047 PLG083 PMH087 STE049 SLG083 SMH088 SFR029 DRV061
TEA3F184E580E8C3,PTE047 PLG083 PMH084 STE050 SLG082 SMH093 SFR028 DRV079
TE3BF2FA64482678,PTE046 PLG087 PMH086 STE051 SLG088 SMH096 SFR026 DRV082
TEC97CBCF570A056,PTE047 PLG083 PMH086 STE048 SLG084 SMH088 SFR028 DRV062
TE6A61D3B7AE478F,PTE049 PLG085 PMH083 STE052 SLG086 SMH096 SFR023 DRV083
TE33E344D3290F1F,PTE047 PLG083 PMH085 STE051 SLG082 SMH092 SFR028 DRV079
TE714205209CF54C,PTE047 PLG083 PMH087 STE049 SLG081 SMH090 SFR030 DRV068
TE72A83740F92439,PTE049 PLG083 PMH089 STE048 SLG083 SMH090 SFR030 DRV061
TE46AE4871FA2573,PTE048 PLG083 PMH087 STE049 SLG083 SMH088 SFR029 DRV062
TEE8EE3E72BB9BB9,PTE047 PLG085 PMH088 STE050 SLG084 SMH091 SFR029 DRV070
TE0ABC04AFBC454B,PTE047 PLG083 PMH087 STE049 SLG083 SMH088 SFR029 DRV062
TE4CED4437D6243A,PTE046 PLG082 PMH087 STE049 SLG083 SMH088 SFR029 DRV062
TEC1BE4BB93A49F2,PTE048 PLG082 PMH088 STE048 SLG082 SMH089 SFR030 DRV063
TE4AA3F934EB6DE6,PTE042 PLG083 PMH080 STE051 SLG083 SMH096 SFR029 DRV100
TEAC2AE2EA6B199B,PTE046 PLG083 PMH087 STE048 SLG084 SMH088 SFR029 DRV062
TE51D0253B342970,PTE046 PLG082 PMH087 STE048 SLG084 SMH088 SFR030 DRV064
TE5007892145D3D2,PTE033 PLG126 PMH076 STE047 SLG124 SMH127 SFR009 DRV127
TE3D288035BEFCDB,PTE044 PLG081 PMH081 STE051 SLG081 SMH095 SFR029 DRV098
TE0B64D68DEB2628,PTE047 PLG083 PMH086 STE048 SLG084 SMH088 SFR029 DRV062
TEDCD8AF73346193,PTE048 PLG084 PMH087 STE050 SLG084 SMH092 SFR028 DRV073
TE6050F36F64CC7F,PTE048 PLG085 PMH086 STE051 SLG086 SMH094 SFR026 DRV078
TE2272C0DCCB13FE,PTE044 PLG082 PMH084 STE049 SLG082 SMH093 SFR031 DRV082
TE5BE885369C5ADA,PTE047 PLG082 PMH086 STE049 SLG082 SMH091 SFR030 DRV072
TE3B220A0DE20F26,PTE046 PLG082 PMH087 STE048 SLG083 SMH088 SFR029 DRV062
TEC117E20E703F85,PTE046 PLG083 PMH087 STE049 SLG083 SMH088 SFR029 DRV062
TE83E47DE6E86C9A,PTE046 PLG083 PMH087 STE048 SLG083 SMH088 SFR029 DRV062
TEF2BD1345D142D0,PTE044 PLG086 PMH075 STE055 SLG089 SMH104 SFR020 DRV127
TE4034DB14D7060E,PTE044 PLG083 PMH078 STE051 SLG082 SMH097 SFR026 DRV102
TEEF89E16DD92B90,PTE044 PLG083 PMH084 STE050 SLG082 SMH093 SFR030 DRV084
TE44CDF9ACD78F4D,PTE042 PLG080 PMH077 STE050 SLG080 SMH097 SFR029 DRV106
TE6A515E4CE2E276,PTE047 PLG083 PMH081 STE052 SLG084 SMH096 SFR025 DRV095
TE8586EE12275719,PTE044 PLG081 PMH084 STE049 SLG078 SMH091 SFR033 DRV083
TED6DADB962449E0,PTE046 PLG083 PMH087 STE048 SLG084 SMH088 SFR029 DRV062
TE8987C05F750095,PTE046 PLG080 PMH080 STE052 SLG081 SMH096 SFR028 DRV098
TE3992D30A49F915,PTE046 PLG083 PMH087 STE048 SLG083 SMH088 SFR029 DRV062
TE01F960D67B1FD8,PTE048 PLG083 PMH088 STE049 SLG083 SMH090 SFR029 DRV066
TE9030969169B757,PTE047 PLG082 PMH087 STE049 SLG081 SMH089 SFR031 DRV064
TE0F1186B0FD1D00,PTE046 PLG081 PMH084 STE050 SLG079 SMH091 SFR031 DRV083
TEDA0854B11BB726,PTE047 PLG083 PMH087 STE049 SLG083 SMH088 SFR029 DRV061
TE166683C4DBCC67,PTE047 PLG083 PMH087 STE049 SLG083 SMH088 SFR029 DRV062
TECFA2CBF8A818E0,PTE045 PLG081 PMH084 STE048 SLG079 SMH091 SFR031 DRV077
TE81BE38F268F805,PTE046 PLG083 PMH087 STE048 SLG084 SMH088 SFR029 DRV062
TE3F587F4F4BD8CB,PTE048 PLG084 PMH086 STE050 SLG084 SMH093 SFR028 DRV070
TEB6116B7E67DEAE,PTE047 PLG083 PMH086 STE048 SLG084 SMH088 SFR028 DRV062
TE61D40E1AEC3D4B,PTE042 PLG079 PMH081 STE049 SLG077 SMH092 SFR033 DRV097
TE461186DDD060DB,PTE048 PLG082 PMH085 STE050 SLG081 SMH091 SFR029 DRV072
TE42547827D2E8DC,PTE047 PLG083 PMH087 STE049 SLG083 SMH088 SFR029 DRV062
TE877ADA66C1475B,PTE048 PLG082 PMH087 STE049 SLG081 SMH090 SFR031 DRV065
TEFF0FD25C6D274D,PTE047 PLG082 PMH087 STE048 SLG080 SMH089 SFR031 DRV064
TEEC654442D6B291,PTE041 PLG085 PMH076 STE051 SLG085 SMH101 SFR027 DRV119
TEB6360B0B1CBF04,PTE047 PLG083 PMH086 STE048 SLG084 SMH088 SFR029 DRV062
TE918F7485AE94C8,PTE044 PLG081 PMH082 STE051 SLG078 SMH092 SFR030 DRV093
TEB2A5F3D7739E56,PTE048 PLG083 PMH087 STE049 SLG082 SMH089 SFR029 DRV063
TE7952A0123FBDB6,PTE048 PLG089 PMH077 STE055 SLG093 SMH106 SFR012 DRV114
TE8AA906615C2127,PTE048 PLG083 PMH087 STE049 SLG082 SMH088 SFR029 DRV063
TE362842D9B01AAB,PTE047 PLG082 PMH087 STE049 SLG081 SMH089 SFR031 DRV066
TE2E1C45CD8A7627,PTE049 PLG083 PMH084 STE051 SLG085 SMH093 SFR026 DRV080
TEE968B1262FA9DF,PTE044 PLG079 PMH082 STE049 SLG078 SMH092 SFR033 DRV091
TE7AC0175F416F88,PTE046 PLG083 PMH087 STE048 SLG083 SMH088 SFR029 DRV061
TE62C4140F3EAC0E,PTE047 PLG083 PMH087 STE048 SLG084 SMH088 SFR028 DRV062
TEA31B2A42A5A25E,PTE046 PLG083 PMH087 STE048 SLG084 SMH088 SFR029 DRV062
TE208C113947D209,PTE047 PLG082 PMH087 STE050 SLG081 SMH090 SFR031 DRV071
TEA34AA2EC5EC953,PTE048 PLG083 PMH087 STE048 SLG081 SMH089 SFR030 DRV064
TE1A101CF2610DBE,PTE047 PLG082 PMH087 STE048 SLG083 SMH088 SFR030 DRV063
TEC609FB14A00F62,PTE047 PLG082 PMH084 STE051 SLG082 SMH092 SFR029 DRV080
TE34C390BB095304,PTE046 PLG082 PMH087 STE048 SLG084 SMH088 SFR030 DRV063
TE19566C93D3BB03,PTE046 PLG083 PMH087 STE048 SLG084 SMH088 SFR029 DRV062
TEBA3212CD2557A2,PTE046 PLG083 PMH087 STE048 SLG084 SMH088 SFR029 DRV062
TEFBECF77C05D83A,PTE046 PLG083 PMH087 STE048 SLG084 SMH088 SFR029 DRV062
TE33C02D17262A10,PTE047 PLG083 PMH086 STE048 SLG084 SMH088 SFR029 DRV062
TE597E349C603A83,PTE047 PLG083 PMH087 STE049 SLG083 SMH088 SFR029 DRV061
TE415A40291BD187,PTE049 PLG084 PMH089 STE049 SLG083 SMH090 SFR027 DRV060
TE3828174A672DD2,PTE046 PLG083 PMH087 STE048 SLG084 SMH088 SFR029 DRV062
TE12676BC719732E,PTE045 PLG080 PMH078 STE050 SLG080 SMH096 SFR026 DRV099
TED4E695ABCB694C,PTE046 PLG083 PMH086 STE048 SLG084 SMH088 SFR029 DRV062
TE9432FE981447CD,PTE047 PLG083 PMH087 STE048 SLG084 SMH088 SFR029 DRV062
TEABDC03FF32C225,PTE048 PLG083 PMH087 STE049 SLG083 SMH088 SFR029 DRV061
TE1956419E91F967,PTE047 PLG083 PMH087 STE049 SLG081 SMH090 SFR031 DRV068
TE09727B4BA7B94B,PTE048 PLG083 PMH084 STE050 SLG082 SMH092 SFR028 DRV076
TEBEDE02CEDD1C4A,PTE047 PLG082 PMH084 STE050 SLG083 SMH093 SFR028 DRV081
TEB2AC8DFA9B50FB,PTE049 PLG086 PMH085 STE052 SLG089 SMH095 SFR024 DRV080
TE3CBF8D96EB38D1,PTE048 PLG083 PMH089 STE049 SLG083 SMH090 SFR030 DRV059
TE335D0B2FA7948C,PTE049 PLG084 PMH087 STE050 SLG083 SMH091 SFR029 DRV069
TE32560345E82FA0,PTE047 PLG083 PMH087 STE049 SLG081 SMH090 SFR030 DRV070
TE4CF83D069E0547,PTE047 PLG082 PMH082 STE050 SLG080 SMH093 SFR027 DRV083
TE428113E9C2DC4C,PTE046 PLG085 PMH086 STE049 SLG084 SMH093 SFR027 DRV077
TE5045CA736B89AB,PTE047 PLG081 PMH086 STE049 SLG080 SMH090 SFR031 DRV069
TEA497F48883AA8A,PTE047 PLG083 PMH087 STE049 SLG083 SMH088 SFR029 DRV062
TEAD9F6D5213AAA4,PTE043 PLG080 PMH082 STE048 SLG078 SMH091 SFR032 DRV086
TE2CDA8019EB8DE0,PTE046 PLG083 PMH087 STE048 SLG083 SMH088 SFR029 DRV062
TE0D7E0A9B26B8E4,PTE047 PLG082 PMH084 STE049 SLG081 SMH093 SFR029 DRV079
TEEB222518FD8B93,PTE045 PLG080 PMH082 STE050 SLG080 SMH093 SFR030 DRV091
TEA549445DE2F34F,PTE046 PLG089 PMH078 STE052 SLG091 SMH103 SFR017 DRV110
TEDD2E2F888077BE,PTE047 PLG083 PMH086 STE048 SLG084 SMH088 SFR029 DRV062
TECEED084A9A687C,PTE044 PLG080 PMH079 STE050 SLG081 SMH095 SFR028 DRV098
TE4703DD74340822,PTE049 PLG087 PMH087 STE052 SLG090 SMH095 SFR024 DRV075
TE20B824DC1FE046,PTE044 PLG083 PMH084 STE050 SLG083 SMH093 SFR032 DRV090
TE7435505886CEF0,PTE046 PLG083 PMH086 STE048 SLG084 SMH088 SFR029 DRV062
TE710CDC16122628,PTE047 PLG082 PMH086 STE050 SLG080 SMH090 SFR031 DRV076
TE41782E5B247084,PTE043 PLG079 PMH076 STE052 SLG081 SMH097 SFR028 DRV110
TECC149EC82C425F,PTE046 PLG083 PMH086 STE048 SLG084 SMH088 SFR029 DRV062
TE03C63736154E0D,PTE046 PLG083 PMH087 STE048 SLG083 SMH088 SFR029 DRV062
TEDD1BF4C531E9A0,PTE047 PLG081 PMH080 STE053 SLG082 SMH095 SFR026 DRV095
TEDD6C75FC68D674,PTE047 PLG082 PMH087 STE049 SLG083 SMH088 SFR029 DRV062
TEC5EE6CDDF28CCD,PTE045 PLG084 PMH085 STE050 SLG082 SMH092 SFR029 DRV079
TE374A2537012DE2,PTE046 PLG083 PMH087 STE048 SLG084 SMH088 SFR029 DRV062
TE937DF60B278099,PTE046 PLG083 PMH087 STE048 SLG084 SMH088 SFR029 DRV062
TE1D1C150DF45EB7,PTE046 PLG080 PMH085 STE048 SLG081 SMH088 SFR033 DRV070
TEDF49EC7B648FEC,PTE048 PLG083 PMH088 STE049 SLG082 SMH089 SFR030 DRV065
TE391A17F8C88CF0,PTE047 PLG082 PMH086 STE049 SLG081 SMH090 SFR030 DRV069
TE850E8F92839FB8,PTE046 PLG083 PMH087 STE048 SLG084 SMH088 SFR029 DRV062
TE75AF7EBDD3C26D,PTE046 PLG083 PMH087 STE048 SLG084 SMH088 SFR029 DRV062
TEBAEDCEE2033230,PTE047 PLG083 PMH087 STE048 SLG084 SMH088 SFR029 DRV062
TEA7FAD7F48134A4,PTE049 PLG084 PMH089 STE049 SLG082 SMH090 SFR028 DRV059
TE84268DE8E2F356,PTE044 PLG080 PMH079 STE050 SLG079 SMH095 SFR029 DRV097
TE62F45835AAD759,PTE040 PLG082 PMH081 STE049 SLG083 SMH096 SFR030 DRV103
TE95FE5BCFAF4419,PTE043 PLG075 PMH081 STE047 SLG076 SMH090 SFR037 DRV088
TE94C6B494370C70,PTE046 PLG083 PMH087 STE048 SLG084 SMH088 SFR029 DRV062
TE3A8A8105DA0A68,PTE047 PLG082 PMH083 STE050 SLG081 SMH093 SFR027 DRV082
TECF5E1DFA106F61,PTE046 PLG082 PMH087 STE048 SLG083 SMH088 SFR029 DRV062
TE7BA88057D8777A,PTE046 PLG083 PMH087 STE048 SLG084 SMH088 SFR029 DRV062
TE35B8E0F90CD32F,PTE048 PLG083 PMH087 STE049 SLG082 SMH089 SFR028 DRV062
TEE305D6A3EBFE07,PTE047 PLG084 PMH086 STE051 SLG085 SMH093 SFR028 DRV081
TE498220524FCD90,PTE046 PLG083 PMH087 STE048 SLG084 SMH088 SFR029 DRV062
TE6B699672262ACD,PTE046 PLG082 PMH086 STE049 SLG081 SMH091 SFR031 DRV075
TEBF34B7B148904A,PTE046 PLG082 PMH081 STE049 SLG080 SMH094 SFR029 DRV090
TEE4F3C72E861EC1,PTE045 PLG081 PMH087 STE048 SLG084 SMH088 SFR032 DRV065
TE1396323ECC2E68,PTE046 PLG082 PMH087 STE048 SLG084 SMH088 SFR029 DRV063
TEE5AE53E09CBA8B,PTE046 PLG082 PMH086 STE049 SLG080 SMH090 SFR031 DRV070
TE47ADC84DEE2094,PTE046 PLG082 PMH087 STE048 SLG083 SMH088 SFR029 DRV062
TE48F240C487AD38,PTE047 PLG082 PMH085 STE051 SLG083 SMH093 SFR028 DRV077
TE0874BD345A0E59,PTE046 PLG081 PMH087 STE048 SLG084 SMH088 SFR030 DRV063
TEC3F2C441EF8474,PTE046 PLG082 PMH087 STE048 SLG084 SMH088 SFR029 DRV063
TE2F237A1B720CFF,PTE046 PLG083 PMH087 STE048 SLG084 SMH088 SFR029 DRV062
TE72E577685F6884,PTE046 PLG083 PMH087 STE048 SLG084 SMH088 SFR029 DRV062
TE64CF7D1486F5BF,PTE049 PLG087 PMH088 STE051 SLG088 SMH094 SFR026 DRV072
TE63E07F84A2A83E,PTE047 PLG083 PMH087 STE048 SLG084 SMH088 SFR029 DRV062
TE9D05C9241510E6,PTE047 PLG083 PMH087 STE049 SLG083 SMH088 SFR029 DRV061
TE76A6E9BC7F36B3,PTE046 PLG083 PMH087 STE048 SLG083 SMH088 SFR029 DRV061
TEA09715512B62CA,PTE046 PLG083 PMH087 STE048 SLG083 SMH088 SFR029 DRV062
TE063D6A1005B750,PTE048 PLG083 PMH087 STE049 SLG083 SMH088 SFR029 DRV062
TEE7C57502DFB1CF,PTE046 PLG084 PMH087 STE050 SLG083 SMH092 SFR030 DRV073
TEABE47C4DBBB258,PTE047 PLG082 PMH083 STE051 SLG082 SMH092 SFR027 DRV079
TEB03EBF61DD9A36,PTE048 PLG084 PMH087 STE049 SLG081 SMH090 SFR030 DRV070
TE56CC4E300531D3,PTE048 PLG083 PMH088 STE049 SLG083 SMH090 SFR030 DRV065
TE68347A3C7405B7,PTE047 PLG082 PMH082 STE053 SLG083 SMH095 SFR026 DRV091
TE354FEB16BA9ED4,PTE040 PLG082 PMH081 STE049 SLG083 SMH096 SFR032 DRV100
TE63F9514BFE1414,PTE048 PLG083 PMH087 STE049 SLG082 SMH090 SFR031 DRV067
TE36E6386F54F949,PTE048 PLG083 PMH087 STE049 SLG082 SMH088 SFR029 DRV061
TE370536CC0554A7,PTE046 PLG083 PMH084 STE050 SLG082 SMH093 SFR029 DRV084
TEE40F49CE906739,PTE046 PLG082 PMH082 STE050 SLG080 SMH093 SFR029 DRV090
TE7278F9A92F77AC,PTE046 PLG081 PMH084 STE050 SLG081 SMH092 SFR029 DRV078
TE46DC0C2F82FC19,PTE047 PLG082 PMH085 STE050 SLG082 SMH092 SFR028 DRV076
TE24C2B902574F9A,PTE046 PLG082 PMH087 STE048 SLG084 SMH088 SFR030 DRV063
TE635459EC1BBC4D,PTE046 PLG080 PMH083 STE050 SLG080 SMH092 SFR030 DRV083
TE339434546CE8B6,PTE047 PLG082 PMH084 STE050 SLG081 SMH092 SFR028 DRV077
TEDAF3D4FE4FE949,PTE046 PLG083 PMH087 STE048 SLG083 SMH088 SFR029 DRV062
TEE3E58141696A55,PTE044 PLG082 PMH078 STE053 SLG083 SMH098 SFR026 DRV112
TE38B49446783537,PTE048 PLG082 PMH085 STE050 SLG083 SMH092 SFR028 DRV074
TEE017DB088039F1,PTE046 PLG082 PMH087 STE049 SLG083 SMH088 SFR029 DRV061
TE5971B2F52C93A9,PTE047 PLG082 PMH086 STE049 SLG079 SMH091 SFR030 DRV071
TEC02769D5659C95,PTE046 PLG081 PMH076 STE053 SLG080 SMH098 SFR023 DRV107
TEADFDD7284B2AE0,PTE048 PLG082 PMH088 STE048 SLG082 SMH089 SFR031 DRV062
TEAC59865D2DF95E,PTE046 PLG083 PMH087 STE048 SLG084 SMH088 SFR029 DRV062
TEBDAF8695FB7ED0,PTE047 PLG083 PMH087 STE049 SLG083 SMH088 SFR029 DRV061
TE108CFB0DDCF013,PTE047 PLG082 PMH087 STE048 SLG082 SMH088 SFR031 DRV064
TE8927B44FBABF1E,PTE048 PLG083 PMH087 STE049 SLG082 SMH089 SFR029 DRV061
TEC7E2C055C0216F,PTE046 PLG081 PMH087 STE048 SLG084 SMH088 SFR031 DRV063
TE649394157E0518,PTE047 PLG083 PMH087 STE049 SLG081 SMH091 SFR030 DRV072
TE616828AC0CD885,PTE044 PLG089 PMH079 STE054 SLG093 SMH104 SFR018 DRV119
TE9B2C07E69AE88F,PTE047 PLG082 PMH087 STE048 SLG083 SMH088 SFR031 DRV063
TE6A903E11EF953C,PTE046 PLG083 PMH087 STE048 SLG084 SMH088 SFR029 DRV062
TEDA7A21600F08CF,PTE047 PLG081 PMH083 STE050 SLG081 SMH093 SFR028 DRV082
TE94F1582031A020,PTE048 PLG087 PMH085 STE052 SLG088 SMH097 SFR025 DRV084
TE83DCB16370CAAB,PTE048 PLG084 PMH088 STE049 SLG084 SMH091 SFR029 DRV066
TE00E34592074721,PTE047 PLG081 PMH084 STE049 SLG080 SMH092 SFR029 DRV077
TE9CAFE8CDA75B22,PTE046 PLG082 PMH084 STE049 SLG081 SMH093 SFR029 DRV080
TE43E3A3ECC63F46,PTE048 PLG083 PMH085 STE050 SLG082 SMH092 SFR027 DRV076
TE58278D00338CA8,PTE047 PLG083 PMH086 STE048 SLG084 SMH088 SFR028 DRV062
TE206A5F25F115D5,PTE046 PLG083 PMH087 STE048 SLG084 SMH088 SFR029 DRV062
TEB016AF016D65AA,PTE049 PLG085 PMH088 STE050 SLG086 SMH093 SFR027 DRV070
TE1C56AA80F8555F,PTE046 PLG083 PMH087 STE048 SLG084 SMH088 SFR029 DRV062
TE90207EFCC7A295,PTE040 PLG076 PMH081 STE046 SLG073 SMH089 SFR037 DRV091
TE81195D98BD844A,PTE046 PLG082 PMH087 STE049 SLG083 SMH088 SFR029 DRV061
TE8F33BC51BB49B0,PTE047 PLG083 PMH087 STE048 SLG084 SMH088 SFR029 DRV062
TE2AE4FE05E87472,PTE043 PLG082 PMH080 STE050 SLG079 SMH095 SFR029 DRV097
TE7B8A7EA1A2A065,PTE046 PLG081 PMH084 STE049 SLG080 SMH091 SFR031 DRV080
TECA9DCD34B8BC19,PTE046 PLG083 PMH087 STE048 SLG084 SMH088 SFR029 DRV062
TEB486898B5F7089,PTE048 PLG082 PMH087 STE049 SLG082 SMH090 SFR030 DRV065
TEF6A11B42ACF8B7,PTE047 PLG081 PMH085 STE050 SLG081 SMH091 SFR031 DRV074
TED385A9731BBE47,PTE046 PLG083 PMH087 STE048 SLG083 SMH088 SFR029 DRV062
TE40A27ECD58D2DF,PTE046 PLG081 PMH085 STE049 SLG079 SMH089 SFR033 DRV071
TEF3D3ADD85526DB,PTE043 PLG083 PMH080 STE051 SLG084 SMH097 SFR027 DRV101
TE381235C5C9C0E9,PTE045 PLG081 PMH087 STE048 SLG084 SMH088 SFR031 DRV063
TE245AE86109E221,PTE044 PLG088 PMH078 STE054 SLG097 SMH106 SFR020 DRV124
TEF0C36413741F3D,PTE047 PLG083 PMH087 STE049 SLG084 SMH088 SFR029 DRV062
TE9197FC536FC5F4,PTE047 PLG086 PMH084 STE052 SLG088 SMH097 SFR024 DRV087
TE4CECB8F8484AC7,PTE046 PLG083 PMH087 STE048 SLG084 SMH088 SFR029 DRV062
TE688B6B013BA6A3,PTE048 PLG083 PMH088 STE049 SLG082 SMH089 SFR031 DRV062
TE40F556A8EA86F1,PTE046 PLG083 PMH087 STE048 SLG083 SMH088 SFR029 DRV061
TE296CB4E6BA4E4D,PTE046 PLG083 PMH087 STE048 SLG083 SMH088 SFR029 DRV062
TE270DA482296CA6,PTE047 PLG083 PMH087 STE049 SLG083 SMH088 SFR029 DRV062
TECA3D2798986AD5,PTE046 PLG083 PMH087 STE049 SLG083 SMH088 SFR029 DRV061
TE385377CFE06DA1,PTE049 PLG084 PMH089 STE049 SLG083 SMH090 SFR028 DRV060
TE6800B8CB1AC5D6,PTE046 PLG083 PMH087 STE048 SLG083 SMH088 SFR029 DRV062
TED5F5132FC3EBEE,PTE046 PLG083 PMH086 STE048 SLG084 SMH088 SFR028 DRV062
TE5BEFDCB36C2F2A,PTE046 PLG083 PMH087 STE048 SLG084 SMH088 SFR029 DRV062
TEA1CF0F409E8BFB,PTE046 PLG083 PMH087 STE048 SLG084 SMH088 SFR029 DRV062
TE440C6FD2698F48,PTE044 PLG082 PMH077 STE050 SLG082 SMH098 SFR029 DRV116
TE5E3681F8D527CC,PTE043 PLG080 PMH083 STE049 SLG079 SMH092 SFR033 DRV088
TE63A186C6DFD733,PTE047 PLG083 PMH086 STE048 SLG084 SMH088 SFR029 DRV062
TE24851C0E7CF2D1,PTE045 PLG083 PMH084 STE050 SLG082 SMH093 SFR029 DRV082
TE2D2033034429E6,PTE047 PLG082 PMH084 STE052 SLG083 SMH093 SFR028 DRV083
TE44D8CAE08FB6D5,PTE048 PLG082 PMH088 STE048 SLG081 SMH089 SFR031 DRV062
TE207975DB5FB110,PTE044 PLG080 PMH081 STE050 SLG079 SMH093 SFR029 DRV089
TEFFBA2421328B03,PTE046 PLG083 PMH086 STE048 SLG084 SMH088 SFR029 DRV062
TEE4A584259CDC40,PTE047 PLG083 PMH087 STE048 SLG084 SMH088 SFR029 DRV062
TE809D44140F2631,PTE047 PLG081 PMH082 STE051 SLG081 SMH094 SFR027 DRV090
TE4A1BA84FB96671,PTE047 PLG082 PMH084 STE051 SLG082 SMH093 SFR029 DRV083
TEEFBC4ECC86A080,PTE047 PLG090 PMH083 STE054 SLG093 SMH101 SFR019 DRV101
TE24B8C964FEBAA6,PTE034 PLG069 PMH073 STE045 SLG071 SMH091 SFR044 DRV118
TE6C068CD679BE75,PTE043 PLG085 PMH085 STE049 SLG087 SMH096 SFR031 DRV092
TE4D811EBC6DB56C,PTE046 PLG082 PMH087 STE048 SLG084 SMH088 SFR030 DRV064
TE49BCEBA89BC600,PTE046 PLG083 PMH087 STE049 SLG083 SMH088 SFR029 DRV062
TE41F9987EDE8D9D,PTE047 PLG082 PMH084 STE050 SLG082 SMH094 SFR029 DRV082
TE19C4ADBF64E57A,PTE046 PLG082 PMH087 STE048 SLG084 SMH088 SFR030 DRV063
TE54598E3DDC374F,PTE047 PLG082 PMH087 STE049 SLG083 SMH088 SFR029 DRV062
TEDA5F700DCA6402,PTE047 PLG082 PMH087 STE049 SLG083 SMH088 SFR029 DRV062
TE99E963AE89FD8A,PTE049 PLG084 PMH089 STE049 SLG082 SMH090 SFR028 DRV059
TE10C71B525DCE20,PTE047 PLG080 PMH083 STE049 SLG077 SMH090 SFR031 DRV077
TEC20820BBBA7FBC,PTE046 PLG083 PMH087 STE048 SLG084 SMH088 SFR029 DRV062
TE5131D17FC41A6F,PTE047 PLG083 PMH087 STE048 SLG083 SMH088 SFR029 DRV062
TE55A610D2B3E0C1,PTE046 PLG083 PMH086 STE048 SLG084 SMH088 SFR028 DRV062
TE6A033743AF6A24,PTE047 PLG082 PMH082 STE051 SLG082 SMH094 SFR026 DRV087
TE4D7D54E6937FC3,PTE048 PLG083 PMH088 STE048 SLG082 SMH089 SFR030 DRV061
TEEE4A236A082822,PTE046 PLG083 PMH086 STE048 SLG084 SMH088 SFR028 DRV062
TED7E9502E42BB3A,PTE048 PLG084 PMH089 STE049 SLG085 SMH090 SFR029 DRV061
TE1A866C488DD402,PTE048 PLG083 PMH087 STE049 SLG083 SMH088 SFR029 DRV063
TE18EF837EC2B0AC,PTE046 PLG082 PMH087 STE048 SLG084 SMH088 SFR030 DRV063
TECA3A127F6861BB,PTE049 PLG084 PMH088 STE049 SLG081 SMH089 SFR028 DRV062
TE9107EE1B11766E,PTE046 PLG082 PMH087 STE048 SLG084 SMH088 SFR029 DRV062
TEFAFF4730F8D430,PTE047 PLG081 PMH082 STE052 SLG082 SMH094 SFR027 DRV086
TE2A63FC180988BB,PTE044 PLG082 PMH082 STE049 SLG081 SMH094 SFR030 DRV092
TE8603D612EA6FF8,PTE049 PLG083 PMH089 STE049 SLG081 SMH090 SFR028 DRV060
TECF7DB0E3EC77F5,PTE047 PLG083 PMH087 STE048 SLG084 SMH088 SFR029 DRV062
TE2A8852DB8BFB52,PTE046 PLG082 PMH087 STE048 SLG084 SMH088 SFR030 DRV063
TE73B51759A644D2,PTE048 PLG088 PMH085 STE052 SLG090 SMH098 SFR023 DRV087
TEB0AE8A0B8B25A8,PTE046 PLG081 PMH083 STE050 SLG080 SMH092 SFR030 DRV082
TEED64181499AACB,PTE046 PLG081 PMH083 STE051 SLG081 SMH093 SFR029 DRV085
TEBD585F47C4E71D,PTE048 PLG083 PMH087 STE049 SLG083 SMH088 SFR029 DRV062
TE4EBA4AB0BDDF9C,PTE046 PLG082 PMH085 STE049 SLG080 SMH091 SFR029 DRV077
TEA7B0AE08A2E5C7,PTE047 PLG083 PMH086 STE048 SLG084 SMH088 SFR029 DRV062
TEF8736E41DBE4E5,PTE048 PLG084 PMH089 STE050 SLG085 SMH091 SFR029 DRV064
TEF4793B43801310,PTE047 PLG082 PMH085 STE049 SLG080 SMH089 SFR032 DRV071
TEB273A95D1CDBA7,PTE045 PLG079 PMH086 STE048 SLG082 SMH087 SFR035 DRV068
TE0B09EA4920747E,PTE044 PLG081 PMH080 STE049 SLG082 SMH096 SFR028 DRV098
TE99FF4CF6F0B3A5,PTE047 PLG085 PMH083 STE052 SLG086 SMH096 SFR023 DRV087
TE176D23482DF9ED,PTE048 PLG085 PMH086 STE052 SLG085 SMH093 SFR027 DRV076
TEA3354C56173D27,PTE046 PLG083 PMH087 STE048 SLG084 SMH088 SFR029 DRV062
TE119B2D054F0B41,PTE048 PLG082 PMH087 STE048 SLG081 SMH090 SFR031 DRV065
TE62CA14EDA8276E,PTE046 PLG082 PMH086 STE050 SLG081 SMH091 SFR031 DRV074
TEC007E069132C16,PTE046 PLG083 PMH087 STE049 SLG083 SMH088 SFR029 DRV061
TE95B7247241A641,PTE046 PLG083 PMH087 STE048 SLG084 SMH088 SFR029 DRV062
TECD094B55034F9A,PTE046 PLG085 PMH089 STE050 SLG082 SMH090 SFR029 DRV064
TE20E7EAB0A85896,PTE047 PLG082 PMH085 STE049 SLG080 SMH091 SFR030 DRV074
TEC7CA7DBCEE34C9,PTE046 PLG083 PMH086 STE048 SLG084 SMH088 SFR029 DRV062
TEE3CDE48BF2DB05,PTE042 PLG075 PMH080 STE047 SLG076 SMH091 SFR038 DRV092
TE3B6C3C45179E50,PTE048 PLG086 PMH088 STE051 SLG087 SMH093 SFR026 DRV071
TE274E0CB2AD7DEE,PTE048 PLG084 PMH084 STE052 SLG085 SMH095 SFR026 DRV084
TE9980D1BA3BAB48,PTE049 PLG084 PMH087 STE049 SLG082 SMH088 SFR028 DRV062
TEBBC67119D57869,PTE046 PLG083 PMH087 STE048 SLG083 SMH088 SFR029 DRV062
TE43B3DBA9414913,PTE046 PLG083 PMH087 STE048 SLG084 SMH088 SFR029 DRV062
TE517701D9F95691,PTE046 PLG081 PMH084 STE050 SLG080 SMH092 SFR030 DRV084
TEECD4585BB6C533,PTE046 PLG083 PMH087 STE048 SLG084 SMH088 SFR029 DRV062
TE76FBB799D14FE9,PTE047 PLG082 PMH084 STE050 SLG082 SMH092 SFR029 DRV078
TED3539CEF0ACEAD,PTE048 PLG083 PMH087 STE049 SLG082 SMH089 SFR030 DRV065
TE2A9EE8663E17C8,PTE048 PLG083 PMH088 STE049 SLG083 SMH090 SFR030 DRV065
TE0B42AD1FDA6C9C,PTE046 PLG083 PMH086 STE048 SLG084 SMH088 SFR029 DRV062
TEEB8EE977A03405,PTE046 PLG083 PMH087 STE048 SLG084 SMH088 SFR028 DRV062
TE61CF50BCF86AD1,PTE049 PLG084 PMH087 STE050 SLG084 SMH091 SFR029 DRV071
TE849418CE6E609F,PTE046 PLG083 PMH087 STE048 SLG083 SMH088 SFR029 DRV062
TE53E4C9E9EB262A,PTE043 PLG081 PMH080 STE050 SLG081 SMH095 SFR031 DRV104
TE207A3520F7D444,PTE046 PLG083 PMH087 STE048 SLG084 SMH088 SFR029 DRV062
TE3DC6E59DE16524,PTE046 PLG083 PMH087 STE048 SLG083 SMH088 SFR029 DRV062
TEBCBB7E931F07DB,PTE046 PLG082 PMH087 STE048 SLG084 SMH088 SFR030 DRV063
TE8696E820BA4E9C,PTE045 PLG099 PMH081 STE052 SLG103 SMH109 SFR018 DRV117
TE0947086D39DACB,PTE046 PLG083 PMH087 STE048 SLG084 SMH088 SFR029 DRV062
TEC40D33FF1EEE17,PTE043 PLG082 PMH084 STE049 SLG081 SMH092 SFR031 DRV080
TE887EB4F3578FF6,PTE046 PLG082 PMH087 STE048 SLG083 SMH088 SFR029 DRV062
TEA91E90608F26F5,PTE043 PLG090 PMH077 STE053 SLG096 SMH108 SFR019 DRV127
TE4F2986AE70EDEF,PTE048 PLG083 PMH087 STE049 SLG082 SMH089 SFR029 DRV062
TE35E1AB97D0E7DE,PTE046 PLG083 PMH087 STE048 SLG084 SMH088 SFR028 DRV062
TE77BAE81E053325,PTE046 PLG083 PMH087 STE049 SLG084 SMH088 SFR029 DRV062
TE876DD766EA4549,PTE047 PLG082 PMH082 STE051 SLG082 SMH094 SFR028 DRV089
TEA4E9E33B38B13B,PTE046 PLG083 PMH087 STE048 SLG084 SMH088 SFR029 DRV062
TEDFB3C678B28DDD,PTE047 PLG082 PMH085 STE050 SLG082 SMH092 SFR029 DRV078
TE4DDE2D474B904F,PTE046 PLG081 PMH087 STE048 SLG084 SMH088 SFR032 DRV064
TE8E31CF9F35F68A,PTE042 PLG080 PMH077 STE050 SLG080 SMH097 SFR028 DRV108
TE85CB2F62ED2110,PTE049 PLG084 PMH087 STE049 SLG081 SMH089 SFR028 DRV061
TE561ECF5E938C16,PTE048 PLG082 PMH086 STE049 SLG081 SMH090 SFR031 DRV068
TEC3DE5BDC9D943C,PTE048 PLG083 PMH088 STE050 SLG082 SMH090 SFR030 DRV065
TEACD2A24F1CC4F4,PTE046 PLG082 PMH087 STE049 SLG084 SMH088 SFR029 DRV062
TEB4075D83DD6DE3,PTE049 PLG086 PMH085 STE052 SLG089 SMH096 SFR022 DRV082
TEFE7F63F3213EEB,PTE045 PLG081 PMH080 STE051 SLG081 SMH095 SFR028 DRV099
TE37B877F8FB3D51,PTE045 PLG081 PMH087 STE048 SLG084 SMH088 SFR031 DRV063
TEAD04873E95A3DF,PTE045 PLG078 PMH081 STE049 SLG077 SMH091 SFR033 DRV087
TE54C94A82B2867B,PTE046 PLG082 PMH087 STE048 SLG083 SMH088 SFR029 DRV061
TE95EDB7255B6203,PTE046 PLG081 PMH078 STE050 SLG079 SMH096 SFR025 DRV102
TECBF0251957F5D5,PTE046 PLG083 PMH087 STE048 SLG084 SMH088 SFR029 DRV062
TE040FEF84C28DDD,PTE046 PLG083 PMH087 STE048 SLG083 SMH088 SFR029 DRV062
TE29C1D05F6E2CCA,PTE046 PLG083 PMH087 STE048 SLG083 SMH088 SFR029 DRV062
TE080435EC7C858F,PTE046 PLG083 PMH086 STE048 SLG084 SMH088 SFR029 DRV062
TE45B211BD5AFED4,PTE047 PLG083 PMH086 STE049 SLG080 SMH090 SFR030 DRV071
TED06DFC0278394A,PTE046 PLG081 PMH086 STE048 SLG082 SMH088 SFR032 DRV067
TE2156D102AF16B8,PTE046 PLG082 PMH087 STE048 SLG084 SMH088 SFR030 DRV063
TE0C6BCCEC2B1306,PTE047 PLG081 PMH085 STE050 SLG080 SMH091 SFR031 DRV078
TE96CDA84AA8D0DC,PTE048 PLG083 PMH086 STE049 SLG081 SMH091 SFR030 DRV070
TE91500461DCB680,PTE047 PLG081 PMH085 STE049 SLG079 SMH090 SFR030 DRV072
TED6EE37C1722D5E,PTE047 PLG083 PMH086 STE048 SLG084 SMH088 SFR029 DRV062
TE6AA6A2E99D600D,PTE047 PLG083 PMH086 STE048 SLG084 SMH088 SFR028 DRV062
TE37E50CE43B16D2,PTE046 PLG082 PMH087 STE048 SLG083 SMH088 SFR029 DRV062
TE54DD9740C365F2,PTE047 PLG083 PMH086 STE048 SLG084 SMH088 SFR028 DRV062
TE87202A4D961CB6,PTE046 PLG080 PMH083 STE049 SLG078 SMH089 SFR032 DRV075
TE297DF83B5EC737,PTE046 PLG082 PMH087 STE048 SLG084 SMH088 SFR029 DRV063
TEF67F20780F6706,PTE046 PLG083 PMH087 STE048 SLG084 SMH088 SFR029 DRV062
TE786E8DF83C92B9,PTE048 PLG082 PMH087 STE049 SLG081 SMH090 SFR030 DRV069
TEFF9056DBFD823D,PTE050 PLG091 PMH083 STE054 SLG086 SMH098 SFR017 DRV099
TEEE967DC2710ED2,PTE046 PLG083 PMH087 STE048 SLG084 SMH088 SFR029 DRV062
TE63D7888DE73DB3,PTE046 PLG083 PMH087 STE049 SLG083 SMH088 SFR029 DRV061
TE9F27B567777E34,PTE047 PLG083 PMH086 STE048 SLG084 SMH088 SFR029 DRV062
TE35361967289177,PTE047 PLG082 PMH087 STE048 SLG083 SMH088 SFR030 DRV063
TEF0E8AA06D578D3,PTE046 PLG083 PMH086 STE048 SLG084 SMH088 SFR029 DRV062
TE783C87DAE9DC69,PTE048 PLG085 PMH083 STE051 SLG086 SMH095 SFR023 DRV080
TEEFA491CE3FC362,PTE048 PLG083 PMH088 STE048 SLG082 SMH089 SFR031 DRV061
TE0A56F1316690F8,PTE047 PLG083 PMH087 STE049 SLG083 SMH088 SFR029 DRV061
TEDA4D1FB48FCADB,PTE046 PLG083 PMH087 STE048 SLG084 SMH088 SFR029 DRV062
TE43E71AF2812CEB,PTE047 PLG083 PMH087 STE049 SLG082 SMH089 SFR029 DRV062
TEA6BF6287257065,PTE049 PLG085 PMH088 STE050 SLG086 SMH092 SFR028 DRV067
TE4950EDC0A028EC,PTE046 PLG083 PMH087 STE048 SLG084 SMH088 SFR029 DRV062
TEC3C0C515BC55FD,PTE048 PLG082 PMH086 STE049 SLG081 SMH090 SFR029 DRV069
TE539F472E5CEE7D,PTE048 PLG082 PMH087 STE049 SLG081 SMH090 SFR031 DRV066
TECFA4DBF311A844,PTE047 PLG086 PMH085 STE052 SLG088 SMH096 SFR025 DRV084
TE5E282D4A00FFEA,PTE046 PLG083 PMH087 STE048 SLG083 SMH088 SFR029 DRV062
TEDB13EA8A52EF76,PTE049 PLG083 PMH089 STE048 SLG083 SMH089 SFR029 DRV060
TED7043E47B50788,PTE048 PLG085 PMH086 STE051 SLG087 SMH094 SFR025 DRV075
TE982F70C2FB249D,PTE050 PLG084 PMH089 STE049 SLG082 SMH090 SFR027 DRV060
TE418F1BEF1483FC,PTE046 PLG085 PMH086 STE050 SLG084 SMH093 SFR028 DRV077
TEB96A0564941C6E,PTE047 PLG082 PMH087 STE048 SLG084 SMH088 SFR030 DRV063
TE7BD8DFAFEC9972,PTE049 PLG084 PMH088 STE049 SLG081 SMH089 SFR028 DRV060
TEA8F1C6D8EBE80D,PTE047 PLG083 PMH087 STE049 SLG083 SMH088 SFR029 DRV062
TE71390B6FB78C38,PTE046 PLG078 PMH082 STE049 SLG077 SMH091 SFR032 DRV083
TE40FF5F52C7FA32,PTE046 PLG082 PMH083 STE050 SLG081 SMH093 SFR029 DRV086
TEA15C0AE119484D,PTE046 PLG081 PMH084 STE049 SLG080 SMH092 SFR031 DRV081
TE2BF284C2B6D97B,PTE047 PLG082 PMH082 STE051 SLG081 SMH093 SFR026 DRV086
TE7F2749CD9FF5F3,PTE043 PLG079 PMH080 STE049 SLG078 SMH093 SFR032 DRV097
TEA5FA8C788A50B4,PTE046 PLG081 PMH082 STE050 SLG081 SMH093 SFR028 DRV088
TEEEFE4DAF3DBB1B,PTE049 PLG084 PMH087 STE050 SLG086 SMH093 SFR026 DRV072
TED0ADEED802BCC6,PTE046 PLG086 PMH084 STE052 SLG089 SMH097 SFR025 DRV086
TE0C5DA85F9F5ECD,PTE047 PLG082 PMH087 STE049 SLG083 SMH088 SFR030 DRV062
TEAB3735E281930B,PTE047 PLG082 PMH087 STE049 SLG083 SMH088 SFR029 DRV062
TEC32F327F0427A7,PTE048 PLG084 PMH085 STE051 SLG085 SMH094 SFR027 DRV081
TE5B7C6A369FDA49,PTE041 PLG085 PMH078 STE050 SLG085 SMH100 SFR027 DRV117
TE2F1AB289D9FC9B,PTE047 PLG083 PMH087 STE048 SLG083 SMH088 SFR029 DRV062
TEC92A5F67EAC214,PTE047 PLG082 PMH087 STE049 SLG083 SMH088 SFR030 DRV063
TE57253C43F49D22,PTE049 PLG084 PMH088 STE049 SLG081 SMH089 SFR028 DRV060
TE62956949DA7845,PTE042 PLG081 PMH078 STE051 SLG081 SMH096 SFR028 DRV107
TE9A45BB03900BD3,PTE046 PLG083 PMH087 STE048 SLG084 SMH088 SFR029 DRV062
TED00DE25C4FD187,PTE047 PLG081 PMH083 STE050 SLG081 SMH093 SFR028 DRV080
TE567DC7268265F0,PTE047 PLG083 PMH086 STE048 SLG084 SMH088 SFR028 DRV062
TE143DDB920655A6,PTE048 PLG083 PMH086 STE049 SLG081 SMH091 SFR029 DRV068
TE8C5D362824C256,PTE048 PLG083 PMH087 STE050 SLG082 SMH091 SFR029 DRV071
TEABBC229B6977E1,PTE047 PLG083 PMH087 STE049 SLG083 SMH088 SFR029 DRV062
TE5F4922054A8F51,PTE048 PLG083 PMH083 STE053 SLG084 SMH095 SFR025 DRV087
TE4219DF66215DD2,PTE046 PLG083 PMH087 STE048 SLG084 SMH088 SFR029 DRV062
TEB2E58D7441903A,PTE046 PLG084 PMH084 STE051 SLG084 SMH094 SFR028 DRV084
TED15DEEE35E40FD,PTE045 PLG079 PMH081 STE050 SLG080 SMH094 SFR029 DRV088
TE0E0B1ADAC00D0C,PTE046 PLG083 PMH087 STE048 SLG083 SMH088 SFR029 DRV062
TEE2D27F2B07212F,PTE046 PLG083 PMH087 STE049 SLG083 SMH088 SFR029 DRV062
TE4397E82C066D2C,PTE046 PLG082 PMH087 STE048 SLG084 SMH088 SFR030 DRV063
TE307FCA620F8C54,PTE047 PLG082 PMH080 STE051 SLG083 SMH096 SFR025 DRV100
TEEF6E38F332DF55,PTE048 PLG083 PMH089 STE049 SLG083 SMH090 SFR030 DRV060
TE2A3642D1EC6D96,PTE048 PLG083 PMH088 STE048 SLG081 SMH089 SFR029 DRV059
TE399E489218217B,PTE049 PLG083 PMH086 STE050 SLG083 SMH091 SFR028 DRV073
TE08AD665DF27627,PTE048 PLG083 PMH088 STE050 SLG081 SMH090 SFR030 DRV066
TE9BA5AD1D242041,PTE047 PLG080 PMH083 STE049 SLG077 SMH090 SFR031 DRV079
TE724081286F1884,PTE046 PLG081 PMH087 STE048 SLG083 SMH088 SFR033 DRV066
TEB51DF0051BD8F2,PTE045 PLG082 PMH081 STE051 SLG081 SMH095 SFR028 DRV095
TE3DB6518B5AD242,PTE046 PLG083 PMH086 STE048 SLG084 SMH088 SFR029 DRV062
TEDC49392A61C7BB,PTE046 PLG080 PMH085 STE048 SLG080 SMH090 SFR033 DRV073
TEDDADC90DEB551F,PTE047 PLG082 PMH086 STE049 SLG080 SMH090 SFR031 DRV069
TE17C30A06E226F5,PTE046 PLG083 PMH087 STE049 SLG084 SMH088 SFR029 DRV062
TEF29D809FE62EBB,PTE048 PLG083 PMH089 STE049 SLG083 SMH089 SFR030 DRV062
TEB8202B5576E66F,PTE047 PLG082 PMH088 STE048 SLG082 SMH089 SFR031 DRV061
TECB4989CF5F9045,PTE046 PLG083 PMH087 STE048 SLG084 SMH088 SFR029 DRV062
TE3F68ED3150086C,PTE048 PLG084 PMH085 STE052 SLG085 SMH094 SFR027 DRV079
TE5CC50850134745,PTE048 PLG084 PMH087 STE049 SLG083 SMH090 SFR029 DRV067
TEBADB9B3A78C43F,PTE046 PLG083 PMH087 STE048 SLG083 SMH088 SFR029 DRV062
TEC29638C70B9796,PTE046 PLG083 PMH086 STE048 SLG084 SMH088 SFR029 DRV062
TE34F73E0F32B9FB,PTE047 PLG082 PMH087 STE049 SLG083 SMH088 SFR029 DRV062
TE8796E03A4654BE,PTE047 PLG082 PMH087 STE049 SLG083 SMH088 SFR029 DRV062
TECE43221E1B9CF4,PTE046 PLG081 PMH086 STE048 SLG081 SMH088 SFR033 DRV070
TEB5648502755DDC,PTE047 PLG082 PMH083 STE050 SLG084 SMH095 SFR026 DRV083
TE7A83680BAB288D,PTE047 PLG083 PMH086 STE049 SLG082 SMH091 SFR030 DRV074
TECF28893CDF9DF3,PTE046 PLG083 PMH087 STE049 SLG083 SMH088 SFR029 DRV061
TE837CA06891251C,PTE046 PLG082 PMH087 STE049 SLG084 SMH088 SFR029 DRV062
TE0AFB2F33813427,PTE046 PLG083 PMH087 STE048 SLG083 SMH088 SFR029 DRV062
TE391BAD2C454EBD,PTE035 PLG077 PMH079 STE047 SLG083 SMH094 SFR040 DRV108
TE5C669CB1F357B0,PTE047 PLG083 PMH087 STE048 SLG084 SMH088 SFR029 DRV062
TE2202CC93CB1B36,PTE048 PLG084 PMH078 STE054 SLG088 SMH101 SFR017 DRV100
TEF0DF80A006F316,PTE046 PLG077 PMH077 STE050 SLG076 SMH094 SFR028 DRV099
TE5E37996B0076E6,PTE045 PLG081 PMH087 STE048 SLG084 SMH088 SFR031 DRV063
TEF6B1DEEEF7CB7F,PTE045 PLG080 PMH084 STE049 SLG079 SMH091 SFR033 DRV081
TE693610ADCBA8FC,PTE046 PLG083 PMH087 STE048 SLG084 SMH088 SFR029 DRV062
TECABE23ACF5F02F,PTE046 PLG082 PMH087 STE048 SLG084 SMH088 SFR030 DRV063
TE5F31E0D1DB34AE,PTE048 PLG083 PMH087 STE049 SLG081 SMH089 SFR029 DRV063
TE63E3FDA7994ED0,PTE046 PLG083 PMH087 STE048 SLG084 SMH088 SFR029 DRV062
TE2BF89D2D276CB8,PTE046 PLG081 PMH084 STE049 SLG080 SMH092 SFR030 DRV077
TE57947CB0F6F19C,PTE049 PLG087 PMH087 STE051 SLG089 SMH094 SFR025 DRV075
TE8241607FFE2EBE,PTE046 PLG083 PMH087 STE048 SLG083 SMH088 SFR029 DRV062
TE286AF96FB69018,PTE046 PLG083 PMH081 STE052 SLG083 SMH096 SFR024 DRV092
TE3506F9B35752F4,PTE048 PLG083 PMH087 STE049 SLG081 SMH089 SFR028 DRV062
TEE6AC8795110520,PTE047 PLG082 PMH087 STE049 SLG080 SMH089 SFR031 DRV065
TEE12B452AE6F207,PTE048 PLG083 PMH088 STE049 SLG082 SMH089 SFR031 DRV066
TECAB3777E1E2F9B,PTE048 PLG083 PMH087 STE049 SLG082 SMH088 SFR029 DRV062
TEC725A04D5C31BF,PTE046 PLG083 PMH087 STE048 SLG083 SMH088 SFR029 DRV062
TEB0D33D5BCDA096,PTE046 PLG083 PMH087 STE048 SLG084 SMH088 SFR029 DRV062
TE7982DEA2449BDE,PTE047 PLG083 PMH086 STE048 SLG084 SMH088 SFR029 DRV062
TE4AAA883EA7C7A4,PTE046 PLG083 PMH087 STE048 SLG084 SMH088 SFR029 DRV062
TE99F9E7FE81D04F,PTE047 PLG083 PMH086 STE048 SLG084 SMH088 SFR029 DRV062
TE51649287965EA6,PTE046 PLG083 PMH087 STE048 SLG083 SMH088 SFR029 DRV061
TEA5DA2033F8984B,PTE047 PLG083 PMH087 STE048 SLG084 SMH088 SFR029 DRV062
TECD6DB549B23D4D,PTE047 PLG083 PMH086 STE048 SLG084 SMH088 SFR029 DRV062
TE4AF918D1F0CBED,PTE048 PLG084 PMH089 STE049 SLG082 SMH090 SFR027 DRV058
TE19B5E96F09BCC7,PTE043 PLG076 PMH083 STE047 SLG077 SMH089 SFR036 DRV078
TE51B11F65BE0B7E,PTE046 PLG083 PMH087 STE048 SLG084 SMH088 SFR029 DRV062
TE639FDD8698FAE3,PTE046 PLG083 PMH087 STE048 SLG083 SMH088 SFR029 DRV062
TEC065C50E6F1338,PTE047 PLG082 PMH086 STE049 SLG080 SMH089 SFR031 DRV066
TE092FD413E81A72,PTE047 PLG083 PMH083 STE050 SLG083 SMH093 SFR028 DRV085
TE535EF7788F0803,PTE046 PLG081 PMH084 STE049 SLG080 SMH092 SFR029 DRV079
TE31A4806B74574E,PTE047 PLG083 PMH087 STE049 SLG082 SMH091 SFR031 DRV069
TEE1FB7B80C6143C,PTE046 PLG083 PMH087 STE048 SLG084 SMH088 SFR029 DRV062
TE1DC51453051AA1,PTE040 PLG088 PMH079 STE051 SLG089 SMH102 SFR024 DRV121
TE1D7665E1C06875,PTE048 PLG083 PMH087 STE049 SLG081 SMH089 SFR031 DRV065
TE3C2E281E2E03A4,PTE048 PLG084 PMH089 STE049 SLG085 SMH091 SFR029 DRV065
TEABC55F02734273,PTE046 PLG083 PMH089 STE049 SLG081 SMH089 SFR030 DRV060
TE9F2EBEE2214446,PTE046 PLG083 PMH087 STE048 SLG084 SMH088 SFR029 DRV062
TEF3419B1D37D233,PTE042 PLG081 PMH078 STE051 SLG079 SMH096 SFR031 DRV112
TE496A15B1CABBF4,PTE048 PLG082 PMH085 STE049 SLG081 SMH091 SFR029 DRV071
TE371671DE46A5D6,PTE045 PLG082 PMH083 STE049 SLG081 SMH093 SFR030 DRV083
TEA835246E1C7B1C,PTE046 PLG082 PMH087 STE048 SLG084 SMH088 SFR029 DRV063
TE92657DE3689889,PTE045 PLG081 PMH087 STE048 SLG083 SMH088 SFR032 DRV064
TE870BFE75DB9D74,PTE048 PLG083 PMH087 STE050 SLG083 SMH091 SFR030 DRV069
TEC047E2FA098FAC,PTE046 PLG083 PMH087 STE049 SLG084 SMH088 SFR029 DRV062
TE57903946106E44,PTE048 PLG083 PMH087 STE049 SLG082 SMH088 SFR029 DRV061
TE962BFF771A113D,PTE047 PLG083 PMH086 STE048 SLG084 SMH088 SFR028 DRV062
TE5BFFDF2AC9E824,PTE047 PLG082 PMH087 STE048 SLG083 SMH088 SFR030 DRV063
TE8EC36FC6E09D3A,PTE048 PLG082 PMH087 STE048 SLG083 SMH088 SFR030 DRV064
TE42575B8B85393D,PTE048 PLG083 PMH087 STE049 SLG082 SMH088 SFR029 DRV061
TE05C03E9F67B160,PTE046 PLG083 PMH087 STE048 SLG084 SMH088 SFR028 DRV062
TEB69EEFBCA88F23,PTE044 PLG082 PMH083 STE049 SLG080 SMH092 SFR030 DRV082
TEA5AEB25F4E41DE,PTE047 PLG091 PMH082 STE054 SLG094 SMH103 SFR019 DRV107
TE88CD2F5253583A,PTE047 PLG083 PMH086 STE050 SLG083 SMH092 SFR029 DRV073
TEE9ACA95707DA51,PTE048 PLG082 PMH086 STE049 SLG082 SMH090 SFR030 DRV073
TE85CB8C73BFB61E,PTE047 PLG083 PMH087 STE049 SLG083 SMH088 SFR029 DRV062
TECE5C015E0B5424,PTE047 PLG082 PMH086 STE049 SLG081 SMH089 SFR031 DRV068
TE58AA3EFC70382D,PTE046 PLG083 PMH087 STE048 SLG084 SMH088 SFR029 DRV062
TE80BE1791611884,PTE046 PLG083 PMH086 STE050 SLG082 SMH092 SFR031 DRV074
TE33EBB9EAB1241A,PTE046 PLG081 PMH086 STE048 SLG081 SMH088 SFR032 DRV069
TE473EEEBC4499DF,PTE047 PLG082 PMH087 STE048 SLG082 SMH088 SFR031 DRV065
TE71E855C6D7F026,PTE048 PLG083 PMH087 STE049 SLG083 SMH088 SFR029 DRV061
TE0A37C618E86212,PTE047 PLG087 PMH086 STE051 SLG087 SMH095 SFR027 DRV082
TE025390850B922E,PTE046 PLG082 PMH087 STE048 SLG084 SMH088 SFR030 DRV063
TED661549073A31F,PTE047 PLG083 PMH086 STE048 SLG084 SMH088 SFR029 DRV062
TE74095BD879FC2B,PTE047 PLG083 PMH087 STE049 SLG083 SMH088 SFR029 DRV062
TE5C009BEAAE4296,PTE046 PLG083 PMH087 STE048 SLG084 SMH088 SFR029 DRV062
TE3FBF298659C358,PTE046 PLG082 PMH087 STE048 SLG084 SMH088 SFR029 DRV062
TE2C59EB0BB555C9,PTE047 PLG082 PMH087 STE048 SLG083 SMH088 SFR032 DRV065
TEC4F401CBF4F894,PTE046 PLG083 PMH087 STE048 SLG084 SMH088 SFR029 DRV062
TED7EC2961551CE5,PTE046 PLG083 PMH087 STE048 SLG083 SMH088 SFR029 DRV061
TE1DFE29EEFCEE59,PTE046 PLG083 PMH087 STE048 SLG083 SMH088 SFR029 DRV062
TE460A6750781BBC,PTE048 PLG083 PMH087 STE049 SLG082 SMH090 SFR030 DRV065
TE40FA290039BA33,PTE046 PLG083 PMH087 STE049 SLG084 SMH088 SFR029 DRV062
TE71AA511D4B68AF,PTE044 PLG081 PMH079 STE051 SLG081 SMH097 SFR027 DRV102
TEB5410E97110899,PTE045 PLG083 PMH081 STE050 SLG081 SMH094 SFR027 DRV095
TE09BD7AF2BB1C37,PTE050 PLG087 PMH088 STE051 SLG086 SMH092 SFR025 DRV069
TEBE4826F1831CFA,PTE046 PLG083 PMH087 STE048 SLG084 SMH088 SFR029 DRV062
TE717CCC5E56F40B,PTE047 PLG082 PMH087 STE048 SLG083 SMH088 SFR032 DRV064
TEC0BBAFEFB41EA3,PTE048 PLG082 PMH085 STE050 SLG081 SMH092 SFR028 DRV074
TEF6005F51FECC79,PTE047 PLG082 PMH088 STE048 SLG081 SMH089 SFR031 DRV061
TE0F2E3E1C41EDF9,PTE046 PLG083 PMH087 STE048 SLG084 SMH088 SFR029 DRV062
TE6AC0B2441D03B3,PTE046 PLG083 PMH087 STE048 SLG084 SMH088 SFR029 DRV062
TE72030CDB8583D9,PTE046 PLG083 PMH087 STE048 SLG083 SMH088 SFR029 DRV061
TE4996313CD36F3E,PTE046 PLG084 PMH083 STE051 SLG084 SMH095 SFR027 DRV087
TE7F133EC8924D93,PTE046 PLG083 PMH087 STE048 SLG084 SMH088 SFR028 DRV062
TE251E22F1BB9064,PTE048 PLG082 PMH087 STE049 SLG082 SMH090 SFR031 DRV066
TE88320AAFDFBA5E,PTE047 PLG083 PMH087 STE048 SLG084 SMH088 SFR029 DRV062
TEB49DB34131FC9F,PTE046 PLG083 PMH086 STE048 SLG084 SMH088 SFR029 DRV062
TE869FDF71454666,PTE048 PLG083 PMH088 STE049 SLG082 SMH089 SFR030 DRV063
TE616374D346AF7A,PTE045 PLG082 PMH084 STE050 SLG080 SMH091 SFR030 DRV078
TE9A34D29BC81593,PTE045 PLG081 PMH087 STE048 SLG083 SMH088 SFR033 DRV063
TE6C94002A8F2739,PTE039 PLG081 PMH076 STE051 SLG081 SMH099 SFR030 DRV124
TE5AD616CB204733,PTE046 PLG083 PMH087 STE048 SLG084 SMH088 SFR029 DRV062
TE02DFB6D05E5524,PTE046 PLG083 PMH087 STE048 SLG084 SMH088 SFR029 DRV062
TE9C1511A8C2A988,PTE046 PLG090 PMH081 STE054 SLG093 SMH101 SFR020 DRV104
TE5F1B857BE4EC90,PTE047 PLG083 PMH087 STE048 SLG083 SMH088 SFR029 DRV062
TE460235EA8F3B39,PTE047 PLG082 PMH087 STE048 SLG084 SMH088 SFR030 DRV063
TEB772035E0E90C2,PTE048 PLG083 PMH087 STE049 SLG082 SMH090 SFR030 DRV066
TE7F39B471A1C845,PTE048 PLG083 PMH088 STE049 SLG083 SMH090 SFR030 DRV063
TEDA1DD69EF29AD9,PTE047 PLG083 PMH086 STE048 SLG084 SMH088 SFR028 DRV062
TE27A5FE192DDDFE,PTE046 PLG081 PMH087 STE048 SLG082 SMH088 SFR032 DRV064
TEE3516EA6CEC447,PTE047 PLG083 PMH086 STE048 SLG084 SMH088 SFR029 DRV062
TE1EAA486905E57C,PTE048 PLG083 PMH086 STE050 SLG082 SMH090 SFR029 DRV071
TE1352764605BC60,PTE049 PLG084 PMH088 STE049 SLG081 SMH089 SFR028 DRV059
TE62C78CAE64568D,PTE046 PLG083 PMH087 STE048 SLG084 SMH088 SFR029 DRV062
TE90EF6C2A81A1F5,PTE046 PLG083 PMH087 STE048 SLG084 SMH088 SFR028 DRV062
TE7932336110204C,PTE049 PLG085 PMH088 STE050 SLG085 SMH091 SFR028 DRV068
TE06798092B4D87C,PTE046 PLG081 PMH087 STE048 SLG085 SMH088 SFR030 DRV064
TE06C702A7E03972,PTE048 PLG084 PMH087 STE050 SLG085 SMH093 SFR027 DRV072
TE09AACB17EDC836,PTE048 PLG083 PMH086 STE050 SLG083 SMH091 SFR028 DRV071
TED2D71707824A04,PTE049 PLG084 PMH088 STE050 SLG081 SMH089 SFR028 DRV060
TE50DF275BFC858E,PTE048 PLG084 PMH087 STE050 SLG085 SMH093 SFR027 DRV072
TE3680790443C447,PTE046 PLG082 PMH083 STE049 SLG081 SMH093 SFR029 DRV084
TE1D6F2AEEDFDF9C,PTE049 PLG086 PMH086 STE051 SLG088 SMH094 SFR024 DRV076
TE12C412DE75AAB3,PTE047 PLG085 PMH086 STE050 SLG085 SMH093 SFR027 DRV076
TE5084BD8BBAAE66,PTE047 PLG083 PMH086 STE048 SLG084 SMH088 SFR029 DRV062
TE285EF26CEB64AA,PTE047 PLG083 PMH086 STE048 SLG084 SMH088 SFR029 DRV062
TEB888881E3C5076,PTE047 PLG083 PMH087 STE049 SLG081 SMH089 SFR031 DRV066
TEF6287C35409DDC,PTE047 PLG083 PMH087 STE049 SLG083 SMH088 SFR029 DRV061
TEB2979920980C81,PTE046 PLG083 PMH087 STE048 SLG084 SMH088 SFR029 DRV062
TE711B8EDE22871B,PTE048 PLG088 PMH086 STE051 SLG084 SMH094 SFR025 DRV087
TEB6528B0D4821FE,PTE047 PLG083 PMH086 STE048 SLG084 SMH088 SFR029 DRV062
TEE34488E2499A42,PTE049 PLG084 PMH087 STE049 SLG081 SMH089 SFR028 DRV062
TE6A3E0CB005CEB8,PTE047 PLG083 PMH086 STE048 SLG084 SMH088 SFR029 DRV062
TE282081572006E2,PTE048 PLG082 PMH088 STE048 SLG082 SMH089 SFR029 DRV063
TE00BA9B8D6450C6,PTE046 PLG083 PMH087 STE048 SLG084 SMH088 SFR029 DRV062
TE94CDB98920C1E3,PTE045 PLG082 PMH084 STE050 SLG082 SMH093 SFR030 DRV083
TE298041869D9896,PTE046 PLG083 PMH087 STE048 SLG084 SMH088 SFR029 DRV062
TEAABBC4A51FE838,PTE046 PLG082 PMH087 STE048 SLG084 SMH088 SFR029 DRV063
TEAE7F0BFB64323F,PTE047 PLG083 PMH087 STE049 SLG082 SMH090 SFR031 DRV066
TE263F99A384D2D2,PTE046 PLG083 PMH087 STE048 SLG084 SMH088 SFR029 DRV062
TEEEEF1ABF8C41AC,PTE044 PLG081 PMH076 STE053 SLG084 SMH100 SFR027 DRV120
TE24C816BF764244,PTE044 PLG080 PMH082 STE050 SLG079 SMH092 SFR032 DRV093
TE0EEC317A8D3A63,PTE048 PLG083 PMH087 STE049 SLG082 SMH089 SFR029 DRV062
TEC2A2AB6DDC5B3C,PTE048 PLG083 PMH086 STE050 SLG082 SMH092 SFR028 DRV075
TE313E10C06F04D9,PTE046 PLG083 PMH087 STE048 SLG084 SMH088 SFR029 DRV062
TECFE51EE52C860A,PTE049 PLG084 PMH087 STE050 SLG081 SMH089 SFR028 DRV062
TED951761774497E,PTE047 PLG083 PMH086 STE048 SLG084 SMH088 SFR029 DRV062
TEB0D1DA16A9810A,PTE046 PLG083 PMH087 STE049 SLG084 SMH088 SFR029 DRV062
TEDB1E395C9DC265,PTE043 PLG080 PMH079 STE049 SLG078 SMH094 SFR029 DRV097
TEF7BC2B0A1756E8,PTE046 PLG082 PMH087 STE049 SLG083 SMH088 SFR029 DRV062
TEC2C357F44235E3,PTE047 PLG082 PMH086 STE049 SLG082 SMH091 SFR030 DRV072
TE54F6DA71BE92A1,PTE047 PLG082 PMH087 STE049 SLG083 SMH088 SFR029 DRV061
TE427CB0649F555C,PTE047 PLG082 PMH086 STE049 SLG081 SMH090 SFR032 DRV073
TE440BF752BA689F,PTE047 PLG083 PMH087 STE049 SLG083 SMH088 SFR029 DRV062
TE472BBB902F1E49,PTE044 PLG080 PMH083 STE049 SLG080 SMH091 SFR034 DRV087
TE0656AE13CFA6DA,PTE046 PLG083 PMH087 STE048 SLG083 SMH088 SFR029 DRV062
TE73C922645EC761,PTE046 PLG081 PMH085 STE049 SLG079 SMH091 SFR031 DRV074
TE0E673B7F5331B4,PTE047 PLG088 PMH079 STE054 SLG092 SMH104 SFR018 DRV114
TED4C4F00197BE14,PTE046 PLG083 PMH087 STE048 SLG083 SMH088 SFR029 DRV062
TEFCB2433EDD7FE6,PTE046 PLG083 PMH087 STE048 SLG083 SMH088 SFR029 DRV062
TE12987362D9E21E,PTE045 PLG084 PMH084 STE050 SLG082 SMH094 SFR030 DRV084
TEBEA59770B26200,PTE046 PLG083 PMH087 STE048 SLG084 SMH088 SFR029 DRV062
TEDB56EF940874DC,PTE046 PLG083 PMH087 STE048 SLG084 SMH088 SFR029 DRV062
TECD9BA626D34961,PTE047 PLG083 PMH087 STE049 SLG083 SMH088 SFR029 DRV061
TE6678F742BEFFDB,PTE048 PLG083 PMH087 STE049 SLG081 SMH089 SFR031 DRV064
TEC63444A42F53D3,PTE044 PLG081 PMH083 STE048 SLG078 SMH091 SFR031 DRV084
TE8BAE165ACBC7F0,PTE048 PLG084 PMH089 STE049 SLG082 SMH090 SFR028 DRV059
TE324FFB7392E465,PTE047 PLG083 PMH086 STE048 SLG084 SMH088 SFR029 DRV062
TEBD979DEF35BDCA,PTE046 PLG083 PMH082 STE049 SLG082 SMH095 SFR028 DRV090
TE4C5C62548C461D,PTE047 PLG083 PMH087 STE049 SLG083 SMH088 SFR029 DRV061
TE724DD8E408DECA,PTE047 PLG083 PMH086 STE048 SLG084 SMH088 SFR028 DRV062
TEA1F32973304BDA,PTE048 PLG083 PMH086 STE051 SLG083 SMH092 SFR028 DRV074
TEB0C6CD6B565E7C,PTE046 PLG083 PMH087 STE048 SLG083 SMH088 SFR029 DRV062
TE5B884B5B8E4587,PTE046 PLG083 PMH087 STE049 SLG083 SMH088 SFR029 DRV062
TE9F7A09EDD2205C,PTE047 PLG081 PMH083 STE051 SLG081 SMH092 SFR028 DRV079
TE4D8F9170119C9C,PTE047 PLG082 PMH084 STE050 SLG080 SMH092 SFR029 DRV079
TE90E8AA76DC3CC6,PTE046 PLG083 PMH087 STE048 SLG084 SMH088 SFR029 DRV062
TE47B28FCA290F1A,PTE048 PLG083 PMH087 STE049 SLG082 SMH090 SFR030 DRV065
TEDA7CA2BBC3B040,PTE046 PLG081 PMH086 STE048 SLG082 SMH088 SFR032 DRV066
TE07AC31C4FAE697,PTE048 PLG082 PMH082 STE051 SLG081 SMH093 SFR027 DRV087
TE3EE10D83798B84,PTE048 PLG083 PMH087 STE049 SLG082 SMH089 SFR029 DRV061
TE95B2A75814E2D7,PTE047 PLG083 PMH087 STE050 SLG082 SMH091 SFR030 DRV068
TE2F3152BC5D34D9,PTE046 PLG083 PMH087 STE048 SLG084 SMH088 SFR029 DRV062
TE48036264612469,PTE046 PLG081 PMH085 STE049 SLG081 SMH088 SFR032 DRV071
TE13AA71BA5BA768,PTE048 PLG083 PMH088 STE049 SLG082 SMH089 SFR031 DRV065
TE32D2E7DE84FCDC,PTE046 PLG081 PMH086 STE048 SLG082 SMH088 SFR033 DRV068
TE2EBACC4D4D3C4C,PTE046 PLG083 PMH087 STE048 SLG083 SMH088 SFR029 DRV062
TECD6CD2E5ACCC5C,PTE046 PLG082 PMH085 STE049 SLG079 SMH090 SFR032 DRV077
TE4FDA9DF8A83C3C,PTE047 PLG083 PMH085 STE049 SLG081 SMH092 SFR028 DRV078
TE1A7E07E22E1B2E,PTE045 PLG082 PMH082 STE049 SLG081 SMH095 SFR029 DRV089
TEA316DE021E05E3,PTE040 PLG084 PMH076 STE050 SLG081 SMH100 SFR030 DRV109
TE61C581DE72E1E1,PTE048 PLG084 PMH088 STE050 SLG084 SMH091 SFR029 DRV064
TE669B0601478F07,PTE047 PLG082 PMH087 STE048 SLG084 SMH088 SFR030 DRV063
TE26CC352BD64DC2,PTE049 PLG085 PMH087 STE051 SLG085 SMH093 SFR027 DRV074
TE1685AB148F93F6,PTE047 PLG083 PMH087 STE048 SLG084 SMH088 SFR029 DRV062
TE6C3F5D43494027,PTE046 PLG083 PMH087 STE048 SLG084 SMH088 SFR029 DRV062
TE28EF28D3BE400A,PTE046 PLG083 PMH087 STE048 SLG084 SMH088 SFR029 DRV062
TE19D06A67D89E5B,PTE046 PLG083 PMH087 STE048 SLG084 SMH088 SFR029 DRV062
TECC41261635D098,PTE046 PLG083 PMH087 STE048 SLG083 SMH088 SFR029 DRV062
TECB1182EF9FA319,PTE048 PLG082 PMH088 STE048 SLG082 SMH089 SFR030 DRV064
TEDA3B395D12BA47,PTE045 PLG083 PMH076 STE053 SLG083 SMH099 SFR024 DRV119
TE0B025B156DF789,PTE044 PLG080 PMH081 STE048 SLG078 SMH094 SFR030 DRV093
TE8CC47AEA93BCE6,PTE047 PLG083 PMH087 STE049 SLG082 SMH091 SFR030 DRV068
TE74E8F5A1C9C074,PTE049 PLG084 PMH088 STE049 SLG082 SMH089 SFR028 DRV060
TEE863F88D64B5D4,PTE044 PLG081 PMH079 STE052 SLG082 SMH097 SFR028 DRV102
TEF05F28E071B7B9,PTE043 PLG082 PMH084 STE048 SLG079 SMH092 SFR032 DRV081
TEC5B52BCE7AC2D0,PTE046 PLG082 PMH087 STE048 SLG084 SMH088 SFR029 DRV062
TE48BB4BFD4DC41B,PTE045 PLG086 PMH086 STE051 SLG085 SMH095 SFR027 DRV084
TEF667F3625BFA73,PTE049 PLG085 PMH089 STE049 SLG081 SMH090 SFR027 DRV057
TEB136F57629137D,PTE047 PLG082 PMH084 STE050 SLG082 SMH093 SFR028 DRV076
TE3E572601A26CE9,PTE047 PLG080 PMH085 STE049 SLG079 SMH090 SFR032 DRV074
TE6C0D52537DC788,PTE047 PLG084 PMH085 STE051 SLG082 SMH094 SFR028 DRV080
TE0FD9F6ADB7C18B,PTE045 PLG079 PMH083 STE048 SLG079 SMH090 SFR032 DRV075
TE723384123B91D6,PTE046 PLG082 PMH087 STE048 SLG084 SMH088 SFR029 DRV062
TEDFA19951CE193B,PTE046 PLG083 PMH087 STE048 SLG083 SMH088 SFR028 DRV062
TE29DA23D18D0EDF,PTE046 PLG083 PMH086 STE048 SLG084 SMH088 SFR028 DRV062
TE4D9D6118438A76,PTE047 PLG083 PMH086 STE048 SLG084 SMH088 SFR028 DRV062
TEB1EBA6605027E9,PTE048 PLG083 PMH088 STE049 SLG081 SMH090 SFR030 DRV066
TE069597CD27E6C0,PTE047 PLG081 PMH085 STE050 SLG081 SMH092 SFR030 DRV076
TE483F560A5D6022,PTE047 PLG083 PMH087 STE049 SLG083 SMH088 SFR029 DRV062
TED725D47FC0FC5F,PTE046 PLG082 PMH087 STE048 SLG083 SMH088 SFR029 DRV061
TE2F2F84383B60AA,PTE048 PLG083 PMH087 STE050 SLG081 SMH090 SFR030 DRV068
TE4EFEC0A964E63D,PTE046 PLG083 PMH087 STE048 SLG083 SMH088 SFR029 DRV062
TE963A8283EDD7FE,PTE048 PLG083 PMH087 STE050 SLG083 SMH091 SFR029 DRV069
TE36DAE0C7DE5C70,PTE046 PLG083 PMH087 STE048 SLG084 SMH088 SFR029 DRV062
TE0A4DB562230289,PTE040 PLG079 PMH075 STE050 SLG077 SMH096 SFR031 DRV112
TE7ABE4CB9EA819F,PTE046 PLG083 PMH087 STE048 SLG084 SMH088 SFR029 DRV062
TE20069BA7361688,PTE045 PLG084 PMH083 STE050 SLG087 SMH096 SFR027 DRV091
TE9A84AFA3C632D6,PTE047 PLG083 PMH081 STE051 SLG084 SMH096 SFR025 DRV091
TE6064551DE9DAAB,PTE049 PLG085 PMH089 STE049 SLG086 SMH092 SFR028 DRV065
TE7130BDBA4E19F1,PTE046 PLG082 PMH085 STE050 SLG081 SMH092 SFR030 DRV077
TE296D10436D8995,PTE047 PLG083 PMH086 STE048 SLG084 SMH088 SFR029 DRV062
TEDE48CD75AD9553,PTE046 PLG083 PMH087 STE048 SLG084 SMH088 SFR029 DRV062
TE1AE1E7621F11B2,PTE048 PLG083 PMH087 STE049 SLG082 SMH088 SFR029 DRV063
TEF93BACD6D3286C,PTE046 PLG083 PMH087 STE048 SLG084 SMH088 SFR028 DRV062
TEFCC67B6E7E16A6,PTE044 PLG081 PMH078 STE051 SLG081 SMH096 SFR028 DRV107
TEE616AE130A15D9,PTE046 PLG083 PMH086 STE048 SLG084 SMH088 SFR029 DRV062
TE0E40EAAEAF7745,PTE046 PLG083 PMH086 STE048 SLG084 SMH088 SFR029 DRV062
TEDCB31FF607A0F9,PTE047 PLG083 PMH086 STE048 SLG084 SMH088 SFR029 DRV062
TE59BB16B3F5B6D7,PTE048 PLG083 PMH087 STE049 SLG082 SMH089 SFR029 DRV061
TEEBD87FB607253E,PTE046 PLG081 PMH083 STE050 SLG081 SMH092 SFR030 DRV086
TE30DB5CC9C76FF8,PTE049 PLG084 PMH088 STE050 SLG085 SMH092 SFR028 DRV068
TE77E3E4C509F7D4,PTE047 PLG083 PMH086 STE048 SLG084 SMH088 SFR029 DRV062
TEE65AA983FB039B,PTE045 PLG081 PMH084 STE050 SLG079 SMH091 SFR032 DRV081
TEABAEC4F56896CF,PTE047 PLG082 PMH084 STE051 SLG080 SMH092 SFR029 DRV077
TEA90247A7FE58DD,PTE048 PLG083 PMH088 STE050 SLG082 SMH090 SFR030 DRV065
TEF0AADDC5909070,PTE047 PLG086 PMH087 STE050 SLG086 SMH093 SFR027 DRV074
TE212EB19BBF406E,PTE046 PLG083 PMH086 STE048 SLG084 SMH088 SFR029 DRV062
TE0268E1C1B8F2A9,PTE047 PLG083 PMH084 STE050 SLG083 SMH094 SFR028 DRV085
TE6BA3E5C634426B,PTE046 PLG083 PMH087 STE048 SLG084 SMH088 SFR029 DRV062
TE80F5CF8DF0D495,PTE042 PLG080 PMH081 STE049 SLG078 SMH093 SFR034 DRV100
TE6B56CB8B99ABAA,PTE048 PLG083 PMH087 STE049 SLG081 SMH089 SFR030 DRV065
TECCC0A41A72E35A,PTE047 PLG082 PMH085 STE049 SLG079 SMH089 SFR031 DRV070
TE7AF289F834BF29,PTE047 PLG083 PMH086 STE048 SLG084 SMH088 SFR029 DRV062
TE0197C996D7B7FE,PTE046 PLG083 PMH087 STE048 SLG084 SMH088 SFR029 DRV062
TE056D3DD4C821BB,PTE047 PLG084 PMH084 STE051 SLG084 SMH093 SFR027 DRV078
TE5F215734B229C2,PTE044 PLG080 PMH081 STE050 SLG080 SMH094 SFR030 DRV088
TE5224608C49E91C,PTE048 PLG083 PMH088 STE049 SLG084 SMH090 SFR029 DRV063
TE1FAEEE3751A5DF,PTE047 PLG083 PMH087 STE048 SLG083 SMH088 SFR029 DRV062
TE1A1DF55F5EF432,PTE046 PLG083 PMH087 STE048 SLG083 SMH088 SFR029 DRV062
TE97020FD5853B4F,PTE047 PLG083 PMH086 STE050 SLG082 SMH091 SFR029 DRV073
TEC8B5255620C31F,PTE048 PLG083 PMH088 STE048 SLG082 SMH089 SFR031 DRV060
TEDAF11528EB780B,PTE046 PLG083 PMH086 STE048 SLG084 SMH088 SFR028 DRV062
TEFEE822AB88BDC5,PTE047 PLG082 PMH081 STE051 SLG084 SMH096 SFR025 DRV094
TEE9F59700C4B2FE,PTE046 PLG083 PMH087 STE048 SLG084 SMH088 SFR029 DRV062
TEB6A96A452B8C7A,PTE048 PLG083 PMH087 STE049 SLG083 SMH088 SFR029 DRV062
TED1D2F601E137D0,PTE047 PLG083 PMH083 STE050 SLG084 SMH095 SFR026 DRV085
TEE66C7C3F4F14C4,PTE047 PLG083 PMH086 STE048 SLG084 SMH088 SFR028 DRV062
TE9EA3D6891BD9A1,PTE046 PLG082 PMH085 STE050 SLG081 SMH091 SFR030 DRV080
TE5C535E6FFDD4A9,PTE046 PLG083 PMH087 STE048 SLG084 SMH088 SFR029 DRV062
TE249C1F597CB004,PTE043 PLG079 PMH080 STE050 SLG079 SMH094 SFR031 DRV100
TE95DA1ADF52B27E,PTE048 PLG083 PMH087 STE049 SLG082 SMH088 SFR029 DRV061
TE90F305735E9029,PTE050 PLG089 PMH089 STE051 SLG093 SMH095 SFR023 DRV068
TEEA6E34BAD3AEF3,PTE046 PLG081 PMH085 STE049 SLG080 SMH091 SFR031 DRV077
TE7475316390AD72,PTE045 PLG088 PMH080 STE053 SLG095 SMH105 SFR019 DRV116
TED383EB7EAE22DE,PTE046 PLG083 PMH087 STE048 SLG084 SMH088 SFR029 DRV062
TEF94BE138E40587,PTE046 PLG083 PMH086 STE050 SLG082 SMH091 SFR031 DRV074
TECBA65C68B88E38,PTE047 PLG083 PMH087 STE049 SLG083 SMH088 SFR029 DRV061
TE9DD23B7E61793E,PTE044 PLG082 PMH085 STE049 SLG082 SMH092 SFR031 DRV081
TE8715D9E8472E67,PTE047 PLG081 PMH082 STE051 SLG080 SMH093 SFR027 DRV085
TEC0A289DD7DDAA6,PTE047 PLG082 PMH087 STE048 SLG084 SMH088 SFR029 DRV063
TE9BA200781ED4F7,PTE045 PLG081 PMH084 STE050 SLG078 SMH091 SFR031 DRV082
TECA6D9826253429,PTE046 PLG083 PMH087 STE048 SLG083 SMH088 SFR029 DRV062
TED291F5F5441A5D,PTE047 PLG083 PMH087 STE049 SLG083 SMH088 SFR029 DRV062
TE0C6905F33B6218,PTE044 PLG080 PMH082 STE049 SLG079 SMH092 SFR032 DRV090
TEDEBC4A67FDFE08,PTE048 PLG082 PMH087 STE050 SLG081 SMH090 SFR030 DRV069
TE3D7BB23AB9779E,PTE047 PLG083 PMH086 STE048 SLG084 SMH088 SFR029 DRV062
TE86F6A08CE1628A,PTE047 PLG084 PMH082 STE052 SLG083 SMH095 SFR026 DRV092
TE76660E70A33C4F,PTE045 PLG081 PMH080 STE050 SLG080 SMH095 SFR028 DRV092
TE04AAD0906882CC,PTE046 PLG083 PMH087 STE048 SLG084 SMH088 SFR029 DRV062
TE579A8C05DB4D2F,PTE047 PLG083 PMH087 STE049 SLG083 SMH088 SFR029 DRV061
TE5636826A11D4AC,PTE045 PLG085 PMH083 STE051 SLG088 SMH097 SFR025 DRV090
TE491ACEC43DD57E,PTE043 PLG081 PMH084 STE049 SLG079 SMH091 SFR033 DRV083
TE8F073A878257B6,PTE046 PLG082 PMH087 STE049 SLG083 SMH088 SFR029 DRV062
TECF3E483F7C8910,PTE047 PLG083 PMH087 STE049 SLG083 SMH088 SFR029 DRV062
TEF1D10DC66F528B,PTE046 PLG082 PMH087 STE048 SLG084 SMH088 SFR029 DRV062
TE1490773CD6ED6D,PTE046 PLG082 PMH085 STE049 SLG080 SMH091 SFR031 DRV078
TE6504BA1B00B59D,PTE047 PLG082 PMH087 STE049 SLG083 SMH088 SFR029 DRV062
TECB133E68566D96,PTE047 PLG080 PMH084 STE049 SLG078 SMH090 SFR031 DRV075
TE907E66DEC53DE4,PTE047 PLG083 PMH088 STE049 SLG081 SMH089 SFR031 DRV063
TE4ECCA9DCAD777F,PTE046 PLG083 PMH086 STE048 SLG084 SMH088 SFR028 DRV062
TE14151F229AE4C9,PTE046 PLG083 PMH086 STE048 SLG084 SMH088 SFR029 DRV062
TEDCB2B4170201C2,PTE043 PLG087 PMH087 STE049 SLG086 SMH093 SFR030 DRV083
TE3F0ABBDE4C17F3,PTE047 PLG080 PMH084 STE049 SLG078 SMH090 SFR031 DRV076
TE09A6CBAF49586A,PTE046 PLG083 PMH087 STE048 SLG084 SMH088 SFR029 DRV062
TE98E59F8290B545,PTE048 PLG083 PMH088 STE048 SLG082 SMH089 SFR030 DRV061
TEB3E4D987F142AF,PTE043 PLG080 PMH082 STE049 SLG079 SMH091 SFR032 DRV090
TEA48AD7E2E51874,PTE047 PLG082 PMH087 STE049 SLG080 SMH090 SFR030 DRV065
TE85F9FAD4DFABA3,PTE047 PLG083 PMH087 STE049 SLG082 SMH091 SFR030 DRV069
TE4D2120C0C17032,PTE046 PLG083 PMH087 STE049 SLG083 SMH088 SFR029 DRV062
TE96D85073565289,PTE047 PLG080 PMH084 STE049 SLG078 SMH089 SFR033 DRV075
TE7A7631DDD1DD36,PTE046 PLG083 PMH087 STE048 SLG084 SMH088 SFR029 DRV062
TEBA2DB0DED2F723,PTE047 PLG083 PMH086 STE048 SLG084 SMH088 SFR029 DRV062
TE0C45EB849BDFF2,PTE040 PLG081 PMH083 STE047 SLG079 SMH092 SFR035 DRV086
TED8DDC8ADF428C4,PTE046 PLG083 PMH087 STE048 SLG084 SMH088 SFR029 DRV062
TED6C7AAEF4A309E,PTE041 PLG078 PMH076 STE050 SLG079 SMH096 SFR031 DRV113
TEC87404B088B136,PTE045 PLG080 PMH085 STE048 SLG081 SMH088 SFR034 DRV071
TE19E1B06583E8D4,PTE045 PLG082 PMH083 STE049 SLG079 SMH091 SFR030 DRV083
TE5306ED6305634A,PTE047 PLG082 PMH081 STE051 SLG082 SMH095 SFR026 DRV089
TEB0A8E6DE1B56E4,PTE048 PLG083 PMH087 STE049 SLG082 SMH088 SFR028 DRV061
TE0AB6E1693E8816,PTE046 PLG082 PMH087 STE049 SLG084 SMH088 SFR029 DRV062
TE2C17A67BBE950D,PTE048 PLG083 PMH087 STE049 SLG082 SMH090 SFR029 DRV066
TE86C5C7AEC20A40,PTE046 PLG082 PMH086 STE050 SLG080 SMH090 SFR031 DRV074
TEDDC7DB8FBC8DB6,PTE046 PLG083 PMH087 STE048 SLG084 SMH088 SFR029 DRV062
TE861098ED213FEF,PTE046 PLG083 PMH087 STE048 SLG084 SMH088 SFR029 DRV062
TEF36D6852CFF71E,PTE046 PLG081 PMH083 STE049 SLG079 SMH092 SFR030 DRV081
TEAB39A076C17841,PTE047 PLG083 PMH086 STE050 SLG081 SMH090 SFR029 DRV069
TEF940CDB6917B5C,PTE048 PLG083 PMH089 STE049 SLG084 SMH090 SFR030 DRV062
TE562807DA3B4E5B,PTE045 PLG077 PMH083 STE048 SLG077 SMH090 SFR034 DRV079
TEE2DEA69B2FD2BB,PTE048 PLG082 PMH088 STE048 SLG082 SMH089 SFR030 DRV063
TE702D609EB2F191,PTE047 PLG082 PMH087 STE049 SLG083 SMH088 SFR030 DRV063
TE07C214C317E385,PTE047 PLG082 PMH087 STE049 SLG080 SMH089 SFR031 DRV069
TE186380FE2B6C34,PTE046 PLG082 PMH087 STE049 SLG084 SMH088 SFR029 DRV063
TE7D80EE362E887F,PTE046 PLG083 PMH087 STE048 SLG083 SMH088 SFR029 DRV062
TE747740A0F392EA,PTE047 PLG083 PMH086 STE048 SLG084 SMH088 SFR029 DRV062
TE3FBDF002145F17,PTE046 PLG083 PMH087 STE048 SLG083 SMH088 SFR029 DRV062
TE1EF575651EF1E6,PTE048 PLG086 PMH088 STE050 SLG087 SMH093 SFR027 DRV070
TEBF968974B0CB93,PTE046 PLG082 PMH085 STE050 SLG081 SMH091 SFR031 DRV077
TE585301D83D313D,PTE047 PLG083 PMH087 STE049 SLG081 SMH091 SFR030 DRV068
TE8823549EBB1F80,PTE046 PLG083 PMH087 STE048 SLG084 SMH088 SFR029 DRV062
TED9326011CD5853,PTE046 PLG082 PMH087 STE049 SLG083 SMH088 SFR029 DRV062
TE70E679C6167CF8,PTE046 PLG082 PMH087 STE049 SLG084 SMH088 SFR029 DRV062
TE6BC820028FDBAD,PTE047 PLG082 PMH088 STE049 SLG081 SMH089 SFR031 DRV063
TE4BE2270FBF914B,PTE047 PLG083 PMH085 STE051 SLG082 SMH092 SFR029 DRV076
TEC3E99F37C0809A,PTE046 PLG082 PMH087 STE049 SLG083 SMH088 SFR029 DRV062
TEDC1ECE3A585B58,PTE045 PLG081 PMH087 STE048 SLG084 SMH088 SFR032 DRV064
TEB4111EFE1E6D58,PTE048 PLG084 PMH089 STE049 SLG084 SMH090 SFR029 DRV062
TE2A19C9608F5980,PTE045 PLG080 PMH083 STE049 SLG080 SMH092 SFR031 DRV084
TE2EE4D795FA9A6A,PTE048 PLG083 PMH087 STE049 SLG081 SMH089 SFR031 DRV064
TE9752E3EBF0444A,PTE045 PLG082 PMH080 STE051 SLG082 SMH096 SFR026 DRV094
TEB3131A0E3F7436,PTE046 PLG080 PMH084 STE048 SLG078 SMH088 SFR033 DRV074
TE9F84348397ECBE,PTE046 PLG083 PMH087 STE048 SLG084 SMH088 SFR029 DRV062
TE3217734222E707,PTE048 PLG084 PMH087 STE051 SLG084 SMH092 SFR028 DRV073
TE3686626587B3F1,PTE046 PLG083 PMH087 STE048 SLG084 SMH088 SFR029 DRV062
TE34A5DF85778E25,PTE047 PLG081 PMH085 STE049 SLG079 SMH091 SFR030 DRV075
TE2916CAFC46E887,PTE048 PLG083 PMH088 STE049 SLG081 SMH089 SFR031 DRV065
TE1B32F7678DF3C2,PTE046 PLG083 PMH087 STE048 SLG084 SMH088 SFR029 DRV062
TEAF303805F47858,PTE047 PLG083 PMH086 STE048 SLG084 SMH088 SFR029 DRV062
TE9BE1B1C49B5AE6,PTE048 PLG084 PMH089 STE049 SLG084 SMH091 SFR029 DRV064
TE3EBC22BC404795,PTE048 PLG084 PMH087 STE050 SLG082 SMH091 SFR030 DRV069
TE6C77A747EEE8F0,PTE046 PLG083 PMH087 STE048 SLG084 SMH088 SFR029 DRV062
TE4A91599D414698,PTE042 PLG080 PMH079 STE051 SLG079 SMH095 SFR032 DRV105
TE2CFABDA1D47037,PTE049 PLG084 PMH088 STE049 SLG083 SMH090 SFR029 DRV065
TE95FB5F485DFCDF,PTE046 PLG082 PMH087 STE049 SLG084 SMH088 SFR029 DRV062
TE5F956DDB098DAB,PTE048 PLG085 PMH087 STE051 SLG086 SMH093 SFR027 DRV075
TE7E576D0799BCB5,PTE046 PLG083 PMH087 STE048 SLG084 SMH088 SFR028 DRV062
TE6B32422EE1EC22,PTE046 PLG082 PMH087 STE048 SLG084 SMH088 SFR029 DRV063
TE4808D00203CAA4,PTE046 PLG082 PMH087 STE048 SLG084 SMH088 SFR029 DRV062
TED72A929347269F,PTE046 PLG083 PMH087 STE048 SLG084 SMH088 SFR029 DRV062
TE19054907B412C3,PTE048 PLG084 PMH086 STE050 SLG081 SMH091 SFR030 DRV077
TE4DC4605F495114,PTE047 PLG083 PMH088 STE050 SLG081 SMH090 SFR031 DRV065
TE7F35F8B697314D,PTE047 PLG083 PMH087 STE048 SLG083 SMH088 SFR028 DRV062
TEC00D8E34BF7A9C,PTE046 PLG082 PMH085 STE049 SLG080 SMH092 SFR030 DRV076
TE3EB62CE617FB53,PTE048 PLG083 PMH087 STE048 SLG081 SMH089 SFR030 DRV064
TE167627C9939827,PTE045 PLG080 PMH080 STE050 SLG080 SMH095 SFR028 DRV095
TE8A06C30C3DA884,PTE046 PLG081 PMH086 STE048 SLG083 SMH088 SFR032 DRV066
TE4E2C6738221183,PTE047 PLG081 PMH085 STE049 SLG080 SMH091 SFR029 DRV075
TE2CE122A88908C1,PTE047 PLG083 PMH086 STE048 SLG084 SMH088 SFR029 DRV062
TE77655D10E4DBBB,PTE046 PLG083 PMH087 STE048 SLG083 SMH088 SFR029 DRV062
TE51DB2B0D74A056,PTE047 PLG081 PMH086 STE048 SLG081 SMH088 SFR033 DRV069
TE9E4747BBA51DD6,PTE049 PLG084 PMH090 STE048 SLG084 SMH090 SFR028 DRV057
TEA762519DFF2CEA,PTE042 PLG075 PMH078 STE047 SLG076 SMH092 SFR037 DRV102
TEC4CD925B4576D4,PTE047 PLG083 PMH087 STE049 SLG083 SMH088 SFR029 DRV062
TE0E4633CB43CB4C,PTE045 PLG083 PMH084 STE050 SLG080 SMH092 SFR030 DRV089
TE424BB178421B7A,PTE045 PLG081 PMH087 STE048 SLG084 SMH088 SFR031 DRV063
TE5F3879BF5C9A3A,PTE048 PLG084 PMH085 STE050 SLG085 SMH094 SFR028 DRV077
TE135173ED86515D,PTE047 PLG080 PMH084 STE048 SLG078 SMH090 SFR032 DRV075
TE242361C392A90E,PTE046 PLG082 PMH087 STE048 SLG083 SMH088 SFR032 DRV064
TEE9457C8660D2B5,PTE046 PLG082 PMH087 STE048 SLG084 SMH088 SFR030 DRV063
TEF70C49CF944D1D,PTE047 PLG082 PMH085 STE049 SLG081 SMH092 SFR029 DRV073
TE78D695FBDCC8E6,PTE044 PLG077 PMH081 STE048 SLG077 SMH091 SFR034 DRV086
TE71E5C26F6CFABE,PTE047 PLG083 PMH087 STE049 SLG083 SMH088 SFR029 DRV062
TE1A4DFB81C6A29F,PTE046 PLG081 PMH087 STE048 SLG083 SMH088 SFR032 DRV065
TE69752CAEA8F9C9,PTE045 PLG081 PMH080 STE051 SLG079 SMH095 SFR026 DRV094
TEE2AD8BC6AAE81A,PTE046 PLG083 PMH087 STE048 SLG084 SMH088 SFR029 DRV062
TEDB875845D29BE0,PTE046 PLG083 PMH087 STE048 SLG083 SMH088 SFR029 DRV062
TE62FDD00C690504,PTE048 PLG083 PMH087 STE049 SLG082 SMH088 SFR029 DRV062
TEFE4C281DFDAE34,PTE044 PLG081 PMH077 STE051 SLG080 SMH096 SFR026 DRV103
TE953CD2521817FF,PTE046 PLG082 PMH087 STE049 SLG083 SMH088 SFR029 DRV061
TEF65C0F79BCF889,PTE047 PLG081 PMH081 STE050 SLG081 SMH094 SFR027 DRV086
TE7F5A6FEEBA5328,PTE047 PLG082 PMH087 STE049 SLG083 SMH088 SFR029 DRV062
TE744E71AFDBB9B7,PTE048 PLG083 PMH087 STE049 SLG082 SMH088 SFR029 DRV061
TEB69777A91B854B,PTE042 PLG080 PMH079 STE049 SLG078 SMH094 SFR030 DRV101
TE76C90B9FE148E0,PTE047 PLG083 PMH087 STE049 SLG081 SMH090 SFR030 DRV067
TEEB9F12C6C9AFF2,PTE047 PLG083 PMH087 STE049 SLG083 SMH088 SFR029 DRV062
TE04B63F197FB2A0,PTE046 PLG082 PMH087 STE049 SLG083 SMH088 SFR029 DRV062
TE3DFD63D1DC0DC8,PTE047 PLG082 PMH085 STE050 SLG080 SMH091 SFR030 DRV076
TE10DAD2A95A72F7,PTE046 PLG081 PMH086 STE048 SLG082 SMH088 SFR032 DRV068
TE0E624E7BEC3EF2,PTE046 PLG083 PMH086 STE048 SLG084 SMH088 SFR029 DRV062
TE187A9A8428C0AC,PTE046 PLG078 PMH080 STE050 SLG077 SMH092 SFR029 DRV090
TE76763E49A8B385,PTE046 PLG080 PMH082 STE049 SLG078 SMH093 SFR030 DRV085
TE1B9A66F01D2500,PTE048 PLG082 PMH085 STE049 SLG082 SMH092 SFR028 DRV073
TEA7DFC7D685F9BD,PTE047 PLG087 PMH088 STE050 SLG087 SMH093 SFR028 DRV075
TEBD3D631DCF4ADB,PTE046 PLG083 PMH087 STE048 SLG083 SMH088 SFR029 DRV062
TE9627AE4D3C3E30,PTE049 PLG085 PMH088 STE051 SLG085 SMH092 SFR028 DRV069
TEB8B13F48FBB909,PTE047 PLG082 PMH087 STE049 SLG083 SMH088 SFR029 DRV062
TE989F938B3DBBE0,PTE046 PLG083 PMH087 STE048 SLG083 SMH088 SFR029 DRV062
TE64C6D6021E98A5,PTE048 PLG083 PMH087 STE049 SLG082 SMH089 SFR028 DRV062
TEC54CF16ACF56EA,PTE048 PLG083 PMH087 STE049 SLG081 SMH090 SFR030 DRV068
TE878C57BA2899F2,PTE046 PLG078 PMH081 STE049 SLG077 SMH092 SFR032 DRV090
TEB3DE0FBDBD10AB,PTE046 PLG083 PMH087 STE048 SLG083 SMH088 SFR029 DRV062
TED6BB0EA9444A75,PTE048 PLG082 PMH087 STE049 SLG081 SMH090 SFR031 DRV067
TEA933ECC26890A7,PTE047 PLG083 PMH086 STE048 SLG084 SMH088 SFR029 DRV062
TECE729A045E675E,PTE048 PLG082 PMH086 STE050 SLG081 SMH090 SFR030 DRV070
TE6C8299E555FE1D,PTE046 PLG083 PMH087 STE048 SLG084 SMH088 SFR028 DRV062
TE703D1EBC5A3483,PTE044 PLG081 PMH082 STE051 SLG080 SMH093 SFR030 DRV093
TE979B6088B0921A,PTE046 PLG083 PMH087 STE049 SLG084 SMH088 SFR029 DRV062
TEC6A5EB3E7028A9,PTE049 PLG084 PMH086 STE050 SLG083 SMH092 SFR027 DRV072
TEA2032714C9C73E,PTE048 PLG082 PMH088 STE048 SLG082 SMH088 SFR030 DRV063
TEBB44F1BAA29BB4,PTE045 PLG081 PMH087 STE048 SLG084 SMH088 SFR030 DRV063
TE605C1AD947212B,PTE047 PLG083 PMH086 STE048 SLG084 SMH088 SFR029 DRV062
TEE70FF1591BB283,PTE047 PLG083 PMH081 STE051 SLG081 SMH094 SFR026 DRV091
TEE4F9CBAD4C2A58,PTE048 PLG082 PMH088 STE048 SLG082 SMH089 SFR030 DRV063
TEB289F3C954F8FD,PTE046 PLG082 PMH087 STE048 SLG084 SMH088 SFR029 DRV063
TE02E3CE33DEEAAB,PTE046 PLG082 PMH087 STE048 SLG084 SMH088 SFR029 DRV063
TE421DF559B6AF16,PTE048 PLG083 PMH087 STE049 SLG083 SMH090 SFR029 DRV066
TEDC100ABFDBB1E8,PTE046 PLG079 PMH082 STE049 SLG078 SMH091 SFR032 DRV083
TE20C302F6D154DC,PTE047 PLG082 PMH083 STE051 SLG081 SMH092 SFR029 DRV087
TEF24C0D40DB9DBE,PTE045 PLG082 PMH084 STE049 SLG080 SMH092 SFR030 DRV084
TEEE6B6B3775963F,PTE047 PLG083 PMH086 STE048 SLG084 SMH088 SFR029 DRV062
TE49B77FA7D74A1E,PTE046 PLG082 PMH085 STE050 SLG080 SMH091 SFR032 DRV079
TECE7A4E163D576F,PTE046 PLG083 PMH087 STE049 SLG084 SMH088 SFR029 DRV062
TE7CAEF9EBE5A989,PTE046 PLG083 PMH087 STE048 SLG084 SMH088 SFR029 DRV062
TE1DF5650DE3C798,PTE047 PLG083 PMH086 STE048 SLG084 SMH088 SFR028 DRV062
TE4FB06DCB506F92,PTE046 PLG078 PMH082 STE049 SLG077 SMH091 SFR031 DRV084
TE03E3371EF324F4,PTE048 PLG088 PMH077 STE055 SLG093 SMH105 SFR013 DRV114
TE26A150B0AB3A26,PTE046 PLG081 PMH083 STE049 SLG080 SMH092 SFR030 DRV082
TE0568EE8C0F4643,PTE046 PLG083 PMH087 STE048 SLG084 SMH088 SFR029 DRV062
TE3C62A390304033,PTE046 PLG082 PMH087 STE049 SLG083 SMH088 SFR029 DRV062
TEEDE0D44C5512E4,PTE046 PLG083 PMH087 STE048 SLG083 SMH088 SFR029 DRV062
TE5B9957CA5BA4F8,PTE046 PLG083 PMH086 STE048 SLG084 SMH088 SFR028 DRV062
TEE048C635522443,PTE047 PLG082 PMH087 STE048 SLG084 SMH088 SFR029 DRV063
TEF8B2A14CC7B70C,PTE046 PLG083 PMH087 STE048 SLG084 SMH088 SFR029 DRV062
TEB9415C09810C1A,PTE047 PLG084 PMH086 STE049 SLG083 SMH093 SFR028 DRV076
TEEA6D96FF36AC3E,PTE046 PLG082 PMH082 STE050 SLG081 SMH093 SFR030 DRV087
TE804AC71738AE20,PTE046 PLG083 PMH087 STE048 SLG083 SMH088 SFR029 DRV062
TE4189C0E843323A,PTE046 PLG083 PMH086 STE048 SLG084 SMH088 SFR029 DRV062
TE88F46A90509F15,PTE046 PLG083 PMH087 STE048 SLG084 SMH088 SFR029 DRV062
TE66A9587E330356,PTE046 PLG082 PMH087 STE048 SLG083 SMH088 SFR029 DRV062
TEECB260946A8190,PTE047 PLG082 PMH087 STE049 SLG080 SMH089 SFR031 DRV064
TE15E51F161D6CA1,PTE047 PLG083 PMH087 STE049 SLG083 SMH088 SFR029 DRV062
TE38103A0E544E6C,PTE043 PLG080 PMH078 STE049 SLG079 SMH096 SFR027 DRV104
TE8D68BE7BA39BA0,PTE047 PLG081 PMH081 STE051 SLG081 SMH095 SFR027 DRV095
TEBBF58EB74C5987,PTE046 PLG083 PMH087 STE048 SLG084 SMH088 SFR029 DRV062
TEE53D13F540050F,PTE045 PLG079 PMH073 STE052 SLG079 SMH100 SFR023 DRV118
TEF195AA57680450,PTE046 PLG083 PMH087 STE048 SLG084 SMH088 SFR029 DRV062
TECB0E9802D48A8F,PTE046 PLG082 PMH087 STE048 SLG084 SMH088 SFR029 DRV062
TE741092EC63C012,PTE046 PLG083 PMH086 STE048 SLG084 SMH088 SFR029 DRV062
TE265C2DE5A976BB,PTE047 PLG083 PMH087 STE049 SLG083 SMH088 SFR029 DRV061
TE6A9E9FF1C365AD,PTE046 PLG083 PMH087 STE049 SLG084 SMH088 SFR029 DRV062
TE1AB4E3B69620C5,PTE048 PLG083 PMH089 STE049 SLG084 SMH090 SFR030 DRV061
TE1CD115B67007C0,PTE047 PLG083 PMH088 STE048 SLG081 SMH089 SFR031 DRV061
TE62FD92AE3E4669,PTE044 PLG081 PMH082 STE049 SLG080 SMH093 SFR031 DRV091
TEE88586C0EEF3CF,PTE046 PLG083 PMH086 STE048 SLG084 SMH088 SFR028 DRV062
TE4B842E9EE6B15D,PTE048 PLG083 PMH088 STE049 SLG081 SMH089 SFR028 DRV061
TE995F0763D8CFE6,PTE048 PLG084 PMH082 STE054 SLG087 SMH098 SFR022 DRV094
TE129BCB3EE8D7A8,PTE048 PLG082 PMH086 STE050 SLG081 SMH091 SFR030 DRV072
TE0ED92634983800,PTE046 PLG083 PMH087 STE048 SLG083 SMH088 SFR029 DRV062
TEBD620EC53CE4A6,PTE046 PLG083 PMH086 STE048 SLG084 SMH088 SFR029 DRV062
TE671C175AFAA051,PTE047 PLG083 PMH086 STE048 SLG084 SMH088 SFR028 DRV062
TED4BB2C88CC1305,PTE047 PLG083 PMH087 STE049 SLG083 SMH088 SFR029 DRV061
TE0AC093FD2B1574,PTE046 PLG082 PMH087 STE049 SLG083 SMH088 SFR029 DRV062
TEDAD5E09508D49A,PTE046 PLG080 PMH079 STE051 SLG079 SMH094 SFR027 DRV094
TE1A32A81826EE74,PTE046 PLG082 PMH087 STE049 SLG084 SMH088 SFR029 DRV063
TE094E9795EA828F,PTE046 PLG082 PMH087 STE048 SLG084 SMH088 SFR030 DRV063
TE7A4CFB7A0F1677,PTE046 PLG083 PMH087 STE048 SLG084 SMH088 SFR029 DRV062
TE9E2AD017DCD848,PTE047 PLG083 PMH086 STE048 SLG084 SMH088 SFR028 DRV062
TE321D843CE8B161,PTE047 PLG083 PMH087 STE049 SLG083 SMH088 SFR029 DRV061
TECA51F824A7FE2E,PTE046 PLG083 PMH085 STE049 SLG081 SMH092 SFR031 DRV077
TEC05F57D3BE0157,PTE048 PLG083 PMH087 STE049 SLG082 SMH089 SFR029 DRV062
TECE725ADCACF953,PTE046 PLG083 PMH083 STE051 SLG084 SMH096 SFR026 DRV087
TE7953C274B3BA37,PTE048 PLG083 PMH087 STE049 SLG082 SMH090 SFR030 DRV067
TE6DCAC1A08A1DCE,PTE048 PLG083 PMH087 STE049 SLG082 SMH090 SFR030 DRV067
TE138881D4A7E780,PTE045 PLG081 PMH087 STE048 SLG084 SMH088 SFR030 DRV063
TEAC818F61B61542,PTE045 PLG082 PMH083 STE050 SLG083 SMH093 SFR029 DRV089
TE70AE98CBBDB56A,PTE045 PLG082 PMH081 STE050 SLG080 SMH094 SFR028 DRV093
TE7768576C2A9E16,PTE049 PLG086 PMH082 STE054 SLG091 SMH100 SFR018 DRV094
TEAE7819BAFEE0F8,PTE048 PLG084 PMH086 STE050 SLG084 SMH092 SFR028 DRV077
TE5CD6743398B021,PTE049 PLG085 PMH082 STE053 SLG087 SMH097 SFR022 DRV092
TE98322CA6045040,PTE047 PLG083 PMH086 STE048 SLG084 SMH088 SFR029 DRV062
TE49220A0F5AD4DB,PTE048 PLG082 PMH086 STE050 SLG083 SMH092 SFR029 DRV074
TECE5E9F3EB33936,PTE048 PLG084 PMH088 STE049 SLG082 SMH091 SFR029 DRV068
TE721DF4F76962B7,PTE047 PLG083 PMH087 STE048 SLG084 SMH088 SFR029 DRV062
TE9F31B26B19D3F7,PTE047 PLG083 PMH086 STE048 SLG084 SMH088 SFR029 DRV062
TE1E01886C90A7CF,PTE047 PLG083 PMH083 STE050 SLG082 SMH094 SFR026 DRV085
TECF8C4C09C7BF6A,PTE044 PLG081 PMH084 STE049 SLG080 SMH092 SFR031 DRV080
TE9CA59B26948DB4,PTE047 PLG083 PMH086 STE048 SLG084 SMH088 SFR028 DRV062
TE13BA16D1C7EA0C,PTE047 PLG082 PMH086 STE050 SLG081 SMH091 SFR030 DRV073
TEB74E6481E2FF15,PTE046 PLG083 PMH087 STE048 SLG083 SMH088 SFR029 DRV062
TE27BF2F13C39EF8,PTE046 PLG082 PMH084 STE050 SLG081 SMH092 SFR029 DRV082
TEEFB46ED101D7E6,PTE046 PLG083 PMH087 STE049 SLG083 SMH088 SFR029 DRV062
TE3C6410A8060EB7,PTE046 PLG083 PMH087 STE048 SLG084 SMH088 SFR029 DRV062
TE42B3E42CF3EAEA,PTE048 PLG085 PMH082 STE052 SLG089 SMH099 SFR020 DRV092
TEA3EFFBAAF31AD9,PTE046 PLG083 PMH086 STE048 SLG084 SMH088 SFR029 DRV062
TE95B7D37D293BB5,PTE046 PLG083 PMH086 STE048 SLG084 SMH088 SFR029 DRV062
TE5ACB3E672B4489,PTE047 PLG083 PMH087 STE048 SLG084 SMH088 SFR028 DRV062
TE1B23BC9A00726D,PTE046 PLG083 PMH087 STE048 SLG083 SMH088 SFR029 DRV062
TE0392898443C507,PTE048 PLG083 PMH087 STE050 SLG083 SMH091 SFR029 DRV069
TE2AB5C899548054,PTE044 PLG094 PMH083 STE053 SLG098 SMH105 SFR018 DRV107
TE47FCE99D2F7C30,PTE046 PLG083 PMH087 STE048 SLG083 SMH088 SFR029 DRV062
TE1292F766409B01,PTE047 PLG082 PMH086 STE050 SLG081 SMH091 SFR030 DRV071
TEF6041448AE1E58,PTE047 PLG082 PMH085 STE050 SLG081 SMH091 SFR030 DRV075
TE30704A5F573245,PTE046 PLG083 PMH087 STE049 SLG083 SMH088 SFR029 DRV062
TEF3AC27BBE25182,PTE046 PLG081 PMH083 STE049 SLG080 SMH093 SFR029 DRV085
TEB9C7A0957B4362,PTE047 PLG081 PMH085 STE049 SLG080 SMH089 SFR031 DRV072
TE16DA01699B8EEF,PTE045 PLG081 PMH084 STE048 SLG079 SMH091 SFR031 DRV079
TEC69912C0452F06,PTE048 PLG084 PMH088 STE049 SLG083 SMH091 SFR029 DRV065
TE2A194A25E69E66,PTE048 PLG086 PMH087 STE051 SLG087 SMH094 SFR026 DRV076
TE844E461A17570C,PTE046 PLG078 PMH080 STE049 SLG077 SMH092 SFR031 DRV089
TE18A11099305537,PTE048 PLG083 PMH086 STE050 SLG084 SMH092 SFR028 DRV073
TE0F5607B5122136,PTE047 PLG083 PMH087 STE048 SLG084 SMH088 SFR029 DRV062
TEFC5A279D51A40F,PTE046 PLG081 PMH084 STE050 SLG080 SMH091 SFR031 DRV080
TE93BEB21E6E419B,PTE044 PLG080 PMH084 STE049 SLG080 SMH091 SFR033 DRV080
TE7A9C37374E715E,PTE047 PLG081 PMH084 STE051 SLG081 SMH092 SFR029 DRV081
TE61DDF7F8E5EFF0,PTE046 PLG083 PMH087 STE048 SLG084 SMH088 SFR029 DRV062
TE54083DB8EB64BC,PTE046 PLG083 PMH087 STE049 SLG083 SMH088 SFR029 DRV062
TE28182D8450121D,PTE047 PLG083 PMH084 STE050 SLG083 SMH093 SFR029 DRV082
TE82A823F2754E5A,PTE046 PLG082 PMH087 STE048 SLG084 SMH088 SFR029 DRV063
TE7DBAEABAC044EB,PTE049 PLG085 PMH086 STE051 SLG087 SMH094 SFR025 DRV079
TEF68DD058E8CE1B,PTE047 PLG083 PMH087 STE048 SLG084 SMH088 SFR029 DRV062
TEF4330F3DDE79C7,PTE047 PLG083 PMH087 STE049 SLG081 SMH090 SFR030 DRV067
TE1FD7D877BD0B1E,PTE045 PLG088 PMH081 STE052 SLG090 SMH102 SFR021 DRV110
TEDA7A7D612B8A91,PTE047 PLG088 PMH085 STE052 SLG090 SMH098 SFR024 DRV090
TEC42B4CD54B3B55,PTE048 PLG083 PMH084 STE050 SLG083 SMH092 SFR028 DRV078
TE2DDC5148887E16,PTE041 PLG079 PMH078 STE049 SLG078 SMH095 SFR033 DRV107
TE343BD30B4E39B0,PTE048 PLG084 PMH086 STE050 SLG082 SMH091 SFR029 DRV072
TE73D49287D00A84,PTE047 PLG082 PMH087 STE048 SLG084 SMH088 SFR030 DRV063
TE70A00FAEB5ECDA,PTE046 PLG083 PMH087 STE048 SLG084 SMH088 SFR029 DRV062
TE93ACB26A5464E1,PTE047 PLG082 PMH087 STE049 SLG083 SMH088 SFR030 DRV063
TEE6C81A2BCED7C7,PTE046 PLG083 PMH087 STE048 SLG083 SMH088 SFR029 DRV062
TE1585D4950010D7,PTE048 PLG083 PMH085 STE050 SLG082 SMH091 SFR029 DRV077
TEEA2D38FDDE0E78,PTE046 PLG081 PMH082 STE050 SLG081 SMH094 SFR029 DRV084
TEC37BD44FE25C6D,PTE047 PLG081 PMH085 STE049 SLG081 SMH092 SFR030 DRV076
TE2762D5524E87C7,PTE046 PLG083 PMH087 STE048 SLG084 SMH088 SFR029 DRV062
TE1C9EAF26E817C9,PTE046 PLG083 PMH086 STE048 SLG084 SMH088 SFR029 DRV062
TEA7D5373E0DB742,PTE041 PLG081 PMH077 STE050 SLG079 SMH095 SFR029 DRV102
TE42999155CB2C06,PTE046 PLG083 PMH087 STE048 SLG084 SMH088 SFR029 DRV062
TE3116D237F1FB15,PTE049 PLG088 PMH084 STE055 SLG093 SMH100 SFR019 DRV091
TE88DD265CCD3B01,PTE047 PLG083 PMH086 STE048 SLG084 SMH088 SFR029 DRV062
TEFD9DE69E63550A,PTE047 PLG083 PMH086 STE048 SLG084 SMH088 SFR029 DRV062
TE5F05934D9EF9D5,PTE045 PLG078 PMH083 STE048 SLG078 SMH090 SFR034 DRV080
TEE34E01215652B7,PTE048 PLG085 PMH089 STE050 SLG085 SMH091 SFR029 DRV066
TE0AD4DDA3F2D4A3,PTE047 PLG083 PMH086 STE048 SLG084 SMH088 SFR029 DRV062
TE2982C45B894633,PTE048 PLG083 PMH088 STE049 SLG082 SMH089 SFR029 DRV063
TEE9B8DF4589CD07,PTE047 PLG082 PMH087 STE048 SLG083 SMH088 SFR030 DRV063
TEB9B63844C6360D,PTE049 PLG084 PMH088 STE049 SLG081 SMH090 SFR027 DRV059
TE8BBCD84FF7FF32,PTE046 PLG083 PMH086 STE048 SLG084 SMH088 SFR029 DRV062
TE60389EAA4E4574,PTE048 PLG083 PMH084 STE051 SLG083 SMH093 SFR027 DRV081
TE3A1E8338581440,PTE046 PLG083 PMH087 STE048 SLG084 SMH088 SFR029 DRV062
TECB40B547B9246D,PTE046 PLG084 PMH084 STE050 SLG085 SMH094 SFR027 DRV085
TEECB6E975C62E47,PTE048 PLG083 PMH085 STE050 SLG082 SMH092 SFR027 DRV075
TEDD93F3A11EDB93,PTE048 PLG083 PMH087 STE049 SLG080 SMH089 SFR028 DRV061
TE774B802ACE8282,PTE047 PLG084 PMH084 STE050 SLG085 SMH094 SFR025 DRV080
TE60DA31C93C5A38,PTE048 PLG083 PMH087 STE049 SLG081 SMH089 SFR031 DRV064
TE0DE5836AFED8D5,PTE042 PLG080 PMH079 STE050 SLG081 SMH095 SFR031 DRV102
TE439C48B63B6DC3,PTE047 PLG082 PMH084 STE050 SLG082 SMH093 SFR028 DRV078
TE418EB058DCDD3D,PTE047 PLG083 PMH087 STE049 SLG083 SMH088 SFR029 DRV062
TEDB4043EAA194A9,PTE045 PLG085 PMH080 STE051 SLG085 SMH098 SFR024 DRV100
TEF08C9E4806C1C0,PTE046 PLG083 PMH087 STE048 SLG084 SMH088 SFR029 DRV062
TE91020F1B6C4D34,PTE046 PLG083 PMH087 STE048 SLG084 SMH088 SFR029 DRV062
TE60C91AB4088BA4,PTE047 PLG082 PMH087 STE049 SLG083 SMH088 SFR029 DRV062
TE103560169C495D,PTE049 PLG084 PMH087 STE049 SLG080 SMH089 SFR028 DRV059
TE52C51B17826C2F,PTE048 PLG085 PMH090 STE049 SLG086 SMH091 SFR029 DRV060
TE960CB48AD6705D,PTE048 PLG083 PMH088 STE048 SLG082 SMH089 SFR029 DRV060
TE8459876BE482F2,PTE047 PLG083 PMH087 STE049 SLG083 SMH088 SFR029 DRV061
TED0C62DC6C61917,PTE048 PLG083 PMH088 STE049 SLG082 SMH089 SFR030 DRV063
TE9F8058E65E37F8,PTE046 PLG082 PMH081 STE051 SLG084 SMH096 SFR025 DRV094
TEEDF23080B59731,PTE047 PLG082 PMH087 STE049 SLG083 SMH088 SFR029 DRV062
TEBCC47BE689A901,PTE046 PLG083 PMH087 STE048 SLG083 SMH088 SFR029 DRV062
TEC81FEC5AA6E6D0,PTE048 PLG083 PMH087 STE049 SLG082 SMH088 SFR029 DRV061
TE29F0B99046FD73,PTE048 PLG083 PMH084 STE051 SLG083 SMH093 SFR027 DRV080
TEA1E1BED513326F,PTE047 PLG083 PMH087 STE050 SLG081 SMH090 SFR030 DRV072
TE96AE0898D6572A,PTE044 PLG083 PMH080 STE050 SLG084 SMH097 SFR026 DRV097
TE5C896A29AFA8C7,PTE047 PLG082 PMH085 STE050 SLG082 SMH091 SFR029 DRV076
TE744BFE0FB55974,PTE049 PLG090 PMH077 STE058 SLG099 SMH109 SFR008 DRV124
TE7D5BE9525704D9,PTE043 PLG080 PMH082 STE049 SLG082 SMH093 SFR033 DRV090
TE90BF3F20EFEF8F,PTE046 PLG083 PMH087 STE049 SLG083 SMH088 SFR029 DRV062
TE3ED75E480FF88C,PTE046 PLG083 PMH087 STE048 SLG083 SMH088 SFR029 DRV062
TE28B8916A1250D2,PTE047 PLG083 PMH086 STE048 SLG084 SMH088 SFR029 DRV062
TE05C382C85BBBCC,PTE046 PLG082 PMH087 STE048 SLG084 SMH088 SFR029 DRV063
TE667C4728AEF546,PTE045 PLG086 PMH087 STE049 SLG087 SMH094 SFR028 DRV081
TEC3D84EA203EDED,PTE046 PLG083 PMH087 STE048 SLG084 SMH088 SFR029 DRV062
TE78838F41B5BA69,PTE044 PLG083 PMH084 STE049 SLG079 SMH092 SFR030 DRV079
TEA9AAD94B79EA9C,PTE047 PLG083 PMH085 STE051 SLG082 SMH092 SFR029 DRV080
TE7E4F86478665A6,PTE047 PLG083 PMH087 STE048 SLG084 SMH088 SFR029 DRV062
TE4F0AB960DA5916,PTE048 PLG083 PMH087 STE049 SLG082 SMH089 SFR029 DRV061
TEF9C001E7FA634D,PTE049 PLG087 PMH085 STE052 SLG090 SMH098 SFR022 DRV087
TE60C74676BA8468,PTE045 PLG081 PMH083 STE049 SLG079 SMH092 SFR031 DRV083
TE6578F2C853B780,PTE046 PLG083 PMH087 STE049 SLG083 SMH088 SFR029 DRV062
TEC2EC3AE209F299,PTE046 PLG083 PMH087 STE048 SLG084 SMH088 SFR029 DRV062
TE74B78C5C060D91,PTE046 PLG083 PMH087 STE049 SLG083 SMH088 SFR029 DRV062
TE2D72E6771D99DC,PTE044 PLG080 PMH083 STE049 SLG079 SMH092 SFR032 DRV085
TE13E2315D12139D,PTE046 PLG083 PMH087 STE048 SLG084 SMH088 SFR029 DRV062
TE9BE09CA0B49131,PTE041 PLG080 PMH079 STE050 SLG079 SMH095 SFR032 DRV107
TE24FB34900452B2,PTE046 PLG083 PMH087 STE048 SLG084 SMH088 SFR029 DRV062
TEBC2D5CA848B7BE,PTE047 PLG083 PMH086 STE048 SLG084 SMH088 SFR028 DRV062
TE1480783BC1B08E,PTE046 PLG081 PMH082 STE051 SLG080 SMH093 SFR030 DRV088
TE48F883052D27B6,PTE047 PLG083 PMH086 STE048 SLG084 SMH088 SFR029 DRV062
TE755F7B2A2804E3,PTE048 PLG083 PMH087 STE049 SLG081 SMH089 SFR030 DRV065
TE339774504D247B,PTE046 PLG083 PMH087 STE048 SLG084 SMH088 SFR029 DRV062
TE731001BCED78FD,PTE048 PLG084 PMH089 STE049 SLG085 SMH091 SFR029 DRV065
TE65CA37B5BF4D82,PTE036 PLG076 PMH074 STE048 SLG078 SMH096 SFR035 DRV119
TE7B118E17F4294F,PTE047 PLG082 PMH084 STE049 SLG080 SMH092 SFR029 DRV077
TE37D08E359B41A1,PTE048 PLG085 PMH087 STE051 SLG085 SMH093 SFR027 DRV075
TE664A9F9D4006C0,PTE050 PLG084 PMH088 STE050 SLG081 SMH090 SFR027 DRV058
TE8EF5081CB31AC0,PTE046 PLG082 PMH087 STE048 SLG084 SMH088 SFR030 DRV063
TE25590EF93E0334,PTE047 PLG082 PMH087 STE048 SLG084 SMH088 SFR030 DRV063
TE6BFF21B5B3A3AA,PTE047 PLG083 PMH086 STE048 SLG084 SMH088 SFR029 DRV062
TE675EC388168B81,PTE047 PLG084 PMH087 STE049 SLG085 SMH092 SFR029 DRV070
TEA3C544194CDA88,PTE044 PLG081 PMH081 STE048 SLG079 SMH093 SFR031 DRV092
TE8EFA8E8ED18D4F,PTE048 PLG083 PMH088 STE049 SLG083 SMH090 SFR030 DRV064
TE9B600E4C2F44A9,PTE046 PLG083 PMH087 STE048 SLG084 SMH088 SFR029 DRV062
TEFDD581E0767B34,PTE047 PLG082 PMH087 STE049 SLG083 SMH088 SFR029 DRV062
TEBF0CCBB2796F19,PTE048 PLG084 PMH085 STE050 SLG083 SMH092 SFR027 DRV074
TEE8E5DAD159EA87,PTE044 PLG081 PMH082 STE049 SLG080 SMH092 SFR031 DRV088
TE2478BE2AFC0E3C,PTE047 PLG083 PMH087 STE049 SLG083 SMH088 SFR029 DRV062
TE841CECEFF93D48,PTE048 PLG083 PMH089 STE049 SLG084 SMH090 SFR030 DRV060
TE78790357B5AF71,PTE043 PLG081 PMH081 STE050 SLG079 SMH093 SFR030 DRV090
TEC65A3DB90C3E2B,PTE049 PLG087 PMH087 STE052 SLG089 SMH094 SFR025 DRV072
TE69A7B4A32F5232,PTE048 PLG083 PMH086 STE050 SLG082 SMH091 SFR029 DRV070
TE408FF1BA426830,PTE041 PLG085 PMH080 STE051 SLG090 SMH100 SFR027 DRV112
TEC7085188CC6D2A,PTE046 PLG083 PMH087 STE049 SLG083 SMH088 SFR029 DRV061
TE66ECFA36934D06,PTE048 PLG083 PMH087 STE049 SLG082 SMH088 SFR029 DRV063
TE6A01AE9223C4F6,PTE046 PLG081 PMH085 STE048 SLG080 SMH088 SFR033 DRV072
TE9EB820F6F0BFEE,PTE047 PLG083 PMH087 STE049 SLG083 SMH088 SFR029 DRV062
TEB0774478495D6B,PTE047 PLG083 PMH087 STE048 SLG084 SMH088 SFR029 DRV062
TEBE58B531E5F1B5,PTE047 PLG083 PMH087 STE049 SLG083 SMH088 SFR029 DRV062
TE020AC2003F127C,PTE048 PLG082 PMH086 STE049 SLG081 SMH090 SFR030 DRV070
TEEEF53FA0173843,PTE046 PLG081 PMH086 STE048 SLG082 SMH088 SFR032 DRV067
TE5D2AFA3F96B381,PTE047 PLG083 PMH087 STE049 SLG083 SMH088 SFR029 DRV062
TEEC6378957F2B34,PTE043 PLG080 PMH081 STE050 SLG081 SMH094 SFR030 DRV094
TE4D480FBBE40024,PTE049 PLG083 PMH089 STE049 SLG083 SMH090 SFR029 DRV061
TE5DF85FB374D19E,PTE046 PLG082 PMH087 STE049 SLG084 SMH088 SFR029 DRV062
TEA278F04E182477,PTE046 PLG083 PMH087 STE048 SLG084 SMH088 SFR029 DRV062
TED907A3BDC98D5B,PTE047 PLG083 PMH087 STE048 SLG084 SMH088 SFR029 DRV062
TE639133D2503954,PTE047 PLG083 PMH087 STE049 SLG083 SMH088 SFR029 DRV061
TEB284DEFE265FBA,PTE047 PLG083 PMH087 STE049 SLG083 SMH088 SFR029 DRV062
TE06AA72A9785CAF,PTE042 PLG080 PMH083 STE050 SLG079 SMH092 SFR033 DRV088
TED22CA353AB9B7B,PTE033 PLG105 PMH075 STE051 SLG099 SMH112 SFR016 DRV127
TEC9FADD183D976A,PTE049 PLG084 PMH089 STE049 SLG083 SMH090 SFR028 DRV060
TE1342ADB992052F,PTE048 PLG082 PMH083 STE051 SLG082 SMH094 SFR025 DRV079
TE9417A57AE9A896,PTE045 PLG083 PMH087 STE049 SLG082 SMH091 SFR031 DRV072
TE5A336BA4129C10,PTE049 PLG085 PMH084 STE052 SLG087 SMH097 SFR023 DRV085
TE73CD2358B07ABD,PTE047 PLG082 PMH087 STE048 SLG081 SMH089 SFR031 DRV064
TE52C29D4DED434E,PTE047 PLG083 PMH086 STE048 SLG084 SMH088 SFR029 DRV062
TEE0EA594088288E,PTE046 PLG082 PMH087 STE048 SLG084 SMH088 SFR029 DRV063
TE7CC2BC28807832,PTE048 PLG082 PMH085 STE049 SLG080 SMH091 SFR029 DRV072
TE8F6768A1DB82BA,PTE046 PLG083 PMH086 STE048 SLG084 SMH088 SFR028 DRV062
TE483D9EB7B2FD38,PTE046 PLG081 PMH086 STE048 SLG081 SMH088 SFR032 DRV069
TE5B8BF869420370,PTE046 PLG083 PMH087 STE048 SLG084 SMH088 SFR029 DRV062
TE257363E1E92B55,PTE048 PLG082 PMH086 STE050 SLG081 SMH091 SFR029 DRV072
TED9C057C32FF24C,PTE046 PLG082 PMH086 STE049 SLG081 SMH090 SFR030 DRV072
TE21A5B60D025B21,PTE043 PLG079 PMH081 STE049 SLG078 SMH093 SFR033 DRV090
TE7AFC588AA39723,PTE046 PLG082 PMH087 STE048 SLG084 SMH088 SFR030 DRV063
TEE40D18E15FDEB4,PTE047 PLG083 PMH087 STE049 SLG083 SMH088 SFR029 DRV061
TEC2A2AF276C6A6D,PTE048 PLG082 PMH086 STE050 SLG080 SMH090 SFR030 DRV072
TE4AE02955FE75F1,PTE046 PLG083 PMH087 STE048 SLG083 SMH088 SFR029 DRV062
TE7BCE225B83E19E,PTE043 PLG081 PMH076 STE051 SLG079 SMH097 SFR026 DRV112
TE24A842A3FA59F8,PTE047 PLG083 PMH086 STE048 SLG084 SMH088 SFR028 DRV062
TEB9E5217CA07C65,PTE045 PLG081 PMH082 STE049 SLG080 SMH093 SFR030 DRV088
TEAA85492E53437D,PTE046 PLG083 PMH086 STE048 SLG084 SMH088 SFR029 DRV062
TE5C738127835696,PTE045 PLG081 PMH079 STE052 SLG082 SMH095 SFR026 DRV102
TED3E2F347EACD4C,PTE048 PLG085 PMH089 STE050 SLG085 SMH091 SFR029 DRV063
TE66140604DC8FA1,PTE046 PLG082 PMH082 STE051 SLG082 SMH094 SFR029 DRV088
TE50E7F4C4C663D6,PTE048 PLG083 PMH081 STE052 SLG084 SMH095 SFR024 DRV096
TE599A8719189948,PTE048 PLG083 PMH084 STE051 SLG084 SMH093 SFR026 DRV081
TE0E72A57905C1F1,PTE044 PLG083 PMH082 STE050 SLG086 SMH096 SFR028 DRV093
TEFF75DE24B7424F,PTE046 PLG082 PMH087 STE049 SLG083 SMH088 SFR029 DRV062
TEA78C5C9D5B9979,PTE046 PLG083 PMH087 STE048 SLG083 SMH088 SFR029 DRV062
TEE31CDE24D6EF56,PTE047 PLG083 PMH085 STE051 SLG083 SMH093 SFR029 DRV083
TEA58CA51A9B82E5,PTE046 PLG083 PMH087 STE048 SLG083 SMH088 SFR029 DRV062
TE82F11AD261AC1E,PTE046 PLG083 PMH087 STE048 SLG084 SMH088 SFR028 DRV062
TE8848A59201CC7C,PTE046 PLG082 PMH087 STE049 SLG083 SMH088 SFR029 DRV062
TEB10DFC14496252,PTE048 PLG082 PMH087 STE048 SLG082 SMH088 SFR031 DRV064
TEC66DCE85993BB4,PTE048 PLG086 PMH084 STE052 SLG091 SMH097 SFR022 DRV086
TEC9DF7DDBCC9A0F,PTE046 PLG083 PMH087 STE049 SLG084 SMH088 SFR029 DRV062
TE7CC9F2B79C455E,PTE048 PLG083 PMH087 STE049 SLG082 SMH089 SFR029 DRV062
TE7022848EF3E7AF,PTE047 PLG082 PMH087 STE049 SLG082 SMH088 SFR029 DRV063
TEF26285E63A6416,PTE049 PLG084 PMH087 STE049 SLG082 SMH089 SFR028 DRV061
TE2B3E5A4E8DD4FC,PTE047 PLG081 PMH081 STE050 SLG081 SMH094 SFR027 DRV085
TED1742EB41B88A1,PTE048 PLG081 PMH086 STE050 SLG080 SMH090 SFR030 DRV071
TE22E4A918CD0ACF,PTE042 PLG075 PMH083 STE046 SLG077 SMH088 SFR039 DRV081
TE59D538580F144A,PTE047 PLG082 PMH082 STE051 SLG081 SMH094 SFR028 DRV092
TEA6BE1B6FC6FF36,PTE045 PLG082 PMH082 STE051 SLG080 SMH093 SFR030 DRV091
TE5641EFD8AB2134,PTE046 PLG083 PMH087 STE049 SLG083 SMH088 SFR029 DRV062
TEC1D44712E7B0D0,PTE049 PLG084 PMH087 STE050 SLG081 SMH089 SFR028 DRV061
TE69560CEF7F16B4,PTE041 PLG084 PMH079 STE049 SLG084 SMH098 SFR028 DRV106
TE99FAD621109AAC,PTE047 PLG082 PMH085 STE050 SLG082 SMH092 SFR030 DRV075
TE4569F3399542F0,PTE048 PLG086 PMH084 STE052 SLG088 SMH098 SFR022 DRV089
TE5464E0CDAE65B0,PTE048 PLG083 PMH087 STE049 SLG082 SMH089 SFR030 DRV064
TE382C143CE63160,PTE046 PLG083 PMH087 STE048 SLG084 SMH088 SFR029 DRV062
TECEC4A0258B2900,PTE047 PLG083 PMH086 STE048 SLG084 SMH088 SFR029 DRV062
TE8B89B0A5670092,PTE047 PLG082 PMH087 STE049 SLG083 SMH088 SFR029 DRV062
TE18CCB10B90BEC8,PTE044 PLG082 PMH082 STE048 SLG080 SMH093 SFR032 DRV091
TE2A1DA8B8800908,PTE047 PLG083 PMH087 STE048 SLG083 SMH088 SFR029 DRV062
TEB9ACCB87B9A2B8,PTE046 PLG082 PMH087 STE049 SLG083 SMH088 SFR029 DRV062
TEE8E03F3ACDA0B5,PTE046 PLG083 PMH087 STE048 SLG083 SMH088 SFR029 DRV062
TE3E48BBAFB0F19A,PTE049 PLG085 PMH085 STE052 SLG087 SMH095 SFR025 DRV078
TEEC20A77468EAF3,PTE046 PLG083 PMH087 STE048 SLG084 SMH088 SFR029 DRV062
TE3AC7F6BFF11FA6,PTE047 PLG083 PMH086 STE048 SLG084 SMH088 SFR029 DRV062
TEE9124A50E23742,PTE047 PLG082 PMH087 STE049 SLG083 SMH088 SFR029 DRV062
TEE6A87062DAE2FA,PTE048 PLG083 PMH087 STE050 SLG082 SMH090 SFR030 DRV068
TEE39B4B0ABD7625,PTE047 PLG083 PMH086 STE048 SLG084 SMH088 SFR029 DRV062
TE7796F5385F0B5B,PTE048 PLG083 PMH087 STE049 SLG082 SMH088 SFR028 DRV061
TEBAE94D6FD91CE2,PTE047 PLG082 PMH087 STE049 SLG083 SMH088 SFR029 DRV063
TE847B18EE75769A,PTE047 PLG084 PMH086 STE050 SLG082 SMH091 SFR030 DRV072
TE2B471433E64611,PTE047 PLG082 PMH087 STE049 SLG081 SMH090 SFR031 DRV067
TEE150F374061E41,PTE046 PLG083 PMH087 STE049 SLG083 SMH088 SFR029 DRV062
TE235C32C442E4C0,PTE047 PLG081 PMH084 STE050 SLG081 SMH092 SFR028 DRV077
TE0495A70A194B1C,PTE049 PLG088 PMH087 STE052 SLG090 SMH095 SFR024 DRV073
TE6CA78B7801481D,PTE048 PLG083 PMH088 STE048 SLG081 SMH089 SFR031 DRV061
TEBD89BD9A711695,PTE046 PLG082 PMH087 STE048 SLG084 SMH088 SFR029 DRV062
TE0056BAA92B2CAC,PTE044 PLG080 PMH082 STE049 SLG079 SMH092 SFR032 DRV085
TECAA701D2551353,PTE047 PLG083 PMH086 STE048 SLG084 SMH088 SFR028 DRV062
TE2E828F38574F48,PTE046 PLG083 PMH085 STE049 SLG080 SMH091 SFR030 DRV075
TEFBEF6507312BA9,PTE047 PLG082 PMH085 STE049 SLG080 SMH091 SFR030 DRV074
TEDA83CB96B5EB08,PTE046 PLG081 PMH087 STE048 SLG084 SMH088 SFR032 DRV063
TEA0EEF28963C49F,PTE047 PLG082 PMH087 STE049 SLG083 SMH088 SFR031 DRV063
TE731086511EB5A0,PTE046 PLG083 PMH087 STE048 SLG084 SMH088 SFR029 DRV062
TE3222D58044319A,PTE041 PLG083 PMH082 STE048 SLG079 SMH093 SFR033 DRV095
TE32D624C97B05E9,PTE040 PLG077 PMH080 STE047 SLG078 SMH091 SFR037 DRV094
TEBB52C8B546ACE4,PTE044 PLG081 PMH081 STE049 SLG079 SMH093 SFR030 DRV090
TE93164F90EC2D0D,PTE046 PLG083 PMH086 STE048 SLG084 SMH088 SFR029 DRV062
TEBCC4DFE8182F1B,PTE046 PLG083 PMH086 STE048 SLG084 SMH088 SFR028 DRV062
TE4F9FA26A3C6898,PTE046 PLG083 PMH087 STE048 SLG084 SMH088 SFR029 DRV062
TE8235B3CE585168,PTE046 PLG082 PMH087 STE048 SLG084 SMH088 SFR029 DRV062
TE2DA4382A840813,PTE046 PLG082 PMH087 STE049 SLG084 SMH088 SFR029 DRV062
TEE71420BF90CE89,PTE043 PLG089 PMH081 STE053 SLG091 SMH102 SFR022 DRV111
TEB1738D47E00517,PTE048 PLG083 PMH086 STE050 SLG082 SMH091 SFR029 DRV072
TEA1CE3A5A57BAD8,PTE048 PLG083 PMH088 STE048 SLG082 SMH089 SFR030 DRV062
TE6798C82A333315,PTE048 PLG082 PMH087 STE050 SLG081 SMH090 SFR030 DRV067
TECF664C5D6A0CB9,PTE048 PLG083 PMH089 STE048 SLG082 SMH089 SFR030 DRV061
TEBC0ED031582C73,PTE046 PLG083 PMH087 STE048 SLG084 SMH088 SFR029 DRV062
TEF4B43496349662,PTE046 PLG083 PMH087 STE048 SLG084 SMH088 SFR029 DRV062
TEF03BEAD9D27889,PTE046 PLG083 PMH087 STE048 SLG084 SMH088 SFR029 DRV062
TEFF46457940BE24,PTE046 PLG083 PMH087 STE048 SLG084 SMH088 SFR029 DRV062
TEAEBEF55D42405D,PTE046 PLG083 PMH087 STE048 SLG084 SMH088 SFR029 DRV062
TEBA95116629D21C,PTE047 PLG082 PMH087 STE049 SLG083 SMH088 SFR029 DRV062
TE370045D4592582,PTE048 PLG083 PMH088 STE049 SLG081 SMH089 SFR031 DRV064
TED9ABE972E2E2FA,PTE048 PLG083 PMH082 STE052 SLG084 SMH095 SFR024 DRV088
TE31280A01E55373,PTE047 PLG082 PMH085 STE050 SLG081 SMH091 SFR030 DRV076
TEB8B7948C3DBB76,PTE045 PLG081 PMH083 STE049 SLG079 SMH092 SFR031 DRV084
TEC9967FC5400B5F,PTE047 PLG082 PMH087 STE048 SLG083 SMH088 SFR031 DRV064
TED4E6F9E13B95D2,PTE047 PLG082 PMH087 STE048 SLG082 SMH088 SFR031 DRV063
TE4CA8DA70B555AE,PTE047 PLG081 PMH081 STE051 SLG080 SMH093 SFR027 DRV092
TEF8447EE9ADDFCF,PTE047 PLG083 PMH086 STE048 SLG084 SMH088 SFR029 DRV062
TEAD2A6CAD6C9C88,PTE046 PLG083 PMH086 STE048 SLG084 SMH088 SFR028 DRV062
TEE63D1B5B50EA1B,PTE046 PLG081 PMH085 STE048 SLG080 SMH088 SFR033 DRV073
TE337A7D21132E8D,PTE047 PLG083 PMH086 STE048 SLG084 SMH088 SFR029 DRV062
TEE994BCE160C803,PTE047 PLG083 PMH087 STE048 SLG084 SMH088 SFR029 DRV062
TE4BC17F9F14AF62,PTE047 PLG082 PMH086 STE049 SLG082 SMH092 SFR029 DRV072
TE734D0E3586F36C,PTE046 PLG081 PMH085 STE049 SLG081 SMH088 SFR032 DRV070
TE7E15747A2FD358,PTE047 PLG086 PMH086 STE051 SLG087 SMH095 SFR026 DRV081
TE9AE0716F113165,PTE044 PLG081 PMH082 STE050 SLG078 SMH092 SFR032 DRV089
TE312C70A4727827,PTE046 PLG083 PMH087 STE048 SLG084 SMH088 SFR029 DRV062
TE63CAB8968795CB,PTE047 PLG082 PMH087 STE049 SLG083 SMH088 SFR029 DRV063
TED115A0D6C653BE,PTE047 PLG082 PMH087 STE049 SLG083 SMH088 SFR030 DRV062
TE5E4B70D49E47EA,PTE043 PLG081 PMH081 STE049 SLG077 SMH092 SFR033 DRV096
TEFF796499BE5A48,PTE044 PLG081 PMH084 STE049 SLG080 SMH091 SFR031 DRV081
TEB413B3EBB922BC,PTE045 PLG082 PMH081 STE051 SLG082 SMH095 SFR027 DRV096
TE51D5ACC81104BB,PTE046 PLG080 PMH079 STE052 SLG080 SMH094 SFR028 DRV098
TE5CA8F4D2ECB9AB,PTE046 PLG083 PMH087 STE048 SLG084 SMH088 SFR028 DRV062
TE01EBCD9861E8EF,PTE044 PLG084 PMH080 STE051 SLG087 SMH099 SFR028 DRV106
TEF443589C972147,PTE051 PLG090 PMH092 STE048 SLG087 SMH091 SFR024 DRV052
TEB455D308290E43,PTE046 PLG081 PMH084 STE049 SLG080 SMH092 SFR029 DRV079
TE879DBFD933A295,PTE046 PLG082 PMH087 STE048 SLG083 SMH088 SFR029 DRV062
TE4C59B658DF66B1,PTE046 PLG082 PMH087 STE048 SLG084 SMH088 SFR029 DRV062
TEB7498D063E1424,PTE048 PLG087 PMH086 STE052 SLG088 SMH096 SFR024 DRV080
TEBBB53F4DBDD8C6,PTE045 PLG080 PMH080 STE051 SLG082 SMH095 SFR028 DRV097
TEC7BA5C987DAC58,PTE046 PLG083 PMH087 STE048 SLG083 SMH088 SFR029 DRV062
TE6FA7FDDD5BC2E2,PTE046 PLG082 PMH087 STE048 SLG084 SMH088 SFR029 DRV062
TEABA60BF81A7613,PTE047 PLG082 PMH087 STE049 SLG083 SMH088 SFR029 DRV062
TEDBF53894F3EAB1,PTE048 PLG083 PMH087 STE049 SLG083 SMH088 SFR030 DRV063
TE25631C55CA2C90,PTE048 PLG083 PMH088 STE049 SLG082 SMH089 SFR029 DRV063
TEC8FA59BD790430,PTE048 PLG082 PMH088 STE049 SLG081 SMH089 SFR031 DRV063
TE9F76B2E5B1DB33,PTE046 PLG083 PMH086 STE048 SLG084 SMH088 SFR029 DRV062
TE53AF9A8C795497,PTE047 PLG083 PMH087 STE049 SLG083 SMH088 SFR029 DRV062
TE3EC1BF220D48D6,PTE047 PLG082 PMH085 STE049 SLG080 SMH091 SFR030 DRV075
TE61DCA31F1D9D37,PTE047 PLG082 PMH087 STE049 SLG083 SMH088 SFR029 DRV062
TED64532C52488A2,PTE047 PLG082 PMH087 STE049 SLG083 SMH088 SFR029 DRV062
TEE8ABCB00193051,PTE048 PLG085 PMH081 STE054 SLG089 SMH101 SFR021 DRV099
TEA99E1E98B8E004,PTE046 PLG083 PMH087 STE048 SLG084 SMH088 SFR029 DRV062
TE5B32AB6F18CCAD,PTE048 PLG084 PMH087 STE050 SLG084 SMH092 SFR028 DRV069
TEFB1E5C57599C36,PTE046 PLG083 PMH087 STE048 SLG084 SMH088 SFR029 DRV062
TE2AC2C9D03950FD,PTE047 PLG080 PMH084 STE049 SLG079 SMH089 SFR032 DRV073
TEAFC0CE41088A2C,PTE046 PLG083 PMH087 STE048 SLG084 SMH088 SFR029 DRV062
TE16F55A406F9710,PTE045 PLG083 PMH081 STE050 SLG082 SMH096 SFR026 DRV095
TE3F6C0261F9A97F,PTE045 PLG081 PMH086 STE049 SLG079 SMH090 SFR032 DRV074
TEA3801066335E44,PTE046 PLG082 PMH087 STE048 SLG084 SMH088 SFR030 DRV063
TE7C14EBBDEB6EEE,PTE042 PLG081 PMH082 STE048 SLG077 SMH092 SFR032 DRV088
TE565F72F2B96118,PTE048 PLG084 PMH088 STE049 SLG084 SMH091 SFR028 DRV063
TEA3ACA747ACFE66,PTE045 PLG083 PMH083 STE051 SLG080 SMH094 SFR030 DRV090
TEA2FDC10014F0FA,PTE047 PLG082 PMH087 STE048 SLG083 SMH088 SFR031 DRV063
TEF29FA90BB4C4DC,PTE046 PLG083 PMH086 STE048 SLG084 SMH088 SFR029 DRV062
TEC51C4A24368CD0,PTE050 PLG086 PMH089 STE050 SLG086 SMH091 SFR026 DRV068
TE15739DF7E37B03,PTE047 PLG082 PMH086 STE048 SLG081 SMH088 SFR031 DRV068
TE79649541037B64,PTE047 PLG081 PMH080 STE050 SLG079 SMH095 SFR027 DRV094
TE27E91FC4D09E5F,PTE046 PLG083 PMH087 STE048 SLG084 SMH088 SFR029 DRV062
TE8C6C2B2678931B,PTE047 PLG083 PMH087 STE049 SLG083 SMH088 SFR029 DRV062
TEDC056526ED6CFD,PTE047 PLG083 PMH087 STE048 SLG084 SMH088 SFR028 DRV062
TE630342EBC6EC10,PTE047 PLG083 PMH086 STE048 SLG084 SMH088 SFR028 DRV062
TEF1DFA4095F8338,PTE048 PLG083 PMH087 STE050 SLG083 SMH090 SFR029 DRV069
TE3513A0839C01F4,PTE047 PLG083 PMH084 STE050 SLG080 SMH092 SFR030 DRV080
TE9A58D4C47D3658,PTE046 PLG083 PMH087 STE048 SLG084 SMH088 SFR029 DRV062
TE552FC1DAF3255C,PTE044 PLG085 PMH082 STE051 SLG085 SMH097 SFR025 DRV097
TE2CFAE4C2E1BAF9,PTE048 PLG085 PMH089 STE050 SLG086 SMH091 SFR029 DRV065
TE55B5105408FE5A,PTE045 PLG081 PMH083 STE049 SLG079 SMH091 SFR032 DRV085
TE6CBAFC640EF659,PTE047 PLG082 PMH085 STE050 SLG081 SMH091 SFR030 DRV075
TEF8349E6F8C9D04,PTE048 PLG082 PMH088 STE048 SLG081 SMH089 SFR029 DRV060
TEF41B0B1A10B1BE,PTE048 PLG083 PMH086 STE049 SLG082 SMH091 SFR029 DRV070
TE1E07579DAC77AF,PTE047 PLG082 PMH087 STE049 SLG083 SMH088 SFR029 DRV062
TE4E594432BC92F4,PTE046 PLG082 PMH087 STE048 SLG084 SMH088 SFR029 DRV062
TE4B42F3492EE03E,PTE046 PLG081 PMH087 STE048 SLG083 SMH088 SFR032 DRV063
TE6F46CA31DC5F0C,PTE046 PLG083 PMH087 STE048 SLG084 SMH088 SFR029 DRV062
TEE2FE08D0F84805,PTE046 PLG083 PMH087 STE048 SLG084 SMH088 SFR029 DRV062
TE7EF5EF034BAF7B,PTE046 PLG081 PMH087 STE048 SLG083 SMH088 SFR033 DRV065
TEB28192095E92D3,PTE046 PLG082 PMH087 STE048 SLG083 SMH088 SFR029 DRV062
TEB9074CF3075C64,PTE045 PLG082 PMH083 STE051 SLG080 SMH093 SFR028 DRV088
TE50E90B38BF972E,PTE046 PLG083 PMH087 STE048 SLG084 SMH088 SFR029 DRV062
TEBAB3A6861F97E9,PTE048 PLG084 PMH086 STE052 SLG086 SMH093 SFR027 DRV074
TEC90CC5D8526831,PTE046 PLG083 PMH087 STE048 SLG083 SMH088 SFR029 DRV062
TE80B7FC330CD343,PTE046 PLG082 PMH087 STE048 SLG084 SMH088 SFR030 DRV063
TE9B42AEEEED9B64,PTE046 PLG083 PMH087 STE048 SLG083 SMH088 SFR029 DRV062
TE772C23160E09B9,PTE046 PLG083 PMH087 STE049 SLG083 SMH088 SFR029 DRV062
TE60436B45657436,PTE046 PLG083 PMH087 STE049 SLG083 SMH088 SFR029 DRV061
TE4902BF388CAE58,PTE048 PLG083 PMH087 STE049 SLG081 SMH089 SFR031 DRV064
TEF7F7A0F60181AB,PTE047 PLG083 PMH087 STE049 SLG083 SMH088 SFR029 DRV062
TE47229136DA7337,PTE046 PLG082 PMH087 STE049 SLG084 SMH088 SFR029 DRV062
TE07B55BF9413B76,PTE047 PLG082 PMH087 STE049 SLG083 SMH088 SFR029 DRV062
TE95A9EF8AA27802,PTE046 PLG083 PMH086 STE048 SLG084 SMH088 SFR029 DRV062
TE71639D26525052,PTE048 PLG082 PMH086 STE050 SLG081 SMH091 SFR030 DRV074
TE3F7C503C08DB6F,PTE046 PLG083 PMH086 STE048 SLG084 SMH088 SFR028 DRV062
TE42444B20246B4C,PTE048 PLG084 PMH086 STE050 SLG084 SMH092 SFR028 DRV075
TEE43A9FD208C63C,PTE047 PLG082 PMH087 STE049 SLG081 SMH090 SFR030 DRV067
TEFA79C6E0705809,PTE046 PLG083 PMH087 STE049 SLG083 SMH088 SFR029 DRV062
TE88AD7802F18CD7,PTE046 PLG083 PMH087 STE049 SLG083 SMH088 SFR029 DRV062
TEAE324F6D11B931,PTE045 PLG082 PMH084 STE051 SLG082 SMH093 SFR030 DRV084
TE8A490C899CB899,PTE046 PLG082 PMH087 STE048 SLG084 SMH088 SFR029 DRV062
TE89E90ABA51F794,PTE048 PLG083 PMH089 STE048 SLG082 SMH089 SFR028 DRV059
TE7532EE59B64B63,PTE048 PLG083 PMH087 STE049 SLG082 SMH090 SFR030 DRV068
TE21D65A5D4C4317,PTE048 PLG082 PMH087 STE049 SLG082 SMH091 SFR030 DRV069
TE8A437400B2E9CB,PTE046 PLG083 PMH087 STE048 SLG084 SMH088 SFR029 DRV062
TE58CC211DCA3D84,PTE046 PLG083 PMH087 STE048 SLG083 SMH088 SFR029 DRV062
TE61CE1048061C30,PTE048 PLG083 PMH088 STE050 SLG082 SMH090 SFR030 DRV065
TEC0BD3491230764,PTE046 PLG083 PMH087 STE048 SLG083 SMH088 SFR029 DRV062
TEB8488C429763A7,PTE047 PLG083 PMH087 STE048 SLG084 SMH088 SFR029 DRV062
TE386447D63E21E1,PTE047 PLG086 PMH087 STE051 SLG087 SMH093 SFR026 DRV073
TE17412BF5BE3402,PTE044 PLG083 PMH080 STE051 SLG084 SMH098 SFR026 DRV102
TEA312314FB5AF8A,PTE045 PLG081 PMH086 STE048 SLG083 SMH088 SFR033 DRV065
TE012E3FC345167F,PTE047 PLG082 PMH087 STE049 SLG083 SMH088 SFR029 DRV062
TE9C8DC5A520801D,PTE046 PLG083 PMH086 STE048 SLG084 SMH088 SFR029 DRV062
TE01A1542A836A06,PTE046 PLG082 PMH087 STE048 SLG082 SMH088 SFR032 DRV066
TEE31864ED5F61C6,PTE047 PLG083 PMH087 STE049 SLG083 SMH088 SFR029 DRV061
TEC897D97E60240A,PTE046 PLG083 PMH087 STE048 SLG084 SMH088 SFR029 DRV062
TE6D032643D51862,PTE047 PLG083 PMH087 STE049 SLG081 SMH090 SFR031 DRV067
TE1EFAEFE1CB7A8A,PTE046 PLG083 PMH087 STE048 SLG084 SMH088 SFR029 DRV062
TE999CBE80B98A43,PTE048 PLG083 PMH088 STE049 SLG083 SMH090 SFR029 DRV062
TEBD7B78EAAC6F39,PTE047 PLG083 PMH085 STE050 SLG082 SMH092 SFR028 DRV074
TE174B91F8BD4800,PTE046 PLG083 PMH084 STE050 SLG084 SMH094 SFR027 DRV082
TE50A64F666786F5,PTE047 PLG083 PMH086 STE048 SLG084 SMH088 SFR028 DRV062
TE07E9C951B40A93,PTE046 PLG082 PMH087 STE048 SLG084 SMH088 SFR029 DRV063
TEDF646AC7132E50,PTE046 PLG083 PMH086 STE048 SLG084 SMH088 SFR028 DRV062
TEA92D6E44C7EC5E,PTE048 PLG082 PMH088 STE049 SLG081 SMH090 SFR031 DRV065
TEF279D357C575F7,PTE047 PLG083 PMH086 STE048 SLG084 SMH088 SFR028 DRV062
TE6E573EB74730A9,PTE048 PLG082 PMH087 STE049 SLG082 SMH089 SFR029 DRV063
TEADE70B271DD34C,PTE048 PLG084 PMH089 STE048 SLG082 SMH089 SFR029 DRV058
TE1EB2BC16AB482F,PTE047 PLG082 PMH087 STE048 SLG083 SMH088 SFR030 DRV063
TEE040A9FBFA4061,PTE047 PLG083 PMH087 STE048 SLG084 SMH088 SFR029 DRV062
TEDEA77A96D0EA95,PTE046 PLG083 PMH087 STE048 SLG083 SMH088 SFR029 DRV062
TE580586201E2BD1,PTE048 PLG083 PMH088 STE048 SLG083 SMH089 SFR030 DRV060
TEDE938596EE44BD,PTE046 PLG082 PMH087 STE048 SLG084 SMH088 SFR029 DRV063
TE7C03EC71470E5B,PTE047 PLG083 PMH087 STE048 SLG083 SMH088 SFR029 DRV062
TEAC090FA13C8778,PTE045 PLG081 PMH077 STE050 SLG080 SMH097 SFR025 DRV105
TE5A3E2EF5FBF3B2,PTE048 PLG084 PMH087 STE050 SLG083 SMH091 SFR029 DRV069
TE48B60DF70A6141,PTE045 PLG083 PMH084 STE049 SLG079 SMH092 SFR031 DRV082
TE964989273E145D,PTE046 PLG083 PMH087 STE048 SLG084 SMH088 SFR029 DRV062
TE63963383906F1C,PTE048 PLG083 PMH086 STE049 SLG082 SMH091 SFR028 DRV069
TE1A018B19323CA8,PTE046 PLG083 PMH087 STE048 SLG084 SMH088 SFR029 DRV062
TE18725D5D009B64,PTE046 PLG083 PMH087 STE048 SLG083 SMH088 SFR029 DRV062
TE3FF86C6E94EC0D,PTE048 PLG084 PMH087 STE051 SLG084 SMH092 SFR028 DRV073
TE72B94A6F3D206E,PTE046 PLG083 PMH087 STE048 SLG084 SMH088 SFR029 DRV062
TE980D13F4AB8C3D,PTE045 PLG079 PMH085 STE048 SLG078 SMH088 SFR034 DRV070
TEE857930FD53A83,PTE047 PLG083 PMH086 STE048 SLG084 SMH088 SFR029 DRV062
TEC0EAACEE66B6B6,PTE047 PLG081 PMH086 STE049 SLG080 SMH090 SFR031 DRV070
TE4397F4B3CFA2D1,PTE046 PLG079 PMH084 STE048 SLG078 SMH089 SFR033 DRV074
TE70BFEF2C013384,PTE047 PLG082 PMH087 STE048 SLG083 SMH088 SFR031 DRV063
TE55A626631CF6ED,PTE048 PLG084 PMH089 STE049 SLG083 SMH090 SFR029 DRV064
TEB571E7055DF4E4,PTE048 PLG086 PMH086 STE052 SLG087 SMH095 SFR025 DRV080
TEF08B94C9AA3C75,PTE047 PLG083 PMH088 STE049 SLG081 SMH090 SFR031 DRV063
TE49FBBBBE3C7799,PTE044 PLG109 PMH070 STE054 SLG119 SMH127 SFR002 DRV127
TE32D68987F0B27A,PTE047 PLG083 PMH087 STE049 SLG083 SMH088 SFR029 DRV061
TE3A320F6A204B96,PTE047 PLG083 PMH087 STE048 SLG083 SMH088 SFR029 DRV062
TEC0B0D8DFFF7626,PTE046 PLG083 PMH087 STE048 SLG083 SMH088 SFR029 DRV061
TE4DCC77C7F9839C,PTE046 PLG083 PMH087 STE048 SLG084 SMH088 SFR029 DRV062
TE587A0947A1EDCA,PTE039 PLG083 PMH079 STE049 SLG088 SMH099 SFR029 DRV113
TE4C739532FC14C0,PTE047 PLG081 PMH085 STE049 SLG079 SMH089 SFR031 DRV072
TED622153A591E5B,PTE047 PLG084 PMH084 STE050 SLG083 SMH093 SFR028 DRV082
TED8F4284FEBB330,PTE047 PLG082 PMH085 STE049 SLG081 SMH092 SFR029 DRV076
TE03C0991917F9A3,PTE044 PLG081 PMH083 STE049 SLG078 SMH091 SFR033 DRV089
TEE69DF76055B05B,PTE047 PLG083 PMH086 STE048 SLG084 SMH088 SFR029 DRV062
TE3611C0D9D9E9EF,PTE048 PLG082 PMH087 STE048 SLG083 SMH088 SFR030 DRV063
TE93C6465C078F4D,PTE047 PLG082 PMH083 STE050 SLG081 SMH093 SFR029 DRV082
TEE1D51B971E7EEC,PTE046 PLG083 PMH087 STE048 SLG083 SMH088 SFR029 DRV061
TE6F966839D77873,PTE047 PLG083 PMH085 STE049 SLG081 SMH093 SFR028 DRV079
TE85DA8641747E91,PTE046 PLG084 PMH089 STE049 SLG082 SMH090 SFR030 DRV063
TE05F908E0548FF1,PTE049 PLG086 PMH082 STE054 SLG089 SMH099 SFR021 DRV094
TE47319881F1C339,PTE046 PLG083 PMH087 STE048 SLG084 SMH088 SFR029 DRV062
TE631273DE4BDD6F,PTE046 PLG083 PMH087 STE048 SLG084 SMH088 SFR029 DRV062
TE7F04D42B649ABA,PTE047 PLG081 PMH084 STE049 SLG078 SMH089 SFR031 DRV073
TE884B77AB933ABA,PTE047 PLG083 PMH087 STE049 SLG083 SMH088 SFR029 DRV062
TE331E3D4C9D6C2D,PTE045 PLG082 PMH084 STE050 SLG083 SMH093 SFR030 DRV083
TEEDEB78D561835A,PTE048 PLG083 PMH088 STE049 SLG081 SMH090 SFR028 DRV060
TEFA17276DC4CE25,PTE047 PLG083 PMH089 STE048 SLG082 SMH089 SFR029 DRV060
TE02A4927D935602,PTE043 PLG079 PMH081 STE048 SLG077 SMH093 SFR033 DRV092
TEBC31526641DE6F,PTE045 PLG081 PMH087 STE047 SLG084 SMH088 SFR032 DRV063
TE9D31C5F5088C45,PTE046 PLG083 PMH087 STE048 SLG084 SMH088 SFR029 DRV062
TEACCE6588A8BEA1,PTE046 PLG083 PMH087 STE048 SLG083 SMH088 SFR029 DRV062
TE7E91EE40F2B30E,PTE047 PLG082 PMH087 STE049 SLG083 SMH088 SFR029 DRV062
TE85925BADC7BBC4,PTE046 PLG083 PMH087 STE048 SLG083 SMH088 SFR029 DRV062
TE9D5BA1778DBA5E,PTE046 PLG081 PMH080 STE050 SLG081 SMH095 SFR029 DRV095
TE84D1738C0B1322,PTE047 PLG082 PMH086 STE049 SLG081 SMH091 SFR030 DRV070
TEF0FF0BD0968E6F,PTE043 PLG080 PMH081 STE049 SLG079 SMH093 SFR031 DRV091
TEA5E9E4480324E8,PTE047 PLG083 PMH087 STE048 SLG084 SMH088 SFR029 DRV062
TE10E4B569C7CB26,PTE045 PLG082 PMH084 STE049 SLG080 SMH092 SFR030 DRV079
TED13E4F01C712EC,PTE047 PLG083 PMH087 STE049 SLG083 SMH088 SFR029 DRV062
TED07A050EF03893,PTE048 PLG083 PMH087 STE050 SLG083 SMH091 SFR029 DRV070
TEF4BD2FB8D11E2A,PTE046 PLG082 PMH087 STE048 SLG084 SMH088 SFR029 DRV063
TEF08B1E121209EA,PTE047 PLG083 PMH086 STE048 SLG084 SMH088 SFR029 DRV062
TE99903C8B9F91EE,PTE047 PLG081 PMH086 STE050 SLG081 SMH091 SFR030 DRV073
TE91CA0E722C182C,PTE047 PLG083 PMH086 STE048 SLG084 SMH088 SFR028 DRV062
TE5564DFD61BACBD,PTE045 PLG084 PMH079 STE051 SLG085 SMH098 SFR024 DRV102
TEBE860EA31528C0,PTE047 PLG084 PMH086 STE050 SLG084 SMH093 SFR029 DRV078
TEAD251E98BC7D76,PTE047 PLG082 PMH087 STE049 SLG083 SMH088 SFR029 DRV062
TE3FF7512BA87DFB,PTE045 PLG081 PMH078 STE051 SLG082 SMH097 SFR024 DRV099
TE3287B102123854,PTE047 PLG083 PMH086 STE048 SLG084 SMH088 SFR028 DRV062
TE47A08B5C4DDA23,PTE045 PLG081 PMH086 STE048 SLG082 SMH088 SFR033 DRV068
TE90B607927A0A35,PTE048 PLG084 PMH088 STE050 SLG083 SMH090 SFR030 DRV070
TEE67B14034DF11F,PTE046 PLG083 PMH087 STE048 SLG084 SMH088 SFR029 DRV062
TE2BFBEC9FB0E380,PTE047 PLG083 PMH086 STE048 SLG084 SMH088 SFR029 DRV062
TEA66544C11E2868,PTE046 PLG081 PMH087 STE048 SLG084 SMH088 SFR031 DRV063
TECD64D640CE69C7,PTE045 PLG081 PMH084 STE048 SLG079 SMH091 SFR031 DRV077
TE881227B220DE5C,PTE044 PLG081 PMH078 STE051 SLG080 SMH096 SFR027 DRV104
TE3BCE7D3E28094F,PTE048 PLG082 PMH087 STE048 SLG081 SMH089 SFR031 DRV065
TE122393601D43D0,PTE040 PLG079 PMH081 STE048 SLG081 SMH093 SFR036 DRV094
TEDE01C956A42027,PTE045 PLG079 PMH084 STE048 SLG080 SMH089 SFR034 DRV074
TE2AAF7374C6CFBE,PTE047 PLG082 PMH086 STE049 SLG080 SMH090 SFR030 DRV070
TECC5A653392BB78,PTE047 PLG082 PMH087 STE049 SLG083 SMH088 SFR029 DRV062
TEA055EC473F0F85,PTE047 PLG082 PMH087 STE049 SLG080 SMH089 SFR031 DRV064
TED729A200A473E1,PTE049 PLG085 PMH089 STE050 SLG084 SMH091 SFR029 DRV068
TEFA71920F7D6AC1,PTE047 PLG083 PMH085 STE050 SLG081 SMH092 SFR029 DRV079
TE512B91014DD108,PTE048 PLG082 PMH087 STE050 SLG083 SMH091 SFR029 DRV067
TEEA60236EF39D6A,PTE037 PLG082 PMH071 STE051 SLG081 SMH101 SFR026 DRV127
TE2587095C2102A6,PTE047 PLG083 PMH080 STE052 SLG082 SMH096 SFR025 DRV097
TEC54BE7E2D31E57,PTE048 PLG083 PMH087 STE049 SLG082 SMH088 SFR029 DRV061
TECBD716BDB6A61E,PTE048 PLG083 PMH088 STE049 SLG082 SMH090 SFR030 DRV064
TE397B4766EB250E,PTE046 PLG083 PMH087 STE048 SLG083 SMH088 SFR029 DRV062
TEA490B0DBD930AB,PTE045 PLG082 PMH084 STE050 SLG080 SMH092 SFR030 DRV084
TE93763EEF4B7014,PTE046 PLG082 PMH087 STE048 SLG084 SMH088 SFR029 DRV063
TE80B6D04255ED65,PTE046 PLG080 PMH085 STE049 SLG080 SMH090 SFR033 DRV074
TE5716D9612D1D5A,PTE047 PLG082 PMH087 STE048 SLG083 SMH088 SFR030 DRV064
TE6B2538778AD2F3,PTE048 PLG088 PMH084 STE054 SLG091 SMH099 SFR021 DRV093
TE2B3D0E6BCB73FF,PTE048 PLG080 PMH082 STE051 SLG080 SMH093 SFR027 DRV087
TE528B1E3CD34D4F,PTE048 PLG083 PMH086 STE051 SLG083 SMH092 SFR028 DRV074
TE5D6FA9A94F96BF,PTE046 PLG083 PMH087 STE048 SLG084 SMH088 SFR029 DRV062
TE2EBDA52CDE97CD,PTE046 PLG083 PMH087 STE048 SLG084 SMH088 SFR029 DRV062
TE1A163262B4E39B,PTE047 PLG080 PMH083 STE049 SLG077 SMH090 SFR031 DRV077
TE45D61A1496707A,PTE041 PLG074 PMH074 STE048 SLG076 SMH094 SFR034 DRV112
TECFBA0CBC28AE7F,PTE045 PLG082 PMH083 STE049 SLG080 SMH093 SFR030 DRV086
TE673C03C1D8CE99,PTE046 PLG082 PMH080 STE052 SLG082 SMH096 SFR027 DRV102
TE3F89F5CB493680,PTE049 PLG085 PMH090 STE049 SLG086 SMH091 SFR027 DRV058
TE0ED4A3178F7420,PTE046 PLG083 PMH087 STE049 SLG084 SMH088 SFR029 DRV062
TEBD5FCA9CF47FD9,PTE042 PLG082 PMH078 STE051 SLG083 SMH098 SFR027 DRV110
TE0BAD6E22D19441,PTE047 PLG088 PMH086 STE051 SLG090 SMH096 SFR026 DRV082
TE8CE71ECC6AE889,PTE046 PLG081 PMH082 STE050 SLG080 SMH093 SFR029 DRV090
TE1A1D82C1548AAF,PTE048 PLG082 PMH087 STE050 SLG082 SMH091 SFR030 DRV069
TE33FDB9EFF2D215,PTE046 PLG082 PMH087 STE048 SLG084 SMH088 SFR029 DRV062
TE0AF351BCC2FCA4,PTE046 PLG083 PMH087 STE048 SLG083 SMH088 SFR029 DRV062
TEEE809D3BB16543,PTE047 PLG083 PMH088 STE049 SLG082 SMH090 SFR030 DRV067
TEF185F56CEAB029,PTE045 PLG081 PMH079 STE051 SLG080 SMH095 SFR027 DRV102
TE119ACC50693021,PTE046 PLG083 PMH087 STE049 SLG083 SMH088 SFR029 DRV062
TE3314F7CECF73D2,PTE048 PLG083 PMH088 STE050 SLG082 SMH090 SFR030 DRV064
TEFD4B0CC236B175,PTE047 PLG080 PMH083 STE049 SLG078 SMH091 SFR031 DRV080
TED52929EC8AF686,PTE046 PLG081 PMH082 STE051 SLG081 SMH094 SFR029 DRV089
TE59046AE26A82BB,PTE047 PLG082 PMH087 STE048 SLG083 SMH088 SFR030 DRV063
TED9E54FD7F3C012,PTE047 PLG081 PMH084 STE051 SLG081 SMH092 SFR029 DRV081
TE775183BC1EA856,PTE046 PLG083 PMH087 STE048 SLG084 SMH088 SFR029 DRV062
TEE9D13EB80A9276,PTE046 PLG082 PMH087 STE049 SLG084 SMH088 SFR029 DRV062
TE309554141B7F97,PTE046 PLG082 PMH087 STE049 SLG084 SMH088 SFR029 DRV062
TED8E8CCE82C1C98,PTE046 PLG083 PMH086 STE048 SLG084 SMH088 SFR029 DRV062
TE2EBA5CE891A815,PTE048 PLG083 PMH087 STE049 SLG082 SMH090 SFR030 DRV068
TE0C750AD23C6EBC,PTE046 PLG082 PMH087 STE048 SLG084 SMH088 SFR029 DRV063
TEE6987E68832621,PTE043 PLG084 PMH085 STE049 SLG086 SMH094 SFR031 DRV080
TEEB7BF46C4524B2,PTE048 PLG083 PMH088 STE049 SLG082 SMH089 SFR031 DRV063
TECEA98966CD89AD,PTE046 PLG083 PMH085 STE050 SLG082 SMH092 SFR030 DRV082
TEA6103D351364FE,PTE046 PLG083 PMH084 STE049 SLG084 SMH093 SFR029 DRV081
TE169CB5178F750B,PTE048 PLG083 PMH088 STE049 SLG084 SMH091 SFR029 DRV065
TEB71A91EAFB7684,PTE048 PLG083 PMH085 STE051 SLG084 SMH094 SFR027 DRV078
TE55339478BB9F43,PTE046 PLG078 PMH080 STE050 SLG076 SMH092 SFR029 DRV089
TEEFC33A4C292584,PTE046 PLG083 PMH087 STE048 SLG083 SMH088 SFR029 DRV062
TEB1A9B13D040C79,PTE047 PLG081 PMH080 STE053 SLG082 SMH095 SFR025 DRV095
TE1D8C907EF98506,PTE044 PLG082 PMH083 STE049 SLG080 SMH093 SFR030 DRV088
TEFC4664469CE3A8,PTE046 PLG080 PMH083 STE050 SLG079 SMH092 SFR031 DRV084
TEC0C41771EB5802,PTE047 PLG083 PMH087 STE048 SLG084 SMH088 SFR029 DRV062
TE58E95B9533E0FB,PTE047 PLG082 PMH087 STE049 SLG083 SMH088 SFR029 DRV062
TE4118706EE55C82,PTE048 PLG083 PMH086 STE049 SLG083 SMH092 SFR028 DRV072
TECEE4F780203005,PTE047 PLG083 PMH086 STE048 SLG084 SMH088 SFR029 DRV062
TED28D3451AD0BB2,PTE047 PLG083 PMH088 STE049 SLG081 SMH089 SFR031 DRV062
TE29DCD95CD45A37,PTE040 PLG083 PMH081 STE048 SLG082 SMH096 SFR031 DRV100
TE2A80E59AA036F7,PTE045 PLG081 PMH079 STE051 SLG081 SMH095 SFR028 DRV101
TED6586E1FE1D5CE,PTE048 PLG082 PMH081 STE052 SLG083 SMH094 SFR026 DRV093
TE257BF09D7AAE32,PTE046 PLG083 PMH086 STE048 SLG084 SMH088 SFR029 DRV062
TE987754AFBCC573,PTE046 PLG083 PMH087 STE048 SLG084 SMH088 SFR029 DRV062
TE7E77E21BE3ACDC,PTE049 PLG087 PMH086 STE052 SLG091 SMH096 SFR022 DRV080
TE05F963003DB9FD,PTE046 PLG083 PMH087 STE048 SLG084 SMH088 SFR029 DRV062
TE5AA00FD578956D,PTE046 PLG083 PMH087 STE048 SLG083 SMH088 SFR029 DRV062
TEA25EEFB7E23868,PTE044 PLG081 PMH081 STE049 SLG080 SMH094 SFR030 DRV090
TE1A27551A45F85C,PTE045 PLG082 PMH082 STE050 SLG080 SMH093 SFR030 DRV094
TEBEFDC27929EB43,PTE047 PLG083 PMH086 STE048 SLG084 SMH088 SFR029 DRV062
TEB04B43C82F0BB1,PTE046 PLG087 PMH085 STE052 SLG091 SMH097 SFR025 DRV086
TE653BB189D49F41,PTE047 PLG082 PMH084 STE051 SLG082 SMH092 SFR028 DRV081
TE928F3C9C59C402,PTE047 PLG082 PMH086 STE050 SLG082 SMH091 SFR030 DRV075
TEF9F523FE876A85,PTE046 PLG083 PMH087 STE048 SLG083 SMH088 SFR029 DRV062
TEE00B431A1862FB,PTE047 PLG082 PMH087 STE049 SLG083 SMH088 SFR029 DRV062
TE101BC8F9FB3732,PTE046 PLG082 PMH087 STE049 SLG083 SMH088 SFR029 DRV062
TE1A8C60CFB1A971,PTE047 PLG083 PMH086 STE048 SLG084 SMH088 SFR029 DRV062
TE6E23112F9D72F0,PTE047 PLG081 PMH084 STE050 SLG080 SMH092 SFR029 DRV083
TE3D241D4EA9C536,PTE048 PLG083 PMH086 STE050 SLG084 SMH093 SFR027 DRV075
TE8FE5EAB28F377D,PTE048 PLG084 PMH088 STE050 SLG084 SMH091 SFR029 DRV066
TED258E190867D41,PTE047 PLG082 PMH087 STE048 SLG081 SMH090 SFR032 DRV067
TE2EFC5B73667D5F,PTE046 PLG082 PMH087 STE048 SLG084 SMH088 SFR030 DRV063
TEEC23BFD9003500,PTE046 PLG086 PMH087 STE050 SLG088 SMH094 SFR027 DRV078
TECCED5E610C9CB7,PTE048 PLG083 PMH087 STE049 SLG082 SMH088 SFR029 DRV061
TED94F21B2DAC8A7,PTE046 PLG081 PMH086 STE048 SLG082 SMH088 SFR032 DRV068
TE07AA94F5D6290F,PTE046 PLG080 PMH085 STE048 SLG080 SMH088 SFR034 DRV071
TEF0F0291E1631D7,PTE048 PLG083 PMH087 STE048 SLG081 SMH088 SFR031 DRV063
TE7B8BF6E60F3995,PTE046 PLG081 PMH087 STE048 SLG084 SMH087 SFR031 DRV063
TE0D40EBF5893DE5,PTE048 PLG082 PMH087 STE049 SLG081 SMH090 SFR031 DRV068
TE81DEA57C01F1ED,PTE048 PLG083 PMH087 STE049 SLG082 SMH089 SFR029 DRV062
TEA80D8A2E9518BB,PTE038 PLG078 PMH078 STE048 SLG083 SMH096 SFR035 DRV110
TEBCA35FC70F6ADF,PTE047 PLG083 PMH086 STE048 SLG084 SMH088 SFR029 DRV062
TE4673569E6FF1E5,PTE046 PLG082 PMH087 STE049 SLG084 SMH088 SFR029 DRV062
TEAA7664BC75B807,PTE047 PLG083 PMH087 STE049 SLG082 SMH089 SFR029 DRV062
TE9F3F09D1CAD929,PTE046 PLG082 PMH087 STE048 SLG084 SMH088 SFR030 DRV063
TE13AEE045C5FABA,PTE046 PLG082 PMH087 STE049 SLG084 SMH088 SFR029 DRV063
TE2DB9E17AA07ECC,PTE050 PLG088 PMH077 STE056 SLG097 SMH107 SFR010 DRV119
TE726C6DFC3A35AC,PTE047 PLG083 PMH087 STE049 SLG083 SMH088 SFR029 DRV062
TE3DC614A5B5E6E2,PTE046 PLG083 PMH087 STE048 SLG084 SMH088 SFR029 DRV062
TE692C616BAFA217,PTE047 PLG083 PMH087 STE049 SLG083 SMH091 SFR030 DRV069
TE9CA902B05ECB5F,PTE046 PLG082 PMH087 STE049 SLG080 SMH090 SFR031 DRV070
TE73962128709666,PTE047 PLG083 PMH086 STE048 SLG084 SMH088 SFR029 DRV062
TEFB087CA8751174,PTE047 PLG082 PMH087 STE049 SLG081 SMH090 SFR031 DRV066
TED13D7D3070D02C,PTE041 PLG081 PMH081 STE049 SLG079 SMH093 SFR032 DRV096
TE4F4F157CA83CD3,PTE047 PLG083 PMH081 STE053 SLG082 SMH095 SFR025 DRV090
TE322F8EA4041074,PTE043 PLG081 PMH076 STE053 SLG082 SMH099 SFR028 DRV115
TE980A336B55E1D4,PTE046 PLG081 PMH086 STE049 SLG080 SMH090 SFR031 DRV070
TE2DC71A4BA1E8DC,PTE047 PLG082 PMH087 STE048 SLG083 SMH088 SFR030 DRV063
TE8C580021CE0A16,PTE043 PLG080 PMH079 STE050 SLG079 SMH094 SFR031 DRV095
TEE32358A31BBD4D,PTE047 PLG083 PMH086 STE048 SLG084 SMH088 SFR029 DRV062
TE14FAF0A5695217,PTE046 PLG083 PMH087 STE048 SLG083 SMH088 SFR029 DRV062
TE6E89BFE053B5BE,PTE046 PLG083 PMH087 STE048 SLG084 SMH088 SFR028 DRV062
TEBD6A18ED6CD88A,PTE046 PLG083 PMH087 STE049 SLG083 SMH088 SFR029 DRV062
TECB38ACAC452325,PTE044 PLG077 PMH083 STE047 SLG077 SMH090 SFR036 DRV081
TEE1C11D1EF28001,PTE048 PLG081 PMH085 STE051 SLG081 SMH091 SFR029 DRV077
TE4299CDA0DD7AA8,PTE046 PLG083 PMH087 STE048 SLG084 SMH088 SFR029 DRV062
TED3EBC528361799,PTE048 PLG083 PMH087 STE050 SLG082 SMH090 SFR030 DRV068
TE7F1846CC1EF387,PTE047 PLG082 PMH081 STE050 SLG081 SMH095 SFR027 DRV094
TE9D7BA50331176C,PTE048 PLG083 PMH083 STE052 SLG084 SMH094 SFR026 DRV087
TEF48159B36735C4,PTE046 PLG082 PMH087 STE048 SLG084 SMH088 SFR029 DRV062
TE851A6F9BBE8E08,PTE045 PLG081 PMH087 STE048 SLG083 SMH088 SFR033 DRV065
TEEE32ED4C3BBE44,PTE046 PLG082 PMH087 STE048 SLG084 SMH088 SFR031 DRV062
TE87EAD51CBF4213,PTE049 PLG083 PMH087 STE049 SLG082 SMH089 SFR028 DRV062
TED2FEA5A89A5DA5,PTE038 PLG081 PMH076 STE047 SLG080 SMH098 SFR030 DRV113
TE99CBE3FAD71345,PTE046 PLG083 PMH087 STE048 SLG084 SMH088 SFR029 DRV062
TE2EAAAC399D6825,PTE046 PLG083 PMH087 STE048 SLG083 SMH088 SFR029 DRV062
TE43DBEAD6F630DF,PTE046 PLG083 PMH087 STE048 SLG083 SMH088 SFR029 DRV062
TECC2C2EDD5AAB2A,PTE046 PLG083 PMH087 STE048 SLG084 SMH088 SFR029 DRV062
TE7548B4C0627571,PTE046 PLG083 PMH087 STE048 SLG084 SMH088 SFR029 DRV062
TE7250320EFF1F72,PTE044 PLG077 PMH079 STE049 SLG076 SMH092 SFR032 DRV089
TEB5C41BF471E237,PTE046 PLG081 PMH080 STE052 SLG079 SMH094 SFR028 DRV097
TE3C880C4EBCDE36,PTE046 PLG083 PMH087 STE048 SLG084 SMH088 SFR029 DRV062
TEC63CD261748B4A,PTE047 PLG083 PMH087 STE049 SLG083 SMH088 SFR029 DRV061
TE587ADE2F92D5E3,PTE047 PLG083 PMH087 STE049 SLG083 SMH088 SFR029 DRV063
TE4C26BA051D5B63,PTE047 PLG081 PMH081 STE051 SLG081 SMH094 SFR026 DRV092
TEC1628822885559,PTE049 PLG086 PMH089 STE051 SLG088 SMH093 SFR026 DRV066
TE9EFAB0B2C8A35D,PTE046 PLG082 PMH087 STE048 SLG083 SMH088 SFR029 DRV062
TE9A816F37E72A2B,PTE046 PLG083 PMH087 STE048 SLG084 SMH088 SFR029 DRV062
TE780F0EE2B85531,PTE048 PLG084 PMH087 STE049 SLG083 SMH091 SFR029 DRV066
TEAAE40FF230F310,PTE047 PLG083 PMH086 STE048 SLG084 SMH088 SFR028 DRV062
TE2AF97F04DC6D3E,PTE047 PLG083 PMH086 STE048 SLG084 SMH088 SFR029 DRV062
TEA7F9B474C89D91,PTE045 PLG079 PMH078 STE051 SLG080 SMH096 SFR026 DRV098
TE0E233E4396B685,PTE042 PLG079 PMH083 STE048 SLG078 SMH091 SFR035 DRV087
TE7E5571196C92D4,PTE045 PLG086 PMH084 STE051 SLG087 SMH095 SFR027 DRV089
TE6CB63B3DCD5652,PTE044 PLG085 PMH077 STE054 SLG088 SMH102 SFR022 DRV119
TE79C0859CA7B3A4,PTE047 PLG083 PMH086 STE050 SLG082 SMH091 SFR030 DRV076
TE62C13AF1C3242A,PTE046 PLG081 PMH085 STE050 SLG081 SMH091 SFR030 DRV073
TE0CAED704F1CF37,PTE042 PLG079 PMH081 STE048 SLG079 SMH093 SFR033 DRV093
TE5E508F6360DC91,PTE048 PLG082 PMH086 STE048 SLG080 SMH089 SFR030 DRV067
TE766AFD2A925188,PTE047 PLG082 PMH084 STE050 SLG082 SMH092 SFR028 DRV083
TE5392028F051AAB,PTE046 PLG082 PMH087 STE048 SLG082 SMH088 SFR032 DRV065
TE6514DDEE3A5F29,PTE045 PLG082 PMH083 STE050 SLG081 SMH093 SFR029 DRV088
TE75A0ABDED4B6DC,PTE049 PLG088 PMH085 STE054 SLG092 SMH099 SFR021 DRV087
