id,repair_sequence
doc_0063efc4da03f45e1eea,DEL_EDGE|NEXT_BLOCK|P000|P002|END;DEL_EDGE|NEXT_BLOCK|P002|P003|END;DEL_EDGE|NEXT_BLOCK|P003|P001|END;ADD_EDGE|NEXT_BLOCK|P000|P003|END;ADD_EDGE|NEXT_BLOCK|P002|P001|END;ADD_EDGE|NEXT_BLOCK|P003|P002|END
doc_0167f52b64ee2ad31798,DEL_EDGE|NEXT_LINE|L000|L005|END;DEL_EDGE|NEXT_LINE|L004|L000|END;DEL_EDGE|NEXT_LINE|L005|L003|END;ADD_EDGE|NEXT_LINE|L000|L003|END;ADD_EDGE|NEXT_LINE|L004|L005|END;ADD_EDGE|NEXT_LINE|L005|L000|END
doc_01c86cafbc998d22b7a6,DEL_EDGE|CONTAINS|P001|L003|END;DEL_EDGE|CONTAINS|P003|L011|END;DEL_EDGE|NEXT_LINE|L003|L010|END;DEL_EDGE|NEXT_LINE|L008|L011|END;ADD_EDGE|CONTAINS|P001|L011|END;ADD_EDGE|CONTAINS|P003|L003|END;ADD_EDGE|NEXT_LINE|L008|L003|END;ADD_EDGE|NEXT_LINE|L011|L010|END
doc_02222e0ae433e8e7e60e,DEL_EDGE|NEXT_BLOCK|P000|P001|END;ADD_EDGE|NEXT_BLOCK|P001|P000|END
doc_027e2c8b8944cbe9c491,DEL_EDGE|CONTAINS|P001|L009|END;DEL_EDGE|CONTAINS|P002|L007|END;DEL_EDGE|NEXT_LINE|L009|L017|END;DEL_EDGE|NEXT_LINE|L011|L007|END;DEL_EDGE|NEXT_LINE|L021|L009|END;ADD_EDGE|CONTAINS|P001|L007|END;ADD_EDGE|CONTAINS|P002|L009|END;ADD_EDGE|NEXT_LINE|L007|L017|END;ADD_EDGE|NEXT_LINE|L011|L009|END;ADD_EDGE|NEXT_LINE|L021|L007|END
doc_032c4bb8f5c2bc7c2485,DEL_EDGE|CONTAINS|P001|L004|END;DEL_EDGE|CONTAINS|P005|L009|END;DEL_EDGE|NEXT_BLOCK|P000|P003|END;DEL_EDGE|NEXT_BLOCK|P003|P004|END;DEL_EDGE|NEXT_LINE|L004|L011|END;ADD_EDGE|CONTAINS|P001|L009|END;ADD_EDGE|CONTAINS|P005|L004|END;ADD_EDGE|NEXT_BLOCK|P000|P004|END;ADD_EDGE|NEXT_BLOCK|P003|P000|END;ADD_EDGE|NEXT_LINE|L009|L011|END
doc_0382c6e3bcd6ff02fcde,DEL_EDGE|CONTAINS|P001|L004|END;DEL_EDGE|CONTAINS|P002|L002|END;ADD_EDGE|CONTAINS|P001|L002|END;ADD_EDGE|CONTAINS|P002|L004|END
doc_03f1d36ce6cf248b8c6f,DEL_EDGE|NEXT_LINE|L001|L003|END;DEL_EDGE|NEXT_LINE|L003|L005|END;ADD_EDGE|NEXT_LINE|L001|L005|END;ADD_EDGE|NEXT_LINE|L005|L003|END
doc_044f27c59786b3241218,DEL_EDGE|NEXT_BLOCK|P002|P001|END;DEL_EDGE|NEXT_BLOCK|P004|P002|END;ADD_EDGE|NEXT_BLOCK|P001|P002|END;ADD_EDGE|NEXT_BLOCK|P004|P001|END
doc_0507b8a69133555ab8c7,DEL_EDGE|CONTAINS|P000|L009|END;DEL_EDGE|CONTAINS|P002|L006|END;DEL_EDGE|NEXT_BLOCK|P000|P002|END;DEL_EDGE|NEXT_BLOCK|P001|P000|END;DEL_EDGE|NEXT_LINE|L006|L013|END;DEL_EDGE|NEXT_LINE|L015|L009|END;ADD_EDGE|CONTAINS|P000|L006|END;ADD_EDGE|CONTAINS|P002|L009|END;ADD_EDGE|NEXT_BLOCK|P000|P001|END;ADD_EDGE|NEXT_BLOCK|P001|P002|END;ADD_EDGE|NEXT_LINE|L009|L013|END;ADD_EDGE|NEXT_LINE|L015|L006|END
doc_05757f783aba77938fed,DEL_EDGE|NEXT_BLOCK|P000|P001|END;DEL_EDGE|NEXT_BLOCK|P001|P004|END;DEL_EDGE|NEXT_BLOCK|P002|P000|END;ADD_EDGE|NEXT_BLOCK|P000|P004|END;ADD_EDGE|NEXT_BLOCK|P001|P000|END;ADD_EDGE|NEXT_BLOCK|P002|P001|END
doc_0596367262fbafa1bc81,DEL_EDGE|CONTAINS|P000|L002|END;DEL_EDGE|CONTAINS|P001|L003|END;DEL_EDGE|NEXT_LINE|L001|L003|END;DEL_EDGE|NEXT_LINE|L003|L000|END;DEL_EDGE|NEXT_LINE|L005|L002|END;ADD_EDGE|CONTAINS|P000|L003|END;ADD_EDGE|CONTAINS|P001|L002|END;ADD_EDGE|NEXT_LINE|L001|L002|END;ADD_EDGE|NEXT_LINE|L002|L000|END;ADD_EDGE|NEXT_LINE|L005|L003|END
doc_05cd01401bb8fcc16fcc,DEL_EDGE|NEXT_LINE|L000|L004|END;DEL_EDGE|NEXT_LINE|L001|L000|END;DEL_EDGE|NEXT_LINE|L003|L001|END;ADD_EDGE|NEXT_LINE|L000|L001|END;ADD_EDGE|NEXT_LINE|L001|L004|END;ADD_EDGE|NEXT_LINE|L003|L000|END
doc_06178bdec5c20fd4ad85,DEL_EDGE|CONTAINS|P002|L003|END;DEL_EDGE|CONTAINS|P007|L009|END;DEL_EDGE|NEXT_LINE|L003|L021|END;DEL_EDGE|NEXT_LINE|L009|L016|END;DEL_EDGE|NEXT_LINE|L013|L009|END;ADD_EDGE|CONTAINS|P002|L009|END;ADD_EDGE|CONTAINS|P007|L003|END;ADD_EDGE|NEXT_LINE|L003|L016|END;ADD_EDGE|NEXT_LINE|L009|L021|END;ADD_EDGE|NEXT_LINE|L013|L003|END
doc_061adbcee561994b4f14,DEL_EDGE|CONTAINS|P000|L007|END;DEL_EDGE|CONTAINS|P001|L006|END;DEL_EDGE|NEXT_LINE|L002|L006|END;DEL_EDGE|NEXT_LINE|L007|L005|END;ADD_EDGE|CONTAINS|P000|L006|END;ADD_EDGE|CONTAINS|P001|L007|END;ADD_EDGE|NEXT_LINE|L002|L007|END;ADD_EDGE|NEXT_LINE|L006|L005|END
doc_061cfcc3c5b784527f31,DEL_EDGE|NEXT_BLOCK|P001|P002|END;DEL_EDGE|NEXT_BLOCK|P002|P004|END;DEL_EDGE|NEXT_BLOCK|P004|P003|END;ADD_EDGE|NEXT_BLOCK|P001|P004|END;ADD_EDGE|NEXT_BLOCK|P002|P003|END;ADD_EDGE|NEXT_BLOCK|P004|P002|END
doc_07009e936b861df63daf,DEL_EDGE|CONTAINS|P000|L000|END;DEL_EDGE|CONTAINS|P003|L001|END;DEL_EDGE|NEXT_LINE|L004|L000|END;ADD_EDGE|CONTAINS|P000|L001|END;ADD_EDGE|CONTAINS|P003|L000|END;ADD_EDGE|NEXT_LINE|L004|L001|END
doc_074243784b84e5a4d8eb,DEL_EDGE|CONTAINS|P000|L003|END;DEL_EDGE|CONTAINS|P002|L004|END;DEL_EDGE|NEXT_BLOCK|P000|P002|END;DEL_EDGE|NEXT_BLOCK|P001|P000|END;DEL_EDGE|NEXT_LINE|L002|L003|END;DEL_EDGE|NEXT_LINE|L003|L001|END;DEL_EDGE|NEXT_LINE|L004|L005|END;ADD_EDGE|CONTAINS|P000|L004|END;ADD_EDGE|CONTAINS|P002|L003|END;ADD_EDGE|NEXT_BLOCK|P001|P002|END;ADD_EDGE|NEXT_BLOCK|P002|P000|END;ADD_EDGE|NEXT_LINE|L002|L004|END;ADD_EDGE|NEXT_LINE|L003|L005|END;ADD_EDGE|NEXT_LINE|L004|L001|END
doc_07ae396dcab831feb461,DEL_EDGE|NEXT_LINE|L000|L005|END;DEL_EDGE|NEXT_LINE|L002|L000|END;DEL_EDGE|NEXT_LINE|L005|L007|END;ADD_EDGE|NEXT_LINE|L000|L007|END;ADD_EDGE|NEXT_LINE|L002|L005|END;ADD_EDGE|NEXT_LINE|L005|L000|END
doc_07fe55a4cccf8cb4019b,DEL_EDGE|CONTAINS|P001|L000|END;DEL_EDGE|CONTAINS|P002|L002|END;DEL_EDGE|NEXT_LINE|L000|L003|END;DEL_EDGE|NEXT_LINE|L002|L010|END;ADD_EDGE|CONTAINS|P001|L002|END;ADD_EDGE|CONTAINS|P002|L000|END;ADD_EDGE|NEXT_LINE|L000|L010|END;ADD_EDGE|NEXT_LINE|L002|L003|END
doc_086a509ed3c7cc1cc0d6,DEL_EDGE|NEXT_BLOCK|P002|P003|END;DEL_EDGE|NEXT_BLOCK|P003|P001|END;ADD_EDGE|NEXT_BLOCK|P001|P003|END;ADD_EDGE|NEXT_BLOCK|P002|P001|END
doc_0886fea2e16468725a3b,DEL_EDGE|CONTAINS|P000|L004|END;DEL_EDGE|CONTAINS|P001|L006|END;DEL_EDGE|NEXT_LINE|L002|L004|END;DEL_EDGE|NEXT_LINE|L004|L003|END;ADD_EDGE|CONTAINS|P000|L006|END;ADD_EDGE|CONTAINS|P001|L004|END;ADD_EDGE|NEXT_LINE|L002|L006|END;ADD_EDGE|NEXT_LINE|L006|L003|END
doc_091a4c2f7b9970654a68,DEL_EDGE|CONTAINS|P001|L005|END;DEL_EDGE|CONTAINS|P002|L006|END;DEL_EDGE|NEXT_LINE|L001|L006|END;DEL_EDGE|NEXT_LINE|L005|L003|END;DEL_EDGE|NEXT_LINE|L006|L008|END;ADD_EDGE|CONTAINS|P001|L006|END;ADD_EDGE|CONTAINS|P002|L005|END;ADD_EDGE|NEXT_LINE|L001|L005|END;ADD_EDGE|NEXT_LINE|L005|L008|END;ADD_EDGE|NEXT_LINE|L006|L003|END
doc_093bde99f97ba08a07d7,DEL_EDGE|NEXT_LINE|L003|L004|END;DEL_EDGE|NEXT_LINE|L004|L005|END;ADD_EDGE|NEXT_LINE|L003|L005|END;ADD_EDGE|NEXT_LINE|L005|L004|END
doc_09576e58df2c767af01f,DEL_EDGE|CONTAINS|P000|L001|END;DEL_EDGE|CONTAINS|P004|L020|END;DEL_EDGE|NEXT_LINE|L001|L018|END;DEL_EDGE|NEXT_LINE|L009|L020|END;ADD_EDGE|CONTAINS|P000|L020|END;ADD_EDGE|CONTAINS|P004|L001|END;ADD_EDGE|NEXT_LINE|L009|L001|END;ADD_EDGE|NEXT_LINE|L020|L018|END
doc_0960c6a3d995cbbea8b6,DEL_EDGE|NEXT_BLOCK|P001|P000|END;DEL_EDGE|NEXT_BLOCK|P002|P001|END;ADD_EDGE|NEXT_BLOCK|P001|P002|END;ADD_EDGE|NEXT_BLOCK|P002|P000|END
doc_0997145870072ad10efc,DEL_EDGE|CONTAINS|P000|L009|END;DEL_EDGE|CONTAINS|P003|L005|END;DEL_EDGE|NEXT_LINE|L008|L005|END;DEL_EDGE|NEXT_LINE|L009|L004|END;ADD_EDGE|CONTAINS|P000|L005|END;ADD_EDGE|CONTAINS|P003|L009|END;ADD_EDGE|NEXT_LINE|L005|L004|END;ADD_EDGE|NEXT_LINE|L008|L009|END
doc_09d4166d969b8102ec74,DEL_EDGE|CONTAINS|P001|L000|END;DEL_EDGE|CONTAINS|P008|L012|END;DEL_EDGE|NEXT_LINE|L005|L000|END;ADD_EDGE|CONTAINS|P001|L012|END;ADD_EDGE|CONTAINS|P008|L000|END;ADD_EDGE|NEXT_LINE|L005|L012|END
doc_09e4fee52ae45f6ecba4,DEL_EDGE|CONTAINS|P003|L024|END;DEL_EDGE|CONTAINS|P004|L004|END;DEL_EDGE|NEXT_LINE|L004|L017|END;ADD_EDGE|CONTAINS|P003|L004|END;ADD_EDGE|CONTAINS|P004|L024|END;ADD_EDGE|NEXT_LINE|L024|L017|END
doc_0a5b22a00cfbab79eb0b,DEL_EDGE|CONTAINS|P001|L008|END;DEL_EDGE|CONTAINS|P002|L005|END;ADD_EDGE|CONTAINS|P001|L005|END;ADD_EDGE|CONTAINS|P002|L008|END
doc_0a747d4a5d8a93de3866,DEL_EDGE|NEXT_BLOCK|P000|P004|END;DEL_EDGE|NEXT_BLOCK|P003|P000|END;DEL_EDGE|NEXT_BLOCK|P004|P002|END;ADD_EDGE|NEXT_BLOCK|P000|P002|END;ADD_EDGE|NEXT_BLOCK|P003|P004|END;ADD_EDGE|NEXT_BLOCK|P004|P000|END
doc_0aa24da8f8de1ef3c6d7,DEL_EDGE|CONTAINS|P000|L000|END;DEL_EDGE|CONTAINS|P002|L002|END;DEL_EDGE|NEXT_LINE|L000|L003|END;DEL_EDGE|NEXT_LINE|L001|L000|END;DEL_EDGE|NEXT_LINE|L002|L006|END;ADD_EDGE|CONTAINS|P000|L002|END;ADD_EDGE|CONTAINS|P002|L000|END;ADD_EDGE|NEXT_LINE|L000|L006|END;ADD_EDGE|NEXT_LINE|L001|L002|END;ADD_EDGE|NEXT_LINE|L002|L003|END
doc_0b5d88a0b44dedcd0e35,DEL_EDGE|CONTAINS|P000|L014|END;DEL_EDGE|CONTAINS|P001|L017|END;DEL_EDGE|NEXT_BLOCK|P001|P002|END;DEL_EDGE|NEXT_BLOCK|P002|P000|END;DEL_EDGE|NEXT_LINE|L008|L014|END;DEL_EDGE|NEXT_LINE|L012|L017|END;DEL_EDGE|NEXT_LINE|L014|L024|END;DEL_EDGE|NEXT_LINE|L017|L021|END;ADD_EDGE|CONTAINS|P000|L017|END;ADD_EDGE|CONTAINS|P001|L014|END;ADD_EDGE|NEXT_BLOCK|P000|P002|END;ADD_EDGE|NEXT_BLOCK|P001|P000|END;ADD_EDGE|NEXT_LINE|L008|L017|END;ADD_EDGE|NEXT_LINE|L012|L014|END;ADD_EDGE|NEXT_LINE|L014|L021|END;ADD_EDGE|NEXT_LINE|L017|L024|END
doc_0bc521ffa814f018f600,DEL_EDGE|NEXT_BLOCK|P000|P001|END;DEL_EDGE|NEXT_BLOCK|P001|P003|END;ADD_EDGE|NEXT_BLOCK|P000|P003|END;ADD_EDGE|NEXT_BLOCK|P003|P001|END
doc_0bfd47c03972685388c5,DEL_EDGE|CONTAINS|P001|L002|END;DEL_EDGE|CONTAINS|P002|L013|END;DEL_EDGE|NEXT_LINE|L002|L011|END;DEL_EDGE|NEXT_LINE|L003|L013|END;DEL_EDGE|NEXT_LINE|L013|L009|END;ADD_EDGE|CONTAINS|P001|L013|END;ADD_EDGE|CONTAINS|P002|L002|END;ADD_EDGE|NEXT_LINE|L002|L009|END;ADD_EDGE|NEXT_LINE|L003|L002|END;ADD_EDGE|NEXT_LINE|L013|L011|END
doc_0ceada93d00beaa721e5,DEL_EDGE|CONTAINS|P001|L021|END;DEL_EDGE|CONTAINS|P005|L003|END;ADD_EDGE|CONTAINS|P001|L003|END;ADD_EDGE|CONTAINS|P005|L021|END
doc_0d3f76ac885cfa363d83,DEL_EDGE|CONTAINS|P000|L019|END;DEL_EDGE|CONTAINS|P002|L013|END;DEL_EDGE|NEXT_LINE|L016|L013|END;DEL_EDGE|NEXT_LINE|L019|L010|END;ADD_EDGE|CONTAINS|P000|L013|END;ADD_EDGE|CONTAINS|P002|L019|END;ADD_EDGE|NEXT_LINE|L013|L010|END;ADD_EDGE|NEXT_LINE|L016|L019|END
doc_0d5ea079c6271fb09ffb,DEL_EDGE|CONTAINS|P000|L009|END;DEL_EDGE|CONTAINS|P004|L011|END;DEL_EDGE|NEXT_LINE|L009|L005|END;ADD_EDGE|CONTAINS|P000|L011|END;ADD_EDGE|CONTAINS|P004|L009|END;ADD_EDGE|NEXT_LINE|L011|L005|END
doc_0db387632cc31656d457,DEL_EDGE|CONTAINS|P000|L014|END;DEL_EDGE|CONTAINS|P003|L003|END;DEL_EDGE|NEXT_LINE|L000|L014|END;DEL_EDGE|NEXT_LINE|L003|L013|END;DEL_EDGE|NEXT_LINE|L014|L023|END;ADD_EDGE|CONTAINS|P000|L003|END;ADD_EDGE|CONTAINS|P003|L014|END;ADD_EDGE|NEXT_LINE|L000|L003|END;ADD_EDGE|NEXT_LINE|L003|L023|END;ADD_EDGE|NEXT_LINE|L014|L013|END
doc_0dc69a00585d6c291102,DEL_EDGE|NEXT_BLOCK|P000|P001|END;ADD_EDGE|NEXT_BLOCK|P001|P000|END
doc_0de9c4c2250b32ab1303,DEL_EDGE|NEXT_LINE|L001|L014|END;DEL_EDGE|NEXT_LINE|L004|L022|END;DEL_EDGE|NEXT_LINE|L014|L004|END;ADD_EDGE|NEXT_LINE|L001|L004|END;ADD_EDGE|NEXT_LINE|L004|L014|END;ADD_EDGE|NEXT_LINE|L014|L022|END
doc_0df117c6e1adcec149cf,DEL_EDGE|CONTAINS|P001|L004|END;DEL_EDGE|CONTAINS|P004|L018|END;DEL_EDGE|NEXT_LINE|L007|L018|END;ADD_EDGE|CONTAINS|P001|L018|END;ADD_EDGE|CONTAINS|P004|L004|END;ADD_EDGE|NEXT_LINE|L007|L004|END
doc_0dfab6aedd6f31494aa3,DEL_EDGE|CONTAINS|P000|L008|END;DEL_EDGE|CONTAINS|P001|L011|END;DEL_EDGE|NEXT_BLOCK|P001|P000|END;DEL_EDGE|NEXT_LINE|L005|L011|END;DEL_EDGE|NEXT_LINE|L008|L003|END;DEL_EDGE|NEXT_LINE|L009|L008|END;DEL_EDGE|NEXT_LINE|L011|L006|END;ADD_EDGE|CONTAINS|P000|L011|END;ADD_EDGE|CONTAINS|P001|L008|END;ADD_EDGE|NEXT_BLOCK|P000|P001|END;ADD_EDGE|NEXT_LINE|L005|L008|END;ADD_EDGE|NEXT_LINE|L008|L006|END;ADD_EDGE|NEXT_LINE|L009|L011|END;ADD_EDGE|NEXT_LINE|L011|L003|END
doc_0ea654b82318b9b2a249,DEL_EDGE|CONTAINS|P001|L011|END;DEL_EDGE|CONTAINS|P002|L002|END;DEL_EDGE|NEXT_LINE|L002|L007|END;DEL_EDGE|NEXT_LINE|L008|L002|END;DEL_EDGE|NEXT_LINE|L009|L011|END;ADD_EDGE|CONTAINS|P001|L002|END;ADD_EDGE|CONTAINS|P002|L011|END;ADD_EDGE|NEXT_LINE|L008|L011|END;ADD_EDGE|NEXT_LINE|L009|L002|END;ADD_EDGE|NEXT_LINE|L011|L007|END
doc_0ec04c8635c3eb1acea9,DEL_EDGE|NEXT_BLOCK|P003|P000|END;DEL_EDGE|NEXT_BLOCK|P004|P003|END;ADD_EDGE|NEXT_BLOCK|P000|P003|END;ADD_EDGE|NEXT_BLOCK|P004|P000|END
doc_0ed8e61ae0fa0c285ad7,DEL_EDGE|CONTAINS|P000|L004|END;DEL_EDGE|CONTAINS|P001|L002|END;DEL_EDGE|NEXT_LINE|L004|L000|END;DEL_EDGE|NEXT_LINE|L006|L004|END;ADD_EDGE|CONTAINS|P000|L002|END;ADD_EDGE|CONTAINS|P001|L004|END;ADD_EDGE|NEXT_LINE|L002|L000|END;ADD_EDGE|NEXT_LINE|L006|L002|END
doc_0f0d07d143af1ee78c80,DEL_EDGE|CONTAINS|P002|L009|END;DEL_EDGE|CONTAINS|P003|L003|END;DEL_EDGE|NEXT_LINE|L006|L003|END;ADD_EDGE|CONTAINS|P002|L003|END;ADD_EDGE|CONTAINS|P003|L009|END;ADD_EDGE|NEXT_LINE|L006|L009|END
doc_0f10d198a1f7802fe598,DEL_EDGE|CONTAINS|P000|L008|END;DEL_EDGE|CONTAINS|P001|L000|END;DEL_EDGE|NEXT_LINE|L004|L008|END;DEL_EDGE|NEXT_LINE|L015|L000|END;ADD_EDGE|CONTAINS|P000|L000|END;ADD_EDGE|CONTAINS|P001|L008|END;ADD_EDGE|NEXT_LINE|L004|L000|END;ADD_EDGE|NEXT_LINE|L015|L008|END
doc_0faa63bfc210a790cca5,DEL_EDGE|NEXT_BLOCK|P001|P000|END;DEL_EDGE|NEXT_BLOCK|P002|P001|END;ADD_EDGE|NEXT_BLOCK|P001|P002|END;ADD_EDGE|NEXT_BLOCK|P002|P000|END
doc_0fefcc2813beedd23016,DEL_EDGE|CONTAINS|P000|L009|END;DEL_EDGE|CONTAINS|P002|L003|END;DEL_EDGE|NEXT_LINE|L001|L003|END;DEL_EDGE|NEXT_LINE|L003|L008|END;DEL_EDGE|NEXT_LINE|L005|L009|END;ADD_EDGE|CONTAINS|P000|L003|END;ADD_EDGE|CONTAINS|P002|L009|END;ADD_EDGE|NEXT_LINE|L001|L009|END;ADD_EDGE|NEXT_LINE|L005|L003|END;ADD_EDGE|NEXT_LINE|L009|L008|END
doc_0ff5c565e53700fb5ac2,DEL_EDGE|CONTAINS|P002|L007|END;DEL_EDGE|CONTAINS|P003|L004|END;DEL_EDGE|NEXT_LINE|L006|L004|END;DEL_EDGE|NEXT_LINE|L007|L001|END;ADD_EDGE|CONTAINS|P002|L004|END;ADD_EDGE|CONTAINS|P003|L007|END;ADD_EDGE|NEXT_LINE|L004|L001|END;ADD_EDGE|NEXT_LINE|L006|L007|END
doc_108f7b86ebc2628fdc9f,DEL_EDGE|CONTAINS|P002|L005|END;DEL_EDGE|CONTAINS|P003|L030|END;DEL_EDGE|NEXT_LINE|L005|L024|END;DEL_EDGE|NEXT_LINE|L007|L005|END;DEL_EDGE|NEXT_LINE|L033|L030|END;ADD_EDGE|CONTAINS|P002|L030|END;ADD_EDGE|CONTAINS|P003|L005|END;ADD_EDGE|NEXT_LINE|L007|L030|END;ADD_EDGE|NEXT_LINE|L030|L024|END;ADD_EDGE|NEXT_LINE|L033|L005|END
doc_10d90c14d42a66482dba,DEL_EDGE|NEXT_BLOCK|P000|P001|END;DEL_EDGE|NEXT_BLOCK|P001|P003|END;DEL_EDGE|NEXT_BLOCK|P003|P002|END;ADD_EDGE|NEXT_BLOCK|P000|P003|END;ADD_EDGE|NEXT_BLOCK|P001|P002|END;ADD_EDGE|NEXT_BLOCK|P003|P001|END
doc_1117380a05cf66d6f226,DEL_EDGE|NEXT_BLOCK|P000|P001|END;DEL_EDGE|NEXT_BLOCK|P001|P002|END;DEL_EDGE|NEXT_BLOCK|P002|P003|END;ADD_EDGE|NEXT_BLOCK|P000|P002|END;ADD_EDGE|NEXT_BLOCK|P001|P003|END;ADD_EDGE|NEXT_BLOCK|P002|P001|END
doc_112de50cc0428c8d9185,DEL_EDGE|CONTAINS|P003|L020|END;DEL_EDGE|CONTAINS|P004|L004|END;DEL_EDGE|NEXT_LINE|L004|L028|END;DEL_EDGE|NEXT_LINE|L023|L020|END;ADD_EDGE|CONTAINS|P003|L004|END;ADD_EDGE|CONTAINS|P004|L020|END;ADD_EDGE|NEXT_LINE|L020|L028|END;ADD_EDGE|NEXT_LINE|L023|L004|END
doc_1132bf652b510de8f234,DEL_EDGE|NEXT_BLOCK|P000|P003|END;DEL_EDGE|NEXT_BLOCK|P002|P000|END;ADD_EDGE|NEXT_BLOCK|P000|P002|END;ADD_EDGE|NEXT_BLOCK|P002|P003|END
doc_113bcf9bbcf80e90e761,DEL_EDGE|CONTAINS|P000|L002|END;DEL_EDGE|CONTAINS|P001|L007|END;DEL_EDGE|NEXT_LINE|L003|L002|END;DEL_EDGE|NEXT_LINE|L008|L007|END;ADD_EDGE|CONTAINS|P000|L007|END;ADD_EDGE|CONTAINS|P001|L002|END;ADD_EDGE|NEXT_LINE|L003|L007|END;ADD_EDGE|NEXT_LINE|L008|L002|END
doc_119a66c828a145bc5353,DEL_EDGE|CONTAINS|P000|L001|END;DEL_EDGE|CONTAINS|P003|L015|END;DEL_EDGE|NEXT_LINE|L001|L009|END;ADD_EDGE|CONTAINS|P000|L015|END;ADD_EDGE|CONTAINS|P003|L001|END;ADD_EDGE|NEXT_LINE|L015|L009|END
doc_119d0719e58f5730e1d4,DEL_EDGE|CONTAINS|P001|L004|END;DEL_EDGE|CONTAINS|P004|L011|END;DEL_EDGE|NEXT_LINE|L008|L004|END;DEL_EDGE|NEXT_LINE|L011|L001|END;ADD_EDGE|CONTAINS|P001|L011|END;ADD_EDGE|CONTAINS|P004|L004|END;ADD_EDGE|NEXT_LINE|L004|L001|END;ADD_EDGE|NEXT_LINE|L008|L011|END
doc_11c017ae7e315bd67740,DEL_EDGE|CONTAINS|P000|L002|END;DEL_EDGE|CONTAINS|P002|L014|END;DEL_EDGE|NEXT_BLOCK|P001|P003|END;DEL_EDGE|NEXT_BLOCK|P003|P002|END;DEL_EDGE|NEXT_LINE|L014|L017|END;DEL_EDGE|NEXT_LINE|L018|L014|END;ADD_EDGE|CONTAINS|P000|L014|END;ADD_EDGE|CONTAINS|P002|L002|END;ADD_EDGE|NEXT_BLOCK|P001|P002|END;ADD_EDGE|NEXT_BLOCK|P003|P001|END;ADD_EDGE|NEXT_LINE|L002|L017|END;ADD_EDGE|NEXT_LINE|L018|L002|END
doc_11e3b933161fdf805404,DEL_EDGE|CONTAINS|P003|L009|END;DEL_EDGE|CONTAINS|P004|L003|END;ADD_EDGE|CONTAINS|P003|L003|END;ADD_EDGE|CONTAINS|P004|L009|END
doc_1211928d48ae85d97c73,DEL_EDGE|NEXT_BLOCK|P002|P004|END;DEL_EDGE|NEXT_BLOCK|P004|P003|END;ADD_EDGE|NEXT_BLOCK|P002|P003|END;ADD_EDGE|NEXT_BLOCK|P004|P002|END
doc_12401a9104541b75aec0,DEL_EDGE|CONTAINS|P000|L007|END;DEL_EDGE|CONTAINS|P001|L004|END;DEL_EDGE|NEXT_BLOCK|P000|P002|END;DEL_EDGE|NEXT_BLOCK|P001|P000|END;DEL_EDGE|NEXT_LINE|L004|L002|END;DEL_EDGE|NEXT_LINE|L005|L004|END;ADD_EDGE|CONTAINS|P000|L004|END;ADD_EDGE|CONTAINS|P001|L007|END;ADD_EDGE|NEXT_BLOCK|P000|P001|END;ADD_EDGE|NEXT_BLOCK|P001|P002|END;ADD_EDGE|NEXT_LINE|L005|L007|END;ADD_EDGE|NEXT_LINE|L007|L002|END
doc_125d810e27b69e240b31,DEL_EDGE|NEXT_BLOCK|P000|P001|END;DEL_EDGE|NEXT_BLOCK|P003|P000|END;ADD_EDGE|NEXT_BLOCK|P001|P000|END;ADD_EDGE|NEXT_BLOCK|P003|P001|END
doc_12e5f1d2414c9f908694,DEL_EDGE|NEXT_BLOCK|P000|P004|END;DEL_EDGE|NEXT_BLOCK|P005|P000|END;ADD_EDGE|NEXT_BLOCK|P000|P005|END;ADD_EDGE|NEXT_BLOCK|P005|P004|END
doc_139088bc8eed1bcb2966,DEL_EDGE|CONTAINS|P000|L007|END;DEL_EDGE|CONTAINS|P002|L005|END;ADD_EDGE|CONTAINS|P000|L005|END;ADD_EDGE|CONTAINS|P002|L007|END
doc_13a036f617219cbb845e,DEL_EDGE|NEXT_BLOCK|P000|P001|END;DEL_EDGE|NEXT_BLOCK|P001|P003|END;ADD_EDGE|NEXT_BLOCK|P000|P003|END;ADD_EDGE|NEXT_BLOCK|P003|P001|END
doc_13c847a16163df4a4479,DEL_EDGE|CONTAINS|P001|L009|END;DEL_EDGE|CONTAINS|P002|L014|END;DEL_EDGE|NEXT_LINE|L015|L014|END;ADD_EDGE|CONTAINS|P001|L014|END;ADD_EDGE|CONTAINS|P002|L009|END;ADD_EDGE|NEXT_LINE|L015|L009|END
doc_13edaab8cbe9486e8fc1,DEL_EDGE|CONTAINS|P001|L000|END;DEL_EDGE|CONTAINS|P003|L005|END;DEL_EDGE|NEXT_BLOCK|P000|P003|END;DEL_EDGE|NEXT_BLOCK|P002|P001|END;DEL_EDGE|NEXT_BLOCK|P003|P002|END;DEL_EDGE|NEXT_LINE|L000|L002|END;DEL_EDGE|NEXT_LINE|L004|L000|END;ADD_EDGE|CONTAINS|P001|L005|END;ADD_EDGE|CONTAINS|P003|L000|END;ADD_EDGE|NEXT_BLOCK|P000|P002|END;ADD_EDGE|NEXT_BLOCK|P002|P003|END;ADD_EDGE|NEXT_BLOCK|P003|P001|END;ADD_EDGE|NEXT_LINE|L004|L005|END;ADD_EDGE|NEXT_LINE|L005|L002|END
doc_14020b3f9e766944131e,DEL_EDGE|NEXT_BLOCK|P000|P002|END;DEL_EDGE|NEXT_BLOCK|P001|P000|END;ADD_EDGE|NEXT_BLOCK|P000|P001|END;ADD_EDGE|NEXT_BLOCK|P001|P002|END
doc_14db68243050c2521086,DEL_EDGE|NEXT_LINE|L002|L004|END;DEL_EDGE|NEXT_LINE|L008|L002|END;ADD_EDGE|NEXT_LINE|L002|L008|END;ADD_EDGE|NEXT_LINE|L008|L004|END
doc_1505fc5995960f93ede8,DEL_EDGE|CONTAINS|P005|L001|END;DEL_EDGE|CONTAINS|P008|L005|END;DEL_EDGE|NEXT_LINE|L001|L007|END;DEL_EDGE|NEXT_LINE|L005|L024|END;DEL_EDGE|NEXT_LINE|L016|L005|END;ADD_EDGE|CONTAINS|P005|L005|END;ADD_EDGE|CONTAINS|P008|L001|END;ADD_EDGE|NEXT_LINE|L001|L024|END;ADD_EDGE|NEXT_LINE|L005|L007|END;ADD_EDGE|NEXT_LINE|L016|L001|END
doc_1584f007db1edf1f9b73,DEL_EDGE|CONTAINS|P000|L025|END;DEL_EDGE|CONTAINS|P001|L010|END;DEL_EDGE|NEXT_LINE|L008|L025|END;DEL_EDGE|NEXT_LINE|L010|L022|END;DEL_EDGE|NEXT_LINE|L025|L001|END;ADD_EDGE|CONTAINS|P000|L010|END;ADD_EDGE|CONTAINS|P001|L025|END;ADD_EDGE|NEXT_LINE|L008|L010|END;ADD_EDGE|NEXT_LINE|L010|L001|END;ADD_EDGE|NEXT_LINE|L025|L022|END
doc_1634ca6090c921547991,DEL_EDGE|CONTAINS|P001|L007|END;DEL_EDGE|CONTAINS|P002|L008|END;DEL_EDGE|NEXT_LINE|L007|L003|END;DEL_EDGE|NEXT_LINE|L008|L006|END;ADD_EDGE|CONTAINS|P001|L008|END;ADD_EDGE|CONTAINS|P002|L007|END;ADD_EDGE|NEXT_LINE|L007|L006|END;ADD_EDGE|NEXT_LINE|L008|L003|END
doc_1677d0b19cb04a6a111a,DEL_EDGE|CONTAINS|P000|L005|END;DEL_EDGE|CONTAINS|P001|L004|END;DEL_EDGE|NEXT_LINE|L002|L004|END;DEL_EDGE|NEXT_LINE|L007|L005|END;ADD_EDGE|CONTAINS|P000|L004|END;ADD_EDGE|CONTAINS|P001|L005|END;ADD_EDGE|NEXT_LINE|L002|L005|END;ADD_EDGE|NEXT_LINE|L007|L004|END
doc_1678d8b3939c7de64dd5,DEL_EDGE|CONTAINS|P000|L026|END;DEL_EDGE|CONTAINS|P001|L016|END;DEL_EDGE|NEXT_LINE|L005|L016|END;DEL_EDGE|NEXT_LINE|L016|L014|END;DEL_EDGE|NEXT_LINE|L021|L026|END;DEL_EDGE|NEXT_LINE|L026|L011|END;ADD_EDGE|CONTAINS|P000|L016|END;ADD_EDGE|CONTAINS|P001|L026|END;ADD_EDGE|NEXT_LINE|L005|L026|END;ADD_EDGE|NEXT_LINE|L016|L011|END;ADD_EDGE|NEXT_LINE|L021|L016|END;ADD_EDGE|NEXT_LINE|L026|L014|END
doc_169757a3cb3f4490266d,DEL_EDGE|NEXT_BLOCK|P000|P001|END;ADD_EDGE|NEXT_BLOCK|P001|P000|END
doc_1700a4f703c1653f6fc5,DEL_EDGE|CONTAINS|P001|L007|END;DEL_EDGE|CONTAINS|P002|L010|END;DEL_EDGE|NEXT_LINE|L007|L004|END;DEL_EDGE|NEXT_LINE|L010|L002|END;ADD_EDGE|CONTAINS|P001|L010|END;ADD_EDGE|CONTAINS|P002|L007|END;ADD_EDGE|NEXT_LINE|L007|L002|END;ADD_EDGE|NEXT_LINE|L010|L004|END
doc_182f63622d70b4ba7b0b,DEL_EDGE|CONTAINS|P000|L015|END;DEL_EDGE|CONTAINS|P001|L006|END;DEL_EDGE|NEXT_LINE|L006|L011|END;ADD_EDGE|CONTAINS|P000|L006|END;ADD_EDGE|CONTAINS|P001|L015|END;ADD_EDGE|NEXT_LINE|L015|L011|END
doc_186317324e2d91e81f42,DEL_EDGE|CONTAINS|P000|L015|END;DEL_EDGE|CONTAINS|P003|L007|END;DEL_EDGE|NEXT_BLOCK|P000|P001|END;DEL_EDGE|NEXT_BLOCK|P003|P000|END;DEL_EDGE|NEXT_LINE|L003|L007|END;DEL_EDGE|NEXT_LINE|L007|L000|END;ADD_EDGE|CONTAINS|P000|L007|END;ADD_EDGE|CONTAINS|P003|L015|END;ADD_EDGE|NEXT_BLOCK|P000|P003|END;ADD_EDGE|NEXT_BLOCK|P003|P001|END;ADD_EDGE|NEXT_LINE|L003|L015|END;ADD_EDGE|NEXT_LINE|L015|L000|END
doc_18ea91cfc13428bd9653,DEL_EDGE|NEXT_BLOCK|P000|P002|END;DEL_EDGE|NEXT_BLOCK|P002|P003|END;ADD_EDGE|NEXT_BLOCK|P000|P003|END;ADD_EDGE|NEXT_BLOCK|P003|P002|END
doc_192b40be9ff1ad841dfe,DEL_EDGE|NEXT_BLOCK|P000|P005|END;DEL_EDGE|NEXT_BLOCK|P003|P006|END;DEL_EDGE|NEXT_BLOCK|P006|P000|END;ADD_EDGE|NEXT_BLOCK|P000|P006|END;ADD_EDGE|NEXT_BLOCK|P003|P000|END;ADD_EDGE|NEXT_BLOCK|P006|P005|END
doc_195e6e7f77ef588b3f5d,DEL_EDGE|CONTAINS|P002|L006|END;DEL_EDGE|CONTAINS|P004|L000|END;DEL_EDGE|NEXT_LINE|L007|L006|END;ADD_EDGE|CONTAINS|P002|L000|END;ADD_EDGE|CONTAINS|P004|L006|END;ADD_EDGE|NEXT_LINE|L007|L000|END
doc_1982726079cc81fa11a3,DEL_EDGE|NEXT_BLOCK|P000|P001|END;ADD_EDGE|NEXT_BLOCK|P001|P000|END
doc_1a3731a44c3ce3152a04,DEL_EDGE|CONTAINS|P000|L013|END;DEL_EDGE|CONTAINS|P001|L016|END;DEL_EDGE|NEXT_LINE|L001|L013|END;DEL_EDGE|NEXT_LINE|L015|L016|END;ADD_EDGE|CONTAINS|P000|L016|END;ADD_EDGE|CONTAINS|P001|L013|END;ADD_EDGE|NEXT_LINE|L001|L016|END;ADD_EDGE|NEXT_LINE|L015|L013|END
doc_1a5ba15868d1006991c9,DEL_EDGE|CONTAINS|P001|L007|END;DEL_EDGE|CONTAINS|P002|L012|END;ADD_EDGE|CONTAINS|P001|L012|END;ADD_EDGE|CONTAINS|P002|L007|END
doc_1aae71ef76b338bbb7ba,DEL_EDGE|CONTAINS|P000|L022|END;DEL_EDGE|CONTAINS|P001|L014|END;DEL_EDGE|NEXT_BLOCK|P000|P001|END;DEL_EDGE|NEXT_LINE|L014|L009|END;DEL_EDGE|NEXT_LINE|L017|L014|END;DEL_EDGE|NEXT_LINE|L019|L022|END;DEL_EDGE|NEXT_LINE|L022|L023|END;ADD_EDGE|CONTAINS|P000|L014|END;ADD_EDGE|CONTAINS|P001|L022|END;ADD_EDGE|NEXT_BLOCK|P001|P000|END;ADD_EDGE|NEXT_LINE|L014|L023|END;ADD_EDGE|NEXT_LINE|L017|L022|END;ADD_EDGE|NEXT_LINE|L019|L014|END;ADD_EDGE|NEXT_LINE|L022|L009|END
doc_1ab66ddcf17c7da3eb5a,DEL_EDGE|CONTAINS|P000|L010|END;DEL_EDGE|CONTAINS|P001|L019|END;DEL_EDGE|NEXT_BLOCK|P000|P001|END;DEL_EDGE|NEXT_LINE|L010|L017|END;DEL_EDGE|NEXT_LINE|L012|L010|END;DEL_EDGE|NEXT_LINE|L016|L019|END;DEL_EDGE|NEXT_LINE|L019|L003|END;ADD_EDGE|CONTAINS|P000|L019|END;ADD_EDGE|CONTAINS|P001|L010|END;ADD_EDGE|NEXT_BLOCK|P001|P000|END;ADD_EDGE|NEXT_LINE|L010|L003|END;ADD_EDGE|NEXT_LINE|L012|L019|END;ADD_EDGE|NEXT_LINE|L016|L010|END;ADD_EDGE|NEXT_LINE|L019|L017|END
doc_1ac6d2997d1769d8c419,DEL_EDGE|CONTAINS|P000|L024|END;DEL_EDGE|CONTAINS|P003|L032|END;DEL_EDGE|NEXT_LINE|L024|L011|END;DEL_EDGE|NEXT_LINE|L028|L032|END;ADD_EDGE|CONTAINS|P000|L032|END;ADD_EDGE|CONTAINS|P003|L024|END;ADD_EDGE|NEXT_LINE|L028|L024|END;ADD_EDGE|NEXT_LINE|L032|L011|END
doc_1adf598cbcc221be53cf,DEL_EDGE|CONTAINS|P001|L002|END;DEL_EDGE|CONTAINS|P002|L007|END;DEL_EDGE|NEXT_LINE|L002|L010|END;DEL_EDGE|NEXT_LINE|L005|L007|END;DEL_EDGE|NEXT_LINE|L007|L011|END;ADD_EDGE|CONTAINS|P001|L007|END;ADD_EDGE|CONTAINS|P002|L002|END;ADD_EDGE|NEXT_LINE|L002|L011|END;ADD_EDGE|NEXT_LINE|L005|L002|END;ADD_EDGE|NEXT_LINE|L007|L010|END
doc_1b9554ee4d65cb38fe49,DEL_EDGE|NEXT_BLOCK|P001|P002|END;DEL_EDGE|NEXT_BLOCK|P003|P005|END;DEL_EDGE|NEXT_BLOCK|P005|P001|END;ADD_EDGE|NEXT_BLOCK|P001|P005|END;ADD_EDGE|NEXT_BLOCK|P003|P001|END;ADD_EDGE|NEXT_BLOCK|P005|P002|END
doc_1bbe8865a45214a19a42,DEL_EDGE|NEXT_LINE|L001|L006|END;DEL_EDGE|NEXT_LINE|L006|L008|END;ADD_EDGE|NEXT_LINE|L001|L008|END;ADD_EDGE|NEXT_LINE|L006|L001|END
doc_1bca7109946b0cfc1365,DEL_EDGE|NEXT_BLOCK|P002|P004|END;DEL_EDGE|NEXT_BLOCK|P004|P005|END;ADD_EDGE|NEXT_BLOCK|P002|P005|END;ADD_EDGE|NEXT_BLOCK|P005|P004|END
doc_1bf7a0ee614e14a66c54,DEL_EDGE|CONTAINS|P001|L012|END;DEL_EDGE|CONTAINS|P005|L005|END;DEL_EDGE|NEXT_LINE|L001|L012|END;DEL_EDGE|NEXT_LINE|L005|L015|END;DEL_EDGE|NEXT_LINE|L012|L004|END;ADD_EDGE|CONTAINS|P001|L005|END;ADD_EDGE|CONTAINS|P005|L012|END;ADD_EDGE|NEXT_LINE|L001|L005|END;ADD_EDGE|NEXT_LINE|L005|L004|END;ADD_EDGE|NEXT_LINE|L012|L015|END
doc_1c034086a01fda387cf1,DEL_EDGE|NEXT_BLOCK|P001|P000|END;ADD_EDGE|NEXT_BLOCK|P000|P001|END
doc_1c39df871bbbc62bc8c6,DEL_EDGE|CONTAINS|P002|L007|END;DEL_EDGE|CONTAINS|P003|L001|END;DEL_EDGE|NEXT_LINE|L000|L001|END;DEL_EDGE|NEXT_LINE|L005|L007|END;ADD_EDGE|CONTAINS|P002|L001|END;ADD_EDGE|CONTAINS|P003|L007|END;ADD_EDGE|NEXT_LINE|L000|L007|END;ADD_EDGE|NEXT_LINE|L005|L001|END
doc_1cce8051b28fe6b94d03,DEL_EDGE|NEXT_BLOCK|P000|P002|END;DEL_EDGE|NEXT_BLOCK|P001|P000|END;ADD_EDGE|NEXT_BLOCK|P001|P002|END;ADD_EDGE|NEXT_BLOCK|P002|P000|END
doc_1cf00cbb6f7e2d851f28,DEL_EDGE|CONTAINS|P001|L004|END;DEL_EDGE|CONTAINS|P002|L000|END;DEL_EDGE|NEXT_LINE|L003|L004|END;ADD_EDGE|CONTAINS|P001|L000|END;ADD_EDGE|CONTAINS|P002|L004|END;ADD_EDGE|NEXT_LINE|L003|L000|END
doc_1d8520a5997bdb0ac58c,DEL_EDGE|NEXT_BLOCK|P001|P006|END;DEL_EDGE|NEXT_BLOCK|P006|P007|END;DEL_EDGE|NEXT_BLOCK|P007|P002|END;ADD_EDGE|NEXT_BLOCK|P001|P007|END;ADD_EDGE|NEXT_BLOCK|P006|P002|END;ADD_EDGE|NEXT_BLOCK|P007|P006|END
doc_1dad5bf777be26507fa9,DEL_EDGE|NEXT_LINE|L009|L002|END;DEL_EDGE|NEXT_LINE|L010|L011|END;DEL_EDGE|NEXT_LINE|L011|L009|END;ADD_EDGE|NEXT_LINE|L009|L011|END;ADD_EDGE|NEXT_LINE|L010|L009|END;ADD_EDGE|NEXT_LINE|L011|L002|END
doc_1df321966c2e73615929,DEL_EDGE|CONTAINS|P001|L005|END;DEL_EDGE|CONTAINS|P002|L004|END;DEL_EDGE|NEXT_BLOCK|P000|P002|END;DEL_EDGE|NEXT_BLOCK|P002|P001|END;DEL_EDGE|NEXT_LINE|L005|L006|END;ADD_EDGE|CONTAINS|P001|L004|END;ADD_EDGE|CONTAINS|P002|L005|END;ADD_EDGE|NEXT_BLOCK|P000|P001|END;ADD_EDGE|NEXT_BLOCK|P002|P000|END;ADD_EDGE|NEXT_LINE|L004|L006|END
doc_1df41b286294c2df59b9,DEL_EDGE|NEXT_BLOCK|P000|P002|END;DEL_EDGE|NEXT_BLOCK|P003|P000|END;ADD_EDGE|NEXT_BLOCK|P000|P003|END;ADD_EDGE|NEXT_BLOCK|P003|P002|END
doc_1e403030adf551e6d27b,DEL_EDGE|NEXT_BLOCK|P001|P004|END;DEL_EDGE|NEXT_BLOCK|P003|P001|END;DEL_EDGE|NEXT_BLOCK|P004|P002|END;ADD_EDGE|NEXT_BLOCK|P001|P002|END;ADD_EDGE|NEXT_BLOCK|P003|P004|END;ADD_EDGE|NEXT_BLOCK|P004|P001|END
doc_1e9aa291bac06781b694,DEL_EDGE|CONTAINS|P000|L013|END;DEL_EDGE|CONTAINS|P002|L019|END;DEL_EDGE|NEXT_LINE|L001|L019|END;DEL_EDGE|NEXT_LINE|L013|L007|END;DEL_EDGE|NEXT_LINE|L017|L013|END;ADD_EDGE|CONTAINS|P000|L019|END;ADD_EDGE|CONTAINS|P002|L013|END;ADD_EDGE|NEXT_LINE|L001|L013|END;ADD_EDGE|NEXT_LINE|L017|L019|END;ADD_EDGE|NEXT_LINE|L019|L007|END
doc_1efb40838e572efdc6ff,DEL_EDGE|CONTAINS|P000|L012|END;DEL_EDGE|CONTAINS|P001|L007|END;DEL_EDGE|NEXT_LINE|L000|L007|END;DEL_EDGE|NEXT_LINE|L003|L012|END;ADD_EDGE|CONTAINS|P000|L007|END;ADD_EDGE|CONTAINS|P001|L012|END;ADD_EDGE|NEXT_LINE|L000|L012|END;ADD_EDGE|NEXT_LINE|L003|L007|END
doc_1f1288bbbe2767aaea50,DEL_EDGE|CONTAINS|P000|L013|END;DEL_EDGE|CONTAINS|P001|L027|END;DEL_EDGE|NEXT_LINE|L011|L013|END;DEL_EDGE|NEXT_LINE|L016|L027|END;ADD_EDGE|CONTAINS|P000|L027|END;ADD_EDGE|CONTAINS|P001|L013|END;ADD_EDGE|NEXT_LINE|L011|L027|END;ADD_EDGE|NEXT_LINE|L016|L013|END
doc_1f1e20d6d6b09109c595,DEL_EDGE|NEXT_BLOCK|P000|P001|END;DEL_EDGE|NEXT_BLOCK|P003|P000|END;ADD_EDGE|NEXT_BLOCK|P000|P003|END;ADD_EDGE|NEXT_BLOCK|P003|P001|END
doc_1f4a18f233aef4d31d5b,DEL_EDGE|NEXT_BLOCK|P000|P001|END;DEL_EDGE|NEXT_BLOCK|P006|P000|END;DEL_EDGE|NEXT_BLOCK|P007|P006|END;ADD_EDGE|NEXT_BLOCK|P000|P006|END;ADD_EDGE|NEXT_BLOCK|P006|P001|END;ADD_EDGE|NEXT_BLOCK|P007|P000|END
doc_1fb5d279a60ad103bb7c,DEL_EDGE|CONTAINS|P000|L000|END;DEL_EDGE|CONTAINS|P002|L006|END;DEL_EDGE|NEXT_LINE|L000|L011|END;DEL_EDGE|NEXT_LINE|L006|L010|END;ADD_EDGE|CONTAINS|P000|L006|END;ADD_EDGE|CONTAINS|P002|L000|END;ADD_EDGE|NEXT_LINE|L000|L010|END;ADD_EDGE|NEXT_LINE|L006|L011|END
doc_1fbdcfd335e129eadaf9,DEL_EDGE|NEXT_BLOCK|P000|P002|END;DEL_EDGE|NEXT_BLOCK|P001|P000|END;ADD_EDGE|NEXT_BLOCK|P000|P001|END;ADD_EDGE|NEXT_BLOCK|P001|P002|END
doc_2015e6603b43a6436b00,DEL_EDGE|CONTAINS|P001|L009|END;DEL_EDGE|CONTAINS|P003|L007|END;DEL_EDGE|NEXT_LINE|L001|L007|END;DEL_EDGE|NEXT_LINE|L010|L009|END;ADD_EDGE|CONTAINS|P001|L007|END;ADD_EDGE|CONTAINS|P003|L009|END;ADD_EDGE|NEXT_LINE|L001|L009|END;ADD_EDGE|NEXT_LINE|L010|L007|END
doc_20ae1f977ecf0ee47d56,DEL_EDGE|CONTAINS|P000|L007|END;DEL_EDGE|CONTAINS|P002|L005|END;DEL_EDGE|NEXT_LINE|L003|L005|END;DEL_EDGE|NEXT_LINE|L004|L007|END;DEL_EDGE|NEXT_LINE|L007|L001|END;ADD_EDGE|CONTAINS|P000|L005|END;ADD_EDGE|CONTAINS|P002|L007|END;ADD_EDGE|NEXT_LINE|L003|L007|END;ADD_EDGE|NEXT_LINE|L004|L005|END;ADD_EDGE|NEXT_LINE|L005|L001|END
doc_20f637eb503e0c10bb36,DEL_EDGE|CONTAINS|P000|L019|END;DEL_EDGE|CONTAINS|P005|L014|END;DEL_EDGE|NEXT_BLOCK|P001|P007|END;DEL_EDGE|NEXT_BLOCK|P002|P001|END;DEL_EDGE|NEXT_BLOCK|P003|P002|END;DEL_EDGE|NEXT_LINE|L009|L019|END;DEL_EDGE|NEXT_LINE|L014|L004|END;ADD_EDGE|CONTAINS|P000|L014|END;ADD_EDGE|CONTAINS|P005|L019|END;ADD_EDGE|NEXT_BLOCK|P001|P002|END;ADD_EDGE|NEXT_BLOCK|P002|P007|END;ADD_EDGE|NEXT_BLOCK|P003|P001|END;ADD_EDGE|NEXT_LINE|L009|L014|END;ADD_EDGE|NEXT_LINE|L019|L004|END
doc_2116fd4de84e7d9670eb,DEL_EDGE|NEXT_LINE|L002|L005|END;DEL_EDGE|NEXT_LINE|L005|L001|END;ADD_EDGE|NEXT_LINE|L001|L005|END;ADD_EDGE|NEXT_LINE|L002|L001|END
doc_21970053f3798c2c4fd9,DEL_EDGE|NEXT_BLOCK|P003|P006|END;DEL_EDGE|NEXT_BLOCK|P004|P003|END;DEL_EDGE|NEXT_BLOCK|P006|P000|END;ADD_EDGE|NEXT_BLOCK|P003|P000|END;ADD_EDGE|NEXT_BLOCK|P004|P006|END;ADD_EDGE|NEXT_BLOCK|P006|P003|END
doc_21b692d7bcf753530942,DEL_EDGE|CONTAINS|P001|L008|END;DEL_EDGE|CONTAINS|P004|L020|END;DEL_EDGE|NEXT_LINE|L007|L020|END;DEL_EDGE|NEXT_LINE|L021|L008|END;ADD_EDGE|CONTAINS|P001|L020|END;ADD_EDGE|CONTAINS|P004|L008|END;ADD_EDGE|NEXT_LINE|L007|L008|END;ADD_EDGE|NEXT_LINE|L021|L020|END
doc_22f1d74161a481b12831,DEL_EDGE|NEXT_BLOCK|P001|P000|END;DEL_EDGE|NEXT_BLOCK|P002|P001|END;ADD_EDGE|NEXT_BLOCK|P001|P002|END;ADD_EDGE|NEXT_BLOCK|P002|P000|END
doc_239681af783f1cd6ee34,DEL_EDGE|CONTAINS|P000|L006|END;DEL_EDGE|CONTAINS|P002|L008|END;DEL_EDGE|NEXT_LINE|L008|L016|END;DEL_EDGE|NEXT_LINE|L014|L006|END;ADD_EDGE|CONTAINS|P000|L008|END;ADD_EDGE|CONTAINS|P002|L006|END;ADD_EDGE|NEXT_LINE|L006|L016|END;ADD_EDGE|NEXT_LINE|L014|L008|END
doc_2450b8ecaf7698cac1bd,DEL_EDGE|CONTAINS|P002|L008|END;DEL_EDGE|CONTAINS|P003|L025|END;DEL_EDGE|NEXT_LINE|L015|L008|END;ADD_EDGE|CONTAINS|P002|L025|END;ADD_EDGE|CONTAINS|P003|L008|END;ADD_EDGE|NEXT_LINE|L015|L025|END
doc_252ca8065ecb7cd02443,DEL_EDGE|NEXT_BLOCK|P001|P000|END;ADD_EDGE|NEXT_BLOCK|P000|P001|END
doc_25c989c9247097aec2a1,DEL_EDGE|CONTAINS|P001|L020|END;DEL_EDGE|CONTAINS|P002|L014|END;DEL_EDGE|NEXT_LINE|L008|L020|END;DEL_EDGE|NEXT_LINE|L014|L006|END;DEL_EDGE|NEXT_LINE|L020|L017|END;ADD_EDGE|CONTAINS|P001|L014|END;ADD_EDGE|CONTAINS|P002|L020|END;ADD_EDGE|NEXT_LINE|L008|L014|END;ADD_EDGE|NEXT_LINE|L014|L017|END;ADD_EDGE|NEXT_LINE|L020|L006|END
doc_2601c755cc2e58d4cdd4,DEL_EDGE|CONTAINS|P001|L010|END;DEL_EDGE|CONTAINS|P005|L001|END;DEL_EDGE|NEXT_LINE|L001|L016|END;ADD_EDGE|CONTAINS|P001|L001|END;ADD_EDGE|CONTAINS|P005|L010|END;ADD_EDGE|NEXT_LINE|L010|L016|END
doc_268c4f2c028055329b10,DEL_EDGE|CONTAINS|P000|L016|END;DEL_EDGE|CONTAINS|P007|L010|END;DEL_EDGE|NEXT_LINE|L018|L010|END;ADD_EDGE|CONTAINS|P000|L010|END;ADD_EDGE|CONTAINS|P007|L016|END;ADD_EDGE|NEXT_LINE|L018|L016|END
doc_269f73db28e346f72653,DEL_EDGE|CONTAINS|P000|L006|END;DEL_EDGE|CONTAINS|P002|L002|END;DEL_EDGE|NEXT_LINE|L002|L004|END;DEL_EDGE|NEXT_LINE|L003|L006|END;ADD_EDGE|CONTAINS|P000|L002|END;ADD_EDGE|CONTAINS|P002|L006|END;ADD_EDGE|NEXT_LINE|L003|L002|END;ADD_EDGE|NEXT_LINE|L006|L004|END
doc_26cba0c207bd29540d42,DEL_EDGE|CONTAINS|P001|L008|END;DEL_EDGE|CONTAINS|P003|L006|END;DEL_EDGE|NEXT_LINE|L006|L001|END;DEL_EDGE|NEXT_LINE|L008|L007|END;ADD_EDGE|CONTAINS|P001|L006|END;ADD_EDGE|CONTAINS|P003|L008|END;ADD_EDGE|NEXT_LINE|L006|L007|END;ADD_EDGE|NEXT_LINE|L008|L001|END
doc_26cd66cdbecdc9d84e55,DEL_EDGE|CONTAINS|P002|L002|END;DEL_EDGE|CONTAINS|P003|L005|END;ADD_EDGE|CONTAINS|P002|L005|END;ADD_EDGE|CONTAINS|P003|L002|END
doc_27236e0b4e3f8e5c2fc8,DEL_EDGE|CONTAINS|P001|L005|END;DEL_EDGE|CONTAINS|P002|L006|END;DEL_EDGE|NEXT_LINE|L000|L005|END;DEL_EDGE|NEXT_LINE|L005|L002|END;DEL_EDGE|NEXT_LINE|L007|L006|END;ADD_EDGE|CONTAINS|P001|L006|END;ADD_EDGE|CONTAINS|P002|L005|END;ADD_EDGE|NEXT_LINE|L000|L006|END;ADD_EDGE|NEXT_LINE|L006|L002|END;ADD_EDGE|NEXT_LINE|L007|L005|END
doc_2726bcba2c0d677a4da6,DEL_EDGE|CONTAINS|P002|L000|END;DEL_EDGE|CONTAINS|P003|L005|END;DEL_EDGE|NEXT_LINE|L001|L000|END;ADD_EDGE|CONTAINS|P002|L005|END;ADD_EDGE|CONTAINS|P003|L000|END;ADD_EDGE|NEXT_LINE|L001|L005|END
doc_27b13614671476bc96ff,DEL_EDGE|NEXT_LINE|L001|L007|END;DEL_EDGE|NEXT_LINE|L006|L008|END;DEL_EDGE|NEXT_LINE|L007|L006|END;ADD_EDGE|NEXT_LINE|L001|L006|END;ADD_EDGE|NEXT_LINE|L006|L007|END;ADD_EDGE|NEXT_LINE|L007|L008|END
doc_27f3385873cd9bb8d42d,DEL_EDGE|CONTAINS|P001|L019|END;DEL_EDGE|CONTAINS|P002|L010|END;DEL_EDGE|NEXT_LINE|L004|L019|END;DEL_EDGE|NEXT_LINE|L010|L021|END;DEL_EDGE|NEXT_LINE|L019|L024|END;DEL_EDGE|NEXT_LINE|L025|L010|END;ADD_EDGE|CONTAINS|P001|L010|END;ADD_EDGE|CONTAINS|P002|L019|END;ADD_EDGE|NEXT_LINE|L004|L010|END;ADD_EDGE|NEXT_LINE|L010|L024|END;ADD_EDGE|NEXT_LINE|L019|L021|END;ADD_EDGE|NEXT_LINE|L025|L019|END
doc_2893dfb9a33b69d7857d,DEL_EDGE|NEXT_LINE|L006|L012|END;DEL_EDGE|NEXT_LINE|L012|L014|END;DEL_EDGE|NEXT_LINE|L014|L011|END;ADD_EDGE|NEXT_LINE|L006|L014|END;ADD_EDGE|NEXT_LINE|L012|L011|END;ADD_EDGE|NEXT_LINE|L014|L012|END
doc_289c29125f0922a9e9af,DEL_EDGE|CONTAINS|P000|L003|END;DEL_EDGE|CONTAINS|P001|L008|END;DEL_EDGE|NEXT_BLOCK|P000|P001|END;DEL_EDGE|NEXT_LINE|L002|L003|END;DEL_EDGE|NEXT_LINE|L003|L004|END;ADD_EDGE|CONTAINS|P000|L008|END;ADD_EDGE|CONTAINS|P001|L003|END;ADD_EDGE|NEXT_BLOCK|P001|P000|END;ADD_EDGE|NEXT_LINE|L002|L008|END;ADD_EDGE|NEXT_LINE|L008|L004|END
doc_2a4e89255de46969b94d,DEL_EDGE|CONTAINS|P000|L004|END;DEL_EDGE|CONTAINS|P001|L001|END;DEL_EDGE|NEXT_LINE|L004|L003|END;ADD_EDGE|CONTAINS|P000|L001|END;ADD_EDGE|CONTAINS|P001|L004|END;ADD_EDGE|NEXT_LINE|L001|L003|END
doc_2a68e5f34c9b71bb026f,DEL_EDGE|CONTAINS|P001|L006|END;DEL_EDGE|CONTAINS|P003|L015|END;DEL_EDGE|NEXT_LINE|L006|L002|END;DEL_EDGE|NEXT_LINE|L008|L015|END;DEL_EDGE|NEXT_LINE|L015|L013|END;ADD_EDGE|CONTAINS|P001|L015|END;ADD_EDGE|CONTAINS|P003|L006|END;ADD_EDGE|NEXT_LINE|L006|L013|END;ADD_EDGE|NEXT_LINE|L008|L006|END;ADD_EDGE|NEXT_LINE|L015|L002|END
doc_2a8a2798cddec831d5d1,DEL_EDGE|CONTAINS|P001|L009|END;DEL_EDGE|CONTAINS|P002|L007|END;DEL_EDGE|NEXT_LINE|L007|L017|END;DEL_EDGE|NEXT_LINE|L009|L011|END;ADD_EDGE|CONTAINS|P001|L007|END;ADD_EDGE|CONTAINS|P002|L009|END;ADD_EDGE|NEXT_LINE|L007|L011|END;ADD_EDGE|NEXT_LINE|L009|L017|END
doc_2b10722b58c74d878c39,DEL_EDGE|CONTAINS|P003|L018|END;DEL_EDGE|CONTAINS|P005|L008|END;ADD_EDGE|CONTAINS|P003|L008|END;ADD_EDGE|CONTAINS|P005|L018|END
doc_2b3163868eef450ad2ef,DEL_EDGE|NEXT_BLOCK|P000|P001|END;DEL_EDGE|NEXT_BLOCK|P001|P002|END;ADD_EDGE|NEXT_BLOCK|P000|P002|END;ADD_EDGE|NEXT_BLOCK|P002|P001|END
doc_2baba739a0d62d647da6,DEL_EDGE|CONTAINS|P000|L000|END;DEL_EDGE|CONTAINS|P001|L005|END;DEL_EDGE|NEXT_BLOCK|P001|P000|END;DEL_EDGE|NEXT_LINE|L005|L007|END;DEL_EDGE|NEXT_LINE|L006|L005|END;ADD_EDGE|CONTAINS|P000|L005|END;ADD_EDGE|CONTAINS|P001|L000|END;ADD_EDGE|NEXT_BLOCK|P000|P001|END;ADD_EDGE|NEXT_LINE|L000|L007|END;ADD_EDGE|NEXT_LINE|L006|L000|END
doc_2c6277a7c531ad0da006,DEL_EDGE|NEXT_LINE|L000|L005|END;DEL_EDGE|NEXT_LINE|L005|L006|END;ADD_EDGE|NEXT_LINE|L000|L006|END;ADD_EDGE|NEXT_LINE|L006|L005|END
doc_2cc002b2c65b82726b5c,DEL_EDGE|CONTAINS|P001|L015|END;DEL_EDGE|CONTAINS|P002|L000|END;DEL_EDGE|NEXT_LINE|L000|L017|END;DEL_EDGE|NEXT_LINE|L011|L000|END;DEL_EDGE|NEXT_LINE|L013|L015|END;DEL_EDGE|NEXT_LINE|L015|L010|END;ADD_EDGE|CONTAINS|P001|L000|END;ADD_EDGE|CONTAINS|P002|L015|END;ADD_EDGE|NEXT_LINE|L000|L010|END;ADD_EDGE|NEXT_LINE|L011|L015|END;ADD_EDGE|NEXT_LINE|L013|L000|END;ADD_EDGE|NEXT_LINE|L015|L017|END
doc_2cea9d57bc2c0da24fba,DEL_EDGE|NEXT_BLOCK|P000|P001|END;DEL_EDGE|NEXT_BLOCK|P001|P002|END;ADD_EDGE|NEXT_BLOCK|P000|P002|END;ADD_EDGE|NEXT_BLOCK|P001|P000|END
doc_2d1a52a97c6227e59b17,DEL_EDGE|NEXT_BLOCK|P001|P000|END;DEL_EDGE|NEXT_BLOCK|P002|P001|END;ADD_EDGE|NEXT_BLOCK|P001|P002|END;ADD_EDGE|NEXT_BLOCK|P002|P000|END
doc_2d2f5dd539ac8d629e2d,DEL_EDGE|CONTAINS|P001|L001|END;DEL_EDGE|CONTAINS|P002|L005|END;DEL_EDGE|NEXT_LINE|L002|L005|END;DEL_EDGE|NEXT_LINE|L005|L004|END;ADD_EDGE|CONTAINS|P001|L005|END;ADD_EDGE|CONTAINS|P002|L001|END;ADD_EDGE|NEXT_LINE|L001|L004|END;ADD_EDGE|NEXT_LINE|L002|L001|END
doc_2d57d08aa00774c23d0b,DEL_EDGE|CONTAINS|P000|L009|END;DEL_EDGE|CONTAINS|P002|L007|END;DEL_EDGE|NEXT_LINE|L001|L007|END;DEL_EDGE|NEXT_LINE|L009|L016|END;DEL_EDGE|NEXT_LINE|L012|L009|END;ADD_EDGE|CONTAINS|P000|L007|END;ADD_EDGE|CONTAINS|P002|L009|END;ADD_EDGE|NEXT_LINE|L001|L009|END;ADD_EDGE|NEXT_LINE|L007|L016|END;ADD_EDGE|NEXT_LINE|L012|L007|END
doc_2d5d9beee5aae9888c76,DEL_EDGE|NEXT_LINE|L002|L003|END;DEL_EDGE|NEXT_LINE|L004|L002|END;ADD_EDGE|NEXT_LINE|L002|L004|END;ADD_EDGE|NEXT_LINE|L004|L003|END
doc_2d63265682d95b5a6435,DEL_EDGE|CONTAINS|P001|L024|END;DEL_EDGE|CONTAINS|P006|L023|END;DEL_EDGE|NEXT_LINE|L011|L024|END;DEL_EDGE|NEXT_LINE|L023|L022|END;ADD_EDGE|CONTAINS|P001|L023|END;ADD_EDGE|CONTAINS|P006|L024|END;ADD_EDGE|NEXT_LINE|L011|L023|END;ADD_EDGE|NEXT_LINE|L024|L022|END
doc_2db4e36a07d1ac7307a3,DEL_EDGE|CONTAINS|P000|L017|END;DEL_EDGE|CONTAINS|P001|L014|END;DEL_EDGE|NEXT_LINE|L000|L014|END;DEL_EDGE|NEXT_LINE|L003|L017|END;DEL_EDGE|NEXT_LINE|L017|L013|END;ADD_EDGE|CONTAINS|P000|L014|END;ADD_EDGE|CONTAINS|P001|L017|END;ADD_EDGE|NEXT_LINE|L000|L017|END;ADD_EDGE|NEXT_LINE|L003|L014|END;ADD_EDGE|NEXT_LINE|L014|L013|END
doc_2e044715d5a78be0a7f3,DEL_EDGE|CONTAINS|P002|L005|END;DEL_EDGE|CONTAINS|P003|L007|END;DEL_EDGE|NEXT_LINE|L005|L000|END;DEL_EDGE|NEXT_LINE|L007|L008|END;ADD_EDGE|CONTAINS|P002|L007|END;ADD_EDGE|CONTAINS|P003|L005|END;ADD_EDGE|NEXT_LINE|L005|L008|END;ADD_EDGE|NEXT_LINE|L007|L000|END
doc_2e0f6b84d7d308ee14bd,DEL_EDGE|NEXT_BLOCK|P002|P003|END;DEL_EDGE|NEXT_BLOCK|P003|P001|END;ADD_EDGE|NEXT_BLOCK|P002|P001|END;ADD_EDGE|NEXT_BLOCK|P003|P002|END
doc_2e7ec35a1b4407f9e20e,DEL_EDGE|NEXT_BLOCK|P001|P000|END;ADD_EDGE|NEXT_BLOCK|P000|P001|END
doc_2ec8558e0cfb81e94ecd,DEL_EDGE|CONTAINS|P003|L012|END;DEL_EDGE|CONTAINS|P004|L011|END;DEL_EDGE|NEXT_LINE|L012|L009|END;ADD_EDGE|CONTAINS|P003|L011|END;ADD_EDGE|CONTAINS|P004|L012|END;ADD_EDGE|NEXT_LINE|L011|L009|END
doc_2f050fa7b87d7efa614a,DEL_EDGE|CONTAINS|P000|L017|END;DEL_EDGE|CONTAINS|P001|L001|END;DEL_EDGE|NEXT_BLOCK|P000|P001|END;DEL_EDGE|NEXT_BLOCK|P002|P000|END;DEL_EDGE|NEXT_LINE|L001|L018|END;DEL_EDGE|NEXT_LINE|L005|L001|END;DEL_EDGE|NEXT_LINE|L033|L017|END;ADD_EDGE|CONTAINS|P000|L001|END;ADD_EDGE|CONTAINS|P001|L017|END;ADD_EDGE|NEXT_BLOCK|P000|P002|END;ADD_EDGE|NEXT_BLOCK|P002|P001|END;ADD_EDGE|NEXT_LINE|L005|L017|END;ADD_EDGE|NEXT_LINE|L017|L018|END;ADD_EDGE|NEXT_LINE|L033|L001|END
doc_2f063c790f2dfd5df3f1,DEL_EDGE|CONTAINS|P000|L009|END;DEL_EDGE|CONTAINS|P001|L010|END;DEL_EDGE|NEXT_LINE|L005|L010|END;DEL_EDGE|NEXT_LINE|L009|L002|END;ADD_EDGE|CONTAINS|P000|L010|END;ADD_EDGE|CONTAINS|P001|L009|END;ADD_EDGE|NEXT_LINE|L005|L009|END;ADD_EDGE|NEXT_LINE|L010|L002|END
doc_2f12256ba687bda645a9,DEL_EDGE|CONTAINS|P000|L018|END;DEL_EDGE|CONTAINS|P001|L002|END;DEL_EDGE|NEXT_LINE|L002|L012|END;DEL_EDGE|NEXT_LINE|L006|L002|END;DEL_EDGE|NEXT_LINE|L013|L018|END;DEL_EDGE|NEXT_LINE|L018|L021|END;ADD_EDGE|CONTAINS|P000|L002|END;ADD_EDGE|CONTAINS|P001|L018|END;ADD_EDGE|NEXT_LINE|L002|L021|END;ADD_EDGE|NEXT_LINE|L006|L018|END;ADD_EDGE|NEXT_LINE|L013|L002|END;ADD_EDGE|NEXT_LINE|L018|L012|END
doc_2f126fc2653bca3cd341,DEL_EDGE|NEXT_BLOCK|P002|P001|END;DEL_EDGE|NEXT_BLOCK|P003|P002|END;ADD_EDGE|NEXT_BLOCK|P001|P002|END;ADD_EDGE|NEXT_BLOCK|P003|P001|END
doc_2fefe7d3f25c33239524,DEL_EDGE|NEXT_LINE|L009|L005|END;DEL_EDGE|NEXT_LINE|L015|L016|END;DEL_EDGE|NEXT_LINE|L016|L009|END;ADD_EDGE|NEXT_LINE|L009|L016|END;ADD_EDGE|NEXT_LINE|L015|L009|END;ADD_EDGE|NEXT_LINE|L016|L005|END
doc_302de221319b62528d7c,DEL_EDGE|CONTAINS|P000|L014|END;DEL_EDGE|CONTAINS|P001|L000|END;DEL_EDGE|NEXT_LINE|L000|L003|END;DEL_EDGE|NEXT_LINE|L011|L014|END;DEL_EDGE|NEXT_LINE|L014|L013|END;ADD_EDGE|CONTAINS|P000|L000|END;ADD_EDGE|CONTAINS|P001|L014|END;ADD_EDGE|NEXT_LINE|L000|L013|END;ADD_EDGE|NEXT_LINE|L011|L000|END;ADD_EDGE|NEXT_LINE|L014|L003|END
doc_30c55aa07dba51b5b41c,DEL_EDGE|CONTAINS|P000|L005|END;DEL_EDGE|CONTAINS|P004|L020|END;DEL_EDGE|NEXT_BLOCK|P001|P002|END;DEL_EDGE|NEXT_BLOCK|P002|P004|END;DEL_EDGE|NEXT_BLOCK|P003|P001|END;DEL_EDGE|NEXT_LINE|L001|L020|END;DEL_EDGE|NEXT_LINE|L020|L009|END;DEL_EDGE|NEXT_LINE|L023|L005|END;ADD_EDGE|CONTAINS|P000|L020|END;ADD_EDGE|CONTAINS|P004|L005|END;ADD_EDGE|NEXT_BLOCK|P001|P004|END;ADD_EDGE|NEXT_BLOCK|P002|P001|END;ADD_EDGE|NEXT_BLOCK|P003|P002|END;ADD_EDGE|NEXT_LINE|L001|L005|END;ADD_EDGE|NEXT_LINE|L005|L009|END;ADD_EDGE|NEXT_LINE|L023|L020|END
doc_30fc3be6134b936d12b5,DEL_EDGE|CONTAINS|P000|L012|END;DEL_EDGE|CONTAINS|P003|L004|END;DEL_EDGE|NEXT_BLOCK|P001|P002|END;DEL_EDGE|NEXT_BLOCK|P002|P004|END;DEL_EDGE|NEXT_LINE|L004|L015|END;DEL_EDGE|NEXT_LINE|L016|L004|END;DEL_EDGE|NEXT_LINE|L021|L012|END;ADD_EDGE|CONTAINS|P000|L004|END;ADD_EDGE|CONTAINS|P003|L012|END;ADD_EDGE|NEXT_BLOCK|P001|P004|END;ADD_EDGE|NEXT_BLOCK|P004|P002|END;ADD_EDGE|NEXT_LINE|L012|L015|END;ADD_EDGE|NEXT_LINE|L016|L012|END;ADD_EDGE|NEXT_LINE|L021|L004|END
doc_316124430f10ef83c2a2,DEL_EDGE|NEXT_BLOCK|P000|P001|END;ADD_EDGE|NEXT_BLOCK|P001|P000|END
doc_31ab20882a42e2e28fc3,DEL_EDGE|CONTAINS|P000|L021|END;DEL_EDGE|CONTAINS|P002|L014|END;DEL_EDGE|NEXT_BLOCK|P001|P002|END;DEL_EDGE|NEXT_BLOCK|P002|P000|END;DEL_EDGE|NEXT_LINE|L015|L021|END;DEL_EDGE|NEXT_LINE|L018|L014|END;ADD_EDGE|CONTAINS|P000|L014|END;ADD_EDGE|CONTAINS|P002|L021|END;ADD_EDGE|NEXT_BLOCK|P000|P002|END;ADD_EDGE|NEXT_BLOCK|P001|P000|END;ADD_EDGE|NEXT_LINE|L015|L014|END;ADD_EDGE|NEXT_LINE|L018|L021|END
doc_325e06c15bd12f4e7711,DEL_EDGE|NEXT_BLOCK|P001|P000|END;DEL_EDGE|NEXT_BLOCK|P003|P001|END;DEL_EDGE|NEXT_BLOCK|P004|P003|END;ADD_EDGE|NEXT_BLOCK|P001|P003|END;ADD_EDGE|NEXT_BLOCK|P003|P000|END;ADD_EDGE|NEXT_BLOCK|P004|P001|END
doc_32ab4488d29674504a84,DEL_EDGE|CONTAINS|P000|L005|END;DEL_EDGE|CONTAINS|P001|L004|END;DEL_EDGE|NEXT_BLOCK|P000|P001|END;DEL_EDGE|NEXT_LINE|L004|L001|END;DEL_EDGE|NEXT_LINE|L011|L004|END;ADD_EDGE|CONTAINS|P000|L004|END;ADD_EDGE|CONTAINS|P001|L005|END;ADD_EDGE|NEXT_BLOCK|P001|P000|END;ADD_EDGE|NEXT_LINE|L005|L001|END;ADD_EDGE|NEXT_LINE|L011|L005|END
doc_3311e3e3054bcf44d214,DEL_EDGE|NEXT_BLOCK|P000|P001|END;ADD_EDGE|NEXT_BLOCK|P001|P000|END
doc_349fb7e06094b3482ab6,DEL_EDGE|NEXT_LINE|L006|L011|END;DEL_EDGE|NEXT_LINE|L011|L012|END;ADD_EDGE|NEXT_LINE|L006|L012|END;ADD_EDGE|NEXT_LINE|L012|L011|END
doc_34e0091e934ec5923634,DEL_EDGE|CONTAINS|P000|L009|END;DEL_EDGE|CONTAINS|P001|L002|END;DEL_EDGE|NEXT_LINE|L002|L012|END;DEL_EDGE|NEXT_LINE|L009|L008|END;DEL_EDGE|NEXT_LINE|L013|L002|END;ADD_EDGE|CONTAINS|P000|L002|END;ADD_EDGE|CONTAINS|P001|L009|END;ADD_EDGE|NEXT_LINE|L002|L008|END;ADD_EDGE|NEXT_LINE|L009|L012|END;ADD_EDGE|NEXT_LINE|L013|L009|END
doc_354471761323e543e5ab,DEL_EDGE|CONTAINS|P000|L000|END;DEL_EDGE|CONTAINS|P001|L007|END;DEL_EDGE|NEXT_LINE|L000|L001|END;DEL_EDGE|NEXT_LINE|L007|L006|END;ADD_EDGE|CONTAINS|P000|L007|END;ADD_EDGE|CONTAINS|P001|L000|END;ADD_EDGE|NEXT_LINE|L000|L006|END;ADD_EDGE|NEXT_LINE|L007|L001|END
doc_35639ca115e1c3c6356c,DEL_EDGE|NEXT_LINE|L003|L002|END;DEL_EDGE|NEXT_LINE|L007|L008|END;DEL_EDGE|NEXT_LINE|L008|L003|END;ADD_EDGE|NEXT_LINE|L003|L008|END;ADD_EDGE|NEXT_LINE|L007|L003|END;ADD_EDGE|NEXT_LINE|L008|L002|END
doc_35a795b9f56b535ae8d4,DEL_EDGE|NEXT_BLOCK|P003|P004|END;DEL_EDGE|NEXT_BLOCK|P005|P003|END;ADD_EDGE|NEXT_BLOCK|P003|P005|END;ADD_EDGE|NEXT_BLOCK|P005|P004|END
doc_36447475f981c06f2949,DEL_EDGE|CONTAINS|P001|L008|END;DEL_EDGE|CONTAINS|P002|L006|END;DEL_EDGE|NEXT_LINE|L004|L006|END;DEL_EDGE|NEXT_LINE|L006|L003|END;DEL_EDGE|NEXT_LINE|L008|L001|END;DEL_EDGE|NEXT_LINE|L009|L008|END;ADD_EDGE|CONTAINS|P001|L006|END;ADD_EDGE|CONTAINS|P002|L008|END;ADD_EDGE|NEXT_LINE|L004|L008|END;ADD_EDGE|NEXT_LINE|L006|L001|END;ADD_EDGE|NEXT_LINE|L008|L003|END;ADD_EDGE|NEXT_LINE|L009|L006|END
doc_365ff478707d6f191c64,DEL_EDGE|CONTAINS|P000|L006|END;DEL_EDGE|CONTAINS|P004|L005|END;DEL_EDGE|NEXT_LINE|L005|L004|END;DEL_EDGE|NEXT_LINE|L006|L016|END;DEL_EDGE|NEXT_LINE|L022|L005|END;ADD_EDGE|CONTAINS|P000|L005|END;ADD_EDGE|CONTAINS|P004|L006|END;ADD_EDGE|NEXT_LINE|L005|L016|END;ADD_EDGE|NEXT_LINE|L006|L004|END;ADD_EDGE|NEXT_LINE|L022|L006|END
doc_369c93fa30e3415bde04,DEL_EDGE|CONTAINS|P002|L018|END;DEL_EDGE|CONTAINS|P004|L008|END;DEL_EDGE|NEXT_LINE|L008|L007|END;DEL_EDGE|NEXT_LINE|L018|L002|END;ADD_EDGE|CONTAINS|P002|L008|END;ADD_EDGE|CONTAINS|P004|L018|END;ADD_EDGE|NEXT_LINE|L008|L002|END;ADD_EDGE|NEXT_LINE|L018|L007|END
doc_369e77867988155707dc,DEL_EDGE|CONTAINS|P001|L015|END;DEL_EDGE|CONTAINS|P004|L008|END;DEL_EDGE|NEXT_LINE|L003|L008|END;DEL_EDGE|NEXT_LINE|L009|L015|END;DEL_EDGE|NEXT_LINE|L015|L018|END;ADD_EDGE|CONTAINS|P001|L008|END;ADD_EDGE|CONTAINS|P004|L015|END;ADD_EDGE|NEXT_LINE|L003|L015|END;ADD_EDGE|NEXT_LINE|L008|L018|END;ADD_EDGE|NEXT_LINE|L009|L008|END
doc_36aa1e253ce063b157f2,DEL_EDGE|NEXT_BLOCK|P003|P007|END;DEL_EDGE|NEXT_BLOCK|P004|P003|END;ADD_EDGE|NEXT_BLOCK|P003|P004|END;ADD_EDGE|NEXT_BLOCK|P004|P007|END
doc_36e06d471df4ccb7b990,DEL_EDGE|NEXT_LINE|L006|L013|END;DEL_EDGE|NEXT_LINE|L008|L006|END;ADD_EDGE|NEXT_LINE|L006|L008|END;ADD_EDGE|NEXT_LINE|L008|L013|END
doc_3746d0fb47315716fcfd,DEL_EDGE|CONTAINS|P000|L007|END;DEL_EDGE|CONTAINS|P001|L000|END;DEL_EDGE|NEXT_LINE|L001|L000|END;DEL_EDGE|NEXT_LINE|L005|L007|END;ADD_EDGE|CONTAINS|P000|L000|END;ADD_EDGE|CONTAINS|P001|L007|END;ADD_EDGE|NEXT_LINE|L001|L007|END;ADD_EDGE|NEXT_LINE|L005|L000|END
doc_37f751609cdac7b60b0e,DEL_EDGE|CONTAINS|P001|L004|END;DEL_EDGE|CONTAINS|P003|L006|END;DEL_EDGE|NEXT_LINE|L004|L002|END;DEL_EDGE|NEXT_LINE|L006|L009|END;ADD_EDGE|CONTAINS|P001|L006|END;ADD_EDGE|CONTAINS|P003|L004|END;ADD_EDGE|NEXT_LINE|L004|L009|END;ADD_EDGE|NEXT_LINE|L006|L002|END
doc_38bb7be885d2ad6fa1c0,DEL_EDGE|CONTAINS|P000|L002|END;DEL_EDGE|CONTAINS|P002|L005|END;DEL_EDGE|NEXT_LINE|L002|L020|END;ADD_EDGE|CONTAINS|P000|L005|END;ADD_EDGE|CONTAINS|P002|L002|END;ADD_EDGE|NEXT_LINE|L005|L020|END
doc_38bff949f5b8941862c7,DEL_EDGE|NEXT_BLOCK|P001|P002|END;DEL_EDGE|NEXT_BLOCK|P002|P000|END;ADD_EDGE|NEXT_BLOCK|P001|P000|END;ADD_EDGE|NEXT_BLOCK|P002|P001|END
doc_39536cbdadb8fc861d9d,DEL_EDGE|CONTAINS|P001|L001|END;DEL_EDGE|CONTAINS|P002|L014|END;DEL_EDGE|NEXT_LINE|L014|L015|END;ADD_EDGE|CONTAINS|P001|L014|END;ADD_EDGE|CONTAINS|P002|L001|END;ADD_EDGE|NEXT_LINE|L001|L015|END
doc_3955da8b3971467e4c4f,DEL_EDGE|NEXT_BLOCK|P003|P005|END;DEL_EDGE|NEXT_BLOCK|P004|P001|END;DEL_EDGE|NEXT_BLOCK|P005|P004|END;ADD_EDGE|NEXT_BLOCK|P003|P004|END;ADD_EDGE|NEXT_BLOCK|P004|P005|END;ADD_EDGE|NEXT_BLOCK|P005|P001|END
doc_39a8b8f57bc06b40ea27,DEL_EDGE|CONTAINS|P000|L023|END;DEL_EDGE|CONTAINS|P001|L015|END;DEL_EDGE|NEXT_LINE|L015|L031|END;DEL_EDGE|NEXT_LINE|L017|L023|END;DEL_EDGE|NEXT_LINE|L023|L001|END;DEL_EDGE|NEXT_LINE|L034|L015|END;ADD_EDGE|CONTAINS|P000|L015|END;ADD_EDGE|CONTAINS|P001|L023|END;ADD_EDGE|NEXT_LINE|L015|L001|END;ADD_EDGE|NEXT_LINE|L017|L015|END;ADD_EDGE|NEXT_LINE|L023|L031|END;ADD_EDGE|NEXT_LINE|L034|L023|END
doc_3a367423d7f0b0be6570,DEL_EDGE|NEXT_BLOCK|P001|P004|END;DEL_EDGE|NEXT_BLOCK|P004|P000|END;ADD_EDGE|NEXT_BLOCK|P000|P004|END;ADD_EDGE|NEXT_BLOCK|P001|P000|END
doc_3a6ac485ab2142bb5b52,DEL_EDGE|CONTAINS|P000|L013|END;DEL_EDGE|CONTAINS|P001|L010|END;DEL_EDGE|NEXT_LINE|L010|L001|END;DEL_EDGE|NEXT_LINE|L013|L006|END;ADD_EDGE|CONTAINS|P000|L010|END;ADD_EDGE|CONTAINS|P001|L013|END;ADD_EDGE|NEXT_LINE|L010|L006|END;ADD_EDGE|NEXT_LINE|L013|L001|END
doc_3a7f35767d4f666156e8,DEL_EDGE|CONTAINS|P000|L001|END;DEL_EDGE|CONTAINS|P001|L004|END;DEL_EDGE|NEXT_LINE|L000|L001|END;DEL_EDGE|NEXT_LINE|L005|L004|END;ADD_EDGE|CONTAINS|P000|L004|END;ADD_EDGE|CONTAINS|P001|L001|END;ADD_EDGE|NEXT_LINE|L000|L004|END;ADD_EDGE|NEXT_LINE|L005|L001|END
doc_3b2c5d43d0a06303506a,DEL_EDGE|NEXT_BLOCK|P000|P004|END;DEL_EDGE|NEXT_BLOCK|P003|P000|END;DEL_EDGE|NEXT_BLOCK|P004|P002|END;ADD_EDGE|NEXT_BLOCK|P000|P002|END;ADD_EDGE|NEXT_BLOCK|P003|P004|END;ADD_EDGE|NEXT_BLOCK|P004|P000|END
doc_3b2c8aea4ddc92de938a,DEL_EDGE|CONTAINS|P003|L009|END;DEL_EDGE|CONTAINS|P005|L000|END;DEL_EDGE|NEXT_LINE|L009|L007|END;DEL_EDGE|NEXT_LINE|L017|L000|END;ADD_EDGE|CONTAINS|P003|L000|END;ADD_EDGE|CONTAINS|P005|L009|END;ADD_EDGE|NEXT_LINE|L000|L007|END;ADD_EDGE|NEXT_LINE|L017|L009|END
doc_3bb45b3d22066dd43826,DEL_EDGE|CONTAINS|P000|L002|END;DEL_EDGE|CONTAINS|P001|L020|END;DEL_EDGE|NEXT_LINE|L002|L016|END;DEL_EDGE|NEXT_LINE|L003|L002|END;DEL_EDGE|NEXT_LINE|L007|L020|END;DEL_EDGE|NEXT_LINE|L020|L009|END;ADD_EDGE|CONTAINS|P000|L020|END;ADD_EDGE|CONTAINS|P001|L002|END;ADD_EDGE|NEXT_LINE|L002|L009|END;ADD_EDGE|NEXT_LINE|L003|L020|END;ADD_EDGE|NEXT_LINE|L007|L002|END;ADD_EDGE|NEXT_LINE|L020|L016|END
doc_3bc0743848cef2c7dafd,DEL_EDGE|CONTAINS|P001|L001|END;DEL_EDGE|CONTAINS|P002|L010|END;DEL_EDGE|NEXT_LINE|L010|L006|END;ADD_EDGE|CONTAINS|P001|L010|END;ADD_EDGE|CONTAINS|P002|L001|END;ADD_EDGE|NEXT_LINE|L001|L006|END
doc_3c20d2586a0d6dfc4363,DEL_EDGE|CONTAINS|P000|L009|END;DEL_EDGE|CONTAINS|P003|L016|END;DEL_EDGE|NEXT_LINE|L004|L009|END;DEL_EDGE|NEXT_LINE|L016|L007|END;ADD_EDGE|CONTAINS|P000|L016|END;ADD_EDGE|CONTAINS|P003|L009|END;ADD_EDGE|NEXT_LINE|L004|L016|END;ADD_EDGE|NEXT_LINE|L009|L007|END
doc_3c3ec291d94a03bc66d3,DEL_EDGE|CONTAINS|P001|L020|END;DEL_EDGE|CONTAINS|P004|L007|END;DEL_EDGE|NEXT_LINE|L006|L007|END;DEL_EDGE|NEXT_LINE|L020|L000|END;ADD_EDGE|CONTAINS|P001|L007|END;ADD_EDGE|CONTAINS|P004|L020|END;ADD_EDGE|NEXT_LINE|L006|L020|END;ADD_EDGE|NEXT_LINE|L007|L000|END
doc_3c44d30924217a19b88d,DEL_EDGE|NEXT_BLOCK|P002|P004|END;DEL_EDGE|NEXT_BLOCK|P004|P000|END;ADD_EDGE|NEXT_BLOCK|P002|P000|END;ADD_EDGE|NEXT_BLOCK|P004|P002|END
doc_3c4efb370cf75ec9e090,DEL_EDGE|CONTAINS|P000|L011|END;DEL_EDGE|CONTAINS|P003|L013|END;DEL_EDGE|NEXT_LINE|L005|L013|END;DEL_EDGE|NEXT_LINE|L008|L011|END;DEL_EDGE|NEXT_LINE|L011|L009|END;DEL_EDGE|NEXT_LINE|L013|L006|END;ADD_EDGE|CONTAINS|P000|L013|END;ADD_EDGE|CONTAINS|P003|L011|END;ADD_EDGE|NEXT_LINE|L005|L011|END;ADD_EDGE|NEXT_LINE|L008|L013|END;ADD_EDGE|NEXT_LINE|L011|L006|END;ADD_EDGE|NEXT_LINE|L013|L009|END
doc_3c56724d8bad97c0c2a5,DEL_EDGE|CONTAINS|P000|L006|END;DEL_EDGE|CONTAINS|P001|L003|END;DEL_EDGE|NEXT_LINE|L003|L001|END;ADD_EDGE|CONTAINS|P000|L003|END;ADD_EDGE|CONTAINS|P001|L006|END;ADD_EDGE|NEXT_LINE|L006|L001|END
doc_3ce15d23a55ff316bd53,DEL_EDGE|NEXT_BLOCK|P000|P001|END;ADD_EDGE|NEXT_BLOCK|P001|P000|END
doc_3d26e506a842c6e0511d,DEL_EDGE|CONTAINS|P001|L006|END;DEL_EDGE|CONTAINS|P002|L001|END;DEL_EDGE|NEXT_LINE|L001|L011|END;DEL_EDGE|NEXT_LINE|L002|L001|END;DEL_EDGE|NEXT_LINE|L006|L009|END;DEL_EDGE|NEXT_LINE|L014|L006|END;ADD_EDGE|CONTAINS|P001|L001|END;ADD_EDGE|CONTAINS|P002|L006|END;ADD_EDGE|NEXT_LINE|L001|L009|END;ADD_EDGE|NEXT_LINE|L002|L006|END;ADD_EDGE|NEXT_LINE|L006|L011|END;ADD_EDGE|NEXT_LINE|L014|L001|END
doc_3d3e5b870144e185e63c,DEL_EDGE|CONTAINS|P000|L008|END;DEL_EDGE|CONTAINS|P002|L005|END;DEL_EDGE|NEXT_LINE|L005|L001|END;DEL_EDGE|NEXT_LINE|L007|L008|END;ADD_EDGE|CONTAINS|P000|L005|END;ADD_EDGE|CONTAINS|P002|L008|END;ADD_EDGE|NEXT_LINE|L007|L005|END;ADD_EDGE|NEXT_LINE|L008|L001|END
doc_3e4cab0a2f8a17d45187,DEL_EDGE|NEXT_LINE|L000|L010|END;DEL_EDGE|NEXT_LINE|L001|L000|END;DEL_EDGE|NEXT_LINE|L010|L002|END;ADD_EDGE|NEXT_LINE|L000|L002|END;ADD_EDGE|NEXT_LINE|L001|L010|END;ADD_EDGE|NEXT_LINE|L010|L000|END
doc_3fb2bc38de17b9cc25dd,DEL_EDGE|CONTAINS|P000|L004|END;DEL_EDGE|CONTAINS|P001|L000|END;DEL_EDGE|NEXT_BLOCK|P001|P000|END;DEL_EDGE|NEXT_LINE|L000|L010|END;DEL_EDGE|NEXT_LINE|L001|L004|END;DEL_EDGE|NEXT_LINE|L004|L003|END;ADD_EDGE|CONTAINS|P000|L000|END;ADD_EDGE|CONTAINS|P001|L004|END;ADD_EDGE|NEXT_BLOCK|P000|P001|END;ADD_EDGE|NEXT_LINE|L000|L003|END;ADD_EDGE|NEXT_LINE|L001|L000|END;ADD_EDGE|NEXT_LINE|L004|L010|END
doc_3fea03def677209d8447,DEL_EDGE|CONTAINS|P000|L007|END;DEL_EDGE|CONTAINS|P001|L000|END;DEL_EDGE|NEXT_LINE|L001|L007|END;DEL_EDGE|NEXT_LINE|L007|L009|END;ADD_EDGE|CONTAINS|P000|L000|END;ADD_EDGE|CONTAINS|P001|L007|END;ADD_EDGE|NEXT_LINE|L000|L009|END;ADD_EDGE|NEXT_LINE|L001|L000|END
doc_40a5d7105a8850d119c5,DEL_EDGE|CONTAINS|P003|L018|END;DEL_EDGE|CONTAINS|P005|L022|END;ADD_EDGE|CONTAINS|P003|L022|END;ADD_EDGE|CONTAINS|P005|L018|END
doc_40ab753db07e99f5c443,DEL_EDGE|CONTAINS|P000|L001|END;DEL_EDGE|CONTAINS|P002|L004|END;DEL_EDGE|NEXT_LINE|L000|L004|END;DEL_EDGE|NEXT_LINE|L005|L001|END;ADD_EDGE|CONTAINS|P000|L004|END;ADD_EDGE|CONTAINS|P002|L001|END;ADD_EDGE|NEXT_LINE|L000|L001|END;ADD_EDGE|NEXT_LINE|L005|L004|END
doc_40d6032fc1f4dee97950,DEL_EDGE|CONTAINS|P000|L001|END;DEL_EDGE|CONTAINS|P001|L007|END;DEL_EDGE|NEXT_LINE|L004|L001|END;DEL_EDGE|NEXT_LINE|L007|L002|END;ADD_EDGE|CONTAINS|P000|L007|END;ADD_EDGE|CONTAINS|P001|L001|END;ADD_EDGE|NEXT_LINE|L001|L002|END;ADD_EDGE|NEXT_LINE|L004|L007|END
doc_4103fc2da1888d174220,DEL_EDGE|CONTAINS|P002|L006|END;DEL_EDGE|CONTAINS|P003|L010|END;DEL_EDGE|NEXT_BLOCK|P000|P003|END;DEL_EDGE|NEXT_BLOCK|P002|P000|END;DEL_EDGE|NEXT_LINE|L006|L014|END;DEL_EDGE|NEXT_LINE|L009|L006|END;DEL_EDGE|NEXT_LINE|L010|L018|END;ADD_EDGE|CONTAINS|P002|L010|END;ADD_EDGE|CONTAINS|P003|L006|END;ADD_EDGE|NEXT_BLOCK|P002|P003|END;ADD_EDGE|NEXT_BLOCK|P003|P000|END;ADD_EDGE|NEXT_LINE|L006|L018|END;ADD_EDGE|NEXT_LINE|L009|L010|END;ADD_EDGE|NEXT_LINE|L010|L014|END
doc_4175c95745a117ac0cfa,DEL_EDGE|NEXT_BLOCK|P001|P000|END;DEL_EDGE|NEXT_BLOCK|P004|P001|END;ADD_EDGE|NEXT_BLOCK|P000|P001|END;ADD_EDGE|NEXT_BLOCK|P004|P000|END
doc_4177d20a4fa9bbd5a897,DEL_EDGE|NEXT_BLOCK|P000|P003|END;DEL_EDGE|NEXT_BLOCK|P003|P005|END;DEL_EDGE|NEXT_BLOCK|P005|P002|END;ADD_EDGE|NEXT_BLOCK|P000|P005|END;ADD_EDGE|NEXT_BLOCK|P003|P002|END;ADD_EDGE|NEXT_BLOCK|P005|P003|END
doc_419e93b89845111029dd,DEL_EDGE|CONTAINS|P001|L004|END;DEL_EDGE|CONTAINS|P002|L008|END;DEL_EDGE|NEXT_LINE|L004|L010|END;DEL_EDGE|NEXT_LINE|L005|L004|END;ADD_EDGE|CONTAINS|P001|L008|END;ADD_EDGE|CONTAINS|P002|L004|END;ADD_EDGE|NEXT_LINE|L005|L008|END;ADD_EDGE|NEXT_LINE|L008|L010|END
doc_42214bd8c2c82474a90c,DEL_EDGE|CONTAINS|P000|L002|END;DEL_EDGE|CONTAINS|P001|L004|END;DEL_EDGE|NEXT_LINE|L001|L004|END;DEL_EDGE|NEXT_LINE|L004|L003|END;DEL_EDGE|NEXT_LINE|L005|L002|END;ADD_EDGE|CONTAINS|P000|L004|END;ADD_EDGE|CONTAINS|P001|L002|END;ADD_EDGE|NEXT_LINE|L001|L002|END;ADD_EDGE|NEXT_LINE|L002|L003|END;ADD_EDGE|NEXT_LINE|L005|L004|END
doc_42c67723c9faa137168c,DEL_EDGE|CONTAINS|P002|L002|END;DEL_EDGE|CONTAINS|P004|L021|END;DEL_EDGE|NEXT_BLOCK|P000|P003|END;DEL_EDGE|NEXT_BLOCK|P003|P004|END;DEL_EDGE|NEXT_BLOCK|P004|P002|END;DEL_EDGE|NEXT_LINE|L002|L022|END;DEL_EDGE|NEXT_LINE|L003|L021|END;DEL_EDGE|NEXT_LINE|L020|L002|END;DEL_EDGE|NEXT_LINE|L021|L004|END;ADD_EDGE|CONTAINS|P002|L021|END;ADD_EDGE|CONTAINS|P004|L002|END;ADD_EDGE|NEXT_BLOCK|P000|P004|END;ADD_EDGE|NEXT_BLOCK|P003|P002|END;ADD_EDGE|NEXT_BLOCK|P004|P003|END;ADD_EDGE|NEXT_LINE|L002|L004|END;ADD_EDGE|NEXT_LINE|L003|L002|END;ADD_EDGE|NEXT_LINE|L020|L021|END;ADD_EDGE|NEXT_LINE|L021|L022|END
doc_4335a1ed9da3b06c5b00,DEL_EDGE|NEXT_BLOCK|P000|P001|END;DEL_EDGE|NEXT_BLOCK|P001|P002|END;ADD_EDGE|NEXT_BLOCK|P000|P002|END;ADD_EDGE|NEXT_BLOCK|P001|P000|END
doc_433b21332a768db3706d,DEL_EDGE|CONTAINS|P000|L001|END;DEL_EDGE|CONTAINS|P001|L007|END;DEL_EDGE|NEXT_BLOCK|P000|P001|END;DEL_EDGE|NEXT_LINE|L001|L003|END;DEL_EDGE|NEXT_LINE|L002|L001|END;ADD_EDGE|CONTAINS|P000|L007|END;ADD_EDGE|CONTAINS|P001|L001|END;ADD_EDGE|NEXT_BLOCK|P001|P000|END;ADD_EDGE|NEXT_LINE|L002|L007|END;ADD_EDGE|NEXT_LINE|L007|L003|END
doc_43d3aa8ea3e292589490,DEL_EDGE|CONTAINS|P000|L015|END;DEL_EDGE|CONTAINS|P002|L009|END;DEL_EDGE|NEXT_BLOCK|P001|P002|END;DEL_EDGE|NEXT_BLOCK|P002|P000|END;DEL_EDGE|NEXT_LINE|L015|L002|END;ADD_EDGE|CONTAINS|P000|L009|END;ADD_EDGE|CONTAINS|P002|L015|END;ADD_EDGE|NEXT_BLOCK|P000|P002|END;ADD_EDGE|NEXT_BLOCK|P001|P000|END;ADD_EDGE|NEXT_LINE|L009|L002|END
doc_4499e29c4e9adcf1c352,DEL_EDGE|NEXT_BLOCK|P001|P005|END;DEL_EDGE|NEXT_BLOCK|P004|P000|END;DEL_EDGE|NEXT_BLOCK|P005|P004|END;ADD_EDGE|NEXT_BLOCK|P001|P004|END;ADD_EDGE|NEXT_BLOCK|P004|P005|END;ADD_EDGE|NEXT_BLOCK|P005|P000|END
doc_4574b498e50d19d599ac,DEL_EDGE|CONTAINS|P000|L002|END;DEL_EDGE|CONTAINS|P004|L018|END;DEL_EDGE|NEXT_BLOCK|P001|P003|END;DEL_EDGE|NEXT_BLOCK|P002|P000|END;DEL_EDGE|NEXT_BLOCK|P003|P002|END;DEL_EDGE|NEXT_LINE|L002|L006|END;DEL_EDGE|NEXT_LINE|L005|L002|END;DEL_EDGE|NEXT_LINE|L018|L004|END;ADD_EDGE|CONTAINS|P000|L018|END;ADD_EDGE|CONTAINS|P004|L002|END;ADD_EDGE|NEXT_BLOCK|P001|P002|END;ADD_EDGE|NEXT_BLOCK|P002|P003|END;ADD_EDGE|NEXT_BLOCK|P003|P000|END;ADD_EDGE|NEXT_LINE|L002|L004|END;ADD_EDGE|NEXT_LINE|L005|L018|END;ADD_EDGE|NEXT_LINE|L018|L006|END
doc_45c6770fe3d44fdb64ca,DEL_EDGE|NEXT_BLOCK|P000|P002|END;DEL_EDGE|NEXT_BLOCK|P001|P000|END;DEL_EDGE|NEXT_BLOCK|P003|P001|END;ADD_EDGE|NEXT_BLOCK|P000|P001|END;ADD_EDGE|NEXT_BLOCK|P001|P002|END;ADD_EDGE|NEXT_BLOCK|P003|P000|END
doc_460d19787533ce6ec568,DEL_EDGE|CONTAINS|P000|L015|END;DEL_EDGE|CONTAINS|P004|L004|END;DEL_EDGE|NEXT_LINE|L004|L000|END;DEL_EDGE|NEXT_LINE|L010|L004|END;DEL_EDGE|NEXT_LINE|L015|L003|END;ADD_EDGE|CONTAINS|P000|L004|END;ADD_EDGE|CONTAINS|P004|L015|END;ADD_EDGE|NEXT_LINE|L004|L003|END;ADD_EDGE|NEXT_LINE|L010|L015|END;ADD_EDGE|NEXT_LINE|L015|L000|END
doc_465735723ac6c3f877b2,DEL_EDGE|CONTAINS|P001|L007|END;DEL_EDGE|CONTAINS|P002|L010|END;DEL_EDGE|NEXT_LINE|L006|L010|END;DEL_EDGE|NEXT_LINE|L008|L007|END;DEL_EDGE|NEXT_LINE|L010|L005|END;ADD_EDGE|CONTAINS|P001|L010|END;ADD_EDGE|CONTAINS|P002|L007|END;ADD_EDGE|NEXT_LINE|L006|L007|END;ADD_EDGE|NEXT_LINE|L007|L005|END;ADD_EDGE|NEXT_LINE|L008|L010|END
doc_46a0d250edbcea1407b6,DEL_EDGE|CONTAINS|P002|L017|END;DEL_EDGE|CONTAINS|P003|L015|END;DEL_EDGE|NEXT_LINE|L015|L016|END;DEL_EDGE|NEXT_LINE|L026|L017|END;ADD_EDGE|CONTAINS|P002|L015|END;ADD_EDGE|CONTAINS|P003|L017|END;ADD_EDGE|NEXT_LINE|L017|L016|END;ADD_EDGE|NEXT_LINE|L026|L015|END
doc_46c4638387287e67cb89,DEL_EDGE|CONTAINS|P001|L021|END;DEL_EDGE|CONTAINS|P004|L006|END;DEL_EDGE|NEXT_LINE|L006|L010|END;DEL_EDGE|NEXT_LINE|L012|L006|END;ADD_EDGE|CONTAINS|P001|L006|END;ADD_EDGE|CONTAINS|P004|L021|END;ADD_EDGE|NEXT_LINE|L012|L021|END;ADD_EDGE|NEXT_LINE|L021|L010|END
doc_46ce046811752d6adf7a,DEL_EDGE|NEXT_BLOCK|P000|P001|END;DEL_EDGE|NEXT_BLOCK|P001|P002|END;ADD_EDGE|NEXT_BLOCK|P000|P002|END;ADD_EDGE|NEXT_BLOCK|P001|P000|END
doc_470cb1f7e5baee07666f,DEL_EDGE|CONTAINS|P000|L008|END;DEL_EDGE|CONTAINS|P002|L001|END;DEL_EDGE|NEXT_BLOCK|P001|P000|END;DEL_EDGE|NEXT_BLOCK|P002|P001|END;DEL_EDGE|NEXT_LINE|L000|L001|END;DEL_EDGE|NEXT_LINE|L001|L007|END;DEL_EDGE|NEXT_LINE|L008|L003|END;ADD_EDGE|CONTAINS|P000|L001|END;ADD_EDGE|CONTAINS|P002|L008|END;ADD_EDGE|NEXT_BLOCK|P001|P002|END;ADD_EDGE|NEXT_BLOCK|P002|P000|END;ADD_EDGE|NEXT_LINE|L000|L008|END;ADD_EDGE|NEXT_LINE|L001|L003|END;ADD_EDGE|NEXT_LINE|L008|L007|END
doc_4720a92ee267ea8646fe,DEL_EDGE|CONTAINS|P001|L001|END;DEL_EDGE|CONTAINS|P003|L010|END;DEL_EDGE|NEXT_LINE|L004|L001|END;DEL_EDGE|NEXT_LINE|L011|L010|END;ADD_EDGE|CONTAINS|P001|L010|END;ADD_EDGE|CONTAINS|P003|L001|END;ADD_EDGE|NEXT_LINE|L004|L010|END;ADD_EDGE|NEXT_LINE|L011|L001|END
doc_4777c3f428176b141972,DEL_EDGE|NEXT_BLOCK|P001|P000|END;ADD_EDGE|NEXT_BLOCK|P000|P001|END
doc_47ea79293a176e545e2b,DEL_EDGE|CONTAINS|P000|L024|END;DEL_EDGE|CONTAINS|P001|L018|END;DEL_EDGE|NEXT_LINE|L018|L010|END;ADD_EDGE|CONTAINS|P000|L018|END;ADD_EDGE|CONTAINS|P001|L024|END;ADD_EDGE|NEXT_LINE|L024|L010|END
doc_4812e232c6216102bc38,DEL_EDGE|NEXT_BLOCK|P000|P002|END;DEL_EDGE|NEXT_BLOCK|P001|P000|END;ADD_EDGE|NEXT_BLOCK|P000|P001|END;ADD_EDGE|NEXT_BLOCK|P001|P002|END
doc_4819ca1eef878ef93eeb,DEL_EDGE|CONTAINS|P000|L011|END;DEL_EDGE|CONTAINS|P003|L006|END;DEL_EDGE|NEXT_LINE|L006|L016|END;DEL_EDGE|NEXT_LINE|L015|L011|END;ADD_EDGE|CONTAINS|P000|L006|END;ADD_EDGE|CONTAINS|P003|L011|END;ADD_EDGE|NEXT_LINE|L011|L016|END;ADD_EDGE|NEXT_LINE|L015|L006|END
doc_48c9349ec0554d104c30,DEL_EDGE|CONTAINS|P001|L017|END;DEL_EDGE|CONTAINS|P004|L021|END;DEL_EDGE|NEXT_LINE|L017|L026|END;DEL_EDGE|NEXT_LINE|L021|L032|END;DEL_EDGE|NEXT_LINE|L029|L021|END;ADD_EDGE|CONTAINS|P001|L021|END;ADD_EDGE|CONTAINS|P004|L017|END;ADD_EDGE|NEXT_LINE|L017|L032|END;ADD_EDGE|NEXT_LINE|L021|L026|END;ADD_EDGE|NEXT_LINE|L029|L017|END
doc_4a2a015f1a0f9483ad6d,DEL_EDGE|CONTAINS|P000|L003|END;DEL_EDGE|CONTAINS|P002|L012|END;DEL_EDGE|NEXT_LINE|L001|L012|END;DEL_EDGE|NEXT_LINE|L003|L013|END;ADD_EDGE|CONTAINS|P000|L012|END;ADD_EDGE|CONTAINS|P002|L003|END;ADD_EDGE|NEXT_LINE|L001|L003|END;ADD_EDGE|NEXT_LINE|L012|L013|END
doc_4a7b7de9fbc390490df4,DEL_EDGE|CONTAINS|P001|L000|END;DEL_EDGE|CONTAINS|P002|L003|END;DEL_EDGE|NEXT_LINE|L000|L004|END;DEL_EDGE|NEXT_LINE|L001|L000|END;ADD_EDGE|CONTAINS|P001|L003|END;ADD_EDGE|CONTAINS|P002|L000|END;ADD_EDGE|NEXT_LINE|L001|L003|END;ADD_EDGE|NEXT_LINE|L003|L004|END
doc_4ac3b8197e70f0a4f1f9,DEL_EDGE|NEXT_BLOCK|P000|P004|END;DEL_EDGE|NEXT_BLOCK|P001|P000|END;DEL_EDGE|NEXT_BLOCK|P003|P001|END;ADD_EDGE|NEXT_BLOCK|P000|P001|END;ADD_EDGE|NEXT_BLOCK|P001|P004|END;ADD_EDGE|NEXT_BLOCK|P003|P000|END
doc_4bd51c1a5a6239c0a0bd,DEL_EDGE|CONTAINS|P000|L006|END;DEL_EDGE|CONTAINS|P002|L000|END;DEL_EDGE|NEXT_LINE|L000|L002|END;DEL_EDGE|NEXT_LINE|L001|L000|END;DEL_EDGE|NEXT_LINE|L005|L006|END;DEL_EDGE|NEXT_LINE|L006|L003|END;ADD_EDGE|CONTAINS|P000|L000|END;ADD_EDGE|CONTAINS|P002|L006|END;ADD_EDGE|NEXT_LINE|L000|L003|END;ADD_EDGE|NEXT_LINE|L001|L006|END;ADD_EDGE|NEXT_LINE|L005|L000|END;ADD_EDGE|NEXT_LINE|L006|L002|END
doc_4bdd856bd14fe43d2ba6,DEL_EDGE|NEXT_BLOCK|P000|P005|END;DEL_EDGE|NEXT_BLOCK|P002|P000|END;ADD_EDGE|NEXT_BLOCK|P002|P005|END;ADD_EDGE|NEXT_BLOCK|P005|P000|END
doc_4c28289eea478ba3ee9c,DEL_EDGE|NEXT_BLOCK|P001|P003|END;DEL_EDGE|NEXT_BLOCK|P002|P001|END;ADD_EDGE|NEXT_BLOCK|P001|P002|END;ADD_EDGE|NEXT_BLOCK|P002|P003|END
doc_4d3d056746a4930ced92,DEL_EDGE|CONTAINS|P001|L005|END;DEL_EDGE|CONTAINS|P003|L004|END;DEL_EDGE|NEXT_BLOCK|P000|P002|END;DEL_EDGE|NEXT_BLOCK|P002|P003|END;DEL_EDGE|NEXT_LINE|L000|L004|END;DEL_EDGE|NEXT_LINE|L004|L003|END;DEL_EDGE|NEXT_LINE|L005|L007|END;ADD_EDGE|CONTAINS|P001|L004|END;ADD_EDGE|CONTAINS|P003|L005|END;ADD_EDGE|NEXT_BLOCK|P000|P003|END;ADD_EDGE|NEXT_BLOCK|P003|P002|END;ADD_EDGE|NEXT_LINE|L000|L005|END;ADD_EDGE|NEXT_LINE|L004|L007|END;ADD_EDGE|NEXT_LINE|L005|L003|END
doc_4d6fbb04bae9d8d5b08e,DEL_EDGE|NEXT_BLOCK|P000|P001|END;ADD_EDGE|NEXT_BLOCK|P001|P000|END
doc_4dd1ab6cfd826b2e9bc1,DEL_EDGE|CONTAINS|P000|L002|END;DEL_EDGE|CONTAINS|P002|L008|END;DEL_EDGE|NEXT_LINE|L001|L002|END;DEL_EDGE|NEXT_LINE|L008|L007|END;ADD_EDGE|CONTAINS|P000|L008|END;ADD_EDGE|CONTAINS|P002|L002|END;ADD_EDGE|NEXT_LINE|L001|L008|END;ADD_EDGE|NEXT_LINE|L002|L007|END
doc_4de1a687c86c7d0912b0,DEL_EDGE|CONTAINS|P003|L000|END;DEL_EDGE|CONTAINS|P004|L013|END;ADD_EDGE|CONTAINS|P003|L013|END;ADD_EDGE|CONTAINS|P004|L000|END
doc_4e39a37163397095493f,DEL_EDGE|NEXT_BLOCK|P001|P000|END;DEL_EDGE|NEXT_BLOCK|P002|P001|END;ADD_EDGE|NEXT_BLOCK|P001|P002|END;ADD_EDGE|NEXT_BLOCK|P002|P000|END
doc_4e53272fed3264521b16,DEL_EDGE|CONTAINS|P001|L012|END;DEL_EDGE|CONTAINS|P004|L003|END;DEL_EDGE|NEXT_LINE|L002|L012|END;DEL_EDGE|NEXT_LINE|L005|L003|END;ADD_EDGE|CONTAINS|P001|L003|END;ADD_EDGE|CONTAINS|P004|L012|END;ADD_EDGE|NEXT_LINE|L002|L003|END;ADD_EDGE|NEXT_LINE|L005|L012|END
doc_4ecd0ce801f1860acd83,DEL_EDGE|NEXT_BLOCK|P000|P002|END;DEL_EDGE|NEXT_BLOCK|P002|P001|END;ADD_EDGE|NEXT_BLOCK|P000|P001|END;ADD_EDGE|NEXT_BLOCK|P002|P000|END
doc_4ee801da1f46aa0d1d56,DEL_EDGE|CONTAINS|P000|L003|END;DEL_EDGE|CONTAINS|P002|L006|END;DEL_EDGE|NEXT_LINE|L003|L010|END;ADD_EDGE|CONTAINS|P000|L006|END;ADD_EDGE|CONTAINS|P002|L003|END;ADD_EDGE|NEXT_LINE|L006|L010|END
doc_4f593dc0685cce1c0d94,DEL_EDGE|CONTAINS|P000|L021|END;DEL_EDGE|CONTAINS|P005|L012|END;DEL_EDGE|NEXT_LINE|L012|L019|END;DEL_EDGE|NEXT_LINE|L024|L021|END;ADD_EDGE|CONTAINS|P000|L012|END;ADD_EDGE|CONTAINS|P005|L021|END;ADD_EDGE|NEXT_LINE|L021|L019|END;ADD_EDGE|NEXT_LINE|L024|L012|END
doc_4f658f0630dd1914679b,DEL_EDGE|CONTAINS|P002|L011|END;DEL_EDGE|CONTAINS|P004|L013|END;DEL_EDGE|NEXT_LINE|L011|L016|END;DEL_EDGE|NEXT_LINE|L013|L020|END;DEL_EDGE|NEXT_LINE|L018|L013|END;DEL_EDGE|NEXT_LINE|L021|L011|END;ADD_EDGE|CONTAINS|P002|L013|END;ADD_EDGE|CONTAINS|P004|L011|END;ADD_EDGE|NEXT_LINE|L011|L020|END;ADD_EDGE|NEXT_LINE|L013|L016|END;ADD_EDGE|NEXT_LINE|L018|L011|END;ADD_EDGE|NEXT_LINE|L021|L013|END
doc_4fb371d987fd442473e6,DEL_EDGE|CONTAINS|P001|L004|END;DEL_EDGE|CONTAINS|P002|L002|END;DEL_EDGE|NEXT_LINE|L001|L004|END;ADD_EDGE|CONTAINS|P001|L002|END;ADD_EDGE|CONTAINS|P002|L004|END;ADD_EDGE|NEXT_LINE|L001|L002|END
doc_509a99f7d582b4194ed1,DEL_EDGE|CONTAINS|P001|L009|END;DEL_EDGE|CONTAINS|P002|L011|END;ADD_EDGE|CONTAINS|P001|L011|END;ADD_EDGE|CONTAINS|P002|L009|END
doc_50bf68007fb8d6b91256,DEL_EDGE|NEXT_BLOCK|P000|P001|END;DEL_EDGE|NEXT_BLOCK|P001|P003|END;DEL_EDGE|NEXT_BLOCK|P003|P002|END;ADD_EDGE|NEXT_BLOCK|P000|P003|END;ADD_EDGE|NEXT_BLOCK|P001|P002|END;ADD_EDGE|NEXT_BLOCK|P003|P001|END
doc_51865d3041714112ec01,DEL_EDGE|CONTAINS|P006|L020|END;DEL_EDGE|CONTAINS|P007|L018|END;DEL_EDGE|NEXT_BLOCK|P005|P006|END;DEL_EDGE|NEXT_BLOCK|P006|P007|END;DEL_EDGE|NEXT_BLOCK|P007|P001|END;DEL_EDGE|NEXT_LINE|L019|L020|END;DEL_EDGE|NEXT_LINE|L020|L009|END;ADD_EDGE|CONTAINS|P006|L018|END;ADD_EDGE|CONTAINS|P007|L020|END;ADD_EDGE|NEXT_BLOCK|P005|P007|END;ADD_EDGE|NEXT_BLOCK|P006|P001|END;ADD_EDGE|NEXT_BLOCK|P007|P006|END;ADD_EDGE|NEXT_LINE|L018|L009|END;ADD_EDGE|NEXT_LINE|L019|L018|END
doc_518acaa75f4640ed7b02,DEL_EDGE|CONTAINS|P000|L003|END;DEL_EDGE|CONTAINS|P001|L011|END;DEL_EDGE|NEXT_BLOCK|P000|P002|END;DEL_EDGE|NEXT_BLOCK|P003|P000|END;DEL_EDGE|NEXT_LINE|L003|L002|END;DEL_EDGE|NEXT_LINE|L005|L011|END;ADD_EDGE|CONTAINS|P000|L011|END;ADD_EDGE|CONTAINS|P001|L003|END;ADD_EDGE|NEXT_BLOCK|P002|P000|END;ADD_EDGE|NEXT_BLOCK|P003|P002|END;ADD_EDGE|NEXT_LINE|L005|L003|END;ADD_EDGE|NEXT_LINE|L011|L002|END
doc_51e0f722d91196ba41c7,DEL_EDGE|CONTAINS|P000|L002|END;DEL_EDGE|CONTAINS|P002|L011|END;DEL_EDGE|NEXT_BLOCK|P000|P001|END;DEL_EDGE|NEXT_BLOCK|P001|P002|END;DEL_EDGE|NEXT_LINE|L002|L017|END;DEL_EDGE|NEXT_LINE|L006|L002|END;DEL_EDGE|NEXT_LINE|L020|L011|END;ADD_EDGE|CONTAINS|P000|L011|END;ADD_EDGE|CONTAINS|P002|L002|END;ADD_EDGE|NEXT_BLOCK|P000|P002|END;ADD_EDGE|NEXT_BLOCK|P001|P000|END;ADD_EDGE|NEXT_LINE|L006|L011|END;ADD_EDGE|NEXT_LINE|L011|L017|END;ADD_EDGE|NEXT_LINE|L020|L002|END
doc_52ba20304a14c036ea41,DEL_EDGE|CONTAINS|P004|L026|END;DEL_EDGE|CONTAINS|P006|L016|END;DEL_EDGE|NEXT_LINE|L016|L011|END;ADD_EDGE|CONTAINS|P004|L016|END;ADD_EDGE|CONTAINS|P006|L026|END;ADD_EDGE|NEXT_LINE|L026|L011|END
doc_52f0b4513954a21c7a4c,DEL_EDGE|CONTAINS|P001|L009|END;DEL_EDGE|CONTAINS|P002|L006|END;DEL_EDGE|NEXT_LINE|L006|L010|END;ADD_EDGE|CONTAINS|P001|L006|END;ADD_EDGE|CONTAINS|P002|L009|END;ADD_EDGE|NEXT_LINE|L009|L010|END
doc_5322c331d21acbd26fb1,DEL_EDGE|CONTAINS|P001|L014|END;DEL_EDGE|CONTAINS|P002|L003|END;DEL_EDGE|NEXT_LINE|L000|L014|END;DEL_EDGE|NEXT_LINE|L003|L010|END;DEL_EDGE|NEXT_LINE|L005|L003|END;ADD_EDGE|CONTAINS|P001|L003|END;ADD_EDGE|CONTAINS|P002|L014|END;ADD_EDGE|NEXT_LINE|L000|L003|END;ADD_EDGE|NEXT_LINE|L005|L014|END;ADD_EDGE|NEXT_LINE|L014|L010|END
doc_534efa738d523607a9f6,DEL_EDGE|CONTAINS|P003|L001|END;DEL_EDGE|CONTAINS|P004|L009|END;DEL_EDGE|NEXT_LINE|L006|L001|END;DEL_EDGE|NEXT_LINE|L009|L007|END;ADD_EDGE|CONTAINS|P003|L009|END;ADD_EDGE|CONTAINS|P004|L001|END;ADD_EDGE|NEXT_LINE|L001|L007|END;ADD_EDGE|NEXT_LINE|L006|L009|END
doc_53d86190876130b0ef23,DEL_EDGE|NEXT_BLOCK|P000|P001|END;DEL_EDGE|NEXT_BLOCK|P001|P002|END;ADD_EDGE|NEXT_BLOCK|P000|P002|END;ADD_EDGE|NEXT_BLOCK|P002|P001|END
doc_53f55467ae3ebe9bbc5c,DEL_EDGE|NEXT_LINE|L004|L007|END;DEL_EDGE|NEXT_LINE|L007|L010|END;ADD_EDGE|NEXT_LINE|L004|L010|END;ADD_EDGE|NEXT_LINE|L007|L004|END
doc_54229a44551d1b7abca5,DEL_EDGE|CONTAINS|P000|L005|END;DEL_EDGE|CONTAINS|P003|L010|END;DEL_EDGE|NEXT_LINE|L005|L009|END;DEL_EDGE|NEXT_LINE|L010|L003|END;DEL_EDGE|NEXT_LINE|L012|L010|END;ADD_EDGE|CONTAINS|P000|L010|END;ADD_EDGE|CONTAINS|P003|L005|END;ADD_EDGE|NEXT_LINE|L005|L003|END;ADD_EDGE|NEXT_LINE|L010|L009|END;ADD_EDGE|NEXT_LINE|L012|L005|END
doc_54590c186bb0622b2592,DEL_EDGE|CONTAINS|P000|L000|END;DEL_EDGE|CONTAINS|P003|L002|END;DEL_EDGE|NEXT_BLOCK|P001|P002|END;DEL_EDGE|NEXT_BLOCK|P003|P001|END;DEL_EDGE|NEXT_LINE|L001|L002|END;ADD_EDGE|CONTAINS|P000|L002|END;ADD_EDGE|CONTAINS|P003|L000|END;ADD_EDGE|NEXT_BLOCK|P002|P001|END;ADD_EDGE|NEXT_BLOCK|P003|P002|END;ADD_EDGE|NEXT_LINE|L001|L000|END
doc_556781129fc7b9788472,DEL_EDGE|CONTAINS|P000|L004|END;DEL_EDGE|CONTAINS|P001|L001|END;DEL_EDGE|NEXT_LINE|L000|L004|END;DEL_EDGE|NEXT_LINE|L010|L001|END;ADD_EDGE|CONTAINS|P000|L001|END;ADD_EDGE|CONTAINS|P001|L004|END;ADD_EDGE|NEXT_LINE|L000|L001|END;ADD_EDGE|NEXT_LINE|L010|L004|END
doc_55c86d0b51f3f54a22c8,DEL_EDGE|CONTAINS|P000|L011|END;DEL_EDGE|CONTAINS|P005|L002|END;DEL_EDGE|NEXT_LINE|L008|L011|END;DEL_EDGE|NEXT_LINE|L011|L014|END;ADD_EDGE|CONTAINS|P000|L002|END;ADD_EDGE|CONTAINS|P005|L011|END;ADD_EDGE|NEXT_LINE|L002|L014|END;ADD_EDGE|NEXT_LINE|L008|L002|END
doc_565cb4f6c1e0217d2d8e,DEL_EDGE|CONTAINS|P000|L004|END;DEL_EDGE|CONTAINS|P001|L003|END;DEL_EDGE|NEXT_BLOCK|P000|P002|END;DEL_EDGE|NEXT_BLOCK|P001|P000|END;DEL_EDGE|NEXT_LINE|L003|L001|END;DEL_EDGE|NEXT_LINE|L006|L003|END;ADD_EDGE|CONTAINS|P000|L003|END;ADD_EDGE|CONTAINS|P001|L004|END;ADD_EDGE|NEXT_BLOCK|P000|P001|END;ADD_EDGE|NEXT_BLOCK|P001|P002|END;ADD_EDGE|NEXT_LINE|L004|L001|END;ADD_EDGE|NEXT_LINE|L006|L004|END
doc_56d780cb64e2f987c564,DEL_EDGE|CONTAINS|P002|L021|END;DEL_EDGE|CONTAINS|P003|L015|END;DEL_EDGE|NEXT_LINE|L012|L015|END;DEL_EDGE|NEXT_LINE|L015|L016|END;DEL_EDGE|NEXT_LINE|L021|L019|END;ADD_EDGE|CONTAINS|P002|L015|END;ADD_EDGE|CONTAINS|P003|L021|END;ADD_EDGE|NEXT_LINE|L012|L021|END;ADD_EDGE|NEXT_LINE|L015|L019|END;ADD_EDGE|NEXT_LINE|L021|L016|END
doc_571e3e565a5118257d5a,DEL_EDGE|CONTAINS|P000|L014|END;DEL_EDGE|CONTAINS|P007|L002|END;DEL_EDGE|NEXT_BLOCK|P005|P000|END;DEL_EDGE|NEXT_BLOCK|P007|P005|END;DEL_EDGE|NEXT_BLOCK|P008|P007|END;DEL_EDGE|NEXT_LINE|L014|L001|END;DEL_EDGE|NEXT_LINE|L015|L014|END;DEL_EDGE|NEXT_LINE|L017|L002|END;ADD_EDGE|CONTAINS|P000|L002|END;ADD_EDGE|CONTAINS|P007|L014|END;ADD_EDGE|NEXT_BLOCK|P005|P007|END;ADD_EDGE|NEXT_BLOCK|P007|P000|END;ADD_EDGE|NEXT_BLOCK|P008|P005|END;ADD_EDGE|NEXT_LINE|L002|L001|END;ADD_EDGE|NEXT_LINE|L015|L002|END;ADD_EDGE|NEXT_LINE|L017|L014|END
doc_572aadebbbb784232dda,DEL_EDGE|NEXT_BLOCK|P000|P002|END;DEL_EDGE|NEXT_BLOCK|P002|P003|END;DEL_EDGE|NEXT_BLOCK|P003|P004|END;ADD_EDGE|NEXT_BLOCK|P000|P003|END;ADD_EDGE|NEXT_BLOCK|P002|P004|END;ADD_EDGE|NEXT_BLOCK|P003|P002|END
doc_572fd117945b1eaad2b2,DEL_EDGE|NEXT_BLOCK|P000|P001|END;ADD_EDGE|NEXT_BLOCK|P001|P000|END
doc_5773515d1b9654e6777c,DEL_EDGE|NEXT_BLOCK|P000|P002|END;DEL_EDGE|NEXT_BLOCK|P002|P001|END;ADD_EDGE|NEXT_BLOCK|P000|P001|END;ADD_EDGE|NEXT_BLOCK|P002|P000|END
doc_5780d0f3afb7f2ba7000,DEL_EDGE|NEXT_BLOCK|P000|P001|END;DEL_EDGE|NEXT_BLOCK|P002|P000|END;ADD_EDGE|NEXT_BLOCK|P001|P000|END;ADD_EDGE|NEXT_BLOCK|P002|P001|END
doc_57e1c11d1716b0ffdf30,DEL_EDGE|CONTAINS|P000|L004|END;DEL_EDGE|CONTAINS|P001|L020|END;DEL_EDGE|NEXT_BLOCK|P001|P002|END;DEL_EDGE|NEXT_BLOCK|P002|P000|END;DEL_EDGE|NEXT_LINE|L004|L019|END;DEL_EDGE|NEXT_LINE|L008|L020|END;DEL_EDGE|NEXT_LINE|L018|L004|END;DEL_EDGE|NEXT_LINE|L020|L016|END;ADD_EDGE|CONTAINS|P000|L020|END;ADD_EDGE|CONTAINS|P001|L004|END;ADD_EDGE|NEXT_BLOCK|P001|P000|END;ADD_EDGE|NEXT_BLOCK|P002|P001|END;ADD_EDGE|NEXT_LINE|L004|L016|END;ADD_EDGE|NEXT_LINE|L008|L004|END;ADD_EDGE|NEXT_LINE|L018|L020|END;ADD_EDGE|NEXT_LINE|L020|L019|END
doc_5805c6fddb4c827dd182,DEL_EDGE|NEXT_BLOCK|P001|P002|END;DEL_EDGE|NEXT_BLOCK|P002|P000|END;ADD_EDGE|NEXT_BLOCK|P001|P000|END;ADD_EDGE|NEXT_BLOCK|P002|P001|END
doc_584e0f0966718738171f,DEL_EDGE|CONTAINS|P000|L006|END;DEL_EDGE|CONTAINS|P001|L012|END;DEL_EDGE|NEXT_LINE|L004|L012|END;DEL_EDGE|NEXT_LINE|L005|L006|END;DEL_EDGE|NEXT_LINE|L006|L002|END;ADD_EDGE|CONTAINS|P000|L012|END;ADD_EDGE|CONTAINS|P001|L006|END;ADD_EDGE|NEXT_LINE|L004|L006|END;ADD_EDGE|NEXT_LINE|L005|L012|END;ADD_EDGE|NEXT_LINE|L012|L002|END
doc_589d623a7c353e0ee3ad,DEL_EDGE|CONTAINS|P001|L000|END;DEL_EDGE|CONTAINS|P003|L003|END;DEL_EDGE|NEXT_LINE|L003|L005|END;DEL_EDGE|NEXT_LINE|L009|L003|END;ADD_EDGE|CONTAINS|P001|L003|END;ADD_EDGE|CONTAINS|P003|L000|END;ADD_EDGE|NEXT_LINE|L000|L005|END;ADD_EDGE|NEXT_LINE|L009|L000|END
doc_59300f8507cc14a35f0a,DEL_EDGE|CONTAINS|P000|L004|END;DEL_EDGE|CONTAINS|P004|L011|END;ADD_EDGE|CONTAINS|P000|L011|END;ADD_EDGE|CONTAINS|P004|L004|END
doc_598f11d1dc48e895f3c9,DEL_EDGE|CONTAINS|P000|L011|END;DEL_EDGE|CONTAINS|P001|L003|END;DEL_EDGE|NEXT_LINE|L003|L004|END;DEL_EDGE|NEXT_LINE|L011|L010|END;ADD_EDGE|CONTAINS|P000|L003|END;ADD_EDGE|CONTAINS|P001|L011|END;ADD_EDGE|NEXT_LINE|L003|L010|END;ADD_EDGE|NEXT_LINE|L011|L004|END
doc_59abd17d4b9c93a9f00b,DEL_EDGE|CONTAINS|P004|L005|END;DEL_EDGE|CONTAINS|P006|L002|END;ADD_EDGE|CONTAINS|P004|L002|END;ADD_EDGE|CONTAINS|P006|L005|END
doc_59ae1d2f3bd4ecd0152b,DEL_EDGE|NEXT_BLOCK|P001|P000|END;DEL_EDGE|NEXT_BLOCK|P002|P001|END;ADD_EDGE|NEXT_BLOCK|P000|P001|END;ADD_EDGE|NEXT_BLOCK|P002|P000|END
doc_5a2c7a844d24c7b18c8a,DEL_EDGE|CONTAINS|P002|L013|END;DEL_EDGE|CONTAINS|P004|L003|END;DEL_EDGE|NEXT_LINE|L005|L013|END;DEL_EDGE|NEXT_LINE|L013|L001|END;ADD_EDGE|CONTAINS|P002|L003|END;ADD_EDGE|CONTAINS|P004|L013|END;ADD_EDGE|NEXT_LINE|L003|L001|END;ADD_EDGE|NEXT_LINE|L005|L003|END
doc_5a2f6020f61e6d8942d4,DEL_EDGE|NEXT_BLOCK|P000|P003|END;DEL_EDGE|NEXT_BLOCK|P002|P000|END;DEL_EDGE|NEXT_BLOCK|P003|P001|END;ADD_EDGE|NEXT_BLOCK|P000|P001|END;ADD_EDGE|NEXT_BLOCK|P002|P003|END;ADD_EDGE|NEXT_BLOCK|P003|P000|END
doc_5a83221db99aedd9266f,DEL_EDGE|CONTAINS|P007|L004|END;DEL_EDGE|CONTAINS|P009|L006|END;DEL_EDGE|NEXT_LINE|L000|L006|END;ADD_EDGE|CONTAINS|P007|L006|END;ADD_EDGE|CONTAINS|P009|L004|END;ADD_EDGE|NEXT_LINE|L000|L004|END
doc_5aea967220417de9eee7,DEL_EDGE|CONTAINS|P001|L005|END;DEL_EDGE|CONTAINS|P002|L004|END;DEL_EDGE|NEXT_LINE|L004|L000|END;DEL_EDGE|NEXT_LINE|L005|L006|END;DEL_EDGE|NEXT_LINE|L007|L005|END;ADD_EDGE|CONTAINS|P001|L004|END;ADD_EDGE|CONTAINS|P002|L005|END;ADD_EDGE|NEXT_LINE|L004|L006|END;ADD_EDGE|NEXT_LINE|L005|L000|END;ADD_EDGE|NEXT_LINE|L007|L004|END
doc_5b022653568f43e977ee,DEL_EDGE|NEXT_BLOCK|P001|P002|END;DEL_EDGE|NEXT_BLOCK|P002|P006|END;DEL_EDGE|NEXT_BLOCK|P006|P008|END;ADD_EDGE|NEXT_BLOCK|P001|P006|END;ADD_EDGE|NEXT_BLOCK|P002|P008|END;ADD_EDGE|NEXT_BLOCK|P006|P002|END
doc_5b7a6af65e507ff6ca88,DEL_EDGE|NEXT_BLOCK|P001|P007|END;DEL_EDGE|NEXT_BLOCK|P004|P003|END;DEL_EDGE|NEXT_BLOCK|P007|P004|END;ADD_EDGE|NEXT_BLOCK|P001|P004|END;ADD_EDGE|NEXT_BLOCK|P004|P007|END;ADD_EDGE|NEXT_BLOCK|P007|P003|END
doc_5c2b298c5371279f7ff9,DEL_EDGE|NEXT_BLOCK|P002|P003|END;DEL_EDGE|NEXT_BLOCK|P003|P001|END;ADD_EDGE|NEXT_BLOCK|P002|P001|END;ADD_EDGE|NEXT_BLOCK|P003|P002|END
doc_5c3630f8f5254fe8c321,DEL_EDGE|NEXT_BLOCK|P001|P002|END;DEL_EDGE|NEXT_BLOCK|P002|P000|END;ADD_EDGE|NEXT_BLOCK|P000|P002|END;ADD_EDGE|NEXT_BLOCK|P001|P000|END
doc_5c4b3878f447f54ba62e,DEL_EDGE|NEXT_BLOCK|P001|P003|END;DEL_EDGE|NEXT_BLOCK|P003|P002|END;ADD_EDGE|NEXT_BLOCK|P001|P002|END;ADD_EDGE|NEXT_BLOCK|P002|P003|END
doc_5cbf8e4bfbb63259d018,DEL_EDGE|NEXT_BLOCK|P001|P003|END;DEL_EDGE|NEXT_BLOCK|P004|P001|END;ADD_EDGE|NEXT_BLOCK|P003|P001|END;ADD_EDGE|NEXT_BLOCK|P004|P003|END
doc_5d2ef01b4b855780be6e,DEL_EDGE|NEXT_BLOCK|P001|P000|END;ADD_EDGE|NEXT_BLOCK|P000|P001|END
doc_5d4f48652773f013e80a,DEL_EDGE|CONTAINS|P000|L001|END;DEL_EDGE|CONTAINS|P001|L012|END;DEL_EDGE|NEXT_BLOCK|P001|P000|END;DEL_EDGE|NEXT_LINE|L001|L023|END;DEL_EDGE|NEXT_LINE|L011|L001|END;DEL_EDGE|NEXT_LINE|L012|L022|END;DEL_EDGE|NEXT_LINE|L026|L012|END;ADD_EDGE|CONTAINS|P000|L012|END;ADD_EDGE|CONTAINS|P001|L001|END;ADD_EDGE|NEXT_BLOCK|P000|P001|END;ADD_EDGE|NEXT_LINE|L001|L022|END;ADD_EDGE|NEXT_LINE|L011|L012|END;ADD_EDGE|NEXT_LINE|L012|L023|END;ADD_EDGE|NEXT_LINE|L026|L001|END
doc_5d755f6dbbdd3e9d6656,DEL_EDGE|CONTAINS|P001|L013|END;DEL_EDGE|CONTAINS|P002|L005|END;DEL_EDGE|NEXT_LINE|L005|L004|END;DEL_EDGE|NEXT_LINE|L013|L009|END;ADD_EDGE|CONTAINS|P001|L005|END;ADD_EDGE|CONTAINS|P002|L013|END;ADD_EDGE|NEXT_LINE|L005|L009|END;ADD_EDGE|NEXT_LINE|L013|L004|END
doc_5e3b45cd48820990113f,DEL_EDGE|CONTAINS|P001|L000|END;DEL_EDGE|CONTAINS|P002|L003|END;DEL_EDGE|NEXT_LINE|L000|L008|END;DEL_EDGE|NEXT_LINE|L003|L005|END;ADD_EDGE|CONTAINS|P001|L003|END;ADD_EDGE|CONTAINS|P002|L000|END;ADD_EDGE|NEXT_LINE|L000|L005|END;ADD_EDGE|NEXT_LINE|L003|L008|END
doc_5f2c6d09654dc3ab092a,DEL_EDGE|CONTAINS|P000|L005|END;DEL_EDGE|CONTAINS|P001|L002|END;DEL_EDGE|NEXT_LINE|L002|L003|END;DEL_EDGE|NEXT_LINE|L004|L005|END;ADD_EDGE|CONTAINS|P000|L002|END;ADD_EDGE|CONTAINS|P001|L005|END;ADD_EDGE|NEXT_LINE|L004|L002|END;ADD_EDGE|NEXT_LINE|L005|L003|END
doc_5f648fd5d79ce40177a8,DEL_EDGE|CONTAINS|P001|L003|END;DEL_EDGE|CONTAINS|P002|L000|END;DEL_EDGE|NEXT_LINE|L000|L011|END;DEL_EDGE|NEXT_LINE|L003|L004|END;DEL_EDGE|NEXT_LINE|L013|L003|END;ADD_EDGE|CONTAINS|P001|L000|END;ADD_EDGE|CONTAINS|P002|L003|END;ADD_EDGE|NEXT_LINE|L000|L004|END;ADD_EDGE|NEXT_LINE|L003|L011|END;ADD_EDGE|NEXT_LINE|L013|L000|END
doc_5f67eeccc083bb4c433a,DEL_EDGE|CONTAINS|P000|L008|END;DEL_EDGE|CONTAINS|P003|L026|END;DEL_EDGE|NEXT_LINE|L012|L008|END;ADD_EDGE|CONTAINS|P000|L026|END;ADD_EDGE|CONTAINS|P003|L008|END;ADD_EDGE|NEXT_LINE|L012|L026|END
doc_604e0663cfc1601943c7,DEL_EDGE|NEXT_LINE|L001|L005|END;DEL_EDGE|NEXT_LINE|L004|L019|END;DEL_EDGE|NEXT_LINE|L005|L004|END;ADD_EDGE|NEXT_LINE|L001|L004|END;ADD_EDGE|NEXT_LINE|L004|L005|END;ADD_EDGE|NEXT_LINE|L005|L019|END
doc_608971c3f0d0d74cbfc6,DEL_EDGE|CONTAINS|P002|L008|END;DEL_EDGE|CONTAINS|P003|L012|END;DEL_EDGE|NEXT_LINE|L009|L008|END;DEL_EDGE|NEXT_LINE|L012|L007|END;DEL_EDGE|NEXT_LINE|L013|L012|END;ADD_EDGE|CONTAINS|P002|L012|END;ADD_EDGE|CONTAINS|P003|L008|END;ADD_EDGE|NEXT_LINE|L008|L007|END;ADD_EDGE|NEXT_LINE|L009|L012|END;ADD_EDGE|NEXT_LINE|L013|L008|END
doc_61054b778673d85e3b16,DEL_EDGE|CONTAINS|P003|L001|END;DEL_EDGE|CONTAINS|P004|L017|END;DEL_EDGE|NEXT_LINE|L005|L001|END;DEL_EDGE|NEXT_LINE|L011|L017|END;ADD_EDGE|CONTAINS|P003|L017|END;ADD_EDGE|CONTAINS|P004|L001|END;ADD_EDGE|NEXT_LINE|L005|L017|END;ADD_EDGE|NEXT_LINE|L011|L001|END
doc_620459ecfba2eac2fc81,DEL_EDGE|CONTAINS|P001|L004|END;DEL_EDGE|CONTAINS|P002|L002|END;DEL_EDGE|NEXT_LINE|L002|L001|END;DEL_EDGE|NEXT_LINE|L003|L004|END;ADD_EDGE|CONTAINS|P001|L002|END;ADD_EDGE|CONTAINS|P002|L004|END;ADD_EDGE|NEXT_LINE|L003|L002|END;ADD_EDGE|NEXT_LINE|L004|L001|END
doc_628e8445761ccea24cde,DEL_EDGE|CONTAINS|P000|L003|END;DEL_EDGE|CONTAINS|P001|L015|END;DEL_EDGE|NEXT_LINE|L003|L020|END;DEL_EDGE|NEXT_LINE|L004|L015|END;ADD_EDGE|CONTAINS|P000|L015|END;ADD_EDGE|CONTAINS|P001|L003|END;ADD_EDGE|NEXT_LINE|L004|L003|END;ADD_EDGE|NEXT_LINE|L015|L020|END
doc_62b9b9881889c2b25b4f,DEL_EDGE|NEXT_BLOCK|P000|P003|END;DEL_EDGE|NEXT_BLOCK|P003|P001|END;ADD_EDGE|NEXT_BLOCK|P000|P001|END;ADD_EDGE|NEXT_BLOCK|P001|P003|END
doc_633f04d1b646930f6d77,DEL_EDGE|NEXT_LINE|L000|L001|END;DEL_EDGE|NEXT_LINE|L001|L003|END;DEL_EDGE|NEXT_LINE|L002|L000|END;ADD_EDGE|NEXT_LINE|L000|L003|END;ADD_EDGE|NEXT_LINE|L001|L000|END;ADD_EDGE|NEXT_LINE|L002|L001|END
doc_63558a1561c4f20833d7,DEL_EDGE|CONTAINS|P000|L001|END;DEL_EDGE|CONTAINS|P001|L003|END;DEL_EDGE|NEXT_LINE|L001|L002|END;DEL_EDGE|NEXT_LINE|L004|L001|END;ADD_EDGE|CONTAINS|P000|L003|END;ADD_EDGE|CONTAINS|P001|L001|END;ADD_EDGE|NEXT_LINE|L003|L002|END;ADD_EDGE|NEXT_LINE|L004|L003|END
doc_63724e57de870ff23fd3,DEL_EDGE|CONTAINS|P000|L014|END;DEL_EDGE|CONTAINS|P001|L020|END;DEL_EDGE|NEXT_BLOCK|P000|P001|END;DEL_EDGE|NEXT_LINE|L014|L023|END;DEL_EDGE|NEXT_LINE|L015|L020|END;DEL_EDGE|NEXT_LINE|L020|L005|END;DEL_EDGE|NEXT_LINE|L025|L014|END;ADD_EDGE|CONTAINS|P000|L020|END;ADD_EDGE|CONTAINS|P001|L014|END;ADD_EDGE|NEXT_BLOCK|P001|P000|END;ADD_EDGE|NEXT_LINE|L014|L005|END;ADD_EDGE|NEXT_LINE|L015|L014|END;ADD_EDGE|NEXT_LINE|L020|L023|END;ADD_EDGE|NEXT_LINE|L025|L020|END
doc_63919fc160dfb496aaff,DEL_EDGE|NEXT_LINE|L001|L006|END;DEL_EDGE|NEXT_LINE|L006|L007|END;DEL_EDGE|NEXT_LINE|L007|L013|END;ADD_EDGE|NEXT_LINE|L001|L007|END;ADD_EDGE|NEXT_LINE|L006|L013|END;ADD_EDGE|NEXT_LINE|L007|L006|END
doc_63afc682be3d31cb7edb,DEL_EDGE|NEXT_BLOCK|P000|P003|END;DEL_EDGE|NEXT_BLOCK|P001|P000|END;ADD_EDGE|NEXT_BLOCK|P001|P003|END;ADD_EDGE|NEXT_BLOCK|P003|P000|END
doc_63c4b57914b9f9982763,DEL_EDGE|NEXT_LINE|L005|L016|END;DEL_EDGE|NEXT_LINE|L015|L005|END;DEL_EDGE|NEXT_LINE|L016|L019|END;ADD_EDGE|NEXT_LINE|L005|L019|END;ADD_EDGE|NEXT_LINE|L015|L016|END;ADD_EDGE|NEXT_LINE|L016|L005|END
doc_63dba3beb528123b71aa,DEL_EDGE|NEXT_BLOCK|P000|P001|END;ADD_EDGE|NEXT_BLOCK|P001|P000|END
doc_642eb744f1716c634673,DEL_EDGE|CONTAINS|P000|L003|END;DEL_EDGE|CONTAINS|P003|L011|END;DEL_EDGE|NEXT_LINE|L002|L003|END;DEL_EDGE|NEXT_LINE|L029|L011|END;ADD_EDGE|CONTAINS|P000|L011|END;ADD_EDGE|CONTAINS|P003|L003|END;ADD_EDGE|NEXT_LINE|L002|L011|END;ADD_EDGE|NEXT_LINE|L029|L003|END
doc_6470b8c467daa0307cb1,DEL_EDGE|CONTAINS|P000|L013|END;DEL_EDGE|CONTAINS|P001|L001|END;DEL_EDGE|NEXT_LINE|L001|L003|END;DEL_EDGE|NEXT_LINE|L011|L001|END;DEL_EDGE|NEXT_LINE|L013|L000|END;ADD_EDGE|CONTAINS|P000|L001|END;ADD_EDGE|CONTAINS|P001|L013|END;ADD_EDGE|NEXT_LINE|L001|L000|END;ADD_EDGE|NEXT_LINE|L011|L013|END;ADD_EDGE|NEXT_LINE|L013|L003|END
doc_64a64e7c9ae2d21d2cd0,DEL_EDGE|CONTAINS|P000|L007|END;DEL_EDGE|CONTAINS|P002|L013|END;DEL_EDGE|NEXT_LINE|L003|L007|END;DEL_EDGE|NEXT_LINE|L006|L013|END;DEL_EDGE|NEXT_LINE|L007|L008|END;ADD_EDGE|CONTAINS|P000|L013|END;ADD_EDGE|CONTAINS|P002|L007|END;ADD_EDGE|NEXT_LINE|L003|L013|END;ADD_EDGE|NEXT_LINE|L006|L007|END;ADD_EDGE|NEXT_LINE|L013|L008|END
doc_64ba262f1bf29c86ea0d,DEL_EDGE|CONTAINS|P000|L004|END;DEL_EDGE|CONTAINS|P002|L011|END;DEL_EDGE|NEXT_LINE|L001|L011|END;ADD_EDGE|CONTAINS|P000|L011|END;ADD_EDGE|CONTAINS|P002|L004|END;ADD_EDGE|NEXT_LINE|L001|L004|END
doc_6502254c5db2094c1df4,DEL_EDGE|CONTAINS|P000|L019|END;DEL_EDGE|CONTAINS|P001|L012|END;DEL_EDGE|NEXT_LINE|L013|L019|END;DEL_EDGE|NEXT_LINE|L017|L012|END;DEL_EDGE|NEXT_LINE|L019|L004|END;ADD_EDGE|CONTAINS|P000|L012|END;ADD_EDGE|CONTAINS|P001|L019|END;ADD_EDGE|NEXT_LINE|L012|L004|END;ADD_EDGE|NEXT_LINE|L013|L012|END;ADD_EDGE|NEXT_LINE|L017|L019|END
doc_6527aaa5afcd8aee669d,DEL_EDGE|NEXT_LINE|L000|L003|END;DEL_EDGE|NEXT_LINE|L009|L000|END;DEL_EDGE|NEXT_LINE|L010|L009|END;ADD_EDGE|NEXT_LINE|L000|L009|END;ADD_EDGE|NEXT_LINE|L009|L003|END;ADD_EDGE|NEXT_LINE|L010|L000|END
doc_6537e9acfd97af8ca2c4,DEL_EDGE|CONTAINS|P000|L011|END;DEL_EDGE|CONTAINS|P001|L012|END;DEL_EDGE|NEXT_LINE|L011|L008|END;ADD_EDGE|CONTAINS|P000|L012|END;ADD_EDGE|CONTAINS|P001|L011|END;ADD_EDGE|NEXT_LINE|L012|L008|END
doc_65429bdc9380cedb2417,DEL_EDGE|CONTAINS|P001|L001|END;DEL_EDGE|CONTAINS|P003|L002|END;DEL_EDGE|NEXT_LINE|L000|L002|END;DEL_EDGE|NEXT_LINE|L010|L001|END;ADD_EDGE|CONTAINS|P001|L002|END;ADD_EDGE|CONTAINS|P003|L001|END;ADD_EDGE|NEXT_LINE|L000|L001|END;ADD_EDGE|NEXT_LINE|L010|L002|END
doc_66055ebd6091829fa067,DEL_EDGE|NEXT_BLOCK|P000|P001|END;DEL_EDGE|NEXT_BLOCK|P001|P002|END;ADD_EDGE|NEXT_BLOCK|P000|P002|END;ADD_EDGE|NEXT_BLOCK|P002|P001|END
doc_661577479644b19a7927,DEL_EDGE|NEXT_BLOCK|P000|P004|END;DEL_EDGE|NEXT_BLOCK|P001|P000|END;ADD_EDGE|NEXT_BLOCK|P001|P004|END;ADD_EDGE|NEXT_BLOCK|P004|P000|END
doc_664e62962743054c1619,DEL_EDGE|NEXT_BLOCK|P001|P002|END;DEL_EDGE|NEXT_BLOCK|P002|P000|END;DEL_EDGE|NEXT_BLOCK|P003|P001|END;ADD_EDGE|NEXT_BLOCK|P001|P000|END;ADD_EDGE|NEXT_BLOCK|P002|P001|END;ADD_EDGE|NEXT_BLOCK|P003|P002|END
doc_66aa77623056aa4e843d,DEL_EDGE|CONTAINS|P000|L013|END;DEL_EDGE|CONTAINS|P002|L002|END;DEL_EDGE|NEXT_LINE|L002|L004|END;DEL_EDGE|NEXT_LINE|L007|L013|END;DEL_EDGE|NEXT_LINE|L013|L014|END;ADD_EDGE|CONTAINS|P000|L002|END;ADD_EDGE|CONTAINS|P002|L013|END;ADD_EDGE|NEXT_LINE|L002|L014|END;ADD_EDGE|NEXT_LINE|L007|L002|END;ADD_EDGE|NEXT_LINE|L013|L004|END
doc_66e028a49759b1b67f2e,DEL_EDGE|CONTAINS|P000|L009|END;DEL_EDGE|CONTAINS|P001|L012|END;DEL_EDGE|NEXT_LINE|L006|L009|END;DEL_EDGE|NEXT_LINE|L007|L012|END;DEL_EDGE|NEXT_LINE|L009|L000|END;DEL_EDGE|NEXT_LINE|L012|L011|END;ADD_EDGE|CONTAINS|P000|L012|END;ADD_EDGE|CONTAINS|P001|L009|END;ADD_EDGE|NEXT_LINE|L006|L012|END;ADD_EDGE|NEXT_LINE|L007|L009|END;ADD_EDGE|NEXT_LINE|L009|L011|END;ADD_EDGE|NEXT_LINE|L012|L000|END
doc_6713da576ed4e3373e4f,DEL_EDGE|NEXT_BLOCK|P001|P002|END;DEL_EDGE|NEXT_BLOCK|P002|P005|END;DEL_EDGE|NEXT_BLOCK|P005|P004|END;ADD_EDGE|NEXT_BLOCK|P001|P005|END;ADD_EDGE|NEXT_BLOCK|P002|P004|END;ADD_EDGE|NEXT_BLOCK|P005|P002|END
doc_6714fed34fcf85e702d5,DEL_EDGE|NEXT_BLOCK|P000|P001|END;DEL_EDGE|NEXT_BLOCK|P001|P002|END;ADD_EDGE|NEXT_BLOCK|P000|P002|END;ADD_EDGE|NEXT_BLOCK|P001|P000|END
doc_67b2b5a1f4e3b1ad90e2,DEL_EDGE|NEXT_BLOCK|P001|P002|END;DEL_EDGE|NEXT_BLOCK|P002|P000|END;ADD_EDGE|NEXT_BLOCK|P001|P000|END;ADD_EDGE|NEXT_BLOCK|P002|P001|END
doc_69d13ed017a0a60fc53a,DEL_EDGE|NEXT_BLOCK|P000|P001|END;ADD_EDGE|NEXT_BLOCK|P001|P000|END
doc_6a1ae8d2b787339d01d3,DEL_EDGE|NEXT_BLOCK|P000|P003|END;DEL_EDGE|NEXT_BLOCK|P001|P000|END;DEL_EDGE|NEXT_BLOCK|P003|P002|END;ADD_EDGE|NEXT_BLOCK|P000|P002|END;ADD_EDGE|NEXT_BLOCK|P001|P003|END;ADD_EDGE|NEXT_BLOCK|P003|P000|END
doc_6a4f47e0cf17b49f3454,DEL_EDGE|CONTAINS|P000|L012|END;DEL_EDGE|CONTAINS|P003|L004|END;DEL_EDGE|NEXT_LINE|L014|L012|END;ADD_EDGE|CONTAINS|P000|L004|END;ADD_EDGE|CONTAINS|P003|L012|END;ADD_EDGE|NEXT_LINE|L014|L004|END
doc_6b397a31e4dd72c6f28f,DEL_EDGE|CONTAINS|P000|L003|END;DEL_EDGE|CONTAINS|P002|L002|END;DEL_EDGE|NEXT_LINE|L000|L003|END;ADD_EDGE|CONTAINS|P000|L002|END;ADD_EDGE|CONTAINS|P002|L003|END;ADD_EDGE|NEXT_LINE|L000|L002|END
doc_6b49856faee3ce033ad6,DEL_EDGE|NEXT_BLOCK|P000|P008|END;DEL_EDGE|NEXT_BLOCK|P008|P006|END;ADD_EDGE|NEXT_BLOCK|P000|P006|END;ADD_EDGE|NEXT_BLOCK|P008|P000|END
doc_6b8f4002ce25a24645d5,DEL_EDGE|NEXT_BLOCK|P000|P001|END;DEL_EDGE|NEXT_BLOCK|P001|P004|END;ADD_EDGE|NEXT_BLOCK|P000|P004|END;ADD_EDGE|NEXT_BLOCK|P004|P001|END
doc_6b9600f37387c2389b65,DEL_EDGE|CONTAINS|P001|L007|END;DEL_EDGE|CONTAINS|P002|L005|END;DEL_EDGE|NEXT_LINE|L000|L005|END;DEL_EDGE|NEXT_LINE|L005|L013|END;DEL_EDGE|NEXT_LINE|L007|L012|END;DEL_EDGE|NEXT_LINE|L014|L007|END;ADD_EDGE|CONTAINS|P001|L005|END;ADD_EDGE|CONTAINS|P002|L007|END;ADD_EDGE|NEXT_LINE|L000|L007|END;ADD_EDGE|NEXT_LINE|L005|L012|END;ADD_EDGE|NEXT_LINE|L007|L013|END;ADD_EDGE|NEXT_LINE|L014|L005|END
doc_6b9b90873ff4f63645a5,DEL_EDGE|CONTAINS|P000|L003|END;DEL_EDGE|CONTAINS|P001|L002|END;DEL_EDGE|NEXT_LINE|L001|L002|END;DEL_EDGE|NEXT_LINE|L002|L004|END;DEL_EDGE|NEXT_LINE|L003|L000|END;ADD_EDGE|CONTAINS|P000|L002|END;ADD_EDGE|CONTAINS|P001|L003|END;ADD_EDGE|NEXT_LINE|L001|L003|END;ADD_EDGE|NEXT_LINE|L002|L000|END;ADD_EDGE|NEXT_LINE|L003|L004|END
doc_6bce6cc28237724cefcd,DEL_EDGE|CONTAINS|P000|L015|END;DEL_EDGE|CONTAINS|P001|L017|END;DEL_EDGE|NEXT_BLOCK|P000|P001|END;DEL_EDGE|NEXT_BLOCK|P003|P000|END;DEL_EDGE|NEXT_LINE|L017|L003|END;ADD_EDGE|CONTAINS|P000|L017|END;ADD_EDGE|CONTAINS|P001|L015|END;ADD_EDGE|NEXT_BLOCK|P001|P000|END;ADD_EDGE|NEXT_BLOCK|P003|P001|END;ADD_EDGE|NEXT_LINE|L015|L003|END
doc_6c3015040873ac34a189,DEL_EDGE|CONTAINS|P000|L001|END;DEL_EDGE|CONTAINS|P002|L000|END;DEL_EDGE|NEXT_LINE|L001|L010|END;DEL_EDGE|NEXT_LINE|L007|L000|END;ADD_EDGE|CONTAINS|P000|L000|END;ADD_EDGE|CONTAINS|P002|L001|END;ADD_EDGE|NEXT_LINE|L000|L010|END;ADD_EDGE|NEXT_LINE|L007|L001|END
doc_6c444b0f59ca496399c4,DEL_EDGE|CONTAINS|P002|L007|END;DEL_EDGE|CONTAINS|P006|L002|END;DEL_EDGE|NEXT_LINE|L007|L005|END;ADD_EDGE|CONTAINS|P002|L002|END;ADD_EDGE|CONTAINS|P006|L007|END;ADD_EDGE|NEXT_LINE|L002|L005|END
doc_6c97015cd8d9b72f81f1,DEL_EDGE|NEXT_BLOCK|P002|P000|END;DEL_EDGE|NEXT_BLOCK|P003|P002|END;ADD_EDGE|NEXT_BLOCK|P000|P002|END;ADD_EDGE|NEXT_BLOCK|P003|P000|END
doc_6cb2110a42adc5945e35,DEL_EDGE|CONTAINS|P001|L004|END;DEL_EDGE|CONTAINS|P002|L016|END;DEL_EDGE|NEXT_LINE|L006|L004|END;DEL_EDGE|NEXT_LINE|L016|L009|END;ADD_EDGE|CONTAINS|P001|L016|END;ADD_EDGE|CONTAINS|P002|L004|END;ADD_EDGE|NEXT_LINE|L004|L009|END;ADD_EDGE|NEXT_LINE|L006|L016|END
doc_6d898301c111831fd174,DEL_EDGE|CONTAINS|P000|L002|END;DEL_EDGE|CONTAINS|P003|L010|END;DEL_EDGE|NEXT_LINE|L002|L007|END;DEL_EDGE|NEXT_LINE|L008|L002|END;DEL_EDGE|NEXT_LINE|L010|L005|END;ADD_EDGE|CONTAINS|P000|L010|END;ADD_EDGE|CONTAINS|P003|L002|END;ADD_EDGE|NEXT_LINE|L002|L005|END;ADD_EDGE|NEXT_LINE|L008|L010|END;ADD_EDGE|NEXT_LINE|L010|L007|END
doc_6db1ec4f072f761b96f0,DEL_EDGE|CONTAINS|P000|L000|END;DEL_EDGE|CONTAINS|P001|L008|END;DEL_EDGE|NEXT_LINE|L007|L008|END;DEL_EDGE|NEXT_LINE|L008|L001|END;ADD_EDGE|CONTAINS|P000|L008|END;ADD_EDGE|CONTAINS|P001|L000|END;ADD_EDGE|NEXT_LINE|L000|L001|END;ADD_EDGE|NEXT_LINE|L007|L000|END
doc_6dcad755e40de162aead,DEL_EDGE|CONTAINS|P000|L011|END;DEL_EDGE|CONTAINS|P004|L009|END;ADD_EDGE|CONTAINS|P000|L009|END;ADD_EDGE|CONTAINS|P004|L011|END
doc_6dd52d81b257f14bb02e,DEL_EDGE|CONTAINS|P002|L012|END;DEL_EDGE|CONTAINS|P003|L016|END;DEL_EDGE|NEXT_LINE|L005|L016|END;DEL_EDGE|NEXT_LINE|L012|L020|END;DEL_EDGE|NEXT_LINE|L016|L001|END;ADD_EDGE|CONTAINS|P002|L016|END;ADD_EDGE|CONTAINS|P003|L012|END;ADD_EDGE|NEXT_LINE|L005|L012|END;ADD_EDGE|NEXT_LINE|L012|L001|END;ADD_EDGE|NEXT_LINE|L016|L020|END
doc_6e662cf56df743adc4bf,DEL_EDGE|NEXT_BLOCK|P000|P001|END;ADD_EDGE|NEXT_BLOCK|P001|P000|END
doc_6eedb9ce11c418dea6de,DEL_EDGE|CONTAINS|P000|L038|END;DEL_EDGE|CONTAINS|P001|L000|END;DEL_EDGE|NEXT_LINE|L000|L012|END;DEL_EDGE|NEXT_LINE|L007|L038|END;DEL_EDGE|NEXT_LINE|L036|L000|END;DEL_EDGE|NEXT_LINE|L038|L018|END;ADD_EDGE|CONTAINS|P000|L000|END;ADD_EDGE|CONTAINS|P001|L038|END;ADD_EDGE|NEXT_LINE|L000|L018|END;ADD_EDGE|NEXT_LINE|L007|L000|END;ADD_EDGE|NEXT_LINE|L036|L038|END;ADD_EDGE|NEXT_LINE|L038|L012|END
doc_6f83506f0bd61af1dab1,DEL_EDGE|NEXT_BLOCK|P000|P002|END;DEL_EDGE|NEXT_BLOCK|P005|P000|END;ADD_EDGE|NEXT_BLOCK|P002|P000|END;ADD_EDGE|NEXT_BLOCK|P005|P002|END
doc_6fe862bcd55b3f17746f,DEL_EDGE|NEXT_BLOCK|P002|P003|END;DEL_EDGE|NEXT_BLOCK|P003|P001|END;DEL_EDGE|NEXT_BLOCK|P004|P002|END;ADD_EDGE|NEXT_BLOCK|P002|P001|END;ADD_EDGE|NEXT_BLOCK|P003|P002|END;ADD_EDGE|NEXT_BLOCK|P004|P003|END
doc_6ffd6a0d7909cf3eafb3,DEL_EDGE|CONTAINS|P001|L011|END;DEL_EDGE|CONTAINS|P002|L012|END;DEL_EDGE|NEXT_BLOCK|P000|P001|END;DEL_EDGE|NEXT_BLOCK|P001|P002|END;DEL_EDGE|NEXT_LINE|L000|L011|END;DEL_EDGE|NEXT_LINE|L009|L012|END;ADD_EDGE|CONTAINS|P001|L012|END;ADD_EDGE|CONTAINS|P002|L011|END;ADD_EDGE|NEXT_BLOCK|P000|P002|END;ADD_EDGE|NEXT_BLOCK|P002|P001|END;ADD_EDGE|NEXT_LINE|L000|L012|END;ADD_EDGE|NEXT_LINE|L009|L011|END
doc_702ebb533ccc65328b59,DEL_EDGE|CONTAINS|P002|L029|END;DEL_EDGE|CONTAINS|P003|L016|END;DEL_EDGE|NEXT_BLOCK|P002|P000|END;DEL_EDGE|NEXT_BLOCK|P003|P002|END;DEL_EDGE|NEXT_LINE|L016|L010|END;DEL_EDGE|NEXT_LINE|L029|L027|END;ADD_EDGE|CONTAINS|P002|L016|END;ADD_EDGE|CONTAINS|P003|L029|END;ADD_EDGE|NEXT_BLOCK|P002|P003|END;ADD_EDGE|NEXT_BLOCK|P003|P000|END;ADD_EDGE|NEXT_LINE|L016|L027|END;ADD_EDGE|NEXT_LINE|L029|L010|END
doc_7033749ff95eade15dba,DEL_EDGE|CONTAINS|P000|L001|END;DEL_EDGE|CONTAINS|P004|L006|END;DEL_EDGE|NEXT_LINE|L001|L005|END;ADD_EDGE|CONTAINS|P000|L006|END;ADD_EDGE|CONTAINS|P004|L001|END;ADD_EDGE|NEXT_LINE|L006|L005|END
doc_70850a6b9474ac6e1c6c,DEL_EDGE|CONTAINS|P000|L008|END;DEL_EDGE|CONTAINS|P002|L000|END;DEL_EDGE|NEXT_LINE|L000|L005|END;DEL_EDGE|NEXT_LINE|L001|L008|END;ADD_EDGE|CONTAINS|P000|L000|END;ADD_EDGE|CONTAINS|P002|L008|END;ADD_EDGE|NEXT_LINE|L001|L000|END;ADD_EDGE|NEXT_LINE|L008|L005|END
doc_71425d66d3043c321651,DEL_EDGE|CONTAINS|P000|L008|END;DEL_EDGE|CONTAINS|P003|L005|END;DEL_EDGE|NEXT_LINE|L001|L008|END;ADD_EDGE|CONTAINS|P000|L005|END;ADD_EDGE|CONTAINS|P003|L008|END;ADD_EDGE|NEXT_LINE|L001|L005|END
doc_71552ff9f762af648558,DEL_EDGE|CONTAINS|P002|L009|END;DEL_EDGE|CONTAINS|P003|L007|END;DEL_EDGE|NEXT_LINE|L002|L007|END;DEL_EDGE|NEXT_LINE|L011|L009|END;ADD_EDGE|CONTAINS|P002|L007|END;ADD_EDGE|CONTAINS|P003|L009|END;ADD_EDGE|NEXT_LINE|L002|L009|END;ADD_EDGE|NEXT_LINE|L011|L007|END
doc_715f08c8addf65e2e7e3,DEL_EDGE|NEXT_BLOCK|P000|P001|END;DEL_EDGE|NEXT_BLOCK|P002|P000|END;ADD_EDGE|NEXT_BLOCK|P001|P000|END;ADD_EDGE|NEXT_BLOCK|P002|P001|END
doc_7168cd07f92f1616e17f,DEL_EDGE|NEXT_BLOCK|P001|P000|END;ADD_EDGE|NEXT_BLOCK|P000|P001|END
doc_71acb3bd9b5845ed73b4,DEL_EDGE|CONTAINS|P000|L003|END;DEL_EDGE|CONTAINS|P001|L006|END;DEL_EDGE|NEXT_LINE|L003|L005|END;DEL_EDGE|NEXT_LINE|L004|L006|END;ADD_EDGE|CONTAINS|P000|L006|END;ADD_EDGE|CONTAINS|P001|L003|END;ADD_EDGE|NEXT_LINE|L004|L003|END;ADD_EDGE|NEXT_LINE|L006|L005|END
doc_71cbcb1b25c4f82a921e,DEL_EDGE|CONTAINS|P001|L002|END;DEL_EDGE|CONTAINS|P002|L010|END;DEL_EDGE|NEXT_LINE|L005|L002|END;DEL_EDGE|NEXT_LINE|L010|L011|END;ADD_EDGE|CONTAINS|P001|L010|END;ADD_EDGE|CONTAINS|P002|L002|END;ADD_EDGE|NEXT_LINE|L002|L011|END;ADD_EDGE|NEXT_LINE|L005|L010|END
doc_71ce396d8ff51919d0b3,DEL_EDGE|CONTAINS|P000|L003|END;DEL_EDGE|CONTAINS|P001|L004|END;DEL_EDGE|NEXT_LINE|L002|L003|END;DEL_EDGE|NEXT_LINE|L003|L000|END;ADD_EDGE|CONTAINS|P000|L004|END;ADD_EDGE|CONTAINS|P001|L003|END;ADD_EDGE|NEXT_LINE|L002|L004|END;ADD_EDGE|NEXT_LINE|L004|L000|END
doc_727da39de9641a129679,DEL_EDGE|CONTAINS|P001|L002|END;DEL_EDGE|CONTAINS|P002|L008|END;DEL_EDGE|NEXT_LINE|L002|L005|END;DEL_EDGE|NEXT_LINE|L013|L008|END;ADD_EDGE|CONTAINS|P001|L008|END;ADD_EDGE|CONTAINS|P002|L002|END;ADD_EDGE|NEXT_LINE|L008|L005|END;ADD_EDGE|NEXT_LINE|L013|L002|END
doc_72ee60740332cfee0eef,DEL_EDGE|CONTAINS|P001|L003|END;DEL_EDGE|CONTAINS|P002|L012|END;DEL_EDGE|NEXT_LINE|L002|L003|END;DEL_EDGE|NEXT_LINE|L003|L009|END;DEL_EDGE|NEXT_LINE|L005|L012|END;DEL_EDGE|NEXT_LINE|L012|L001|END;ADD_EDGE|CONTAINS|P001|L012|END;ADD_EDGE|CONTAINS|P002|L003|END;ADD_EDGE|NEXT_LINE|L002|L012|END;ADD_EDGE|NEXT_LINE|L003|L001|END;ADD_EDGE|NEXT_LINE|L005|L003|END;ADD_EDGE|NEXT_LINE|L012|L009|END
doc_73290588011963fb8e7b,DEL_EDGE|CONTAINS|P000|L004|END;DEL_EDGE|CONTAINS|P001|L007|END;DEL_EDGE|NEXT_BLOCK|P001|P000|END;DEL_EDGE|NEXT_LINE|L002|L007|END;DEL_EDGE|NEXT_LINE|L007|L003|END;ADD_EDGE|CONTAINS|P000|L007|END;ADD_EDGE|CONTAINS|P001|L004|END;ADD_EDGE|NEXT_BLOCK|P000|P001|END;ADD_EDGE|NEXT_LINE|L002|L004|END;ADD_EDGE|NEXT_LINE|L004|L003|END
doc_73ab2181e432061f7c12,DEL_EDGE|NEXT_BLOCK|P001|P000|END;DEL_EDGE|NEXT_BLOCK|P002|P001|END;ADD_EDGE|NEXT_BLOCK|P001|P002|END;ADD_EDGE|NEXT_BLOCK|P002|P000|END
doc_73c08469e0051afa596d,DEL_EDGE|NEXT_BLOCK|P000|P005|END;DEL_EDGE|NEXT_BLOCK|P003|P000|END;ADD_EDGE|NEXT_BLOCK|P003|P005|END;ADD_EDGE|NEXT_BLOCK|P005|P000|END
doc_7455e035efaf15cfe680,DEL_EDGE|CONTAINS|P000|L011|END;DEL_EDGE|CONTAINS|P001|L007|END;DEL_EDGE|NEXT_LINE|L007|L010|END;DEL_EDGE|NEXT_LINE|L009|L007|END;DEL_EDGE|NEXT_LINE|L011|L008|END;ADD_EDGE|CONTAINS|P000|L007|END;ADD_EDGE|CONTAINS|P001|L011|END;ADD_EDGE|NEXT_LINE|L007|L008|END;ADD_EDGE|NEXT_LINE|L009|L011|END;ADD_EDGE|NEXT_LINE|L011|L010|END
doc_7487cc6bbbcb6fb4e292,DEL_EDGE|NEXT_BLOCK|P000|P002|END;DEL_EDGE|NEXT_BLOCK|P002|P001|END;ADD_EDGE|NEXT_BLOCK|P000|P001|END;ADD_EDGE|NEXT_BLOCK|P001|P002|END
doc_7529a302c145c47be175,DEL_EDGE|NEXT_BLOCK|P001|P002|END;DEL_EDGE|NEXT_BLOCK|P002|P003|END;ADD_EDGE|NEXT_BLOCK|P001|P003|END;ADD_EDGE|NEXT_BLOCK|P002|P001|END
doc_7547ed7e8051a1c5d169,DEL_EDGE|NEXT_BLOCK|P001|P005|END;DEL_EDGE|NEXT_BLOCK|P004|P001|END;DEL_EDGE|NEXT_BLOCK|P005|P003|END;ADD_EDGE|NEXT_BLOCK|P001|P003|END;ADD_EDGE|NEXT_BLOCK|P004|P005|END;ADD_EDGE|NEXT_BLOCK|P005|P001|END
doc_754d5bfdb77630bd9455,DEL_EDGE|CONTAINS|P001|L024|END;DEL_EDGE|CONTAINS|P003|L014|END;DEL_EDGE|NEXT_LINE|L014|L015|END;DEL_EDGE|NEXT_LINE|L016|L024|END;ADD_EDGE|CONTAINS|P001|L014|END;ADD_EDGE|CONTAINS|P003|L024|END;ADD_EDGE|NEXT_LINE|L016|L014|END;ADD_EDGE|NEXT_LINE|L024|L015|END
doc_75c4365e623571b96247,DEL_EDGE|CONTAINS|P001|L001|END;DEL_EDGE|CONTAINS|P002|L003|END;DEL_EDGE|NEXT_LINE|L001|L006|END;DEL_EDGE|NEXT_LINE|L003|L010|END;DEL_EDGE|NEXT_LINE|L007|L003|END;ADD_EDGE|CONTAINS|P001|L003|END;ADD_EDGE|CONTAINS|P002|L001|END;ADD_EDGE|NEXT_LINE|L001|L010|END;ADD_EDGE|NEXT_LINE|L003|L006|END;ADD_EDGE|NEXT_LINE|L007|L001|END
doc_764ee3a8e8a9a5bf28df,DEL_EDGE|CONTAINS|P001|L001|END;DEL_EDGE|CONTAINS|P002|L009|END;DEL_EDGE|NEXT_LINE|L005|L009|END;ADD_EDGE|CONTAINS|P001|L009|END;ADD_EDGE|CONTAINS|P002|L001|END;ADD_EDGE|NEXT_LINE|L005|L001|END
doc_76505dbc5995478e36c5,DEL_EDGE|CONTAINS|P000|L003|END;DEL_EDGE|CONTAINS|P001|L008|END;DEL_EDGE|NEXT_LINE|L008|L009|END;DEL_EDGE|NEXT_LINE|L011|L003|END;ADD_EDGE|CONTAINS|P000|L008|END;ADD_EDGE|CONTAINS|P001|L003|END;ADD_EDGE|NEXT_LINE|L003|L009|END;ADD_EDGE|NEXT_LINE|L011|L008|END
doc_76be721ea77bc34b8c66,DEL_EDGE|NEXT_LINE|L000|L001|END;DEL_EDGE|NEXT_LINE|L001|L006|END;DEL_EDGE|NEXT_LINE|L006|L002|END;ADD_EDGE|NEXT_LINE|L000|L006|END;ADD_EDGE|NEXT_LINE|L001|L002|END;ADD_EDGE|NEXT_LINE|L006|L001|END
doc_76d91005063eaff8a39d,DEL_EDGE|CONTAINS|P001|L004|END;DEL_EDGE|CONTAINS|P002|L001|END;DEL_EDGE|NEXT_LINE|L000|L001|END;DEL_EDGE|NEXT_LINE|L006|L004|END;ADD_EDGE|CONTAINS|P001|L001|END;ADD_EDGE|CONTAINS|P002|L004|END;ADD_EDGE|NEXT_LINE|L000|L004|END;ADD_EDGE|NEXT_LINE|L006|L001|END
doc_76e4559ca2c5368a211c,DEL_EDGE|CONTAINS|P001|L007|END;DEL_EDGE|CONTAINS|P003|L001|END;DEL_EDGE|NEXT_LINE|L000|L001|END;DEL_EDGE|NEXT_LINE|L001|L008|END;ADD_EDGE|CONTAINS|P001|L001|END;ADD_EDGE|CONTAINS|P003|L007|END;ADD_EDGE|NEXT_LINE|L000|L007|END;ADD_EDGE|NEXT_LINE|L007|L008|END
doc_770ac46b10154edb6690,DEL_EDGE|CONTAINS|P003|L013|END;DEL_EDGE|CONTAINS|P005|L008|END;DEL_EDGE|NEXT_BLOCK|P000|P007|END;DEL_EDGE|NEXT_BLOCK|P001|P000|END;DEL_EDGE|NEXT_BLOCK|P006|P001|END;DEL_EDGE|NEXT_LINE|L013|L012|END;ADD_EDGE|CONTAINS|P003|L008|END;ADD_EDGE|CONTAINS|P005|L013|END;ADD_EDGE|NEXT_BLOCK|P000|P001|END;ADD_EDGE|NEXT_BLOCK|P001|P007|END;ADD_EDGE|NEXT_BLOCK|P006|P000|END;ADD_EDGE|NEXT_LINE|L008|L012|END
doc_77c09280e7fe5f68efbb,DEL_EDGE|NEXT_BLOCK|P000|P003|END;DEL_EDGE|NEXT_BLOCK|P003|P004|END;DEL_EDGE|NEXT_BLOCK|P004|P002|END;ADD_EDGE|NEXT_BLOCK|P000|P004|END;ADD_EDGE|NEXT_BLOCK|P003|P002|END;ADD_EDGE|NEXT_BLOCK|P004|P003|END
doc_77f27b140f2edc0a6893,DEL_EDGE|NEXT_LINE|L007|L009|END;DEL_EDGE|NEXT_LINE|L009|L004|END;ADD_EDGE|NEXT_LINE|L004|L009|END;ADD_EDGE|NEXT_LINE|L007|L004|END
doc_7807d11b4c916e4fabff,DEL_EDGE|CONTAINS|P000|L000|END;DEL_EDGE|CONTAINS|P002|L003|END;ADD_EDGE|CONTAINS|P000|L003|END;ADD_EDGE|CONTAINS|P002|L000|END
doc_78c01f5d852869bf7942,DEL_EDGE|NEXT_BLOCK|P000|P003|END;DEL_EDGE|NEXT_BLOCK|P003|P002|END;ADD_EDGE|NEXT_BLOCK|P000|P002|END;ADD_EDGE|NEXT_BLOCK|P002|P003|END
doc_78cd35f0c76764ac51ca,DEL_EDGE|CONTAINS|P000|L005|END;DEL_EDGE|CONTAINS|P002|L010|END;ADD_EDGE|CONTAINS|P000|L010|END;ADD_EDGE|CONTAINS|P002|L005|END
doc_78da0e3d006ee9db945b,DEL_EDGE|CONTAINS|P000|L010|END;DEL_EDGE|CONTAINS|P001|L013|END;DEL_EDGE|NEXT_LINE|L006|L013|END;DEL_EDGE|NEXT_LINE|L010|L002|END;DEL_EDGE|NEXT_LINE|L023|L010|END;ADD_EDGE|CONTAINS|P000|L013|END;ADD_EDGE|CONTAINS|P001|L010|END;ADD_EDGE|NEXT_LINE|L006|L010|END;ADD_EDGE|NEXT_LINE|L013|L002|END;ADD_EDGE|NEXT_LINE|L023|L013|END
doc_797223c8166c6ca771fc,DEL_EDGE|CONTAINS|P003|L004|END;DEL_EDGE|CONTAINS|P004|L011|END;DEL_EDGE|NEXT_LINE|L009|L011|END;ADD_EDGE|CONTAINS|P003|L011|END;ADD_EDGE|CONTAINS|P004|L004|END;ADD_EDGE|NEXT_LINE|L009|L004|END
doc_7a16bd894adc4b1ed732,DEL_EDGE|NEXT_BLOCK|P001|P003|END;DEL_EDGE|NEXT_BLOCK|P002|P001|END;ADD_EDGE|NEXT_BLOCK|P001|P002|END;ADD_EDGE|NEXT_BLOCK|P002|P003|END
doc_7ab6e207315849e974c4,DEL_EDGE|NEXT_BLOCK|P001|P002|END;DEL_EDGE|NEXT_BLOCK|P002|P000|END;ADD_EDGE|NEXT_BLOCK|P000|P002|END;ADD_EDGE|NEXT_BLOCK|P001|P000|END
doc_7b1818357753a00aeb8a,DEL_EDGE|CONTAINS|P000|L008|END;DEL_EDGE|CONTAINS|P002|L002|END;DEL_EDGE|NEXT_BLOCK|P000|P002|END;DEL_EDGE|NEXT_BLOCK|P001|P000|END;DEL_EDGE|NEXT_LINE|L002|L001|END;DEL_EDGE|NEXT_LINE|L004|L008|END;DEL_EDGE|NEXT_LINE|L006|L002|END;ADD_EDGE|CONTAINS|P000|L002|END;ADD_EDGE|CONTAINS|P002|L008|END;ADD_EDGE|NEXT_BLOCK|P001|P002|END;ADD_EDGE|NEXT_BLOCK|P002|P000|END;ADD_EDGE|NEXT_LINE|L004|L002|END;ADD_EDGE|NEXT_LINE|L006|L008|END;ADD_EDGE|NEXT_LINE|L008|L001|END
doc_7bb2787132b32dcd6a5a,DEL_EDGE|CONTAINS|P000|L004|END;DEL_EDGE|CONTAINS|P001|L001|END;DEL_EDGE|NEXT_LINE|L002|L001|END;DEL_EDGE|NEXT_LINE|L004|L005|END;DEL_EDGE|NEXT_LINE|L008|L004|END;ADD_EDGE|CONTAINS|P000|L001|END;ADD_EDGE|CONTAINS|P001|L004|END;ADD_EDGE|NEXT_LINE|L001|L005|END;ADD_EDGE|NEXT_LINE|L002|L004|END;ADD_EDGE|NEXT_LINE|L008|L001|END
doc_7bce8edd61bc3bfa47f3,DEL_EDGE|NEXT_BLOCK|P001|P002|END;DEL_EDGE|NEXT_BLOCK|P002|P000|END;ADD_EDGE|NEXT_BLOCK|P000|P002|END;ADD_EDGE|NEXT_BLOCK|P001|P000|END
doc_7bfa5103eb6597cc0947,DEL_EDGE|CONTAINS|P000|L006|END;DEL_EDGE|CONTAINS|P001|L015|END;DEL_EDGE|NEXT_LINE|L001|L006|END;DEL_EDGE|NEXT_LINE|L006|L012|END;DEL_EDGE|NEXT_LINE|L015|L008|END;ADD_EDGE|CONTAINS|P000|L015|END;ADD_EDGE|CONTAINS|P001|L006|END;ADD_EDGE|NEXT_LINE|L001|L015|END;ADD_EDGE|NEXT_LINE|L006|L008|END;ADD_EDGE|NEXT_LINE|L015|L012|END
doc_7bfd6783cd04cd3107be,DEL_EDGE|NEXT_BLOCK|P000|P002|END;DEL_EDGE|NEXT_BLOCK|P002|P003|END;DEL_EDGE|NEXT_BLOCK|P003|P001|END;ADD_EDGE|NEXT_BLOCK|P000|P003|END;ADD_EDGE|NEXT_BLOCK|P002|P001|END;ADD_EDGE|NEXT_BLOCK|P003|P002|END
doc_7c37c60b1d84cfc5466c,DEL_EDGE|NEXT_BLOCK|P001|P002|END;DEL_EDGE|NEXT_BLOCK|P002|P000|END;ADD_EDGE|NEXT_BLOCK|P001|P000|END;ADD_EDGE|NEXT_BLOCK|P002|P001|END
doc_7c3a6bd2699b332e320d,DEL_EDGE|NEXT_BLOCK|P000|P003|END;DEL_EDGE|NEXT_BLOCK|P002|P000|END;DEL_EDGE|NEXT_BLOCK|P004|P002|END;ADD_EDGE|NEXT_BLOCK|P000|P002|END;ADD_EDGE|NEXT_BLOCK|P002|P003|END;ADD_EDGE|NEXT_BLOCK|P004|P000|END
doc_7c3ac08910f7943189ae,DEL_EDGE|NEXT_BLOCK|P001|P003|END;DEL_EDGE|NEXT_BLOCK|P003|P002|END;ADD_EDGE|NEXT_BLOCK|P001|P002|END;ADD_EDGE|NEXT_BLOCK|P002|P003|END
doc_7c574e25778fa93e1417,DEL_EDGE|NEXT_LINE|L006|L001|END;DEL_EDGE|NEXT_LINE|L009|L006|END;ADD_EDGE|NEXT_LINE|L001|L006|END;ADD_EDGE|NEXT_LINE|L009|L001|END
doc_7c5f217b4b7c3e9c6f6e,DEL_EDGE|NEXT_LINE|L001|L010|END;DEL_EDGE|NEXT_LINE|L007|L001|END;DEL_EDGE|NEXT_LINE|L010|L003|END;ADD_EDGE|NEXT_LINE|L001|L003|END;ADD_EDGE|NEXT_LINE|L007|L010|END;ADD_EDGE|NEXT_LINE|L010|L001|END
doc_7d415112bc99f58e3d9c,DEL_EDGE|CONTAINS|P000|L010|END;DEL_EDGE|CONTAINS|P004|L016|END;DEL_EDGE|NEXT_LINE|L004|L016|END;DEL_EDGE|NEXT_LINE|L010|L006|END;DEL_EDGE|NEXT_LINE|L013|L010|END;ADD_EDGE|CONTAINS|P000|L016|END;ADD_EDGE|CONTAINS|P004|L010|END;ADD_EDGE|NEXT_LINE|L004|L010|END;ADD_EDGE|NEXT_LINE|L013|L016|END;ADD_EDGE|NEXT_LINE|L016|L006|END
doc_7de23175823690b0df02,DEL_EDGE|CONTAINS|P002|L011|END;DEL_EDGE|CONTAINS|P003|L009|END;DEL_EDGE|NEXT_BLOCK|P000|P001|END;DEL_EDGE|NEXT_BLOCK|P001|P004|END;DEL_EDGE|NEXT_LINE|L006|L009|END;DEL_EDGE|NEXT_LINE|L009|L015|END;DEL_EDGE|NEXT_LINE|L011|L013|END;ADD_EDGE|CONTAINS|P002|L009|END;ADD_EDGE|CONTAINS|P003|L011|END;ADD_EDGE|NEXT_BLOCK|P000|P004|END;ADD_EDGE|NEXT_BLOCK|P001|P000|END;ADD_EDGE|NEXT_LINE|L006|L011|END;ADD_EDGE|NEXT_LINE|L009|L013|END;ADD_EDGE|NEXT_LINE|L011|L015|END
doc_7e149fde4cc6c058433f,DEL_EDGE|NEXT_BLOCK|P000|P001|END;DEL_EDGE|NEXT_BLOCK|P002|P000|END;ADD_EDGE|NEXT_BLOCK|P001|P000|END;ADD_EDGE|NEXT_BLOCK|P002|P001|END
doc_7e4c444ce015ffa5c60f,DEL_EDGE|NEXT_BLOCK|P000|P003|END;DEL_EDGE|NEXT_BLOCK|P002|P000|END;DEL_EDGE|NEXT_BLOCK|P004|P002|END;ADD_EDGE|NEXT_BLOCK|P000|P002|END;ADD_EDGE|NEXT_BLOCK|P002|P003|END;ADD_EDGE|NEXT_BLOCK|P004|P000|END
doc_7e6c74c6cb4d7ea979d6,DEL_EDGE|NEXT_BLOCK|P000|P002|END;DEL_EDGE|NEXT_BLOCK|P001|P000|END;ADD_EDGE|NEXT_BLOCK|P000|P001|END;ADD_EDGE|NEXT_BLOCK|P001|P002|END
doc_7e9f5f9285959a458938,DEL_EDGE|CONTAINS|P000|L006|END;DEL_EDGE|CONTAINS|P001|L004|END;DEL_EDGE|NEXT_LINE|L004|L007|END;DEL_EDGE|NEXT_LINE|L026|L006|END;ADD_EDGE|CONTAINS|P000|L004|END;ADD_EDGE|CONTAINS|P001|L006|END;ADD_EDGE|NEXT_LINE|L006|L007|END;ADD_EDGE|NEXT_LINE|L026|L004|END
doc_7f0a9972ab9d0ed2285c,DEL_EDGE|CONTAINS|P001|L011|END;DEL_EDGE|CONTAINS|P004|L008|END;DEL_EDGE|NEXT_LINE|L008|L006|END;DEL_EDGE|NEXT_LINE|L011|L004|END;ADD_EDGE|CONTAINS|P001|L008|END;ADD_EDGE|CONTAINS|P004|L011|END;ADD_EDGE|NEXT_LINE|L008|L004|END;ADD_EDGE|NEXT_LINE|L011|L006|END
doc_7f5c2654d07bc8173b02,DEL_EDGE|CONTAINS|P000|L007|END;DEL_EDGE|CONTAINS|P002|L001|END;DEL_EDGE|NEXT_LINE|L000|L007|END;DEL_EDGE|NEXT_LINE|L001|L005|END;ADD_EDGE|CONTAINS|P000|L001|END;ADD_EDGE|CONTAINS|P002|L007|END;ADD_EDGE|NEXT_LINE|L000|L001|END;ADD_EDGE|NEXT_LINE|L007|L005|END
doc_7f74b6df57796dfb991d,DEL_EDGE|NEXT_BLOCK|P000|P001|END;DEL_EDGE|NEXT_BLOCK|P001|P002|END;ADD_EDGE|NEXT_BLOCK|P000|P002|END;ADD_EDGE|NEXT_BLOCK|P001|P000|END
doc_7f757a0aa0df7ddbb672,DEL_EDGE|CONTAINS|P000|L013|END;DEL_EDGE|CONTAINS|P002|L011|END;DEL_EDGE|NEXT_LINE|L004|L013|END;DEL_EDGE|NEXT_LINE|L011|L000|END;ADD_EDGE|CONTAINS|P000|L011|END;ADD_EDGE|CONTAINS|P002|L013|END;ADD_EDGE|NEXT_LINE|L004|L011|END;ADD_EDGE|NEXT_LINE|L013|L000|END
doc_7f937d1ab8b970255357,DEL_EDGE|NEXT_BLOCK|P001|P000|END;DEL_EDGE|NEXT_BLOCK|P002|P001|END;ADD_EDGE|NEXT_BLOCK|P001|P002|END;ADD_EDGE|NEXT_BLOCK|P002|P000|END
doc_7f95cb473683dc83b5ef,DEL_EDGE|NEXT_BLOCK|P000|P001|END;DEL_EDGE|NEXT_BLOCK|P001|P004|END;DEL_EDGE|NEXT_BLOCK|P004|P002|END;ADD_EDGE|NEXT_BLOCK|P000|P004|END;ADD_EDGE|NEXT_BLOCK|P001|P002|END;ADD_EDGE|NEXT_BLOCK|P004|P001|END
doc_7ff8d529a17438a4f965,DEL_EDGE|CONTAINS|P002|L007|END;DEL_EDGE|CONTAINS|P004|L003|END;DEL_EDGE|NEXT_LINE|L001|L003|END;DEL_EDGE|NEXT_LINE|L003|L008|END;DEL_EDGE|NEXT_LINE|L013|L007|END;ADD_EDGE|CONTAINS|P002|L003|END;ADD_EDGE|CONTAINS|P004|L007|END;ADD_EDGE|NEXT_LINE|L001|L007|END;ADD_EDGE|NEXT_LINE|L007|L008|END;ADD_EDGE|NEXT_LINE|L013|L003|END
doc_8021a2a00074c58b4a14,DEL_EDGE|NEXT_LINE|L000|L002|END;DEL_EDGE|NEXT_LINE|L002|L004|END;DEL_EDGE|NEXT_LINE|L004|L005|END;ADD_EDGE|NEXT_LINE|L000|L004|END;ADD_EDGE|NEXT_LINE|L002|L005|END;ADD_EDGE|NEXT_LINE|L004|L002|END
doc_802cdff83328d1508554,DEL_EDGE|CONTAINS|P001|L007|END;DEL_EDGE|CONTAINS|P003|L012|END;DEL_EDGE|NEXT_BLOCK|P000|P003|END;DEL_EDGE|NEXT_BLOCK|P003|P001|END;DEL_EDGE|NEXT_LINE|L007|L002|END;ADD_EDGE|CONTAINS|P001|L012|END;ADD_EDGE|CONTAINS|P003|L007|END;ADD_EDGE|NEXT_BLOCK|P000|P001|END;ADD_EDGE|NEXT_BLOCK|P001|P003|END;ADD_EDGE|NEXT_LINE|L012|L002|END
doc_80919934fb9d81d714e3,DEL_EDGE|NEXT_BLOCK|P001|P002|END;DEL_EDGE|NEXT_BLOCK|P002|P003|END;DEL_EDGE|NEXT_BLOCK|P003|P000|END;ADD_EDGE|NEXT_BLOCK|P001|P003|END;ADD_EDGE|NEXT_BLOCK|P002|P000|END;ADD_EDGE|NEXT_BLOCK|P003|P002|END
doc_810f8ea49596e59f1ca2,DEL_EDGE|NEXT_BLOCK|P001|P000|END;DEL_EDGE|NEXT_BLOCK|P002|P001|END;DEL_EDGE|NEXT_BLOCK|P004|P002|END;ADD_EDGE|NEXT_BLOCK|P001|P002|END;ADD_EDGE|NEXT_BLOCK|P002|P000|END;ADD_EDGE|NEXT_BLOCK|P004|P001|END
doc_811e67762f7c5f0506f1,DEL_EDGE|NEXT_BLOCK|P002|P000|END;DEL_EDGE|NEXT_BLOCK|P004|P002|END;ADD_EDGE|NEXT_BLOCK|P002|P004|END;ADD_EDGE|NEXT_BLOCK|P004|P000|END
doc_823bbfa68464d1b2415c,DEL_EDGE|NEXT_BLOCK|P001|P002|END;DEL_EDGE|NEXT_BLOCK|P002|P000|END;ADD_EDGE|NEXT_BLOCK|P001|P000|END;ADD_EDGE|NEXT_BLOCK|P002|P001|END
doc_82a1fa051647a24705c2,DEL_EDGE|NEXT_BLOCK|P000|P001|END;DEL_EDGE|NEXT_BLOCK|P006|P000|END;ADD_EDGE|NEXT_BLOCK|P001|P000|END;ADD_EDGE|NEXT_BLOCK|P006|P001|END
doc_82af132d208f5f0fbc52,DEL_EDGE|CONTAINS|P000|L001|END;DEL_EDGE|CONTAINS|P005|L029|END;DEL_EDGE|NEXT_LINE|L001|L012|END;DEL_EDGE|NEXT_LINE|L029|L027|END;ADD_EDGE|CONTAINS|P000|L029|END;ADD_EDGE|CONTAINS|P005|L001|END;ADD_EDGE|NEXT_LINE|L001|L027|END;ADD_EDGE|NEXT_LINE|L029|L012|END
doc_82bc802ea1a10c92362b,DEL_EDGE|NEXT_BLOCK|P000|P005|END;DEL_EDGE|NEXT_BLOCK|P005|P001|END;DEL_EDGE|NEXT_BLOCK|P007|P000|END;ADD_EDGE|NEXT_BLOCK|P000|P001|END;ADD_EDGE|NEXT_BLOCK|P005|P000|END;ADD_EDGE|NEXT_BLOCK|P007|P005|END
doc_82e16f0c551da3d75747,DEL_EDGE|CONTAINS|P000|L018|END;DEL_EDGE|CONTAINS|P001|L015|END;DEL_EDGE|NEXT_LINE|L001|L015|END;DEL_EDGE|NEXT_LINE|L005|L018|END;DEL_EDGE|NEXT_LINE|L015|L010|END;ADD_EDGE|CONTAINS|P000|L015|END;ADD_EDGE|CONTAINS|P001|L018|END;ADD_EDGE|NEXT_LINE|L001|L018|END;ADD_EDGE|NEXT_LINE|L005|L015|END;ADD_EDGE|NEXT_LINE|L018|L010|END
doc_82ea7d1e0e2eb8ae414e,DEL_EDGE|CONTAINS|P000|L008|END;DEL_EDGE|CONTAINS|P001|L001|END;DEL_EDGE|NEXT_LINE|L007|L001|END;DEL_EDGE|NEXT_LINE|L008|L002|END;ADD_EDGE|CONTAINS|P000|L001|END;ADD_EDGE|CONTAINS|P001|L008|END;ADD_EDGE|NEXT_LINE|L001|L002|END;ADD_EDGE|NEXT_LINE|L007|L008|END
doc_833305ed9cc076b7c5b3,DEL_EDGE|NEXT_BLOCK|P001|P003|END;DEL_EDGE|NEXT_BLOCK|P002|P001|END;DEL_EDGE|NEXT_BLOCK|P003|P000|END;ADD_EDGE|NEXT_BLOCK|P001|P000|END;ADD_EDGE|NEXT_BLOCK|P002|P003|END;ADD_EDGE|NEXT_BLOCK|P003|P001|END
doc_837f350605638f0cd470,DEL_EDGE|CONTAINS|P000|L023|END;DEL_EDGE|CONTAINS|P001|L002|END;DEL_EDGE|NEXT_LINE|L023|L005|END;DEL_EDGE|NEXT_LINE|L027|L002|END;ADD_EDGE|CONTAINS|P000|L002|END;ADD_EDGE|CONTAINS|P001|L023|END;ADD_EDGE|NEXT_LINE|L002|L005|END;ADD_EDGE|NEXT_LINE|L027|L023|END
doc_8396f2fa999c7d51b93d,DEL_EDGE|CONTAINS|P002|L010|END;DEL_EDGE|CONTAINS|P004|L011|END;ADD_EDGE|CONTAINS|P002|L011|END;ADD_EDGE|CONTAINS|P004|L010|END
doc_83c69d323a35a279472f,DEL_EDGE|NEXT_BLOCK|P000|P001|END;DEL_EDGE|NEXT_BLOCK|P003|P000|END;ADD_EDGE|NEXT_BLOCK|P000|P003|END;ADD_EDGE|NEXT_BLOCK|P003|P001|END
doc_83d881f6234f109d3fa7,DEL_EDGE|NEXT_BLOCK|P001|P003|END;DEL_EDGE|NEXT_BLOCK|P003|P002|END;DEL_EDGE|NEXT_BLOCK|P004|P001|END;ADD_EDGE|NEXT_BLOCK|P001|P002|END;ADD_EDGE|NEXT_BLOCK|P003|P001|END;ADD_EDGE|NEXT_BLOCK|P004|P003|END
doc_83e6e662ccf87619d6b3,DEL_EDGE|CONTAINS|P000|L003|END;DEL_EDGE|CONTAINS|P001|L001|END;DEL_EDGE|NEXT_LINE|L001|L006|END;DEL_EDGE|NEXT_LINE|L003|L002|END;DEL_EDGE|NEXT_LINE|L007|L001|END;ADD_EDGE|CONTAINS|P000|L001|END;ADD_EDGE|CONTAINS|P001|L003|END;ADD_EDGE|NEXT_LINE|L001|L002|END;ADD_EDGE|NEXT_LINE|L003|L006|END;ADD_EDGE|NEXT_LINE|L007|L003|END
doc_840e9a8b6f18c1c1601c,DEL_EDGE|CONTAINS|P000|L025|END;DEL_EDGE|CONTAINS|P001|L027|END;DEL_EDGE|NEXT_LINE|L008|L027|END;DEL_EDGE|NEXT_LINE|L027|L023|END;ADD_EDGE|CONTAINS|P000|L027|END;ADD_EDGE|CONTAINS|P001|L025|END;ADD_EDGE|NEXT_LINE|L008|L025|END;ADD_EDGE|NEXT_LINE|L025|L023|END
doc_840fdb244cf56b1d34e2,DEL_EDGE|CONTAINS|P002|L002|END;DEL_EDGE|CONTAINS|P004|L011|END;DEL_EDGE|NEXT_LINE|L007|L002|END;DEL_EDGE|NEXT_LINE|L011|L015|END;ADD_EDGE|CONTAINS|P002|L011|END;ADD_EDGE|CONTAINS|P004|L002|END;ADD_EDGE|NEXT_LINE|L002|L015|END;ADD_EDGE|NEXT_LINE|L007|L011|END
doc_84605d986e3685c28918,DEL_EDGE|CONTAINS|P001|L002|END;DEL_EDGE|CONTAINS|P003|L001|END;DEL_EDGE|NEXT_LINE|L002|L007|END;DEL_EDGE|NEXT_LINE|L005|L001|END;ADD_EDGE|CONTAINS|P001|L001|END;ADD_EDGE|CONTAINS|P003|L002|END;ADD_EDGE|NEXT_LINE|L001|L007|END;ADD_EDGE|NEXT_LINE|L005|L002|END
doc_84bc57e17a878f31710e,DEL_EDGE|CONTAINS|P001|L000|END;DEL_EDGE|CONTAINS|P002|L014|END;DEL_EDGE|NEXT_LINE|L000|L008|END;DEL_EDGE|NEXT_LINE|L001|L014|END;DEL_EDGE|NEXT_LINE|L006|L000|END;DEL_EDGE|NEXT_LINE|L014|L010|END;ADD_EDGE|CONTAINS|P001|L014|END;ADD_EDGE|CONTAINS|P002|L000|END;ADD_EDGE|NEXT_LINE|L000|L010|END;ADD_EDGE|NEXT_LINE|L001|L000|END;ADD_EDGE|NEXT_LINE|L006|L014|END;ADD_EDGE|NEXT_LINE|L014|L008|END
doc_8527703b3d8b405965df,DEL_EDGE|CONTAINS|P000|L005|END;DEL_EDGE|CONTAINS|P001|L004|END;DEL_EDGE|NEXT_LINE|L001|L004|END;DEL_EDGE|NEXT_LINE|L002|L005|END;DEL_EDGE|NEXT_LINE|L005|L003|END;ADD_EDGE|CONTAINS|P000|L004|END;ADD_EDGE|CONTAINS|P001|L005|END;ADD_EDGE|NEXT_LINE|L001|L005|END;ADD_EDGE|NEXT_LINE|L002|L004|END;ADD_EDGE|NEXT_LINE|L004|L003|END
doc_85772c22d19d335a64d7,DEL_EDGE|CONTAINS|P001|L000|END;DEL_EDGE|CONTAINS|P002|L008|END;DEL_EDGE|NEXT_LINE|L000|L004|END;DEL_EDGE|NEXT_LINE|L001|L008|END;DEL_EDGE|NEXT_LINE|L002|L000|END;ADD_EDGE|CONTAINS|P001|L008|END;ADD_EDGE|CONTAINS|P002|L000|END;ADD_EDGE|NEXT_LINE|L001|L000|END;ADD_EDGE|NEXT_LINE|L002|L008|END;ADD_EDGE|NEXT_LINE|L008|L004|END
doc_85ac805057f8c823eeed,DEL_EDGE|NEXT_BLOCK|P001|P002|END;DEL_EDGE|NEXT_BLOCK|P002|P000|END;ADD_EDGE|NEXT_BLOCK|P001|P000|END;ADD_EDGE|NEXT_BLOCK|P002|P001|END
doc_85b1f454e3edac294708,DEL_EDGE|CONTAINS|P002|L009|END;DEL_EDGE|CONTAINS|P004|L019|END;DEL_EDGE|NEXT_LINE|L014|L009|END;DEL_EDGE|NEXT_LINE|L019|L017|END;ADD_EDGE|CONTAINS|P002|L019|END;ADD_EDGE|CONTAINS|P004|L009|END;ADD_EDGE|NEXT_LINE|L009|L017|END;ADD_EDGE|NEXT_LINE|L014|L019|END
doc_866543a425220c118005,DEL_EDGE|NEXT_BLOCK|P000|P001|END;ADD_EDGE|NEXT_BLOCK|P001|P000|END
doc_8690e1c63638bfe1e56a,DEL_EDGE|CONTAINS|P001|L010|END;DEL_EDGE|CONTAINS|P004|L000|END;DEL_EDGE|NEXT_LINE|L006|L010|END;DEL_EDGE|NEXT_LINE|L007|L000|END;ADD_EDGE|CONTAINS|P001|L000|END;ADD_EDGE|CONTAINS|P004|L010|END;ADD_EDGE|NEXT_LINE|L006|L000|END;ADD_EDGE|NEXT_LINE|L007|L010|END
doc_86c79413fce82f5661a6,DEL_EDGE|NEXT_BLOCK|P000|P001|END;DEL_EDGE|NEXT_BLOCK|P001|P003|END;ADD_EDGE|NEXT_BLOCK|P000|P003|END;ADD_EDGE|NEXT_BLOCK|P001|P000|END
doc_8756e9b1dc3d41ed862c,DEL_EDGE|CONTAINS|P000|L017|END;DEL_EDGE|CONTAINS|P004|L016|END;DEL_EDGE|NEXT_BLOCK|P001|P004|END;DEL_EDGE|NEXT_BLOCK|P002|P000|END;DEL_EDGE|NEXT_BLOCK|P004|P002|END;DEL_EDGE|NEXT_LINE|L017|L018|END;DEL_EDGE|NEXT_LINE|L022|L016|END;ADD_EDGE|CONTAINS|P000|L016|END;ADD_EDGE|CONTAINS|P004|L017|END;ADD_EDGE|NEXT_BLOCK|P001|P002|END;ADD_EDGE|NEXT_BLOCK|P002|P004|END;ADD_EDGE|NEXT_BLOCK|P004|P000|END;ADD_EDGE|NEXT_LINE|L016|L018|END;ADD_EDGE|NEXT_LINE|L022|L017|END
doc_875958ddc3d093ed6bbc,DEL_EDGE|CONTAINS|P003|L014|END;DEL_EDGE|CONTAINS|P006|L005|END;DEL_EDGE|NEXT_LINE|L005|L031|END;DEL_EDGE|NEXT_LINE|L014|L023|END;DEL_EDGE|NEXT_LINE|L024|L005|END;ADD_EDGE|CONTAINS|P003|L005|END;ADD_EDGE|CONTAINS|P006|L014|END;ADD_EDGE|NEXT_LINE|L005|L023|END;ADD_EDGE|NEXT_LINE|L014|L031|END;ADD_EDGE|NEXT_LINE|L024|L014|END
doc_88dca49db8c5190ce2bb,DEL_EDGE|CONTAINS|P001|L021|END;DEL_EDGE|CONTAINS|P005|L020|END;ADD_EDGE|CONTAINS|P001|L020|END;ADD_EDGE|CONTAINS|P005|L021|END
doc_895aed8fdf73afd8398c,DEL_EDGE|NEXT_BLOCK|P003|P004|END;DEL_EDGE|NEXT_BLOCK|P004|P000|END;ADD_EDGE|NEXT_BLOCK|P000|P004|END;ADD_EDGE|NEXT_BLOCK|P003|P000|END
doc_8972b7c7c6b9a0b7c643,DEL_EDGE|NEXT_BLOCK|P001|P000|END;DEL_EDGE|NEXT_BLOCK|P002|P001|END;ADD_EDGE|NEXT_BLOCK|P000|P001|END;ADD_EDGE|NEXT_BLOCK|P002|P000|END
doc_8995ca9aeb89345b1299,DEL_EDGE|CONTAINS|P000|L030|END;DEL_EDGE|CONTAINS|P001|L026|END;DEL_EDGE|NEXT_LINE|L028|L026|END;DEL_EDGE|NEXT_LINE|L029|L030|END;DEL_EDGE|NEXT_LINE|L030|L024|END;ADD_EDGE|CONTAINS|P000|L026|END;ADD_EDGE|CONTAINS|P001|L030|END;ADD_EDGE|NEXT_LINE|L026|L024|END;ADD_EDGE|NEXT_LINE|L028|L030|END;ADD_EDGE|NEXT_LINE|L029|L026|END
doc_8a2f8fe7ca9f34048305,DEL_EDGE|NEXT_BLOCK|P000|P001|END;DEL_EDGE|NEXT_BLOCK|P002|P000|END;ADD_EDGE|NEXT_BLOCK|P000|P002|END;ADD_EDGE|NEXT_BLOCK|P002|P001|END
doc_8b31ad29b5f097ff312b,DEL_EDGE|NEXT_BLOCK|P001|P002|END;DEL_EDGE|NEXT_BLOCK|P002|P000|END;ADD_EDGE|NEXT_BLOCK|P001|P000|END;ADD_EDGE|NEXT_BLOCK|P002|P001|END
doc_8c1bca3b739829de8549,DEL_EDGE|CONTAINS|P002|L015|END;DEL_EDGE|CONTAINS|P005|L011|END;DEL_EDGE|NEXT_LINE|L003|L015|END;DEL_EDGE|NEXT_LINE|L015|L007|END;DEL_EDGE|NEXT_LINE|L017|L011|END;ADD_EDGE|CONTAINS|P002|L011|END;ADD_EDGE|CONTAINS|P005|L015|END;ADD_EDGE|NEXT_LINE|L003|L011|END;ADD_EDGE|NEXT_LINE|L011|L007|END;ADD_EDGE|NEXT_LINE|L017|L015|END
doc_8c841d90497f67bfa39e,DEL_EDGE|CONTAINS|P000|L011|END;DEL_EDGE|CONTAINS|P004|L000|END;DEL_EDGE|NEXT_LINE|L011|L006|END;DEL_EDGE|NEXT_LINE|L022|L000|END;ADD_EDGE|CONTAINS|P000|L000|END;ADD_EDGE|CONTAINS|P004|L011|END;ADD_EDGE|NEXT_LINE|L000|L006|END;ADD_EDGE|NEXT_LINE|L022|L011|END
doc_8cf3427fa46474f7d014,DEL_EDGE|NEXT_BLOCK|P000|P002|END;DEL_EDGE|NEXT_BLOCK|P001|P000|END;ADD_EDGE|NEXT_BLOCK|P000|P001|END;ADD_EDGE|NEXT_BLOCK|P001|P002|END
doc_8cfe8fb3f8e60a7ac4cf,DEL_EDGE|CONTAINS|P000|L010|END;DEL_EDGE|CONTAINS|P001|L006|END;DEL_EDGE|NEXT_BLOCK|P001|P000|END;DEL_EDGE|NEXT_LINE|L012|L006|END;DEL_EDGE|NEXT_LINE|L013|L010|END;ADD_EDGE|CONTAINS|P000|L006|END;ADD_EDGE|CONTAINS|P001|L010|END;ADD_EDGE|NEXT_BLOCK|P000|P001|END;ADD_EDGE|NEXT_LINE|L012|L010|END;ADD_EDGE|NEXT_LINE|L013|L006|END
doc_8d0c4a95f12bbc448217,DEL_EDGE|NEXT_BLOCK|P001|P000|END;ADD_EDGE|NEXT_BLOCK|P000|P001|END
doc_8dd76c631879472bfc4b,DEL_EDGE|CONTAINS|P002|L000|END;DEL_EDGE|CONTAINS|P003|L013|END;DEL_EDGE|NEXT_LINE|L000|L004|END;DEL_EDGE|NEXT_LINE|L003|L000|END;DEL_EDGE|NEXT_LINE|L008|L013|END;ADD_EDGE|CONTAINS|P002|L013|END;ADD_EDGE|CONTAINS|P003|L000|END;ADD_EDGE|NEXT_LINE|L003|L013|END;ADD_EDGE|NEXT_LINE|L008|L000|END;ADD_EDGE|NEXT_LINE|L013|L004|END
doc_8df3c68a8b27a21e2085,DEL_EDGE|CONTAINS|P001|L002|END;DEL_EDGE|CONTAINS|P002|L006|END;DEL_EDGE|NEXT_LINE|L000|L006|END;DEL_EDGE|NEXT_LINE|L002|L013|END;DEL_EDGE|NEXT_LINE|L006|L009|END;ADD_EDGE|CONTAINS|P001|L006|END;ADD_EDGE|CONTAINS|P002|L002|END;ADD_EDGE|NEXT_LINE|L000|L002|END;ADD_EDGE|NEXT_LINE|L002|L009|END;ADD_EDGE|NEXT_LINE|L006|L013|END
doc_8e20fbf2b2bc7f840dae,DEL_EDGE|NEXT_BLOCK|P003|P004|END;DEL_EDGE|NEXT_BLOCK|P005|P003|END;DEL_EDGE|NEXT_BLOCK|P006|P005|END;ADD_EDGE|NEXT_BLOCK|P003|P005|END;ADD_EDGE|NEXT_BLOCK|P005|P004|END;ADD_EDGE|NEXT_BLOCK|P006|P003|END
doc_8e9a20d7bee02a2c3409,DEL_EDGE|CONTAINS|P001|L008|END;DEL_EDGE|CONTAINS|P002|L013|END;DEL_EDGE|NEXT_LINE|L006|L013|END;DEL_EDGE|NEXT_LINE|L013|L010|END;ADD_EDGE|CONTAINS|P001|L013|END;ADD_EDGE|CONTAINS|P002|L008|END;ADD_EDGE|NEXT_LINE|L006|L008|END;ADD_EDGE|NEXT_LINE|L008|L010|END
doc_8eb7fd0d6368773b8448,DEL_EDGE|CONTAINS|P000|L017|END;DEL_EDGE|CONTAINS|P004|L004|END;ADD_EDGE|CONTAINS|P000|L004|END;ADD_EDGE|CONTAINS|P004|L017|END
doc_8f15ddaf50b8e4fcba78,DEL_EDGE|CONTAINS|P002|L012|END;DEL_EDGE|CONTAINS|P005|L024|END;DEL_EDGE|NEXT_BLOCK|P003|P008|END;DEL_EDGE|NEXT_BLOCK|P004|P003|END;DEL_EDGE|NEXT_BLOCK|P007|P004|END;DEL_EDGE|NEXT_LINE|L003|L024|END;DEL_EDGE|NEXT_LINE|L012|L015|END;DEL_EDGE|NEXT_LINE|L033|L012|END;ADD_EDGE|CONTAINS|P002|L024|END;ADD_EDGE|CONTAINS|P005|L012|END;ADD_EDGE|NEXT_BLOCK|P003|P004|END;ADD_EDGE|NEXT_BLOCK|P004|P008|END;ADD_EDGE|NEXT_BLOCK|P007|P003|END;ADD_EDGE|NEXT_LINE|L003|L012|END;ADD_EDGE|NEXT_LINE|L024|L015|END;ADD_EDGE|NEXT_LINE|L033|L024|END
doc_8f2f6ef353a4150caff4,DEL_EDGE|NEXT_BLOCK|P000|P001|END;DEL_EDGE|NEXT_BLOCK|P001|P003|END;DEL_EDGE|NEXT_BLOCK|P003|P004|END;ADD_EDGE|NEXT_BLOCK|P000|P003|END;ADD_EDGE|NEXT_BLOCK|P001|P004|END;ADD_EDGE|NEXT_BLOCK|P003|P001|END
doc_8f3f3d7b2aabb0ea2f7b,DEL_EDGE|CONTAINS|P000|L000|END;DEL_EDGE|CONTAINS|P002|L001|END;DEL_EDGE|NEXT_LINE|L000|L003|END;DEL_EDGE|NEXT_LINE|L002|L000|END;ADD_EDGE|CONTAINS|P000|L001|END;ADD_EDGE|CONTAINS|P002|L000|END;ADD_EDGE|NEXT_LINE|L001|L003|END;ADD_EDGE|NEXT_LINE|L002|L001|END
doc_8f5cbfb60ea7bfa942e7,DEL_EDGE|NEXT_BLOCK|P001|P000|END;ADD_EDGE|NEXT_BLOCK|P000|P001|END
doc_8f675aa32cba3a4274c9,DEL_EDGE|CONTAINS|P000|L017|END;DEL_EDGE|CONTAINS|P002|L006|END;ADD_EDGE|CONTAINS|P000|L006|END;ADD_EDGE|CONTAINS|P002|L017|END
doc_8fe45ae85e8cd36b568d,DEL_EDGE|CONTAINS|P000|L013|END;DEL_EDGE|CONTAINS|P001|L019|END;DEL_EDGE|NEXT_LINE|L001|L013|END;DEL_EDGE|NEXT_LINE|L010|L019|END;DEL_EDGE|NEXT_LINE|L013|L021|END;DEL_EDGE|NEXT_LINE|L019|L011|END;ADD_EDGE|CONTAINS|P000|L019|END;ADD_EDGE|CONTAINS|P001|L013|END;ADD_EDGE|NEXT_LINE|L001|L019|END;ADD_EDGE|NEXT_LINE|L010|L013|END;ADD_EDGE|NEXT_LINE|L013|L011|END;ADD_EDGE|NEXT_LINE|L019|L021|END
doc_901c1e027a20cd38eacc,DEL_EDGE|NEXT_BLOCK|P000|P001|END;DEL_EDGE|NEXT_BLOCK|P001|P003|END;ADD_EDGE|NEXT_BLOCK|P000|P003|END;ADD_EDGE|NEXT_BLOCK|P003|P001|END
doc_9113636569e5037fdbd9,DEL_EDGE|NEXT_BLOCK|P000|P001|END;DEL_EDGE|NEXT_BLOCK|P001|P003|END;ADD_EDGE|NEXT_BLOCK|P000|P003|END;ADD_EDGE|NEXT_BLOCK|P001|P000|END
doc_916a32b53633d36bfc82,DEL_EDGE|NEXT_BLOCK|P000|P002|END;DEL_EDGE|NEXT_BLOCK|P002|P001|END;ADD_EDGE|NEXT_BLOCK|P000|P001|END;ADD_EDGE|NEXT_BLOCK|P001|P002|END
doc_9193824c991bb9834ff1,DEL_EDGE|NEXT_LINE|L000|L001|END;DEL_EDGE|NEXT_LINE|L001|L002|END;DEL_EDGE|NEXT_LINE|L002|L007|END;ADD_EDGE|NEXT_LINE|L000|L002|END;ADD_EDGE|NEXT_LINE|L001|L007|END;ADD_EDGE|NEXT_LINE|L002|L001|END
doc_91a98b06652524f20ddd,DEL_EDGE|NEXT_BLOCK|P002|P004|END;DEL_EDGE|NEXT_BLOCK|P004|P003|END;ADD_EDGE|NEXT_BLOCK|P002|P003|END;ADD_EDGE|NEXT_BLOCK|P003|P004|END
doc_91ba0e3d5b8577630547,DEL_EDGE|NEXT_BLOCK|P001|P004|END;DEL_EDGE|NEXT_BLOCK|P003|P001|END;DEL_EDGE|NEXT_BLOCK|P004|P002|END;ADD_EDGE|NEXT_BLOCK|P001|P002|END;ADD_EDGE|NEXT_BLOCK|P003|P004|END;ADD_EDGE|NEXT_BLOCK|P004|P001|END
doc_925257b303f1a6f089dc,DEL_EDGE|CONTAINS|P000|L017|END;DEL_EDGE|CONTAINS|P004|L007|END;DEL_EDGE|NEXT_LINE|L017|L004|END;ADD_EDGE|CONTAINS|P000|L007|END;ADD_EDGE|CONTAINS|P004|L017|END;ADD_EDGE|NEXT_LINE|L007|L004|END
doc_9265c0dc2dfd06bf70a4,DEL_EDGE|CONTAINS|P000|L014|END;DEL_EDGE|CONTAINS|P001|L009|END;DEL_EDGE|NEXT_LINE|L002|L014|END;DEL_EDGE|NEXT_LINE|L014|L015|END;ADD_EDGE|CONTAINS|P000|L009|END;ADD_EDGE|CONTAINS|P001|L014|END;ADD_EDGE|NEXT_LINE|L002|L009|END;ADD_EDGE|NEXT_LINE|L009|L015|END
doc_93a40096f291baf04cc2,DEL_EDGE|NEXT_BLOCK|P001|P000|END;DEL_EDGE|NEXT_BLOCK|P002|P003|END;DEL_EDGE|NEXT_BLOCK|P003|P001|END;ADD_EDGE|NEXT_BLOCK|P001|P003|END;ADD_EDGE|NEXT_BLOCK|P002|P001|END;ADD_EDGE|NEXT_BLOCK|P003|P000|END
doc_93bcc4bbf99fab266009,DEL_EDGE|CONTAINS|P003|L025|END;DEL_EDGE|CONTAINS|P004|L031|END;DEL_EDGE|NEXT_LINE|L025|L019|END;DEL_EDGE|NEXT_LINE|L031|L008|END;ADD_EDGE|CONTAINS|P003|L031|END;ADD_EDGE|CONTAINS|P004|L025|END;ADD_EDGE|NEXT_LINE|L025|L008|END;ADD_EDGE|NEXT_LINE|L031|L019|END
doc_93be1c00c90291e96cfc,DEL_EDGE|NEXT_BLOCK|P001|P003|END;DEL_EDGE|NEXT_BLOCK|P003|P002|END;ADD_EDGE|NEXT_BLOCK|P001|P002|END;ADD_EDGE|NEXT_BLOCK|P003|P001|END
doc_942003effe28fa370f28,DEL_EDGE|CONTAINS|P000|L020|END;DEL_EDGE|CONTAINS|P003|L005|END;DEL_EDGE|NEXT_LINE|L005|L014|END;DEL_EDGE|NEXT_LINE|L007|L020|END;DEL_EDGE|NEXT_LINE|L021|L005|END;ADD_EDGE|CONTAINS|P000|L005|END;ADD_EDGE|CONTAINS|P003|L020|END;ADD_EDGE|NEXT_LINE|L007|L005|END;ADD_EDGE|NEXT_LINE|L020|L014|END;ADD_EDGE|NEXT_LINE|L021|L020|END
doc_94a88ee57f0788b45060,DEL_EDGE|CONTAINS|P002|L011|END;DEL_EDGE|CONTAINS|P004|L006|END;DEL_EDGE|NEXT_BLOCK|P002|P003|END;DEL_EDGE|NEXT_BLOCK|P003|P004|END;DEL_EDGE|NEXT_BLOCK|P004|P001|END;DEL_EDGE|NEXT_LINE|L006|L004|END;DEL_EDGE|NEXT_LINE|L009|L011|END;DEL_EDGE|NEXT_LINE|L017|L006|END;ADD_EDGE|CONTAINS|P002|L006|END;ADD_EDGE|CONTAINS|P004|L011|END;ADD_EDGE|NEXT_BLOCK|P002|P004|END;ADD_EDGE|NEXT_BLOCK|P003|P001|END;ADD_EDGE|NEXT_BLOCK|P004|P003|END;ADD_EDGE|NEXT_LINE|L009|L006|END;ADD_EDGE|NEXT_LINE|L011|L004|END;ADD_EDGE|NEXT_LINE|L017|L011|END
doc_94b2483553435b9f3b89,DEL_EDGE|CONTAINS|P000|L008|END;DEL_EDGE|CONTAINS|P002|L004|END;DEL_EDGE|NEXT_LINE|L004|L001|END;DEL_EDGE|NEXT_LINE|L010|L008|END;ADD_EDGE|CONTAINS|P000|L004|END;ADD_EDGE|CONTAINS|P002|L008|END;ADD_EDGE|NEXT_LINE|L008|L001|END;ADD_EDGE|NEXT_LINE|L010|L004|END
doc_9502f93fd898705b8af5,DEL_EDGE|CONTAINS|P001|L000|END;DEL_EDGE|CONTAINS|P003|L005|END;DEL_EDGE|NEXT_LINE|L000|L013|END;DEL_EDGE|NEXT_LINE|L008|L005|END;ADD_EDGE|CONTAINS|P001|L005|END;ADD_EDGE|CONTAINS|P003|L000|END;ADD_EDGE|NEXT_LINE|L005|L013|END;ADD_EDGE|NEXT_LINE|L008|L000|END
doc_9565d93e411075fdf519,DEL_EDGE|NEXT_BLOCK|P002|P005|END;DEL_EDGE|NEXT_BLOCK|P004|P003|END;DEL_EDGE|NEXT_BLOCK|P005|P004|END;ADD_EDGE|NEXT_BLOCK|P002|P004|END;ADD_EDGE|NEXT_BLOCK|P004|P005|END;ADD_EDGE|NEXT_BLOCK|P005|P003|END
doc_959a94ec6b9b9d12383d,DEL_EDGE|CONTAINS|P000|L000|END;DEL_EDGE|CONTAINS|P002|L010|END;DEL_EDGE|NEXT_LINE|L000|L011|END;DEL_EDGE|NEXT_LINE|L002|L010|END;DEL_EDGE|NEXT_LINE|L010|L007|END;ADD_EDGE|CONTAINS|P000|L010|END;ADD_EDGE|CONTAINS|P002|L000|END;ADD_EDGE|NEXT_LINE|L000|L007|END;ADD_EDGE|NEXT_LINE|L002|L000|END;ADD_EDGE|NEXT_LINE|L010|L011|END
doc_95fdff0d49df7955536c,DEL_EDGE|CONTAINS|P000|L012|END;DEL_EDGE|CONTAINS|P001|L010|END;DEL_EDGE|NEXT_BLOCK|P000|P001|END;DEL_EDGE|NEXT_LINE|L011|L010|END;DEL_EDGE|NEXT_LINE|L012|L017|END;DEL_EDGE|NEXT_LINE|L021|L012|END;ADD_EDGE|CONTAINS|P000|L010|END;ADD_EDGE|CONTAINS|P001|L012|END;ADD_EDGE|NEXT_BLOCK|P001|P000|END;ADD_EDGE|NEXT_LINE|L010|L017|END;ADD_EDGE|NEXT_LINE|L011|L012|END;ADD_EDGE|NEXT_LINE|L021|L010|END
doc_962d44c950e33ed2a924,DEL_EDGE|CONTAINS|P001|L000|END;DEL_EDGE|CONTAINS|P002|L008|END;DEL_EDGE|NEXT_LINE|L000|L011|END;DEL_EDGE|NEXT_LINE|L001|L000|END;ADD_EDGE|CONTAINS|P001|L008|END;ADD_EDGE|CONTAINS|P002|L000|END;ADD_EDGE|NEXT_LINE|L001|L008|END;ADD_EDGE|NEXT_LINE|L008|L011|END
doc_9651a854a57b8b81ea6d,DEL_EDGE|CONTAINS|P001|L019|END;DEL_EDGE|CONTAINS|P002|L016|END;DEL_EDGE|NEXT_LINE|L019|L017|END;DEL_EDGE|NEXT_LINE|L020|L016|END;ADD_EDGE|CONTAINS|P001|L016|END;ADD_EDGE|CONTAINS|P002|L019|END;ADD_EDGE|NEXT_LINE|L016|L017|END;ADD_EDGE|NEXT_LINE|L020|L019|END
doc_965c7506dc3925f26808,DEL_EDGE|CONTAINS|P000|L002|END;DEL_EDGE|CONTAINS|P001|L014|END;DEL_EDGE|NEXT_BLOCK|P000|P002|END;DEL_EDGE|NEXT_BLOCK|P001|P000|END;DEL_EDGE|NEXT_LINE|L002|L001|END;DEL_EDGE|NEXT_LINE|L013|L014|END;DEL_EDGE|NEXT_LINE|L014|L004|END;ADD_EDGE|CONTAINS|P000|L014|END;ADD_EDGE|CONTAINS|P001|L002|END;ADD_EDGE|NEXT_BLOCK|P001|P002|END;ADD_EDGE|NEXT_BLOCK|P002|P000|END;ADD_EDGE|NEXT_LINE|L002|L004|END;ADD_EDGE|NEXT_LINE|L013|L002|END;ADD_EDGE|NEXT_LINE|L014|L001|END
doc_96740c5901c8ef5e2f35,DEL_EDGE|NEXT_BLOCK|P001|P000|END;ADD_EDGE|NEXT_BLOCK|P000|P001|END
doc_9680921f9c95aa23c655,DEL_EDGE|CONTAINS|P000|L001|END;DEL_EDGE|CONTAINS|P001|L017|END;DEL_EDGE|NEXT_LINE|L001|L008|END;DEL_EDGE|NEXT_LINE|L010|L017|END;ADD_EDGE|CONTAINS|P000|L017|END;ADD_EDGE|CONTAINS|P001|L001|END;ADD_EDGE|NEXT_LINE|L010|L001|END;ADD_EDGE|NEXT_LINE|L017|L008|END
doc_96ac148a51b360d0b45d,DEL_EDGE|NEXT_BLOCK|P002|P004|END;DEL_EDGE|NEXT_BLOCK|P004|P001|END;ADD_EDGE|NEXT_BLOCK|P001|P004|END;ADD_EDGE|NEXT_BLOCK|P002|P001|END
doc_96d8b7208273deb076c4,DEL_EDGE|NEXT_LINE|L004|L012|END;DEL_EDGE|NEXT_LINE|L012|L009|END;ADD_EDGE|NEXT_LINE|L004|L009|END;ADD_EDGE|NEXT_LINE|L012|L004|END
doc_973b5f3050b9eb0dbb57,DEL_EDGE|CONTAINS|P000|L013|END;DEL_EDGE|CONTAINS|P001|L004|END;DEL_EDGE|NEXT_LINE|L003|L013|END;DEL_EDGE|NEXT_LINE|L004|L006|END;DEL_EDGE|NEXT_LINE|L013|L002|END;ADD_EDGE|CONTAINS|P000|L004|END;ADD_EDGE|CONTAINS|P001|L013|END;ADD_EDGE|NEXT_LINE|L003|L004|END;ADD_EDGE|NEXT_LINE|L004|L002|END;ADD_EDGE|NEXT_LINE|L013|L006|END
doc_9840685799b6b1f830f6,DEL_EDGE|NEXT_BLOCK|P001|P005|END;DEL_EDGE|NEXT_BLOCK|P003|P001|END;DEL_EDGE|NEXT_BLOCK|P004|P003|END;ADD_EDGE|NEXT_BLOCK|P001|P003|END;ADD_EDGE|NEXT_BLOCK|P003|P005|END;ADD_EDGE|NEXT_BLOCK|P004|P001|END
doc_98557df168fd63090e7d,DEL_EDGE|NEXT_BLOCK|P000|P002|END;DEL_EDGE|NEXT_BLOCK|P005|P006|END;DEL_EDGE|NEXT_BLOCK|P006|P000|END;ADD_EDGE|NEXT_BLOCK|P000|P006|END;ADD_EDGE|NEXT_BLOCK|P005|P000|END;ADD_EDGE|NEXT_BLOCK|P006|P002|END
doc_98a1d15e8895fe871ef5,DEL_EDGE|NEXT_BLOCK|P000|P001|END;DEL_EDGE|NEXT_BLOCK|P003|P000|END;ADD_EDGE|NEXT_BLOCK|P001|P000|END;ADD_EDGE|NEXT_BLOCK|P003|P001|END
doc_98d1bfe22092c58501e8,DEL_EDGE|CONTAINS|P000|L006|END;DEL_EDGE|CONTAINS|P001|L002|END;DEL_EDGE|NEXT_LINE|L001|L002|END;DEL_EDGE|NEXT_LINE|L011|L006|END;ADD_EDGE|CONTAINS|P000|L002|END;ADD_EDGE|CONTAINS|P001|L006|END;ADD_EDGE|NEXT_LINE|L001|L006|END;ADD_EDGE|NEXT_LINE|L011|L002|END
doc_98ea78d215c6e220a21f,DEL_EDGE|NEXT_LINE|L004|L014|END;DEL_EDGE|NEXT_LINE|L013|L002|END;DEL_EDGE|NEXT_LINE|L014|L013|END;ADD_EDGE|NEXT_LINE|L004|L013|END;ADD_EDGE|NEXT_LINE|L013|L014|END;ADD_EDGE|NEXT_LINE|L014|L002|END
doc_99465c95cc84b192c575,DEL_EDGE|CONTAINS|P000|L022|END;DEL_EDGE|CONTAINS|P001|L003|END;DEL_EDGE|NEXT_LINE|L003|L031|END;DEL_EDGE|NEXT_LINE|L016|L022|END;DEL_EDGE|NEXT_LINE|L035|L003|END;ADD_EDGE|CONTAINS|P000|L003|END;ADD_EDGE|CONTAINS|P001|L022|END;ADD_EDGE|NEXT_LINE|L016|L003|END;ADD_EDGE|NEXT_LINE|L022|L031|END;ADD_EDGE|NEXT_LINE|L035|L022|END
doc_99a96933d9be1951c2a6,DEL_EDGE|CONTAINS|P001|L017|END;DEL_EDGE|CONTAINS|P002|L015|END;DEL_EDGE|NEXT_LINE|L009|L015|END;ADD_EDGE|CONTAINS|P001|L015|END;ADD_EDGE|CONTAINS|P002|L017|END;ADD_EDGE|NEXT_LINE|L009|L017|END
doc_99b99a0620deec6f0567,DEL_EDGE|NEXT_BLOCK|P000|P001|END;ADD_EDGE|NEXT_BLOCK|P001|P000|END
doc_9a316c3666346e666d0d,DEL_EDGE|NEXT_BLOCK|P001|P002|END;DEL_EDGE|NEXT_BLOCK|P002|P004|END;DEL_EDGE|NEXT_BLOCK|P004|P003|END;ADD_EDGE|NEXT_BLOCK|P001|P004|END;ADD_EDGE|NEXT_BLOCK|P002|P003|END;ADD_EDGE|NEXT_BLOCK|P004|P002|END
doc_9a88285ff5aed7b1906d,DEL_EDGE|NEXT_LINE|L003|L013|END;DEL_EDGE|NEXT_LINE|L013|L017|END;DEL_EDGE|NEXT_LINE|L017|L008|END;ADD_EDGE|NEXT_LINE|L003|L017|END;ADD_EDGE|NEXT_LINE|L013|L008|END;ADD_EDGE|NEXT_LINE|L017|L013|END
doc_9b1521830b317b1ededc,DEL_EDGE|CONTAINS|P002|L013|END;DEL_EDGE|CONTAINS|P003|L012|END;DEL_EDGE|NEXT_LINE|L012|L003|END;DEL_EDGE|NEXT_LINE|L013|L014|END;DEL_EDGE|NEXT_LINE|L016|L013|END;ADD_EDGE|CONTAINS|P002|L012|END;ADD_EDGE|CONTAINS|P003|L013|END;ADD_EDGE|NEXT_LINE|L012|L014|END;ADD_EDGE|NEXT_LINE|L013|L003|END;ADD_EDGE|NEXT_LINE|L016|L012|END
doc_9b2570ea477df25088d1,DEL_EDGE|CONTAINS|P001|L009|END;DEL_EDGE|CONTAINS|P004|L007|END;DEL_EDGE|NEXT_BLOCK|P000|P004|END;DEL_EDGE|NEXT_BLOCK|P003|P001|END;DEL_EDGE|NEXT_BLOCK|P004|P003|END;DEL_EDGE|NEXT_LINE|L003|L007|END;ADD_EDGE|CONTAINS|P001|L007|END;ADD_EDGE|CONTAINS|P004|L009|END;ADD_EDGE|NEXT_BLOCK|P000|P003|END;ADD_EDGE|NEXT_BLOCK|P003|P004|END;ADD_EDGE|NEXT_BLOCK|P004|P001|END;ADD_EDGE|NEXT_LINE|L003|L009|END
doc_9b859251b3bcbc0ddc1d,DEL_EDGE|NEXT_BLOCK|P000|P002|END;DEL_EDGE|NEXT_BLOCK|P002|P001|END;ADD_EDGE|NEXT_BLOCK|P000|P001|END;ADD_EDGE|NEXT_BLOCK|P001|P002|END
doc_9b9183cdfed09a5cc45c,DEL_EDGE|NEXT_BLOCK|P002|P001|END;DEL_EDGE|NEXT_BLOCK|P003|P002|END;ADD_EDGE|NEXT_BLOCK|P002|P003|END;ADD_EDGE|NEXT_BLOCK|P003|P001|END
doc_9c68f9ebc9c18a03a067,DEL_EDGE|NEXT_BLOCK|P001|P004|END;DEL_EDGE|NEXT_BLOCK|P004|P003|END;ADD_EDGE|NEXT_BLOCK|P001|P003|END;ADD_EDGE|NEXT_BLOCK|P003|P004|END
doc_9c7da5631f78e1f80063,DEL_EDGE|CONTAINS|P000|L004|END;DEL_EDGE|CONTAINS|P001|L017|END;DEL_EDGE|NEXT_BLOCK|P001|P000|END;DEL_EDGE|NEXT_LINE|L004|L010|END;DEL_EDGE|NEXT_LINE|L015|L004|END;DEL_EDGE|NEXT_LINE|L017|L007|END;DEL_EDGE|NEXT_LINE|L023|L017|END;ADD_EDGE|CONTAINS|P000|L017|END;ADD_EDGE|CONTAINS|P001|L004|END;ADD_EDGE|NEXT_BLOCK|P000|P001|END;ADD_EDGE|NEXT_LINE|L004|L007|END;ADD_EDGE|NEXT_LINE|L015|L017|END;ADD_EDGE|NEXT_LINE|L017|L010|END;ADD_EDGE|NEXT_LINE|L023|L004|END
doc_9c7e37566bfe07efddf3,DEL_EDGE|CONTAINS|P000|L012|END;DEL_EDGE|CONTAINS|P001|L009|END;DEL_EDGE|NEXT_LINE|L000|L012|END;DEL_EDGE|NEXT_LINE|L007|L009|END;ADD_EDGE|CONTAINS|P000|L009|END;ADD_EDGE|CONTAINS|P001|L012|END;ADD_EDGE|NEXT_LINE|L000|L009|END;ADD_EDGE|NEXT_LINE|L007|L012|END
doc_9d18149c485c03694647,DEL_EDGE|NEXT_BLOCK|P001|P000|END;ADD_EDGE|NEXT_BLOCK|P000|P001|END
doc_9d580392bc612e01ce0a,DEL_EDGE|CONTAINS|P001|L005|END;DEL_EDGE|CONTAINS|P003|L002|END;ADD_EDGE|CONTAINS|P001|L002|END;ADD_EDGE|CONTAINS|P003|L005|END
doc_9d72775b2ab84b5c9dda,DEL_EDGE|CONTAINS|P000|L005|END;DEL_EDGE|CONTAINS|P003|L004|END;DEL_EDGE|NEXT_LINE|L004|L010|END;DEL_EDGE|NEXT_LINE|L013|L005|END;ADD_EDGE|CONTAINS|P000|L004|END;ADD_EDGE|CONTAINS|P003|L005|END;ADD_EDGE|NEXT_LINE|L005|L010|END;ADD_EDGE|NEXT_LINE|L013|L004|END
doc_9d9b5b6aae0eeadc7b92,DEL_EDGE|NEXT_BLOCK|P001|P002|END;DEL_EDGE|NEXT_BLOCK|P002|P000|END;ADD_EDGE|NEXT_BLOCK|P001|P000|END;ADD_EDGE|NEXT_BLOCK|P002|P001|END
doc_9e16afe53dee86836272,DEL_EDGE|CONTAINS|P000|L003|END;DEL_EDGE|CONTAINS|P003|L008|END;DEL_EDGE|NEXT_LINE|L001|L003|END;DEL_EDGE|NEXT_LINE|L003|L007|END;DEL_EDGE|NEXT_LINE|L008|L002|END;ADD_EDGE|CONTAINS|P000|L008|END;ADD_EDGE|CONTAINS|P003|L003|END;ADD_EDGE|NEXT_LINE|L001|L008|END;ADD_EDGE|NEXT_LINE|L003|L002|END;ADD_EDGE|NEXT_LINE|L008|L007|END
doc_9edd1c32faf72f53feca,DEL_EDGE|CONTAINS|P000|L003|END;DEL_EDGE|CONTAINS|P003|L012|END;DEL_EDGE|NEXT_LINE|L003|L013|END;DEL_EDGE|NEXT_LINE|L008|L012|END;DEL_EDGE|NEXT_LINE|L015|L003|END;ADD_EDGE|CONTAINS|P000|L012|END;ADD_EDGE|CONTAINS|P003|L003|END;ADD_EDGE|NEXT_LINE|L008|L003|END;ADD_EDGE|NEXT_LINE|L012|L013|END;ADD_EDGE|NEXT_LINE|L015|L012|END
doc_9f656c81936fed6defd1,DEL_EDGE|CONTAINS|P001|L017|END;DEL_EDGE|CONTAINS|P003|L018|END;DEL_EDGE|NEXT_LINE|L005|L017|END;DEL_EDGE|NEXT_LINE|L014|L018|END;DEL_EDGE|NEXT_LINE|L017|L011|END;ADD_EDGE|CONTAINS|P001|L018|END;ADD_EDGE|CONTAINS|P003|L017|END;ADD_EDGE|NEXT_LINE|L005|L018|END;ADD_EDGE|NEXT_LINE|L014|L017|END;ADD_EDGE|NEXT_LINE|L018|L011|END
doc_9f6a6ad3a86d8b99dcce,DEL_EDGE|CONTAINS|P000|L001|END;DEL_EDGE|CONTAINS|P001|L003|END;DEL_EDGE|NEXT_LINE|L003|L002|END;DEL_EDGE|NEXT_LINE|L005|L003|END;ADD_EDGE|CONTAINS|P000|L003|END;ADD_EDGE|CONTAINS|P001|L001|END;ADD_EDGE|NEXT_LINE|L001|L002|END;ADD_EDGE|NEXT_LINE|L005|L001|END
doc_a0199d7d38714b3bd2fa,DEL_EDGE|CONTAINS|P000|L006|END;DEL_EDGE|CONTAINS|P001|L000|END;DEL_EDGE|NEXT_LINE|L000|L009|END;DEL_EDGE|NEXT_LINE|L006|L008|END;ADD_EDGE|CONTAINS|P000|L000|END;ADD_EDGE|CONTAINS|P001|L006|END;ADD_EDGE|NEXT_LINE|L000|L008|END;ADD_EDGE|NEXT_LINE|L006|L009|END
doc_a020e4011728850bebca,DEL_EDGE|CONTAINS|P000|L012|END;DEL_EDGE|CONTAINS|P001|L009|END;DEL_EDGE|NEXT_LINE|L008|L009|END;DEL_EDGE|NEXT_LINE|L009|L010|END;DEL_EDGE|NEXT_LINE|L012|L014|END;ADD_EDGE|CONTAINS|P000|L009|END;ADD_EDGE|CONTAINS|P001|L012|END;ADD_EDGE|NEXT_LINE|L008|L012|END;ADD_EDGE|NEXT_LINE|L009|L014|END;ADD_EDGE|NEXT_LINE|L012|L010|END
doc_a059e260ab9e11db6586,DEL_EDGE|CONTAINS|P000|L001|END;DEL_EDGE|CONTAINS|P001|L005|END;DEL_EDGE|NEXT_BLOCK|P000|P001|END;DEL_EDGE|NEXT_LINE|L001|L003|END;DEL_EDGE|NEXT_LINE|L006|L001|END;ADD_EDGE|CONTAINS|P000|L005|END;ADD_EDGE|CONTAINS|P001|L001|END;ADD_EDGE|NEXT_BLOCK|P001|P000|END;ADD_EDGE|NEXT_LINE|L005|L003|END;ADD_EDGE|NEXT_LINE|L006|L005|END
doc_a05eacfef943a46759e2,DEL_EDGE|CONTAINS|P003|L005|END;DEL_EDGE|CONTAINS|P004|L000|END;DEL_EDGE|NEXT_LINE|L000|L002|END;DEL_EDGE|NEXT_LINE|L001|L000|END;DEL_EDGE|NEXT_LINE|L003|L005|END;ADD_EDGE|CONTAINS|P003|L000|END;ADD_EDGE|CONTAINS|P004|L005|END;ADD_EDGE|NEXT_LINE|L001|L005|END;ADD_EDGE|NEXT_LINE|L003|L000|END;ADD_EDGE|NEXT_LINE|L005|L002|END
doc_a0bb84f4d256b9f61ab7,DEL_EDGE|NEXT_LINE|L000|L005|END;DEL_EDGE|NEXT_LINE|L001|L000|END;DEL_EDGE|NEXT_LINE|L006|L001|END;ADD_EDGE|NEXT_LINE|L000|L001|END;ADD_EDGE|NEXT_LINE|L001|L005|END;ADD_EDGE|NEXT_LINE|L006|L000|END
doc_a0cb3e9bfe8e596076d9,DEL_EDGE|NEXT_BLOCK|P000|P002|END;DEL_EDGE|NEXT_BLOCK|P002|P003|END;ADD_EDGE|NEXT_BLOCK|P000|P003|END;ADD_EDGE|NEXT_BLOCK|P003|P002|END
doc_a0eb610bc068dbc096cc,DEL_EDGE|NEXT_BLOCK|P001|P000|END;ADD_EDGE|NEXT_BLOCK|P000|P001|END
doc_a0fc93ca9d0d57045af0,DEL_EDGE|CONTAINS|P001|L001|END;DEL_EDGE|CONTAINS|P002|L010|END;DEL_EDGE|NEXT_LINE|L001|L002|END;DEL_EDGE|NEXT_LINE|L003|L010|END;DEL_EDGE|NEXT_LINE|L010|L011|END;ADD_EDGE|CONTAINS|P001|L010|END;ADD_EDGE|CONTAINS|P002|L001|END;ADD_EDGE|NEXT_LINE|L001|L011|END;ADD_EDGE|NEXT_LINE|L003|L001|END;ADD_EDGE|NEXT_LINE|L010|L002|END
doc_a121c2226701233317b3,DEL_EDGE|CONTAINS|P000|L011|END;DEL_EDGE|CONTAINS|P001|L004|END;DEL_EDGE|NEXT_LINE|L009|L004|END;DEL_EDGE|NEXT_LINE|L011|L007|END;DEL_EDGE|NEXT_LINE|L018|L011|END;ADD_EDGE|CONTAINS|P000|L004|END;ADD_EDGE|CONTAINS|P001|L011|END;ADD_EDGE|NEXT_LINE|L004|L007|END;ADD_EDGE|NEXT_LINE|L009|L011|END;ADD_EDGE|NEXT_LINE|L018|L004|END
doc_a131ba506607975b015d,DEL_EDGE|NEXT_BLOCK|P000|P003|END;DEL_EDGE|NEXT_BLOCK|P001|P002|END;DEL_EDGE|NEXT_BLOCK|P002|P000|END;ADD_EDGE|NEXT_BLOCK|P000|P002|END;ADD_EDGE|NEXT_BLOCK|P001|P000|END;ADD_EDGE|NEXT_BLOCK|P002|P003|END
doc_a1ac83eb1bc45fd11873,DEL_EDGE|CONTAINS|P002|L028|END;DEL_EDGE|CONTAINS|P003|L017|END;DEL_EDGE|NEXT_LINE|L014|L017|END;DEL_EDGE|NEXT_LINE|L017|L029|END;DEL_EDGE|NEXT_LINE|L028|L006|END;DEL_EDGE|NEXT_LINE|L033|L028|END;ADD_EDGE|CONTAINS|P002|L017|END;ADD_EDGE|CONTAINS|P003|L028|END;ADD_EDGE|NEXT_LINE|L014|L028|END;ADD_EDGE|NEXT_LINE|L017|L006|END;ADD_EDGE|NEXT_LINE|L028|L029|END;ADD_EDGE|NEXT_LINE|L033|L017|END
doc_a1e54ea7b8258f1c171f,DEL_EDGE|CONTAINS|P001|L016|END;DEL_EDGE|CONTAINS|P004|L027|END;DEL_EDGE|NEXT_LINE|L004|L027|END;DEL_EDGE|NEXT_LINE|L018|L016|END;DEL_EDGE|NEXT_LINE|L027|L014|END;ADD_EDGE|CONTAINS|P001|L027|END;ADD_EDGE|CONTAINS|P004|L016|END;ADD_EDGE|NEXT_LINE|L004|L016|END;ADD_EDGE|NEXT_LINE|L016|L014|END;ADD_EDGE|NEXT_LINE|L018|L027|END
doc_a1eafee51a3d7b998264,DEL_EDGE|CONTAINS|P001|L005|END;DEL_EDGE|CONTAINS|P002|L000|END;DEL_EDGE|NEXT_BLOCK|P001|P002|END;DEL_EDGE|NEXT_BLOCK|P002|P000|END;DEL_EDGE|NEXT_LINE|L000|L004|END;DEL_EDGE|NEXT_LINE|L008|L000|END;ADD_EDGE|CONTAINS|P001|L000|END;ADD_EDGE|CONTAINS|P002|L005|END;ADD_EDGE|NEXT_BLOCK|P000|P002|END;ADD_EDGE|NEXT_BLOCK|P001|P000|END;ADD_EDGE|NEXT_LINE|L005|L004|END;ADD_EDGE|NEXT_LINE|L008|L005|END
doc_a1ecebd69fc387da1988,DEL_EDGE|CONTAINS|P000|L006|END;DEL_EDGE|CONTAINS|P001|L013|END;DEL_EDGE|NEXT_BLOCK|P001|P000|END;DEL_EDGE|NEXT_LINE|L006|L008|END;DEL_EDGE|NEXT_LINE|L011|L013|END;DEL_EDGE|NEXT_LINE|L013|L016|END;DEL_EDGE|NEXT_LINE|L022|L006|END;ADD_EDGE|CONTAINS|P000|L013|END;ADD_EDGE|CONTAINS|P001|L006|END;ADD_EDGE|NEXT_BLOCK|P000|P001|END;ADD_EDGE|NEXT_LINE|L006|L016|END;ADD_EDGE|NEXT_LINE|L011|L006|END;ADD_EDGE|NEXT_LINE|L013|L008|END;ADD_EDGE|NEXT_LINE|L022|L013|END
doc_a1ff4d4788a8ee1796da,DEL_EDGE|CONTAINS|P001|L003|END;DEL_EDGE|CONTAINS|P002|L008|END;DEL_EDGE|NEXT_BLOCK|P000|P001|END;DEL_EDGE|NEXT_BLOCK|P002|P000|END;DEL_EDGE|NEXT_LINE|L000|L008|END;DEL_EDGE|NEXT_LINE|L003|L004|END;DEL_EDGE|NEXT_LINE|L008|L009|END;ADD_EDGE|CONTAINS|P001|L008|END;ADD_EDGE|CONTAINS|P002|L003|END;ADD_EDGE|NEXT_BLOCK|P000|P002|END;ADD_EDGE|NEXT_BLOCK|P002|P001|END;ADD_EDGE|NEXT_LINE|L000|L003|END;ADD_EDGE|NEXT_LINE|L003|L009|END;ADD_EDGE|NEXT_LINE|L008|L004|END
doc_a281592e0d617e71f67b,DEL_EDGE|CONTAINS|P000|L010|END;DEL_EDGE|CONTAINS|P003|L006|END;DEL_EDGE|NEXT_LINE|L006|L004|END;ADD_EDGE|CONTAINS|P000|L006|END;ADD_EDGE|CONTAINS|P003|L010|END;ADD_EDGE|NEXT_LINE|L010|L004|END
doc_a2c8ccbff03d5236c28f,DEL_EDGE|CONTAINS|P000|L009|END;DEL_EDGE|CONTAINS|P004|L005|END;DEL_EDGE|NEXT_BLOCK|P000|P003|END;DEL_EDGE|NEXT_BLOCK|P003|P001|END;DEL_EDGE|NEXT_LINE|L009|L011|END;DEL_EDGE|NEXT_LINE|L013|L005|END;ADD_EDGE|CONTAINS|P000|L005|END;ADD_EDGE|CONTAINS|P004|L009|END;ADD_EDGE|NEXT_BLOCK|P000|P001|END;ADD_EDGE|NEXT_BLOCK|P001|P003|END;ADD_EDGE|NEXT_LINE|L005|L011|END;ADD_EDGE|NEXT_LINE|L013|L009|END
doc_a2d7ad2e76de2ddad380,DEL_EDGE|NEXT_BLOCK|P000|P001|END;DEL_EDGE|NEXT_BLOCK|P001|P005|END;DEL_EDGE|NEXT_BLOCK|P003|P000|END;ADD_EDGE|NEXT_BLOCK|P000|P005|END;ADD_EDGE|NEXT_BLOCK|P001|P000|END;ADD_EDGE|NEXT_BLOCK|P003|P001|END
doc_a301b2cbbf4f84dcd0bc,DEL_EDGE|CONTAINS|P003|L011|END;DEL_EDGE|CONTAINS|P004|L008|END;DEL_EDGE|NEXT_LINE|L001|L011|END;DEL_EDGE|NEXT_LINE|L011|L005|END;DEL_EDGE|NEXT_LINE|L013|L008|END;ADD_EDGE|CONTAINS|P003|L008|END;ADD_EDGE|CONTAINS|P004|L011|END;ADD_EDGE|NEXT_LINE|L001|L008|END;ADD_EDGE|NEXT_LINE|L008|L005|END;ADD_EDGE|NEXT_LINE|L013|L011|END
doc_a348db059ee0fbc1a840,DEL_EDGE|NEXT_BLOCK|P001|P000|END;ADD_EDGE|NEXT_BLOCK|P000|P001|END
doc_a34922b6895155cf21d4,DEL_EDGE|CONTAINS|P000|L010|END;DEL_EDGE|CONTAINS|P001|L004|END;DEL_EDGE|NEXT_BLOCK|P002|P000|END;DEL_EDGE|NEXT_BLOCK|P003|P002|END;DEL_EDGE|NEXT_LINE|L004|L027|END;DEL_EDGE|NEXT_LINE|L010|L009|END;DEL_EDGE|NEXT_LINE|L019|L004|END;DEL_EDGE|NEXT_LINE|L021|L010|END;ADD_EDGE|CONTAINS|P000|L004|END;ADD_EDGE|CONTAINS|P001|L010|END;ADD_EDGE|NEXT_BLOCK|P000|P002|END;ADD_EDGE|NEXT_BLOCK|P003|P000|END;ADD_EDGE|NEXT_LINE|L004|L009|END;ADD_EDGE|NEXT_LINE|L010|L027|END;ADD_EDGE|NEXT_LINE|L019|L010|END;ADD_EDGE|NEXT_LINE|L021|L004|END
doc_a48354324fbad1353a5e,DEL_EDGE|CONTAINS|P000|L002|END;DEL_EDGE|CONTAINS|P002|L000|END;DEL_EDGE|NEXT_LINE|L000|L014|END;DEL_EDGE|NEXT_LINE|L016|L002|END;ADD_EDGE|CONTAINS|P000|L000|END;ADD_EDGE|CONTAINS|P002|L002|END;ADD_EDGE|NEXT_LINE|L002|L014|END;ADD_EDGE|NEXT_LINE|L016|L000|END
doc_a4a3fabf3d377cb70d8e,DEL_EDGE|CONTAINS|P000|L001|END;DEL_EDGE|CONTAINS|P001|L004|END;DEL_EDGE|NEXT_LINE|L001|L006|END;DEL_EDGE|NEXT_LINE|L004|L000|END;DEL_EDGE|NEXT_LINE|L009|L004|END;ADD_EDGE|CONTAINS|P000|L004|END;ADD_EDGE|CONTAINS|P001|L001|END;ADD_EDGE|NEXT_LINE|L001|L000|END;ADD_EDGE|NEXT_LINE|L004|L006|END;ADD_EDGE|NEXT_LINE|L009|L001|END
doc_a4abb0320f18bed761a4,DEL_EDGE|NEXT_BLOCK|P000|P003|END;DEL_EDGE|NEXT_BLOCK|P003|P002|END;ADD_EDGE|NEXT_BLOCK|P000|P002|END;ADD_EDGE|NEXT_BLOCK|P003|P000|END
doc_a4c56b34d88d3d755ccb,DEL_EDGE|NEXT_BLOCK|P003|P004|END;DEL_EDGE|NEXT_BLOCK|P004|P000|END;ADD_EDGE|NEXT_BLOCK|P003|P000|END;ADD_EDGE|NEXT_BLOCK|P004|P003|END
doc_a4c66fa0f3cd60061d4f,DEL_EDGE|CONTAINS|P000|L015|END;DEL_EDGE|CONTAINS|P001|L018|END;DEL_EDGE|NEXT_LINE|L004|L015|END;DEL_EDGE|NEXT_LINE|L015|L023|END;DEL_EDGE|NEXT_LINE|L018|L024|END;ADD_EDGE|CONTAINS|P000|L018|END;ADD_EDGE|CONTAINS|P001|L015|END;ADD_EDGE|NEXT_LINE|L004|L018|END;ADD_EDGE|NEXT_LINE|L015|L024|END;ADD_EDGE|NEXT_LINE|L018|L023|END
doc_a5cd322f09fa7f9f3b6f,DEL_EDGE|NEXT_BLOCK|P002|P004|END;DEL_EDGE|NEXT_BLOCK|P003|P002|END;ADD_EDGE|NEXT_BLOCK|P003|P004|END;ADD_EDGE|NEXT_BLOCK|P004|P002|END
doc_a67cfc3e9762a1485147,DEL_EDGE|CONTAINS|P000|L001|END;DEL_EDGE|CONTAINS|P002|L005|END;ADD_EDGE|CONTAINS|P000|L005|END;ADD_EDGE|CONTAINS|P002|L001|END
doc_a73a726d4b7e87bc1ba8,DEL_EDGE|CONTAINS|P001|L007|END;DEL_EDGE|CONTAINS|P002|L001|END;DEL_EDGE|NEXT_LINE|L000|L001|END;DEL_EDGE|NEXT_LINE|L007|L008|END;DEL_EDGE|NEXT_LINE|L013|L007|END;ADD_EDGE|CONTAINS|P001|L001|END;ADD_EDGE|CONTAINS|P002|L007|END;ADD_EDGE|NEXT_LINE|L000|L007|END;ADD_EDGE|NEXT_LINE|L001|L008|END;ADD_EDGE|NEXT_LINE|L013|L001|END
doc_a791603317b740d7ff85,DEL_EDGE|CONTAINS|P001|L013|END;DEL_EDGE|CONTAINS|P003|L007|END;DEL_EDGE|NEXT_LINE|L012|L013|END;ADD_EDGE|CONTAINS|P001|L007|END;ADD_EDGE|CONTAINS|P003|L013|END;ADD_EDGE|NEXT_LINE|L012|L007|END
doc_a7e346c3abd18a1b0a6b,DEL_EDGE|CONTAINS|P000|L005|END;DEL_EDGE|CONTAINS|P001|L001|END;DEL_EDGE|NEXT_LINE|L001|L004|END;DEL_EDGE|NEXT_LINE|L002|L005|END;DEL_EDGE|NEXT_LINE|L005|L017|END;ADD_EDGE|CONTAINS|P000|L001|END;ADD_EDGE|CONTAINS|P001|L005|END;ADD_EDGE|NEXT_LINE|L001|L017|END;ADD_EDGE|NEXT_LINE|L002|L001|END;ADD_EDGE|NEXT_LINE|L005|L004|END
doc_a80e5c1b705e9996a022,DEL_EDGE|CONTAINS|P000|L006|END;DEL_EDGE|CONTAINS|P001|L005|END;DEL_EDGE|NEXT_LINE|L004|L006|END;DEL_EDGE|NEXT_LINE|L006|L001|END;ADD_EDGE|CONTAINS|P000|L005|END;ADD_EDGE|CONTAINS|P001|L006|END;ADD_EDGE|NEXT_LINE|L004|L005|END;ADD_EDGE|NEXT_LINE|L005|L001|END
doc_a850d966395c50c5d115,DEL_EDGE|NEXT_BLOCK|P002|P003|END;DEL_EDGE|NEXT_BLOCK|P003|P000|END;ADD_EDGE|NEXT_BLOCK|P000|P003|END;ADD_EDGE|NEXT_BLOCK|P002|P000|END
doc_a8b97d2f0a1ebf9e5d0a,DEL_EDGE|NEXT_BLOCK|P000|P001|END;ADD_EDGE|NEXT_BLOCK|P001|P000|END
doc_a8f57c853c85e4ac45a0,DEL_EDGE|NEXT_BLOCK|P000|P001|END;DEL_EDGE|NEXT_BLOCK|P001|P002|END;ADD_EDGE|NEXT_BLOCK|P000|P002|END;ADD_EDGE|NEXT_BLOCK|P001|P000|END
doc_a98c63701b55522e1b96,DEL_EDGE|CONTAINS|P000|L015|END;DEL_EDGE|CONTAINS|P002|L004|END;DEL_EDGE|NEXT_LINE|L008|L015|END;DEL_EDGE|NEXT_LINE|L009|L004|END;ADD_EDGE|CONTAINS|P000|L004|END;ADD_EDGE|CONTAINS|P002|L015|END;ADD_EDGE|NEXT_LINE|L008|L004|END;ADD_EDGE|NEXT_LINE|L009|L015|END
doc_a9d58d88fcc796d0aafd,DEL_EDGE|CONTAINS|P003|L017|END;DEL_EDGE|CONTAINS|P007|L003|END;DEL_EDGE|NEXT_LINE|L008|L003|END;DEL_EDGE|NEXT_LINE|L017|L013|END;ADD_EDGE|CONTAINS|P003|L003|END;ADD_EDGE|CONTAINS|P007|L017|END;ADD_EDGE|NEXT_LINE|L003|L013|END;ADD_EDGE|NEXT_LINE|L008|L017|END
doc_aaac28adf1b899e63252,DEL_EDGE|NEXT_BLOCK|P001|P002|END;DEL_EDGE|NEXT_BLOCK|P003|P001|END;ADD_EDGE|NEXT_BLOCK|P001|P003|END;ADD_EDGE|NEXT_BLOCK|P003|P002|END
doc_aab788ead5b69fc31e44,DEL_EDGE|CONTAINS|P002|L003|END;DEL_EDGE|CONTAINS|P003|L001|END;DEL_EDGE|NEXT_LINE|L003|L007|END;DEL_EDGE|NEXT_LINE|L010|L001|END;ADD_EDGE|CONTAINS|P002|L001|END;ADD_EDGE|CONTAINS|P003|L003|END;ADD_EDGE|NEXT_LINE|L001|L007|END;ADD_EDGE|NEXT_LINE|L010|L003|END
doc_aabccee1ca3140d3746b,DEL_EDGE|CONTAINS|P001|L008|END;DEL_EDGE|CONTAINS|P002|L025|END;DEL_EDGE|NEXT_BLOCK|P000|P001|END;DEL_EDGE|NEXT_BLOCK|P002|P000|END;DEL_EDGE|NEXT_LINE|L008|L015|END;DEL_EDGE|NEXT_LINE|L018|L008|END;DEL_EDGE|NEXT_LINE|L026|L025|END;ADD_EDGE|CONTAINS|P001|L025|END;ADD_EDGE|CONTAINS|P002|L008|END;ADD_EDGE|NEXT_BLOCK|P000|P002|END;ADD_EDGE|NEXT_BLOCK|P002|P001|END;ADD_EDGE|NEXT_LINE|L018|L025|END;ADD_EDGE|NEXT_LINE|L025|L015|END;ADD_EDGE|NEXT_LINE|L026|L008|END
doc_ab59de10d306d6d57d82,DEL_EDGE|CONTAINS|P000|L004|END;DEL_EDGE|CONTAINS|P001|L015|END;DEL_EDGE|NEXT_LINE|L003|L004|END;DEL_EDGE|NEXT_LINE|L015|L000|END;DEL_EDGE|NEXT_LINE|L018|L015|END;ADD_EDGE|CONTAINS|P000|L015|END;ADD_EDGE|CONTAINS|P001|L004|END;ADD_EDGE|NEXT_LINE|L003|L015|END;ADD_EDGE|NEXT_LINE|L004|L000|END;ADD_EDGE|NEXT_LINE|L018|L004|END
doc_abba03b4027b2626d8da,DEL_EDGE|CONTAINS|P000|L008|END;DEL_EDGE|CONTAINS|P002|L021|END;DEL_EDGE|NEXT_LINE|L021|L002|END;ADD_EDGE|CONTAINS|P000|L021|END;ADD_EDGE|CONTAINS|P002|L008|END;ADD_EDGE|NEXT_LINE|L008|L002|END
doc_ac1d353209e04be41e22,DEL_EDGE|CONTAINS|P000|L005|END;DEL_EDGE|CONTAINS|P001|L004|END;DEL_EDGE|NEXT_LINE|L004|L009|END;DEL_EDGE|NEXT_LINE|L005|L002|END;DEL_EDGE|NEXT_LINE|L011|L005|END;ADD_EDGE|CONTAINS|P000|L004|END;ADD_EDGE|CONTAINS|P001|L005|END;ADD_EDGE|NEXT_LINE|L004|L002|END;ADD_EDGE|NEXT_LINE|L005|L009|END;ADD_EDGE|NEXT_LINE|L011|L004|END
doc_ac673c639e988b0a5eeb,DEL_EDGE|NEXT_BLOCK|P000|P001|END;DEL_EDGE|NEXT_BLOCK|P001|P002|END;ADD_EDGE|NEXT_BLOCK|P000|P002|END;ADD_EDGE|NEXT_BLOCK|P002|P001|END
doc_acf1c0429b446e890d88,DEL_EDGE|NEXT_BLOCK|P001|P000|END;ADD_EDGE|NEXT_BLOCK|P000|P001|END
doc_add586c8b988638dc762,DEL_EDGE|CONTAINS|P000|L039|END;DEL_EDGE|CONTAINS|P001|L022|END;DEL_EDGE|NEXT_BLOCK|P000|P001|END;DEL_EDGE|NEXT_LINE|L010|L022|END;DEL_EDGE|NEXT_LINE|L022|L019|END;DEL_EDGE|NEXT_LINE|L029|L039|END;DEL_EDGE|NEXT_LINE|L039|L016|END;ADD_EDGE|CONTAINS|P000|L022|END;ADD_EDGE|CONTAINS|P001|L039|END;ADD_EDGE|NEXT_BLOCK|P001|P000|END;ADD_EDGE|NEXT_LINE|L010|L039|END;ADD_EDGE|NEXT_LINE|L022|L016|END;ADD_EDGE|NEXT_LINE|L029|L022|END;ADD_EDGE|NEXT_LINE|L039|L019|END
doc_adeff7a8ed57f01c85d3,DEL_EDGE|NEXT_BLOCK|P000|P002|END;DEL_EDGE|NEXT_BLOCK|P002|P001|END;ADD_EDGE|NEXT_BLOCK|P000|P001|END;ADD_EDGE|NEXT_BLOCK|P002|P000|END
doc_adf7f7c173aee096952c,DEL_EDGE|NEXT_LINE|L003|L009|END;DEL_EDGE|NEXT_LINE|L005|L003|END;ADD_EDGE|NEXT_LINE|L003|L005|END;ADD_EDGE|NEXT_LINE|L005|L009|END
doc_ae073cf9475d3d875fbe,DEL_EDGE|CONTAINS|P001|L005|END;DEL_EDGE|CONTAINS|P002|L002|END;DEL_EDGE|NEXT_LINE|L000|L005|END;DEL_EDGE|NEXT_LINE|L002|L011|END;DEL_EDGE|NEXT_LINE|L009|L002|END;ADD_EDGE|CONTAINS|P001|L002|END;ADD_EDGE|CONTAINS|P002|L005|END;ADD_EDGE|NEXT_LINE|L000|L002|END;ADD_EDGE|NEXT_LINE|L005|L011|END;ADD_EDGE|NEXT_LINE|L009|L005|END
doc_ae1047be8ae7befa6a1f,DEL_EDGE|NEXT_BLOCK|P001|P000|END;DEL_EDGE|NEXT_BLOCK|P002|P001|END;ADD_EDGE|NEXT_BLOCK|P001|P002|END;ADD_EDGE|NEXT_BLOCK|P002|P000|END
doc_ae2125339eab03304ef3,DEL_EDGE|CONTAINS|P000|L013|END;DEL_EDGE|CONTAINS|P002|L019|END;DEL_EDGE|NEXT_LINE|L000|L019|END;DEL_EDGE|NEXT_LINE|L019|L021|END;ADD_EDGE|CONTAINS|P000|L019|END;ADD_EDGE|CONTAINS|P002|L013|END;ADD_EDGE|NEXT_LINE|L000|L013|END;ADD_EDGE|NEXT_LINE|L013|L021|END
doc_aedc6c3b6d2f30f50f17,DEL_EDGE|NEXT_BLOCK|P002|P004|END;DEL_EDGE|NEXT_BLOCK|P004|P005|END;DEL_EDGE|NEXT_BLOCK|P005|P001|END;ADD_EDGE|NEXT_BLOCK|P002|P005|END;ADD_EDGE|NEXT_BLOCK|P004|P001|END;ADD_EDGE|NEXT_BLOCK|P005|P004|END
doc_aeede48fed83d786ceef,DEL_EDGE|NEXT_BLOCK|P002|P001|END;DEL_EDGE|NEXT_BLOCK|P004|P002|END;ADD_EDGE|NEXT_BLOCK|P002|P004|END;ADD_EDGE|NEXT_BLOCK|P004|P001|END
doc_af2bb6a73ab281962ddf,DEL_EDGE|CONTAINS|P000|L002|END;DEL_EDGE|CONTAINS|P003|L009|END;DEL_EDGE|NEXT_BLOCK|P003|P004|END;DEL_EDGE|NEXT_BLOCK|P004|P000|END;DEL_EDGE|NEXT_LINE|L002|L011|END;DEL_EDGE|NEXT_LINE|L022|L002|END;DEL_EDGE|NEXT_LINE|L025|L009|END;ADD_EDGE|CONTAINS|P000|L009|END;ADD_EDGE|CONTAINS|P003|L002|END;ADD_EDGE|NEXT_BLOCK|P003|P000|END;ADD_EDGE|NEXT_BLOCK|P004|P003|END;ADD_EDGE|NEXT_LINE|L009|L011|END;ADD_EDGE|NEXT_LINE|L022|L009|END;ADD_EDGE|NEXT_LINE|L025|L002|END
doc_af9aa52437d469e2974b,DEL_EDGE|CONTAINS|P000|L003|END;DEL_EDGE|CONTAINS|P002|L005|END;DEL_EDGE|NEXT_LINE|L000|L005|END;ADD_EDGE|CONTAINS|P000|L005|END;ADD_EDGE|CONTAINS|P002|L003|END;ADD_EDGE|NEXT_LINE|L000|L003|END
doc_afb809af9560e1e92415,DEL_EDGE|CONTAINS|P000|L010|END;DEL_EDGE|CONTAINS|P002|L001|END;DEL_EDGE|NEXT_LINE|L001|L015|END;DEL_EDGE|NEXT_LINE|L010|L008|END;DEL_EDGE|NEXT_LINE|L019|L010|END;ADD_EDGE|CONTAINS|P000|L001|END;ADD_EDGE|CONTAINS|P002|L010|END;ADD_EDGE|NEXT_LINE|L001|L008|END;ADD_EDGE|NEXT_LINE|L010|L015|END;ADD_EDGE|NEXT_LINE|L019|L001|END
doc_afcfdcc880d8ef592781,DEL_EDGE|NEXT_LINE|L000|L012|END;DEL_EDGE|NEXT_LINE|L001|L000|END;DEL_EDGE|NEXT_LINE|L017|L001|END;ADD_EDGE|NEXT_LINE|L000|L001|END;ADD_EDGE|NEXT_LINE|L001|L012|END;ADD_EDGE|NEXT_LINE|L017|L000|END
doc_affcb3646cc703bd4636,DEL_EDGE|NEXT_BLOCK|P001|P006|END;DEL_EDGE|NEXT_BLOCK|P004|P001|END;DEL_EDGE|NEXT_BLOCK|P006|P002|END;ADD_EDGE|NEXT_BLOCK|P001|P002|END;ADD_EDGE|NEXT_BLOCK|P004|P006|END;ADD_EDGE|NEXT_BLOCK|P006|P001|END
doc_b04fab29403f6c9b6ba7,DEL_EDGE|CONTAINS|P002|L009|END;DEL_EDGE|CONTAINS|P005|L003|END;DEL_EDGE|NEXT_LINE|L009|L010|END;ADD_EDGE|CONTAINS|P002|L003|END;ADD_EDGE|CONTAINS|P005|L009|END;ADD_EDGE|NEXT_LINE|L003|L010|END
doc_b06b769188b33461eec2,DEL_EDGE|NEXT_LINE|L000|L004|END;DEL_EDGE|NEXT_LINE|L002|L000|END;ADD_EDGE|NEXT_LINE|L000|L002|END;ADD_EDGE|NEXT_LINE|L002|L004|END
doc_b104a018ace6562bb6de,DEL_EDGE|CONTAINS|P001|L014|END;DEL_EDGE|CONTAINS|P002|L013|END;DEL_EDGE|NEXT_LINE|L010|L013|END;DEL_EDGE|NEXT_LINE|L013|L015|END;ADD_EDGE|CONTAINS|P001|L013|END;ADD_EDGE|CONTAINS|P002|L014|END;ADD_EDGE|NEXT_LINE|L010|L014|END;ADD_EDGE|NEXT_LINE|L014|L015|END
doc_b121f37f3d7452aa25b2,DEL_EDGE|CONTAINS|P000|L010|END;DEL_EDGE|CONTAINS|P003|L003|END;DEL_EDGE|NEXT_LINE|L010|L011|END;ADD_EDGE|CONTAINS|P000|L003|END;ADD_EDGE|CONTAINS|P003|L010|END;ADD_EDGE|NEXT_LINE|L003|L011|END
doc_b15988023fe882001a8a,DEL_EDGE|CONTAINS|P002|L009|END;DEL_EDGE|CONTAINS|P003|L002|END;DEL_EDGE|NEXT_LINE|L002|L011|END;ADD_EDGE|CONTAINS|P002|L002|END;ADD_EDGE|CONTAINS|P003|L009|END;ADD_EDGE|NEXT_LINE|L009|L011|END
doc_b16f14fca289ede3338d,DEL_EDGE|NEXT_BLOCK|P000|P001|END;ADD_EDGE|NEXT_BLOCK|P001|P000|END
doc_b1baf63b4c6e2463659a,DEL_EDGE|NEXT_BLOCK|P001|P000|END;ADD_EDGE|NEXT_BLOCK|P000|P001|END
doc_b1efd36cf81db7992366,DEL_EDGE|NEXT_LINE|L002|L006|END;DEL_EDGE|NEXT_LINE|L003|L002|END;ADD_EDGE|NEXT_LINE|L002|L003|END;ADD_EDGE|NEXT_LINE|L003|L006|END
doc_b20f472f15e9da26bc8b,DEL_EDGE|CONTAINS|P002|L008|END;DEL_EDGE|CONTAINS|P005|L006|END;ADD_EDGE|CONTAINS|P002|L006|END;ADD_EDGE|CONTAINS|P005|L008|END
doc_b21595d49e9f6c64a8b0,DEL_EDGE|CONTAINS|P001|L001|END;DEL_EDGE|CONTAINS|P002|L009|END;DEL_EDGE|NEXT_LINE|L005|L001|END;DEL_EDGE|NEXT_LINE|L007|L009|END;ADD_EDGE|CONTAINS|P001|L009|END;ADD_EDGE|CONTAINS|P002|L001|END;ADD_EDGE|NEXT_LINE|L005|L009|END;ADD_EDGE|NEXT_LINE|L007|L001|END
doc_b3138cfccbd30333120f,DEL_EDGE|CONTAINS|P000|L004|END;DEL_EDGE|CONTAINS|P001|L003|END;DEL_EDGE|NEXT_LINE|L000|L004|END;DEL_EDGE|NEXT_LINE|L003|L009|END;ADD_EDGE|CONTAINS|P000|L003|END;ADD_EDGE|CONTAINS|P001|L004|END;ADD_EDGE|NEXT_LINE|L000|L003|END;ADD_EDGE|NEXT_LINE|L004|L009|END
doc_b39516463223a614e746,DEL_EDGE|CONTAINS|P001|L011|END;DEL_EDGE|CONTAINS|P004|L014|END;DEL_EDGE|NEXT_LINE|L011|L006|END;ADD_EDGE|CONTAINS|P001|L014|END;ADD_EDGE|CONTAINS|P004|L011|END;ADD_EDGE|NEXT_LINE|L014|L006|END
doc_b44e3c892a5f96341c26,DEL_EDGE|NEXT_BLOCK|P001|P000|END;ADD_EDGE|NEXT_BLOCK|P000|P001|END
doc_b4b15b4a05f8c5f80b75,DEL_EDGE|CONTAINS|P000|L018|END;DEL_EDGE|CONTAINS|P002|L003|END;DEL_EDGE|NEXT_LINE|L000|L018|END;DEL_EDGE|NEXT_LINE|L003|L029|END;ADD_EDGE|CONTAINS|P000|L003|END;ADD_EDGE|CONTAINS|P002|L018|END;ADD_EDGE|NEXT_LINE|L000|L003|END;ADD_EDGE|NEXT_LINE|L018|L029|END
doc_b4f324bda30045279534,DEL_EDGE|CONTAINS|P000|L007|END;DEL_EDGE|CONTAINS|P001|L004|END;DEL_EDGE|NEXT_LINE|L004|L011|END;DEL_EDGE|NEXT_LINE|L008|L004|END;ADD_EDGE|CONTAINS|P000|L004|END;ADD_EDGE|CONTAINS|P001|L007|END;ADD_EDGE|NEXT_LINE|L007|L011|END;ADD_EDGE|NEXT_LINE|L008|L007|END
doc_b505fa9e5f9263dcd5fa,DEL_EDGE|CONTAINS|P000|L004|END;DEL_EDGE|CONTAINS|P002|L007|END;DEL_EDGE|NEXT_LINE|L002|L004|END;DEL_EDGE|NEXT_LINE|L003|L007|END;ADD_EDGE|CONTAINS|P000|L007|END;ADD_EDGE|CONTAINS|P002|L004|END;ADD_EDGE|NEXT_LINE|L002|L007|END;ADD_EDGE|NEXT_LINE|L003|L004|END
doc_b51d0798c304cf50dc34,DEL_EDGE|NEXT_BLOCK|P001|P000|END;ADD_EDGE|NEXT_BLOCK|P000|P001|END
doc_b5406bd52f64c7d5c85f,DEL_EDGE|CONTAINS|P001|L001|END;DEL_EDGE|CONTAINS|P003|L010|END;DEL_EDGE|NEXT_LINE|L003|L001|END;ADD_EDGE|CONTAINS|P001|L010|END;ADD_EDGE|CONTAINS|P003|L001|END;ADD_EDGE|NEXT_LINE|L003|L010|END
doc_b550e8347f1a6520cbdf,DEL_EDGE|CONTAINS|P003|L005|END;DEL_EDGE|CONTAINS|P004|L007|END;ADD_EDGE|CONTAINS|P003|L007|END;ADD_EDGE|CONTAINS|P004|L005|END
doc_b58b3a7a924109600ce7,DEL_EDGE|CONTAINS|P001|L021|END;DEL_EDGE|CONTAINS|P002|L022|END;DEL_EDGE|NEXT_LINE|L022|L004|END;ADD_EDGE|CONTAINS|P001|L022|END;ADD_EDGE|CONTAINS|P002|L021|END;ADD_EDGE|NEXT_LINE|L021|L004|END
doc_b5b979b156624f6e91d1,DEL_EDGE|NEXT_BLOCK|P001|P002|END;DEL_EDGE|NEXT_BLOCK|P002|P000|END;ADD_EDGE|NEXT_BLOCK|P000|P002|END;ADD_EDGE|NEXT_BLOCK|P001|P000|END
doc_b6532c2676e6fa50f4c5,DEL_EDGE|NEXT_LINE|L005|L009|END;DEL_EDGE|NEXT_LINE|L009|L006|END;ADD_EDGE|NEXT_LINE|L005|L006|END;ADD_EDGE|NEXT_LINE|L009|L005|END
doc_b67410266044a78957a4,DEL_EDGE|NEXT_BLOCK|P000|P001|END;ADD_EDGE|NEXT_BLOCK|P001|P000|END
doc_b69b60240cc7877787d4,DEL_EDGE|NEXT_BLOCK|P001|P000|END;ADD_EDGE|NEXT_BLOCK|P000|P001|END
doc_b6dfb0a0bc478d42328f,DEL_EDGE|CONTAINS|P001|L000|END;DEL_EDGE|CONTAINS|P003|L002|END;DEL_EDGE|NEXT_BLOCK|P000|P001|END;DEL_EDGE|NEXT_BLOCK|P001|P003|END;DEL_EDGE|NEXT_LINE|L002|L014|END;DEL_EDGE|NEXT_LINE|L007|L000|END;ADD_EDGE|CONTAINS|P001|L002|END;ADD_EDGE|CONTAINS|P003|L000|END;ADD_EDGE|NEXT_BLOCK|P000|P003|END;ADD_EDGE|NEXT_BLOCK|P003|P001|END;ADD_EDGE|NEXT_LINE|L000|L014|END;ADD_EDGE|NEXT_LINE|L007|L002|END
doc_b6e8ca2ca99e4d1b4cf4,DEL_EDGE|NEXT_LINE|L012|L009|END;DEL_EDGE|NEXT_LINE|L014|L018|END;DEL_EDGE|NEXT_LINE|L018|L012|END;ADD_EDGE|NEXT_LINE|L012|L018|END;ADD_EDGE|NEXT_LINE|L014|L012|END;ADD_EDGE|NEXT_LINE|L018|L009|END
doc_b6e9be3dc857c8aab018,DEL_EDGE|CONTAINS|P001|L018|END;DEL_EDGE|CONTAINS|P002|L007|END;DEL_EDGE|NEXT_LINE|L007|L011|END;DEL_EDGE|NEXT_LINE|L018|L010|END;DEL_EDGE|NEXT_LINE|L020|L007|END;ADD_EDGE|CONTAINS|P001|L007|END;ADD_EDGE|CONTAINS|P002|L018|END;ADD_EDGE|NEXT_LINE|L007|L010|END;ADD_EDGE|NEXT_LINE|L018|L011|END;ADD_EDGE|NEXT_LINE|L020|L018|END
doc_b703da625e439b33edf5,DEL_EDGE|NEXT_BLOCK|P000|P001|END;ADD_EDGE|NEXT_BLOCK|P001|P000|END
doc_b742de85a2b96171722d,DEL_EDGE|CONTAINS|P000|L005|END;DEL_EDGE|CONTAINS|P002|L006|END;DEL_EDGE|NEXT_LINE|L002|L006|END;DEL_EDGE|NEXT_LINE|L005|L003|END;ADD_EDGE|CONTAINS|P000|L006|END;ADD_EDGE|CONTAINS|P002|L005|END;ADD_EDGE|NEXT_LINE|L002|L005|END;ADD_EDGE|NEXT_LINE|L006|L003|END
doc_b75dd0d76e9eaa71f087,DEL_EDGE|NEXT_BLOCK|P000|P002|END;DEL_EDGE|NEXT_BLOCK|P002|P001|END;ADD_EDGE|NEXT_BLOCK|P000|P001|END;ADD_EDGE|NEXT_BLOCK|P002|P000|END
doc_b76b553c614638211cd6,DEL_EDGE|CONTAINS|P001|L000|END;DEL_EDGE|CONTAINS|P002|L006|END;DEL_EDGE|NEXT_LINE|L006|L009|END;DEL_EDGE|NEXT_LINE|L013|L000|END;ADD_EDGE|CONTAINS|P001|L006|END;ADD_EDGE|CONTAINS|P002|L000|END;ADD_EDGE|NEXT_LINE|L000|L009|END;ADD_EDGE|NEXT_LINE|L013|L006|END
doc_b7c7de391762bd6c5534,DEL_EDGE|NEXT_LINE|L006|L017|END;DEL_EDGE|NEXT_LINE|L017|L018|END;ADD_EDGE|NEXT_LINE|L006|L018|END;ADD_EDGE|NEXT_LINE|L017|L006|END
doc_b896fb66b612720658cf,DEL_EDGE|CONTAINS|P003|L014|END;DEL_EDGE|CONTAINS|P004|L009|END;DEL_EDGE|NEXT_LINE|L014|L004|END;ADD_EDGE|CONTAINS|P003|L009|END;ADD_EDGE|CONTAINS|P004|L014|END;ADD_EDGE|NEXT_LINE|L009|L004|END
doc_b8b2d5cea01a2b355455,DEL_EDGE|NEXT_BLOCK|P000|P001|END;ADD_EDGE|NEXT_BLOCK|P001|P000|END
doc_b8bdd0bfa13e8e1c40ed,DEL_EDGE|CONTAINS|P000|L007|END;DEL_EDGE|CONTAINS|P001|L000|END;DEL_EDGE|NEXT_LINE|L000|L002|END;DEL_EDGE|NEXT_LINE|L007|L003|END;ADD_EDGE|CONTAINS|P000|L000|END;ADD_EDGE|CONTAINS|P001|L007|END;ADD_EDGE|NEXT_LINE|L000|L003|END;ADD_EDGE|NEXT_LINE|L007|L002|END
doc_b8f985e87db8e807c015,DEL_EDGE|CONTAINS|P000|L013|END;DEL_EDGE|CONTAINS|P001|L010|END;DEL_EDGE|NEXT_LINE|L010|L026|END;DEL_EDGE|NEXT_LINE|L013|L012|END;DEL_EDGE|NEXT_LINE|L015|L010|END;DEL_EDGE|NEXT_LINE|L022|L013|END;ADD_EDGE|CONTAINS|P000|L010|END;ADD_EDGE|CONTAINS|P001|L013|END;ADD_EDGE|NEXT_LINE|L010|L012|END;ADD_EDGE|NEXT_LINE|L013|L026|END;ADD_EDGE|NEXT_LINE|L015|L013|END;ADD_EDGE|NEXT_LINE|L022|L010|END
doc_b921469a1c3e0bf17e68,DEL_EDGE|CONTAINS|P000|L006|END;DEL_EDGE|CONTAINS|P002|L004|END;DEL_EDGE|NEXT_LINE|L004|L010|END;ADD_EDGE|CONTAINS|P000|L004|END;ADD_EDGE|CONTAINS|P002|L006|END;ADD_EDGE|NEXT_LINE|L006|L010|END
doc_b9571a6de029454bad3b,DEL_EDGE|NEXT_LINE|L000|L002|END;DEL_EDGE|NEXT_LINE|L003|L000|END;ADD_EDGE|NEXT_LINE|L002|L000|END;ADD_EDGE|NEXT_LINE|L003|L002|END
doc_b9630c926276bdea66a6,DEL_EDGE|CONTAINS|P000|L005|END;DEL_EDGE|CONTAINS|P001|L004|END;DEL_EDGE|NEXT_LINE|L001|L004|END;ADD_EDGE|CONTAINS|P000|L004|END;ADD_EDGE|CONTAINS|P001|L005|END;ADD_EDGE|NEXT_LINE|L001|L005|END
doc_ba7dae984ef0259dc559,DEL_EDGE|NEXT_BLOCK|P001|P005|END;DEL_EDGE|NEXT_BLOCK|P005|P006|END;DEL_EDGE|NEXT_BLOCK|P006|P004|END;ADD_EDGE|NEXT_BLOCK|P001|P006|END;ADD_EDGE|NEXT_BLOCK|P005|P004|END;ADD_EDGE|NEXT_BLOCK|P006|P005|END
doc_bb1abe8304c58ee6c19c,DEL_EDGE|NEXT_LINE|L005|L006|END;DEL_EDGE|NEXT_LINE|L006|L004|END;ADD_EDGE|NEXT_LINE|L004|L006|END;ADD_EDGE|NEXT_LINE|L005|L004|END
doc_bb325875dea83216698f,DEL_EDGE|NEXT_BLOCK|P001|P002|END;DEL_EDGE|NEXT_BLOCK|P002|P000|END;ADD_EDGE|NEXT_BLOCK|P001|P000|END;ADD_EDGE|NEXT_BLOCK|P002|P001|END
doc_bbd812026746f2d54a79,DEL_EDGE|CONTAINS|P001|L006|END;DEL_EDGE|CONTAINS|P003|L009|END;DEL_EDGE|NEXT_BLOCK|P000|P003|END;DEL_EDGE|NEXT_BLOCK|P001|P000|END;DEL_EDGE|NEXT_BLOCK|P004|P001|END;DEL_EDGE|NEXT_LINE|L009|L017|END;DEL_EDGE|NEXT_LINE|L015|L006|END;ADD_EDGE|CONTAINS|P001|L009|END;ADD_EDGE|CONTAINS|P003|L006|END;ADD_EDGE|NEXT_BLOCK|P000|P001|END;ADD_EDGE|NEXT_BLOCK|P001|P003|END;ADD_EDGE|NEXT_BLOCK|P004|P000|END;ADD_EDGE|NEXT_LINE|L006|L017|END;ADD_EDGE|NEXT_LINE|L015|L009|END
doc_bc671f93c06e025748b5,DEL_EDGE|CONTAINS|P001|L005|END;DEL_EDGE|CONTAINS|P007|L014|END;DEL_EDGE|NEXT_BLOCK|P001|P006|END;DEL_EDGE|NEXT_BLOCK|P002|P004|END;DEL_EDGE|NEXT_BLOCK|P006|P002|END;DEL_EDGE|NEXT_LINE|L005|L010|END;DEL_EDGE|NEXT_LINE|L009|L014|END;ADD_EDGE|CONTAINS|P001|L014|END;ADD_EDGE|CONTAINS|P007|L005|END;ADD_EDGE|NEXT_BLOCK|P001|P002|END;ADD_EDGE|NEXT_BLOCK|P002|P006|END;ADD_EDGE|NEXT_BLOCK|P006|P004|END;ADD_EDGE|NEXT_LINE|L009|L005|END;ADD_EDGE|NEXT_LINE|L014|L010|END
doc_bca69c29452e5a0c2a39,DEL_EDGE|CONTAINS|P001|L014|END;DEL_EDGE|CONTAINS|P002|L018|END;DEL_EDGE|NEXT_LINE|L018|L013|END;DEL_EDGE|NEXT_LINE|L019|L014|END;ADD_EDGE|CONTAINS|P001|L018|END;ADD_EDGE|CONTAINS|P002|L014|END;ADD_EDGE|NEXT_LINE|L014|L013|END;ADD_EDGE|NEXT_LINE|L019|L018|END
doc_bcb1ba217a5f65972e3e,DEL_EDGE|CONTAINS|P000|L013|END;DEL_EDGE|CONTAINS|P001|L021|END;DEL_EDGE|NEXT_LINE|L005|L021|END;DEL_EDGE|NEXT_LINE|L021|L020|END;ADD_EDGE|CONTAINS|P000|L021|END;ADD_EDGE|CONTAINS|P001|L013|END;ADD_EDGE|NEXT_LINE|L005|L013|END;ADD_EDGE|NEXT_LINE|L013|L020|END
doc_bcda4de06a114bd6e2c4,DEL_EDGE|CONTAINS|P003|L019|END;DEL_EDGE|CONTAINS|P005|L014|END;DEL_EDGE|NEXT_LINE|L003|L019|END;DEL_EDGE|NEXT_LINE|L014|L017|END;ADD_EDGE|CONTAINS|P003|L014|END;ADD_EDGE|CONTAINS|P005|L019|END;ADD_EDGE|NEXT_LINE|L003|L014|END;ADD_EDGE|NEXT_LINE|L019|L017|END
doc_be52482c21dedd1195e7,DEL_EDGE|NEXT_LINE|L003|L010|END;DEL_EDGE|NEXT_LINE|L009|L003|END;ADD_EDGE|NEXT_LINE|L003|L009|END;ADD_EDGE|NEXT_LINE|L009|L010|END
doc_be5721c8cc298946e99b,DEL_EDGE|CONTAINS|P001|L008|END;DEL_EDGE|CONTAINS|P002|L016|END;DEL_EDGE|NEXT_LINE|L015|L016|END;DEL_EDGE|NEXT_LINE|L016|L006|END;ADD_EDGE|CONTAINS|P001|L016|END;ADD_EDGE|CONTAINS|P002|L008|END;ADD_EDGE|NEXT_LINE|L008|L006|END;ADD_EDGE|NEXT_LINE|L015|L008|END
doc_bf17da4da245d82fc14d,DEL_EDGE|CONTAINS|P001|L012|END;DEL_EDGE|CONTAINS|P002|L004|END;DEL_EDGE|NEXT_LINE|L008|L012|END;DEL_EDGE|NEXT_LINE|L013|L004|END;ADD_EDGE|CONTAINS|P001|L004|END;ADD_EDGE|CONTAINS|P002|L012|END;ADD_EDGE|NEXT_LINE|L008|L004|END;ADD_EDGE|NEXT_LINE|L013|L012|END
doc_bf64e7e2b6d070b84692,DEL_EDGE|NEXT_BLOCK|P001|P000|END;DEL_EDGE|NEXT_BLOCK|P004|P001|END;ADD_EDGE|NEXT_BLOCK|P001|P004|END;ADD_EDGE|NEXT_BLOCK|P004|P000|END
doc_bf8145c739d47a7ff61d,DEL_EDGE|CONTAINS|P002|L000|END;DEL_EDGE|CONTAINS|P003|L010|END;DEL_EDGE|NEXT_LINE|L000|L011|END;DEL_EDGE|NEXT_LINE|L006|L010|END;ADD_EDGE|CONTAINS|P002|L010|END;ADD_EDGE|CONTAINS|P003|L000|END;ADD_EDGE|NEXT_LINE|L006|L000|END;ADD_EDGE|NEXT_LINE|L010|L011|END
doc_bf92dbdc883cce3a8f5c,DEL_EDGE|CONTAINS|P001|L006|END;DEL_EDGE|CONTAINS|P002|L005|END;DEL_EDGE|NEXT_LINE|L005|L012|END;DEL_EDGE|NEXT_LINE|L006|L003|END;DEL_EDGE|NEXT_LINE|L013|L006|END;ADD_EDGE|CONTAINS|P001|L005|END;ADD_EDGE|CONTAINS|P002|L006|END;ADD_EDGE|NEXT_LINE|L005|L003|END;ADD_EDGE|NEXT_LINE|L006|L012|END;ADD_EDGE|NEXT_LINE|L013|L005|END
doc_bfa602e0e8b3eff063ac,DEL_EDGE|CONTAINS|P000|L008|END;DEL_EDGE|CONTAINS|P002|L016|END;DEL_EDGE|NEXT_LINE|L008|L009|END;DEL_EDGE|NEXT_LINE|L012|L016|END;DEL_EDGE|NEXT_LINE|L016|L032|END;DEL_EDGE|NEXT_LINE|L027|L008|END;ADD_EDGE|CONTAINS|P000|L016|END;ADD_EDGE|CONTAINS|P002|L008|END;ADD_EDGE|NEXT_LINE|L008|L032|END;ADD_EDGE|NEXT_LINE|L012|L008|END;ADD_EDGE|NEXT_LINE|L016|L009|END;ADD_EDGE|NEXT_LINE|L027|L016|END
doc_bfc4c734de2c07d53963,DEL_EDGE|CONTAINS|P000|L005|END;DEL_EDGE|CONTAINS|P001|L007|END;DEL_EDGE|NEXT_LINE|L005|L001|END;DEL_EDGE|NEXT_LINE|L012|L005|END;ADD_EDGE|CONTAINS|P000|L007|END;ADD_EDGE|CONTAINS|P001|L005|END;ADD_EDGE|NEXT_LINE|L007|L001|END;ADD_EDGE|NEXT_LINE|L012|L007|END
doc_c058114909f3ee8f85f5,DEL_EDGE|NEXT_BLOCK|P001|P002|END;DEL_EDGE|NEXT_BLOCK|P002|P000|END;ADD_EDGE|NEXT_BLOCK|P000|P002|END;ADD_EDGE|NEXT_BLOCK|P001|P000|END
doc_c131317f9a47b8e2f7da,DEL_EDGE|CONTAINS|P000|L009|END;DEL_EDGE|CONTAINS|P002|L003|END;DEL_EDGE|NEXT_BLOCK|P000|P003|END;DEL_EDGE|NEXT_BLOCK|P002|P000|END;DEL_EDGE|NEXT_BLOCK|P003|P004|END;DEL_EDGE|NEXT_LINE|L009|L017|END;ADD_EDGE|CONTAINS|P000|L003|END;ADD_EDGE|CONTAINS|P002|L009|END;ADD_EDGE|NEXT_BLOCK|P000|P004|END;ADD_EDGE|NEXT_BLOCK|P002|P003|END;ADD_EDGE|NEXT_BLOCK|P003|P000|END;ADD_EDGE|NEXT_LINE|L003|L017|END
doc_c1746d0e7c5b29f2d43f,DEL_EDGE|CONTAINS|P000|L003|END;DEL_EDGE|CONTAINS|P001|L002|END;DEL_EDGE|NEXT_LINE|L003|L008|END;DEL_EDGE|NEXT_LINE|L006|L003|END;ADD_EDGE|CONTAINS|P000|L002|END;ADD_EDGE|CONTAINS|P001|L003|END;ADD_EDGE|NEXT_LINE|L002|L008|END;ADD_EDGE|NEXT_LINE|L006|L002|END
doc_c1dd52a29e026423d532,DEL_EDGE|NEXT_BLOCK|P000|P001|END;DEL_EDGE|NEXT_BLOCK|P002|P003|END;DEL_EDGE|NEXT_BLOCK|P003|P000|END;ADD_EDGE|NEXT_BLOCK|P000|P003|END;ADD_EDGE|NEXT_BLOCK|P002|P000|END;ADD_EDGE|NEXT_BLOCK|P003|P001|END
doc_c20fbf521c6e964d4a01,DEL_EDGE|CONTAINS|P001|L029|END;DEL_EDGE|CONTAINS|P003|L000|END;DEL_EDGE|NEXT_LINE|L008|L000|END;DEL_EDGE|NEXT_LINE|L022|L029|END;DEL_EDGE|NEXT_LINE|L029|L021|END;ADD_EDGE|CONTAINS|P001|L000|END;ADD_EDGE|CONTAINS|P003|L029|END;ADD_EDGE|NEXT_LINE|L000|L021|END;ADD_EDGE|NEXT_LINE|L008|L029|END;ADD_EDGE|NEXT_LINE|L022|L000|END
doc_c220ce8d11710a094538,DEL_EDGE|CONTAINS|P001|L014|END;DEL_EDGE|CONTAINS|P003|L001|END;DEL_EDGE|NEXT_LINE|L013|L001|END;DEL_EDGE|NEXT_LINE|L014|L004|END;ADD_EDGE|CONTAINS|P001|L001|END;ADD_EDGE|CONTAINS|P003|L014|END;ADD_EDGE|NEXT_LINE|L001|L004|END;ADD_EDGE|NEXT_LINE|L013|L014|END
doc_c228b57211d800fcbdf9,DEL_EDGE|CONTAINS|P000|L010|END;DEL_EDGE|CONTAINS|P003|L021|END;DEL_EDGE|NEXT_BLOCK|P001|P003|END;DEL_EDGE|NEXT_BLOCK|P002|P004|END;DEL_EDGE|NEXT_BLOCK|P004|P001|END;DEL_EDGE|NEXT_LINE|L003|L021|END;DEL_EDGE|NEXT_LINE|L011|L010|END;ADD_EDGE|CONTAINS|P000|L021|END;ADD_EDGE|CONTAINS|P003|L010|END;ADD_EDGE|NEXT_BLOCK|P001|P004|END;ADD_EDGE|NEXT_BLOCK|P002|P001|END;ADD_EDGE|NEXT_BLOCK|P004|P003|END;ADD_EDGE|NEXT_LINE|L003|L010|END;ADD_EDGE|NEXT_LINE|L011|L021|END
doc_c246ef21fb987da34012,DEL_EDGE|CONTAINS|P000|L006|END;DEL_EDGE|CONTAINS|P001|L004|END;DEL_EDGE|NEXT_LINE|L002|L004|END;DEL_EDGE|NEXT_LINE|L004|L000|END;DEL_EDGE|NEXT_LINE|L006|L003|END;ADD_EDGE|CONTAINS|P000|L004|END;ADD_EDGE|CONTAINS|P001|L006|END;ADD_EDGE|NEXT_LINE|L002|L006|END;ADD_EDGE|NEXT_LINE|L004|L003|END;ADD_EDGE|NEXT_LINE|L006|L000|END
doc_c2f51c5894d6c9e34c50,DEL_EDGE|CONTAINS|P000|L003|END;DEL_EDGE|CONTAINS|P001|L013|END;DEL_EDGE|NEXT_LINE|L007|L003|END;DEL_EDGE|NEXT_LINE|L009|L013|END;DEL_EDGE|NEXT_LINE|L013|L011|END;ADD_EDGE|CONTAINS|P000|L013|END;ADD_EDGE|CONTAINS|P001|L003|END;ADD_EDGE|NEXT_LINE|L003|L011|END;ADD_EDGE|NEXT_LINE|L007|L013|END;ADD_EDGE|NEXT_LINE|L009|L003|END
doc_c328f24950dadbecba51,DEL_EDGE|NEXT_BLOCK|P000|P001|END;DEL_EDGE|NEXT_BLOCK|P003|P000|END;DEL_EDGE|NEXT_BLOCK|P005|P003|END;ADD_EDGE|NEXT_BLOCK|P000|P003|END;ADD_EDGE|NEXT_BLOCK|P003|P001|END;ADD_EDGE|NEXT_BLOCK|P005|P000|END
doc_c32b3599c0018a5a169e,DEL_EDGE|CONTAINS|P002|L007|END;DEL_EDGE|CONTAINS|P004|L010|END;DEL_EDGE|NEXT_BLOCK|P001|P004|END;DEL_EDGE|NEXT_BLOCK|P002|P001|END;DEL_EDGE|NEXT_LINE|L005|L007|END;DEL_EDGE|NEXT_LINE|L010|L012|END;ADD_EDGE|CONTAINS|P002|L010|END;ADD_EDGE|CONTAINS|P004|L007|END;ADD_EDGE|NEXT_BLOCK|P002|P004|END;ADD_EDGE|NEXT_BLOCK|P004|P001|END;ADD_EDGE|NEXT_LINE|L005|L010|END;ADD_EDGE|NEXT_LINE|L007|L012|END
doc_c3397c05c80c3688ec4f,DEL_EDGE|CONTAINS|P000|L005|END;DEL_EDGE|CONTAINS|P001|L009|END;DEL_EDGE|NEXT_BLOCK|P000|P002|END;DEL_EDGE|NEXT_BLOCK|P001|P000|END;DEL_EDGE|NEXT_LINE|L005|L011|END;DEL_EDGE|NEXT_LINE|L009|L002|END;DEL_EDGE|NEXT_LINE|L026|L009|END;ADD_EDGE|CONTAINS|P000|L009|END;ADD_EDGE|CONTAINS|P001|L005|END;ADD_EDGE|NEXT_BLOCK|P001|P002|END;ADD_EDGE|NEXT_BLOCK|P002|P000|END;ADD_EDGE|NEXT_LINE|L005|L002|END;ADD_EDGE|NEXT_LINE|L009|L011|END;ADD_EDGE|NEXT_LINE|L026|L005|END
doc_c38ccd77d4ccceb305ef,DEL_EDGE|CONTAINS|P000|L006|END;DEL_EDGE|CONTAINS|P001|L025|END;DEL_EDGE|NEXT_LINE|L006|L017|END;DEL_EDGE|NEXT_LINE|L010|L006|END;DEL_EDGE|NEXT_LINE|L015|L025|END;DEL_EDGE|NEXT_LINE|L025|L027|END;ADD_EDGE|CONTAINS|P000|L025|END;ADD_EDGE|CONTAINS|P001|L006|END;ADD_EDGE|NEXT_LINE|L006|L027|END;ADD_EDGE|NEXT_LINE|L010|L025|END;ADD_EDGE|NEXT_LINE|L015|L006|END;ADD_EDGE|NEXT_LINE|L025|L017|END
doc_c3de0041fa8b781b2344,DEL_EDGE|NEXT_BLOCK|P002|P004|END;DEL_EDGE|NEXT_BLOCK|P004|P003|END;ADD_EDGE|NEXT_BLOCK|P002|P003|END;ADD_EDGE|NEXT_BLOCK|P004|P002|END
doc_c595e7fe060b45966c5d,DEL_EDGE|CONTAINS|P000|L006|END;DEL_EDGE|CONTAINS|P001|L009|END;DEL_EDGE|NEXT_LINE|L003|L009|END;DEL_EDGE|NEXT_LINE|L006|L015|END;DEL_EDGE|NEXT_LINE|L009|L002|END;ADD_EDGE|CONTAINS|P000|L009|END;ADD_EDGE|CONTAINS|P001|L006|END;ADD_EDGE|NEXT_LINE|L003|L006|END;ADD_EDGE|NEXT_LINE|L006|L002|END;ADD_EDGE|NEXT_LINE|L009|L015|END
doc_c5bb6b0d67d083bb166d,DEL_EDGE|NEXT_BLOCK|P000|P001|END;ADD_EDGE|NEXT_BLOCK|P001|P000|END
doc_c6843c5690066310c6dd,DEL_EDGE|CONTAINS|P000|L004|END;DEL_EDGE|CONTAINS|P001|L014|END;DEL_EDGE|NEXT_LINE|L001|L004|END;DEL_EDGE|NEXT_LINE|L004|L003|END;DEL_EDGE|NEXT_LINE|L014|L012|END;ADD_EDGE|CONTAINS|P000|L014|END;ADD_EDGE|CONTAINS|P001|L004|END;ADD_EDGE|NEXT_LINE|L001|L014|END;ADD_EDGE|NEXT_LINE|L004|L012|END;ADD_EDGE|NEXT_LINE|L014|L003|END
doc_c68555b41cd70d9a93b0,DEL_EDGE|CONTAINS|P001|L004|END;DEL_EDGE|CONTAINS|P002|L009|END;DEL_EDGE|NEXT_LINE|L006|L009|END;DEL_EDGE|NEXT_LINE|L009|L002|END;DEL_EDGE|NEXT_LINE|L010|L004|END;ADD_EDGE|CONTAINS|P001|L009|END;ADD_EDGE|CONTAINS|P002|L004|END;ADD_EDGE|NEXT_LINE|L004|L002|END;ADD_EDGE|NEXT_LINE|L006|L004|END;ADD_EDGE|NEXT_LINE|L010|L009|END
doc_c74ca1f5cf6e99de425f,DEL_EDGE|CONTAINS|P001|L005|END;DEL_EDGE|CONTAINS|P002|L008|END;DEL_EDGE|NEXT_LINE|L005|L009|END;DEL_EDGE|NEXT_LINE|L012|L008|END;ADD_EDGE|CONTAINS|P001|L008|END;ADD_EDGE|CONTAINS|P002|L005|END;ADD_EDGE|NEXT_LINE|L008|L009|END;ADD_EDGE|NEXT_LINE|L012|L005|END
doc_c79966f83203e09d6c74,DEL_EDGE|NEXT_BLOCK|P001|P002|END;DEL_EDGE|NEXT_BLOCK|P002|P000|END;ADD_EDGE|NEXT_BLOCK|P001|P000|END;ADD_EDGE|NEXT_BLOCK|P002|P001|END
doc_c7a741a18b9219b414a5,DEL_EDGE|NEXT_BLOCK|P000|P002|END;DEL_EDGE|NEXT_BLOCK|P002|P001|END;ADD_EDGE|NEXT_BLOCK|P000|P001|END;ADD_EDGE|NEXT_BLOCK|P002|P000|END
doc_c7ab5856c7fec35c4891,DEL_EDGE|CONTAINS|P001|L003|END;DEL_EDGE|CONTAINS|P002|L018|END;DEL_EDGE|NEXT_LINE|L003|L013|END;DEL_EDGE|NEXT_LINE|L006|L003|END;DEL_EDGE|NEXT_LINE|L009|L018|END;DEL_EDGE|NEXT_LINE|L018|L011|END;ADD_EDGE|CONTAINS|P001|L018|END;ADD_EDGE|CONTAINS|P002|L003|END;ADD_EDGE|NEXT_LINE|L003|L011|END;ADD_EDGE|NEXT_LINE|L006|L018|END;ADD_EDGE|NEXT_LINE|L009|L003|END;ADD_EDGE|NEXT_LINE|L018|L013|END
doc_c7e05d27db229853aa60,DEL_EDGE|CONTAINS|P002|L020|END;DEL_EDGE|CONTAINS|P005|L001|END;DEL_EDGE|NEXT_LINE|L001|L007|END;DEL_EDGE|NEXT_LINE|L021|L020|END;ADD_EDGE|CONTAINS|P002|L001|END;ADD_EDGE|CONTAINS|P005|L020|END;ADD_EDGE|NEXT_LINE|L020|L007|END;ADD_EDGE|NEXT_LINE|L021|L001|END
doc_c8747167408aeb18064d,DEL_EDGE|CONTAINS|P000|L009|END;DEL_EDGE|CONTAINS|P001|L011|END;DEL_EDGE|NEXT_LINE|L001|L009|END;DEL_EDGE|NEXT_LINE|L014|L011|END;ADD_EDGE|CONTAINS|P000|L011|END;ADD_EDGE|CONTAINS|P001|L009|END;ADD_EDGE|NEXT_LINE|L001|L011|END;ADD_EDGE|NEXT_LINE|L014|L009|END
doc_c89958c1684764c1351f,DEL_EDGE|NEXT_BLOCK|P001|P003|END;DEL_EDGE|NEXT_BLOCK|P002|P001|END;ADD_EDGE|NEXT_BLOCK|P001|P002|END;ADD_EDGE|NEXT_BLOCK|P002|P003|END
doc_c8b8b530c992ebd3af78,DEL_EDGE|NEXT_BLOCK|P001|P000|END;ADD_EDGE|NEXT_BLOCK|P000|P001|END
doc_c8eb1a766f51898e1498,DEL_EDGE|CONTAINS|P000|L032|END;DEL_EDGE|CONTAINS|P003|L009|END;DEL_EDGE|NEXT_BLOCK|P001|P003|END;DEL_EDGE|NEXT_BLOCK|P003|P002|END;DEL_EDGE|NEXT_LINE|L000|L009|END;ADD_EDGE|CONTAINS|P000|L009|END;ADD_EDGE|CONTAINS|P003|L032|END;ADD_EDGE|NEXT_BLOCK|P001|P002|END;ADD_EDGE|NEXT_BLOCK|P003|P001|END;ADD_EDGE|NEXT_LINE|L000|L032|END
doc_c92d377cf90a019ce393,DEL_EDGE|CONTAINS|P000|L002|END;DEL_EDGE|CONTAINS|P002|L008|END;DEL_EDGE|NEXT_LINE|L005|L008|END;ADD_EDGE|CONTAINS|P000|L008|END;ADD_EDGE|CONTAINS|P002|L002|END;ADD_EDGE|NEXT_LINE|L005|L002|END
doc_ca2f5d8453144b7f2f75,DEL_EDGE|NEXT_BLOCK|P001|P004|END;DEL_EDGE|NEXT_BLOCK|P003|P001|END;ADD_EDGE|NEXT_BLOCK|P001|P003|END;ADD_EDGE|NEXT_BLOCK|P003|P004|END
doc_ca3351fc1acd742afa8d,DEL_EDGE|NEXT_BLOCK|P000|P002|END;DEL_EDGE|NEXT_BLOCK|P001|P000|END;ADD_EDGE|NEXT_BLOCK|P001|P002|END;ADD_EDGE|NEXT_BLOCK|P002|P000|END
doc_ca45765e3e03252a7bd0,DEL_EDGE|NEXT_BLOCK|P000|P003|END;DEL_EDGE|NEXT_BLOCK|P003|P002|END;ADD_EDGE|NEXT_BLOCK|P000|P002|END;ADD_EDGE|NEXT_BLOCK|P002|P003|END
doc_ca60ef17a4cba53a5738,DEL_EDGE|NEXT_BLOCK|P000|P001|END;DEL_EDGE|NEXT_BLOCK|P001|P002|END;DEL_EDGE|NEXT_BLOCK|P003|P000|END;ADD_EDGE|NEXT_BLOCK|P000|P002|END;ADD_EDGE|NEXT_BLOCK|P001|P000|END;ADD_EDGE|NEXT_BLOCK|P003|P001|END
doc_cae2560043a54c09c090,DEL_EDGE|NEXT_BLOCK|P000|P002|END;DEL_EDGE|NEXT_BLOCK|P003|P000|END;ADD_EDGE|NEXT_BLOCK|P000|P003|END;ADD_EDGE|NEXT_BLOCK|P003|P002|END
doc_cb4c9d32041792bb43dc,DEL_EDGE|NEXT_LINE|L003|L008|END;DEL_EDGE|NEXT_LINE|L007|L003|END;ADD_EDGE|NEXT_LINE|L003|L007|END;ADD_EDGE|NEXT_LINE|L007|L008|END
doc_cbb69fdfed638b78d918,DEL_EDGE|CONTAINS|P000|L006|END;DEL_EDGE|CONTAINS|P001|L005|END;DEL_EDGE|NEXT_BLOCK|P001|P000|END;DEL_EDGE|NEXT_LINE|L005|L001|END;DEL_EDGE|NEXT_LINE|L006|L000|END;ADD_EDGE|CONTAINS|P000|L005|END;ADD_EDGE|CONTAINS|P001|L006|END;ADD_EDGE|NEXT_BLOCK|P000|P001|END;ADD_EDGE|NEXT_LINE|L005|L000|END;ADD_EDGE|NEXT_LINE|L006|L001|END
doc_cbbf4d91ea329753a445,DEL_EDGE|CONTAINS|P002|L017|END;DEL_EDGE|CONTAINS|P003|L012|END;DEL_EDGE|NEXT_BLOCK|P002|P000|END;DEL_EDGE|NEXT_BLOCK|P003|P002|END;DEL_EDGE|NEXT_LINE|L009|L012|END;DEL_EDGE|NEXT_LINE|L012|L000|END;ADD_EDGE|CONTAINS|P002|L012|END;ADD_EDGE|CONTAINS|P003|L017|END;ADD_EDGE|NEXT_BLOCK|P002|P003|END;ADD_EDGE|NEXT_BLOCK|P003|P000|END;ADD_EDGE|NEXT_LINE|L009|L017|END;ADD_EDGE|NEXT_LINE|L017|L000|END
doc_cd5a7369e1202175f693,DEL_EDGE|CONTAINS|P000|L010|END;DEL_EDGE|CONTAINS|P001|L001|END;DEL_EDGE|NEXT_LINE|L001|L005|END;DEL_EDGE|NEXT_LINE|L012|L010|END;DEL_EDGE|NEXT_LINE|L018|L001|END;ADD_EDGE|CONTAINS|P000|L001|END;ADD_EDGE|CONTAINS|P001|L010|END;ADD_EDGE|NEXT_LINE|L010|L005|END;ADD_EDGE|NEXT_LINE|L012|L001|END;ADD_EDGE|NEXT_LINE|L018|L010|END
doc_cddccfd18ecb9c3115b5,DEL_EDGE|NEXT_BLOCK|P000|P002|END;DEL_EDGE|NEXT_BLOCK|P002|P001|END;ADD_EDGE|NEXT_BLOCK|P000|P001|END;ADD_EDGE|NEXT_BLOCK|P001|P002|END
doc_ce5b10ace1affc4898f5,DEL_EDGE|CONTAINS|P001|L007|END;DEL_EDGE|CONTAINS|P002|L005|END;DEL_EDGE|NEXT_LINE|L003|L007|END;DEL_EDGE|NEXT_LINE|L005|L002|END;ADD_EDGE|CONTAINS|P001|L005|END;ADD_EDGE|CONTAINS|P002|L007|END;ADD_EDGE|NEXT_LINE|L003|L005|END;ADD_EDGE|NEXT_LINE|L007|L002|END
doc_ce7bc03d29d0158aa33c,DEL_EDGE|NEXT_LINE|L012|L013|END;DEL_EDGE|NEXT_LINE|L013|L005|END;ADD_EDGE|NEXT_LINE|L012|L005|END;ADD_EDGE|NEXT_LINE|L013|L012|END
doc_cf0ebffecb38e0cbe63c,DEL_EDGE|NEXT_BLOCK|P001|P003|END;DEL_EDGE|NEXT_BLOCK|P002|P001|END;ADD_EDGE|NEXT_BLOCK|P001|P002|END;ADD_EDGE|NEXT_BLOCK|P002|P003|END
doc_cf11d22b76a8f0b7ab98,DEL_EDGE|CONTAINS|P000|L006|END;DEL_EDGE|CONTAINS|P001|L001|END;DEL_EDGE|NEXT_LINE|L000|L001|END;DEL_EDGE|NEXT_LINE|L001|L005|END;DEL_EDGE|NEXT_LINE|L006|L004|END;ADD_EDGE|CONTAINS|P000|L001|END;ADD_EDGE|CONTAINS|P001|L006|END;ADD_EDGE|NEXT_LINE|L000|L006|END;ADD_EDGE|NEXT_LINE|L001|L004|END;ADD_EDGE|NEXT_LINE|L006|L005|END
doc_cf24370e83e8a3771618,DEL_EDGE|NEXT_BLOCK|P002|P004|END;DEL_EDGE|NEXT_BLOCK|P003|P005|END;DEL_EDGE|NEXT_BLOCK|P004|P003|END;ADD_EDGE|NEXT_BLOCK|P002|P003|END;ADD_EDGE|NEXT_BLOCK|P003|P004|END;ADD_EDGE|NEXT_BLOCK|P004|P005|END
doc_cf84c245f416fbca3f0e,DEL_EDGE|CONTAINS|P000|L001|END;DEL_EDGE|CONTAINS|P001|L000|END;DEL_EDGE|NEXT_LINE|L001|L002|END;ADD_EDGE|CONTAINS|P000|L000|END;ADD_EDGE|CONTAINS|P001|L001|END;ADD_EDGE|NEXT_LINE|L000|L002|END
doc_cfe301f7f2fbb4796b75,DEL_EDGE|CONTAINS|P000|L009|END;DEL_EDGE|CONTAINS|P001|L007|END;DEL_EDGE|NEXT_BLOCK|P000|P002|END;DEL_EDGE|NEXT_BLOCK|P001|P000|END;DEL_EDGE|NEXT_LINE|L000|L009|END;DEL_EDGE|NEXT_LINE|L007|L008|END;ADD_EDGE|CONTAINS|P000|L007|END;ADD_EDGE|CONTAINS|P001|L009|END;ADD_EDGE|NEXT_BLOCK|P000|P001|END;ADD_EDGE|NEXT_BLOCK|P001|P002|END;ADD_EDGE|NEXT_LINE|L000|L007|END;ADD_EDGE|NEXT_LINE|L009|L008|END
doc_cff8b63d63e3dbcc4976,DEL_EDGE|NEXT_BLOCK|P000|P001|END;ADD_EDGE|NEXT_BLOCK|P001|P000|END
doc_d04e41b0c1122f27e265,DEL_EDGE|CONTAINS|P000|L011|END;DEL_EDGE|CONTAINS|P002|L010|END;DEL_EDGE|NEXT_LINE|L011|L001|END;ADD_EDGE|CONTAINS|P000|L010|END;ADD_EDGE|CONTAINS|P002|L011|END;ADD_EDGE|NEXT_LINE|L010|L001|END
doc_d074003bedc64031b735,DEL_EDGE|NEXT_BLOCK|P001|P002|END;DEL_EDGE|NEXT_BLOCK|P002|P000|END;ADD_EDGE|NEXT_BLOCK|P001|P000|END;ADD_EDGE|NEXT_BLOCK|P002|P001|END
doc_d09234f591a518410a8d,DEL_EDGE|NEXT_LINE|L002|L003|END;DEL_EDGE|NEXT_LINE|L003|L010|END;ADD_EDGE|NEXT_LINE|L002|L010|END;ADD_EDGE|NEXT_LINE|L010|L003|END
doc_d0af8d7a416142577920,DEL_EDGE|NEXT_LINE|L000|L005|END;DEL_EDGE|NEXT_LINE|L005|L008|END;DEL_EDGE|NEXT_LINE|L008|L012|END;ADD_EDGE|NEXT_LINE|L000|L008|END;ADD_EDGE|NEXT_LINE|L005|L012|END;ADD_EDGE|NEXT_LINE|L008|L005|END
doc_d0fa6b370e0865bea330,DEL_EDGE|CONTAINS|P001|L008|END;DEL_EDGE|CONTAINS|P004|L006|END;DEL_EDGE|NEXT_LINE|L003|L008|END;DEL_EDGE|NEXT_LINE|L006|L000|END;ADD_EDGE|CONTAINS|P001|L006|END;ADD_EDGE|CONTAINS|P004|L008|END;ADD_EDGE|NEXT_LINE|L003|L006|END;ADD_EDGE|NEXT_LINE|L008|L000|END
doc_d16264741e634a7e7334,DEL_EDGE|CONTAINS|P000|L003|END;DEL_EDGE|CONTAINS|P003|L002|END;DEL_EDGE|NEXT_LINE|L003|L022|END;DEL_EDGE|NEXT_LINE|L008|L002|END;ADD_EDGE|CONTAINS|P000|L002|END;ADD_EDGE|CONTAINS|P003|L003|END;ADD_EDGE|NEXT_LINE|L002|L022|END;ADD_EDGE|NEXT_LINE|L008|L003|END
doc_d205267d328bcf4458bf,DEL_EDGE|CONTAINS|P004|L004|END;DEL_EDGE|CONTAINS|P006|L000|END;DEL_EDGE|NEXT_LINE|L000|L015|END;DEL_EDGE|NEXT_LINE|L004|L002|END;DEL_EDGE|NEXT_LINE|L014|L000|END;ADD_EDGE|CONTAINS|P004|L000|END;ADD_EDGE|CONTAINS|P006|L004|END;ADD_EDGE|NEXT_LINE|L000|L002|END;ADD_EDGE|NEXT_LINE|L004|L015|END;ADD_EDGE|NEXT_LINE|L014|L004|END
doc_d27de55052c024628140,DEL_EDGE|NEXT_BLOCK|P000|P003|END;DEL_EDGE|NEXT_BLOCK|P001|P002|END;DEL_EDGE|NEXT_BLOCK|P002|P000|END;ADD_EDGE|NEXT_BLOCK|P000|P002|END;ADD_EDGE|NEXT_BLOCK|P001|P000|END;ADD_EDGE|NEXT_BLOCK|P002|P003|END
doc_d2b1ed7a92decaae46c1,DEL_EDGE|CONTAINS|P001|L022|END;DEL_EDGE|CONTAINS|P002|L019|END;DEL_EDGE|NEXT_LINE|L012|L019|END;DEL_EDGE|NEXT_LINE|L015|L022|END;DEL_EDGE|NEXT_LINE|L019|L003|END;DEL_EDGE|NEXT_LINE|L022|L006|END;ADD_EDGE|CONTAINS|P001|L019|END;ADD_EDGE|CONTAINS|P002|L022|END;ADD_EDGE|NEXT_LINE|L012|L022|END;ADD_EDGE|NEXT_LINE|L015|L019|END;ADD_EDGE|NEXT_LINE|L019|L006|END;ADD_EDGE|NEXT_LINE|L022|L003|END
doc_d2c8cd425cd7eaf52003,DEL_EDGE|CONTAINS|P000|L016|END;DEL_EDGE|CONTAINS|P001|L008|END;DEL_EDGE|NEXT_BLOCK|P001|P000|END;DEL_EDGE|NEXT_LINE|L002|L008|END;DEL_EDGE|NEXT_LINE|L007|L016|END;DEL_EDGE|NEXT_LINE|L008|L019|END;DEL_EDGE|NEXT_LINE|L016|L017|END;ADD_EDGE|CONTAINS|P000|L008|END;ADD_EDGE|CONTAINS|P001|L016|END;ADD_EDGE|NEXT_BLOCK|P000|P001|END;ADD_EDGE|NEXT_LINE|L002|L016|END;ADD_EDGE|NEXT_LINE|L007|L008|END;ADD_EDGE|NEXT_LINE|L008|L017|END;ADD_EDGE|NEXT_LINE|L016|L019|END
doc_d302b96153724d9f21cf,DEL_EDGE|NEXT_BLOCK|P000|P005|END;DEL_EDGE|NEXT_BLOCK|P005|P003|END;DEL_EDGE|NEXT_BLOCK|P006|P000|END;ADD_EDGE|NEXT_BLOCK|P000|P003|END;ADD_EDGE|NEXT_BLOCK|P005|P000|END;ADD_EDGE|NEXT_BLOCK|P006|P005|END
doc_d37e71cd0d226fa18ce2,DEL_EDGE|CONTAINS|P000|L004|END;DEL_EDGE|CONTAINS|P001|L000|END;DEL_EDGE|NEXT_LINE|L002|L004|END;DEL_EDGE|NEXT_LINE|L004|L001|END;ADD_EDGE|CONTAINS|P000|L000|END;ADD_EDGE|CONTAINS|P001|L004|END;ADD_EDGE|NEXT_LINE|L000|L001|END;ADD_EDGE|NEXT_LINE|L002|L000|END
doc_d401215a6898c68c0ce2,DEL_EDGE|NEXT_BLOCK|P000|P002|END;DEL_EDGE|NEXT_BLOCK|P003|P000|END;ADD_EDGE|NEXT_BLOCK|P000|P003|END;ADD_EDGE|NEXT_BLOCK|P003|P002|END
doc_d41e87616a599bf2edf4,DEL_EDGE|CONTAINS|P002|L010|END;DEL_EDGE|CONTAINS|P006|L022|END;ADD_EDGE|CONTAINS|P002|L022|END;ADD_EDGE|CONTAINS|P006|L010|END
doc_d4608f404f4c446fe46e,DEL_EDGE|CONTAINS|P001|L011|END;DEL_EDGE|CONTAINS|P002|L008|END;DEL_EDGE|NEXT_LINE|L001|L011|END;DEL_EDGE|NEXT_LINE|L008|L012|END;DEL_EDGE|NEXT_LINE|L011|L014|END;DEL_EDGE|NEXT_LINE|L013|L008|END;ADD_EDGE|CONTAINS|P001|L008|END;ADD_EDGE|CONTAINS|P002|L011|END;ADD_EDGE|NEXT_LINE|L001|L008|END;ADD_EDGE|NEXT_LINE|L008|L014|END;ADD_EDGE|NEXT_LINE|L011|L012|END;ADD_EDGE|NEXT_LINE|L013|L011|END
doc_d4ae8936653574efce93,DEL_EDGE|CONTAINS|P002|L008|END;DEL_EDGE|CONTAINS|P003|L015|END;DEL_EDGE|NEXT_LINE|L007|L015|END;DEL_EDGE|NEXT_LINE|L008|L010|END;ADD_EDGE|CONTAINS|P002|L015|END;ADD_EDGE|CONTAINS|P003|L008|END;ADD_EDGE|NEXT_LINE|L007|L008|END;ADD_EDGE|NEXT_LINE|L015|L010|END
doc_d5069220083aeb6bf659,DEL_EDGE|CONTAINS|P000|L002|END;DEL_EDGE|CONTAINS|P006|L008|END;DEL_EDGE|NEXT_LINE|L001|L008|END;DEL_EDGE|NEXT_LINE|L002|L012|END;ADD_EDGE|CONTAINS|P000|L008|END;ADD_EDGE|CONTAINS|P006|L002|END;ADD_EDGE|NEXT_LINE|L001|L002|END;ADD_EDGE|NEXT_LINE|L008|L012|END
doc_d53432f00946f7f71370,DEL_EDGE|CONTAINS|P000|L005|END;DEL_EDGE|CONTAINS|P002|L001|END;DEL_EDGE|NEXT_LINE|L000|L001|END;DEL_EDGE|NEXT_LINE|L008|L005|END;ADD_EDGE|CONTAINS|P000|L001|END;ADD_EDGE|CONTAINS|P002|L005|END;ADD_EDGE|NEXT_LINE|L000|L005|END;ADD_EDGE|NEXT_LINE|L008|L001|END
doc_d57f0c8950221d6bccea,DEL_EDGE|NEXT_BLOCK|P001|P002|END;DEL_EDGE|NEXT_BLOCK|P002|P000|END;ADD_EDGE|NEXT_BLOCK|P001|P000|END;ADD_EDGE|NEXT_BLOCK|P002|P001|END
doc_d5c780ca8f249a62c22d,DEL_EDGE|NEXT_BLOCK|P001|P000|END;ADD_EDGE|NEXT_BLOCK|P000|P001|END
doc_d5d52fc40e529aa584e5,DEL_EDGE|NEXT_BLOCK|P000|P001|END;DEL_EDGE|NEXT_BLOCK|P002|P000|END;ADD_EDGE|NEXT_BLOCK|P000|P002|END;ADD_EDGE|NEXT_BLOCK|P002|P001|END
doc_d5da0c74ee5993f41cd4,DEL_EDGE|CONTAINS|P000|L000|END;DEL_EDGE|CONTAINS|P001|L004|END;DEL_EDGE|NEXT_LINE|L000|L005|END;DEL_EDGE|NEXT_LINE|L002|L004|END;DEL_EDGE|NEXT_LINE|L004|L003|END;ADD_EDGE|CONTAINS|P000|L004|END;ADD_EDGE|CONTAINS|P001|L000|END;ADD_EDGE|NEXT_LINE|L000|L003|END;ADD_EDGE|NEXT_LINE|L002|L000|END;ADD_EDGE|NEXT_LINE|L004|L005|END
doc_d6884ca63357fd751f83,DEL_EDGE|NEXT_BLOCK|P000|P002|END;DEL_EDGE|NEXT_BLOCK|P003|P000|END;DEL_EDGE|NEXT_BLOCK|P004|P003|END;ADD_EDGE|NEXT_BLOCK|P000|P003|END;ADD_EDGE|NEXT_BLOCK|P003|P002|END;ADD_EDGE|NEXT_BLOCK|P004|P000|END
doc_d76ade50621ded8581fe,DEL_EDGE|NEXT_BLOCK|P000|P002|END;DEL_EDGE|NEXT_BLOCK|P002|P001|END;ADD_EDGE|NEXT_BLOCK|P000|P001|END;ADD_EDGE|NEXT_BLOCK|P002|P000|END
doc_d79ee3c69300ddfa93b1,DEL_EDGE|CONTAINS|P000|L004|END;DEL_EDGE|CONTAINS|P001|L003|END;DEL_EDGE|NEXT_BLOCK|P000|P001|END;DEL_EDGE|NEXT_LINE|L003|L001|END;DEL_EDGE|NEXT_LINE|L004|L006|END;ADD_EDGE|CONTAINS|P000|L003|END;ADD_EDGE|CONTAINS|P001|L004|END;ADD_EDGE|NEXT_BLOCK|P001|P000|END;ADD_EDGE|NEXT_LINE|L003|L006|END;ADD_EDGE|NEXT_LINE|L004|L001|END
doc_d7b300130d0f7cde0488,DEL_EDGE|NEXT_BLOCK|P003|P002|END;DEL_EDGE|NEXT_BLOCK|P004|P003|END;ADD_EDGE|NEXT_BLOCK|P002|P003|END;ADD_EDGE|NEXT_BLOCK|P004|P002|END
doc_d84280ad0196ea1ff57f,DEL_EDGE|CONTAINS|P000|L002|END;DEL_EDGE|CONTAINS|P001|L034|END;DEL_EDGE|NEXT_LINE|L002|L029|END;DEL_EDGE|NEXT_LINE|L003|L034|END;ADD_EDGE|CONTAINS|P000|L034|END;ADD_EDGE|CONTAINS|P001|L002|END;ADD_EDGE|NEXT_LINE|L003|L002|END;ADD_EDGE|NEXT_LINE|L034|L029|END
doc_d86c8316c055bba78af8,DEL_EDGE|NEXT_BLOCK|P001|P000|END;ADD_EDGE|NEXT_BLOCK|P000|P001|END
doc_d8e9a27481ec082f31e4,DEL_EDGE|NEXT_BLOCK|P001|P002|END;DEL_EDGE|NEXT_BLOCK|P002|P000|END;ADD_EDGE|NEXT_BLOCK|P001|P000|END;ADD_EDGE|NEXT_BLOCK|P002|P001|END
doc_d8f4476d1a6df6abc0f2,DEL_EDGE|NEXT_LINE|L000|L010|END;DEL_EDGE|NEXT_LINE|L009|L000|END;ADD_EDGE|NEXT_LINE|L000|L009|END;ADD_EDGE|NEXT_LINE|L009|L010|END
doc_d921e1f7c2a4b29e55e3,DEL_EDGE|CONTAINS|P002|L010|END;DEL_EDGE|CONTAINS|P004|L018|END;DEL_EDGE|NEXT_LINE|L010|L022|END;DEL_EDGE|NEXT_LINE|L020|L018|END;ADD_EDGE|CONTAINS|P002|L018|END;ADD_EDGE|CONTAINS|P004|L010|END;ADD_EDGE|NEXT_LINE|L018|L022|END;ADD_EDGE|NEXT_LINE|L020|L010|END
doc_d9ea30da762dfaea0adc,DEL_EDGE|NEXT_BLOCK|P001|P000|END;DEL_EDGE|NEXT_BLOCK|P002|P001|END;ADD_EDGE|NEXT_BLOCK|P000|P001|END;ADD_EDGE|NEXT_BLOCK|P002|P000|END
doc_da1bc61734c3c9c07b9a,DEL_EDGE|CONTAINS|P001|L010|END;DEL_EDGE|CONTAINS|P004|L013|END;DEL_EDGE|NEXT_BLOCK|P001|P000|END;DEL_EDGE|NEXT_BLOCK|P002|P001|END;DEL_EDGE|NEXT_BLOCK|P004|P002|END;DEL_EDGE|NEXT_LINE|L010|L004|END;DEL_EDGE|NEXT_LINE|L015|L013|END;ADD_EDGE|CONTAINS|P001|L013|END;ADD_EDGE|CONTAINS|P004|L010|END;ADD_EDGE|NEXT_BLOCK|P001|P002|END;ADD_EDGE|NEXT_BLOCK|P002|P000|END;ADD_EDGE|NEXT_BLOCK|P004|P001|END;ADD_EDGE|NEXT_LINE|L013|L004|END;ADD_EDGE|NEXT_LINE|L015|L010|END
doc_da1f5e30e489e46bbc95,DEL_EDGE|CONTAINS|P001|L005|END;DEL_EDGE|CONTAINS|P002|L002|END;DEL_EDGE|NEXT_BLOCK|P001|P002|END;DEL_EDGE|NEXT_BLOCK|P002|P000|END;DEL_EDGE|NEXT_LINE|L001|L002|END;ADD_EDGE|CONTAINS|P001|L002|END;ADD_EDGE|CONTAINS|P002|L005|END;ADD_EDGE|NEXT_BLOCK|P000|P002|END;ADD_EDGE|NEXT_BLOCK|P001|P000|END;ADD_EDGE|NEXT_LINE|L001|L005|END
doc_da2d369782b5553b2ff8,DEL_EDGE|CONTAINS|P000|L004|END;DEL_EDGE|CONTAINS|P002|L001|END;DEL_EDGE|NEXT_LINE|L000|L004|END;DEL_EDGE|NEXT_LINE|L004|L006|END;DEL_EDGE|NEXT_LINE|L011|L001|END;ADD_EDGE|CONTAINS|P000|L001|END;ADD_EDGE|CONTAINS|P002|L004|END;ADD_EDGE|NEXT_LINE|L000|L001|END;ADD_EDGE|NEXT_LINE|L001|L006|END;ADD_EDGE|NEXT_LINE|L011|L004|END
doc_da415237c45468870247,DEL_EDGE|NEXT_BLOCK|P000|P001|END;DEL_EDGE|NEXT_BLOCK|P002|P000|END;ADD_EDGE|NEXT_BLOCK|P000|P002|END;ADD_EDGE|NEXT_BLOCK|P002|P001|END
doc_daee1d1053deb928a0ca,DEL_EDGE|NEXT_LINE|L000|L003|END;DEL_EDGE|NEXT_LINE|L002|L006|END;DEL_EDGE|NEXT_LINE|L006|L000|END;ADD_EDGE|NEXT_LINE|L000|L006|END;ADD_EDGE|NEXT_LINE|L002|L000|END;ADD_EDGE|NEXT_LINE|L006|L003|END
doc_db277a67004c896c0d37,DEL_EDGE|NEXT_LINE|L019|L008|END;ADD_EDGE|NEXT_LINE|L008|L019|END
doc_db296c17415aeff8d674,DEL_EDGE|CONTAINS|P000|L007|END;DEL_EDGE|CONTAINS|P003|L009|END;DEL_EDGE|NEXT_LINE|L009|L018|END;ADD_EDGE|CONTAINS|P000|L009|END;ADD_EDGE|CONTAINS|P003|L007|END;ADD_EDGE|NEXT_LINE|L007|L018|END
doc_db3c69025990cc22f214,DEL_EDGE|NEXT_BLOCK|P001|P002|END;DEL_EDGE|NEXT_BLOCK|P002|P003|END;DEL_EDGE|NEXT_BLOCK|P003|P000|END;ADD_EDGE|NEXT_BLOCK|P001|P003|END;ADD_EDGE|NEXT_BLOCK|P002|P000|END;ADD_EDGE|NEXT_BLOCK|P003|P002|END
doc_db4ea933721ca60a0bbf,DEL_EDGE|CONTAINS|P000|L007|END;DEL_EDGE|CONTAINS|P003|L008|END;ADD_EDGE|CONTAINS|P000|L008|END;ADD_EDGE|CONTAINS|P003|L007|END
doc_dbb3f1f50487be38eefd,DEL_EDGE|NEXT_BLOCK|P000|P001|END;ADD_EDGE|NEXT_BLOCK|P001|P000|END
doc_dbd55e3c846ace341296,DEL_EDGE|CONTAINS|P002|L010|END;DEL_EDGE|CONTAINS|P003|L001|END;DEL_EDGE|NEXT_LINE|L001|L014|END;ADD_EDGE|CONTAINS|P002|L001|END;ADD_EDGE|CONTAINS|P003|L010|END;ADD_EDGE|NEXT_LINE|L010|L014|END
doc_dc211fff9e7637b0adea,DEL_EDGE|CONTAINS|P000|L014|END;DEL_EDGE|CONTAINS|P003|L012|END;DEL_EDGE|NEXT_BLOCK|P000|P001|END;DEL_EDGE|NEXT_BLOCK|P001|P002|END;DEL_EDGE|NEXT_LINE|L014|L002|END;ADD_EDGE|CONTAINS|P000|L012|END;ADD_EDGE|CONTAINS|P003|L014|END;ADD_EDGE|NEXT_BLOCK|P000|P002|END;ADD_EDGE|NEXT_BLOCK|P002|P001|END;ADD_EDGE|NEXT_LINE|L012|L002|END
doc_dc46c49758e22044bffb,DEL_EDGE|NEXT_LINE|L002|L001|END;DEL_EDGE|NEXT_LINE|L005|L002|END;ADD_EDGE|NEXT_LINE|L001|L002|END;ADD_EDGE|NEXT_LINE|L005|L001|END
doc_dc646a7e3ba6ca4f288a,DEL_EDGE|CONTAINS|P002|L007|END;DEL_EDGE|CONTAINS|P005|L001|END;DEL_EDGE|NEXT_LINE|L003|L001|END;DEL_EDGE|NEXT_LINE|L012|L007|END;ADD_EDGE|CONTAINS|P002|L001|END;ADD_EDGE|CONTAINS|P005|L007|END;ADD_EDGE|NEXT_LINE|L003|L007|END;ADD_EDGE|NEXT_LINE|L012|L001|END
doc_dca2f275aa779a34a94d,DEL_EDGE|CONTAINS|P000|L003|END;DEL_EDGE|CONTAINS|P001|L011|END;DEL_EDGE|NEXT_LINE|L002|L011|END;DEL_EDGE|NEXT_LINE|L003|L000|END;ADD_EDGE|CONTAINS|P000|L011|END;ADD_EDGE|CONTAINS|P001|L003|END;ADD_EDGE|NEXT_LINE|L002|L003|END;ADD_EDGE|NEXT_LINE|L011|L000|END
doc_dd14af4c7b4569beebbc,DEL_EDGE|CONTAINS|P000|L011|END;DEL_EDGE|CONTAINS|P001|L009|END;DEL_EDGE|NEXT_BLOCK|P001|P000|END;DEL_EDGE|NEXT_BLOCK|P002|P001|END;DEL_EDGE|NEXT_LINE|L004|L011|END;DEL_EDGE|NEXT_LINE|L009|L021|END;DEL_EDGE|NEXT_LINE|L011|L013|END;ADD_EDGE|CONTAINS|P000|L009|END;ADD_EDGE|CONTAINS|P001|L011|END;ADD_EDGE|NEXT_BLOCK|P000|P001|END;ADD_EDGE|NEXT_BLOCK|P002|P000|END;ADD_EDGE|NEXT_LINE|L004|L009|END;ADD_EDGE|NEXT_LINE|L009|L013|END;ADD_EDGE|NEXT_LINE|L011|L021|END
doc_dd4c60791c889c67c8d4,DEL_EDGE|CONTAINS|P001|L009|END;DEL_EDGE|CONTAINS|P004|L002|END;DEL_EDGE|NEXT_LINE|L003|L009|END;ADD_EDGE|CONTAINS|P001|L002|END;ADD_EDGE|CONTAINS|P004|L009|END;ADD_EDGE|NEXT_LINE|L003|L002|END
doc_de415f77526126e36282,DEL_EDGE|NEXT_LINE|L009|L003|END;DEL_EDGE|NEXT_LINE|L011|L009|END;ADD_EDGE|NEXT_LINE|L009|L011|END;ADD_EDGE|NEXT_LINE|L011|L003|END
doc_de93ebb81e17d1b62794,DEL_EDGE|CONTAINS|P002|L003|END;DEL_EDGE|CONTAINS|P003|L011|END;DEL_EDGE|NEXT_LINE|L007|L003|END;DEL_EDGE|NEXT_LINE|L009|L011|END;DEL_EDGE|NEXT_LINE|L011|L002|END;ADD_EDGE|CONTAINS|P002|L011|END;ADD_EDGE|CONTAINS|P003|L003|END;ADD_EDGE|NEXT_LINE|L003|L002|END;ADD_EDGE|NEXT_LINE|L007|L011|END;ADD_EDGE|NEXT_LINE|L009|L003|END
doc_ded3625c9decaf183ec2,DEL_EDGE|NEXT_BLOCK|P001|P002|END;DEL_EDGE|NEXT_BLOCK|P002|P000|END;ADD_EDGE|NEXT_BLOCK|P001|P000|END;ADD_EDGE|NEXT_BLOCK|P002|P001|END
doc_deee2d87d4f5ef7b47dd,DEL_EDGE|NEXT_BLOCK|P003|P000|END;DEL_EDGE|NEXT_BLOCK|P004|P005|END;DEL_EDGE|NEXT_BLOCK|P005|P003|END;ADD_EDGE|NEXT_BLOCK|P003|P005|END;ADD_EDGE|NEXT_BLOCK|P004|P003|END;ADD_EDGE|NEXT_BLOCK|P005|P000|END
doc_df6ed8b34141a594c506,DEL_EDGE|NEXT_BLOCK|P001|P002|END;DEL_EDGE|NEXT_BLOCK|P002|P000|END;ADD_EDGE|NEXT_BLOCK|P001|P000|END;ADD_EDGE|NEXT_BLOCK|P002|P001|END
doc_dfe1c045c178f6b076d4,DEL_EDGE|CONTAINS|P000|L024|END;DEL_EDGE|CONTAINS|P001|L008|END;DEL_EDGE|NEXT_BLOCK|P000|P001|END;DEL_EDGE|NEXT_BLOCK|P001|P002|END;DEL_EDGE|NEXT_LINE|L005|L024|END;DEL_EDGE|NEXT_LINE|L008|L010|END;DEL_EDGE|NEXT_LINE|L009|L008|END;ADD_EDGE|CONTAINS|P000|L008|END;ADD_EDGE|CONTAINS|P001|L024|END;ADD_EDGE|NEXT_BLOCK|P000|P002|END;ADD_EDGE|NEXT_BLOCK|P002|P001|END;ADD_EDGE|NEXT_LINE|L005|L008|END;ADD_EDGE|NEXT_LINE|L009|L024|END;ADD_EDGE|NEXT_LINE|L024|L010|END
doc_e04f13755bf9fc0f912f,DEL_EDGE|NEXT_BLOCK|P001|P000|END;ADD_EDGE|NEXT_BLOCK|P000|P001|END
doc_e06195cddd60df40d101,DEL_EDGE|CONTAINS|P001|L023|END;DEL_EDGE|CONTAINS|P003|L009|END;DEL_EDGE|NEXT_LINE|L006|L023|END;DEL_EDGE|NEXT_LINE|L009|L024|END;ADD_EDGE|CONTAINS|P001|L009|END;ADD_EDGE|CONTAINS|P003|L023|END;ADD_EDGE|NEXT_LINE|L006|L009|END;ADD_EDGE|NEXT_LINE|L023|L024|END
doc_e080ca6c90f786814268,DEL_EDGE|CONTAINS|P003|L019|END;DEL_EDGE|CONTAINS|P005|L001|END;DEL_EDGE|NEXT_LINE|L021|L019|END;ADD_EDGE|CONTAINS|P003|L001|END;ADD_EDGE|CONTAINS|P005|L019|END;ADD_EDGE|NEXT_LINE|L021|L001|END
doc_e097377e960d07a00e45,DEL_EDGE|NEXT_LINE|L002|L004|END;DEL_EDGE|NEXT_LINE|L005|L002|END;ADD_EDGE|NEXT_LINE|L002|L005|END;ADD_EDGE|NEXT_LINE|L005|L004|END
doc_e0f6b8ad1db2d618cc78,DEL_EDGE|CONTAINS|P000|L006|END;DEL_EDGE|CONTAINS|P001|L002|END;DEL_EDGE|NEXT_LINE|L001|L006|END;DEL_EDGE|NEXT_LINE|L005|L002|END;DEL_EDGE|NEXT_LINE|L006|L008|END;ADD_EDGE|CONTAINS|P000|L002|END;ADD_EDGE|CONTAINS|P001|L006|END;ADD_EDGE|NEXT_LINE|L001|L002|END;ADD_EDGE|NEXT_LINE|L002|L008|END;ADD_EDGE|NEXT_LINE|L005|L006|END
doc_e1b7a4380925a75b5442,DEL_EDGE|CONTAINS|P000|L000|END;DEL_EDGE|CONTAINS|P003|L012|END;DEL_EDGE|NEXT_LINE|L013|L012|END;DEL_EDGE|NEXT_LINE|L015|L000|END;ADD_EDGE|CONTAINS|P000|L012|END;ADD_EDGE|CONTAINS|P003|L000|END;ADD_EDGE|NEXT_LINE|L013|L000|END;ADD_EDGE|NEXT_LINE|L015|L012|END
doc_e1e51b496d1d4b43fcbf,DEL_EDGE|CONTAINS|P001|L003|END;DEL_EDGE|CONTAINS|P002|L002|END;DEL_EDGE|NEXT_LINE|L001|L002|END;DEL_EDGE|NEXT_LINE|L002|L005|END;DEL_EDGE|NEXT_LINE|L004|L003|END;ADD_EDGE|CONTAINS|P001|L002|END;ADD_EDGE|CONTAINS|P002|L003|END;ADD_EDGE|NEXT_LINE|L001|L003|END;ADD_EDGE|NEXT_LINE|L003|L005|END;ADD_EDGE|NEXT_LINE|L004|L002|END
doc_e25f659961b66ba2a955,DEL_EDGE|CONTAINS|P001|L009|END;DEL_EDGE|CONTAINS|P002|L008|END;DEL_EDGE|NEXT_LINE|L006|L009|END;DEL_EDGE|NEXT_LINE|L008|L005|END;DEL_EDGE|NEXT_LINE|L009|L000|END;ADD_EDGE|CONTAINS|P001|L008|END;ADD_EDGE|CONTAINS|P002|L009|END;ADD_EDGE|NEXT_LINE|L006|L008|END;ADD_EDGE|NEXT_LINE|L008|L000|END;ADD_EDGE|NEXT_LINE|L009|L005|END
doc_e2ba799094ea426bf00d,DEL_EDGE|NEXT_BLOCK|P000|P001|END;ADD_EDGE|NEXT_BLOCK|P001|P000|END
doc_e2e8d2516e7910a7e2da,DEL_EDGE|NEXT_BLOCK|P001|P004|END;DEL_EDGE|NEXT_BLOCK|P003|P001|END;DEL_EDGE|NEXT_BLOCK|P004|P002|END;ADD_EDGE|NEXT_BLOCK|P001|P002|END;ADD_EDGE|NEXT_BLOCK|P003|P004|END;ADD_EDGE|NEXT_BLOCK|P004|P001|END
doc_e3d9e1e46bd895b5cc5e,DEL_EDGE|NEXT_LINE|L002|L007|END;DEL_EDGE|NEXT_LINE|L004|L002|END;DEL_EDGE|NEXT_LINE|L009|L004|END;ADD_EDGE|NEXT_LINE|L002|L004|END;ADD_EDGE|NEXT_LINE|L004|L007|END;ADD_EDGE|NEXT_LINE|L009|L002|END
doc_e41e976b3a050489a5a6,DEL_EDGE|CONTAINS|P000|L004|END;DEL_EDGE|CONTAINS|P001|L006|END;DEL_EDGE|NEXT_LINE|L000|L004|END;DEL_EDGE|NEXT_LINE|L004|L002|END;DEL_EDGE|NEXT_LINE|L006|L001|END;ADD_EDGE|CONTAINS|P000|L006|END;ADD_EDGE|CONTAINS|P001|L004|END;ADD_EDGE|NEXT_LINE|L000|L006|END;ADD_EDGE|NEXT_LINE|L004|L001|END;ADD_EDGE|NEXT_LINE|L006|L002|END
doc_e43c2419370c9c0f860f,DEL_EDGE|CONTAINS|P000|L023|END;DEL_EDGE|CONTAINS|P002|L014|END;DEL_EDGE|NEXT_LINE|L014|L003|END;DEL_EDGE|NEXT_LINE|L023|L001|END;ADD_EDGE|CONTAINS|P000|L014|END;ADD_EDGE|CONTAINS|P002|L023|END;ADD_EDGE|NEXT_LINE|L014|L001|END;ADD_EDGE|NEXT_LINE|L023|L003|END
doc_e45d4523d16e639d7920,DEL_EDGE|CONTAINS|P000|L002|END;DEL_EDGE|CONTAINS|P004|L017|END;DEL_EDGE|NEXT_LINE|L012|L002|END;DEL_EDGE|NEXT_LINE|L017|L003|END;ADD_EDGE|CONTAINS|P000|L017|END;ADD_EDGE|CONTAINS|P004|L002|END;ADD_EDGE|NEXT_LINE|L002|L003|END;ADD_EDGE|NEXT_LINE|L012|L017|END
doc_e48f9ec474c19cd443fd,DEL_EDGE|CONTAINS|P000|L002|END;DEL_EDGE|CONTAINS|P001|L000|END;DEL_EDGE|NEXT_BLOCK|P000|P001|END;DEL_EDGE|NEXT_LINE|L001|L000|END;ADD_EDGE|CONTAINS|P000|L000|END;ADD_EDGE|CONTAINS|P001|L002|END;ADD_EDGE|NEXT_BLOCK|P001|P000|END;ADD_EDGE|NEXT_LINE|L001|L002|END
doc_e4bb562665bbdbd57545,DEL_EDGE|NEXT_BLOCK|P001|P002|END;DEL_EDGE|NEXT_BLOCK|P003|P001|END;ADD_EDGE|NEXT_BLOCK|P001|P003|END;ADD_EDGE|NEXT_BLOCK|P003|P002|END
doc_e4c76f1c9c98c935eaae,DEL_EDGE|NEXT_BLOCK|P001|P000|END;ADD_EDGE|NEXT_BLOCK|P000|P001|END
doc_e5146d7a39b57b06acd8,DEL_EDGE|CONTAINS|P000|L007|END;DEL_EDGE|CONTAINS|P001|L008|END;DEL_EDGE|NEXT_LINE|L007|L015|END;DEL_EDGE|NEXT_LINE|L008|L037|END;DEL_EDGE|NEXT_LINE|L033|L008|END;ADD_EDGE|CONTAINS|P000|L008|END;ADD_EDGE|CONTAINS|P001|L007|END;ADD_EDGE|NEXT_LINE|L007|L037|END;ADD_EDGE|NEXT_LINE|L008|L015|END;ADD_EDGE|NEXT_LINE|L033|L007|END
doc_e5309602145ebe5e37fa,DEL_EDGE|CONTAINS|P000|L002|END;DEL_EDGE|CONTAINS|P002|L007|END;DEL_EDGE|NEXT_LINE|L002|L000|END;DEL_EDGE|NEXT_LINE|L007|L003|END;ADD_EDGE|CONTAINS|P000|L007|END;ADD_EDGE|CONTAINS|P002|L002|END;ADD_EDGE|NEXT_LINE|L002|L003|END;ADD_EDGE|NEXT_LINE|L007|L000|END
doc_e554cdd88e644198e2da,DEL_EDGE|CONTAINS|P002|L013|END;DEL_EDGE|CONTAINS|P005|L000|END;DEL_EDGE|NEXT_LINE|L012|L000|END;DEL_EDGE|NEXT_LINE|L016|L013|END;ADD_EDGE|CONTAINS|P002|L000|END;ADD_EDGE|CONTAINS|P005|L013|END;ADD_EDGE|NEXT_LINE|L012|L013|END;ADD_EDGE|NEXT_LINE|L016|L000|END
doc_e56df76d5639d767b870,DEL_EDGE|CONTAINS|P001|L010|END;DEL_EDGE|CONTAINS|P002|L004|END;DEL_EDGE|NEXT_LINE|L005|L010|END;DEL_EDGE|NEXT_LINE|L010|L002|END;ADD_EDGE|CONTAINS|P001|L004|END;ADD_EDGE|CONTAINS|P002|L010|END;ADD_EDGE|NEXT_LINE|L004|L002|END;ADD_EDGE|NEXT_LINE|L005|L004|END
doc_e582580a36982d2708df,DEL_EDGE|CONTAINS|P000|L002|END;DEL_EDGE|CONTAINS|P002|L012|END;DEL_EDGE|NEXT_LINE|L000|L002|END;DEL_EDGE|NEXT_LINE|L001|L012|END;DEL_EDGE|NEXT_LINE|L012|L004|END;ADD_EDGE|CONTAINS|P000|L012|END;ADD_EDGE|CONTAINS|P002|L002|END;ADD_EDGE|NEXT_LINE|L000|L012|END;ADD_EDGE|NEXT_LINE|L001|L002|END;ADD_EDGE|NEXT_LINE|L002|L004|END
doc_e5b9eea14698a77ca813,DEL_EDGE|NEXT_BLOCK|P002|P005|END;DEL_EDGE|NEXT_BLOCK|P005|P003|END;DEL_EDGE|NEXT_BLOCK|P006|P002|END;ADD_EDGE|NEXT_BLOCK|P002|P003|END;ADD_EDGE|NEXT_BLOCK|P005|P002|END;ADD_EDGE|NEXT_BLOCK|P006|P005|END
doc_e5bebfcc610cce2e4d9b,DEL_EDGE|NEXT_BLOCK|P000|P002|END;DEL_EDGE|NEXT_BLOCK|P001|P000|END;ADD_EDGE|NEXT_BLOCK|P000|P001|END;ADD_EDGE|NEXT_BLOCK|P001|P002|END
doc_e60a30d2595cb1f4df32,DEL_EDGE|NEXT_LINE|L006|L012|END;DEL_EDGE|NEXT_LINE|L012|L004|END;ADD_EDGE|NEXT_LINE|L006|L004|END;ADD_EDGE|NEXT_LINE|L012|L006|END
doc_e646aa474f7af9a184e3,DEL_EDGE|CONTAINS|P000|L002|END;DEL_EDGE|CONTAINS|P002|L009|END;DEL_EDGE|NEXT_LINE|L003|L002|END;DEL_EDGE|NEXT_LINE|L009|L008|END;ADD_EDGE|CONTAINS|P000|L009|END;ADD_EDGE|CONTAINS|P002|L002|END;ADD_EDGE|NEXT_LINE|L002|L008|END;ADD_EDGE|NEXT_LINE|L003|L009|END
doc_e658989f9f16fb6f9e62,DEL_EDGE|CONTAINS|P000|L004|END;DEL_EDGE|CONTAINS|P002|L006|END;DEL_EDGE|NEXT_BLOCK|P000|P002|END;DEL_EDGE|NEXT_BLOCK|P002|P001|END;DEL_EDGE|NEXT_LINE|L006|L012|END;DEL_EDGE|NEXT_LINE|L011|L006|END;ADD_EDGE|CONTAINS|P000|L006|END;ADD_EDGE|CONTAINS|P002|L004|END;ADD_EDGE|NEXT_BLOCK|P000|P001|END;ADD_EDGE|NEXT_BLOCK|P001|P002|END;ADD_EDGE|NEXT_LINE|L004|L012|END;ADD_EDGE|NEXT_LINE|L011|L004|END
doc_e6bc65c66a9b26ce272f,DEL_EDGE|CONTAINS|P000|L006|END;DEL_EDGE|CONTAINS|P001|L002|END;DEL_EDGE|NEXT_LINE|L000|L006|END;DEL_EDGE|NEXT_LINE|L002|L001|END;ADD_EDGE|CONTAINS|P000|L002|END;ADD_EDGE|CONTAINS|P001|L006|END;ADD_EDGE|NEXT_LINE|L000|L002|END;ADD_EDGE|NEXT_LINE|L006|L001|END
doc_e70370407613ff702652,DEL_EDGE|CONTAINS|P000|L009|END;DEL_EDGE|CONTAINS|P004|L007|END;DEL_EDGE|NEXT_LINE|L003|L007|END;DEL_EDGE|NEXT_LINE|L007|L011|END;DEL_EDGE|NEXT_LINE|L009|L006|END;ADD_EDGE|CONTAINS|P000|L007|END;ADD_EDGE|CONTAINS|P004|L009|END;ADD_EDGE|NEXT_LINE|L003|L009|END;ADD_EDGE|NEXT_LINE|L007|L006|END;ADD_EDGE|NEXT_LINE|L009|L011|END
doc_e769df6f673dff8637e4,DEL_EDGE|CONTAINS|P001|L004|END;DEL_EDGE|CONTAINS|P002|L005|END;DEL_EDGE|NEXT_BLOCK|P000|P001|END;DEL_EDGE|NEXT_BLOCK|P003|P000|END;ADD_EDGE|CONTAINS|P001|L005|END;ADD_EDGE|CONTAINS|P002|L004|END;ADD_EDGE|NEXT_BLOCK|P000|P003|END;ADD_EDGE|NEXT_BLOCK|P003|P001|END
doc_e7e9cb67be6559e19e0d,DEL_EDGE|CONTAINS|P005|L005|END;DEL_EDGE|CONTAINS|P007|L017|END;DEL_EDGE|NEXT_LINE|L005|L027|END;DEL_EDGE|NEXT_LINE|L017|L015|END;DEL_EDGE|NEXT_LINE|L021|L005|END;ADD_EDGE|CONTAINS|P005|L017|END;ADD_EDGE|CONTAINS|P007|L005|END;ADD_EDGE|NEXT_LINE|L005|L015|END;ADD_EDGE|NEXT_LINE|L017|L027|END;ADD_EDGE|NEXT_LINE|L021|L017|END
doc_e89ef1cf2b6cebddc105,DEL_EDGE|NEXT_BLOCK|P000|P002|END;DEL_EDGE|NEXT_BLOCK|P001|P000|END;DEL_EDGE|NEXT_BLOCK|P002|P003|END;ADD_EDGE|NEXT_BLOCK|P000|P003|END;ADD_EDGE|NEXT_BLOCK|P001|P002|END;ADD_EDGE|NEXT_BLOCK|P002|P000|END
doc_e8db6895fd4c651f2de1,DEL_EDGE|CONTAINS|P003|L005|END;DEL_EDGE|CONTAINS|P004|L003|END;DEL_EDGE|NEXT_LINE|L002|L003|END;DEL_EDGE|NEXT_LINE|L004|L005|END;ADD_EDGE|CONTAINS|P003|L003|END;ADD_EDGE|CONTAINS|P004|L005|END;ADD_EDGE|NEXT_LINE|L002|L005|END;ADD_EDGE|NEXT_LINE|L004|L003|END
doc_e8f6e0fd795cb220c6ca,DEL_EDGE|CONTAINS|P001|L016|END;DEL_EDGE|CONTAINS|P002|L005|END;DEL_EDGE|NEXT_LINE|L005|L010|END;ADD_EDGE|CONTAINS|P001|L005|END;ADD_EDGE|CONTAINS|P002|L016|END;ADD_EDGE|NEXT_LINE|L016|L010|END
doc_e91ae63137f90619111a,DEL_EDGE|NEXT_LINE|L013|L020|END;DEL_EDGE|NEXT_LINE|L017|L016|END;DEL_EDGE|NEXT_LINE|L020|L017|END;ADD_EDGE|NEXT_LINE|L013|L017|END;ADD_EDGE|NEXT_LINE|L017|L020|END;ADD_EDGE|NEXT_LINE|L020|L016|END
doc_e92e4183ba049cc3d37c,DEL_EDGE|NEXT_LINE|L000|L008|END;DEL_EDGE|NEXT_LINE|L008|L012|END;DEL_EDGE|NEXT_LINE|L012|L006|END;ADD_EDGE|NEXT_LINE|L000|L012|END;ADD_EDGE|NEXT_LINE|L008|L006|END;ADD_EDGE|NEXT_LINE|L012|L008|END
doc_e93758fc933c89db6835,DEL_EDGE|NEXT_BLOCK|P005|P006|END;DEL_EDGE|NEXT_BLOCK|P006|P000|END;ADD_EDGE|NEXT_BLOCK|P005|P000|END;ADD_EDGE|NEXT_BLOCK|P006|P005|END
doc_e93b404587a73eb668b3,DEL_EDGE|CONTAINS|P000|L007|END;DEL_EDGE|CONTAINS|P001|L013|END;DEL_EDGE|NEXT_LINE|L013|L027|END;DEL_EDGE|NEXT_LINE|L014|L007|END;DEL_EDGE|NEXT_LINE|L025|L013|END;ADD_EDGE|CONTAINS|P000|L013|END;ADD_EDGE|CONTAINS|P001|L007|END;ADD_EDGE|NEXT_LINE|L007|L027|END;ADD_EDGE|NEXT_LINE|L014|L013|END;ADD_EDGE|NEXT_LINE|L025|L007|END
doc_e955ecb52a546f143a59,DEL_EDGE|NEXT_LINE|L002|L012|END;DEL_EDGE|NEXT_LINE|L012|L016|END;DEL_EDGE|NEXT_LINE|L016|L013|END;ADD_EDGE|NEXT_LINE|L002|L016|END;ADD_EDGE|NEXT_LINE|L012|L013|END;ADD_EDGE|NEXT_LINE|L016|L012|END
doc_e98259f3b256d261fad6,DEL_EDGE|CONTAINS|P000|L005|END;DEL_EDGE|CONTAINS|P001|L010|END;DEL_EDGE|NEXT_LINE|L000|L005|END;DEL_EDGE|NEXT_LINE|L007|L010|END;ADD_EDGE|CONTAINS|P000|L010|END;ADD_EDGE|CONTAINS|P001|L005|END;ADD_EDGE|NEXT_LINE|L000|L010|END;ADD_EDGE|NEXT_LINE|L007|L005|END
doc_ea30ec49d79557678806,DEL_EDGE|CONTAINS|P000|L002|END;DEL_EDGE|CONTAINS|P003|L020|END;DEL_EDGE|NEXT_LINE|L002|L008|END;DEL_EDGE|NEXT_LINE|L003|L020|END;DEL_EDGE|NEXT_LINE|L020|L009|END;ADD_EDGE|CONTAINS|P000|L020|END;ADD_EDGE|CONTAINS|P003|L002|END;ADD_EDGE|NEXT_LINE|L002|L009|END;ADD_EDGE|NEXT_LINE|L003|L002|END;ADD_EDGE|NEXT_LINE|L020|L008|END
doc_ea34075ad4c5c1ebe18c,DEL_EDGE|NEXT_BLOCK|P002|P003|END;DEL_EDGE|NEXT_BLOCK|P003|P001|END;ADD_EDGE|NEXT_BLOCK|P001|P003|END;ADD_EDGE|NEXT_BLOCK|P002|P001|END
doc_ea4bd69d9c800cc3f67c,DEL_EDGE|CONTAINS|P003|L005|END;DEL_EDGE|CONTAINS|P005|L030|END;DEL_EDGE|NEXT_LINE|L003|L005|END;DEL_EDGE|NEXT_LINE|L030|L028|END;ADD_EDGE|CONTAINS|P003|L030|END;ADD_EDGE|CONTAINS|P005|L005|END;ADD_EDGE|NEXT_LINE|L003|L030|END;ADD_EDGE|NEXT_LINE|L005|L028|END
doc_ea518510a5f7997f0c8b,DEL_EDGE|NEXT_LINE|L000|L006|END;DEL_EDGE|NEXT_LINE|L002|L000|END;ADD_EDGE|NEXT_LINE|L000|L002|END;ADD_EDGE|NEXT_LINE|L002|L006|END
doc_ea56410662bc0937b1c2,DEL_EDGE|CONTAINS|P000|L009|END;DEL_EDGE|CONTAINS|P001|L010|END;DEL_EDGE|NEXT_LINE|L002|L010|END;DEL_EDGE|NEXT_LINE|L009|L020|END;DEL_EDGE|NEXT_LINE|L016|L009|END;ADD_EDGE|CONTAINS|P000|L010|END;ADD_EDGE|CONTAINS|P001|L009|END;ADD_EDGE|NEXT_LINE|L002|L009|END;ADD_EDGE|NEXT_LINE|L010|L020|END;ADD_EDGE|NEXT_LINE|L016|L010|END
doc_eadd2eb9cb4ceb25cc6d,DEL_EDGE|CONTAINS|P001|L002|END;DEL_EDGE|CONTAINS|P002|L000|END;DEL_EDGE|NEXT_LINE|L002|L006|END;DEL_EDGE|NEXT_LINE|L003|L000|END;ADD_EDGE|CONTAINS|P001|L000|END;ADD_EDGE|CONTAINS|P002|L002|END;ADD_EDGE|NEXT_LINE|L000|L006|END;ADD_EDGE|NEXT_LINE|L003|L002|END
doc_eb53a940d7a255892c1e,DEL_EDGE|CONTAINS|P000|L001|END;DEL_EDGE|CONTAINS|P003|L028|END;DEL_EDGE|NEXT_LINE|L009|L001|END;DEL_EDGE|NEXT_LINE|L016|L028|END;DEL_EDGE|NEXT_LINE|L028|L007|END;ADD_EDGE|CONTAINS|P000|L028|END;ADD_EDGE|CONTAINS|P003|L001|END;ADD_EDGE|NEXT_LINE|L001|L007|END;ADD_EDGE|NEXT_LINE|L009|L028|END;ADD_EDGE|NEXT_LINE|L016|L001|END
doc_eb9911da8db51d542337,DEL_EDGE|CONTAINS|P003|L003|END;DEL_EDGE|CONTAINS|P004|L004|END;DEL_EDGE|NEXT_LINE|L003|L001|END;DEL_EDGE|NEXT_LINE|L020|L004|END;ADD_EDGE|CONTAINS|P003|L004|END;ADD_EDGE|CONTAINS|P004|L003|END;ADD_EDGE|NEXT_LINE|L004|L001|END;ADD_EDGE|NEXT_LINE|L020|L003|END
doc_ec7d58b8860a867a21e6,DEL_EDGE|CONTAINS|P000|L004|END;DEL_EDGE|CONTAINS|P002|L035|END;DEL_EDGE|NEXT_LINE|L004|L018|END;DEL_EDGE|NEXT_LINE|L035|L001|END;ADD_EDGE|CONTAINS|P000|L035|END;ADD_EDGE|CONTAINS|P002|L004|END;ADD_EDGE|NEXT_LINE|L004|L001|END;ADD_EDGE|NEXT_LINE|L035|L018|END
doc_ecb3abe747473b9ab783,DEL_EDGE|NEXT_BLOCK|P002|P001|END;DEL_EDGE|NEXT_BLOCK|P003|P002|END;DEL_EDGE|NEXT_BLOCK|P004|P003|END;ADD_EDGE|NEXT_BLOCK|P002|P003|END;ADD_EDGE|NEXT_BLOCK|P003|P001|END;ADD_EDGE|NEXT_BLOCK|P004|P002|END
doc_ed52b260e4a674d57c9d,DEL_EDGE|CONTAINS|P001|L004|END;DEL_EDGE|CONTAINS|P002|L009|END;DEL_EDGE|NEXT_LINE|L010|L009|END;ADD_EDGE|CONTAINS|P001|L009|END;ADD_EDGE|CONTAINS|P002|L004|END;ADD_EDGE|NEXT_LINE|L010|L004|END
doc_ed6b22145a77bb3d8311,DEL_EDGE|NEXT_BLOCK|P001|P003|END;DEL_EDGE|NEXT_BLOCK|P002|P001|END;DEL_EDGE|NEXT_BLOCK|P003|P000|END;ADD_EDGE|NEXT_BLOCK|P001|P000|END;ADD_EDGE|NEXT_BLOCK|P002|P003|END;ADD_EDGE|NEXT_BLOCK|P003|P001|END
doc_edc15be8584e544b4e49,DEL_EDGE|NEXT_BLOCK|P000|P004|END;DEL_EDGE|NEXT_BLOCK|P004|P003|END;DEL_EDGE|NEXT_BLOCK|P005|P000|END;ADD_EDGE|NEXT_BLOCK|P000|P003|END;ADD_EDGE|NEXT_BLOCK|P004|P000|END;ADD_EDGE|NEXT_BLOCK|P005|P004|END
doc_edc8498f1a7c145bf690,DEL_EDGE|NEXT_BLOCK|P000|P001|END;DEL_EDGE|NEXT_BLOCK|P001|P002|END;ADD_EDGE|NEXT_BLOCK|P000|P002|END;ADD_EDGE|NEXT_BLOCK|P002|P001|END
doc_ee0661378d08a6a03c01,DEL_EDGE|CONTAINS|P000|L002|END;DEL_EDGE|CONTAINS|P001|L001|END;DEL_EDGE|NEXT_LINE|L002|L004|END;DEL_EDGE|NEXT_LINE|L003|L002|END;ADD_EDGE|CONTAINS|P000|L001|END;ADD_EDGE|CONTAINS|P001|L002|END;ADD_EDGE|NEXT_LINE|L001|L004|END;ADD_EDGE|NEXT_LINE|L003|L001|END
doc_ee2a12657e6de1536396,DEL_EDGE|NEXT_BLOCK|P001|P000|END;ADD_EDGE|NEXT_BLOCK|P000|P001|END
doc_ee5a9ba7025628799a71,DEL_EDGE|CONTAINS|P003|L017|END;DEL_EDGE|CONTAINS|P005|L003|END;DEL_EDGE|NEXT_LINE|L003|L005|END;DEL_EDGE|NEXT_LINE|L015|L017|END;DEL_EDGE|NEXT_LINE|L017|L012|END;ADD_EDGE|CONTAINS|P003|L003|END;ADD_EDGE|CONTAINS|P005|L017|END;ADD_EDGE|NEXT_LINE|L003|L012|END;ADD_EDGE|NEXT_LINE|L015|L003|END;ADD_EDGE|NEXT_LINE|L017|L005|END
doc_ee7f9652b5b0645c739d,DEL_EDGE|NEXT_BLOCK|P001|P000|END;ADD_EDGE|NEXT_BLOCK|P000|P001|END
doc_ee97307a48c1f6b492ba,DEL_EDGE|CONTAINS|P000|L022|END;DEL_EDGE|CONTAINS|P001|L011|END;DEL_EDGE|NEXT_BLOCK|P001|P000|END;DEL_EDGE|NEXT_LINE|L007|L011|END;DEL_EDGE|NEXT_LINE|L011|L002|END;DEL_EDGE|NEXT_LINE|L036|L022|END;ADD_EDGE|CONTAINS|P000|L011|END;ADD_EDGE|CONTAINS|P001|L022|END;ADD_EDGE|NEXT_BLOCK|P000|P001|END;ADD_EDGE|NEXT_LINE|L007|L022|END;ADD_EDGE|NEXT_LINE|L022|L002|END;ADD_EDGE|NEXT_LINE|L036|L011|END
doc_eec604e767a031c9a018,DEL_EDGE|CONTAINS|P001|L011|END;DEL_EDGE|CONTAINS|P003|L000|END;DEL_EDGE|NEXT_BLOCK|P000|P002|END;DEL_EDGE|NEXT_BLOCK|P003|P000|END;DEL_EDGE|NEXT_LINE|L007|L000|END;ADD_EDGE|CONTAINS|P001|L000|END;ADD_EDGE|CONTAINS|P003|L011|END;ADD_EDGE|NEXT_BLOCK|P002|P000|END;ADD_EDGE|NEXT_BLOCK|P003|P002|END;ADD_EDGE|NEXT_LINE|L007|L011|END
doc_eeeb48d60dee89b0cfae,DEL_EDGE|CONTAINS|P000|L006|END;DEL_EDGE|CONTAINS|P001|L002|END;DEL_EDGE|NEXT_BLOCK|P001|P002|END;DEL_EDGE|NEXT_BLOCK|P002|P000|END;DEL_EDGE|NEXT_LINE|L000|L006|END;ADD_EDGE|CONTAINS|P000|L002|END;ADD_EDGE|CONTAINS|P001|L006|END;ADD_EDGE|NEXT_BLOCK|P000|P002|END;ADD_EDGE|NEXT_BLOCK|P001|P000|END;ADD_EDGE|NEXT_LINE|L000|L002|END
doc_eefdba91e2310f6266fe,DEL_EDGE|CONTAINS|P000|L006|END;DEL_EDGE|CONTAINS|P003|L011|END;DEL_EDGE|NEXT_LINE|L003|L011|END;DEL_EDGE|NEXT_LINE|L008|L006|END;DEL_EDGE|NEXT_LINE|L011|L001|END;ADD_EDGE|CONTAINS|P000|L011|END;ADD_EDGE|CONTAINS|P003|L006|END;ADD_EDGE|NEXT_LINE|L003|L006|END;ADD_EDGE|NEXT_LINE|L006|L001|END;ADD_EDGE|NEXT_LINE|L008|L011|END
doc_ef63d4ab935ada10c806,DEL_EDGE|CONTAINS|P000|L018|END;DEL_EDGE|CONTAINS|P001|L011|END;DEL_EDGE|NEXT_BLOCK|P000|P001|END;DEL_EDGE|NEXT_BLOCK|P002|P000|END;DEL_EDGE|NEXT_LINE|L010|L011|END;DEL_EDGE|NEXT_LINE|L018|L004|END;ADD_EDGE|CONTAINS|P000|L011|END;ADD_EDGE|CONTAINS|P001|L018|END;ADD_EDGE|NEXT_BLOCK|P001|P000|END;ADD_EDGE|NEXT_BLOCK|P002|P001|END;ADD_EDGE|NEXT_LINE|L010|L018|END;ADD_EDGE|NEXT_LINE|L011|L004|END
doc_ef7d7cf2ede9047b9c2d,DEL_EDGE|CONTAINS|P001|L002|END;DEL_EDGE|CONTAINS|P002|L001|END;DEL_EDGE|NEXT_LINE|L002|L003|END;ADD_EDGE|CONTAINS|P001|L001|END;ADD_EDGE|CONTAINS|P002|L002|END;ADD_EDGE|NEXT_LINE|L001|L003|END
doc_effb63e9d4b24702d77b,DEL_EDGE|CONTAINS|P000|L004|END;DEL_EDGE|CONTAINS|P001|L012|END;DEL_EDGE|NEXT_BLOCK|P001|P000|END;DEL_EDGE|NEXT_LINE|L012|L011|END;DEL_EDGE|NEXT_LINE|L013|L004|END;ADD_EDGE|CONTAINS|P000|L012|END;ADD_EDGE|CONTAINS|P001|L004|END;ADD_EDGE|NEXT_BLOCK|P000|P001|END;ADD_EDGE|NEXT_LINE|L004|L011|END;ADD_EDGE|NEXT_LINE|L013|L012|END
doc_f00b3d7fcce90f21f8ac,DEL_EDGE|CONTAINS|P001|L006|END;DEL_EDGE|CONTAINS|P002|L002|END;DEL_EDGE|NEXT_LINE|L000|L002|END;ADD_EDGE|CONTAINS|P001|L002|END;ADD_EDGE|CONTAINS|P002|L006|END;ADD_EDGE|NEXT_LINE|L000|L006|END
doc_f154118e3d0ba8713edf,DEL_EDGE|NEXT_BLOCK|P003|P005|END;DEL_EDGE|NEXT_BLOCK|P008|P003|END;DEL_EDGE|NEXT_BLOCK|P009|P008|END;ADD_EDGE|NEXT_BLOCK|P003|P008|END;ADD_EDGE|NEXT_BLOCK|P008|P005|END;ADD_EDGE|NEXT_BLOCK|P009|P003|END
doc_f15bb074b78d5be0d1da,DEL_EDGE|CONTAINS|P000|L005|END;DEL_EDGE|CONTAINS|P003|L002|END;DEL_EDGE|NEXT_BLOCK|P000|P004|END;DEL_EDGE|NEXT_BLOCK|P004|P001|END;DEL_EDGE|NEXT_LINE|L000|L005|END;DEL_EDGE|NEXT_LINE|L005|L008|END;ADD_EDGE|CONTAINS|P000|L002|END;ADD_EDGE|CONTAINS|P003|L005|END;ADD_EDGE|NEXT_BLOCK|P000|P001|END;ADD_EDGE|NEXT_BLOCK|P001|P004|END;ADD_EDGE|NEXT_LINE|L000|L002|END;ADD_EDGE|NEXT_LINE|L002|L008|END
doc_f2013e4e9341209c7476,DEL_EDGE|CONTAINS|P000|L011|END;DEL_EDGE|CONTAINS|P003|L001|END;ADD_EDGE|CONTAINS|P000|L001|END;ADD_EDGE|CONTAINS|P003|L011|END
doc_f20234a1d8e432abe494,DEL_EDGE|NEXT_BLOCK|P000|P001|END;DEL_EDGE|NEXT_BLOCK|P002|P000|END;ADD_EDGE|NEXT_BLOCK|P001|P000|END;ADD_EDGE|NEXT_BLOCK|P002|P001|END
doc_f2557124dbf9d680cada,DEL_EDGE|CONTAINS|P000|L004|END;DEL_EDGE|CONTAINS|P002|L001|END;DEL_EDGE|NEXT_LINE|L010|L001|END;ADD_EDGE|CONTAINS|P000|L001|END;ADD_EDGE|CONTAINS|P002|L004|END;ADD_EDGE|NEXT_LINE|L010|L004|END
doc_f28373bde35f314dbb72,DEL_EDGE|CONTAINS|P002|L027|END;DEL_EDGE|CONTAINS|P003|L004|END;DEL_EDGE|NEXT_LINE|L002|L027|END;DEL_EDGE|NEXT_LINE|L004|L024|END;DEL_EDGE|NEXT_LINE|L017|L004|END;ADD_EDGE|CONTAINS|P002|L004|END;ADD_EDGE|CONTAINS|P003|L027|END;ADD_EDGE|NEXT_LINE|L002|L004|END;ADD_EDGE|NEXT_LINE|L017|L027|END;ADD_EDGE|NEXT_LINE|L027|L024|END
doc_f30f506209afa0006287,DEL_EDGE|NEXT_BLOCK|P000|P001|END;DEL_EDGE|NEXT_BLOCK|P001|P002|END;ADD_EDGE|NEXT_BLOCK|P000|P002|END;ADD_EDGE|NEXT_BLOCK|P001|P000|END
doc_f36e09d6f456786b6c93,DEL_EDGE|CONTAINS|P001|L007|END;DEL_EDGE|CONTAINS|P002|L002|END;DEL_EDGE|NEXT_LINE|L007|L005|END;ADD_EDGE|CONTAINS|P001|L002|END;ADD_EDGE|CONTAINS|P002|L007|END;ADD_EDGE|NEXT_LINE|L002|L005|END
doc_f3cde84f2f49eb7d0dcd,DEL_EDGE|CONTAINS|P001|L003|END;DEL_EDGE|CONTAINS|P003|L006|END;DEL_EDGE|NEXT_LINE|L006|L004|END;DEL_EDGE|NEXT_LINE|L007|L003|END;ADD_EDGE|CONTAINS|P001|L006|END;ADD_EDGE|CONTAINS|P003|L003|END;ADD_EDGE|NEXT_LINE|L003|L004|END;ADD_EDGE|NEXT_LINE|L007|L006|END
doc_f4845df794c1937e87ea,DEL_EDGE|NEXT_BLOCK|P000|P001|END;DEL_EDGE|NEXT_BLOCK|P001|P002|END;ADD_EDGE|NEXT_BLOCK|P000|P002|END;ADD_EDGE|NEXT_BLOCK|P001|P000|END
doc_f485a5d349ec83658c17,DEL_EDGE|NEXT_BLOCK|P000|P001|END;ADD_EDGE|NEXT_BLOCK|P001|P000|END
doc_f4e3002841be3c9c4444,DEL_EDGE|CONTAINS|P001|L008|END;DEL_EDGE|CONTAINS|P003|L011|END;DEL_EDGE|NEXT_LINE|L002|L008|END;DEL_EDGE|NEXT_LINE|L019|L011|END;ADD_EDGE|CONTAINS|P001|L011|END;ADD_EDGE|CONTAINS|P003|L008|END;ADD_EDGE|NEXT_LINE|L002|L011|END;ADD_EDGE|NEXT_LINE|L019|L008|END
doc_f4e83357ece37e3f8705,DEL_EDGE|CONTAINS|P000|L006|END;DEL_EDGE|CONTAINS|P002|L013|END;ADD_EDGE|CONTAINS|P000|L013|END;ADD_EDGE|CONTAINS|P002|L006|END
doc_f51d1b57e108ef59c930,DEL_EDGE|NEXT_BLOCK|P001|P003|END;DEL_EDGE|NEXT_BLOCK|P002|P001|END;ADD_EDGE|NEXT_BLOCK|P001|P002|END;ADD_EDGE|NEXT_BLOCK|P002|P003|END
doc_f5324100983da41f511f,DEL_EDGE|CONTAINS|P001|L000|END;DEL_EDGE|CONTAINS|P004|L005|END;ADD_EDGE|CONTAINS|P001|L005|END;ADD_EDGE|CONTAINS|P004|L000|END
doc_f56e39b31439b6f9ad3c,DEL_EDGE|CONTAINS|P000|L002|END;DEL_EDGE|CONTAINS|P001|L012|END;DEL_EDGE|NEXT_LINE|L002|L000|END;DEL_EDGE|NEXT_LINE|L006|L002|END;DEL_EDGE|NEXT_LINE|L012|L011|END;ADD_EDGE|CONTAINS|P000|L012|END;ADD_EDGE|CONTAINS|P001|L002|END;ADD_EDGE|NEXT_LINE|L002|L011|END;ADD_EDGE|NEXT_LINE|L006|L012|END;ADD_EDGE|NEXT_LINE|L012|L000|END
doc_f5f62d9d3278824fbe0f,DEL_EDGE|NEXT_BLOCK|P000|P002|END;DEL_EDGE|NEXT_BLOCK|P001|P003|END;DEL_EDGE|NEXT_BLOCK|P002|P001|END;ADD_EDGE|NEXT_BLOCK|P000|P001|END;ADD_EDGE|NEXT_BLOCK|P001|P002|END;ADD_EDGE|NEXT_BLOCK|P002|P003|END
doc_f60dd62df743f2340f48,DEL_EDGE|NEXT_BLOCK|P000|P001|END;ADD_EDGE|NEXT_BLOCK|P001|P000|END
doc_f674fd011fc30d5bf17d,DEL_EDGE|NEXT_BLOCK|P000|P003|END;DEL_EDGE|NEXT_BLOCK|P001|P002|END;DEL_EDGE|NEXT_BLOCK|P003|P001|END;ADD_EDGE|NEXT_BLOCK|P000|P001|END;ADD_EDGE|NEXT_BLOCK|P001|P003|END;ADD_EDGE|NEXT_BLOCK|P003|P002|END
doc_f675c48d2e72160df4e7,DEL_EDGE|CONTAINS|P000|L012|END;DEL_EDGE|CONTAINS|P001|L003|END;DEL_EDGE|NEXT_BLOCK|P000|P002|END;DEL_EDGE|NEXT_BLOCK|P001|P000|END;DEL_EDGE|NEXT_LINE|L003|L002|END;DEL_EDGE|NEXT_LINE|L007|L003|END;ADD_EDGE|CONTAINS|P000|L003|END;ADD_EDGE|CONTAINS|P001|L012|END;ADD_EDGE|NEXT_BLOCK|P000|P001|END;ADD_EDGE|NEXT_BLOCK|P001|P002|END;ADD_EDGE|NEXT_LINE|L007|L012|END;ADD_EDGE|NEXT_LINE|L012|L002|END
doc_f67ef9badfeae0400322,DEL_EDGE|NEXT_BLOCK|P001|P004|END;DEL_EDGE|NEXT_BLOCK|P005|P001|END;ADD_EDGE|NEXT_BLOCK|P001|P005|END;ADD_EDGE|NEXT_BLOCK|P005|P004|END
doc_f6b2c86882c88efddcbb,DEL_EDGE|CONTAINS|P000|L006|END;DEL_EDGE|CONTAINS|P001|L005|END;DEL_EDGE|NEXT_BLOCK|P000|P001|END;DEL_EDGE|NEXT_LINE|L006|L004|END;ADD_EDGE|CONTAINS|P000|L005|END;ADD_EDGE|CONTAINS|P001|L006|END;ADD_EDGE|NEXT_BLOCK|P001|P000|END;ADD_EDGE|NEXT_LINE|L005|L004|END
doc_f6f1d83f033f52f5eee7,DEL_EDGE|NEXT_BLOCK|P001|P002|END;DEL_EDGE|NEXT_BLOCK|P002|P006|END;DEL_EDGE|NEXT_BLOCK|P006|P000|END;ADD_EDGE|NEXT_BLOCK|P001|P006|END;ADD_EDGE|NEXT_BLOCK|P002|P000|END;ADD_EDGE|NEXT_BLOCK|P006|P002|END
doc_f72b9ea9e2b7439eaa2b,DEL_EDGE|NEXT_BLOCK|P001|P004|END;DEL_EDGE|NEXT_BLOCK|P004|P003|END;ADD_EDGE|NEXT_BLOCK|P001|P003|END;ADD_EDGE|NEXT_BLOCK|P003|P004|END
doc_f7609e11bf17007ff893,DEL_EDGE|CONTAINS|P000|L005|END;DEL_EDGE|CONTAINS|P003|L000|END;DEL_EDGE|NEXT_LINE|L003|L005|END;ADD_EDGE|CONTAINS|P000|L000|END;ADD_EDGE|CONTAINS|P003|L005|END;ADD_EDGE|NEXT_LINE|L003|L000|END
doc_f764313539d1e6be3ee9,DEL_EDGE|NEXT_BLOCK|P000|P001|END;ADD_EDGE|NEXT_BLOCK|P001|P000|END
doc_f7fe798156f66796ca36,DEL_EDGE|CONTAINS|P000|L002|END;DEL_EDGE|CONTAINS|P001|L004|END;DEL_EDGE|NEXT_LINE|L004|L007|END;DEL_EDGE|NEXT_LINE|L008|L002|END;ADD_EDGE|CONTAINS|P000|L004|END;ADD_EDGE|CONTAINS|P001|L002|END;ADD_EDGE|NEXT_LINE|L002|L007|END;ADD_EDGE|NEXT_LINE|L008|L004|END
doc_f80c82f9573cf99ca54f,DEL_EDGE|NEXT_BLOCK|P000|P001|END;DEL_EDGE|NEXT_BLOCK|P002|P000|END;ADD_EDGE|NEXT_BLOCK|P001|P000|END;ADD_EDGE|NEXT_BLOCK|P002|P001|END
doc_f85cbc4baf03cc476463,DEL_EDGE|CONTAINS|P001|L020|END;DEL_EDGE|CONTAINS|P003|L017|END;DEL_EDGE|NEXT_LINE|L007|L017|END;DEL_EDGE|NEXT_LINE|L017|L005|END;DEL_EDGE|NEXT_LINE|L018|L020|END;ADD_EDGE|CONTAINS|P001|L017|END;ADD_EDGE|CONTAINS|P003|L020|END;ADD_EDGE|NEXT_LINE|L007|L020|END;ADD_EDGE|NEXT_LINE|L018|L017|END;ADD_EDGE|NEXT_LINE|L020|L005|END
doc_f886d319e1687d3df300,DEL_EDGE|NEXT_BLOCK|P001|P000|END;DEL_EDGE|NEXT_BLOCK|P002|P001|END;ADD_EDGE|NEXT_BLOCK|P000|P001|END;ADD_EDGE|NEXT_BLOCK|P002|P000|END
doc_f89c68abd13298f8b381,DEL_EDGE|CONTAINS|P001|L034|END;DEL_EDGE|CONTAINS|P004|L003|END;DEL_EDGE|NEXT_LINE|L003|L031|END;DEL_EDGE|NEXT_LINE|L016|L034|END;DEL_EDGE|NEXT_LINE|L034|L025|END;ADD_EDGE|CONTAINS|P001|L003|END;ADD_EDGE|CONTAINS|P004|L034|END;ADD_EDGE|NEXT_LINE|L003|L025|END;ADD_EDGE|NEXT_LINE|L016|L003|END;ADD_EDGE|NEXT_LINE|L034|L031|END
doc_f8c5cf5704e8bfd1d48b,DEL_EDGE|CONTAINS|P000|L006|END;DEL_EDGE|CONTAINS|P001|L004|END;DEL_EDGE|NEXT_BLOCK|P000|P001|END;DEL_EDGE|NEXT_LINE|L005|L006|END;DEL_EDGE|NEXT_LINE|L006|L007|END;ADD_EDGE|CONTAINS|P000|L004|END;ADD_EDGE|CONTAINS|P001|L006|END;ADD_EDGE|NEXT_BLOCK|P001|P000|END;ADD_EDGE|NEXT_LINE|L004|L007|END;ADD_EDGE|NEXT_LINE|L005|L004|END
doc_f90705a4a4bd9b837865,DEL_EDGE|CONTAINS|P000|L006|END;DEL_EDGE|CONTAINS|P002|L009|END;DEL_EDGE|NEXT_LINE|L001|L006|END;DEL_EDGE|NEXT_LINE|L006|L004|END;DEL_EDGE|NEXT_LINE|L009|L007|END;ADD_EDGE|CONTAINS|P000|L009|END;ADD_EDGE|CONTAINS|P002|L006|END;ADD_EDGE|NEXT_LINE|L001|L009|END;ADD_EDGE|NEXT_LINE|L006|L007|END;ADD_EDGE|NEXT_LINE|L009|L004|END
doc_f92895774817f73cd30b,DEL_EDGE|NEXT_BLOCK|P002|P000|END;DEL_EDGE|NEXT_BLOCK|P003|P002|END;ADD_EDGE|NEXT_BLOCK|P000|P002|END;ADD_EDGE|NEXT_BLOCK|P003|P000|END
doc_f9640c7c5e940509c35b,DEL_EDGE|NEXT_BLOCK|P000|P002|END;DEL_EDGE|NEXT_BLOCK|P001|P004|END;DEL_EDGE|NEXT_BLOCK|P004|P000|END;ADD_EDGE|NEXT_BLOCK|P000|P004|END;ADD_EDGE|NEXT_BLOCK|P001|P000|END;ADD_EDGE|NEXT_BLOCK|P004|P002|END
doc_f976116dc8226c8412bc,DEL_EDGE|NEXT_BLOCK|P000|P001|END;ADD_EDGE|NEXT_BLOCK|P001|P000|END
doc_f9aa854d7f3e0bc57935,DEL_EDGE|CONTAINS|P000|L009|END;DEL_EDGE|CONTAINS|P001|L006|END;DEL_EDGE|NEXT_BLOCK|P003|P006|END;DEL_EDGE|NEXT_BLOCK|P004|P000|END;DEL_EDGE|NEXT_BLOCK|P006|P004|END;DEL_EDGE|NEXT_LINE|L015|L009|END;ADD_EDGE|CONTAINS|P000|L006|END;ADD_EDGE|CONTAINS|P001|L009|END;ADD_EDGE|NEXT_BLOCK|P003|P004|END;ADD_EDGE|NEXT_BLOCK|P004|P006|END;ADD_EDGE|NEXT_BLOCK|P006|P000|END;ADD_EDGE|NEXT_LINE|L015|L006|END
doc_f9cf8be809336ed1fa05,DEL_EDGE|NEXT_BLOCK|P000|P001|END;ADD_EDGE|NEXT_BLOCK|P001|P000|END
doc_f9d245aab6ec21f9f30a,DEL_EDGE|CONTAINS|P002|L000|END;DEL_EDGE|CONTAINS|P003|L008|END;DEL_EDGE|NEXT_LINE|L000|L007|END;DEL_EDGE|NEXT_LINE|L004|L000|END;DEL_EDGE|NEXT_LINE|L008|L006|END;DEL_EDGE|NEXT_LINE|L009|L008|END;ADD_EDGE|CONTAINS|P002|L008|END;ADD_EDGE|CONTAINS|P003|L000|END;ADD_EDGE|NEXT_LINE|L000|L006|END;ADD_EDGE|NEXT_LINE|L004|L008|END;ADD_EDGE|NEXT_LINE|L008|L007|END;ADD_EDGE|NEXT_LINE|L009|L000|END
doc_fa3ad4800976f6983048,DEL_EDGE|NEXT_BLOCK|P000|P001|END;DEL_EDGE|NEXT_BLOCK|P001|P002|END;ADD_EDGE|NEXT_BLOCK|P000|P002|END;ADD_EDGE|NEXT_BLOCK|P002|P001|END
doc_fa6ff08193564f325d18,DEL_EDGE|NEXT_BLOCK|P000|P002|END;DEL_EDGE|NEXT_BLOCK|P001|P000|END;ADD_EDGE|NEXT_BLOCK|P000|P001|END;ADD_EDGE|NEXT_BLOCK|P001|P002|END
doc_fa8705979184fa89bc28,DEL_EDGE|NEXT_BLOCK|P000|P005|END;DEL_EDGE|NEXT_BLOCK|P005|P007|END;ADD_EDGE|NEXT_BLOCK|P000|P007|END;ADD_EDGE|NEXT_BLOCK|P007|P005|END
doc_fb1bf0508aa3a7446510,DEL_EDGE|CONTAINS|P000|L000|END;DEL_EDGE|CONTAINS|P001|L003|END;DEL_EDGE|NEXT_BLOCK|P000|P001|END;DEL_EDGE|NEXT_LINE|L000|L004|END;DEL_EDGE|NEXT_LINE|L001|L000|END;ADD_EDGE|CONTAINS|P000|L003|END;ADD_EDGE|CONTAINS|P001|L000|END;ADD_EDGE|NEXT_BLOCK|P001|P000|END;ADD_EDGE|NEXT_LINE|L001|L003|END;ADD_EDGE|NEXT_LINE|L003|L004|END
doc_fb508677c861ee7382ba,DEL_EDGE|NEXT_LINE|L002|L012|END;DEL_EDGE|NEXT_LINE|L004|L003|END;DEL_EDGE|NEXT_LINE|L012|L004|END;ADD_EDGE|NEXT_LINE|L002|L004|END;ADD_EDGE|NEXT_LINE|L004|L012|END;ADD_EDGE|NEXT_LINE|L012|L003|END
doc_fb5a2f1ddbc180d47e1f,DEL_EDGE|CONTAINS|P001|L003|END;DEL_EDGE|CONTAINS|P002|L004|END;DEL_EDGE|NEXT_LINE|L007|L004|END;DEL_EDGE|NEXT_LINE|L011|L003|END;ADD_EDGE|CONTAINS|P001|L004|END;ADD_EDGE|CONTAINS|P002|L003|END;ADD_EDGE|NEXT_LINE|L007|L003|END;ADD_EDGE|NEXT_LINE|L011|L004|END
doc_fb6fa7afadf7328aa74f,DEL_EDGE|NEXT_BLOCK|P000|P006|END;DEL_EDGE|NEXT_BLOCK|P002|P000|END;DEL_EDGE|NEXT_BLOCK|P004|P002|END;ADD_EDGE|NEXT_BLOCK|P000|P002|END;ADD_EDGE|NEXT_BLOCK|P002|P006|END;ADD_EDGE|NEXT_BLOCK|P004|P000|END
doc_fb855bec43df199f3bc3,DEL_EDGE|NEXT_BLOCK|P000|P002|END;DEL_EDGE|NEXT_BLOCK|P001|P000|END;ADD_EDGE|NEXT_BLOCK|P001|P002|END;ADD_EDGE|NEXT_BLOCK|P002|P000|END
doc_fc7e22b7772c0cbde8db,DEL_EDGE|CONTAINS|P002|L011|END;DEL_EDGE|CONTAINS|P005|L009|END;ADD_EDGE|CONTAINS|P002|L009|END;ADD_EDGE|CONTAINS|P005|L011|END
doc_fce2b0f4837d3b133eb0,DEL_EDGE|NEXT_BLOCK|P000|P001|END;ADD_EDGE|NEXT_BLOCK|P001|P000|END
doc_fda6c5097c0ead0b394a,DEL_EDGE|CONTAINS|P001|L000|END;DEL_EDGE|CONTAINS|P006|L006|END;DEL_EDGE|NEXT_LINE|L017|L006|END;ADD_EDGE|CONTAINS|P001|L006|END;ADD_EDGE|CONTAINS|P006|L000|END;ADD_EDGE|NEXT_LINE|L017|L000|END
doc_fdc2d8b83a3bcf3e09ad,DEL_EDGE|CONTAINS|P002|L003|END;DEL_EDGE|CONTAINS|P003|L002|END;DEL_EDGE|NEXT_LINE|L005|L003|END;DEL_EDGE|NEXT_LINE|L009|L002|END;ADD_EDGE|CONTAINS|P002|L002|END;ADD_EDGE|CONTAINS|P003|L003|END;ADD_EDGE|NEXT_LINE|L005|L002|END;ADD_EDGE|NEXT_LINE|L009|L003|END
doc_fe7b2c7d6c1e43e149fe,DEL_EDGE|NEXT_BLOCK|P003|P007|END;DEL_EDGE|NEXT_BLOCK|P005|P006|END;DEL_EDGE|NEXT_BLOCK|P006|P003|END;ADD_EDGE|NEXT_BLOCK|P003|P006|END;ADD_EDGE|NEXT_BLOCK|P005|P003|END;ADD_EDGE|NEXT_BLOCK|P006|P007|END
doc_fef33445995f4fade782,DEL_EDGE|NEXT_BLOCK|P001|P000|END;ADD_EDGE|NEXT_BLOCK|P000|P001|END
doc_ff0226771bd117380ec0,DEL_EDGE|NEXT_BLOCK|P001|P000|END;ADD_EDGE|NEXT_BLOCK|P000|P001|END
doc_ff5769c546c3a585b5de,DEL_EDGE|CONTAINS|P000|L006|END;DEL_EDGE|CONTAINS|P004|L016|END;DEL_EDGE|NEXT_LINE|L001|L016|END;DEL_EDGE|NEXT_LINE|L006|L000|END;DEL_EDGE|NEXT_LINE|L020|L006|END;ADD_EDGE|CONTAINS|P000|L016|END;ADD_EDGE|CONTAINS|P004|L006|END;ADD_EDGE|NEXT_LINE|L001|L006|END;ADD_EDGE|NEXT_LINE|L016|L000|END;ADD_EDGE|NEXT_LINE|L020|L016|END
doc_ff8d7d100959b6ef55e0,DEL_EDGE|NEXT_LINE|L004|L005|END;DEL_EDGE|NEXT_LINE|L007|L004|END;ADD_EDGE|NEXT_LINE|L004|L007|END;ADD_EDGE|NEXT_LINE|L007|L005|END
doc_ff98f09ca86158b56b32,DEL_EDGE|CONTAINS|P002|L005|END;DEL_EDGE|CONTAINS|P003|L001|END;DEL_EDGE|NEXT_LINE|L000|L001|END;DEL_EDGE|NEXT_LINE|L005|L004|END;ADD_EDGE|CONTAINS|P002|L001|END;ADD_EDGE|CONTAINS|P003|L005|END;ADD_EDGE|NEXT_LINE|L000|L005|END;ADD_EDGE|NEXT_LINE|L001|L004|END
