id,target_repair_windows
0021586c38db,1010010100100110
00363157b323,1000000010000000
003ce01b2fbb,1000100001001000
00491c5cb6f1,1010101000011000
004bfb835e75,1000100001011010
0052014cfb1a,1000000010100000
0064f0a77e01,1000000000000000
0084e1f230b0,1000000000000000
00954ac2f633,1010100011000100
00c59e3fec00,1000110010100110
00cea4ce7f43,1010100000100100
00dbe2d3fe8a,1010101010110110
00fd38c94374,1100000000100000
0103dce79271,1100110010111010
011dba141f0a,1000000010001000
012a8ee3ba57,1110010011101110
01317b1fb2c5,1000000000000000
014000faeda3,1011101001101011
01454ccdcb61,0000010000000000
0146db1de6ae,1100000000001000
0155d08130de,1000001000000000
01651691c306,1000000000000000
01951b53e5d0,0000101010100010
019e2facbaf1,1010000000000100
01b6ffc09320,1000001000000010
01ba4da44385,1010000010010000
01d032c4c295,1000000000000000
01e60bdec45f,1000000010001000
01fe3ff38c53,1000000000000000
02089ef94c53,1010101010101000
020bb02c1a1d,1000000000001000
024380807e0d,1000000000000000
0244faefe42c,1000000000000000
026da0627c54,1010100001010010
028bfba04d7f,1000000000001010
0294b4b48a9b,1000000000000000
02a17abcdf5f,1000100010101000
02c8de957681,1000010001011010
02d4fc541d3d,0101010001011100
02e6c73515e0,1001000000000000
03189edb6285,1000000010000000
034534395902,1000000000000000
034b626cb575,1000000010100000
0353addb420d,1010110010101010
035b489b74a8,1010100100101100
038064c26c4c,0100101000101010
0396b230823e,1100000000010000
03a31d573db7,1000000010101000
03add8aa9d56,1000000010001000
03b1e693ea1c,1000100010011000
03b9a9ddf1f9,1100101010101000
03c72ce93f4a,1000100101010100
03e88b233073,1000000010000100
03ecebf22353,1000000001001000
03ed54c11222,0100101011101100
03fc6cdf1b3e,1000000000001000
04077a5c83a3,1000000010100000
0409e987d443,1010111001101010
0411adc1e71f,0100110101011010
041541ebfcf8,1000000000000000
043edaeb1c10,1000000010001000
0449167345d4,1000000010010000
046ed593a807,1000000000101000
047cefa06853,1000000000000000
0485b066ffe4,1100110100101010
0488a69ff9be,1000000000000000
04940d4e0225,1000000010101010
04af9dc46889,1000000100010010
04b13877ea19,1000000000100110
04c1a3feec80,1000000010001000
04d1c4356124,1100100001010000
04dc5c3dc27e,1000000000100000
0505eb3ef171,1000000000000000
051319f5c25e,1010000010010110
05134c972e03,1010000101011010
0516d8639ef8,1000000000000000
0521f687b7e8,1000001010001000
0523e926d03d,1010100101011010
052a5d85c128,1000010010100000
053b7de431aa,1000000000100000
056194691d09,0110101010011000
05816f7d338a,0101000100001011
059ae42ce4e3,1110100100000010
05a1c319ad8c,1000000000001000
05e9a14e7746,1010100001001100
05fbd404db04,1000000000101000
06280fb0319a,1000000000000000
0628fbed7149,1101001010011010
06436cb0da62,1011110100110010
0659d0e4faeb,0110010001010010
066c9b69e152,1100101010001000
06b2ca62f5ce,0000000000111000
06b6250cafca,1000100011001000
06d0fba0a466,1000010000000000
06d6ce43fa15,1000000000000000
06dcffb8d714,1000000000000000
071431d1f0bd,1010101110100110
071e2133f93e,1000101010101000
074079a57ef9,1000110010011000
076e2e72daf4,1110101100101010
079a39db0817,1000000000000000
07a0c1a8a8dd,1000100000000000
07b9d5e3cd59,1000000000010101
07d1016bb0de,1000000000100100
07f39921ca0f,1000000000000000
0804656b495e,1000000000000000
080aa5afb66d,0000011000100001
0812fabfcc1e,1000000000000000
0813ada772fa,1000000000001000
08145bb07895,1100000000001000
081ff1c70f70,1000000000000000
08279f1355a5,0100100010010010
0828fab6cf77,0100001001001010
08341617c115,1000000000001000
084956932936,0100110010101010
0868c0a087e3,0100100101001010
08709baf88c5,1000000010000000
0887a12b7511,1110110010101010
088e7499b998,1000101000001000
0894211bc896,1100000100001100
08957e68ceeb,1000000000101000
089db21d6418,1000100001010000
08a28d052e5c,1000000000000000
08ac5bac5c34,1000000000000000
08aeadb16ccf,1100100010001000
08cef052cc6f,1000000000001000
08e08e863eb3,1001110100101011
08fcca6ebe7f,1001001001101100
091ab94a360d,1000000010001000
091be782b41e,1000011001010010
093aaf4e3805,1100110010101100
094badbb4901,1000101010001000
096b66848077,1100110110010110
0987fd7ea9b4,1001000010010010
09888b211e64,1000100000000000
099f731ea188,1000000010001010
09cdeb4e37de,1000001001001000
09e7f7f3d409,1010000000000000
09fdd0b98d7e,0000010000001010
0a2dd8f05e2c,1000000000010010
0a337d07f36d,1000000010000000
0a3907ea63fe,1000100010010010
0a4218d0d6c9,1000000010100000
0a5277f572f6,1000100101000010
0a53b5f6d557,0000000000011010
0a6fca3c0ee6,1000000000100000
0a85d8e545ef,1000001010101000
0a87f9b71407,1010000100001011
0a8a8b51109c,1000000010100000
0a8b8ce7adaa,1000000000001000
0a989b34ce89,0010010010100010
0a9fee229b75,1010010010100010
0aaf0eda2ea3,0000101010000110
0adc81b53275,1000100010011100
0aef8e3a3259,0100000001001000
0af1212fdf1f,1000001000010010
0af72ff90ea0,0000000010000000
0b47c9e7da25,1010111010100000
0b4cd04295ef,1011011010101010
0b57b01350c2,1000000010000000
0b60a5d427dd,1000000010000000
0bb0c4cf7fda,1000000010000000
0beb06a9acc3,1000000000000001
0bebc0810df9,1001000011011011
0bed75322ebf,0100101010011001
0bf34d6c09b3,1000000010000000
0c1ac151704a,1010100101011010
0c2f1ed0e797,0100100110011100
0c5b01bc3dd9,1000100101011010
0c61a163b0a7,1000101010000000
0c69353e54e5,0101100010101010
0c6f08eb4f6e,1000000011011000
0c7dd4f789fc,1000000000100000
0c8f1931ef14,1000001010100000
0c93f5085a3a,1000000010000000
0c99dc639f3f,1000000000010010
0c9c8a826092,1000000000000000
0ca4cd6162ba,1000000010000000
0caff851c163,1100110010011010
0cbba4d2acbf,1000000010001000
0ccdb0b2ac56,1001000000101010
0cd0e2ab3f64,1000000000001000
0cd41ab5beab,1000000010000000
0ceb57c6bb86,1000100010001000
0cfa0a8d203d,1000000010100100
0cfa341b3278,1000000010000000
0d1a80157243,1000000010000000
0d204dc81f86,1001100000011010
0d28167e330f,1000000010001000
0d5df93f5613,1100000010001000
0d9020fcabf3,1110000110111110
0d9e97670c92,0100010001011010
0dadb269237e,1010010010001000
0dc0b77ac401,0101000100011100
0dc8926cc237,0100010001001010
0dec019cb856,0000000010011000
0e03af5ec674,1000000010000000
0e0753a6c833,1000100000000010
0e148a9eda9a,1010101010011010
0e3068364f86,1000000010000000
0e3b1a9635dd,1000000010101000
0e56eb973c65,0100110010011100
0e708522884f,1000000010101000
0e924420918e,1010000010001000
0ea316433aeb,1000100010101000
0ebb5d69330c,1000000000000000
0ee47c6ed840,1000000000000000
0f046baa02de,1000010010000000
0f0a2d3fefc9,1000000000000000
0f0d80ac280a,1000000010010000
0f1191f65a5b,1000000000000000
0f1ce5154a9c,1000100010101000
0f1d9c6b2570,1000000000100100
0f2abc300219,1000100000101000
0f2e6e872ccc,1100000010100000
0f5453415339,1000000010000010
0f57a1aee73e,0110101010110100
0f72c69d33f7,1000000010001010
0f9a7ccb4f23,0100000001010110
0f9f2aec0d5d,1000100010000000
0fa2f1b4466d,0100001000101010
0fab802cea1a,1000100010010100
0fc85818fc17,1100100111101000
0fc9c47da73c,1000000010000000
0fd33b6008ef,1000000010101000
0feb8377742c,1000000010010000
100e8c8b779f,1100110010101010
1017d4be37dd,1000000000000000
103a7005b303,1100010010100110
104b814a9d52,1100000010010000
10700b7da515,0110001111001010
10aec5cb414b,1110110011101010
11021e463698,1000000000000000
1108a74236e4,1100000000000000
110cc721c335,1100101010100100
11141843a91c,1000000010010000
111b08fdc677,1000000000000000
112746b403f3,1000101010101010
1134253cc6bd,1100000000000000
11399d4d9d77,0100101010010010
1141e5dce0bc,1110110010111010
1150553fbfda,0110110010100110
11513a1d9b57,1000000000000000
1157ccae1f89,1000000000000000
11674add509e,1000100010010000
11c572d73a45,1000101010001000
11d179fd0a2e,1000000000000000
11dadfa3baf5,1000000000000000
11de9a20eaa1,1000000000000000
11e560b9b1e7,0000000000000110
11eff3e70847,1000000000000000
11f89d327422,1000000000000000
11f99e65c87b,0100010110110110
1218a2869fcc,1000000000000000
12199c282c9f,0100100010000000
123bdb533fd1,0010000010110010
1240139da93e,1100100010101000
12473f6bd61d,1000000010100000
124767d3bbc6,1000000010101000
12481f3f996e,1000010000000000
126496614e13,1000000000000000
1293fce20709,0010011010001010
129b7ff94a27,1000100010001010
12a34de29bca,1000000000000000
12aeb3bbc6bf,1000000000000000
12b51f1ee3aa,1000000000101000
12b7612f2502,1000100100100010
12cef0192490,1000000000000000
1312bb952f3f,0100010010110010
1321434c021a,1010010110011010
1323e1a400b1,1000110010010100
13244c75ba7a,1010000010010010
132fc32e9be2,1010101001010100
134681f57bc0,1100100010011010
134698b97dc1,0100100010010010
1360227d8904,1000000010001000
13cd7b24cf82,1000000000000000
13d62bccfe27,1110011010010010
13dccc5249c7,1000100010010110
13e1d5821495,1100100000000000
13e22602b109,1000001010001000
13fa7ec3377f,0010000011010100
140b4cc08716,1000000010000000
1410fed35c75,1000000000000000
14133d0d1ed8,1100110010101001
14269128507a,1000100010001010
142e0b6f1def,1001001011010100
14376da55921,1000101000101000
14420df4a7cd,1000000000000000
144614a9adf0,0110011011010010
144b3ef27c7c,1000000000000000
144c5d15cb0d,1000000000010000
1454181b506e,1000000010100000
1471cb9b6176,1000000000011000
147dd90a8759,0010001001010000
1483fae65657,1000000010001000
14aa93680d06,1000000010000000
14c0ce00cc40,1000000010001010
14c8c286ead9,1000000000000000
14d931ea1682,1100010010100100
14e776b59ae2,1000001010010000
14f09e2a1742,1000000000000110
1511ef514139,0100100010001010
151a83ad7715,1000000000000000
151c27f514a5,1000111101101110
1529fcf05702,1000000000000000
15306437f935,1100010001001000
155de234428f,1000000010101000
15754b30c638,1000000000000000
1583b869b09f,1000000000000000
15933b829966,1000100010100000
1595a41f4eae,1100100010001000
15aa40570e73,1000000010001000
15af98710c07,0100001000110010
15b6fcb3dfd5,1000000010011010
15b720c139cc,1000000000001000
15c79a510594,1000000000000000
15c80e855b9e,1000000000000000
15fce998c311,1000000010101000
15fe0b0c0b9d,1000000010101000
160bc0b0c702,1000101010011000
16171de78ada,1010001010010110
1618d138dfcd,1000100010101010
162338c9c9ab,1000010010001000
16326c5de766,1000000000000000
165ca1528a7a,1000000000100100
16669014a8cf,1000000000000000
167708d24426,1000000000000000
16c38e5e041b,1000000010000000
16e707351f12,1000001000000000
16f01abde9a1,0100100000001000
16ff3517f6e9,1010110010101000
170c11b5fe94,1100001010101000
1716223fb086,1100001010010010
173480ca2b86,0010100100100100
173820fa5705,1010000000101010
17696abcdeba,1100101010000000
1794c9b185eb,1010001101111010
1795272b8149,0110001000101000
17a880c81e41,1010100010010010
17bd23c3fcfe,1000010010001000
17e03165c8d3,1000000000000000
17e4b30d5d83,1000000000101000
18068c24b911,1100110011011010
1816ed7be930,1010010010010010
1818b6f9a24d,1000000000000000
1820ae827802,1000000000000000
1827727e5f4c,1000010010001000
1835f9dc337d,0100101010101010
1840b580589f,1000100010001000
1841758651ed,1000000000000000
1860164ead15,1000000010100000
187045eec3bd,1000101010100010
187a91b0f2ea,0100101000001010
189762e0016c,1000000000000000
189e7ea4299c,1000000010001000
18b97f356101,1010110110101110
18c209bbfc7b,1100100110011010
18c347c0df4d,1100001010101010
18cd08c74ea8,1000000000000000
18e2aff2c0e9,1000001010101000
18ff066be4d8,1000100010101000
191d0916e3d0,1000000000000000
192a948d3ecb,0100101010110010
193df0e60caf,1000000010101000
1942730651e2,1000100010101000
19447b2ce463,1000000000000000
1967801f750c,1000000000000000
1967966d3fba,1000000010000000
196cd5720673,1001000001000000
19a53002d1af,1100100010000100
19adbb354963,1000010000000000
19b0d4b5b58b,1000000010001000
19c40be29812,1000000010000000
19d8e443fbde,1000000010000000
19e75112e661,1000000000000000
19f967e004b5,1000000000000000
1a05112b12ae,1010101010011010
1a05f64aa185,1000000010000000
1a0d381cc509,1010001001001000
1a2e27eda5d1,1000000010100000
1a2fae828917,0110010001010010
1a302e25e82e,1000000000000000
1a3205e44fa3,1000000010000000
1a3e26893de5,1001010011101010
1a5a8896d88d,1000100010101000
1a6f56070e0c,1100001101101110
1a73e7ad516d,1000000010101000
1a78f26b5e09,1000100010100000
1a82af2820d2,1000100100101110
1a8f36d06a27,1000100001001010
1a964cbd9adc,1000100010001000
1a98fbac87d1,1000000010001010
1ab1d2dcec9b,1100101011110010
1ae80a0415e7,1000000010100000
1aea327d3e45,1000100010101000
1b222d8a877f,1000101000110010
1b26945a51e6,1100000000100000
1b2d6c3c9648,0100110001101010
1b5af0635636,1000000000101000
1b6296f6aad6,0110100010010010
1b787bb98ad2,1010110011010110
1b9510919cfe,1000000010100010
1badf7049c98,1000000000001010
1bb12808b677,1000101010101000
1bbcb7b64d9a,1000000001000000
1bbd48e50fdd,1010100110100110
1bc7c0de6043,1010001001001000
1bca9a946bd6,0100101010011000
1be8d3983775,0100100010011000
1c3559fbf8bd,1000000010100000
1c48998804f6,1000101010110100
1c4e82fd59c2,1000101001010000
1c69438f1fe5,0001000001001010
1c6ec213e2f4,1000100010001000
1c792d6217ce,1000010010100000
1c799bf883ec,1000001010101000
1ca495da82ee,1000101010101000
1cc01cf6ad16,1000000001001000
1cc80b4546ca,1000000010101000
1d47b78918f7,1010100001001010
1d4a9ad96b94,0100100110010010
1d63030a92be,1000110010101100
1dbbdc51e045,1011010101010010
1dbbeac64a31,1000000000000000
1dc70abf4b79,1000101010010010
1dd61fdd2321,1000000001000110
1deff5753b24,1001101011011010
1df45e10a50e,1010010111100010
1e239172d36d,1010110101010110
1e3229a53e75,1000000010001000
1e512a09a719,1000000010001000
1e642707909a,1000000000000000
1e6b7d18f4f1,1000000000000000
1e7c086dd982,0000000010100010
1e855650db45,0010001001001000
1e8eac05f98c,1000000010001000
1e9376cb57ba,1000000000101010
1e9794bb195b,0100100001010110
1eaebcdd6d1f,1010100000101010
1eb701b3d82a,1000000000000000
1ed34e3034bf,0100101001010110
1ef218b3ffb6,1000000000000000
1efc0553eccb,0100110101010110
1efd3f6d0c63,1000100001001010
1f4ca1e917c1,1000010001000100
1f60f79a9d3c,1000000010000000
1f654ed13dd6,1100000001000000
1f71e35c732e,1000001010101010
1f79ea395f97,1000000000000000
1f79f63274c8,1001000001100100
1f7f16e598c2,1000000000000100
1f83d8df0b22,1000111011100100
1f9d496380d6,1000100010001000
1f9e4ae46337,1000010010001010
1fa33ae57c00,0100101010001000
1fb84c988bad,1000000000101000
1fc622173b0b,0100100100110110
1fdb813426d0,1000000010000000
1fde33e7fd13,1010100010000000
1fe31eff63b6,1000000000001000
2003cd723007,1001000011010110
201b7d9e2eca,1001010101010010
2026fe062480,1000101000001000
2032b85c6792,1000000000001010
20373d31920b,1000100010001000
205594907bbb,1001110011011110
2068fdac75ef,0100110101110110
206f6bf2cfb6,1000000000000000
2078897fb4a8,1000000000000000
207dd4fbe039,1000000010000000
20bd60202431,1000100010101000
20be5d90e69f,1000000010100000
20c85db3339d,1000100010100000
20f224535021,1010000100010010
20f29f9bd69d,1000100100100100
20f979de83e8,1010101010001000
2102ba3abd04,1000100010100000
210fcc0f837b,0100100010110010
21205e9492b4,1100010010011000
2140f8014e54,0000000010101000
2143cb867d6f,1000000010001000
21505760ed31,1100000000001000
216b7519bb13,1000000010100000
2192ee95ba57,1000001010010000
21c48546da78,1000000010000000
21fb855c5f97,0010010010010010
21fdd7614d46,1010100010001010
22040025dcc6,1000000010100000
2214ef23d6d0,1000000010100000
221a378dafb4,1000100000000000
2238835845fd,1000000010000000
223a39d50f06,1000001010000100
225df593d714,1000010001010000
225f3d992c98,1000000010010100
2262bc2ed2ad,1000000000100000
226f4972f81d,1010010010001100
2279dc0d645b,0000000000010101
229481c9423c,1100100011001000
229635cb09b3,0110100000000000
229d6bffaf82,1010101011101010
22b4a04378c4,1000000000000000
22c494ae6e5a,1000000000000000
22cce226e634,0110000000001000
22d65b20aff9,1010010010010110
22e8691e8f11,1100010010110100
22eb6d049f30,1010101010101000
22f8502f6a75,1000010000000010
22f93d5bd38b,1000000010000000
2317c1eb4a39,1000100001010100
2322e1e91cb5,1000000000000000
2324b448ba63,1000010010101000
2345a0609f54,1000000010000000
23597108d47e,1110010010100010
2370a45a1f72,1010001000010010
237fd802d6dc,0110100010110010
238b16c6f19e,1000000000000000
238c76daebcb,1001100101010010
2390dc5e11eb,1010101010101000
239f234519ec,1010100010101000
23a537a60b0f,0100110001010000
23c0a7bb0c66,1000000000000000
23c0b8e8099f,1001101010001000
23db1debc673,1001111001011010
2416a4bf6eb1,0110100010010010
243b24e41ffc,1100001000100110
24446bf669a5,1000000010000000
246734935f51,1000001010000100
246db81603d7,1000000000000000
246e02146217,1000000010000000
2471e668e46b,1010100010011000
247c3a542b2e,0110100100101010
248470ddb7db,1000110111010110
248ade27419d,0101001011001101
248c3b723b1a,1010101010010110
249bfd045a3a,1100011010011010
24a902c612f6,1000000000001000
24bb3e67cd65,1010101010011000
24c15d90cbfc,1000000000000000
24c81fe46f75,1000000000000000
24c99cf3369b,1000000010001000
24cfd58b5115,1001010010011100
24e1f724e207,1100100110101010
24fe6214bcbf,1000000000000000
251325e2dfdd,0100101010011000
25168d64528f,1101000101101100
2523804f2536,1100110010010110
252a95e20721,1000100010001000
25615344dcfc,1000100010001000
256dd8f2a470,0100001010000010
257f60400948,1000010001010010
25a67e707f31,0100100100010010
25b964f98ee0,1010100010011010
25bc9e486873,1000000000101000
25bd4965cc96,1000100100110010
25db60dd9e35,1000100001110000
25e5c9afaa2a,1000000001000110
25ef2b673e61,1000000010001000
25f6ff9d0b45,1010000000001000
2604f95e5ef1,1000100010000000
260d8e44907d,1000100010000000
260f7da811c9,1110101010010010
26185e035f14,1111111000001000
263bf6631b39,1000000000000000
2648b1942e49,0000000000101000
26501e5db70c,1010010010101010
2661727e5149,0100100010010010
26639b469dc9,1000010010000100
2667140b878f,1010010010101000
2671d260dcc9,0110100010000100
2672ea3ff324,1000000000001000
268f52dd3240,1000000000101000
26918edf33bb,1000000010000000
26cf47a26aa7,1000001001010100
26e1bb75c453,1110100010001011
271cd24dcb11,1000000000000000
27259cea7535,0001001010000001
2745811da346,1000000010100000
2750c076beb5,1000100010001000
27662eedb2b8,1000100010001000
276725cbbe44,1000000000000000
276d8cef772b,1000000010000000
27715b598db8,1000100010101010
2778dcaa9149,1000000010000000
277d57c8d9c4,1010001010001000
278bd91319f4,1000000000000000
2793f670205a,1000000010010110
27bd64d5b77f,1000000000100010
27c76ac83b58,1100110001101010
27d89adddca7,1010100101001000
27e5ec4041d8,1100000000000001
27eff79fe2f8,1000000010000000
27f0de62e14f,1000011000101010
28101b94aea1,1000100000000001
282a49fb5f2c,1000000010001000
282c8d8caabb,1000001010101000
28384482c5a7,0100000000100100
284420e73ddb,1000000010100100
2856fa9bcd4c,1000000000001000
2857386a2f6c,0100000000000000
2867959f05c5,1100000110011110
288836c2086e,1010100000001000
2898df082179,0100100110111110
28af2d9a1fc3,1000101000010010
28afb0a2bd5c,1000000010001000
28c56749b5bc,1100001010010000
28c57b2b2f1e,1000000010000000
28ca3d7232f2,1000010010101000
28d020359ed0,1100000010001000
29043100de56,1000100010001000
29142dc94250,1100001010001000
291f26574300,1001101010011000
29255cdf96e7,1010100010101010
293afd865b22,1000000010000000
293cc9549f53,0011010010011010
2953ee765f9b,1000000000000000
295a06878c6a,1000000010010100
2976b73289c8,0100101010001010
297d5ed33940,1000000010101000
297ed611dd65,1000001001100100
2986cc304ee2,1010111010000010
29b35bf68119,1000100000001000
29ba7371429d,1000000010010000
29bc6903604e,1000100101010010
29c8fd9f92d4,1000011010001000
29dfb8357478,1001010010000100
29ea3425a9bb,1000001010000000
29f7f625ad85,1101001010010010
2a403560c36a,1000000000000000
2a5af2d5d6ce,1000010010100000
2a5c5dbe6a68,1000101010101000
2a840d3e592b,1000000000000000
2a9751448ca1,1000000000000000
2aa310bcfb4b,1010100001010010
2aea51d5e2e7,1000100100101110
2b0c75271325,1000100010010000
2b1aa78dc029,1000001000000000
2b3cae5e3322,1000000000000000
2b550dadfe22,1000000000000000
2b724ea99f69,1000000000000000
2b7909937828,1000000000000000
2bac56318bcb,0100010010010010
2bc285637e58,1000000000000000
2bca5b9f1a18,1010101010101010
2bf001041b56,0010100010100010
2c0214d8c844,1000000000000000
2c19e73b7b65,1100001010001000
2c51f8e573f6,1010000010001000
2c6e354939df,1000100010101000
2c7b4795ab45,0000101001010110
2c852decd6a5,1000001010101000
2cc38eefbbcd,1000000000000000
2cd3073273bc,1000000000000000
2ce772558e7e,1000000010001000
2ceaf0992cfc,1000000000000000
2cfc808a58bd,1010110011011000
2cffdbde1dac,1000001010001000
2d0d4adacbe2,1000010010001000
2d1a9a527469,1000000010001110
2d1eb76ff8db,1000100001001010
2d22131bb2bd,1110100111000010
2d28453e41ca,1000011001010010
2d3dc8ad5556,1000101010101000
2d3e35ca8e8b,0000001010110000
2d4e3329cb9b,1100000000000000
2d88dfa8e425,1000000010000000
2d8a444d2bd0,1000000000000000
2d9ceea42a52,0100101010001000
2db2acec3a38,1000100000010100
2db941c4d7f1,1000000010000000
2dba325bb11f,0000101010001000
2dc299b8108d,1000000010000000
2dc5de843078,1000000000000000
2dd48cd5ea37,1000000000000000
2deffb302599,0110010101010010
2df0833b4914,1010100111010110
2e0e9d8114e3,1010100100011010
2e0f1ca39e7c,1000100010101000
2e16e88b68c1,1010010010010000
2e251b1b2b0c,0000000010000000
2e31599a2176,1011110110100110
2e39ebdc3bf8,1000100011001010
2e58901da3da,1000000010001000
2e9a7fd9eda7,0010100010001100
2eb8f08766fd,1000000000000010
2edc44e1540d,0110010101010010
2ef2f80a84e2,1000000010001000
2f05929583a3,1000000010000000
2f0adeb24c2b,1000000010000000
2f0c8fe2fc4e,1000100000100000
2f3a2d2c5476,0110101000101010
2f3c065243f0,1000010010100000
2f448009d20c,1000000010100100
2f4760e14575,1100101011001010
2f4dacf672e6,0000001001011100
2f6ffac02bbc,1000000010001000
2f741ad526d8,1100011011011010
2f7b02e34a68,1000000000001000
2f7ec2fc5dc8,1000000010000000
2f84e79be9e8,1000000010001000
2f98100d8791,1000101001010000
2fa09263d0e2,1000001000001000
2fb3f9b8cc09,0100101010001010
2fbcadf34766,1000000000000000
2fc2e94675f8,1000000000000000
2fc50620b45e,1000100010001000
2fdae5818434,1000000000000000
2fe753c6bbbd,0010001000001010
2ff442ecdee0,1100010000000010
300ddd8e9546,1000000000000000
301a199bf539,1100100010101010
302c09980c29,1000000000001010
3037a21baf2d,1010010001001010
305c0b5fe238,1000000010000000
306e604e0b41,1000000000100000
3077baa9e02c,1100000010000000
3083f61eaaec,0100110100101010
30a7e0fbfdaa,1000000000000000
30a838e5af15,1100110010101010
30a9e0d24448,1100110101001010
30d814359160,1000000000001000
30d95e7d3db3,1010101101011010
30da2f9f6b92,0100010010001010
30e433e47c4a,1010100000001010
30f84496ad69,1000101001011010
310d74e374ec,0100100010011100
312468804a4c,0000000000101000
31263424ec45,1000101000100000
3128a71151e1,0010010010100000
314bcbd9af58,0000101000001000
31555f6fdecd,1101101101011010
315baaff9ca2,1010110110010010
318d41fd481b,1000000000000000
3193f7936b80,1100101001001010
319e632248fb,1000000010101000
31d35ccaf2b6,1010100110011010
31d999b8f3ce,1000000001011010
31e9c5fc95b3,0100001010101010
31f1d53437f7,1010001010001000
32081853d33e,1000100010101000
3215c9ba3f5d,1000000010000000
323e638fcc58,1000101010011010
325b320c3c67,0010000010011010
3282c45c4fcd,0100010010010010
3299ce240f23,1100101101010100
32bb1028059e,1000000010101000
32cc95b15c1e,1010010000101010
32d781958ec0,1000000000000000
32f486694e41,0100010000100110
32f5bbc09cc4,1000000010000000
3301d1b045e1,1000101010001000
3302151623cd,1010101010011000
3323e57115fb,0100110001000010
3343d1a77fc7,1000000010100010
338ad520c536,1110111011011000
338c9246e9bf,1100100001101010
33ad6bea0a36,1000001010010100
33b5e7c31063,0010010010100110
33c698efe9bd,1000011010011000
33ca11643eff,1000000010000000
33ea61792658,1000000000000000
33f4a467337f,1000000010000000
33f9d0d22914,1100010001100100
3422800f1531,1000000010000000
342d62bb1792,0100010010010010
343a691ef264,1010000001001010
34459a48065e,1000000000000000
344befdd7f00,1000000010101000
347a0a243bf7,1010000000001000
34a58888ffe7,1000000000000000
34bfb2d41744,0110101001010110
34c6405637a4,1000000000000000
34dcc39dfd44,1000000010001100
34f368118eac,1001000010010000
34fbd6b77ed1,1000000010101000
350647791826,1000000010100011
350d49b9a588,1000000010100000
35172aeb2143,1000000000000000
3519609d29bc,1010100000010010
351a140044da,1000000000000000
3523617ab3f0,1000000010001000
35438fc80439,1000100010010010
355f845ed938,1000100101001010
35659c3291c4,0010010010101000
3572ffc9a683,1000000000001000
3586385d870f,1000001010001100
359e41ba697b,1000000000000000
35a0b45ecf5a,0101001010000100
35bc961ddc86,1000000010001000
35de67acd84d,1100000010011000
35e761521326,1000000010000000
35fe5816fd03,1100110010011010
3629a104bbbc,1101101001101000
3638492d2eee,1010000010001010
364d5a785ea0,1000001010100000
3655f74484e5,1010010010001100
365f2536c5c5,1000000010100000
36702b3d043e,0000111111101110
36a76bbe6a62,1000010010001000
36abc5bc1ae3,1000100010001000
36bd41811d4f,1000000010100010
36e4d3ed8a5e,0100110010011010
36fe70b89b53,1010100000011010
3712bbe5b737,0100110101011100
37168093b2c1,1000000000000000
371976632cb0,0101010100101010
3738323f8433,0100110110101110
377bab048ac1,1000000010010000
377ed563f830,1000000000000000
37834253cee1,1000000000000000
379972f01587,0100010001010010
37b752081325,0110101010010110
37b8532fedc2,1000000010100000
37bac012c3c9,1000100000011010
37cfe2360d2e,1111010101001110
37d8776d1642,1000001000001010
37fef0ec3ca8,1000000010100000
38317e21d4cd,1000000000000000
383918c6aaea,1000000010101000
3844bf40414f,0110101010011010
3847fe3fc1fb,1000000010001000
385a44db087a,1100100011101010
388443ae74b5,1000001010000010
3889e1a8ee9d,1001100011100110
388ec1169ed0,1000000000000000
389ed085ff54,1000000010101010
38a3db568693,1110000000000001
38a7ae0c46cc,1000000000000000
38bb41e04b70,0110100010101010
38bd1e5a8605,1100110010101100
38f23e5ad77d,1000000010000000
38fcf2543595,0101110111110100
3915587d9835,1000000000000000
392c5603fd3c,1000001000001000
392ff13c0d50,0100101001100110
3949766bc255,1000001010001000
3960f50dafbb,0100100110011010
39695359f3d9,1100101010010010
398bcd130345,1000000000000000
399309885742,1000000010000000
399ce3a04c3a,0100010010010010
39a3fa9475e3,1000101010010100
39bf4ab3f88c,1000100010001010
39c416cb9f75,1000001010101100
3a0a788a1abc,1000000000000000
3a1674892d0b,1000000000000000
3a1a04466d03,1100000010100000
3a2ee3482855,0100000010001010
3a49326ec86e,1000100000000000
3a4fb9672df0,1000000010100000
3a6a0c6779d5,1011000000101010
3aa335f74aba,0100100010001000
3ac092dcc7f9,1000000000000000
3ac724d3563a,1000000010001000
3aca1ffd4483,1000100100000100
3ad0bdab88a3,1000100010010010
3ad539cfbccb,1000000000001010
3ad9132ff967,0010001001001010
3afbcab1b023,0000100001101000
3afd2ba41466,1100101010010100
3b0ad0476de6,1010001000010100
3b0d1c4b6463,1000101010010010
3b0fb2bb3677,1000000000000000
3b2f84aec055,0000000010011010
3b412797bc46,1010010101011000
3b56c56eefdb,1000000000000010
3b6806370787,1000000010100000
3bb5eac610e2,1000000010101000
3bbc1763a585,1000000010101000
3bcba4c2f17c,0100100011010010
3bcbd5c7f78d,1100000010101000
3bce688ad088,1000000000000000
3bf65c851cdb,1000000010000000
3c10299ffb72,1000000000000000
3c1c7c9ad020,1000110010000000
3c34a614f495,0100100010101010
3c39a6fe163b,0101000101110010
3c3f3e2b7b1b,1000000010001000
3c4a79c7ddcd,1000000000000000
3c5168c5f628,1000000000001000
3c51cd23d6b7,1010110000100110
3c6f5d4d0465,1000101000110010
3cac352cd23a,1000000010001000
3cbe0cb3926e,1001101010010010
3cc081ba4620,1010000000000000
3ccdd046d8ff,0101010001110100
3cfbe2333dc3,1000000000000000
3d1a3b59c2b5,0100101010100110
3d2e9485338e,1000000010001000
3d36610ee4bc,1000000000101000
3d61e974248c,1000000000001000
3d7ac027493b,1000000000000000
3d7ae62a2e3a,0000110110001101
3d7c33fab72e,1000000000000000
3dc4082bc579,1011111110001010
3dd4ea0e1951,1000010000101000
3dee17fcd1a5,1100001001010000
3df29dc46adb,1000000010001000
3df45f72439a,0010101010010010
3e084638b49d,1000110110110110
3e13a5b6378f,1000010100100100
3e1c8dcbbf79,1000000000000000
3e2a4e286a01,1000000010000000
3e33f2f58786,1000000000001010
3e34e002a468,1000101001001000
3e3afc628542,1000010010001000
3e499ea82d94,1000000010001000
3e527074d843,1000000000000000
3e533193a3d7,1000010010001000
3e59a09ca4cb,1000001000001000
3e8fe82fbf6f,1100001010010100
3ea4baf8fd7d,1010000010101000
3eb38c81d5ab,1000010000100000
3ebd7bbc8f43,1000100011101000
3ed29f8c752f,1000010001000000
3ed3852af09b,1011000000000000
3edcc4cbe004,1010001010001010
3ee545cc597f,1000100010000000
3ef1744add77,1010100010010010
3f1f76a1fc3b,1100101001001010
3f2220fa138f,1000100010000000
3f2ff25ae793,0000100101010100
3f316ccb62b3,1001000010010100
3f4a0fbe5cc9,0110101000101010
3f4f6ed6458f,1000000010100000
3f6103bb61bb,1000100010011010
3f74f4d5bfc1,1000000000000000
3f7c49b86d1a,1000000010001000
3f8015a4cbba,1000101010011010
3fb0f0aa12fd,1000000010001000
3fbddd3b73d6,1000000010000000
3fe5eba836cb,1000000000000000
3ff464ec7a18,1010011010111010
4013f778a537,1010000010000000
401aa918d13c,1000010000000000
402104f719b6,1000000010100010
40271db0a203,1000000010000000
4034233b2a38,1000000000000000
403481eac941,0100110010011010
403e91520e21,1000000010101000
404b3a7f558e,1100010000011000
40ab937e3aab,1000000000101010
40b4a9efe1e7,1000000001000100
40bb40959a83,1000110010000000
40da68c95347,1010000000110010
40dc4bd54a10,1000101010101000
40dd6855cdbf,1010000000000010
41268c691de7,1000000010000101
412a1bb5ca93,0010000010100001
414ed94d64e7,1010100101010011
41548f6aa3b8,1000010110110110
41591f1aee4b,1000001000000000
415a2a3a4b49,1000101010001100
41754e836dcc,1000000010000000
417e55adc9b1,1000100101001010
4194496c8a1c,0010110100101010
41abd50ae1a1,0000100001001100
41b0fedc18b9,0100100010101000
41d3d64e0f6c,1000000010000000
41d53dd41d13,1000000000000000
41d7861895e2,1010100010010100
41ff4c6e55a7,1000000000000000
4200ce83f4f3,1001000011010010
420cc6eb6db6,1000101010110010
420d38ed3e88,1000010010001000
4223a4eab4f7,0100000010001000
42268b853507,1000000000000000
422c4aa0f448,1010100001001000
42362bb28816,1010101010001000
4254a22119ae,1000000000000000
4255a6fa4e72,1000000001001000
42577ebe3b4f,1010010000100010
426ecb83454a,1000000000000000
427d28af3a7e,1010100000100100
428c404222a0,1000000000001010
42972497a2bb,0110011010011000
42a5ac884234,1000100001101000
42af100ac2d7,1000101011001000
42b7c7f0c0b7,1000000000000000
42bf88fbdd91,1000000000000000
43198bcc9b4f,1000100011010000
43224c622666,1000000000000000
432cce2fe5d7,1100100101011000
433091c5738a,1000000000100000
4336ce8f8a13,0110010101101010
433a88a5b2c9,1000000000000000
434ce6286466,1000000000000000
435b3067c2d4,0100100000100010
435be3e8efba,0110101010110010
436653669e40,1000100010001010
436e2b9820b6,1000001000010000
437730c380d5,1000000000000000
4378b8e68b21,1000010000101000
43790c5d22dc,0100101001001010
438db9afa725,1000000010011010
43916d0137c9,1000010010101000
43ad80a81c62,1000000010000000
43bee537a308,1000000010010000
43d5ab9f4313,1000000010000000
43fab881803d,1010110011001010
43fc2ac80821,1000000010000100
442d5b5b387e,1100100010100100
443d2104086f,1000000010000000
444a581181af,1000000000000000
445769616aeb,1000000000001000
44595b7b1f19,1000000010000000
445f55697ac0,1000000010000010
4466dff6b5b8,1010110010100100
447c7cd050b6,0100001001000110
4481db2f592b,1000101010010100
4484d08cf126,1000100010101000
44a1949eb7b9,1000000000000000
44a6cda97a87,0100000010010100
44d7778112c9,0101100100101010
44d79556eea0,1000010010001000
452b5e5f2abb,1000000000000000
453063649f32,1000000000000000
454dfc47235c,1010000000000010
455472990691,1010001010101000
458176f53d05,0100101001011010
45b27470c1db,1000001010001010
45ced3e3fca5,1000000000101000
45ddad0c9550,1000000000000000
45f33f10dc25,1000000000000000
46183aa18cb7,1000000010000000
462505ab923b,1100110110101010
46431ee5da93,0000110010001000
4658da78307c,1000000000000000
466ec8b6d24c,1000000000000000
467943d5fead,0010001000001010
467f9944cc7d,1010010010100010
468ebec0d013,1000001000000000
46bac83d4f70,0110111001011000
46d6081fad28,1010100010000100
46dcce4521c8,0100100010010100
46f5de6b8894,1000000010001000
46fae9fcdafa,1000010000100000
46fd7015f6de,1000100010100000
47080a170b02,1000000010001000
472ef070a72a,1010011000100000
4731ab7af2ca,1000000010001010
4749a26d6fd6,1000000010000000
475f67aa6dee,0100111010110110
4771328cef0f,1010000010010010
477d73eb5aac,1100100010111010
478440b0d3d4,1010100101100110
478969e22931,1100100000000000
478a1c2ffc88,1000000000000000
4811a0b96307,0110110001001110
481f0daf014a,0010010010011010
4828fa9b4cb6,1100000000000000
482bf9f2a8b5,1000000010011100
483183ebd186,1000000010000000
485d41a95982,1001011011010110
48707b0d6fd5,1000000000000000
487b0b0bb11c,1010100010101000
487c071f3f38,1010010010100110
487e1293ff7f,0110100100011010
48af2a659197,1000000000100100
48bbfc503100,1000000010011010
48bed8ab0894,1000000001001010
48c347e1caf4,0100010010010100
48c34ee0c394,1000001001000100
48dd7c862c1f,1000000010000000
48ee183fb925,1000000000000000
48fee7bf1ed2,1000000000000000
490286fd5abb,1100000000000000
4929f3c8bf6b,1000000000000000
4934e1604238,1000000010001000
494cf9edb4ee,1010010101011110
495cbd4d1221,1000000000000000
497344784715,1001000001001010
498666077b3a,0100100010101010
498af4d3c067,1000000000000000
49b1313bc6de,1000000010000000
49b4085f5154,1000100000001000
49cb1af7c5f1,1000000000000000
49dce11b4b65,1000000000000000
49e79ed161c7,1010000010001000
49ef1b5f8058,0100011010010010
49f2b39b573c,1000000000000000
4a1d49581f9d,1010001010011000
4a2eafdd52c7,1000000000000000
4a39b970d54d,0110010110010110
4a3a9cbd55de,1010010100010010
4a4abc8f6b73,1111100101100101
4a5cd8e09388,1011100101010101
4a67af662937,0100101001010000
4a7f729e9bb1,0100011111101110
4a94dd8363fc,1000000010000000
4ab7433f8135,1100001010000000
4aca72a3ef68,1010000010001100
4ad4ec376556,0010100101100100
4aee2e5a7b45,1010101010010010
4b16133b850e,1010101010111010
4b4a57542dbd,1000000000000000
4b6c6a7cbd0b,1000000000000000
4ba206f15b9f,1000000000000000
4baae064dd73,1000000000000000
4bad16833854,1010010011010100
4bd01266648b,1010000010100010
4bdc70492282,1000000010001000
4bec116a9f9f,1000000000000100
4bf62388fe0c,1100010010010010
4c011a71285f,1100000000000000
4c221f84671a,0101110101011100
4c2d8acd9736,0100100101011000
4c2f4fdd7a74,1000000000001000
4c33bc339673,1000001010001010
4c3443491301,1000101010101000
4c4bf4a17284,1000000000000000
4c51e15945a5,1000001010001010
4c5df6deb8c9,1000000010000000
4c64c4756a85,0000001000001010
4c6799cbe160,1000000000000000
4ca1089e87b7,1000100010100000
4ca5477e2455,1010100010101010
4cb3537bcb07,1000100000000000
4cc7ce2b491e,1000001010100000
4cd0a2a28b38,1000000010000000
4ce7e165b214,1000010010000100
4ceaa1f358af,1000000000000000
4cf741f0d097,1000000000101000
4d0242cb7861,1000000000000000
4d04c6abd2d1,1000000000000000
4d1fad7f55af,0000010110010110
4d3e5639878d,0000100000010001
4d52270897ed,1000000000000000
4d6faae8db93,1000000000000000
4d7c64939122,1010000010000010
4d7de10e2642,1000000000000000
4d9d478844a1,0100010010001010
4daa3bf74422,1010110101011010
4daa816d475d,1000000000001000
4ddbb5936ebf,1000001000000100
4de6b4bd6333,1101010010101110
4df06c846920,1000000000000000
4dfaae32bb75,1000000001001000
4dfc474450b1,1000000000000000
4dfee39c0d4a,1000000010001000
4e2591fd3a69,1000010010101000
4e3a2d14d989,1000010001101010
4e4a9173fb24,1000000010100100
4e4ee8a41289,1010000010001010
4e5d189f0d0d,1000011001010010
4e65bbdeaed8,1000000001100100
4e6f52af230b,1000000010001000
4eb33621d84c,1000010010101000
4eb8a377e431,1000000000000000
4ec3c8393b86,1000000000000000
4ec671c69c45,1000000000000000
4ecc1c492dd9,1010100010010110
4ee98dc7cc94,1000000000000000
4eec3234146f,1000001000000000
4f03e6d69c24,1000000010100100
4f05c7d0c6e1,1000000000001000
4f18d98aadbc,1000001000001000
4f1b915e18f1,1000000000000000
4f2cb9d085bd,0100010000101010
4f4d82beca82,1000000010000000
4f66eff6d01c,1000000000101000
4f8e6af23a61,0100101110011010
4f9920b5e2d8,0100101000110010
4fa789597b00,1000000000000000
4fadcdcfaa44,1010100100010100
4fb4937eb359,1000001001010000
4fc094220b77,1010100010001000
4ff2b9b0cb62,0100110010010110
4ffb26f4a6fd,1000101000010000
5000a871d122,1000001001010010
5002b2311965,1000010010101010
5013fefe8a52,1000000010101000
5015290ee0b9,1000000010100100
5019080abc94,1000001010001000
503c5b656596,1000000010100010
504a541dd097,0100010010010010
5058deddcbfb,1000000010000000
505c222058c9,1010000010101000
506d29180894,1000000000000000
509b9957941e,0110011011001010
50a8e51a7efb,1000000010100000
50b5aa0a268b,1100101011001000
50ce112a599b,1100100010101000
50dca53780aa,1100010000010010
50f4d334d7b4,1000000010001000
510e0a726d1d,1000101010001000
511249c99b67,1000000000000000
51478731a657,1000100010000100
514eef30601e,1000000010101000
515774784170,1100011010010010
517562756ad8,1000000000000000
5192cd58240e,1000000010101000
51a24da078ae,1000000000000000
51b0a22840ef,1110110011001110
51d0ae40ac56,1010010101011101
51edf22e8896,1000000000000000
52069359619b,1000000000100100
520cf26d7abc,0010010010000010
520ea59ac13c,1000100000000000
5215a45a3acd,1000000000000000
52224f67ccc5,1000000000001000
52225ab08be6,1000000000000000
5236bfd9cbec,1110001110110010
523ed5ff4f8c,1000000010101000
5268e693df4d,1000100010001000
52762297ded3,0100101010010000
5285cfd3fdcf,1000100010001010
528c5479161b,0010010001000100
528da3cc7434,1000001010001000
52939e715c56,1000010000001000
529734f752c3,1000001001101010
52aae20754d4,1000000000000000
52d968046be1,1000000001001000
52e4cdc4fa39,1000000000000000
53075563006d,1000000000000000
5307a0132fdb,0000000010101010
530bdd83fa7b,1000010010010010
531234da0910,1000100100101000
532399d03f5c,1000000000000000
532a618a9146,1010100010110100
5392801cb82f,0000100010000000
53aad05b6716,1000000000000000
53b1c0507c49,1101010001011010
53b1eb15e400,1010110010100110
53e88fa3c17e,1011001011111100
53e9edc7d184,1100001100101010
5444fe0423a9,1000000000000000
545c065d03e4,1000001010101000
545f96ca9198,1000000010001000
54875cda8bfd,1000000000000000
548b2d8892d2,1000010010100100
5491da044cb2,0000010110001000
5495484a2b58,1101010111010110
54a1fd219659,1000000000000000
54a373d48232,1010100100010010
54b211c7c394,1000000000000000
54dc25b1e776,1100110010101100
54ed19ba5656,1000000000000000
54f62d33aad1,0000000010101010
54f64d9458ca,1000101010010010
5509728da011,0110001010001010
551bed0b9a08,1110110101101100
5528f3077f6f,0010110100100110
555122cc6fef,1000100010000000
5551784cf82e,1100001011001000
555538523c5a,1000000000000000
555e87a25f95,1000000000100000
556291a33a36,1000000000000000
55700507325a,1010110011001000
557093fdf64f,1111101001010100
55832c977f64,1000000000000000
55993ec4a259,1001010001010100
559b5b1c5db9,1000000000000000
55bb74b8400e,0111010001100010
55be5e1353e0,1010001010011010
55d49833b51d,1100101010110100
55da4500f202,1000000010100000
55ea994a7fac,1000000010000000
55f69acfccae,1000000000101000
561182d21e0e,1000000000000000
561615892d22,1000000010000000
56187edba9c8,1000101010101010
561d31da8a56,1000000010000000
564c39af85b9,0010111001100110
567d9d190561,1000000010100000
567ec871f36c,1000000000000000
56835966fb20,1000000000000000
56876830c51a,1010001001111100
56aa7c53a9fd,1100000010010000
56b58aca32e9,1000100000101000
56b8b532fd2e,0101000111111110
56bb1ae65023,1010000101001000
56c76886d423,1000000000010010
56cebba5eb3a,1000000000000000
56f125893499,1000000010001000
56fb3775f1e2,1000000000000000
56fd89faccef,1000010010100100
570f4f5cd995,1000000010000000
57144b35c77e,1010100000010010
5717761d97d2,1000000010000010
574901de06bc,1000010000100000
5754a76ba0b0,0100100101010010
57835794594a,1100100000101110
579f70e450b7,1000010010101000
57bc4f6600f3,1000000010000000
57cd59721458,1000000000000000
57ce20bd8868,1000000000000000
57d828ec465c,1100100010010000
57dd6085332a,1000110011101110
57e60b2439b4,1000000000000000
580575951fb2,1100100010110010
58123884b9b1,1000001010100000
58518b0366fb,1010001001111010
585cdf4f7288,1000100000001010
586cd8b93254,1000000000100100
587c38444119,1000000000101010
58843f31cc0c,1000100010101000
58852fba735f,1001000010001000
5889ac9e41da,1000000010000000
589abc454540,1000100000100010
58a53326d959,1000001010101000
58aad73387a2,1000100010010000
58b080afe649,1000000010101000
58c3fd493c95,0100000000101010
58d1eefd4ffe,1000000010001010
58dd64aad9a1,0101010010001010
58f99d36ead4,0000000010111010
5932706fa264,0010100011001010
59395d306617,0000011001001000
5955c8dc6256,1000000010000000
595ae2cfe6b2,1000000000001000
5979c3f51c0b,1000000010101000
59a873fc7977,1000100010001010
59cdf4f631a7,1000000010001010
59cf25a2b662,1100000010100000
5a0d7c343af1,1100100010100100
5a20f2b6b24f,0110101001001010
5a21a1421f68,0110000000010100
5a2544bdaf08,0101001010010110
5a4c5c817026,1010010010101000
5a4f70d2644e,1000000010100000
5a4fdacf79a3,1000010000000000
5a715f876e1c,0100101010011000
5a90f3b0ef22,1010000000000000
5a9e3af4b0b8,0100110001010010
5ab1f36ee919,1000000010100000
5ae027e0d6fe,1000101010111010
5ae8a34768e0,1000000000100000
5aee8356110b,1100000000000010
5b0ef13796ed,1000000000000000
5b0fc5a8138a,0010010110010110
5b1373e30e74,1000010011010100
5b14e0d1adc7,1000000000000000
5b19500ac784,1000000000000000
5b1f6593dfbd,1000000010100000
5b20900cf14d,1010101001010010
5b28dccbac3d,1010000010000000
5b42d8909bf8,1000000000000000
5b6514a34c1d,1000001010000000
5b65ec8c5a1a,1000000010101000
5b70e1772a7c,1000000000000000
5b804010a61e,0110110011100110
5b85b2a8543a,1000000000000000
5bc3509aa8a9,0110100010011010
5bee78fad1bf,1000000000000000
5bf10c287dec,1000000000000000
5bfd7af546bb,0100101010110010
5c0624d10872,0101001001001010
5c0faca14db6,1000000000000000
5c3b71d2078e,1000001001010010
5c4ad1223869,1010001001010100
5c4b87704cfa,0100101010011010
5c5202033670,1000001010010100
5c67f7642bda,1000100010101000
5c859ab24309,1000000000000000
5cf42f136cdd,1000100010000000
5d101dd15751,1000000101001010
5d17748d6b7f,1110000010000010
5d1cd5b9b64a,1000100001001010
5d5efdb51e1d,1000000000000100
5d68d32b2dbe,0110001001011010
5d8993c5127f,1000000000000000
5d8a9144d03f,0000000010100000
5dd3a199f0c0,1100001010101000
5dd62c39f57d,1000011000100110
5ddadbfd0c58,1000100010000000
5df83978d9cf,0101010011010110
5dfbb0707300,1010010111011010
5e197488cc06,1000100010101000
5e20d663bbe3,1000000010000000
5e33002e1260,1000000010100000
5e39f1482222,0010101001010110
5e66635ea4a1,1000000000000000
5e76ff2100dd,1110011001010010
5eba648e7c91,0010001000100110
5ecd83fc7c79,1010100010011110
5ece545ba8c9,1010010000001000
5ed1f829a984,1000000000001010
5ef6f05b259a,0010010100100010
5efc06ff126f,1000111010011010
5efc2fbae516,1000100010001010
5f0adeef13b0,1000000000000000
5f0ae1f97de7,1000000000000000
5f4119d79fdd,1000000000000000
5f41c736ba2a,0000100010011000
5f428c08e30f,1000000010000000
5f4c7d3a99bd,1000000000000000
5f53a9f70444,1100100111111100
5f629726ba2d,1000000010001000
5f6614d2d2e0,1100100001001000
5f69a032843d,1000000000110100
5f838f56f7ce,1000100010100000
5f99f812e88d,1000000010101010
5fa1d4d62bb8,1000000010001000
5fa9cd5a322f,1000000000000000
5fae56d42f00,1000000000000000
5fc369e46798,1010101100011000
5fc87507a156,1000000010100000
5fc967e7c56b,0000000010000100
5fdb003fdbcb,1100000000000100
5fec616ad6ff,0110010010010010
5ff3d4e5f12a,0101100101101100
6014a1646a11,1010101100110010
601c767dcdf5,1010000000101000
602d081e84aa,1000000000000000
603084302267,0000000000111000
6030b978a7de,1000000000001000
6059b7ae463b,1000100010101000
60881b382b26,1000000010000000
60a0c4aef9c4,1100001000110000
60b497e75ee7,1010001001010010
60ba3c3140ed,1000000000100000
60cbd459d85d,1000000000000000
60d4ef8d194c,1000000010000000
60f5aba424f3,1000000000000000
60f7b04c9618,1000000010001000
60f91a88c57f,1000010010101000
611d7e9ce724,1000000010001000
61309e536e70,1000000000000000
615044e1369d,0110110111010010
61598548797d,1000000000000000
615d73bbe83b,1000000000000000
616b0db787fc,1010001010101000
616b1f16c6ee,1000000000000000
61741c3d8154,0110101010010010
61893fa5c607,0111011001100011
61992f9a80b0,1000000010001000
619ff7e6c12a,0100000010100100
61a525395ad9,0100101001101000
61abd1f4d845,1010000010101011
61ad728dba06,1000100010101000
61d0920d28cc,1100101010101010
61de4032858c,0110100100101010
61ee3ad4f3f5,1000000010000000
61f026922390,1010000010100010
61ff53dce905,1011101011100010
620658ef84f9,1000000000000000
62082b33fa08,1000000000100000
622f5934bccb,0101010001011010
62349b2e61eb,0100111010011010
6252b02310e7,1000000000010000
62674224625f,1000010000100000
6270e21c65a1,1010000010100100
62a4d305242e,1000000000000000
62afee6dcd48,1000000001001010
62e815b29173,1000100010101000
62f45a51e421,1000000010101000
63221850de26,1000001010000000
634af39f49a1,1110100010001000
6395052ed07d,1000000000000000
63a32cf6512c,0010100010001000
63d446c05caa,1101001010011000
63ebae96d70b,1000000010010010
63f4a7ea3734,1000001010101000
642c5a95ebdc,1001000110011000
643b83152ffc,0100101001011010
6449435cf189,1000000000000000
644b48eab67a,1000100001000100
645c062b4054,1000000000000000
646f0916327f,1000000000000000
648e425d46c1,1010000000000000
64a15698c363,1100000010001000
64a2fdee4c7b,0010110010110100
64ab27d4dcd4,1000000000101000
64ac728c7cb2,1000010000101000
64d537d6467d,1000001010010000
64d81969e7b5,0101101010111010
64dfdeeeed81,1000000000000000
6575271f3428,1010110011011010
6596f2757927,1000000000000000
659abee5748e,1001000001010011
65ab64d54ecf,0111001011010011
65ca45715f73,1010100000001000
65d156ef05a6,1000000000000000
65d370816f94,1000000010001000
65d5773f7f3a,1000000000001000
6602892c1eb4,1100100110101010
66159748e078,0100101001110100
6619c8a10d8e,1010100101011010
6627b7b5fabe,1000000000000000
663731f7409e,1000000000000000
66478176b546,1100100010010100
664d101e33b7,1000101000100100
664ee8a6186e,1000001010001000
6668aa43043a,1000000010010000
666b0c4fbc53,1001001010010000
667d2b869d7e,0100011110110110
668d33adb145,1000000000100000
66a61211a722,1100001010010000
66a914e5e68b,1000000100110010
66ae489f0914,1000000000000000
66bea9e4a6b4,1110010100010110
66c46cbc9b59,1000001001001000
66ce54429d72,1000000000101000
66cefd858d06,1100010001010010
66dd665c9411,0110111001101110
66e5b8dd8e20,1000100000000001
66f686fc76ee,1000100000010010
6717e7caf623,1000000000000000
672476132bf7,0000100011001000
672a5527820a,1000000000000000
674a8a6b51b7,0110011111100110
675fe1348d64,1000000010001000
676da2aed856,1010000010110000
67732d79a5c3,1000000010001000
677369ad087f,1010110101010110
6779571277d3,1000100010101000
677c8b3fcd12,1000000000000000
679daa95006f,1000000010001010
67bce794c91c,1011000010110010
67c7af2cc4d8,1010110110111010
67e30f510b66,1110000010001000
67ebeefc6398,1010100010101010
681936e01424,1011100111001110
681a5c5d7a65,1000001010101010
6822539c5752,1000000010001000
682f5bf0ce11,1000000010101010
6832427cd84a,0100101010101010
6833af05cae1,0100000001100000
6861726ba40d,1000000000000100
6874dc8855bc,1000000000000000
687560a993f7,1000010001010010
68ad573f662b,1100001010001000
68b6a1e06cbe,1100100010110010
68b882b935a9,1100101010011000
68c38a345916,0110010111101010
68d37b0cddc1,1010011010110010
68effdc48119,1000001001010100
6909266825b9,1000000000100000
692917105ff8,1000100010001000
692bf99bedc4,1000000000000000
6935dda53176,0100100101010100
6937ec45595f,1000000000000000
69449fd3b6ec,1000000000000000
6944b5e646fc,1000000010001000
694bf196c6dc,1010101001010010
694ed5daf658,1100101010100110
697f13f7e744,1000000000000000
698962296086,1000000000001010
698a9a29f4d5,1000000000010000
69978fa8251f,1000000010101000
69a54570f101,0000000000101000
69b74ec924b8,1100101010111010
69cc93f59a89,1010100010001000
6a0f7fa173f9,1100101010011010
6a2f74cb5303,1000000010000000
6a3489f54551,1001001001010010
6a51e0bc66af,1000000010100000
6a5bdb6de683,1000000010001000
6a61e3d126ad,1101111100101010
6a639af9da8d,1010101010110010
6a7acd5b7e6b,1000000000000000
6a84062598a2,1010010010001010
6a903b0b4aa6,1000000010100000
6aa970833a1f,1000000000000000
6af5e78cbe62,1000000010010000
6b045bd3f4be,0100101010010100
6b04c764aacd,1100001001001101
6b09901b600f,1000000000000000
6b362992283b,1000101010010000
6b464f750a1e,1000100100001010
6b4c0286ebe6,1000000000000000
6b60ad419391,1010110010101000
6b7605432f13,0100100001001100
6b8d821738c0,1000000010000000
6baab2eb0564,1000000000000000
6bcea4105ac3,0100010001001010
6be78c5716cd,1000100100010110
6bea8b142c9a,1000000010000000
6bee64c37c52,0001010011001000
6c0440cb4341,1000000000000000
6c1d1b92208f,1100010000000000
6c263aeb0c1f,1000000000000000
6c27abecc4b1,1000110010101000
6c513a203b5a,1000000000010000
6c615bd78fd4,1000100110110010
6c68e9bfa106,0000101000101000
6c842f20b5db,0010010000001000
6ca006f91a00,1000000010100000
6cb1c35a738f,1000010010001000
6cc4dd33ecc2,0100101010010110
6ce33df48d52,1000110010101010
6cf094b55b0b,1000000000000000
6d0e0a545331,1000000010000000
6d23664d631c,1000000000000000
6d256f841823,1010100010101000
6d281b8ada15,1000100010101000
6d83d0b22ae0,1000000000000000
6d99ae4304e8,1000000010101000
6db343add379,1000000010000000
6dcfdb4a129b,1000101010011110
6dd3d9eab77d,1000000000000000
6de0216e22e8,1000000000100000
6de1dc0bc46e,1010101010111010
6de5cf902c23,1000000000000000
6e0268132651,0100100100010110
6e307701f892,1010100010101000
6e3b6027338d,1010001010100100
6e47593e31fe,0011110111010011
6e4af40f70e6,1000000000000000
6e5ab530fe78,1000100000001000
6e6351e1b0b8,0100101110010110
6e6390924623,1010110110101010
6e76ccaef70b,1000010010101000
6e77ca1d3559,1010000010001010
6e7826cc7ef2,1000000010010000
6e7df799ff02,1010000010010100
6e82f2abba94,1000101000010000
6e93a0c2e9d1,1100000011010100
6ea0fe274d60,1010101001010000
6ec348833c0f,1000000010010000
6ec3b605b385,1000000000010110
6ec4136e3ebe,1000110010001010
6efdca6f5856,1010001101011010
6f0579f0b09c,1000000001010010
6f143d2070e8,1000000010100010
6f4fa343246b,1010010010100000
6f5811e8f047,1000001010010100
6f59753bf15d,1000000010100000
6f634b965aff,1000100010010000
6f6bf71ba6e2,1000000000000000
6fa478277ee2,0000000010000000
6fba45131a2f,1000000000000000
6fc5debf0a1e,1000000010101000
6fcca2ddc548,1001001010101000
6fdd78296f51,1100000101101010
6fe84b5de244,1010000010001100
6ff36a4bac48,1000000000101000
70032600aa87,1000010010101000
700cf6ba0b08,0100010010011010
701bef728b9e,1000100000101000
7026afe26213,0100000010001010
70386d056136,1110000010011010
703b52e90f4d,0110010000011010
7043b62a1e2a,0000110000000000
706c17058978,1000000000000000
7084d65fc127,0110110010011010
708765b7cb26,1000101010101000
70885bd0eb4a,1000000010100000
7099598129a8,0101010111101010
7099d1590c1b,1000000010001000
70a387a43025,1000100010010000
70aaeaae39a1,1000000010100100
70bbc19f2bc8,1000000000001000
70bd7a9b81c3,1000000000101010
70cc1a389a2f,1100001010101000
70ded8b71026,1000001010010010
7105f880dc2e,1000100010001010
710a2c5dde81,1000100010100000
711197e4a376,1000000000000000
712c8428b87c,0100100011101010
713b462b7908,1000000010000000
7153db1a8fc8,1000000010001010
7173db1da27d,0101010011011010
7175a04a2942,1001010010100110
7178b6f16a5e,1000000010000000
71947f048d34,0000001001001000
71ad9fb82522,1000100010001000
71addb82c806,1000001010001000
71cb827eeaad,1000000010010010
71cd8731a4fc,1000000000000100
7201daaa84f3,1010001010001010
720714f7fccf,1000000000001010
72162c9a825b,1000000000000000
7241116e7152,1100101011010110
72448e1066ec,1000000000100010
724d14133660,1001001001001110
7250a01ea8fa,1000000010100000
7264f1c3260f,1000000000001000
726d50f891eb,1000000000000000
726e79761d86,1110100000010010
72d0b4d42baa,1010101001010010
730295b3baf2,1100000010010010
730e6bb7c843,1000000000000000
73201df2f95d,0100101010011000
7325ae20d158,1010010101011010
733fd2563ee1,1000000000011010
73529087fac8,1100110010010010
73531b2754a6,1000000000000000
737ee32bbdc0,1000000000000000
7380ef8ee4c1,1100101010011000
738150031fb4,1000001001100010
738e709238f6,1000000000000000
7398b074309f,0000010010011000
739cbd242cca,1000000010001000
73ac0c250f7d,1010000000000100
73d421dbe9e8,1000000010001000
73ec4dd7ec57,1110110011110100
73ecef5c50b3,1010100000011110
73f2263eb43b,1000000010000000
74263af92f88,1000000000000000
7436c6e7b1d2,1000100010101010
744cb22009fa,1000000000100010
74500ecc6198,1000000010001010
74732d827bc0,1000000000000000
747e107a3ac4,1000000010000000
748760f87482,1000000010000000
749367791035,1000000000000000
74a24e9a46ca,1000001010001010
74a2728895ca,0010100010010010
74a895430962,1000000010000000
74c1a5539007,1000100010100010
74e41448f5c6,1101010110101110
74fb5e6f9c41,1100101010101010
74feb1edd967,1010000010100100
7506cfb78a2c,0101001010001011
750c5f46caae,1001000010001010
751404896274,1000000000000000
7517438a2905,0100011011001010
75412f2d47f8,1000000000101000
75484bc474f3,1011001001010010
754f5b50d4d6,1000000000000000
757579d2b072,1000000000000000
75ccda7e0ba4,1000000010000000
75e88ab2dd50,0110010101011010
760c52287fd7,0100000010011000
760fd39b1982,1000100010001000
76143e40ff97,1000000000000000
761621e16a37,1000100010100000
76227f4ea907,1000000010000000
7623e32b84f0,1000000000000000
763a7f2179cd,1000000000000000
76671d46793b,1000000000000000
76904edf3808,1000000000101000
76913ad4ca46,0000100010001000
76a3d3acf3d4,1000000000000000
76b2c6b2574e,1000100011001000
76b5388787d3,1000000010010010
76b6a2db7503,0000000010000000
76ba31ffe1a8,1000000000000000
76d96dbf3a28,1000010010101000
76ebec2fe05e,1010001001010000
7708c9ec694a,1010001000010010
7718c1047136,1000000010000000
7732d1a03ec2,1000000000000000
7746367d3c2c,0000000000100000
774d1981ddc0,0100100000100010
77547732fcc4,1000000000100000
775d9dda9b0f,0100101011011010
77635ac914d5,1000000000010000
7769c7787bcd,0000000000111000
777f3b26cf77,1000000000000000
779400e111dc,0100010010100100
77945dd581dd,0110001010110010
779460109ddc,0101001001011100
779f71bf479d,1100001010010010
77a249270195,1001000010010010
77ac2cf1e5c9,1000000000000000
77bd776384cb,0000100000000000
77ca2f9dc6a5,1000000000100000
77cb66f1660b,1000010010000000
77e913f04078,1010001010010110
77f780ff3503,1000000010001010
77fe4b8eb749,1011100101110011
77ffbd699fd2,1000000010000000
7805ea14e0c4,1000000000000000
782540b4fcdb,1000000000000000
783e2c978ede,1000000000000000
783f5d07c458,1000000010001000
78449074e852,1000000000000000
786343e6a1ef,1000000000000000
786ac497bec0,1000000000000000
786cc0d02172,1000000010001010
7877086a833a,1000100010010000
788c37c95fbf,1000000100001000
788c6f798e32,1010100010011000
78950d47f5c0,1000000000000000
78ca256cee22,1000000000000000
78d9f92079a7,1000000000000000
78e1cd297599,1000001010101000
78f4f79c77f7,0100100010100000
78f711854b77,1001100101001010
7900adad8db4,1000100001010000
79050f579a99,1000100010000000
7929ef5b2ee4,1000000010001000
792cdfb8c84e,1000000000000000
793b3a164e44,1010101010001000
793f58b65fec,1000000010000000
7945808ff67c,1000000010101000
794d9fc6f24b,1000001010000000
794fcbaecf1b,1000000010101000
7995e3f8f924,1000100001001100
79add11a1c45,1000000000000010
79dc2be6cd3e,1010100000000000
7a05ddd14744,0110100110110010
7a30cfe25c5b,1000000000000000
7a4574b660ca,1100000010101000
7a463d45379b,1000000010101000
7a49ea9797b1,1000000100011010
7a5ed182f6fc,1000010011010010
7a779a8964a6,1010110110011010
7ab6da5bb1a0,1000000000000000
7ae5c7627683,1001010110110110
7af18ef39981,1000000000000000
7b0aea6db4c8,1000000000101100
7b1c2c4c3083,0110001010101010
7b1e01e991ff,1000000010000000
7b5c3a2c566a,1000010010001010
7b94c71b40f4,1000010000000000
7bbcdb5a81d0,0110010101001010
7bc9ee9c4aeb,1000010010001000
7bd68152b3de,0010100100010110
7bdb1b7cf9ff,0010101101010011
7bdb549297f7,1010000000100000
7be1463a5083,1000000000000000
7be2ff4c6d96,1000000000000000
7be7394872ec,1000000010000000
7be898e7bddc,1000000000001000
7bf89ce14eba,1000000000000000
7c06529ab8d7,1010110010010010
7c1479818e9a,1010000010100010
7c37a74b0214,1000010001001000
7c428d0d60ec,1001011011101010
7c4b03a72194,1000000010001000
7c7cde28aa18,1000000010000000
7c84ff80c1d5,1100001010110000
7c879d78cea3,1000000010000000
7c8d5da12b11,1000000010101010
7ca4886193eb,1000000010001000
7ca6b8b45c08,1000100010001000
7cc71dbda91d,1001010010101110
7cc7b364a410,1010101000111000
7cd155b76772,1000000000000000
7cdfd0a9b904,1000000000000000
7ce672345b25,1010100110011010
7d02b7a27c7a,0101100110101100
7d08cb5247c0,1010000000100010
7d120d8476a9,1000101010010000
7d211acf004e,1000000000000000
7d24ee45ebd0,0110110101101010
7d3b84aa8bee,1000010010101000
7d3d68de0941,1000000010000000
7d43eea73b73,0000000000111000
7d60bf6c27de,1000000010000000
7d68ae47315f,1000010010000000
7d7fe655631d,1000000000100000
7d91b8fc23d3,1000000010000000
7da468c48ef9,1000000010001000
7dab8484892b,1000000010000000
7daf963b6e24,1000100000001110
7dc4ebdb1414,1000000010000000
7dcc93bebcf9,1100101001001000
7df5357de04f,1000000000000000
7dfb057800b7,1001001010100000
7e256fd2b8c9,1100100010101000
7e26f2b67e61,1100000000101000
7e36742fe90b,1000000000001000
7e4f3ca00ead,1000001010001000
7e9cdac8f864,1000001010001000
7eb3a6fc2e4e,1000110011010010
7ec525e60206,1010100000110010
7eccc2ebacd1,0100101010011100
7ed7f8227e7a,1000010010001000
7ee0e44d1e61,1000000000000000
7ee28367a4a1,0100100010001001
7ee7f46b6894,1000000010001000
7ef0103d0c44,1001000010000000
7efbea6aab30,1000000000000000
7efc82f72348,1000000000010010
7f19e76e421c,0100010010010010
7f1e1dcc1523,1100010000100010
7f37c58038d7,1000000000000000
7f469fc00b75,1001000000000000
7f4828e00419,1001000010111000
7f4f42d87765,0100100010100100
7f5adf9669a5,1010000010010000
7f8258797d61,1010100010011010
7f83f4bb3de9,0010001000110000
7faca286939b,1000000000000000
7fd6a8164e05,1000000000000000
7fd81ff5544a,1000000000000000
7fdcbc694220,0000010010001000
7fe40ba59ae9,0011110101101000
7fe841a90447,1000100010010010
7ff74979a791,1010000010010000
7ff9e5fc1a21,1000000010101000
8005830e1a3f,1100100001010010
80060bdc8428,1000001010010010
801004ed4eae,1010000010001000
801cd3818e93,1000000000000000
802247d32e68,1000000010000000
802d3a97efe2,1000000010000000
8031f4576609,1000000000000000
8055629ff86b,1000000010000000
80596aa180fb,1000001010101000
807254eacb38,1110101010110100
807440d9bfe6,1000000000000000
8076929ecf33,1100100000001000
8080d6b00a24,1000010000000000
8089af8a34d6,1000101010101000
80a063a9040d,1000000000000000
80a7fe60f23f,1000000000000000
80aae939adcf,0100110010111010
80b0989b1cc4,0100000000101000
80b0c9d79334,1000000010100000
80b5976042a4,1000000010100000
80b65a2fe520,1000000000000000
80be6f961a95,1010100010100010
80cc998d93b1,1010000010000000
80d39a0c3b73,1000101001010010
81228b770cde,1100000000001000
81257d6bf345,1000000000101000
812b0a71d97a,1000000010000000
8131fd636fa3,1000000000000000
813a8aba9e3c,1000000000000000
81590352094d,1100110010101010
816757646dee,1000000010000000
8184463cc2a2,1110100010011101
819e27730305,1010000001001000
81b33e8fe501,1000001010000000
81e3b62e4aaf,1010010000001000
81eb8839c6a9,1010100101111110
8223d96dd1cb,1000001010011000
823ad5d909b5,0110110100101010
8246901d17f8,1000001010010010
826011f65636,1010000000000000
82686377ec00,1000000000000000
8280bb0b8f71,1000000010000000
828c6da2d2f8,1010101010111010
82c068bba14b,0000000010000000
82ebe1243b5f,1000000000000000
8302ebda1e66,1010000010000010
830bb9dcd31b,1000110010001000
832476481a01,0101010101111110
832e037315b9,1010000010001010
832ef2c640f1,1000001000000000
835f1d910ff4,0100110010010100
8368b0606bd5,0101011001011010
836c35ceacdb,1110010101101010
83734b39a011,1001100101101010
83771d1e8587,1001001001001110
839631a21772,1001001000001010
839ebdf90634,1000100100000110
83a4dc9d5338,1110010101001010
83b708d913a7,1000001010000000
83ba503fdaae,1000000010000000
83c20bafd5d1,1000010000001000
83c539751f7c,0010001010101010
83cbd09310fc,1000100010001000
83d48cf9a989,1000000000000000
83ebe2cfdc36,1000101010101000
83fef9cad18e,0110110001011010
841571c8d6fc,1000010001001000
841632462f1f,1000000000000100
8423a81d3c0e,1000000000000000
84365313954a,1000000010000000
8443cbcd3b17,1000000000000000
8446f00aff90,0110001000100110
845cadd45e6f,1000000010000100
8482fc30b2e9,1110101110011000
84a7eeb305b2,1000100010010010
84dac78b68c7,1000100010000000
84dff3ca07fd,0010111111111000
84efb7b628ed,1000001000101010
84f583f87526,1010000010001000
84fb5ab0ceee,1000000000000000
84fc785b4622,1000000000000000
8505c0970300,0100000010101110
850a08679af3,1100100011001010
852ee42f7faf,0100100101010100
8534ca9deb89,0101001001011010
853f26290704,0010101000011011
855db3d05eb8,1100001010101000
85e6ee74d094,1000000000000000
85f7c4314b04,1000000010000000
85fe6193f864,0100101010010000
861411e9a421,1000001010101000
86380c4d6785,1010111001101010
8639fe455747,1100000000000001
8640aba235ab,1000110010101000
86426ae313ff,0000000000001010
8645dabc892c,1000000010001000
86845c1eae60,1000010110111010
8692975299ed,0110110101011101
86c8c44d88a6,1000000010100010
86cd7d13863a,1000100010101000
86d0a46da2f0,1010010010101010
86df89be6d65,1000000000100110
86eafb128e8f,0100100010010010
86ecd1b28dbb,1000010010000100
86eea7903c22,0110100010010010
86f9d91a94ff,1000001010001000
8707d26f92fc,0100101010101000
87165634072b,1000000010011010
873f8b6c8f5a,1000000010000000
874c524491be,1000000000000000
8783033b06b0,1010101000110010
87970937e36a,1001000011000111
879f54054d9f,0100100010001000
87a0fab6ea1e,1000010110011010
87dae4527ee9,1010010001001010
87fbe2436051,1000010110001010
880f3738f86c,1010001010100000
883cc3661e0a,1000000000000000
8861fe9e35c5,1000010010101000
886a282f9e63,1000010000100100
886c9bea9a7d,0000000001010001
887fb85e2b04,1000000000000000
888c3c0613fb,1000100011001000
889e593c3dd6,0000000000001001
88a032b338ea,1001000000101000
88a04e2f4d2d,1000000010101000
88a34b3b7f1f,1010010010101010
88d20f45667c,0101010010100110
88e04b95c29a,1000000010001010
8904bdba0cfc,1000010010101000
89070bb69578,1010101000010010
890d7d3b9e1a,0100001000101000
891ffefb6a3b,1010000010010010
892cf435b8d3,0100101010010000
892fb9036fdb,1000000010001000
8933c57659cf,0100101010101000
8935f50e5f79,1000100010101000
8943d2d0ceb4,1000000010000000
894950ed7b47,1000000000001000
894a32a70a06,1000010000100000
89545e08d501,1000010010000000
895f83d76bed,1000000000000000
896eaca249b8,1000000000000000
8998432276b1,1000000000000000
89a44c62c222,1000010000101010
89afa5a87635,1000000000000000
89d84fc3f5f7,1000100010010000
89e460e64601,0110101101011010
89f8ee4b30b7,1000100000100000
89f98877d1b1,1100001001010010
8a0619fab9a7,0000000000101000
8a86bc2ee3ca,1000001101010010
8a8cef84caec,1001100010101000
8a96c66df037,1000000010101010
8a9a170049b0,1000000010001000
8a9bb9b425a9,0111011100110110
8aa77a112c70,1000000000000000
8ab51cd55081,1010011001100010
8ab8d067bea9,1000000000000000
8ace0c4dab76,1101100101011010
8aedfbe6569f,1000000010000000
8af60bce6ca0,0010100000000010
8b11b0034ca2,1000000000001000
8b2ddfbe9178,1000000010001010
8b3739c7b371,1100100001101000
8b440a555fd7,1000000000000100
8b563ec5bc8e,1100000001100000
8b6c7f72cd07,1000000000011110
8b738d24dde6,1000000010000000
8ba420f6c083,1111110010011010
8bb9cfa73104,1000000000000000
8bc406e20bd1,1000000010000000
8bd4fc705387,1000000010001000
8be4b0333032,1010010010100000
8be4b74d8bdd,1001000010011000
8bfa5c079239,1000000000000000
8c228a2fa0ef,0110110100110010
8c25e212c2c8,1100000010000000
8c41bc97085d,1000000000001000
8c5c7dcdd22d,1000000000000000
8c5cb701447d,1000000010001000
8ca8d20e48f1,0100100111001010
8cb32467b48b,1000000000000000
8cbeb1979199,1000000010001000
8cf42cc3015d,1010100110101010
8d1a4cc031c2,0100010101010010
8d1ed673f05e,1100000000100000
8d2fd31bb86e,1000000000000000
8d37c078e3e0,1000000010000010
8d3861dfd27f,1000000010000000
8d6dd64806b7,0100110101010010
8d8c4a63807d,1000000000000000
8d90fbe82491,1010010101010010
8d92fee73685,1000010010000000
8dbf5f5fb3b8,1000000010011000
8df9dc9ecf16,1000100010001000
8e002cf573be,1100000000000010
8e476098b1fc,0000001010101000
8e65a9176e18,1000010010101000
8e6854be50bb,1000000010001000
8e9949cfe276,1001001001110101
8e99bdf19ca5,1000010010010000
8e9aa0da19fc,1000000000000000
8ebae031da31,1000000010000000
8ee7f2080ada,1000100000100000
8ef186658578,1000000010000000
8f01ff04fbf0,1000000000000000
8f0308336115,1000100010001000
8f187fc6dff7,1001101110110010
8f1a4cd795e5,0110001010010110
8f1c0f8f3dd9,1010010010010010
8f2b825775d0,1000000010000000
8f38d21f2839,1100101010101000
8f3e89a1d322,1100000010001000
8f4ec2cb55f1,1000000010001000
8f5491eec21a,1000000010000000
8f5d8b5efb0c,1000000000000000
8f688eb0da52,0010001010001000
8f9936f96045,1000101010001000
8fae9eb9636c,0100010000101010
8fbcf79e8553,1101010101101100
8fd49136eca3,1000000010000000
8fdd535cb32c,1001100010000010
8fe1c1d3d844,1000000010101000
8fe349b505c3,1101001011000110
900f1d858797,1000101000010000
900f3210b99d,1000000010000000
9015e225176d,0111010011101110
9018f39298e2,0110100100111010
9033717b0a42,1100001000001000
903d389d7ed9,1010010010101010
90499a06c362,1000000010000010
9054fba47768,1000000010001000
906c5d2892e2,1010011010101000
90747077a72c,0101101010010111
908906fe98e8,0100101000010010
90d1859dfcd5,1001001000000000
90e8f9b8056c,1010100010001000
90ef3c1e3455,0101000001001001
9106101f3878,0000111000000110
9122a72e1b9c,1010001000101000
913c582c70df,0100100000110110
914db4ad11bf,0100010010100100
917ce1faaf03,0100101000010000
91902412147b,1100110101001010
91a0c90563a4,1000000000000000
91bbee2d377c,1010100100010100
91d38718a8df,0101001101001101
91e481dc9a03,1000000000000000
91e9ac3b5e7b,1000000011001000
91ec6e165f54,0100100010101000
922b6556e427,1000000010000000
923d6259c930,1000101010001000
924c4265437f,1000000000000000
92747d7d9e44,0100010101111111
92888e2c040c,0100100010001000
928dc604cd9c,1000011010010100
92a7d9e1f7b4,1100000000001010
92dc8ed75722,1000000000000000
92e1fcc13244,1010010010001010
93088a1ed52c,1000000000000000
933374107629,0100101001001010
9337236f3d93,1000000010101000
93635d6da7e8,1000000000000000
936620c0e2e6,1000000000000000
93679b8e907f,1100100001010010
93985dc085cb,1100100000001000
93c865c01309,1000000010001000
93ded25f1840,1000000000000000
93e60ce85765,1000000001010011
93edb153d94e,0100100011001000
940c0d188f46,1100001010101000
943ade940991,1000000000000000
945b85a613c7,1000010011010100
9461a9b4f037,1000000010101010
9466dbc24bbe,1000000010000000
946ff4dd8dc9,1000000010000000
948268ba4299,0101110010010100
948776812a65,1100110110111100
948f9e69387e,1000000000100000
94abc0146f07,1000001000100010
94d50f38c70a,1100000010001100
94e1be458f62,1000100010101000
94e5c20868a0,1000000010001000
9507f3b3cc2f,1000000000000000
95120617366b,0000000000111000
95302bf027c4,1010001000101010
953ec904feff,1000100010010100
954bff18f1b5,1000000000000000
9554eaea7c12,1000000000000000
957247caca55,0100100100011010
95a3cb5da120,0100101010000000
95d6241f5749,0110100010101000
95d697d02453,1010100010000100
95d748f72bdc,1100000010001000
95df3d179765,1010010011011010
95e0b6b61ce8,1000001001001010
95e2457c98e0,1000100000010110
95efecb88894,1000000000000000
95f37abba83d,1010000010010010
9602052ed246,1000000010101000
961af98a82eb,1001001001001000
96363baba31b,1000000000101000
964a102191ec,1100110010101010
965cdefd32c0,1010010110011010
96652248a3ef,1000000000001010
9678cc1c3d1a,1000001010000000
968e2d9df0ff,1000000000000000
96b3572167d8,1000000000000000
96ed93b741dd,0100100010001010
970dbbe7b181,1010101010010100
9722fc125776,1000000010001000
9729ee2e6a06,1000000010000000
97579ec515a4,1000000010001000
975be30f56ee,0000010000001010
976036bc0de1,1000001010001010
979abcb4eb9c,1000000010000000
97bfb1e25260,1010001010000010
97c90385bae8,1000010101001010
97ce375d89a8,1000000010100000
97e2a0d38174,1001010110010010
97fda6a96b45,0101111011011010
980398aea44e,1000000000101000
985adfe156f7,1000000010000000
986657b4428f,1000000000000000
9878d0649966,1000100010001000
989057363f04,0100100010001000
98ade07356d0,1000000010100010
98b0e33729a9,1000000010000010
98b91865c8d9,0000000001001010
98c392fa9f35,1000000010100010
98e8343623cb,1000000000000000
98f38f527749,1100100010101000
98f4085d532f,1010001011110110
98fadec01d27,1100000000000010
99090254dabe,1000000000000000
990a76215c0a,1000000000000000
990d35982401,1000101000101000
992f12d24331,1000000000000000
994541bde745,0100000010011000
99493900f062,1000000000000100
997e2f0b4b40,0100000010010010
9987f8f3c2f1,0100000000100010
99adf871325f,1000000010010000
99c6256e621c,1100110101010110
99ca4d48913c,1100000000000000
99ee96a21568,1000001000101010
9a0383cccd8d,1000000010000000
9a089d73678e,1000100010100000
9a179c622a0c,1000000000000000
9a24b58c7216,1010000000001010
9a3e55e66625,1000000010001000
9a420e91131d,1000000000001000
9a5fde094242,0100000001001000
9a700fab6cd1,1000000010000000
9a844a526ed1,1000000000000000
9a9b2babc2e9,1000010010100100
9a9ef00ad5bb,1000000010001000
9aa7a7945a91,1000101010010000
9aa87b561583,0000100010001001
9ac318ff1732,1001100010010010
9ac37398cd4c,1000000010001000
9aeedfac5cf9,1000001000100000
9af88f247ce9,1000001000000000
9b1067f6cba5,1001000000101010
9b158ddd3a70,1000000010100010
9b2018f76f17,1000000000000000
9b2e25523c77,0100110010101000
9b32d7b1dfee,0100100100001000
9b43e01cfb42,0001010001010010
9b63e041d26c,1000101010101100
9b720e81f10a,1010100010001100
9b7264c924a5,1000000010000000
9b759d4c54c4,1000000010001000
9b818fdfb539,1000001010100100
9b9549e0deee,1001001010100000
9b9eb5d26b84,0010001000101010
9bb6fa197809,0110101010101000
9bbfd8788c8f,1000000010000000
9bd2fc149baf,1000100110010010
9bd423c0fe5d,1001001010011000
9bf860afaf0e,1010110110011010
9c0208725dfd,1100101010101000
9c0a6c70e64c,1101000010010010
9c21bf05254b,1000100010100100
9c3204b85ed1,1000010010100000
9c4890359a48,0110101010111010
9c4b8bb69ab0,1000000000001010
9c5a182f04c5,1100100010110010
9c6e42d9e9bc,1000000010000000
9c8ba5692ec2,1000000010000010
9cae975b859a,0100100000001000
9cc10c1f03bf,1000000000000000
9cc290e53a10,0110100100100010
9cc76443cc46,1001001111001111
9ccd54a8099e,1000100010101000
9cdf583f3732,1000010000011010
9cdfcc037fce,1000011000001000
9ce260a68c3c,1100101010100100
9d0871ac090a,1000000010010100
9d10242041c3,1000000010001000
9d1239c594a4,1010000010010010
9d147656510d,1101010101011110
9d1af81e60c7,0010100100101010
9d257addb425,1001101011010010
9d2fd7673298,1010000000010000
9d38c5dbb2d0,1000000001010100
9d39992f9911,1000100010001000
9d44f1ee5f01,1000000000000000
9d59c44914ec,1000010010101000
9d683d1433b2,1000000000101000
9d9041af8de1,1001000000000010
9dd1bacba913,1000101101011010
9dd7d69cf55d,1010000010010010
9df18f59a872,1000000000000000
9e0cdd7d859e,0000000010100000
9e1df6e2d1c1,1000100010001000
9e581faff45e,1000001010101010
9e62c03485e6,0000000010000000
9e6f80d5be3c,1100000000000000
9e75f73b20da,1000000000000000
9e7744c48c8f,1000000000000000
9e78c8936b24,1000000000000000
9ea1191d0dbf,1100010100100110
9eb3bce07893,1100101010110010
9ebddc1456c1,1000101010011010
9ecc8e3ad885,0000000010101000
9ed0aee1e278,1000000000000000
9ee78f314bef,0010000010001010
9f09f24f5a7d,0110100010101000
9f24a29feb63,0100100001001010
9f29b7b078f4,1000010010100000
9f34973c1d19,1000100000000010
9f7066c895d2,1000100010001000
9f938b8cb2be,1010100000100100
9f983a076846,1000001000011010
9fa0ee039294,1100100010011000
9fa90d6c3cc8,0010000010011000
9fc01933a2e6,1000010010001000
9fc19e2709de,1000000010010000
9fc1a5f241d8,1000000010001000
9fcae131407a,1000000000000000
9fcd4e669b93,1010010010111010
9fd7d07dcb21,1000000000000000
9fd9a8b4d99c,0010000010001010
9fdb3ea18130,1000000010101000
9fe70dc35ab3,1000000000000000
9ff6b5b787e0,1000000000101000
a00c246ab425,0010001110010100
a00fd6dcb72c,0101001000010010
a032ad3938f0,1000000000000000
a0486a5aac87,1000000000000000
a067f9f5017b,1100000000001000
a08bdb21a401,1000000010101000
a0a01d6c8120,1000100100100110
a0a6733a3d21,0101000010011010
a0af1f155787,0010101010010100
a0c2582dda03,1010001001001000
a0ddb8c99789,1010101001010110
a0ed5843e23f,1100100010101000
a10e33155658,1000000000000000
a10e379436fa,1000000000000000
a1346a933aa9,1000000000010000
a160b2bd5458,1000000010000000
a169fd6aa4e6,1000110001101000
a1749c8de5f1,1000000010000000
a18121fdaaa6,1000010000000000
a181228c8b9b,1000000000000000
a185c043b560,1000000000000000
a186d7d94510,0100100000101000
a18bdbc89240,0110110110011100
a19773bd8161,0110101101101010
a1a061a68bca,1000000010100000
a1ba865d0b76,0100101001010100
a1bb486e9e1e,0110010010100010
a1eeb1390f70,1010010000100010
a1f445797296,1000101011101010
a209b953d3b4,1110100010101010
a20b16467673,1010100000010000
a2251aadb3f5,1000000000000000
a22e55e7be0c,1000000010100100
a24145795e9b,1100011010101000
a24270f9e511,1000110000101001
a2468948a9bd,1000000000100100
a273d1072ec4,1000100010100100
a27dd91121e1,1000000010000000
a295439d5566,0110011010010111
a2a73a0c503f,1000000000000000
a2a7644f2c88,0110100010101010
a2bf6808f1fc,0101010000010010
a2d33d374e20,0110101011011010
a2d93a5fa692,1010010010101000
a2ec9492b2b0,1000000010100000
a3003d5fb0a4,1000000010000000
a301c3cdb120,1000001000000000
a30b2dcf6389,0100001110101000
a313fa08503a,1000100010100000
a31a020c76ac,1000000000001000
a31eb2316cc6,1000100010011001
a31f2d988950,1000001010101000
a32d3c4e51e1,1010010000001000
a345c236a54e,0000100000100010
a34b906eedfe,1000010011001000
a36388bb68ca,1000000000000000
a39f9f8d079a,1000000010000000
a3b792f7bb07,1000000000000000
a3ef494a9643,1000000000000000
a3f2f9fd6de9,1010000100001010
a430ba097104,1000000010001000
a44d67f77310,1000010110100100
a4959f462196,0100100010011000
a4c00be55782,1000000010101000
a4c4bb73a570,1000000010000000
a4c539dfa54a,1000100010101000
a4c7ce689275,1000001000100000
a4ce8ff83662,1000000010000000
a4f1e00e4416,1010100000001000
a4ff2e8bf53d,1000000010000000
a51216cb2508,1000000000000000
a51b1199af16,1100101001101110
a531a486031b,0010010010001010
a531f3cd8032,1000000000000000
a53b59420c13,0100010010101010
a53e2486bd64,1000000000100100
a543c68ae5af,1010101000110101
a548e839c67a,1000000000000000
a58800a602c4,1000000010000000
a5907c75cdfd,1000010000010000
a59a1a2e89a5,1000000010010000
a5b49e3a51bf,1010000000001000
a60b7cef6ef2,0011010111011110
a62cee05899d,1010100010010100
a63452dcd5f7,0000110110001000
a651e67ce4d9,1000000010000000
a66f7751d0a7,1000100010101000
a67ad2f8dc05,1000100010001000
a6831764908c,1000000010001000
a6910dfb6ac3,1000000001010000
a6a4775851d5,1000010010100000
a6a6ff74dc38,1000000010001000
a6bd3c9da617,1010100001000110
a6c2e43dc41b,1010000000000100
a6c420cb5b00,1010011001010010
a6c8140e2969,1000000010000000
a6d06a6a402a,1000000010000000
a6e16bec537d,1000110010001000
a6e224d5b983,1000000010101000
a6e2df02742d,1000000000000000
a6f500ef965a,0110101001100110
a71c913b350c,1000100000000000
a71ff505957a,1000000010101000
a73714fdf233,1100101010101010
a75225d96bd4,1000000000000000
a771333fa54d,1000000000100000
a7a4d233b861,0100100011000100
a7c493f93dba,1000000010101000
a7c6bd62acfa,1010110101011010
a7c82692e6f9,1100101010010000
a7dd6362f9d8,1010000000010000
a80051aa9d71,0100001000100100
a80573a74751,1000000010000000
a817ce37fe7c,1000000000000000
a86eea1bd273,1000000000000000
a87a5641f281,1100001010101000
a87c91001858,1110100111010110
a8aa0f0a784a,1110000000000000
a8c06cb3c251,0000100000000000
a90196e2d630,1000000000000000
a909366e4fc5,1010010010001010
a9102e32f319,1100011010010010
a97dda06c2cf,1000001000101010
a9de7a142b6b,0000000010000000
a9ee1dd83210,1000000010000000
a9f4e831b6c8,1000000000000000
aa2b03524af1,1000000010101000
aa3847eaaf41,1000000000001010
aa5cc40f6041,1000100010101000
aa6d71d5984b,1000101010100000
aa8354a09b01,1000010000001000
aa8fdc3dc7c6,0100010110101010
aa92938b3638,1000100010100010
aaa1642f2ab0,1000000000000000
aaa1ff658086,1000100010001000
aab7345fe3c6,1000001000001000
aaba5acdca06,1000000000000100
aacebef8d4b1,1010101011101100
aade9ec91d2d,1001001000100000
aae0577623a5,1000000010001000
aae7c777cce6,1100001010001000
ab7230f8c56d,1000000010100000
ab73e6fdb15e,0101001001011110
ab8b4afc81b8,1000000001001000
ab9710f4051f,1000101001010100
ab9933ad7977,1000000001010110
abc0e281ccf8,1000010010101000
abc6abedaac3,1100001000101000
abd59e58c4b4,1010010000101000
abdd2d51e0bb,0000010010001000
abe6730c6220,1010010010001000
abe7e8948459,1101110011011010
abe9f5227b9d,1000100010000000
abf00c9b45f7,1001001010010100
ac08c6f42b42,1010000000000000
ac0b3626b1c0,1000000000000000
ac158ada0a5b,1100101011001100
ac1dcffa7573,1110101001011110
ac3b938d7c82,1000010000000000
ac3e2279aeb0,1000100010010010
ac4db8d6fec4,1000000000000000
ac5339ecf43f,1000100010001000
ac5692d15280,1000000001001000
ac579467c4d8,1010100000001000
ac860561a56b,1000100010100010
ac88605403a5,1010101011001110
aca6fe57c699,1100101010101000
aca92552327b,1000000000000000
acaef95feb7e,0010001010010100
acb6d8957325,1001000001010010
accef9a9514e,0010100100101011
ace223a42cf4,1000000000000000
ad02e74ff528,1010101010101000
ad60eef6c142,1111100110100110
ad73e7b43401,1000000000101000
ad7530cb0747,1001001010001000
ad83f9cf4fea,1000100010011000
ad9024858069,1010010010101010
adab97438c74,0000000000001000
adaf71e67e67,0101110001010110
adb1040dfe33,1000000000000000
adb74ddabf5b,1000000000000000
adc22d3991e8,1100000000100111
ade292f8cf5f,1000010010100000
ae0a07c0f16c,1000100010110000
ae2fd2bfa7c9,1000000000000000
ae31f0145db7,1100000010001100
ae40c37c7350,1010010001101010
ae471c8e1342,1000100110001000
ae4903311cbe,1000001010101000
ae4ba32868bd,1000100000000000
ae4bf67dd9e9,0100100010101010
ae4da06a1d3e,1000100010101000
ae5b7f9d0e33,1100000000000000
ae9bd928bcbd,1000000000001000
aea112c40518,0010010010010010
aeb774630326,1000000000000000
aeb7e02f9681,1000010010100000
aebf2feef269,1000000010000000
aec11b6d28da,0010100010101010
aeee4cdc302e,1100000010010100
aef751be4264,1000000000000000
aef7e64b4701,1000101001001010
af072c7b9614,1000000000100010
af0774be9825,1001001010101100
af37c3cee581,1010100010010000
af50cc383245,0010001000101010
af5a487efc06,1000000010010000
af63aadb041a,1100100010101000
af707b027b96,1000000010000000
af8a410bf415,1000000000000000
af9e3a90d73f,1000100010100000
afc757479451,1000000000000000
afccdb4076ac,1010100010010000
afdfea427eea,1010011010010100
afebdffd9fb0,1000000000000000
b00627a79619,1000000010000000
b00b7365ed38,1001001010100010
b01366d267ae,1000000010000000
b03636b0c040,1000000001011100
b038457b0967,1000110000000110
b04bb5e83476,0000000010000000
b0708547bfe9,1000000000000000
b08490af0ecb,1000101010101100
b0896309ffec,1000000000000000
b098bf3dd5da,0100010010010000
b0b819ce61dc,1100001010101000
b0fe7dfacb60,1000100010100000
b10742f54f37,1000000000001000
b1198ffa5f3c,1000000000000000
b137f44861af,1000000010100000
b172725b7088,1010000010001010
b1dc5409005d,1010101010101010
b1ddf9dbc836,1010100101010100
b1ea36254a14,1010100100010010
b20b1396c96e,1000000010010000
b229af087057,0100100010111010
b23b7afd619f,1000000010000000
b24891c264e9,1000000000000000
b26b99b444b0,1000000000100000
b2709f34a847,0001010010011010
b275450c2b02,1000000000000000
b28d4953b6de,1010100111101010
b2945ce1e284,1100010010110100
b29b2cb1520e,1100100110001000
b2bd4a5227c3,1000000010000000
b2c23f0926fa,1000001010010010
b2d57132b248,1010101001110111
b324838b4cd5,1000000000000000
b35be645bd66,1010010110011010
b35ef43379c3,1100100010010000
b3ae8f886bda,1000000010001000
b3b6bb1a40dd,0000000001011100
b3cdec89020b,1010101001101000
b3e4a34c0325,1000000000000000
b3ff0a870834,1000110001001010
b44216d1fdf0,1000000010100000
b4689b9f0e13,1110010101011010
b46ddf3783b6,1000000010001000
b47bc6346d04,1000000010001000
b4806044e4ef,1000100010001000
b48306715597,1000000000000000
b4bd398d9ce3,1000000010100100
b4bdb93221ff,1000010010101100
b4c90edbb2c9,1000000000000000
b4f01c3aa10a,0100100101011010
b4f5f67816d7,1001000010010100
b4f6dc4d474a,1000100001001010
b52e6e96db77,1000000010000000
b53f683b123d,1100000010000000
b54b09f38d8a,1000010010000000
b54f75ad6351,1000000000000000
b55200e3ba6b,1010101100010110
b57af9e88964,0010010001001010
b5832a3fc2d1,1000001010001000
b58c971bd805,1000000000000000
b594a4d5223e,1000000001001010
b59dd66a2b6e,1000001000100000
b5a2908b9c93,1000100011101000
b5b0efb8d3c6,1010000010101000
b5bbdd2e3d2f,1000000010001000
b5df85593daf,1100010010001010
b5ebed2925e7,1000000010000000
b625368f683f,1000000000001000
b627b6ba983b,1010110111001110
b62ec66751ea,0100101010010110
b645e4590175,1010001000001000
b645fddd0392,1000000010000000
b66638e405e1,0100010010100100
b66e5540a188,0000000010010100
b69c16e8889d,1000000000000000
b6d0c03abc1c,1000100000100100
b6f0cbdd76e7,1000000001001000
b6f236024c8c,1000010010001000
b70c30c67fc2,1000000000000000
b71cf69607e4,1000000000000000
b71d4fcc5aa7,0010000000011010
b723a663eb4d,1010000010001000
b7408ecb7cd3,1010000000000100
b7461d785bdc,0110000100011010
b74bccd46772,1000000001000100
b755c0d82c6a,1001000000010000
b761b2478336,1000000010000000
b765191d2c4d,0100101001010101
b76a485f4cc6,0100100010101010
b76ef3c00502,1000001001001000
b787385df92a,1010100100010100
b7a681d1cb78,1100000010100000
b7e035a20756,1000000000001000
b7e86cd92112,1000000000000000
b7f905557153,1000000010001000
b7fb9204f910,1000110010101000
b83a2ed4ebd0,0101001010010000
b8420d7c49a5,1010000010101010
b85123697620,1000000000000000
b86fd2da7ba5,1000000010000000
b8704dff24de,0100100010011000
b8854b0c3653,1000100010010000
b88d4324ed0a,1100000000110000
b895f33bf133,0100110010110010
b89c4c647041,1000000000000000
b8a109eccffa,1000000000001000
b8c7ca05e60a,1000000010000000
b8d7d810b9a3,1000000000100010
b8d8b4540183,1000110010010010
b8ea5c91760b,1000001010010000
b8fd60270c49,1100010011010000
b8ffa6b52c8a,1010000010001000
b9180a5cfdb1,0100010110011000
b9250253171e,1000000000000000
b94a6c702430,0110100010010000
b955bc89b10e,1000001010001000
b97788a49821,1100000010001000
b988b38e0560,1000100010001000
b98debd3a336,1010000000000010
b9a73323d89d,1000000000100000
b9aa1b173e21,1010100010011000
b9c4c24a3784,1000000010100000
b9c88c991db9,0100000010001100
b9d4d131d75f,1000010010101000
b9ed714e54d1,0111011011011010
b9ee2f495c20,1000000000100000
ba04bdca29fd,0110010010101010
ba058f5e38e1,1000010010000000
ba1514c30401,1000000000000000
ba32cbdec920,1001000000000000
ba3842d193f1,1000000000000000
ba3e49841aa0,0100010010101010
ba52e8bddcff,1010010010111010
ba8ccefda423,1000001001001010
ba926b61e566,1100010010010110
baa34c633eb8,1100010011011010
bab1a0e9e13d,0100100010111010
bab385d8f838,1010101010011010
bad85a612872,0000111011011110
badb7febc4f3,1000101010001010
bae838f9765e,1100100101001110
baf8b005a4e7,0000000010100000
baf9fbcb1deb,1001000000000010
bb1ace4bfbb4,1100100000000100
bb44549dcbbb,1000000010000100
bb5153aee7b0,1000001001001000
bb7fa997941b,0101000101001100
bb8a76255a81,0110101010010110
bb940a74b69a,0100000110101000
bba1124c8b5b,1000000000000000
bbad61a72c7e,1010100000101000
bbb00c2aac68,1000000000100010
bbb938ce1199,1100001010100100
bbbea287c9c8,1000000010000000
bbc6c3df71f8,0101101101110110
bbe3f0340aba,1000100000001010
bbeda64cc33c,0100000010101010
bbf3a6a44d0f,1000000000001000
bbf44e4d5911,1100101010010010
bbf8ded285a1,1000000000001100
bc0ee582a0f4,1000000010000000
bc139c4f9ce0,1000000010100000
bc40cf65f4c1,0000000010001000
bc4d718c32c6,1000001010000000
bc5af1d0e17b,1001010111100111
bc73a37d0495,1100000010000000
bc78bd12c65a,1001010011001100
bc93d8b0a5b0,1000001010001000
bc9e5bbc8692,1000001010001000
bcb14451ccf7,1000000010000000
bcb5004cad4c,1000101010101000
bcb73b2b346a,1000000000101000
bcc0bca8a359,1000000000000000
bcd9c9f8ef2a,1000000010001000
bcec0281f924,0110101000000100
bcf5fbd974ec,1000010010010010
bd24b78e1bc4,1000000010000000
bd3a3381b794,1000100011001000
bd651b31e1b0,1000000000000000
bd685758705c,1000100101001010
bd6ef4bae698,1010100010100010
bd7d752710f6,1000001000110000
bd833e261ebf,1000001010000000
bd9af12665ec,0100100010100010
bdc690c8ae0d,1010000000100010
bddcd9a30bb9,0110100010101000
be1c9c34662c,1000000010000000
be2ae64697a9,1001001010110110
be33d6151812,1000000000000000
be3470d65da4,1000100010011000
be42822577f7,1000000010000000
be5df54a7635,1000000010000010
be8824547795,1001010011001010
be92183bb51b,1010100110011010
be93140ae1bf,1000001010001000
be9546cf55aa,1010010010101100
bea90de23dca,0000010001101110
bec7e72617e3,1000101010101010
bece9071112a,1010100000001000
bee74b37f441,0010010001101010
beeff419d04c,1000000010000000
bef3da9f94ee,0100010000101100
bf02bad6893f,0010100010100110
bf150eaba0fa,1101001010101000
bf21271c99c6,1000010010100010
bf300d6338dc,1000000000001000
bf58453e9af1,0100101010110010
bf672895e90e,0110110010111010
bf8947f84763,0101110011010110
bf8f3037a4a1,1101000010010100
bf8f66fe2018,1100100010011010
bfa328c990b6,1000101001010010
bfb825b39d0e,1000001010001000
bfbdde9e86b9,0101001000100010
bfc1e5bfff5c,1000000000000000
bfc2fe27ae76,1000010000000000
bfdebd94c7d1,0101011001010010
bfe0f9f7624a,1000000000000000
c022b125f803,1100100010000000
c023e1261c46,1000000000000100
c0290024353f,1000000000000000
c03df90db60c,1010001010010100
c04256b40d0c,0100001010010100
c0797eb616ce,1000000000001000
c07f2f69e5b1,1000000010000000
c0962d259d5c,1000000000000000
c0c9a07bb0f0,1000000010000000
c0d83252b4b9,0110100010011010
c0db2354ef76,1000001000100010
c0f4a8b8ed67,1000001011000000
c11b8cef7ab3,1000000010101000
c11f2d0e1283,1111011001110100
c12820c929f9,1000001000101100
c13f97311751,1000000000000000
c141f2265f2c,1000000010000000
c150122df3ec,1010000010001000
c151552ec8a3,1000000000000000
c16cf741e094,1000110010100000
c188a3617e53,1101110010011010
c1b817f36c95,1010010110010010
c1d4561b1d03,0101010010001010
c1e2ab1d229d,1000000010001000
c1ee98f4c8f1,0010010010101000
c20a37a72455,1000000000001010
c20ea51a2313,1000101001010110
c2136d7b59e1,0100100001010010
c215a511a191,1100100100110010
c25bc358bfb5,1100000000000000
c261d64d232e,1010001010101010
c265758d2dfd,1010001000001000
c26618a26d5d,0100101001010010
c2693827d96a,1000000000000000
c26ecca76757,1000100100101010
c27a7b8d71f7,1110101011011010
c29f97099836,1000000010000100
c2ae94f5dbc1,1000001010000000
c2b9d7e0d152,1000010010100000
c2bf5140e714,1000100010101000
c2c44635e9e8,1000000000000000
c2e39a304d15,1000100010000000
c2eaa4c16ffa,1000000010000000
c316f5982109,1000000010000000
c32cd330439e,1000000000000000
c33263c87e63,1010110110011010
c34898a67656,1000000010000000
c362a106eda3,1000001010001000
c37791ed6392,1000010010100000
c39bef49fd15,1000010010001000
c3a4418193d5,1000001010001010
c3ae7bb20628,1110000000000000
c3e74da95476,1000100010000000
c406dfefca16,1001010000000000
c40f8022fd64,1000000010101000
c4175022f80d,1000000010000000
c4289696c77c,1000000000000000
c42d56016c96,1000000010101010
c43412ec4776,1000001010001000
c4380ce676fe,1000000010000000
c44f8ccb7370,1000000000001000
c45005ac1a4f,0100110101111010
c45917aed253,1000000000000000
c476e67e88fa,1000000000000000
c482c0e96ae3,1000010010110010
c48faaf82b48,1101101001101000
c49745d08059,1100100000000000
c4a84c9f2f2d,1100110111001010
c4b9609ccadd,1000000000001000
c4bf7623dc93,1000000000101000
c4ca06ba1c17,1000100010101000
c4d93af0a46c,1000000010101000
c4db1aea8dfa,1000000000000000
c509649e9c2e,0100101001011010
c528f94c98c6,1101000000000000
c557429287c3,1000000010001000
c55ea4495dcc,1000000010100000
c56622c95f80,1000000000000000
c5732125f7c1,1000101010001010
c586f8653832,1000000000000000
c5982decb8c2,1000100100001000
c5c58f1f8018,1110100010011000
c5cb6ff37729,1000000000100000
c5da5b59d329,1000100000001000
c5e28940f5d2,1000000000000000
c5ff536a43b5,1100100000101000
c6071fbb6eb4,1100101010101000
c62459f894aa,1000000001001010
c62c83b7e44c,1000000000000000
c648f160d1d2,0100110011001000
c65fbdb5b8c1,0100100101101010
c66853a31de6,1000010010101010
c66e3d19fd5e,1000000000100010
c6a35c52e4a5,1010100101011000
c6a75ce61c3b,0000010010010010
c6a8f2fc3225,1000101001010100
c6ae2a41c0fe,1000000000000000
c6bfdfecdad8,1000100010100010
c6c8735c9ab1,1000000010100000
c6cd57bc2295,1000110001100100
c6dd029df339,1000000010001000
c6f1e808d193,1000000000000000
c701b90e2f81,1100010010110000
c738261de363,1000100001001000
c762f581cc95,1001110101001001
c76b253c8684,1010000000000000
c7863040900c,1000000010000000
c794259c32ae,1000000010001000
c7a8bdc66fb5,1110010100011010
c7c200a9bd15,1010110010001100
c7d2334bf58f,1010100110011000
c7d2d740ac82,1100101001101010
c80d7dc6bc87,1000000101001000
c820a2b91cb7,0100101101001010
c840a49f5d7a,1100000000000000
c855c9c95930,0100100010100100
c864327fa9f5,1000000000000000
c870148704cb,1000000010000000
c8723da66bd7,1000010000110100
c879535706af,1000000000000000
c89744b55b4a,1000000000101000
c8c63f4882cd,1000000010000000
c8d902929853,1000000000000000
c90dac2153ad,1100000000000000
c925311494c9,1000000000000000
c9824e148e11,1100100000100000
c9bd4295979d,0010011010111011
c9c244d96acb,1000000000001100
c9c49c36a8f1,1010010010100000
c9dc1079a477,1000000000000000
c9ebcdfd0886,1000000000000000
c9f9ba6ea68d,1010000000010000
c9fd205e1b2d,1101100100101010
ca0e38b0b655,1000000010001000
ca18df8075de,0100000010010110
ca2bc401e7ff,1000000010000000
ca4a2038e582,1001001011001010
ca4bfe7a068b,1000000000000000
ca5e9bb592e2,1000000000000000
ca6426b553b5,1000001000100000
ca6640350813,1010000000000000
ca9c8cd8b65f,1000010010001010
ca9db785d92b,0100011001001010
caa24e4246c2,0000000000001000
cac9188f5f92,1000000000000000
cad78fb2c2e6,1000000000000000
cae02f4f8950,1100011010010100
cae804a4921d,1000000000001000
caf0abc85d97,0100010010100000
cb031e7d05a4,1000110010101010
cb05845aaa7a,1100000010010000
cb0853879c2e,0000010000100000
cb09296eb626,1000000000000000
cb108b6463ab,1000000010101000
cb12b9744906,1000000010001000
cb1bc82001f9,1100000000000000
cb2259d02d85,1100111011011010
cb76287d9956,1000000000000000
cbb079488c48,1100000010010100
cbb676b2007f,0000100011000000
cbd085b2f473,1000000010000000
cbf90f63a981,0010110110100110
cc192c2d1dc0,1000100000000000
cc1db041de1a,1000000010000000
cc560cc10a35,1000100010000100
cc57be4cf883,1000010010100110
cc7363e7c86b,0000011000000110
cc75e78a19be,1010100010010010
cc9e811bb2de,1000010010000001
cca60eae5239,1000100010100100
cca64fe4358b,1000000010101000
ccae57f5f475,1001001001001100
ccbeb80680de,1000010010101000
ccc8b642f727,1000000010000000
ccc9e982cdba,1010100010101000
cccbc6f2c525,1000000010001000
ccd2a9e48f43,0100000001001010
cce4802d6963,0000000000111100
ccef9d4812ef,1000100010101000
ccfb548e0288,1000100001110010
cd057e97ee1a,1000010010000000
cd08eae1fe68,1100000010010110
cd0a938b5a49,1100000000001010
cd0b95be7904,1000000001010111
cd0f2cf1b8ac,1000000010100000
cd1370277a08,1000100000001000
cd182fe2e464,1001001110011011
cd3962e7fd4b,0100100010010010
cd497d072230,1000000000100000
cd589ee663f6,1010000010001000
cd5917bfc785,1000100010001000
cd59d6d3222d,1001001010100010
cd779eba7b3b,1000100010101000
cd9181099f75,1001000000010010
cd9a9d8b7e0f,0100100110011010
cdb11dc8aee0,1000000000101010
cdd16aecf9f0,1000100010010100
cdf592b52110,0000000010000000
ce08592c7117,1000000000101000
ce0c18653c26,1000100010001000
ce0cb7cd2753,1000101010010100
ce0d6af3c160,1000000000000000
ce1b05289734,0100100011001100
ce24d40dcf86,1000000000001000
ce42153a4b90,1000000010100000
ce51ae403c94,1010110010101010
ce725aab14c0,1010101010101000
ce784390d905,1000000010001000
ce94ebf350e6,1000000000000000
ceb855f0efb0,1000000010101000
cecf82091bc7,1000000010000000
ced9b2ce57ba,1010000000001000
cee90a8a0c1d,1000000000000000
cf049d6caa79,0100000110001000
cf08a7118319,1100000010001000
cf30c052cd77,1000000000101000
cf3cfc7aea46,1000100010101000
cf561297d6a2,1000000000000000
cf5845d5b7e1,1000010010010010
cf63313ae652,1000000000000000
cf7d90998b89,1000000010100100
cf862602568e,1000000010000000
cf86cf140b44,0000000010000000
cf8d7a0db22c,1000000010000000
cfae211a735a,1000000010000000
cfb5b16da670,1000000000000000
cfba795767a7,1100000010000000
cfc21eae4a86,1000000010100000
cfc9b1f0d513,1000000000000000
cfd6486f8c94,1010101010101000
cfd770299154,1010000000000000
cffc498fb20c,0100010000101010
d010abe6468c,1000010010010110
d033ac83a6e2,1010110101010010
d05034e64c47,1000000000000000
d0523f8c82ab,1101100001001110
d06617d924cf,1000110010010000
d06c5b8190cf,1010100010101010
d07e3fea52aa,1000000010001000
d0879d32b785,1000100010010010
d095e0d76451,1000010010010000
d0a177fc1f8e,1100100010010000
d0a35088a0fd,1000000000000000
d0a9fd64206b,1000101001000100
d0b84f6fa94f,1000000010000010
d0c778a188ee,0000000000111000
d0cb92fb6b2d,1000100010001000
d0ced6a4361c,1000010010101010
d0d4db04637a,1000000010101010
d0e05ab01564,1000000000000000
d0e0a085b4ab,1000010010010010
d0e95ce95077,1100100010101000
d0eb3a8a1d84,0110001101011010
d0ed173fbeb5,0010110000001110
d0f4519d9e90,1000100010001000
d0fb883dfc82,1000000000000000
d11c6bc98a1f,1001100010010010
d14a3a7a5396,1100000010001000
d15adb17085c,1001001010101000
d185ffdaa2ac,1000000000000000
d188b68aaad8,1100100010000000
d1aef51906e8,1000000000101000
d1bb3510831c,1000000010000000
d1bd8de20eed,1100110010101100
d1d3ea44f112,1100101010001000
d1e53ed6f0ca,1100000000000001
d1f9b5a28e27,1000000010101000
d2126c9c9bea,0110000010100000
d2188607fa85,1000000000000000
d2247a29556e,1000000010000000
d2425874dadf,1000000000100000
d24a8dfc41a0,1000000000001100
d2537e17eeba,1000100010010000
d267ed78ed2e,1100000000000001
d282a7f05224,0100010101101011
d2a361542356,0100100000010010
d2b038819e48,1000000010000000
d2ca1b6bbf53,1010000000001000
d2ccad0fd549,1000000010000000
d2cec346d849,1010100001010100
d2dcbbe9fc4b,1100000101011010
d2e93affa6ae,1100101100011000
d31cd1378c9a,1000001000101000
d32451d0c55e,1000000010100000
d3470f836fab,1010000000001000
d363f6749e16,1010101000111010
d365cd70deb1,1000100010001000
d373e10c53ed,1000000000000000
d379076d3cc4,1010100000100010
d3d37428346b,1000000000000000
d3db06928ea4,1000101011001000
d3e0ad96fa11,1010000000000100
d3ea093affc4,1000100011000000
d3efe95c91db,1000000010000000
d3f9ae812966,1000000010010010
d4087780574c,1100100010001010
d40c9dca232d,1000000010000000
d40f0ee479ca,1100100100010010
d4120a7ba63c,1000100010000000
d419a0aa153a,0010100111100110
d4384f44c3b6,1000001010010000
d43c937ce1a6,1010101000001010
d4694ebfe167,1000000000000000
d476c9f229af,1001000000000000
d4793019282a,1000000010000000
d48aacc0d552,1000110001011000
d4e2865079c7,1000000000000000
d4eced115709,1000000010101000
d4f2b613ac72,1100101011101010
d4f411497734,1000110111111010
d4f52c9caa70,0101001010100010
d500260368b6,1000100010010111
d513cee55f47,0100101110110110
d51460e489c6,1000001001001010
d53b00845423,1000000010000000
d54919f02d69,0010000000110010
d55a77de4684,0100100010010100
d55cca249a06,1000000000000000
d56bfd0973d4,1000000000000000
d5959fc46ee8,1000010010000000
d597f2ac3c69,1001010000000000
d5a777fe6a06,1000000010000000
d5aed79defd8,1100101001000110
d5ba83c5f122,1000000000000000
d5c6ad3b4615,1000000000000000
d5e378c4a064,0100010010010010
d626b727bf7d,1010100001101010
d6339c29b0d1,0110010001000000
d66a51b1e870,1010001001001010
d674f0a1443f,1010100010100110
d6825fb78f98,1000000000000000
d692d09bfb10,1000000000000000
d69ed73eee3f,1000000010000000
d6b9f3423c99,1010110010100110
d6c4240c0471,1000000000000000
d6c6e822d23d,1000000000000000
d6ca053fe5e1,0101001000001100
d6d2a5d12b7d,1110010000100010
d6dd66a5acf0,1000100010101010
d6e7dc0421ce,1100100010101000
d6ece21ad3a2,0000000010000100
d6faaa0bc985,1000000000000000
d6fb1d92ea24,1010110101011011
d7106b1a891f,1000000000010010
d72b8bc6dc3c,1000010000001000
d7319c526e7b,1000000010000000
d737d129d62c,1000010010001010
d7382aff9ecd,1010001010001010
d738f0ea2c69,1000000010000100
d74969298068,1100101001011010
d77234df85e4,1000010001001000
d795ebae7a90,0100000010010000
d7998c26d936,1000000010101000
d7b158dca19d,1000000000001000
d7ff156e718b,1010101000100100
d803e5ac0d5f,1010001010011010
d8127e205ad0,1010100000100010
d81737d91fe0,1000000011001000
d81ff688b87e,1000000010101000
d821c8a9192c,0101010101010110
d83d816d06fa,0100110011101110
d8585747be33,1000000000001000
d85b4d81454c,1000001000000000
d8961cb14a36,1000000010000000
d89fe0940991,1000000010001000
d8ca269a5023,0010100101001010
d8e034047f29,1000100010000000
d90b2a9154d0,1000000000000000
d92baf099e12,1000110010011000
d953f80c5136,1000100010001000
d99b50d018d6,1000100000000000
d9ac046f97e1,1000100000001000
d9cb6573bc84,1000001000000100
d9dd72fce684,1000101010101000
d9ebb306ad0b,1000100001000000
d9f075f95efb,0100000010001000
d9f2ab867740,1000000000000000
d9f430f69c28,1010000010010000
d9ff731b28fe,1000000010101000
da06de86d135,1000101100111110
da0c4172e99b,1100000000100000
da109e44fec8,1000100010010100
da3114488580,0110110111010110
da35824ca252,1100101010101010
da77ec4d8e07,1000010010001000
da86b13c9188,1000000000000000
da926a572397,1000000000001100
da9e91af21aa,1000000010001000
daa8fc428b56,1000001000100000
daa960bed081,1010001010110010
dab034a0e088,1000000010000000
dab85fa98748,1000001001001000
dacacb742359,1001001010010010
dad6cc2c8235,1000100010010010
dade89d80bf0,1000000000000000
dae91f339f02,1010001010010000
dae999677c7b,1000000000000000
dafd278af33f,1100100010001100
db1deb2bb47a,0000000000101000
db3e49119e18,1000100010101000
db667dc27ab9,1000001010000000
db6a0b1bfb5a,1010001010010010
dba3d60278ba,0010001010000100
dba94679e570,1001000001001000
dbb5333cb98d,1100001010101100
dbc2b501924a,0010100010010010
dbc5cf3b3032,1000000000000000
dbd34dddd132,0100010101111010
dbd49fface7c,1100110010110000
dc30b81c5356,1000000110001010
dc31905353e1,0100010000110010
dc33e39c9af2,1000000000101000
dc34355b6fa9,1000000000101010
dc41c303593b,1000000010000000
dc52bfde9c36,1010100101011010
dc6ce43abc7c,1000100000000000
dc70138b5f6e,1000000000000000
dc7586fd3a29,0110001001001010
dc8da4db3f05,0100100100101010
dc934dc61ef8,1000010011101000
dc97de62669c,1000100010111010
dc99ffa7b28a,1000100010001010
dc9b25993a43,0100100000100010
dca352f4a652,0000000010001000
dca523aecbb1,1000100000000000
dca952070f65,1110100101011010
dcdf0be51042,1000000000000000
dce0770bc195,1100000000001000
dce254e13684,0110100101011110
dcfd993b4894,1000010010001010
dd0c09f051be,1010011010011010
dd163989cc03,0100000010001010
dd17c0e18325,1010010001010000
dd209f22a787,1000001010101000
dd89665e348b,1101011010101010
dd90e77351ea,1000100010100000
dd95d60c2c49,1000000000000000
ddb25608c561,0100110101010110
ddb602731aa0,1000000000000000
dddaac13d309,1000000000000000
dddc44bc62ea,0010100010101011
ddeff922ff11,1000000000000000
de09835205b9,1000000001001000
de1721b3d1ba,1000010010000000
de270918156f,1010100010011010
de3795b8600f,1000000010000000
de42afd1222d,0100010011111011
de75d0761948,1000000000000010
de80b4950d7e,1010101010010100
de820b5bde52,0110101101011011
ded9fbbb1245,0010101000010000
defdacc1f33e,1000000000000000
df130081ae79,0000100010000010
df177bc83765,1000000010000000
df45ac473659,1000000010000000
df5b10008f47,1000000000000000
df6173d9275c,1000000000000000
df74496b7744,1000100110010101
df9303cab348,1001000111011110
df9ea2c58f09,0100110010011000
dfa65611cd4a,1001100010100110
dfab5222be25,1111111100000010
dfbdb1b76118,0000000010101000
dfc6b95521d1,1000000000000000
dfc6ed954b6e,0100100010101010
dfd69c69909b,1010100001010000
dfe98b8cd0fc,1000100010010010
e005a0a6116e,1000000000000000
e00d6a5f219b,1010000000111110
e017235d5374,1000000000001000
e0209ef7af68,1000010010101000
e027038aef85,1010100010011010
e02e13acbfce,0100011000001000
e036a98f6993,1000100010001000
e050e5f68f00,1000000000000000
e056e7b78215,1000100000001000
e087809a3c31,1000001010001000
e09906ea82a4,1000000000000100
e0bc25c1938e,1010100010000000
e0f15ff0d8ac,1000001010101100
e0f732da9992,1000000000000000
e0f894d16021,1000010101001010
e10956bad83a,1000000000000000
e10dc612aabd,0100100010110100
e11c5cac393e,1010100010010100
e121a946385e,1000000010100000
e121a9abb915,1000001010001000
e137c25f2e56,1000000010001010
e145e9e14f74,1100101001001010
e16b61eaab04,1000000010000000
e19ec61855ad,0100100010001010
e1b4cf0bb1c5,1100000000010000
e1c797447970,0100001001001000
e1e0ea38dd3d,0000000010001000
e1e4181c7f17,1010001010110000
e1e536a4555a,1000000000000100
e2517732e702,1000000000000000
e276bc82f9b5,1101110011010110
e282de8fd5d3,1000000000101000
e284b2b5c0c8,1000100001001000
e298335c1cc3,1000000000000000
e2b4ecf31fc9,1100100110101010
e2bf5154d567,1001100101011010
e2c3e3fcc9ee,0101010001111110
e2c73f72773a,1001101001100110
e2cd6b815410,1000000010000000
e2e0dc17942d,1000100010101000
e2e264047167,0110101000110010
e2ee8017ad86,1000000010101000
e2f219e6d88f,0100100100101010
e2fce6e4bfa3,1000101011001000
e32f1af5d36b,1010100100010011
e3362ed8198c,1000100010000000
e33f4d675265,1000000010000000
e34a417d5114,1000000000000000
e34cf2300735,1010100010100010
e35130cb1288,1000000001001010
e35a948b4679,0000101000001000
e36328168ad2,1000000001000000
e3668d9bf88c,1000100010001000
e3680b6f1cae,0100110101101010
e3770aac190d,1001000010001010
e3770ed0fe24,1000000000000000
e37bc4ad4654,1000000000000000
e3810bd2b196,1000000000000000
e39e736279d4,1010011001010100
e39fee34b4e3,0100010001001010
e3a8967920cf,0100100010101000
e3a95c798d4a,1010101010111010
e3aa489e5cc0,1000000000010110
e3bc554ab13b,1000000000000000
e3ca18970f8d,1000000000011010
e3d6df81e3ca,1010000000001000
e40ea6d8364b,0100100010000100
e424884adcfa,1100011111001110
e443431e6087,1000000000101000
e4806248d137,1000000010000000
e4950fa2924d,1000000000000000
e49fb2ecfe3d,1000000100110010
e4b33ae73ddb,1000000010010100
e4b4ec3e1023,1000010000000000
e4b8be32b3c2,1010100010010000
e4bb8f9134e1,1101010010101010
e4c724344ac7,0101001010101000
e4d01c15441e,0000011000000110
e4d6140effa2,1010001010001010
e4e5fc3e6928,1011010110110110
e4f1298461b6,1011101110010110
e4f3265c616a,1110011010101000
e517f2181402,0100100000100100
e5264dc3767e,0100100010011000
e538b33518dd,1000000010000000
e54a8cddc87f,1000100110100110
e554e977b3aa,0010100001100000
e55a1c6f42ca,1100100010100000
e55cc4517413,1000100010101000
e55f180fde07,0011001001111111
e562ec88a706,0100010010100010
e565f342984c,1000000000000000
e5703c841f1f,1000000000000000
e576f8fe8a42,1100101000010000
e597a955cc81,1010000000000000
e5a83f77728e,1000000010100000
e5aa0e316014,1010100010011000
e5b934036077,1100100010010000
e5bb2b403bd2,1000000000001000
e5c7465465fe,1100100010001000
e5de687e2509,1000000000010000
e5defa418eef,1000000000000000
e5fa262b4153,1000001100101010
e5fe6cf19de6,1000101010001000
e6036f6ba1af,1000000010001000
e626b754fd1b,0100101010111100
e658650f9f1d,1000000010101000
e665ccaf05f2,1100010010100000
e66cda26fe46,1000000000100000
e67ad7ab44d7,1000000010100000
e67ff8ac0ff6,0100100010101110
e68d698670b4,1000100010010000
e6964dccd888,1000000010011110
e69ab907c53c,1000000010000000
e6a44497e405,1111010010110010
e6b4f4fbe59b,1000000010000000
e6b79f1c7a55,1010100101010010
e6d09f9b9a2b,1000010001100000
e6dbdb43de19,1100011010101010
e6dd16298992,1000000000000000
e6e1d1c08dbd,1000001010010100
e6eb76cf931e,0100000010001000
e6f2cf216135,1000000000001010
e7296e89b6e9,1000001000101010
e72a9e8e8335,0110111001011010
e746f7418d11,1100010001001010
e747a7f859c3,1100110011010100
e74ff3ca78f8,1010110110010110
e75885660dcc,1000000000000000
e775fac1f77d,1000101010011010
e778e7c7442d,1100000011001000
e78f254c4450,1000010010001000
e79056b11135,1000010010001000
e7c178fa29ce,1000000000010100
e7c5ff55ac3a,1000010010101000
e7da54a981a2,1000100000100100
e7dfe83cfb95,1000000000101000
e7e33646d6fc,1000100011011000
e81e07ea03a0,0100100010001100
e83530123472,1000000000000000
e842ad0b8f6b,1000000010101000
e86760242515,1000100000001010
e87657d49ef3,1000000000000000
e8a7a6c567e1,1000010010001000
e8c86d92d705,1100111010010010
e8eb655e38e2,1000000000000000
e8f40a13479a,1100010010101000
e91188884de4,1000100010101000
e9152deea1ae,0100101010011000
e92194d2cb55,1000000010001000
e922f0ed8070,1000001000000000
e9298f7f66d0,1000101010101000
e940c247c5b1,1000100010100000
e945d86f172a,0000100001010010
e97613bab6be,1000000000000000
e990ca9cc83d,1000000000001000
e9a306efbdac,1010100010101000
e9c5fac7eb25,1000000000001010
e9d13644fcf4,1000100010001000
e9fbe896dfda,1000001001001110
ea045628b63d,0100101010110010
ea0de92ff054,1010000000001010
ea257e94062e,1000000000000000
ea34893227a7,1000000010000000
ea37533bd5bc,1000000000000000
ea3bd3005a61,0100001001010010
ea80f182f9f1,1100100000000000
ea831b439a33,1100100010001010
ea85dbdb64af,1010001010010000
ea8f7a7235a8,1000000010001010
ea96cb30243f,0100010100101000
ea9f1962c847,0000100010001010
eaa5d744f7f2,1100100001011010
eaa6441b6d5c,1000000000000000
ead04d3cd316,1000000000000000
ead84adbda4c,1100000000010010
eae2c146318c,1000000000000000
eaed61cef276,1000000000000000
eaf8bb155bc5,0100000000010010
eb09ccee1641,1010101010101000
eb0abe91bcc0,1000001000010000
eb12c5b78a92,1100000000101000
eb14ac91c174,1100010000101010
eb4183efd5a3,1000000010100100
eb41e10b6f73,1000000000000000
eb43b75f5b29,1000001001100010
eb4734310ef5,1000000000010000
eb619e6027ce,1010100011001100
eb6786ab7e6b,1000000010000000
eb6ccf3a83c6,1010001010001000
eb7293d76728,1000000000000000
eb7f167859ca,1010100010100010
eb8943fd792f,1000000000001010
eb91b3e573de,1000100010011000
ebb5d2d6ba9e,1000100010101000
ebd4bbcc9b3e,1000000010001000
ebd76176bde7,1000000010000000
ebe1ce44a042,1000000000000000
ebe9fa6ace11,1100100010011010
ec15d78a8fed,1000010000000000
ec20880b83bd,1000000000000000
ec2e3aeb4ad4,1000100010110000
ec3481283501,1100100010101010
ec351303f53f,1000000000000000
ec6035b59ec5,1111010001001110
ec6ca0bd0dc9,0101010010010010
ec8af85a60fa,1010001001001010
eca172522509,1001000010001000
eccc71d9e925,1000000010000000
ecec59780534,1000000000000000
ecf251403648,0100101010001000
ecfb5dff8637,1000010010110010
ed008718dc99,1000000010100000
ed0883e73bf3,1000100010101000
ed12a116d7d0,1000000000101010
ed18dcd8558c,1100110100010010
ed1c2b1aad2c,1100110110011010
ed206464dc19,1000000010001000
ed294b0be75f,1000000000010010
ed575a4b8d5e,1000101011011110
ed62331d323d,1000100010100010
ed945efb1caf,0000000001010010
ee0f04f4b049,1000001010101000
ee1001257d52,1000000000001000
ee104789a5b6,0000000000100011
ee1215bf63d3,1010000010010010
ee1ee3755444,1000000001010001
ee2b97eb719d,1100100110011010
ee8b2a49b5dd,0001001010100100
ee9321decfca,1010100101101010
ee9dd0c3bceb,1000000000000000
eeddd9d7e1ee,1000000000000000
eee897eb9e91,1000000010101010
eef5130e09b2,1000000000000000
eef541e94c83,1000000010100010
eefd3132d56d,1010001010111010
ef267e9bce9d,0101001010010000
ef79466d4921,1100000000011000
ef894cfa8ae0,1000000000101000
ef90a93a3ba6,1000000000101000
efa7729b407e,1100100010010010
eff3f9d5098b,0010011010010010
f008fc1330c9,0100100001101000
f01ab44a67bd,1010100101011000
f01f0112ae69,1000000000000000
f025a7736eaa,1000110010101000
f02b3421c9fd,1001000110011010
f035e676315e,1000000000000000
f041d852bfd6,1010110101001100
f0459716b9c7,1000000010000000
f05002d56e4c,0100100000100010
f0657720e762,1000100111011010
f092d8d17269,1000000000000000
f0992f5db202,0101000100101110
f0bdae973f49,1101001101011010
f0d04339a57e,1000000000000000
f0d0bdfb77a1,1000000000000000
f0d2aa6660d4,1000000000000000
f0eb5bcf53a4,0100101010011000
f10b2481ae43,1000000010001000
f1260c1ef2ac,0110010101011010
f12a2d64dd3a,1000000010000000
f12e114e06a8,1010001001011010
f14f185f8b05,1000000010010000
f15f703cf135,1010000100110100
f16660105873,1000000000000000
f1724ebda0a3,1000000010101000
f18e513998b5,1000000010000000
f190e6d2eef0,1010011010011000
f1a3bd26a1fe,1010101001001010
f1bb35cdbc76,1000000000000100
f1d72de78291,1000101011011100
f1dd2eba4b2e,1010100101001010
f1e9305b83e4,1000000010100000
f1f6e5787677,1000100010101000
f1fbe1d762ae,1000000001001000
f209417757bb,1000000010101000
f20f08075e0f,0110010010010010
f21bc52ea0e3,1000100010101000
f2224a91dc14,1000000010000000
f24dd5be09ae,1000000000000000
f24f5d946f0e,1000000010000000
f2513d9a0c74,1000100001001000
f257b963deee,1000000000000000
f28a392217ff,1000000000001000
f28e984b75fa,1000100001010010
f291ba649ac1,0111110110101010
f29bebae9075,1000000010000000
f2a577f3a1f7,1000000000100000
f2b9e5ab1c8f,1000000010000100
f2cd44e8947b,1000010010100000
f2d7308764df,1000010010000000
f2d79b211423,1000100010101000
f2e021893d50,1000000000000000
f2e7aecfbec2,1000000000000000
f2f501a9e6b5,1000100010001000
f302612a2f99,1000100000010010
f34de0efa371,1100010010010010
f35f77b347c0,1010100010001000
f398c33a4233,0110010010010100
f3a4b466ef19,1000000010000000
f3b716d6b222,0101101100111010
f3c0543ab134,0110101101100110
f3ce941e0bb1,1000000000000000
f3e2f62af1e1,1100101011011000
f3feb70a0092,1010010001001010
f4106ada3ee1,1000000000001010
f46f8e2cde9d,1000000000000000
f48c23f71ece,1000000010000000
f49817beea37,1000010010001000
f49fc569085a,0101010001010100
f4aa8c7f783c,1000000000010010
f4b5232bbadf,1000000010000000
f4d90d343c15,1000100010101000
f4ef8b462d8d,1000000010000000
f4f48c99ccbd,0010010000100010
f50979f2d9d2,1000000010000000
f5296d6bf533,1000000000000000
f52fbde7cefe,1000101010010010
f533b12d8303,1100100010101000
f5382ff8d6fa,0110010110101010
f53c2dc3c2f9,1000000010000000
f548966ece39,1000000000000000
f54f46c1df0f,1000100000101010
f565f7e0adac,1100101010110010
f56635508108,0000000010001000
f57b18ce3d2a,1000000010100000
f5928300a6de,0101100101011111
f5b7d16542a0,1000000000000000
f5cfc448e859,1000000000000000
f5d6ede4f193,1000100010101000
f5efd91722a7,1000000010000000
f5ff67ab8fe7,1110000000001000
f608759c050d,1100110110011010
f60b8dbfe0f0,1000101010101000
f60f4182e17a,1000000010100000
f60fd29045e9,1010100010001110
f6213be5c121,1100100010010000
f623606ee420,1100000010101000
f655ddd28651,1000100010000000
f65b62335303,1000000000010010
f65bf2d16635,0010100010101010
f679c261e7a8,1000100010011000
f6959145b17c,1000100010000000
f6ae4fe1c231,1000001010000000
f6b463823e77,1000100100110000
f6ba4909b7f4,1100010010110100
f6c3079284c1,1000000010100000
f6c3c744dea7,1100101010100100
f6c4ec93a569,1000000010100000
f6d65fa4aaf8,1000000000000000
f7261621bac3,0100000010001011
f74f1f3d3af8,0100010010010010
f7708ebab4b4,1100100000001000
f7751f0b7894,1010100011001010
f777aa3579d7,1010000010001000
f778173777ff,1010001010011010
f77c1054fca0,1000000010000000
f78a60888690,1000000000000000
f7b14d2a99dd,1000000000000000
f7c15fb47cd6,1100000000000000
f7c232911d09,0011000011000100
f7ec612192b2,1000000000000000
f7ec8783a511,1000000000000000
f7ef59a50c75,1001010010010010
f7ef8b3be46e,1000001010101000
f80428b672af,0110100010100100
f811c1be92f3,1000000000100000
f81a27fff256,1000000000000000
f81fcb923392,1000010000000000
f826f541def5,1010011101010010
f82ea8bc4f88,0010001010010010
f8458a14578d,1000000010000000
f848e6c9bc39,1010000010001010
f8855d3dc092,1000000010000000
f8967b4b2d91,1100100010101000
f8a92ce37c94,0100110111011010
f8e4bf306fa2,1000100010101000
f8e970690be8,1010000010100100
f8f78c53656c,1000100000000000
f912bcba8cd1,1000000000000000
f918a9095d40,1010010000101010
f92421c3acd5,0101000110011100
f93447732597,1000100010001000
f9712f347c68,1100101010100110
f9757a3c4739,1000000000000000
f98068fc09eb,0100100100010100
f98573287b89,1000000000000000
f9857bd7957a,1000000000001000
f994daa5ae5a,0100101011100100
f9969cf65530,1000000010101000
f99a9a74f724,1000000010001000
f9abf54521b5,1000100010001000
f9aff6b3c8d8,1000000010000000
f9bc7d8aba08,1010100010001010
f9bf59456d2c,1000010000101000
f9c65b36f1b2,1000000010101000
f9d00c9dc20a,1000000000000000
f9d2beaddb7e,1000000000000000
f9de98b9cb0a,1000000000000000
f9e3bef9ca3c,0100000010010010
f9eb6dc19520,1010101000001000
fa06a99eedeb,1100000010000000
fa07908d9245,1000011010101100
fa1709983629,1001001001010010
fa3e6e18fde2,1000000010101010
fa53e4107194,1000100010100000
fa73d2c9d058,1000000000000000
fa86c3bc891d,1000000010100000
fa89a91f50ca,0100110010010010
fa924cd84ee8,1010001010001000
fa95108ec10e,1000000010000000
fae0a487a33e,1000000010001000
fb05ddc0f6d8,1000000010001000
fb33a9feed5f,1000000010010000
fb38737d8d60,1000000000000000
fb3fa3eacc2d,0000001001001000
fb6288f73b8a,1000000000010000
fb74994174e2,1000000000001000
fbc868f4f87f,1000000010001000
fbdb05ac8dcd,0110100010001010
fbf701319f71,1000010101011010
fbfd842fb43c,1000001010011000
fc205baf8234,1000000010001000
fc7710878a75,1000010010001010
fc825b1a5739,1100100000001000
fc852c257403,1000000000100000
fc94271ad3fb,1000000010000000
fcb44166844f,1110100110011110
fcb7fc2b9ef6,1000000000000000
fcc3a8177374,1000000010100000
fcc479b66e43,1000100010001000
fcea0aca0a15,1000101010101000
fcf63c9de581,1000000000101000
fd1b44bf931c,1000100000101000
fd456f50dd26,1000000000001000
fd5540ee9257,1000001010001000
fd60913e988f,0000001001001010
fd81c398bcf4,1000000000000000
fd8c7bc16404,0100001000010010
fd9d3c266d3f,1000000000000000
fdaa0c4f22a8,0110000001011000
fdb732786d72,1000000000100000
fdc537ae0e86,1000000000000000
fdcc0f3fb65b,1000000000000100
fded391148a4,1010001001011100
fe416d2d3cc0,1010101000010100
fe618383ac37,1101001010100010
fe8f3a0f898b,1000000010100000
fe9da1c79f12,0110110001011010
fed559137632,1110011010110010
fefab4632016,0110011001001100
ff0b08c85f1a,1010101010011010
ff0d7ffe1fff,1010111010011000
ff20c5633cf1,1000001000000000
ff25c2a3df96,0010100010101110
ff423d6c0342,1000101000000000
ff584b4f412f,1010100010001000
ff5b963d3c0c,1000000010100100
ff5d44155039,1010000010000000
ff666ecc4525,1000000000001000
ff69229e04de,1000000010010000
ff8273e7e64d,0101011010100100
ff86306aef89,1000100010101000
ff8f3a3824ce,1010010101011010
ffa6375a9f24,0100010001010100
ffb19897f6ee,1000100010101000
ffbda1ef5c04,1010000010000100
ffc8b2b6c343,1000001010001000
ffeef39ea227,1000000000101000
