id,deps
q2f40f80f131c0,21921 212592 214665 304196 332269
q2719e23ab04f1,3738 5643 5829 6145 6930 8410 11138 22319 23012 23137 28779
q1836e02148e91,{}
q8f5fc53a68066,{}
q3c29394633cc3,21921 212592 214665 304196 332269
qa399fd67b818d,{}
q75d58067cda15,{}
qbcef74173a999,40 92 110 501 694 707 748 782 822 947 1210
q1dcfbe92dd371,{}
q9be5405ed89dd,{}
q4f43e45d8221c,21921 89569 153431 186301 203189 212592 214665 215262 242647 304196 321488 332269 352507 362791
q51430a8fdf76e,{}
qb64dbd883cbc3,12500 13711
q532698b8a19d0,{}
q1c2fdb16011c2,35 66 68 107 131 139 203 251 303 309 460 467 468 491 500 517 524 545 551 564 582 605
q4dda283ff33c0,{}
q0b9ee51e0c0ea,186301 203189 215262 321488 362791
qbd0d0dfa12427,707 1702 2434 2761 3260 3406 3906 4044 4102 4196 4204 4693 4727
qe6ed4ff2fd1b7,7590 7653 8104 10477 11460 11728 12246 12811 16180
qde9d90bd35f62,{}
q758f8b8ed5064,16180
qeb6ba8a4a2082,9 38 130 144 157 180
qd26a10be2bf6f,21921 89569 153431 186301 203189 212592 214665 215262 242647 304196 321488 332269 352507 362791
q6fe0ea7050d74,{}
q2f999914ae9ff,40 92 110 501 694 707 748 782 822 947 1210
qc7fad4a60f912,110 782 1210
qbbeb89d1d0918,{}
q2bcd78d1d4df6,21921 186301 203189 212592 214665 215262 321488 362791
q27ccd9121db6a,3738 5643 5829 6145 6930 8410 11138 22319 23012 23137 28779
qe9db11b9c0bf9,110 147 191
qa5760c6edaad8,{}
q11de3e1104ce5,{}
qba53842bef764,{}
q2a38fdd407205,707 1702 2434 2761 3260 3406 3906 4044 4102 4196 4204 4693 4727
qd65ed2331c78b,{}
qa455e5fed49d6,{}
q75dae07e0ab4b,{}
q3373e69258e76,92 110 694 782 947 1210
qeeb307efe4d16,{}
qd9fcb7f82a200,30 115 141 172 175 243
q61787005735d7,79 118 332 415 501 605 1114 1174
q67674a7f488a6,186301 203189 215262 321488 362791
q803c3d044a5ab,10 44 46 62 106 145
qd48b9d76e3802,29 52 60 63 88 89 91 97 103 107 127 131
q9963525482e75,21921 89569 153431 186301 203189 212592 214665 215262 242647 304196 321488 332269 352507 362791
q9beacfe948697,3 18 36 55 65 78 97 143 145 147 167 188 213 229 230 244 253 275 287 302 310 360 388 413 429 435 454 460 469 517 526 549 570 601 654 669 684 701 705 731
qdbfc74b4a8530,{}
q7c1a443a86f4d,2 49
q8e9fa9b7ec6e1,{}
qfc6c0f7d8ba8d,5 13 23 25 30 31 32 33 35 43 47 50 52 56 60 61 66 68 72 76 79 84 87 95 97 107 115 116 119 126 130 131 139 161 163 167 173 178 182 203 207 214 215 230 240 246 249 251 263 273 283 287 303 304 307 308 309 318 351 358 369 377 381 384 399 403 412 422 423 424 431 433 442 446 447 453 456 460 467 468 470 478 487 489 491 492 495 496 500 507 510 514 517 518 521 524 532 533 536 545 551 558 560 564 565 567 577 579 582 584 591 605 608
q673dc8f6aa371,16180
q3fde189746880,{}
qeca010805232d,8 48 81 140 153 213
qc0840c9a09d3c,{}
q5743e9598900e,186301 203189 215262 321488 362791
qdd7fdd34f7c76,707 3406 3906
q836e4145b3d5a,35 46 60 62 66 75 91 109 112 113 122 134 145 151 154 156 158 159 178 197 201 202 223 229 238 241 252 289 295 307 329 332 335 337 343 345 361 365 370 385 389 395 400 401 405 407 413 419 423 432 436 442 455 471 479 484 486 487 493 496 497 498 518 523 546 554 565 577 579 593 606 611 621 627 647 658 659 683 687 704 715 717 721 729 737 748 752 754 779 782 784 790 799 810 816 823 831 841 844 846 879 881 893 896 903 913 916 922 925 926 937 944 946 952 966 968 972 976 988
qec9a3bbce594a,107 132 170
q4000476f03906,6930
q6fc4948a3aeb6,{}
q34f4bd4d8a8a2,{}
q413dddb002992,53 389
qc46f5446fe1ef,16180
q0485035fbf316,16180
qb766121783459,7590 7653 8104 10477 11460 11728 12246 12811 16180
q17cbdd83d8c4b,{}
q990258222e794,{}
q1a0d700fe0f5a,{}
q88d4d321cc9c8,40 92 110 501 694 707 748 782 822 947 1210
qa819a09451475,{}
qb9a02240e0193,{}
qef620ce40c54c,707 1702 2434 2761 3260 3406 3906 4044 4102 4196 4204 4693 4727
q2e730d7a06e24,{}
qa1f927c052b47,7590 7653 8104 10477 11460 11728 12246 12811 16180
q2f646f8fb97c5,707 2434 2761 3406 3906 4044 4102 4204 4693 4727
q97fd7c87524fd,{}
q747db7f13c638,{}
q0a8fa537a515c,160 326 642
q0b720cb7cf2c0,{}
q094499337e3bc,9 12 36 102 107 118 146 153 158 195 207 211 222 230 237 240 244 271 287 295 299 303 322 334 341 358 416 423 427 457 459 469 511 542 545 548 561 589 616 646 680 691 698 710 745 749 752 754 772 776 777 781 799 800 822 823 862 865 878 890 939 984 995 1007 1009 1047 1064 1095 1126 1161 1168 1201 1213 1218 1225 1230 1234 1238 1248 1261 1276 1286
q863fa74b43683,707 1702 2434 2761 3260 3406 3906 4044 4102 4196 4204 4693 4727
qa8e9451480a0b,13711
q73d2d505cf7ed,338 785 1179
q3e8490c9f8206,{}
q63f879eb894bf,{}
q4b15227392aa8,{}
qdbed059d698cc,7 32 43
q49c0bdd41ffc8,16180
qb44221e01cd57,707 2434 2761 3406 3906 4044 4102 4204 4693 4727
q353e9af92cabb,3738 5643 5829 6145 6930 8410 11138 22319 23012 23137 28779
qcddd67a5d361b,{}
q637ea4cdc7efd,40 92 110 501 694 707 748 782 822 947 1210
q7993e0d52735e,707 1702 3260 3406 3906 4196
q7b0e10cad35cb,11460
qc645188a2f23d,{}
q930be46acf675,79 118 501 1174
qcf95128365dbb,{}
q151fc0b134132,160 326 509 518 608 642 703 1015 1150 1268 1436 1504
q3d1093dd6665a,1 6 11 30 45 46 51 57 68 74 75 83 84 85 90 91 95 102 109 111 114 120 123 128 132 133 145 147 151 167 169 175 184 212 219 242 258 280 282 288 305 306 309 324 328 346 350 367 375 382 405 413 419 427 436 439 440 457 464 466 489 516 524 537 538 541 542 546 574 599 607 615 621 623 625 643 657 662 671 676 687 691 696 701 703 726 772 773 819 825 826 827 828 831 834 838 842 846 850 855 871 879 893 896 900 901 907 921 930 934 935 937 944 945 950 951 965 973 983 993 1003 1004 1032 1045 1048 1049 1052 1057 1097 1112 1157
q2a1d91e1f82b0,{}
qdcac0a901afb9,{}
qa6d24833e1b55,21921 89569 153431 186301 203189 212592 214665 215262 242647 304196 321488 332269 352507 362791
q55305ec7cb77b,{}
q22e5c313cfc86,{}
qebf85bb063548,11460
q2efd9cdcc7955,707 3406 3906
q31234073888a7,6930 22319
q8b25b89683b5b,107 132 170
qfbc91b696d8d3,{}
qa5ebd02179255,5 13 24 30 34 47 49 94
q59fa633656561,21921 212592 214665 304196 332269
q7ed598b4bf8ad,644 4786 6138 7233 8482 9402 12500 13711 14649
qd942d85275ef1,6 15 27 28 30 31 36 52 62 73 77 83 86 87 93 101 120 138 142 188 208 223 254 257 265 270 280 295 302 308 313 317 319 333 358 379 382 407 432 440 441 469 471 489 492 495 499 509 513 520 525 533 535 542 553 555 557 567 578 579 583 584 587 590 592 595 606 626 632 637 643 655 684 689 690 697 703 719 725 727 728 738 752 757 766 774 779 791 792 795 815 819 825 849 868 870 875 885 909 911 912 914 922 929 931 947 948 953 956
q4c182488e921b,{}
q1bca45df06b69,6930
qd8c75ac70cf60,{}
q9c6dc8d750800,{}
q50bc997aa2a3c,{}
q456a52499a5fa,160 326 338 642 785 1179
q3a68a783b64be,{}
qe7c800b333fc2,186301 203189 215262 321488 362791
q01326cc71da20,{}
qb58a9732dc287,42 110 147 167 175 191
q893bad3dfe57d,6930 22319
qd632acd839d27,{}
q66b29ffdf18ab,{}
q6e8200b9e2a6a,10 24 31 45 56 62
q1fe4499937ecd,707 1702 2434 2761 3260 3406 3906 4044 4102 4196 4204 4693 4727
q1caccf36bf6d7,338 785 1179
q228b8cad9c36e,21921 89569 153431 186301 203189 212592 214665 215262 242647 304196 321488 332269 352507 362791
qb55372ddecbc2,514 1378 2585 2819 3019 3070 3558 3891 4230
qb0b233b1e314b,160 326 338 509 518 608 642 703 785 1015 1150 1179 1268 1436 1504
q63003da695fd1,{}
q065f2f0d21850,21921 89569 153431 186301 203189 212592 214665 215262 242647 304196 321488 332269 352507 362791
q3a60dea6f422a,{}
q41d6238b1d323,{}
q7049113cdcce4,514 1378 2585 2819 3019 3070 3558 3891 4230
q0b85b517d1553,{}
q2bf1be4085d63,338 785 1179
q56a1665864aaa,44 46 106
q19be1fcb0227b,6930 22319
q75c35b5cdf1a1,{}
q9ae51088790c1,21921 212592 214665 304196 332269
q2dc35bf03d1d6,12500 13711
q6f972d94139fd,{}
q4f9be92c97175,30 45 46 51 57 68 102 123 128 132 151 167 169 184 212 219 258 282 305 324 346 350 367 375 382 413 419 439 440 457 464 489 516 537 542 574 607 615 621 623 625 643 662 671 676 687 696 703 726 773 819 825 826 827 828 842 846 850 855 893 896 907 921 930 934 935 937 965 973 993 1003 1032 1045 1052 1112
qf9e99704d0e2f,{}
q6e69ceecca0dd,197 208 223
q3a9db384bb798,{}
qf3e2f3a29cc49,{}
qaab0ad90930e7,{}
q4e20a48d7937d,338 785 1179
q711fcbcebe778,{}
qbb5731a41d96d,160 326 338 509 518 608 642 703 785 1015 1150 1179 1268 1436 1504
q588314514bf37,{}
qccbdf7a6b3485,79 142 868 1204 1419 1713 2381 2967 3623
q5a0897a5ea980,{}
q6899b5edb8872,11460
q6fb91a9c9729d,24 51 65 83 89 100 103 144 146 149 160 208 226 262 266 289 304 312 321 322 328 345 362 394 397 403 406 412 416 426 428 443 476 484 494 504 511 538 551 558 580 587 605 632 648 725 761 767 772 773 831 844 865 867 882 891 909 910 913 957 967 985 996 1012 1040 1060 1072 1073 1080 1100 1107 1125 1138 1139 1147 1152 1170 1171 1195 1244 1291 1304 1306 1330 1331 1337 1338 1353 1355 1387 1389 1394 1403 1404 1408 1412
qe31213c2a334d,{}
qb36bd44cca0f1,{}
q07e035e8a2bec,160 326 338 509 518 608 642 703 785 1015 1150 1179 1268 1436 1504
qee5676beb3368,21921 212592 214665 304196 332269
q16d9fcc5a1a32,{}
q84ddfc5217e77,{}
q5157a90497994,10 44 46 62 106 145
q067323c023de9,332 415 605 1114
qda01ce6dba0be,{}
q04716a8489682,{}
qd1b5ab55e1b5f,{}
q3827243579b01,{}
q555d3fe38e7bd,3 196 208
q357007d8cd880,79 118 138 302 332 415 501 563 605 790 1114 1174
qcfbf5bde7bb1c,92 694 947
q7cd9241b1ba7b,{}
qd48987629261b,{}
q6b096bb69b531,{}
qbb721f7233091,644 4786 6138 7233 8482 9402 12500 13711 14649
q50130985f53ba,3738 5643 5829 6145 6930 8410 11138 22319 23012 23137 28779
q35cbabf39ea66,173 405
q1542b6a869799,420 455 538 565 759 1236 1330 1504
qe4d41f906e6ef,30 45 46 51 57 68 102 123 128 132 151 167 169 184 212 219 258 282 305 324 346 350 367 375 382 413 419 439 440 457 464 489 516 537 542 574 607 615 621 623 625 643 662 671 676 687 696 703 726 773 819 825 826 827 828 842 846 850 855 893 896 907 921 930 934 935 937 965 973 993 1003 1032 1045 1052 1112
q83e8af9769302,11460
q56d3c82626da2,21921 212592 214665 304196 332269
q32e40a388dce1,22319
q04540bd1815fe,{}
q0fdc74db4d16e,{}
q0e35c8f30d423,{}
q1c00271c6f09a,59 245 368 494 617 740 789 798 812 822 861 871 1039 1142 1192 1248 1348 1398 1503 1528 1606 1792
q6b0e7056cf6fd,5 13 23 25 30 31 32 33 35 43 47 50 52 56 60 61 66 68 72 76 79 84 87 95 97 107 115 116 119 126 130 131 139 161 163 167 173 178 182 203 207 214 215 230 240 246 249 251 263 273 283 287 303 304 307 308 309 318 351 358 369 377 381 384 399 403 412 422 423 424 431 433 442 446 447 453 456 460 467 468 470 478 487 489 491 492 495 496 500 507 510 514 517 518 521 524 532 533 536 545 551 558 560 564 565 567 577 579 582 584 591 605 608
q1f7b1ce0f8deb,11460
q9d34b888d759b,{}
q91fa3e29cb67c,{}
q5539a7b6dd789,6930
q2d3cbc3b165d7,160 326 338 509 518 608 642 703 785 1015 1150 1179 1268 1436 1504
q6d21b6e2c8854,{}
q4dd40cbe6849a,{}
qdd48be9a6971c,707 1702 2434 2761 3260 3406 3906 4044 4102 4196 4204 4693 4727
qb7abd7326d5e1,3738 5643 5829 6145 6930 8410 11138 22319 23012 23137 28779
q5d82501543cf5,{}
qd60111f690cc1,6930
qafa5c46d010ef,{}
q6bf7a726ddcb5,76 103 106 120 126 141 146 162 188 237 241 255 262 295
q99f04f732fc57,{}
q4fa60def98a63,22319
qc19a2e8f1105c,{}
q246e9d3c4a817,92 694 947
q50adc3527aeb3,{}
q9796e07872ee0,707 1702 3260 3406 3906 4196
qb17e59773bc5d,{}
q28abe1f1bc3bf,{}
q4eeec7ba43490,{}
qf0ff612efbcc1,{}
qb5a50336d69c2,6930 22319
q9f273327e220d,13711
q2abea1069d713,{}
qf1dd3aa4d7f42,707 1702 2434 2761 3260 3406 3906 4044 4102 4196 4204 4693 4727
q27b568421a48e,{}
q563ab1a10dca6,{}
q7cc76726b2fc7,16180
q4b4cf45b6013e,{}
q047662b9a298a,{}
q74ccb402ebba2,11460
qb07842e9cc940,{}
q1e9461f072666,{}
q4680e34623372,707 1702 2434 2761 3260 3406 3906 4044 4102 4196 4204 4693 4727
qceae5ca1c5833,160 326 338 642 785 1179
q8f1c89659007e,110 147 191
q951954dba90a9,{}
q09ab1c1c38f48,{}
q1e7eb1854eda5,21921 89569 153431 186301 203189 212592 214665 215262 242647 304196 321488 332269 352507 362791
q90e0bd4202fad,20 36 240
qfeffceb61cb96,{}
qc6c683f15ae5f,{}
qdf215ad91f5e4,1 32 113 135 162 223 246 256 271 279 291 320 325 326 331 348 354 376 379 386 400 403 422 435 450 454 479 493 503 507 511 522 525 527 539 547 557 584 590 623 635 676 686 688 690 709 715 728 729
qf719fca9a0804,24 51 65 83 89 100 103 144 146 149 160 208 226 262 266 289 304 312 321 322 328 345 362 394 397 403 406 412 416 426 428 443 476 484 494 504 511 538 551 558 580 587 605 632 648 725 761 767 772 773 831 844 865 867 882 891 909 910 913 957 967 985 996 1012 1040 1060 1072 1073 1080 1100 1107 1125 1138 1139 1147 1152 1170 1171 1195 1244 1291 1304 1306 1330 1331 1337 1338 1353 1355 1387 1389 1394 1403 1404 1408 1412
q0f45453fd79c5,12500
q4bfa69f9ba442,{}
q9ee9b85e08d34,11460
qce67a0667ce80,{}
qb0c85986a7b1d,20 36 240
qa63ba77597b0f,{}
q252962eaa1d4f,21921 89569 153431 186301 203189 212592 214665 215262 242647 304196 321488 332269 352507 362791
qc5627e24b9994,{}
q285bb9c5f0f92,{}
q105187eef8dc9,{}
q9baed245f91a3,3 196 208
q9d1712e386fe3,707 1702 3260 3406 3906 4196
q885de28d4fa8c,{}
q6967c7b96d7a5,{}
qa5e15e33def01,{}
q92bc8d59ca11e,{}
q9b13d17374c4c,{}
qb53710167ff39,{}
qe5a2c78aee6ea,{}
q753924e34c94a,{}
q2be67b2c31d8b,{}
q182eb768674c6,{}
q9d5b3f7b36f91,{}
q3d40607b1586a,7590 7653 8104 10477 11460 11728 12246 12811 16180
q0ffd225f52c26,{}
q8195639b5ad4d,30 141 172
q27fa78154e973,3738 5643 5829 6145 6930 8410 11138 22319 23012 23137 28779
qa5097891d6c45,{}
q6953c78564250,21921 89569 153431 186301 203189 212592 214665 215262 242647 304196 321488 332269 352507 362791
q4b231b0831adb,7 22 32 43 81 97
qd714a9e84ea71,707 1702 2434 2761 3260 3406 3906 4044 4102 4196 4204 4693 4727
qc8ef857a2b545,21921 212592 214665 304196 332269
q863c0e600552e,{}
qdc0fd274cd82e,{}
q262f120f038c3,16180
q555767029c8b2,644 4786 6138 7233 8482 9402 12500 13711 14649
qc7222aa9a12fd,{}
q9d21cfd488d92,707 1702 3260 3406 3906 4196
q0d86de543b98a,{}
qccc3396f5759b,707 1702 2434 2761 3260 3406 3906 4044 4102 4196 4204 4693 4727
q597ae0e129189,{}
qcd5aef737041e,707 1702 2434 2761 3260 3406 3906 4044 4102 4196 4204 4693 4727
q81dcf6915a3ba,99 107 132 150 170 182
qbf3b47e0bc36e,{}
q510b5fe909f0a,644 4786 6138 7233 8482 9402 12500 13711 14649
q9c8778a5b79b0,{}
q50d6de1dafca8,21921 212592 214665 304196 332269
q7e988d15a2bc7,6 15 19 62 70 88 92 100 109 130 133 139 157 161 178 207 209 225 228 239 252 256 259 275 279 289 307 308 325 333 345 359 380 381 401 405 407 409 424 427 428 430 449 451 461 467 474 477 504 505 506 508 533 559 565 567 574 599 600 610 628 633 640 649 652 653 656 661 663 668 680 687 688 691 697 701 709 716 730 738 739 750 785 788 790 793 807 813 815 822 825 832 842 851 852 862 863 870 884 885 901 905 912 917 960 962 970 971 979 983 986 988 989 994 1009 1011 1036 1043 1044 1045 1060 1062 1066 1067 1069 1081 1114 1117 1123 1130 1132
qbccb57a41dfb5,42 167 175
q3ae488d974057,{}
qdfe7794db1079,{}
q4aa4ccafbeda5,6 7 8 10 21 24 31 33 36 45 56 62
qb67973a5800e5,707 1702 3260 3406 3906 4196
qa41d39cf242fa,{}
q92703b3088982,{}
qdcab792aa1c30,160 326 338 642 785 1179
qbb9011d048919,21921 89569 153431 186301 203189 212592 214665 215262 242647 304196 321488 332269 352507 362791
q10da1142f59ec,{}
qb9482dadb1cad,6930
q996ce2bd2557d,{}
qe97c79fb73581,{}
qbd6946d93bc10,1702 3260 4196
q961da7aa4dd25,8 48 213
q87ffb1d31ab88,10 44 46 62 106 145
q9a99aa95a27ed,1702 3260 4196
qb511e774456ba,{}
q977de085c54e6,{}
q7b90e66ea7916,21921 89569 153431 186301 203189 212592 214665 215262 242647 304196 321488 332269 352507 362791
q0e3c3fc71d1ba,16180
q062d0a6b4b0ba,47 214
q60af7606cc82d,10 24 31 45 56 62
q6862d1e04e0fd,12500
qb4e14c4eb977e,7 32 43 81
q98f9c4f384b4e,21921 212592 214665 304196 332269
q531433cc6d6c3,707 1702 3260 3406 3906 4196
qb2e880d18a37f,3738 5643 5829 6145 6930 8410 11138 22319 23012 23137 28779
qa7e655f82c26c,707 1702 3260 3406 3906 4196
q4381005bc1259,644 4786 6138 7233 8482 9402 12500 13711 14649
q18cc7aa705713,75 112 113 134 145 151 154 156 158 159 178 197 202 229 238 241 252 295 332 343 345 361 365 370 385 400 405 423 432 442 455 484 486 487 493 496 498 523 546 554 593 611 621 647 658 659 683 729 748 752 754 782 784 790 810 823 841 879 881 903 913 916 922 925 926 946 972
q8774df73dfa4f,{}
q2a0e16594f59b,{}
qe4d450f5e6cbe,{}
qe6074e6f946bc,186301 203189 215262 321488 362791
q4243538a9a110,8 48 81 140 153 213
qfdafc64e1f648,{}
q7205db7213603,38 44 64 78 111
q875024e8cba6e,1702 3260 4196
q9c4077f6df584,160 326 338 642 785 1179
q64e7d23cc2557,18 29 36 38 62 79 84 93
q806e8638cd805,{}
q9ad79d41f012c,707 1702 3260 3406 3906 4196
q374a268d25db4,{}
q43c00a0407dc2,81 87
qd50c595d63290,92 694 947
q95a9d0f321634,11460
q8968d92372fb7,8 12 18 21 23 26 27 28 32 37 38 46 48 51 54 59 66 68 72 76 77 79 84 85 90 95 100 106 112 125 128 129 137 139 142 145 152 155 157 164 168 179 181 182 183 188 193 194 202 215 217 220 224 231 232 236 237 239 240 243 256 261 267 268 273 274 278 282 283 284 297 300 310 311 312 317 328 330 332 338 342 352 357 360 361 368 389 396 397 408 410 413 423 427 430 436 443 447 452 459 469 473 497 503 511 512 513 521 523 528 534 537 542 544 545 573 579 583 588 596 598 599 602 604 605 611 617 624 626 641 642 648 653 654 658 667 672 676 683 688 694 699 704 705 725 729 733 737 742 743
qecc4b3cfcf47e,{}
qe528ad6cbf501,644 4786 6138 7233 8482 9402 12500 13711 14649
qfe4be33267be5,707 1702 2434 2761 3260 3406 3906 4044 4102 4196 4204 4693 4727
q85ab7cabc0f95,100 107 123 198 285 305
qbdbf9c9d4dcec,160 326 338 509 518 608 642 703 785 1015 1150 1179 1268 1436 1504
q6099684f02afa,107 132 170
q1bfbee07c3bc4,{}
q8b53747e6d6d0,79 118 332 415 501 605 1174
q7c2f4b8f6898d,16180
q6d7a4384e305e,21921 89569 153431 186301 203189 212592 214665 215262 242647 304196 321488 332269 352507 362791
q7223ca22b796a,186301 203189 215262 321488 362791
qe8b1f19db42b2,22 81 97
qd03e14085091c,338 785 1179
qfb382c30817c6,{}
qf7c046b7382df,1 2 7 10 14 15 17 23 24 26 31 35 37 42 43 44 51 53 61 62 64 66 70 72 76 79 81 90 97 100 104 116 124 126 129 130 131 133 136 137 140 153 163 164 172 176 179 181 182 187 191 194 195 196 197 204 207 226 230 232 234 254 256 270 271 280 285 287 288 291 292 299 302 311 312 314 315 322 324 328 332 333 334 339 344 348 351 356 363 366 371 374 376 377 382 387 391 404 416 417 425 431 436 442 445 466 472 478 479 480
qa42f85e04f07e,{}
qa9deb9964e3cb,514 1378 2585 2819 3019 3070 3558 3891 4230
qd69f2993e02d6,{}
q5bba0ca60c4ba,7 12 23 31 37 48 57 79 84 90 95 96 117 176 203 241 248 255 263 266 267 273 307 329 383 414 428 460 465 468 478 508 513 543 551 575 580 582 621 624 659 660 661 665 676 677 679 695 699 709 712 735 737
q748beead41395,21921 89569 153431 186301 203189 212592 214665 215262 242647 304196 321488 332269 352507 362791
q7a01501fa0fd9,707 1702 3260 3406 3906 4196
qccad7e3c71c7f,{}
q2185c76a88f7e,{}
q077493c06740a,{}
q7973fe85f24ef,644 4786 6138 7233 8482 9402 12500 13711 14649
qf3607b0e62da8,6 9 21 26 34 44 71 88 102 116 137 151 164 179 188 210 217 266 272 277 321 339 350 351 372 382 386 457 477 479 480 507 525 543 547 559 572 578 586 605 608 615 631
qb35cfabb83cca,6930 22319
q23de92259908e,100 107 285
qcf45e169580d6,{}
qf9bd313fc0e65,6930 22319
q2514f3d9a175a,27 42 46 47 89 94 114 119 120 126
qceef86cf9691b,30 54 66 76 80 89 91 97 101 114 127 139 148 161 182 186 208 209 213 221 254 270 278 289 298 320 323 330 331 341 347 352 361 370 390 392 404 415 418 454 473 499 515 542 547 585 603 631 644 698 708 740 771 786 810 824 854 878 879 884 896 903 913 920 925 951 967 1024 1037 1041 1052 1086 1102 1114 1133 1139 1150 1200 1233 1255 1258 1270 1286 1339 1361 1369 1407 1419 1423 1477 1478 1482 1492 1496 1503 1511 1524 1536 1552 1567
qf94c4c0c1f043,338 785 1179
q2ded37a01e9b9,{}
q81d1c461499c0,1 6 11 74 75 83 84 85 90 91 95 109 111 114 120 133 145 147 175 242 280 288 306 309 328 405 427 436 466 524 538 541 546 599 657 691 701 772 831 834 838 871 879 900 901 944 945 950 951 983 1004 1048 1049 1057 1097 1157
qdcc1a6b0d5d51,{}
q29ca0820202fc,19 58 77 171 175 204 229 287 321 327 360 375 393 409 420 460 469 538 594 602 669
qde53b82567ef8,368 617 812 822 861 1039 1248 1398 1503 1792
q7459183ff0dda,30 54 66 76 80 89 91 97 101 114 127 139 148 161 182 186 208 209 213 221 254 270 278 289 298 320 323 330 331 341 347 352 361 370 390 392 404 415 418 454 473 499 515 542 547 585 603 631 644 698 708 740 771 786 810 824 854 878 879 884 896 903 913 920 925 951 967 1024 1037 1041 1052 1086 1102 1114 1133 1139 1150 1200 1233 1255 1258 1270 1286 1339 1361 1369 1407 1419 1423 1477 1478 1482 1492 1496 1503 1511 1524 1536 1552 1567
qca601ab525243,{}
q84e3d64c8911e,{}
q0581790a10c24,{}
qf202af44f8ca7,644 4786 6138 7233 8482 9402 12500 13711 14649
q14316a1b47c5a,7590 7653 8104 10477 11460 11728 12246 12811 16180
qaeeb2e46715ee,{}
q80c8dd08325eb,2 3 27 39 49 53 89 95 96 98 114 118 121 130 134 153 160 168 180 204 205 229 239 241 245 258 263 269 271 279 292 310 329 360 364 382 385 386 427 456 463 475 494 504 505 510 514 522 557 584 594 596 611 626 669 697 746 783 813 823 843 848 862 882 927 952 959 986 992 995 1012 1022 1050 1063 1092 1096 1102 1109 1124 1153 1184 1186 1195 1196
qa05507ab32e6f,{}
qe59e72a9d2dce,6930
q3f5ca8f51862b,3738 5643 5829 6145 6930 8410 11138 22319 23012 23137 28779
qb795812e45561,{}
qe5c6aab084f52,{}
q478b93602f6a3,{}
q8f76098de6012,18 39 68 91 99 103 116 122 144 162 176 190 243 246 268 273 282 285 296 302 311 313 367 389 408 418 422 430 435 444 450 455 469 480 482 523 530 538 556 571 579 581 602 619 668 673 674 693 699 701 705 718 726 752 768 770 790 797 800 835 850 860 872 898 938 952 964 970 977 997 1051 1093 1103 1118 1131 1133 1143 1146 1154 1155 1159 1167 1171 1192 1209 1252 1282 1294 1302
q6845c3a3f360c,{}
q735c67b8b9de0,110 147 191
q90cd4d57a937f,707 1702 3260 3406 3906 4196
q4d8ae816095d2,{}
qc017dbb75bdb2,30 54 66 76 80 89 91 97 101 114 127 139 148 161 182 186 208 209 213 221 254 270 278 289 298 320 323 330 331 341 347 352 361 370 390 392 404 415 418 454 473 499 515 542 547 585 603 631 644 698 708 740 771 786 810 824 854 878 879 884 896 903 913 920 925 951 967 1024 1037 1041 1052 1086 1102 1114 1133 1139 1150 1200 1233 1255 1258 1270 1286 1339 1361 1369 1407 1419 1423 1477 1478 1482 1492 1496 1503 1511 1524 1536 1552 1567
q04803c651b541,{}
qc4ce99a3045dd,{}
q84f52f10b4ac4,{}
q94f0931215807,{}
qf04e8f58105e4,15 26 34 36 38 40 76 79
qe6198210af1f7,338 785 1179
qd1ba732c22384,{}
qdc5cb219e0d23,707 1702 3260 3406 3906 4196
q2878f1dbb513e,79 118 332 415 605 1114
q7ebc83253909e,{}
q9f2da18a7505b,6 19 62 88 92 130 207 228 252 259 279 289 325 333 345 359 380 401 405 407 428 449 461 474 477 505 533 559 599 600 628 640 649 656 661 663 680 691 697 701 730 738 785 790 793 815 822 832 852 870 884 885 901 905 912 960 970 971 979 988 994 1009 1060 1062 1066 1117 1123
q9644b2778e237,{}
qe0edae13a1721,{}
qceb8ac656d189,{}
qd6701137a4374,16180
q4aab162f3c644,186301 203189 215262 321488 362791
q5e6cdefa285e0,79 142 274 743 868 1062 1204 1338 1419 1713 2381 2867 2947 2955 2967 3457 3623 4351
q0a8d1932b3b1c,{}
qd9288f7d9d573,{}
qc2c128e641b22,77 117 175 183 204 254 327 360 383 393 409 420 460 469 538 584 588 594 602 669
qc38be55c925f0,{}
qfd58f0c7d182a,5 9 16 27 28 32 36 38 40 51 56 57 62 66
q1a6bc46edc201,12 13 16 17 18 19 23 39 47 48 50 51 58 61 77 80 84 92 112 116 117 128 129 139 140 150 153 171 172 175 179 183 204 207 225 229 240 242 253 254 256 273 276 278 280 283 286 287 288 304 311 313 321 323 327 336 339 350 360 374 375 383 386 391 393 398 409 410 420 422 423 426 428 431 433 443 447 455 459 460 469 490 496 500 501 503 513 515 520 523 527 530 531 538 546 549 552 562 566 576 577 584 588 594 602 606 611 619 623 628 631 642 645 649 650 655 657 659 669 675 679 682 683 684 686 690 705 711 713 723
qa3d7d565d1191,{}
qc5da882b34263,31 73 122
qe9928a668eea3,13711
qac6cc80bb257f,{}
qa7c5b7348aa5d,644 4786 6138 7233 8482 9402 12500 13711 14649
q90633159f270b,21921 89569 153431 186301 203189 212592 214665 215262 242647 304196 321488 332269 352507 362791
q253d85b872456,{}
q895de77eff9d1,{}
q42ab9a86661dc,707 1702 2434 2761 3260 3406 3906 4044 4102 4196 4204 4693 4727
qd32afe260811d,110 147 191
q24577b69194a9,{}
q5499b8158e28f,21921 186301 203189 212592 214665 215262 321488 362791
qfc7cdca858087,268 462
qe64ae2c271e42,14 31 47 59 60 69 79 81 95 96 112 114 137 182 224 247 249 252 278 286 338 358 370 382 386 388 422 445 475 481 496 529 534 539 583
qb52b29ab498f0,16180
qae4ea0ee8443c,8 48 213
q358c0453ed6e2,{}
qe4239a91dc170,6 8 9 15 36 54 57 58 69 75 97 105 118 123 158 160 183 201 207 210 234 239 249 278 291 300 334 339 382 403 404 409 412 428 438 445 475 487 493 506 515 542 561 592 597 612 616 618 666 680 709 744 746 761 765 783 820 861 862 888 905 911 949 952 956 973 982 984 999 1016 1031 1035 1043 1065
q08d3fc9990453,110 782 1210
qa9cbae3840bff,{}
q3df93dfa58458,7590 7653 8104 10477 11460 11728 12246 12811 16180
q4f39e72d224ca,12500
q540bb2cd62308,{}
q2353d6fe8137b,160 326 338 509 518 608 642 703 785 1015 1150 1179 1268 1436 1504
qa8c451acafe69,{}
q6c41be8afc7f7,{}
q0bdffb5362c07,{}
qe446e86de3373,21921 89569 153431 186301 203189 212592 214665 215262 242647 304196 321488 332269 352507 362791
qf38725c6a184d,{}
q699e30baa0ac6,{}
qa322ff8eab393,{}
qf5a61da00c508,8 48 213
q1eba8e37d159a,{}
q6aa8c41c06378,20 36 240
q2a3e1078eb955,186301 203189 215262 321488 362791
q3cc496a5f59db,160 326 338 642 785 1179
qa0904c8dea958,52 212 325 406 428
q50636fc42dd65,11460
q4819d2e0f1ed8,3738 5643 5829 6145 6930 8410 11138 22319 23012 23137 28779
q002a229325e3e,6930 22319
q3e2eb660d2c52,707 3406 3906
q3418d5ba06f02,{}
q550228dd17505,{}
q1cc25fbd117a7,{}
qab82d0a5e0110,6930 22319
qf3565f0a1e4bd,707 1702 3260 3406 3906 4196
q91fe0ee9bd194,{}
q2ed84d1c82fb0,{}
qd6008c29b32a0,{}
q0e9e0d05567a4,338 785 1179
qe81dc7c6aa3e5,160 326 642
q2d02d02a6e55e,12500
qea124af1f3fad,186301 203189 215262 321488 362791
q7a3872ed7829f,{}
qb3dc3da8b85cb,12500 13711
qe45c6702a20c8,{}
q43a0e1361f557,11460
q4691ed03e03d5,12500 13711
q7863f8f4b0c02,28 29 47 64 86 97 117 144 180
q92af0c5b57c86,{}
q870d12bf28896,7590 7653 8104 10477 11460 11728 12246 12811 16180
q33462df3735f7,{}
q71c89dd3c9672,186301 203189 215262 321488 362791
qc058f0654cb19,{}
q8c6ff80b641b9,79 118 501 1174
q5b8095daedbb7,9 12 36 102 107 118 146 153 158 195 207 211 222 230 237 240 244 271 287 295 299 303 322 334 341 358 416 423 427 457 459 469 511 542 545 548 561 589 616 646 680 691 698 710 745 749 752 754 772 776 777 781 799 800 822 823 862 865 878 890 939 984 995 1007 1009 1047 1064 1095 1126 1161 1168 1201 1213 1218 1225 1230 1234 1238 1248 1261 1276 1286
q12d0e1a288167,21921 89569 153431 186301 203189 212592 214665 215262 242647 304196 321488 332269 352507 362791
q61baf65321858,19 35 46 66 83 91 94 95 130 141 214 230 244 257 299 306 307 348 358 399 414 421 423 427 429 449 455 456 501 534 538 555 582 592 599 612 620 638 664 677 685 686 702 709 714 719 729 739 755 756 762 784 805 814 844 868
q0ca16fd71421d,12 14 16 35 37 38 42 44 56 68 78 98 102 108 110 113 148 151 152 155 161 165 183 186 197 198 227 230 232 240 263 267 273 275 281 286 305 312 320 355 366 369 386 404 412 422 423 482 500 503 516 530 558 562 577 600 605
q063969384d1d5,707 1702 3260 3406 3906 4196
q081064e19bc3c,21921 212592 214665 304196 332269
qf15b4b6d93824,{}
q8872facb56b6a,24 34 47 94
q4ec916ecba967,11460
q5aa56630f493b,6930 22319
q8534c001b3ebe,160 326 642
q06143e36fd80e,{}
q984c1d9ba414f,{}
qe822f73e08a55,1702 3260 4196
qdc8306e52338c,{}
qce0baf63d9ada,{}
q3f488d4d5a269,6 19 62 88 92 130 207 228 252 259 279 289 325 333 345 359 380 401 405 407 428 449 461 474 477 505 533 559 599 600 628 640 649 656 661 663 680 691 697 701 730 738 785 790 793 815 822 832 852 870 884 885 901 905 912 960 970 971 979 988 994 1009 1060 1062 1066 1117 1123
qa2c2c63c3851c,9 12 36 102 107 118 146 153 158 195 207 211 222 230 237 240 244 271 287 295 299 303 322 334 341 358 416 423 427 457 459 469 511 542 545 548 561 589 616 646 680 691 698 710 745 749 752 754 772 776 777 781 799 800 822 823 862 865 878 890 939 984 995 1007 1009 1047 1064 1095 1126 1161 1168 1201 1213 1218 1225 1230 1234 1238 1248 1261 1276 1286
q326de5fbba1ff,{}
q77c1e40ce6aea,{}
q294b0a94fb242,{}
q0a52896840c0c,{}
qab4b1c7c8aee9,{}
qd2aac9302a001,{}
qa8a555a249df1,{}
q3eae73edfd111,{}
q145c4159080fd,1702 3260 4196
q3ae42e34c49c3,1702 3260 4196
qbfff20f1f890f,{}
qb6cbc197313d0,52 60 88 96 97 103 127 129
q6912ac6941767,707 1702 2434 2761 3260 3406 3906 4044 4102 4196 4204 4693 4727
q03a079beba8fd,{}
q997d531b393a9,12 14 18 31 47 54 59 60 69 77 79 81 94 95 96 107 112 114 137 145 157 164 182 190 198 200 209 220 224 243 247 248 249 252 262 278 281 286 297 302 322 338 358 370 376 382 386 388 395 399 416 422 445 449 475 481 487 488 492 496 497 511 529 534 539 558 583 599 606 607 614 616 617 622 628 634
q5c24bb87790c3,{}
qad07aa74d6534,79 118 501 1174
qbe0ea984b42b2,707 1702 2434 2761 3260 3406 3906 4044 4102 4196 4204 4693 4727
qf3bd1557d7edf,{}
q83169ae9847ea,7590 7653 8104 10477 11460 11728 12246 12811 16180
q6a974718103ed,{}
q572b921954534,707 1702 3260 3406 3906 4196
qdb6890051e4ea,11460
qcef6cfc90dce5,{}
qaa4054aa6ec83,6930 22319
q6940606a1c01c,160 326 642
q877e86fc12066,{}
q6406ca09276ee,111 303 365
qd3ef9f85a16cd,{}
qb4bfc68c305c9,186301 203189 215262 321488 362791
q08f9e043cbe52,{}
q6f569a7d92d13,8 48 81 140 153 213
q07a02a45cc590,1 26 54 56 71 216 274 306 379 400
q1b17452066a28,99 150 182
qfefb1de1abb1c,332 415 605 1114
qca1f5653ff142,{}
q43c48e0056851,{}
q8f01878715552,{}
q446def602eadf,8 48 213
qb4e67a3b1fcf3,{}
q0436b84f43cd2,{}
q61b7ad6aeb9bf,6930
qa19e7678f4017,{}
q5ec4d0fec337a,21921 89569 153431 186301 203189 212592 214665 215262 242647 304196 321488 332269 352507 362791
q8b6b87fdd04f4,21921 89569 153431 186301 203189 212592 214665 215262 242647 304196 321488 332269 352507 362791
q94cb6f73fac5f,100 107 285
qd817f2db869ab,12500
q73fa3ab63f227,{}
qf8bfbb3876f09,186301 203189 215262 321488 362791
q6d1291bbbe227,{}
qe4d6aee53a453,{}
q81cbeeb08ac45,{}
q2d4c8d0d8d8e4,99 150 182
qf4d618f86f1d5,79 118 501 1174
q329d41de063b7,8 48 213
q5394d536ef4fb,{}
q0ccad723bb135,1702 3260 4196
q8ddbcc96318ae,{}
q6002bc78d5995,52 377
q5b61c8fcde6a6,16180
qa92b13c9aee6c,{}
q9544935bd2c85,110 147 191
qd2acaab5e53c0,11 47 69 80 86 110 119 132 139 174 247 263 279 306 307 334
qd181e42c3fdb1,6930
q7c485efe102e4,{}
qea841814c9124,3738 5643 5829 6145 6930 8410 11138 22319 23012 23137 28779
q5e0eb24c78800,{}
q96defc6a6b35c,{}
q3de3533542559,3738 5643 5829 6145 6930 8410 11138 22319 23012 23137 28779
q535435674dea8,{}
q972fb234346da,107 132 170
q41f15dce6711e,22319
qa643d637554d9,32 96 197 208 220 223
q00706e00e7494,{}
q9592ae2b75cc3,707 1702 2434 2761 3260 3406 3906 4044 4102 4196 4204 4693 4727
q688102fba4c5d,20 36 240
qbbc7f2176b64e,40 92 110 501 694 707 748 782 822 947 1210
q20fd4119080fe,274 743 1062 1338 2867 2947 2955 3457 4351
q60483b6a3aeb3,{}
q33ae6743eda42,{}
q08ff25d6b9762,{}
q5f62f4347e0c5,76 103 106 120 126 141 146 162 188 237 241 255 262 295
q9669adf5af753,{}
q423ea07fefdec,8 48 213
q66d8a5d931fc2,43 44 66 126 133 136 207 366 387 416
q1a507cdb5b74b,707 1702 3260 3406 3906 4196
q51598dd953018,35 66 68 107 131 139 203 251 303 309 424 446 460 467 468 491 500 517 524 545 551 564 582 605
q89ce3c6c1d8bf,35 66 68 107 131 251 309 467 468 491 517 524 564 582
q80507c28bb8e0,10 44 46 62 106 145
qdbbc741bd26a1,{}
qf6b0ab1c8cb15,200 343
q1b748e2ae9b94,707 3406 3906
qcd9303f086e86,{}
q3808372add883,186301 203189 215262 321488 362791
q625d59ccda92a,8 38 46 79 125 128 182 273 283 330 332 352 361 389 396 534 624 743
q0823b9fcb61e2,{}
q958df85539511,644 4786 6138 7233 8482 9402 12500 13711 14649
q36e42ac881ff8,197 208 223
qfb3475d48b24e,{}
q7ece33d940110,{}
qb43b176c1d4a9,16180
q4920d68336869,707 1702 3260 3406 3906 4196
q5ff1871a8fb13,11460
q2c09678deb2fd,6930
q168acb6731e09,{}
q850accf1eee7f,32 197 208 223
qad1f47bf28449,3 4 6 10 16 24 28 32 34 38 40 45 47 50 55 66 70 71 73 74 77 90 96 103 107 110 127 134 137 138
q91f79d3e7fa69,{}
q1cb8174d46399,{}
q0558b5a3748bb,{}
q3f24c489ee30b,64 168
qed80c082d26c6,{}
qed4ec8406a7dc,{}
q92fe992f4b817,22319
q224ab94c10663,16180
q523aee29cd831,16180
q4fb6969d19dd1,{}
q3b44c733ba94c,{}
q2556c07d06ec4,92 694 947
q3b330a7bbe173,20 36 240
q93d89afb76384,7 22 32 43 81 97
q6414cfd4fa884,35 66 68 107 131 139 203 251 303 309 460 467 468 491 500 517 524 545 551 564 582
qb8d7756f77353,16180
q3dbee88657d65,{}
qc65dcd4d33661,{}
q83231fd3e07b7,6930
q2fcf59fb6cde9,707 1702 2434 2761 3260 3406 3906 4044 4102 4196 4204 4693 4727
qd91dd505d705f,11460
q861a04eded08e,{}
q3aa3e905118dc,81 140 153
q1d133db86b63d,6 19 62 88 92 130 207 228 252 259 279 289 325 333 345 359 380 401 405 407 428 449 461 474 477 505 533 559 599 600 628 640 649 656 661 663 680 691 697 701 730 790 793 815 822 832 852 870 884 885 901 905 912 960 970 971 979 988 994 1009 1060 1062 1066 1117 1123
qf98bd64c39143,{}
q82543acbbe074,{}
qf1bf1a2a1d76c,7590 7653 8104 10477 11460 11728 12246 12811 16180
q29c7013919b98,{}
q67bd1009d8ce3,{}
qe4b946b27e687,21921 212592 214665 304196 332269
qa615fc0268d41,644 4786 6138 7233 8482 9402 12500 13711 14649
qcc70b51c55b61,15 28 30 36 62 83 86 120 138 188 208 254 257 265 280 317 319 333 358 379 382 432 441 469 489 492 495 509 513 533 553 555 557 567 578 583 584 590 592 595 626 632 643 689 690 703 719 725 728 738 752 757 779 795 815 825 849 870 909 914 922 929
qaf95683a7acda,5 13 30 49
q3a0d134d0968a,99 107 132 150 170 182
q6f8c7676af429,{}
q0172740cc839e,{}
q275757d95edad,6930
q70838008d442e,{}
q42e45e5ffb914,707 1702 3260 3406 3906 4196
q2b6db11102982,79 118 501 1174
qa48af6a561613,644 4786 6138 7233 8482 9402 12500 13711 14649
qbd92112691c74,{}
qd82c100e8e930,21921 212592 214665 304196 332269
q27884d1961c87,186301 203189 215262 321488 362791
q67d57861b71e0,16180
q70ccdced3db68,12 13 16 17 18 19 23 39 47 48 50 51 58 61 77 80 84 92 112 116 117 128 129 139 140 150 153 171 172 175 179 183 204 207 225 229 240 242 253 254 256 273 276 278 280 283 286 287 288 304 311 313 321 323 327 336 339 350 360 374 375 383 386 391 393 398 409 410 420 422 423 426 428 431 433 443 447 455 459 460 469 490 496 500 501 503 513 515 520 523 527 530 531 538 546 549 552 562 566 576 577 584 588 594 602 606 611 619 623 628 631 642 645 649 650 655 657 659 669 675 679 682 683 684 686 690 705 711 713 723
q80a854632580a,277 488 574 1437 1443 1701 1913 2028
q1a0a3a0b23bc4,{}
q5ea7ff332dafd,{}
qddbb06a9dfc5b,{}
qe3a4c94802944,338 785 1179
q855caffdc437e,20 36 240
q6a844661eca13,{}
q2cb8eb6cb2284,110 147 191
qd1f52f03d2401,2 7 11 18 21 29 31 37 42 52 57 62 63 69 70 72 75 78 90 93 96 97 105 113 127 128 129 131 138 140
qe949283f985f8,21921 89569 153431 186301 203189 212592 214665 215262 242647 304196 321488 332269 352507 362791
q6e28e6b66b4bb,707 3406 3906
qd369da6139519,{}
q2b7fd26c635fd,{}
q2b6f627964394,160 326 642
q35485dd74a381,20 36 240
q6218dac53c12a,{}
qbc0b275f49f74,6930
q439c970408dc5,21921 212592 214665 304196 332269
qf95171b366004,644 4786 6138 7233 8482 9402 12500 13711 14649
qb61232c3a2378,186301 203189 215262 321488 362791
q97502967b5f6f,707 1702 2434 2761 3260 3406 3906 4044 4102 4196 4204 4693 4727
q09375d374c796,40 92 110 501 694 707 748 782 822 947 1210
q32406db6ce3dd,11460
q5613528175dda,{}
qa98a925a2aeae,160 326 338 642 785 1179
q0905936122d8d,35 113 230 240 275 366 386 412 516 558 562 577 600
q1c1709b8c88b0,178 391
qe64795597a05d,21921 212592 214665 304196 332269
qa6e39696a0614,{}
qac5334e506744,{}
qc9dc4ad0ef05c,{}
q739faf12e1aca,{}
qbf1ec2081545b,{}
qec64f5ace6a10,21921 212592 214665 304196 332269
q3e478b7e36dab,6 9 21 26 34 44 71 88 102 116 137 151 164 179 188 210 217 266 272 277 321 339 350 351 372 382 386 457 477 479 480 507 525 543 547 559 572 578 586 605 608 615 631
q8f60a7f55cdca,{}
q41c6c48ff67bd,79 118 138 302 332 415 501 563 605 790 1114 1174
q257d0b7d61681,{}
q55ad19ead9029,186301 203189 215262 321488 362791
qe3352d95246a3,{}
q9ba87a0e5329c,{}
qa470e73320e5a,{}
qbc97b2e8e0de4,{}
qc795ff9db5e71,160 326 338 509 518 608 642 703 785 1015 1150 1179 1268 1436 1504
qcfdf2f1bc29b6,{}
qa653e71fbafb1,167 175
qd68e759958766,{}
q89e5e3e00d526,{}
q14200265fa631,6 19 62 88 92 130 207 228 252 259 279 289 325 333 345 359 380 401 405 407 428 449 461 474 477 505 533 559 599 600 628 640 649 656 661 663 680 691 697 701 730 738 785 790 793 815 822 832 852 870 884 885 901 905 912 960 970 971 979 988 994 1009 1060 1062 1066 1117 1123
qe6b2c43f4ff5a,707 3406 3906
q7d174bbfd5f36,707 1702 2434 2761 3260 3406 3906 4044 4102 4196 4204 4693 4727
q8a629a5eeeeb1,8 48 213
q00328b92c5b15,{}
q47711604f5ee4,21921 89569 153431 186301 203189 212592 214665 215262 242647 304196 321488 332269 352507 362791
qf6b7aa992d334,11 12 26 32 41 70 80 81 104 112 128 139
q62a8829bc2b18,{}
qec2e4ec6049d9,186301 203189 215262 321488 362791
q715b4e7882c7e,{}
q858a86234b625,6930
q959f4b8f8c797,{}
q25e13ce443a79,{}
qe5812b99deef3,{}
q7e16cc5dfb72e,{}
qd598ed818268b,{}
qdefb355182d75,{}
qb4b8a556261e5,{}
q57e0284413a6b,{}
q3fa45c0588e21,20 36 240
q03d851b114378,8 12 18 21 23 26 27 28 32 37 38 46 48 51 54 59 66 68 72 76 77 79 84 85 90 95 100 106 112 125 128 129 137 139 142 145 152 155 157 164 168 179 181 182 183 188 193 194 202 215 217 220 224 231 232 236 237 239 240 243 256 261 267 268 273 274 278 282 283 284 297 300 310 311 312 317 328 330 332 338 342 352 357 360 361 368 389 396 397 408 410 413 423 427 430 436 443 447 452 459 469 473 497 503 511 512 513 521 523 528 534 537 542 544 545 573 579 583 588 596 598 599 602 604 605 611 617 624 626 641 642 648 653 654 658 667 672 676 683 688 694 699 704 705 725 729 733 737 742 743
q4f28f4263b973,11460
q09ff10f08913e,{}
qf4a13771de387,{}
q7278086929e93,707 1702 3260 3406 3906 4196
qb3557baa5976e,12 25 31 92 93 116 192 197 199 230 264 267 268 270 278 382 419
qd1cdf8ec8c5ba,79 118 501 1174
qbff0b8347e789,{}
qd0191fa8f0bee,21921 89569 153431 186301 203189 212592 214665 215262 242647 304196 321488 332269 352507 362791
qb4eedf70ac6c8,3 47 64 65 110 112 114 121 129 165 168 180 195 214 215 222 235
q92ffce7a4fe69,1702 3260 4196
qfca64c431cda9,2 4 6 10 11 13 22 24 30 39 40 44 46 53 55 57 63 64 65 66 73 75 81 87 95 96 101 103 104 105 106 111 116 118 123 125 149 150 154 156 157 167 169 175 179 187 188 190 192 196 198 200 236 244 255 259 277 278 279 281 282 286 295 300 302 308 314 321 324 325 326 330 335 338 339 341 342 343 347 351 361 363 364 366 374 376 380 383 391 401 406 408 420 421 424 428 438 442 443 448 451 452 456 457 462 466 467 477 484 485
q0f5ff8c59c377,115 175 243
qc569fcb8dab66,64 75
q9ef933b7e69b4,28 1014 1672 1689 2190 3276 3419 3590 5409 5690 5794 6016 8322
qeb65b70ad1ba9,{}
q835ea97ea0bca,8 12 18 21 23 26 27 28 32 37 38 46 48 51 54 59 66 68 72 76 77 79 84 85 90 95 100 106 112 125 128 129 137 139 142 145 152 155 157 164 168 179 181 182 183 188 193 194 202 215 217 220 224 231 232 236 237 239 240 243 256 261 267 268 273 274 278 282 283 284 297 300 310 311 312 317 328 330 332 338 342 352 357 360 361 368 389 396 397 408 410 413 423 427 430 436 443 447 452 459 469 473 497 503 511 512 513 521 523 528 534 537 542 544 545 573 579 583 588 596 598 599 602 604 605 611 617 624 626 641 642 648 653 654 658 667 672 676 683 688 694 699 704 705 725 729 733 737 742 743
q4c7d8c3d3258e,{}
qca526a482502f,21921 212592 214665 304196 332269
qda3423d726462,{}
qdaa2bc23eda5a,123 198 305
q5996f8a7675ba,40 110 501 707 748 782 822 1210
q2d0ff36f4b8d2,329 362
q6883614d2b238,42 110 147 191
q99649124f0de9,12500
qc96098258ad63,{}
qda354b64dc675,99 150 182
qe793a97164351,160 326 642
qfdecd72aa4d67,18 39 68 91 99 103 116 122 144 162 176 190 243 246 268 273 282 285 296 302 311 313 367 389 408 418 422 430 435 444 450 455 469 480 482 523 530 538 556 571 579 581 602 619 668 673 674 693 699 701 705 718 726 752 768 770 790 797 800 835 850 860 872 898 938 952 964 970 977 997 1051 1093 1103 1118 1131 1133 1143 1146 1154 1155 1159 1167 1171 1192 1209 1252 1282 1294 1302
q91c004929549c,160 326 338 509 518 608 642 703 785 1015 1150 1179 1268 1436 1504
q8c8e93605da34,{}
q9c8410e8241a2,1702 3260 4196
q462d7ac0e88c0,{}
q83cc38410a6dc,2 192
q11af4d4b09330,160 326 642
q35746e93f7e42,21921 212592 214665 304196 332269
q904268e296048,1702 3260 4196
q18d7078b1818e,6930 22319
qbba7370dc3d07,274 743 1062 1338 2867 2947 2955 3457 4351
q03cbcbfdd365b,{}
qdd29939889a4c,{}
qc5ffc01858bc5,12500
q45d66634c2275,{}
q8596407cae6e8,3738 5643 5829 6145 6930 8410 11138 22319 23012 23137 28779
q4752e9e89a6fa,{}
q723e3b728b1a4,{}
q47233f4a3f418,6930 22319
q8615da7b56ad9,8 38 46 48 79 125 128 182 273 283 330 332 352 361 389 396 534 573 624 743
qa850504f54fff,{}
q6dcd613aca723,186301 203189 215262 321488 362791
qe953791adb5e9,{}
q96d401c9b07e3,20 238 335
q70720dca63faf,338 785 1179
qfbca77777666f,6930
q63a294fa3df41,{}
qc5056903beb81,707 1702 2434 2761 3260 3406 3906 4044 4102 4196 4204 4693 4727
q1c340a0fd2dbc,1 2 3 4 7 8 16 26 37 38 39 41 48 50 64 66 68 69 82 85 86 91 107 111 120 121 125 130 134 143
q07c7300a1e0cb,13 18 22 25 27 35 39 42 46 47 50 53 54 63 64 65 67 69 76 84 88 89 94 101 114 119 120 126 129 137
q712269bdce93e,{}
q6f25e3d8801b2,22319
q5e23a5fe0c2fc,107 132 170
q5496cb7444d76,30 115 141 172 175 243
qd0c01539bd460,160 326 338 509 518 608 642 703 785 1015 1150 1179 1268 1436 1504
qf436fe615d4a2,{}
q2955e782acd32,{}
qa589fa9519b2b,{}
qdf09f9f8a1cb4,{}
qc79e21ee01a7f,{}
q30f5d0efdb196,9 12 24 31 35 39 53 62 102 119 138 139 146 156 160 184 208 213 220 233 293 312 327 335 350 352 394 429 458 463 464 491 494 527
q47992a9017bbb,{}
q0c1818abf7323,{}
q5cc663d9ba7ee,{}
q99bb97597b2b4,5 13 23 25 30 31 32 33 35 43 47 50 52 56 60 61 66 68 72 76 79 84 87 95 97 107 115 116 119 126 130 131 139 161 163 167 173 178 182 203 207 214 215 230 240 246 249 251 263 273 283 287 303 304 307 308 309 318 351 358 369 377 381 384 399 403 412 422 423 424 431 433 442 446 447 453 456 460 467 468 470 478 487 489 491 492 495 496 500 507 510 514 517 518 521 524 532 533 536 545 551 558 560 564 565 567 577 579 582 584 591 605 608
q47733d22a90c9,16180
q005d413c82a30,186301 203189 215262 321488 362791
qe1837d7a246b6,{}
q0972a937e4637,{}
q0f83a2c2934d4,{}
q1c6acd0a663a6,160 326 338 642 785 1179
qb4c20b7b297f0,6 15 27 28 30 31 36 52 62 73 77 83 86 87 93 101 120 138 142 188 208 223 254 257 265 270 280 295 302 308 313 317 319 333 358 379 382 407 432 440 441 469 471 489 492 495 499 509 513 520 525 533 535 542 553 555 557 567 578 579 583 584 587 590 592 595 606 626 632 637 643 655 684 689 690 697 703 719 725 727 728 738 752 757 766 774 779 791 792 795 815 819 825 849 868 870 875 885 909 911 912 914 922 929 931 947 948 953 956
qfe381c2d3de9d,8 26 27 38 46 59 66 68 79 85 125 128 129 182 183 188 231 236 240 268 273 283 330 332 338 352 361 368 389 396 397 408 447 452 497 503 534 544 579 583 611 624 641 658 667 672 688 729 733 743
q4a31c7d3f6004,1 3 8 12 26 32 39 41 48 52 53 57 65 73 74 78 93 104 130 131 137 145 146 162 167 186 187 203 204 205 218 225 229 232 251 254 263 265 274 304 305 306 314 320 322 339 348 360 383 387 400 405 419 423 442 447 449 455 466 469 492 497 511 516 518 538 561 568 574 607 608 609 610 613 618 619 620 632 634 641 646 650 669 700 703 722 733 751 753 759 760 771 787 795 798 812 824 837 838 847 850 856 860 887 888 889 906 935 941 956 957 986 994 1006 1011 1012 1016 1018 1029 1051 1057 1060 1064 1069 1083 1086 1088 1116 1144 1150 1156 1157 1165 1172 1177 1186 1193 1194 1195 1200 1203 1204 1206 1208 1214 1219 1221 1224 1225
q04b54c8965d59,79 118 501 1174
q0bae575219a5c,40 110 501 707 748 782 822 1210
q5d9a98e492931,6930
q73cf2803ed433,{}
q73674f3e85542,{}
q5f7c0421a71e5,{}
q8a8fa268f168f,{}
q1e1ed26e8cc02,{}
q372b1be59619b,1702 3260 4196
qd2fd9c93d829c,11460
q8f815b40f1c4d,20 36 240
qa86b7f9a2a28a,3738 5643 5829 6145 6930 8410 11138 22319 23012 23137 28779
q8553fbf32199e,{}
q3d914f03c3f75,{}
q686a7815b1f1b,{}
qf2284e80fb1da,{}
qc26bbf3fbf069,100 107 285
q852586ef98651,707 1702 3260 3406 3906 4196
qf5f5f26697ecc,22319
qea4c3a9a192af,{}
q54ccbd53396ea,{}
qff46f91b0f590,{}
q094b7c8f8960e,11460
qd5c8415cbe98c,40 92 110 501 694 707 748 782 822 947 1210
q1c21aad91e116,277 488 574 1437 1443 1701 1913 2028
q70bdc533c213f,21921 89569 153431 186301 203189 212592 214665 215262 242647 304196 321488 332269 352507 362791
q1f963fee2e32b,12500
qe240344e41e62,{}
q5b1ee89fdd4cb,79 118 501 1174
q396e089ceb54e,{}
q6f64405c69678,101 289
q00c47fcbbba8d,{}
q0a1162b98e234,7590 7653 8104 10477 11460 11728 12246 12811 16180
qed7c4505049a8,21921 89569 153431 186301 203189 212592 214665 215262 242647 304196 321488 332269 352507 362791
qc145d0c0d33b3,{}
qc695c8e09c9c7,44 46 106
q6c118f81af002,{}
q9e8183637fffe,{}
q3b0f689160715,12500
q9223a9bced856,186301 203189 215262 321488 362791
q7b20439b94c58,1136 1697 2161 2658 3232 4105 5004 5329 5426
q22acc66467288,{}
q6f651d21f8520,{}
qc7ecf645bfb5c,197 208 223
qc3762098b9eca,1702 3260 4196
q60ea1c3642815,7590 7653 8104 10477 11460 11728 12246 12811 16180
qb8b9f831e417e,{}
q7ff89a353a422,{}
q699bb265e1c40,338 785 1179
q367e91c2fd023,{}
qb4d329bf6badb,{}
qd1de7507d1824,21921 89569 153431 186301 203189 212592 214665 215262 242647 304196 321488 332269 352507 362791
qa31cb38ee7106,5 15 21 26 34 36 38 40 41 45 47 66 73 76 77 79 86 92 98 105
q44e75ead91695,{}
q50abdbc0ec125,6930 22319
q299f3b27d0d44,707 3406 3906
q3fb2937c46475,{}
q4980a1ddd34f8,7590 7653 8104 10477 11460 11728 12246 12811 16180
q20411771c5211,44 46 106
qf065f2d8cf00d,{}
q2f7e8ef71bfb5,11460
qb6072c23e60e7,79 118 138 302 332 415 501 563 605 790 1114 1174
q033651b9fea39,1 8 32 41 48 52 53 57 65 73 104 131 137 146 167 204 218 225 251 254 265 274 306 314 320 339 400 442 447 492 511 516 561 568 574 609 618 620 634 641 646 650 700 703 722 733 751 753 798 812 837 856 887 888 889 935 956 1011 1016 1029 1051 1057 1060 1064 1069 1083 1150 1156 1177 1194 1195 1200 1206 1214 1219 1224 1225
qb414240098acc,7590 7653 8104 10477 11460 11728 12246 12811 16180
qb73da2be8c552,110 147
q6a36188dc4a13,{}
qf3056f4834721,{}
q35347f1b8b2a8,6930 22319
qcdbddb3004a61,{}
qca92087f263e4,42 110 147 167 175 191
qe3e5a6caa4292,707 1702 3260 3406 3906 4196
qf3afb7be17ae1,{}
q021f17a65a472,{}
qfaef5d4213da7,707 3406 3906
q18e0031e2e835,3738 5643 5829 6145 6930 8410 11138 22319 23012 23137 28779
q9c38b1c5f3482,{}
qcf026d74ca277,{}
qc43cde438f584,644 4786 6138 7233 8482 9402 12500 13711 14649
q58db262afa51b,{}
q7a5d6930ff82d,21921 212592 214665 304196 332269
qcdb5b922fe385,110 147 191
q8d67d64c8977c,{}
q5140889e4ce24,160 326 642
q8fef726dd9016,707 1702 3260 3406 3906 4196
qf7b3bdb297ea2,{}
qcf0079a347d9f,7590 7653 8104 10477 11460 11728 12246 12811 16180
q4576cbecf7f98,{}
qc57e2a896b5c1,3738 5643 5829 6145 6930 8410 11138 22319 23012 23137 28779
q7ac0bf0e24a4a,160 326 338 509 518 608 642 703 785 1015 1150 1179 1268 1436 1504
qd22d02c326b51,{}
qdce9d3a0c2ac1,{}
q02f64c392c3ab,{}
q041471a4ade3d,{}
qcc7cd24b98bf4,92 694 947
q7fd8f715ea311,707 1702 2434 2761 3260 3406 3906 4044 4102 4196 4204 4693 4727
qe341e26ce5e9b,{}
q15367fd3f66b0,3738 5643 5829 6145 6930 8410 11138 22319 23012 23137 28779
q621687c8a91a8,1 6 8 9 15 19 24 30 33 36 38 43 52 54 57 58 69 75 97 105 118 123 158 160 166 183 186 187 201 207 210 228 234 239 249 278 281 291 300 303 315 334 335 339 360 361 370 382 403 404 409 412 423 428 438 445 475 483 487 492 493 502 506 509 515 523 542 561 563 589 591 592 594 596 597 605 612 616 618 630 635 650 666 667 668 680 685 709 725 744 746 756 761 765 783 805 820 835 836 861 862 878 888 902 905 909 911 923 926 935 937 949 952 955 956 973 982 984 999 1016 1017 1018 1020 1021 1031 1035 1043 1046 1049 1065 1074
q8dc8f6786c156,{}
qf74a7334d8d28,7 22 32 43 81 97
qae06e9ad0a973,{}
q67dee61a2e189,{}
q7e65ac2045248,14 17 28 29 62 119 188 192 210 223 255 268 295 306 319 335
q98bb6fbd3e81b,6 15 27 28 30 31 36 52 62 73 77 83 86 87 93 101 120 138 142 188 208 223 254 257 265 270 280 295 302 308 313 317 319 333 358 379 382 407 432 440 441 469 471 489 492 495 499 509 513 520 525 533 535 542 553 555 557 567 578 579 583 584 587 590 592 595 606 626 632 637 643 655 684 689 690 697 703 719 725 727 728 738 752 757 766 774 779 791 792 795 815 819 825 849 868 870 875 885 909 911 912 914 922 929 931 947 948 953 956
q9e9393c3af6ae,186301 203189 215262 321488 362791
q6b8283b767c22,160 326 338 642 785 1179
qe0b8f3656b3c8,14 31 47 59 60 69 79 81 95 96 112 114 137 182 198 224 247 249 252 278 286 338 358 370 382 386 388 416 422 445 475 481 496 511 529 534 539 583 607 628
qa633281b82d9b,30 45 46 51 57 68 102 123 128 132 151 167 169 184 212 219 258 282 305 324 346 350 367 375 382 413 419 439 440 457 464 489 516 537 542 574 607 615 621 623 625 643 662 671 676 687 696 703 726 773 819 825 826 827 828 842 846 850 855 893 896 907 921 930 934 935 937 965 973 993 1003 1032 1045 1052 1112
q394abe07d25e6,{}
q2354eb064ecca,12 17 21 30 35 38 44 48 53 59 64 74 78 83 84 98 100 108 110 111
qb10b9a651e447,160 326 338 509 518 608 642 703 785 1015 1150 1179 1268 1436 1504
q2bba31bdd2e29,{}
qf7f7f82877754,12 13 16 17 18 19 23 39 47 48 50 51 58 61 77 80 84 92 112 116 117 128 129 139 140 150 153 171 172 175 179 183 204 207 225 229 240 242 253 254 256 273 276 278 280 283 286 287 288 304 311 313 321 323 327 336 339 350 360 374 375 383 386 391 393 398 409 410 420 422 423 426 428 431 433 443 447 455 459 460 469 490 496 500 501 503 513 515 520 523 527 530 531 538 546 549 552 562 566 576 577 584 588 594 602 606 611 619 623 628 631 642 645 649 650 655 657 659 669 675 679 682 683 684 686 690 705 711 713 723
qb5b091eacafab,2 3 27 39 49 53 89 95 96 98 114 118 121 130 134 153 160 168 180 204 205 229 239 241 245 258 263 269 271 279 292 310 329 360 364 382 385 386 427 456 463 475 494 504 505 510 514 522 557 584 594 596 611 626 669 697 746 783 813 823 843 848 862 882 927 952 959 986 992 995 1012 1022 1050 1063 1092 1096 1102 1109 1124 1153 1184 1186 1195 1196
qe052e15477026,6930
q260dcfb858613,{}
q996d388ab0712,644 4786 6138 7233 8482 9402 12500 13711 14649
qd07d4cb2bf3f9,{}
q0ffd55b5e01af,8 48 213
q4ca40e4995171,{}
q186739dabb33a,13 18 27 54 64 65 76 94 101
q2f22e70136f31,3738 5643 5829 6145 6930 8410 11138 22319 23012 23137 28779
q3c67a9aecf5b7,78 424
q5fdfd2c39a512,{}
q63414deae2480,{}
qae587d50a69fc,6930
qd66e480dbe86d,{}
qbeb12b24c8135,12500 13711
q71ace3cd48de1,{}
q4497ed19cac28,{}
qe0a779328cd01,186301 203189 215262 321488 362791
qfa299abe4a7be,{}
q30587f92658f8,21921 212592 214665 304196 332269
q1a921957b899c,{}
qd44857dce99f9,{}
q9d26061268017,707 1702 2434 2761 3260 3406 3906 4044 4102 4196 4204 4693 4727
q6ce2a5dc03318,707 1702 3260 3406 3906 4196
qab41314b07fd1,707 3406 3906
qf799eefb7f0e1,160 326 642
q32cdfbc4adb73,{}
q55faac1d45665,160 326 338 642 785 1179
qeffffae82fdfe,6930 22319
qadd2b31f64237,92 694 947
q06ec43390dc71,21921 89569 153431 186301 203189 212592 214665 215262 242647 304196 321488 332269 352507 362791
qc8105ad516c1c,{}
qa9a66eb2c9ab1,{}
q4575869f0d748,{}
qdec3ccfbca500,{}
q9f97b415fac8d,644 4786 6138 7233 8482 9402 12500 13711 14649
q1aaa09bcc0644,11460
q502b5e687a466,{}
q7d418eb8bbe74,{}
q247e4b1881e12,{}
q1f962e41ff04f,16180
q02639c53ae4f6,332 415 605 1114
q41839700e06e3,{}
q2fcfbf5499e44,5 14 18 20 24 26 29 36 38 39 44 62 64 79 81 84 93 94 102 104
qf24c51098a5a8,{}
q767fc44ec58cf,6930 22319
q665ce43af0499,{}
q24cdff1b8a1b6,{}
qb95c8f017e235,92 694 947
q6e94dbe475fef,{}
q1fedda5fbc098,{}
qb0d2861c8d8ae,{}
q6ed54dfc03997,3738 5643 5829 6145 6930 8410 11138 22319 23012 23137 28779
qe5958017730f4,3 47 64 65 110 112 114 121 129 165 168 180 195 214 215 222 235
q02d7151b4addc,{}
q678ca2bb61b7d,21921 89569 153431 186301 203189 212592 214665 215262 242647 304196 321488 332269 352507 362791
qfa9191bc05446,11460
qce44dbba5b228,{}
qd084453c37ed3,6 8 9 15 36 54 57 58 69 75 97 105 118 123 158 160 183 201 207 210 234 239 249 278 291 300 334 339 382 403 404 409 412 428 438 445 475 487 493 506 515 542 561 592 597 612 616 618 666 680 709 744 746 761 765 783 820 861 862 888 905 911 949 952 956 973 982 984 999 1016 1031 1035 1043 1065
qd51f5eb708f4f,707 1702 2434 2761 3260 3406 3906 4044 4102 4196 4204 4693 4727
q45b93c1cac2b2,8 38 46 48 79 125 128 182 273 283 330 332 352 361 389 396 534 573 624 743
q46cb4071e0c30,160 326 642
q8c90a2c66d566,{}
q3d6f66066b2b4,{}
q5f6c9f23d7f47,{}
qc4b86064f81b0,{}
q05e5cdfcfbbe9,{}
q8b77603ba9f7f,{}
q80644ad072928,{}
q2375eb6d98171,21921 212592 214665 304196 332269
qaba2a16fe0443,22319
qde1e2648a52f9,7 12 23 31 37 48 57 79 84 90 95 96 117 176 203 241 248 255 263 266 267 273 307 329 383 414 428 460 465 468 478 508 513 543 551 575 580 582 621 624 659 660 661 665 676 677 679 695 699 709 712 735 737
q1254fa36ed0db,12500
q4e4a5054c7191,21921 212592 214665 304196 332269
q6857a47a07ea7,{}
q130f34112c0a8,{}
qfbcba41797935,10 44 62 145
q6f9f656eea5b1,{}
qac7c32b097b5c,42 167 175
qb83255c31eb6b,123 198 305
qc5373c5a5cf91,21921 89569 153431 186301 203189 212592 214665 215262 242647 304196 321488 332269 352507 362791
qf690c2fbb83b0,{}
qe0fc42f082be6,110 782 1210
q6db7386c2c7ad,707 1702 3260 3406 3906 4196
q35e05a1ea799a,{}
qdc45ca19bd4b7,8 48 213
qe156d67f7ddbb,{}
q759a895c3fdcf,242
qe08e8972ae596,20 29 30 32 35 38 41 51 52 59 60 63 66 70 71 76 83 88 89 91 94 96 97 103 107 113 127 128 129 131
q2f0e52ff5d86f,{}
q0fe001c46448c,7 22 32 43 81 97
qc1d2f630b2ef3,{}
q9a19487554644,{}
q0f0f7f187c338,17 18 19 50 58 92 116 117 128 150 153 171 172 175 204 225 253 278 286 287 311 336 339 375 383 391 398 420 422 423 428 431 443 447 490 496 503 513 523 530 566 577 584 594 606 619 628 642 645 657 659 669 675 686 713 723
q6dfc8b8eee0f1,6 15 19 62 70 88 92 100 109 130 133 139 157 161 178 207 209 225 228 239 252 256 259 275 279 289 307 308 325 333 345 359 380 381 401 405 407 409 424 427 428 430 449 451 461 467 474 477 504 505 506 508 533 559 565 567 574 599 600 610 628 633 640 649 652 653 656 661 663 668 680 687 688 691 697 701 709 716 730 738 739 750 785 788 790 793 807 813 815 822 825 832 842 851 852 862 863 870 884 885 901 905 912 917 960 962 970 971 979 983 986 988 989 994 1009 1011 1036 1043 1044 1045 1060 1062 1066 1067 1069 1081 1114 1117 1123 1130 1132
q6644caf812743,{}
qc2f542b844bee,707 1702 2434 2761 3260 3406 3906 4044 4102 4196 4204 4693 4727
q677cd9bfcd4de,107 132 170
q5b05c29606af7,16180
qc51aa0dd6b8fa,{}
q107adf8188a2d,1 12 14 27 29 72 73 83 100 107 115 116 121 132 135 139 161 171 195 204 252 254 262 271 279 285 304 311
q4b7b33fe8cdc4,{}
q57f6c5e936769,2 4 6 9 20 21 26 34 44 56 62 66 71 86 88 102 113 114 116 121 137 151 161 163 164 166 169 179 188 210 212 217 221 250 252 266 272 277 283 292 308 321 339 348 350 351 372 373 382 386 449 455 457 461 474 477 479 480 507 525 532 543 547 555 559 572 578 586 597 605 608 610 613 615 631 638 648
qa7a7f9e1a6056,11460
qfabcad713326f,5 18 24 26 79 84 93 94
q77f4714def39f,{}
q51cf85a015145,9 12 36 102 107 118 146 153 158 195 207 211 222 230 237 240 244 271 287 295 299 303 322 334 341 358 416 423 427 457 459 469 511 542 545 548 561 589 616 646 680 691 698 710 745 749 752 754 772 776 777 781 799 800 822 823 862 865 878 890 939 984 995 1007 1009 1047 1064 1095 1126 1161 1168 1201 1213 1218 1225 1230 1234 1238 1248 1261 1276 1286
q6e396b59fe95e,6930 22319
q425077d4781e2,19 21 35 37 46 66 79 83 91 94 95 103 119 130 132 141 154 214 218 230 235 241 242 244 256 257 265 291 299 304 306 307 325 336 348 358 374 375 376 399 414 421 423 427 429 449 455 456 477 485 501 510 534 538 555 562 580 582 586 590 592 599 600 602 612 620 634 638 652 664 666 677 683 685 686 696 702 709 714 716 719 725 729 733 739 755 756 757 762 776 783 784 795 799 800 805 806 807 814 821 822 825 827 844 847 863 868
q2ed7ebbcecda4,{}
qe01cce9a59d3c,12500
q8c57b126ef30c,{}
qe36207f42c793,11460
qba404c968d6db,{}
q62a9d1b1f8a8b,{}
q87b76485763ae,1 12 13 14 16 21 22 30 35 40 47 57 62 63 69 71 78 86 91 92 97 99 105 107 108 110 118 129 133 135 140 143 146 153 157 158 164 176 177 185 186 194 204 205 213 216 218 230 235 236 240 242 256 264 265 266 268 270 273 278 280 284 285 287 288 290 301 303 304 306 315 320 324 327 330 333 339 344 346 347 353 355 356 359 369 380 381 387 389 393 397 402 403 405 406 410 416 419 420 443 450 461 468 469 470 471 472 474
qd210d3df36d38,{}
qbdad85d5e0ac2,{}
q43448cfef2673,{}
q662b5cad9d473,{}
q8269e171a9355,3738 5643 5829 6145 6930 8410 11138 22319 23012 23137 28779
qf9d18658b0808,1702 3260 4196
q0c0fb21f48223,{}
q031eb6fac50d4,{}
q3d35be0bb4546,1 2 5 7 11 14 21 26 32 33 37 49 53 54 56 58 60 66 69 71 72 73 87 89 90 93 103 104 105 110 111 116 130 132 136 140 142 147 148 155 157 159 169 172 183 188 189 190 204 205 216 221 230 234 238 248 250 265 266 268 269 272 273 274 275 276 282 285 296 305 306 311 313 315 317 323 331 332 337 346 347 348 356 359 361 367 373 375 377 378 379 393 400 418 419 421 425 432 437 439 442 449 455 456 459 460 465 468 471 472
qa7ca17bbecea6,21921 212592 214665 304196 332269
q7f690a41ec150,707 3406 3906
q00249eb57fedc,{}
qc7e3905cd3479,{}
qdfe2fb01c1392,{}
q791cd53974733,92 110 694 782 947 1210
q26a3a7de62d6a,197 208 223
q3d230b5e6e8c5,{}
q977a909998789,277 420 455 488 538 565 574 759 1236 1330 1437 1443 1504 1701 1913 2028
q90d21ced6a434,3738 5643 5829 6145 6930 8410 11138 22319 23012 23137 28779
q83a94dfbdfded,7 14 32 34 52
q2286e26afe1e1,3738 5643 5829 6145 6930 8410 11138 22319 23012 23137 28779
qf162e2babc906,79 118 501 1174
qccfb96f0863ab,22319
q890770d049653,{}
qd87ef9520280c,92 694 947
qd2f8b4154aa72,{}
q7a538bddf348c,4 6 11 12 20 26 32 41 52 53 66 67 70 73 80 81 83 88 103 104 107 110 112 121 126 128 130 135 139 140
q8f053e83ce586,7590 7653 8104 10477 11460 11728 12246 12811 16180
q07c0bf08dd9c0,{}
q40e843ae6afd4,8 48 81 140 153 213
q72c0e40ff3043,7590 7653 8104 10477 11460 11728 12246 12811 16180
q566068b54741a,{}
qcf621fe074067,{}
qf4c21d15a061a,644 4786 6138 7233 8482 9402 12500 13711 14649
q85e6b60f8bcfb,22319
q2a2b19356cb71,{}
q50f61a8187fba,{}
q588a5627a5e9a,186301 203189 215262 321488 362791
q699c3c479d40b,{}
qc7bfca076650d,13 20 21 31 32 39 44 45 55 61 62 70 80 83 90 115 116 118 126 130 131 137 138 157 158 164 190 191 194 219 237 241 246 258 260 266 267 290 302 304 306 307 308 310 320 322 327 328 337 338 346 351 353 354 358 361 369 375 423 425 443 445 463 499 504 507 525 550 557 564 568 582 587 588 603 604 614 616 623 640 641
qf45338307802f,{}
q6a42904fe9e73,79 118 138 302 332 415 501 563 605 790 1114 1174
q522228a509bdf,13711
q257f27b2b9ebc,26 188 199
q848dd1639d1d0,{}
qf186d872377dd,{}
qe465d9552ff94,13 31 45 61 80 90 130 131 157 158 164 190 191 194 219 237 258 267 290 302 306 310 327 328 337 338 351 354 369 375 425 463 504 507 525 550 557 564 587 588 603 604 616 623 641
q069717174a0ce,{}
qa0c9bad30d651,{}
q9d72bfa70c316,21921 89569 153431 186301 203189 212592 214665 215262 242647 304196 321488 332269 352507 362791
q96e1a03d57eb7,21921 89569 153431 186301 203189 212592 214665 215262 242647 304196 321488 332269 352507 362791
q2ee0825dd0c42,30 141 172
qab3e36c015b7d,10 44 46 62 106 145
q25ac4b57c0c9e,92 694 947
qadf6b5cb6fe00,{}
q3c1553f411d27,{}
q2efb381864789,13711
q9530413484d72,{}
q7eadb0be038e8,13711
qe991d92f57f7c,338 785 1179
q0f9bf7f5e68ed,186301 203189 215262 321488 362791
q794995752bcd5,707 1702 3260 3406 3906 4196
qf00e6285a335d,{}
q767dbb7b0d425,92 694 947
q625877397368b,{}
q8fc2b84482865,7590 7653 8104 10477 11460 11728 12246 12811 16180
q352571c35ba6b,{}
q0293525053c01,5 16 36 38 40 56 62
qe51247d41ac0b,79 118 501 1174
q63932061dca7a,13711
qfba5fa3031c58,20 36 240
q62d59dad56714,{}
qdf24a4a78b0f8,514 1136 1378 1697 2161 2585 2658 2819 3019 3070 3232 3558 3891 4105 4230 5004 5329 5426
q8a835366b69a9,32 223
qfcecdae553b7d,6930 22319
qba3be9d668c2d,{}
q90d856055a184,6930
qd5a08d665696d,{}
qec241f11995fc,{}
q74aa494c25450,186301 203189 215262 321488 362791
qe33cf4824aed5,20 36 240
qacbb465070970,{}
q3eef12bacb8ac,{}
qdfa5770e59b4b,{}
qfd08eb7997cff,1 12 14 27 29 72 73 83 100 107 115 116 121 123 132 135 139 161 171 195 198 204 252 254 262 271 279 285 304 305 311
q42bb1b70892ab,{}
qfc65eeaa8eed4,{}
qc9efaee3a70fd,2 4 6 9 20 21 26 34 44 56 62 66 71 86 88 102 113 114 116 121 137 151 161 163 164 166 169 179 188 210 212 217 221 250 252 266 272 277 283 292 308 321 339 348 350 351 372 373 382 386 449 455 457 461 474 477 479 480 507 525 532 543 547 555 559 572 578 586 597 605 608 610 613 615 631 638 648
q95da7e6b92452,{}
q1dfec2f8cdc6e,707 1702 2434 2761 3260 3406 3906 4044 4102 4196 4204 4693 4727
q2e2bdc5b130c5,{}
q019e671ca2842,99 150 182
q8e1587929f634,13711
q45635b2459983,3738 5643 5829 6145 6930 8410 11138 22319 23012 23137 28779
qf05603fc8984a,2 3 27 39 44 45 49 53 74 89 95 96 97 98 107 108 109 114 118 121 122 130 134 138 140 153 154 158 160 168 180 192 204 205 209 220 229 232 239 241 245 257 258 263 266 269 271 273 279 292 310 321 329 360 364 382 385 386 388 421 425 427 434 436 438 451 456 463 475 493 494 499 504 505 510 514 522 524 525 557 563 577 584 594 596 611 613 625 626 645 651 653 660 669 680 684 697 709 729 746 782 783 786 793 813 814 823 836 841 843 848 862 865 866 882 927 932 934 945 950 952 959 986 992 995 1012 1022 1048 1050 1060 1063 1065 1068 1077 1089 1092 1096 1102 1109 1124 1153 1166 1181 1184 1186 1195 1196 1201 1210
qf4ba7a6f05b2a,3738 5643 5829 6145 6930 8410 11138 22319 23012 23137 28779
qf7694410cc9a1,{}
qdadf90e3994d3,{}
q3a5358b71f1d0,3 64 65 110 112 114 121 129 165 168 180 195 215 222 235
qc9f19e355b070,{}
q60217e88419e8,2 4 6 9 20 21 26 34 44 56 62 66 71 86 88 102 113 114 116 121 137 151 161 163 164 166 169 179 188 210 212 217 221 250 252 266 272 277 283 292 308 321 339 348 350 351 372 373 382 386 449 455 457 461 474 477 479 480 507 525 532 543 547 555 559 572 578 586 597 605 608 610 613 615 631 638 648
qc4e26ecf6dfa8,{}
qfe5de5bdd3ea7,{}
q9a4c873d89973,707 3406 3906
q9136fa06dd717,{}
q45821ba319786,160 326 338 509 518 608 642 703 785 1015 1150 1179 1268 1436 1504
q9b9071ce520b2,16180
qc21f1dba50ab9,{}
q2041bf3663390,{}
q1236f86b28e4a,{}
qbb4bc5c78b139,{}
q65d233874c8a2,6930
q9c819abbca22d,3738 5643 5829 6145 6930 8410 11138 22319 23012 23137 28779
q59d757eff88c4,7 38 48 66 68 69 86 107 121 134 143
q881cf8bd14034,36 151 208 278 341 421 470
q55599755ca132,2 7 26 38 39 64 82 85 86 91 120 125
qfda0d4254fbd7,707 1702 2434 2761 3260 3406 3906 4044 4102 4196 4204 4693 4727
qf2b765a6459b1,338 785 1179
q3e8a099f31c6a,{}
q726a256b72f35,{}
q6f690d8d99449,20 36 240
qb47a5a6261f13,16180
q947cb2b529352,338 785 1179
qcc1ad97345f49,12500
q9fc0d6ae879be,{}
q3b42489e7abca,3 196 208
qe0cbb7d2e5a5f,{}
q002c6e69b53c8,{}
q9cb3756f8cbb1,707 1702 2434 2761 3260 3406 3906 4044 4102 4196 4204 4693 4727
q02e7894aac097,26 27 59 66 68 85 129 183 188 231 236 240 268 338 368 397 408 447 452 497 503 579 583 588 611 641 658 667 672 733
q83c0e3f825a8b,40 92 110 501 694 707 748 782 822 947 1210
qe04dab1d89702,13711
qc3630ec8fcbb4,160 326 642
q24b3e35505c1d,{}
q294ed9d7a8dd8,3738 5643 5829 6145 6930 8410 11138 22319 23012 23137 28779
q14b1064711cb7,644 4786 6138 7233 8482 9402 12500 13711 14649
q127a924ea75d6,{}
qa75eac3f24c40,{}
q0129432c523c6,{}
qefee9f0734b8d,12500
qe31fabdb054c7,15 26 34 36 38 40 76 79
qa0686ddecaefd,{}
qc448dd3e3e30e,21921 186301 203189 212592 215262 321488 362791
q9d21488dba72a,{}
q5cc1dae6b218c,{}
qe3feb55d1a1e8,21921 212592 214665 304196 332269
qb3018b17ef618,160 326 338 509 518 608 642 703 785 1015 1150 1179 1268 1436 1504
q63e5f0b83c598,{}
q93c411a3e6dff,107 132 170
q33d4622b11ad6,{}
qee66e726d414f,{}
qbb05aeff8a3de,10 44 46 62 106 145
q90d285188be5e,160 326 338 509 518 608 642 703 785 1015 1150 1179 1268 1436 1504
q36dc3375dc167,6930 22319
q3517ddbfc1a12,{}
qf2d2b51679085,3738 5643 5829 6145 6930 8410 11138 22319 23012 23137 28779
q1590bc979abbf,1702 3260 4196
qf687e149b889d,{}
q48153d7bc5e12,{}
q0d7044cab43ff,40 92 110 501 694 707 748 782 822 947 1210
qaab18e97e3e71,14 62 119 188 192 223 268 295 335
q23eef1a429c83,{}
q1d47dd88db33e,707 1702 3260 3406 3906 4196
q2fb2f7c09622c,{}
q042c7930596d8,160 326 338 509 518 608 642 703 785 1015 1150 1179 1268 1436 1504
qbf52de6c0ad48,30 54 66 76 80 89 91 97 101 114 127 139 148 161 182 186 208 209 213 221 254 270 278 289 298 320 323 330 331 341 347 352 361 370 390 392 404 415 418 454 473 499 515 542 547 585 603 631 644 698 708 740 771 786 810 824 854 878 879 884 896 903 913 920 925 951 967 1024 1037 1041 1052 1086 1102 1114 1133 1139 1150 1200 1233 1255 1258 1270 1286 1339 1361 1369 1407 1419 1423 1477 1478 1482 1492 1496 1503 1511 1524 1536 1552 1567
q0828bf3cb3c41,26 27 59 66 68 85 129 183 188 231 236 240 268 338 368 397 408 447 452 497 503 579 583 611 641 658 667 672 733
qad11f5f244b87,{}
q2361ac3b9e0f4,{}
qb5b79ff3f9d8f,21921 212592 214665 304196 332269
q32c743b2d0cc1,{}
qa311f2f305a49,1702 3260 4196
q08adbd43fab4a,{}
qb59c6081fbabd,{}
qb3c4659196b70,3 47 64 65 110 112 114 121 129 165 168 180 195 214 215 222 235
q97d24f6fbb2cb,{}
q00565bb92a0d2,3738 5643 5829 6145 6930 8410 11138 22319 23012 23137 28779
q73a6b7a55355c,{}
qfdde55e3dcac8,{}
q272249771fb3e,7 16 34 36 56 59 64 74 75 76 81 84 94 96 98 103 106 115 120 124 126 129 135 141 146 151 154 162 188 195 203 204 211 217 224 237 241 255 260 262 267 286 288 289 290 295 298 299
q3fd864c884110,35 50 66 68 107 131 139 203 251 303 309 424 446 460 467 468 491 500 517 524 545 551 564 582 605
q83ab0b2f0464e,{}
q02bd7514a5fb8,13711
q257f7a16ac3ce,7590 7653 8104 10477 11460 11728 12246 12811 16180
q68b214bd017d7,46 301 453
q28ac2a862d756,20 36 240
qae65c3f8eff10,18 39 68 91 99 103 116 122 144 162 176 190 243 246 268 273 282 285 296 302 311 313 367 389 408 418 422 430 435 444 450 455 469 480 482 523 530 538 556 571 579 581 602 619 668 673 674 693 699 701 705 718 726 752 768 770 790 797 800 835 850 860 872 898 938 952 964 970 977 997 1051 1093 1103 1118 1131 1133 1143 1146 1154 1155 1159 1167 1171 1192 1209 1252 1282 1294 1302
qc0b44909a5bd6,7590 7653 8104 10477 11460 11728 12246 12811 16180
qb78232ea86df9,{}
qd8b14ddc6a2a0,{}
q185b107dd55c0,{}
qbf2afcfe4dad1,420 455 538 565 759 1236 1330 1504
qdaaac701b0b83,35 66 68 107 131 139 203 251 303 309 460 467 468 491 517 524 564 582
q7e7084d0d9a5e,21921 212592 214665 304196 332269
qe4eb1ca9480fb,{}
q643e2387a9f7a,12 13 16 17 18 19 23 39 47 48 50 51 58 61 77 80 84 92 112 116 117 128 129 139 140 150 153 171 172 175 179 183 204 207 225 229 240 242 253 254 256 273 276 278 280 283 286 287 288 304 311 313 321 323 327 336 339 350 360 374 375 383 386 391 393 398 409 410 420 422 423 426 428 431 433 443 447 455 459 460 469 490 496 500 501 503 513 515 520 523 527 530 531 538 546 549 552 562 566 576 577 584 588 594 602 606 611 619 623 628 631 642 645 649 650 655 657 659 669 675 679 682 683 684 686 690 705 711 713 723
qea469984f30b7,1 6 8 9 15 19 24 30 33 36 38 43 52 54 57 58 69 75 97 105 118 123 158 160 166 183 186 187 201 207 210 228 234 239 249 278 281 291 300 303 315 334 335 339 360 361 370 382 403 404 409 412 423 428 438 445 475 483 487 492 493 502 506 509 515 523 542 561 563 589 591 592 594 596 597 605 612 616 618 630 635 650 666 667 668 680 685 709 725 744 746 756 761 765 783 805 820 835 836 861 862 878 888 902 905 909 911 923 926 935 937 949 952 955 956 973 982 984 999 1016 1017 1018 1020 1021 1031 1035 1043 1046 1049 1065 1074
qc15f86e2c4b35,3738 5643 5829 6145 6930 8410 11138 22319 23012 23137 28779
q4ea88603fa953,{}
q443e846979230,5 13 23 25 30 31 32 33 35 43 47 50 52 56 60 61 66 68 72 76 79 84 87 95 97 107 115 116 119 126 130 131 139 161 163 167 173 178 182 203 207 214 215 230 240 246 249 251 263 273 283 287 303 304 307 308 309 318 351 358 369 377 381 384 399 403 412 422 423 424 431 433 442 446 447 453 456 460 467 468 470 478 487 489 491 492 495 496 500 507 510 514 517 518 521 524 532 533 536 545 551 558 560 564 565 567 577 579 582 584 591 605 608
q8782b5c86b24e,13711
qe0ca8a9727d98,{}
q7ddcc27d67597,{}
q33386546ec8ce,{}
qbd7bf8ea42b05,10 62 145
q1304a14c6f392,707 1702 2434 2761 3260 3406 3906 4044 4102 4196 4204 4693 4727
qca96d8f564816,707 1702 2434 2761 3260 3406 3906 4044 4102 4196 4204 4693 4727
q1b7fa75e2c5c6,3 18 36 55 65 78 97 143 145 147 167 188 213 229 230 244 253 275 287 302 310 360 388 413 429 435 454 460 469 517 526 549 570 601 654 669 684 701 705 731
qbf160e8d9d042,{}
q4ffefb2992821,{}
q94ddd0b9cead0,6930 22319
qda6849cb35531,8 48 81 140 153 213
q8dada3c9866c8,{}
qf8695792ff8b8,6 7 8 10 21 24 31 33 36 45 56 62
qb93b5dee4de7b,{}
q876d3b1ae85ba,644 4786 6138 7233 8482 9402 12500 13711 14649
q58abb9a50b628,79 118 501 1174
qf861d9bf27b21,92 694 947
q399a98101c405,160 326 338 509 518 608 642 703 785 1015 1150 1179 1268 1436 1504
qb9bc150796e40,69 80 86 119 132 279 306
q327e340c03c1c,{}
qd976484250cd8,12500
qbc1cfad610a86,{}
q51db336126061,{}
qce39768cf87d3,{}
q35c20a6799425,{}
q451a2f8361d0a,6 8 9 15 36 54 57 58 69 75 97 105 118 123 158 160 183 201 207 210 234 239 249 278 291 300 334 339 382 403 404 409 412 428 438 445 475 487 493 506 515 542 561 592 597 612 616 618 666 680 709 744 746 761 765 783 820 861 862 888 905 911 949 952 956 973 982 984 999 1016 1031 1035 1043 1065
qefc11a72efcf7,{}
q9b9f6dec09685,{}
q41f9cfc10c2f2,22 30 38 47 54 66 76 80 89 91 97 101 103 108 111 113 114 127 139 148 161 171 182 186 193 208 209 213 221 246 254 262 270 278 285 289 298 303 305 320 323 330 331 341 347 352 357 361 370 385 389 390 392 404 415 418 454 470 473 475 499 515 538 542 546 547 585 603 628 631 644 665 698 704 708 711 722 729 740 771 786 810 815 819 824 826 842 846 854 855 860 872 878 879 884 896 903 910 913 920 925 933 951 964 967 995 1024 1025 1037 1038 1041 1052 1056 1061 1066 1068 1082 1086 1094 1101 1102 1104 1114 1130 1133 1139 1150 1189 1200 1215 1218 1232 1233 1250 1254 1255 1258 1270 1286 1311 1312 1339 1347 1361 1369 1373 1378 1406 1407 1419 1423 1429 1449 1457 1458 1477 1478 1482 1492 1496 1501 1503 1511 1524 1536 1552 1564 1567
qa4ec8bb86a40f,13 18 39 53 54 64 65 67 76 84 101 137
qc94c1ff0484d2,6 19 62 88 92 130 207 228 252 259 279 289 325 333 345 359 380 401 405 407 428 449 461 474 477 505 533 559 599 600 628 640 649 656 661 663 680 691 697 701 730 790 793 815 822 832 852 870 884 885 901 905 912 960 970 971 979 988 994 1009 1060 1062 1066 1117 1123
qe2c37f80123db,644 4786 6138 7233 8482 9402 12500 13711 14649
qaeba4ffac521a,{}
q7e57e8f9c18ef,12500
q20414c466ed79,{}
q7a118b2d114ea,6016
qf4c9e4f7c028f,{}
qd3b0e484d9dc2,{}
qa2a6c795b626b,707 1702 2434 2761 3260 3406 3906 4044 4102 4196 4204 4693 4727
q56042542bc142,{}
q664f562b06f2e,79 118 501 1174
q17945ed030c0d,160 326 338 642 785 1179
qa9441c2dbbc1b,{}
q7b1beb740e25d,{}
qb63adbfbd0f87,197 208 223
q7db3fd74785fa,707 1702 3260 3406 3906 4196
q22cf81d4e5b0e,1 8 32 41 48 52 53 57 65 73 104 131 137 146 167 204 218 225 251 254 265 274 306 314 320 322 339 400 442 447 492 511 516 561 568 574 609 618 619 620 634 641 646 650 700 703 722 733 751 753 798 837 856 887 888 889 935 956 1011 1016 1029 1051 1057 1060 1064 1069 1083 1150 1156 1177 1194 1200 1206 1208 1214 1219 1224 1225
qae8d4d02951ce,1702 3260 4196
qf84069c5a4a44,707 1702 3260 3406 3906 4196
q9c62380c551d3,338 785 1179
q297747bc38315,81 140 153
q39effec7e2bca,13711
q1446063b7626c,{}
q0ba2cc324d3bb,{}
qa12c04e82ae5b,{}
q34071a543ad70,6930 22319
qedf9eade969f9,{}
qcee38ce305669,22 81 97
qd78de115ac603,{}
qc822a660b5e20,{}
qf7cd991db487a,197 208 223
qdb281a1e3b45b,13711
q470134c254b27,{}
q12d8dbd6642d1,7 26 39 82 85 125
q0940c18ba9a35,16180
q50eab6d284d58,{}
q7a77e5c729dfe,21921 212592 214665 304196 332269
qb460628686a49,{}
q374001d087fef,8 12 18 21 23 26 27 28 32 37 38 46 48 51 54 59 66 68 72 76 77 79 84 85 90 95 100 106 112 125 128 129 137 139 142 145 152 155 157 164 168 179 181 182 183 188 193 194 202 215 217 220 224 231 232 236 237 239 240 243 256 261 267 268 273 274 278 282 283 284 297 300 310 311 312 317 328 330 332 338 342 352 357 360 361 368 389 396 397 408 410 413 423 427 430 436 443 447 452 459 469 473 497 503 511 512 513 521 523 528 534 537 542 544 545 573 579 583 588 596 598 599 602 604 605 611 617 624 626 641 642 648 653 654 658 667 672 676 683 688 694 699 704 705 725 729 733 737 742 743
qf32b054b2fcc7,{}
q5e51d773b00e6,{}
q388ed2ef33138,707 1702 2434 2761 3260 3406 3906 4044 4102 4196 4204 4693 4727
qb2e3a521b7899,707 1702 3260 3406 3906 4196
qfa5eca7dba0eb,{}
q9647bbcbb80fc,{}
qf7e6a6e6372dc,21921 212592 214665 304196 332269
q684cb9e61d2dc,22319
qaaea1f2e833b1,7590 7653 8104 10477 11460 11728 12246 12811 16180
q044cbe84da878,3 12 26 48 74 78 93 130 131 137 145 162 167 186 187 203 205 218 232 263 304 305 314 320 339 348 360 383 387 419 449 455 466 469 497 518 561 607 613 619 632 641 669 759 760 771 787 795 798 812 824 838 847 860 889 906 935 957 986 994 1006 1012 1018 1086 1088 1157 1186 1193 1203 1204 1206 1214 1219 1221
q62bb5deebf870,{}
q513c3d397a49a,163 415
q65cd1ad53110b,7590 7653 8104 10477 11460 11728 12246 12811 16180
q0b03208c0554e,{}
q7ff07e6e50413,197 208 223
q0b7a1fcefd82a,115 175 243
qf78ad5f131bf7,{}
q58434449c9b0e,160 326 642
qd51b9cddde80b,16 138
qa0bfd30114eca,8 48 213
q1d4ab9d9cc39e,{}
qb97e2f94f0ece,10 145
qd1c215f460455,6930 22319
q8c953937a6e23,{}
qebb19a73a3a66,{}
qabc5033a3c0ef,14 47 69 95 112 114 182 198 224 247 252 286 338 358 370 382 388 416 445 475 511 529 534 539 583 607 628
q747e598200b6b,12 13 16 17 18 19 23 39 47 48 50 51 58 61 77 80 84 92 112 116 117 128 129 139 140 150 153 171 172 175 179 183 204 207 225 229 240 242 253 254 256 273 276 278 280 283 286 287 288 304 311 313 321 323 327 336 339 350 360 374 375 383 386 391 393 398 409 410 420 422 423 426 428 431 433 443 447 455 459 460 469 490 496 500 501 503 513 515 520 523 527 530 531 538 546 549 552 562 566 576 577 584 588 594 602 606 611 619 623 628 631 642 645 649 650 655 657 659 669 675 679 682 683 684 686 690 705 711 713 723
q9098ffbb50d1c,{}
q6345bc986c9f7,107 132 170
qedf54f18a6cc5,{}
qfef9ab474c726,24 34 47 94
q7dc25cd19d9c5,707 1702 3260 3406 3906 4196
qc8e4d7e353509,{}
q961f94dcc82ba,12500
q5a0e0f9e0f748,24 51 65 83 89 100 103 144 146 149 160 208 226 262 266 289 304 312 321 322 328 345 362 394 397 403 406 412 416 426 428 443 476 484 494 504 511 538 551 558 580 587 605 632 648 725 761 767 772 773 831 844 865 867 882 891 909 910 913 957 967 985 996 1012 1040 1060 1072 1073 1080 1100 1107 1125 1138 1139 1147 1152 1170 1171 1195 1244 1291 1304 1306 1330 1331 1337 1338 1353 1355 1387 1389 1394 1403 1404 1408 1412
q4189783ec1c03,1702 3260 4196
q62ba9a1a0cf3d,5 9 16 27 28 32 36 38 40 51 56 57 62 66
q849bd14f14f3b,644 4786 6138 7233 8482 9402 12500 13711 14649
q6c67ea2aadad6,{}
qfe9aae5d3469f,{}
q094dc76ca1f33,160 326 642
qf3ed8839ff8b4,36 65 229 253 275 570 701
q7e747df2906f1,{}
q8feddb2c73f0e,{}
qdaaf700df9dc1,{}
q805a7f5bd6076,16180
q181eb50f25abd,{}
q39f6405f92a48,{}
qaf14bb3488fa8,{}
q3d061fa7074b0,1 2 3 4 7 8 16 26 37 38 39 41 48 50 64 66 68 69 82 85 86 91 107 111 120 121 125 130 134 143
qcf85d21b8e36a,{}
q685946a0bd0dd,1702 3260 4196
qaf62910da4649,707 1702 2434 2761 3260 3406 3906 4044 4102 4196 4204 4693 4727
q0de91c4eed791,160 326 338 509 518 608 642 703 785 1015 1150 1179 1268 1436 1504
qadfa0cc81f4b9,12500
q2080a7c37c623,44 46 106
q1352dbebc1477,1 12 14 27 29 72 73 83 100 107 115 116 121 132 135 139 161 171 195 204 252 254 262 271 279 285 304 311
qdc24dc3dffd73,99 150 182
q0174ba40efe00,110 147 175
qaafa329b75adb,1 3 8 12 26 32 39 41 48 52 53 57 65 73 74 78 93 104 130 131 137 145 146 162 167 186 187 203 204 205 218 225 229 232 251 254 263 265 274 304 305 306 314 320 322 339 348 360 383 387 400 405 419 423 442 447 449 455 466 469 492 497 511 516 518 538 561 568 574 607 608 609 610 613 618 619 620 632 634 641 646 650 669 700 703 722 733 751 753 759 760 771 787 795 798 812 824 837 838 847 850 856 860 887 888 889 906 935 941 956 957 986 994 1006 1011 1012 1016 1018 1029 1051 1057 1060 1064 1069 1083 1086 1088 1116 1144 1150 1156 1157 1165 1172 1177 1186 1193 1194 1195 1200 1203 1204 1206 1208 1214 1219 1221 1224 1225
q5549785d77683,{}
qc70879f7700a7,{}
q974f7fd93c87d,18 39 68 91 99 103 116 122 144 162 176 190 243 246 268 273 282 285 296 302 311 313 367 389 408 418 422 430 435 444 450 455 469 480 482 523 530 538 556 571 579 581 602 619 668 673 674 693 699 701 705 718 726 752 768 770 790 797 800 835 850 860 872 898 938 952 964 970 977 997 1051 1093 1103 1118 1131 1133 1143 1146 1154 1155 1159 1167 1171 1192 1209 1252 1282 1294 1302
q3b2cfd1446a6c,707 1702 3260 3406 3906 4196
q19741162dd108,{}
qb64428b25ea9a,11460
qed1a4d3fd1164,30 115 141 172 175 243
qe2aaf452d19d1,6930
q1e10ae96fed44,{}
qd44ddec955338,1 6 8 9 15 19 24 30 33 36 38 43 52 54 57 58 69 75 97 105 118 123 158 160 166 183 186 187 201 207 210 228 234 239 249 278 281 291 300 303 315 334 335 339 360 361 370 382 403 404 409 412 423 428 438 445 475 483 487 492 493 502 506 509 515 523 542 561 563 589 591 592 594 596 597 605 612 616 618 630 635 650 666 667 668 680 685 709 725 744 746 756 761 765 783 805 820 835 836 861 862 878 888 902 905 909 911 923 926 935 937 949 952 955 956 973 982 984 999 1016 1017 1018 1020 1021 1031 1035 1043 1046 1049 1065 1074
q2435ea344d1cd,{}
q43160f042c586,707 1702 2434 2761 3260 3406 3906 4044 4102 4196 4204 4693 4727
q33900e81147a6,6 9 21 26 34 44 71 88 102 116 137 151 164 179 188 210 217 266 272 277 321 339 350 351 372 382 386 457 477 479 480 507 525 543 547 559 572 578 586 605 608 615 631
qc8ac69a236b7b,21921 212592 214665 304196 332269
q530119ddbfffd,16180
qaf1cd00ced1ae,21921 89569 153431 186301 203189 212592 214665 215262 242647 304196 321488 332269 352507 362791
q2f0d99eede772,707 1702 3260 3406 3906 4196
q9d026a7fe2dad,141 172
q077f5ea361a04,92 694 947
qc3d72aeb05652,6930 22319
qcc6c294600013,22319
qd11272f1e298b,123 198 305
q8b82bbd18f9d4,{}
q08a2711d89dc2,{}
q09f17b7e0a6ed,{}
q26a5c42f55f16,7590 7653 8104 10477 11460 11728 12246 12811 16180
q0fce751c0361e,12 72 76 84 90 106 137 139 181 215 220 232 236 256 268 274 278 300 311 328 397 436 473 512 537 579 583 602 641 672 676 699
q80071f241e790,12500
q60445d86fbdf1,160 326 338 642 785 1179
q0629bc69f2da5,79 118 138 302 332 415 501 563 605 790 1114 1174
q7bc20fe85cabd,{}
qb6b3a68e673f8,{}
q243388e828473,1 2 7 10 14 15 17 23 24 26 31 35 37 42 43 44 51 53 61 62 64 66 70 72 76 79 81 90 97 100 104 116 124 126 129 130 131 133 136 137 140 153 163 164 172 176 179 181 182 187 191 194 195 196 197 204 207 226 230 232 234 254 256 270 271 280 285 287 288 291 292 299 302 311 312 314 315 322 324 328 332 333 334 339 344 348 351 356 363 366 371 374 376 377 382 387 391 404 416 417 425 431 436 442 445 466 472 478 479 480
qd69bf8e5d884b,1702 3260 4196
q311a5baf17c32,{}
qea24ab320ae8f,{}
q59ccbb74b9089,133 243 290
q61d577297e264,707 1702 3260 3406 3906 4196
q449ff2359f140,{}
qfb5690dbb0fe2,110 782 1210
q1df445dab73a7,12 14 18 31 47 54 59 60 69 77 79 81 94 95 96 107 112 114 137 145 157 164 182 190 198 200 209 220 224 243 247 248 249 252 262 278 281 286 297 302 322 338 358 370 376 382 386 388 395 399 416 422 445 449 475 481 487 488 492 496 497 511 529 534 539 558 583 599 606 607 614 616 617 622 628 634
q27499a6a36de0,21921 89569 153431 186301 203189 212592 214665 215262 242647 304196 321488 332269 352507 362791
qe81643f4e683e,30 54 66 76 80 89 91 97 101 114 127 139 148 161 182 186 208 209 213 221 254 270 278 289 298 320 323 330 331 341 347 352 361 370 390 392 404 415 418 454 473 499 515 542 547 585 603 631 644 698 708 740 771 786 810 824 854 878 879 884 896 903 913 920 925 951 967 1024 1037 1041 1052 1086 1102 1114 1133 1139 1150 1200 1233 1255 1258 1270 1286 1339 1361 1369 1407 1419 1423 1477 1478 1482 1492 1496 1503 1511 1524 1536 1552 1567
q459bdd8820b04,10 62 145
qd2abfe6cf02d0,21921 89569 153431 186301 203189 212592 214665 215262 242647 304196 321488 332269 352507 362791
q620836755a2ca,10 24 31 45 56 62
qd4f3567be3ac9,42 167 175
qaaa526ccff48c,{}
qaa055318e752d,{}
qaea8b2d9daf51,40 92 110 501 694 707 748 782 822 947 1210
q846cd340a5784,{}
q9777ab33a8507,{}
qd2170700c8350,{}
q17f309a491b8d,15 28 30 36 62 83 86 120 138 188 208 254 257 265 280 317 319 333 358 379 382 432 441 469 489 492 495 509 513 533 553 555 557 567 578 583 584 590 592 595 626 632 643 689 690 703 719 725 728 738 752 757 779 795 815 825 849 870 909 914 922 929
q10cc4248230d3,10 44 46 62 106 145
q356fcdf556451,{}
q151df6c82df95,{}
q28f50de08afca,20 29 35 59 60 71 83 88 113
q960fd84366976,{}
q50baa3d71ed1f,{}
qc3d67b53c270e,84 136
qd59961e9371f3,644 4786 6138 7233 8482 9402 12500 13711 14649
q0a74f7b7caddd,{}
qfe7c1b4c3ce27,{}
q803bd50a0ba50,4 34 38 40 47 50 71 107 137
q072f1444943e2,197 208 223
q00eda86e05d76,{}
q302d5272f9851,16180
qa1f00b5fd0527,11460
q0326688d7d774,{}
qed77b28975f12,{}
qa04aa9236f4da,707 1702 3260 3406 3906 4196
q4445a7147ae17,{}
q46d7f513326e4,{}
qdc26107827e63,21921 212592 214665 304196 332269
q636c5a287918f,14 17 29 188 192 210 255 306
qee1b5f3db01a6,{}
qeb5a983f73d22,332 415 605 1114
q81840a6db9586,{}
qc003b9dd02a1f,11460
q774e6afc18fbd,{}
qe7e7b49704be9,115 243
q340e4d8ca76cb,1702 3260 4196
qc2ea8bc2af53c,707 3406 3906
q45f482ea93c97,{}
q32a64247057f6,{}
qe08de4ee751a9,{}
q049d178917ee4,{}
q99ee20d2eac82,22 81 97
qc2d36a0d2d8b6,12 76 84 90 106 142 181 215 232 236 256 268 278 297 300 311 328 397 423 436 459 511 512 528 537 544 579 583 602 641 672 683
q490e0e072fd44,{}
q27c0c26919486,141 172
qe80098bccbc68,{}
q296c612fb8f9e,{}
q1cac650c397a7,{}
q62ed2225654c4,6930 22319
q651b3aa91599e,{}
qd01f2206fb2b1,79 118 138 302 332 415 501 563 605 790 1114 1174
qc8464dc9cc78e,{}
q6ce7b370a580c,5 9 16 27 28 32 36 38 40 51 56 57 62 66
q20c36e56ca540,707 3406 3906
q16e0ae8b67d74,35 66 68 107 131 139 203 251 303 309 446 460 467 468 491 500 517 524 545 551 564 582 605
qacfce23cd06fe,707 1702 3260 3406 3906 4196
qc47620655cee6,{}
q3cc8f0c0a3f99,{}
q70944b60769ba,707 1702 3260 3406 3906 4196
q9d136fb0d5e68,22319
q5cff119295003,99 107 132 150 170 182
qaf704cbda70f2,{}
qae8134b97e280,22319
qfd36fa457a280,{}
qb7b5339376b6a,186301 203189 215262 321488 362791
qb6bc863c026ca,{}
q352b77fb29735,197 208 223
q2b7801ce78ada,79 118 501 1174
qb92a1b00cd2f0,7590 7653 8104 10477 11460 11728 12246 12811 16180
q3755ed28542a5,21921 89569 153431 186301 203189 212592 214665 215262 242647 304196 321488 332269 352507 362791
q99e9b5cf7d1a0,24 51 65 83 89 100 103 144 146 149 160 208 226 262 266 289 304 312 321 322 328 345 362 394 397 403 406 412 416 426 428 443 476 484 494 504 511 538 551 558 580 587 605 632 648 725 761 767 772 773 831 844 865 867 882 891 909 910 913 957 967 985 996 1012 1040 1060 1072 1073 1080 1100 1107 1125 1138 1139 1147 1152 1170 1171 1195 1244 1291 1304 1306 1330 1331 1337 1338 1353 1355 1387 1389 1394 1403 1404 1408 1412
qe4802cf69980c,{}
q5c119a14c4678,707 2434 2761 3406 3906 4044 4102 4204 4693 4727
q828a63db9a4c1,{}
qb45f265923a42,707 1702 2434 2761 3260 3406 3906 4044 4102 4196 4204 4693 4727
q3223c02431611,6 19 62 88 92 130 207 228 252 259 279 289 325 333 345 359 380 401 405 407 428 449 461 474 477 505 533 559 599 600 628 640 649 656 661 663 680 691 697 701 730 785 790 793 815 822 832 852 870 884 885 901 905 912 960 970 971 979 988 994 1009 1060 1062 1066 1117 1123
q4fba437d75ca7,{}
q2892a7351bc2b,12500
qac6258c6478b2,7590 7653 8104 10477 11460 11728 12246 12811 16180
q91b64b2e76c71,{}
qb217fb8bc0ec4,17 18 19 50 51 58 92 116 117 128 150 153 171 172 253 254 278 280 286 287 336 339 360 383 391 398 409 410 422 423 428 431 469 520 530 566 606 619 659 713
q63a01e41db334,107 132 170
qaa55767774f36,{}
qb3664e1c0385d,{}
qc5d4c3b51fea0,20 36 240
q01ab677dfeb42,160 326 338 509 518 608 642 703 785 1015 1150 1179 1268 1436 1504
qf3aa5f001992a,{}
qeb252bbcb455a,3738 5643 5829 6145 6930 8410 11138 22319 23012 23137 28779
q397d9ac42a3d5,6930
q99e9931952328,3738 5643 5829 6145 6930 8410 11138 22319 23012 23137 28779
q89fb26b4a2123,3 12 26 39 48 74 78 93 130 137 145 162 186 187 203 205 218 229 232 263 304 305 348 360 383 387 405 419 423 449 455 466 469 497 518 538 607 608 613 619 632 641 669 759 760 771 787 795 812 824 838 847 860 889 906 935 957 986 994 1006 1012 1018 1086 1088 1116 1157 1165 1186 1193 1203 1204 1206 1214 1221
qd0f2e975efe64,{}
q330ec05a4a595,212 231 325 406 428
qc35d3d4887ac2,{}
q91e9cc4f7a10c,{}
q5c27ca231e868,707 1702 2434 2761 3260 3406 3906 4044 4102 4196 4204 4693 4727
q2ce1829f106af,{}
qfe295b908d9ca,19 21 35 37 46 66 79 83 91 94 95 103 119 130 132 141 154 214 218 230 235 241 242 244 256 257 265 291 299 304 306 307 325 336 348 358 374 375 376 399 414 421 423 427 429 449 455 456 477 485 501 510 534 538 555 562 580 582 586 590 592 599 600 602 612 620 634 638 652 664 666 677 683 685 686 696 702 709 714 716 719 725 729 733 739 755 756 757 762 776 783 784 795 799 800 805 806 807 814 821 822 825 827 844 847 863 868
q79fba79125b65,32 197 223
q6435bee6e7bfc,{}
qff4cb64e66b60,110 147 191
qc8d3dfd4c2e5b,21921 89569 153431 186301 203189 212592 214665 215262 242647 304196 321488 332269 352507 362791
q6635c844b4482,{}
q52f91d35d44fe,{}
q9cbe103007cda,644 4786 6138 7233 8482 9402 12500 13711 14649
qf7661b0c3d746,{}
qef16b15b150be,12 38 46 76 90 106 181 182 215 232 236 256 268 273 278 297 300 311 330 361 396 397 436 512 537 544 579 583 602 641 672
q9ae7934f1ce67,{}
qe68778f94a723,21921 89569 153431 186301 203189 212592 214665 215262 242647 304196 321488 332269 352507 362791
qabd77e65fb8f7,3738 5643 5829 6145 6930 8410 11138 22319 23012 23137 28779
q62f7017061bcb,10 44 46 62 106 145
q82fa46ecea0fb,{}
q177bc5ae3af5d,{}
q3f99f71c626c4,338 785 1179
q6fb2c389a13da,160 326 642
qa2e433de79e08,{}
q57d5fcead8c5a,197 208 223
q3d97170670792,10 44 46 62
q75f0d53e0426e,{}
qd6db34a3a932c,107 132 170
qc28a6484004a3,{}
q4f1e736f2572f,{}
qe0e792a5427de,11460
qce0edb4228da0,6930 22319
q26c2eb0f26e56,{}
qb7152187e5ed0,{}
qbb11ba7417f65,{}
qc5f0a64253004,{}
qf0d5e2c527faf,6930
q3f3fb7b862920,{}
qec87e7959b5a0,{}
q9bb45832de432,75 112 113 134 145 151 154 156 158 159 178 197 202 229 238 241 252 295 332 343 345 361 365 370 385 400 405 423 432 442 455 484 486 487 493 496 498 523 546 554 593 611 621 647 658 659 683 729 748 752 754 782 784 790 810 823 841 879 881 903 913 916 922 925 926 946 972
q4243cdfdd1bda,3738 5643 5829 6145 6930 8410 11138 22319 23012 23137 28779
q45e4ed729e9a8,707 1702 3260 3406 3906 4196
q7c3dcc0fc6c41,{}
q45e9adea24137,3 4 9 12 20 22 36 50 66 80 100 102 107 118 130 146 153 158 159 191 195 207 211 222 224 230 237 240 244 263 271 287 290 291 295 296 299 303 315 322 333 334 341 358 359 368 373 382 385 396 416 423 427 457 459 469 483 491 511 542 545 548 554 557 561 576 589 598 616 646 651 659 665 680 691 698 710 745 746 749 750 752 753 754 772 773 774 776 777 778 781 790 799 800 822 823 828 838 847 862 865 878 890 921 925 932 939 953 955 965 984 993 995 1007 1009 1016 1047 1064 1095 1098 1115 1126 1127 1161 1168 1196 1201 1213 1216 1217 1218 1225 1230 1234 1238 1239 1241 1248 1250 1261 1276 1281 1286
q99f43d3007ab5,160 326 338 509 518 608 642 703 785 1015 1150 1179 1268 1436 1504
q36cfb7bf2e715,{}
q26f78a31e0e2d,{}
q26df09c49b6b4,13711
qfa5dbf51ba339,{}
qddfcdab4efc1e,{}
qad128a057d822,22 32
qb7356c1ce713c,{}
qb070a6d6b7ffb,7 14 32 34 37 52
q7214ec214d3fe,{}
qe365182ee3568,160 326 642
qb006691996966,3 196 208
qd3c3152744227,3 6 16 45 71 73 110
q436e802b89c38,{}
q658affb7b0766,{}
q4269f51bcc676,{}
q1f24f572397ce,13711
q81fc04780f385,{}
q6cb67e2c6510d,{}
qe093b779bcea1,40 92 110 501 694 707 748 782 822 947 1210
qa209b3e49d8f5,160 326 338 642 785 1179
qb07eb98598042,6930
q24045de0634a3,{}
qd8a228f6a2146,21921 89569 153431 186301 203189 212592 214665 215262 242647 304196 321488 332269 352507 362791
qa624b81848e12,8 48 213
q48c07da41ccdc,8 12 18 21 23 26 27 28 32 37 38 46 48 51 54 59 66 68 72 76 77 79 84 85 90 95 100 106 112 125 128 129 137 139 142 145 152 155 157 164 168 179 181 182 183 188 193 194 202 215 217 220 224 231 232 236 237 239 240 243 256 261 267 268 273 274 278 282 283 284 297 300 310 311 312 317 328 330 332 338 342 352 357 360 361 368 389 396 397 408 410 413 423 427 430 436 443 447 452 459 469 473 497 503 511 512 513 521 523 528 534 537 542 544 545 573 579 583 588 596 598 599 602 604 605 611 617 624 626 641 642 648 653 654 658 667 672 676 683 688 694 699 704 705 725 729 733 737 742 743
q453a779223c99,707 1702 2434 2761 3260 3406 3906 4044 4102 4196 4204 4693 4727
q4a230990d736d,308 373
q9d5b906dec1b8,{}
q2f96f5a9947f1,707 1702 3260 3406 3906 4196
qa7e71d4128172,{}
qd1a80f51a5fbb,{}
qf7e8bdd4bdbfc,332 415 605 1114
q0a61e97229d7d,7590 7653 8104 10477 11460 11728 12246 12811 16180
q7a71a6d04de35,20 285
q8264eb5f8257c,12 13 16 17 18 19 23 39 47 48 50 51 58 61 77 80 84 92 112 116 117 128 129 139 140 150 153 171 172 175 179 183 204 207 225 229 240 242 253 254 256 273 276 278 280 283 286 287 288 304 311 313 321 323 327 336 339 350 360 374 375 383 386 391 393 398 409 410 420 422 423 426 428 431 433 443 447 455 459 460 469 490 496 500 501 503 513 515 520 523 527 530 531 538 546 549 552 562 566 576 577 584 588 594 602 606 611 619 623 628 631 642 645 649 650 655 657 659 669 675 679 682 683 684 686 690 705 711 713 723
q50c521c11cbd7,30 45 46 51 57 68 102 123 128 132 151 167 169 184 212 219 258 282 305 324 346 350 367 375 382 413 419 439 440 457 464 489 516 537 542 574 607 615 621 623 625 643 662 671 676 687 696 703 726 773 819 825 826 827 828 842 846 850 855 893 896 907 921 930 934 935 937 965 973 993 1003 1032 1045 1052 1112
qccae45265a3e0,110 782 1210
q7915b3f0dd66a,{}
q4e3ca20871886,21921 89569 153431 186301 203189 212592 214665 215262 242647 304196 321488 332269 352507 362791
qbbd98b3ac6d85,79 142 274 743 868 1062 1204 1338 1419 1713 2381 2867 2947 2955 2967 3457 3623 4351
qdd9387a3549f8,707 1702 3260 3406 3906 4196
qa4d3c619ffeb2,100 107 285
qabd14f0a6993d,21921 89569 153431 186301 203189 212592 214665 215262 242647 304196 321488 332269 352507 362791
qb5045315e094a,160 326 642
qb78a90443bef4,277 488 574 1437 1443 1701 1913 2028
q6960a465520f2,{}
qf8f31513c18fc,79 118 501 1174
q366d9e6f7c2f4,3738 5643 5829 6145 6930 8410 11138 22319 23012 23137 28779
q73b8dd3735065,197 208 223
q59f19b7ac6d94,3738 5643 5829 6145 6930 8410 11138 22319 23012 23137 28779
q62ab9923032dc,{}
q3b501f31b0b92,{}
q63be329d927a5,160 326 642
qae4c9753cf65b,21921 212592 214665 304196 332269
qaf87f97a455de,197 208 223
q85d100f188620,31 47 59 60 79 81 95 96 137 224 249 252 278 382 386 388 422 481 496
q799a82b1144a4,{}
q7d383fcd3e52d,42 110 147 167 175 191
q74363a905138a,{}
q22fe2853b6fa4,13711
q044371c46dd0c,{}
q77f8971f25f2e,4 6 11 12 20 26 32 41 52 53 66 67 70 73 80 81 83 88 103 104 107 110 112 121 126 128 130 135 139 140
q7cd816b8d8785,{}
q1b09d83ae7f86,17 32 46 53 56 78 108 110 111 121 132 139 156 177 192 201 204 219 228 270 277 293 305 310 318 330 333 407 480 501 534 565 566 598 614 680 717 743 745 750 764 765
q487885606fe30,6930
q0918b03b348eb,{}
qb3967f6589142,{}
q4acecd17de805,99 150 182
q97a71b2078ddb,{}
qedc2bff776b13,707 1702 2434 2761 3260 3406 3906 4044 4102 4196 4204 4693 4727
q1bc211029dee2,169 344 414
q24dfe50878018,22319
qdae5691e02e66,{}
q2a8d5c9ab5ba4,{}
q4a08aa980da48,{}
q1d6b2df81e526,{}
qa4f5b97457bdc,160 326 338 642 785 1179
q85c1273e63a4d,79 118 138 302 332 415 501 563 605 790 1114 1174
q9ce7591c690a5,{}
qb9a2fc1070625,3738 5643 5829 6145 6930 8410 11138 22319 23012 23137 28779
qcd49c552d714d,6930
qf4b4f2b3ac9e6,707 1702 3260 3406 3906 4196
q98e0a44d07800,1136 1697 2161 2658 3232 4105 5004 5329 5426
q76eaf53949686,{}
q4cfe58eb4c60d,186301 203189 215262 321488 362791
q067cd30169a7f,{}
qa606f0ee8ada8,{}
q534b3823d72a1,707 1702 2434 2761 3260 3406 3906 4044 4102 4196 4204 4693 4727
qa723f67f3c389,21921 89569 153431 186301 203189 212592 214665 215262 242647 304196 321488 332269 352507 362791
q5db59e8a343b2,{}
q43ce6a48d57b2,8 12 18 21 23 26 27 28 32 37 38 46 48 51 54 59 66 68 72 76 77 79 84 85 90 95 100 106 112 125 128 129 137 139 142 145 152 155 157 164 168 179 181 182 183 188 193 194 202 215 217 220 224 231 232 236 237 239 240 243 256 261 267 268 273 274 278 282 283 284 297 300 310 311 312 317 328 330 332 338 342 352 357 360 361 368 389 396 397 408 410 413 423 427 430 436 443 447 452 459 469 473 497 503 511 512 513 521 523 528 534 537 542 544 545 573 579 583 588 596 598 599 602 604 605 611 617 624 626 641 642 648 653 654 658 667 672 676 683 688 694 699 704 705 725 729 733 737 742 743
q91bd06b7738b0,707 3406 3906
qaf48e418a882a,707 1702 3260 3406 3906 4196
q77ecc384473a5,{}
qd3d8f77cbf403,6930 22319
q198cf953e386a,707 3406 3906
qaed95a9fb55a7,30 141 172
q11233e3849b10,{}
q8d481705a8a81,5 13 24 30 34 47 49 62 65 77 94
q085bf51bdeec1,79 118 332 415 501 605 1114 1174
q4a7637d09b6b6,{}
qb77bee1d9fbcc,707 1702 3260 3406 3906 4196
q8e8a9aff7ea47,3738 5643 5829 6145 6930 8410 11138 22319 23012 23137 28779
qf75a77ff2f470,{}
qdb1ffcd8f3638,21921 89569 153431 186301 203189 212592 214665 215262 242647 304196 321488 332269 352507 362791
q750962dba9b45,11460
q77404e4dbc7ff,6930
qed797f83f52c5,{}
q08dbec20dbd19,{}
q4c801fa191b5c,186301 203189 215262 321488 362791
q5b1f3497a7fd8,644 4786 6138 7233 8482 9402 13711 14649
q6009313592dcc,107 132 170
qc13fbddfe9a3a,707 1702 2434 2761 3260 3406 3906 4044 4102 4196 4204 4693 4727
q0420e1ab8b4a9,22319
q6c155856bebfb,99 107 132 150 170 182
q9321937616e37,{}
q79db4b25e1c0c,1 12 14 27 29 72 73 83 100 107 115 116 121 123 132 135 139 161 171 195 198 204 252 254 262 271 279 285 304 305 311
qe8717abd41fec,707 1702 2434 2761 3260 3406 3906 4044 4102 4196 4204 4693 4727
q0d74e543b5991,21921 89569 153431 186301 203189 212592 214665 215262 242647 304196 321488 332269 352507 362791
q1443e28cbf398,7 22 32 43 81 97
qac9c948d5de48,6930
qfafd34f952262,{}
q589a183317693,14 17 28 29 62 119 188 192 210 223 255 268 295 306 319 335
q4c01cd085ac29,{}
q0c1e7799cd905,44 145
q2401c02d87d56,{}
q1ae73c6826ee0,92 694 947
qc51caf1009063,3 196 208
q0a57fe05812f2,{}
q9fbb10d910129,21921 89569 153431 186301 203189 212592 214665 215262 242647 304196 321488 332269 352507 362791
qd1ff2781f3897,{}
q800c80e83bb7c,1702 3260 4196
q61dea360d7ffc,12500
q4b7eabf685c4d,40 92 110 501 694 707 748 782 822 947 1210
qb20049223086d,{}
q02ec5a717b099,{}
qf01ec1334444f,197 208 223
qee60dcb15f2fe,6930 22319
qdc47e8c2b933a,160 326 338 509 518 608 642 703 785 1015 1150 1179 1268 1436 1504
q5ea60af329786,1 26 105 130 221 379 400 439
q0f132e7a4b8a2,{}
qd1254381122bf,32 96 197 208 220 223
qbe6351d96c437,30 141 172
q54cdd529a8384,{}
q4c8ab95257adc,6930 22319
q85b3c9d03ef02,{}
q5ed1ee2c4c7ae,12 14 18 31 47 54 59 60 69 77 79 81 94 95 96 107 112 114 137 145 157 164 182 190 198 200 209 220 224 243 247 248 249 252 262 278 281 286 297 302 322 338 358 370 376 382 386 388 395 399 416 422 445 449 475 481 487 488 492 496 497 511 529 534 539 558 583 599 606 607 614 616 617 622 628 634
qe3346d38fb83b,13 200 343 485
q9f64483f991e2,160 326 338 509 518 608 642 703 785 1015 1150 1179 1268 1436 1504
q07e719e5c16a9,{}
qf29f01e759b54,{}
qfbad3fae53bed,5 14 18 20 24 26 29 36 38 39 44 62 64 79 81 84 93 94 102 104
q708a91cddcc26,115 175 243
q902b9a43ee873,29 31 37 52 62 63 69 78 90 97 128 138
q9e89f0052c0a6,16 17 18 19 48 50 58 92 116 117 128 150 153 171 172 225 253 278 280 286 287 311 313 336 339 374 375 383 386 391 398 410 422 423 428 431 443 459 490 496 503 513 523 530 549 566 577 606 619 642 645 650 657 659 675 686 713 723
q6469e30f7484c,{}
q768962d8861d3,21921 89569 153431 186301 203189 212592 214665 215262 242647 304196 321488 332269 352507 362791
qd5785402f6527,{}
q04d48a17e2a16,3738 5643 5829 6145 6930 8410 11138 22319 23012 23137 28779
qa130d40715a88,{}
qab698a41202d2,{}
q5ee31c26d33b7,99 150 182
qe365f40c258c9,92 694 947
q50f1672431f25,7590 7653 8104 10477 11460 11728 12246 12811 16180
qf0738c7cefd54,{}
qc0203c836d8ed,{}
qc0574de5595c7,1702 3260 4196
q7cfe527be0f9c,3 20 36 196 208 240
q2cf3bbb001c41,21921 212592 214665 304196 332269
qf3518b71e8d28,12500
q8839ba53d01a1,644 4786 6138 7233 8482 9402 12500 13711 14649
q44d04b38b547e,{}
qa7f340433074a,160 326 338 509 518 608 642 703 785 1015 1150 1179 1268 1436 1504
qa086ce03a70a6,{}
qc24c76c01c811,{}
q0471ad5f77c02,277 420 455 488 538 565 574 759 1236 1330 1437 1443 1504 1701 1913 2028
q1111dbc1bbf11,11460
q9d032a3c87d4e,1702 3260 4196
q5f5cf1b48de2b,{}
q3c112410291f9,{}
q3cb7ac864cee1,{}
q5e7b3c8a336d3,{}
q7b51b359585da,{}
qc565ea5611d76,{}
qbf8358397fd3d,{}
q16511655d09b5,{}
q8f7f16e3c25cd,{}
q00f7d80223b8f,29 63 89 91 107 131
qf720da6eff924,{}
q9a2086c68213b,{}
qf3848a2fa7d69,{}
qb14017d9f41cb,277 488 574 1437 1443 1701 1913 2028
q8935ec0ccca64,6930
qfa04f161dca43,{}
q8f8e48e5529d6,42 110 147 167 175 191
qd0ad35824b237,16180
q30b2aa4d48298,{}
q10ec0cf6887a2,{}
qf00955134381e,21921 89569 153431 186301 203189 212592 214665 215262 242647 304196 321488 332269 352507 362791
qd4ae3ebc75401,26 34 36 38 40 47 73 76 79
q22336fee0dbe3,30 54 66 76 80 89 91 97 101 114 127 139 148 161 182 186 208 209 213 221 254 270 278 289 298 320 323 330 331 341 347 352 361 370 390 392 404 415 418 454 473 499 515 542 547 585 603 631 644 698 708 740 771 786 810 824 854 878 879 884 896 903 913 920 925 951 967 1024 1037 1041 1052 1086 1102 1114 1133 1139 1150 1200 1233 1255 1258 1270 1286 1339 1361 1369 1407 1419 1423 1477 1478 1482 1492 1496 1503 1511 1524 1536 1552 1567
q88d11acfd391e,{}
q7333c1a4fa967,{}
q6f827dabdcad9,6930 22319
q2306abc101025,{}
qe6f81c09e852d,{}
q664f6b9aac474,{}
q59dba53680182,1 32 113 135 162 223 246 256 271 279 291 320 325 326 331 348 354 376 379 386 400 403 422 435 450 454 479 493 503 507 511 522 525 527 539 547 557 584 590 623 635 676 686 688 690 709 715 728 729
q3d20dd1ad785e,6930
qb21aa553b5b4b,186301 203189 215262 321488 362791
q8b741cf961602,3738 5643 5829 6145 6930 8410 11138 22319 23012 23137 28779
q1942a6625e9b1,160 326 338 509 518 608 642 703 785 1015 1150 1179 1268 1436 1504
q0d66998bfc46f,{}
q0aadc967f43f3,40 92 110 501 694 707 748 782 822 947 1210
q1f376a3c77a76,707 1702 2434 2761 3260 3406 3906 4044 4102 4196 4204 4693 4727
q0c753e13de25f,{}
q90e44370b9615,11460
qecb33a3d71706,{}
q725efb499bfa9,6930 22319
q9c36d6e56b285,{}
qee928789b12e0,{}
q32c3989f8f52b,40 92 110 501 694 707 748 782 822 947 1210
q70d4d997b1315,{}
qb6e52c4819b00,{}
q2f360bef7e586,{}
qc5686004f1569,{}
q615319881cc52,{}
q7cf5df4b59537,{}
q81f6ba1678445,{}
q7fd483415371f,{}
q88f492843fd91,{}
qa018a8af667ca,{}
qe6fd01b7f4617,{}
q009d6bf71c750,{}
qc0bccbf9d7029,{}
q2aeaa95e6dfe8,{}
q4ec5d71a9fdce,{}
qf53408c416099,{}
qd297cc30cceea,7590 7653 8104 10477 11460 11728 12246 12811 16180
q85bf21b832077,{}
q922aaa6728f42,707 3406 3906
q88b70006cb1bf,8 38 46 79 125 128 182 273 283 330 332 352 361 389 396 534 624 743
qc0a5d79c9d4a2,35 66 68 107 131 139 203 251 303 309 460 467 468 491 500 517 524 545 551 564 582 605
q2bbd524f4f10c,{}
qc06463a936220,{}
qa7527b411421e,{}
q056002d108820,16180
q69043e5d15faa,{}
qd2d0994ebc3c0,8 38 46 79 125 128 182 273 283 330 332 352 361 389 396 534 624 743
q3b10f9ba85199,644 4786 6138 7233 8482 9402 12500 13711 14649
qaacd8a585e98d,3 65 229 275 570 701
q179b5cf8d624a,107 204 265 454
q922991b34705b,30 115 141 172 175 243
q1536402adf585,{}
q6454be2b691bc,{}
qea4babe034bed,107 132 150 170 182
q6c54a28fbec27,22319
qd52b2eb7edd0c,{}
q08b7927130e8a,12 137 270
qd8e417b9946b0,21921 89569 153431 186301 203189 212592 214665 215262 242647 304196 321488 332269 352507 362791
qb242b971c22cd,{}
qa03d4a5eda4cb,{}
qeb79b9784a9aa,21921 89569 153431 186301 203189 212592 214665 215262 242647 304196 321488 332269 352507 362791
q213c7f6f12765,32 96 197 208 220 223
qf73d11cd31ed2,{}
q552023c2c15a5,{}
qcdba62ded6c66,30 115 141 172 175 243
qb722f81246257,707 1702 2434 2761 3260 3406 3906 4044 4102 4196 4204 4693 4727
q6ee4bdb610e8c,6930
qa636860ae2569,{}
q9a6ae2825cd1e,{}
q4a98761028035,707 1702 2434 2761 3260 3406 3906 4044 4102 4196 4204 4693 4727
q88b825da06c86,1702 3260 4196
qdf832fa177aad,1 6 11 30 45 46 51 57 68 74 75 83 84 85 90 91 95 102 109 111 114 120 123 128 132 133 145 147 151 167 169 175 184 212 219 242 258 280 282 288 305 306 309 324 328 346 350 367 375 382 405 413 419 427 436 439 440 457 464 466 489 516 524 537 538 541 542 546 574 599 607 615 621 623 625 643 657 662 671 676 687 691 696 701 703 726 772 773 819 825 826 827 828 831 834 838 842 846 850 855 871 879 893 896 900 901 907 921 930 934 935 937 944 945 950 951 965 973 983 993 1003 1004 1032 1045 1048 1049 1052 1057 1097 1112 1157
q878c1a01f4ce0,110 782 1210
q57160cf276d6d,{}
q3b67bfebc3655,81 140 153
q649e9bd1a5d50,3738 5643 5829 6145 6930 8410 11138 22319 23012 23137 28779
qfd4032b18a579,{}
q3387af62022f8,{}
q88150ad7cb8b0,1 32 113 135 162 223 256 291 320 325 326 331 354 376 379 386 400 422 435 450 454 493 503 507 511 522 525 547 557 584 590 676 688 709 728 729
qfef7a38dcb24a,7590 7653 8104 10477 11460 11728 12246 12811 16180
q67b21aedd4fd0,19 35 83 91 94 95 130 141 214 230 244 257 299 306 307 348 358 399 414 421 423 427 429 449 455 456 501 534 538 555 582 592 599 612 620 638 664 677 685 686 702 709 714 719 739 755 756 762 784 805 814 844 868
qaa9f3946b2f55,141 172
qb4af35b0c2a2d,{}
q8f59583094a67,11460
qd923a592665ae,707 1702 3260 3406 3906 4196
qc57cddd7f3ea8,707 1702 3260 3406 3906 4196
q64127284f76d0,21921 89569 153431 186301 203189 212592 214665 215262 242647 304196 321488 332269 352507 362791
q05c2e34a1fe00,{}
qeb8c46ac96cd8,21921 212592 214665 304196 332269
qb3473a505524b,5 13 30 33 39 41 45 46 47 50 57 61 62 69 72 74 77 78 83 85 93 99 102 103 109 122 130 139 159 160 161 163 166 167 178 181 182 184 193 195 196 208 210 215 220 222 225 227 232 243 252 262 266 275 277 278 280 285 290 294 297 298 305 314 315 319 326 327 332 334 336 343 345 346 349 354 356 357 367 377 378 384 385 387 391 400 401 407 417 425 428 429 431 434 436
qdb3b24fbbc898,{}
qea1363aeae49d,39 47 53 65 67 84 88 89 94 126 129 137
q0b623d38c2feb,644 4786 6138 7233 8482 9402 12500 13711 14649
qd77ac2799d22c,8 38 46 79 125 128 182 273 283 330 332 352 361 389 396 534 624 743
q2bfffa28f2b85,7 32
qc9851f73ada83,197 208 223
q7a439c446e511,644 4786 6138 7233 8482 9402 12500 13711 14649
qcbebf47f0e2e4,47 256 500 552 659
qdbece0a940828,{}
q9a18b46e41c59,{}
q3442a454255a1,21921 89569 153431 186301 203189 212592 214665 215262 242647 304196 321488 332269 352507 362791
q90189e01bfd80,{}
q48cfc5c8cc2df,160 326 509 518 608 642 703 1015 1150 1268 1436 1504
q3fbda07eaa416,21921 186301 203189 212592 214665 215262 304196 321488 362791
qd7740548cb053,{}
q3dd192e15cfb3,{}
q0577381d4de33,107 132 170
q6df4a87618a56,21921 212592 214665 304196 332269
q25a66d60cd82d,10 24 28 34 40 47 55 66 70 77 103 127
q764169ac4b4f4,{}
qbd0a7877bcf97,707 1702 3260 3406 3906 4196
q5f3c1ca8f1cf3,1 32 113 135 162 223 246 256 271 279 291 320 325 326 331 348 354 376 379 386 400 403 422 435 450 454 479 493 503 507 511 522 525 527 539 547 557 584 590 623 635 676 686 688 690 709 715 728 729
q477de31d100eb,{}
qb96a2ae743e9b,1702 3260 4196
q7fe4a2a5db719,{}
q68d59f6b90c87,12500 13711
q342318e484237,3738 5643 5829 6145 6930 8410 11138 22319 23012 23137 28779
q3bdb75ccfc42f,44 145
q2ec9833498395,8 48 213
q5ed1b108af8fc,{}
qd20c8f6cda8e0,{}
qafc3fec0756cc,21921 89569 153431 186301 203189 212592 214665 215262 242647 304196 321488 332269 352507 362791
qebba2cce82386,2 3 27 39 44 45 49 53 74 89 95 96 97 98 107 108 109 114 118 121 122 130 134 138 140 153 154 158 160 168 180 192 204 205 209 220 229 232 239 241 245 257 258 263 266 269 271 273 279 292 310 321 329 360 364 382 385 386 388 421 425 427 434 436 438 451 456 463 475 493 494 499 504 505 510 514 522 524 525 557 563 577 584 594 596 611 613 625 626 645 651 653 660 669 680 684 697 709 729 746 782 783 786 793 813 814 823 836 841 843 848 862 865 866 882 927 932 934 945 950 952 959 986 992 995 1012 1022 1048 1050 1060 1063 1065 1068 1077 1089 1092 1096 1102 1109 1124 1153 1166 1181 1184 1186 1195 1196 1201 1210
q5eae9fe0564be,{}
q3974a784e4433,64 168
qf3a890eeea091,{}
qf65c7995a8a9b,186301 203189 215262 321488 362791
q0703a48ba2873,{}
qad9e2d2f7446d,92 694 947
qd5b78fdcf0b59,707 3406 3906
qd3fa033891f9e,{}
qa5aa59e8e7511,{}
qccc7dda4d219e,30 115 141 172
q81859a32d082e,{}
qa0b6bf2cf3690,3 20 36 196 208 240
q6a7639b47e246,{}
q0430c4b02e120,100 107 285
q2b09a3208a9b0,21921 89569 153431 186301 203189 212592 214665 215262 242647 304196 321488 332269 352507 362791
q9c682687894f4,5 13 30 33 39 41 45 46 47 50 57 61 62 69 72 74 77 78 83 85 93 99 102 103 109 122 130 139 159 160 161 163 166 167 178 181 182 184 193 195 196 208 210 215 220 222 225 227 232 243 252 262 266 275 277 278 280 285 290 294 297 298 305 314 315 319 326 327 332 334 336 343 345 346 349 354 356 357 367 377 378 384 385 387 391 400 401 407 417 425 428 429 431 434 436
q5422ba4b9c694,6930 22319
q68168a68ca31d,21921 212592 214665 304196 332269
q2f4225bd14a0d,{}
q89edf4045e44d,284 285 315 389
qd3c8f56eeff00,{}
q33ea2892f47c5,21921 186301 203189 212592 215262 321488 362791
q4b7a17073c08d,{}
q4164e7130cf2a,13711
qcc446408454ea,{}
q0439b2e830626,{}
qe3057ab6fec55,21921 212592 214665 304196 332269
q7e134bc8c9414,{}
qfacfcd0677e73,2 18 25 39 55 60 68 87 91 99 103 108 116 119 122 144 150 162 171 176 178 190 192 220 228 233 243 246 253 264 268 273 282 285 296 302 311 313 340 367 377 384 389 391 396 404 408 418 422 428 430 435 442 444 446 450 454 455 462 469 480 482 514 523 530 538 556 571 579 581 587 602 603 614 619 621 622 631 665 666 668 673 674 679 686 689 693 699 701 703 705 718 723 726 752 768 770 787 790 797 800 830 833 835 850 860 872 877 895 898 919 927 938 952 960 964 965 967 969 970 977 997 1007 1011 1012 1033 1038 1051 1093 1099 1101 1103 1116 1118 1131 1133 1143 1146 1148 1154 1155 1158 1159 1167 1171 1181 1192 1206 1209 1237 1248 1252 1282 1288 1294 1302 1313
q51b8160385036,11460
q0a6a99573d475,16180
qfcf6359cc1896,{}
qc37799438d66c,21921 212592 214665 304196 332269
q886263d103fca,21921 212592 214665 304196 332269
q8b3433515df6b,{}
qa9424af6bd87e,707 1702 2434 2761 3260 3406 3906 4044 4102 4196 4204 4693 4727
qeecb4bd88d01d,{}
q08078a489b6e0,160 326 338 509 518 608 642 703 785 1015 1150 1179 1268 1436 1504
qb5e020059b4fa,{}
q5b5e475b7871b,22319
qb18e5e0b97b5f,1702 3260 4196
q79632bea344f1,12500
qb5f33b8d5c2a3,22319
q55779f02747ab,1702 3260 4196
q642d42b563a71,{}
qd72fdf8e669f9,{}
q5d46e408d77f7,{}
qa6f438e7bc261,32 96 197 208 220 223
qe9832e370bf88,16180
q3956c1e8cda02,{}
qd7f5f7ddd50af,{}
q253cc6bb0b3c5,22 81 97
qb172dc02d1c4c,7590 7653 8104 10477 11460 11728 12246 12811 16180
q08952842b87ba,{}
q2bfcd52e64cf0,13 31 45 61 80 90 130 131 157 158 164 190 191 194 219 237 258 267 290 302 306 310 327 328 337 338 351 354 369 375 425 463 504 507 525 550 557 564 587 588 603 604 616 623 641
q9df4d028525be,707 3406 3906
qca90180891e57,{}
qe434140fe2467,{}
qf6d1bb04b7071,1 12 14 27 29 72 73 83 100 107 115 116 121 123 132 135 139 161 171 195 198 204 252 254 262 271 279 285 304 305 311
q8863b1d0488e7,{}
q7419fe342e1fd,79 118 138 302 332 415 501 563 605 790 1114 1174
q616b84540d3da,6 12 14 17 19 27 32 38 42 43 45 47 48 51 53 73 80 84 88 89
q7e3ac34881134,707 1702 3260 3406 3906 4196
q08eaa9745ff57,160 326 338 509 518 608 642 703 785 1015 1150 1179 1268 1436 1504
q8ebe2f9c50099,{}
qdb918fd1d1bc7,21 66 86 98
q7cba20dc1e1df,1 8 32 41 48 52 53 57 65 73 104 131 137 146 167 204 218 225 251 254 265 274 306 314 320 339 400 442 447 492 511 516 561 568 574 609 618 619 620 634 641 646 650 700 703 722 733 751 753 798 812 837 856 887 888 889 935 956 1011 1016 1029 1051 1057 1060 1064 1069 1083 1150 1156 1177 1194 1195 1200 1206 1214 1219 1224 1225
q7eaffb84a4c2e,{}
qc8fa8dfd20ea6,{}
q4d93a3f0f1196,{}
q242ff17610c49,6930
qe00478e941f08,{}
qd3d910caddc0a,{}
q81c9a42cf834b,7590 7653 8104 10477 11460 11728 12246 12811 16180
qe54e0764fc7e8,3738 5643 5829 6145 6930 8410 11138 22319 23012 23137 28779
qae57713e5d86c,{}
q902da44890757,707 3406 3906
qa1e667aaad631,{}
q1137b98a5ef1b,419 1218 2635 5409 6582 6662 6860 7355 7626 7747 7903 8348
qcec95f689fc16,{}
q4da8325fb4f71,5 14 18 20 24 39 102
qbe24a81206aa1,{}
qffd2540aee649,{}
q7c3fd7ac052a0,{}
qd4ad92585c8a9,3738 5643 5829 6145 6930 8410 11138 22319 23012 23137 28779
q7f0513fafed7d,6930
q9db8e87a3ad43,{}
qec217ca75927d,3738 5643 5829 6145 6930 8410 11138 22319 23012 23137 28779
q43817e4e90429,108 396
q86df00fb81d6e,{}
qc05ba1e858e5a,21921 89569 153431 186301 203189 212592 214665 215262 242647 304196 321488 332269 352507 362791
qed32f32d29757,8 48 81 213
qea879eb307a5d,{}
q17f6d180d149f,105 130 216 221 306
qceb613ca57e73,514 1378 2585 2819 3019 3070 3558 3891 4230
q5d3f517e4bf13,21921 186301 203189 212592 214665 215262 304196 321488 362791
q600f2f1faee5d,186301 203189 215262 321488 362791
qf3e2b50f5839b,707 1702 3260 3406 3906 4196
qbe57fd9411c94,{}
q6f751b076a5e3,{}
q7bd76b9072d45,55 143 147 287 310 360 388 454 460 517 669 684 705 731
q6b5f08a5bfb9c,{}
qe610c17c5d320,{}
q96fcee8df80d9,110 167 175
q75e0cf4b8ab05,{}
q60cd5adcf02ef,99 150 182
qbca1734196b85,22319
qc0c0baa7bebfd,11460
qf4ee197b01fd4,6930 22319
q77aabd150003f,{}
qf375ab010fce9,48 263 306 403 465
q71a781f04c0f7,3738 5643 5829 6145 6930 8410 11138 22319 23012 23137 28779
q6517bb1570c00,{}
qcf256479e44c0,6 32 42 43 45 47 48 80
q63c6e35659245,13 20 21 31 32 39 44 45 55 61 62 70 80 83 90 115 116 118 126 130 131 137 138 157 158 164 190 191 194 219 237 241 246 258 260 266 267 290 302 304 306 307 308 310 320 322 327 328 337 338 346 351 353 354 358 361 369 375 423 425 443 445 463 499 504 507 525 550 557 564 568 582 587 588 603 604 614 616 623 640 641
q1602662834c77,{}
q2539fc179cbe2,{}
qadbc1c6fa984a,197 208 223
q8568d8faf73b3,{}
q6f435844fc936,{}
q5ade75876cb39,{}
q284b4e616c760,{}
qa902c57c3b8d3,3738 5643 5829 6145 6930 8410 11138 22319 23012 23137 28779
q5064c4cd433b1,{}
qa744f5ed9d29d,1 8 32 41 48 52 53 57 65 73 104 131 137 146 167 204 218 225 251 254 265 274 306 314 320 339 400 442 447 492 511 516 561 568 574 609 618 620 634 641 646 650 700 703 722 733 751 753 798 812 837 856 887 888 889 935 956 1011 1016 1029 1051 1057 1060 1064 1069 1083 1150 1156 1177 1194 1195 1200 1206 1214 1219 1224 1225
q4310a3b059c6e,{}
qa07a02c565969,{}
q2ab505104a256,10 62 145
q26f11c1777471,707 1702 3260 3406 3906 4196
qc95ef842b4020,10 62 145
q4a679e838c3a6,{}
q3d4b6b89a7dea,{}
q93decb5c164e8,100 107 123 198 285 305
q736ed72ab5e5d,{}
qa0e0c91a75446,186301 203189 215262 321488 362791
q8295ddf5192c2,9 12 24 35 39 53 62 102 119 139 146 156 160 184 208 220 233 293 312 327 335 350 352 394 429 458 463 464 491 494 527
q229f4494e160c,{}
q1d5791a4df437,{}
q18edc786bbb04,{}
q6185fa0a2811c,707 1702 3260 3406 3906 4196
q3d19cacbb17a1,{}
q33f4cd16c9ba0,707 1702 3260 3406 3906 4196
q185c05117f240,{}
q965bfc322990b,22 81 97
q81a69c5b5c07a,160 326 642
q6037578effa6b,{}
q7aa775ff2fbc4,32 96 197 208 220 223
q84624adb407dd,7590 7653 8104 10477 11460 11728 12246 12811 16180
q5dd986f4696cc,{}
qfdc250977effc,{}
qa0230c92e1c49,{}
qc7bed1f525cdf,21921 212592 214665 304196 332269
qaf95e7660cabf,{}
qbf6b52e7960c5,{}
q0f5e9e17449ed,99 150 182
qb07095da86083,197 208 223
qad9bb1985e941,6930
qcfe75d31356c7,{}
qb073121e878ea,{}
q8a007ac08b7fc,5 13 24 30 34 47 49 62 65 77 94
q22a4db0b3a08f,707 1702 2434 2761 3260 3406 3906 4044 4102 4196 4204 4693 4727
qb311225d0c010,{}
qd0d7bf6b38ed0,707 1702 2434 2761 3260 3406 3906 4044 4102 4196 4204 4693 4727
qed1ddf94ff356,12 14 18 31 47 54 59 60 69 77 79 81 94 95 96 107 112 114 137 145 157 164 182 190 198 200 209 220 224 243 247 248 249 252 262 278 281 286 297 302 322 338 358 370 376 382 386 388 395 399 416 422 445 449 475 481 487 488 492 496 497 511 529 534 539 558 583 599 606 607 614 616 617 622 628 634
q7fc3420bfd761,{}
q4d6798f8d41c5,{}
qfd561442fdce7,6 9 15 54 69 97 105 123 158 183 201 207 234 278 291 300 334 339 382 403 404 409 412 428 445 475 487 493 506 542 592 597 612 666 680 709 744 861 862 888 905 911 949 956 973 982 984 999 1016 1043 1065
q888fc0430feed,110 147 191
q6101735258f1c,{}
q5914f576b6542,16180
q2460e37a5721a,707 1702 2434 2761 3260 3406 3906 4044 4102 4196 4204 4693 4727
q8c84b4ed006a4,186301 203189 215262 321488 362791
q012ecb62d41a8,1702 3260 4196
qd772852e2e882,21921 89569 153431 186301 203189 212592 214665 215262 242647 304196 321488 332269 352507 362791
qf07371faf7579,707 1702 3260 3406 3906 4196
q9295d2ab135a7,7 32 43
q53e8012bb81c9,186301 203189 215262 321488 362791
q3a622fdf772b7,13711
qd3836c85fc8cc,{}
q24edbd50958de,{}
qfc67f4888e521,{}
q20aa930cdf02c,6930 22319
q911e02688ed51,30 115 141 172 175 243
qf9f22383f8d72,3738 5643 5829 6145 6930 8410 11138 22319 23012 23137 28779
q95a3cc001e1da,{}
q6e5bf4b12dc37,{}
q35c9ca9dc951d,21921 212592 214665 304196 332269
q972764c41fc66,{}
q69505c3972570,123 198 305
q13d592850ed79,30 115 141 172 175 243
q575b5652be443,{}
q8f88f9e8471ed,186301 203189 215262 321488 362791
qf18d5e543259b,{}
q7289916dbbd65,21921 89569 153431 186301 203189 212592 214665 215262 242647 304196 321488 332269 352507 362791
qdef609bf69c4a,707 1702 3260 3406 3906 4196
qdaa33193c6d2f,22319
qfc8e5ceea7a54,644 4786 6138 7233 8482 9402 12500 13711 14649
qf713fe289eb20,107 132 170
qb9cb7b4613175,{}
q9ca5a8093b428,{}
q63c8d59caa054,44 46 106
q55d6780d48bb7,7590 7653 8104 10477 11460 11728 12246 12811 16180
qa2c71cd0d58ef,7590 7653 8104 10477 11460 11728 12246 12811 16180
q2e1b60390c393,21921 89569 153431 186301 203189 212592 214665 215262 242647 304196 321488 332269 352507 362791
q818a4f4bd7419,{}
q7983f5190453b,{}
qbda6c924908ee,{}
q2887bf2772b96,{}
qa1a91f55dcc14,160 326 338 509 518 608 642 703 785 1015 1150 1179 1268 1436 1504
q4c1e9e53d274b,21921 89569 153431 186301 203189 212592 214665 215262 242647 304196 321488 332269 352507 362791
q90d45b2feea6c,{}
qc501d0bdad1d0,{}
q9b3f4fbb3b8b9,{}
q0bce4383bac8f,44 46 106
q5cc1f1370b30b,{}
q18f6796d6393b,{}
q2e514557ae2cf,338 785 1179
qd6e3ad44d121a,3738 5643 5829 6145 6930 8410 11138 22319 23012 23137 28779
q5a9cad8577cac,123 198 305
q8e98a40ecc030,6930
qa98aaab197331,707 1702 2434 2761 3260 3406 3906 4044 4102 4196 4204 4693 4727
q7a3efad9c5612,12500
q82d6c92012b13,{}
q3774e08228209,{}
qfcc6cfc011c44,{}
q61f7a16111774,35 66 68 107 131 139 203 251 303 309 460 467 468 491 500 517 524 545 564 582
q06bc8f506873d,{}
q5bb000e1efc1c,21921 212592 214665 304196 332269
q929f2fdc7bf53,707 3406 3906
q6dac5cecac87c,{}
q25f28821f94a3,707 1702 3260 3406 3906 4196
q8a61403fa2644,338 785 1179
q2ffef491fbde6,81 140 153
q9aeb59b70c7b8,7 22 32 43 81 97
qe8ef7881589d1,6930
qcb445218857c1,{}
q0858bd488fdaf,{}
q8e681901d0b63,{}
q35274d13ed6df,{}
qc553fd201975d,14 24 26 29 32 52
qd90f88fe588a5,13711
qe83cd893a4414,{}
q77149f1ace38e,{}
q636de2f642816,{}
q32dc89603efc8,1039
qd995db00b8e0d,{}
q9383071d4dbe3,{}
q867548947855a,{}
qf411e7bcfc2d6,{}
q63e2d5f71a197,{}
q8a822ceaf67fb,4 10 24 49 77 88 90 113 117 131
qb980701afb35e,{}
qa501d2aa4ea14,160 326 338 642 785 1179
q801b8394702db,22319
qa620b89a20d63,{}
q76c184276bc24,35 46 60 62 66 75 91 109 112 113 122 134 145 151 154 156 158 159 178 197 201 202 223 229 238 241 252 289 295 307 329 332 335 337 343 345 361 365 370 385 389 395 400 401 405 407 413 419 423 432 436 442 455 471 479 484 486 487 493 496 497 498 518 523 546 554 565 577 579 593 606 611 621 627 647 658 659 683 687 704 715 717 721 729 737 748 752 754 779 782 784 790 799 810 816 823 831 841 844 846 879 881 893 896 903 913 916 922 925 926 937 944 946 952 966 968 972 976 988
q1d310b42a7342,115 175 243
qdab2517c1090b,197 208 223
q1a242595c81ef,1 6 8 9 15 19 24 30 33 36 38 43 52 54 57 58 69 75 97 105 118 123 158 160 166 183 186 187 201 207 210 228 234 239 249 278 281 291 300 303 315 334 335 339 360 361 370 382 403 404 409 412 423 428 438 445 475 483 487 492 493 502 506 509 515 523 542 561 563 589 591 592 594 596 597 605 612 616 618 630 635 650 666 667 668 680 685 709 725 744 746 756 761 765 783 805 820 835 836 861 862 878 888 902 905 909 911 923 926 935 937 949 952 955 956 973 982 984 999 1016 1017 1018 1020 1021 1031 1035 1043 1046 1049 1065 1074
q6df4f6d0d33c6,42 110 147 167 175 191
q4187b65756480,{}
q067f5606d8128,{}
q01f324e462932,707 3406 3906
qe0dedd29279cf,{}
q5c2671d94b731,13711
qc024abda91ae7,1136 1697 2161 2658 3232 4105 5004 5329 5426
q541c019df51e1,2 7 11 18 21 29 31 37 42 52 57 62 63 69 70 72 75 78 90 93 96 97 105 113 127 128 129 131 138 140
q9e41dc24085f2,12 14 16 35 37 38 42 44 56 68 78 98 102 108 110 113 148 151 152 155 161 165 183 186 197 198 227 230 232 240 263 267 273 275 281 286 305 312 320 355 366 369 386 404 412 422 423 482 500 503 516 530 558 562 577 600 605
q261b2d61875cd,186301 203189 215262 321488 362791
q59dffdac03437,92 694 947
qa6c0825daf5e9,644 4786 6138 7233 8482 9402 12500 13711 14649
q33ef2d8db19e5,3738 5643 5829 6145 6930 8410 11138 22319 23012 23137 28779
qa04ae57c696f7,{}
q80e7c6752803b,{}
q410446b4ec27c,{}
q936e8e1d1696c,7590 7653 8104 10477 11460 11728 12246 12811 16180
qedd8401f71a26,{}
q2eaa79eb90cb5,644 4786 6138 7233 8482 9402 12500 13711 14649
qb0865f291d1c6,13711
q1449423cc7d9f,11460
qc56df6a9b8c37,{}
q28360852ff35c,12 16 17 18 19 48 50 51 58 92 116 117 128 150 153 171 172 183 207 225 229 240 253 254 276 278 280 286 287 288 304 311 313 321 336 339 374 375 383 386 391 398 410 422 423 428 431 433 443 459 490 496 503 513 520 523 530 549 566 577 588 606 619 642 645 650 657 659 675 686 713 723
qf843d22f97655,77 175 204 225 229 321 327 391 393 420 460 523 538 584 594 602 669
q4bddcb224f98b,{}
qdcccdb9d8355f,3738 5643 5829 6145 6930 8410 11138 22319 23012 23137 28779
q117094156d00d,274 743 1062 1338 2867 2947 2955 3457 4351
q4861ab180b164,{}
q2090cf5a0d456,{}
q187700e602651,{}
q2536ccd3e828e,{}
qd08267f1bfdb4,{}
q4f327a4dcf021,{}
q2227b6e6d98bf,{}
qfef65c70bdb67,12 13 16 17 18 19 23 39 47 48 50 51 58 61 77 80 84 92 112 116 117 128 129 139 140 150 153 171 172 175 179 183 204 207 225 229 240 242 253 254 256 273 276 278 280 283 286 287 288 304 311 313 321 323 327 336 339 350 360 374 375 383 386 391 393 398 409 410 420 422 423 426 428 431 433 443 447 455 459 460 469 490 496 500 501 503 513 515 520 523 527 530 531 538 546 549 552 562 566 576 577 584 588 594 602 606 611 619 623 628 631 642 645 649 650 655 657 659 669 675 679 682 683 684 686 690 705 711 713 723
q51c0fe4c8bbff,33 43 73 127 128
qa36de3ffd3747,644 4786 6138 7233 8482 9402 12500 13711 14649
qd50eb9fb0bdbf,{}
q56e2d9140eb6f,{}
qa827896179a04,{}
q87dfbd3018af8,{}
q0de6ed6748989,6930 22319
qd6adaba14ab73,110 147 191
q58eab563ca284,6930
q32b7d88884ac9,{}
q48929fe2d9f13,13711
qbb711eef68cfc,{}
qaee2a558cd857,12500
q507361bd2a836,9 12 36 102 107 118 146 153 158 195 207 211 222 230 237 240 244 271 287 295 299 303 322 334 341 358 416 423 427 457 459 469 511 542 545 548 561 589 616 646 680 691 698 710 745 749 752 754 772 776 777 781 799 800 822 823 862 865 878 890 939 984 995 1007 1009 1047 1064 1095 1126 1161 1168 1201 1213 1218 1225 1230 1234 1238 1248 1261 1276 1286
qf63afe7da8cea,{}
qec08ccf00a1a2,186301 203189 215262 321488 362791
qfa3cdac461e81,{}
q5b6b819e9b2a7,{}
q1e36f757eb1ac,19 35 66 83 91 94 95 130 141 214 230 244 257 299 306 307 348 358 399 414 421 427 429 449 455 456 501 534 538 555 582 592 599 612 620 638 664 677 685 686 702 709 714 719 739 755 756 762 784 805 814 844 868
q9e38dbd3124e1,7 22 32 43 81 97
q315dcc237f513,{}
q85c93774b73ea,644 4786 6138 7233 8482 9402 12500 13711 14649
qe66df05707bc1,{}
q8531089e211cb,3738 5643 5829 6145 6930 8410 11138 22319 23012 23137 28779
q1ad5751a83475,{}
q3d1b9355dddc3,44 45 74 97 107 108 109 122 138 140 154 158 192 209 220 232 257 266 273 321 388 421 425 434 436 438 451 493 499 524 525 563 577 613 625 645 651 653 660 680 684 709 729 782 786 793 814 836 841 865 866 932 934 945 950 1048 1060 1065 1068 1077 1089 1166 1181 1201 1210
q43a9a927e40ff,186301 203189 215262 321488 362791
qa6ab79d9621bb,{}
qe8fdc8c7185e1,{}
qf543024b48e72,160 326 338 642 785 1179
q5e0c875a0fec6,{}
qec918017bc4aa,{}
q69b6deccb34a1,{}
qece8f9f85c9dc,32 96 197 208 220 223
q74941f2ad9e0b,2 18 25 39 55 60 68 87 91 99 103 108 116 119 122 144 150 162 171 176 178 190 192 220 228 233 243 246 253 264 268 273 282 285 296 302 311 313 340 367 377 384 389 391 396 404 408 418 422 428 430 435 442 444 446 450 454 455 462 469 480 482 514 523 530 538 556 571 579 581 587 602 603 614 619 621 622 631 665 666 668 673 674 679 686 689 693 699 701 703 705 718 723 726 752 768 770 787 790 797 800 830 833 835 850 860 872 877 895 898 919 927 938 952 960 964 965 967 969 970 977 997 1007 1011 1012 1033 1038 1051 1093 1099 1101 1103 1116 1118 1131 1133 1143 1146 1148 1154 1155 1158 1159 1167 1171 1181 1192 1206 1209 1237 1248 1252 1282 1288 1294 1302 1313
q638fd68e40173,{}
q4f54e977d7962,{}
q02d5db350972d,21921 212592 214665 304196 332269
qad3b81749c6a3,73 451
qce2430320386e,6930
qe6f24067dec78,644 4786 6138 7233 8482 9402 12500 13711 14649
q571ced5c8f484,1 12 14 27 29 72 73 83 100 107 115 116 121 123 132 135 139 161 171 195 198 204 252 254 262 271 279 285 304 305 311
qadb4f5e8e4f4d,{}
q9978e8c64016a,707 1702 3260 3406 3906 4196
q85a4ccb9e222d,644 4786 6138 7233 8482 9402 12500 13711 14649
q89f5399ac78c4,{}
q9f74fa8dd7545,92 694 947
q02954d20b1b8c,338 785 1179
q4feb2e183fd83,{}
q854d6e6500b4b,644 4786 6138 7233 8482 9402 12500 13711 14649
q26d28c57f45c0,707 1702 3260 3406 3906 4196
qacf46be6c2969,13711
q5a65be4a3d683,{}
qef81e737ead51,{}
q62af09fe3cded,{}
q96775bbff07f8,644 4786 6138 7233 8482 9402 12500 13711 14649
q410ee8baf2340,110 147 191
q8088b0f55192a,21921 212592 214665 304196 332269
q4c93d81db7d4e,{}
q7c68a37ace6c2,6930 22319
qc686d628610ed,{}
q042c12a5306e0,9 12 36 102 107 118 146 153 158 195 207 211 222 230 237 240 244 271 287 295 299 303 322 334 341 358 416 423 427 457 459 469 511 542 545 548 561 589 616 646 680 691 698 710 745 749 752 754 772 776 777 781 799 800 822 823 862 865 878 890 939 984 995 1007 1009 1047 1064 1095 1126 1161 1168 1201 1213 1218 1225 1230 1234 1238 1248 1261 1276 1286
q897b6f0e87407,{}
qda520783c320e,22319
q960cbf2fe378d,21921 89569 153431 186301 203189 212592 214665 215262 242647 304196 321488 332269 352507 362791
qcc8220e5abccf,{}
q0e9f18c24e19c,{}
q47116eb32cba8,{}
q2f8097f7e7e41,707 1702 2434 2761 3260 3406 3906 4044 4102 4196 4204 4693 4727
q8ebe072600994,107 132 170
q457e0fc8b7227,8 38 46 79 125 128 182 273 283 330 332 352 361 389 396 534 624 743
q20671fb339be5,3738 5643 5829 6145 6930 8410 11138 22319 23012 23137 28779
q25290b546cb2e,{}
q96c85dc0a36f3,21921 89569 153431 186301 203189 212592 214665 215262 242647 304196 321488 332269 352507 362791
qd3fa688a65d38,{}
qd488d265310c9,{}
q4b366428f500e,{}
q3db7e609efc70,{}
qdacc2832b1f15,197 208 223
qbc8ff5748ae3a,6930 22319
q5ff4431670f71,7590 7653 8104 10477 11460 11728 12246 12811 16180
qf22c6534e9280,22319
q1ac6eb2ef5fcb,{}
q61082d0ceb5fe,160 326 338 509 518 608 642 703 785 1015 1150 1179 1268 1436 1504
qf5562b54e7397,21921 212592 214665 304196 332269
q31b04b39399ea,{}
q45ad7e1fe0cd4,8 48 213
qba3bcbedfdf95,{}
q1560b805df61c,{}
qfca6647d9ebfd,{}
qeef46b4b82a76,186301 203189 215262 321488 362791
q6ff6638cde8c0,13711
qacf2c0334c1a8,{}
qf8d42deef38c2,92 694 947
q710e455b7fea4,707 1702 3260 3406 3906 4196
q4d5bbe8dc37b6,{}
q215cc44d6369f,3738 5643 5829 6145 6930 8410 11138 22319 23012 23137 28779
q4c390bb2a5f1f,42 167 175
qd413f12c276cd,{}
q6f3a81d896eba,707 3406 3906
q0c176344a49bb,707 3406 3906
q0e7de8c817d3c,15 28 30 36 62 83 86 120 138 188 208 254 257 265 280 317 319 333 358 379 382 432 441 469 489 492 495 509 513 533 553 555 557 567 578 583 584 590 592 595 626 632 643 689 690 703 719 725 728 738 752 757 779 795 815 825 849 870 909 914 922 929
q8eff4898ace6e,6930 22319
qc3af65157ef90,160 326 338 642 785 1179
qdf1a2ac15f37c,{}
q3f7495ab3e6e9,21921 89569 153431 186301 203189 212592 214665 215262 242647 304196 321488 332269 352507 362791
q6458a257603a7,{}
qdf0c2009ad7c4,6930
qce33ef75efd73,21 46 66 103 132 154 242 256 265 291 299 304 325 336 358 374 375 376 423 510 582 586 590 600 602 634 652 666 683 696 716 733 757 776 783 795 799 800 806 821 822 825 827 844 847 863 868
qbaaa1d60bbd47,{}
q6b1c47fbe13b5,{}
q8725edd9fe162,30 141 172
q8ef14dc506210,55 143 147 287 310 360 388 454 517 669 684 705 731
q43012f7ab0bce,{}
qfacb8ca6f05e2,{}
qccdf779a2c26f,100 107 123 198 285 305
q7bff4b5675827,6930
qf6b99a4317774,12 14 18 31 47 54 59 60 69 77 79 81 94 95 96 107 112 114 137 145 157 164 182 190 198 200 209 220 224 243 247 248 249 252 262 278 281 286 297 302 322 338 358 370 376 382 386 388 395 399 416 422 445 449 475 481 487 488 492 496 497 511 529 534 539 558 583 599 606 607 614 616 617 622 628 634
q4116fccee5ba8,8 12 18 21 23 26 27 28 32 37 38 46 48 51 54 59 66 68 72 76 77 79 84 85 90 95 100 106 112 125 128 129 137 139 142 145 152 155 157 164 168 179 181 182 183 188 193 194 202 215 217 220 224 231 232 236 237 239 240 243 256 261 267 268 273 274 278 282 283 284 297 300 310 311 312 317 328 330 332 338 342 352 357 360 361 368 389 396 397 408 410 413 423 427 430 436 443 447 452 459 469 473 497 503 511 512 513 521 523 528 534 537 542 544 545 573 579 583 588 596 598 599 602 604 605 611 617 624 626 641 642 648 653 654 658 667 672 676 683 688 694 699 704 705 725 729 733 737 742 743
qcfef78ae46502,30 45 46 51 57 68 102 123 128 132 151 167 169 184 212 219 258 282 305 324 346 350 367 375 382 413 419 439 440 457 464 489 516 537 542 574 607 615 621 623 625 643 662 671 676 687 696 703 726 773 819 825 826 827 828 842 846 850 855 893 896 907 921 930 934 935 937 965 973 993 1003 1032 1045 1052 1112
q291d968d87642,15 28 30 36 62 83 86 120 138 188 208 254 257 265 280 317 319 333 358 379 382 432 441 469 489 492 495 509 513 533 553 555 557 567 578 583 584 590 592 595 626 632 643 689 690 703 719 725 728 738 752 757 779 795 815 825 849 870 909 914 922 929
q0e00939908fe8,18 39 68 91 99 103 116 122 144 162 176 190 243 246 268 273 282 285 296 302 311 313 367 389 408 418 422 430 435 444 450 455 469 480 482 523 530 538 556 571 579 581 602 619 668 673 674 693 699 701 705 718 726 752 768 770 790 797 800 835 850 860 872 898 938 952 964 970 977 997 1051 1093 1103 1118 1131 1133 1143 1146 1154 1155 1159 1167 1171 1192 1209 1252 1282 1294 1302
qc3208f65061ca,13711
q3dc22c3f1bb63,{}
q5fe3c7bb28664,3 18 36 55 65 78 97 143 145 147 167 188 213 229 230 244 253 275 287 302 310 360 388 413 429 435 454 460 469 517 526 549 570 601 654 669 684 701 705 731
qf383a2cabcc2f,186301 203189 215262 321488 362791
q649c01129f1e1,{}
qc55d7a1e5152b,92 110 694 782 1210
q7337a3a532fbb,{}
q43853d56db676,{}
q183d9b4534a18,1 12 14 27 29 72 73 83 100 107 115 116 121 123 132 135 139 161 171 195 198 204 252 254 262 271 279 285 304 305 311
qcf77a17b66cef,{}
q28a06432c371e,{}
q2ceb0ba63d63c,1 16 37 41 48 66 68 69 107 111 130 143
q5e45024352189,79 118 501 1174
q13745b32b60b2,{}
q96a9ea44f12c0,6930 22319
q731d446db00ce,{}
q6518ed3cef465,{}
q51fd3952b5ddd,{}
q1b845f89a83f4,{}
q0ed5b248dc0e6,206 354
qa473596fb6a09,{}
qe5bff5ec29212,44 46 106
q8599c6bcf1c1a,707 1702 3260 3406 3906 4196
q5b39e1af30249,115 175 243
q765d6b251095e,32 96 197 208 220 223
qbfe7748c71f4a,79 118 138 302 332 415 501 563 605 790 1114 1174
qa23843d98de93,{}
qffdb593b2d3ab,{}
q130c3147251f1,92 215 273
qddcc31c697c89,{}
q37380100fe6e2,{}
qafd4354dec4f3,{}
q4cfce09243155,{}
q13674fd755489,47 110 139 247 263 307 334
q51651bd90b3e0,{}
q82597750121c2,707 1702 2434 2761 3260 3406 3906 4044 4102 4196 4204 4693 4727
qdc72ca27392ea,3 47 64 65 110 112 114 121 129 165 168 180 195 214 215 222 235
q2b9bd2324cf35,21921 89569 153431 186301 203189 212592 214665 215262 242647 304196 321488 332269 352507 362791
q5add52280446c,11460
q5d8fb7afac13f,7590 7653 8104 10477 11460 11728 12246 12811 16180
q56bdf3687a211,{}
q571515163b3ba,13711
qfdbe35fad6436,{}
q5acc60e0ff3be,227 448
q49c8dc15232fe,8 12 18 21 23 26 27 28 32 37 38 46 48 51 54 59 66 68 72 76 77 79 84 85 90 95 100 106 112 125 128 129 137 139 142 145 152 155 157 164 168 179 181 182 183 188 193 194 202 215 217 220 224 231 232 236 237 239 240 243 256 261 267 268 273 274 278 282 283 284 297 300 310 311 312 317 328 330 332 338 342 352 357 360 361 368 389 396 397 408 410 413 423 427 430 436 443 447 452 459 469 473 497 503 511 512 513 521 523 528 534 537 542 544 545 573 579 583 588 596 598 599 602 604 605 611 617 624 626 641 642 648 653 654 658 667 672 676 683 688 694 699 704 705 725 729 733 737 742 743
q8e5ab5425b506,99 150 182
q688a314181076,11460
q54757fabd1cf9,{}
qc7440d7042251,{}
qccb1cd73b605a,1702 3260 4196
q52df7219fb5dd,{}
qc486c29fec43d,{}
qb902910d43538,{}
q5a3461c44ca0f,13711
qbc82a84f79e05,{}
q8308d4b31a77a,{}
q70c0444c19b3f,107 132 170
qae0760faf5896,16180
q3313f876344de,{}
q92115bd3fbe2b,110 147 191
q42fb780e5fc26,{}
qdacdd82d3bc70,{}
q7bbbc07d89f11,44 46 145
q14da4d735b8ff,707 1702 2434 2761 3260 3406 3906 4044 4102 4196 4204 4693 4727
q81d122cbf61df,1 17 30 31 32 80 113 120 124 134 135 140 151 161 162 172 175 204 221 223 246 256 271 279 281 291 312 320 325 326 331 334 348 354 367 376 379 381 386 394 398 400 403 422 435 438 450 453 454 471 476 479 493 503 507 511 522 525 527 536 539 547 557 565 584 590 601 623 625 635 639 646 658 674 676 677 680 686 688 690 692 695 702 709 715 728 729
q7d679905961a9,{}
q607d6686d0f1f,92 694 947
q87c03e2387349,24 34 47 94
q4e953e824212a,{}
q9d1ce5fa4c0ba,{}
q4386eb6bfc84f,22 30 38 47 54 66 76 80 89 91 97 101 103 108 111 113 114 127 139 148 161 171 182 186 193 208 209 213 221 246 254 262 270 278 285 289 298 303 305 320 323 330 331 341 347 352 357 361 370 385 389 390 392 404 415 418 454 470 473 475 499 515 538 542 546 547 585 603 628 631 644 665 698 704 708 711 722 729 740 771 786 810 815 819 824 826 842 846 854 855 860 872 878 879 884 896 903 910 913 920 925 933 951 964 967 995 1024 1025 1037 1038 1041 1052 1056 1061 1066 1068 1082 1086 1094 1101 1102 1104 1114 1130 1133 1139 1150 1189 1200 1215 1218 1232 1233 1250 1254 1255 1258 1270 1286 1311 1312 1339 1347 1361 1369 1373 1378 1406 1407 1419 1423 1429 1449 1457 1458 1477 1478 1482 1492 1496 1501 1503 1511 1524 1536 1552 1564 1567
q943988e3d3af6,{}
q6abf848d9abe3,{}
q48e0454f3ebd1,40 110 501 707 748 782 822 1210
qa4d569b4368ce,{}
q32d6cdf497ecb,3738 5643 5829 6145 6930 8410 11138 22319 23012 23137 28779
q7cb8be49912d6,77 116 175 204 327 360 393 398 409 420 460 469 538 594 602 669 713
q6ee3718131a27,6930
q106b7f175a7af,{}
q7702500c20142,1 6 11 30 45 46 51 57 68 74 75 83 84 85 90 91 95 102 109 111 114 120 123 128 132 133 145 147 151 167 169 175 184 212 219 242 258 280 282 288 305 306 309 324 328 346 350 367 375 382 405 413 419 427 436 439 440 457 464 466 489 516 524 537 538 541 542 546 574 599 607 615 621 623 625 643 657 662 671 676 687 691 696 701 703 726 772 773 819 825 826 827 828 831 834 838 842 846 850 855 871 879 893 896 900 901 907 921 930 934 935 937 944 945 950 951 965 973 983 993 1003 1004 1032 1045 1048 1049 1052 1057 1097 1112 1157
qe3dbd6ecf7419,707 1702 3260 3406 3906 4196
qe4a62c9e29254,110 782 1210
q786c6b09536e9,644 4786 6138 7233 8482 9402 12500 13711 14649
q05ae8422e57eb,{}
qf383130a64736,{}
q5264adca5727f,79 118 501 1174
qfd348b7b264f4,{}
q4cc3bed70306d,115 119 164 186 193 224 284 305 321 339 362 396 415 423 445
qc651f7db3be2c,21921 212592 214665 304196 332269
qd6d22fcba9f8d,18 21 23 26 27 48 59 66 68 72 77 85 95 112 129 137 139 145 164 183 188 193 194 202 231 237 240 267 282 338 368 408 427 447 452 497 503 513 523 545 573 611 648 653 658 667 688 704 725 729 733 737 742
q537ce6966d501,{}
qc7cbc2dccaa66,{}
q7ccda3ff2a411,11460
qe3ce65cde52e2,16180
q23c9b4c8d5b87,{}
qf19e27454ba6a,13 31 45 61 80 90 130 131 157 158 164 190 191 194 219 237 258 267 290 302 306 310 327 328 337 338 351 354 369 375 425 463 504 507 525 550 557 564 587 588 603 604 616 623 641
q8691dc46b9f89,{}
q54aadf5408770,{}
qc2d2df8289f34,707 3406 3906
q1ed59debc7aae,110 147 191
q618af3028ff79,79 118 501 1174
q3de4181c680d5,{}
q64a71b38de0c7,66 426
q3455e1e533024,{}
qc52708507aab1,{}
qa2b43bc90a846,6930 22319
qb978a448fd69e,6930
q45ea268fddd28,{}
q26af088293b11,6930
q5cc32fc1102e5,8 48 213
q34973ed290485,{}
q2702973474e05,20 32 35 52 66 70 71 83 94 96 129
q957eac6dae253,160 326 338 509 518 608 642 703 785 1015 1150 1179 1268 1436 1504
qbba391dac76f1,{}
qc60ecbcebf028,21921 212592 214665 304196 332269
qe0727f2a98739,{}
qcb230a165f321,{}
q0334d17c9d6b0,20 36 240
q73513ba6ec30c,40 92 110 501 694 707 748 782 822 947 1210
qa4eae6e7decbc,707 3406 3906
qf437990caf8e9,22 81 97
qd5e03493ea593,{}
q1571e9dfcba8a,{}
q8052a6a5231d8,{}
q452145d6d1289,{}
q1cba99de3e269,{}
q8c45f8c2ccf16,{}
q278bb79a6a361,5 13 23 25 30 31 32 33 35 43 47 50 52 56 60 61 66 68 72 76 79 84 87 95 97 107 115 116 119 126 130 131 139 161 163 167 173 178 182 203 207 214 215 230 240 246 249 251 263 273 283 287 303 304 307 308 309 318 351 358 369 377 381 384 399 403 412 422 423 424 431 433 442 446 447 453 456 460 467 468 470 478 487 489 491 492 495 496 500 507 510 514 517 518 521 524 532 533 536 545 551 558 560 564 565 567 577 579 582 584 591 605 608
qf5300755c53d6,22319
qe18c2223cf6a5,7590 7653 8104 10477 11460 11728 12246 12811 16180
q5d040cc2f48bd,{}
qd6e002b256856,110 147 191
qb47169696dfa0,{}
qe56ada679ff12,2 4 6 10 11 13 22 24 30 39 40 44 46 53 55 57 63 64 65 66 73 75 81 87 95 96 101 103 104 105 106 111 116 118 123 125 149 150 154 156 157 167 169 175 179 187 188 190 192 196 198 200 236 244 255 259 277 278 279 281 282 286 295 300 302 308 314 321 324 325 326 330 335 338 339 341 342 343 347 351 361 363 364 366 374 376 380 383 391 401 406 408 420 421 424 428 438 442 443 448 451 452 456 457 462 466 467 477 484 485
qd60c1d57ba98a,{}
qca1ad2f9dc794,22 30 38 47 54 66 76 80 89 91 97 101 103 108 111 113 114 127 139 148 161 171 182 186 193 208 209 213 221 246 254 262 270 278 285 289 298 303 305 320 323 330 331 341 347 352 357 361 370 385 389 390 392 404 415 418 454 470 473 475 499 515 538 542 546 547 585 603 628 631 644 665 698 704 708 711 722 729 740 771 786 810 815 819 824 826 842 846 854 855 860 872 878 879 884 896 903 910 913 920 925 933 951 964 967 995 1024 1025 1037 1038 1041 1052 1056 1061 1066 1068 1082 1086 1094 1101 1102 1104 1114 1130 1133 1139 1150 1189 1200 1215 1218 1232 1233 1250 1254 1255 1258 1270 1286 1311 1312 1339 1347 1361 1369 1373 1378 1406 1407 1419 1423 1429 1449 1457 1458 1477 1478 1482 1492 1496 1501 1503 1511 1524 1536 1552 1564 1567
q503ed0c83fcb3,{}
qb761e849c536b,{}
qe9f075748d288,3738 5643 5829 6145 6930 8410 11138 22319 23012 23137 28779
q8ebb2ba4ae758,{}
q689210ba5fc15,338 785 1179
qe8fd4d7260869,22319
qafeebcbeec193,{}
q7bba5ae37ef5a,707 3406 3906
qedebadd4284e5,30 141 172
qf6566baf3d971,21921 186301 203189 215262 321488 362791
q4a89be6d62e62,{}
qf55edd458319f,{}
q0098318d85c39,3 47 64 65 110 112 114 121 129 165 168 180 195 214 215 222 235
q7d711a0fc4f73,3738 5643 5829 6145 6930 8410 11138 22319 23012 23137 28779
q2c9ff174f99c1,338 785 1179
q2c21670ef473f,707 1702 2434 2761 3260 3406 3906 4044 4102 4196 4204 4693 4727
q8e795b8b3e128,{}
qacc721ddfd4ed,13 15 16 19 24 30 31 36 40 43 45 50 57 61 65 66 73 75 78 84 87 105 109 116 118 119 122 124 126 131 132 135 145 147 157 158 160 161 165 180 187 188 192 193 198 215 220 238 239 244 250 254 256 257 261 263 267 269 274 277 280 288 289 296 300 303 306 310 311 315 316 333 335 339 342 345 346 355 358 365 366 374 377 378 388 390 395 399 404 409 410 413 415 417 419 436 439 440 444 445 447 458 461 472 473
q00be9982c17d7,8 12 18 21 23 26 27 28 32 37 38 46 48 51 54 59 66 68 72 76 77 79 84 85 90 95 100 106 112 125 128 129 137 139 142 145 152 155 157 164 168 179 181 182 183 188 193 194 202 215 217 220 224 231 232 236 237 239 240 243 256 261 267 268 273 274 278 282 283 284 297 300 310 311 312 317 328 330 332 338 342 352 357 360 361 368 389 396 397 408 410 413 423 427 430 436 443 447 452 459 469 473 497 503 511 512 513 521 523 528 534 537 542 544 545 573 579 583 588 596 598 599 602 604 605 611 617 624 626 641 642 648 653 654 658 667 672 676 683 688 694 699 704 705 725 729 733 737 742 743
qc8cb29d965790,{}
q9398f17b35b20,{}
q95efc3b1ce16b,6930 22319
qda20705c0ee88,10 44 46 62 106 145
qe990645f88e4d,2 3 27 39 44 45 49 53 74 89 95 96 97 98 107 108 109 114 118 121 122 130 134 138 140 153 154 158 160 168 180 192 204 205 209 220 229 232 239 241 245 257 258 263 266 269 271 273 279 292 310 321 329 360 364 382 385 386 388 421 425 427 434 436 438 451 456 463 475 493 494 499 504 505 510 514 522 524 525 557 563 577 584 594 596 611 613 625 626 645 651 653 660 669 680 684 697 709 729 746 782 783 786 793 813 814 823 836 841 843 848 862 865 866 882 927 932 934 945 950 952 959 986 992 995 1012 1022 1048 1050 1060 1063 1065 1068 1077 1089 1092 1096 1102 1109 1124 1153 1166 1181 1184 1186 1195 1196 1201 1210
qe48aeecaccf47,{}
q2e2a473a5abf5,707 1702 2434 2761 3260 3406 3906 4044 4102 4196 4204 4693 4727
q169d83f7d5f29,{}
qb39431a62a2cc,{}
q325533960bc4e,5 13 24 30 34 47 49 62 65 77 94
q9a30d12b2b979,1702 3260 4196
qbbeb401929c35,{}
qbd0c811b100c0,{}
q20b0572981d82,22319
q5e4880dc828cc,{}
q97bcb7e3efc38,{}
q6e7c1e330fa5f,{}
q7a9d96a3e9b87,13711
q4f27ee1a98370,{}
q4c3db2fceda34,{}
qbc635f6ba8b13,{}
qea18957d341eb,{}
q97c032f90c663,16180
q53df261ff742e,{}
q1c423f4f32846,{}
q0fbf59be6efa4,13 18 22 25 27 35 39 42 46 47 50 53 54 63 64 65 67 69 76 84 88 89 94 101 114 119 120 126 129 137
q713c7cf926e78,11460
qbc006fd442542,{}
qbc4b1f02ee2f7,12 16 17 18 19 48 50 51 58 92 116 117 128 150 153 171 172 183 207 225 229 240 253 254 276 278 280 283 286 287 288 304 311 313 321 336 339 374 375 383 386 391 398 410 422 423 428 431 433 443 459 490 496 503 513 520 523 530 549 566 577 588 606 619 642 645 650 657 659 675 686 713 723
q5500ba6375101,7 12 23 31 37 48 57 79 84 90 95 96 117 176 203 241 248 255 263 266 267 273 307 329 383 414 428 460 465 468 478 508 513 543 551 575 580 582 621 624 659 660 661 665 676 677 679 695 699 709 712 735 737
q37c09b41cfb9a,{}
q8e793bd18d1fb,{}
qd3854cd3baf49,{}
q6c0fbbcdfc38c,338 785 1179
qc3639f3b2e2a2,{}
q065c2f5c3bb2f,21921 89569 153431 186301 203189 212592 214665 215262 242647 304196 321488 332269 352507 362791
q08542d5025d67,6930 22319
q158b64e5cc9a8,11 47 69 80 86 110 119 132 139 174 247 263 279 306 307 334
q6c6afba0d3c83,{}
qbfa1833940fbf,26 27 59 66 68 85 129 183 188 231 236 240 268 338 368 397 408 447 452 497 503 579 583 611 641 658 667 672 733
qcf1b0b899e5f0,{}
qe05cdeb1a4c07,{}
q7acbab8caae9c,160 326 642
q7e48f4acb91bb,99 107 132 170
q88f26f675d2d7,707 1702 3260 3406 3906 4196
q26f07b7f8ac41,6930 22319
qc2c0331b53779,{}
q165a461f5ce74,186301 203189 215262 321488 362791
q7e282224a1894,707 1702 2434 2761 3260 3406 3906 4044 4102 4196 4204 4693 4727
q97d1d8d793cfb,{}
qf58e767c6dced,81 118 200 319 380 400
q951ef52afd811,{}
qf3ad7484d6d91,{}
q6a5107171233a,21921 89569 153431 186301 203189 212592 214665 215262 242647 304196 321488 332269 352507 362791
qccdf656b6a389,21921 212592 214665 304196 332269
q5d888fa23132c,{}
q21adc568e60e8,10 24 31 45 56 62
q27e3bde7f5bf4,{}
qbe27164946a79,1 12 14 27 29 72 73 83 100 107 115 116 121 123 132 135 139 161 171 195 198 204 252 254 262 271 279 285 304 305 311
qfa8af2f091fd1,707 1702 2434 2761 3260 3406 3906 4044 4102 4196 4204 4693 4727
q9c236ad44d035,{}
qf25e643318545,79 118 501 1174
q508afd702eaa7,{}
qdb1599fb90b81,{}
qbe2f8e4989fb1,707 3406 3906
qa9497ce0751a1,6930 22319
q3462a846e7780,{}
q9e9ca72094bfd,{}
q12b4aab423ff0,{}
q4dd9be4c52c4d,{}
q20b49297acf37,22319
q979ac7c6a62ad,{}
q3670d7131b6f0,{}
q41c0277f78b75,107 132 170
q21838484501b9,197 208 223
q04103875e7ef1,{}
q9fd6cab168463,{}
qc8406ac9c19be,21921 212592 214665 304196 332269
q1a9ce4f8fd137,13 18 27 54 64 65 69 76 88 94 101
q97dae23fc1f67,40 110 501 707 748 782 822 1210
qe4763a295ef2b,{}
qc13e2caa54aee,707 1702 2434 2761 3260 3406 3906 4044 4102 4196 4204 4693 4727
qee01b057c9e26,{}
q999899d9630ae,{}
q10f806adf9a67,644 4786 6138 7233 8482 9402 12500 13711 14649
qb2c0b9ae13b15,110 167 175
q312cccd165add,160 326 642
q7682cdd3f4ef6,{}
qa04f4952e1d47,16 17 18 19 48 50 58 92 116 117 128 150 153 171 172 229 253 276 278 280 286 287 304 311 321 336 339 375 383 386 391 398 410 420 422 428 431 443 490 496 503 513 523 549 566 577 642 645 657 669 675 686 723
q931cfc9d17379,1702 3260 4196
q683152e2fb231,21921 89569 153431 186301 203189 212592 214665 215262 242647 304196 321488 332269 352507 362791
q7c440af5ab060,12500
qc9fa3172a2b1c,707 3406 3906
qbae46d4328060,707 1702 2434 2761 3260 3406 3906 4044 4102 4196 4204 4693 4727
q7c4b92e70e37b,{}
qb1c7459bb2df6,{}
q90ae3192a3f7b,30 141 172
q6adee1db60df8,160 326 642
q13a9eaeffcc66,{}
q90ea219841bea,7590 7653 8104 10477 11460 11728 12246 12811 16180
q87e6f61b5135c,5 13 23 25 30 31 32 33 35 43 47 50 52 56 60 61 66 68 72 76 79 84 87 95 97 107 115 116 119 126 130 131 139 161 163 167 173 178 182 203 207 214 215 230 240 246 249 251 263 273 283 287 303 304 307 308 309 318 351 358 369 377 381 384 399 403 412 422 423 424 431 433 442 446 447 453 456 460 467 468 470 478 487 489 491 492 495 496 500 507 510 514 517 518 521 524 532 533 536 545 551 558 560 564 565 567 577 579 582 584 591 605 608
qc3866b237aa7c,{}
q348ea4d18e51d,7590 7653 8104 11728
qfaf35f0e12032,707 1702 3260 3406 3906 4196
q8eb4b672fac70,3738 5643 5829 6145 6930 8410 11138 22319 23012 23137 28779
q24418ce0cef4b,7590 7653 8104 10477 11460 11728 12246 12811 16180
qd747e84f660ee,277 420 455 488 538 565 574 759 1236 1330 1437 1443 1504 1701 1913 2028
q2c6217a65c129,{}
q204029fdd5ae8,{}
q2a6ba253c8c7e,3 4 9 12 20 22 36 50 66 80 100 102 107 118 130 146 153 158 159 191 195 207 211 222 224 230 237 240 244 263 271 287 290 291 295 296 299 303 315 322 333 334 341 358 359 368 373 382 385 396 416 423 427 457 459 469 483 491 511 542 545 548 554 557 561 576 589 598 616 646 651 659 665 680 691 698 710 745 746 749 750 752 753 754 772 773 774 776 777 778 781 790 799 800 822 823 828 838 847 862 865 878 890 921 925 932 939 953 955 965 984 993 995 1007 1009 1016 1047 1064 1095 1098 1115 1126 1127 1161 1168 1196 1201 1213 1216 1217 1218 1225 1230 1234 1238 1239 1241 1248 1250 1261 1276 1281 1286
q8361ee2035509,{}
qea6198cd9f7bc,{}
q26c73e71f3bae,{}
q2b8c43f3f0c67,{}
q6d9aea29793f6,9 12 24 31 35 39 53 62 102 119 138 139 146 156 160 184 208 213 220 233 293 312 327 335 350 352 394 429 458 463 464 491 494 527
q6fcdda43619c1,{}
q0886173f2e366,13711
q5c5f9864958fe,{}
q1596f8d2d45ad,{}
qfb148cbcfcba8,{}
qef7201607d811,644 4786 6138 7233 8482 9402 12500 13711 14649
q2b59e8272013d,3738 5643 5829 6145 6930 8410 11138 22319 23012 23137 28779
qe4c9e2e92d230,3738 5643 5829 6145 6930 8410 11138 22319 23012 23137 28779
qfcf72af4347a1,10 44 46 62 106 145
q495962788e63f,{}
qf8b76aac756ec,79 118 501 1174
q1c1856565dd15,{}
qd5ea73e6e8599,707 3406 3906
q3db5ce2ba2b8c,6930 22319
q2ba0947f91ba5,{}
q549e9eda600e3,707 1702 3260 3406 3906 4196
qff6c04caf9cc3,21921 89569 153431 186301 203189 212592 214665 215262 242647 304196 321488 332269 352507 362791
q442e3ffe84e2c,3738 5643 5829 6145 6930 8410 11138 22319 23012 23137 28779
q847a5ef51cd2f,707 1702 2434 2761 3260 3406 3906 4044 4102 4196 4204 4693 4727
q15d1b1939c707,{}
qe3b1ad3868f18,47 110 139 247 263 307 334
qad51349b9f82c,29 30 41 59 63 76 89 91 96 113 128 129 131
q78e66cf59d445,12 13 16 17 18 19 23 39 47 48 50 51 58 61 77 80 84 92 112 116 117 128 129 139 140 150 153 171 172 175 179 183 204 207 225 229 240 242 253 254 256 273 276 278 280 283 286 287 288 304 311 313 321 323 327 336 339 350 360 374 375 383 386 391 393 398 409 410 420 422 423 426 428 431 433 443 447 455 459 460 469 490 496 500 501 503 513 515 520 523 527 530 531 538 546 549 552 562 566 576 577 584 588 594 602 606 611 619 623 628 631 642 645 649 650 655 657 659 669 675 679 682 683 684 686 690 705 711 713 723
qb28b6ac7527e3,332 415 605 1114
qc7dd7eca3b988,6930 22319
q0da9b4c474e2e,11460
q3afd183f4bc96,{}
q33b3fe0ea9595,{}
q68aec5dcebf7b,160 326 338 642 785 1179
qee20a79886ee7,707 1702 2434 2761 3260 3406 3906 4044 4102 4196 4204 4693 4727
q4da2e9efe6c3f,12500
qd1142f11339ab,1 8 9 10 11 15 16 27 30 45 46 47 48 49 55 60 65 67 70 74 75 84 88 95 97 108 113 118 124 125 151 153 155 161 170 174 177 178 182 184 186 197 200 206 208 210 211 213 226 233 238 239 240 245 252 256 257 258 263 273 277 282 286 290 303 306 310 315 317 321 326 331 343 347 349 352 353 359 360 362 373 376 384 389 390 399 403 406 407 409 411 417 419 421 425 431 433 434 442 460 464 465 468
q3da85bd8ffa58,160 326 642
q4d343bb3f0e7f,3738 5643 5829 6145 6930 8410 11138 22319 23012 23137 28779
q25fad409d24e8,21921 212592 214665 304196 332269
q93e5a0f2b46ba,7 8 9 12 24 31 35 39 50 51 53 54 55 59 62 80 94 95 102 119 138 139 143 146 154 156 160 172 176 184 187 196 208 213 216 220 224 232 233 255 293 294 312 322 327 335 350 352 368 374 394 398 412 429 432 440 446 458 463 464 467 482 491 494 496 509 513 521 527
q0b76a7e9f9964,4 10 28 34 38 66 71 77 103 107 127 137
q2e3f3f5ee17a5,21921 212592 214665 304196 332269
q1d0a7b33b2ce7,2 3 27 39 49 53 89 95 96 98 114 118 121 130 134 153 160 168 180 204 205 229 239 241 245 258 263 269 271 279 292 310 329 360 364 382 385 386 427 456 463 475 494 504 505 510 514 522 557 584 594 596 611 626 669 697 746 783 813 823 843 848 862 882 927 952 959 986 992 995 1012 1022 1050 1063 1092 1096 1102 1109 1124 1153 1184 1186 1195 1196
qe373b6476a72d,{}
q8f9c8d110c182,{}
qa20d80e965e8b,160 326 338 509 518 608 642 703 785 1015 1150 1179 1268 1436 1504
q48a47c3bf8dc5,707 1702 3260 3406 3906 4196
qd8d4dd12dbf43,6930
q01d66828a0845,{}
q913b47ddb0839,186301 203189 215262 321488 362791
qee5549ddae389,{}
qb3b33dc0bec65,75 112 113 134 145 151 154 156 158 159 178 197 202 229 238 241 252 295 332 343 345 361 365 370 385 400 405 423 432 442 455 484 486 487 493 496 498 523 546 554 593 611 621 647 658 659 683 729 748 752 754 782 784 790 810 823 841 879 881 903 913 916 922 925 926 946 972
q8f1fc5f05c60c,{}
q13ac7188234e6,21921 89569 153431 186301 203189 212592 214665 215262 242647 304196 321488 332269 352507 362791
qa0c241b6f7b83,12500
q2aac03088eb27,{}
q0b2f198162f9c,{}
qd2c6bfc39b2c2,{}
qb0cf1114aeeaa,{}
q8c37216165a3a,{}
q618a70c323fac,110 147 191
q15e22cfb6b621,{}
qdd0851d7e2b5c,79 118 501 1174
qe7c6515abaa78,110 147 191
qb6fb484cf085d,{}
q2a16400b11f65,{}
q2293e6646dd0d,{}
q50cacdf880187,{}
q99ab9ae934954,{}
q3cd3795527260,21921 89569 153431 186301 203189 212592 214665 215262 242647 304196 321488 332269 352507 362791
qbe20a664f7528,{}
q147cdde3895e8,16180
q583c75168db9b,8 48 140
q208a7f53851ed,20 36 240
qd27ed322e7e7f,707 1702 2434 2761 3260 3406 3906 4044 4102 4196 4204 4693 4727
q132e6191384cf,100 107 285
qd3b0ea84318dc,707 1702 2434 2761 3260 3406 3906 4044 4102 4196 4204 4693 4727
q4596ca9bd9895,{}
q28daac1f54941,{}
q615d7cb11e987,{}
qe8afb2bd78368,{}
q523a2a9b04707,11460
q8b0b8f14cf563,19 35 46 83 91 94 95 130 141 214 230 244 257 299 306 307 348 358 399 414 421 427 429 449 455 456 501 534 538 555 582 592 599 612 620 638 664 677 685 686 702 709 714 719 739 755 756 762 784 805 814 844 868
qbb51a19a12241,6930
qfb1cef9161ee1,707 1702 3260 3406 3906 4196
q321fd452777c4,20 52 53 66 67 103 104 107 126 128 130 140
q933cef6ebdc28,{}
q764b8ea1eeafb,7590 7653 8104 10477 11460 11728 12246 12811 16180
qaca0965dfc0cf,30 45 46 51 57 68 102 123 128 132 151 167 169 184 212 219 258 282 305 324 346 350 367 375 382 413 419 439 440 457 464 489 516 537 542 574 607 615 621 623 625 643 662 671 676 687 696 703 726 773 819 825 826 827 828 842 846 850 855 893 896 907 921 930 934 935 937 965 973 993 1003 1032 1045 1052 1112
qa547662f7ac15,{}
q190bac92127db,7 32 43
qd85d986a5f940,3738 5643 5829 6145 6930 8410 11138 22319 23012 23137 28779
q6806cd9def37f,{}
qe00cec957e848,{}
q6b2d38e7b5b95,{}
q9ee446aa00c0f,{}
q643921adb871b,{}
qf93a2df2b4eae,{}
qd74181928cc0b,{}
qbdafd47fc6fb7,3 64 65 114 121 168 180 222
q3c59d7684d0eb,16 34 56 59 64 74 75 81 96 115 129 195 217 260 286 289 290 299
qf08857bd9f007,48 81 140 153
q90489021b7031,6930
q27e1d269cd6ee,{}
q131677b50d89a,79 118 332 415 501 605 1114
q6375db657d999,{}
q7842cfdf74124,{}
qb3f435f4c9ff1,9 38 130 144 157 180
q6ed0394c34237,{}
q55bd81729e881,{}
qe17755a04bb38,{}
q65b43edb7e80b,160 326 338 509 518 608 642 703 785 1015 1150 1179 1268 1436 1504
qb7e6b8db08557,{}
q34ddf48f33828,707 3406 3906
q437aabd89e70a,{}
q7bf7c78c72684,{}
qfca8eb00057a6,{}
q34ed36f0b85e7,{}
q007bd9639cd9d,100 107 285
q618327760d22e,12 14 18 31 47 54 59 60 69 77 79 81 94 95 96 107 112 114 137 145 157 164 182 190 198 200 209 220 224 243 247 248 249 252 262 278 281 286 297 302 322 338 358 370 376 382 386 388 395 399 416 422 445 449 475 481 487 488 492 496 497 511 529 534 539 558 583 599 606 607 614 616 617 622 628 634
q31db840e4513c,707 1702 3260 3406 3906 4196
q5d03b088e6961,{}
qedc0287e3ce4e,{}
qc50d12514e079,16180
qf49e5d1c5fcb6,{}
q4ff761ea2013a,274 743 1062 1338 2867 2947 2955 3457 4351
q6d31029e7d26d,{}
q3e57e94901e69,{}
qd8b4819aaaf93,{}
q194601151d388,21921 212592 214665 304196 332269
q02c87767dc5d0,8 140
q4b56c25fb6475,48 170 174 239 263 306 331 411 465
qc4dd8767359ca,5 16 36 38 40 56 62
q81adc477104d2,160 326 642
qff11768373068,{}
qc8159a302a19b,{}
q6b2306a0fd408,{}
qc1600cec1fc30,21921 89569 153431 186301 203189 212592 214665 215262 242647 304196 321488 332269 352507 362791
q6e67614567803,22319
q6585d2869615d,{}
qe7dcfa9f9df9f,40 110 501 707 748 782 822 1210
q5170076565eec,47 214
qe679c555c144e,21921 212592 214665 304196 332269
qc8eb77389dee2,11460
q7bccef5f32e41,6930
qa02b29ec3806c,8 12 18 21 23 26 27 28 32 37 38 46 48 51 54 59 66 68 72 76 77 79 84 85 90 95 100 106 112 125 128 129 137 139 142 145 152 155 157 164 168 179 181 182 183 188 193 194 202 215 217 220 224 231 232 236 237 239 240 243 256 261 267 268 273 274 278 282 283 284 297 300 310 311 312 317 328 330 332 338 342 352 357 360 361 368 389 396 397 408 410 413 423 427 430 436 443 447 452 459 469 473 497 503 511 512 513 521 523 528 534 537 542 544 545 573 579 583 588 596 598 599 602 604 605 611 617 624 626 641 642 648 653 654 658 667 672 676 683 688 694 699 704 705 725 729 733 737 742 743
qd25ab16a92e56,{}
qcd1b045b0c288,186301 203189 215262 321488 362791
qd53e5f248d2ee,21921 212592 214665 304196 332269
qaf55fadc27c95,21921 186301 203189 212592 214665 215262 304196 321488 362791
q60bccaf3e648a,{}
qd068a5bab87d4,707 1702 2434 2761 3260 3406 3906 4044 4102 4196 4204 4693 4727
q3c08fb155628a,{}
q7ca17aef2bd11,{}
qa07fdca9c6772,9 12 36 102 107 118 146 153 158 195 207 211 222 230 237 240 244 271 287 295 299 303 322 334 341 358 416 423 427 457 459 469 511 542 545 548 561 589 616 646 680 691 698 710 745 749 752 754 772 776 777 781 799 800 822 823 862 865 878 890 939 984 995 1007 1009 1047 1064 1095 1126 1161 1168 1201 1213 1218 1225 1230 1234 1238 1248 1261 1276 1286
q72aca93297104,100 107 285
q77aa82c63508c,{}
qedc0620432f4e,7 12 23 31 37 48 57 79 84 90 95 96 117 176 203 241 248 255 263 266 267 273 307 329 383 414 428 460 465 468 478 508 513 543 551 575 580 582 621 624 659 660 661 665 676 677 679 695 699 709 712 735 737
q8725a3f3e894f,{}
q99e6d118b9130,{}
qdf77651b11a8a,32 96 197 208 220 223
qcc004dee908ea,16180
q300f43c66cd50,{}
q552846cc0b634,21921 186301 203189 212592 214665 215262 304196 321488 362791
q6165f6a113091,160 326 338 642 785 1179
qd9b0e71a9ec0d,274 743 1062 1338 2867 2947 2955 3457 4351
q309e6108ecead,40 92 110 501 694 707 748 782 822 947 1210
q1cacc3b43388d,6930 22319
q34be880ce5299,{}
q06977eacbda03,{}
q0c00136489238,6930 22319
qb7c01163d3f41,{}
q289ca7cc8e114,6930 22319
q48faf7e5868da,5 14 18 20 24 26 29 36 38 39 44 62 64 79 81 84 93 94 102 104
q8fdaf466f4c8a,{}
q80d154744be28,{}
q3e9bf6925ce8b,21921 89569 153431 186301 203189 212592 214665 215262 242647 304196 321488 332269 352507 362791
q0a8a577b3bd77,28 419 1014 1218 1672 1689 2190 2289 2635 3276 3419 3590 5409 5690 5794 6016 6271 6582 6662 6860 7355 7626 7747 7903 8322 8348 9411
q40b22582f39b6,11460
q84784da9052a3,15 28 30 36 62 83 86 120 138 188 208 254 257 265 280 317 319 333 358 379 382 432 441 469 489 492 495 509 513 533 553 555 557 567 578 583 584 590 592 595 626 632 643 689 690 703 719 725 728 738 752 757 779 795 815 825 849 870 909 914 922 929
q38f4793af5f34,30 48 83 98 108
qa715e30d77db0,387 434
qef14b0032ed92,{}
qbe077264a75bd,{}
q368ab072c02d0,{}
q01fb11272353d,16180
qaa7c1b85e909c,{}
qa7820c1d9e9e1,{}
q0a78ce974d7ff,{}
q00417f1098a19,11460
qfc3b94502c33a,{}
qa35327c25c89e,{}
q8f187e174d58f,6 9 21 26 34 44 71 88 102 116 137 151 164 179 188 210 217 266 272 277 321 339 350 351 372 382 386 457 477 479 480 507 525 543 547 559 572 578 586 605 608 615 631
q8689da45ec990,{}
q274f978135f45,1 12 14 27 29 72 73 83 100 107 115 116 121 123 132 135 139 161 171 195 198 204 252 254 262 271 279 285 304 305 311
qe5dd367555244,707 1702 3260 3406 3906 4196
q65fcb16c1fe0d,1 3 8 12 26 32 39 41 48 52 53 57 65 73 74 78 93 104 130 131 137 145 146 162 167 186 187 203 204 205 218 225 229 232 251 254 263 265 274 304 305 306 314 320 322 339 348 360 383 387 400 405 419 423 442 447 449 455 466 469 492 497 511 516 518 538 561 568 574 607 608 609 610 613 618 619 620 632 634 641 646 650 669 700 703 722 733 751 753 759 760 771 787 795 798 812 824 837 838 847 850 856 860 887 888 889 906 935 941 956 957 986 994 1006 1011 1012 1016 1018 1029 1051 1057 1060 1064 1069 1083 1086 1088 1116 1144 1150 1156 1157 1165 1172 1177 1186 1193 1194 1195 1200 1203 1204 1206 1208 1214 1219 1221 1224 1225
qff22910fd4d03,7 12 23 31 37 48 57 79 84 90 95 96 117 176 203 241 248 255 263 266 267 273 307 329 383 414 428 460 465 468 478 508 513 543 551 575 580 582 621 624 659 660 661 665 676 677 679 695 699 709 712 735 737
q1775b0e3a551f,{}
qbdfc873d486c3,{}
qca37940e3cbcb,{}
q75e8acf69486b,{}
qc06785cbccb08,122
qd8b0eb2a09f98,79 118 138 302 332 415 501 563 605 790 1114 1174
qee53fc1900e80,197 208 223
qac92cc49c771b,{}
q74fd8d85a5147,22 81 97
qa1c73f5571dde,{}
q6f6dad32ab0e4,{}
q48ae6cfe9e1a0,21921 212592 214665 304196 332269
q7193f1093a4ac,{}
q51791525ce001,{}
q153e18f085820,{}
q8c5d3570aa2d4,6930
q1e43fc5cd6343,{}
q888f38fe1c71e,16180
q7d97bdf4860b3,{}
q5dc0e47a0bfde,1 12 14 27 29 72 73 83 100 107 115 116 121 123 132 135 139 161 171 195 198 204 252 254 262 271 279 285 304 305 311
qd56ecd11ae08a,{}
q24b4757f97951,{}
qfd11735a1481e,{}
q3c7da34cf8db3,12500
q1b294c2364bfb,{}
qef6ab92669158,110 147 191
q5b078c0200846,{}
qebebd7fc2f03d,{}
q3c22bb47e8f04,160 326 642
q4b025b5038eb4,{}
qac7adfc8b1918,{}
qc9d9f38a3e5ed,{}
q2e2f66473549a,3738 5643 5829 6145 6930 8410 11138 22319 23012 23137 28779
q217e946330c3a,160 326 338 642 785 1179
q54ae151895d9b,{}
q9143cff71fe42,{}
qbc132e9df4a39,7590 7653 8104 10477 11460 11728 12246 12811 16180
qaefafe1452506,{}
q3fd3635c1e375,32 223
qa3a23710bd707,{}
q6de3afa04d317,{}
q7861e27c4b96b,6930 22319
q24740476028c8,30 141 172
qdc91bd8e268b1,707 1702 2434 2761 3260 3406 3906 4044 4102 4196 4204 4693 4727
qe5e3996b17ab6,{}
q1ddd8076c30cb,{}
q5e6c9f551dd46,{}
qad6e8495ca1c4,{}
qd913384a0087e,{}
qfb02271eeddad,7590 7653 8104 10477 11460 11728 12246 12811 16180
qce6868e4677b5,59 245 740 789 798 871 1192 1348 1528 1606
q1db6c70762006,6930 22319
q9e133b21d27cf,30 141 172
q939eb2466dd9a,22319
qa162890db07b0,{}
qdf92b751be213,{}
q26a055451c388,3 20 36 196 208 240
qdc718de5a2af6,644 4786 6138 7233 8482 9402 12500 13711 14649
q74b2beea2fe75,3738 5643 5829 6145 6930 8410 11138 22319 23012 23137 28779
q65b99c654eb57,9 12 36 102 107 118 146 153 158 195 207 211 222 230 237 240 244 271 287 295 299 303 322 334 341 358 416 423 427 457 459 469 511 542 545 548 561 589 616 646 680 691 698 710 745 749 752 754 772 776 777 781 799 800 822 823 862 865 878 890 939 984 995 1007 1009 1047 1064 1095 1126 1161 1168 1201 1213 1218 1225 1230 1234 1238 1248 1261 1276 1286
q542efbf00a7a4,110 782 1210
q440d8c1d70c38,79 118 138 302 332 415 501 563 605 790 1114 1174
q1a932d0a52ca5,3738 5643 5829 6145 6930 8410 11138 22319 23012 23137 28779
q4e6cf4d3b9f8a,{}
q4701c1c4ebf7d,6930 22319
q7fa165854c736,100 107 123 198 285 305
qee0d33e25eead,100 107 123 198 285
q5f62afe241213,160 326 338 509 518 608 642 703 785 1015 1150 1179 1268 1436 1504
qfa58f475091a6,707 1702 3260 3406 3906 4196
qf3d90b89e1a3b,707 3406 3906
qcb6b482aaa985,420 455 538 565 759 1236 1330 1504
q3a5542a6018f8,64 168
q93d9ee00165f8,7 32 43
q921c521a64323,{}
qfa357c74d5203,118 176
qc9ceb98c681bf,707 1702 3260 3406 3906 4196
q0a9ce1a37c58c,7 32 43
qca700f128ce1b,{}
q061848bdb1029,{}
q0691b2ada6f6d,{}
q2669fa336f26a,79 118 138 302 332 415 501 563 605 790 1114 1174
q82564055a93da,{}
qc2084ff0845e8,{}
q4b6ef5abe7f6d,22319
qf8eb4ea467751,186301 203189 215262 321488 362791
q14924efff981c,21921 89569 153431 186301 203189 212592 214665 215262 242647 304196 321488 332269 352507 362791
qe4f1274105c48,{}
qd64cc7250a02e,3738 5643 5829 6145 6930 8410 11138 22319 23012 23137 28779
qabdfede7e5df7,3 47 64 65 110 112 114 121 129 165 168 180 195 214 215 222 235
q7b6434c296483,{}
q7f93f9af26c82,707 1702 2434 2761 3260 3406 3906 4044 4102 4196 4204 4693 4727
q098f6ac2ca6a3,11460
qe2224df2f8374,{}
q693a78a95cb5f,{}
qfac4df127571f,110 147 191
q1f68d5f07ff48,{}
q897404f3c803c,122 126 238 333
q6fac08bdfeebf,59 245 368 494 617 740 789 798 812 822 861 871 1039 1142 1192 1248 1348 1398 1503 1528 1606 1792
q31cc527c9d736,{}
qfa1140cf0f26e,141 172
q2c237bf4cccfa,644 4786 6138 7233 8482 9402 12500 13711 14649
q19600bebe8ebf,3738 5643 5829 6145 6930 8410 11138 22319 23012 23137 28779
q8207fc05167c8,13711
q03febfb14bff9,{}
qa2d646333db81,12500
q86a20097e10d0,338 785 1179
q8c972c55ab7e4,707 1702 3260 3406 3906 4196
q853957baf7cc9,{}
q06ae386adab26,30 54 66 76 80 89 91 97 101 114 127 139 148 161 182 186 208 209 213 221 254 270 278 289 298 320 323 330 331 341 347 352 361 370 390 392 404 415 418 454 473 499 515 542 547 585 603 631 644 698 708 740 771 786 810 824 854 878 879 884 896 903 913 920 925 951 967 1024 1037 1041 1052 1086 1102 1114 1133 1139 1150 1200 1233 1255 1258 1270 1286 1339 1361 1369 1407 1419 1423 1477 1478 1482 1492 1496 1503 1511 1524 1536 1552 1567
q6a971defdea33,{}
q3c3c4005ccf75,12500
qcc51be9b76dd5,6 7 8 10 21 24 31 33 36 45 56 62
q172f448e0782a,21921 89569 153431 186301 203189 212592 214665 215262 242647 304196 321488 332269 352507 362791
q1dad30091ea69,{}
q678cd25659d8a,186301 203189 215262 321488 362791
qec5365c0f498c,{}
q8795aa4f7fabf,64 168
q0ab87702b8591,160 326 642
q235df91981f4f,707 3406 3906
q97e199ca8ad56,1702 3260 4196
q82933f8d3b470,{}
q496f799d07c1a,32 96 197 208 220 223
qee795fd7ac22f,5 14 20 24 26 39 94 102
q3d97fb27688c1,{}
q855a5b4335857,11 80 132 174
q535735b35dd0d,1702 3260 4196
q2797929209a33,{}
q3d103f88d1f15,15 28 30 36 62 83 86 120 138 188 208 254 257 265 280 317 319 333 358 379 382 432 441 469 489 492 495 509 513 533 553 555 557 567 578 583 584 590 592 595 626 632 643 689 690 703 719 725 728 738 752 757 779 795 815 825 849 870 909 914 922 929
qe36356a39b574,30 115 141 172 175 243
qe8533e20edfb7,{}
q0aaa4923d446d,1 8 32 41 48 52 53 57 65 73 104 131 137 146 167 204 218 225 251 254 265 274 306 314 320 339 400 442 447 492 511 516 561 568 574 609 618 620 634 641 646 650 700 703 722 733 751 753 798 812 837 856 887 888 889 935 956 1011 1016 1029 1051 1057 1060 1064 1069 1083 1150 1156 1177 1194 1195 1200 1206 1214 1219 1224 1225
qf26993e625313,28 419 1014 1218 1672 1689 2190 2289 2635 3276 3419 3590 5409 5690 5794 6016 6271 6582 6662 6860 7355 7626 7747 7903 8322 8348 9411
qe2277401f0798,{}
qca4daa5483507,81 140 153
q12fe7223d7d7d,707 3406 3906
q245ae793142c8,13 31 45 61 80 90 130 131 157 158 164 190 191 194 219 237 258 267 290 302 306 310 327 328 337 338 351 354 369 375 425 463 504 507 525 550 557 564 587 588 603 604 616 623 641
q4bf5c3df853eb,707 3406 3906
q97758fe0eb97f,160 326 338 509 518 608 642 703 785 1015 1150 1179 1268 1436 1504
q7b05f37a3dcea,{}
q294f493a871a4,5 24 34 47 94
qf6c4b79b54763,{}
qed8067f6104ae,8 48 213
q2847c50659f57,{}
q49eb8c795380e,1 8 32 41 48 52 53 57 65 73 104 131 137 146 167 204 218 225 251 254 265 274 306 314 320 339 400 442 447 492 511 516 561 568 574 609 618 620 634 641 646 650 700 703 722 733 751 753 798 812 837 856 887 888 889 935 956 1011 1016 1029 1051 1057 1060 1064 1069 1083 1150 1156 1177 1194 1195 1200 1206 1214 1219 1224 1225
q0b1796e24b19d,186301 203189 215262 321488 362791
q292b7435a63bf,{}
qd792a68e12698,{}
qb0252f6b4e775,1 71 105
qf4859db0c4d37,{}
qbc4db6bc70147,175 189 267
q45a95a5ef6068,{}
q48be6c439c481,{}
q2a8faaf109124,22319
q2d633fa52ea06,{}
q7cc67a6f1ebb1,3738 5643 5829 6145 6930 8410 11138 22319 23012 23137 28779
q190f1c6134b13,{}
q870685161aef5,160 326 338 509 518 608 642 703 785 1015 1150 1179 1268 1436 1504
q3c22300713c3b,160 326 642
qdbe509d6c6e7a,16180
qa0c21b9f32a0c,197 208 223
qf2ee7a1c7aa71,160 326 642
q322979c5f2f42,{}
qec7ac0cc0cdc6,{}
qbe2e096e1ad09,186301 203189 215262 321488 362791
q78b35d9d8846e,1 32 113 135 162 223 246 256 271 279 291 320 325 326 331 348 354 376 379 386 400 403 422 435 450 454 479 493 503 507 511 522 525 527 539 547 557 584 590 623 635 676 686 688 690 709 715 728 729
q547d66353349d,21921 212592 214665 304196 332269
q22bfaddc5371d,3738 5643 5829 6145 6930 8410 11138 22319 23012 23137 28779
q3e455509ab2c9,1 8 32 41 48 52 53 57 65 73 104 137 146 167 204 218 225 251 254 265 274 306 314 320 322 339 400 442 447 492 511 516 561 568 574 609 618 620 634 641 646 650 700 703 722 733 751 753 798 837 856 887 888 889 935 956 1011 1016 1029 1051 1057 1060 1064 1069 1083 1150 1156 1177 1194 1200 1206 1208 1214 1219 1224 1225
qb0ea385fbfee5,{}
qebca9e053d8c6,{}
q7b7a969a86923,44 46 106
q23cdc17c9f429,707 3406 3906
qc3080f402256b,79 118 138 302 332 415 501 563 605 790 1114 1174
q1fe0b9d175c1a,{}
qd1d75861777aa,10 62 145
q6650e34b17350,{}
qd7680c1ee1b9d,6930 22319
q9d2974c371a81,100 107 123 198 285 305
qc56e1a6d6b397,79 118 138 302 332 415 501 563 605 790 1114 1174
q24ea11701da18,{}
q78036a97cee8d,{}
qc1a7465035cbf,79 118 501 1174
q5b5589d8bdd5a,100 107 285
q9d10f3f7ab1f3,{}
q81fe4dbd2f6f7,7 12 17 23 31 32 37 46 48 53 56 57 78 79 84 90 95 96 108 110 111 117 121 132 139 156 176 177 192 201 203 204 219 228 241 248 255 263 266 267 270 273 277 293 305 307 310 318 329 330 333 383 407 414 428 460 465 468 478 480 501 508 513 534 543 551 565 566 575 580 582 598 614 621 624 659 660 661 665 676 677 679 680 695 699 709 712 717 735 737 743 745 750 764 765
q081ab79973476,21921 89569 153431 186301 203189 212592 214665 215262 242647 304196 321488 332269 352507 362791
qecac1a64efddf,10 145
qb807830e5e3ba,{}
qfd68b5b44cf9c,{}
qc48419f31c4b6,12500
qe48c5e394f27a,99 107 132 150 170 182
q4c8fbad4b67fc,64 168
q6e49c1a3a0c6e,3 47 64 65 110 112 114 121 129 165 168 180 195 214 215 222 235
qcd55cabbf5473,{}
qa8e33e9ea806f,644 4786 6138 7233 8482 9402 12500 13711 14649
q7e4974d04e868,12 13 16 17 18 19 23 39 47 48 50 51 58 61 77 80 84 92 112 116 117 128 129 139 140 150 153 171 172 175 179 183 204 207 225 229 240 242 253 254 256 273 276 278 280 283 286 287 288 304 311 313 321 323 327 336 339 350 360 374 375 383 386 391 393 398 409 410 420 422 423 426 428 431 433 443 447 455 459 460 469 490 496 500 501 503 513 515 520 523 527 530 531 538 546 549 552 562 566 576 577 584 588 594 602 606 611 619 623 628 631 642 645 649 650 655 657 659 669 675 679 682 683 684 686 690 705 711 713 723
q14430afc87f16,{}
qca75f911bc80f,13 14 16 24 43 50 51 58 60 65 66 67 72 83 89 100 102 103 108 144 146 149 151 160 167 178 208 217 226 262 266 289 304 310 312 321 322 328 345 356 362 387 389 394 397 400 403 406 412 416 426 428 432 443 447 467 476 484 490 494 504 511 522 538 546 551 558 580 587 601 605 621 632 644 645 648 655 657 661 667 719 725 726 747 761 767 772 773 795 797 799 800 815 829 831 844 865 866 867 882 891 903 907 909 910 913 922 951 954 957 967 971 980 985 991 996 998 1012 1018 1040 1053 1060 1061 1072 1073 1080 1094 1100 1105 1107 1117 1124 1125 1134 1138 1139 1147 1148 1152 1153 1170 1171 1190 1195 1227 1228 1234 1240 1244 1250 1291 1304 1306 1330 1331 1335 1337 1338 1353 1354 1355 1387 1389 1392 1394 1403 1404 1408 1412
q25481026e762c,36 196
qdaa7d38f55028,8 48 213
qf5362ebd3cbd7,30 141 172
q11c9388cc25be,{}
q3b7be6d05a5b6,21921 212592 214665 304196 332269
qb9905a26881e0,{}
qc09e047e4154e,277 488 574 1437 1443 1701 1913 2028
q58d7ff5427064,18 21 26 27 38 48 59 66 68 79 85 129 164 183 188 194 231 232 236 240 268 332 338 361 368 389 396 397 408 447 452 473 497 503 534 544 573 579 583 611 624 641 653 658 667 672 733
qed388c34c75d8,21921 212592 214665 304196 332269
qb1317b7511f70,{}
q3d69f556a132f,{}
qe2d509f545064,{}
q37b3f19d28ae4,{}
q586f1843a3ef0,{}
qabafb0b057fa8,7590 7653 8104 10477 11460 11728 12246 12811 16180
qd59a180067746,6 7 8 10 21 24 31 33 36 45 56 62
qda31e65a9a24f,{}
qc7f6592873fb9,110 782 1210
q239b5f2d692c6,92 694 947
q8387c4e7f243e,8 48 81 140 153 213
q0632640912b7d,11460
q34f298f36e608,17 35 53 74 110
q26150d65da0a3,{}
qd18af853e6d58,{}
q0c0e4c93b9d0e,{}
q08828f6d91eb4,{}
qc1a8b2d6e820f,707 1702 2434 2761 3260 3406 3906 4044 4102 4196 4204 4693 4727
qcc10ff8a982c0,6930
q562d8cc5518ca,{}
q23279f46f83fd,22 81 97
qc6ca04c245be4,6930 22319
qf4dd49f977f7f,21921 89569 153431 186301 203189 212592 214665 215262 242647 304196 321488 332269 352507 362791
q91e7ebd3500cb,{}
q417b57cefdf9b,13 31 45 61 80 90 130 131 157 158 164 190 191 194 219 237 258 267 290 302 306 310 327 328 337 338 351 354 369 375 425 463 504 507 525 550 557 564 587 588 603 604 616 623 641
qed1980199ce15,1136 1697 2161 2658 3232 4105 5004 5329 5426
q9758e52f820e3,{}
q56ae1b12545ef,{}
q17bac3701ee9a,707 1702 2434 2761 3260 3406 3906 4044 4102 4196 4204 4693 4727
qfa9819615f3e8,21921 212592 214665 304196 332269
q0b84681ab8a43,{}
qf00201e7872a1,21921 212592 214665 304196 332269
q8a725aecd2078,{}
q86e05c7f26c7e,{}
qbfd389f05fc97,{}
q677584c962bc4,107 132 170
q4a4d4e0b45e10,79 118 332 415 501 605 1114 1174
qce5512a715290,30 45 46 51 57 68 102 123 128 132 151 167 169 184 212 219 258 282 305 324 346 350 367 375 382 413 419 439 440 457 464 489 516 537 542 574 607 615 621 623 625 643 662 671 676 687 696 703 726 773 819 825 826 827 828 842 846 850 855 893 896 907 921 930 934 935 937 965 973 993 1003 1032 1045 1052 1112
q0f7eeb8e8784c,{}
q0e3462afcbfee,22319
q2bcc48c611ce7,{}
qc9d56d6f0edc4,{}
qb56a8c4a94b44,{}
qfd5b3173aa209,{}
q5782f5c428573,{}
q25c0ac6c77cc7,707 1702 3260 3406 3906 4196
q96c982f68f3e9,44 78
qef6fac21acc21,18 39 68 91 99 103 116 122 144 162 176 190 243 246 268 273 282 285 296 302 311 313 367 389 408 418 422 430 435 444 450 455 469 480 482 523 530 538 556 571 579 581 602 619 668 673 674 693 699 701 705 718 726 752 768 770 790 797 800 835 850 860 872 898 938 952 964 970 977 997 1051 1093 1103 1118 1131 1133 1143 1146 1154 1155 1159 1167 1171 1192 1209 1252 1282 1294 1302
q54d224bd5d660,{}
q71ed623945563,22319
q661948dee50d9,5 15 21 26 34 36 38 40 41 45 47 66 73 76 77 79 86 92 98 105
q02f48d94ba580,106 367 400
qc88a45feabbf3,707 3406 3906
qdfca89471bc96,{}
qe0db081bbbfd7,44 46 106
q58af4df21193d,8 12 18 21 23 26 27 28 32 37 38 46 48 51 54 59 66 68 72 76 77 79 84 85 90 95 100 106 112 125 128 129 137 139 142 145 152 155 157 164 168 179 181 182 183 188 193 194 202 215 217 220 224 231 232 236 237 239 240 243 256 261 267 268 273 274 278 282 283 284 297 300 310 311 312 317 328 330 332 338 342 352 357 360 361 368 389 396 397 408 410 413 423 427 430 436 443 447 452 459 469 473 497 503 511 512 513 521 523 528 534 537 542 544 545 573 579 583 588 596 598 599 602 604 605 611 617 624 626 641 642 648 653 654 658 667 672 676 683 688 694 699 704 705 725 729 733 737 742 743
q5627a63b44759,{}
qa36c9f06d0f51,11460
qd9fb50c91e5b9,64 168
q84425da46d3fb,{}
q39339769afb90,{}
qe206e4550b130,{}
qe9a3c94aaa48a,707 1702 3260 3406 3906 4196
qe49399096aa95,6930 22319
q8d69cc5f603fa,30 48 83 98 108
qbdeb929c736fa,22319
q043d487141d48,{}
q67ff2bb60dea8,240 390
qbc6472c69c7f8,22 81 97
qd4a0e497b71ed,{}
qc04964d21c5c8,92 694 947
q061c2f5d8523e,21921 212592 214665 304196 332269
qdd0e0d39a8a58,42 167 175 191
q3cc87a8b5a496,332 415 605 1114
qec666846c2e86,338 785 1179
qb869d49d37827,186301 203189 215262 321488 362791
qc9c2f1620cb01,13 25 27 35 42 46 50 63 65 69 88 94 120
qf11a345df223d,100 107 285
q2683d48662c56,99 150 182
qe3725f91253a1,{}
q1431f6652caa9,707 3406 3906
qe0ac6fe5a4ff2,7 32 43
q9f4545b63af2f,21921 89569 153431 186301 203189 212592 214665 215262 242647 304196 321488 332269 352507 362791
qd672927630581,12500
qd9e4f794a6bf7,{}
qbb91ca3cbf6b4,{}
qf38106c02737d,110 147 191
qec08e6fa38377,21921 89569 153431 186301 203189 212592 214665 215262 242647 304196 321488 332269 352507 362791
q4d6e38f8660f1,99 107 132 150 170 182
q2ad26b1d2d264,16 17 18 19 47 48 50 51 58 77 92 116 117 128 150 153 171 172 175 183 204 207 225 229 240 253 254 256 278 280 286 287 288 304 311 313 321 327 336 339 360 374 375 383 386 391 393 398 409 410 420 422 423 428 431 433 443 447 459 460 490 496 503 513 520 523 530 538 549 566 577 584 588 594 602 606 611 619 628 642 645 650 657 659 669 675 679 686 713 723
qe426072a2dc1e,6930
q6f9cd811acdd3,{}
q148efd60fa591,9 12 24 31 35 39 53 62 102 119 138 139 146 156 160 184 208 213 220 233 293 312 327 335 350 352 394 429 458 463 464 491 494 527
qf488e2a16e283,{}
q5b2f8e63e9335,{}
q034bfe6e0857b,3738 5643 5829 6145 6930 8410 11138 22319 23012 23137 28779
qf98250e135411,21921 212592 214665 304196 332269
q3f654d0706e05,707 1702 2434 2761 3260 3406 3906 4044 4102 4196 4204 4693 4727
q0952f33412341,{}
q0586e2436e312,141 172
qe3b75ff82b5b9,{}
q9db782d61a12d,{}
q6938bae662e7f,{}
qa34f281429a40,116 192
qc39821520e953,{}
qceca6447f38ad,{}
qf266e9b66d060,{}
qeaa76a3624017,5 9 16 27 28 32 36 38 40 51 56 57 62 66
q221acd1274bb4,{}
qbdd94100c2045,99 107 132 150 170 182
qa7fc56af5a6fb,{}
qa0df00a198a2f,{}
qe4f1c57dce0fd,160 326 338 642 785 1179
q18e88769d14f7,21921 212592 214665 304196 332269
qe25b34e414701,{}
qd3487ff395f18,{}
qbf1019079e524,{}
q16cadad3a4eaf,{}
q24afe846befa5,{}
q63780e1d768aa,100 107 285
q1856592428c2f,141 172
q53b2b9c0534d8,5 16 36 38 40 56 62
q62e1f2826be18,115 175 243
q0aa4c22a982a3,{}
q905e308fa46e0,{}
q038c5e3d8c7d9,30 115 141 172 175 243
q7ddf2871e9d99,{}
q3d3753f160308,8 48 213
q1e798a48ebec4,21921 89569 153431 186301 203189 212592 214665 215262 242647 304196 321488 332269 352507 362791
qf047a2719cba2,8 12 18 21 23 26 27 28 32 37 38 46 48 51 54 59 66 68 72 76 77 79 84 85 90 95 100 106 112 125 128 129 137 139 142 145 152 155 157 164 168 179 181 182 183 188 193 194 202 215 217 220 224 231 232 236 237 239 240 243 256 261 267 268 273 274 278 282 283 284 297 300 310 311 312 317 328 330 332 338 342 352 357 360 361 368 389 396 397 408 410 413 423 427 430 436 443 447 452 459 469 473 497 503 511 512 513 521 523 528 534 537 542 544 545 573 579 583 588 596 598 599 602 604 605 611 617 624 626 641 642 648 653 654 658 667 672 676 683 688 694 699 704 705 725 729 733 737 742 743
q85634b7f3d64e,{}
qf79b46c45f4a1,41 45 47 73 77 92 105
q876024f1dd4e4,186301 203189 215262 321488 362791
qe11df88b0c70d,{}
q3d43f306dfc5c,{}
q6ffd5488c6bd2,79 118 138 302 332 415 501 563 605 790 1114 1174
q78872741a5b9c,7 22 32 43 81 97
q3d46ead44394a,6930 22319
qd4a0ee28dbc0c,7 12 17 23 31 32 37 46 48 53 56 57 78 79 84 90 95 96 108 110 111 117 121 132 139 156 176 177 192 201 203 204 219 228 241 248 255 263 266 267 270 273 277 293 305 307 310 318 329 330 333 383 407 414 428 460 465 468 478 480 501 508 513 534 543 551 565 566 575 580 582 598 614 621 624 659 660 661 665 676 677 679 680 695 699 709 712 717 735 737 743 745 750 764 765
qb51f7a0b5adf2,707 1702 3260 3406 3906 4196
qa94c8707568a3,110 147 191
q4767cafc6f396,{}
q31d878175a19a,{}
qe6136e0a55d17,16180
q677595dfbb244,10 44 46 62 106 145
q1d3e7689b03c1,{}
qea0e416f481fa,1702 3260 4196
qc679b19f65cc3,6930 22319
q5e96bd7d2a762,13711
qbeb28deb00471,{}
q399ba1d22d6dc,{}
qd4b2b6759d563,{}
qce5820c86e109,7590 7653 8104 10477 11460 11728 12246 12811 16180
q48be7cff7d9aa,{}
q98aa931d525fb,6930
q283fb5e736363,{}
q60858e3721129,{}
q11f8f2784267a,707 3406 3906
q7ce63bdf21bee,707 1702 3260 3406 3906 4196
q5089374a57f04,{}
qd148b4022aa63,707 1702 2434 2761 3260 3406 3906 4044 4102 4196 4204 4693 4727
q9cff9946a5498,{}
qab2b8a307c3a8,{}
q5b050d41b195f,3738 5643 5829 6145 6930 8410 11138 22319 23012 23137 28779
q3f7f68034a074,{}
q0cef580ed4aca,9 27 28 32 51 57 66
q9e4767d858182,{}
q89a77df8e876e,160 326 642
qec3e5756be4c9,7590 7653 8104 10477 11460 11728 12246 12811 16180
qe1b8291725a6a,{}
q67ee0bdd7ed1c,16 48 51 77 175 204 225 304 313 327 360 374 386 393 409 420 460 469 520 523 538 549 584 594 602 669
qc582cf07b7f31,{}
q72c117901da57,{}
qdee6e9217a7d0,{}
qd2ac4ad8a79a5,160 326 338 509 518 608 642 703 785 1015 1150 1179 1268 1436 1504
qe0a08c7ac8d5c,6930 22319
q9560d3d89562d,{}
qbeb542a3dcab1,35 46 60 62 66 91 109 122 201 223 289 307 329 335 337 389 395 401 407 413 419 436 471 479 497 518 565 577 579 606 627 687 704 715 717 721 737 779 799 816 831 844 846 893 896 937 944 952 966 968 976 988
q440117bfc9297,16180
qaddb2239296eb,{}
q413349ab3abcb,707 1702 2434 2761 3260 3406 3906 4044 4102 4196 4204 4693 4727
q58a2309e21962,{}
q0cec64b5b2948,32 96 197 208 220 223
qc19d724703e11,24 34 47 94
qf0e21bd6c4e29,6930 22319
qd278dd77671c0,{}
qa04b70ec9aeb6,707 1702 2434 2761 3260 3406 3906 4044 4102 4196 4204 4693 4727
q53fbd4d4ca003,21921 212592 214665 304196 332269
qeb19468bf0cd8,{}
q9a5a52c9f0c50,{}
q92eda0b14b40b,{}
q78b2723f33403,{}
q2be1fb7167fae,707 1702 3260 3406 3906 4196
qc75d048e5063b,{}
q86384b257b583,107 132 170
q2d14d6df0444b,{}
q447fe880f38de,707 1702 3260 3406 3906 4196
qae874156f3acc,707 1702 3260 3406 3906 4196
qe73554fd02fba,21921 212592 214665 304196 332269
q8175436aacb0b,160 326 509 518 608 642 703 1015 1150 1268 1436 1504
q4669f1313de57,75 112 113 134 145 151 154 156 158 159 178 197 202 229 238 241 252 295 332 343 345 361 365 370 385 400 405 423 432 442 455 484 486 487 493 496 498 523 546 554 593 611 621 647 658 659 683 729 748 752 754 782 784 790 810 823 841 879 881 903 913 916 922 925 926 946 972
qe939f59f37465,81 140 153
q841f82da8de05,22319
q971138ea12087,21921 212592 214665 304196 332269
q57ff14b40e853,6930
q1ffa9c95fc36b,186301 203189 215262 321488 362791
q0a44d3f083251,45 46 57 68 123 132 151 167 169 184 219 282 324 350 367 382 440 457 464 542 574 607 615 625 662 671 676 703 773 819 825 826 827 828 842 846 850 893 907 921 930 934 935 937 965 973 993 1003 1045 1052 1112
q4e2b317b8d39a,707 1702 3260 3406 3906 4196
q769eda8688e3c,107 132 170
q2a8956c848f8d,224 333
q930365355c31f,{}
q56725a84d5f16,5 13 23 25 30 31 32 33 35 43 47 50 52 56 60 61 66 68 72 76 79 84 87 95 97 107 115 116 119 126 130 131 139 161 163 167 173 178 182 203 207 214 215 230 240 246 249 251 263 273 283 287 303 304 307 308 309 318 351 358 369 377 381 384 399 403 412 422 423 424 431 433 442 446 447 453 456 460 467 468 470 478 487 489 491 492 495 496 500 507 510 514 517 518 521 524 532 533 536 545 551 558 560 564 565 567 577 579 582 584 591 605 608
qa4a3bb577eec8,{}
q785d51adc0653,107 132 170
q20d116bb2bdc1,21921 212592 214665 304196 332269
qce26c0be90536,7590 7653 8104 10477 11460 11728 12246 12811 16180
q9faf62c2d44e6,128 466
q4a79c07bddc78,21921 89569 153431 186301 203189 212592 214665 215262 242647 304196 321488 332269 352507 362791
q60e0ab354209d,22319
q7807ed0d7880d,160 326 642
q81ebcf843fc3a,644 4786 6138 7233 8482 9402 12500 13711 14649
qe3214c8e1cae0,{}
q764f13ec290ea,19 21 35 37 46 66 79 83 91 94 95 103 119 130 132 141 154 214 218 230 235 241 242 244 256 257 265 291 299 304 306 307 325 336 348 358 374 375 376 399 414 421 423 427 429 449 455 456 477 485 501 510 534 538 555 562 580 582 586 590 592 599 600 602 612 620 634 638 652 664 666 677 683 685 686 696 702 709 714 716 719 725 729 733 739 755 756 757 762 776 783 784 795 799 800 805 806 807 814 821 822 825 827 844 847 863 868
qe635b7bad0d8f,{}
qbab5bfb86c2df,79 118 501 1174
q8e70867051848,99 150 182
q86114c9c9aa79,{}
qc99caea77be1a,338 785 1179
qf89b982202b55,{}
q41c6572e59479,160 326 338 509 518 608 642 703 785 1015 1150 1179 1268 1436 1504
q7d13390d88b5d,186301 203189 215262 321488 362791
qf67b72b1a4f95,21921 212592 214665 304196 332269
q71126853537fd,{}
qf73f51eea337d,75 112 113 134 145 151 154 156 158 159 178 197 202 229 238 241 252 295 332 343 345 361 365 370 385 400 405 423 432 442 455 484 486 487 493 496 498 523 546 554 593 611 621 647 658 659 683 729 748 752 754 782 784 790 810 823 841 879 881 903 913 916 922 925 926 946 972
q3317fb24e1a91,14 47 69 95 112 114 182 198 224 247 252 286 338 358 370 382 388 416 445 475 511 529 534 539 583 607 628
qe8a07428f22ef,{}
qba509c20dee74,{}
q41f679ac5f67f,1 8 9 10 11 15 16 27 30 45 46 47 48 49 55 60 65 67 70 74 75 84 88 95 97 108 113 118 124 125 151 153 155 161 170 174 177 178 182 184 186 197 200 206 208 210 211 213 226 233 238 239 240 245 252 256 257 258 263 273 277 282 286 290 303 306 310 315 317 321 326 331 343 347 349 352 353 359 360 362 373 376 384 389 390 399 403 406 407 409 411 417 419 421 425 431 433 434 442 460 464 465 468
qeba0f398bd320,{}
q22bd2b2198f0d,514 1378 2585 2819 3019 3070 3558 3891 4230
qe32043d7c83d4,30 54 66 76 80 89 91 97 101 114 127 139 148 161 182 186 208 209 213 221 254 270 278 289 298 320 323 330 331 341 347 352 361 370 390 392 404 415 418 454 473 499 515 542 547 585 603 631 644 698 708 740 771 786 810 824 854 878 879 884 896 903 913 920 925 951 967 1024 1037 1041 1052 1086 1102 1114 1133 1139 1150 1200 1233 1255 1258 1270 1286 1339 1361 1369 1407 1419 1423 1477 1478 1482 1492 1496 1503 1511 1524 1536 1552 1567
q46016c2415f92,160 326 338 509 518 608 642 703 785 1015 1150 1179 1268 1436 1504
qc5bf716b3db77,{}
q64ea9e4339874,644 4786 6138 7233 8482 9402 12500 13711 14649
q62462397ecd11,7 17 34 37 44 50
q81ad0b920a94b,186301 203189 215262 321488 362791
qe36e8f74a75b5,{}
q3633b0aa3fa78,{}
qc9ab9412d8ebe,{}
q6c81265ffc818,{}
qc467e63a8c35b,3 196 208
q51b5fb90eea51,40 92 110 501 694 707 748 782 822 947 1210
qfebcf1a582cfa,1702 3260 4196
q94238fc4ae248,13711
q365ec20edacab,3738 5643 5829 6145 6930 8410 11138 22319 23012 23137 28779
qd7ecaab740a66,20 36 240
qdd586dd929e2c,7590 7653 8104 10477 11460 11728 12246 12811 16180
q7e764b140a9ba,{}
q6be43030b5421,{}
q26dc735237361,{}
q9ef77d4125c3f,21921 89569 153431 186301 203189 212592 214665 215262 242647 304196 321488 332269 352507 362791
qda11f4f16d420,644 4786 6138 7233 8482 9402 12500 13711 14649
q4f683f0559363,{}
q189e5199eb3e7,77 150 175 204 327 360 393 409 420 423 447 460 469 538 584 594 602 606 611 669 679
q5922369bafe06,707 3406 3906
qd66e0ec30ad24,55 143 147 287 310 360 388 454 460 517 669 684 705 731
q0e955c409cab7,22 30 38 47 54 66 76 80 89 91 97 101 103 108 111 113 114 127 139 148 161 171 182 186 193 208 209 213 221 246 254 262 270 278 285 289 298 303 305 320 323 330 331 341 347 352 357 361 370 385 389 390 392 404 415 418 454 470 473 475 499 515 538 542 546 547 585 603 628 631 644 665 698 704 708 711 722 729 740 771 786 810 815 819 824 826 842 846 854 855 860 872 878 879 884 896 903 910 913 920 925 933 951 964 967 995 1024 1025 1037 1038 1041 1052 1056 1061 1066 1068 1082 1086 1094 1101 1102 1104 1114 1130 1133 1139 1150 1189 1200 1215 1218 1232 1233 1250 1254 1255 1258 1270 1286 1311 1312 1339 1347 1361 1369 1373 1378 1406 1407 1419 1423 1429 1449 1457 1458 1477 1478 1482 1492 1496 1501 1503 1511 1524 1536 1552 1564 1567
qd370a9d4bdfeb,{}
qae345aecc26b5,{}
q918167429d296,107 132 170
q0d2a77b5c045e,3738 5643 5829 6145 6930 8410 11138 22319 23012 23137 28779
q8628cef0439c9,{}
q0d95566e6af82,{}
qed3005c7708e8,707 1702 3260 3406 3906 4196
q2e44b59b5216c,32 96 197 208 220 223
q48aa6f2978b16,8 48 213
qb802100705245,186301 203189 215262 321488 362791
q2f779efe1c823,338 785 1179
q04e3f7f1f75f8,110 147 191
q3311cc775e443,{}
q3dfa8cb964b61,{}
qad470ec106bdd,186301 203189 215262 321488 362791
q0426c709cfe5e,{}
q3e51a542f97ef,11460
qf48eb1cbb5eda,707 1702 2434 2761 3260 3406 3906 4044 4102 4196 4204 4693 4727
q63aaa574a62dd,{}
q407e5f21ddbc7,3 4 6 10 16 24 28 32 34 38 40 45 47 50 55 66 70 71 73 74 77 90 96 103 107 110 127 134 137 138
qedf5d7b364497,21921 89569 153431 186301 203189 212592 214665 215262 242647 304196 321488 332269 352507 362791
q719b9e565ef4e,{}
qd254b7f867167,160 326 642
q369d33a567699,5 13 30 49
q273364b02862c,16180
qf26bfa5cc7704,1702 3260 4196
q2b28c15e36912,186301 203189 215262 321488 362791
q3af96e3fef842,{}
q27d0b742a9a18,79 118 138 302 332 415 501 563 605 790 1114 1174
q61c1cca51354c,6930 22319
qf143dc53be7d2,338 785 1179
q4442ebacc5d3e,4 6 11 12 20 26 32 41 52 53 66 67 70 73 80 81 83 88 103 104 107 110 112 121 126 128 130 135 139 140
qe9f967c9ff179,4 6 10 20 24 33 43 49 51 69 73 77 88 90 92 95 105 108 113 117 123 127 128 131 135
q15e6fd1c3dfaf,1702 3260 4196
q6ce1ed4709657,{}
q7064798f8e116,5 13 23 25 30 31 32 33 35 43 47 50 52 56 60 61 66 68 72 76 79 84 87 95 97 107 115 116 119 126 130 131 139 161 163 167 173 178 182 203 207 214 215 230 240 246 249 251 263 273 283 287 303 304 307 308 309 318 351 358 369 377 381 384 399 403 412 422 423 424 431 433 442 446 447 453 456 460 467 468 470 478 487 489 491 492 495 496 500 507 510 514 517 518 521 524 532 533 536 545 551 558 560 564 565 567 577 579 582 584 591 605 608
qcc8d7c9345361,644 4786 6138 7233 8482 9402 12500 13711 14649
qb96d36975508c,22 81 97
q6feee93dbc02e,{}
q1c3ce040ac6c4,{}
qa915f652c465e,{}
q3e28f3bc0e7cf,19 35 83 91 94 95 130 141 214 230 244 257 299 306 307 348 358 399 414 421 423 427 429 449 455 456 501 534 538 555 582 592 599 612 620 638 664 677 685 686 702 709 714 719 739 755 756 762 784 805 814 844 868
q800f4411604b5,707 3406 3906
q52d2e36dd4557,115 175 243
qd917367a58b2f,8 48 213
q279a928cc3764,20 36 240
qbc0128917d2b8,{}
q90996f19cdd02,707 1702 2434 2761 3260 3406 3906 4044 4102 4196 4204 4693 4727
qa04c16f5ef54d,6930
q5ebd6b8624757,21921 212592 214665 304196 332269
qccea86b4005c6,79 142 274 743 868 1062 1204 1338 1419 1713 2381 2867 2947 2955 2967 3457 3623 4351
q893fe32ade252,{}
qb5e45a157301c,69 80 86 119 132 279 306
q7c014f04e1929,{}
q790c65cb0b9d2,110 147 191
qa1c445239511e,{}
q17a99a07ffd5b,20 36 196 240
qa9b167b72c489,{}
q92b2cdb545cba,{}
q609115773308a,{}
q8d93ab2cdcebe,7590 7653 8104 10477 11460 11728 12246 12811 16180
q9e4c3aadb238e,11460
qf72258f79d342,22 30 38 47 54 66 76 80 89 91 97 101 103 108 111 113 114 127 139 148 161 171 182 186 193 208 209 213 221 246 254 262 270 278 285 289 298 303 305 320 323 330 331 341 347 352 357 361 370 385 389 390 392 404 415 418 454 470 473 475 499 515 538 542 546 547 585 603 628 631 644 665 698 704 708 711 722 729 740 771 786 810 815 819 824 826 842 846 854 855 860 872 878 879 884 896 903 910 913 920 925 933 951 964 967 995 1024 1025 1037 1038 1041 1052 1056 1061 1066 1068 1082 1086 1094 1101 1102 1104 1114 1130 1133 1139 1150 1189 1200 1215 1218 1232 1233 1250 1254 1255 1258 1270 1286 1311 1312 1339 1347 1361 1369 1373 1378 1406 1407 1419 1423 1429 1449 1457 1458 1477 1478 1482 1492 1496 1501 1503 1511 1524 1536 1552 1564 1567
qc143a13cb3420,115 175 243
qcf42e4eb5b068,6930
qbb101b26d0941,12500
qcdba6e810a402,30 45 46 51 57 68 102 123 128 132 151 167 169 184 212 219 258 282 305 324 346 350 367 375 382 413 419 439 440 457 464 489 516 537 542 574 607 615 621 623 625 643 662 671 676 687 696 703 726 773 819 825 826 827 828 842 846 850 855 893 896 907 921 930 934 935 937 965 973 993 1003 1032 1045 1052 1112
qe91d6c029f91a,5 15 21 26 34 36 38 40 41 45 47 66 73 76 77 79 86 92 98 105
qb59fdd019fdd0,16180
q37292bfedf978,707 1702 3260 3406 3906 4196
qe219c79ea5189,13711
qa1f0ae505004c,13711
q456b95b4709eb,{}
q9207703303f28,{}
qc5e531b99fb97,40 92 110 501 694 707 748 782 822 947 1210
qa0d8e44ab910c,79 118 138 302 332 415 501 563 605 790 1114 1174
q5d432ae6196bf,18 39 68 91 99 103 116 122 144 162 176 190 243 246 268 273 282 285 296 302 311 313 367 389 408 418 422 430 435 444 450 455 469 480 482 523 530 538 556 571 579 581 602 619 668 673 674 693 699 701 705 718 726 752 768 770 790 797 800 835 850 860 872 898 938 952 964 970 977 997 1051 1093 1103 1118 1131 1133 1143 1146 1154 1155 1159 1167 1171 1192 1209 1252 1282 1294 1302
q23d52c22694f7,30 141 172
qf364f731f8c24,186301 203189 215262 321488 362791
q629f5c069ecdb,{}
q4ab6208c0ef72,707 1702 2434 2761 3260 3406 3906 4044 4102 4196 4204 4693 4727
q43f8d0ecacbc1,{}
q2ce91e8a6689c,7590 7653 8104 10477 11460 11728 12246 12811 16180
q5224893dec0ae,{}
q430152d10bd74,{}
qbe35f9fa1f9e3,{}
qf013f6e3f2ebc,{}
q33ef4f849921d,{}
q497ceb2d01e6d,6930 22319
q6625a616700e4,8 48 81 140 153 213
qe147dd21df172,{}
qede8585b15178,205 223
qca87cd4f7c709,{}
q51160d51cf47f,{}
q125a9a4434585,644 4786 6138 7233 8482 9402 12500 13711 14649
q334c447c17f6f,{}
qece2324f25e02,{}
q71617557dacb4,16180
q36f5f2a3d3625,16180
qc27f2ae46835f,{}
q670fb9ee1999d,160 326 338 509 518 608 642 703 785 1015 1150 1179 1268 1436 1504
q228365592ca2f,13711
q02ffb6cb98484,21921 212592 214665 304196 332269
q49f9b078c9b83,{}
qe800142353e2c,{}
qcf149a259d4e1,107 132 170
q01088b5afc588,21921 89569 153431 186301 203189 212592 214665 215262 242647 304196 321488 332269 352507 362791
q7186123e34365,160 326 338 509 518 608 642 703 785 1015 1150 1179 1268 1436 1504
qf4b9726670d94,{}
q00eb9ac43bafb,{}
qd6daadf22abef,{}
q50336da429fe9,1702 3260 4196
qc28d2dffc69f1,160 326 338 509 518 608 642 703 785 1015 1150 1179 1268 1436 1504
q2a84211c93169,{}
q8b35ee73dec5e,186301 203189 215262 321488 362791
q9805088efe44f,6930 22319
q2ed2864284483,{}
q69bc94e956e15,{}
q2cc6fe174c48c,8 48 81 213
q4aa39d0d1671a,644 4786 6138 7233 8482 9402 12500 13711 14649
q2b857ca305888,16 22 101 136 138 163 173 176 197 206 216 230 268 270 278 288 332 419 429
qc4c5ef6d8633b,{}
q9df49283a9920,8 48 81 140 153 213
qf75466ed65a53,3738 5643 5829 6145 6930 8410 11138 22319 23012 23137 28779
q8ae8c668b4f0c,{}
q6209774af9e11,16180
q4e1f31a051fce,{}
q701d1ed47c938,{}
qe62531c267e6d,{}
qa2a7a30735d31,16180
qcf02cc50e5828,12 13 16 17 18 19 23 39 47 48 50 51 58 61 77 80 84 92 112 116 117 128 129 139 140 150 153 171 172 175 179 183 204 207 225 229 240 242 253 254 256 273 276 278 280 283 286 287 288 304 311 313 321 323 327 336 339 350 360 374 375 383 386 391 393 398 409 410 420 422 423 426 428 431 433 443 447 455 459 460 469 490 496 500 501 503 513 515 520 523 527 530 531 538 546 549 552 562 566 576 577 584 588 594 602 606 611 619 623 628 631 642 645 649 650 655 657 659 669 675 679 682 683 684 686 690 705 711 713 723
q2b3bbaacb9ebc,{}
q80d8140d5a220,160 326 509 518 608 642 703 1015 1150 1436 1504
qdd5071443c0f5,1 6 11 30 45 46 51 57 68 74 75 83 84 85 90 91 95 102 109 111 114 120 123 128 132 133 145 147 151 167 169 175 184 212 219 242 258 280 282 288 305 306 309 324 328 346 350 367 375 382 405 413 419 427 436 439 440 457 464 466 489 516 524 537 538 541 542 546 574 599 607 615 621 623 625 643 657 662 671 676 687 691 696 701 703 726 772 773 819 825 826 827 828 831 834 838 842 846 850 855 871 879 893 896 900 901 907 921 930 934 935 937 944 945 950 951 965 973 983 993 1003 1004 1032 1045 1048 1049 1052 1057 1097 1112 1157
q12ff6685796c5,8 48 213
q2aa606b6b5d70,21921 89569 153431 186301 203189 212592 214665 215262 242647 304196 321488 332269 352507 362791
qcc6bd71f1e1d2,{}
q6bcb5c064028a,11460
qb07527c772458,110 147 191
q8a943f8f2dbeb,{}
q1c26e8f0eb529,30 54 66 76 80 89 91 97 101 114 127 139 148 161 182 186 208 209 213 221 254 270 278 289 298 320 323 330 331 341 347 352 361 370 390 392 404 415 418 454 473 499 515 542 547 585 603 631 644 698 708 740 771 786 810 824 854 878 879 884 896 903 913 920 925 951 967 1024 1037 1041 1052 1086 1102 1114 1133 1139 1150 1200 1233 1255 1258 1270 1286 1339 1361 1369 1407 1419 1423 1477 1478 1482 1492 1496 1503 1511 1524 1536 1552 1567
qa0a4cbfff1ca1,707 1702 3260 3406 3906 4196
qde22da73b95a2,3738 5643 5829 6145 6930 8410 11138 22319 23012 23137 28779
q4530bfe75ec1a,40 110 501 707 748 782 822 1210
q155fafefbefa5,13711
q6c0efda17652c,12500
q89c3845b95091,338 785 1179
q0dfe098b5e8b4,31 59 60 81 95 96 137 247 249 278 386 388 422 481 496
q636ee18fec2fc,21921 186301 203189 212592 214665 215262 304196 321488 362791
q63968843679e4,30 115 141 172 175 243
q738e7ca030b49,{}
q2fe0934c78714,9 12 36 102 107 118 146 153 158 195 207 211 222 230 237 240 244 271 287 295 299 303 322 334 341 358 416 423 427 457 459 469 511 542 545 548 561 589 616 646 680 691 698 710 745 749 752 754 772 776 777 781 799 800 822 823 862 865 878 890 939 984 995 1007 1009 1047 1064 1095 1126 1161 1168 1201 1213 1218 1225 1230 1234 1238 1248 1261 1276 1286
qe5b5199f47e90,{}
q9de49e581ba89,12500
qf10fa482666bf,7 22 32 43 81 97
qa0264d0b2c64a,{}
q877b4b64fd871,5 13 23 25 30 31 32 33 35 43 47 50 52 56 60 61 66 68 72 76 79 84 87 95 97 107 115 116 119 126 130 131 139 161 163 167 173 178 182 203 207 214 215 230 240 246 249 251 263 273 283 287 303 304 307 308 309 318 351 358 369 377 381 384 399 403 412 422 423 424 431 433 442 446 447 453 456 460 467 468 470 478 487 489 491 492 495 496 500 507 510 514 517 518 521 524 532 533 536 545 551 558 560 564 565 567 577 579 582 584 591 605 608
qa121032a2ad8e,{}
q39140ba9bf98e,13711
q04538fab55f93,30 45 46 51 57 68 102 123 128 132 151 167 169 184 212 219 258 282 305 324 346 350 367 375 382 413 419 439 440 457 464 489 516 537 542 574 607 615 621 623 625 643 662 671 676 687 696 703 726 773 819 825 826 827 828 842 846 850 855 893 896 907 921 930 934 935 937 965 973 993 1003 1032 1045 1052 1112
qfe11b48359f0d,160 326 338 509 518 608 642 703 785 1015 1150 1179 1268 1436 1504
q24603f3696d67,{}
q7b5d4158a978d,{}
q7dcde2f8f2d9e,21921 89569 153431 186301 203189 212592 214665 215262 242647 304196 321488 332269 352507 362791
q89541e6ec6c13,{}
qba4001d22f486,110 147 191
q440a9b40dadb9,28 1014 1672 1689 2190 3276 3419 3590 5690 5794 6016 8322
q278fa50874841,160 326 338 509 518 608 642 703 785 1015 1150 1179 1268 1436 1504
q4282207b4a3ed,{}
q7acbbdebd4e37,6930
q3a4efcfca9e93,3738 5643 5829 6145 6930 8410 11138 22319 23012 23137 28779
q437d74fc30930,186301 203189 215262 321488 362791
qa730834b2999d,3738 5643 5829 6145 6930 8410 11138 22319 23012 23137 28779
qc5fe2269d6a3e,1 12 14 27 29 72 73 83 100 107 115 116 121 123 132 135 139 161 171 195 198 204 252 254 262 271 279 285 304 305 311
q60ef0dc015a63,6930
q62238c02a5f07,6 7 8 10 21 24 31 33 36 45 56 62
qa9220d7b36ded,{}
qf115d88491190,{}
q0948b83fc268d,{}
q390119ac8cbff,{}
qfb10b5a03e293,{}
q7ee2825680e04,{}
qf3f523f1fd5bb,3738 5643 5829 6145 6930 8410 11138 22319 23012 23137 28779
qde94e9fbb6b4b,{}
q93d24764f69ef,{}
q83db2ff2fc18e,{}
q86e31f139f10f,{}
qd0b79d219e3d6,707 1702 2434 2761 3260 3406 3906 4044 4102 4196 4204 4693 4727
qab0d63428535d,30 54 66 76 80 89 91 97 101 114 127 139 148 161 182 186 208 209 213 221 254 270 278 289 298 320 323 330 331 341 347 352 361 370 390 392 404 415 418 454 473 499 515 542 547 585 603 631 644 698 708 740 771 786 810 824 854 878 879 884 896 903 913 920 925 951 967 1024 1037 1041 1052 1086 1102 1114 1133 1139 1150 1200 1233 1255 1258 1270 1286 1339 1361 1369 1407 1419 1423 1477 1478 1482 1492 1496 1503 1511 1524 1536 1552 1567
qcb7eb5549fb9e,16180
q082fe4b414921,{}
qebd3a237dfd78,115 175 243
q8e391d456c861,160 326 338 509 518 608 642 703 785 1015 1150 1179 1268 1436 1504
q623ecfe4b8616,{}
q759a9dd20a214,40 110 501 707 748 782 822 1210
qdca0a3cf0f49a,21921 89569 153431 186301 203189 212592 214665 215262 242647 304196 321488 332269 352507 362791
q14cf57545f6fa,8 26 27 38 46 59 66 68 79 85 125 128 129 182 183 188 231 240 273 283 330 332 338 352 361 368 389 396 408 447 452 497 503 534 611 624 658 667 733 743
qa2158bb6b1add,22319
qe3a8799ae4d63,{}
q846de6f311b99,22319
q5261ec0c25537,{}
qa0e9090972499,{}
q1bb174eadaa23,8 12 18 21 23 26 27 28 32 37 38 46 48 51 54 59 66 68 72 76 77 79 84 85 90 95 100 106 112 125 128 129 137 139 142 145 152 155 157 164 168 179 181 182 183 188 193 194 202 215 217 220 224 231 232 236 237 239 240 243 256 261 267 268 273 274 278 282 283 284 297 300 310 311 312 317 328 330 332 338 342 352 357 360 361 368 389 396 397 408 410 413 423 427 430 436 443 447 452 459 469 473 497 503 511 512 513 521 523 528 534 537 542 544 545 573 579 583 588 596 598 599 602 604 605 611 617 624 626 641 642 648 653 654 658 667 672 676 683 688 694 699 704 705 725 729 733 737 742 743
qf01a203adf771,16180
q1e883467836ce,6930
qaccbbd67a7929,22319
q4bce470221143,{}
qadb8cabee466f,13711
qdf530c238b8ec,79 118 138 302 501 563 790 1174
q2a48b407f7cba,644 4786 6138 7233 8482 9402 12500 13711 14649
qb814d9f641ef7,{}
q49c165befc88f,3738 5643 5829 6145 6930 8410 11138 22319 23012 23137 28779
q4a94e361ba446,13711
qbf1a1cb237f7d,160 326 338 509 518 608 642 703 785 1015 1150 1179 1268 1436 1504
q5b9bcd79b26d5,707 1702 2434 2761 3260 3406 3906 4044 4102 4196 4204 4693 4727
q2a8cc82003121,186301 203189 215262 321488 362791
q2460b2adbe190,{}
q066006ce9e150,{}
qecd5f25f8b45c,6 15 19 62 70 88 92 100 109 130 133 139 157 161 178 207 209 225 228 239 252 256 259 275 279 289 307 308 325 333 345 359 380 381 401 405 407 409 424 427 428 430 449 451 461 467 474 477 504 505 506 508 533 559 565 567 574 599 600 610 628 633 640 649 652 653 656 661 663 668 680 687 688 691 697 701 709 716 730 738 739 750 785 788 790 793 807 813 815 822 825 832 842 851 852 862 863 870 884 885 901 905 912 917 960 962 970 971 979 983 986 988 989 994 1009 1011 1036 1043 1044 1045 1060 1062 1066 1067 1069 1081 1114 1117 1123 1130 1132
q07886b61e51af,3738 5643 5829 6145 6930 8410 11138 22319 23012 23137 28779
q0257436c00bcd,{}
q5a378a8ae6427,3738 5643 5829 6145 6930 8410 11138 22319 23012 23137 28779
q9bb9b42c3dbed,{}
q379e4ab59fa28,36 102 107 146 195 207 211 222 230 237 244 271 287 295 299 303 322 334 341 416 459 469 511 542 545 561 589 616 646 680 691 698 710 745 752 754 776 799 800 822 878 890 939 1007 1064 1126 1168 1201 1213 1225 1230 1234 1238 1286
q5d0f8bfa52570,{}
q5abf390f753b9,644 4786 6138 7233 8482 9402 12500 13711 14649
q0ef2d8e839913,{}
qe1bbe56792c94,21921 89569 153431 186301 203189 212592 214665 215262 242647 304196 321488 332269 352507 362791
q11c74eb5bd00d,21921 212592 214665 304196 332269
qfc2ada46743f5,160 326 642
qf880b6c61dcf3,99 107 132 150 170 182
q18575ffdf7914,{}
q5127b5c7e26fd,{}
q3992bc876595e,21921 212592 214665 304196 332269
q6685e752a0013,12500
q9492caaf64189,{}
qa9e53d468539f,16180
q51b088bb17bd7,2 3 27 39 49 53 89 95 96 98 114 118 121 130 134 153 160 168 180 204 205 229 239 241 245 258 263 269 271 279 292 310 329 360 364 382 385 386 427 456 463 475 494 504 505 510 514 522 557 584 594 596 611 626 669 697 746 783 813 823 843 848 862 882 927 952 959 986 992 995 1012 1022 1050 1063 1092 1096 1102 1109 1124 1153 1184 1186 1195 1196
qb2e198a983bf0,1 2 5 7 11 14 21 26 32 33 37 49 53 54 56 58 60 66 69 71 72 73 87 89 90 93 103 104 105 110 111 116 130 132 136 140 142 147 148 155 157 159 169 172 183 188 189 190 204 205 216 221 230 234 238 248 250 265 266 268 269 272 273 274 275 276 282 285 296 305 306 311 313 315 317 323 331 332 337 346 347 348 356 359 361 367 373 375 377 378 379 393 400 418 419 421 425 432 437 439 442 449 455 456 459 460 465 468 471 472
q9ea5203a59946,{}
q0195353f3dc0e,160 326 338 642 785 1179
q563ffb79292a7,{}
q77c6835d8534b,6930
qa90c3e7564da5,2 18 25 39 55 60 68 87 91 99 103 108 116 119 122 144 150 162 171 176 178 190 192 220 228 233 243 246 253 264 268 273 282 285 296 302 311 313 340 367 377 384 389 391 396 404 408 418 422 428 430 435 442 444 446 450 454 455 462 469 480 482 514 523 530 538 556 571 579 581 587 602 603 614 619 621 622 631 665 666 668 673 674 679 686 689 693 699 701 703 705 718 723 726 752 768 770 787 790 797 800 830 833 835 850 860 872 877 895 898 919 927 938 952 960 964 965 967 969 970 977 997 1007 1011 1012 1033 1038 1051 1093 1099 1101 1103 1116 1118 1131 1133 1143 1146 1148 1154 1155 1158 1159 1167 1171 1181 1192 1206 1209 1237 1248 1252 1282 1288 1294 1302 1313
q987d4b6c7b917,110 782 1210
q3638e5e07680e,3738 5643 5829 6145 6930 8410 11138 22319 23012 23137 28779
q9ee607ed9f14f,110 147 191
q56aed780ab13c,186301 203189 215262 321488 362791
q1a22e78af7701,338 785 1179
qff05b7d46c2af,16180
qd790b9bc880a8,{}
qbd3d50fa002e4,{}
q3ae12a67003a2,{}
qfa828a1a8a01b,6930 22319
q864a0e4885066,{}
qe45f3af9e8dc0,{}
q9ba4779a777e1,6930 22319
q96bb3f82607a1,6930 22319
qff8073097f022,6 7 8 10 21 24 31 33 36 45 56 62
qb341b39fd8a4c,{}
q93aa52371e7ee,{}
q78b527605ac7a,7 22 32 43 81 97
q45ab7a772a075,2 3 27 39 44 45 49 53 74 89 95 96 97 98 107 108 109 114 118 121 122 130 134 138 140 153 154 158 160 168 180 192 204 205 209 220 229 232 239 241 245 257 258 263 266 269 271 273 279 292 310 321 329 360 364 382 385 386 388 421 425 427 434 436 438 451 456 463 475 493 494 499 504 505 510 514 522 524 525 557 563 577 584 594 596 611 613 625 626 645 651 653 660 669 680 684 697 709 729 746 782 783 786 793 813 814 823 836 841 843 848 862 865 866 882 927 932 934 945 950 952 959 986 992 995 1012 1022 1048 1050 1060 1063 1065 1068 1077 1089 1092 1096 1102 1109 1124 1153 1166 1181 1184 1186 1195 1196 1201 1210
q20aec05442e77,{}
q03265524f6ce4,707 1702 2434 2761 3260 3406 3906 4044 4102 4196 4204 4693 4727
q9de996f5deaf2,{}
q2d497a2cbd262,1136 1697 2161 2658 3232 4105 5004 5329 5426
q408229fcec1bc,{}
qfa30e38b53e71,644 4786 6138 7233 8482 9402 12500 13711 14649
q0abda95e3165b,12 14 18 31 47 54 59 60 69 77 79 81 94 95 96 107 112 114 137 145 157 164 182 190 198 200 209 220 224 243 247 248 249 252 262 278 281 286 297 302 322 338 358 370 376 382 386 388 395 399 416 422 445 449 475 481 487 488 492 496 497 511 529 534 539 558 583 599 606 607 614 616 617 622 628 634
q509ef2e70d5c4,21921 212592 214665 304196 332269
q87b65a0a146e3,13711
qe06f964e6372a,8 48 213
qcd5198dcd36b2,{}
q3139cb59d8add,707 1702 3260 3406 3906 4196
q4679cffd95909,16180
qe29a3d2dba6a7,707 1702 2434 2761 3260 3406 3906 4044 4102 4196 4204 4693 4727
qd0056d19b5e3c,110 147 191
q2afbcbc586df6,{}
q23ee111224335,{}
q65605ce3ac376,12500
q0aae320bdb821,{}
q2b605e18eb04c,12 38 46 90 106 182 236 268 273 300 330 361 396 397 579 583 641 672 743
qf16ef6b354838,{}
q8b9535a39c2fa,64 168
qfd5f2bb8b72d8,{}
q32a653c6fa25e,5 13 30 33 39 41 45 46 47 50 57 61 62 69 72 74 77 78 83 85 93 99 102 103 109 122 130 139 159 160 161 163 166 167 178 181 182 184 193 195 196 208 210 215 220 222 225 227 232 243 252 262 266 275 277 278 280 285 290 294 297 298 305 314 315 319 326 327 332 334 336 343 345 346 349 354 356 357 367 377 378 384 385 387 391 400 401 407 417 425 428 429 431 434 436
q2643c66235290,16180
q143e30bc58615,{}
q427bc95a5386f,1 6 11 30 45 46 51 57 68 74 75 83 84 85 90 91 95 102 109 111 114 120 123 128 132 133 145 147 151 167 169 175 184 212 219 242 258 280 282 288 305 306 309 324 328 346 350 367 375 382 405 413 419 427 436 439 440 457 464 466 489 516 524 537 538 541 542 546 574 599 607 615 621 623 625 643 657 662 671 676 687 691 696 701 703 726 772 773 819 825 826 827 828 831 834 838 842 846 850 855 871 879 893 896 900 901 907 921 930 934 935 937 944 945 950 951 965 973 983 993 1003 1004 1032 1045 1048 1049 1052 1057 1097 1112 1157
q83bb18b0d6818,16180
q960b65f4afd5a,7590 7653 8104 10477 11460 11728 12246 12811 16180
qac19effe3ce48,363 421
q1c000a814c14a,6 19 62 88 92 130 207 228 252 259 279 289 325 333 345 359 380 401 405 407 428 449 461 474 477 505 533 559 599 600 628 640 649 656 661 663 680 691 697 701 730 790 793 815 822 832 852 870 884 885 901 905 912 960 970 971 979 988 994 1009 1060 1062 1066 1117 1123
q52548416f7197,92 694 947
qd55b4fbc04acd,{}
q4f377331d7de5,160 326 642
q2ccaec7652e11,160 326 642
q747d06934ad82,{}
q53872d0ef2a5c,{}
q6d2bf8b6d5dab,{}
q01002b17c6a14,186301 203189 215262 321488 362791
qc356c8df78bab,11460
qe0f0e3429e9d2,12 265
q1ffe047f39247,{}
qc0ba69e4c4693,{}
qe6c970c29a453,7 11 29 31 52 62 70 72 93 96 97 127 131 138
qc20cbf2acbf84,{}
q866e81f53cdc4,6930 22319
qfbcd8fce182bf,16180
q91cbf43bcddb5,26 27 59 66 68 85 129 183 188 231 236 240 268 338 368 397 408 447 452 497 503 579 583 611 641 658 667 672 733
q5aefcced80ff3,338 785 1179
q0c38c9bdc4b45,6930
q7e261f0acb509,{}
qe182daf8d1465,160 326 642
q370ed95e5eb04,{}
qb00b83988bb4f,6 12 14 17 19 27 32 38 42 43 45 47 48 51 53 73 80 84 88 89
q9382d6c5c5003,6 15 27 28 30 31 36 52 62 73 77 83 86 87 93 101 120 138 142 188 208 223 254 257 265 270 280 295 302 308 313 317 319 333 358 379 382 407 432 440 441 469 471 489 492 495 499 509 513 520 525 533 535 542 553 555 557 567 578 579 583 584 587 590 592 595 606 626 632 637 643 655 684 689 690 697 703 719 725 727 728 738 752 757 766 774 779 791 792 795 815 819 825 849 868 870 875 885 909 911 912 914 922 929 931 947 948 953 956
q3e4468d8b4c6d,{}
q57e214e228cc1,21921 186301 203189 212592 214665 215262 321488 362791
q6f115d76d6e4b,21921 89569 153431 186301 203189 212592 214665 215262 242647 304196 321488 332269 352507 362791
q2897005e24c2e,{}
q98886e26a6b22,{}
qe52544b6ed074,7590 7653 8104 10477 11460 11728 12246 12811 16180
q34a38ef1ac7a2,707 1702 2434 2761 3260 3406 3906 4044 4102 4196 4204 4693 4727
q93263f4ba6c99,{}
q718353a82fb58,18 39 68 91 99 103 116 122 144 162 176 190 243 246 268 273 282 285 296 302 311 313 367 389 408 418 422 430 435 444 450 455 469 480 482 523 530 538 556 571 579 581 602 619 668 673 674 693 699 701 705 718 726 752 768 770 790 797 800 835 850 860 872 898 938 952 964 970 977 997 1051 1093 1103 1118 1131 1133 1143 1146 1154 1155 1159 1167 1171 1192 1209 1252 1282 1294 1302
q4cf5e9b591958,81 140 153
q9544a7edceb9a,186301 203189 215262 321488 362791
q60c4c92a89034,7 16 36 56 59 64 74 115 129 195 204 217 260 267 289 298
q734847019d95d,{}
q847c9cadf1154,{}
qb949470c4fe82,{}
qa46917e98a583,12500
q8821f6ee52e51,{}
q97956a9a8a788,79 118 138 302 332 415 501 563 605 790 1114 1174
q48d1715b53b03,{}
qec0ec91fee1a0,22319
q227d461c33e97,12500
qb74e353c6dc39,{}
qefbf54e2c206b,21921 212592 214665 304196 332269
qafd90afba4693,{}
qa9e9eb867243b,186301 203189 215262 321488 362791
q49f06cee443c3,1 6 8 9 15 19 24 30 33 36 38 43 52 54 57 58 69 75 97 105 118 123 158 160 166 183 186 187 201 207 210 228 234 239 249 278 281 291 300 303 315 334 335 339 360 361 370 382 403 404 409 412 423 428 438 445 475 483 487 492 493 502 506 509 515 523 542 561 563 589 591 592 594 596 597 605 612 616 618 630 635 650 666 667 668 680 685 709 725 744 746 756 761 765 783 805 820 835 836 861 862 878 888 902 905 909 911 923 926 935 937 949 952 955 956 973 982 984 999 1016 1017 1018 1020 1021 1031 1035 1043 1046 1049 1065 1074
q942b54a0fe5b0,21921 89569 153431 186301 203189 212592 214665 215262 242647 304196 321488 332269 352507 362791
qb487a7a98a265,6930 22319
q9bccfbf7749ac,78 388 549 701 705
q1b00abf1e823c,707 3406 3906
qcd6a8bee8df11,8 12 18 21 23 26 27 28 32 37 38 46 48 51 54 59 66 68 72 76 77 79 84 85 90 95 100 106 112 125 128 129 137 139 142 145 152 155 157 164 168 179 181 182 183 188 193 194 202 215 217 220 224 231 232 236 237 239 240 243 256 261 267 268 273 274 278 282 283 284 297 300 310 311 312 317 328 330 332 338 342 352 357 360 361 368 389 396 397 408 410 413 423 427 430 436 443 447 452 459 469 473 497 503 511 512 513 521 523 528 534 537 542 544 545 573 579 583 588 596 598 599 602 604 605 611 617 624 626 641 642 648 653 654 658 667 672 676 683 688 694 699 704 705 725 729 733 737 742 743
qc47c038f4e132,{}
q279614091a551,5 13 23 25 30 31 32 33 35 43 47 50 52 56 60 61 66 68 72 76 79 84 87 95 97 107 115 116 119 126 130 131 139 161 163 167 173 178 182 203 207 214 215 230 240 246 249 251 263 273 283 287 303 304 307 308 309 318 351 358 369 377 381 384 399 403 412 422 423 424 431 433 442 446 447 453 456 460 467 468 470 478 487 489 491 492 495 496 500 507 510 514 517 518 521 524 532 533 536 545 551 558 560 564 565 567 577 579 582 584 591 605 608
qb299d1bb837ae,{}
qe6ebfc311ad1f,110 147 191
q358e2e180b21c,{}
q0e6b8e97b8bba,21921 89569 153431 186301 203189 212592 214665 215262 242647 304196 321488 332269 352507 362791
qe5015229e2d28,30 129 268 280 285 324 474
q177a5f716473b,1702 3260 4196
q67ea9e92fbe9f,1 6 8 9 15 19 24 30 33 36 38 43 52 54 57 58 69 75 97 105 118 123 158 160 166 183 186 187 201 207 210 228 234 239 249 278 281 291 300 303 315 334 335 339 360 361 370 382 403 404 409 412 423 428 438 445 475 483 487 492 493 502 506 509 515 523 542 561 563 589 591 592 594 596 597 605 612 616 618 630 635 650 666 667 668 680 685 709 725 744 746 756 761 765 783 805 820 835 836 861 862 878 888 902 905 909 911 923 926 935 937 949 952 955 956 973 982 984 999 1016 1017 1018 1020 1021 1031 1035 1043 1046 1049 1065 1074
q26bb805efa2f0,12500
q0eff56354ff2f,707 1702 3260 3406 3906 4196
qc76b693561d1f,7590 7653 8104 10477 11460 11728 12246 12811 16180
qfafffd716b00f,6 20 51 69 92 95 108 135
q05bf2823d8c96,{}
q48bd940641678,{}
q3909d7e35b810,30 54 66 76 80 89 91 97 101 114 127 139 148 161 182 186 208 209 213 221 254 270 278 289 298 320 323 330 331 341 347 352 361 370 390 392 404 415 418 454 473 499 515 542 547 585 603 631 644 698 708 740 771 786 810 824 854 878 879 884 896 903 913 920 925 951 967 1024 1037 1041 1052 1086 1102 1114 1133 1139 1150 1200 1233 1255 1258 1270 1286 1339 1361 1369 1407 1419 1423 1477 1478 1482 1492 1496 1503 1511 1524 1536 1552 1567
qeb2560feab0ba,22319
qb3f3b823357fe,{}
qbe2dfc7f671ac,{}
q8161534663e5a,{}
qe73e319360ebe,{}
q1b898452047a8,110 147 191
q9b3ff5137614c,{}
q517acb3a0f416,44 46 106
qe9913aa7a468f,{}
q01f0a2dcbee37,644 4786 6138 7233 8482 9402 12500 13711 14649
q6e431bd96e79b,22319
q439b1289177a7,8 48 213
q14a00dd133b86,22 81 97
q907e5cfe180e5,13711
qcea9ac7dd7ae3,141 172
q1f69e370a17eb,707 3406 3906
qe21a7aa33817e,20 36 240
q8a03667ac4094,338 785 1179
qdf0539698113c,6 8 9 15 36 54 57 58 69 75 97 105 118 123 158 160 183 201 207 210 234 239 249 278 291 300 334 339 382 403 404 409 412 428 438 445 475 487 493 506 515 542 561 592 597 612 616 618 666 680 709 744 746 761 765 783 820 861 862 888 905 911 949 952 956 973 982 984 999 1016 1031 1035 1043 1065
q5217ee59a5587,13711
q155e6a121c661,7 22 32 43 81 97
q738aaf39d4a10,160 326 642
q38dc8ac926336,12500
q1b823790d5654,{}
q9b418ef6c3a0e,{}
qf9a85aee29c66,{}
q44bf18b642205,{}
qce01337d2e9dc,{}
q485dbc5884691,{}
q8391c3fc83814,{}
qff172195c46cf,35 46 60 62 66 75 91 109 112 113 122 134 145 151 154 156 158 159 178 197 201 202 223 229 238 241 252 289 295 307 329 332 335 337 343 345 361 365 370 385 389 395 400 401 405 407 413 419 423 432 436 442 455 471 479 484 486 487 493 496 497 498 518 523 546 554 565 577 579 593 606 611 621 627 647 658 659 683 687 704 715 717 721 729 737 748 752 754 779 782 784 790 799 810 816 823 831 841 844 846 879 881 893 896 903 913 916 922 925 926 937 944 946 952 966 968 972 976 988
q599e230075f70,25 27 35 42 46 47 50 63 65 69 89 94 114 119
q472770994b695,644 4786 6138 7233 8482 9402 12500 13711 14649
qdcf10941ef373,197 208 223
q7792ef771fc3f,{}
q48096856c8994,{}
qcbf42ba0f3bcd,16180
q92d85a4f0bbdb,{}
qd104e1e867e30,3738 5643 5829 6145 6930 8410 11138 22319 23012 23137 28779
q1ff3889f0784d,3738 5643 5829 6145 6930 8410 11138 22319 23012 23137 28779
q2ba931a6fe50c,21921 89569 153431 186301 203189 212592 214665 215262 242647 304196 321488 332269 352507 362791
qe1617c22d7726,{}
qa820b7412e6b0,8 48 81 140 153 213
q7c81869f48910,{}
qd58d83601e842,{}
q0cfcf21645459,{}
q6b377743682ff,22319
qaf2b083258d19,{}
qab140c83fe8cd,110 782 1210
q3e5f3fcb06e6f,{}
qdf013b19e6bc1,{}
q23a4874944043,197 208 223
q1d79f792ea292,{}
qe80c41535b512,7590 7653 8104 10477 11460 11728 12246 12811 16180
q184ca547dce7d,64 168
q9012679a62f16,{}
q53ee91e1ccd75,12 17 21 30 35 38 44 48 53 59 64 74 78 83 84 98 100 108 110 111
qe056a498c2b02,{}
q704d488c8f891,42 110 147 191
qbf37bac11c03d,{}
q8ee334338c927,99 150 182
qa7b00c1bc86c1,12500
qec552f9183938,3738 5643 5829 6145 6930 8410 11138 22319 23012 23137 28779
qa4998c73b8865,{}
qf3cc2b58f3527,707 1702 2434 2761 3260 3406 3906 4044 4102 4196 4204 4693 4727
q2e576636bcfda,{}
q301e03d301b1f,160 326 642
q52aae7d9227f4,707 1702 3260 3406 3906 4196
qbd973f4462f95,3738 5643 5829 6145 6930 8410 11138 22319 23012 23137 28779
q23a780950f70f,{}
q1f4d6f26a64e6,{}
q0f76b87451ff4,186301 203189 215262 321488 362791
q96fb1d9e6adb3,644 4786 6138 7233 8482 9402 12500 13711 14649
qf55ecfa05e69b,{}
q4a613928a89f9,{}
qba5473e7076ea,3 20 36 196 208 240
qba76af6b381b5,{}
q3854d33a0fa20,{}
q3f5e06aaf4c0c,110 147 191
q8db79079bed4e,707 3406 3906
qbd446c34c85f1,6930 22319
q4f228014ae8b5,{}
q64a953298e59b,{}
qc098415c1cf5b,33 305
q6f690c8d82979,6 8 9 15 36 54 57 58 69 75 97 105 118 123 158 160 183 201 207 210 234 239 249 278 291 300 334 339 382 403 404 409 412 428 438 445 475 487 493 506 515 542 561 592 597 612 616 618 666 680 709 744 746 761 765 783 820 861 862 888 905 911 949 952 956 973 982 984 999 1016 1031 1035 1043 1065
qc5a76213b7152,160 326 642
qd326a3ca2d76a,{}
qfdc29a89c2989,16180
q6c5fb531fdab4,21921 212592 214665 304196 332269
qb42f52adcbef3,1 19 24 30 33 38 43 52 166 186 187 228 281 303 315 335 360 361 370 423 483 492 502 509 523 563 589 591 594 596 605 630 635 650 667 668 685 725 756 805 835 836 878 902 909 923 926 935 937 955 1017 1018 1020 1021 1046 1049 1074
q9e972985e213d,{}
q7230b8adc14ff,13711
qac321024326f4,644 4786 6138 7233 8482 9402 12500 13711 14649
q3f9966de1c46d,2 3 27 39 49 53 89 95 96 98 114 118 121 130 134 153 160 168 180 204 205 229 239 241 245 258 263 269 271 279 292 310 329 360 364 382 385 386 427 456 463 475 494 504 505 510 514 522 557 584 594 596 611 626 669 697 746 783 813 823 843 848 862 882 927 952 959 986 992 995 1012 1022 1050 1063 1092 1096 1102 1109 1124 1153 1184 1186 1195 1196
qfae21364296ec,7 22 32 43 81 97
qaccf35d4de3d6,1 2 38 41 48 64 66 69 86 91 120 143
q2b2f65e73eb19,{}
qf6c4e40018695,35 66 68 107 131 139 203 251 303 309 460 467 468 491 517 524 564 582
q18af7c1a3dfaa,11460
q6d3dbcb279791,160 326 642
qf522c0c95b863,{}
q39efa9affe92e,12500
q9a9fdc0924e1f,{}
q1fced92cbc871,{}
q48903505741ec,{}
qd108a527e3d76,8 48 81 140 153 213
q7088b5aeff8fe,11 20 52 66 73 81 88 104 112 126 135 140
qc3b7cbb34be4d,186301 203189 215262 321488 362791
qf96363ddebe19,{}
q6024c0c7b16d7,{}
q1fd27e728caa4,1702 3260 4196
qd756d34482fa2,{}
q1153423586a9a,16180
q275e82f2a6b8d,{}
q80ec450553eb6,707 1702 3260 3406 3906 4196
q5279f26a01648,{}
q05b5ff4358751,{}
qe959dab5642a3,6930 22319
qf8600523dc03c,{}
q5c9b0e775976c,7590 7653 8104 10477 11460 11728 12246 12811 16180
qf1dfd90cbd5bb,{}
q9a91421140589,21921 89569 153431 186301 203189 212592 214665 215262 242647 304196 321488 332269 352507 362791
q4056ad26738b1,{}
q6b3cdc732f3fe,20 36 240
q4be0b60d77b86,{}
q50a84a2841975,11460
q1465a64184c84,21921 212592 214665 304196 332269
q35cc1383b738d,{}
qfba8ee4c4d9f5,30 141 172
qdbd40bc2bec2f,{}
q67c216a34326e,{}
qdd056ebdca76e,6930
qba96ec8e035ab,{}
qa0065ea987312,3 47 64 65 110 112 114 121 129 165 168 180 195 214 215 222 235
qbc4da0a7597f5,{}
q32f66ab148108,{}
q8d344b8bba942,{}
q5a97c7504f407,6 7 8 10 21 24 31 33 36 45 56 62
q6906069d4ba48,186301 203189 215262 321488 362791
q49df680fed83b,{}
qb2009ca076e22,79 118 501 1174
q49a9fca3d1a5b,{}
qf3228e43c2338,3738 5643 5829 6145 6930 8410 11138 22319 23012 23137 28779
qfa5cf25bb03e6,{}
q44cecf8172e38,21921 212592 214665 304196 332269
q4f167e337cfd4,6 19 62 88 92 130 207 228 252 259 279 289 325 333 345 359 380 401 405 407 428 449 461 474 477 505 533 559 599 600 628 640 649 656 661 663 680 691 697 701 730 738 785 790 793 815 822 832 852 870 884 885 901 905 912 960 970 971 979 988 994 1009 1060 1062 1066 1117 1123
q3ce0ec7dd435c,{}
q0006b2201a57f,{}
q49df4f666c5dc,160 326 338 509 518 608 642 703 785 1015 1150 1179 1268 1436 1504
q309af48917f97,6930
q6ece942602cbf,{}
q07b7b45e8a33e,7590 7653 8104 10477 11460 11728 12246 12811 16180
q1ed799c4d102a,{}
q1799c9143a2b0,{}
q8a59b30237a94,65 229 275 701
qaa334795da558,{}
qa0cfbc19f0663,92 694 947
qae29eea84d684,6930 22319
q50ebe0728bfae,274 337 400
q41988f29a1da8,{}
qc41f62591a3c1,32 96 197 208 220 223
qb8cc028b76f19,{}
q47c12080b16e3,{}
qf3e056ee93c9c,22 81 97
q2ff88243ba977,{}
q5445080b9b8d3,{}
qdb26b23ed2f7e,{}
q7c6aaa14cff43,21921 89569 153431 186301 203189 212592 214665 215262 242647 304196 321488 332269 352507 362791
qabfcb1d990aa9,{}
q811be8a56239c,8 48 213
qba70db44d45a7,20 35 59 71 83 96 113 129
q9fd1d132f99f6,19 35 46 66 83 91 94 95 130 141 214 230 244 257 299 306 307 348 358 399 414 421 423 427 429 449 455 456 501 534 538 555 582 592 599 612 620 638 664 677 685 686 702 709 714 719 739 755 756 762 784 805 814 844 868
qe4beff09831c5,123 188 273 341 397 470
q4d7f606420a6e,111 311
q3d32b25dadc96,21921 212592 214665 304196 332269
q04ec5f753db70,186301 203189 215262 321488 362791
q1e0913a9a906b,79 118 138 302 332 415 501 563 605 790 1114 1174
q16e48957d5d24,8 48 213
q6e48e2a41984f,1 12 13 14 16 21 22 30 35 40 47 57 62 63 69 71 78 86 91 92 97 99 105 107 108 110 118 129 133 135 140 143 146 153 157 158 164 176 177 185 186 194 204 205 213 216 218 230 235 236 240 242 256 264 265 266 268 270 273 278 280 284 285 287 288 290 301 303 304 306 315 320 324 327 330 333 339 344 346 347 353 355 356 359 369 380 381 387 389 393 397 402 403 405 406 410 416 419 420 443 450 461 468 469 470 471 472 474
qcfa5d70913b68,12 13 16 17 18 19 23 39 47 48 50 51 58 61 77 80 84 92 112 116 117 128 129 139 140 150 153 171 172 175 179 183 204 207 225 229 240 242 253 254 256 273 276 278 280 283 286 287 288 304 311 313 321 323 327 336 339 350 360 374 375 383 386 391 393 398 409 410 420 422 423 426 428 431 433 443 447 455 459 460 469 490 496 500 501 503 513 515 520 523 527 530 531 538 546 549 552 562 566 576 577 584 588 594 602 606 611 619 623 628 631 642 645 649 650 655 657 659 669 675 679 682 683 684 686 690 705 711 713 723
q39e4cfdb279e3,{}
qfd1a36ef5bc73,21921 89569 153431 186301 203189 212592 214665 215262 242647 304196 321488 332269 352507 362791
q4ecc382a7757b,22 30 38 47 54 66 76 80 89 91 97 101 103 108 111 113 114 127 139 148 161 171 182 186 193 208 209 213 221 246 254 262 270 278 285 289 298 303 305 320 323 330 331 341 347 352 357 361 370 385 389 390 392 404 415 418 454 470 473 475 499 515 538 542 546 547 585 603 628 631 644 665 698 704 708 711 722 729 740 771 786 810 815 819 824 826 842 846 854 855 860 872 878 879 884 896 903 910 913 920 925 933 951 964 967 995 1024 1025 1037 1038 1041 1052 1056 1061 1066 1068 1082 1086 1094 1101 1102 1104 1114 1130 1133 1139 1150 1189 1200 1215 1218 1232 1233 1250 1254 1255 1258 1270 1286 1311 1312 1339 1347 1361 1369 1373 1378 1406 1407 1419 1423 1429 1449 1457 1458 1477 1478 1482 1492 1496 1501 1503 1511 1524 1536 1552 1564 1567
q1cdb910b43f1a,{}
q7bdc10891db4a,110 782 1210
q42744dee7ab6b,79 118 501 1174
q99acc7e2eb6a4,3 4 9 12 20 22 36 50 66 80 100 102 107 118 130 146 153 158 159 191 195 207 211 222 224 230 237 240 244 263 271 287 290 291 295 296 299 303 315 322 333 334 341 358 359 368 373 382 385 396 416 423 427 457 459 469 483 491 511 542 545 548 554 557 561 576 589 598 616 646 651 659 665 680 691 698 710 745 746 749 750 752 753 754 772 773 774 776 777 778 781 790 799 800 822 823 828 838 847 862 865 878 890 921 925 932 939 953 955 965 984 993 995 1007 1009 1016 1047 1064 1095 1098 1115 1126 1127 1161 1168 1196 1201 1213 1216 1217 1218 1225 1230 1234 1238 1239 1241 1248 1250 1261 1276 1281 1286
q055aed07caa74,{}
qe5107b41db22a,21921 89569 153431 186301 203189 212592 214665 215262 242647 304196 321488 332269 352507 362791
qa68d369584af4,707 1702 3260 3406 3906 4196
q8f48b816276b2,{}
q729f2281ce3cb,16180
q14dac35572db5,{}
q9805446f82a72,{}
q89bd86f18c30b,{}
q3dc8b90eb2b8d,8 140
qa55d5834d0429,20 36 240
q202d6fc870842,{}
q0b330472558f2,{}
q4a58e26bce8a7,4 6 32 41 52 66 104 107 121 139
qb567b5e85c436,32 96 197 208 220 223
q3bffaf30b5f5c,{}
q2d59f3df4ab4f,13 14 16 24 43 50 51 58 60 65 66 67 72 83 89 100 102 103 108 144 146 149 151 160 167 178 208 217 226 262 266 289 304 310 312 321 322 328 345 356 362 387 389 394 397 400 403 406 412 416 426 428 432 443 447 467 476 484 490 494 504 511 522 538 546 551 558 580 587 601 605 621 632 644 645 648 655 657 661 667 719 725 726 747 761 767 772 773 795 797 799 800 815 829 831 844 865 866 867 882 891 903 907 909 910 913 922 951 954 957 967 971 980 985 991 996 998 1012 1018 1040 1053 1060 1061 1072 1073 1080 1094 1100 1105 1107 1117 1124 1125 1134 1138 1139 1147 1148 1152 1153 1170 1171 1190 1195 1227 1228 1234 1240 1244 1250 1291 1304 1306 1330 1331 1335 1337 1338 1353 1354 1355 1387 1389 1392 1394 1403 1404 1408 1412
q5f3f4cdc29383,7590 7653 8104 10477 11460 11728 12246 12811 16180
q33bc196e6d74e,{}
q61e61e0159335,8 12 18 21 23 26 27 28 32 37 38 46 48 51 54 59 66 68 72 76 77 79 84 85 90 95 100 106 112 125 128 129 137 139 142 145 152 155 157 164 168 179 181 182 183 188 193 194 202 215 217 220 224 231 232 236 237 239 240 243 256 261 267 268 273 274 278 282 283 284 297 300 310 311 312 317 328 330 332 338 342 352 357 360 361 368 389 396 397 408 410 413 423 427 430 436 443 447 452 459 469 473 497 503 511 512 513 521 523 528 534 537 542 544 545 573 579 583 588 596 598 599 602 604 605 611 617 624 626 641 642 648 653 654 658 667 672 676 683 688 694 699 704 705 725 729 733 737 742 743
q2ea94cca9b7c1,{}
q278c6c713f876,{}
qd0c604643f445,1 12 14 27 29 72 73 83 100 107 115 116 121 123 132 135 139 161 171 195 198 204 252 254 262 271 279 285 304 305 311
q02800001048eb,{}
q0a029d165053d,{}
q58bf2714c5bec,{}
qb8006bc684f1c,{}
q90cb8d1aa61e4,{}
q67718ab23289a,{}
qdc2681249517f,{}
q4a762a0f96491,{}
q133db226edd4d,21921 212592 214665 304196 332269
q5042b1eb87793,{}
q5f268cb801b2e,{}
qd2f965e26b69e,99 150 182
qd6e8a8a47d4d1,{}
q8dbb466fd85fe,22 81 97
q503606dbf30b1,338 785 1179
q40971cdcc9e99,6930 22319
qb4a0f1fb3ab9f,{}
q2ac2af48152d7,21921 89569 153431 186301 203189 212592 214665 215262 242647 304196 321488 332269 352507 362791
q7e9cad1215462,3738 5643 5829 6145 6930 8410 11138 22319 23012 23137 28779
qe48dd9a53b309,707 1702 2434 2761 3260 3406 3906 4044 4102 4196 4204 4693 4727
q75701848e842d,197 208 223
q9c26159a784be,{}
q3a6ad279f7138,707 1702 2434 2761 3260 3406 3906 4044 4102 4196 4204 4693 4727
qe6d1a8189e552,{}
qebdbe483d24f6,{}
qddde1bd743afc,{}
q3b3fc1f660e05,{}
qfa87c6fc47e7d,13 15 16 19 24 30 31 36 40 43 45 50 57 61 65 66 73 75 78 84 87 105 109 116 118 119 122 124 126 131 132 135 145 147 157 158 160 161 165 180 187 188 192 193 198 215 220 238 239 244 250 254 256 257 261 263 267 269 274 277 280 288 289 296 300 303 306 310 311 315 316 333 335 339 342 345 346 355 358 365 366 374 377 378 388 390 395 399 404 409 410 413 415 417 419 436 439 440 444 445 447 458 461 472 473
q1ba8a9eb9d121,1 17 30 31 32 80 113 120 124 134 135 140 151 161 162 172 175 204 221 223 246 256 271 279 281 291 312 320 325 326 331 334 348 354 367 376 379 381 386 394 398 400 403 422 435 438 450 453 454 471 476 479 493 503 507 511 522 525 527 536 539 547 557 565 584 590 601 623 625 635 639 646 658 674 676 677 680 686 688 690 692 695 702 709 715 728 729
q7fc52e4ac7008,{}
q8a45b9162c686,{}
qda1348eb945e7,6 19 62 88 92 130 207 228 252 259 279 289 325 333 345 359 380 401 405 407 428 449 461 474 477 505 533 559 599 600 628 640 649 656 661 663 680 691 697 701 730 790 793 815 822 832 852 870 884 885 901 905 912 960 970 971 979 988 994 1009 1060 1062 1066 1117 1123
qb381676e43100,9 12 24 31 35 39 53 62 102 119 138 139 146 156 160 184 208 213 220 233 293 312 327 335 350 352 394 429 458 463 464 491 494 527
q79931e7e0ff26,{}
q62ca2ec0ffba1,21921 89569 153431 186301 203189 212592 214665 215262 242647 304196 321488 332269 352507 362791
q25dfb217fdca2,6 15 27 28 30 31 36 52 62 73 77 83 86 87 93 101 120 138 142 188 208 223 254 257 265 270 280 295 302 308 313 317 319 333 358 379 382 407 432 440 441 469 471 489 492 495 499 509 513 520 525 533 535 542 553 555 557 567 578 579 583 584 587 590 592 595 606 626 632 637 643 655 684 689 690 697 703 719 725 727 728 738 752 757 766 774 779 791 792 795 815 819 825 849 868 870 875 885 909 911 912 914 922 929 931 947 948 953 956
q2672925339c9c,707 1702 2434 2761 3260 3406 3906 4044 4102 4196 4204 4693 4727
q55ec0dbade9ec,{}
q5c24f90ca0d0d,{}
q502927067fc30,{}
q0317b21edc80c,207 417
q2ee51439e3220,{}
q5f93cc1a2ebf8,79 118 138 302 332 415 501 563 605 790 1114 1174
qdb5dae4bca926,{}
q7e8089566d50e,{}
q9a49ff111257b,{}
qab5f0ffe5e688,5 13 23 25 30 31 32 33 35 43 47 50 52 56 60 61 66 68 72 76 79 84 87 95 97 107 115 116 119 126 130 131 139 161 163 167 173 178 182 203 207 214 215 230 240 246 249 251 263 273 283 287 303 304 307 308 309 318 351 358 369 377 381 384 399 403 412 422 423 424 431 433 442 446 447 453 456 460 467 468 470 478 487 489 491 492 495 496 500 507 510 514 517 518 521 524 532 533 536 545 551 558 560 564 565 567 577 579 582 584 591 605 608
qf4d78763161eb,{}
qe22df187ee915,6930 22319
q82821c4854b11,1 8 32 41 48 52 53 57 65 73 104 131 137 146 167 204 218 225 251 254 265 274 306 314 320 322 339 400 442 447 492 511 516 561 568 574 609 618 619 620 634 641 646 650 700 703 722 733 751 753 798 837 856 887 888 889 935 956 1011 1016 1029 1051 1057 1060 1064 1069 1083 1150 1156 1177 1194 1200 1206 1208 1214 1219 1224 1225
q673f38ceb26b4,8 48 213
q59a19d07aefc1,13711
qc994ef969bc0b,15 28 30 36 62 83 86 120 138 188 208 254 257 265 280 317 319 333 358 379 382 432 441 469 489 492 495 509 513 533 553 555 557 567 578 583 584 590 592 595 626 632 643 689 690 703 719 725 728 738 752 757 779 795 815 825 849 870 909 914 922 929
qe584c75398782,{}
q55f477e14861a,{}
qb69012d31822c,{}
q79a21ba307548,{}
q9a07ecab75089,{}
q227fb53c1ec0a,{}
q87212e7ae48e6,141 172
q69cbecc4043c5,{}
q0233cf2f200a3,707 1702 3260 3406 3906 4196
q42743bd0c47eb,13711
q6d0c887b6c7d0,{}
q64b6795b172be,3738 5643 5829 6145 6930 8410 11138 22319 23012 23137 28779
q30d68afab0c83,{}
q1af9ca50c6b87,{}
q58bac06d7afd7,21921 212592 214665 304196 332269
qdf48f86ce3384,160 326 338 642 785 1179
q8f35ebc54e6bb,{}
qbedb73bdaa0a8,92 694 947
qd8b2bb24f45ec,{}
q721049e34083c,707 1702 3260 3406 3906 4196
q1a8eedd0a161d,11460
q84bad77de689d,707 3406 3906
q3773d3cf0bb3a,21921 212592 214665 304196 332269
q69f058555671d,197 208 223
q68b60a8f1aa94,707 1702 2434 2761 3260 3406 3906 4044 4102 4196 4204 4693 4727
qeb49b4c8c3e5f,{}
qdeac83f1261b0,10 44 62 145
qa1732b7605388,{}
q6bd6ffacba508,707 1702 2434 2761 3260 3406 3906 4044 4102 4196 4204 4693 4727
q7bf86788cf4f5,{}
qb749cb469e779,644 4786 6138 7233 8482 9402 12500 13711 14649
q9dd6ea69d1d87,2 25 55 60 87 108 119 150 171 178 192 220 228 233 253 264 340 377 384 391 396 404 428 442 446 454 462 514 587 603 614 621 622 631 665 666 679 686 689 703 723 787 830 833 877 895 919 927 960 965 967 969 1007 1011 1012 1033 1038 1099 1101 1116 1148 1158 1181 1206 1237 1248 1288 1313
q2a9b9979c01f5,21921 212592 214665 304196 332269
q07b9c3e0d1107,{}
qa2563724e3d30,{}
q77316b5dd64dc,{}
q79a88f897d33a,21921 212592 214665 304196 332269
qf3c14f9b53198,21921 212592 214665 304196 332269
q4af805ab79995,707 1702 3260 3406 3906 4196
qfe1e02d323ae6,{}
qa2ef01f7b0105,{}
qbc51c9751def9,{}
qb6fd45613e7ca,{}
q20a3638b6ceb0,707 1702 2434 2761 3260 3406 3906 4044 4102 4196 4204 4693 4727
q12f63f85f561b,{}
qd6e0a5ad7175a,{}
qc2ebf80ebaca4,{}
qe00a172dbad59,3738 5643 5829 6145 6930 8410 11138 22319 23012 23137 28779
q0be8f34b7d678,197 208 223
q27d8402ad6145,21921 212592 214665 304196 332269
q864c3c6fe47c5,{}
q233352dff6835,{}
qdb09961795e04,{}
q9d5db8206b4ee,20 36 240
q37f8e935c827c,16180
q21c83cb52111f,{}
q05df2b3202f81,{}
qa909a75044317,{}
qc218195d2edfc,{}
qc33b62a7746ed,5 31 32 50 76 79 119 178 214 230 263 287 304 318 351 369 422 442 453 467 470 478 487 496 507 514 533 536 605 608
qc3ac7678f45d7,{}
qa323b6eafa4ff,644 4786 6138 7233 8482 9402 12500 13711 14649
q7b37376ff6b13,{}
q9b6c511424e98,21921 89569 153431 186301 203189 212592 214665 215262 242647 304196 321488 332269 352507 362791
qf01202c9e41f2,123 198 305
q394f63d15b963,268 278 280 315 324 410 470
q0ae1a31990e13,707 1702 2434 2761 3260 3406 3906 4044 4102 4196 4204 4693 4727
q529f312a24ded,{}
qd674970b3e19a,{}
q1d50a61770884,36 65 229 244 253 275 413
q8f90471784a44,{}
q9eca203fac64e,707 1702 3260 3406 3906 4196
q06005db12d665,{}
q71002ba3009b3,707 1702 2434 2761 3260 3406 3906 4044 4102 4196 4204 4693 4727
q493dc749d365f,{}
qf2734efb8f404,186301 203189 215262 321488 362791
qa25070a81af00,1 12 14 27 29 72 73 83 100 107 115 116 121 123 132 135 139 161 171 195 198 204 252 254 262 271 279 285 304 305 311
q4901f12105e74,12500
q4da75fb4fd843,{}
qd6c1477977f12,79 142 274 743 868 1062 1204 1338 1419 1713 2381 2867 2947 2955 2967 3457 3623 4351
q86e8c979be349,420 455 538 565 759 1236 1330 1504
q22f9730454561,99 150
q1a453c6979886,28 29 47 93 109 110 144 166 175 180
q9e7395112324e,21921 89569 153431 186301 203189 212592 214665 215262 242647 304196 321488 332269 352507 362791
qa6d4f670ec26e,21921 212592 214665 304196 332269
q467e0a656f6a9,21921 212592 214665 304196 332269
qf69459cb74504,21921 212592 214665 304196 332269
q060e4fa9fb2cc,21921 89569 153431 186301 203189 212592 214665 215262 242647 304196 321488 332269 352507 362791
q6d983a8920e75,{}
q1fd06bf1fb461,{}
q22a74ddd241aa,3738 5643 5829 6145 6930 8410 11138 22319 23012 23137 28779
qd1f92d190b86b,13 14 16 24 43 50 51 58 60 65 66 67 72 83 89 100 102 103 108 144 146 149 151 160 167 178 208 217 226 262 266 289 304 310 312 321 322 328 345 356 362 387 389 394 397 400 403 406 412 416 426 428 432 443 447 467 476 484 490 494 504 511 522 538 546 551 558 580 587 601 605 621 632 644 645 648 655 657 661 667 719 725 726 747 761 767 772 773 795 797 799 800 815 829 831 844 865 866 867 882 891 903 907 909 910 913 922 951 954 957 967 971 980 985 991 996 998 1012 1018 1040 1053 1060 1061 1072 1073 1080 1094 1100 1105 1107 1117 1124 1125 1134 1138 1139 1147 1148 1152 1153 1170 1171 1190 1195 1227 1228 1234 1240 1244 1250 1291 1304 1306 1330 1331 1335 1337 1338 1353 1354 1355 1387 1389 1392 1394 1403 1404 1408 1412
q437d4f5f33e42,707 1702 2434 2761 3260 3406 3906 4044 4102 4196 4204 4693 4727
qc65b343a46cb0,{}
q51f4eac9753d6,{}
q81c211ad8720e,9 27 28 32 51 57 66
q150923c9dbe05,64 168
qbdfdf7700d297,338 785 1179
qd58b0f05526c1,16180
qc3ab45bbf13a2,{}
q0b6296263d06d,11460
qd19dd1dd3bb12,22319
q95ed168808634,707 1702 3260 3406 3906 4196
q81f25c321f5cd,6 7 8 10 21 24 31 33 36 45 56 62
qb133f95a75bfb,15 28 30 36 62 83 86 120 138 188 208 254 257 265 280 317 319 333 358 379 382 432 441 469 489 492 495 509 513 533 553 555 557 567 578 583 584 590 592 595 626 632 643 689 690 703 719 725 728 738 752 757 779 795 815 825 849 870 909 914 922 929
qeb09865580116,3738 5643 5829 6145 6930 8410 11138 22319 23012 23137 28779
qa9b650c6fb7ba,1 12 14 27 29 72 73 83 100 107 115 116 121 123 132 135 139 161 171 195 198 204 252 254 262 271 279 285 304 305 311
q83c78871b4db2,141 172 243
qe624f65efc26e,{}
q3524455fe8fe2,644 4786 6138 7233 8482 9402 12500 13711 14649
q6a389007943fb,{}
q66baebca73d10,110 147
q13bd9dd796066,{}
q913108bb77b14,110 147
q74703f92fd221,3738 5643 5829 6145 6930 8410 11138 22319 23012 23137 28779
qb3a0631fe9077,21921 89569 153431 186301 203189 212592 214665 215262 242647 304196 321488 332269 352507 362791
q73a112c3d0004,3 18 36 65 78 97 145 167 188 213 229 230 244 253 275 302 413 429 435 469 526 549 570 601 654 701
q27dcbb1e8cb88,{}
qb6e70a818e66f,3738 5643 5829 6145 6930 8410 11138 22319 23012 23137 28779
q2463e54a845a6,186301 203189 215262 321488 362791
q492beeb1194a6,21921 212592 214665 304196 332269
q1f55e2c254cb3,{}
qbbfd59f45414f,{}
qe5059d624a2a9,{}
q762ac8dd26513,644 4786 6138 7233 8482 9402 12500 13711 14649
qfe56800e1bd0d,99 150 182
q857e09a3dcacf,{}
qb0f67905cf42b,{}
q0baafc40cdf06,{}
q24ad78d814028,7 22 32 43 81 97
q4f355e49b4913,{}
qa698d046e79ba,{}
q2e25aea29f46f,38 44 64 78 111
q48aae7cb838a5,338 785 1179
qe547810be13df,707 1702 3260 3406 3906 4196
q069a4e8f14da4,7 22 32 43 81 97
q4089afde50696,42 110 147 167 175 191
qb057671c35816,12500
q745bed3e446af,3738 5643 5829 6145 6930 8410 11138 22319 23012 23137 28779
q5cd89363c3d9b,6930 22319
q35e6c9016bc11,{}
q508fbdd5a2d46,707 3406 3906
q003ce1f1f956a,{}
qe88b8cf05ead7,21921 89569 153431 186301 203189 212592 214665 215262 242647 304196 321488 332269 352507 362791
qd69eac64a8c8a,160 326 642
q69c7b85585795,21921 89569 153431 186301 203189 212592 214665 215262 242647 304196 321488 332269 352507 362791
q6d9a3f36fd6b8,28 1014 1672 1689 2190 3276 3419 3590 5409 5690 5794 6016 8322
q6439544ac2a29,{}
q3bfdd527c100a,644 4786 6138 7233 8482 9402 12500 13711 14649
q8d050e10ef560,338 785 1179
q46c10c65340b1,{}
q994536b2a7887,{}
qa02b6fdce9f68,707 1702 3260 3406 3906 4196
qa61aafd54b116,13711
q51e8c3dfe941f,707 1702 2434 2761 3260 3406 3906 4044 4102 4196 4204 4693 4727
q12cc18df0c2c7,{}
q5169aa21cf590,160 326 338 642 785 1179
q987964978242e,115 243
q2d978078e5497,15 28 30 36 62 83 86 120 138 188 208 254 257 265 280 317 319 333 358 379 382 432 441 469 489 492 495 509 513 533 553 555 557 567 578 583 584 590 592 595 626 632 643 689 690 703 719 725 728 738 752 757 779 795 815 825 849 870 909 914 922 929
qaad23a958370e,13 14 16 24 43 50 51 58 60 65 66 67 72 83 89 100 102 103 108 144 146 149 151 160 167 178 208 217 226 262 266 289 304 310 312 321 322 328 345 356 362 387 389 394 397 400 403 406 412 416 426 428 432 443 447 467 476 484 490 494 504 511 522 538 546 551 558 580 587 601 605 621 632 644 645 648 655 657 661 667 719 725 726 747 761 767 772 773 795 797 799 800 815 829 831 844 865 866 867 882 891 903 907 909 910 913 922 951 954 957 967 971 980 985 991 996 998 1012 1018 1040 1053 1060 1061 1072 1073 1080 1094 1100 1105 1107 1117 1124 1125 1134 1138 1139 1147 1148 1152 1153 1170 1171 1190 1195 1227 1228 1234 1240 1244 1250 1291 1304 1306 1330 1331 1335 1337 1338 1353 1354 1355 1387 1389 1392 1394 1403 1404 1408 1412
q240a563ac6a80,707 1702 2434 2761 3260 3406 3906 4044 4102 4196 4204 4693 4727
qe69e218e2e5fd,{}
qe0ee70682284a,40 110 501 707 748 782 822 1210
qe16efcb525c7b,92 110 694 782 947 1210
q8c2d8a541812e,{}
q695c134973683,{}
q9e8eed772085d,{}
q5ad5ec38c8283,{}
q2e9d84fcaf0da,{}
qbf070c2c0b8ab,707 1702 3260 3406 3906 4196
qfc996453bd5fe,{}
q01b2c9b42d8a4,21921 212592 214665 304196 332269
q303c4e163cd7f,21921 89569 153431 186301 203189 212592 214665 215262 242647 304196 321488 332269 352507 362791
qfc4cb05c2e576,7590 7653 8104 10477 11460 11728 12246 12811 16180
q9ed1c34e24224,{}
q79c5b11b638ec,4 6 11 12 20 26 32 41 52 53 66 67 70 73 80 81 83 88 103 104 107 110 112 121 126 128 130 135 139 140
q48bd90b42b065,16180
q388bda758c5e7,{}
q2443a94d25fc3,{}
q75bd129f40b83,{}
qe27937f951fac,99 107 132 150 170 182
q6e601dcfae8fc,{}
q48496a74934a8,5 9 16 27 28 32 36 38 40 51 56 57 62 66
q71e98521cd884,{}
q584e8ea4c4aae,{}
q6520765f15904,2 3 27 39 44 45 49 53 74 89 95 96 97 98 107 108 109 114 118 121 122 130 134 138 140 153 154 158 160 168 180 192 204 205 209 220 229 232 239 241 245 257 258 263 266 269 271 273 279 292 310 321 329 360 364 382 385 386 388 421 425 427 434 436 438 451 456 463 475 493 494 499 504 505 510 514 522 524 525 557 563 577 584 594 596 611 613 625 626 645 651 653 660 669 680 684 697 709 729 746 782 783 786 793 813 814 823 836 841 843 848 862 865 866 882 927 932 934 945 950 952 959 986 992 995 1012 1022 1048 1050 1060 1063 1065 1068 1077 1089 1092 1096 1102 1109 1124 1153 1166 1181 1184 1186 1195 1196 1201 1210
q291b7fb18ca4e,{}
q2ea970116f867,{}
q105223db2e435,6930
qee7cc2e5ca513,21921 212592 214665 304196 332269
q11e013fb57c47,{}
qc08fe19942174,11460
qe853b3aa1bd17,12500
qe2d132d38618c,707 1702 3260 3406 3906 4196
qeedcbb7654e11,92 694 947
qbb33fdd944b4f,160 326 338 509 518 608 642 703 785 1015 1150 1179 1268 1436 1504
qd6700fe70b0aa,{}
qca5ff85c684b4,197 208 223
q3632b2fd05d1a,{}
qa64a25a74fc3b,20 36 240
qe3c5392febfe9,44 46 106
q8923a0c84e8a9,160 326 338 509 518 608 642 703 785 1015 1150 1179 1268 1436 1504
q23f0616461fd2,{}
qffb27c17d610f,707 1702 3260 3406 3906 4196
qcdc86aa41466c,6930
q60fbd88d1abc6,6930
qbf1ff9f3f1bb4,186301 203189 215262 321488 362791
qfc24f37acead1,21921 89569 153431 186301 203189 212592 214665 215262 242647 304196 321488 332269 352507 362791
qe81db384ae71c,{}
q5c79df1077629,{}
q64d24da5f0c7b,6 7 8 10 21 24 31 33 36 45 56 62
q07d54b0241051,{}
q9dc82c80e8e43,644 4786 6138 7233 8482 9402 12500 13711 14649
q51458ff0e9d78,11460
q0e4cebe9a5a90,{}
qebcc19a269f6d,{}
q7771f4ec3eebf,21921 186301 203189 212592 214665 215262 304196 321488 362791
q0daafa96b4baf,{}
q58cc83e6170de,197 208 223
q61354f4931c86,12 13 16 17 18 19 23 39 47 48 50 51 58 61 77 80 84 92 112 116 117 128 129 139 140 150 153 171 172 175 179 183 204 207 225 229 240 242 253 254 256 273 276 278 280 283 286 287 288 304 311 313 321 323 327 336 339 350 360 374 375 383 386 391 393 398 409 410 420 422 423 426 428 431 433 443 447 455 459 460 469 490 496 500 501 503 513 515 520 523 527 530 531 538 546 549 552 562 566 576 577 584 588 594 602 606 611 619 623 628 631 642 645 649 650 655 657 659 669 675 679 682 683 684 686 690 705 711 713 723
q7c7e7e9199ee2,22319
q9648e2ecbb5bc,{}
q7efa685afa675,{}
q8fe3f501ef7bd,3738 5643 5829 6145 6930 8410 11138 22319 23012 23137 28779
q302be8f589dbc,{}
q510c91e4d213b,644 4786 6138 7233 8482 9402 12500 13711 14649
q3312961354e28,3738 5643 5829 6145 6930 8410 11138 22319 23012 23137 28779
qffa7a060c909c,12500
q8b594550bb543,{}
qe4366afaf58e2,42 110 147 167 175 191
q357076ed4c63b,110 167 175
q60f349a781c57,30 141 172
q2849c1217c9d1,{}
q63ce5bdb59eac,{}
qa63941ad39891,{}
q664d381e86276,{}
q2a99089c32f8f,44 46 106
q9b1210a59f77d,{}
q55968fead86be,7590 7653 8104 10477 11460 11728 12246 12811 16180
q6fe8701172b18,{}
q2606b662556ac,{}
qe3d311c3a5156,{}
q736ee1d5f8a5d,4 7 16 41 48 50 68 107 111 121 125 134
q79f4c48bcaaff,40 92 110 501 694 707 748 782 822 947 1210
qcf2a6fc2f7183,{}
qb3d50084e166f,{}
qa6cd510f7f4a1,6930 22319
qd941645e00afb,{}
q62c79c670587f,3 4 9 12 20 22 36 50 66 80 100 102 107 118 130 146 153 158 159 191 195 207 211 222 224 230 237 240 244 263 271 287 290 291 295 296 299 303 315 322 333 334 341 358 359 368 373 382 385 396 416 423 427 457 459 469 483 491 511 542 545 548 554 557 561 576 589 598 616 646 651 659 665 680 691 698 710 745 746 749 750 752 753 754 772 773 774 776 777 778 781 790 799 800 822 823 828 838 847 862 865 878 890 921 925 932 939 953 955 965 984 993 995 1007 1009 1016 1047 1064 1095 1098 1115 1126 1127 1161 1168 1196 1201 1213 1216 1217 1218 1225 1230 1234 1238 1239 1241 1248 1250 1261 1276 1281 1286
qe3b993b6733ef,8 12 18 21 23 26 27 28 32 37 38 46 48 51 54 59 66 68 72 76 77 79 84 85 90 95 100 106 112 125 128 129 137 139 142 145 152 155 157 164 168 179 181 182 183 188 193 194 202 215 217 220 224 231 232 236 237 239 240 243 256 261 267 268 273 274 278 282 283 284 297 300 310 311 312 317 328 330 332 338 342 352 357 360 361 368 389 396 397 408 410 413 423 427 430 436 443 447 452 459 469 473 497 503 511 512 513 521 523 528 534 537 542 544 545 573 579 583 588 596 598 599 602 604 605 611 617 624 626 641 642 648 653 654 658 667 672 676 683 688 694 699 704 705 725 729 733 737 742 743
qc7533958ff14c,{}
qf5e054b457658,{}
qc53168e538b31,{}
qf4020864e2dd7,13711
q92306071d79c5,{}
qfd692e2182d09,{}
q93b9552e690ce,{}
q4f3eb6480df7d,{}
q8e297c3ada1a0,707 1702 3260 3406 3906 4196
q50dc1afd08dee,32 96 197 208 220 223
qc7c7239a822bc,160 326 338 509 518 608 642 703 785 1015 1150 1179 1268 1436 1504
q08e75e70710c1,22319
q6f6c255c96103,{}
q4dbde4703fb8d,3 20 36 196 208 240
qab78906604eed,{}
qa3f43ac1a5435,115 141 175 243
qa08cd1e8fba77,79 142 274 743 868 1062 1204 1338 1419 1713 2381 2867 2947 2955 2967 3457 3623 4351
qf16b37f829e21,{}
q7f3d25291a8a0,{}
qdcee4e4ab8be0,{}
qad34d7b245c83,24 51 65 83 89 100 103 144 146 149 160 208 226 262 266 289 304 312 321 322 328 345 362 394 397 403 406 412 416 426 428 443 476 484 494 504 511 538 551 558 580 587 605 632 648 725 761 767 772 773 831 844 865 867 882 891 909 910 913 957 967 985 996 1012 1040 1060 1072 1073 1080 1100 1107 1125 1138 1139 1147 1152 1170 1171 1195 1244 1291 1304 1306 1330 1331 1337 1338 1353 1355 1387 1389 1394 1403 1404 1408 1412
qcc3dac06048bf,{}
q56d69b93d77a9,{}
qed77f0b96f988,338 785 1179
q0822495dbfc47,7590 7653 8104 10477 11460 11728 12246 12811 16180
q3549db24b9e5a,160 326 338 509 518 608 642 703 785 1015 1150 1179 1268 1436 1504
q2f649de115531,14 47 69 95 112 114 182 198 224 247 252 286 338 358 370 382 388 416 445 475 511 529 534 539 583 607 628
q43902957a5c44,107 132 170
q95314ff4c36f7,12 14 16 35 37 38 42 44 56 68 78 98 102 108 110 113 148 151 152 155 161 165 183 186 197 198 227 230 232 240 263 267 273 275 281 286 305 312 320 355 366 369 386 404 412 422 423 482 500 503 516 530 558 562 577 600 605
q970c38549eec1,21921 212592 214665 304196 332269
q5b84715a2538b,186301 203189 215262 321488 362791
qee431fb8cc114,{}
q4190de463c343,{}
qa0db17b9b446c,707 1702 2434 2761 3260 3406 3906 4044 4102 4196 4204 4693 4727
qffea25aaa5cfe,{}
q6239dea5dc1a4,20 52 53 73 88 104 126 130 135 140
qc81bf29011f81,{}
qd0164d10cd132,186301 203189 215262 321488 362791
qfafc09919b14b,5 13 24 30 34 47 49 62 65 77 94
q3419b4564efea,9 12 36 102 107 118 146 153 158 195 207 211 222 230 237 240 244 271 287 295 299 303 322 334 341 358 416 423 427 457 459 469 511 542 545 548 561 589 616 646 680 691 698 710 745 749 752 754 772 776 777 781 799 800 822 823 862 865 878 890 939 984 995 1007 1009 1047 1064 1095 1126 1161 1168 1201 1213 1218 1225 1230 1234 1238 1248 1261 1276 1286
q1acda9defbbf9,13 20 21 31 32 39 44 45 55 61 62 70 80 83 90 115 116 118 126 130 131 137 138 157 158 164 190 191 194 219 237 241 246 258 260 266 267 290 302 304 306 307 308 310 320 322 327 328 337 338 346 351 353 354 358 361 369 375 423 425 443 445 463 499 504 507 525 550 557 564 568 582 587 588 603 604 614 616 623 640 641
q0473784e60d8a,{}
q63004503ef61d,110 147 191
q88b33081bb483,{}
qdbbf253799513,{}
qdf9efbea8814e,14 47 69 95 112 114 182 198 224 247 252 286 338 358 370 382 388 416 445 475 511 529 534 539 583 607 628
q089dbba2bcf48,6930 22319
q6ad2d68151c56,21921 212592 214665 304196 332269
q37d6e87f01867,16180
qc99bb7fe7e794,{}
qfdaa426f3813c,{}
qcc40c631dac83,{}
qd6cbb0d7fd057,{}
q351a1752bdd09,21921 89569 153431 186301 203189 212592 214665 215262 242647 304196 321488 332269 352507 362791
qc7a1804eda268,{}
q3ca28290c332d,{}
qc151f7b6d9f74,{}
q27d18de2a59be,{}
q8f05e518b65b9,{}
qd6b091b606f3b,3738 5643 5829 6145 6930 8410 11138 22319 23012 23137 28779
qe5f57b983b089,{}
qc918e4a57e0cf,{}
q9ed5c4c4f7c8c,{}
q10a1f789ede03,18 39 68 91 99 103 116 122 144 162 176 190 243 246 268 273 282 285 296 302 311 313 367 389 408 418 422 430 435 444 450 455 469 480 482 523 530 538 556 571 579 581 602 619 668 673 674 693 699 701 705 718 726 752 768 770 790 797 800 835 850 860 872 898 938 952 964 970 977 997 1051 1093 1103 1118 1131 1133 1143 1146 1154 1155 1159 1167 1171 1192 1209 1252 1282 1294 1302
q2280740b14eee,1702 3260 4196
qcbaccf0a25c8c,79 118 138 302 332 415 501 563 605 790 1114 1174
q6ddf1bafbca2b,11460
qa24f7197c38da,{}
qb5b8367f56413,{}
qdb1168812198f,8 38 46 48 79 125 128 182 273 283 330 332 352 361 389 396 534 573 624 743
q576503b5fcf70,{}
qf1cf0726da811,707 1702 2434 2761 3260 3406 3906 4044 4102 4196 4204 4693 4727
q65b6488b9543e,{}
q23e96a98a649a,160 326 642
q5444a80f29095,{}
q4e09fbe4b4344,12500
q9d17bd689888c,{}
qf4c6fa58b331c,{}
q0ed521566ba4e,160 326 338 642 785 1179
q17c1e0f131332,21921 212592 214665 304196 332269
q709a9b1cbaa4c,{}
q56c9083be2549,{}
qa2a3ba3b640dc,{}
qc8a90ac111066,{}
q07e12b51d1341,{}
qd49d732bf3ec4,{}
qe9fe52db4767b,{}
qc23001c49f4db,{}
q18db54e380279,160 326 338 642 785 1179
q4053fd4d1d7fd,6930 22319
q6253d28ba8b24,{}
q5bbba2c8712ba,{}
qfc5b50d1deac8,75 112 113 134 145 151 154 156 158 159 178 197 202 229 238 241 252 295 332 343 345 361 365 370 385 400 405 423 432 442 455 484 486 487 493 496 498 523 546 554 593 611 621 647 658 659 683 729 748 752 754 782 784 790 810 823 841 879 881 903 913 916 922 925 926 946 972
q226f2ff022ded,99 107 132 150 170 182
qfb074cc5160b0,16180
q0f2e004630a61,6930
q1894bff166971,{}
qb0810276b8344,644 4786 6138 7233 8482 9402 12500 13711 14649
q9b088c3469a5a,7 14 17 24 26 29 32 34 37 44 50 52
q972d5f19fc3e4,{}
qc9dc8569b91a8,82 288
qbba61ab2d9004,7590 7653 8104 10477 11460 11728 12246 12811 16180
q7caf5368abf96,79 118 332 415 501 605 1114 1174
qadb2f338122ae,3738 5643 5829 6145 6930 8410 11138 22319 23012 23137 28779
q0bdb06c8e43d3,{}
q8224d606bcdd7,186301 203189 215262 321488 362791
q446d7da8680c0,297 318
qa5058118766c3,{}
q2d065b3c5c9f6,186301 203189 215262 321488 362791
qf8137509a5814,11460
qfa08b01b58689,21921 89569 153431 186301 203189 212592 214665 215262 242647 304196 321488 332269 352507 362791
qe43d8f788b4ce,7 16 34 36 56 59 64 74 75 76 81 84 94 96 98 103 106 115 120 124 126 129 135 141 146 151 154 162 188 195 203 204 211 217 224 237 241 255 260 262 267 286 288 289 290 295 298 299
qbeb2b9690e280,707 1702 2434 2761 3260 3406 3906 4044 4102 4196 4204 4693 4727
qc0331a2aa35cb,22 422
q57146a77fc209,3 64 65 110 112 114 121 129 165 168 180 195 215 222 235
q2171cd73171c4,{}
q08d4ffd245096,1702 3260 4196
q89f94d13f4a94,22319
qbdd0682e6a64e,{}
q1134c7b040e2a,3 196 208
q7ae0831f3648a,99 150 182
q6e25be515fb63,{}
qd487b2ce70556,3 47 64 65 110 112 114 121 129 165 168 180 195 214 215 222 235
qd8165f3236d68,{}
qf17a99a1fde91,{}
q5aaa7fa529f0b,21921 89569 153431 186301 203189 212592 214665 215262 242647 304196 321488 332269 352507 362791
qb5cfcedab22bf,160 326 338 642 785 1179
qc6cb42fafaadb,{}
q39f8205b3ca00,{}
q840758c96f8e5,79 118 501 1174
qd678bd6ea0b84,197 208 223
q120bcc3d67dd9,79 142 274 743 868 1062 1204 1338 1419 1713 2381 2867 2947 2955 2967 3457 3623 4351
q0d302f949c392,186301 203189 215262 321488 362791
q9a9c7f5f259c8,707 1702 2434 2761 3260 3406 3906 4044 4102 4196 4204 4693 4727
q6a3ad96806db5,92 694 947
q8f4b93bd5ceda,{}
q5e0597d6965ed,{}
q50ff109c6d493,{}
q0f73737c314ca,{}
qbfbdd1647d9b2,{}
qcddd1f4c336e4,{}
q2e81fbf8eaf44,{}
qae9ea4549e814,{}
qde39b954ef3cf,{}
qff565bc875cac,13711
qe1e21d951557c,30 115 141 172 175 243
q775a50b3940e3,1 8 32 41 48 52 53 57 65 73 104 131 137 146 167 204 218 225 251 254 265 274 306 314 320 339 400 442 447 492 511 516 561 568 574 609 618 619 620 634 641 646 650 700 703 722 733 751 753 798 812 837 856 887 888 889 935 956 1011 1016 1029 1051 1057 1060 1064 1069 1083 1150 1156 1177 1194 1200 1206 1214 1219 1224 1225
qcacc5f7f27cfe,15 28 30 62 83 120 138 188 208 257 265 280 317 333 358 382 441 489 492 495 509 533 557 567 583 584 590 592 595 626 632 643 703 738 752 779 795 815 825 849 870 914 922 929
q7e1bb2ea168d3,186301 203189 215262 321488 362791
q5d16b7aac9e2e,707 3406 3906
q4955928f9c9e9,{}
q7d5043f0ad360,64 168
q108bffc621bcc,{}
q2b2f464b7346f,3738 5643 5829 6145 6930 8410 11138 22319 23012 23137 28779
q5e7e9657ca7b0,{}
qc5d32558fe393,707 1702 2434 2761 3260 3406 3906 4044 4102 4196 4204 4693 4727
qf2cd46aab8760,{}
qbe3d1db876071,21921 212592 214665 304196 332269
qba27926fd97fe,{}
qd95aa2c7acbf5,122 323
qf8585696f2a55,{}
q3c60dd5ea5971,{}
q4a039d176d0ca,{}
q9ed2cdd20e08c,{}
q863e7eb58b1a3,6930 22319
qbfe8285f3e402,21921 212592 214665 304196 332269
qc9fb3bc866880,{}
qea8ed3d00260d,{}
q9d007667e6924,186301 203189 215262 321488 362791
q974a6eb03072d,75 112 113 134 145 156 158 159 178 197 202 229 238 241 252 295 343 345 365 370 385 400 405 423 432 455 486 487 496 593 611 621 647 658 659 683 748 752 790 810 841 879 903 916 922 926 946 972
q326380e8cec4b,9 12 24 31 35 39 53 62 102 119 138 139 146 156 160 184 208 213 220 233 293 312 327 335 350 352 394 429 458 463 464 491 494 527
qba0b3329087df,{}
qb2748484a3a1f,1 6 8 9 15 19 24 30 33 36 38 43 52 54 57 58 69 75 97 105 118 123 158 160 166 183 186 187 201 207 210 228 234 239 249 278 281 291 300 303 315 334 335 339 360 361 370 382 403 404 409 412 423 428 438 445 475 483 487 492 493 502 506 509 515 523 542 561 563 589 591 592 594 596 597 605 612 616 618 630 635 650 666 667 668 680 685 709 725 744 746 756 761 765 783 805 820 835 836 861 862 878 888 902 905 909 911 923 926 935 937 949 952 955 956 973 982 984 999 1016 1017 1018 1020 1021 1031 1035 1043 1046 1049 1065 1074
q90fe6d637795e,{}
q9de647952030f,{}
q20d6112589287,7590 7653 8104 10477 11460 11728 12246 12811 16180
q7f16402ca974e,{}
q56d44f016cc6e,{}
q28cac3c74ece6,{}
q7d4aeebe043c7,22 123 382
qf1d18c52c64b6,707 1702 2434 2761 3260 3406 3906 4044 4102 4196 4204 4693 4727
qb1ff9b03ff393,644 4786 6138 7233 8482 9402 12500 13711 14649
q117272f376e32,{}
q2447f04a215d4,{}
qc26855bfd4525,7 403 419
q2e4c52f5d5b67,{}
qa303917536e0a,6930
q1734505c20af9,{}
qff8429de28a04,21921 212592 214665 304196 332269
q9b8ee30a3c374,{}
q6e225f6c1462d,21921 89569 153431 186301 203189 212592 214665 215262 242647 304196 321488 332269 352507 362791
q80fe680f37bb6,30 115 141 172
qabd0d0cf66599,{}
q59756123da734,{}
qa026965a8b476,1 8 9 10 11 15 16 27 30 45 46 47 48 49 55 60 65 67 70 74 75 84 88 95 97 108 113 118 124 125 151 153 155 161 170 174 177 178 182 184 186 197 200 206 208 210 211 213 226 233 238 239 240 245 252 256 257 258 263 273 277 282 286 290 303 306 310 315 317 321 326 331 343 347 349 352 353 359 360 362 373 376 384 389 390 399 403 406 407 409 411 417 419 421 425 431 433 434 442 460 464 465 468
q1d8508ddcca76,{}
q96074f1abd68e,{}
q4df468495df32,{}
q51901eac4961d,12500
q118771c33b184,{}
qe1f50e2175deb,{}
qd39dc2c666982,644 4786 6138 7233 8482 9402 12500 13711 14649
q47ba05d12b4ff,3738 5643 5829 6145 6930 8410 11138 22319 23012 23137 28779
qe618395b40456,{}
q9dbc6f2ddfbd0,{}
q777825a31a075,11460
qeb2447caaeb4c,{}
qc0a21dfa6d199,3 4 9 12 20 22 36 50 66 80 100 102 107 118 130 146 153 158 159 191 195 207 211 222 224 230 237 240 244 263 271 287 290 291 295 296 299 303 315 322 333 334 341 358 359 368 373 382 385 396 416 423 427 457 459 469 483 491 511 542 545 548 554 557 561 576 589 598 616 646 651 659 665 680 691 698 710 745 746 749 750 752 753 754 772 773 774 776 777 778 781 790 799 800 822 823 828 838 847 862 865 878 890 921 925 932 939 953 955 965 984 993 995 1007 1009 1016 1047 1064 1095 1098 1115 1126 1127 1161 1168 1196 1201 1213 1216 1217 1218 1225 1230 1234 1238 1239 1241 1248 1250 1261 1276 1281 1286
q77dc6207e0424,12500
q2ea3f84f0fc19,707 1702 2434 2761 3260 3406 3906 4044 4102 4196 4204 4693 4727
q6833968da2c64,{}
qa11b5342cbe49,12500
q5839f6135c422,707 1702 3260 3406 3906 4196
qe6742304d6562,{}
q5038e560d12de,{}
qd0c2d0273a818,21921 212592 214665 304196 332269
qb849753ac501b,21921 186301 203189 212592 215262 321488 362791
q9fed31c1ec5e9,16180
q8551e5055a907,{}
q1cab55b524257,22 81 97
qb197033b932bb,75 112 113 134 145 151 154 156 158 159 178 197 202 229 238 241 252 295 332 343 345 361 365 370 385 400 405 423 432 442 455 484 486 487 493 496 498 523 546 554 593 611 621 647 658 659 683 729 748 752 754 782 784 790 810 823 841 879 881 903 913 916 922 925 926 946 972
q7dfbcfedd0cd3,22 32
q013214a934212,11460
q0a7ad01bad67c,707 1702 2434 2761 3260 3406 3906 4044 4102 4196 4204 4693 4727
q7e7c4da5137fe,{}
qbd69a854e3fd4,{}
q9214f0f150016,{}
qeba22891af0ed,7590 7653 8104 10477 11460 11728 12246 12811 16180
qecf3ff75165de,110 147 191
q564772d2c064f,{}
qfa7d438930270,{}
qcc40aac0adc1d,{}
q4588312d6c934,338 785 1179
q10b3094ee5a55,278 433
q10f667441e446,30 141 172
qdf76d642bd983,13711
q7c3bc43152c6e,20 36 240
qde1457aafbb19,{}
qdc4ac09f326df,{}
q856fccee9a8ad,{}
q02772438630d2,1702 3260 4196
q9df99e4465303,13711
q6a1e84f79f3cc,160 326 338 509 518 608 642 703 785 1015 1150 1179 1268 1436 1504
q9da59fabd19b7,{}
q2e643a08d1edc,{}
qa90284567d9c6,{}
qdef5f8634b860,{}
q07bd360240bd3,20 29 30 32 35 38 41 51 52 59 60 63 66 70 71 76 83 88 89 91 94 96 97 103 107 113 127 128 129 131
qbd8bf442a0e76,6 15 27 28 30 31 36 52 62 73 77 83 86 87 93 101 120 138 142 188 208 223 254 257 265 270 280 295 302 308 313 317 319 333 358 379 382 407 432 440 441 469 471 489 492 495 499 509 513 520 525 533 535 542 553 555 557 567 578 579 583 584 587 590 592 595 606 626 632 637 643 655 684 689 690 697 703 719 725 727 728 738 752 757 766 774 779 791 792 795 815 819 825 849 868 870 875 885 909 911 912 914 922 929 931 947 948 953 956
q21dbc005622a8,{}
q091bdbfced9a5,{}
q0638929fba2c3,21921 212592 214665 304196 332269
qc5330c5caf93a,{}
q63a5298fb430a,21921 186301 203189 212592 214665 215262 304196 321488 362791
q575b97f577f91,13711
q4d4f6289457e7,186301 203189 215262 321488 362791
q16f7e77f0a282,40 92 110 501 694 707 748 782 822 947 1210
q0c15eec5a45ee,{}
qfb2f201a5b946,707 1702 3260 3406 3906 4196
qf856d49353b6c,{}
qe3d3d60dc2085,22 30 38 47 54 66 76 80 89 91 97 101 103 108 111 113 114 127 139 148 161 171 182 186 193 208 209 213 221 246 254 262 270 278 285 289 298 303 305 320 323 330 331 341 347 352 357 361 370 385 389 390 392 404 415 418 454 470 473 475 499 515 538 542 546 547 585 603 628 631 644 665 698 704 708 711 722 729 740 771 786 810 815 819 824 826 842 846 854 855 860 872 878 879 884 896 903 910 913 920 925 933 951 964 967 995 1024 1025 1037 1038 1041 1052 1056 1061 1066 1068 1082 1086 1094 1101 1102 1104 1114 1130 1133 1139 1150 1189 1200 1215 1218 1232 1233 1250 1254 1255 1258 1270 1286 1311 1312 1339 1347 1361 1369 1373 1378 1406 1407 1419 1423 1429 1449 1457 1458 1477 1478 1482 1492 1496 1501 1503 1511 1524 1536 1552 1564 1567
q6cf457677ea3b,16180
q5d68417022ad1,{}
qe339bc8c5287b,8 48 81 140 153 213
q880a264807821,5 16 36 40 56 57 62
qff4b52d063a53,20 36 240
q1f7f311c2c00f,21921 89569 153431 186301 203189 212592 214665 215262 242647 304196 321488 332269 352507 362791
q39e6a93249ce3,7 32 43
q7785b3c722910,19 35 83 91 94 95 141 214 230 244 257 307 348 399 414 421 427 455 456 501 534 538 555 592 599 612 620 638 664 677 685 686 709 714 719 739 755 756 762 805 814 844
qcc3d713a8348e,6 15 19 62 70 88 92 100 109 130 133 139 157 161 178 207 209 225 228 239 252 256 259 275 279 289 307 308 325 333 345 359 380 381 401 405 407 409 424 427 428 430 449 451 461 467 474 477 504 505 506 508 533 559 565 567 574 599 600 610 628 633 640 649 652 653 656 661 663 668 680 687 688 691 697 701 709 716 730 738 739 750 785 788 790 793 807 813 815 822 825 832 842 851 852 862 863 870 884 885 901 905 912 917 960 962 970 971 979 983 986 988 989 994 1009 1011 1036 1043 1044 1045 1060 1062 1066 1067 1069 1081 1114 1117 1123 1130 1132
q6e00903e28c18,14 18 20 39 79 84 93 102
qed84eed750a83,110 782 1210
qfcb39a6ffd5e1,{}
q196bb12abf080,2 4 6 9 20 21 26 34 44 56 62 66 71 86 88 102 113 114 116 121 137 151 161 163 164 166 169 179 188 210 212 217 221 250 252 266 272 277 283 292 308 321 339 348 350 351 372 373 382 386 449 455 457 461 474 477 479 480 507 525 532 543 547 555 559 572 578 586 597 605 608 610 613 615 631 638 648
qe15f9f32fe693,32 197 223
q359a170ecf3f2,7590 7653 8104 10477 11460 11728 12246 12811 16180
qe97b513e28984,{}
qa63ba4a105b60,21921 212592 214665 304196 332269
qbed56c472453c,21921 212592 214665 304196 332269
q331addebe2732,{}
qefef6376989e6,{}
q0ad1828dddeb2,22319
q1f1c4d1e68e1d,21921 212592 214665 304196 332269
qc7fe0cac62957,92 110 694 782 947 1210
qb9951a67bff8d,{}
qbe4ada0ff14a6,{}
q03e099f49e959,{}
qbe2c3818876fa,6930 22319
q5004ded1e7034,12 14 18 31 47 54 59 60 69 77 79 81 94 95 96 107 112 114 137 145 157 164 182 190 198 200 209 220 224 243 247 248 249 252 262 278 281 286 297 302 322 338 358 370 376 382 386 388 395 399 416 422 445 449 475 481 487 488 492 496 497 511 529 534 539 558 583 599 606 607 614 616 617 622 628 634
qd72b66a07d142,92 110 782 1210
qbb6f525ad8384,12500
qb4a5e057c2f48,{}
qf58d203c11a50,12500
q2b8654e20de1d,{}
q0ce8a28aa62ad,160 326 338 509 518 608 642 703 785 1015 1150 1179 1268 1436 1504
qd1f503965f411,{}
q6f6c1ed210aab,{}
qc8e63ee00c5e8,{}
q65fdeada855f4,47 110 139 247 263 307 334
q19c8c400e56db,{}
qd340e2f039566,13711
q39c324264f4d0,{}
q22b0520cbef81,{}
q84535d1da6623,21921 212592 214665 304196 332269
qa6357a3ba19ea,3738 5643 5829 6145 6930 8410 11138 22319 23012 23137 28779
q1ec5658f9f4f2,40 92 110 501 694 707 748 782 822 947 1210
q0ffa3fafa57ea,{}
q00c97d0f42dd7,{}
q7c5c432dbcf4e,{}
q0b7bc5e39f971,{}
qe143855eb8aa1,115 175 243
qa428da67634d9,{}
q9c1e6ec6885c0,{}
q00bc7bc5bbc22,6930
qd875d60e492c2,{}
q21c3e116a3dd0,8 48 213
qfcbcba78b2cc0,186301 203189 215262 321488 362791
q141c91ee07840,15 28 30 36 62 83 86 120 138 188 208 254 257 265 280 317 319 333 358 379 382 432 441 469 489 492 495 509 513 533 553 555 557 567 578 583 584 590 592 595 626 632 643 689 690 703 719 725 728 738 752 757 779 795 815 825 849 870 909 914 922 929
qfcb6b4361daae,6930 22319
qcde235cd8e49c,11460
qcaf3a0a830715,{}
q5392d5f4b8a54,{}
qf120b25b7716e,12500
q02215c31d5d8d,11 12 26 70 80 83 110 128 135
q203c5186792ff,160 326 338 509 518 608 642 703 785 1015 1150 1179 1268 1436 1504
qa59d76cc72b98,7 12 17 23 31 32 37 46 48 53 56 57 78 79 84 90 95 96 108 110 111 117 121 132 139 156 176 177 192 201 203 204 219 228 241 248 255 263 266 267 270 273 277 293 305 307 310 318 329 330 333 383 407 414 428 460 465 468 478 480 501 508 513 534 543 551 565 566 575 580 582 598 614 621 624 659 660 661 665 676 677 679 680 695 699 709 712 717 735 737 743 745 750 764 765
q9eb0701f072b1,186301 203189 215262 321488 362791
qffb4471065b33,{}
q7d015a1b5b3c8,13711
qe5e45b2e4588b,13711
q9a284a057ecfc,7 14 17 24 26 29 32 34 37 44 50 52
qbb160daf118f2,79 142 868 1204 1419 1713 2381 2967 3623
q4ce77eff3e3ef,{}
qdaebf916d0aa9,59 245 368 494 617 740 789 798 812 822 861 871 1039 1142 1192 1248 1348 1398 1503 1528 1606 1792
q8c1e88bfec95c,22319
q6c717ee5569b2,338 785 1179
q6751f3fd84b19,{}
qb3a56351e4f45,{}
qfd8cf7cc0c4cc,{}
qbf34f7e16b15d,76 103 120 124 126 146 224 255
qbe2a61661cb0e,{}
qf984dc55f233b,{}
qa896e0de0ba86,644 4786 6138 7233 8482 9402 12500 13711 14649
qd0fb2ba6e9ae0,40 92 110 501 694 707 748 782 822 947 1210
qb3f7dcae5fac0,{}
q641d304a4a120,12 13 16 17 18 19 23 39 47 48 50 51 58 61 77 80 84 92 112 116 117 128 129 139 140 150 153 171 172 175 179 183 204 207 225 229 240 242 253 254 256 273 276 278 280 283 286 287 288 304 311 313 321 323 327 336 339 350 360 374 375 383 386 391 393 398 409 410 420 422 423 426 428 431 433 443 447 455 459 460 469 490 496 500 501 503 513 515 520 523 527 530 531 538 546 549 552 562 566 576 577 584 588 594 602 606 611 619 623 628 631 642 645 649 650 655 657 659 669 675 679 682 683 684 686 690 705 711 713 723
qf4423b80bb811,{}
qf42cc5307c9c4,3738 5643 5829 6145 6930 8410 11138 22319 23012 23137 28779
q4f30f10040cde,{}
q656603eaee5dd,141 172
qc0a331f929229,707 1702 2434 2761 3260 3406 3906 4044 4102 4196 4204 4693 4727
q59180dfdb0dd4,3 196 208
q4dc735cf9cb90,644 4786 6138 7233 8482 9402 12500 13711 14649
q4d48fa5f14914,11460
qda09b23e29418,707 1702 3260 3406 3906 4196
qde4b3b2f1db5a,3 20 36 196 208 240
qb4b0af2b38e19,{}
q36f2befe9699c,{}
q2722db36da231,30 54 66 76 80 97 101 114 127 148 161 209 213 254 270 278 289 298 320 323 331 341 347 352 361 370 390 392 404 415 418 454 473 499 547 603 631 644 771 786 810 878 884 903 913 920 925 951 1024 1041 1052 1086 1114 1139 1200 1258 1270 1339 1361 1369 1407 1423 1477 1482 1492 1496 1503 1511 1524
q9c4fa6a1b3972,21921 212592 214665 304196 332269
q1697c4ae3a461,10 46 62 106
q2f31125baf775,2 3 27 39 49 53 89 98 114 121 130 134 160 180 204 229 239 241 245 258 263 269 279 292 310 329 360 364 382 385 386 427 456 463 475 505 514 557 584 594 596 611 669 697 746 783 813 823 843 848 862 927 952 959 986 992 995 1012 1063 1096 1102 1124 1153 1184 1186 1195
q2a6e01d9af1e3,{}
qbc0d3d904e297,32 96 220
qd62198ad3a4bb,{}
qee337a18d99eb,3738 5643 5829 6145 6930 8410 11138 22319 23012 23137 28779
q698fb3a0cfdeb,79 118 501 1174
q3a62d18689ada,7590 7653 8104 10477 11460 11728 12246 12811 16180
q3b81717e128f6,{}
q3dfff0e9aea23,30 141 172
qb547c3452c4f3,420 455 538 565 759 1236 1330 1504
q76da993430872,99 107 132 150 170 182
q67ba28ca8a1f5,707 1702 3260 3406 3906 4196
q46c49ce5428b1,274 743 1062 1338 2867 2947 2955 3457 4351
q30bc5de0dcd50,{}
q2751517d88297,20 21 32 39 44 55 62 70 83 115 116 118 126 137 138 241 246 260 266 304 307 308 320 322 346 353 358 361 423 443 445 499 568 582 614 640
q17d83e7ae0a3b,{}
q0c85058dba20d,8 12 18 21 23 26 27 28 32 37 38 46 48 51 54 59 66 68 72 76 77 79 84 85 90 95 100 106 112 125 128 129 137 139 142 145 152 155 157 164 168 179 181 182 183 188 193 194 202 215 217 220 224 231 232 236 237 239 240 243 256 261 267 268 273 274 278 282 283 284 297 300 310 311 312 317 328 330 332 338 342 352 357 360 361 368 389 396 397 408 410 413 423 427 430 436 443 447 452 459 469 473 497 503 511 512 513 521 523 528 534 537 542 544 545 573 579 583 588 596 598 599 602 604 605 611 617 624 626 641 642 648 653 654 658 667 672 676 683 688 694 699 704 705 725 729 733 737 742 743
q91fcf4e439da8,{}
qfb7900c022ab7,{}
q4f05ec5ba2c9f,{}
q7c8f468b58b5d,{}
q38a58f125a607,{}
q2a94b5da0fdb4,{}
qa695ee1a75f4d,{}
q519f480751806,{}
q1a12c742181dc,{}
qbd5f44bdc7f6a,{}
q3232acda1d562,3 20 36 196 208 240
qedc9131e710fb,707 1702 2434 2761 3260 3406 3906 4044 4102 4196 4204 4693 4727
q48f57f93254f3,21921 212592 214665 304196 332269
qd426060670804,{}
q9381d3c30ac7c,{}
q513b3fdb7b3b3,{}
qff4a6f3ea1c3e,186301 203189 215262 321488 362791
q7d84a42b6b834,16180
q11644845e9a8d,{}
q5b0b2df17f13e,12 14 18 31 47 54 59 60 69 77 79 81 94 95 96 107 112 114 137 145 157 164 182 190 198 200 209 220 224 243 247 248 249 252 262 278 281 286 297 302 322 338 358 370 376 382 386 388 395 399 416 422 445 449 475 481 487 488 492 496 497 511 529 534 539 558 583 599 606 607 614 616 617 622 628 634
qb12462405913e,20 35 52 59 60 71 83 88 97 103 113
q4d20bdd930ef8,6930 22319
q0166d2c2564c3,{}
q2624e350fa535,707 1702 3260 3406 3906 4196
q4cb77452cb2c3,16180
q494ca100b9374,{}
q28c42b51d21fb,{}
q28292dbd2ba0d,160 326 338 509 518 608 642 703 785 1015 1150 1179 1268 1436 1504
q4ba3ed32edf5e,3738 5643 5829 6145 6930 8410 11138 22319 23012 23137 28779
qf2e4da71d47b9,{}
qdacc0c8411d99,6 19 62 88 92 130 207 228 252 259 279 289 325 333 345 359 380 401 405 407 428 449 461 474 477 505 533 559 599 600 628 640 649 656 661 663 680 691 697 701 730 738 785 790 793 815 822 832 852 870 884 885 901 905 912 960 970 971 979 988 994 1009 1060 1062 1066 1117 1123
q5566017e308e0,79 118 501 1174
q759ae66d7c7e3,6930 22319
q3618c5c5a9654,21921 186301 203189 212592 214665 215262 304196 321488 362791
q9ab140036588a,{}
q8232096f3d0e9,1 8 32 41 48 52 53 57 65 73 104 131 137 146 167 204 218 225 251 254 265 274 306 314 320 339 400 442 447 492 511 516 561 568 574 609 618 620 634 641 646 650 700 703 722 733 751 753 798 837 856 887 888 889 935 956 1011 1016 1029 1051 1057 1060 1064 1069 1083 1150 1156 1177 1194 1200 1206 1214 1219 1224 1225
q99a8b21d52cc1,11 47 69 80 86 110 119 132 139 174 247 263 279 306 307 334
q704cdce8b130c,22319
q37d679225a8e1,{}
q48b42bdf52653,12 14 18 31 47 54 59 60 69 77 79 81 94 95 96 107 112 114 137 145 157 164 182 190 198 200 209 220 224 243 247 248 249 252 262 278 281 286 297 302 322 338 358 370 376 382 386 388 395 399 416 422 445 449 475 481 487 488 492 496 497 511 529 534 539 558 583 599 606 607 614 616 617 622 628 634
q6e5fa5d06e0f5,160 326 509 518 608 642 703 1015 1150 1268 1436 1504
q423fcac32293d,81 140 153
qef007ab5bd054,21921 89569 153431 186301 203189 212592 214665 215262 242647 304196 321488 332269 352507 362791
q3cfa7692a308b,21921 212592 214665 304196 332269
qdc3ef8df82ffe,99 150 182
q8f849c83980af,115 175 243
q7e4793cf89c9d,160 326 338 642 785 1179
q4b952aa04287b,{}
q41e407cf095da,{}
q0777b7100fec7,{}
q253ae1400c576,{}
q3124a939791e0,79 118 138 302 501 563 790 1174
q159034c5fd86d,{}
q0307d351c6a5f,4 33 43 73 77 88 90 123 127 128
q577c200fe9cec,44 46 145
q96753fb5ad6ba,{}
q8b2d62bec8b57,707 1702 3260 3406 3906 4196
q11bde0bb93c5f,9 27 28 32 51 57 66
qfeaec3dd69465,17 24 26 29 44 50
q79edb7cbcceee,{}
q0f05b0ed0605f,7 8 9 12 24 31 35 39 50 51 53 54 55 59 62 80 94 95 102 119 138 139 143 146 154 156 160 172 176 184 187 196 208 213 216 220 224 232 233 255 293 294 312 322 327 335 350 352 368 374 394 398 412 429 432 440 446 458 463 464 467 482 491 494 496 509 513 521 527
q85e52b0da138c,707 1702 3260 3406 3906 4196
q089c02697ddef,707 1702 3260 3406 3906 4196
qf60db74b1da3a,{}
q147958d419b42,64 168
qaeb0ade3e767a,92 694 947
qa56398206ff69,{}
qacd79e2998973,160 326 642
q5038f0cd19a2e,{}
qa11d8a40d57c9,707 1702 3260 3406 3906 4196
q15f53aaf81224,44 145
q96cebe58fc3aa,5 21 47 66 73 77 86 98
q9ea576074f58c,160 326 338 509 518 608 642 703 785 1015 1150 1179 1268 1436 1504
q3b4cb75b797f2,{}
q93b6e0f6d4f3f,{}
qf0906bcf6b313,644 4786 6138 7233 8482 9402 12500 13711 14649
q8b5f2f047e839,160 326 338 509 518 608 642 703 785 1015 1150 1179 1268 1436 1504
q1f94c6d15c730,2 29 31 42 70 72 75 93 96 127 129
q85a43215fea8c,{}
qd06792797ed22,{}
q7aedabd4cbb69,99 150 182
q30d650342eae1,1702 3260 4196
q1543a522177f7,6930 22319
qa1a86d34c0204,{}
qfbedc337d9151,{}
q8cc9185e85e3f,21921 212592 214665 304196 332269
qd2623a46945ef,21921 89569 153431 186301 203189 212592 214665 215262 242647 304196 321488 332269 352507 362791
q612994e6c4b27,186301 203189 215262 321488 362791
q771f10c81c87b,{}
qb0c47591f89e8,644 4786 6138 7233 8482 9402 12500 13711 14649
q0ee981c85b824,40 92 110 501 694 707 748 782 822 947 1210
qd13c12e0652b1,{}
q170a614c9ca7e,{}
q90b6adcd0caec,1702 3260 4196
q37ba5f9e2eedb,16180
qd913bd1b45e4d,{}
qd162c474e4430,12500
q4a1576c8b1613,644 4786 6138 7233 8482 9402 12500 13711 14649
qc714161ebe120,{}
qee0160ed08038,707 3406 3906
qf6b7dc6ea7dc7,6930 22319
q841d82c359070,332 415 605 1114
qa4da860a0ded9,{}
qc99d07d9bb63e,1702 3260 4196
q8b4aaa276ecb2,16180
q265b3cb2835f6,{}
qf458cff2a00a6,{}
qde25c58964f40,3738 5643 5829 6145 6930 8410 11138 22319 23012 23137 28779
qd9b8d96731c05,20 36 240
q7b4a37e209505,160 326 642
qcedb9c16049f0,{}
q162fd3dceac83,11460
q7461cb2ec70d5,6 10 33 43 73 105 113 117 123 128 131
qe81ff585f91e9,{}
qeeedf8a92767c,{}
qdcf478178086a,707 1702 3260 3406 3906 4196
q5160943e6eb90,115 192
qdc77798dd0b61,3738 5643 5829 6145 6930 8410 11138 22319 23012 23137 28779
q40bdf09d2d374,12 18 21 23 48 72 76 77 84 90 95 106 112 137 139 142 145 164 181 193 194 202 215 220 224 232 237 256 267 278 282 297 300 311 328 342 357 423 427 436 459 473 511 512 513 523 528 537 544 545 573 588 602 605 648 653 672 683 704 725 729 737 742
q9c7de5cce064a,{}
q865a1e0c3bc2f,186301 203189 215262 321488 362791
qf144dbf4439a8,{}
q70fdf63473dc1,13711
q608ef518fa03b,{}
q3bdc2c5d3998e,16180
q5f31c0225a328,10 62 145
qd7e58eeb0af55,16180
qb85df30bb1d3d,{}
q73a9eae388a01,4 10 34 40 47 55 70 71 73 103
q45a34540807f1,277 420 455 488 538 565 574 759 1236 1330 1437 1443 1504 1701 1913 2028
q48e33c699a74a,{}
q8b61b490cd2d8,80 132
qb3f65db250617,6930 22319
qd4c533dac3d69,12500
q872a58ffb1ecc,{}
q83648f0b27ee7,{}
q576c8147d870c,{}
q09faeeac5bd15,160 326 642
q14fbdf0fb5386,6930 22319
qd254555c461ea,21921 89569 153431 186301 203189 212592 214665 215262 242647 304196 321488 332269 352507 362791
q0b406858f5895,{}
qd5c4212ec5fe1,1 32 113 135 162 223 246 256 271 279 291 320 325 326 331 348 354 376 379 386 400 403 422 435 450 454 479 493 503 507 511 522 525 527 539 547 557 584 590 623 635 676 686 688 690 709 715 728 729
q779d28d37f049,707 1702 2434 2761 3260 3406 3906 4044 4102 4196 4204 4693 4727
q0969334bf4241,{}
q0e9aa09ab4486,{}
qfc22ad34b5f93,277 420 455 488 538 565 574 759 1236 1330 1437 1443 1504 1701 1913 2028
qaaa70c851e32e,707 1702 2434 2761 3260 3406 3906 4044 4102 4196 4204 4693 4727
qe8fe3d664835a,8 48 213
qa2fa2c0ca11e6,18 39 68 91 99 103 116 122 144 162 176 190 243 246 268 273 282 285 296 302 311 313 367 389 408 418 422 430 435 444 450 455 469 480 482 523 530 538 556 571 579 581 602 619 668 673 674 693 699 701 705 718 726 752 768 770 790 797 800 835 850 860 872 898 938 952 964 970 977 997 1051 1093 1103 1118 1131 1133 1143 1146 1154 1155 1159 1167 1171 1192 1209 1252 1282 1294 1302
q41dcbf91ca1ff,{}
q32f7808061578,{}
qc1215fb2336cf,107 132 170
q2394e5c625082,3738 5643 5829 6145 6930 8410 11138 22319 23012 23137 28779
q4e0c87e342e7d,{}
qf226be470d564,{}
q3db26456ac8a9,{}
q9432da6700f66,21921 89569 153431 186301 203189 212592 214665 215262 242647 304196 321488 332269 352507 362791
q4eeded0c6a189,{}
qe2d796b89aa1a,16180
q5c8839f120645,{}
qba9578c22218b,{}
q6836ed37b2b6e,186301 203189 215262 321488 362791
q1d72cdd452fdf,{}
q34aced6c55f9f,{}
qc3a73e1c3e9af,14 31 47 59 60 69 79 81 95 96 112 114 137 182 224 247 249 252 278 286 338 358 370 382 386 388 422 445 475 481 496 529 534 539 583
q9fbccbbc3f7b1,{}
qd3b4a6c1de4cf,{}
qb550d753a5966,{}
q81377e5b04551,{}
qd3e0ac1907ad6,16 48 77 225 304 313 327 360 374 386 393 409 420 460 469 523 538 549 602 650 669
q5506af51cdacb,707 1702 2434 2761 3260 3406 3906 4044 4102 4196 4204 4693 4727
q705912b160ecc,{}
qa7a148a3fa8a4,22319
q0b4714f899b02,11460
q165941a1594b5,10 44 46 62 106 145
q5f4f3b10ffd8a,{}
qa3e7a164c6fee,14 47 59 69 95 112 114 182 198 224 247 252 278 286 338 358 370 382 388 416 422 445 475 511 529 534 539 583 607 628
q0e0623092bdf5,197 208 223
q166ba0533514f,{}
q03688897e8dc8,{}
q1df372681d67f,21921 212592 214665 304196 332269
q2c712e74fa4e5,11460
qc5ffed4711e7f,{}
q64d544e4138dd,{}
q4e6e618a4fa70,186301 203189 215262 321488 362791
qd6c168ce996f5,{}
q8575a730e9872,5 13 24 30 34 47 49 62 65 77 94
q3af1309060fea,3 196 208
q31d453cbe4472,100 107 285
qc04ef56dd8ab2,{}
q58703d51b23c5,21921 212592 214665 304196 332269
qa6cdd7b0eeb97,{}
q0d42634808ea3,160 326 509 518 608 642 703 1015 1150 1268 1504
qcb3ce7d283aba,160 326 642
q2a20e70428522,{}
qf454582d07696,707 1702 3260 3406 3906 4196
q39ba47976bc68,{}
q4c61b03c5a03c,1 3 8 12 26 32 39 41 48 52 53 57 65 73 74 78 93 104 130 131 137 145 146 162 167 186 187 203 204 205 218 225 229 232 251 254 263 265 274 304 305 306 314 320 322 339 348 360 383 387 400 405 419 423 442 447 449 455 466 469 492 497 511 516 518 538 561 568 574 607 608 609 610 613 618 619 620 632 634 641 646 650 669 700 703 722 733 751 753 759 760 771 787 795 798 812 824 837 838 847 850 856 860 887 888 889 906 935 941 956 957 986 994 1006 1011 1012 1016 1018 1029 1051 1057 1060 1064 1069 1083 1086 1088 1116 1144 1150 1156 1157 1165 1172 1177 1186 1193 1194 1195 1200 1203 1204 1206 1208 1214 1219 1221 1224 1225
qa73c974322b36,338 785 1179
qe6b5a4d325994,13 22 25 27 35 42 46 50 63 69 114 119
q07ecb399ac279,7 32 43
q78e9eba90dc6c,{}
q8c3184ba22a35,21921 89569 153431 186301 203189 212592 214665 215262 242647 304196 321488 332269 352507 362791
q4e6966907ad24,120 271
qab0405a3aee68,707 1702 3260 3406 3906 4196
qca7c29ab2a66d,{}
qd4adbb03de9d8,186301 203189 215262 321488 362791
q87bca13d51e3a,363 458
q9e6ee8e5bdda3,1 5 7 8 12 13 16 18 20 21 22 23 24 29 38 47 54 61 62 71 78 79 81 82 83 84 97 101 102 104 118 122 123 133 135 136 151 153 155 156 157 165 166 169 176 181 182 189 191 200 202 203 210 220 221 227 235 244 259 262 270 283 284 287 299 308 310 311 313 314 315 319 329 334 335 338 340 350 353 354 357 366 376 380 383 386 389 392 393 394 400 401 402 406 408 413 414 417 423 426 427 428 447 457 458 459 476
q39531bf9927d8,{}
qe2b42c37c3db8,{}
qe6ab9e1f14587,{}
q921504ffb0234,{}
q6f9005d940794,338 785 1179
q56c2237817970,3738 5643 5829 6145 6930 8410 11138 22319 23012 23137 28779
q970734711ff84,{}
q2f90b91fe2cbd,186301 203189 215262 321488 362791
q4cc6d11872944,141 172
qd2f7e74f0a8ed,110 782 1210
q1e688f397aebe,79 118 501 1174
qc6e3fcf5d2590,1702 3260 4196
q285d47962e952,160 326 338 509 518 608 642 703 785 1015 1150 1179 1268 1436 1504
qc98c934b8383a,707 1702 2434 2761 3260 3406 3906 4044 4102 4196 4204 4693 4727
q0593964eac718,707 1702 3260 3406 3906 4196
qb6b40c9051568,{}
q6ebbde369be18,{}
q61f3998548798,21921 212592 214665 304196 332269
q371877c282703,{}
qc2dfd6f9cfb46,35 44 108 113 152 230 240 263 275 366 386 562 577 600
q9188b8c0a4790,3738 5643 5829 6145 6930 8410 11138 22319 23012 23137 28779
qefec7ed0a1c52,160 326 338 509 518 608 642 703 785 1015 1150 1179 1268 1436 1504
q9815357eb0b10,{}
q43059b6fd2ea5,{}
qe3e9cacb8c531,{}
q27d1f0d7c3364,{}
qe9b6091d46618,707 1702 3260 3406 3906 4196
qdce2e9fc9a0ca,16180
qe3479e1d0ed0a,{}
qd078deecce180,11460
q5f5bff83eac93,{}
qeba68971b90d7,62 65 77
qbc349a0e7c55f,79 118 501 1174
q429a716d4bc58,6930
q2ab8f20fd0ebe,10 62 145
q77d0d7f272b2c,{}
q58edb4ae6479f,24 352
q9a169ab766c30,10 62 145
q5fc5820754391,30 45 46 51 57 68 102 123 128 132 151 167 169 184 212 219 258 282 305 324 346 350 367 375 382 413 419 439 440 457 464 489 516 537 542 574 607 615 621 623 625 643 662 671 676 687 696 703 726 773 819 825 826 827 828 842 846 850 855 893 896 907 921 930 934 935 937 965 973 993 1003 1032 1045 1052 1112
qaf41dbaa9ec6d,{}
qcc353c98d09f2,{}
q3d70d650ff092,{}
qa9e25fd016231,99 150 182
q9a37c6198b204,{}
q2a89b1e6c2c4b,{}
q33bb11944c2c4,{}
q2a20abb1c2ebd,{}
q05eb7f04d5948,99 107 132 170
q33ec946b98899,707 1702 2434 2761 3260 3406 3906 4044 4102 4196 4204 4693 4727
q204ac93481f6c,3 4 9 12 20 22 36 50 66 80 100 102 107 118 130 146 153 158 159 191 195 207 211 222 224 230 237 240 244 263 271 287 290 291 295 296 299 303 315 322 333 334 341 358 359 368 373 382 385 396 416 423 427 457 459 469 483 491 511 542 545 548 554 557 561 576 589 598 616 646 651 659 665 680 691 698 710 745 746 749 750 752 753 754 772 773 774 776 777 778 781 790 799 800 822 823 828 838 847 862 865 878 890 921 925 932 939 953 955 965 984 993 995 1007 1009 1016 1047 1064 1095 1098 1115 1126 1127 1161 1168 1196 1201 1213 1216 1217 1218 1225 1230 1234 1238 1239 1241 1248 1250 1261 1276 1281 1286
q08edf220c4409,{}
qb845941bd15f6,{}
q42007033a4c40,{}
q79d1fc7752f3f,24 51 65 83 89 100 103 144 146 149 160 208 226 262 266 289 304 312 321 322 328 345 362 394 397 403 406 412 416 426 428 443 476 484 494 504 511 538 551 558 580 587 605 632 648 725 761 767 772 773 831 844 865 867 882 891 909 910 913 957 967 985 996 1012 1040 1060 1072 1073 1080 1100 1107 1125 1138 1139 1147 1152 1170 1171 1195 1244 1291 1304 1306 1330 1331 1337 1338 1353 1355 1387 1389 1394 1403 1404 1408 1412
qe3b47d005affe,32 96 197 208 220 223
qf7ee5ce3a9aac,12 17 21 30 35 38 44 48 53 59 64 74 78 83 84 98 100 108 110 111
q83fef7d17a47b,1 5 7 8 12 13 16 18 20 21 22 23 24 29 38 47 54 61 62 71 78 79 81 82 83 84 97 101 102 104 118 122 123 133 135 136 151 153 155 156 157 165 166 169 176 181 182 189 191 200 202 203 210 220 221 227 235 244 259 262 270 283 284 287 299 308 310 311 313 314 315 319 329 334 335 338 340 350 353 354 357 366 376 380 383 386 389 392 393 394 400 401 402 406 408 413 414 417 423 426 427 428 447 457 458 459 476
qb1c5a52bcb431,3738 5643 5829 6145 6930 8410 11138 22319 23012 23137 28779
q39c7bd83b7bda,{}
q1d790459d4eec,13711
qf55e7e03f50b0,{}
qb469150ea5e05,21921 212592 214665 304196 332269
qe474664399eb1,168 174
q027a6f7402c92,186301 203189 215262 321488 362791
qf056faad9e675,{}
q767a1cb33d1c9,{}
q0671aaf49dd5e,11460
q6412a112f430f,186301 203189 215262 321488 362791
qfbc85b0ffb29b,{}
qd24544c744747,707 1702 3260 3406 3906 4196
q24f562c11d3dc,21921 212592 214665 304196 332269
qcfa61b0b70f4c,11460
qe07cac094b59e,21921 89569 153431 186301 203189 212592 214665 215262 242647 304196 321488 332269 352507 362791
q2627c8ff93e23,338 785 1179
q6ba1bfd6a4afe,22319
q862e5dba8c442,110 147 191
qba2d9c642aec0,{}
q00c26e708b881,{}
q5841d45a7472f,{}
qdeefaafc42ff0,{}
qcae006fc4e4cd,12500
qf3923fe503065,6930 22319
q242892b10d868,3738 5643 5829 6145 6930 8410 11138 22319 23012 23137 28779
q70836281661a4,16180
qae2ce69f8e587,{}
q9ae21500a5100,{}
qe6413e3020c15,707 1702 2434 2761 3260 3406 3906 4044 4102 4196 4204 4693 4727
q581a203a6e06c,707 1702 2434 2761 3260 3406 3906 4044 4102 4196 4204 4693 4727
q7ac8c4389157a,8 48 81 140 153 213
q4b6373b08bdbf,12500
qb0a790c145e98,{}
qf812335c58ccd,{}
q0be9c5b0f1303,{}
q3e30ae619e381,22319
q1c3e4051426da,12500
q91f64994f2f89,31 47 59 60 79 81 95 96 137 249 278 382 386 388 422 481 496
q33fb782d9d011,{}
q61ccf0f631066,{}
q19fd2d191bce0,19 21 35 37 46 66 79 83 91 94 95 103 119 130 132 141 154 214 218 230 235 241 242 244 256 257 265 291 299 304 306 307 325 336 348 358 374 375 376 399 414 421 423 427 429 449 455 456 477 485 501 510 534 538 555 562 580 582 586 590 592 599 600 602 612 620 634 638 652 664 666 677 683 685 686 696 702 709 714 716 719 725 729 733 739 755 756 757 762 776 783 784 795 799 800 805 806 807 814 821 822 825 827 844 847 863 868
q43817d6d41d2c,14 31 47 59 60 69 79 81 95 96 112 114 137 182 198 224 247 249 252 278 286 338 358 370 382 386 388 416 422 445 475 481 496 511 529 534 583 607 628
qd7ce775466c8f,107 132 170
qa38287e478e7d,{}
qc48f620bc4293,{}
q2a832fda311b4,{}
q485c051afc931,1 12 14 27 29 72 73 83 100 107 115 116 121 123 132 135 139 161 171 195 198 204 252 254 262 271 279 285 304 305 311
q19abd41d68b81,{}
q1d3d9f35a06ee,{}
qe0e6d3da612c9,{}
qdc9cde08c0593,{}
q9568568da58bd,{}
qc31a80dfcfe1e,3738 5643 5829 6145 6930 8410 11138 22319 23012 23137 28779
q6bd9bb06dfb08,99 150 182
q5f9efffd2c61d,21921 89569 153431 186301 203189 212592 214665 215262 242647 304196 321488 332269 352507 362791
q883ed54c913b3,30 115 141 172 175 243
q6ef375fc53936,6930 22319
qe537b4f9f654a,6930 22319
q55c131b37edd7,{}
q20cac6b250fab,644 4786 6138 7233 8482 9402 12500 13711 14649
qdc967f6fb8dbd,155 193
q6f162f6c6af61,707 1702 2434 2761 3260 3406 3906 4044 4102 4196 4204 4693 4727
qf6350342737d0,87 162
qb703257565c87,{}
q1786a8499cb7c,{}
q52b69973ea889,707 1702 2434 2761 3260 3406 3906 4044 4102 4196 4204 4693 4727
q24d5ade42a514,{}
q2fab79d7210ca,{}
qcface4f26ae5c,{}
q0b82c8b73d403,707 1702 2434 2761 3260 3406 3906 4044 4102 4196 4204 4693 4727
qf2d49530aeb18,{}
qfd8eb103b9210,{}
q1eaf89e9cade3,707 3406 3906
q6f61e6b20889f,11460
q51080fa7d11db,7590 7653 8104 10477 11460 11728 12246 12811 16180
qd1c5b934c0da3,79 142 868 1204 1713 2381 2967 3457 3623
qfa5fad4c2ff89,160 326 338 509 518 608 642 703 785 1015 1150 1179 1268 1436 1504
qff8df66ad18a3,182
q6d19da7851b63,{}
q376c3cd488c56,{}
qc5ee3c253b5ef,160 326 642
q47b4cfb0b36be,1136 1697 2161 2658 3232 4105 5004 5329 5426
qe96ebb9659811,16180
qe7f0bfac2a989,{}
qcbe0b6623c292,{}
q85bbd16238d3c,{}
qb31a705dccf1b,21921 186301 203189 212592 214665 215262 304196 321488 362791
q7fa7bfe8f8da0,88 106 115 119 150 169 186 224 231 339 348 353 396 400 415
q2a7b6158fbc5b,32 197 223
q944922a3d2503,8 12 18 21 23 26 27 28 32 37 38 46 48 51 54 59 66 68 72 76 77 79 84 85 90 95 100 106 112 125 128 129 137 139 142 145 152 155 157 164 168 179 181 182 183 188 193 194 202 215 217 220 224 231 232 236 237 239 240 243 256 261 267 268 273 274 278 282 283 284 297 300 310 311 312 317 328 330 332 338 342 352 357 360 361 368 389 396 397 408 410 413 423 427 430 436 443 447 452 459 469 473 497 503 511 512 513 521 523 528 534 537 542 544 545 573 579 583 588 596 598 599 602 604 605 611 617 624 626 641 642 648 653 654 658 667 672 676 683 688 694 699 704 705 725 729 733 737 742 743
q07d46adf926ca,707 1702 2434 2761 3260 3406 3906 4044 4102 4196 4204 4693 4727
qe0dbc1d64bcb2,{}
q40a7f80ee7b0d,21921 89569 153431 186301 203189 212592 214665 215262 242647 304196 321488 332269 352507 362791
q452ebe493c016,3738 5643 5829 6145 6930 8410 11138 22319 23012 23137 28779
q78dc9376e5701,197 208 223
q15b2cb735bcac,6930 22319
qaa6f12e84cb98,{}
q52788b013a509,6930 22319
q24ff156d1d57f,{}
q149a27d76db7c,338 785 1179
q7d3aacb2eba94,{}
qf319d2133b808,30 141 172
q9171580a11713,{}
qd0f097a114221,100 107 285
qa274b06d44ad8,{}
q3d04b5ffba904,{}
qe78a2ad779d1a,38 206
q26760d8f27a5d,{}
q8540e3fa3228f,110 147 191
qaf46b0a17ac70,140
qb91eb05fa5789,3 196 208
q52cecfc794693,47 64 86 93 97 109 117
qd7fee489e4e50,707 1702 3260 3406 3906 4196
q136d61f4d8354,160 326 338 642 785 1179
q31aa47a98ef2d,{}
qa4657dfbea026,{}
q5b45d6f172e6a,3738 5643 5829 6145 6930 8410 11138 22319 23012 23137 28779
q74417758ddb04,110 782 1210
q38065aa6878eb,{}
q2d84e163c3bea,44 46 106
q416b83f6db287,12500 13711
q69b1e35dc0e36,{}
q9e50a3cdcfeec,44 46 106
qdaf9d5a203d96,{}
q0d3c444796fbf,{}
q7a37f60f2ba23,18 39 68 91 99 103 116 122 144 162 176 190 243 246 268 273 282 285 296 302 311 313 367 389 408 418 422 430 435 444 450 455 469 480 482 523 530 538 556 571 579 581 602 619 668 673 674 693 699 701 705 718 726 752 768 770 790 797 800 835 850 860 872 898 938 952 964 970 977 997 1051 1093 1103 1118 1131 1133 1143 1146 1154 1155 1159 1167 1171 1192 1209 1252 1282 1294 1302
q3a2c64e2b9796,36 106 119 148 186 193 224 284 329 339 349 381 445 446 448
qe5cf2dc57ce44,{}
qafdbbf6074727,6930
qd578000780f55,{}
q5426a35051e59,{}
q8732f9c0cb3d0,{}
q6286ba5e1099f,99 107 132 150 170 182
qa17b87e82a714,12500
q841d6b260d73a,{}
qb0ad115c2a425,7590 7653 8104 10477 11460 11728 12246 12811 16180
q367fb75faf046,160 326 509 518 608 642 703 1015 1150 1268 1436 1504
qa9754bf9cd6e3,{}
qd3bb08d10c3d0,3738 5643 5829 6145 6930 8410 11138 22319 23012 23137 28779
q71047c3decf7d,{}
qead6521301726,186301 203189 215262 321488 362791
q38d53070d3e97,707 1702 3260 3406 3906 4196
qea60726cb359b,{}
q8d06446902f6c,707 1702 2434 2761 3260 3406 3906 4044 4102 4196 4204 4693 4727
q987fca5b6ac6a,{}
q8a8b5684ff14d,15 26 34 36 38 40 76 79
q78e6386e9bb80,707 1702 2434 2761 3260 3406 3906 4044 4102 4196 4204 4693 4727
q78d3a80060159,12500
q89608829925c3,707 1702 2434 2761 3260 3406 3906 4044 4102 4196 4204 4693 4727
qe81de9b831052,21921 212592 214665 304196 332269
qfe6619773a7cc,{}
q900fea57df928,{}
q540fecc48496a,19 21 35 37 46 66 79 83 91 94 95 103 119 130 132 141 154 214 218 230 235 241 242 244 256 257 265 291 299 304 306 307 325 336 348 358 374 375 376 399 414 421 423 427 429 449 455 456 477 485 501 510 534 538 555 562 580 582 586 590 592 599 600 602 612 620 634 638 652 664 666 677 683 685 686 696 702 709 714 716 719 725 729 733 739 755 756 757 762 776 783 784 795 799 800 805 806 807 814 821 822 825 827 844 847 863 868
qb736540a62b83,{}
q6aab9c6a3d05f,644 4786 6138 7233 8482 9402 12500 13711 14649
qa6288953ff668,21921 89569 153431 186301 203189 212592 214665 215262 242647 304196 321488 332269 352507 362791
q6ee90bd25332b,22319
qcccc889b19881,514 1378 2585 2819 3019 3070 3558 3891 4230
q32f20951e59e7,12500
q80d779e218a1a,{}
q2f480646b89c0,6 9 21 34 44 71 88 116 151 179 188 210 217 272 277 321 339 350 351 372 382 386 477 479 507 525 543 547 559 578 605 608 615 631
qa251a3c97590a,160 326 642
qeb94a3b1b95c9,{}
q56848f206ebac,{}
q7234eba176b1f,8 48 213
qf8d761e31439f,{}
q2cc51394fe082,1702 3260 4196
qefb29fde44d75,{}
q2ba36d0ad8842,7 22 32 43 81 97
qb6d9a8f8841ba,11460
qd656474d42fec,3 20 36 196 208 240
q4cadff561da33,3 20 36 196 208 240
q34bf844d5ab93,99 150 182
q0e82ee263d8aa,{}
q19a457a6ad01b,{}
q26c3acfe560c3,186301 203189 215262 321488 362791
q175ddc107bf05,{}
qb479f27c409cc,{}
qe24240afba62e,44 46 106
qf1f78c816b623,{}
qfaf06b1902846,707 1702 3260 3406 3906 4196
qeff59fbb347fe,79 118 501 1174
q2ac91ce15828e,197 208 223
q53d46831d398d,{}
q083050aaed95f,186301 203189 215262 321488 362791
q0b585f501d385,{}
q1a744f365e5fd,42 167 175
qc5e3f8227e118,3738 5643 5829 6145 6930 8410 11138 22319 23012 23137 28779
qc96e653a93b4d,{}
qb0f0bec8398e7,{}
qc7fa0c2f7f5e9,3738 5643 5829 6145 6930 8410 11138 22319 23012 23137 28779
qbd5063d26cfee,{}
qde193e639029a,21921 89569 153431 186301 203189 212592 214665 215262 242647 304196 321488 332269 352507 362791
qb6c49c4f9be4b,92 694 947
qc7185abae10f6,186301 203189 215262 321488 362791
qff1d33b75e5b4,21921 89569 153431 186301 203189 212592 214665 215262 242647 304196 321488 332269 352507 362791
qdc694cab3ac93,{}
q39ab1954f728f,{}
q5312979f28d55,197 208 223
q0a78329fd706f,1 17 30 31 32 80 113 120 124 134 135 140 151 161 162 172 175 204 221 223 246 256 271 279 281 291 312 320 325 326 331 334 348 354 367 376 379 381 386 394 398 400 403 422 435 438 450 453 454 471 476 479 493 503 507 511 522 525 527 536 539 547 557 565 584 590 601 623 625 635 639 646 658 674 676 677 680 686 688 690 692 695 702 709 715 728 729
q781da22c454a4,{}
q611b2d52a75c0,{}
q887ac22fe2889,{}
qd4db11361b50c,{}
qa22fb3f1db3d2,{}
qfd6ccb3505269,{}
q895879de0d1de,8 48 213
q344beb4c56a75,186301 203189 215262 321488 362791
qe6b7392c1a17e,110 782 1210
qfec871aedf370,{}
q72e35884b7536,{}
q0fd28081bf3a4,707 1702 2434 2761 3260 3406 3906 4044 4102 4196 4204 4693 4727
q2f40dbc205aeb,{}
q97e5ced2ba276,31 73 122 126
q79c4128072e00,30 115 141 172
qa68f0c6589423,{}
q5e90eb2f6b6a1,64 168
q1d42316686ffd,5 14 24 26 44 64 81 94 104
q1a04a93320254,{}
qa0253355aad4e,79 332 415 605 1114
q664dfc5c4449e,707 1702 3260 3406 3906 4196
q34f818f3e003a,22319
qd521d9e52f7b7,{}
q15fbb457677a9,16180
qbe6cd46a317d9,16180
qb550cf94a86c4,{}
q51f53a3bd6b35,81 140 153
qd6d6618b25070,13 31 45 61 80 90 130 131 157 158 164 190 191 194 219 237 258 267 290 302 306 310 327 328 337 338 351 354 369 375 425 463 504 507 525 550 557 564 587 588 603 604 616 623 641
q30e67e9928e4e,{}
q9e6e4f8d0b222,6 7 8 10 21 24 31 33 36 45 56 62
qfacb5f3049e2a,30 54 66 76 80 89 91 97 101 114 127 139 148 161 182 186 208 209 213 221 254 270 278 289 298 320 323 330 331 341 347 352 361 370 390 392 404 415 418 454 473 499 515 542 547 585 603 631 644 698 708 740 771 786 810 824 854 878 879 884 896 903 913 920 925 951 967 1024 1037 1041 1052 1086 1102 1114 1133 1139 1150 1200 1233 1255 1258 1270 1286 1339 1361 1369 1407 1419 1423 1477 1478 1482 1492 1496 1503 1511 1524 1536 1552 1567
q56b7e3c79087c,12500
qefca112958e55,11460
q4f7628c22b813,1702 3260 4196
qd2ffe43b9d83b,338 785 1179
q177cbb239eb75,{}
q3f36842347369,{}
q553b443a2f7f3,6 8 9 15 36 54 57 58 69 75 97 105 118 123 158 160 183 201 207 210 234 239 249 278 291 300 334 339 382 403 404 409 412 428 438 445 475 487 493 506 515 542 561 592 597 612 616 618 666 680 709 744 746 761 765 783 820 861 862 888 905 911 949 952 956 973 982 984 999 1016 1031 1035 1043 1065
qee4e58431aa9f,338 785 1179
qeca063c356dc5,7 22 32 43 81 97
q6f17c4d27a68e,30 141 172
q50a2de850c9ba,13711
qab74c5f024462,{}
qaca93e064bdf5,{}
q3be77eac2d63d,{}
q60c2ca8b3b74c,6930
q236420f4881c8,6930 22319
q32c5dc9b6d5c7,{}
q37ed2edab9471,332 415 605 1114
qd0811fee7d77a,{}
q4eb27d8c4a8cb,186301 203189 215262 321488 362791
qf1d6f6961f958,110 782 1210
q33d3a2c70fc46,{}
qa6ca6253a2514,{}
qfdc1704fe7a67,22319
qcf0775c4943a6,22 81 97
q6a0d756a36abf,{}
qf272f9252b40e,14 17 28 29 62 119 188 192 210 223 255 268 295 306 319 335
q43886df337bfe,1702 3260 4196
qb8c5ed7b3c519,29 31 37 42 52 63 69 78 90 128 129 140
q6d31ac270ba76,8 12 18 21 23 26 27 28 32 37 38 46 48 51 54 59 66 68 72 76 77 79 84 85 90 95 100 106 112 125 128 129 137 139 142 145 152 155 157 164 168 179 181 182 183 188 193 194 202 215 217 220 224 231 232 236 237 239 240 243 256 261 267 268 273 274 278 282 283 284 297 300 310 311 312 317 328 330 332 338 342 352 357 360 361 368 389 396 397 408 410 413 423 427 430 436 443 447 452 459 469 473 497 503 511 512 513 521 523 528 534 537 542 544 545 573 579 583 588 596 598 599 602 604 605 611 617 624 626 641 642 648 653 654 658 667 672 676 683 688 694 699 704 705 725 729 733 737 742 743
q178a41285ba68,22 81 97
q60fb0b0bdfa8b,{}
q5f8663462f505,81 140 153
q3a3eea8c7faa8,13711
q1e05f679d423b,1702 3260 4196
q17fde882c7265,{}
qc406cca2989de,12500
qcfa565d440ac2,{}
q1b7786eb9ffb1,11460
q7997bf6574c47,{}
q0cdebc80f88ce,317 343
q332b100394443,{}
qa6555f4f532d6,{}
q727649769d8f6,13 14 16 24 43 50 51 58 60 65 66 67 72 83 89 100 102 103 108 144 146 149 151 160 167 178 208 217 226 262 266 289 304 310 312 321 322 328 345 356 362 387 389 394 397 400 403 406 412 416 426 428 432 443 447 467 476 484 490 494 504 511 522 538 546 551 558 580 587 601 605 621 632 644 645 648 655 657 661 667 719 725 726 747 761 767 772 773 795 797 799 800 815 829 831 844 865 866 867 882 891 903 907 909 910 913 922 951 954 957 967 971 980 985 991 996 998 1012 1018 1040 1053 1060 1061 1072 1073 1080 1094 1100 1105 1107 1117 1124 1125 1134 1138 1139 1147 1148 1152 1153 1170 1171 1190 1195 1227 1228 1234 1240 1244 1250 1291 1304 1306 1330 1331 1335 1337 1338 1353 1354 1355 1387 1389 1392 1394 1403 1404 1408 1412
q3f25ca972f4a6,160 326 642
q4a46b9ddd3884,79 118 138 302 332 415 501 563 605 790 1114 1174
q8d83d7b0a0160,140 147
q8f3280fb90339,92 694 947
qaad6ddf2c8452,{}
qfad1061022e47,707 1702 3260 3406 3906 4196
q8e946c3d0cd2c,8 48 213
q6100a7ff9ff85,{}
qec558bbb906d4,{}
qaeead877b68d0,12500
q56b5e49a581b1,21921 212592 214665 304196 332269
q9224995bdd923,707 1702 2434 2761 3260 3406 3906 4044 4102 4196 4204 4693 4727
qc92819c59a0ec,{}
q0076d4f405077,{}
q341e06808ea52,{}
q9db8ef9e41fe4,{}
q52c860efe2645,{}
qef8611bd6c0f1,{}
q1d98d2eacd665,11460
q9f4ddf6e00a57,{}
q6a56678441795,8 12 18 21 23 26 27 28 32 37 38 46 48 51 54 59 66 68 72 76 77 79 84 85 90 95 100 106 112 125 128 129 137 139 142 145 152 155 157 164 168 179 181 182 183 188 193 194 202 215 217 220 224 231 232 236 237 239 240 243 256 261 267 268 273 274 278 282 283 284 297 300 310 311 312 317 328 330 332 338 342 352 357 360 361 368 389 396 397 408 410 413 423 427 430 436 443 447 452 459 469 473 497 503 511 512 513 521 523 528 534 537 542 544 545 573 579 583 588 596 598 599 602 604 605 611 617 624 626 641 642 648 653 654 658 667 672 676 683 688 694 699 704 705 725 729 733 737 742 743
qa8cc3e93f219c,{}
qe7183deb0d62a,21921 89569 153431 186301 203189 212592 214665 215262 242647 304196 321488 332269 352507 362791
qf4cb6afff3225,{}
q908355877bf33,92 694 947
qd08433b347b69,16180
q01e427a784872,12500
qcd624ff3b506a,{}
qddcd6c362601c,312 421
qeff8798074ade,6930 22319
qb298162a7ff1d,{}
q8dfc1d521c9dc,{}
q9eed271286671,16 48 77 175 204 225 304 313 327 360 374 386 393 409 420 459 460 469 520 523 538 549 594 602 650 669
q6f79e0943fbcf,186301 203189 215262 321488 362791
q89b245b1fc577,{}
q5dfad9a7a418e,160 326 338 642 785 1179
q86d9ef157589e,{}
qed91305ec1137,42 110 147 167 175 191
q93f038af88592,707 1702 2434 2761 3260 3406 3906 4044 4102 4196 4204 4693 4727
qe3b4a12a6481b,{}
q553ae181c04c8,{}
q828d2cc618a7f,338 785 1179
qccb2b50124074,{}
q6dad18d644f44,{}
qe8070c1cfd17a,{}
q1da25c03fe066,16180
q43c25b3c4df66,65 421
qd9248e068d388,21921 89569 153431 186301 203189 212592 214665 215262 242647 304196 321488 332269 352507 362791
qde5cc65796e56,22319
q45033052d1ff3,21921 212592 214665 304196 332269
q564648245763a,644 4786 6138 7233 8482 9402 12500 13711 14649
q196edc42c97d3,21921 89569 153431 186301 203189 212592 214665 215262 242647 304196 321488 332269 352507 362791
qa50ad072a56d3,{}
qff588aa8715fa,160 326 338 642 785 1179
qf88ff029f7099,20 36 240
q27eea21b243f5,{}
qfef87e28fa25c,{}
qb148b975368af,21921 89569 153431 186301 203189 212592 214665 215262 242647 304196 321488 332269 352507 362791
q6e7a0b1207f22,22 30 38 47 54 66 76 80 89 91 97 101 103 108 111 113 114 127 139 148 161 171 182 186 193 208 209 213 221 246 254 262 270 278 285 289 298 303 305 320 323 330 331 341 347 352 357 361 370 385 389 390 392 404 415 418 454 470 473 475 499 515 538 542 546 547 585 603 628 631 644 665 698 704 708 711 722 729 740 771 786 810 815 819 824 826 842 846 854 855 860 872 878 879 884 896 903 910 913 920 925 933 951 964 967 995 1024 1025 1037 1038 1041 1052 1056 1061 1066 1068 1082 1086 1094 1101 1102 1104 1114 1130 1133 1139 1150 1189 1200 1215 1218 1232 1233 1250 1254 1255 1258 1270 1286 1311 1312 1339 1347 1361 1369 1373 1378 1406 1407 1419 1423 1429 1449 1457 1458 1477 1478 1482 1492 1496 1501 1503 1511 1524 1536 1552 1564 1567
q37f56ebe860f8,{}
qa0a78465a05ef,21921 212592 214665 304196 332269
q56151cab8b927,{}
q20badd81486a2,{}
qf5a9757da4c7d,6930 22319
qd051ce1264a15,12 77 207 240 288 327 393 420 460 602 669
q54e166577d0ca,11460
qbf9470f093838,21921 89569 153431 186301 203189 212592 214665 215262 242647 304196 321488 332269 352507 362791
q0534cdf7fd954,{}
q1ccf412fbc366,368 617 812 822 861 1039 1248 1398 1503 1606
q20d46ba8ebcb8,79 118 138 302 332 415 501 563 605 790 1114 1174
q08c99b2524cac,{}
q09f5206fbb492,186301 203189 215262 321488 362791
qb5b4abbf1ca71,12500
q8f8a6653322f9,{}
qf98d8e1b01c6d,{}
qa6936589dbfad,6930 22319
qb2295a51ae5e5,{}
q2324ed3acca92,16180
q33eed371aa9ec,11460
qb13987e688875,29 36 38 62
qcd1644951d011,7590 7653 8104 10477 11460 11728 12246 12811 16180
q6407d617b4e65,{}
q490b40e1f7d4a,{}
q7d7910bd5a992,{}
q7b49623c6c41f,{}
qb4cdc057111fb,{}
q76b825046db73,{}
qf9c0de57f09a3,21921 89569 153431 186301 203189 212592 214665 215262 242647 304196 321488 332269 352507 362791
q454ca7ea9c2d7,141 172
q69af8b007593f,{}
qcad437ad2f1e2,{}
q6d29e1a3b48a9,{}
q9df8b05229249,{}
q54633d0285167,7 32 43
qd37fd7f035236,21921 212592 214665 304196 332269
qe71e573fe1669,4 77 88 90 92 95 105 108 135
qf1657e355a0f4,707 1702 2434 2761 3260 3406 3906 4044 4102 4196 4204 4693 4727
q7147a4511d761,{}
q12bf02be38cb5,{}
q9b424f9c77fff,{}
q389b1c9e61c23,7 12 17 23 31 32 37 46 48 53 56 57 78 79 84 90 95 96 108 110 111 117 121 132 139 156 176 177 192 201 203 204 219 228 241 248 255 263 266 267 270 273 277 293 305 307 310 318 329 330 333 383 407 414 428 460 465 468 478 480 501 508 513 534 543 551 565 566 575 580 582 598 614 621 624 659 660 661 665 676 677 679 680 695 699 709 712 717 735 737 743 745 750 764 765
qe4f02f428c0df,{}
qd954a8e152752,1136 1697 2161 2658 3232 4105 5004 5329 5426
q1aeab90ebd132,{}
qaaa6eee82b16a,176 304
q61980972b37d6,5 15 21 26 34 36 38 40 41 45 47 66 73 76 77 79 86 92 98 105
qe6788889544e5,16180
q231e900197d2f,{}
q3d5e673895ca7,123 198 305
qaa61b4f9e6116,{}
q89975540befb2,3738 5643 5829 6145 6930 8410 11138 22319 23012 23137 28779
q566f04364766c,35 66 68 107 131 139 203 251 303 309 424 446 460 467 468 491 500 517 524 545 551 564 582 605
qec0a0be2d1604,{}
q3091e45a49a69,7590 7653 8104 10477 11460 11728 12246 12811 16180
qe53a47330e4a4,3738 5643 5829 6145 6930 8410 11138 22319 23012 23137 28779
q0b6d9bc51a168,22 81 97
q5cc2f788a9e7e,21921 89569 153431 186301 203189 212592 214665 215262 242647 304196 321488 332269 352507 362791
q871cf70b218cf,186301 203189 215262 321488 362791
qbbbb5017977d7,{}
q50a6853ec0456,{}
qbe82ff92f804a,7590 7653 8104 10477 11460 11728 12246 12811 16180
q479ad2ea2da51,186301 203189 215262 321488 362791
qdda2cbaffbad7,11460
q1287403b4e4d7,35 66 68 107 131 139 203 251 303 309 424 446 460 467 468 491 500 517 524 545 551 564 582 605
qfae1b1f06d329,7590 7653 8104 10477 11460 11728 12246 12811 16180
q8ed2e69104597,13711
qc60c65d63f33b,{}
q450231c45aa35,{}
q9a8c82b32e9b0,{}
q4261a1831c3de,13711
q51a4823eaa870,{}
qa21d76ea1cd33,16180
q60b70aefc3036,110 167 175
q58e3e6e4f70da,{}
q0569741983fec,338 785 1179
q9d64bc88af813,7590 7653 8104 10477 11460 11728 12246 12811 16180
q92c4b7a7f7848,21921 89569 153431 186301 203189 212592 214665 215262 242647 304196 321488 332269 352507 362791
q1be85102ee2de,186301 203189 215262 321488 362791
q19648accdc627,{}
qbf2104beee637,707 1702 3260 3406 3906 4196
q28d3ed0c5efc2,{}
qd9fd75f704cf7,707 1702 2434 2761 3260 3406 3906 4044 4102 4196 4204 4693 4727
qd177fd643394c,{}
qa2a9d609372eb,160 326 338 509 518 608 642 703 785 1015 1150 1179 1268 1436 1504
q2356153fd5697,{}
q636695eb42c6c,707 3406 3906
q9853ce6fcd41e,30 141 172
q665d945fec347,18 39 68 91 99 103 116 122 144 162 176 190 243 246 268 273 282 285 296 302 311 313 367 389 408 418 422 430 435 444 450 455 469 480 482 523 530 538 556 571 579 581 602 619 668 673 674 693 699 701 705 718 726 752 768 770 790 797 800 835 850 860 872 898 938 952 964 970 977 997 1051 1093 1103 1118 1131 1133 1143 1146 1154 1155 1159 1167 1171 1192 1209 1252 1282 1294 1302
q480ea494f46a8,707 1702 2434 2761 3260 3406 3906 4044 4102 4196 4204 4693 4727
q3f368cfed75b1,22319
q59b4b0fa78a49,20 36 240
qaa8fb9c844602,{}
q1c71e40cbed6d,11460
q5885c9907ec3f,21921 89569 153431 186301 203189 212592 214665 215262 242647 304196 321488 332269 352507 362791
q2805a1ccf8090,35 38 44 108 113 152 227 230 232 240 263 275 355 366 386 412 516 558 562 577 600
q0faf3e2a8017a,99 150 182
qb981c2a5ba2c0,{}
qa6a3e868da7fa,{}
q9708b86dad01b,{}
q203c56ebefd98,8 48 213
q9aed54b58073e,92 110 694 782 947 1210
q76dd68920fc40,{}
q374722ff694c5,707 3406 3906
qd4a68a1837c6c,{}
qfcecbf8e48839,707 1702 3260 3406 3906 4196
q959d9a580f792,{}
qfc48b325bc3eb,{}
q4d5de74347fb5,160 326 338 642 785 1179
q996d02b46bc40,338 785 1179
qee59f93d84869,7590 7653 8104 10477 11460 11728 12246 12811 16180
q7c3e94daf0dfb,{}
qde52ff5214aad,{}
q94d1f5eb9bb8a,21921 212592 214665 304196 332269
qb2b2688853e66,{}
q58489879e9ffb,{}
q525786cd123be,{}
q8a3cbb04ca42d,75 112 113 134 145 151 154 156 158 159 178 197 202 229 238 241 252 295 332 343 345 361 365 370 385 400 405 423 432 442 455 484 486 487 493 496 498 523 546 554 593 611 621 647 658 659 683 729 748 752 754 782 784 790 810 823 841 879 881 903 913 916 922 925 926 946 972
q60dffcc6c22bb,2 7 11 18 57 72 75 93 105 113 127 131
q61d1ea1d4c54f,11460
q55c0a9c3ed664,{}
q72cfcbe8e827c,18 65 97 167 230 302 435 469 526 601 654
qcf0757007f6bc,6930 22319
q7f54046aee955,160 326 642
qf9a94a363c67a,12500
q4b0066f854da2,13 18 54 64 69 76 94 101 120
q7b37f3e5a8cb5,186301 203189 215262 321488 362791
qdbb3fcde2acf0,{}
q7a5c1600d1285,6930
q39a1d571c9400,3738 5643 5829 6145 6930 8410 11138 22319 23012 23137 28779
q095f8f8ec3d94,13711
q7145e7a434be8,6930
q40e5812152484,644 4786 6138 7233 8482 9402 12500 13711 14649
q3a7d07d6555bb,{}
qd87b47cc951bc,12500
q10c798f4f652a,16180
q80c0bca3fd2fa,{}
q721fed5273e25,141 172
q70fbf26979c20,5 16 36 38 40 56 62
q73ef148c4c8c1,42 110 147 167 175 191
q95974edffd991,{}
q09a6ce69730f0,110 782 1210
q46ba5b0977450,160 326 338 509 518 608 642 703 785 1015 1150 1179 1268 1436 1504
qc30693a1fcbae,{}
qf58c0f6ed0ceb,{}
qe91e169279e83,{}
q2ae9cdd70a48a,35 66 68 107 131 251 309 467 468 491 517 524 564 582
q912d329f72723,{}
qf44b6743162ba,3 20 36 196 208 240
qedcd6111181af,{}
q4234b24deddd7,22319
qc097f87bc4839,1702 3260 4196
qff1c587096a45,{}
qb188d4befb185,40 92 110 501 694 707 748 782 822 947 1210
qf696f07b40389,11460
qd5a6594096726,707 1702 2434 2761 3260 3406 3906 4044 4102 4196 4204 4693 4727
q3f25af194187e,42 110 147 167 175 191
q2f441a6bd76f4,5 13 30 49
qf8610b12acfce,29 30 41 63 76 89 91 96 107 128 129 131
q41396cd5c8fce,16180
q63cf11b60fe48,3738 5643 5829 6145 6930 8410 11138 22319 23012 23137 28779
qf665573998295,99 150 182
q15def0f46b7c3,28 188 192 319
q54f397fa0e920,{}
qd78a295625452,1 12 13 14 16 21 22 30 35 40 47 57 62 63 69 71 78 86 91 92 97 99 105 107 108 110 118 129 133 135 140 143 146 153 157 158 164 176 177 185 186 194 204 205 213 216 218 230 235 236 240 242 256 264 265 266 268 270 273 278 280 284 285 287 288 290 301 303 304 306 315 320 324 327 330 333 339 344 346 347 353 355 356 359 369 380 381 387 389 393 397 402 403 405 406 410 416 419 420 443 450 461 468 469 470 471 472 474
q5a4a7e1003290,{}
q8894e3d4fe89e,160 326 642
q266312ad0754a,5 31 32 50 68 76 79 107 119 139 178 203 214 230 240 263 287 303 318 351 369 422 423 424 442 446 453 460 467 470 478 487 492 496 500 507 514 533 536 545 551 558 564 582 605 608
q0c05f4a15e922,{}
qa699e4a675c0a,{}
q44ee9929d4f8a,{}
q8ae78b70401ed,21921 212592 214665 304196 332269
qe57c046b1b0dd,6930
q45e1de90896e1,{}
q4c4701afd0378,{}
q5ae45acc38733,12500
q27452da25893c,16180
qc04ee0563772f,21921 89569 153431 186301 203189 212592 214665 215262 242647 304196 321488 332269 352507 362791
qc3a1873dd20dc,{}
qbe557919399d4,21921 186301 203189 212592 214665 215262 304196 321488 332269 362791
qb1769b3fe6ffd,6930 22319
q4ec5cf4483d49,{}
qe9af7382aace4,186301 203189 215262 321488 362791
q82ed938fc99b9,79 118 501 1174
q06dd5823f2279,11460
q4107a7c860fe9,{}
q9412c9ce0b46c,{}
qe10019bb9ec4b,{}
qd218f2613b306,100 107 285
qae2393f559514,13711
qc2ce25cd198b0,186301 203189 215262 321488 362791
qecc1af5dee987,13711
q9450d26669cdd,644 4786 6138 7233 8482 9402 12500 13711 14649
qbfd7249fb3588,1 2 3 4 7 8 16 26 37 38 39 41 48 50 64 66 68 69 82 85 86 91 107 111 120 121 125 130 134 143
q0c13838f34f19,{}
qc6a269262497c,{}
q4623fc0f13495,4 6 10 20 24 33 43 49 51 69 73 77 88 90 92 95 105 108 113 117 123 127 128 131 135
q8abfb11b51a11,110 147 191
qff35ddb2563a0,11460
q39abde058afff,3738 5643 5829 6145 6930 8410 11138 22319 23012 23137 28779
q1d9e3e14d8e90,21921 89569 153431 186301 203189 212592 214665 215262 242647 304196 321488 332269 352507 362791
q4728d01ea6f66,{}
qd6b157da0daf7,1 12 14 27 29 72 73 83 100 107 115 116 121 132 135 139 161 171 195 204 252 254 262 271 279 285 304 311
qe1a417d40d7d6,160 326 642
qdc9da898dfd5b,{}
q430ddfc0538b3,{}
qdb114077b6ffb,22 38 47 103 108 111 113 171 193 246 262 285 303 305 357 385 389 470 475 538 546 628 665 704 711 722 729 815 819 826 842 846 855 860 872 910 933 964 995 1025 1038 1056 1061 1066 1068 1082 1094 1101 1104 1130 1189 1215 1218 1232 1250 1254 1311 1312 1347 1373 1378 1406 1429 1449 1457 1458 1501 1564
q3fcd8851435fd,{}
q29ab9ea045938,{}
qd543b30f80979,40 92 110 501 694 707 748 782 822 947 1210
q11f00e6237e27,{}
qaa7bda95ee72b,{}
qe4c4af2b2e2ef,1702 3260 4196
qa38eca462b22a,{}
q70b5a273bebad,12 14 18 31 47 54 59 60 69 77 79 81 94 95 96 107 112 114 137 145 157 164 182 190 198 200 209 220 224 243 247 248 249 252 262 278 281 286 297 302 322 338 358 370 376 382 386 388 395 399 416 422 445 449 475 481 487 488 492 496 497 511 529 534 539 558 583 599 606 607 614 616 617 622 628 634
q51681953360cd,{}
qa2d08ba893e5a,160 326 338 509 518 608 642 703 785 1015 1150 1179 1268 1436 1504
q9be5bf9ffe07f,{}
qaa401d572c572,188 192
qf0f86d59d77bc,{}
q953a0f7bdd3d2,{}
q95038d70864fe,35 66 68 107 131 139 203 251 303 309 460 467 468 491 500 517 524 545 551 564 582 605
qa4591ed0efa21,{}
q9c49ac3562355,{}
qceeef632b56e5,3738 5643 5829 6145 6930 8410 11138 22319 23012 23137 28779
qca651fa460c3a,11460
q533660131bf8e,8 12 18 21 23 26 27 28 32 37 38 46 48 51 54 59 66 68 72 76 77 79 84 85 90 95 100 106 112 125 128 129 137 139 142 145 152 155 157 164 168 179 181 182 183 188 193 194 202 215 217 220 224 231 232 236 237 239 240 243 256 261 267 268 273 274 278 282 283 284 297 300 310 311 312 317 328 330 332 338 342 352 357 360 361 368 389 396 397 408 410 413 423 427 430 436 443 447 452 459 469 473 497 503 511 512 513 521 523 528 534 537 542 544 545 573 579 583 588 596 598 599 602 604 605 611 617 624 626 641 642 648 653 654 658 667 672 676 683 688 694 699 704 705 725 729 733 737 742 743
q3ecf9b930baa5,{}
q0d4616fda94cd,{}
qa0ab956020186,106 193 415
q1f689f034b6a1,21921 89569 153431 186301 203189 212592 214665 215262 242647 304196 321488 332269 352507 362791
q89977b6a1a3d2,707 1702 3260 3406 3906 4196
qbb37f1abeb27e,8 48 213
q3eb3589aeceda,4 10 77 88 90 92 95 108 113 135
qe9fa3e0acde3a,{}
q8c0c672d51330,186301 203189 215262 321488 362791
qc7f37479e9b6c,16180
q9a7a47988d2fd,{}
q0ca74652276b6,{}
q16a187f43687f,{}
q4749bb75b281d,8 12 18 21 23 26 27 28 32 37 38 46 48 51 54 59 66 68 72 76 77 79 84 85 90 95 100 106 112 125 128 129 137 139 142 145 152 155 157 164 168 179 181 182 183 188 193 194 202 215 217 220 224 231 232 236 237 239 240 243 256 261 267 268 273 274 278 282 283 284 297 300 310 311 312 317 328 330 332 338 342 352 357 360 361 368 389 396 397 408 410 413 423 427 430 436 443 447 452 459 469 473 497 503 511 512 513 521 523 528 534 537 542 544 545 573 579 583 588 596 598 599 602 604 605 611 617 624 626 641 642 648 653 654 658 667 672 676 683 688 694 699 704 705 725 729 733 737 742 743
qb56254182ee3a,{}
q177c86dc10b08,{}
q410a7cbe532b4,{}
qd8b5d2cf1e0b2,{}
qe308a287c8256,{}
qedfc0c752cbd8,{}
q4952448f62304,{}
q737608d80156b,{}
q5bc6e4e71e353,186301 203189 215262 321488 362791
qc635c0cd5ee88,1 12 14 27 29 72 73 83 100 107 115 116 121 123 132 135 139 161 171 195 198 204 252 254 262 271 279 285 304 305 311
q9d7a11490403c,{}
qe5303293b2a44,3738 5643 5829 6145 6930 8410 11138 22319 23012 23137 28779
qcb049891f5753,{}
q87f1fe369f535,{}
q12da2aafd8697,160 326 642
q8840e660f769c,160 326 338 642 785 1179
qdaedd05680752,160 326 338 642 785 1179
q823923973355b,1 3 8 12 26 32 39 41 48 52 53 57 65 73 74 78 93 104 130 131 137 145 146 162 167 186 187 203 204 205 218 225 229 232 251 254 263 265 274 304 305 306 314 320 322 339 348 360 383 387 400 405 419 423 442 447 449 455 466 469 492 497 511 516 518 538 561 568 574 607 608 609 610 613 618 619 620 632 634 641 646 650 669 700 703 722 733 751 753 759 760 771 787 795 798 812 824 837 838 847 850 856 860 887 888 889 906 935 941 956 957 986 994 1006 1011 1012 1016 1018 1029 1051 1057 1060 1064 1069 1083 1086 1088 1116 1144 1150 1156 1157 1165 1172 1177 1186 1193 1194 1195 1200 1203 1204 1206 1208 1214 1219 1221 1224 1225
qb49ca37c2831b,{}
qf7cf7251d6400,{}
q6618492d790b6,{}
qf0b2a78588e77,{}
qfe08af5653afe,{}
q97888f3e85633,{}
qa46446f00c39c,{}
q70f98046c9294,{}
q385e959eb9256,197 208 223
qb0cc63a9c26b7,22319
q64f47218de134,99 107 132 170
q326580d877885,707 3406 3906
qc47ba0d82df5b,9 12 36 102 107 118 146 153 158 195 207 211 222 230 237 240 244 271 287 295 299 303 322 334 341 358 416 423 427 457 459 469 511 542 545 548 561 589 616 646 680 691 698 710 745 749 752 754 772 776 777 781 799 800 822 823 862 865 878 890 939 984 995 1007 1009 1047 1064 1095 1126 1161 1168 1201 1213 1218 1225 1230 1234 1238 1248 1261 1276 1286
q1005f86d79152,644 4786 6138 7233 8482 9402 12500 13711 14649
qbc519209d72d6,21921 89569 153431 186301 203189 212592 214665 215262 242647 304196 321488 332269 352507 362791
q4457bf309b796,{}
qd288cb2457587,110 147 191
q174d0a8eed484,{}
qa2071bbeafd90,{}
qb66922c6b9831,8 48 213
qfc935ec3b8d5a,{}
q561239dd049ce,{}
q9ef4443eb7717,13711
q514562adf6572,{}
qbfced3dc1291e,92 694 947
qc62b22190db03,42 110 147 167 175 191
qae94e8ff7965f,{}
qcbda877a0a173,10 44 46 62 106 145
qef21292385d64,81 140 153
q42115cf8e4140,{}
q2088f515503ed,5 18 24 44 64 81 104
q8ee5218810c48,186301 203189 215262 321488 362791
qa60da8757077c,110 147
q76a626b1ff034,7590 7653 8104 10477 11460 11728 12246 12811 16180
qac96e210ad366,{}
q63aaef2c4cb23,{}
qd717fc64b9449,79 332 415 605 1114
q7490d84f5a013,{}
q0219fc527c32c,35 50 66 68 107 131 139 203 251 303 309 424 446 460 467 468 491 500 517 524 545 551 564 582 605
q05d6983d152db,707 1702 3260 3406 3906 4196
q56edec097e0a8,6930 22319
q3fe11339e4998,707 1702 2434 2761 3260 3406 3906 4044 4102 4196 4204 4693 4727
qcfc877cdd8b56,2 3 27 39 44 45 49 53 74 89 95 96 97 98 107 108 109 114 118 121 122 130 134 138 140 153 154 158 160 168 180 192 204 205 209 220 229 232 239 241 245 257 258 263 266 269 271 273 279 292 310 321 329 360 364 382 385 386 388 421 425 427 434 436 438 451 456 463 475 493 494 499 504 505 510 514 522 524 525 557 563 577 584 594 596 611 613 625 626 645 651 653 660 669 680 684 697 709 729 746 782 783 786 793 813 814 823 836 841 843 848 862 865 866 882 927 932 934 945 950 952 959 986 992 995 1012 1022 1048 1050 1060 1063 1065 1068 1077 1089 1092 1096 1102 1109 1124 1153 1166 1181 1184 1186 1195 1196 1201 1210
qede770a7b460b,99 150 182
q74ad6714caa3a,3738 5643 5829 6145 6930 8410 11138 22319 23012 23137 28779
qf03b0a4916d21,{}
q44109a42139e0,6 19 62 88 92 130 207 228 252 259 279 289 325 333 345 359 380 401 405 407 428 449 461 474 477 505 533 559 599 600 628 640 649 656 661 663 680 691 697 701 730 738 785 790 793 815 822 832 852 870 884 885 901 905 912 960 970 971 979 988 994 1009 1060 1062 1066 1117 1123
q81f5a02af371e,{}
qddeade59bc8cd,13711
q18309c9f7cf62,{}
q35bae787706f7,{}
q8b91ae2d77ccc,707 1702 2434 2761 3260 3406 3906 4044 4102 4196 4204 4693 4727
qdd35fc0332ec2,12 13 16 17 18 19 23 39 47 48 50 51 58 61 77 80 84 92 112 116 117 128 129 139 140 150 153 171 172 175 179 183 204 207 225 229 240 242 253 254 256 273 276 278 280 283 286 287 288 304 311 313 321 323 327 336 339 350 360 374 375 383 386 391 393 398 409 410 420 422 423 426 428 431 433 443 447 455 459 460 469 490 496 500 501 503 513 515 520 523 527 530 531 538 546 549 552 562 566 576 577 584 588 594 602 606 611 619 623 628 631 642 645 649 650 655 657 659 669 675 679 682 683 684 686 690 705 711 713 723
qb3df2b7850a06,{}
qec1ad521509b4,{}
q6e971890561f1,160 326 338 642 785 1179
qeacb2fbe70045,1702 3260 4196
q2c8d44cb4cf42,13711
qe9752f183e517,12500
qc3e8809c683bf,35 46 60 62 66 75 91 109 112 113 122 134 145 151 154 156 158 159 178 197 201 202 223 229 238 241 252 289 295 307 329 332 335 337 343 345 361 365 370 385 389 395 400 401 405 407 413 419 423 432 436 442 455 471 479 484 486 487 493 496 497 498 518 523 546 554 565 577 579 593 606 611 621 627 647 658 659 683 687 704 715 717 721 729 737 748 752 754 779 782 784 790 799 810 816 823 831 841 844 846 879 881 893 896 903 913 916 922 925 926 937 944 946 952 966 968 972 976 988
qec9e842844236,{}
q5872916d8e156,42 167 175
q75e026ab5b0a1,197 208 223
q5b60dc5385f8f,110 147 191
q73e96c9ae0268,{}
q9010f5ec0553a,16180
q67bacc8e73874,21921 89569 153431 186301 203189 212592 214665 215262 242647 304196 321488 332269 352507 362791
q83a4d2e9f468d,6930 22319
q51044c0f5031d,30 45 46 51 57 68 102 123 128 132 151 167 169 184 212 219 258 282 305 324 346 350 367 375 382 413 419 439 440 457 464 489 516 537 542 574 607 615 621 623 625 643 662 671 676 687 696 703 726 773 819 825 826 827 828 842 846 850 855 893 896 907 921 930 934 935 937 965 973 993 1003 1032 1045 1052 1112
qbcdf058628c25,8 48 213
q13cf1db8a3450,707 1702 3260 3406 3906 4196
qc3786b1ddaf76,3 20 36 196 208 240
q732a10d5a0820,186301 203189 215262 321488 362791
q3316277ffa40d,6930 22319
q252aab912aefd,{}
q06bf5bf8e3129,105 156 302 485
qb4bf386927011,42 110 147 167 175 191
qafce80810494d,21921 89569 153431 186301 203189 212592 214665 215262 242647 304196 321488 332269 352507 362791
q674260c705345,{}
q269b7c3e5b542,6930
q53b2c3272526f,7590 7653 8104 10477 11460 11728 12246 12811 16180
q62a0be8092075,16180
qf31a74f04dd2c,644 4786 6138 7233 8482 9402 12500 13711 14649
q004f3ae6ed278,707 1702 3260 3406 3906 4196
qaf50cee37cd07,3 47 64 65 110 112 114 121 129 165 168 180 195 214 215 222 235
qbfa77efa90b24,{}
q3535d96bf537a,707 1702 3260 3406 3906 4196
q32048a6f8ccee,644 4786 6138 7233 8482 9402 12500 13711 14649
q48f8a9d313c73,{}
q04cf803bdfbad,{}
q909f2b2b05a60,{}
q5f81f6d4589c6,644 4786 6138 7233 8482 9402 12500 13711 14649
q4c828628a5ca9,110 147 175
qbedd9da335c5b,160 326 338 642 785 1179
q7fc054016ed28,79 118 138 302 332 415 501 563 605 790 1114 1174
q29d2fd8a7160c,338 785 1179
q255a29d7d85b3,12500
qe6ef0bdd324d4,707 1702 2434 2761 3260 3406 3906 4044 4102 4196 4204 4693 4727
qf8665e0332f6d,1 32 113 135 162 223 246 256 271 279 291 320 325 326 331 348 354 376 379 386 400 403 422 435 450 454 479 493 503 507 511 522 525 527 539 547 557 584 590 623 635 676 686 688 690 709 715 728 729
q35676dab731f4,11460
qd8a5fdc1e09b1,21921 89569 153431 186301 203189 212592 214665 215262 242647 304196 321488 332269 352507 362791
qcf72f20dcd4e1,99 150 182
q5bca4a830c75e,{}
q8cb396db36faa,{}
q67a4ce98f786f,{}
q833b0621fd36c,{}
qe997cc898e65b,40 92 110 501 694 707 748 782 822 947 1210
q0b9638abb3eb6,21921 212592 214665 304196 332269
q55974c089d9b0,{}
q5ba0446a66e95,{}
q5784eb198c963,{}
q3d2a7bb4363a8,{}
q1c48ca5c57b77,{}
qa6afaa99da75b,707 1702 3260 3406 3906 4196
q97d32407e2aef,332 415 605 1114
qa12ef7f26f34e,12500
q3395c169281b5,{}
qb33645ce746fb,{}
qf5125c5962952,644 4786 6138 7233 8482 9402 12500 13711 14649
qf9abca98a2765,20 36 240
qaf45410e0f56f,{}
q8af8bcb1043b7,{}
q675b894176f54,30 115 141 172 175 243
q87881d56f5fbf,6 7 8 10 21 24 31 33 36 45 56 62
q2ce5286c12fef,{}
qd01cb8bc38d18,{}
q952b9419f6c06,10 46 62
qf379bb2e0d450,{}
q956d2409298cb,16180
q81a1c313f2690,1702 3260 4196
qd96703c3a967c,{}
q6776185eb8eb3,707 1702 3260 3406 3906 4196
q6a8e240022c8a,160 326 338 642 785 1179
q2b41af5862792,12 14 18 31 47 54 59 60 69 77 79 81 94 95 96 107 112 114 137 145 157 164 182 190 198 200 209 220 224 243 247 248 249 252 262 278 281 286 297 302 322 338 358 370 376 382 386 388 395 399 416 422 445 449 475 481 487 488 492 496 497 511 529 534 539 558 583 599 606 607 614 616 617 622 628 634
qba7d4753345dc,251 333 409
qe1286fc664080,{}
q99ff4f98787d2,{}
q77c62f4dbb4d9,{}
qdb0988001b8e2,79 118 501 1174
qc5ae6ad855b6e,277 420 455 488 538 565 574 759 1236 1330 1437 1443 1504 1701 1913 2028
q83fcbf8b28591,{}
qa33a830d2444f,6 8 9 15 36 54 57 58 69 75 97 105 118 123 158 160 183 201 207 210 234 239 249 278 291 300 334 339 382 403 404 409 412 428 438 445 475 487 493 506 515 542 561 592 597 612 616 618 666 680 709 744 746 761 765 783 820 861 862 888 905 911 949 952 956 973 982 984 999 1016 1031 1035 1043 1065
qd7e8de027e32d,{}
qf67824d7e07ca,{}
qbdc0e03ad1a87,{}
qdf5b3f51ac2c0,2 4 6 9 20 21 26 34 44 56 62 66 71 86 88 102 113 114 116 121 137 151 161 163 164 166 169 179 188 210 212 217 221 250 252 266 272 277 283 292 308 321 339 348 350 351 372 373 382 386 449 455 457 461 474 477 479 480 507 525 532 543 547 555 559 572 578 586 597 605 608 610 613 615 631 638 648
q4c16b47150e39,{}
qee0648f8779c7,707 1702 3260 3406 3906 4196
q81ed13b17bf5c,{}
qaaa82bb168327,{}
qf63764992e5ed,{}
q7edd6a159e6af,225
qda6033d392455,44 46 106
q20d23b24b5781,{}
q600cf5f9597a5,{}
q51dfa3533e17a,12 16 17 18 19 48 50 51 58 92 116 117 128 150 153 171 172 183 207 225 229 240 253 254 276 278 280 283 286 287 288 304 311 313 321 336 339 360 374 375 383 386 391 398 410 420 422 423 428 431 433 443 447 459 490 496 503 513 520 523 530 549 566 577 588 606 619 628 642 645 650 657 659 669 675 686 713 723
q3c7f1bda67a07,{}
qda788ba759ede,{}
q82cae6e53ade7,{}
qa0959354e0dee,{}
q401450550566f,110 782 1210
q00e10da2da7be,11460
qa421aa4a933ff,{}
q0bb68a28b023a,7 32 43
q88210b2aa74ff,707 3406 3906
q604c8fe9a7e50,338 785 1179
q8ee1d00bd17ce,3738 5643 5829 6145 6930 8410 11138 22319 23012 23137 28779
qb57dd90e9431f,7590 7653 8104 10477 11460 11728 12246 12811 16180
q8e2d57ad6fe24,42 167 175
qc9cfc2a65b174,707 1702 2434 2761 3260 3406 3906 4044 4102 4196 4204 4693 4727
qe26528452d3af,22319
qfe4f1d13f7de0,{}
q102054d97bd03,{}
qbce184cabbc67,707 1702 3260 3406 3906 4196
qc3de125fcef6e,1702 3260 4196
qd3341f8ccc075,8 12 18 21 23 26 27 28 32 37 38 46 48 51 54 59 66 68 72 76 77 79 84 85 90 95 100 106 112 125 128 129 137 139 142 145 152 155 157 164 168 179 181 182 183 188 193 194 202 215 217 220 224 231 232 236 237 239 240 243 256 261 267 268 273 274 278 282 283 284 297 300 310 311 312 317 328 330 332 338 342 352 357 360 361 368 389 396 397 408 410 413 423 427 430 436 443 447 452 459 469 473 497 503 511 512 513 521 523 528 534 537 542 544 545 573 579 583 588 596 598 599 602 604 605 611 617 624 626 641 642 648 653 654 658 667 672 676 683 688 694 699 704 705 725 729 733 737 742 743
q14069b4e42e63,{}
q08bd6739e18a2,13 14 16 24 43 50 51 58 60 65 66 67 72 83 89 100 102 103 108 144 146 149 151 160 167 178 208 217 226 262 266 289 304 310 312 321 322 328 345 356 362 387 389 394 397 400 403 406 412 416 426 428 432 443 447 467 476 484 490 494 504 511 522 538 546 551 558 580 587 601 605 621 632 644 645 648 655 657 661 667 719 725 726 747 761 767 772 773 795 797 799 800 815 829 831 844 865 866 867 882 891 903 907 909 910 913 922 951 954 957 967 971 980 985 991 996 998 1012 1018 1040 1053 1060 1061 1072 1073 1080 1094 1100 1105 1107 1117 1124 1125 1134 1138 1139 1147 1148 1152 1153 1170 1171 1190 1195 1227 1228 1234 1240 1244 1250 1291 1304 1306 1330 1331 1335 1337 1338 1353 1354 1355 1387 1389 1392 1394 1403 1404 1408 1412
q8d94138b05fe1,707 3406 3906
qb039cbd34eff2,{}
qb02ee75859bc9,{}
qfbb264725b2d4,{}
qbd27768ce7597,1 8 32 41 48 52 53 57 65 73 104 131 137 146 167 204 218 225 251 254 265 274 306 314 320 339 400 442 447 492 511 516 561 568 574 609 618 620 634 641 646 650 700 703 722 733 751 753 798 812 837 856 887 888 889 935 956 1011 1016 1029 1051 1057 1060 1064 1069 1083 1150 1156 1177 1194 1195 1200 1206 1214 1219 1224 1225
q1b87c9fa0a134,{}
qf954ef4b220b8,22 81 97
q04f9044d7cb9e,197 208 223
qac37af954ec59,{}
q5c64c2c485063,21921 212592 214665 304196 332269
q5bdccbb9262ca,79 142 274 743 868 1062 1204 1338 1419 1713 2381 2867 2947 2955 2967 3457 3623 4351
q2999f57c7aa46,7590 7653 8104 10477 11460 11728 12246 12811 16180
q305fcddab155d,7590 7653 8104 10477 11460 11728 12246 12811 16180
q4f47d4558cdb3,{}
q86bcea0190b20,54 56 216 274 306 379 400
q5b515d1ecabff,6930 22319
q114c63054f9fa,7590 7653 8104 10477 11460 11728 12246 12811 16180
q36990e14641cb,{}
q0ce03fdf5c7dd,{}
qabdf8896adb3e,14 47 69 95 112 114 182 198 224 247 252 286 338 358 370 382 388 416 445 475 511 529 534 539 583 607 628
qd103c758c0894,160 326 338 642 785 1179
q60f35cd498389,160 326 338 509 518 608 642 703 785 1015 1150 1179 1268 1436 1504
q9f421a628106d,{}
qb9a1e39485c05,22 81 97
q19538f221e92d,707 1702 2434 2761 3260 3406 3906 4044 4102 4196 4204 4693 4727
q8a118f7e6c209,8 48 81 140 153 213
qa24a7ad8669d7,160 326 338 642 785 1179
qa63ddefd371f5,707 1702 2434 2761 3260 3406 3906 4044 4102 4196 4204 4693 4727
q102395a05d59e,12 14 18 31 47 54 59 60 69 77 79 81 94 95 96 107 112 114 137 145 157 164 182 190 198 200 209 220 224 243 247 248 249 252 262 278 281 286 297 302 322 338 358 370 376 382 386 388 395 399 416 422 445 449 475 481 487 488 492 496 497 511 529 534 539 558 583 599 606 607 614 616 617 622 628 634
q71fe1db4c8424,{}
qb4adb5b65feed,22319
qae9b8d766c114,{}
q18c9b80d54e55,9 12 24 31 35 39 53 62 102 119 138 139 146 156 160 184 208 213 220 233 293 312 327 335 350 352 394 429 458 463 464 491 494 527
qf3db83762bac2,10 44 46 62 106 145
q2ba5b99d20415,40 92 110 501 694 707 748 782 822 947 1210
q17fdfb5954d00,2 6 7 13 20 23 29 30 32 44 50 52 54 56 59 62 65 66 70 71 73 75 77 80 82 93 100 107 117 118 124 138 143 153 157 158 170 172 174 178 185 191 202 205 209 212 215 224 226 229 231 244 247 251 252 256 263 270 272 274 277 279 284 287 291 292 293 297 309 311 314 320 325 332 340 341 343 344 347 348 349 359 362 366 371 375 376 381 386 391 395 397 401 406 407 411 419 421 428 440 454 465
q4b6fbc1e0c903,3 36 65 188 229 244 253 275 413 570 701
q3af991590ef8d,16180
q050bfdff5e1cc,28 188 192 319
q5e90f112734f8,338 785 1179
qb042fc8ac9a2b,{}
q354f395de6f0c,160 326 338 642 785 1179
q7a715896ee197,{}
q16684e05e349d,{}
q49781289570b2,{}
qa66326894aa9c,160 326 642
qb5b1f630cbb2f,7 32 43
qcb4aac74300e5,{}
q52304708e42a0,110 147 191
q3a3762747aadf,{}
qb9ea5ef6d458d,{}
q3298e2b8e9b2f,35 66 68 107 131 139 251 309 467 468 491 517 524 564 582
qc3c29ece482ef,{}
q493661f75f098,30 141 172
q83bd69336d894,7590 7653 8104 10477 11460 11728 12246 12811 16180
q1cfb5301be6b7,3738 5643 5829 6145 6930 8410 11138 22319 23012 23137 28779
qf8d5c39403ea7,707 1702 3260 3406 3906 4196
q50e88fb0ea307,{}
qfd16a105fb613,107 132 170
qba075270ff73c,{}
q0434c2934c1d0,8 12 38 46 76 77 84 90 95 106 112 125 128 142 181 182 193 194 215 232 236 237 256 267 268 273 278 282 283 297 300 311 328 330 352 361 396 397 423 427 436 459 473 511 512 513 523 528 537 544 545 579 583 602 641 653 672 683 743
qab83dd5c8e089,{}
qd19a895b21e62,9 28 29 38 47 64 86 93 97 109 110 117 130 144 157 166 175 180
q9e7dea251c7bd,1 3 8 12 26 32 39 41 48 52 53 57 65 73 74 78 93 104 130 131 137 145 146 162 167 186 187 203 204 205 218 225 229 232 251 254 263 265 274 304 305 306 314 320 322 339 348 360 383 387 400 405 419 423 442 447 449 455 466 469 492 497 511 516 518 538 561 568 574 607 608 609 610 613 618 619 620 632 634 641 646 650 669 700 703 722 733 751 753 759 760 771 787 795 798 812 824 837 838 847 850 856 860 887 888 889 906 935 941 956 957 986 994 1006 1011 1012 1016 1018 1029 1051 1057 1060 1064 1069 1083 1086 1088 1116 1144 1150 1156 1157 1165 1172 1177 1186 1193 1194 1195 1200 1203 1204 1206 1208 1214 1219 1221 1224 1225
q06fbc79710b8c,21921 89569 153431 186301 203189 212592 214665 215262 242647 304196 321488 332269 352507 362791
qb128550e9ac4e,{}
q7da864cef9198,{}
q4ef002695b341,186301 203189 215262 321488 362791
q1624ea6ff272a,707 3406 3906
q88a0b07e3e2c4,160 326 642
q0c426697f953c,160 326 338 509 518 608 642 703 785 1015 1150 1179 1268 1436 1504
q39d2e50653937,707 1702 3260 3406 3906 4196
q55057fb2305ad,7 22 32 43 81 97
qb50243dd27ae6,{}
q483e1fb405f6e,92 694 947
q2edb933e90abe,{}
qa010a8627a85f,19 35 46 66 83 91 94 95 130 141 214 230 244 257 299 306 307 348 358 399 414 421 423 427 429 449 455 456 501 534 538 555 582 592 599 612 620 638 664 677 685 686 702 709 714 719 729 739 755 756 762 784 805 814 844 868
q2dee443a0c582,160 326 338 642 785 1179
qe59133d28d3ee,{}
q1036e14fe6f7b,{}
q07ad90a657c90,20 36 240
q3c5490af136bb,{}
q1bff7a6298cba,{}
q00b672e330243,{}
qa362fca90da45,30 141 172
q4e85e0b344de1,{}
q88bf713008dae,186301 203189 215262 321488 362791
qd8e9473f0bdc4,13711
q4dafc0258013a,31 59 60 69 81 95 96 114 137 286 338 382 386 388 445 481 534
q6f46cf9295c04,707 1702 3260 3406 3906 4196
qfb2dcc5d9bf4d,3 20 36 196 208 240
qa228e10ebcd29,8 140
q1a1af423a7b70,15 28 30 36 62 83 86 120 138 188 208 254 257 265 280 317 319 333 358 379 382 432 441 469 489 492 495 509 513 533 553 555 557 567 578 583 584 590 592 595 626 632 643 689 690 703 719 725 728 738 752 757 779 795 815 825 849 870 909 914 922 929
qbeea2494051e3,{}
q6d6fe69abdf99,5 9 16 27 28 32 36 38 40 51 56 57 62 66
q1a3e26c15093d,110 147 191
q8f1080cb98242,{}
qa069d0dea1fee,22319
q72597fc8577cb,{}
q0aebf31508d8b,13711
qcf44cf27f39c4,{}
q3fb5e83a79858,{}
qb4e0d339ca1cd,{}
qe0d11099421b9,{}
q209728af71fd6,{}
q2f049303e6b5d,6930
q49b914b49c4cf,6930
q67be0cd3b2ae7,17 35 53 74 110
qc52c919aee6d2,160 326 338 509 518 608 642 703 785 1015 1150 1179 1268 1436 1504
qdaf40712d5b40,{}
qfe2817d9cbd62,{}
qfce141862d7cf,{}
q6bfdecf3092cd,{}
q08b23760c9b82,6930 22319
q3a9cb1b71a489,{}
q3fcdfd5835e1b,10 44 46 62 106 145
qb0c9907c91515,141 172
q2ee8751332a0e,3738 5643 5829 6145 6930 8410 11138 22319 23012 23137 28779
q27d37e3db7e6f,40 92 110 501 694 707 748 782 822 947 1210
q5fee406bfa7aa,21921 212592 214665 304196 332269
qdf410414d8d7c,707 1702 2434 2761 3260 3406 3906 4044 4102 4196 4204 4693 4727
q47c1b684e293e,{}
q41d151dcd8d58,22319
q602d3a06608e3,{}
q015a51f16cf65,{}
qe06a4d4189e3c,707 1702 3260 3406 3906 4196
q807044da582a4,107 132 170
q74d357988a8dc,21921 212592 214665 304196 332269
q77cf10e3ba2c3,8 12 18 21 23 26 27 28 32 37 38 46 48 51 54 59 66 68 72 76 77 79 84 85 90 95 100 106 112 125 128 129 137 139 142 145 152 155 157 164 168 179 181 182 183 188 193 194 202 215 217 220 224 231 232 236 237 239 240 243 256 261 267 268 273 274 278 282 283 284 297 300 310 311 312 317 328 330 332 338 342 352 357 360 361 368 389 396 397 408 410 413 423 427 430 436 443 447 452 459 469 473 497 503 511 512 513 521 523 528 534 537 542 544 545 573 579 583 588 596 598 599 602 604 605 611 617 624 626 641 642 648 653 654 658 667 672 676 683 688 694 699 704 705 725 729 733 737 742 743
qabdf51fe852b8,707 1702 3260 3406 3906 4196
q4162989bf767a,22319
q1cf5eae2422d9,1 2 5 7 11 14 21 26 32 33 37 49 53 54 56 58 60 66 69 71 72 73 87 89 90 93 103 104 105 110 111 116 130 132 136 140 142 147 148 155 157 159 169 172 183 188 189 190 204 205 216 221 230 234 238 248 250 265 266 268 269 272 273 274 275 276 282 285 296 305 306 311 313 315 317 323 331 332 337 346 347 348 356 359 361 367 373 375 377 378 379 393 400 418 419 421 425 432 437 439 442 449 455 456 459 460 465 468 471 472
qbf99524130fe8,{}
q45f1e7b88d2c9,{}
q37d8167fea7cb,{}
q86932bce146a8,19 35 66 83 91 94 95 130 141 214 230 244 257 299 306 307 348 358 399 414 421 423 427 429 449 455 456 501 534 538 555 582 592 599 612 620 638 664 677 685 686 702 709 714 719 739 755 756 762 784 805 814 844 868
q51a9b972c29af,{}
qa429a46dc3564,5 13 24 30 34 47 49
qd21f6ec0b4fba,332 415 605 1114
qf6491f8449b0b,{}
q716ad6dc2107a,1 32 113 135 162 223 246 256 271 279 291 320 325 326 331 348 354 376 379 386 400 403 422 435 450 454 479 493 503 507 511 522 525 527 539 547 557 584 590 623 635 676 686 688 690 709 715 728 729
q0a014a6204fbc,{}
qc4e5e3c1c4ae1,{}
q02bf83cb9d0b3,{}
q427b661325afb,21921 212592 214665 304196 332269
qeabbd735aa256,{}
q0dc9549ac4bd4,{}
qe6c01b20b9326,{}
qdb513b942b04d,4 6 10 20 24 33 43 49 51 69 73 77 88 90 92 95 105 108 113 117 123 127 128 131 135
qf02e21005b69f,21921 89569 153431 186301 203189 212592 214665 215262 242647 304196 321488 332269 352507 362791
q9b1f0d43e8f5b,7590 7653 8104 10477 11460 11728 12246 12811 16180
qfe53191928db5,{}
qc398e6eb661a5,707 1702 2434 2761 3260 3406 3906 4044 4102 4196 4204 4693 4727
qc6ec23f47d21d,21921 89569 153431 186301 203189 212592 214665 215262 242647 304196 321488 332269 352507 362791
q1d5b5d6635e79,{}
qe0de929df357f,{}
q19edc8463107a,110 782 1210
qf5b1e6f712db2,{}
q2e29b92ebd95e,{}
qf985d19e99ffc,{}
q94d8be2523325,{}
q35960c2cd743a,6930 22319
q5280031739fa9,324 389 474
q52754dcf13c37,32 223
q46792e71dfb56,{}
q54d3926bfb855,21921 89569 153431 186301 203189 212592 214665 215262 242647 304196 321488 332269 352507 362791
qe42f14cb39d64,186301 203189 215262 321488 362791
q97c91b73d82fd,5 13 23 25 30 31 32 33 35 43 47 50 52 56 60 61 66 68 72 76 79 84 87 95 97 107 115 116 119 126 130 131 139 161 163 167 173 178 182 203 207 214 215 230 240 246 249 251 263 273 283 287 303 304 307 308 309 318 351 358 369 377 381 384 399 403 412 422 423 424 431 433 442 446 447 453 456 460 467 468 470 478 487 489 491 492 495 496 500 507 510 514 517 518 521 524 532 533 536 545 551 558 560 564 565 567 577 579 582 584 591 605 608
qade91c5539d6e,6930
q7d1fa0f6abac8,{}
qe9b6215cdf219,{}
qa9e9a597db678,3738 5643 5829 6145 6930 8410 11138 22319 23012 23137 28779
q2d7c7c7cac564,7590 7653 8104 10477 11460 11728 12246 12811 16180
qb2d4c6c7e711f,8 48 81 140 153 213
q6e66bca120c52,{}
q48d693726b267,{}
q732948004d2a0,22319
qc19e7928df12d,99 150 182
q1e70ed31ff454,{}
q14379bb29dfdf,12 16 17 18 19 48 50 51 58 92 116 117 128 150 153 171 172 183 207 225 229 240 253 254 276 278 280 283 286 287 288 304 311 313 321 336 339 374 375 383 386 391 398 410 422 423 428 431 433 443 459 490 496 503 513 520 523 530 549 566 577 588 606 619 642 645 650 657 659 675 686 713 723
q785e4a737807b,{}
q9548f1598eddb,22319
qa2d169e9a4d14,3 196 208
q66d44de33774d,{}
q2201f1ff5b124,21921 89569 153431 186301 203189 212592 214665 215262 242647 304196 321488 332269 352507 362791
q13504bf01828a,{}
q4b256644ae525,{}
qd1fff449f8aff,707 3406 3906
qa9310757288d8,74 137
q8613645b949c0,{}
qf2a422eb2e7d1,644 4786 6138 7233 8482 9402 12500 13711 14649
qe6eb66528d5fd,6930
q9f268eb73d65a,2 3 27 39 49 53 89 95 96 98 114 118 121 130 134 153 160 168 180 204 205 229 239 241 245 258 263 269 271 279 292 310 329 360 364 382 385 386 427 456 463 475 494 504 505 510 514 522 557 584 594 596 611 626 669 697 746 783 813 823 843 848 862 882 927 952 959 986 992 995 1012 1022 1050 1063 1092 1096 1102 1109 1124 1153 1184 1186 1195 1196
qd448340d1f4f8,{}
q891a511d4c0c7,{}
qa43b9390215da,707 1702 3260 3406 3906 4196
qd2cf571263552,{}
q8dc9860cbcbf6,6930
qc3ee7918b0a48,21921 89569 153431 186301 203189 212592 214665 215262 242647 304196 321488 332269 352507 362791
q43b0ae2529d99,{}
q1ec029c066641,{}
qb00a8a6c3422a,{}
qcd1b6fa729600,2 18 25 39 55 60 68 87 91 99 103 108 116 119 122 144 150 162 171 176 178 190 192 220 228 233 243 246 253 264 268 273 282 285 296 302 311 313 340 367 377 384 389 391 396 404 408 418 422 428 430 435 442 444 446 450 454 455 462 469 480 482 514 523 530 538 556 571 579 581 587 602 603 614 619 621 622 631 665 666 668 673 674 679 686 689 693 699 701 703 705 718 723 726 752 768 770 787 790 797 800 830 833 835 850 860 872 877 895 898 919 927 938 952 960 964 965 967 969 970 977 997 1007 1011 1012 1033 1038 1051 1093 1099 1101 1103 1116 1118 1131 1133 1143 1146 1148 1154 1155 1158 1159 1167 1171 1181 1192 1206 1209 1237 1248 1252 1282 1288 1294 1302 1313
qd31beb65f0607,707 3406 3906
q194507152a4fc,19 21 35 37 46 66 79 83 91 94 95 103 119 130 132 141 154 214 218 230 235 241 242 244 256 257 265 291 299 304 306 307 325 336 348 358 374 375 376 399 414 421 423 427 429 449 455 456 477 485 501 510 534 538 555 562 580 582 586 590 592 599 600 602 612 620 634 638 652 664 666 677 683 685 686 696 702 709 714 716 719 725 729 733 739 755 756 757 762 776 783 784 795 799 800 805 806 807 814 821 822 825 827 844 847 863 868
q456733cd8cee1,707 1702 3260 3406 3906 4196
q15b922680bfd8,13711
qab47d2d4283dd,{}
q98dd9d229043f,{}
qbfffc26bdb301,9 38 130 144 157 180
q6e91a36f9dbe1,{}
q01dd2eae0c016,{}
q66424ed336e58,707 1702 3260 3406 3906 4196
qf902607c62d7c,21921 212592 214665 304196 332269
q1813b40db2bfa,30 115 141 172 175 243
q398a4972d611f,{}
qa5cdff8e1cf6c,3738 5643 5829 6145 6930 8410 11138 22319 23012 23137 28779
q7a7c61b7adeda,{}
q6d6f454df6b5b,8 48 213
q8e631257891d6,35 66 68 107 131 139 203 251 303 309 460 467 468 491 500 517 524 545 551 564 582 605
q461056038dbe7,{}
qa33ef3c79cd23,6930 22319
q12ed6235fac4a,{}
q6d3a53ff438b0,{}
q40d3c2ec6c469,{}
qa23c5b4df2acf,{}
qbdbad1f5d2573,{}
qcef7702f4dc52,{}
q3fc5e489a013a,6 19 62 88 92 130 207 228 252 259 279 289 325 333 345 359 380 401 405 407 428 449 461 474 477 505 533 559 599 600 628 640 649 656 661 663 680 691 697 701 730 738 785 790 793 815 822 832 852 870 884 885 901 905 912 960 970 971 979 988 994 1009 1060 1062 1066 1117 1123
q841d1200142c3,21921 89569 153431 186301 203189 212592 214665 215262 242647 304196 321488 332269 352507 362791
qc7fa53ae39789,{}
q5a4db62726f32,1702 3260 4196
q702fc78664219,42 167 175
qcd854420af6d6,11460
q4b7cd440bd09a,{}
q4aaceb6109428,44 46 106
q5c9f906cd9d2a,7590 7653 8104 10477 11460 11728 12246 12811 16180
q850a8e10a96e7,21921 186301 203189 212592 214665 215262 304196 321488 362791
q6fa9ab78606a4,{}
q74b1ed4c66f3b,{}
q049296097fe5c,141 172
qf42944e71da30,6930 22319
q7af1d0c282c1b,{}
q5a0c9de048b3f,186301 203189 215262 321488 362791
q3111b15529ec1,{}
q5aaf66943b772,{}
q171e731867f9f,22 81 97
q101ba93edff49,{}
q4d56d73c9b91e,160 326 338 509 518 608 642 703 785 1015 1150 1179 1268 1436 1504
q36d31149d5bd7,186301 203189 215262 321488 362791
qdadd36ad19ac0,242 260
q5e22856533e84,79 142 868 1204 1419 1713 2381 2967 3623
qe70a476cac29f,{}
q19866fd4e9de4,{}
q128421b386627,6930 22319
qc019ad6001f11,110 167 175
q441b3e6068b1d,{}
qecebcf9ca0dcd,8 48 213
q9391f7cc71aed,6930
qc0d5a2cd5a145,{}
q2b3bef931e431,22 30 38 47 54 66 76 80 89 91 97 101 103 108 111 113 114 127 139 148 161 171 182 186 193 208 209 213 221 246 254 262 270 278 285 289 298 303 305 320 323 330 331 341 347 352 357 361 370 385 389 390 392 404 415 418 454 470 473 475 499 515 538 542 546 547 585 603 628 631 644 665 698 704 708 711 722 729 740 771 786 810 815 819 824 826 842 846 854 855 860 872 878 879 884 896 903 910 913 920 925 933 951 964 967 995 1024 1025 1037 1038 1041 1052 1056 1061 1066 1068 1082 1086 1094 1101 1102 1104 1114 1130 1133 1139 1150 1189 1200 1215 1218 1232 1233 1250 1254 1255 1258 1270 1286 1311 1312 1339 1347 1361 1369 1373 1378 1406 1407 1419 1423 1429 1449 1457 1458 1477 1478 1482 1492 1496 1501 1503 1511 1524 1536 1552 1564 1567
qe40b10e5b3359,707 1702 3260 3406 3906 4196
q2b13ff0cb9565,2 6 7 13 20 23 29 30 32 44 50 52 54 56 59 62 65 66 70 71 73 75 77 80 82 93 100 107 117 118 124 138 143 153 157 158 170 172 174 178 185 191 202 205 209 212 215 224 226 229 231 244 247 251 252 256 263 270 272 274 277 279 284 287 291 292 293 297 309 311 314 320 325 332 340 341 343 344 347 348 349 359 362 366 371 375 376 381 386 391 395 397 401 406 407 411 419 421 428 440 454 465
q5a78ae31ffafe,{}
q29a62da9ebd2d,21921 89569 153431 186301 203189 212592 214665 215262 242647 304196 321488 332269 352507 362791
qc4c1b0b9bec9c,{}
q56f71658cdf08,22319
qa7d660282e855,110 782 1210
q7ffe1dc615970,{}
qbe386b9377c71,16180
qded5d74b1254d,707 1702 3260 3406 3906 4196
qa2a3d2837be09,10 33 43 49 73 113 117 127 128 131
q10ac305c72295,36 39 51 56 61 68 74 78 80 81 108 142 183 207 262 270 417 424
q8e425279ecc46,3738 5643 5829 6145 6930 8410 11138 22319 23012 23137 28779
qd54117c0b6ce5,{}
qad2b781af1667,{}
q6ff04ead720dc,12 16 17 18 19 48 50 51 58 92 116 117 128 150 153 171 172 175 183 204 207 225 229 240 253 254 276 278 280 283 286 287 288 304 311 313 321 336 339 374 375 383 386 391 398 410 420 422 423 428 431 433 443 447 459 490 496 503 513 520 523 530 549 566 577 588 594 606 619 628 642 645 650 657 659 669 675 686 713 723
qf56838aab209e,{}
q5345c45dbe6a0,160 326 338 642 785 1179
q39cfc0e8ccdbb,11460
q425e4495bd67f,{}
qba312a00a478d,6930 22319
q3cd0bbf41961d,{}
q6943055ba2d36,17 18 19 50 58 92 116 117 128 150 153 171 183 253 254 280 360 383 398 409 410 423 469 520 530 566 588 606 619 659 713
qc0dfdaa40fc03,{}
qc33cc6f31f191,{}
q7b3816dd70d28,79 118 332 415 605 1114
q3219b71a47f1f,{}
q518db863158d0,12500 13711
q8712e3174a72c,28 32 66 74 77 90 96 103 127 134 138
qbaf36f94ee9f9,30 45 46 51 57 68 102 123 128 132 151 167 169 184 212 219 258 282 305 324 346 350 367 375 382 413 419 439 440 457 464 489 516 537 542 574 607 615 621 623 625 643 662 671 676 687 696 703 726 773 819 825 826 827 828 842 846 850 855 893 896 907 921 930 934 935 937 965 973 993 1003 1032 1045 1052 1112
q7e54b7e5b8ee2,{}
q4fb18fe5ccfe5,707 3406 3906 4693
qa8a69daae68ec,{}
q4472a72416b69,141 172
q4ff1420c7ffe4,{}
q5ce686b55ed4a,21921 89569 153431 186301 203189 212592 214665 215262 242647 304196 321488 332269 352507 362791
qa2cd9d1f9e3b0,{}
qb064a4e6ce333,{}
qf584982acdd52,12500
qe4526477643e6,{}
q3a6ab634dfc16,{}
qd3f3ea89e20b0,11460
q6d2214cc56d51,{}
q2589742cc9900,{}
qbd5d793d71617,21921 89569 153431 186301 203189 212592 214665 215262 242647 304196 321488 332269 352507 362791
q4d5574bf65c84,80 132
q8889733e6b56f,{}
q8ca49e54b2fe4,8 48 213
q898b35198308e,110 147 191
q9c82d72e63aa6,{}
q8543dee32d2be,{}
q7e3afa11240d4,10 62 145
q2e5b410225075,{}
qcf8a9ca89b091,7590 7653 8104 10477 11460 11728 12246 12811 16180
q411b788c87beb,7 32 43
q7bcfd18038952,160 326 338 509 518 608 642 703 785 1015 1150 1179 1268 1436 1504
q81844ad1dfe78,{}
qe6362c23ed6a9,79 118 332 415 501 605 1114 1174
q83cee2640532a,5 16 36 38 40 56 62
q3319a03da06c3,3738 5643 5829 6145 6930 8410 11138 22319 23012 23137 28779
q42d0ef276bff8,{}
qeacddde01ddce,{}
q8f1218f2d85fa,7590 7653 8104 10477 11728 12246 12811 16180
qa1e8ea5352066,21921 89569 153431 186301 203189 212592 214665 215262 242647 304196 321488 332269 352507 362791
q48ed8a8daf22d,{}
q3a0ea7c850179,707 1702 3260 3406 3906 4196
qe2a81ff5548ec,{}
q2cf9455b2de08,{}
qf37900cd7b49c,160 326 338 509 518 608 642 703 785 1015 1150 1179 1268 1436 1504
qfe4c9ad6e3ffe,13 20 21 31 32 39 44 45 55 61 62 70 80 83 90 115 116 118 126 130 131 137 138 157 158 164 190 191 194 219 237 241 246 258 260 266 267 290 302 304 306 307 308 310 320 322 327 328 337 338 346 351 353 354 358 361 369 375 423 425 443 445 463 499 504 507 525 550 557 564 568 582 587 588 603 604 614 616 623 640 641
q9c1df0a936f1a,17 19 58 77 92 116 117 128 153 171 172 175 204 253 278 286 287 311 327 336 339 375 383 391 393 398 420 422 428 431 443 490 496 503 513 538 566 577 584 594 611 642 645 657 669 675 686 723
q12218083a093c,{}
q5e91fc8a16ed0,{}
qc0679f93ad3c5,21921 212592 214665 304196 332269
qf9f041918122d,{}
q0e387f12c055d,{}
qef4ca3e9fb2b5,6930 22319
q7ac05239a5ac3,79 142 868 1204 1419 1713 2381 2967 3623
qd58c42b09388d,18 21 23 26 27 48 59 66 68 72 77 85 95 112 129 137 139 145 164 183 188 193 194 202 220 224 231 237 240 267 274 282 338 342 357 368 408 427 447 452 473 497 503 513 521 523 545 573 588 605 611 648 653 658 667 676 688 699 704 725 729 733 737 742
q0abbb42fad8df,{}
qcd1b3402c44ef,10 44 46 62 106 145
qeb350ed9303f8,{}
q550783c3404fe,{}
q58d3ffede0845,338 785 1179
q22756bfa9f864,160 326 338 509 518 608 642 703 785 1015 1150 1179 1268 1436 1504
q29348a3ff3c1f,{}
q5909103feabfa,{}
q4eafdd2ddb38d,160 326 338 509 518 608 642 703 785 1015 1150 1179 1268 1436 1504
q8ca3f43d189cc,160 326 338 509 518 608 642 703 785 1015 1150 1179 1268 1436 1504
qcc459b6c32340,30 115 141 172 175 243
qc2d40481b0877,{}
qda8b954df2b59,11460
q507ed1de7b2b4,11 80 132 174
q15e6c233332a1,707 1702 2434 2761 3260 3406 3906 4044 4102 4196 4204 4693 4727
qce98cdfb8d6b8,160 326 509 518 608 642 703 1015 1150 1268 1436 1504
q3d078fc233929,338 785 1179
qbe826c9276e3e,16180
q1092fd80767af,40 92 110 501 694 707 748 782 822 947 1210
qdd69c8e61853a,{}
q524dee364c258,11460
qa6822b0113fc3,{}
qefe4dea345857,{}
qf89d97ec072bb,1702 3260 4196
q78dd81447d368,{}
qa1452bef626f2,{}
q489137569c40d,8 48 213
q00979d2b5eb08,8 48 81 140 153 213
q17cc158e43842,2 3 27 39 49 53 89 95 96 98 114 118 121 130 134 153 160 168 180 204 205 229 239 241 245 258 263 269 271 279 292 310 329 360 364 382 385 386 427 456 463 475 494 504 505 510 514 522 557 584 594 596 611 626 669 697 746 783 813 823 843 848 862 882 927 952 959 986 992 995 1012 1022 1050 1063 1092 1096 1102 1109 1124 1153 1184 1186 1195 1196
q10566d6043028,707 3406 3906
q0646a1b1d5c97,5 31 32 50 76 79 119 178 214 230 240 263 287 318 351 369 422 423 442 453 467 470 478 487 496 507 533 536 608
q32fdf39db9b8e,10 33 43 49 73 92 113 117 123 128 131
q7de80a5a3222e,{}
q8bf1c6cf82168,{}
qc33628ce1d1bb,32 142 410 511 542 683
q30c7bbdbc101b,1702 3260 4196
q2cb0c23c8d6cb,2 18 21 62 70 75 93 96 97 105 113 138
qae7ef65c3a4ad,{}
q22695cb7fa3d2,514 1378 2585 2819 3019 3070 3558 3891 4230
qf38cf142644c5,{}
qe0db4a03759e8,186301 203189 215262 321488 362791
qeee45fbceed53,{}
qac7c028be9527,4 11 17 19 20 30 31 32 36 43 46 52 53 55 56 78 81 88 89 96 100 101 104 109 111 112 114 123 125 151 155 158 169 172 174 178 182 188 191 199 200 202 206 208 240 244 250 255 262 272 273 276 278 283 284 290 292 296 297 299 300 301 312 319 320 323 325 337 340 341 347 349 356 357 359 364 365 367 376 383 389 390 393 397 398 403 410 411 413 415 417 419 421 431 433 438 441 442 444 447 451 456 458 460 468 470 477
qdb97fa763845f,{}
qccd59c3945eb1,110 782 1210
q65dead893da35,16180
qe28fa5d0226b7,3 36 196
q62a8a2fdc583d,{}
q811d7925caf96,115 243
q8bcea62677206,21921 89569 153431 186301 203189 212592 214665 215262 242647 304196 321488 332269 352507 362791
q5be0d283520f8,{}
q1930cad3ad566,6 19 62 88 92 130 207 228 252 259 279 289 325 333 345 359 380 401 405 407 428 449 461 474 477 505 533 559 599 600 628 640 649 656 661 663 680 691 697 701 730 790 793 815 822 832 852 870 884 885 901 905 912 960 970 971 979 988 994 1009 1060 1062 1066 1117 1123
q8e8b953d116cf,186301 203189 215262 321488 362791
qa47fb0e8a437b,188 192
qaac2098eed06c,338 785 1179
q7f9f1f69a199a,16180
q7f08805e89a79,{}
q7e8f4e55cf458,21921 212592 214665 304196 332269
qa623b3cd6bf59,{}
q652337f56cdd5,{}
qf79a5289561f3,62 65 77
q0aab153b64146,7 32 43
q8bcd2f4c3dd4b,100 107 285
q9085603c9e831,13711
q6b0528c294b99,5 13 23 25 30 31 32 33 35 43 47 50 52 56 60 61 66 68 72 76 79 84 87 95 97 107 115 116 119 126 130 131 139 161 163 167 173 178 182 203 207 214 215 230 240 246 249 251 263 273 283 287 303 304 307 308 309 318 351 358 369 377 381 384 399 403 412 422 423 424 431 433 442 446 447 453 456 460 467 468 470 478 487 489 491 492 495 496 500 507 510 514 517 518 521 524 532 533 536 545 551 558 560 564 565 567 577 579 582 584 591 605 608
q2f708149ff75f,{}
q9a021822ac9e3,16180
qed5f5f17bbdf8,10 44 46 62 106 145
qa4bef500a2659,19 21 35 37 46 66 79 83 91 94 95 103 119 130 132 141 154 214 218 230 235 241 242 244 256 257 265 291 299 304 306 307 325 336 348 358 374 375 376 399 414 421 423 427 429 449 455 456 477 485 501 510 534 538 555 562 580 582 586 590 592 599 600 602 612 620 634 638 652 664 666 677 683 685 686 696 702 709 714 716 719 725 729 733 739 755 756 757 762 776 783 784 795 799 800 805 806 807 814 821 822 825 827 844 847 863 868
qf878c67de8645,7590 7653 8104 10477 11460 11728 12246 12811 16180
q1895582c9f9d2,{}
q01608f26b2021,707 1702 3260 3406 3906 4196
q99a1c3b9f4416,1702 3260 4196
q274eb504ce898,707 1702 3260 3406 3906 4196
q8120fa30b5b9d,3 18 36 55 65 78 97 143 145 147 167 188 213 229 230 244 253 275 287 302 310 360 388 413 429 435 454 460 469 517 526 549 570 601 654 669 684 701 705 731
qb5b2ebb4ed5aa,{}
qe76aa3ac158a1,{}
qcbeb768e93faa,707 1702 3260 3406 3906 4196
q516c8ee0a1255,{}
qc96af08bde7c4,{}
q766fd7b34271c,{}
q0accc7882b18e,8 12 18 21 23 26 27 28 32 37 38 46 48 51 54 59 66 68 72 76 77 79 84 85 90 95 100 106 112 125 128 129 137 139 142 145 152 155 157 164 168 179 181 182 183 188 193 194 202 215 217 220 224 231 232 236 237 239 240 243 256 261 267 268 273 274 278 282 283 284 297 300 310 311 312 317 328 330 332 338 342 352 357 360 361 368 389 396 397 408 410 413 423 427 430 436 443 447 452 459 469 473 497 503 511 512 513 521 523 528 534 537 542 544 545 573 579 583 588 596 598 599 602 604 605 611 617 624 626 641 642 648 653 654 658 667 672 676 683 688 694 699 704 705 725 729 733 737 742 743
q0acfefe12d2eb,21921 89569 153431 186301 203189 212592 214665 215262 242647 304196 321488 332269 352507 362791
q3ab64f4218139,707 3406 3906
q5b58a752d9b19,707 1702 2434 2761 3260 3406 3906 4044 4102 4196 4204 4693 4727
q73835227f0705,186301 203189 215262 321488 362791
q7367f6cbac0b1,{}
q2b892d9fa3cb6,{}
q95fdac4335bc2,7590 7653 8104 10477 11460 11728 12246 12811 16180
q6ebfe70dcbd3c,{}
q12868255261e7,707 1702 3260 3406 3906 4196
q5fda2710c1763,197 208 223
qcc04699a5857d,707 1702 3260 3406 3906 4196
qab06c79a7a222,{}
q98ea73f978af8,{}
q5678176bf6d0d,{}
q8b59d0a87563a,707 1702 2434 2761 3260 3406 3906 4044 4102 4196 4204 4693 4727
qe9d44c0308d85,338 785 1179
q3895a941cae53,{}
q8e16761096b23,{}
qa7a133ef73872,707 1702 2434 2761 3260 3406 3906 4044 4102 4196 4204 4693 4727
qe3374735c09a5,{}
q0679c2c498da7,160 326 338 509 518 608 642 703 785 1015 1150 1179 1268 1436 1504
qbb599b33ae057,2 3 27 39 44 45 49 53 74 89 95 96 97 98 107 108 109 114 118 121 122 130 134 138 140 153 154 158 160 168 180 192 204 205 209 220 229 232 239 241 245 257 258 263 266 269 271 273 279 292 310 321 329 360 364 382 385 386 388 421 425 427 434 436 438 451 456 463 475 493 494 499 504 505 510 514 522 524 525 557 563 577 584 594 596 611 613 625 626 645 651 653 660 669 680 684 697 709 729 746 782 783 786 793 813 814 823 836 841 843 848 862 865 866 882 927 932 934 945 950 952 959 986 992 995 1012 1022 1048 1050 1060 1063 1065 1068 1077 1089 1092 1096 1102 1109 1124 1153 1166 1181 1184 1186 1195 1196 1201 1210
q54f5470b1d9fe,3738 5643 5829 6145 6930 8410 11138 22319 23012 23137 28779
q90809d210dbe7,160 326 338 509 518 608 642 703 785 1015 1150 1179 1268 1436 1504
q0d94021b6be08,707 1702 3260 3406 3906 4196
q26289675529b9,36 65 188 229 275 701
q1f55d8c3cd6ad,21921 212592 214665 304196 332269
qedb78b1a4d67d,9 27 28 32 51 57 66
q47b6176e3d86b,{}
q79a8c0c38543a,12500
q330be257063dc,186301 203189 215262 321488 362791
qf5c11ac1a8414,{}
q9f54d8fe2834e,{}
qa37b3856f6e17,{}
q63723fc72aa61,{}
q00bbdc80620e9,79 118 501 1174
qad1356f0eea31,185 312
q97598dc883208,7590 7653 8104 10477 11460 11728 12246 12811 16180
qa85be5ae52ebc,{}
q8d833bc824328,{}
q3305d7caf719e,160 326 642
q7bccb4640db1b,{}
qd6ca30ae18087,{}
q3aa9eeacbd187,{}
q262e8b4f4e161,11460 16180
qc0767a10768af,21 37 46 66 79 94 103 119 132 154 218 235 241 242 256 257 265 291 304 325 336 374 375 376 423 477 510 562 580 586 590 600 602 634 652 666 683 696 716 725 733 757 776 783 795 799 800 806 807 821 822 825 827 844 847 863
qcc8bc5d89d5cb,92 694 947
qe4e5867905642,4 28 34 38 40 47 55 66 70 71 77 103 107 127 137
qecb683789bcee,{}
q9c1fb7b24c200,44 46 106
q0d18194e9d3d2,3738 5643 5829 6145 6930 8410 11138 22319 23012 23137 28779
q5e18c0a7462b0,{}
q10c6a5515879e,40 92 110 501 694 707 748 782 822 947 1210
qfb25821710b8d,107 132 170
q46972eb654ca8,{}
q1296f1cefc4db,20 29 30 32 35 38 41 51 52 59 60 63 66 70 71 76 83 88 89 91 94 96 97 103 107 113 127 128 129 131
q535160cc585c9,21921 89569 153431 186301 203189 212592 214665 215262 242647 304196 321488 332269 352507 362791
q84c8718f978b9,92 694 947
qb43dd4e379055,{}
qccb9148c3e0f7,8 48 81 140 153 213
q56772cb0a43cc,12 13 16 17 18 19 23 39 47 48 50 51 58 61 77 80 84 92 112 116 117 128 129 139 140 150 153 171 172 175 179 183 204 207 225 229 240 242 253 254 256 273 276 278 280 283 286 287 288 304 311 313 321 323 327 336 339 350 360 374 375 383 386 391 393 398 409 410 420 422 423 426 428 431 433 443 447 455 459 460 469 490 496 500 501 503 513 515 520 523 527 530 531 538 546 549 552 562 566 576 577 584 588 594 602 606 611 619 623 628 631 642 645 649 650 655 657 659 669 675 679 682 683 684 686 690 705 711 713 723
qa41b77903bff4,21921 212592 214665 304196 332269
qf1d117d35e292,{}
qd35695bc705a4,{}
q7543cf391bdc9,{}
qffab4ee88b5c3,{}
q71402180254fe,7590 7653 8104 10477 11460 11728 12246 12811 16180
q972760901d055,107 132 170
q3c5ff5c5e2ff7,{}
q3ab0c9c1d48d3,{}
q176614191e570,18 39 68 91 99 103 116 122 144 162 176 190 243 246 268 273 282 285 296 302 311 313 367 389 408 418 422 430 435 444 450 455 469 480 482 523 530 538 556 571 579 581 602 619 668 673 674 693 699 701 705 718 726 752 768 770 790 797 800 835 850 860 872 898 938 952 964 970 977 997 1051 1093 1103 1118 1131 1133 1143 1146 1154 1155 1159 1167 1171 1192 1209 1252 1282 1294 1302
q1c0ddbef10ba9,22319
q7a5544da518cf,{}
q6a1b842eef2bc,{}
q58138abd1bd5a,160 326 338 509 518 608 642 703 785 1015 1150 1179 1268 1436 1504
q6a0c7f9a001dc,{}
q00dfa79ccd601,707 1702 3260 3406 3906 4196
q9e5454ad13f4d,{}
q53dee7b6fe290,375 445
q8ced41e8d5df6,21921 89569 153431 186301 203189 212592 214665 215262 242647 304196 321488 332269 352507 362791
qe236800e9474a,11460
q7e3cad207f38b,22319
qf5419264aef9c,338 785 1179
q698fe0fd9c94f,{}
qbf96296de79d8,{}
qca101a44e106c,{}
qcc3f1b005911a,3 196 208
qe209a223d3eeb,{}
q4297684782e85,8 12 18 21 23 26 27 28 32 37 38 46 48 51 54 59 66 68 72 76 77 79 84 85 90 95 100 106 112 125 128 129 137 139 142 145 152 155 157 164 168 179 181 182 183 188 193 194 202 215 217 220 224 231 232 236 237 239 240 243 256 261 267 268 273 274 278 282 283 284 297 300 310 311 312 317 328 330 332 338 342 352 357 360 361 368 389 396 397 408 410 413 423 427 430 436 443 447 452 459 469 473 497 503 511 512 513 521 523 528 534 537 542 544 545 573 579 583 588 596 598 599 602 604 605 611 617 624 626 641 642 648 653 654 658 667 672 676 683 688 694 699 704 705 725 729 733 737 742 743
q50eed2eb8138d,{}
qe337c49a13c38,{}
q45aae320e4547,160 326 338 642 785 1179
q42e804c85daf5,20 36 240
q33d63c3bf3349,40 92 110 501 694 707 748 782 822 947 1210
qe5e4f412ca9a3,{}
q4579bbdf53603,{}
qe4e451bcbd927,331
q22b4a09d6fdb8,2 3 27 39 44 45 49 53 74 89 95 96 97 98 107 108 109 114 118 121 122 130 134 138 140 153 154 158 160 168 180 192 204 205 209 220 229 232 239 241 245 257 258 263 266 269 271 273 279 292 310 321 329 360 364 382 385 386 388 421 425 427 434 436 438 451 456 463 475 493 494 499 504 505 510 514 522 524 525 557 563 577 584 594 596 611 613 625 626 645 651 653 660 669 680 684 697 709 729 746 782 783 786 793 813 814 823 836 841 843 848 862 865 866 882 927 932 934 945 950 952 959 986 992 995 1012 1022 1048 1050 1060 1063 1065 1068 1077 1089 1092 1096 1102 1109 1124 1153 1166 1181 1184 1186 1195 1196 1201 1210
q5b15feee74950,14 17 62 119 188 192 223 268 295 335
qabc98de1c21bb,{}
qa1c8acf3b96eb,7 32 43
q31ed3867ad5f4,6930 22319
qf896ff38773c5,81 140 153
q4bc768a83b5df,21921 89569 153431 186301 203189 212592 214665 215262 242647 304196 321488 332269 352507 362791
q9797010a6650a,21921 89569 153431 186301 203189 212592 214665 215262 242647 304196 321488 332269 352507 362791
q01b3365a21f41,42 167 175
qd66072f74662f,186301 203189 215262 321488 362791
q9a97ff3cc69fc,8 12 18 21 23 26 27 28 32 37 38 46 48 51 54 59 66 68 72 76 77 79 84 85 90 95 100 106 112 125 128 129 137 139 142 145 152 155 157 164 168 179 181 182 183 188 193 194 202 215 217 220 224 231 232 236 237 239 240 243 256 261 267 268 273 274 278 282 283 284 297 300 310 311 312 317 328 330 332 338 342 352 357 360 361 368 389 396 397 408 410 413 423 427 430 436 443 447 452 459 469 473 497 503 511 512 513 521 523 528 534 537 542 544 545 573 579 583 588 596 598 599 602 604 605 611 617 624 626 641 642 648 653 654 658 667 672 676 683 688 694 699 704 705 725 729 733 737 742 743
q36ea311ea9189,707 1702 2434 2761 3260 3406 3906 4044 4102 4196 4204 4693 4727
qdc8004673976d,{}
q127235c03aff2,{}
q61de467b2400b,{}
q416cb188eab73,{}
q9a2b737272be6,707 1702 2434 2761 3260 3406 3906 4044 4102 4196 4204 4693 4727
qe9b720510ca3c,21921 212592 214665 304196 332269
q2de117ad6569c,{}
q823f87ef66bc4,{}
q37a3683862312,{}
qd87d2139a152c,{}
q1ccd5b33e5dae,44 46 106
q8284b917a176d,11460
q528fcfb30e15f,160 326 338 509 518 608 642 703 785 1015 1150 1179 1268 1436 1504
q588572879a2af,22319
qf49b9be198fbb,21921 89569 153431 186301 203189 212592 214665 215262 242647 304196 321488 332269 352507 362791
q4dfa69534e902,{}
qd086a20cdd9ed,{}
q2869b5ed899fe,{}
qbe4558cd9adf5,707 3406 3906
q9c82327fccc96,{}
q9856cc2d049b8,{}
qc7a8a5001837a,22319
q4f442c05df490,7 12 23 31 37 48 57 79 84 90 95 96 117 176 203 241 248 255 263 266 267 273 307 329 383 414 428 460 465 468 478 508 513 543 551 575 580 582 621 624 659 660 661 665 676 677 679 695 699 709 712 735 737
q87254f9be22f7,707 3406 3906
q50fc19442c72e,707 1702 3260 3406 3906 4196
q849cbb8c0fe41,707 1702 2434 2761 3260 3406 3906 4044 4102 4196 4204 4693 4727
qcc257dca1a423,{}
qc5931079a690c,{}
q696a9433ca94d,1702 3260 4196
q3d53e0bb2ce9e,{}
qa7caca7dfc76c,81 123 135 181 200 319 354 400
q84fb211321ff4,13 24 280
q35a1aa62cd0af,186301 203189 215262 321488 362791
q5bd4b9e50f203,{}
qc3e6e0e51fc61,{}
q84f033615f74b,6 8 9 15 36 54 57 58 69 75 97 105 118 123 158 160 183 201 207 210 234 239 249 278 291 300 334 339 382 403 404 409 412 428 438 445 475 487 493 506 515 542 561 592 597 612 616 618 666 680 709 744 746 761 765 783 820 861 862 888 905 911 949 952 956 973 982 984 999 1016 1031 1035 1043 1065
q0960c7c1eef86,160 326 338 642 785 1179
q4a87924126447,3738 5643 5829 6145 6930 8410 11138 22319 23012 23137 28779
q608b8d1cb845e,338 785 1179
q11ee377892ab8,186301 203189 215262 321488 362791
q3e0cd70a2af2f,5 14 18 20 24 26 29 36 38 39 44 62 64 79 81 84 93 94 102 104
q0f1d820d7fdcd,13711
q34012914c5189,81 140 153
q48645b41335ce,6930
qc22dd48efdac8,21921 89569 153431 186301 203189 212592 214665 215262 242647 304196 321488 332269 352507 362791
qad0e5cf7279ac,21921 212592 214665 304196 332269
qf2c32ff8dc52a,12500
q77ce28e08bfeb,6930 22319
q52bfa85f84392,{}
qad4ab9c91f859,{}
qdb2d06fb76985,7 22 32 43 81 97
q338e86d767d44,{}
q0d1e4dd7f5162,115 175 243
q5fa16b76ab0bd,{}
q7819970bfc014,160 326 338 509 518 608 642 703 785 1015 1150 1179 1268 1436 1504
qe3852ddffb404,338 785 1179
q2844b29d47d58,23 44 97 472
q8b5ff4eeaeb71,{}
qd9f67eaca7aa1,6930 22319
qf0a21212a3260,{}
q022b3098174b1,{}
q6bc3427128ef0,{}
q417e743516f73,{}
qb3a6ef76f04df,21921 212592 214665 304196 332269
qc63dfe80b1efd,21921 212592 214665 304196 332269
qff24e817bed90,{}
q34bb3c8760ecc,13711
q12c55bb703f07,22319
qb18f652bb90fb,160 326 338 642 785 1179
q5edc3f4d9c52e,{}
qf0cb744a1373f,707 1702 3260 3406 3906 4196
qe8ef3bfc6858b,7590 7653 8104 10477 11460 11728 12246 12811 16180
qecac37c91c0d8,13711
qce1eca519dbbb,110 147 191
qeaf5252166a4b,{}
q4ed9de963190b,3738 5643 5829 6145 6930 8410 11138 22319 23012 23137 28779
q9a8d51ac2fd4d,{}
qac6c787dffcae,160 326 338 509 518 608 642 703 785 1015 1150 1179 1268 1436 1504
q6cb2b2dec962b,92 110 782 1210
q692aab1eafb53,8 48 213
q50da32fc2bc3b,{}
q5305881f58293,13 20 21 31 32 39 44 45 55 61 62 70 80 83 90 115 116 118 126 130 131 137 138 157 158 164 190 191 194 219 237 241 246 258 260 266 267 290 302 304 306 307 308 310 320 322 327 328 337 338 346 351 353 354 358 361 369 375 423 425 443 445 463 499 504 507 525 550 557 564 568 582 587 588 603 604 614 616 623 640 641
q3e39e88e1ff62,{}
q5f21fd35788af,644 4786 6138 7233 8482 9402 12500 13711 14649
q1716119c91f7e,40 92 110 501 694 707 748 782 822 947 1210
qee3a14eb6e28c,{}
q610c975e8f321,{}
qa7c3caec0bc8a,{}
q749fc7b031e6a,32 96 197 208 220 223
q3dd22902d32ff,22 81 97
q6770610b9926b,6930 22319
q88fc5ce8360d8,9 12 36 102 107 118 146 153 158 195 207 211 222 230 237 240 244 271 287 295 299 303 322 334 341 358 416 423 427 457 459 469 511 542 545 548 561 589 616 646 680 691 698 710 745 749 752 754 772 776 777 781 799 800 822 823 862 865 878 890 939 984 995 1007 1009 1047 1064 1095 1126 1161 1168 1201 1213 1218 1225 1230 1234 1238 1248 1261 1276 1286
q35f98d5b97988,35 38 44 108 152 230 263 275 366 516 562 577 600
q86986a82dc7a1,115 175 243
q90ec94e262660,13 31 45 61 80 90 130 131 157 158 164 190 191 194 219 237 258 267 290 302 306 310 327 328 337 338 351 354 369 375 425 463 504 507 525 550 557 564 587 588 603 604 616 623 641
q37748412ec0aa,{}
q0a79139adab32,{}
qca2b0515c3f06,{}
q049be7b41ee8a,{}
qe225bc31b0515,12500
qe2d8d6d9f6ac6,{}
q9e91af9d04ee2,{}
q41d347c904bff,{}
q49ff0f9092304,{}
q4ea6a6e3ad658,{}
q6ec98ef58cb44,186301 203189 215262 321488 362791
q3ae27ffa9c2d6,{}
q689db14c319f3,{}
qf3681a3fe6c03,{}
q0749b257d6d69,64 168
qd0f3747af5c25,{}
qf6f4eac5f1527,11460
qa858589dca3df,6930 22319
qd58186e09f6e8,40 92 110 501 694 707 748 782 822 947 1210
qcf5ab9574391b,{}
qa5439b41ebe3e,{}
qab787a5d628fc,644 4786 6138 7233 8482 9402 12500 13711 14649
qe88a3201b2534,115 141 175 243
q6f52b9815e407,148 299 348
q0efd059cb7826,301 392
qfbfcfb3b8c3f3,141 172
qe156ac2372c12,160 326 338 509 518 608 642 703 785 1015 1150 1179 1268 1436 1504
q084c767947753,3738 5643 5829 6145 6930 8410 11138 22319 23012 23137 28779
q3555527a94495,{}
q3ed88dd9817a0,{}
q76871d7749d34,12 16 17 18 19 47 51 58 77 92 116 117 128 150 153 171 172 175 183 204 207 229 240 253 254 256 276 278 280 286 287 288 304 311 313 321 327 336 339 360 374 375 383 386 391 393 398 409 410 420 422 428 431 433 443 459 460 469 490 496 503 513 520 523 530 538 549 566 577 584 588 594 602 606 611 619 642 645 650 657 659 669 675 686 713 723
q16ec85df30749,79 332 415 605 1114
qb1213be75cdc5,110 782 1210
q922c625ebe402,{}
q0901e64c44aeb,707 1702 3260 3406 3906 4196
qb12aba8b479f1,24 51 65 83 89 100 103 144 146 149 160 208 226 262 266 289 304 312 321 322 328 345 362 394 397 403 406 412 416 426 428 443 476 484 494 504 511 538 551 558 580 587 605 632 648 725 761 767 772 773 831 844 865 867 882 891 909 910 913 957 967 985 996 1012 1040 1060 1072 1073 1080 1100 1107 1125 1138 1139 1147 1152 1170 1171 1195 1244 1291 1304 1306 1330 1331 1337 1338 1353 1355 1387 1389 1394 1403 1404 1408 1412
q043bf001921b3,13711
q03ac14c79552c,707 1702 3260 3406 3906 4196
qd543c2943d8de,16180
qad1924e200158,{}
q68c08455b2a80,{}
q992602bbd55d5,{}
qabe6ed43982d2,{}
q91412d14eb5a1,7590 7653 8104 10477 11460 11728 12246 12811 16180
qf22938f31dd11,197 208 223
q9bb2f087a9e92,16180
q0deef9f441d39,{}
q96ec819ae3c59,{}
q2a49ccd711759,6930 22319
qf5e17cd4dbc72,{}
qaea52d6b4773e,707 1702 2434 2761 3260 3406 3906 4044 4102 4196 4204 4693 4727
q774f1fddb5bb9,{}
q51dc56e94e819,3738 5643 5829 6145 6930 8410 11138 22319 23012 23137 28779
q9bfd1e04cc600,{}
q79615a37da248,44 46 106
q858be170ccf9d,186301 203189 215262 321488 362791
q23b68a017dbf4,13711
q3938f6eb9b95a,110 147 175
qce085dca204a6,{}
q7195dad9f4e2a,96 197 208 223
qf700dfbd6bb2c,{}
qe4240b52d4f5d,12500
qea3872ba8a4d3,21921 89569 153431 186301 203189 212592 214665 215262 242647 304196 321488 332269 352507 362791
qa82681172ece3,110 782 1210
q22c0e5f4ce333,{}
q8c2140b56f959,22319
q666dffb52559b,79 118 138 302 332 415 501 563 605 790 1114 1174
qd01420a98e25c,{}
qf25ca13c52cb7,99 161
qe9a83921576f8,2 3 27 39 49 53 89 95 96 98 114 118 121 130 134 153 160 168 180 204 205 229 239 241 245 258 263 269 271 279 292 310 329 360 364 382 385 386 427 456 463 475 494 504 505 510 514 522 557 584 594 596 611 626 669 697 746 783 813 823 843 848 862 882 927 952 959 986 992 995 1012 1022 1050 1063 1092 1096 1102 1109 1124 1153 1184 1186 1195 1196
q536e7d909d62a,3738 5643 5829 6145 6930 8410 11138 22319 23012 23137 28779
q80fe27872bb74,3738 5643 5829 6145 6930 8410 11138 22319 23012 23137 28779
qff7a18d442add,{}
q2698a29f469ab,7590 7653 8104 10477 11460 11728 12246 12811 16180
q7daf062cdc858,{}
q52de673fb126d,16180
qdf40a90019ceb,6930
q74bce9fa74187,368 617 812 822 861 1039 1248 1606
q8cd3e00838cd2,{}
q3bceca578485c,{}
qa87cc14ab426e,8 12 18 21 23 26 27 28 32 37 38 46 48 51 54 59 66 68 72 76 77 79 84 85 90 95 100 106 112 125 128 129 137 139 142 145 152 155 157 164 168 179 181 182 183 188 193 194 202 215 217 220 224 231 232 236 237 239 240 243 256 261 267 268 273 274 278 282 283 284 297 300 310 311 312 317 328 330 332 338 342 352 357 360 361 368 389 396 397 408 410 413 423 427 430 436 443 447 452 459 469 473 497 503 511 512 513 521 523 528 534 537 542 544 545 573 579 583 588 596 598 599 602 604 605 611 617 624 626 641 642 648 653 654 658 667 672 676 683 688 694 699 704 705 725 729 733 737 742 743
qefd5f85de79c2,{}
qfc9d452538627,{}
q479f49f94d5c5,6 9 21 26 34 44 71 88 102 116 137 151 164 179 188 210 217 266 272 277 321 339 350 351 372 382 386 457 477 479 480 507 525 543 547 559 572 578 586 605 608 615 631
q688c3e0ebb66a,13711
qb17b970feceda,160 326 642
qe7e0ec00cbfc2,81 140 153
q3ced7089bd0d5,13711
q1eae3bfefc470,21921 89569 153431 186301 203189 212592 214665 215262 242647 304196 321488 332269 352507 362791
q545e0cc7a4771,{}
qe3114561044d0,{}
q565753d1c37f2,14 20 39 44 64 81 102 104
qbc984f7be28a1,{}
q39d0c8ae5f324,{}
qb0d0676323d5a,{}
q4f14723af1f0f,186301 203189 215262 321488 362791
q9fa627b12b930,{}
q3ed9389402243,707 1702 2434 2761 3260 3406 3906 4044 4102 4196 4204 4693 4727
qf7d572887d560,{}
q800c3652d2da9,21921 212592 214665 304196 332269
qe2b5302c2700b,{}
q49fd6ba8da4f9,{}
q5cf396f994288,707 1702 3260 3406 3906 4196
q4b3357a7b3813,11 32 41 73 81 88 107 112 135 139
q4fa17eebcca37,7590 7653 8104 10477 11460 11728 12246 12811 16180
qe33586692c6c9,{}
q1d2f38a66c782,{}
q6b063e484540b,32 96 197 208 220 223
q5dc3a1bde7ec8,30 115 141 172 175 243
q2f3301d04138a,16180
qbc538bdfccc44,3738 5643 5829 6145 6930 8410 11138 22319 23012 23137 28779
qc562fedbe723a,{}
qe2f71fafa8415,{}
qe2d5a8b014a82,12500
qe62b632cfffed,{}
qf6f8e790b185d,{}
qaa3e07da88836,11460
qcde39396e7531,44 46 106
qb1302d4100e0c,{}
qc60c3c1bccb05,338 785 1179
q62d7e496ef0d0,20 36 196 240
q2ff30bdba0252,22319
qd41d9aa6ac0a2,8 12 18 21 23 26 27 28 32 37 38 46 48 51 54 59 66 68 72 76 77 79 84 85 90 95 100 106 112 125 128 129 137 139 142 145 152 155 157 164 168 179 181 182 183 188 193 194 202 215 217 220 224 231 232 236 237 239 240 243 256 261 267 268 273 274 278 282 283 284 297 300 310 311 312 317 328 330 332 338 342 352 357 360 361 368 389 396 397 408 410 413 423 427 430 436 443 447 452 459 469 473 497 503 511 512 513 521 523 528 534 537 542 544 545 573 579 583 588 596 598 599 602 604 605 611 617 624 626 641 642 648 653 654 658 667 672 676 683 688 694 699 704 705 725 729 733 737 742 743
qaeb30d51052d9,186301 203189 215262 321488 362791
q7270f09be8086,{}
q2af7531ae2b16,{}
qd6b3a747c0cc2,11460
q02dc018f6f28d,1702 3260 4196
qdcf7c1b0bc135,30 141 172
qd0361db5bf506,6930
qe57f4c1a1eb4b,92 100 109 133 139 157 161 178 209 225 239 256 289 308 381 401 409 424 427 451 504 506 508 533 565 567 574 610 633 652 653 661 668 687 688 716 730 739 750 785 788 807 813 815 825 842 851 862 863 884 917 986 989 1011 1043 1044 1045 1062 1067 1081 1117 1132
q0f58aa440be2a,{}
q9e06acacec798,{}
q3b6fa0c649b24,16180
q263ff30961ca3,79 118 138 302 332 415 501 563 605 790 1114 1174
q54a6f90c248d1,186301 203189 215262 321488 362791
q4a9cdca5ecd10,110 147
q8b29b9c98a6e7,{}
qa7885a85100c9,{}
q357c4e9d00afd,{}
q79a262529e4ba,7590 7653 8104 10477 11460 11728 12246 12811 16180
q648dfd4404b72,30 189
q233c6a5d17865,21921 89569 153431 186301 203189 212592 214665 215262 242647 304196 321488 332269 352507 362791
qe54c18cd149f0,16180
q82aca67b5233c,7 22 32 43 81 97
q21463971da009,707 1702 2434 2761 3260 3406 3906 4044 4102 4196 4204 4693 4727
q3391d142c6971,{}
q430b5d8c9c066,20 36 240
q792a158720c4a,{}
q911df89f7bae2,1 7 26 39 41 48 66 69 82 85 125 143
qf77b01df4f166,12500
qd8b963c1d705d,{}
qf9dd1db07c704,{}
q760dd041f15e5,{}
q159da8fd8e0d7,644 4786 6138 7233 8482 9402 12500 13711 14649
q9072dfc58fb4e,707 1702 3260 3406 3906 4196
qa523b1aad33dc,7 32 43
qabe8441d32731,13 14 16 24 43 50 51 58 60 65 66 67 72 83 89 100 102 103 108 144 146 149 151 160 167 178 208 217 226 262 266 289 304 310 312 321 322 328 345 356 362 387 389 394 397 400 403 406 412 416 426 428 432 443 447 467 476 484 490 494 504 511 522 538 546 551 558 580 587 601 605 621 632 644 645 648 655 657 661 667 719 725 726 747 761 767 772 773 795 797 799 800 815 829 831 844 865 866 867 882 891 903 907 909 910 913 922 951 954 957 967 971 980 985 991 996 998 1012 1018 1040 1053 1060 1061 1072 1073 1080 1094 1100 1105 1107 1117 1124 1125 1134 1138 1139 1147 1148 1152 1153 1170 1171 1190 1195 1227 1228 1234 1240 1244 1250 1291 1304 1306 1330 1331 1335 1337 1338 1353 1354 1355 1387 1389 1392 1394 1403 1404 1408 1412
q1161a541e742e,13711
qb94c3d60e049a,197 208 223
q6a8839ea0e166,21921 212592 214665 304196 332269
q527915295464f,15 28 30 36 62 83 86 120 138 188 208 254 257 265 280 317 319 333 358 379 382 432 441 469 489 492 495 509 513 533 553 555 557 567 578 583 584 590 592 595 626 632 643 689 690 703 719 725 728 738 752 757 779 795 815 825 849 870 909 914 922 929
q941daccdf1d1a,{}
qb6b1f7ebb953c,{}
q36e8005db08e3,21921 212592 214665 304196 332269
qa1cd44236c78c,707 1702 2434 2761 3260 3406 3906 4044 4102 4196 4204 4693 4727
q84febd59722e0,12500
q87387908c24fe,21921 212592 214665 304196 332269
q14e8a9ad6aee9,160 326 642
q23116a1527f4a,92 694 947
qdef927b25de01,12500
qb75e7340972b0,42 110 147 167 175 191
q62be16423f95b,30 54 66 76 80 89 91 97 101 114 127 139 148 161 182 186 208 209 213 221 254 270 278 289 298 320 323 330 331 341 347 352 361 370 390 392 404 415 418 454 473 499 515 542 547 585 603 631 644 698 708 740 771 786 810 824 854 878 879 884 896 903 913 920 925 951 967 1024 1037 1041 1052 1086 1102 1114 1133 1139 1150 1200 1233 1255 1258 1270 1286 1339 1361 1369 1407 1419 1423 1477 1478 1482 1492 1496 1503 1511 1524 1536 1552 1567
q0213da64470f0,3 4 9 12 20 22 36 50 66 80 100 102 107 118 130 146 153 158 159 191 195 207 211 222 224 230 237 240 244 263 271 287 290 291 295 296 299 303 315 322 333 334 341 358 359 368 373 382 385 396 416 423 427 457 459 469 483 491 511 542 545 548 554 557 561 576 589 598 616 646 651 659 665 680 691 698 710 745 746 749 750 752 753 754 772 773 774 776 777 778 781 790 799 800 822 823 828 838 847 862 865 878 890 921 925 932 939 953 955 965 984 993 995 1007 1009 1016 1047 1064 1095 1098 1115 1126 1127 1161 1168 1196 1201 1213 1216 1217 1218 1225 1230 1234 1238 1239 1241 1248 1250 1261 1276 1281 1286
q43cef756dd225,644 4786 6138 7233 8482 9402 12500 13711 14649
qf48095c6ba2d5,{}
q98889c0592e89,{}
qa342ec5eb1108,{}
qfa07036e3c39f,707 1702 2434 2761 3260 3406 3906 4044 4102 4196 4204 4693 4727
q13a499726019d,{}
qcd5560c076889,12500
q0fb2b5f2ff0f8,6930 22319
qcc2a7d1d33cf1,160 326 642
q5cd1fb4ac474b,79 142 868 1204 1419 1713 2381 2967 3623
qec86a9fbe5173,6930
qee13389e0dc9b,{}
q2c801cb35b40c,5 13 30 49
q8843e87f6f615,{}
q8875ccff8b8b5,35 50 66 68 107 131 139 203 251 303 309 424 446 460 467 468 491 500 517 524 545 551 564 582 605
q4fa2cd4a0b168,8 48 213
qfeb42e1648e6d,514 1136 1378 1697 2161 2585 2658 2819 3019 3070 3232 3558 3891 4105 4230 5004 5329 5426
q4e10f6f89be5f,30 54 66 76 80 89 91 97 101 114 127 139 148 161 182 186 208 209 213 221 254 270 278 289 298 320 323 330 331 341 347 352 361 370 390 392 404 415 418 454 473 499 515 542 547 585 603 631 644 698 708 740 771 786 810 824 854 878 879 884 896 903 913 920 925 951 967 1024 1037 1041 1052 1086 1102 1114 1133 1139 1150 1200 1233 1255 1258 1270 1286 1339 1361 1369 1407 1419 1423 1477 1478 1482 1492 1496 1503 1511 1524 1536 1552 1567
qcf58a6ddc325a,338 785 1179
qd542b9d189944,50 102
qba83cf323ed9d,{}
qd3680524b1dba,81 140 153
q683c9a862acc8,160 326 338 509 518 608 642 703 785 1015 1150 1179 1268 1436 1504
q3e11478abc90c,13711
qae99c693f2397,30 54 66 76 80 89 91 97 101 114 127 139 148 161 182 186 208 209 213 221 254 270 278 289 298 320 323 330 331 341 347 352 361 370 390 392 404 415 418 454 473 499 515 542 547 585 603 631 644 698 708 740 771 786 810 824 854 878 879 884 896 903 913 920 925 951 967 1024 1037 1041 1052 1086 1102 1114 1133 1139 1150 1200 1233 1255 1258 1270 1286 1339 1361 1369 1407 1419 1423 1477 1478 1482 1492 1496 1503 1511 1524 1536 1552 1567
qfd68ef9a4ee3c,7 22 32 43 81 97
q114f25315e03a,3738 5643 5829 6145 6930 8410 11138 22319 23012 23137 28779
q67339fc63641e,{}
q25c3b8a800eb7,{}
q2c8bc89bcde35,197 208 223
q533f9d66f1a08,{}
q5cf2406f0a986,4 6 10 20 24 33 43 49 51 69 73 77 88 90 92 95 105 108 113 117 123 127 128 131 135
q6992a78e683e6,22319
q54ac176e4422d,644 4786 6138 7233 8482 9402 12500 13711 14649
qbde2e0f4332e3,11460
q7d15d3a559573,6930 22319
q85cf8bedabb67,{}
qb76b6c8a9715f,{}
qafc9fe8563011,{}
q87107e4ff20f1,6930 22319
q7defde555fe92,{}
qe472370e24ebd,{}
q0101809b08232,21921 89569 153431 186301 203189 212592 214665 215262 242647 304196 321488 332269 352507 362791
q332d0285df9ae,7 22 32 43 81 97
q03603e05a31f8,644 4786 6138 7233 8482 9402 12500 13711 14649
q7aec5a0542eb1,6930
q35fb17b980449,{}
qb295ba586122b,16180
q6f0d2142293c8,{}
q9a05048483ba6,3738 5643 5829 6145 6930 8410 11138 22319 23012 23137 28779
qffee49a524679,{}
qdc70795217147,{}
qdec3ce9c61ed9,75 112 113 134 145 151 154 156 158 159 178 197 202 229 238 241 252 295 332 343 345 361 365 370 385 400 405 423 432 442 455 484 486 487 493 496 498 523 546 554 593 611 621 647 658 659 683 729 748 752 754 782 784 790 810 823 841 879 881 903 913 916 922 925 926 946 972
qa9370aa23261e,{}
q7b22a87aa2a03,4 6 11 52 66 67 81 103 104 107 112 121
qdda92220326bd,707 3406 3906
q136caa6d8d632,6930 22319
q20216ce57a246,7 12 23 31 37 48 57 79 84 90 95 96 117 176 203 241 248 255 263 266 267 273 307 329 383 414 428 460 465 468 478 508 513 543 551 575 580 582 621 624 659 660 661 665 676 677 679 695 699 709 712 735 737
qf1f9036bb3fb0,79 118 138 302 332 415 501 563 605 790 1114 1174
qd277a93d0f1a3,3 20 36 196 208 240
qbfe2a96fdf3d5,{}
q79a5249827e70,3 196 208
q02efca963b117,2 18 25 39 55 60 68 87 91 99 103 108 116 119 122 144 150 162 171 176 178 190 192 220 228 233 243 246 253 264 268 273 282 285 296 302 311 313 340 367 377 384 389 391 396 404 408 418 422 428 430 435 442 444 446 450 454 455 462 469 480 482 514 523 530 538 556 571 579 581 587 602 603 614 619 621 622 631 665 666 668 673 674 679 686 689 693 699 701 703 705 718 723 726 752 768 770 787 790 797 800 830 833 835 850 860 872 877 895 898 919 927 938 952 960 964 965 967 969 970 977 997 1007 1011 1012 1033 1038 1051 1093 1099 1101 1103 1116 1118 1131 1133 1143 1146 1148 1154 1155 1158 1159 1167 1171 1181 1192 1206 1209 1237 1248 1252 1282 1288 1294 1302 1313
qc388c8cf9e2ba,707 1702 3260 3406 3906 4196
q6509cfe135db8,21921 89569 153431 186301 203189 212592 214665 215262 242647 304196 321488 332269 352507 362791
q4a0642edb1910,186301 203189 215262 321488 362791
qd89f5d463e848,707 3406 3906
qe9f3d5d6a2101,6930 22319
q3d3c9a78998c6,12 13 16 17 18 19 23 39 47 48 50 51 58 61 77 80 84 92 112 116 117 128 129 139 140 150 153 171 172 175 179 183 204 207 225 229 240 242 253 254 256 273 276 278 280 283 286 287 288 304 311 313 321 323 327 336 339 350 360 374 375 383 386 391 393 398 409 410 420 422 423 426 428 431 433 443 447 455 459 460 469 490 496 500 501 503 513 515 520 523 527 530 531 538 546 549 552 562 566 576 577 584 588 594 602 606 611 619 623 628 631 642 645 649 650 655 657 659 669 675 679 682 683 684 686 690 705 711 713 723
q1eddfe63f9d1b,6 15 27 28 30 31 36 52 62 73 77 83 86 87 93 101 120 138 142 188 208 223 254 257 265 270 280 295 302 308 313 317 319 333 358 379 382 407 432 440 441 469 471 489 492 495 499 509 513 520 525 533 535 542 553 555 557 567 578 579 583 584 587 590 592 595 606 626 632 637 643 655 684 689 690 697 703 719 725 727 728 738 752 757 766 774 779 791 792 795 815 819 825 849 868 870 875 885 909 911 912 914 922 929 931 947 948 953 956
q8fde690cd99ba,160 326 338 509 518 608 642 703 785 1015 1150 1179 1268 1436 1504
q89a24f62232bb,16180
q58ceb46658d36,{}
qe89df815f5fa5,11460
qff45dfd7e38d9,40 92 110 501 694 707 748 782 822 947 1210
q53f41ae58368e,{}
qfddb9dbb888bf,11460
qdb0582356f9b2,12 14 18 31 47 54 59 60 69 77 79 81 94 95 96 107 112 114 137 145 157 164 182 190 198 200 209 220 224 243 247 248 249 252 262 278 281 286 297 302 322 338 358 370 376 382 386 388 395 399 416 422 445 449 475 481 487 488 492 496 497 511 529 534 539 558 583 599 606 607 614 616 617 622 628 634
q72cda412d2271,338 785 1179
q13b53d61566bf,107 132 170
qd618ea6b7b5a3,{}
q94bedf1645c44,21921 212592 214665 304196 332269
q4745edd1a30eb,{}
qe9a865e934425,186301 203189 215262 321488 362791
qba37b8a60b865,707 1702 2434 2761 3260 3406 3906 4044 4102 4196 4204 4693 4727
qfc74814e59322,{}
q3851553f20bac,20 36 240
qa1d1ecdc1a78e,9 28 29 38 47 64 86 93 97 109 110 117 130 144 157 166 175 180
q0c7c1603706d2,20 36 240
q25100752de369,12 27 32 38 45 84 88 89
q9114b852208a1,21921 212592 214665 304196 332269
q0e42282b0a8e2,707 3406 3906
qdc4ef31080c01,11460
q517258dc57cae,{}
qb8aa2f2991c29,{}
qb1454fa0bc2da,{}
qd5fa84b853452,644 4786 6138 7233 8482 9402 12500 13711 14649
q3d8ed868a783f,2 6 7 13 20 23 29 30 32 44 50 52 54 56 59 62 65 66 70 71 73 75 77 80 82 93 100 107 117 118 124 138 143 153 157 158 170 172 174 178 185 191 202 205 209 212 215 224 226 229 231 244 247 251 252 256 263 270 272 274 277 279 284 287 291 292 293 297 309 311 314 320 325 332 340 341 343 344 347 348 349 359 362 366 371 375 376 381 386 391 395 397 401 406 407 411 419 421 428 440 454 465
qb8028ab3e2ba1,{}
q4e8707bce51fd,{}
qa48a0da6f2216,138 216
q3911bda1b26d6,13711
q2a5eb40b37b89,{}
q4e63851dd596c,{}
q8fec82231a1e2,3738 5643 5829 6145 6930 8410 11138 22319 23012 23137 28779
q330c97d63979e,707 1702 3260 3406 3906 4196
qcff3ee6befccd,16180
qe18a033073836,7 12 23 31 37 48 57 79 84 90 95 96 117 176 203 241 248 255 263 266 267 273 307 329 383 414 428 460 465 468 478 508 513 543 551 575 580 582 621 624 659 660 661 665 676 677 679 695 699 709 712 735 737
q5385de801d566,{}
q4ff21dde10fd3,13711
q08928dc72bdca,{}
q90a5935af42cd,6930 22319
q7c4457880b3ee,{}
qd1bbe02557aa7,16180
q28b7d88df0340,{}
q67b8c55f21d41,{}
qe3431eea0466c,{}
qf40884af0096b,42 110 147 191
qcb2ca079b6a6d,{}
q017e3cd758f47,92 694 947
q9d698dc5d60ff,{}
qd72ff20a1250f,21921 89569 153431 186301 203189 212592 214665 215262 242647 304196 321488 332269 352507 362791
qdb66b52a9ceba,{}
qb2db3a4b870ba,{}
q33deb81f23cfa,11460
q294e22c424e37,160 326 338 509 518 608 642 703 785 1015 1150 1179 1268 1436 1504
q5ea4a305c87c1,{}
q02d4aff3ada64,6930 22319
q912fa08286c4f,{}
qaae0295dd8a37,{}
qa4297e209aa52,44 145
q98c7aa34ca85e,3738 5643 5829 6145 6930 8410 11138 22319 23012 23137 28779
q70abafe3ba39c,{}
qebfc88fca8c52,{}
q0e22a86dd52ba,{}
q808ab5e4bd8fe,707 3406 3906
q9b7c741987a07,707 3406 3906
qcc7e2e50838a4,21921 186301 203189 212592 214665 215262 321488 362791
q54a09e9bd3fed,{}
qe98d9ca6a0105,707 1702 2434 2761 3260 3406 3906 4044 4102 4196 4204 4693 4727
q5d7606cfe4df2,12500
qeb6b3e7aea9d0,{}
qd80cd9756df30,1 32 113 135 162 223 246 256 271 279 291 320 325 326 331 348 354 376 379 386 400 403 422 435 450 454 479 493 503 507 511 522 525 527 539 547 557 584 590 623 635 676 686 688 690 709 715 728 729
q76eedb5744217,34 59 64 74 75 81 96 103 120 124 126 129 217 224 255 260 286 290 299
q1bac9d98c192c,{}
q0def4da5e6f8c,30 115 141 172 175 243
q7468cd58b19ba,{}
q859ea8a1bb6eb,{}
q278590cc6b9ee,707 3406 3906
qaae000484e03e,338 785 1179
q10d0a2ce1389c,3 47 64 65 110 112 114 121 129 165 168 180 195 214 215 222 235
q4566c14234271,40 92 110 501 694 707 748 782 822 947 1210
q1c8c573e2414d,3 20 36 196 208 240
q87f066a78b923,11460
q9adee6ef69feb,2 261
qef92576f3e3b6,{}
q1aa39875cb368,{}
qdb2eecb452e26,2 18 29 31 52 69 75 90 93 105 113 128
q130edcc9a0438,{}
q2604c5ec244f6,186301 203189 215262 321488 362791
qb0ff0cae0db98,6930 22319
qd31a7c1309254,707 2434 2761 3406 3906 4044 4102 4204 4693 4727
q3ce0c858d9f33,{}
q3083ededccab3,{}
qf4989c293262f,7 22 32
q053eda48378ee,21921 89569 153431 186301 203189 212592 214665 215262 242647 304196 321488 332269 352507 362791
q57b955966e819,{}
qecfe0d181c871,{}
qdfba06dcee6fd,{}
qc804f0c54e207,{}
qb7153d81b3bf0,707 1702 2434 2761 3260 3406 3906 4044 4102 4196 4204 4693 4727
q3f09d9f19c936,8 48 213
q60190bc59ec55,{}
q502287d6ca650,160 326 338 642 785 1179
qaf4209ab7ce7d,99 150 182
q04c85dbc68dbe,13711
qe9fb53a1523c6,6 19 62 88 130 207 228 252 259 279 333 345 359 380 401 405 407 428 461 474 477 505 559 599 600 640 663 680 691 697 701 790 793 822 832 852 870 885 905 912 960 970 971 988 994 1009 1060 1066 1117 1123
q2d405844b3c5b,{}
q3f0908a10f9b8,{}
qfef094345214a,{}
qbb0dfa487c5bf,110 147 191
q284a858ddc1a7,1702 3260 4196
q57726b3c58ac0,186301 203189 215262 321488 362791
q40e9389f42301,110 147 191
q36ed2a8df7263,22 30 38 47 54 66 76 80 89 91 97 101 103 108 111 113 114 127 139 148 161 171 182 186 193 208 209 213 221 246 254 262 270 278 285 289 298 303 305 320 323 330 331 341 347 352 357 361 370 385 389 390 392 404 415 418 454 470 473 475 499 515 538 542 546 547 585 603 628 631 644 665 698 704 708 711 722 729 740 771 786 810 815 819 824 826 842 846 854 855 860 872 878 879 884 896 903 910 913 920 925 933 951 964 967 995 1024 1025 1037 1038 1041 1052 1056 1061 1066 1068 1082 1086 1094 1101 1102 1104 1114 1130 1133 1139 1150 1189 1200 1215 1218 1232 1233 1250 1254 1255 1258 1270 1286 1311 1312 1339 1347 1361 1369 1373 1378 1406 1407 1419 1423 1429 1449 1457 1458 1477 1478 1482 1492 1496 1501 1503 1511 1524 1536 1552 1564 1567
q5ec27effa82cd,338 785 1179
q007c814a6f77c,{}
q9fb7478951161,79 118 501 1174
q8b4bdea7fcb26,6930
qfdbcce2e9d68c,35 66 68 107 131 139 203 251 303 309 460 467 468 491 500 517 524 545 551 564 582 605
qc74b74c5a3098,7590 7653 8104 10477 11460 11728 12246 12811 16180
q0a7eebaab45a1,{}
q4d47e8b4a62e3,160 326 642
q1c6c679aeb895,{}
qc3dac598fecee,{}
q5d452d6f864da,7590 7653 8104 10477 11460 11728 12246 12811 16180
q658baf95d4063,{}
q584cb1ebd9a2e,{}
q54199de7209f8,21921 89569 153431 186301 203189 212592 214665 215262 242647 304196 321488 332269 352507 362791
qd4edbdc7edae0,707 1702 2434 2761 3260 3406 3906 4044 4102 4196 4204 4693 4727
q9ccb7c05d150e,7590 7653 8104 10477 11460 11728 12246 12811 16180
qd8ded630604af,1702 3260 4196
q37b3d5b8c5f48,8 48 213
qc6a361c0bb7b4,{}
q2396c4123ff28,7590 7653 8104 10477 11460 11728 12246 12811 16180
q003587c15aff2,22 30 38 47 54 66 76 80 89 91 97 101 103 108 111 113 114 127 139 148 161 171 182 186 193 208 209 213 221 246 254 262 270 278 285 289 298 303 305 320 323 330 331 341 347 352 357 361 370 385 389 390 392 404 415 418 454 470 473 475 499 515 538 542 546 547 585 603 628 631 644 665 698 704 708 711 722 729 740 771 786 810 815 819 824 826 842 846 854 855 860 872 878 879 884 896 903 910 913 920 925 933 951 964 967 995 1024 1025 1037 1038 1041 1052 1056 1061 1066 1068 1082 1086 1094 1101 1102 1104 1114 1130 1133 1139 1150 1189 1200 1215 1218 1232 1233 1250 1254 1255 1258 1270 1286 1311 1312 1339 1347 1361 1369 1373 1378 1406 1407 1419 1423 1429 1449 1457 1458 1477 1478 1482 1492 1496 1501 1503 1511 1524 1536 1552 1564 1567
q614019136db25,12500 13711
q4f338fda03b63,102 449
q2e43e428f09a2,1702 3260 4196
qf77d4bdad583b,{}
q5ffdc432f55f8,160 326 642
q2c75edfc264ec,644 4786 6138 7233 8482 9402 12500 13711 14649
q56110ba0a6b53,707 3406 3906
qcdfc7e1956163,{}
qb6ebeaafb9703,{}
qa321888552e1e,92 694 947
q4a5d7e4aa69c6,{}
qa75dc7ad32a61,{}
qcdfdd24f3e16c,{}
qd217c1df4ba04,{}
q588b7dd90b04d,{}
q0b6ba23b0317c,7590 7653 8104 10477 11460 11728 12246 12811 16180
q378859be4fb3a,{}
q9e4ddc0b31b99,{}
qb531fa65e6a9b,{}
qf679ec2c71aff,7590 7653 8104 10477 11460 11728 12246 12811 16180
q5480025cc8c03,{}
q2ee52c597a2ef,21921 89569 153431 186301 203189 212592 214665 215262 242647 304196 321488 332269 352507 362791
q39671c1938cc4,62 65 77
q73c0c2733765f,{}
q795322e69d6a5,514 1136 1378 1697 2161 2585 2658 2819 3019 3070 3232 3558 3891 4105 4230 5004 5329 5426
q6021e263c89a8,{}
qd8434bba00d66,644 4786 6138 7233 8482 9402 12500 13711 14649
q590f1153b9d2f,160 326 642
q92b610cbc8d5a,{}
q5503b0f5c58ca,707 1702 3260 3406 3906 4196
qfe0d123a4da52,{}
q6ed37fc307384,64 168
q1886e3acdbd40,20
q63594ec788f36,21921 212592 214665 304196 332269
qf335e60a4ef40,707 3406 3906
qd823ce58bd65b,{}
q16f1f622e7f76,{}
q88916cc6a16de,{}
q5b0f9b2c41949,186301 203189 215262 321488 362791
q4f3bcc5c00004,707 3406 3906
q19b32764faa52,3 4 6 10 16 24 28 32 34 38 40 45 47 50 55 66 70 71 73 74 77 90 96 103 107 110 127 134 137 138
q59e01042e4be6,707 1702 3260 3406 3906 4196
q3902bb9497c47,186301 203189 215262 321488 362791
q702fe77c590c4,332 415 605 1114
q00eb3c946a56f,{}
q7855b42bcf65b,707 1702 2434 2761 3260 3406 3906 4044 4102 4196 4204 4693 4727
q1fcd5f063426a,197 208 223
qc832ca7892ec1,12500
qa68dd03bd49fb,22 81 97
qf709005eb7386,{}
qec22f6e0e6855,4 10 33 49 77 88 90 105 113 117 131
qd888ecfa5f1e1,1 2 7 10 14 15 17 23 24 26 31 35 37 42 43 44 51 53 61 62 64 66 70 72 76 79 81 90 97 100 104 116 124 126 129 130 131 133 136 137 140 153 163 164 172 176 179 181 182 187 191 194 195 196 197 204 207 226 230 232 234 254 256 270 271 280 285 287 288 291 292 299 302 311 312 314 315 322 324 328 332 333 334 339 344 348 351 356 363 366 371 374 376 377 382 387 391 404 416 417 425 431 436 442 445 466 472 478 479 480
q46ca36c616356,707 1702 2434 2761 3260 3406 3906 4044 4102 4196 4204 4693 4727
q2334e6ca218ac,22319
q0839562abfe16,{}
q84217cf7c42ff,141 212
q1b5f88dd54251,186301 203189 215262 321488 362791
qe7a0d705c78bc,3 47 64 65 110 112 114 121 129 165 168 180 195 214 215 222 235
q9f540a162ef2e,110 782 1210
q05d6dc4ad8f61,{}
qe31b13ff7805e,{}
q3b34ebf88e08c,17 29 188 192 210 255 306
q9474911e5e19e,{}
qdec555de803a3,707 1702 2434 2761 3260 3406 3906 4044 4102 4196 4204 4693 4727
qda4c982dff8ae,21921 89569 153431 186301 203189 212592 214665 215262 242647 304196 321488 332269 352507 362791
qad82a9e4ea75c,8 12 18 21 23 26 27 28 32 37 38 46 48 51 54 59 66 68 72 76 77 79 84 85 90 95 100 106 112 125 128 129 137 139 142 145 152 155 157 164 168 179 181 182 183 188 193 194 202 215 217 220 224 231 232 236 237 239 240 243 256 261 267 268 273 274 278 282 283 284 297 300 310 311 312 317 328 330 332 338 342 352 357 360 361 368 389 396 397 408 410 413 423 427 430 436 443 447 452 459 469 473 497 503 511 512 513 521 523 528 534 537 542 544 545 573 579 583 588 596 598 599 602 604 605 611 617 624 626 641 642 648 653 654 658 667 672 676 683 688 694 699 704 705 725 729 733 737 742 743
qeec3b4f640c00,107 132 170
q060fbc96403e3,22319
q119c7205807fc,16180
q9f16329fd814e,707 1702 3260 3406 3906 4196
q1d9c85cb1b90b,238 336
q50f0149351615,{}
q9b8de1559875e,{}
q18914ca5e4b36,{}
qc68120734241f,{}
q4090dd7c71fe1,12 13 16 17 18 19 23 39 47 48 50 51 58 61 77 80 84 92 112 116 117 128 129 139 140 150 153 171 172 175 179 183 204 207 225 229 240 242 253 254 256 273 276 278 280 283 286 287 288 304 311 313 321 323 327 336 339 350 360 374 375 383 386 391 393 398 409 410 420 422 423 426 428 431 433 443 447 455 459 460 469 490 496 500 501 503 513 515 520 523 527 530 531 538 546 549 552 562 566 576 577 584 588 594 602 606 611 619 623 628 631 642 645 649 650 655 657 659 669 675 679 682 683 684 686 690 705 711 713 723
qf08e938447cfd,{}
q23c0b5945a49a,{}
q8f9f2d1780024,64 168
q9911c7407cc16,8 397
qc369595f77754,79 118 138 302 501 563 790 1174
q013f1d1e68c06,115 213
q57d6e64b410b5,16180
q028410fd98df9,10 44 46 62 106 145
q246df2c27ac9e,{}
q90690b620640f,99 107 132 150 170 182
qdb82d08ea1007,{}
q62b3f946dbdf0,{}
qfccdca46c21c2,{}
q1e929506ebfa4,{}
qaea0e4bffd5eb,12500
qb38a5d57a28e6,12500
q8e06a1f79f929,{}
qfe666bd2a1536,707 1702 2434 2761 3260 3406 3906 4044 4102 4196 4204 4693 4727
qc1a9d4a4ba4ff,{}
q037f38913218c,{}
qefd5752a0634f,{}
q98239e4a628bb,{}
q30a182768cd01,115 172 243
q8f7b7491ab125,32 96 197 208 220 223
q8607ed154c48a,6930 22319
q76e62cbb1e492,{}
q7c8da2000361d,{}
qe1277ee912fdf,24 51 65 83 89 100 103 144 146 149 160 208 226 262 266 289 304 312 321 322 328 345 362 394 397 403 406 412 416 426 428 443 476 484 494 504 511 538 551 558 580 587 605 632 648 725 761 767 772 773 831 844 865 867 882 891 909 910 913 957 967 985 996 1012 1040 1060 1072 1073 1080 1100 1107 1125 1138 1139 1147 1152 1170 1171 1195 1244 1291 1304 1306 1330 1331 1337 1338 1353 1355 1387 1389 1394 1403 1404 1408 1412
qf48db5edea7ae,13 18 22 25 27 35 39 42 46 47 50 53 54 63 64 65 67 69 76 84 88 89 94 101 114 119 120 126 129 137
q75414dfed4fba,79 118 138 302 332 415 501 563 605 790 1114 1174
q6d9483a9e376f,2 7 11 18 21 29 31 37 42 52 57 62 63 69 70 72 75 78 90 93 96 97 105 113 127 128 129 131 138 140
qdde6dcde6e7c3,{}
qc7bad59db9788,{}
qfa3896da4358c,12 14 18 31 47 54 59 60 69 77 79 81 94 95 96 107 112 114 137 145 157 164 182 190 198 200 209 220 224 243 247 248 249 252 262 278 281 286 297 302 322 338 358 370 376 382 386 388 395 399 416 422 445 449 475 481 487 488 492 496 497 511 529 534 539 558 583 599 606 607 614 616 617 622 628 634
qba9dbab582264,160 326 338 509 518 608 642 703 785 1015 1150 1179 1268 1436 1504
q3cbd3eb26c31f,{}
q767a66c4d8b37,7590 7653 8104 10477 11460 11728 12246 12811 16180
qe6ed27e527ff4,35 46 60 62 66 75 91 109 112 113 122 134 145 151 154 156 158 159 178 197 201 202 223 229 238 241 252 289 295 307 329 332 335 337 343 345 361 365 370 385 389 395 400 401 405 407 413 419 423 432 436 442 455 471 479 484 486 487 493 496 497 498 518 523 546 554 565 577 579 593 606 611 621 627 647 658 659 683 687 704 715 717 721 729 737 748 752 754 779 782 784 790 799 810 816 823 831 841 844 846 879 881 893 896 903 913 916 922 925 926 937 944 946 952 966 968 972 976 988
qf2bf043b502ac,644 4786 6138 7233 8482 9402 12500 13711 14649
q5b948cbda6c59,644 4786 6138 7233 8482 9402 12500 13711 14649
qeefdd337e82eb,{}
q888cee8d839ca,6930 22319
q51f3e0e3adf82,64 168
qfb92d12fb8cec,707 1702 2434 2761 3260 3406 3906 4044 4102 4196 4204 4693 4727
q71f788a705479,6930 22319
qf9ba60ffc9d62,{}
q22e894b9a9b1f,21921 212592 214665 304196 332269
qe2043d16624aa,12 14 16 35 37 38 42 44 56 68 78 98 102 108 110 113 148 151 152 155 161 165 183 186 197 198 227 230 232 240 263 267 273 275 281 286 305 312 320 355 366 369 386 404 412 422 423 482 500 503 516 530 558 562 577 600 605
qc1efc3ea6f7d0,160 326 338 509 518 608 642 703 785 1015 1150 1179 1268 1436 1504
qceb648146fb37,284 297 423 459 654 705
q87a7c085cc86f,7590 7653 8104 10477 11460 11728 12246 12811 16180
q278a347d4fe1b,3738 5643 5829 6145 6930 8410 11138 22319 23012 23137 28779
qf310a80290d85,{}
q6a73805cc9d11,{}
q849acf6f3a8be,21921 212592 214665 304196 332269
qfa75610ea886e,79 118 138 302 332 415 501 563 605 790 1114 1174
q4c2b229360467,44 46 106
qaf99e66d1e1f0,8 12 18 21 23 26 27 28 32 37 38 46 48 51 54 59 66 68 72 76 77 79 84 85 90 95 100 106 112 125 128 129 137 139 142 145 152 155 157 164 168 179 181 182 183 188 193 194 202 215 217 220 224 231 232 236 237 239 240 243 256 261 267 268 273 274 278 282 283 284 297 300 310 311 312 317 328 330 332 338 342 352 357 360 361 368 389 396 397 408 410 413 423 427 430 436 443 447 452 459 469 473 497 503 511 512 513 521 523 528 534 537 542 544 545 573 579 583 588 596 598 599 602 604 605 611 617 624 626 641 642 648 653 654 658 667 672 676 683 688 694 699 704 705 725 729 733 737 742 743
qc647c1886d6f5,24 51 65 83 89 100 103 144 146 149 160 208 226 262 266 289 304 312 321 322 328 345 362 394 397 403 406 412 416 426 428 443 476 484 494 504 511 538 551 558 580 587 605 632 648 725 761 767 772 773 831 844 865 867 882 891 909 910 913 957 967 985 996 1012 1040 1060 1072 1073 1080 1100 1107 1125 1138 1139 1147 1152 1170 1171 1195 1244 1291 1304 1306 1330 1331 1337 1338 1353 1355 1387 1389 1394 1403 1404 1408 1412
q71089bc47d7d6,7590 7653 8104 10477 11728 12246 12811 16180
qa539e0f630be6,{}
q57afdd109661d,{}
qe92a0b53aeaa9,{}
q9d0f4c66ee6b1,186301 203189 215262 321488 362791
q3db318c33f539,{}
qc548c35e165a0,6930 22319
q330886219c931,14 47 69 95 112 114 182 198 224 247 252 286 338 358 370 382 388 416 445 475 511 529 534 539 583 607 628
q02706423d6ee9,75 112 113 134 145 151 154 156 158 159 178 197 202 229 238 241 252 295 332 343 345 361 365 370 385 400 405 423 432 442 455 484 486 487 493 496 498 523 546 554 593 611 621 647 658 659 683 729 748 752 754 782 784 790 810 823 841 879 881 903 913 916 922 925 926 946 972
q4db6984b132a0,{}
q9acb130cbf1fa,{}
q1e4502c1bb1fa,197 208 223
q4b5b7d673a54c,{}
q3d4a698451c3c,{}
q2b491a60405f2,{}
q1f86b9d901597,1 6 11 30 45 46 51 57 68 74 75 83 84 85 90 91 95 102 109 111 114 120 123 128 132 133 145 147 151 167 169 175 184 212 219 242 258 280 282 288 305 306 309 324 328 346 350 367 375 382 405 413 419 427 436 439 440 457 464 466 489 516 524 537 538 541 542 546 574 599 607 615 621 623 625 643 657 662 671 676 687 691 696 701 703 726 772 773 819 825 826 827 828 831 834 838 842 846 850 855 871 879 893 896 900 901 907 921 930 934 935 937 944 945 950 951 965 973 983 993 1003 1004 1032 1045 1048 1049 1052 1057 1097 1112 1157
q797b87f62f755,{}
qe85468699f4d8,707 3406 3906
q9cc76ea447ea6,12 13 16 17 18 19 23 39 47 48 50 51 58 61 77 80 84 92 112 116 117 128 129 139 140 150 153 171 172 175 179 183 204 207 225 229 240 242 253 254 256 273 276 278 280 283 286 287 288 304 311 313 321 323 327 336 339 350 360 374 375 383 386 391 393 398 409 410 420 422 423 426 428 431 433 443 447 455 459 460 469 490 496 500 501 503 513 515 520 523 527 530 531 538 546 549 552 562 566 576 577 584 588 594 602 606 611 619 623 628 631 642 645 649 650 655 657 659 669 675 679 682 683 684 686 690 705 711 713 723
q83e65655f2a82,21921 212592 214665 304196 332269
qb2dfa96c540b6,{}
q8e8d9c69cbd2c,5 13 24 30 34 47 49 62 65 77 94
qcc9fd4693b63b,179
qb465ca1698ab3,3738 5643 5829 6145 6930 8410 11138 22319 23012 23137 28779
q6327791e619e8,{}
q6b12c579dc959,6 9 21 26 34 44 71 88 102 116 137 151 164 179 188 210 217 266 272 277 321 339 350 351 372 382 386 457 477 479 480 507 525 543 547 559 572 578 586 605 608 615 631
q6fc0caf05617d,{}
qcd5d28cc22fef,514 1136 1378 1697 2161 2585 2658 2819 3019 3070 3232 3558 3891 4105 4230 5004 5329 5426
q5f5ca7f310de4,11460
q900921f7efba5,35 66 68 107 131 139 203 251 303 309 446 460 467 468 491 500 517 524 545 551 564 582 605
q49b4b45a4d63e,{}
q2f649533f3300,59 60 64 79 87 91 118 158 167 168 172 176 258 278 352 362 387 405 409 421 429 459
q5ef5202f79ca6,707 2434 2761 3406 3906 4044 4102 4204 4693 4727
q37afd3e76c6d3,{}
qb847deb9c1c8b,30 115 141 172 175 243
q313c541c748ae,110 782 1210
q50914b4822ef0,3738 5643 5829 6145 6930 8410 11138 22319 23012 23137 28779
qf5f0fa5893a26,21 37 42 62 63 70 78 96 97 129 138 140
q4253d861a9792,707 1702 3260 3406 3906 4196
q76cc70db6d0f0,6 12 14 17 19 27 32 38 42 43 45 47 48 51 53 73 80 84 88 89
q8af9b25ba27a9,{}
q4e5ee1cf4e6cd,{}
qd3127afdf93ef,1 17 30 31 32 80 113 120 124 134 135 140 151 161 162 172 175 204 221 223 246 256 271 279 281 291 312 320 325 326 331 334 348 354 367 376 379 381 386 394 398 400 403 422 435 438 450 453 454 471 476 479 493 503 507 511 522 525 527 536 539 547 557 565 584 590 601 623 625 635 639 646 658 674 676 677 680 686 688 690 692 695 702 709 715 728 729
qf40a8a46e20bf,644 4786 6138 7233 8482 9402 12500 13711 14649
q5d5bfc86b968a,{}
q0c22cf85ce073,{}
qc3413f8f63334,707 1702 2434 2761 3260 3406 3906 4044 4102 4196 4204 4693 4727
qd534c1cd9155b,{}
qce2b1954abf14,99 107 132 150 170 182
qe2a300d7bbd88,7590 7653 8104 10477 11460 11728 12246 12811 16180
qe6b3868fbd2da,{}
q601be1f988e25,6930 22319
qf28deae6e1a46,99 107 132 150 170 182
q2fc3c8cd5836a,{}
q7a219b8227ab3,10 24 31 62
q9736891471f3e,22 81 97
q1655c0f3600c5,707 1702 3260 3406 3906 4196
q837248234c69d,11460
q074768d1f355c,75 112 113 134 145 151 154 156 158 159 178 197 202 229 238 241 252 295 332 343 345 361 365 370 385 400 405 423 432 442 455 484 486 487 493 496 498 523 546 554 593 611 621 647 658 659 683 729 748 752 754 782 784 790 810 823 841 879 881 903 913 916 922 925 926 946 972
q2ccbb6dda62f6,86 101 296
qd12ade864097c,64 168
qc2fb47ec32da9,22319
qa010801894261,644 4786 6138 7233 8482 9402 12500 13711 14649
q11dbe232cb31b,141 172
q160d6d0631086,5 9 16 27 28 32 36 38 40 51 56 57 62 66
q6a42db4fd8ac9,707 1702 3260 3406 3906 4196
q28f20ea69e337,{}
q8ba72b0e48572,3738 5643 5829 6145 6930 8410 11138 22319 23012 23137 28779
q47e5bfa6a52c4,{}
q6adc1b1d3dab6,6016
q67b8f92a74305,707 1702 2434 2761 3260 3406 3906 4044 4102 4196 4204 4693 4727
qf083274b2f544,6930
q6a92b128d2803,{}
q7d3ce9cd1ae0e,186301 203189 215262 321488 362791
qebd7f4b933ef9,707 1702 3260 3406 3906 4196
qe0e4c58dd1364,22319
qff5631c266cb7,{}
qe9db59c329cec,{}
qf08982a2e2dee,186301 203189 215262 321488 362791
q52f455d9cc38d,21921 89569 153431 186301 203189 212592 214665 215262 242647 304196 321488 332269 352507 362791
qf9c552cf87fa0,9 12 24 31 35 39 53 54 62 80 102 119 138 139 146 156 160 184 196 208 213 220 233 293 312 327 335 350 352 394 429 458 463 464 482 491 494 527
q0c987d6ee7bcd,12500
q7fbe018e3ba37,45 56 167 377
qf0b92a33cb845,30 141 172
qecafc6b75a46f,{}
qbed2adca9450c,21921 89569 153431 186301 203189 212592 214665 215262 242647 304196 321488 332269 352507 362791
qefb584301d927,{}
q9574aa38eceaf,{}
qd0bb55206491b,6 9 21 26 34 44 71 88 102 116 137 151 164 179 188 210 217 266 272 277 321 339 350 351 372 382 386 457 477 479 480 507 525 543 547 559 572 578 586 605 608 615 631
q58107b0d16ca9,99 150 182
q8a4be63f62992,231 325
qb6f3b20c8458f,39 53 65 67 69 84 137
q50556b7dc54ba,{}
q1fc07a1044f96,{}
q9b95b57dfada9,16180
qba1d6109a2731,{}
q7dbeb9722a6f0,186301 203189 215262 321488 362791
q35e9dd0b86155,7 22 32 43 81 97
q1f78fdf171cdd,{}
qad364658dd4ac,16180
q208adf5f1224e,3738 5643 5829 6145 6930 8410 11138 22319 23012 23137 28779
qdf3f4207188a3,{}
q056eca9aa6827,{}
qbe9a4f8232eb2,{}
qd0f58e6c182f8,22 81 97
q19ffe55163669,{}
qa62ee1e1f379f,{}
q3079f4d3b1f0c,{}
q835cf0487bd50,{}
qc9bd50f0bde35,11460
q0537859bc30d3,338 785 1179
qba1d7cda4842f,81 140 153
q934022560b1e5,7 32 43
q1a5196f499e25,197 208 223
q77e5c743347bd,6930
q8f4f1428ce7a6,22319
qc46c1ab433d94,13711
q4d50acc01cdc8,10 62 145
q352b5c3d1652a,{}
qe55359f76042b,{}
q6e33cbb1976d7,{}
qeb02e4fc3087d,92 694 947
q576ce64374c06,707 1702 2434 2761 3260 3406 3906 4044 4102 4196 4204 4693 4727
qc9d97d66e2225,1702 3260 4196
q818a7e54e3336,{}
q41e28b1e86ab5,707 1702 2434 2761 3260 3406 3906 4044 4102 4196 4204 4693 4727
qf621b24b3cc6a,35 38 44 108 152 230 263 275 355 366 516 562 577 600
q2f31ed04f681f,{}
q112279cc7023c,1702 3260 4196
qdabc344545d53,707 1702 2434 2761 3260 3406 3906 4044 4102 4196 4204 4693 4727
qabf8eaefd2924,707 3406 3906 4102 4693
q538ebef92f8ae,{}
q3eb6de7caeed9,3738 5643 5829 6145 6930 8410 11138 22319 23012 23137 28779
q79a7325240fc3,40 92 110 501 694 707 748 782 822 947 1210
q20d69baf7337c,707 1702 2434 2761 3260 3406 3906 4044 4102 4196 4204 4693 4727
qbe056180f10eb,707 1702 2434 2761 3260 3406 3906 4044 4102 4196 4204 4693 4727
q657432b28a65f,3738 5643 5829 6145 6930 8410 11138 22319 23012 23137 28779
qd3ffe1aecf196,6930 22319
qccac4862d950e,6 8 9 15 36 54 57 58 69 75 97 105 118 123 158 160 183 201 207 210 234 239 249 278 291 300 334 339 382 403 404 409 412 428 438 445 475 487 493 506 515 542 561 592 597 612 616 618 666 680 709 744 746 761 765 783 820 861 862 888 905 911 949 952 956 973 982 984 999 1016 1031 1035 1043 1065
qb1a44596d8a20,186301 203189 215262 321488 362791
qc6a5e7604f552,{}
q7c59897be81a4,{}
q15d46b40e0ccd,8 12 18 21 23 26 27 28 32 37 38 46 48 51 54 59 66 68 72 76 77 79 84 85 90 95 100 106 112 125 128 129 137 139 142 145 152 155 157 164 168 179 181 182 183 188 193 194 202 215 217 220 224 231 232 236 237 239 240 243 256 261 267 268 273 274 278 282 283 284 297 300 310 311 312 317 328 330 332 338 342 352 357 360 361 368 389 396 397 408 410 413 423 427 430 436 443 447 452 459 469 473 497 503 511 512 513 521 523 528 534 537 542 544 545 573 579 583 588 596 598 599 602 604 605 611 617 624 626 641 642 648 653 654 658 667 672 676 683 688 694 699 704 705 725 729 733 737 742 743
q6b5f0243b4895,35 66 68 107 131 139 203 251 309 467 468 491 517 524 564 582
qdf88c5d33c239,{}
q21b3a64937b90,{}
q3c713271c71cc,1702 3260 4196
qbb33b283d9bf7,1 2 5 7 11 14 21 26 32 33 37 49 53 54 56 58 60 66 69 71 72 73 87 89 90 93 103 104 105 110 111 116 130 132 136 140 142 147 148 155 157 159 169 172 183 188 189 190 204 205 216 221 230 234 238 248 250 265 266 268 269 272 273 274 275 276 282 285 296 305 306 311 313 315 317 323 331 332 337 346 347 348 356 359 361 367 373 375 377 378 379 393 400 418 419 421 425 432 437 439 442 449 455 456 459 460 465 468 471 472
q7b963f9f4377e,707 3406 3906
qc31045f7bb88d,{}
qc9ab061846665,{}
qd6737d74feeaf,707 1702 3260 3406 3906 4196
q998f46ff0a356,{}
qe1d3a9368451d,21921 89569 153431 186301 203189 212592 214665 215262 242647 304196 321488 332269 352507 362791
qb2ad5361e3900,{}
q8ecda94162e13,{}
qb2fa75f7c8fb5,707 1702 3260 3406 3906 4196
q5f3291c7bd52d,1702 3260 4196
q66be49e9a5245,22319
qa447aca800b98,13 14 16 24 43 50 51 58 60 65 66 67 72 83 89 100 102 103 108 144 146 149 151 160 167 178 208 217 226 262 266 289 304 310 312 321 322 328 345 356 362 387 389 394 397 400 403 406 412 416 426 428 432 443 447 467 476 484 490 494 504 511 522 538 546 551 558 580 587 601 605 621 632 644 645 648 655 657 661 667 719 725 726 747 761 767 772 773 795 797 799 800 815 829 831 844 865 866 867 882 891 903 907 909 910 913 922 951 954 957 967 971 980 985 991 996 998 1012 1018 1040 1053 1060 1061 1072 1073 1080 1094 1100 1105 1107 1117 1124 1125 1134 1138 1139 1147 1148 1152 1153 1170 1171 1190 1195 1227 1228 1234 1240 1244 1250 1291 1304 1306 1330 1331 1335 1337 1338 1353 1354 1355 1387 1389 1392 1394 1403 1404 1408 1412
q846e6006461a5,1702 3260 4196
q95bbb12ab3d3a,{}
qccdaf6b2948e6,2 18 25 39 55 60 68 87 91 99 103 108 116 119 122 144 150 162 171 176 178 190 192 220 228 233 243 246 253 264 268 273 282 285 296 302 311 313 340 367 377 384 389 391 396 404 408 418 422 428 430 435 442 444 446 450 454 455 462 469 480 482 514 523 530 538 556 571 579 581 587 602 603 614 619 621 622 631 665 666 668 673 674 679 686 689 693 699 701 703 705 718 723 726 752 768 770 787 790 797 800 830 833 835 850 860 872 877 895 898 919 927 938 952 960 964 965 967 969 970 977 997 1007 1011 1012 1033 1038 1051 1093 1099 1101 1103 1116 1118 1131 1133 1143 1146 1148 1154 1155 1158 1159 1167 1171 1181 1192 1206 1209 1237 1248 1252 1282 1288 1294 1302 1313
qa98dcb5004b83,{}
qfeb5c89d4bc3c,707 3406 3906
qcc8ba57ec181e,338 785 1179
q62f08ba612bdc,186301 203189 215262 321488 362791
q975722bd96707,12500
q38f267b037766,{}
q9f2303457896b,{}
q40dc2f3e41951,12500
q8fabcb81bffb0,6016
q7fb9e68399b86,186301 203189 215262 321488 362791
q9a09a9d8f1fdb,1702 3260 4196
q9e8adc065b483,197 208 223
q651ebdafaa9af,14 47 69 95 112 114 182 198 224 247 252 286 338 358 370 382 388 416 445 475 511 529 534 539 583 607 628
qd6716fea17a60,{}
q66de762cd53f0,3738 5643 5829 6145 6930 8410 11138 22319 23012 23137 28779
qfe0d60e1e7a7d,92 110 694 782 947
q1c2f81ff7253a,92 694 947
q91949942f612e,28 47 64 86 97 117 144 180
q5b67f8f1498f6,707 1702 3260 3406 3906 4196
qdfcf5175aa33b,22319
qb44cb3af54db2,8 48 213
q4d986ae39c48d,11460
qc4cb80569cb8b,{}
q620f6bea037ae,{}
q5fee41a39767c,30 48 83 98 108
q58f39de3e1a45,707 1702 3260 3406 3906 4196
q1a9267982d17b,{}
qf21655023f808,{}
q450c793a831ac,7 32 43
q933b2ca2f9587,21921 89569 153431 186301 203189 212592 214665 215262 242647 304196 321488 332269 352507 362791
q34f3980d9686b,12500
qde0733c7875d0,31 73 122
q254542528b4e3,16180
q4157c2518f9d4,160 326 338 642 785 1179
qaea0e5109089f,{}
q0daf890762f92,12 27 38 42 43 47 48 80 84
qbfb3ab6e97676,{}
qa8b3656241b93,160 326 338 509 518 608 642 703 785 1015 1150 1179 1268 1436 1504
qecd03bf59539d,{}
q23b71be1bbdbb,12 48 76 84 90 106 142 181 215 232 236 268 278 297 300 311 328 332 423 436 459 473 511 512 537 544 573 579 583 602 641 653 672 683 688
q0731c125d6bdc,10 44 46 62 106 145
qc62432ab766d4,{}
qb54056d0edd59,{}
qa5c01126ee9d8,{}
q7e41d96a8a82d,7 22 32 43 81 97
q231d217c8e40c,{}
qffd174ee55d08,{}
q8a6a19c455f42,160 326 642
q333f925b71f8c,{}
q9ade23df8310e,{}
q7e10f97f23276,186301 203189 215262 321488 362791
qe4d19459e576f,{}
q17bf6b970aa41,3738 5643 5829 6145 6930 8410 11138 22319 23012 23137 28779
q335c246781133,12500
q1a1abff913fbc,186301 203189 215262 321488 362791
q2f63dd67aad3b,{}
qacd2d7b7640d1,160 326 338 509 518 608 642 703 785 1015 1150 1179 1268 1436 1504
q35da05556b724,30 115 175 243
q615fe04648270,110 782 1210
q4ed0333baf745,{}
q960d9c89dab55,{}
qb0c4b94085bb8,{}
qa84842a5fcc90,{}
qf49e87438a5d8,11 115 176 197 206 230 264 265 278
q4985e26cdbbd2,{}
q961c6d00fd2ff,186301 203189 215262 321488 362791
q42fbb3ec2a6b3,186301 203189 215262 321488 362791
qc52569ef80a93,{}
q4ddd18ed1a45a,{}
q614680a1da6a7,{}
q83f057f75886e,6 15 19 62 70 88 92 100 109 130 133 139 157 161 178 207 209 225 228 239 252 256 259 275 279 289 307 308 325 333 345 359 380 381 401 405 407 409 424 427 428 430 449 451 461 467 474 477 504 505 506 508 533 559 565 567 574 599 600 610 628 633 640 649 652 653 656 661 663 668 680 687 688 691 697 701 709 716 730 738 739 750 785 788 790 793 807 813 815 822 825 832 842 851 852 862 863 870 884 885 901 905 912 917 960 962 970 971 979 983 986 988 989 994 1009 1011 1036 1043 1044 1045 1060 1062 1066 1067 1069 1081 1114 1117 1123 1130 1132
q21f2c4e36b471,3738 5643 5829 6145 6930 8410 11138 22319 23012 23137 28779
qab59a0a970ba7,2 7 11 18 21 29 31 37 42 52 57 62 63 69 70 72 75 78 90 93 96 97 105 113 127 128 129 131 138 140
q2ab7a746fd46c,186301 203189 215262 321488 362791
q018b166a5e425,{}
qa6afe48922ed6,7590 7653 8104 10477 11460 11728 12246 12811 16180
q3ce792ebaf4c2,21921 89569 153431 186301 203189 212592 214665 215262 242647 304196 321488 332269 352507 362791
q5f6f91e144d57,{}
qb7df354d0dccd,{}
q120d881a38cd8,707 1702 3260 3406 3906 4196
qff08f27d951b1,7590 7653 8104 10477 11460 11728 12246 12811 16180
q193003dbf5fbc,7590 7653 8104 10477 11460 11728 12246 12811 16180
q168019aa91af1,{}
qb4421096c5585,1702 3260 4196
q91797bb19cd36,197 208 223
q649a970a52c39,3738 5643 5829 6145 6930 8410 11138 22319 23012 23137 28779
q4ebe9f26e11bf,{}
q5f6079f3173da,{}
q447f7141f768c,7 32 43
q4f43daff8bfb8,12500
q280398cc0cdc4,1702 3260 4196
q981124be99b5d,5 14 18 20 24 26 29 36 38 39 44 62 64 79 81 84 93 94 102 104
q3858e3b567514,{}
qa2d9ee8287eca,{}
q2cfc543b63dd6,{}
q0f217314df0fc,8 48 81 140 153 213
q9d0633ebf7414,5 16 36 38 40 56 62
q08d64a2c2c25e,{}
qaa7509b73167b,6 15 19 62 70 88 92 100 109 130 133 139 157 161 178 207 209 225 228 239 252 256 259 275 279 289 307 308 325 333 345 359 380 381 401 405 407 409 424 427 428 430 449 451 461 467 474 477 504 505 506 508 533 559 565 567 574 599 600 610 628 633 640 649 652 653 656 661 663 668 680 687 688 691 697 701 709 716 730 738 739 750 785 788 790 793 807 813 815 822 825 832 842 851 852 862 863 870 884 885 901 905 912 917 960 962 970 971 979 983 986 988 989 994 1009 1011 1036 1043 1044 1045 1060 1062 1066 1067 1069 1081 1114 1117 1123 1130 1132
qfef193f1c3177,20 36 240
q907d5ed01a2e9,{}
q26e0d8797e426,22 32 81
q38b1e8beffc49,{}
q44a8a8462119c,{}
qb6d66137db059,160 326 338 509 518 608 642 703 785 1015 1150 1179 1268 1436 1504
qb0e0c73dd29e0,12500
q2ea52f9caf552,644 4786 6138 7233 8482 9402 12500 13711 14649
qc371c9cd002af,31 66 73 122 390
q47808967ab81a,{}
qe583bfbc65e62,12500
q11378b3e7d6f0,20 36 240
qb1d573ea33216,{}
qa77f988b76c32,707 3406 3906
q089086625504d,{}
q5dc8667648799,79 118 138 302 501 563 790 1174
qa6e757c1d2472,3738 5643 5829 6145 6930 8410 11138 22319 23012 23137 28779
q0dc97825a7b35,3738 5643 5829 6145 6930 8410 11138 22319 23012 23137 28779
q5457b77dfa5d6,494 1039 1142
qb8b131934ad35,160 326 338 642 785 1179
qefeeb8cd4aa20,{}
q3bce0130bf1aa,13711
q8df6e9a5951ff,{}
q8084e7e321502,{}
qe1d6461f38ac5,8 48 213
q2f52c7d89cd8d,{}
qf7226ae6b38cf,{}
q86929fd2a6aa9,12500
qd11a5d04ff46c,160 326 338 509 518 608 642 703 785 1015 1150 1179 1268 1436 1504
q55d5a1143815d,{}
qaa295fcbb8d7b,1 32 113 135 162 223 246 256 271 279 291 320 325 326 331 348 354 376 379 386 400 403 422 435 450 454 479 493 503 507 511 522 525 527 539 547 557 584 590 623 635 676 686 688 690 709 715 728 729
q452704fb86358,{}
q3e349d21fad56,{}
q320f187246fb0,{}
q1d3c8e76ef904,16180
q70a2b66246778,10 62 145
qd94408f1dff5f,32 96 197 208 220 223
q4e843478a6445,12500
q88ff45e6376bd,{}
q60c413330c6a9,79 118 501 1174
q18dc4c306da2a,707 1702 2434 2761 3260 3406 3906 4044 4102 4196 4204 4693 4727
q5d1f9c1b39e8b,1 12 14 27 29 72 73 83 100 107 115 116 121 123 132 135 139 161 171 195 198 204 252 254 262 271 279 285 304 305 311
qbef0682f8f2b6,13 31 45 61 80 90 130 131 157 158 164 190 191 194 219 237 258 267 290 302 306 310 327 328 337 338 351 354 369 375 425 463 504 507 525 550 557 564 587 588 603 604 616 623 641
qae485d3041e50,277 488 574 1437 1443 1701 1913 2028
qfb81b1919fd5a,4 11 17 19 20 30 31 32 36 43 46 52 53 55 56 78 81 88 89 96 100 101 104 109 111 112 114 123 125 151 155 158 169 172 174 178 182 188 191 199 200 202 206 208 240 244 250 255 262 272 273 276 278 283 284 290 292 296 297 299 300 301 312 319 320 323 325 337 340 341 347 349 356 357 359 364 365 367 376 383 389 390 393 397 398 403 410 411 413 415 417 419 421 431 433 438 441 442 444 447 451 456 458 460 468 470 477
qf62ea9f0cc85e,{}
q1b7adf70d2dda,17 24 26 29 44 50
qaca3570dfb71e,12 13 16 17 18 19 23 39 47 48 50 51 58 61 77 80 84 92 112 116 117 128 129 139 140 150 153 171 172 175 179 183 204 207 225 229 240 242 253 254 256 273 276 278 280 283 286 287 288 304 311 313 321 323 327 336 339 350 360 374 375 383 386 391 393 398 409 410 420 422 423 426 428 431 433 443 447 455 459 460 469 490 496 500 501 503 513 515 520 523 527 530 531 538 546 549 552 562 566 576 577 584 588 594 602 606 611 619 623 628 631 642 645 649 650 655 657 659 669 675 679 682 683 684 686 690 705 711 713 723
q3e8b107f01559,22 81 97
q2192d2fc27030,21921 89569 153431 186301 203189 212592 214665 215262 242647 304196 321488 332269 352507 362791
qd6c99cdd8a2b0,22 81 97
q98a5d67e95866,{}
q205de68216ad6,30 141 172
q33747ef43a93c,1702 3260 4196
q0794bba790223,{}
q72528c05603e6,{}
qbcb2ca57ded74,1702 3260 4196
q457f051aee8da,5 13 23 25 30 31 32 33 35 43 47 50 52 56 60 61 66 68 72 76 79 84 87 95 97 107 115 116 119 126 130 131 139 161 163 167 173 178 182 203 207 214 215 230 240 246 249 251 263 273 283 287 303 304 307 308 309 318 351 358 369 377 381 384 399 403 412 422 423 424 431 433 442 446 447 453 456 460 467 468 470 478 487 489 491 492 495 496 500 507 510 514 517 518 521 524 532 533 536 545 551 558 560 564 565 567 577 579 582 584 591 605 608
qf2046859328cb,707 1702 2434 2761 3260 3406 3906 4044 4102 4196 4204 4693 4727
q3803b619f5b58,{}
q06d2390ff2a47,{}
qf66e9ead75847,{}
qe7f50b486c565,99 107 132 150 170 182
q9a898eafa5e9f,{}
q1f2684a3468aa,11460
qc5f2475dfc52b,160 326 338 509 518 608 642 703 785 1015 1150 1179 1268 1436 1504
qe149787293c07,{}
q7f2562a61d231,707 1702 2434 2761 3260 3406 3906 4044 4102 4196 4204 4693 4727
qbb6707d6f2549,{}
qf9712a25db54f,{}
q2995315be1722,35 46 60 62 66 75 91 109 112 113 122 134 145 151 154 156 158 159 178 197 201 202 223 229 238 241 252 289 295 307 329 332 335 337 343 345 361 365 370 385 389 395 400 401 405 407 413 419 423 432 436 442 455 471 479 484 486 487 493 496 497 498 518 523 546 554 565 577 579 593 606 611 621 627 647 658 659 683 687 704 715 717 721 729 737 748 752 754 779 782 784 790 799 810 816 823 831 841 844 846 879 881 893 896 903 913 916 922 925 926 937 944 946 952 966 968 972 976 988
qfac7fdde63f0d,{}
q39f554457b814,21921 212592 214665 304196 332269
q05cc8deefef38,167 329
qcdad51a0c610d,707 1702 3260 3406 3906 4196
qf94ae6e054d8a,{}
q0e1099d3bf9f6,21921 186301 203189 212592 214665 215262 304196 321488 362791
qdf8f1b347bb1b,{}
qc67fe0c5d0602,21921 212592 214665 304196 332269
qe199ea6d9ccf8,2 3 27 39 49 53 89 95 96 98 114 118 121 130 134 153 160 168 180 204 205 229 239 241 245 258 263 269 271 279 292 310 329 360 364 382 385 386 427 456 463 475 494 504 505 510 514 522 557 584 594 596 611 626 669 697 746 783 813 823 843 848 862 882 927 952 959 986 992 995 1012 1022 1050 1063 1092 1096 1102 1109 1124 1153 1184 1186 1195 1196
qb200e50a0e19a,7 8 9 12 24 31 35 39 50 51 53 54 55 59 62 80 94 95 102 119 138 139 143 146 154 156 160 172 176 184 187 196 208 213 216 220 224 232 233 255 293 294 312 322 327 335 350 352 368 374 394 398 412 429 432 440 446 458 463 464 467 482 491 494 496 509 513 521 527
q31720f7db0365,{}
q85af6646a462a,{}
q117e8acc9d6c4,10 44 62
qab5bd3db6535f,707 1702 2434 2761 3260 3406 3906 4044 4102 4196 4204 4693 4727
q7a4192ac4d072,21921 212592 214665 304196 332269
q04a67c91973f0,{}
q0a0f6525be43a,{}
q7f05a6a6d121c,110 147 191
qebb271f365b5b,{}
q4838b0a50b4a4,{}
q79fa78ef9b8e3,{}
q46d491b150afa,{}
q306b2dbbd567e,12500
q69b5206f32c20,12 13 16 17 18 19 23 39 47 48 50 51 58 61 77 80 84 92 112 116 117 128 129 139 140 150 153 171 172 175 179 183 204 207 225 229 240 242 253 254 256 273 276 278 280 283 286 287 288 304 311 313 321 323 327 336 339 350 360 374 375 383 386 391 393 398 409 410 420 422 423 426 428 431 433 443 447 455 459 460 469 490 496 500 501 503 513 515 520 523 527 530 531 538 546 549 552 562 566 576 577 584 588 594 602 606 611 619 623 628 631 642 645 649 650 655 657 659 669 675 679 682 683 684 686 690 705 711 713 723
q8fdb70d1815fa,13711
q116378196dd6b,{}
qe46b2800793fb,{}
q8fd3f882bdf94,10 44 46 62 106 145
qc5cbb7bd906b9,{}
qb245d308e2187,7590 7653 8104 10477 11460 11728 12246 12811 16180
qb7ef76a059100,{}
qa681e0b79aa8b,3738 5643 5829 6145 6930 8410 11138 22319 23012 23137 28779
qf6260b2179c11,{}
qd7fde6924cebc,{}
q185e7b52d2c54,{}
q53af838ea5ff2,707 1702 3260 3406 3906 4196
q31a9380582d4c,{}
q7f13e504a2b37,6930 22319
q586dd05e3b3cf,6930 22319
qf46c5b0ae9336,{}
q467c370da6b24,186301 203189 215262 321488 362791
qd8a1da17b338c,{}
q2639ec684d306,13711
qb43a93a83348a,{}
qd9a3874b21f1b,186301 203189 215262 321488 362791
q565fa9eb984aa,274 743 1062 1338 2867 2947 2955 3457 4351
qe23adad01fd66,{}
q6c1dfc3010d37,{}
qdd4aaa98ab45d,6930 22319
qd306ce3a0c88b,19 35 66 83 91 94 95 130 141 214 230 244 257 299 306 307 348 358 399 414 421 423 427 429 449 455 456 501 534 538 555 582 592 599 612 620 638 664 677 685 686 702 709 714 719 739 755 756 762 784 805 814 844 868
q7b55536948e83,{}
q8b9e3a1377660,{}
q03f1a52e3a79c,8 48 213
q6894d1f609f62,32 96 197 208 220 223
qb686fddade2eb,110 147 191
q72b236690f62a,13711
qb94050936d899,{}
q58c1adbcaf724,{}
q22fd15ba17cd5,8 48 81 140 153 213
q41170b67664f2,{}
q9bfcc1a5c21f4,14 17 28 29 62 119 188 192 210 223 255 268 295 306 319 335
qf359ddd78ad38,21921 212592 214665 304196 332269
q8102c12217398,{}
qdd1a6aceb69f0,7590 7653 8104 10477 11460 11728 12246 12811 16180
q8bba9f15e4ef4,21921 89569 153431 186301 203189 212592 214665 215262 242647 304196 321488 332269 352507 362791
q049696aabd774,{}
q3fe25e62b2730,{}
qad19b6da8c2dc,{}
qa7f1e2c32adbe,30 115 141 172 175 243
q6a679d86b0980,1 12 14 27 29 72 73 83 100 107 115 116 121 123 132 135 139 161 171 195 198 204 252 254 262 271 279 285 304 305 311
q3b655e4c759d3,21921 212592 214665 304196 332269
q3cb5095015c00,2 3 27 39 49 53 89 95 96 98 114 118 121 130 134 153 160 168 180 204 205 229 239 241 245 258 263 269 271 279 292 310 329 360 364 382 385 386 427 456 463 475 494 504 505 510 514 522 557 584 594 596 611 626 669 697 746 783 813 823 843 848 862 882 927 952 959 986 992 995 1012 1022 1050 1063 1092 1096 1102 1109 1124 1153 1184 1186 1195 1196
q22bedbcd0c8a8,{}
q56abde4e87597,44 46 106
qf5c5cf93a2646,186301 203189 215262 321488 362791
qbaabc7dfb151d,9 12 36 102 107 118 146 153 158 195 207 211 222 230 237 240 244 271 287 295 299 303 322 334 341 358 416 423 427 457 459 469 511 542 545 548 561 589 616 646 680 691 698 710 745 749 752 754 772 776 777 781 799 800 822 823 862 865 878 890 939 984 995 1007 1009 1047 1064 1095 1126 1161 1168 1201 1213 1218 1225 1230 1234 1238 1248 1261 1276 1286
q7b59d9dbc1bba,{}
q09890d9fc8cae,{}
q5817a93e47444,{}
q9de71e2f0e417,197 208 223
q6e784f74af6d2,1702 3260 4196
q4861467cedff4,{}
q1370c5d7cef22,{}
qecb5d5df7928d,6930 22319
qd1f8ee2fc0c61,{}
q32a5ae833c1dd,160 326 642
q0b3a209c1c565,{}
q8d6b92f8a2af7,{}
q01f23e5ac86d9,{}
qdd9da172cf0f9,21921 89569 153431 186301 203189 212592 214665 215262 242647 304196 321488 332269 352507 362791
q4ead42e29428e,7 22 32 43 81 97
qd70791b382bb7,15 28 30 36 62 83 86 120 138 188 208 254 257 265 280 317 319 333 358 379 382 432 441 469 489 492 495 509 513 533 553 555 557 567 578 583 584 590 592 595 626 632 643 689 690 703 719 725 728 738 752 757 779 795 815 825 849 870 909 914 922 929
q452c9b72412f4,30 115 141 172 175 243
q192ec728b35a3,{}
qe63eb8c5175c7,6930 22319
q1916f46a07387,18 39 68 91 99 103 116 122 144 162 176 190 243 246 268 273 282 285 296 302 311 313 367 389 408 418 422 430 435 444 450 455 469 480 482 523 530 538 556 571 579 581 602 619 668 673 674 693 699 701 705 718 726 752 768 770 790 797 800 835 850 860 872 898 938 952 964 970 977 997 1051 1093 1103 1118 1131 1133 1143 1146 1154 1155 1159 1167 1171 1192 1209 1252 1282 1294 1302
q35ab3f0fb042d,21921 212592 214665 304196 332269
q367ea8050b7e6,3738 5643 5829 6145 6930 8410 11138 22319 23012 23137 28779
q521eac33c65a0,8 38 46 48 79 125 128 182 273 283 330 332 352 361 389 396 534 573 624 743
q4e3e684f90437,40 92 110 501 694 707 748 782 822 947 1210
qf6f1fe8bcfb17,3 4 6 10 16 24 28 32 34 38 40 45 47 50 55 66 70 71 73 74 77 90 96 103 107 110 127 134 137 138
qb3cfbd3154d6b,{}
q829d79999e97a,167 175
qba8b74e076dfc,{}
qa8ab0b79b91e6,13 14 16 24 43 50 51 58 60 65 66 67 72 83 89 100 102 103 108 144 146 149 151 160 167 178 208 217 226 262 266 289 304 310 312 321 322 328 345 356 362 387 389 394 397 400 403 406 412 416 426 428 432 443 447 467 476 484 490 494 504 511 522 538 546 551 558 580 587 601 605 621 632 644 645 648 655 657 661 667 719 725 726 747 761 767 772 773 795 797 799 800 815 829 831 844 865 866 867 882 891 903 907 909 910 913 922 951 954 957 967 971 980 985 991 996 998 1012 1018 1040 1053 1060 1061 1072 1073 1080 1094 1100 1105 1107 1117 1124 1125 1134 1138 1139 1147 1148 1152 1153 1170 1171 1190 1195 1227 1228 1234 1240 1244 1250 1291 1304 1306 1330 1331 1335 1337 1338 1353 1354 1355 1387 1389 1392 1394 1403 1404 1408 1412
q02e3ff817fa4a,42 167 175
q3dc6e71e1bf8c,{}
q8a676b488199a,13711
q730e848e81985,21921 212592 214665 304196 332269
q90ae0418f916f,16180
qe5c72adfd66b1,160 326 338 509 518 608 642 703 785 1015 1150 1179 1268 1436 1504
q092eb1828a9a5,26 27 59 66 68 85 129 183 188 231 236 240 268 338 342 368 397 408 447 452 497 503 579 583 605 611 641 658 667 672 733
qfb300b685ec65,30 45 46 51 57 68 102 123 128 132 151 167 169 184 212 219 258 282 305 324 346 350 367 375 382 413 419 439 440 457 464 489 516 537 542 574 607 615 621 623 625 643 662 671 676 687 696 703 726 773 819 825 826 827 828 842 846 850 855 893 896 907 921 930 934 935 937 965 973 993 1003 1032 1045 1052 1112
q1fb5217de0419,1702 3260 4196
q51459f2647bdc,99 107 132 150 170 182
qd86fa32ad50ec,{}
q45f881728c6ee,11460
qb19a566203180,{}
qb6df9b77fbfa0,8 12 18 21 23 26 27 28 32 37 38 46 48 51 54 59 66 68 72 76 77 79 84 85 90 95 100 106 112 125 128 129 137 139 142 145 152 155 157 164 168 179 181 182 183 188 193 194 202 215 217 220 224 231 232 236 237 239 240 243 256 261 267 268 273 274 278 282 283 284 297 300 310 311 312 317 328 330 332 338 342 352 357 360 361 368 389 396 397 408 410 413 423 427 430 436 443 447 452 459 469 473 497 503 511 512 513 521 523 528 534 537 542 544 545 573 579 583 588 596 598 599 602 604 605 611 617 624 626 641 642 648 653 654 658 667 672 676 683 688 694 699 704 705 725 729 733 737 742 743
q4dabdecfd5ad0,707 1702 2434 2761 3260 3406 3906 4044 4102 4196 4204 4693 4727
q59962d2481fa5,1 8 32 41 48 52 53 57 65 73 104 131 137 146 167 204 218 225 251 254 265 274 306 314 320 339 400 442 447 492 511 516 561 568 574 609 618 620 634 641 646 650 700 703 722 733 751 753 798 812 837 856 887 888 889 935 956 1011 1016 1029 1051 1057 1060 1064 1069 1083 1150 1156 1177 1194 1195 1200 1206 1214 1219 1224 1225
q39d4d94efabd1,160 326 338 509 518 608 642 703 785 1015 1150 1179 1268 1436 1504
qb56a5a26d3735,{}
q5ccbe1467e3cb,13711
q4d48cff67699a,{}
q4db3357817760,{}
qfe7778efe4549,48 286 465
q3f77e163cd41b,{}
q9f11f410f6377,16180
q5bc79e6c51966,{}
q1e8ec2e6f210a,9 28 29 38 47 64 86 93 97 109 110 117 130 144 157 166 175 180
q947a9981ec2cc,{}
qa16a51fb59aa8,99 150 182
q95bf17dfabf2f,{}
qe9fdcc440b2ff,{}
q5958e6f0c36d2,{}
q66ceed1b651b0,11460
qa2d9d339b9862,{}
q729907e121f42,44 46 106
qf8009ade90bec,{}
q97cc6d77635d2,21921 89569 153431 186301 203189 212592 214665 215262 242647 304196 321488 332269 352507 362791
qc0f907262ec0e,{}
q9b5ec32886d29,{}
qd822ebf2e42a3,30 141 172
q69afc316bfd73,6930
q5caa045a483d4,{}
qdce4203a7b5fd,{}
q38926d32ddf95,186301 203189 215262 321488 362791
qe1b3be2fc3987,13711
q6971cba91111a,707 1702 2434 2761 3260 3406 3906 4044 4102 4196 4204 4693 4727
q3fe4cfe06e391,1702 3260 4196
q7aea6f02b771c,22319
qe6e152e4dd3ec,16180
q1675e4e3e3649,7590 7653 8104 10477 11460 11728 12246 12811 16180
q0e14048f7d233,{}
q9fdb1e20868a4,40 92 110 501 694 707 748 782 822 947 1210
q948a1b32b0295,644 4786 6138 7233 8482 9402 12500 13711 14649
qed95f4b20a314,1 3 8 12 26 32 39 41 48 52 53 57 65 73 74 78 93 104 130 131 137 145 146 162 167 186 187 203 204 205 218 225 229 232 251 254 263 265 274 304 305 306 314 320 322 339 348 360 383 387 400 405 419 423 442 447 449 455 466 469 492 497 511 516 518 538 561 568 574 607 608 609 610 613 618 619 620 632 634 641 646 650 669 700 703 722 733 751 753 759 760 771 787 795 798 812 824 837 838 847 850 856 860 887 888 889 906 935 941 956 957 986 994 1006 1011 1012 1016 1018 1029 1051 1057 1060 1064 1069 1083 1086 1088 1116 1144 1150 1156 1157 1165 1172 1177 1186 1193 1194 1195 1200 1203 1204 1206 1208 1214 1219 1221 1224 1225
q0c7715e67d939,{}
qe1d91910ba4e8,{}
q3a3f2534eb95b,{}
q5fbb368829421,{}
q4e27471291da0,1702 3260 4196
q8a4fbfdf3e51a,{}
q2acc9bfe965f4,160 326 642
q6ebfac4381073,{}
q881d29559f3be,3738 5643 5829 6145 6930 8410 11138 22319 23012 23137 28779
qa437a6a1c661e,160 326 338 642 785 1179
q4a5d6a95d75b4,62 65 77
qe35c8eab9ba3c,{}
q9b7161898a7c9,2289 6016 6271 9411
qa7905c2532dd3,707 1702 3260 3406 3906 4196
q2a1bfa93ecaa8,16180
q1ceea400daf8b,{}
qb2f97601b581f,35 38 113 227 230 232 240 275 355 366 386 412 516 558 562 577 600
q727c8fa18b94d,{}
q85c7ea2450f5f,{}
q41af8abb5ed80,6930
q34165aab49bd1,707 1702 2434 2761 3260 3406 3906 4044 4102 4196 4204 4693 4727
q224bfc635333e,3 47 64 65 110 112 114 121 129 165 168 180 195 214 215 222 235
q1d0220a215789,{}
qe5fa7ab91322b,302 325
qf1ea664d912ee,{}
qbefb12dbbb7f6,{}
qdbc7219a8f330,6930 22319
q3dfaa6a3e6026,35 38 44 108 113 152 227 230 232 240 263 275 355 366 386 516 558 562 577 600
qfaf461b2a7f34,21921 212592 214665 304196 332269
q89dc8796d79af,644 4786 6138 7233 8482 9402 12500 13711 14649
q7639e9f445a4e,13711
q56648a01aa043,{}
q50c5207caf33a,707 1702 3260 3406 3906 4196
q9e2e891d0b7f0,{}
qa7ab565fe7d93,160 326 509 518 608 642 703 1015 1150 1268 1436 1504
qd627e6913fe40,21921 212592 214665 304196 332269
q204c80ec71efc,92 694 947
q10fb682840a54,8 48 213
qaae543055aaa6,{}
q654bf2587b5d6,338 785 1179
qcd9dac3cf48de,3738 5643 5829 6145 6930 8410 11138 22319 23012 23137 28779
q950c1f1175419,{}
qc4843847841cf,{}
qc9e99f82f73a5,197 208 223
qc32a494901693,{}
q860a8940d34e0,160 326 642
q7b1f63a2e5f30,387
qffe335bbb8b0a,{}
q272d14fa091f9,{}
qb082a6b4e3632,14 47 69 95 96 112 114 182 198 224 247 252 286 338 358 370 382 388 416 445 475 511 529 534 539 583 607 628
q9ffff49e22a75,{}
q631eeaacbc3c4,186301 203189 215262 321488 362791
q3fe9173e2eab7,6930 22319
qbe79f70f549be,{}
q4e7ae97150f45,22319
q727cd85ccee5c,{}
q4e894fedc0696,{}
q9a74e46459544,11 47 69 80 86 110 119 132 139 174 247 263 279 306 307 334
q1d60690068eef,644 4786 6138 7233 8482 9402 12500 13711 14649
qe98acf0fc70a5,20 29 30 32 35 38 41 51 52 59 60 63 66 70 71 76 83 88 89 91 94 96 97 103 107 113 127 128 129 131
q421c386e7d13b,{}
qb18e9794d1927,{}
q2ffa517f0bf43,48 174 306 331 411 465
q45bbf247f2e93,{}
q0e5b57107b447,6930 22319
qe2d2f5538ac22,160 326 642
q77b57d1f48e37,7590 7653 8104 10477 11460 11728 12246 12811 16180
q131f1ca0344c4,338 785 1179
q86dbadc11d753,160 326 642
q64a55006881c3,707 1702 3260 3406 3906 4196
q5740a289b9a94,3738 5643 5829 6145 6930 8410 11138 22319 23012 23137 28779
qf46d116d3d5dd,644 4786 6138 7233 8482 9402 12500 13711 14649
qbb5f2be85d948,16180
q6569a9afb2b9b,13711
q36dff0d22fef7,{}
q41b46bd9b4d88,13 105 156 443
q504b2b2e26a6b,{}
q648ad42f92e1e,{}
qbab3a3f2e172e,35 66 68 107 131 139 203 251 309 467 468 491 517 524 564 582
q665fff6ee9e65,6930 22319
qe62a1ae86d310,3738 5643 5829 6145 6930 8410 11138 22319 23012 23137 28779
qb8a192e9457a3,26 27 59 66 68 85 129 145 183 188 231 236 240 268 338 368 397 408 447 452 497 503 579 583 611 641 658 667 672 733
qe99b0891cebc9,{}
q648a5241174a0,35 66 68 107 131 139 203 251 303 309 460 467 468 491 500 517 524 545 564 582
q47d538de6737e,{}
q4d1015e05fa32,{}
q889866822c8d0,707 1702 2434 2761 3260 3406 3906 4044 4102 4196 4204 4693 4727
q740fea7597512,16180
q2334c079e785b,{}
qc1ba9bbf2a017,{}
qd115df7cfa28d,{}
q82d4cfb839a8f,3738 5643 5829 6145 6930 8410 11138 22319 23012 23137 28779
q1ce97558c98e4,186301 203189 215262 321488 362791
qc233bf2091454,{}
qdf44e90679356,{}
qfea31574992e3,64 168
qf32c559ef747b,{}
qa090697d3e873,{}
q57d13624f3637,160 326 642
q085764444fa7b,{}
qf821dabdf318f,707 1702 3260 3406 3906 4196
q2c6ced475ab1f,7 8 9 12 24 31 35 39 50 51 53 54 55 59 62 80 94 95 102 119 138 139 143 146 154 156 160 172 176 184 187 196 208 213 216 220 224 232 233 255 293 294 312 322 327 335 350 352 368 374 394 398 412 429 432 440 446 458 463 464 467 482 491 494 496 509 513 521 527
qc68d8913bb450,644 4786 6138 7233 8482 9402 12500 13711 14649
q7224c5ec71226,644 4786 6138 7233 8482 9402 12500 13711 14649
q0b5d27a5e7435,186301 203189 215262 321488 362791
qede71ba6484c3,16180
q00270320c8e3b,44 46 106
q0ccdc25f1e4fe,75 112 113 134 145 151 154 156 158 159 178 197 202 229 238 241 252 295 332 343 345 361 365 370 385 400 405 423 432 442 455 484 486 487 493 496 498 523 546 554 593 611 621 647 658 659 683 729 748 752 754 782 784 790 810 823 841 879 881 903 913 916 922 925 926 946 972
qc9a9bf6bdf1db,644 4786 6138 7233 8482 9402 12500 13711 14649
q8e45064e9f7a9,338 785 1179
qfe259cc39814e,{}
qf07854f90eafb,707 1702 3260 3406 3906 4196
q13365cf005d2f,186301 203189 215262 321488 362791
q746f089adefdd,7590 7653 8104 10477 11460 11728 12246 12811 16180
qaeb1eca3e7e26,186301 203189 215262 321488 362791
qcb9e4a02ffbec,644 4786 6138 7233 8482 9402 12500 13711 14649
qb7ef311973db7,{}
qead340054f39e,22319
q5e7652ade20ae,141 172
q08fd1cd19b877,707 1702 2434 2761 3260 3406 3906 4044 4102 4196 4204 4693 4727
qfd88867c6b9bb,160 326 338 509 518 608 642 703 785 1015 1150 1179 1268 1436 1504
q94971f1014b7c,79 118 138 302 332 415 501 563 605 790 1114 1174
q860cd98ffcbaa,13711
qe206a1c180eb7,10 44 46 62 106 145
q3c9463cd182bc,79 118 501 1174
qf02abb42ce1d4,{}
q6115aff26d49b,1 12 14 27 29 72 73 83 100 107 115 116 121 123 132 135 139 161 171 195 198 204 252 254 262 271 279 285 304 305 311
q2a9cbff174aac,{}
q9c5128b32cfe6,3738 5643 5829 6145 6930 8410 11138 22319 23012 23137 28779
q78255e30144e2,{}
q237dfa0133b7a,{}
q594960506cc3c,{}
q42a8f09f23672,160 326 338 509 518 608 642 703 785 1015 1150 1179 1268 1436 1504
q0de188c0852d0,{}
q04f71ac4a207d,{}
qa3049d09ab2ff,707 1702 3260 3406 3906 4196
q91e5c457ea598,7 22 32 43 81 97
qda25b401424a7,332 415 605 1114
q6f722ec0c211a,{}
q0bce2643049d9,{}
q3bc272805ea08,707 1702 3260 3406 3906 4196
qa834ca7afe74d,644 4786 6138 7233 8482 9402 12500 13711 14649
q39be2015a989e,{}
q36e7d58f230e4,21921 89569 153431 186301 203189 212592 214665 215262 242647 304196 321488 332269 352507 362791
q3ac2fb387079f,{}
q129043ebfa5dc,{}
qf942dae23b6d4,18 39 68 91 99 103 116 122 144 162 176 190 243 246 268 273 282 285 296 302 311 313 367 389 408 418 422 430 435 444 450 455 469 480 482 523 530 538 556 571 579 581 602 619 668 673 674 693 699 701 705 718 726 752 768 770 790 797 800 835 850 860 872 898 938 952 964 970 977 997 1051 1093 1103 1118 1131 1133 1143 1146 1154 1155 1159 1167 1171 1192 1209 1252 1282 1294 1302
q96a88c0d645f8,110 782 1210
q2531b07f8bed2,6 8 9 15 36 54 57 58 69 75 97 105 118 123 158 160 183 201 207 210 234 239 249 278 291 300 334 339 382 403 404 409 412 428 438 445 475 487 493 506 515 542 561 592 597 612 616 618 666 680 709 744 746 761 765 783 820 861 862 888 905 911 949 952 956 973 982 984 999 1016 1031 1035 1043 1065
q3de6e963ec640,32 96 197 208 220 223
q5361692206c96,30 141 172
qff320fc21621d,{}
qa3921c1e161a6,707 1702 3260 3406 3906 4196
q270ce77a28eeb,{}
q0c389924c73da,6930
qe95ec83eff30a,99 107 132 150 170 182
q711091dda5e46,79 118 138 302 332 415 501 563 605 790 1114 1174
qca7eca84503ff,24 51 65 83 89 100 103 144 146 149 160 208 226 262 266 289 304 312 321 322 328 345 362 394 397 403 406 412 416 426 428 443 476 484 494 504 511 538 551 558 580 587 605 632 648 725 761 767 772 773 831 844 865 867 882 891 909 910 913 957 967 985 996 1012 1040 1060 1072 1073 1080 1100 1107 1125 1138 1139 1147 1152 1170 1171 1195 1244 1291 1304 1306 1330 1331 1337 1338 1353 1355 1387 1389 1394 1403 1404 1408 1412
qcbca94ad1adac,707 1702 3260 3406 3906 4196
qa8bb324554d73,92 694 947
qab057abbe02bd,13711
q92a8861c7dcb4,3738 5643 5829 6145 6930 8410 11138 22319 23012 23137 28779
q1fc8a3b26af7f,160 326 642
q163754cee66aa,{}
q50f51652b715a,{}
q2a84b8a9a6351,{}
q75e6ab73a1f89,92 694 947
q47eca855c4a9e,{}
q4f36838270734,707 3406 3906
qc140208181e17,{}
qd7797771d748a,10 62 145
q499403c694838,{}
qae52d021a29e9,100 107 285
q48a86cb054d89,{}
q7c8b0863b897f,{}
q8230279bc1396,514 1378 2585 2658 2819 3019 3070 3558 4230
q3a40f241f8fad,{}
q1bd166b94cbe7,707 1702 2434 2761 3260 3406 3906 4044 4102 4196 4204 4693 4727
q1cfc57a56792d,{}
q8b130014093f0,160 326 338 642 785 1179
q4e643e7830eba,{}
q8c4d848aada80,3738 5643 5829 6145 6930 8410 11138 22319 23012 23137 28779
q364cd9462a36f,{}
qa62aa00f762af,64 168
qf43ffaa4d5e32,30 141 172
q3f688e6593c9b,{}
q092cd6f7cf04a,6930 22319
q28a522de87d09,{}
qe02026c543dbb,8 48 213
qa6af1f5b29d7f,{}
qe064d24dc5b1b,21921 89569 153431 186301 203189 212592 214665 215262 242647 304196 321488 332269 352507 362791
qc94343c3eb704,{}
q9cb3bdf6b02b3,32 96 220
qf6df361d80c05,{}
q38b75d5404b5b,6930
q3e724d4a44410,9 12 36 102 107 118 146 153 158 195 207 211 222 230 237 240 244 271 287 295 299 303 322 334 341 358 416 423 427 457 459 469 511 542 545 548 561 589 616 646 680 691 698 710 745 749 752 754 772 776 777 781 799 800 822 823 862 865 878 890 939 984 995 1007 1009 1047 1064 1095 1126 1161 1168 1201 1213 1218 1225 1230 1234 1238 1248 1261 1276 1286
q909bbad889fe8,{}
qe8f8eab728723,{}
q5a6fac1fef62d,110 782 1210
q275d225d3156f,7 16 36 56 59 64 74 115 129 195 204 217 260 267 289 298
qc50f5f58c372b,{}
q69c98ed5fd741,{}
q12c99aec3d038,707 1702 3260 3406 3906 4196
qce7c3269f688b,707 1702 2434 2761 3260 3406 3906 4044 4102 4196 4204 4693 4727
q634cbd6c5ff99,160 326 338 509 518 608 642 703 785 1015 1150 1179 1268 1436 1504
q0c49f54f824c4,15 100 109 133 139 157 161 178 209 225 239 256 275 307 308 381 409 424 427 430 451 467 504 506 508 565 567 574 610 633 652 653 668 687 688 709 716 739 750 785 788 807 813 825 842 851 862 863 917 962 983 986 989 1009 1011 1036 1043 1044 1045 1067 1069 1081 1114 1130 1132
q9ab2ad23e97f6,{}
qc619570af3152,21921 89569 153431 186301 203189 212592 214665 215262 242647 304196 321488 332269 352507 362791
q778221d545fc1,6930 22319
q75973b22bc4e5,43 44
q25d8a5af4da98,13 18 22 25 27 35 39 42 46 47 50 53 54 63 64 65 67 69 76 84 88 89 94 101 114 119 120 126 129 137
q1c3a508afac06,{}
qbe900818a0d49,{}
qd15d269c0e0fa,707 1702 2434 2761 3260 3406 3906 4044 4102 4196 4204 4693 4727
q8f739ed5ef13d,6930 22319
qf82696f4c55fb,644 4786 6138 7233 8482 9402 12500 13711 14649
q03543fec3c01b,{}
qc3545da9dae81,707 1702 2434 2761 3260 3406 3906 4044 4102 4196 4204 4693 4727
qe359ad613aedb,{}
qac436ca91919f,79 118 138 302 332 415 501 563 605 790 1114 1174
qd5a90b0790507,102 374
q2b4d66b924f4f,160 326 338 509 518 608 642 703 785 1015 1150 1179 1268 1436 1504
q272465a3ef175,{}
qacd9f80aee333,99 150 182
q7d2bd0b25c870,405 459
q0513e4b02e8a8,707 1702 3260 3406 3906 4196
q28275d804432e,32 96 197 208 220 223
qcdb31e077c499,48 140 213
q2f28035aca7a1,338 785 1179
qbe3832e2fdec7,3 4 20 22 50 66 80 100 130 159 191 224 263 290 291 296 315 333 359 368 373 382 385 396 483 491 554 557 576 598 651 659 665 746 750 753 773 774 778 790 828 838 847 921 925 932 953 955 965 993 1016 1098 1115 1127 1196 1216 1217 1239 1241 1250 1281
q7d6f22d6749df,6930 22319
q36d7a1fc683fb,1702 3260 4196
q86d1e5466d70f,274 743 1062 1338 2867 2947 2955 3457 4351
qdbb0dd64f3bb3,160 326 642
q2bc305f845264,{}
qfdc576c4af1b8,338 785 1179
qf28c22c55c25c,{}
q5194ea7c66666,{}
qdeafa37bf1d31,{}
qfd0433c7c10a3,7590 7653 8104 10477 11460 11728 12246 12811 16180
q5f7ea070a373c,3 18 36 55 65 78 97 143 145 147 167 188 213 229 230 244 253 275 287 302 310 360 388 413 429 435 454 460 469 517 526 549 570 601 654 669 684 701 705 731
q5b0593564f646,{}
q6cbd49a4e66ef,{}
qf5f22c752f65e,8 48 213
q268566471b361,338 785 1179
qc2ffe26375537,{}
q2b2469d5d16fe,160 326 338 509 518 608 642 703 785 1015 1150 1179 1268 1436 1504
q27ced015c18c9,{}
q1ece1fbd7f21c,1 12 14 27 29 72 73 83 100 107 115 116 121 123 132 135 139 161 171 195 198 204 252 254 262 271 279 285 304 305 311
qdef571af58a77,1702 3260 4196
qae6ffa62c0bbb,186301 203189 215262 321488 362791
qef1b2cddef006,{}
q0359cc6268407,30 141 172
qc9697484798c8,160 326 338 509 518 608 642 703 785 1015 1150 1179 1268 1436 1504
q733c1064e1f94,{}
q350d592c08658,186301 203189 215262 321488 362791
qfe5001e74ffdf,7590 7653 8104 10477 11460 11728 12246 12811 16180
q5a21975e804f1,{}
qb4c0a721016b5,160 326 642
q1f0594964cb03,{}
q8a55a553a34dd,{}
q5dc377f4726f2,{}
qa7d25514d6ffe,{}
qd5b14c119f516,16180
q01b8abf5a63ca,79 118 138 302 332 415 501 563 605 790 1114 1174
q52f5970dfda77,22319
q4cfbcc5cd29f5,7 22 32 43 81 97
q1f5aff908f8d0,707 1702 3260 3406 3906 4196
q4e9e3bbe05d89,92 694 947
q8947c8db15480,707 1702 2434 2761 3260 3406 3906 4044 4102 4196 4204 4693 4727
qa28a886b70570,21921 212592 214665 304196 332269
q7ed0182e5c82c,{}
qb6b355bd54d9e,{}
q359d6c9f2b675,12 13 16 17 18 19 23 39 47 48 50 51 58 61 77 80 84 92 112 116 117 128 129 139 140 150 153 171 172 175 179 183 204 207 225 229 240 242 253 254 256 273 276 278 280 283 286 287 288 304 311 313 321 323 327 336 339 350 360 374 375 383 386 391 393 398 409 410 420 422 423 426 428 431 433 443 447 455 459 460 469 490 496 500 501 503 513 515 520 523 527 530 531 538 546 549 552 562 566 576 577 584 588 594 602 606 611 619 623 628 631 642 645 649 650 655 657 659 669 675 679 682 683 684 686 690 705 711 713 723
q50d454b53624c,7590 7653 8104 10477 11460 11728 12246 12811 16180
qbf801f6f5f656,{}
qc13a44c3badca,21921 89569 153431 186301 203189 212592 214665 215262 242647 304196 321488 332269 352507 362791
q7161e9da627ff,22319
qd763af7fbdcad,24 51 65 83 89 100 103 144 146 149 160 208 226 262 266 289 304 312 321 322 328 345 362 394 397 403 406 412 416 426 428 443 476 484 494 504 511 538 551 558 580 587 605 632 648 725 761 767 772 773 831 844 865 867 882 891 909 910 913 957 967 985 996 1012 1040 1060 1072 1073 1080 1100 1107 1125 1138 1139 1147 1152 1170 1171 1195 1244 1291 1304 1306 1330 1331 1337 1338 1353 1355 1387 1389 1394 1403 1404 1408 1412
qeae7ee0fa9470,707 1702 3260 3406 3906 4196
qab2047960690f,40 92 110 501 694 707 748 782 822 947 1210
qc0360abdf840d,21921 186301 203189 212592 214665 215262 321488 362791
qfc3b6d6d498bf,{}
qb906ee9996402,{}
q20a2f774d31f7,{}
q2683f0aae69ac,44 46 106
q8ba9556c1ea19,160 326 338 509 518 608 642 703 785 1015 1150 1179 1268 1436 1504
q387cba7d5dbd2,707 1702 3260 3406 3906 4196
q5239d08b4de88,79 118 138 302 501 563 790 1174
q87f9a70c2d717,35 46 60 62 66 75 91 109 112 113 122 134 145 151 154 156 158 159 178 197 201 202 223 229 238 241 252 289 295 307 329 332 335 337 343 345 361 365 370 385 389 395 400 401 405 407 413 419 423 432 436 442 455 471 479 484 486 487 493 496 497 498 518 523 546 554 565 577 579 593 606 611 621 627 647 658 659 683 687 704 715 717 721 729 737 748 752 754 779 782 784 790 799 810 816 823 831 841 844 846 879 881 893 896 903 913 916 922 925 926 937 944 946 952 966 968 972 976 988
q2c1767019a44a,{}
q32e3b4a34bfab,6930
q672e3768b9418,28 419 1014 1218 1672 1689 2190 2289 2635 3276 3419 3590 5409 5690 5794 6016 6271 6582 6662 6860 7355 7626 7747 7903 8322 8348 9411
q2a8e49359a552,{}
q128b0f8510842,{}
qd8a21552ce805,12500
q4b248960627bf,6930 22319
q64167ce92c841,2 3 27 39 49 53 89 95 96 98 114 118 121 130 134 153 160 168 180 204 205 229 239 241 245 258 263 269 271 279 292 310 329 360 364 382 385 386 427 456 463 475 494 504 505 510 514 522 557 584 594 596 611 626 669 697 746 783 813 823 843 848 862 882 927 952 959 986 992 995 1012 1022 1050 1063 1092 1096 1102 1109 1124 1153 1184 1186 1195 1196
qb13458ddf6c77,{}
q9232c8daca962,1 6 11 30 45 46 51 57 68 74 75 83 84 85 90 91 95 102 109 111 114 120 123 128 132 133 145 147 151 167 169 175 184 212 219 242 258 280 282 288 305 306 309 324 328 346 350 367 375 382 405 413 419 427 436 439 440 457 464 466 489 516 524 537 538 541 542 546 574 599 607 615 621 623 625 643 657 662 671 676 687 691 696 701 703 726 772 773 819 825 826 827 828 831 834 838 842 846 850 855 871 879 893 896 900 901 907 921 930 934 935 937 944 945 950 951 965 973 983 993 1003 1004 1032 1045 1048 1049 1052 1057 1097 1112 1157
qd86617140c6c8,{}
qfcf7d74c5fa22,2 4 20 56 62 66 86 113 114 121 161 163 166 169 212 221 250 252 283 292 308 348 373 449 455 461 474 532 555 597 610 613 638 648
q92744457bac6f,{}
qa8a160812af9d,{}
q2bbc4a3fadf0a,{}
q44972e000cee9,1 8 32 41 48 52 53 57 65 73 104 131 137 146 167 204 218 225 251 254 265 274 306 314 320 322 339 400 442 447 492 511 516 561 568 574 609 618 620 634 641 646 650 700 703 722 733 751 753 798 812 837 856 887 888 889 935 956 1011 1016 1029 1051 1057 1060 1064 1069 1083 1150 1156 1177 1194 1200 1206 1214 1219 1224 1225
q503e1ce278d7f,707 1702 2434 2761 3260 3406 3906 4044 4102 4196 4204 4693 4727
q5ed233ccfb8fb,11460
q915068c72299a,{}
qfaa5e09a698fd,162 172
q3a57b8c85f167,22319
qe3204aa644943,{}
q71fc275cc8148,{}
q9152f6a2f74db,5 13 23 25 30 31 32 33 35 43 47 50 52 56 60 61 66 68 72 76 79 84 87 95 97 107 115 116 119 126 130 131 139 161 163 167 173 178 182 203 207 214 215 230 240 246 249 251 263 273 283 287 303 304 307 308 309 318 351 358 369 377 381 384 399 403 412 422 423 424 431 433 442 446 447 453 456 460 467 468 470 478 487 489 491 492 495 496 500 507 510 514 517 518 521 524 532 533 536 545 551 558 560 564 565 567 577 579 582 584 591 605 608
q0122c6e1437db,{}
q935a0eaeadec3,11460
q192118d6bed1f,6930
q411d8312c4804,21921 212592 214665 304196 332269
qc8c9d79ffdce5,28 29 93 109 110 144 166 175 180
q893d590348c8c,{}
q13dc77d8a70ef,707 1702 2434 2761 3260 3406 3906 4044 4102 4196 4204 4693 4727
q07f0b41bcff02,{}
q9fbced8b525e6,{}
q2458e70bf5e38,{}
q4236c912e4972,{}
q78a705a9b48b1,81 140 153
qd9e1955089cc4,16 17 18 19 48 50 58 92 116 117 128 150 153 171 172 225 253 278 280 286 287 311 313 327 336 339 360 375 383 386 391 398 409 410 420 422 423 428 431 443 460 469 490 496 503 513 530 538 549 566 577 602 606 619 642 645 657 659 669 675 679 686 713 723
q8ec296e270098,197 208 223
qafb6a9ba15e3d,79 118 138 302 332 415 501 563 605 790 1114 1174
q3d4e958ded8db,{}
q5fb3b0f8516a3,21921 212592 214665 304196 332269
qe63887649faea,{}
q2d1ce448b24bf,90 113
q3d6d39a2ca3d3,21921 89569 153431 186301 203189 212592 214665 215262 242647 304196 321488 332269 352507 362791
q4781858c4c94b,21921 89569 153431 186301 203189 212592 214665 215262 242647 304196 321488 332269 352507 362791
qfc551b0dd5320,79 118 138 302 332 415 501 563 605 790 1114 1174
q74ad43feffbe9,6 19 62 88 92 130 207 228 252 259 279 289 325 333 345 359 380 401 405 407 428 449 461 474 477 505 533 559 599 600 628 640 649 656 661 663 680 691 697 701 730 785 790 793 815 822 832 852 870 884 885 901 905 912 960 970 971 979 988 994 1009 1060 1062 1066 1117 1123
qcae96bc019e77,{}
qd77b7ad76b3a5,{}
q9c6da1a8410a2,7 16 34 36 56 59 64 74 75 76 81 84 94 96 98 103 106 115 120 124 126 129 135 141 146 151 154 162 188 195 203 204 211 217 224 237 241 255 260 262 267 286 288 289 290 295 298 299
q77ca6b77e538d,6 27 31 52 73 77 87 93 101 142 223 270 295 302 308 313 407 440 471 499 520 525 535 542 579 587 606 637 655 684 697 727 766 774 791 792 819 868 875 885 911 912 931 947 948 953 956
qdb33e8f9ef9ff,6930 22319
qf635b468bfec1,7590 7653 8104 10477 11460 11728 12246 12811 16180
q02e09b4ed5408,21921 89569 153431 186301 203189 212592 214665 215262 242647 304196 321488 332269 352507 362791
q9a9485e70b2e6,21921 212592 214665 304196 332269
q4aaa9f98eeb4b,{}
qe20a07c5ab00d,514 1136 1378 1697 2161 2585 2658 2819 3019 3070 3232 3558 3891 4105 4230 5004 5329 5426
q19a3e4c47f790,{}
q9ac5f0fbf922e,{}
q278ae1e9a07ff,92 324
q2578201a0dcc0,34 40 47 66 73 76 77 79 86 98
q86481915cd9c3,{}
qbf1fc9ee75e25,21921 212592 214665 304196 332269
q2b6a7ba4d7f29,3738 5643 5829 6145 6930 8410 11138 22319 23012 23137 28779
q81e5c8a8d7ec5,16180
q5fa2bde96c5ff,{}
q90571ad5278e0,21921 89569 153431 186301 203189 212592 214665 215262 242647 304196 321488 332269 352507 362791
q389c667fbfd6e,6930 22319
qc2890f3422cde,{}
q7bf2e8725160e,6930
qd00041d275749,707 1702 3260 3406 3906 4196
q98d41bb031d8a,7590 7653 8104 10477 11460 11728 12246 12811 16180
qa6e79e2904e6d,13 20 21 31 32 39 44 45 55 61 62 70 80 83 90 115 116 118 126 130 131 137 138 157 158 164 190 191 194 219 237 241 246 258 260 266 267 290 302 304 306 307 308 310 320 322 327 328 337 338 346 351 353 354 358 361 369 375 423 425 443 445 463 499 504 507 525 550 557 564 568 582 587 588 603 604 614 616 623 640 641
q04a254323c164,13711
q99a39dbfe5c44,21921 212592 214665 304196 332269
q8ccda28d64f34,{}
qa6b5e6c68e641,{}
qdb782c0f86a54,3 196 208
q71da6bea90e74,{}
qf1bbdf6665d62,{}
qa72fd36cef31c,{}
q1857cc3f17487,{}
q1126874af4c4b,160 326 642
q961d00dd3b1aa,79 118 501 1174
qdbf50eda6ae26,11460
qdef60486d495d,40 92 110 501 694 707 748 782 822 947 1210
q16e85da4b56cc,{}
q30e55242820b3,{}
q30ad9740ee7fa,{}
qf2d53827b5487,{}
q4dd12609d8ffe,{}
qefa67f8127b29,1 12 14 27 29 72 73 83 100 107 115 116 121 123 132 135 139 161 171 195 198 204 252 254 262 271 279 285 304 305 311
qbca75de6f5ffd,6930
qc5728d1f7d842,{}
q684df4a1a030f,{}
q26c789a81ee63,13711
q954d18b1f29aa,40 92 110 501 694 707 748 782 822 947 1210
q10542f5cb31a4,{}
q324e47fcf4490,{}
qefc322b2bef5a,110 147 191
q1155d6b7b962a,21 72 142 216 306 337 375 400
q037f6f78cd26f,21921 212592 214665 304196 332269
q6aec1f6b9aab0,{}
q52dfc32587279,22 81 97
qa5a512d0e828c,{}
q4810525149fd7,19 21 35 37 46 66 79 83 91 94 95 103 119 130 132 141 154 214 218 230 235 241 242 244 256 257 265 291 299 304 306 307 325 336 348 358 374 375 376 399 414 421 423 427 429 449 455 456 477 485 501 510 534 538 555 562 580 582 586 590 592 599 600 602 612 620 634 638 652 664 666 677 683 685 686 696 702 709 714 716 719 725 729 733 739 755 756 757 762 776 783 784 795 799 800 805 806 807 814 821 822 825 827 844 847 863 868
q7c669524d2962,12500
q95320c6bf7900,186301 203189 215262 321488 362791
qc73674a21e128,1702 3260 4196
q57a295a965fd3,{}
qb70cc13f1b5cc,16180
q42746a29a4e22,21921 186301 203189 212592 214665 215262 321488 362791
qad1bfa98348e2,110 147 191
q4ef8cfad76711,1039
q4be9bbd4f3205,10 62 145
qc73861bb8b90f,64 168
q8f611dbb23375,152 319 459
q19eadffe007d5,3 20 36 196 208 240
qdb6e17c70718d,{}
q4c2e8379fdd9f,{}
q97db4efc8a211,100 107 285
qc46e20c9278e7,{}
q0095e4fd6fe4d,644 4786 6138 7233 8482 9402 12500 13711 14649
q7d6314f231812,{}
qb96eeec0cc9c4,{}
q477f1a17ebcf5,{}
qed4e28a9281c2,6930 22319
q1a66a107b9373,160 326 338 642 785 1179
q3e534c8b450d5,22319
q288cc7bc07595,186301 203189 215262 321488 362791
qfc5ef6a637372,81 140 153
q29e963ee8bc65,{}
q6c7043d97549d,160 326 642
q1ffb6f08b3e95,21921 212592 214665 304196 332269
qe779d2541b337,{}
qac599191747af,186301 203189 215262 321488 362791
q32abf37f7fcd3,3738 5643 5829 6145 6930 8410 11138 22319 23012 23137 28779
q18f08762320c1,{}
qb4deeeab8bf60,5 13 23 25 30 31 32 33 35 43 47 50 52 56 60 61 66 68 72 76 79 84 87 95 97 107 115 116 119 126 130 131 139 161 163 167 173 178 182 203 207 214 215 230 240 246 249 251 263 273 283 287 303 304 307 308 309 318 351 358 369 377 381 384 399 403 412 422 423 424 431 433 442 446 447 453 456 460 467 468 470 478 487 489 491 492 495 496 500 507 510 514 517 518 521 524 532 533 536 545 551 558 560 564 565 567 577 579 582 584 591 605 608
qfc03c29856631,{}
qa0a6c02a88e59,707 1702 3260 3406 3906 4196
q4dacfdefefde9,514 1136 1378 1697 2161 2585 2658 2819 3019 3070 3232 3558 3891 4105 4230 5004 5329 5426
q9e4394243922a,{}
q65890cfb48995,5 24 26 94
q470d5a41a4ed3,16180
qa499c90f61513,160 326 509 518 608 642 703 1015 1150 1268 1436 1504
qc0791a4b5bc27,163 267
qd37396a4d7c5b,40 92 110 501 694 707 748 782 822 947 1210
qc875a7bb7bc89,707 1702 2434 2761 3260 3406 3906 4044 4102 4196 4204 4693 4727
q8d3018e1d8ce4,79 142 868 1204 1419 1713 2381 2967 3623
q01060c13f2897,3738 5643 5829 6145 6930 8410 11138 22319 23012 23137 28779
qd7885996ed3b6,10 62 145
q6b640e5fc7394,197 208 223
q7f0ca1301f395,42 110 147 167 175 191
q38f7858021d24,186301 203189 215262 321488 362791
q17f96b45b3581,13711
q41cad35fd7666,{}
q3374c7bc3f038,79 118 501 1174
q5710def69ba82,99 150 182
q6e07b87330cc4,{}
q74f3867634445,{}
qc73063b63b854,1702 3260 4196
q0b38f334a58a8,12 14 18 31 47 54 59 60 69 77 79 81 94 95 96 107 112 114 137 145 157 164 182 190 198 200 209 220 224 243 247 248 249 252 262 278 281 286 297 302 322 338 358 370 376 382 386 388 395 399 416 422 445 449 475 481 487 488 492 496 497 511 529 534 539 558 583 599 606 607 614 616 617 622 628 634
q52a62c901cf0d,92 694 947
qa7f3c67eb49e7,{}
q20cd36a042816,12500
q9852ffa420284,1 78
qd0e48a689dff0,79 118 138 302 332 415 501 563 605 790 1114 1174
qf40d927f993bf,1 5 7 8 12 13 16 18 20 21 22 23 24 29 38 47 54 61 62 71 78 79 81 82 83 84 97 101 102 104 118 122 123 133 135 136 151 153 155 156 157 165 166 169 176 181 182 189 191 200 202 203 210 220 221 227 235 244 259 262 270 283 284 287 299 308 310 311 313 314 315 319 329 334 335 338 340 350 353 354 357 366 376 380 383 386 389 392 393 394 400 401 402 406 408 413 414 417 423 426 427 428 447 457 458 459 476
q4d22635ccf1ab,110 147 191
q173c869ecb8f1,186301 203189 215262 321488 362791
q1963c300a144d,10 44 46 62 106 145
q1bb645321a97f,{}
qa335cbf760625,16180
q5e393ae669426,160 326 338 642 785 1179
q7ba1bd5247bd3,644 4786 6138 7233 8482 9402 12500 13711 14649
q41b5e64cb6bab,9 12 36 102 107 118 146 153 158 195 207 211 222 230 237 240 244 271 287 295 299 303 322 334 341 358 416 423 427 457 459 469 511 542 545 548 561 589 616 646 680 691 698 710 745 749 752 754 772 776 777 781 799 800 822 823 862 865 878 890 939 984 995 1007 1009 1047 1064 1095 1126 1161 1168 1201 1213 1218 1225 1230 1234 1238 1248 1261 1276 1286
q78f127a2476ff,{}
qe750457d5905d,1136 1697 2161 2658 3232 4105 5004 5329 5426
q5618f72a1cac8,{}
q3a980f0c5c5bb,{}
q508e46808f822,644 4786 6138 7233 8482 9402 12500 13711 14649
q24053f5699677,{}
q11ee987bf70e8,7590 7653 8104 10477 11460 11728 12246 12811 16180
q656efc2d429c7,6 15 27 28 30 31 36 52 62 73 77 83 86 87 93 101 120 138 142 188 208 223 254 257 265 270 280 295 302 308 313 317 319 333 358 379 382 407 432 440 441 469 471 489 492 495 499 509 513 520 525 533 535 542 553 555 557 567 578 579 583 584 587 590 592 595 606 626 632 637 643 655 684 689 690 697 703 719 725 727 728 738 752 757 766 774 779 791 792 795 815 819 825 849 868 870 875 885 909 911 912 914 922 929 931 947 948 953 956
q66d182bec817a,12500
qc41cfe5701c59,21921 89569 153431 186301 203189 212592 214665 215262 242647 304196 321488 332269 352507 362791
q5546364fb65f2,{}
q75f0f3b1b3ed4,{}
qa3e197baf3ba4,3738 5643 5829 6145 6930 8410 11138 22319 23012 23137 28779
qf4fe6f1f7189c,92 694 947
q769fa37da1934,13711
q0cdf87b772b30,44 46 106
qe4a948b53950b,8 48 213
qf5cefaf5926c9,13 14 16 43 50 58 60 66 67 72 102 108 151 167 178 217 310 356 387 389 400 432 447 467 490 522 546 601 621 644 645 655 657 661 667 719 726 747 795 797 799 800 815 829 866 903 907 922 951 954 971 980 991 998 1018 1053 1061 1094 1105 1117 1124 1134 1148 1153 1190 1227 1228 1234 1240 1250 1335 1354 1392
qf95dbf02ff92e,16180
q96fcf95207ab0,1 8 32 41 48 52 53 57 65 73 104 131 137 146 167 204 218 225 251 254 265 274 306 314 320 322 339 400 442 447 492 511 516 561 568 574 609 618 619 620 634 641 646 650 700 703 722 733 751 753 798 837 856 887 888 889 935 956 1011 1016 1029 1051 1057 1060 1064 1069 1083 1150 1156 1177 1194 1200 1206 1208 1214 1219 1224 1225
q0d700002d8f1e,6930 22319
qad539c55c9b1b,{}
qc42d2d74d2417,12500
qfafa6434f7a20,13711
q334aad79e8145,{}
qff6ae997eafa2,12500
q8dff6d4e21ac9,186301 203189 215262 321488 362791
q79b80da851ccf,3738 5643 5829 6145 6930 8410 11138 22319 23012 23137 28779
q1e1c640176a47,2 7 11 18 21 29 31 37 42 52 57 62 63 69 70 72 75 78 90 93 96 97 105 113 127 128 129 131 138 140
q439dcdc31123a,8 48 213
qe5e543c89a11c,186301 203189 215262 321488 362791
q191bf983b243c,{}
q6a84968436b19,{}
qf9389858d95bb,3738 5643 5829 6145 6930 8410 11138 22319 23012 23137 28779
q0b967b486b8a7,707 1702 2434 2761 3260 3406 3906 4044 4102 4196 4204 4693 4727
q977df14f52c60,5 13 24 30 34 47 49 94
q511c8bbe896c7,{}
q6d7e8561b3849,22319
q91fcad19ca8d1,{}
qb78bc2e9c0664,{}
qaa7788212db9b,197 208 223
qc60869a6682c9,{}
qbe5ee5530ba5a,644 4786 6138 7233 8482 9402 12500 13711 14649
q8a8cdfd5b6da1,22319
q87e3eb61a369c,13711
q16be7352156a2,22 81 97
qc39427a95f604,186301 203189 215262 321488 362791
q2bce04e93d05e,110 147 191
q67e5cb23b72e7,92 110 694 782 947 1210
qdb7ee750df3bb,{}
q8dd148ad382c4,644 4786 6138 7233 8482 9402 12500 13711 14649
qd55a14cd5e4fb,{}
qd6a70f1dfec8d,{}
q63e75c6b21f3e,707 3406 3906
qa4a30f207a21f,707 1702 3260 3406 3906 4196
q50cba7c7242fb,707 1702 2434 2761 3260 3406 3906 4044 4102 4196 4204 4693 4727
qed209cc7ef6eb,{}
q18c4984616142,186301 203189 215262 321488 362791
q50aa2377488f2,30 141 172
qba94dc21b4dc4,{}
qf0cd9e47def19,{}
q3b77abb019274,{}
q5d54c1f0784b5,44 46 106
q92e14e2041334,{}
q317de080783a5,13 45 61 90 131 157 158 164 191 194 237 258 267 302 306 327 337 338 351 369 375 425 504 507 525 557 564 587 588 603 616 623 641
qbce1de3deb86b,7653 8104 11728 12246 16180
q42f517f2bea3f,14 47 69 95 112 114 182 198 224 247 252 286 338 358 370 382 388 416 445 475 511 529 534 539 583 607 628
qaf9de4a9375ff,40 92 110 501 694 707 748 782 822 947 1210
qf5ff285e50610,{}
qc6c11cf77e45c,{}
q1a047b340b4ae,40 92 110 501 694 707 748 782 822 947 1210
q4032818925c23,{}
q33cc879d1b659,{}
qb1698d3d97430,{}
qe9b9db2527ca9,{}
qf2fa76f8f6508,{}
q59d6a2b3881a9,707 1702 2434 2761 3260 3406 3906 4044 4102 4196 4204 4693 4727
q2dfd0ff46cbd7,{}
q320c5c750e687,274 743 1062 1338 2867 2947 2955 3457 4351
q736bfa9799af2,6930 22319
q66d74b24669bb,3738 5643 5829 6145 6930 8410 11138 22319 23012 23137 28779
q317f5422f8c0f,707 3406 3906
qddedeb86990e8,21921 186301 203189 212592 214665 215262 304196 321488 362791
q9f7ccb3a01da1,{}
qd5fa126369e66,3738 5643 5829 6145 6930 8410 11138 22319 23012 23137 28779
q2b730caafe160,115 175 243
q42f2370a5205c,{}
qadff0c771d717,99 150 182
qa75ba77906dfa,3738 5643 5829 6145 6930 8410 11138 22319 23012 23137 28779
q02b7f6ab6591d,22319
qdb2f71e3d83a0,3738 5643 5829 6145 6930 8410 11138 22319 23012 23137 28779
q4bb49139b8b1b,6930 22319
q53575d4df820b,{}
qef67f690fbb13,707 3406 3906
qb4940dd66845b,{}
q5ffa564d09d6b,707 3406 3906
q70b228f40f16c,162 167
q851651ccc98ee,1 3 8 12 26 32 39 41 48 52 53 57 65 73 74 78 93 104 130 131 137 145 146 162 167 186 187 203 204 205 218 225 229 232 251 254 263 265 274 304 305 306 314 320 322 339 348 360 383 387 400 405 419 423 442 447 449 455 466 469 492 497 511 516 518 538 561 568 574 607 608 609 610 613 618 619 620 632 634 641 646 650 669 700 703 722 733 751 753 759 760 771 787 795 798 812 824 837 838 847 850 856 860 887 888 889 906 935 941 956 957 986 994 1006 1011 1012 1016 1018 1029 1051 1057 1060 1064 1069 1083 1086 1088 1116 1144 1150 1156 1157 1165 1172 1177 1186 1193 1194 1195 1200 1203 1204 1206 1208 1214 1219 1221 1224 1225
q53c475cc8ce95,12500
q0b1e70760bc03,6930
q996aa481162d2,{}
qe1ac97b6222c9,{}
q6ed72d96007ac,6930 22319
qb613a48afdb13,{}
q97ec2fb8a63c1,21921 186301 203189 212592 214665 215262 321488 362791
qee2b9039c57e7,21921 212592 214665 304196 332269
qb0cc18cade9ea,160 326 338 642 785 1179
q1efd94d775331,707 3406 3906
qa957a69062bf4,24 51 65 83 89 100 103 144 146 149 160 208 226 262 266 289 304 312 321 322 328 345 362 394 397 403 406 412 416 426 428 443 476 484 494 504 511 538 551 558 580 587 605 632 648 725 761 767 772 773 831 844 865 867 882 891 909 910 913 957 967 985 996 1012 1040 1060 1072 1073 1080 1100 1107 1125 1138 1139 1147 1152 1170 1171 1195 1244 1291 1304 1306 1330 1331 1337 1338 1353 1355 1387 1389 1394 1403 1404 1408 1412
q51a05323cc966,{}
q022c103a4fd4d,{}
qeecc1b0361131,30 54 66 76 80 89 91 97 101 114 127 139 148 161 182 186 208 209 213 221 254 270 278 289 298 320 323 330 331 341 347 352 361 370 390 392 404 415 418 454 473 499 515 542 547 585 603 631 644 698 708 740 771 786 810 824 854 878 879 884 896 903 913 920 925 951 967 1024 1037 1041 1052 1086 1102 1114 1133 1139 1150 1200 1233 1255 1258 1270 1286 1339 1361 1369 1407 1419 1423 1477 1478 1482 1492 1496 1503 1511 1524 1536 1552 1567
qeb6923dba0860,110 782 1210
q1feeae385f227,{}
q1b8176999589f,{}
q84d7f2f5aa538,92 110 694 782 947 1210
q17966f012dd21,{}
q1a11cb90ae640,{}
q878fff1f57872,6930 22319
qa6489efd37b82,6930 22319
q0b9d09321e796,707 1702 2434 2761 3260 3406 3906 4044 4102 4196 4204 4693 4727
qab8f17f9b70da,12500
qf77cf2699721b,7 22 32 43 81 97
q98349077c8ce6,{}
qb5640b7a4c560,332 415 605 1114
q35887680e572b,167 175
q9dda77e0e19d0,{}
q729fb4de2dace,6930
q8cfa1f4b28b12,{}
q5f18c194b7827,707 1702 2434 2761 3260 3406 3906 4044 4102 4196 4204 4693 4727
qa7926a64c348b,186301 203189 215262 321488 362791
qd1a2519d4df91,160 326 338 509 518 608 642 703 785 1015 1150 1179 1268 1436 1504
q3f6f1efa04fea,3738 5643 5829 6145 6930 8410 11138 22319 23012 23137 28779
q1441ae42966d6,{}
q9bdc41af29b33,79 118 501 1174
q854663f94cd0b,{}
qd4b5de2a9fc61,186301 203189 215262 321488 362791
q406b8dfad828b,22 81 97
qb78ecc6c9975d,3738 5643 5829 6145 6930 8410 11138 22319 23012 23137 28779
qcb8497518d579,{}
q99e89f38ffcf7,707 1702 2434 2761 3260 3406 3906 4044 4102 4196 4204 4693 4727
qc66606d3769e4,{}
q6824e02477729,110 782 1210
q0fd7e11bcbf92,{}
q4867bbb09a0d6,{}
q3dc8cec4c0299,6930
q17b0b644a1aef,{}
q1e8db29c9010d,72 447
q2f420f8552c59,{}
qdc3c1a5fe8ffb,216 306 337 400 439
q2f778b4015392,{}
q9206e0b6274d8,{}
q82c5de7bac7dc,8 140
qebce73939ef81,{}
q6379e624d4855,186301 203189 215262 321488 362791
q81bac00efbc2a,12500
qcacf522266af7,21921 89569 153431 186301 203189 212592 214665 215262 242647 304196 321488 332269 352507 362791
q615ff7d204374,{}
q0636a3c3f6bd0,10 62 145
q9ace03aeac062,7 12 17 23 31 32 37 46 48 53 56 57 78 79 84 90 95 96 108 110 111 117 121 132 139 156 176 177 192 201 203 204 219 228 241 248 255 263 266 267 270 273 277 293 305 307 310 318 329 330 333 383 407 414 428 460 465 468 478 480 501 508 513 534 543 551 565 566 575 580 582 598 614 621 624 659 660 661 665 676 677 679 680 695 699 709 712 717 735 737 743 745 750 764 765
q2f497f5b04f9c,{}
q29c93bba9a06f,{}
qcfe6464a19504,21921 212592 214665 304196 332269
q088c4de09437e,{}
q18282857e2977,{}
qf780c0a4fbaa5,{}
qdb462442661bb,{}
qbf29d4eed0d29,7590 7653 8104 10477 11460 11728 12246 12811 16180
q2de6f149b5f59,64 168
q80405e0d11b80,{}
q642774c633b38,{}
qbf790114c9fb2,{}
q20f1ba8a6ee5d,7 14 17 24 26 29 32 34 37 44 50 52
q16c266a1de6af,7590 7653 8104 10477 11460 11728 12246 12811 16180
qc66515e38668c,8 38 46 48 79 125 128 182 273 283 330 332 352 361 389 396 534 573 624 743
q50c0114cf53bd,79 118 138 302 332 415 501 563 605 790 1114 1174
q01d6f9065b011,{}
qdae9169dab16e,16180
q7b4a4960b86d3,{}
q686781557d136,107 132 170
q31922c42441c1,644 4786 6138 7233 8482 9402 12500 13711 14649
q5394aac5bb57c,110 782 1210
qe2f5f275d0889,{}
qcfaef6b4567d6,707 1702 2434 2761 3260 3406 3906 4044 4102 4196 4204 4693 4727
q965240b35a213,35 46 60 62 66 75 91 109 112 113 122 134 145 151 154 156 158 159 178 197 201 202 223 229 238 241 252 289 295 307 329 332 335 337 343 345 361 365 370 385 389 395 400 401 405 407 413 419 423 432 436 442 455 471 479 484 486 487 493 496 497 498 518 523 546 554 565 577 579 593 606 611 621 627 647 658 659 683 687 704 715 717 721 729 737 748 752 754 779 782 784 790 799 810 816 823 831 841 844 846 879 881 893 896 903 913 916 922 925 926 937 944 946 952 966 968 972 976 988
q216c03e0166ff,2 3 27 39 49 53 89 95 96 98 114 118 121 130 134 153 160 168 180 204 205 229 239 241 245 258 263 269 271 279 292 310 329 360 364 382 385 386 427 456 463 475 494 504 505 510 514 522 557 584 594 596 611 626 669 697 746 783 813 823 843 848 862 882 927 952 959 986 992 995 1012 1022 1050 1063 1092 1096 1102 1109 1124 1153 1184 1186 1195 1196
qcecd0ec49c22f,12 14 18 31 47 54 59 60 69 77 79 81 94 95 96 107 112 114 137 145 157 164 182 190 198 200 209 220 224 243 247 248 249 252 262 278 281 286 297 302 322 338 358 370 376 382 386 388 395 399 416 422 445 449 475 481 487 488 492 496 497 511 529 534 539 558 583 599 606 607 614 616 617 622 628 634
q7c46a6f7aac46,3 47 64 65 110 112 114 121 129 165 168 180 195 214 215 222 235
q45331d46b1435,107 132 170
qc15c88c45c4b6,107 132 170
q93093d9f4e695,{}
q69ad9224b7eae,{}
q42e1dec506d74,17 29 210 255 295 306 335
q0bf405836101e,{}
q64e6c7846872a,1 17 30 31 32 80 113 120 124 134 135 140 151 161 162 172 175 204 221 223 246 256 271 279 281 291 312 320 325 326 331 334 348 354 367 376 379 381 386 394 398 400 403 422 435 438 450 453 454 471 476 479 493 503 507 511 522 525 527 536 539 547 557 565 584 590 601 623 625 635 639 646 658 674 676 677 680 686 688 690 692 695 702 709 715 728 729
qf8f4087f6a3a8,707 1702 2434 2761 3260 3406 3906 4044 4102 4196 4204 4693 4727
q74d46b1bd6d62,81 140 153
q2ad1d86e6503b,8 12 18 21 23 26 27 28 32 37 38 46 48 51 54 59 66 68 72 76 77 79 84 85 90 95 100 106 112 125 128 129 137 139 142 145 152 155 157 164 168 179 181 182 183 188 193 194 202 215 217 220 224 231 232 236 237 239 240 243 256 261 267 268 273 274 278 282 283 284 297 300 310 311 312 317 328 330 332 338 342 352 357 360 361 368 389 396 397 408 410 413 423 427 430 436 443 447 452 459 469 473 497 503 511 512 513 521 523 528 534 537 542 544 545 573 579 583 588 596 598 599 602 604 605 611 617 624 626 641 642 648 653 654 658 667 672 676 683 688 694 699 704 705 725 729 733 737 742 743
qcec6d35365fc6,16180
q83d93ffcb95a1,{}
q5f7686755e007,160 326 338 509 518 608 642 703 785 1015 1150 1179 1268 1436 1504
q903c689905ce3,79 118 138 302 332 415 501 563 605 790 1114 1174
q6a3d80490f6ae,{}
q8f4fdd55718d3,35 66 68 107 131 139 203 251 303 309 460 467 468 491 500 517 524 545 551 564 582 605
q73689647ef266,{}
qcaeaf4dea5714,{}
q7624e4e60a38e,160 326 338 509 518 608 642 703 785 1015 1150 1179 1268 1436 1504
qe73dc8944127a,7590 7653 8104 10477 11460 11728 12246 12811 16180
qea77bbfa54a38,99 107 132 150 170 182
qbcfb7fa1a014f,19 35 46 66 83 91 94 95 130 141 214 230 244 257 299 306 307 348 358 399 414 421 423 427 429 449 455 456 501 534 538 555 582 592 599 612 620 638 664 677 685 686 702 709 714 719 739 755 756 762 784 805 814 844 868
q8797e0a869e8d,8 48 213
q7974ec55c8bab,107 132 170
qdbb53f0474902,277 488 574 1437 1443 1701 1913 2028
q65edd4c6d4719,{}
q59edb00c6c2e8,{}
q86f0455d9e8cc,29 32 38 51 66 70 94 96 129
q9cb7161c49c7e,{}
q9c5dd30ec77cd,4 11 17 19 20 30 31 32 36 43 46 52 53 55 56 78 81 88 89 96 100 101 104 109 111 112 114 123 125 151 155 158 169 172 174 178 182 188 191 199 200 202 206 208 240 244 250 255 262 272 273 276 278 283 284 290 292 296 297 299 300 301 312 319 320 323 325 337 340 341 347 349 356 357 359 364 365 367 376 383 389 390 393 397 398 403 410 411 413 415 417 419 421 431 433 438 441 442 444 447 451 456 458 460 468 470 477
qed0a478c36b89,11460
q50af8ac74a4d8,14 17 28 29 62 119 188 192 210 223 255 268 295 306 319 335
qc5c321a1b36f1,{}
q7c92cb6e2d2e4,{}
qb7ee5c2cea6eb,{}
q62f3b61e92b8b,16180
q7abc2882ee85e,21921 186301 203189 212592 214665 215262 321488 362791
qa3e992b5aa271,{}
qed128e01f489f,{}
q5bf6a67134cef,{}
qc5a8be3a9da5f,107 132 170
q1eefec961e6df,16180
q710d86c6b7183,{}
q9edb04d25c926,7 22 32 43 81 97
q557564af4ba1d,{}
q05d2ac9cf9059,110 782 1210
q0cf913f7a7ef3,707 1702 3260 3406 3906 4196
qf473f6f72c246,{}
q6a59ddd5e370d,12500
qfead82b8f06ca,17 18 19 50 58 92 116 117 128 150 153 171 172 253 278 280 286 287 311 336 339 375 383 391 398 410 420 422 423 428 431 443 447 490 496 503 513 530 566 577 606 642 645 657 669 675 686 723
q4ce4576b18dc1,160 326 338 509 518 608 642 703 785 1015 1150 1179 1268 1436 1504
q1db488edc264c,8 12 18 21 23 26 27 28 32 37 38 46 48 51 54 59 66 68 72 76 77 79 84 85 90 95 100 106 112 125 128 129 137 139 142 145 152 155 157 164 168 179 181 182 183 188 193 194 202 215 217 220 224 231 232 236 237 239 240 243 256 261 267 268 273 274 278 282 283 284 297 300 310 311 312 317 328 330 332 338 342 352 357 360 361 368 389 396 397 408 410 413 423 427 430 436 443 447 452 459 469 473 497 503 511 512 513 521 523 528 534 537 542 544 545 573 579 583 588 596 598 599 602 604 605 611 617 624 626 641 642 648 653 654 658 667 672 676 683 688 694 699 704 705 725 729 733 737 742 743
qa491e070e2f7f,141 172
q06fbad8ed544c,92 694 947
q8c308913956ab,644 4786 6138 7233 8482 9402 12500 13711 14649
q7062512457b6e,3 47 64 65 110 112 114 121 129 165 168 180 195 214 215 222 235
qbea0cf8f8f7f2,{}
q51a58aa17e8c6,{}
q8472209dc7fe0,10 44 145
q18b980e44389b,7590 7653 8104 10477 11460 11728 12246 12811 16180
q78786a777cc80,1 12 14 27 29 72 73 83 100 107 115 116 121 123 132 135 139 161 171 195 198 204 252 254 262 271 279 285 304 305 311
q5d6e2e2053ce1,99 150 182
q6d8b9f0775ad9,{}
qdae0c4e304443,{}
qe4cad08023857,2 4 6 9 20 21 26 34 44 56 62 66 71 86 88 102 113 114 116 121 137 151 161 163 164 166 169 179 188 210 212 217 221 250 252 266 272 277 283 292 308 321 339 348 350 351 372 373 382 386 449 455 457 461 474 477 479 480 507 525 532 543 547 555 559 572 578 586 597 605 608 610 613 615 631 638 648
qcefdf67011c93,3738 5643 5829 6145 6930 8410 11138 22319 23012 23137 28779
qfe7de3d6781fb,{}
q10d562839d981,160 326 338 642 785 1179
qc6400092040c3,{}
q052682f9ee90c,{}
q35b690e0f7128,{}
qf4d24f4f47082,{}
qf0ee94ae8aa82,{}
q1ac4c7c121bb0,22319
q1903bd3e94f49,13711
qf95b8ad84f921,21921 89569 153431 186301 203189 212592 214665 215262 242647 304196 321488 332269 352507 362791
q06404523396c0,21921 212592 214665 304196 332269
qe1d4e94895222,{}
q18b6fbb381a44,11460
q2f708b463b2d0,{}
q809984f11386b,1702 3260 4196
qa5716fda0e050,21921 89569 153431 186301 203189 212592 214665 215262 242647 304196 321488 332269 352507 362791
q6f01a46b3a866,79 118 501 1174
q3071680997b90,16180
q75acd268bc3d9,22319
q82e8daae014b5,{}
qa14149f1b6e48,2 5 80 92 111 140 164 206 266 302 318 324 336 343 365
q1d1cfbc614e4a,3738 5643 5829 6145 6930 8410 11138 22319 23012 23137 28779
q74a3e7376d7ac,{}
qa178657cccfea,9 12 24 31 35 39 53 62 102 119 138 146 156 160 184 208 213 220 233 293 312 327 335 350 352 394 429 458 463 464 491 527
qcb417498c6900,6930
q8d8baf48b728b,99 150 182
qbedf48cc4a92e,644 4786 6138 7233 8482 9402 12500 13711 14649
qc1d4429d3f542,22319
qa2b9c1d9f828c,21921 89569 153431 186301 203189 212592 214665 215262 242647 304196 321488 332269 352507 362791
q9fe609ad82ac3,79 118 138 302 332 415 501 563 605 790 1114 1174
q1ecedaf85036a,{}
qbfb7c2af006bd,{}
q00daf049a69fe,{}
qd01b593b4ceda,{}
q2782c57542fda,{}
qc7fd19d563aaf,7590 7653 8104 10477 11460 11728 12246 12811 16180
q3cd647d2f3fe4,{}
q1a2fcc541e876,3 20 36 196 208 240
qea665102355c9,{}
q6c71f4a8d8236,{}
q919fa548ade8f,30 141 172
qb62afa0dd252b,6 17 19 32 45 51 53 73 88 89
q2e1647e2e1d14,{}
q7e4e384ea6a87,707 3406 3906
q17b5ca8241e61,7590 7653 8104 10477 11460 11728 12246 12811 16180
q8f8dcae49529a,21921 212592 214665 304196 332269
qdcf75fadf4fe0,160 326 338 509 518 608 642 703 785 1015 1150 1179 1268 1436 1504
q61ab8399b85da,{}
q7419ece3d22bd,107 132 170
q8659ae54fa9f8,6930 22319
q9bf9c9193d0da,{}
q60a7759db7525,{}
q60e789f348043,514 1136 1378 1697 2161 2585 2658 2819 3019 3070 3232 3558 3891 4105 4230 5004 5329 5426
q87c535fff9aa1,81 140 153
q4a0e21c37bc46,{}
q2c83f13dc6e1f,6930
qd7878e3ef0a27,1702 3260 4196
q9e001a567dfb9,21921 212592 214665 304196 332269
q44a2c34886dea,21921 212592 214665 304196 332269
q100dab5507a33,7590 7653 8104 10477 11460 11728 12246 12811 16180
q421eda359904e,44 145
qa1c56a2b33ee8,{}
q76ea79c0d61e4,20 36 240
q85fc08e730304,6 8 9 15 36 54 57 58 69 75 97 105 118 123 158 160 183 201 207 210 234 239 249 278 291 300 334 339 382 403 404 409 412 428 438 445 475 487 493 506 515 542 561 592 597 612 616 618 666 680 709 744 746 761 765 783 820 861 862 888 905 911 949 952 956 973 982 984 999 1016 1031 1035 1043 1065
q35a1f36d0f3ed,{}
q5a54bdf18b47c,{}
qb0849db5d96a6,21921 212592 214665 304196 332269
q52d38d39e578c,{}
q1726ae08b58c8,{}
q2fd9dbb60d381,22319
q77d7a772e2679,{}
q6122f254783a8,707 1702 2434 2761 3260 3406 3906 4044 4102 4196 4204 4693 4727
qe273a23d29949,{}
qda73321928726,707 1702 3260 3406 3906 4196
qd6088d2b70ca3,5 13 23 25 30 31 32 33 35 43 47 50 52 56 60 61 66 68 72 76 79 84 87 95 97 107 115 116 119 126 130 131 139 161 163 167 173 178 182 203 207 214 215 230 240 246 249 251 263 273 283 287 303 304 307 308 309 318 351 358 369 377 381 384 399 403 412 422 423 424 431 433 442 446 447 453 456 460 467 468 470 478 487 489 491 492 495 496 500 507 510 514 517 518 521 524 532 533 536 545 551 558 560 564 565 567 577 579 582 584 591 605 608
q82a6495e4d098,6 19 62 88 92 130 207 228 252 259 279 289 325 333 345 359 380 401 405 407 428 449 461 474 477 505 533 559 599 600 628 640 649 656 661 663 680 691 697 701 730 738 785 790 793 815 822 832 852 870 884 885 901 905 912 960 970 971 979 988 994 1009 1060 1062 1066 1117 1123
q06ed841882b0c,13711
qf7ceaded39817,160 326 338 509 518 608 642 703 785 1015 1150 1179 1268 1436 1504
qd1d086737f356,{}
q3d64865a7c8f9,{}
q9ce1b2c1a452a,6930
q23b247d52ee9a,160 326 642
qcdd5bf2e0bccd,22319
q4585354e87081,92 694 947
q4417b4c9c75c6,{}
qb9902f36ff75c,16180
q2d6b0c9f45ae5,{}
q646c3187e502d,{}
q943e1cef7d8d7,160 326 338 642 785 1179
qda0fda2c1e3a3,332 415 605 1114
qec90d28123e03,{}
q77f6e5bca27ad,{}
q49fd371733df3,21921 186301 203189 212592 215262 321488 362791
q3e4ad8574888d,11460
q8c5e98878419d,{}
qbb7c55ca91599,338 785 1179
q74d554c302564,2 4 6 10 11 13 22 24 30 39 40 44 46 53 55 57 63 64 65 66 73 75 81 87 95 96 101 103 104 105 106 111 116 118 123 125 149 150 154 156 157 167 169 175 179 187 188 190 192 196 198 200 236 244 255 259 277 278 279 281 282 286 295 300 302 308 314 321 324 325 326 330 335 338 339 341 342 343 347 351 361 363 364 366 374 376 380 383 391 401 406 408 420 421 424 428 438 442 443 448 451 452 456 457 462 466 467 477 484 485
q85874c7af9be1,3738 5643 5829 6145 6930 8410 11138 22319 23012 23137 28779
qb04216527cc11,{}
q314f794bd505d,{}
qaa6cd2b737c85,{}
qaa738fbb412ec,{}
q14d593f83621c,{}
qcfcda7ce58ed5,{}
qfc4699881ed48,{}
q4dcd9b82ac161,{}
q42e91b27d70eb,35 66 68 107 131 139 203 251 303 309 460 467 468 491 500 517 524 545 551 564 582
q1d326d7329288,30 54 66 76 80 89 91 97 101 114 127 139 148 161 182 186 208 209 213 221 254 270 278 289 298 320 323 330 331 341 347 352 361 370 390 392 404 415 418 454 473 499 515 542 547 585 603 631 644 698 708 740 771 786 810 824 854 878 879 884 896 903 913 920 925 951 967 1024 1037 1041 1052 1086 1102 1114 1133 1139 1150 1200 1233 1255 1258 1270 1286 1339 1361 1369 1407 1419 1423 1477 1478 1482 1492 1496 1503 1511 1524 1536 1552 1567
q69f5629b935a0,{}
qe62fdc3d3f778,155 188 199
q7de08c10f928e,{}
q9e10454df78f7,{}
q9b9191495cf64,{}
qee7ae71a3b84c,{}
q85e1e1c904809,{}
q104d291ee8079,644 4786 6138 7233 8482 9402 12500 13711 14649
q75ef98137a34c,64 168
qd0545b7578e5b,160 326 338 509 518 608 642 703 785 1015 1150 1179 1268 1436 1504
q0e42dc94d4a91,{}
qabc7f6ab95fee,{}
q521101f817ed4,24 51 65 83 89 100 103 144 146 149 160 208 226 262 266 289 304 312 321 322 328 345 362 394 397 403 406 412 416 426 428 443 476 484 494 504 511 538 551 558 580 587 605 632 648 725 761 767 772 773 831 844 865 867 882 891 909 910 913 957 967 985 996 1012 1040 1060 1072 1073 1080 1100 1107 1125 1138 1139 1147 1152 1170 1171 1195 1244 1291 1304 1306 1330 1331 1337 1338 1353 1355 1387 1389 1394 1403 1404 1408 1412
q0fa05615232a9,707 1702 2434 2761 3260 3406 3906 4044 4102 4196 4204 4693 4727
q7f10c2721e546,{}
q005afae26f080,12500
qff8fee8dc86a6,{}
qf38cd115e405f,707 3406 3906
q8a184dbdab1fb,262
q0d200f12376ce,42 110 147 167 175 191
q9af0b91292de6,160 326 338 642 785 1179
q57532bd47fe18,{}
qa62b0e7e3a547,{}
q9b3674ee8aba3,{}
q7f503b05fa3fc,186301 203189 215262 321488 362791
qa6f9dfba1bc4f,21921 89569 153431 186301 203189 212592 214665 215262 242647 304196 321488 332269 352507 362791
q7b814b82922ef,6930
q3129553a41e14,21921 89569 153431 186301 203189 212592 214665 215262 242647 304196 321488 332269 352507 362791
qa0c35e5add1bc,160 326 338 642 785 1179
q4a1df1c0d4af1,{}
qc9e0ef68a328d,{}
qc0e77304a1947,{}
q690b52ea7e3a3,107 132 170
q74e629ef30a86,{}
q4c7815c17321a,7 16 34 36 56 59 64 74 75 76 81 84 94 96 98 103 106 115 120 124 126 129 135 141 146 151 154 162 188 195 203 204 211 217 224 237 241 255 260 262 267 286 288 289 290 295 298 299
q501c1cc618000,707 1702 3260 3406 3906 4196
q01e7d059f7a7b,30 54 66 76 80 89 91 97 101 114 127 139 148 161 182 186 208 209 213 221 254 270 278 289 298 320 323 330 331 341 347 352 361 370 390 392 404 415 418 454 473 499 515 542 547 585 603 631 644 698 708 740 771 786 810 824 854 878 879 884 896 903 913 920 925 951 967 1024 1037 1041 1052 1086 1102 1114 1133 1139 1150 1200 1233 1255 1258 1270 1286 1339 1361 1369 1407 1419 1423 1477 1478 1482 1492 1496 1503 1511 1524 1536 1552 1567
q878afaaccf521,{}
qc016a7bde459e,707 3406 3906
qfb11ca74cde44,{}
q0528ad7e1a6d4,13711
q3ef57088d1a80,21921 89569 153431 186301 203189 212592 214665 215262 242647 304196 321488 332269 352507 362791
qf6d3767b37d80,3 20 36 196 208 240
qfe6d6d870a3c0,6930 22319
qdfafb613d5d1b,{}
qcc98a7108d740,16180
q4d06ed504c4c7,707 3406 3906
q569f4a4032fc0,1702 3260 4196
q3138e68be9fa2,11460
q384d4d621404c,{}
qdd51367d9f2ae,5 9 16 27 28 32 36 38 40 51 56 57 62 66
q99de7a5a946c0,{}
q0eaf4e3e38eed,{}
qd4464ec50e92d,{}
qb08de962c8338,16180
qd0e110334d850,{}
q9d64a785aeb97,6 15 19 62 70 88 92 100 109 130 133 139 157 161 178 207 209 225 228 239 252 256 259 275 279 289 307 308 325 333 345 359 380 381 401 405 407 409 424 427 428 430 449 451 461 467 474 477 504 505 506 508 533 559 565 567 574 599 600 610 628 633 640 649 652 653 656 661 663 668 680 687 688 691 697 701 709 716 730 738 739 750 785 788 790 793 807 813 815 822 825 832 842 851 852 862 863 870 884 885 901 905 912 917 960 962 970 971 979 983 986 988 989 994 1009 1011 1036 1043 1044 1045 1060 1062 1066 1067 1069 1081 1114 1117 1123 1130 1132
q98f3a3e2c31d6,3 4 9 12 20 22 36 50 66 80 100 102 107 118 130 146 153 158 159 191 195 207 211 222 224 230 237 240 244 263 271 287 290 291 295 296 299 303 315 322 333 334 341 358 359 368 373 382 385 396 416 423 427 457 459 469 483 491 511 542 545 548 554 557 561 576 589 598 616 646 651 659 665 680 691 698 710 745 746 749 750 752 753 754 772 773 774 776 777 778 781 790 799 800 822 823 828 838 847 862 865 878 890 921 925 932 939 953 955 965 984 993 995 1007 1009 1016 1047 1064 1095 1098 1115 1126 1127 1161 1168 1196 1201 1213 1216 1217 1218 1225 1230 1234 1238 1239 1241 1248 1250 1261 1276 1281 1286
q58f8dfd5791d7,13 15 16 19 24 30 31 36 40 43 45 50 57 61 65 66 73 75 78 84 87 105 109 116 118 119 122 124 126 131 132 135 145 147 157 158 160 161 165 180 187 188 192 193 198 215 220 238 239 244 250 254 256 257 261 263 267 269 274 277 280 288 289 296 300 303 306 310 311 315 316 333 335 339 342 345 346 355 358 365 366 374 377 378 388 390 395 399 404 409 410 413 415 417 419 436 439 440 444 445 447 458 461 472 473
qd43af03a435c0,{}
q5499c39170740,{}
q4ce659c857966,107 132 170
qb7ce7c50a57c5,{}
qfa13490fef225,707 1702 2434 2761 3260 3406 3906 4044 4102 4196 4204 4693 4727
q220f0628141a8,{}
q85a4c91215aa6,707 1702 3260 3406 3906 4196
q49863b806e995,{}
qa613a5b84e213,6930 22319
q741f3eb404efd,{}
qba4b7fbbeda4c,{}
qffa9538c7d4db,8 48 81 140 153 213
q1ac5fa369e500,6930
qd9e0e3db2a62a,707 1702 2434 2761 3260 3406 3906 4044 4102 4196 4204 4693 4727
q12d6f62a299a6,21921 186301 203189 212592 214665 215262 321488 362791
q5c23db0d98de5,{}
qcd0131af0094f,{}
q50f1d99c5d98a,16180
q24e9a0c521973,{}
qc781de266c750,8 48 81 140 153 213
qba287bdb44928,13711
q71fd27b977ce1,20 36 240
q3705a3134875a,{}
qf23987184d88c,{}
q950e48a8e681f,{}
q67ab77d060ccb,3738 5643 5829 6145 6930 8410 11138 22319 23012 23137 28779
q19fd067375420,7590 7653 8104 10477 11460 11728 12246 12811 16180
qdbd9004fce0cd,{}
qb6f3fbfb04027,707 1702 2434 2761 3260 3406 3906 4044 4102 4196 4204 4693 4727
q1a1dc9759c4ad,6 9 21 26 34 44 71 88 102 116 137 151 164 179 188 210 217 266 272 277 321 339 350 351 372 382 386 457 477 479 480 507 525 543 547 559 572 578 586 605 608 615 631
q8ef07c40f40af,{}
q4b9e1a9fcbd44,12 13 16 17 18 19 23 39 47 48 50 51 58 61 77 80 84 92 112 116 117 128 129 139 140 150 153 171 172 175 179 183 204 207 225 229 240 242 253 254 256 273 276 278 280 283 286 287 288 304 311 313 321 323 327 336 339 350 360 374 375 383 386 391 393 398 409 410 420 422 423 426 428 431 433 443 447 455 459 460 469 490 496 500 501 503 513 515 520 523 527 530 531 538 546 549 552 562 566 576 577 584 588 594 602 606 611 619 623 628 631 642 645 649 650 655 657 659 669 675 679 682 683 684 686 690 705 711 713 723
qf22f2038727ad,75 112 113 134 145 151 154 156 158 159 178 197 202 229 238 241 252 295 332 343 345 361 365 370 385 400 405 423 432 442 455 484 486 487 493 496 498 523 546 554 593 611 621 647 658 659 683 729 748 752 754 782 784 790 810 823 841 879 881 903 913 916 922 925 926 946 972
q7d267a9c3af21,6930
q04600d08aa652,21921 212592 214665 304196 332269
qbe31c06ef1c90,{}
qf24a4f240cec9,{}
q631cdda3a056a,2 18 37 42 63 75 78 93 105 113 129 140
qa16b4e3906ad7,21921 212592 214665 304196 332269
qb75683ef4f4e4,186301 203189 215262 321488 362791
qfe7ac3460ec1e,{}
q7007aa10d0a09,{}
q589d08d8afa74,186301 203189 215262 321488 362791
q06f302d46f40b,{}
q621ee2e1758c2,21921 212592 214665 304196 332269
qc3a5c34a00046,21921 89569 153431 186301 203189 212592 214665 215262 242647 304196 321488 332269 352507 362791
q7fe6cdff991e2,{}
q67cceedf562ff,35 44 108 113 152 230 240 263 275 366 386 562 577 600
qcb95cc982fe49,{}
qa64cf75145abf,707 1702 2434 2761 3260 3406 3906 4044 4102 4196 4204 4693 4727
qcb5db8f8fc5ae,21921 89569 153431 186301 203189 212592 214665 215262 242647 304196 321488 332269 352507 362791
qcb18c70278752,2 3 27 39 49 53 89 95 96 98 114 118 121 130 134 153 160 168 180 204 205 229 239 241 245 258 263 269 271 279 292 310 329 360 364 382 385 386 427 456 463 475 494 504 505 510 514 522 557 584 594 596 611 626 669 697 746 783 813 823 843 848 862 882 927 952 959 986 992 995 1012 1022 1050 1063 1092 1096 1102 1109 1124 1153 1184 1186 1195 1196
qa650e13eea82c,3 20 36 196 208 240
q666052bd423b5,8 48 81 140 153 213
q5916dfc05cfcc,40 92 110 501 694 707 748 782 822 947 1210
qdc9fad7f6d422,{}
qf4f3b210b2898,6930 22319
q739aa8e07e64b,{}
q27516572203ed,40 92 110 501 694 707 748 782 822 947 1210
qaddda13d968ba,13711
qe5a87dfa3464f,6930
qbe783b0a2de9b,186301 203189 215262 321488 362791
q081ba2d606dea,{}
qc3b0dc2a1004f,{}
q317cf62e1713d,{}
qe0f746d96dac1,22319
q6de2683cf5d64,6930 22319
qc89570241eed6,{}
qde4f452b643d4,3738 5643 5829 6145 6930 8410 11138 22319 23012 23137 28779
q6940a2e52f384,{}
q6f894736b5b43,160 326 642
q9d1f9d85231b1,{}
qea6cc7e5a5fb9,{}
qb196ce51448a9,{}
q7dbcdc8c572a8,8 48 81 140 153 213
qb66204d1e2d2e,{}
q7d90b661abcbb,707 1702 3260 3406 3906 4196
q911e8354d5ad6,{}
q3671d9ef57167,160 326 338 509 518 608 642 703 785 1015 1150 1179 1268 1436 1504
q4ece07a979d08,4 6 12 26 70 80 83 104 121 128 135
q157ee906fcb5b,{}
qf4321a055e34a,{}
q516e4f411b3c8,{}
q708ebc19261f3,{}
q4294f08957b1a,30 141 172
q35eed89f16dd1,{}
q855a41c07213e,{}
q8703e82307775,3 20 36 196 208 240
q8035f0dba54b4,8 12 18 21 23 26 27 28 32 37 38 46 48 51 54 59 66 68 72 76 77 79 84 85 90 95 100 106 112 125 128 129 137 139 142 145 152 155 157 164 168 179 181 182 183 188 193 194 202 215 217 220 224 231 232 236 237 239 240 243 256 261 267 268 273 274 278 282 283 284 297 300 310 311 312 317 328 330 332 338 342 352 357 360 361 368 389 396 397 408 410 413 423 427 430 436 443 447 452 459 469 473 497 503 511 512 513 521 523 528 534 537 542 544 545 573 579 583 588 596 598 599 602 604 605 611 617 624 626 641 642 648 653 654 658 667 672 676 683 688 694 699 704 705 725 729 733 737 742 743
q7fd9a36714ef3,707 3406 3906
qc84bfdf19e5a1,12500 13711
qbca5c88433206,92 694 947
qf60d1cd702fed,{}
q5bc61700ab2dd,707 3406 3906
qea7f63b08c1be,{}
q9e299505056fc,186301 203189 215262 321488 362791
q97adc216d3063,{}
q67b1cfef7ca69,21921 89569 153431 186301 203189 212592 214665 215262 242647 304196 321488 332269 352507 362791
qbc5a535020093,{}
q6217021810b18,{}
q694549240bdee,{}
q3393e53f0b9c3,{}
q8dbc2be937708,{}
q992052abc4dd3,6 10 24 32 34 40 47 55 70 73 90 103 134
q9996aa9d9b153,30 54 66 76 80 89 91 97 101 114 127 139 148 161 182 186 208 209 213 221 254 270 278 289 298 320 323 330 331 341 347 352 361 370 390 392 404 415 418 454 473 499 515 542 547 585 603 631 644 698 708 740 771 786 810 824 854 878 879 884 896 903 913 920 925 951 967 1024 1037 1041 1052 1086 1102 1114 1133 1139 1150 1200 1233 1255 1258 1270 1286 1339 1361 1369 1407 1419 1423 1477 1478 1482 1492 1496 1503 1511 1524 1536 1552 1567
qcfe7cbfe8342f,28 419 1014 1218 1672 1689 2190 2289 2635 3276 3419 3590 5409 5690 5794 6016 6271 6582 6662 6860 7355 7626 7747 7903 8322 8348 9411
q3c5cbdcee5af5,{}
q30af1257a5235,{}
q169ce474eccac,79 118 332 415 501 605 1114 1174
q31cc413780ec7,{}
q5e54c19479936,644 4786 6138 7233 8482 9402 12500 13711 14649
qeb7db3b24c89c,{}
qa4f120adeab31,146 392
q14b10089e2d87,{}
q1ed92f76fb79f,{}
qee2e6891518d4,22319
q8e7f12f3f851d,{}
qffd778103a7b7,6 7 8 10 21 24 31 33 36 45 56 62
q22d3da741cd2e,1 6 11 30 45 46 51 57 68 74 75 83 84 85 90 91 95 102 109 111 114 120 123 128 132 133 145 147 151 167 169 175 184 212 219 242 258 280 282 288 305 306 309 324 328 346 350 367 375 382 405 413 419 427 436 439 440 457 464 466 489 516 524 537 538 541 542 546 574 599 607 615 621 623 625 643 657 662 671 676 687 691 696 701 703 726 772 773 819 825 826 827 828 831 834 838 842 846 850 855 871 879 893 896 900 901 907 921 930 934 935 937 944 945 950 951 965 973 983 993 1003 1004 1032 1045 1048 1049 1052 1057 1097 1112 1157
q4cdcd073ffc72,{}
q16bae535aba65,32 96 197 208 220 223
qacfe41f998499,{}
qae00b31b7beb4,197 208 223
q63e0e312d993e,22319
qaaef1c95d0011,186301 203189 215262 321488 362791
qfc8f878dbd7e7,644 4786 6138 7233 8482 9402 12500 13711 14649
q7c3e22cc5cb9e,{}
q6fb00a9997bf2,8 12 18 21 23 26 27 28 32 37 38 46 48 51 54 59 66 68 72 76 77 79 84 85 90 95 100 106 112 125 128 129 137 139 142 145 152 155 157 164 168 179 181 182 183 188 193 194 202 215 217 220 224 231 232 236 237 239 240 243 256 261 267 268 273 274 278 282 283 284 297 300 310 311 312 317 328 330 332 338 342 352 357 360 361 368 389 396 397 408 410 413 423 427 430 436 443 447 452 459 469 473 497 503 511 512 513 521 523 528 534 537 542 544 545 573 579 583 588 596 598 599 602 604 605 611 617 624 626 641 642 648 653 654 658 667 672 676 683 688 694 699 704 705 725 729 733 737 742 743
q282b12d51d12e,22319
qd5d090d5164ec,21921 89569 153431 186301 203189 212592 214665 215262 242647 304196 321488 332269 352507 362791
q50087d20eeef7,21 62 70 96 97 138
q0c37a9aec6104,186301 203189 215262 321488 362791
q732baa9aa971c,10 44 46 62 106 145
q6376afe863b52,{}
qcfa68b9b70ce6,{}
q6cf31cf04e645,277 488 574 1437 1443 1701 1913 2028
qa555ff4fd4732,13711
q13d51445bd737,21921 186301 203189 212592 214665 215262 321488 362791
qb39eda8c1dcc7,6930 22319
q98b98786f4c04,115 175 243
q1bc35d059bbb2,707 3406 3906
q23c2d514b0ec0,{}
q6bd5e4e5cbfc1,{}
q5840c41b2a757,{}
qbb5dde22b2683,{}
qd1897b7564a36,707 1702 3260 3406 3906 4196
q27bed918485ff,92 694 947
q0095391641ab3,12 13 16 17 18 19 23 39 47 48 50 51 58 61 77 80 84 92 112 116 117 128 129 139 140 150 153 171 172 175 179 183 204 207 225 229 240 242 253 254 256 273 276 278 280 283 286 287 288 304 311 313 321 323 327 336 339 350 360 374 375 383 386 391 393 398 409 410 420 422 423 426 428 431 433 443 447 455 459 460 469 490 496 500 501 503 513 515 520 523 527 530 531 538 546 549 552 562 566 576 577 584 588 594 602 606 611 619 623 628 631 642 645 649 650 655 657 659 669 675 679 682 683 684 686 690 705 711 713 723
qb85dd2c96b685,9 28 29 38 47 64 86 93 97 109 110 117 130 144 157 166 175 180
q3f5357018736e,3738 5643 5829 6145 6930 8410 11138 22319 23012 23137 28779
qc436399e36720,160 326 509 518 608 642 703 1015 1150 1268 1436 1504
qcd7d8625edc97,160 326 338 509 518 608 642 703 785 1015 1150 1179 1268 1436 1504
q7b324bd5e1a04,35 38 44 108 113 152 227 230 232 240 263 275 355 366 386 412 516 558 562 577 600
q37cafdfa661b0,{}
q1732d4e48078f,79 118 138 302 332 415 501 563 605 790 1114 1174
qa8929628942bf,6930
q11b672f0bb5b3,24 51 65 100 103 144 146 149 160 226 262 289 304 312 321 322 328 362 394 397 406 412 416 426 428 443 476 494 504 538 551 580 605 632 648 725 767 772 773 844 867 882 909 910 913 957 967 985 1012 1040 1072 1073 1080 1100 1107 1125 1138 1139 1152 1170 1171 1195 1244 1291 1330 1331 1337 1338 1353 1355 1387 1389 1403 1404 1412
qe026be97665d5,{}
qd7f2621a83fc5,160 326 338 509 518 608 642 703 785 1015 1150 1179 1268 1436 1504
q2409ef25e05c2,{}
q7c3ed4daed515,{}
qa0f8bbb5b726a,6 8 9 15 36 54 57 58 69 75 97 105 118 123 158 160 183 201 207 210 234 239 249 278 291 300 334 339 382 403 404 409 412 428 438 445 475 487 493 506 515 542 561 592 597 612 616 618 666 680 709 744 746 761 765 783 820 861 862 888 905 911 949 952 956 973 982 984 999 1016 1031 1035 1043 1065
q6f17342c0c364,3738 5643 5829 6145 6930 8410 11138 22319 23012 23137 28779
qfa968b96c3779,{}
qa9129107ccbc3,6930 22319
q7caab5c7c4349,21921 89569 153431 186301 203189 212592 214665 215262 242647 304196 321488 332269 352507 362791
qb88f1e7ce8533,13 31 45 61 80 90 130 131 157 158 164 190 191 194 219 237 258 267 290 302 306 310 327 328 337 338 351 354 369 375 425 463 504 507 525 550 557 564 587 588 603 604 616 623 641
qdafb44d7a3d67,24 51 65 83 89 100 103 144 146 149 160 208 226 262 266 289 304 312 321 322 328 345 362 394 397 403 406 412 416 426 428 443 476 484 494 504 511 538 551 558 580 587 605 632 648 725 761 767 772 773 831 844 865 867 882 891 909 910 913 957 967 985 996 1012 1040 1060 1072 1073 1080 1100 1107 1125 1138 1139 1147 1152 1170 1171 1195 1244 1291 1304 1306 1330 1331 1337 1338 1353 1355 1387 1389 1394 1403 1404 1408 1412
q1a9ac303793b0,{}
q443f37a61fa96,3738 5643 5829 6145 6930 8410 11138 22319 23012 23137 28779
q44b1d7aeff264,10 24 31 62
q290b79c78f2f3,6930 22319
qc4b23777f88ad,{}
q91e9512854ac5,6930
q6fa212627daae,1702 3260 4196
q1a9d0d1a7f1e1,80 139 164 177 462
q4fed220273708,42 110 147 191
qb7443b0990024,7590 7653 8104 10477 11460 11728 12246 12811 16180
q865a1c9f368ca,6930
qaf1ac97d27395,21921 212592 214665 304196 332269
q64fd4f85e3611,338 785 1179
q2e75f89a0e21a,6930 22319
q3f49bc1881e0d,12500
q6bfad3f947902,21921 89569 153431 186301 203189 212592 214665 215262 242647 304196 321488 332269 352507 362791
qad3c9c7ee9509,{}
q3c4768eaeaf73,31 73 122 296 473
q27157504dd96c,{}
qfeda0ce367c66,6 8 9 15 36 54 57 58 69 75 97 105 118 123 158 160 183 201 207 210 234 239 249 278 291 300 334 339 382 403 404 409 412 428 438 445 475 487 493 506 515 542 561 592 597 612 616 618 666 680 709 744 746 761 765 783 820 861 862 888 905 911 949 952 956 973 982 984 999 1016 1031 1035 1043 1065
qe8c42e85561e4,{}
qdf08d4454ca6d,707 1702 2434 2761 3260 3406 3906 4044 4102 4196 4204 4693 4727
q9803b2b0d9399,{}
q820db214a3c30,79 118 501 1174
q69224dbcbaad2,30 141 172
q3ae34b913b37a,21921 89569 153431 186301 203189 212592 214665 215262 242647 304196 321488 332269 352507 362791
qbf03dc5a4ae52,707 1702 3260 3406 3906 4196
q9bb68c3c04bb0,16180
q320379abf9782,{}
q9c1747f9c0e40,3738 5643 5829 6145 6930 8410 11138 22319 23012 23137 28779
q1e41867b860a8,{}
q222ff0d9887e1,{}
q5cddc366cbffa,{}
q1620ee783adb7,92 694 947
q6586a71686dda,24 51 65 83 89 100 103 144 146 149 160 208 226 262 266 289 304 312 321 322 328 345 362 394 397 403 406 412 416 426 428 443 476 484 494 504 511 538 551 558 580 587 605 632 648 725 761 767 772 773 831 844 865 867 882 891 909 910 913 957 967 985 996 1012 1040 1060 1072 1073 1080 1100 1107 1125 1138 1139 1147 1152 1170 1171 1195 1244 1291 1304 1306 1330 1331 1337 1338 1353 1355 1387 1389 1394 1403 1404 1408 1412
qb8fe22300260e,{}
q5eca02ec8510e,{}
q010a752c9451d,{}
q0b3a117de88c7,{}
qa86527652fbe8,{}
q6a9710e0c1ab2,707 3406 3906
q0e4047e18b375,{}
q920df28a98f30,707 1702 3260 3406 3906 4196
qbb3f078206c76,{}
q3a6f265517726,8 12 18 21 23 26 27 28 32 37 38 46 48 51 54 59 66 68 72 76 77 79 84 85 90 95 100 106 112 125 128 129 137 139 142 145 152 155 157 164 168 179 181 182 183 188 193 194 202 215 217 220 224 231 232 236 237 239 240 243 256 261 267 268 273 274 278 282 283 284 297 300 310 311 312 317 328 330 332 338 342 352 357 360 361 368 389 396 397 408 410 413 423 427 430 436 443 447 452 459 469 473 497 503 511 512 513 521 523 528 534 537 542 544 545 573 579 583 588 596 598 599 602 604 605 611 617 624 626 641 642 648 653 654 658 667 672 676 683 688 694 699 704 705 725 729 733 737 742 743
qc446ba5c8a877,7590 7653 8104 10477 11460 11728 12246 12811 16180
q52b5da6140d5d,10 44 46 62 106 145
q0239277de2dfa,92 694 947
q2ccb63bf7bbd8,19 35 83 91 94 95 130 141 214 230 244 257 299 306 307 348 358 399 414 421 423 427 429 449 455 456 501 534 538 555 582 592 599 612 620 638 664 677 685 686 702 709 714 719 739 755 756 762 784 805 814 844 868
q682a4ef91411e,{}
qa43f0e9876cd2,160 326 642
q571e263ab232f,7 32 43
q4dd56a5f44aa2,{}
qc7cfcef3508f0,7590 7653 8104 10477 11460 11728 12246 12811 16180
qf82da3da7cccc,186301 203189 215262 321488 362791
q2a25fd27e18e5,{}
q08e0b1cf9da2c,{}
q60fcac610b71e,{}
qea423b05f78ee,{}
qa28f9bd8753de,30 54 66 76 80 89 91 97 101 114 127 139 148 161 182 186 208 209 213 221 254 270 278 289 298 320 323 330 331 341 347 352 361 370 390 392 404 415 418 454 473 499 515 542 547 585 603 631 644 698 708 740 771 786 810 824 854 878 879 884 896 903 913 920 925 951 967 1024 1037 1041 1052 1086 1102 1114 1133 1139 1150 1200 1233 1255 1258 1270 1286 1339 1361 1369 1407 1419 1423 1477 1478 1482 1492 1496 1503 1511 1524 1536 1552 1567
q3b144cff7d2f5,16180
q25b67f185ca60,6930 22319
qc6ab6dd10f3e1,{}
q6d885699b76bc,5 81 200 319 380 400
qf9d331e263320,197 208 223
qe645421af61ae,40 92 110 501 694 707 748 782 822 947 1210
q76936000e3882,{}
q7e4efe050f3b3,{}
qb268f0c9ec262,{}
q339ac10ec69c4,3 20 36 196 208 240
qc61f93f482fce,{}
qdbfa07890eed5,5 13 24 30 34 47 49 62 65 77 94
q0c44b96e8e5a0,{}
qee01f0fa1adae,186301 203189 215262 321488 362791
qe7e12ac0aed3e,79 118 138 302 332 415 501 563 605 790 1114 1174
q58093a8f85b03,{}
qac2b699739670,21921 212592 214665 304196 332269
q98c98162476b8,{}
qe73b55989a29d,{}
q650d11ee519ac,7590 7653 8104 10477 11460 11728 12246 12811 16180
qca253bf43060c,{}
qb69ba6108cf37,1 8 32 41 48 52 53 57 65 73 104 131 137 146 167 204 218 225 251 254 265 274 306 314 320 339 400 442 447 492 511 516 561 568 574 609 618 620 634 641 646 650 700 703 722 733 751 753 798 812 837 856 887 888 889 935 956 1011 1016 1029 1051 1057 1060 1064 1069 1083 1150 1156 1177 1194 1200 1206 1214 1219 1224 1225
q848eaa85af442,{}
qa7a23942833fa,3738 5643 5829 6145 6930 8410 11138 22319 23012 23137 28779
q5959d257bc115,644 4786 6138 7233 8482 9402 12500 13711 14649
q71d8267e9aef2,{}
q072eac0fe7805,186301 203189 215262 321488 362791
q28d236ba176f9,21921 212592 214665 304196 332269
qa96cdbcce19cc,{}
qce6ee781b5edf,707 1702 2434 2761 3260 3406 3906 4044 4102 4196 4204 4693 4727
qa39e570cece83,{}
qbfe6486572c52,{}
qb483ab007204d,7590 7653 8104 10477 11460 11728 12246 12811 16180
q1178f6fce7db8,{}
qef405b1ec190f,{}
q091ce55c18007,1702 3260 4196
q4d5bed61a83f9,{}
qee687ee9131c0,21921 89569 153431 186301 203189 212592 214665 215262 242647 304196 321488 332269 352507 362791
q2b05fb235ee26,{}
q8868703a40b30,{}
qe4e2f3bbd3fd7,{}
qd7b53997c3064,30 268 278 280 284 315 389 470 474
qb6ff6fd2853dd,186301 203189 215262 321488 362791
q9825e5cb1231e,99 150 182
q5c3aa9876b03e,707 1702 2434 2761 3260 3406 3906 4044 4102 4196 4204 4693 4727
qc113483f1f31b,17 19 42 43 47 48 51 73 80
qb100396d092fb,{}
q037074e3b5cf5,{}
q1ab5a57ac4e28,514 1136 1378 1697 2161 2585 2658 2819 3019 3070 3232 3558 3891 4105 4230 5004 5329 5426
qc9296670bf4bb,6 9 21 26 34 44 71 88 102 116 137 151 164 179 188 210 217 266 272 277 321 339 350 351 372 382 386 457 477 479 480 507 525 543 547 559 572 578 586 605 608 615 631
q13d8082551cde,110 782 1210
qcac1a67bbbce6,21921 89569 153431 186301 203189 212592 214665 215262 242647 304196 321488 332269 352507 362791
qe839ce2cbed25,160 326 338 509 518 608 642 703 785 1015 1150 1179 1268 1436 1504
q1363d1538eff6,{}
q6e6d533a68434,110 147 191
q3faf53f09c6dd,{}
q0639b0d27d4fd,707 1702 2434 2761 3260 3406 3906 4044 4102 4196 4204 4693 4727
qb5127c11fe6ee,707 1702 3260 3406 3906 4196
q8426b25f7c914,6930 22319
qff222af04d20c,{}
q7cf2230c7a702,22319
q3a87eb708ba9a,79 118 501 1174
qf909f64e20ee7,420 455 538 565 759 1236 1330 1504
qce67ab0bcd59b,3738 5643 5829 6145 6930 8410 11138 22319 23012 23137 28779
qccbb1f5b57bf3,21921 89569 153431 186301 203189 212592 214665 215262 242647 304196 321488 332269 352507 362791
q84e4a3607d88b,13 14 16 24 43 50 51 58 60 65 66 67 72 83 89 100 102 103 108 144 146 149 151 160 167 178 208 217 226 262 266 289 304 310 312 321 322 328 345 356 362 387 389 394 397 400 403 406 412 416 426 428 432 443 447 467 476 484 490 494 504 511 522 538 546 551 558 580 587 601 605 621 632 644 645 648 655 657 661 667 719 725 726 747 761 767 772 773 795 797 799 800 815 829 831 844 865 866 867 882 891 903 907 909 910 913 922 951 954 957 967 971 980 985 991 996 998 1012 1018 1040 1053 1060 1061 1072 1073 1080 1094 1100 1105 1107 1117 1124 1125 1134 1138 1139 1147 1148 1152 1153 1170 1171 1190 1195 1227 1228 1234 1240 1244 1250 1291 1304 1306 1330 1331 1335 1337 1338 1353 1354 1355 1387 1389 1392 1394 1403 1404 1408 1412
qcc03a9d5cf046,{}
q682d8d30760a4,{}
q2ed7b28dee56e,12500
q4ed6371fc42b2,{}
qaacf3ba03c10b,{}
q17f42c531089d,26 27 59 66 68 85 129 183 188 231 236 240 268 338 368 397 408 447 452 497 503 579 583 611 641 658 667 672 733
q5171bce5d3c4b,40 92 110 501 694 707 748 782 822 947 1210
q250f9fab65cbd,79 332 415 605 1114
qbbbe8d380b785,2 18 25 39 55 60 68 87 91 99 103 108 116 119 122 144 150 162 171 176 178 190 192 220 228 233 243 246 253 264 268 273 282 285 296 302 311 313 340 367 377 384 389 391 396 404 408 418 422 428 430 435 442 444 446 450 454 455 462 469 480 482 514 523 530 538 556 571 579 581 587 602 603 614 619 621 622 631 665 666 668 673 674 679 686 689 693 699 701 703 705 718 723 726 752 768 770 787 790 797 800 830 833 835 850 860 872 877 895 898 919 927 938 952 960 964 965 967 969 970 977 997 1007 1011 1012 1033 1038 1051 1093 1099 1101 1103 1116 1118 1131 1133 1143 1146 1148 1154 1155 1158 1159 1167 1171 1181 1192 1206 1209 1237 1248 1252 1282 1288 1294 1302 1313
q8d69ee7a1e7c7,6930 22319
q4c5b91feb4c3a,30 45 46 51 57 68 102 123 128 132 151 167 169 184 212 219 258 282 305 324 346 350 367 375 382 413 419 439 440 457 464 489 516 537 542 574 607 615 621 623 625 643 662 671 676 687 696 703 726 773 819 825 826 827 828 842 846 850 855 893 896 907 921 930 934 935 937 965 973 993 1003 1032 1045 1052 1112
qe9bf2aaebe06f,7 16 34 36 56 59 64 74 75 76 81 84 94 96 98 103 106 115 120 124 126 129 135 141 146 151 154 162 188 195 203 204 211 217 224 237 241 255 260 262 267 286 288 289 290 295 298 299
q40296ed20e191,186301 203189 215262 321488 362791
q27e2755c8ce88,160 326 338 509 518 608 642 703 785 1015 1150 1179 1268 1436 1504
qfe8b527bf91c3,707 1702 3260 3406 3906 4196
q4cd0fc34b594b,{}
q8b1e2df3d3399,{}
qc7bc192df6e8f,14 62 119 188 192 223 268
qce77e1c29cdd3,22319
qd12d33ead37b1,3 196 208
q1b5946b362844,6930
q86f84f812f59f,{}
q004e3ab55d3e4,160 326 338 509 518 608 642 703 785 1015 1150 1179 1268 1436 1504
q2a6fd3771ba8f,{}
q9daafbc7757d3,{}
qb3ef8429d7502,332 415 605 1114
q1256c6d03a06f,30 54 66 76 80 89 91 97 101 114 127 139 148 161 182 186 208 209 213 221 254 270 278 289 298 320 323 330 331 341 347 352 361 370 390 392 404 415 418 454 473 499 515 542 547 585 603 631 644 698 708 740 771 786 810 824 854 878 879 884 896 903 913 920 925 951 967 1024 1037 1041 1052 1086 1102 1114 1133 1139 1150 1200 1233 1255 1258 1270 1286 1339 1361 1369 1407 1419 1423 1477 1478 1482 1492 1496 1503 1511 1524 1536 1552 1567
qe4abd24370a03,338 785 1179
q109dfbd8d0707,{}
qbc0b59bf470a0,8 140
q618ed8a14233a,6930
qc599d0b686dfc,123 198 305
q62865c323c8d7,7590 7653 8104 10477 11728 12246 12811 16180
qd7c6639f64a36,21921 212592 214665 304196 332269
q9f38567b8f8ff,40 92 110 501 694 707 748 782 822 947 1210
qc942fb690a417,332 415 605 1114
q0c1c9b6ac6510,3 6 16 24 28 45 66 73 77 103 110 127
q5e824608cdb4c,{}
qb04a24b7278ad,186301 203189 215262 321488 362791
qbe2b245b6d72f,6930 22319
q74c41e6c99c6b,92 694 947
qb0495e42220bc,12 17 19 27 38 51 73 84
q5c6f9653c7f49,{}
q62238bfd2722a,{}
qf408c9e4bec75,{}
q3d94544ba3539,{}
q6fbf225dd3486,32 96 197 208 220 223
q94d11cc3d560a,22319
q23f6aef8cbad4,100 107 123 285
q256b884bf29d2,16180
qdc7f090f83039,34 59 64 74 75 81 96 103 120 124 126 129 217 224 255 260 286 290 299
qfc372ade95857,{}
qaab0438817e22,{}
qb5f6190c4681e,79 118 501 1174
q6b63bc5a9ea6b,{}
q82cc86a81b729,6930
q291529526a129,{}
qb3f3054e9773b,107 132 170
qa992b60f438f9,8 48 213
q722b2f6f83763,{}
q446c37f6fa687,110 782 1210
q09239b009bac7,10 62 145
q21792ee754cbb,7590 7653 8104 10477 11728 12246 12811 16180
q7e1c3f6388588,707 1702 3260 3406 3906 4196
q1ac3857718eea,178 251
q955bb50d157c3,13711
qf8461e95d1160,21921 89569 153431 186301 203189 212592 214665 215262 242647 304196 321488 332269 352507 362791
q7906d8e08e280,{}
q5144f989fa6f5,6930
q24e068e2e3417,{}
q7681093ca4838,{}
q40008cace23b4,34 35
qd52e3b38b455a,35 66 68 107 131 139 203 251 303 309 460 467 468 491 500 517 524 545 551 564 582
qd333f906cd0c8,{}
q91ba1f96f5abd,197 208 223
q6030862f4e66d,{}
qbfe6c56f4e0c7,{}
q0f00f69682317,{}
qc29d339d00fff,707 1702 3260 3406 3906 4196
q022ce381cf956,107 132 170
q8193d3d8f2328,{}
q3e8026e31b2c4,6 15 19 62 70 88 92 100 109 130 133 139 157 161 178 207 209 225 228 239 252 256 259 275 279 289 307 308 325 333 345 359 380 381 401 405 407 409 424 427 428 430 449 451 461 467 474 477 504 505 506 508 533 559 565 567 574 599 600 610 628 633 640 649 652 653 656 661 663 668 680 687 688 691 697 701 709 716 730 738 739 750 785 788 790 793 807 813 815 822 825 832 842 851 852 862 863 870 884 885 901 905 912 917 960 962 970 971 979 983 986 988 989 994 1009 1011 1036 1043 1044 1045 1060 1062 1066 1067 1069 1081 1114 1117 1123 1130 1132
q394d2db16fb21,{}
q0e41b1a9d131b,{}
qc517983554341,12 14 18 31 47 54 59 60 69 77 79 81 94 95 96 107 112 114 137 145 157 164 182 190 198 200 209 220 224 243 247 248 249 252 262 278 281 286 297 302 322 338 358 370 376 382 386 388 395 399 416 422 445 449 475 481 487 488 492 496 497 511 529 534 539 558 583 599 606 607 614 616 617 622 628 634
qf722b28a9ddf6,{}
q11a68a701c81e,{}
qc9fc728986bae,{}
q339a849aa2f5a,{}
q2ff148a6ecb83,92 694 947
q60ec84a60968d,21921 212592 214665 304196 332269
q7c11e851d1aa6,338 785 1179
qf1ccb8ec51abb,{}
qab4db8fb0113b,2 18 25 39 55 60 68 87 91 99 103 108 116 119 122 144 150 162 171 176 178 190 192 220 228 233 243 246 253 264 268 273 282 285 296 302 311 313 340 367 377 384 389 391 396 404 408 418 422 428 430 435 442 444 446 450 454 455 462 469 480 482 514 523 530 538 556 571 579 581 587 602 603 614 619 621 622 631 665 666 668 673 674 679 686 689 693 699 701 703 705 718 723 726 752 768 770 787 790 797 800 830 833 835 850 860 872 877 895 898 919 927 938 952 960 964 965 967 969 970 977 997 1007 1011 1012 1033 1038 1051 1093 1099 1101 1103 1116 1118 1131 1133 1143 1146 1148 1154 1155 1158 1159 1167 1171 1181 1192 1206 1209 1237 1248 1252 1282 1288 1294 1302 1313
qcf86dec9e2302,644 4786 6138 7233 8482 9402 12500 13711 14649
qf2ae209896d0c,3 20 36 196 208 240
q0dec858ea1983,707 1702 3260 3406 3906 4196
q54bea559eee82,7590 7653 8104 10477 11460 11728 12246 12811 16180
q9f47e51c5abe8,{}
q29e9446a5beef,707 3406 3906
q593efccfce492,{}
q5a0a61f812e04,160 326 509 518 608 642 703 1015 1150 1268 1504
q046a483042c51,30 141 172
qf25f7d549b0f5,{}
q48aea12b51fc9,{}
qc7446e8dc8755,{}
q275b29870fcba,{}
q873a9c4664616,13711
q2006cc88dbe4d,{}
q9ec66e4fc6c56,40 92 110 501 694 707 748 782 822 947 1210
qfc7b2366cf083,{}
q0f83cf3c43c92,{}
q16e71df5824e4,{}
q0d27ecad4ef47,{}
q7fc4f4f21fdcb,16 34 36 56 59 64 74 75 81 96 115 129 195 204 217 260 267 286 289 290 299
q7da2417032946,35 38 44 108 113 152 230 240 263 275 355 366 386 412 516 558 562 577 600
qbff4ba7858f4e,7590 7653 8104 10477 11460 11728 12246 12811 16180
q41ae4b1384ccb,76 103 120 124 126 146 224 255
q43e96d5fa7f28,110 147 167 175
qfa86a4784480c,21921 212592 214665 304196 332269
q1b3ce4d1095ed,2 18 25 39 55 60 68 87 91 99 103 108 116 119 122 144 150 162 171 176 178 190 192 220 228 233 243 246 253 264 268 273 282 285 296 302 311 313 340 367 377 384 389 391 396 404 408 418 422 428 430 435 442 444 446 450 454 455 462 469 480 482 514 523 530 538 556 571 579 581 587 602 603 614 619 621 622 631 665 666 668 673 674 679 686 689 693 699 701 703 705 718 723 726 752 768 770 787 790 797 800 830 833 835 850 860 872 877 895 898 919 927 938 952 960 964 965 967 969 970 977 997 1007 1011 1012 1033 1038 1051 1093 1099 1101 1103 1116 1118 1131 1133 1143 1146 1148 1154 1155 1158 1159 1167 1171 1181 1192 1206 1209 1237 1248 1252 1282 1288 1294 1302 1313
qee80cea7ecaaa,301 315 389
q9e487accfd71d,{}
qad134144f2f8c,{}
qf1cdf1ed594a1,13711
q5a7197c709459,24 51 65 83 89 100 103 144 146 149 160 208 226 262 266 289 304 312 321 322 328 345 362 394 397 403 406 412 416 426 428 443 476 484 494 504 511 538 551 558 580 587 605 632 648 725 761 767 772 773 831 844 865 867 882 891 909 910 913 957 967 985 996 1012 1040 1060 1072 1073 1080 1100 1107 1125 1138 1139 1147 1152 1170 1171 1195 1244 1291 1304 1306 1330 1331 1337 1338 1353 1355 1387 1389 1394 1403 1404 1408 1412
q7c930db2c5865,6930
qc77983f2ceb56,13711
qc46700c44f57c,{}
q8d4ea81fc7f3d,{}
q90ef846c7f75a,3 20 36 196 208 240
q0159f2164675b,3 20 36 196 208 240
q733087a7752e3,{}
q2ad941a914543,{}
q859220d61d574,{}
q68a4112488dc3,3738 5643 5829 6145 6930 8410 11138 22319 23012 23137 28779
q863a8be95d846,{}
qc32d029101e7b,{}
qa87e64a773533,707 3406 3906
qb45893f7d28cc,12 14 18 31 47 54 59 60 69 77 79 81 94 95 96 107 112 114 137 145 157 164 182 190 198 200 209 220 224 243 247 248 249 252 262 278 281 286 297 302 322 338 358 370 376 382 386 388 395 399 416 422 445 449 475 481 487 488 492 496 497 511 529 534 539 558 583 599 606 607 614 616 617 622 628 634
qe1b4371779a7d,{}
qc8d47da25c0c1,{}
qecb4a9308cd30,81 140 153
q5d7db16ad5506,{}
q70343b190402b,1136 1697 2161 2658 3232 4105 5004 5329 5426
q6e8003b18f4bd,{}
q147e9c989a9e1,{}
q2f9a123f9751b,{}
q3933ce47d2ba8,1702 3260 4196
q62838e65aabbc,{}
qb7730a43477d2,22319
q5878e9e906eb1,30 141 172
q172547045ff46,6930
qfb7723a07fd13,{}
qeb0e5d0725c45,160 326 338 509 518 608 642 703 785 1015 1150 1179 1268 1436 1504
q178c76dfea21a,30 115 141 172 175 243
q73151ea187db9,{}
q9338a4898aaea,30 115 141 172 175 243
qe7bfc3059e049,2 16 37 38 64 68 86 91 107 111 120 130
qba31aa67f4829,13711
q02f7e22960cf7,19 35 83 91 94 95 130 141 214 230 244 257 299 306 307 348 358 399 414 421 423 427 429 449 455 456 501 534 538 555 582 592 599 612 620 638 664 677 685 686 702 709 714 719 739 755 756 762 784 805 814 844 868
q28b2846a068de,644 4786 6138 7233 8482 9402 12500 13711 14649
q2bb9a9eb02d3c,{}
q803480fd81854,{}
q8deba34c73402,21 54 105 216 274 306 337 400
qb83d97d222de0,{}
q80facd153a81a,48 140 213
q0d313e2e0c36c,277 420 455 488 538 565 574 759 1236 1330 1437 1443 1504 1701 1913 2028
q1fa214019972d,{}
q3125035d3f985,22 81 97
q69175b2c376a4,7590 7653 8104 10477 11460 11728 12246 12811 16180
qfcd40419ed400,707 1702 3260 3406 3906 4196
q46006b6a4b307,110 147 191
qd2ab920cd6aa3,132 167
q3bd4acab1683c,{}
q3a7e09ee9fb0e,6930 22319
q963c481048d6b,13711
qedcb25c83f47c,1702 3260 4196
q04e2a7c467175,{}
qea93bc7973b34,11460
qb05ca4c9f0356,{}
q4a1dc748a1af2,{}
qf77aaeb581e23,707 1702 2434 2761 3260 3406 3906 4044 4102 4196 4204 4693 4727
q567627f8b92f7,{}
qaaa8e6d59cc53,6930 22319
q4c9c02e25f598,2 16 37 38 68 107 111 120 130
qc9a407d75a11a,186301 203189 215262 321488 362791
q6e19d54a7db28,{}
qe0800d0681202,{}
q81c62dde35707,1 3 4 8 41 48 50 66 69 121 134 143
q847f4f051929f,{}
q15acb3c5a4e2a,{}
q895b99f164f90,21921 212592 214665 304196 332269
qe09ae9f7807c4,707 1702 3260 3406 3906 4196
q7b9d323ac6e87,{}
qde6037581a7c9,{}
q88670c099fa75,7590 7653 8104 10477 11460 11728 12246 12811 16180
q5ceedd3b7091c,1 2 3 4 7 8 16 26 37 38 39 41 48 50 64 66 68 69 82 85 86 91 107 111 120 121 125 130 134 143
q5a2c272cdb997,{}
q5823905eb8b80,{}
qf6b2ef6cb88a3,17 18 19 50 58 92 116 117 128 150 153 171 172 253 278 280 286 287 311 336 339 375 383 391 398 410 420 422 428 431 443 490 496 503 513 566 577 611 642 645 657 669 675 686 723
qdaa5d2059126f,{}
q76b4a43941e86,{}
q10e8cef0b41e6,11460
q7ff3d06bfc725,3 196 208
q73aa1b324d2e1,{}
qedd839c165ce2,{}
qb5a1140a0a448,{}
q62f6646c1a61c,115 175 243
qc71d1c293e8d9,{}
q4a2f01e7970ab,6930 22319
qbd0c14275611b,{}
q79b09ddc37916,16180
q621eeb0a2ed28,3 36 196 208
q7cfaca4ce90bc,24 51 65 83 89 100 103 144 146 149 160 208 226 262 266 289 304 312 321 322 328 345 362 394 397 403 406 412 416 426 428 443 476 484 494 504 511 538 551 558 580 587 605 632 648 725 761 767 772 773 831 844 865 867 882 891 909 910 913 957 967 985 996 1012 1040 1060 1072 1073 1080 1100 1107 1125 1138 1139 1147 1152 1170 1171 1195 1244 1291 1304 1306 1330 1331 1337 1338 1353 1355 1387 1389 1394 1403 1404 1408 1412
q35f9b23770efd,{}
qab89382382b8e,644 4786 6138 7233 8482 9402 12500 13711 14649
q5bcc33548c802,16180
qa672535451e69,{}
q6db4fbe7ce315,338 785 1179
q167c66669201d,{}
qef812fa414cf7,{}
qbdb3c625d698a,22319
qc734129c53c34,1 2 3 4 7 8 16 26 37 38 39 41 48 50 64 66 68 69 82 85 86 91 107 111 120 121 125 130 134 143
q7c1b97631d6a8,123 198 305
qbe5eb3773ad34,44 46 145
q7522afcec83db,107 132 150
qe4f9b68b88b9c,40 92 110 501 694 707 748 782 822 947 1210
qf20be6fbaecd8,{}
q530b495efb0aa,{}
qbda909171c100,12500
q60dc34d2e659a,{}
q11d457e5210b4,{}
q9daa7d3b5e82b,21921 212592 214665 304196 332269
q409b78c9551d6,707 1702 2434 2761 3260 3406 3906 4044 4102 4196 4204 4693 4727
qa30e6bd514d32,18 39 68 99 103 122 144 162 176 190 243 246 268 273 282 302 313 367 389 408 418 422 444 450 455 469 480 523 538 571 579 581 602 668 673 693 699 701 705 718 726 752 768 770 790 797 800 835 850 860 872 898 938 964 970 977 997 1051 1103 1118 1131 1133 1143 1146 1154 1155 1209 1252 1282 1294 1302
qc488a63c12c3b,{}
qd7d7a725d16ca,21921 212592 214665 304196 332269
qb9f8a2fb8c803,{}
q4daca2d14139b,30 141 172
qce992c7b01d6e,10 44 46 62 106 145
q961085154cad3,{}
qf75e934275451,{}
qd11a63133a6b9,{}
q8e5296e10d544,707 3406 3906
q87f910d773e74,20 36 240
q36201da4c6932,28 29 110 144 166 175 180
q0f2f83c6751cf,{}
qab56b5612d3bd,{}
qd094f36efc431,21921 186301 203189 212592 214665 215262 304196 321488 362791
q1ebecbcffabc7,{}
qd8d27b00b2aa0,141 172
q9c134f9f4a469,16180
qfd50cead1bdaf,79 118 501 1174
qb6ccc016c8fc7,278 370 458
q7ebc84669a578,{}
qe5934e8a070ae,186301 203189 215262 321488 362791
q34828baa2c151,{}
q1b3970968bd61,21921 89569 153431 186301 203189 212592 214665 215262 242647 304196 321488 332269 352507 362791
q397dd187be771,707 1702 3260 3406 3906 4196
qc65417f70bbf7,{}
q7af540f81e63d,186301 203189 215262 321488 362791
qa426a13c18e07,6930
qeac1fab1f8c9d,644 4786 6138 7233 8482 9402 12500 13711 14649
qf00b2d5ad1097,10 44 46 62 106 145
qb69b39c17e0cf,8 12 18 21 23 26 27 28 32 37 38 46 48 51 54 59 66 68 72 76 77 79 84 85 90 95 100 106 112 125 128 129 137 139 142 145 152 155 157 164 168 179 181 182 183 188 193 194 202 215 217 220 224 231 232 236 237 239 240 243 256 261 267 268 273 274 278 282 283 284 297 300 310 311 312 317 328 330 332 338 342 352 357 360 361 368 389 396 397 408 410 413 423 427 430 436 443 447 452 459 469 473 497 503 511 512 513 521 523 528 534 537 542 544 545 573 579 583 588 596 598 599 602 604 605 611 617 624 626 641 642 648 653 654 658 667 672 676 683 688 694 699 704 705 725 729 733 737 742 743
q6520df6d84bac,{}
q5ca0b045acc04,59 245 368 494 617 740 789 798 812 822 861 871 1039 1142 1192 1248 1348 1398 1503 1528 1606 1792
q435429fc6817d,100 107 123 198 285 305
q14ccaea1761ac,160 326 338 509 518 608 642 703 785 1015 1150 1179 1268 1436 1504
qc868ac0ac72f5,{}
q4c02a52396f2f,22 30 38 47 54 66 76 80 89 91 97 101 103 108 111 113 114 127 139 148 161 171 182 186 193 208 209 213 221 246 254 262 270 278 285 289 298 303 305 320 323 330 331 341 347 352 357 361 370 385 389 390 392 404 415 418 454 470 473 475 499 515 538 542 546 547 585 603 628 631 644 665 698 704 708 711 722 729 740 771 786 810 815 819 824 826 842 846 854 855 860 872 878 879 884 896 903 910 913 920 925 933 951 964 967 995 1024 1025 1037 1038 1041 1052 1056 1061 1066 1068 1082 1086 1094 1101 1102 1104 1114 1130 1133 1139 1150 1189 1200 1215 1218 1232 1233 1250 1254 1255 1258 1270 1286 1311 1312 1339 1347 1361 1369 1373 1378 1406 1407 1419 1423 1429 1449 1457 1458 1477 1478 1482 1492 1496 1501 1503 1511 1524 1536 1552 1564 1567
q9754702b173bb,707 1702 3260 3406 3906 4196
q84fe3699d86b0,332 415 605 1114
qaa50d047385b3,2 3 27 39 49 53 89 95 96 98 114 118 121 130 134 153 160 168 180 204 205 229 239 241 245 258 263 269 271 279 292 310 329 360 364 382 385 386 427 456 463 475 494 504 505 510 514 522 557 584 594 596 611 626 669 697 746 783 813 823 843 848 862 882 927 952 959 986 992 995 1012 1022 1050 1063 1092 1096 1102 1109 1124 1153 1184 1186 1195 1196
qb6b33e8959699,8 48 213
q2683166808cc8,35 44 108 113 152 230 240 263 275 366 386 562 577 600
q563676aab9a1c,18 39 68 91 99 103 116 122 144 162 176 190 243 246 268 273 282 285 296 302 311 313 367 389 408 418 422 430 435 444 450 455 469 480 482 523 530 538 556 571 579 581 602 619 668 673 674 693 699 701 705 718 726 752 768 770 790 797 800 835 850 860 872 898 938 952 964 970 977 997 1051 1093 1103 1118 1131 1133 1143 1146 1154 1155 1159 1167 1171 1192 1209 1252 1282 1294 1302
q3c9382206c403,6930 22319
qc78aba12ff03f,{}
qdd44f4f7f395a,{}
q7a986d554c757,160 326 509 518 608 642 703 1015 1150 1268 1504
qb79538fd7561c,12 17 21 30 35 38 44 48 53 59 64 74 78 83 84 98 100 108 110 111
qaad145240d5bb,644 4786 6138 7233 8482 9402 12500 13711 14649
qe6339ab8a5169,6930 22319
q8ca8ebac56a14,{}
q32eac38bdfdf1,79 118 138 302 332 415 501 563 605 790 1114 1174
qaba89e200d5f9,707 1702 2434 2761 3260 3406 3906 4044 4102 4196 4204 4693 4727
q2e07ab3ea608a,{}
qd290f62637440,{}
q9c35a8fb375c7,3738 5643 5829 6145 6930 8410 11138 22319 23012 23137 28779
qa03a91dcf2d0e,{}
qda35a951e5681,707 1702 2434 2761 3260 3406 3906 4044 4102 4196 4204 4693 4727
q032240d6a481b,21921 89569 153431 186301 203189 212592 214665 215262 242647 304196 321488 332269 352507 362791
q3ddd5d22eb76f,11460
qc09780a2352e5,707 1702 3260 3406 3906 4196
q8e904935dd577,100 107 123 198 285 305
qbd79614249a83,{}
qbd4de10e7a483,{}
q9060f41dce572,21921 186301 203189 212592 214665 215262 304196 321488 362791
qa97cc4ed26261,707 1702 3260 3406 3906 4196
q7cde35e819cc6,6930 22319
q1ab8dec026306,{}
q741169b750f88,4 6 10 20 24 33 43 49 51 69 73 77 88 90 92 95 105 108 113 117 123 127 128 131 135
q5bfb8ecc30510,13711
q49066ce39b2e3,{}
qc8264f3b4e693,242
q60fde5cdbffd1,44 46 106
qb6f76f2eac0f7,{}
q1439cc7e8dafa,{}
q16315790aa0e3,707 1702 3260 3406 3906 4196
qe0eb204561916,11460
qe22de54d1b366,{}
qd7e5b37514ed5,22319
q81454d5d0e9d0,6930
q67ceb60b631c7,110 147
qb0e7008764b30,186301 203189 215262 321488 362791
qc439de3a59cb8,{}
q8df608236f56d,21921 212592 214665 304196 332269
q67072540a6f25,186301 203189 215262 321488 362791
q5dab879cb0d15,30 115 141 172 175 243
q833a6bcce0e4e,3738 5643 5829 6145 6930 8410 11138 22319 23012 23137 28779
q16c12987631cd,30 54 66 76 80 97 101 114 148 161 209 213 254 270 278 289 298 320 323 331 341 347 352 361 370 390 392 404 415 418 454 473 499 547 603 631 644 771 786 810 878 884 903 913 920 925 951 1024 1041 1052 1086 1114 1139 1200 1258 1270 1339 1361 1369 1407 1423 1477 1482 1492 1496 1503 1511 1524
q9f133d75c2ad9,{}
qd2940128e64aa,{}
q8af097bf68721,20 36 240
q96da23eef0a06,{}
q6e7b1a6b0a000,3738 5643 5829 6145 6930 8410 11138 22319 23012 23137 28779
qeea5c37aa9b68,7590 7653 8104 10477 11460 11728 12246 12811 16180
qd825621573f11,30 115 175 243
qdd1e5b2c5bb9f,{}
qe57602dfaab59,160 326 642
q468230b039a93,6930 22319
qb3c544b29742e,16180
qac04a5ba3c96f,23 387 472
q525b5c590583f,{}
q15c7a09d47b31,160 326 338 509 518 608 642 703 785 1015 1150 1179 1268 1436 1504
q953e833e86743,160 326 642
q93cc413bd0487,644 4786 6138 7233 8482 9402 12500 13711 14649
q30d4c1e4afc55,5 15 26 36 38 47 73 77
q95e98d5571f3e,{}
qbb6a7f0ce70da,21921 212592 214665 304196 332269
qda9034494b30e,21921 212592 214665 304196 332269
qbfab7f95b5c87,{}
q5d72d7efdcfe5,{}
q8dc30e55908f5,{}
q3781bbf6b4cfb,{}
qafa3bc758d7bf,7590 7653 8104 10477 11460 11728 12246 12811 16180
q0de330bb22ea8,13711
q0cad0a791e2d3,420 455 538 565 759 1236 1330 1504
q2c1e57032f5e5,{}
qbacd113187a11,{}
q9cc3cdd4b64f3,14 31 47 60 69 79 81 95 96 112 114 137 182 198 224 247 249 252 278 286 338 358 370 382 386 388 416 422 445 475 481 496 511 529 534 539 583 628
q3868ca2af4ac9,186301 203189 215262 321488 362791
qdaa3aefa99931,707 1702 2434 2761 3260 3406 3906 4044 4102 4196 4204 4693 4727
q492764f43b247,{}
qcc3d3c77ee208,{}
q29204dbfee728,707 1702 3260 3406 3906 4196
q140d1352453bd,110 782 1210
q856028c4eedde,3 18 36 55 65 78 97 143 145 147 167 188 213 229 230 244 253 275 287 302 310 360 388 413 429 435 454 460 469 517 526 549 570 601 654 669 684 701 705 731
q6f141e16096e5,{}
qcf83986955bbc,{}
q6b7c66a77c4a7,16180
qe1dc4e6752185,11460
q6729661d6c7ff,79 118 332 415 605 1114
q60cb6016478c2,21921 89569 153431 186301 203189 212592 214665 215262 242647 304196 321488 332269 352507 362791
q9af5ab04b9675,707 1702 3260 3406 3906 4196
q738143634adaf,110 147 191
q005e4ee266c83,40 92 110 501 694 707 748 782 822 947 1210
qcdd8cf2684fa0,338 785 1179
q962d2621952d1,186301 203189 215262 321488 362791
qacbd2cd2a63cb,{}
qf40727f0e7660,92 694 947
q7b4791c91756d,707 2761 3406 3906 4044 4102 4693 4727
q1b74c406bc96a,7590 7653 8104 10477 11460 11728 12246 12811 16180
qe2997357c55d1,6930
q1d581a88015cd,12500
q0fbda227096f9,6930 22319
q5bb21de0ce489,31 47 59 60 79 81 95 96 137 224 249 278 382 386 388 422 481 496
q22733239c65f2,{}
qfbb5e63a6e57d,16180
q8b3bef66a05a5,36 39 81
qf6da84968e16f,110 147 191
qb9b50efba2299,332 415 605 1114
qdd894957f4388,79 142 274 743 868 1062 1204 1338 1419 1713 2381 2867 2947 2955 2967 3457 3623 4351
q5849c22bc9d39,16180
qf0fd79ce96516,{}
q44df6b8eb6906,{}
q4aec66d9f143e,3738 5643 5829 6145 6930 8410 11138 22319 23012 23137 28779
qe90477ca1cd9d,21921 212592 214665 304196 332269
qf2921deb48ef1,{}
qed62178350900,{}
qd47ddb698fe04,707 1702 3260 3406 3906 4196
q39a9b949bd927,{}
qb946577ad02c5,{}
q27c5bfa2bfe24,6930 22319
q316ef379008c7,16180
qfc57c58df25b8,{}
qa2d9eb24b2310,3738 5643 5829 6145 6930 8410 11138 22319 23012 23137 28779
q4d29cb58ce597,{}
q01e6edd463318,16180
qe38a633111089,{}
q373e3bb856f56,13 18 22 25 27 35 39 42 46 47 50 53 54 63 64 65 67 69 76 84 88 89 94 101 114 119 120 126 129 137
qa1ce74d96d3ba,8 12 18 21 23 26 27 28 32 37 38 46 48 51 54 59 66 68 72 76 77 79 84 85 90 95 100 106 112 125 128 129 137 139 142 145 152 155 157 164 168 179 181 182 183 188 193 194 202 215 217 220 224 231 232 236 237 239 240 243 256 261 267 268 273 274 278 282 283 284 297 300 310 311 312 317 328 330 332 338 342 352 357 360 361 368 389 396 397 408 410 413 423 427 430 436 443 447 452 459 469 473 497 503 511 512 513 521 523 528 534 537 542 544 545 573 579 583 588 596 598 599 602 604 605 611 617 624 626 641 642 648 653 654 658 667 672 676 683 688 694 699 704 705 725 729 733 737 742 743
qb2f423ee747d7,{}
qe3107aa99e612,100 107 285
qe7107491a3c73,13711
qd4f7fc8ffdc5f,707 1702 3260 3406 3906 4196
qe7b9bc39aab72,{}
qf4b6088e15cea,1 6 8 9 15 19 24 30 33 36 38 43 52 54 57 58 69 75 97 105 118 123 158 160 166 183 186 187 201 207 210 228 234 239 249 278 281 291 300 303 315 334 335 339 360 361 370 382 403 404 409 412 423 428 438 445 475 483 487 492 493 502 506 509 515 523 542 561 563 589 591 592 594 596 597 605 612 616 618 630 635 650 666 667 668 680 685 709 725 744 746 756 761 765 783 805 820 835 836 861 862 878 888 902 905 909 911 923 926 935 937 949 952 955 956 973 982 984 999 1016 1017 1018 1020 1021 1031 1035 1043 1046 1049 1065 1074
qe94ce3a597059,20 29 30 32 35 38 41 51 52 59 60 63 66 70 71 76 83 88 89 91 94 96 97 103 107 113 127 128 129 131
q41a5d59918853,1702 3260 4196
qcc9b97297ec67,3738 5643 5829 6145 6930 8410 11138 22319 23012 23137 28779
q1dd306189bbff,21921 212592 214665 304196 332269
q144f378440fa5,44 46 106
q47df723579c7e,12500
qb54b7bab363ea,1702 3260 4196
q04efcb7af24ef,{}
q2bfa48ec5058d,6930 22319
q5984be751ee87,6 15 19 62 70 88 92 100 109 130 133 139 157 161 178 207 209 225 228 239 252 256 259 275 279 289 307 308 325 333 345 359 380 381 401 405 407 409 424 427 428 430 449 451 461 467 474 477 504 505 506 508 533 559 565 567 574 599 600 610 628 633 640 649 652 653 656 661 663 668 680 687 688 691 697 701 709 716 730 738 739 750 785 788 790 793 807 813 815 822 825 832 842 851 852 862 863 870 884 885 901 905 912 917 960 962 970 971 979 983 986 988 989 994 1009 1011 1036 1043 1044 1045 1060 1062 1066 1067 1069 1081 1114 1117 1123 1130 1132
qa872839e414ad,{}
qdbbc7d4626e7f,{}
q43d6f8956c48a,{}
qb2d5a18d60818,3738 5643 5829 6145 6930 8410 11138 22319 23012 23137 28779
q9a9e21af2f4a9,{}
q04b930cf6bb0a,79 118 501 1174
qecefcb3bd86c5,1702 3260 4196
qf9d355939eba3,23 37 48 57 84 90 95 96 117 176 241 248 255 263 266 267 273 307 383 414 428 460 465 468 478 508 513 543 551 575 582 624 659 660 676 677 679 695 709 712 735 737
q387826638a2e2,1702 3260 4196
q3e7d4698a2922,11460
q05c9a42fb2203,707 1702 3260 3406 3906 4196
qfbfb45d532ff0,{}
qa4fe747398c5b,644 4786 6138 7233 8482 9402 12500 13711 14649
q0da6264e8cf8e,79 142 868 1204 1419 1713 2381 2967 3623
q3ef669f3e6a76,156 255 343 485
qb2c71fe1da7cb,{}
q5d3fcc68b7022,{}
q3d4c7f64b02f4,{}
qf4c72a81840a7,707 1702 2434 2761 3260 3406 3906 4044 4102 4196 4204 4693 4727
qade1480f0bda3,10 44 62 145
qbaf8ef7a12ee9,{}
q2c184d0df7a16,21921 212592 214665 304196 332269
q746eaddfe3b83,110 147 191
qd9ea9b5b92cbc,3738 5643 5829 6145 6930 8410 11138 22319 23012 23137 28779
qcc9806dd768e4,{}
q39b3ae3ed15fe,35 50 66 68 76 107 131 139 203 251 303 309 318 446 460 467 468 470 487 491 500 514 517 524 536 545 551 605 608
q765c5155873d9,110 147 191
qc83288344e4a7,707 1702 2434 2761 3260 3406 3906 4044 4102 4196 4204 4693 4727
qc4b3d6961c075,707 1702 2434 2761 3260 3406 3906 4044 4102 4196 4204 4693 4727
q816f7e50f974a,110 147 191
q7e2fa4de644a7,338 785 1179
qed147d9426b03,{}
q5503bf8667e43,707 1702 3260 3406 3906 4196
q41c918b4c64c6,160 326 338 509 518 608 642 703 785 1015 1150 1179 1268 1436 1504
q8227e9d7b8d12,22319
qc4645eebf0047,{}
q2631f593947e8,{}
q71c57aa2bfc53,186301 203189 215262 321488 362791
q39fd2c37c1fbd,{}
q8048f1ba775b7,{}
q750164aac1838,{}
qfb9e20b5258f7,277 420 455 488 538 565 574 759 1236 1330 1437 1443 1504 1701 1913 2028
q182f93983e36a,{}
