id,is_correct,error_type,corrected_text
TS6135E902CA26,0,insertion,Ordinariates erforderlich ist.
TS9A8AEE201B2A,0,spacing,lui que régulièrement revenait cette course; maison
TS5E7BD1380F0C,1,none,fast unbedingt zu zollen.
TSEC6EE3121B1A,0,punctuation,"Le Receveur,"
TS4D93AEC0481F,0,substitution,"lement en deux, sans lésion de l’épine dersale."
TS3DB6A1FEF6F4,0,insertion,"Schlafzimmer des Herrn Abbe, und die beiden andern"
TS193AD394F6DC,1,none,Köln.
TS7E97DBD95843,1,none,"en manière d’oraison funèbre, si je ne me rompe"
TS62433FFF62D3,0,deletion,in ihrer Pflichterfüllung das Recht und das
TS08ABDA68F1CB,1,none,"considérable et inusité de membres de cette confrérie,"
TSD1FE69ACFEB5,1,none,Une grève théâtrale à l’horizon!
TSDACD9CFE9128,0,diacritic,daigna accepter le plus gracieusement du monde.
TSC91B1BDCE6EA,1,none,Aufführung aus dem Soldatenstande ausgestoßen
TS28E732EAD061,0,deletion,"peuple juif, craignant la vengeance des Rom"
TS86FCFB5CF970,1,none,"Engländer von ihrem alten verkehrten System, den"
TS742EDFA18F71,1,none,"burg gebürtig, woselbst sein Vater Hoforganist ge"
TSB04CD1333F8B,1,none,stehenden Mißständen in der Vertheilung absu⸗
TS82305ED0D5B4,0,spacing,"etwa Stubenwärme, auf bewahrt, woraus dann"
TSD6C8AB0C3C5F,1,none,zelne Punkte in unserem Buche anführen.
TSCA3F1CA46800,0,substitution,Les forces de terme et de mer établies il y a un an
TS861E47FE0DD1,0,substitution,"Après cette réflexion philosophique, il prit sa conne et"
TSCBB68B68E418,0,substitution,"Blicke hinzu, „mein guter, aber streng den⸗"
TS42CFDBCB79DE,1,none,unheilvolle Gewitterwolken.“
TSF11A294B3087,0,substitution,(Proske’s Sammlung N° 7.)
TSE06C1657A93C,1,none,"bourg, représenté par Son Excellence M. le baron"
TS6B4FAA0553D4,1,none,"gique, une armée assez respectable"
TS72F5AEAD11C9,1,none,"Madrid, 14 avril."
TS308F85537393,1,none,"Gedruckt sind von ihm Klaviersachen, «Partita»,"
TS6775E62A7089,0,deletion,de Washington du 14 avril:
TS41F93795671C,1,none,"die „unschädlichen” Deutschen. Der Minister sagt,"
TS3321974C31F2,1,none,"confiance en tout porteur de titre nobiliaire, avec"
TS0F6DE64DF434,0,insertion,"nion publique en Russie, et même en Europe."
TSE79BB49C5919,1,none,"nämlich wird Mgr. Charvaz, der ehemalige Erzieher"
TSC9DBEBCA6237,1,none,anerkannt werden. Wir sind alle solidarisch ver⸗
TS295556DB7E58,0,substitution,Gebäude haben nur geringen Schaden genommen. Der ganze
TS223DC4258B2A,0,deletion,sur Modène ou de faire diversion de faveur de Vérone
TSC8CA4FD0BCE7,1,none,"von Civita⸗Vecchia kommend, ist gestern hier"
TS339E7C57E670,1,none,"sière. Ils contiennent en tout 3,892 lits. Il"
TS5C99ADA789AD,1,none,encore dans ses pages ces faits mémorables.
TS970CC2A0D75B,1,none,"l’égide de la paix, de la conscience de se force, que"
TSFEE5B7A989FF,0,punctuation,aux arts et à l’industrie.
TS032B07C43FA3,1,none,„la réponse de la Chambre des députés dont vous
TS232DEAA215C3,1,none,"geringer, in Hinsicht aus Quantität, genannt werden, um"
TSD3160BEB8419,0,diacritic,d’après les bases fixées dans le re-
TS36495A1B4052,0,substitution,"de Weiswanpach; 6e, Doos Jos., de Luxembourg;"
TS76D12B460C35,1,none,s’est offerte à venir concourir. Ses proposi-
TSBFFB08C67599,0,spacing,"trugen, sollen zurückgezogen sein, während 2"
TSD326B6E7BF43,1,none,"Kiért ên em Kreschtdâch op der Gâss,"
TS352342587841,0,punctuation,près pareille ne profite pas à l’ord Derby. De même
TSE3360EE78F4F,0,punctuation,sence au milieu des groupes formés par ces confréries
TS3D6E14A2BD58,0,substitution,diesem Jahre aber nicht. Schuld daran gibt er
TS40B7D3DA5F89,1,none,"je procederai le premier Nous sommes, je crois,"
TS72A54F68A71A,1,none,venons d’exprimer! En plaçant ainsi les représentants
TS6567C789AE12,0,substitution,rie de l’influence pernicieuse du clergé
TS483A5DF1CFF7,0,spacing,Si l’expérience s’était donc prononcée
TSAC4832CCF22F,0,deletion,nisation des services de l’armée. Ces amé-
TS23FD579DBABB,1,none,giatstiftes Unserer Lieben Frau von Guadelupe
TS5AAD011FBB83,0,deletion,sprach:
TSE18DD008B9AD,0,substitution,point aujourd’hui d’un programme fédératif
TS2FCD4A4615BB,1,none,commesuit:
TS7B12B6746D67,1,none,"Nur am Gemeinen klebet,"
TS7EDB54129065,0,insertion,ihn ab. Die Kugel streifte nur den Rockkragen
TSDB399FAD4D15,1,none,„Courrier“ und „Land unterhalten ihre
TS75BAFC3BC9D5,1,none,Chateau-d’Ea.
TS9988D3DE0818,0,diacritic,„Gekrascht hun éch méng Ae wond
TS1A5DFAE06DAC,0,substitution,sieurs centaines de bourrées destinées à pré-
TS39534A494BC6,0,insertion,à l’étranger. Dans son prix de vente le fa-
TS7E2D8A3BD73F,1,none,Kommt die Verderbniss und Entartung des gre-
TS9AF56B95185F,0,punctuation,April. 301/6 bez.
TS2726C18B6AE0,0,spacing,"Den Ami streicht sech lânscht d’Nuos mat der Patt, fir sei"
TS497C4F1AB37A,1,none,"wenn nicht noch mehr, zum politischen Tode verur⸗"
TS86B02934C531,1,none,"das ist es eben, was die Neueren erstreben - der"
TSEB775E087D18,0,insertion,"plus voisines de la porte inti; mais, grâce"
TS370CB86E020A,0,substitution,13 9/10 Thl.
TSD0CF103F131D,1,none,"setzt dieses in Abrede zu stellen; allein wir glauben,"
TS39D7E86568FD,0,substitution,"Bedenken hinter sich, stand auf und trat zum Bette"
TSD827F1CF9075,1,none,hung nichts geändert hat; da es weiterhin ge-
TS0D6A1D2D5AD7,0,punctuation,rend des Vormittages bräsidirt. Derselbe entweder
TS20DCAFD2385F,1,none,"extraordinaire, ont été pour le Gouvernement le"
TS7E35D9B73074,0,substitution,serer Blätter in derselben Beziehung an unsere
TS3C2E2CBFC02A,1,none,"Berlin, 30 mars."
TS3D36D63008C1,0,mixed,sind von Herrn de Ligne im Rotailla⸗Stylangefer⸗
TSCB8D75AAE16D,0,punctuation,"seinen Uebermuth mit Raub und Mord, so weit"
TS9F96E27479E4,1,none,"a laquelle elle a assisté le 15 avril dernier,"
TS1594A5D08177,0,mixed,„An em den ańeren de Lapp.
TSB40CB78D01E3,1,none,"Die Gesang⸗ und Musik⸗Gesellschaften, die"
TS469D84AFC356,0,substitution,bus. Néanmoins on espère que l’amputation
TS5DA9BD206C1A,1,none,dabei betheiligt
TS567019C407BA,1,none,"am Dientag Abend seine Wohnung, um einige"
TS8CA9AB8947BA,1,none,conservé sa qualité de mer clos avec les inconvénients
TS81F70D22E38C,1,none,formément à l’usage local.
TS3093ED76911B,1,none,viron du chemin de Piedimonte.
TSB16C85AB864A,0,insertion,man von Georg Hiltl - Berliner anonyme
TSD95F710B0C91,0,deletion,"sten Freuden und Genüsse des Lebens vergällten, und ihm oben⸗"
TS30D6D9DCE223,1,none,"in die Schatzkammer, und Alle fielen nieder auf"
TS006F615A1337,0,insertion,"soussigné, en date du dix-"
TS6A3B2A83BDE4,1,none,"Spanien nur 40I4 Fr. 56 C., während Portugal 19,227 Fr."
TSDC555AC75F58,0,insertion,naux étrangers.
TSD2B0910E7F4A,1,none,sammlung für das laufende Jahr zu Diekirch
TS6F79ACA13F6F,0,deletion,den Kirchentionen (1583). 810stimmige Madri-
TS03983F5356A9,0,diacritic,"Nehmer finden, während die Geboto für schwere und"
TS2B49D274FE8E,1,none,rola.
TSF9FD6D40F69F,1,none,Biêf kên dobausst mê um Fèll.-
TS3E1C8504DA6B,0,deletion,"Grand-Luxembourg, ligne que par-"
TSAFAC9CD4FBD6,0,punctuation,et la force des bâtiments de ces deux puissances au-
TS7F67842DD259,1,none,"en cantus firmus, dessen wir uns auch im"
TS0E35A72B6347,1,none,"ganz in den Händen einer militärischen Coterie, die"
TS8428CF10D2B5,0,deletion,net nie und nimmer dazu verstehen. Trotzdem beharr⸗
TS106413A754AB,0,substitution,"entendre. Elle n’avait pas de clef, M."
TS4CDF183403AF,0,substitution,"qu’il est, vous pouvez immédiatement pro-"
TS6BFCBBD4B477,1,none,"comme vos bras,"
TS337BABC646E3,1,none,"laboureur demeurant à Bettel, en sa qualité"
TSB6756F206007,1,none,gestaltung volle Freiheit und Selbstständigkeit
TSB48B76F31468,0,diacritic,Würde untersucht der Strolch.
TSA78CC231ECF6,1,none,Les populations comprennent l’impuissance des
TSD34AB20FA19C,0,substitution,feindlichen Banden haben sich noch durch alle Frei⸗
TS5F599424EE86,1,none,"cheval et s’éloignèrent au grand trot,"
TS3FB795C72EA0,1,none,ligen Preisen gefragt. Hannöversch-Wild-Brandsohlleder
TS073A854F4E2D,0,diacritic,particulière.
TS8CDB1A1C8131,0,insertion,sées par les trois puissances alliées. L’ordre de retour
TSBFC3FB9AF9C0,0,deletion,cation de chaque feuille ou livraison d’un journal
TSDDAA0F978B3A,1,none,"lernen muß, so bleibt eben die Erlern ung der"
TS5CE0F38A25EB,1,none,gîtation n’a qu’un caractère pacifique. On
TS94C29BA1D7AC,0,spacing,nig die Handlung mit den Worten: „An Gottes Se⸗
TSB30C3BC2C0CC,0,insertion,"Vincent, fermier à Findes."
TS55B6B0E75094,0,substitution,Le ministre de l’intérieur répond qu’il a
TS9050CDCBE2BC,0,punctuation,fications qui lui seront adressés par les déposi-
TSB3F3B585AEB7,0,mixed,von Arta) hat sich empört.
TS86D95D8070FD,0,spacing,- Où est Rose? dit le marquis.
TS7CF484D3AA63,1,none,"de ce coqunin, s’écria Nynzo en frappant"
TS20165799E56F,1,none,la ligne du Luxembourg.
TS9B5E6804C48A,0,substitution,les appartements que je vous destine sont dignes de
TS031C2E27EE40,1,none,gesehen werden können.
TS6EE9E986E5CE,0,insertion,"zu betrachten, und es gereicht Hrn. Gangler zur Ehre die Dichter⸗"
TSD71033B0F497,0,insertion,"belle pour frapper; il se mordit les lèvres, et porta"
TS072556AECDDA,1,none,"für den Dombau bei der Kasse 9628 Thlr. ein, darunter"
TS82FDA4E8F925,0,punctuation,"spricht. Sein unverschuldetes Gebrechen, und die ebenso unverschul⸗"
TSBCC28C68F965,0,punctuation,"§3. Die gemäß Artikel, 20 und 22 der Statuten"
TS5EAA3668D271,1,none,II. Dispositions spéciales concernant les journaux
TSC79854107E07,0,spacing,"Mädchen noch von 14 Jahren,"
TS9F3F990464E6,0,insertion,meubles dépendants de la ferme die Neuhoff-
TS177F0EB3A395,1,none,jugeḿent est prononcé.
TSF1F9D4110521,0,insertion,muß dem Kostenaufwand untergeordnet werden. Ich
TS6D491BDBA314,0,diacritic,en ist. Doch scheint es daß die Diebe es nur auf’s Geld
TSB64898E48791,0,spacing,dât ni la volonté ni les moyens de créer une
TSB6B5D21F41A1,0,punctuation,sidérrants de cet arrêté que la solution de ces graves.
TS38EC7E555C75,0,substitution,reaux à Clausen. - Plans et devis à approuver.
TS7FFB37F74EE1,0,deletion,tat près le tribunal d’arrondissement
TS21F7563A4393,0,punctuation,au moins une excuse a faire valoir. On
TSD54DD13553B2,1,none,"wen bei guter Zufuhr Weizen frs. 27,93-28,30, Rog⸗"
TS9F0B716A7884,0,deletion,lich gemacht hat.
TS70FD37B1B009,0,insertion,mit Mann und aus dabei den Untergang gefunden hat.
TS619CEA4CE111,0,spacing,zug auf die Kriegführung zu sichern.” Ein
TS2AEC6BE0A077,0,punctuation,lonieen ist aufgehoben. Die Colonieen werden mit
TSEFD5B3A26BF2,0,substitution,Ein Königl. Beschluß stellt die Persion des im
TSB24DEA0EF079,1,none,"Vive Dieu! tu me plais, et aussi vrai que je suis ton"
TSC079B65B5625,1,none,Art. 15. Tout rédacteur est tenu d’inserer dans
TSFA79B876D13B,1,none,telligence. Aussi ne nous aventurons-nnous
TS2618D807F6B7,1,none,den Angegriffenen zu Hülfe und machte dem Kampfe
TSDF2387076904,1,none,halte eine vollständige Uebereinstimmung an den Tag
TS7714063930E1,1,none,zerschlagen. Unsere Besatzung ist nicht sehr stark;
TS656F932A0D6F,1,none,"- Tiens! il parait que je suis en société, reprit"
TS3EA2DF0F97C1,0,substitution,"térêts. Sans rechercher les occasions d’agir,"
TSBD7BE4DBBDFA,0,deletion,"einer offenen Bütte stehen, und der aufsteigende"
TSA409C782B97F,1,none,Pierre Langlois avait été prévenu par
TS103A6E886BA1,1,none,"ist in Verfall gekommen, und ich weiß nicht, was noch"
TSEBF95AFBD7FD,0,substitution,"»Dans l’entretemps, l’autorité s’est misec à"
TSDB50F598C22C,0,punctuation,la Constitution qui nous régit et il faut.
TSA6C693FBD71E,1,none,"premier jour, acclamé Napoléon IV."
TS610C6DFF75C9,1,none,rait définitivement à délibérer.
TS35B0D7BD01A3,0,deletion,Il est toujours dangereux pour un
TSB25AC7FB47C1,1,none,servoir qui la répartissait avec régularité. Le
TS22DA472EFCB3,0,insertion,"Chisleurst, à quatre heures et demie du soir, avec"
TS8B31DE915825,1,none,"ventorier le mobilier du prince Napoléon, au"
TS5D0A693591C5,0,diacritic,"ment, par de nombreux sondages et de se-"
TS5F6EEFCBAEF6,0,substitution,"Gebäude wurde bist auf den Grund zerstört, Kirche"
TSAAEA3333BCED,0,insertion,"geklagt worden, daß die Universitätszeit beinahe"
TSD47EF12D0004,1,none,"l’abaissement de ce, cens en Belgique ce"
TS3ADA6AFF952F,0,spacing,2. in Tonus VI aus Fal antiquitus oder trans-
TSBF14C221F8C9,0,substitution,"Zucker, fest, prima Melis 221/8 a 1/4 Thlr., secunda"
TS1FC3F351E412,0,deletion,Il n’y a pas jusqu’au tourment de la
TSAD4972976F54,0,spacing,"Paris, en une demeure inconnue, copie d’un"
TSE1C1439B4F42,1,none,Nach dieser Stelle führt Gerbert noch eine
TSC7ECB0125AE6,0,diacritic,pour ne pas laisser l’Assemblée sous l’im-
TSF1C0BDB79E1E,1,none,"gierungsbemühungen gelungen, ihre Politik in"
TS378BA633D2FC,0,punctuation,"Un colonel, un commandant et quatre"
TSA9D20BA83631,0,deletion,dans la mère patrie que dans les colouies.
TS7F44B20854CD,1,none,"bei Beurtheilung der Motive, welche das Petersburger"
TS93704207B149,1,none,"Le judaïsme ............ 5,000,000"
TS1235A7E87488,0,insertion,nade crée par ses soins.
TS327986C7951B,1,none,bus für die Verstorbenen gehalten werden kön-
TS622F638DC560,1,none,Ich weiß nicht wie’s geschah!
TSD0F3E4A7512C,1,none,„Ewell dât Hiérz wo net fu Kisel.
TSD317A1D776AE,0,punctuation,"zu setzen, ihre Aufgabe der Landes⸗Vertheidigung"
TS18B64E8B7943,0,insertion,"1er Prix. Schmoll Emile, de Luxembourg; 2e, De"
TS212A7A3D0C74,0,deletion,surgés des subsistances ou auront pourvu
TSF9B1E6E1FE41,0,diacritic,sagt: «Der h. Geist hat den Glaubenswahrheiten
TS6C101B23F839,1,none,proposent les noms suivants
TS5D0C26D879D1,0,spacing,taxe sur les lignes grand-ducales. -
TS70227C47BEFB,1,none,wird:wo jedoch erfüllbare Wünsche auftauchen
TSAD1FA7F2496E,1,none,"Diese Tugend, welche den Unbestand menschlicher"
TS25791CF0BE33,0,insertion,brachte das bereits
TS5D02972BA2ED,1,none,"outre quelques importants revenus échus, mais non"
TS69A9B3C3FC83,0,deletion,"les Incnérables (femmes), l’hospice des En-"
TSA759E8737B7D,0,deletion,pratiquées pendant vingt-six dans avec une admi-
TS4DF6BE18C07E,0,insertion,genannten Sprachen oberste Anforderung an
TS5543E26654A3,1,none,notre colonie.
TSE56B9AB114E1,1,none,"„aveugle et brutale, écarte un obstacle matériel. Quoi qu’on"
TS3BBDC1CDCD10,0,insertion,ne l’intimidaient pas. Mais peut-être aussi
TS2008B21C6735,0,spacing,d’Etat comme nous l’entendons.
TSAA5A82841EAC,1,none,"Wann d’Kaze spillen, get aner Wieder,"
TS4EF841459F0C,0,diacritic,Frage und nur 22 bis 23 Thlr. per 100 Stück dafür
TSBF42E567D676,0,substitution,Notar in Remich nicht bekämpfe.
TSFBCFBBDA1BF6,0,spacing,nahm den Zügel in die Hand.-
TS5C7C5B376A25,0,insertion,"je regrettai beaucoup alors cette imprudence, qui"
TS5B5FDF7F97CA,0,deletion,daß ihr Gatte sie verstoßen wird aber der
TS02BB55B73468,1,none,"ont été employés pour la renverser, on ne sau-"
TS1790E65FB4E0,0,diacritic,auf einem Achtung gebietenden Füße zu erhalten
TS15CBC3AA1AAC,0,deletion,coémentes.
TSB929D6344FCE,0,punctuation,"den, nämlich in der Advent und Fastenzeit,"
TSA5E36FCDECC0,0,punctuation,"briand excepté, pas un seul de nos auteurs modernes,"
TS7E0861EA7236,1,none,"welche mich so schnell Frieden zu schließen bewogen,"
TSD8847F6B054C,1,none,J.-C. Settegast.
TS72F7E8D660CF,1,none,"sassinat ait été dirigée, encore tout récem-"
TS836091DE127D,1,none,"liments assurés par elle, lor-que ces dommages sont"
TS4067AD8B0349,1,none,"ligiösen Fanatismus, der im verflossenen"
TSB300D0219A66,0,substitution,die Besatzung decimirt; endlich seien zwei Breschen
TSE57BFE010FB1,0,deletion,"canton du Tessin, des bien es appartenant à"
TSF518BCC1736D,1,none,"weit Breslau hat jüngst unter alten Papieren,"
TSFA40136538AB,0,insertion,"dans le Luxembourg était une extravagance, une"
TSDD95822228DE,0,spacing,"Fehlern desselben zu halten gewußt. Das Gezierte, Geschraubte,"
TS0132DE0EDB88,0,diacritic,nichéere geht.
TSCC0DC751D389,0,diacritic,"seront fixées par un acte notarié, qui sera communiqué aux souscripteurs d’actions des que la"
TS01253A8CE493,0,substitution,"wird die Gelder nicht verweigern, sollte selbst das"
TSCF6A5CE393F1,1,none,"baumzüchter, welche für eine oder die andere der"
TSA4BFC3914671,1,none,mit einem zweiten „Saverwächter” gedroht; doch wir
TS1A8B50F0E33E,0,substitution,Interesse sind und in den gewöhnlichen Musiklexicis
TSD5DC61D51C4B,0,spacing,rétablir l’ordre; il faut faire un exemple.
TS937F3787AAC2,0,mixed,"Theil der Advocaten, die den Insinationen der"
TS013733DD6049,0,punctuation,un seul Etat faible en Europe.
TS42E7A989C94E,0,deletion,"et au contrebandie Fr. Celui-ci, à qui l’on"
TSA9D503F87CB3,0,spacing,gende Proclamation öffentlich anheften lassen:
TS5D00C397D734,0,insertion,"je veux dire de la jeune Alice, ce titre de comte"
TSD955F29E8972,1,none,wie undenkbar man gegen sie verfährt.
TS046220296B49,1,none,"Cette grande question, après avoir tant préoc-"
TS80D7CDDD910A,0,spacing,"en traduction ne feront rougir personne; et tout en cherchant à intéresser le lecteur, notre"
TSB6C553589A8B,0,substitution,sans cours forcé. Ces certificats seront
TS9BD50D22F653,1,none,ne serait pas violenté chez l’administrant. D’un autre
TSF785A91EB506,1,none,"qu’il payerait intégralement, les produits devant à"
TS4D53D8C525ED,0,diacritic,parés sans arrêter d’une façun précise les
TSE9623D603F86,0,insertion,Art. 18. Notre Directeur-général de la justice
TS2787B4B4A762,1,none,du même rameau a dans ce moment à eine
TSC6403AE43C38,0,deletion,Benedict XIII strenger. Ferner nennt der Seite
TSC3D62B62BA59,0,insertion,Hieß sie in Liedern sich ergießen.
TS01B0DC09DC81,1,none,a votre santé.
TS80496BABD0FD,1,none,ster der Capelle erglänzte wie ein goldschim⸗
TS889800FC17C6,0,substitution,dans une maison de santé. Pendant tout le
TSDD8070E51B4A,0,punctuation,"PRODUIT, des barrières établies sur les routes du"
TS47D0C0F8D25B,0,substitution,fait qui aurait pu les exposer à être excom-
TS1EE2B0653808,1,none,cher le enouvellement des manifestations.
TSC842848BB890,0,punctuation,"ten Almosen, welche die Summe von 4191,716 Fr. 27 Cf."
TSDDC2219B0478,0,substitution,- In der vergangenen Woche wurde des Nachts in
TSE3D4328125F6,0,insertion,"opéra une descente, procès verbal fut des-"
TS545363A5F415,0,deletion,l’incendie à un autre bâtiment assuré par elle.
TSAD4D4B61E0CB,1,none,"den nördlichen, mehr bewohnten Gegenden sehr theuern kom⸗"
TS66C598E610C5,0,substitution,"herzzerreißend. Die Einen riefen ihren Vater, die"
TS6F573702A0B4,0,mixed,enfant à la campagne... mais it sait
TSE06523B31B52,0,insertion,ten ein solches feststellt. Welchen Eindruck wird es
TSA9CC5D1104C3,0,deletion,minières - mais elles ont trouvé dans
TS1FAF5310A163,1,none,"simultanément ouverts, et la lave liquide se"
TS5234C3C53E14,0,deletion,exceptionnelles qui n’existent que pour assurer momenta-
TSDD46B49D11FA,1,none,"frei und unabhängig, bietet sich freiillig uns an;"
TSC12DAFA872EF,0,deletion,"- Non, dit Pierre, c’est impossible."
TS46471AE5F06B,0,deletion,Cette plaisanterie aurait éte mal accueillie de
TS0D3C79563759,1,none,2e Schintgen. d’Asselscheuerhof.
TSC5E42CB27E66,1,none,"peine faire quelques conjectures à cet égard. Mais, si l’avenir"
TSBC1DF12CE956,1,none,"front à Anatole, qui y imprima un brulant baaiser."
TS6E6E8468F688,0,substitution,Armee in großen Maßstabe zugenommen und das Haupt⸗
TS2A97D67FBE72,1,none,"édition du soir), parlant de la publication,"
TS82C76E3B0944,1,none,"werdet, mich zu befreien."
TS04732B7EEA94,0,insertion,"de Lhuys unterläßt eben so wenig, zu versprechen, daß"
TS7818BEA8FF52,1,none,"Nikolaus Trubetzkoi Statt gefunden. Die kleine, einfach"
TSB6DFE0BAE618,0,substitution,Beschungen sowie das Beschädigen der An⸗
TSBE09A79B793C,0,deletion,"des gerechtfertigt finden, wenn wir es vorgezogen"
TS6682F6A6F666,0,diacritic,"Pomeroy ne fût malade, elle n’avait ja-"
TS43E6C81B491A,0,substitution,zählt und die Antwort des H. Metz an den Untersu⸗
TSF20CD998C2D0,0,deletion,infecter au loin des pays voisins. L’exemple
TS99FB7C5A0DF9,1,none,"Das Complott, von dem man freilich noch keine ge⸗"
TSDE5A9AD2021F,0,substitution,"voll Ruderer und Soldaten, die Pistole in der Fanst,"
TS16ED44AB21D1,0,substitution,eines
TS2094632A5DEB,0,insertion,ner zolldicken Decke überzogen haben. Es schneit!
TS743A86AFB645,0,substitution,und murmelte einige unverständliche Worte über den
TSB4E46C4FAB7F,1,none,"über ihren Clerus und dessen Erziehung, die Verwaltung"
TS8E27324E27CE,0,insertion,Schliesslich bitte ich noch eine Berichtigung
TSB44B5C68DBE9,1,none,éprouvait plutôt le besoin de la braver.
TS55E71CEB1657,0,substitution,Le 7 avril le colonel Beauprêtre était compé
TSE050C9903A9B,1,none,"Canal gestürzt hat, die eben mit den Fluthen rang."
TSD9E88D448DBB,0,substitution,nos destinées. Les endroits les plus éloignés sont le
TSC296B2B6B8C2,1,none,à celle que paieraient les minerais d’Esch
TS0A79E32DE05B,0,deletion,"sind die deutschen Aerzte, so viel wir hören, nicht in"
TSED2030E0FFCC,0,spacing,"vant à Buderscheid, aujourd’hui sans"
TS66E7391ABA08,1,none,"Thlr. bez., per Juni bis Oktober 13/4 Thlr."
TS6F270BF7D0D0,0,insertion,Position eines jeden dieser Kriegsfahrzeuge der ver⸗
TSD354C82B9B7D,0,spacing,"Kartenhaus und Versorgung““ verzichten, aus"
TS21D7C4B6F47A,0,deletion,en train de vider joyeusement des pri-
TS351E97E69FBD,0,insertion,"zu sagen, wer der vermeintliche Trapper"
TS05D2076EF7C5,0,spacing,und das Genie bessere Wege und Mittel kennt der Kunst zu die⸗
TSB5A8C58E6865,1,none,fonctionnaires qui ont le malheur de ne pas être
TS1A591DD5566E,1,none,"legen haben, ehe wir darüber aburtheilen, welches die"
TS91D59D3F2AFC,0,punctuation,Bodencultur den höchsten Grad der Ergiebigkeit in
TS0F3E3DB5EAF2,0,deletion,"Ueberlegenheit der Cavalli’schen Geschütze übertreiben,"
TS73883EA15FD6,0,spacing,Bleibst du dennoch frank und frei.
TS80AD32D11A95,0,punctuation,"tre le fermier, on pose le fermier enassureur du proprié-"
TS4B2B63F258E8,1,none,Dass die Meister des 15. u. 16. Jahrhunderts
TSAB83CA0EA89C,0,deletion,"lettres, peu profondément enfouis, car le pied"
TSB2838EE6B1F6,1,none,"omnipotence qu’elle a si hautement proclamée, il"
TSAA7279ACB6B3,1,none,"vokat⸗Anwalt, beide wohnhaft zu Luxemburg;"
TSDB03D5DC9D95,0,substitution,"lichen Vorschung für die Wohlthaten dankt,"
TSE6D8925ACAE2,0,substitution,Ankunft in Wien einen außerordentlichen Mi⸗
TS967EE72F4266,1,none,Waare durch die namhaft niedrigeren Gebote für
TSA8516C5FA658,0,substitution,Und ist diese Erlaubniss nur einfach ausgespro-
TS56C6359EA48E,0,substitution,"so stimmen, wenn er von der Wichtigkeit des Gegen⸗"
TS5BF912DF85C5,0,spacing,vernement. Le gouvernement n’a pas besoin de recourira
TS4BAFC1A33460,1,none,"Autour de lui, tout étaitsombre."
TS2061785A82DD,1,none,Zweitens fürchtet Herr Metz den Einfluß der
TSC9CDFC28B0FF,1,none,verser pour la part d’impôt revenent à
TSEB6DEF3349A5,1,none,"forte, car elle sera débarrassée de la seule"
TSD695E67C38DC,0,punctuation,lässigt und ganz leichte Waaren. (Russen) sind nur zu
TS6D2531FE5F84,1,none,"son sein, la couvrait de ses baissers, et essuyait ses"
TS5B4BDEE9756A,0,punctuation,la cause en est surtout à la manière banale
TSCC06E4F56C2F,0,substitution,que cette loi dit formellement dans son article 11: que
TS403217B90CEF,0,diacritic,nen Satze mehr und mehr die leiterfremden Tone
TSBBD9E652DB7E,0,substitution,Trier den ihr im großen europäischen Eisenbahnnetz
TS703F971B3D81,0,spacing,rung ist und bleibt daher ein Staatsstreich ein
TS310E483CB4A4,1,none,oder des Egoismus austheilen!
TSB175AD676B59,1,none,7. Chor: «Regina cœli» von Cherubini.
TSB20A24BC81E2,0,deletion,bles que ceux des mois correspondants de 1857
TS6B250A8E2590,1,none,en ce moment même. (Très-bien! très bienl)
TS86D925C0023C,0,deletion,Le Congrès a adopté le partie de la
TS3CBA307DF098,1,none,"Obertribunals gleichgültig, ob er schriftlich aufge⸗"
TSE148720B1BA3,0,punctuation,Wenn die gestern in Nr. 36 der „Union.“
TSB8793C3D9F35,0,deletion,voulu protester en posant au Wort une
TS6B8D9CF4934B,0,insertion,"Michel, de Dalheim."
TS611A24320661,0,insertion,Regierung möglichst zu seitigen bestrebt sein
TSDDDF72A0BFBD,0,substitution,"En revoyant le jeune homme, si gracieux,"
TS4AA9BBEC07F3,0,mixed,Fanger ze knemen fir e Grapp Stémme weder ze krèhen.
TSDA891F804275,1,none,ten Knaben vielmal in seine Armen genommen und
TS7B3E0FEDC568,0,deletion,"O Amǹestie, on Amne stie,"
TS36541D7A3162,0,substitution,"größern Raten, oder auf einmal voraus zu entrichten."
TS478F3A1BE4D9,1,none,in den weniger rhythmischen Singweisem d. h.
TSA4EF0630D438,0,substitution,courent dans des conditions identiques
TS69F9B2FF4D79,0,spacing,d’Esch à Bettingen une réduction to-
TSC7568D047E9F,0,punctuation,momètre est au-dessus de zéro; le signe
TS862CF0861C18,1,none,"Sept. d. J. Nr. 802 ist der Herr München, Präsi⸗"
TS103B41FC5ADF,0,punctuation,le fait en lui-même le programme de ces repré-
TS4E9409A1D886,1,none,"nischer, 2500 in portugiesischer, 2000 in holländischer, 500 in"
TS6524C48A85AF,0,substitution,cœurs.
TS71B8298F11DE,1,none,tence.
TS2ED5F07EBC2F,0,deletion,"FRANCFORT, 25 août. - Ch. de fer Lommbardes,"
TSA2DD707A5E5B,0,punctuation,"geber nicht nur seiner zahlreichen Schüler, son="
TS38C397E3AADD,0,mixed,il y a six francs en plus comme double cours
TSDA39C0FBBE0A,1,none,ung vom Sakristan der Kirche erfahren. Er läuft dahin. Man weist
TS9452BAA6F9E8,1,none,besonderen Musikschulen für die Chordirigenten»
TSF5AE48714811,0,spacing,gleich bei der Orgelmusik keine so scharfe Gliede-
TS0EDC71FD6D03,1,none,Der König sah sich um und sagte:
TSB182C1F274EF,1,none,"gen, und den Person entransport der freien Concurrenz der"
TSCDF27C258495,0,substitution,"Un arrêté du Directeur-général afférent, du 26 septembre courant, a révoqué"
TS4BA7D5D2AE52,1,none,d’accord les projets de loi nécessaires à
TSCAAE93F96974,0,substitution,sécnde. Il n’a rien négligé pour donner à
TS440AE21278DF,0,diacritic,"6 c’est-à dire demain ou après-demain, ce"
TS95F6E29819BF,1,none,»Le comte Esterhazy écrit aujourd’hui de Péters-
TS383E026F85A2,0,substitution,avait été commis pendant la nuit dans l’au-
TS764576F872CF,0,spacing,êtr rejetée ou a trouvé accueil. Pour ne
TS4CBFFDB1847B,0,insertion,"veillantes insinuations et de s’être ainsi rendu, peut-"
TSE64AD64F92E3,1,none,- la pasquinade électorale qu’ils ont adressée mardi aux élec-
TS9F74F5BAF83E,0,insertion,bedeutende Zahl von Eigenthümern mitteren
TS95C30A6C5107,1,none,Nous croyons pouvoir prédire un succès
TS4271E727609E,0,insertion,"Ausnahme des dritten Sonntages im Advent,"
TSCE366F03F559,0,substitution,Le monde politique jouit d’un rappos momen-
TS0047E3858C98,0,punctuation,"000 0/0; sur Amsterdam, (long), 000 0/0; sur Ham-"
TS7AA4C9252CFB,0,spacing,Die Journale von Neu⸗Orleans vom 28.
TS4A6DBE24A117,0,substitution,"n’avaient allégué que, ne pouvant être que tous-"
TS57E631A8C618,0,substitution,"damit zu Stande zu bringen, aber wir zweifeln sehr, ob er sich"
TS638EC2D0EB35,0,diacritic,de trancher des maintenant
TSC2CE2762C6B1,0,spacing,que la Chambre vient de poser par le vote dont
TS6338C11FDEE4,0,spacing,Ein anderer Correspondent berichtet über die schö⸗
TS409FBDB916FC,0,diacritic,"Dat dreift an et jet en emmerzô,"
TS1D2247E4E33D,0,spacing,Haupt; ein dumpfer Schmerzensschrei rang
TS4C73B1D67CCE,0,substitution,"becken getheilt in deren mittlerem, schönsten und an Boden"
TS1BAF6F1A20BA,0,insertion,projet d’Adresse?
TS11DC43F71B8E,1,none,bruit que le gouvernement italien ait deman-
TSC51A46D84428,0,deletion,"Il est dance évident qu’à prix égal,"
TS28B80BA9A603,1,none,"mil huit cent soixante, et modifié suivant le vote"
TS261A135AB467,1,none,ment pour l’administration communale.
TS7DC4D2EF39E4,1,none,"parler; c’était sur un terrain avoisinant, au bod de la"
TSD2271B681012,0,deletion,men. (Die Rede.)
TSBE11072FE384,0,punctuation,“LeConseil de gouvernement entend que les adminis
TS814D80CF41D3,1,none,"AA. RR. se sont levées, et le Prince, dans une"
TS20656638F986,1,none,"6,000 malades; ils pourraient au besoin en recevoir"
TS9B3B3AD73D34,0,substitution,zwei Tage nach einander darauf verlassen kann. Fast
TS14D86CD1C37A,1,none,"Fläche der Schleimhaut der Maulhöhle zahlreiche,"
TSC69B0880913C,1,none,"Rollingergrund, à 600 brasses environ"
TSEAC262CA8C1A,1,none,"Bei solcher Lebensart ist der, kaum den Kinderschuhen ent⸗"
TSCFFBFFCB1255,1,none,ein anziehenderer Anblick als für Andere die reich mit Dia⸗
TS7292A64EC9B6,0,substitution,circonstances.
TS160B318BCCED,0,mixed,"Sein Herz dach mechleg schlét fir Freiheetemmerzo,"
TS93C29D519E59,0,insertion,la Russie et la Turquie auraient continué à occuper
TSCDB97E8B85E9,0,substitution,"alle Nebenabsichten gehandelt hätte, und die ganze Presse"
TSBD604AF05484,1,none,à lui seul les deux tiers des transactions
TSB2626EA871B8,1,none,"qu’à la requête de Chrétien Hubert,"
TS3B45D48E81D1,1,none,im Zuchthauso sterben. (Allg. Pr. Z.)
TS61E34556B876,0,diacritic,austretenden Schüler und unbeschadet der bessern
TS3FF9C14D1305,0,substitution,temps; l’emportement ne vaut rien et
TSF6B1EFD6537B,0,insertion,"erhalten, als die im 110. Paragraphen aus der"
TSD5856C615FC7,0,deletion,"Es klèngt Kenntchen, èng gut Stenntchen."
TS46635363DF58,1,none,"dix octobre 1869, à 3 heures de re-"
TSD5B433135CBB,0,substitution,"moucher dans ses doigts, et qu’il avait gardée jusque dans"
TS145B080567CB,0,spacing,stellung des Reglements für diesen Concurs.
TS615B87CC2BD5,1,none,JEAN SPERGE I714
TSB625340DA5B8,0,spacing,prise?
TS5F66EA141391,1,none,ment refuser l’approche de l’urne! Cela est-
TS9E5C26B9E339,0,deletion,les irritations de la gorge et de la poitrine). Die⸗
TSDE26A2395D73,0,spacing,ployer en primes pour l’acquisition à l’étranger de
TS31C0E50246B2,1,none,en font des personnes qui l’ont vu à Anvers se rap-
TSFC86CD9DF39B,1,none,porté. Nous étions d’accord de rendre au
TS4F23C79353C7,1,none,qu’elle peut durer encore suffira tout juste à expé-
TSA3487B35E630,0,insertion,de paysans armés postés dans la chap-
TS34CF7918B16F,1,none,- Es freut uns unsern Lesern die Nachricht mittheilen
TSF5B7154673DB,0,substitution,quels vous serez forcés de le retirer.
TSB5A82EBFF224,1,none,seiner Regierung „Mouette“
TS48F3728303FC,0,punctuation,deren Beschleunigung nicht wenig beigetragen.
TS953B13D0EF49,1,none,"Vaches. - 1re qté, 1 35; 2e, 1 25; 3e, 1 15"
TSE13814DCB4E1,1,none,Fremden auf ein drittel herabgesunken. Ein solcher
TS1211D7A72DAC,0,spacing,verfolgten
TS0F7EB7D89F18,1,none,"Depuis la réforme judiciaire, l’introdution"
TS8A3EA1D99331,0,mixed,schem und unharmonischem Gemengel in lauter
TSCF1AED52C598,0,spacing,surveillance et ces soins à donner à la ma-
TSE0BE32BF0CFD,1,none,"gewesen, geschweige sie selbst vollführt habe."
TSDAFD33408811,0,punctuation,„Le sergent-clairon Joly a été blessé à la
TS5E44070BD6EB,0,deletion,00 S. 0 Pf. - Heu per 100 Kil. 0 Thlr. 0 Sgr. 0 Pfd.
TS14C97F22B2BD,1,none,tivité pour se rendre maître de l’élément des-
TS2B17F11F746F,0,deletion,soulager les nombreuses et poignantes mi-
TS05E8B7AAAE63,0,substitution,"Atom ist, erhebt er seine Stime, die das Gepräge"
TS47CDD823DB6C,0,substitution,"celle-là existera toujours, et, si quelqu’un osait la"
TSA05DBB16DACB,1,none,vielgepriesenen und vielgesungenen vaterländischen und nationalen
TS668D7CC7D723,0,punctuation,le sang de l’Arabe libre et fier s’est allié au noble
TS079058EF9289,1,none,"caille, dont la fabrication ne peut remonter"
TS03BB3D7D6E21,0,deletion,"peine couvrir les frais d’exploitation. Ceux qui, con-"
TSA48461BBD09D,0,substitution,"droits vont être solennellement consacrés, dans une"
TS7CF97C88B683,1,none,le gouvernement.
TS3FFB1A9DF7DC,0,deletion,»L’Europe a admiré vous efforts dans les
TS22C6493C9A60,0,substitution,"ce n’était pas la mode, reprit-il: je me le blâme pas"
TSD299C994613D,1,none,Wahl schützen. Ferner begreifen wir überhaupt keine
TSB2B1FBEF1421,0,mixed,nicht sind. Unegrenzt öffnet sich die Zukunft vor
TS5DC1BF5357EF,1,none,"mit ziemlichem Nachdruck und läßt, aus Wind un Wolken⸗"
TSD3CC1B93AADF,0,insertion,"me science à l’école normale, à l’instar de ce qu’on a"
TS1E8F97DD0A35,1,none,"die Meinungen so weit auseinander, stehen so"
TS6791CDC3068F,0,substitution,d’une porte qu’on brise; quelques cris
TS424385F05E0E,1,none,"Echternach, Preis im Deutschen."
TS01E903555D03,0,punctuation,"Marnach; Michel Ernst, de Dalhei; Nicolas Grobschmit,"
TS2A698CF9F296,0,deletion,de. eff. 39½ Thlr. per 130 Quart a 90%.
TSB9FDEA194019,1,none,Art. 2. Die Oberförster d’Olimart und Feyder be⸗
TSDC7B440F1649,0,substitution,Die Grundsteuer⸗Umlage hatte bekanntlich sei⸗
TS2D9953048A04,1,none,"Plötzlich bleibt unser Held stehen, stampft mit dem Fuß auf"
TS6493A6B07616,0,insertion,"position du Saint-Père, qui l’a acceptée, cette"
TS92BC02A4B86B,0,substitution,"hiernach nothwendig geworden zu sein, und es sollen"
TS53BAA27411E2,1,none,"oder Commissäre von Entrepots, als Waffencontroleure, als"
TS65E203FD11C0,1,none,charité rofessé par les confrères. (Il est possible que
TSCE9516310B3F,0,substitution,überzeugt hätten; dazu sei in militärischer Weise ge⸗
TSA86D5E99F5B5,0,spacing,"vor Kurzemehrend gedachten, ist in der Blüthe des männ⸗"
TS42F4B52E543D,0,deletion,Bombay sont du 28 mars. La ville de Ca-
TS6A96DF8194DF,0,spacing,"Le public, qui possède d’excellents appréciateurs, n’au-"
TSFF5FC77ED7E8,1,none,"un instant à répondre, que l’intérêt de la société, bien en-"
TS825459AC788B,0,deletion,"grande institution religieuse, mais il croit que"
TS5A49C27A663D,1,none,halb dem Gemeinderathe zu wähten. Nun aber hat
TSBF3293A56EC7,0,insertion,Pour se concilier avec le requé-
TS8ED2208F9D39,0,substitution,zu hohen Preisen wieder zu verkaufen!” Um
TS1CA98D705931,1,none,"points, tandis que celle de 1856 était le"
TSADEF08E2E6DD,0,substitution,"M. Jeffersom-Davis, dans son Message au"
TSC0C86E35D117,0,punctuation,für sich herrlichsten Handlungen entkräftet werden und all⸗
TS02B89172A7A7,0,deletion,pourra pas dire au moins qu’il succombe sous
TS015B40949C81,0,insertion,"Wenn er um den lockern Dirnen gar,"
TSE2152895FEC1,0,deletion,der Leitung des verdienten Domkapellemeisters
TSF8FEE3C9485A,0,insertion,"42 francs - est mainten, et ce ne sont"
TS291669208193,0,substitution,doch erhielten 5 derselben täglich unter das
TSD6B0FCA90B18,0,diacritic,daß der Abbe
TSCC6407994731,0,deletion,einstimmend überliefert ist. Wir haben so für
TS2D1EDEF12BAE,0,spacing,rompues la veille entre Saint-Martin et
TS41B50593D889,1,none,so nutzlosen und mörderischen Kampfe dadurch ein
TSF810896D4AB3,0,substitution,"céder l’exploitation de son industrie, sans"
TS717111DA0A55,1,none,"Qu’à la requête du sieur Jean Juttel, négo-"
TS56204FF0DE11,1,none,"als Erfinder des Spruches Autorität, nicht Ma⸗"
TS45E51C0B628B,0,insertion,considérablement et la navigation est re-
TS666B240B7343,1,none,Licht kommen. Der Capitän wurde gehangen nicht
TS0456EF5B0AAB,0,substitution,"„Ich war ein Kind noch,“ entschuldigte Clotilde,"
TS0D73A63A89CD,1,none,près de la lieutenance de Sicile.
TS7B7AE37F7928,1,none,cause de la pente raide de ce versant. Je l’ai
TSCB426197F31C,1,none,"lich übel um’s Herz, durch seine unmöglichen Phrasen und Gesten."
TS7B279FE912F2,1,none,MER5CH.
TS7BB75ED17057,1,none,"geht, ihnen fehlt ein Einigungspunkt, sie werden"
TSF637554D7A97,0,punctuation,d’Esch à Arlon il y a si nous ne nous
TS610E288F403D,0,spacing,"nach gerade jetzt außer Zweifel sein. „Die Revolution,"
TSA41A5EF1A7ED,1,none,éconoistes pour réclamer au profit de l’hom-
TSD44AAE36D775,1,none,Mittel bezeichnet um die Armee in den Stand
TS9F0B8A65F984,1,none,sa meilleure réponse par l’inspection de la
TSE32BC057912B,0,mixed,"Jean Zeltinger, laboureurs, Jean Gerges Mul-"
TSADC6DD3C6A8A,1,none,"raine et de l’approbation législative, et d’autre"
TS08463F0C65EB,0,substitution,"Quelques jours après son arrestation, il"
TS10DDBB424930,0,substitution,"für unser Land höchst gefährlich zu sein, eine oder die"
TS8C2BD298196D,0,spacing,"On écrit de Paris, 28 février, à l’Indépen-"
TSB373948BE43F,0,insertion,"Jean Winand, de Welscheid; Constant Wolff, de Cler-"
TSF1AC50B7EDA7,1,none,ruine; „le bras diligent - dit l’Ecclésiast
TSBF4031F9B507,1,none,"en, Anstemmen und dergleichen, wie es eine so"
TS7CD5909A4ED4,0,substitution,"„ombreuse, toute pleine de bruits mystérieux, de cris bi-"
TS54DD33B1B111,0,spacing,dieses Loch eben jetzt durch die
TSEF8E5A34C0F8,0,deletion,"en deux parties, et il fut établi, par l’arrêté ministériel prérappelé, en Recueil"
TSE6C9E14D30DC,0,spacing,"Une heure après, Paul dormait, comme"
TSB913329EAE11,1,none,"mit der Untersuchung beauftragen, weil wir glauben,"
TSDF1B9694693B,1,none,"projets, il n’y avait plus de sécurité pour"
TS2D7E8D716E84,1,none,Je prévois le résultat qu’aura notre pro-
TS8EB19E1E7B18,1,none,"la cachent de leur mieux, et il est certains petits faits"
TS0041AFCA1945,1,none,"lischen Kirchen von Holland, an welchen Orten"
TS8B9418E67697,1,none,"dustrie et de persévérance, de vigilance et d’activité,"
TSE55D88077DE2,1,none,être fixée. Le Gouvernement promet au sur-
TSB065C29EA147,0,insertion,"du Grand Luxembourg. Cette réduction,"
TSFEEF43244B66,0,substitution,d’indignationet ont songé à faire oublier
TSBEA032475FCF,0,spacing,où elle se renden mission.
TS6F83CA6CA3F8,0,diacritic,"se sont dépouillés pour lui, et lui"
TS2031146A9DCF,0,deletion,projets de budget sont soumis à la Chambre
TS29D0E3E4DF7B,1,none,"sultat, que de discours, protestations, notes, con-"
TS7E20B30D2778,0,substitution,elles le méritent.
TS49F638D3DD4A,0,substitution,cher les traces des prétendus dangers qu’of-
TS9D0DE2EFE44D,0,punctuation,Si j’enviens à la préférence que dans son for-
TS9F54F404D8FB,0,insertion,"allgemeine Aufmerksamkeit auf sich zieht, stehen oben an die"
TS4D6A609973AB,0,substitution,"Farin 16 - 17, gelb do. 14 5/10 hellbraun"
TS55450C1C77C0,0,punctuation,"Trieste, 17 avril. Le paquebot u Levant"
TS2877F4FC2056,0,substitution,"Wiltz, le 23 mai 1872."
TSECAF7C93B1CB,1,none,les a un jour signalées elle-même aux sou-
TS47C143A432FC,0,substitution,chargement et le déchargement successifs dans plu-
TS6F65811227D1,1,none,wurde der Abg. Twesten auf Antrag der Staats⸗
TS5C307C4E98EA,0,substitution,"lui seront bientôt ouvertes; on ne calomnie, on ne"
TS6B3786743C52,0,punctuation,tientt toujours
TS9E98D3E50164,1,none,son symbole et son flambeau. Lorsque Rome
TS3FD084E26636,0,spacing,le ministère n’a fait que des réponses évasives.
TS06C778140D33,1,none,supérieure de ses produits ou par l’abais-
TSBC58B7C19B9B,1,none,"hatte, daß der Pfarrer in die Nebenstube abgegangen"
TS6656C428FB68,0,deletion,"un état de surexcitation très visible, il était"
TSFBC4C962E092,0,insertion,Unsere Stände waren zu diesen Vorbehalten ge⸗
TSB3D1604ADC81,0,mixed,l’on a offensé en elle le droit et l’honneur
TSED88D745F6AD,0,substitution,"pach. - Accessit, Jean Meyers, de Stegen."
TSD59688BA9BF1,1,none,Mai - bz. 63/4 B. 611/15 G.
TS46488A8B8304,0,spacing,"de M. de Bismark, adressée au président"
TS159776E012C6,0,insertion,"Neichen? Consequent hätte Jeder, der nur ein steuer⸗"
TS50C9647524E2,1,none,"und etwa 130 Morgen Ackerland, Garten,"
TS0EFB7D51B60D,1,none,Ist das Wer und Wie des tellens dieser Ka⸗
TS5C6C50D1BB0C,1,none,Récapitulons: (Er zählt auf den Fingern.)
TSF976A78065F1,1,none,des Musikvereins wurde die Tafel gegen 5 Uhr aufgehoben und der
TSCB620455A7E3,0,insertion,"merksam zu machen, aber nicht, die Schwierigkeit der"
TS78DB8B13C9BC,1,none,un mot. La proposition de M. Brasseur a
TS721CF9C7501D,1,none,braucht wohl keiner Erwähnung.
TS30F4BE084FD4,0,mixed,nistre de France La Haye et Mme Targent.
TSFE7FC4881626,1,none,"de sorte, que nous serons dans la même"
TSE32F094D8B93,1,none,macher auch.
TS324F7DE7FDBC,1,none,Schnepfen. Nun
TS55CF447123CB,0,spacing,"Witry, député, Echternach,"
TS45B8B66B1F48,0,substitution,lait avec Richard Brite et Moreville
TS99B486A56DF4,1,none,pressions.
TSDC99B7FAB413,0,insertion,Büdgets hat sich von vorne herein die Negung und
TSCF865B806052,0,punctuation,"noncé contre la réduction du temps, de"
TSFF7BF7657C2F,0,insertion,"l’Aigle, alouse de remplir d’abord ses propres en-"
TSB98F42222A05,1,none,zum Trolz:
TS64357FD524E7,0,spacing,"dessus de la valse dec Straus ou des contre danses de Musard,"
TS78DA2E80063F,0,substitution,"wurden in dieser Woche in der Münze 420,000 Dollars in"
TS138DE5BA2A27,1,none,fällt. Da nun einige der neuen Ausgaben die Ge-
TSE3F9B2EAE351,0,substitution,wo die Hoffnungen des italienischen Gesammt⸗Vater⸗
TSD47D250CB937,1,none,"wenn sie es rein, klar, unverletzt in das necepta-"
TSF0E7C645B0B6,1,none,dérante des ouvriers eux-mêmes donne au
TSC923FBDDA876,0,insertion,"bovine et porcine, les primes suivantes seront distri-"
TS2F8D7A8BAAB6,0,insertion,N’oublions pas que c’est par les formes légales que
TS0AE9113B3507,0,substitution,de ces nouvelles officielles se font peut-être.
TS012941F7370F,0,punctuation,"Paris, 22. April Der heutige Moniteur meldet,"
TS8DD38528D9B5,0,spacing,"Weiss Antoine, de Bissen."
TSFD883FCED331,0,deletion,puissances intervenir la Rome. On le com-
TS046A1D9DE78B,0,diacritic,Le cautionnement qui se trouve diminué doit
TSB017B9276FC5,0,spacing,"nous avons pour nous, comme la"
TS910D283E5E14,0,diacritic,"en compromettant le salut de toute l’Italie,"
TS0941828F6761,0,deletion,plus la Lorrance et l’Alsace qu’il lui faut
TSAB37650648DE,1,none,"übrigen Mächten Verbindlichkeiten auf, und da dieselben"
TSD39A45BE75B0,0,substitution,force ses dents dans ses bras.
TS2DF39D889A62,1,none,certitude dans les esprits.
TS7D30AEDF9AEF,0,mixed,des recette provenant actuellement des
TS703F110A34E8,0,deletion,"à son rang actuel, En présence d’une pareille"
TS710663DCAAF4,1,none,Die Stelle
TS3F9BF929602B,1,none,"Ist der Courrier berechtigt, fragen wir, er jetzigen"
TS945A41F16247,0,substitution,"cette conférence, M. Amersfoordt a fait l’his-"
TSB39ED4B3F43E,0,diacritic,"len umliegenden Dörfer, die die Hauptstadt mit"
TS091C5390AB5A,0,insertion,bien ce que je vous dis. A wann dir den au de Lob kâft
TS4C6725CDB5C8,1,none,On donne comme certain que le contin-
TS1914DD071EBA,1,none,ließ sich ein vorwitziger Bergmenn in den Schacht
TS3062AE24D670,0,substitution,tung auf genügende Weise.
TS94EFAE233BDC,1,none,"eine Bedeutung haben sollen, gehören ebenfalls"
TS93C4055D77B3,0,insertion,"tinger, Gattin von Mathias Geth, Ackerer, alt 72"
TS633E1D5BA92B,1,none,00-00 0/0; sur Belgique (court)
TSBA7F506B3EC4,1,none,Signification et dénonciation a
TS22408001C116,0,substitution,den Westen Deutschlands gesichert. Im Norden der
TS3D6C1BDC1978,1,none,"JURION, fils; TSCHIDERER, LÆIS."
TS2883D820DBBE,0,deletion,sique de donner les trois noms demandés; et si
TS6B713A82F38E,0,substitution,"louer sa maison plus cher, quitte à nous jeter dehors"
TS23E1FDBB47D7,0,substitution,"l’Union libérale avant les élections, afin que"
TS82FD02ED0A6F,1,none,gesetzt. Derselbe ließ sofort antworten und der Witwe
TS2C933662D2A5,0,insertion,La compagnie est présentée à Luxembourg par
TS813E6D15138F,1,none,ces lieux élevés étant découpés et divises en
TS78ACE8BF3844,1,none,"un mot, de notre assemblée nationale constituante. Ce"
TS3D115F27F071,1,none,manifestent en opposition à celles que patrone le
TS147503870ECE,1,none,primer la pest bovine produira le résultat
TSA003DC692CB4,0,insertion,teurs de Newgate - Il a reçu vingt-
TSEDA59FC5C20E,0,substitution,qu’a celui de Vienne.
TS9321604647DB,0,spacing,„Es war am 22 Januar 1632 ich habe den
TSF0B8C7A26857,1,none,"Trümmern hergeschwemmt habe, die von dem Quarz in"
TS121DAFD07CD1,0,punctuation,- Il nous reste encore quarante-trois sous! dit la
TS36FE187B400D,1,none,"400 Kanonen bewaffnet, die Garnison besteht aus"
TS03ED33F812A2,0,diacritic,soin. Ich werde Euren Bruder für
TS17C2AC762D19,1,none,"le théâtre entre la France et l’Autriche, et qui"
TSBD9CB1F83CA0,0,spacing,"baretiers à Haut-Martelange,"
TS869982C91B49,0,deletion,"zeit“, mais dât mat esó èngem niederträchteche preiseschen Accènt, dass"
TS495EFF7014D2,1,none,une ordonnance du ministère qui con-
TS247E1D13DE30,1,none,republikanischen Jugend in die Reihen der Ar⸗
TSE0FC40DD68C9,0,substitution,"cette fuite mystérieuse, celle remarqua que"
TS095E8430333C,1,none,tendues
TSBC659AB277C1,0,substitution,"D’Kètté. Mon Dieu, Mimi, wât gin ech dann dervu soen?"
TSDF25308D3315,1,none,quel se trouve la régence continuerait à
TSA0BEC83F099A,1,none,dirigé sur Madrid avec une mission du capi-
TSC52E30E76AA9,0,insertion,und die Päpstlichen veragt haben und letztere nach
TSF8C74BCAD6B1,0,deletion,"tion de Wiltz, a eu lieu parcellainement et en"
TSAC400DB60C7D,0,diacritic,"Kriegskosten sind bisher, wie man aus guter"
TSACC7479ADC38,0,substitution,d’Augustenbourg.
TSB5FD23AC9947,1,none,"wandelte gewiß er hätte von seinem Barden erhabeneren Sang verlangt,"
TS6A9C60EF7F30,1,none,"900. - Orge, l’hectolitrefr. 17-50."
TS417CADA9FB99,0,deletion,en vue continuera à rester le but de ses sé-
TSCE2AD05DB0A2,0,deletion,der freien Herr
TSE827C8FBD959,0,diacritic,ment de s’attirer.
TS7F00FFA931DF,1,none,queses vicaires.
TSC9BB6AE8B6AE,1,none,ture ou le ba ptême chismatique.
TSE5FAA1E1585A,0,substitution,être complétement ach vés avant 1871.
TS5AF6487B102B,0,insertion,"vers l’Est, aboutit vers le Nord à Jean Reuland et"
TS621B9A86A4A8,1,none,nehmen ohne mehr zu muxen. Es ist übrigens das
TS38B8AABBE734,0,spacing,pourvoit à ce qui est
TSB62636A2C3B9,0,insertion,"Amtssachen in eine Filiale, so sind ihm zwei"
TSD4C8BDE41D09,1,none,maçons. MM. Serta et compagnie ont-ils connaissance
TSFDF99E264D67,0,substitution,dessen Worte wir aus Gerbert de cantu et musica..
TS421904F32F87,0,punctuation,"M. Tirard, ne le regrette point. Mais d’autres"
TS67008402C0B8,0,punctuation,"zenden, weltlichen Musik zu bewältige und sich"
TS10100947164E,1,none,1. Am dritten Sonntage im Advent genannt
TSC1EBB0292B40,0,substitution,"nun auch thun, und werden wir seine Leistungen um so ausführ⸗"
TSB91A75FC6FA7,0,punctuation,Goldregionen von Californien geflutet und eine Unmasse von
TS05BF9AC1D706,0,spacing,"coup la conduite du consul de France qui, parfaitement"
TS60DE43F62B42,0,substitution,daß der Staat je der Arbeitgeber werde) -; ebenso
TS47C4E8E378D3,1,none,"mains, s’écriait:"
TSE47041F15509,0,substitution,der die Debatten zu Protokoll nimmt.
TSD31A4FBA1238,1,none,"19 a 20, hellgelb 171/5, gelb 16½, hellbraun 15½ Thlr. Syrôp"
TS80A337E70D69,0,diacritic,n’est pas abandonnée à la spéculation et à l’appréciation
TS2065A4B7F4FF,1,none,Darlehne gegen Unter-
TSBC64BFEC089E,0,substitution,puissances étrangères ont conservé constam-
TS78BBEB92AD2A,0,deletion,moyens extraordinaires.
TS3E81DB7A429A,1,none,m’engage à faliciter les paiements selon les per-
TS95A685BC0492,1,none,"Juni⸗Juli I6½ B., I61/5 G."
TS61FEF55A46A8,1,none,je ne reconnai au-dessus de moi que le Pape et
TS57534462900E,1,none,"trois Janvier 1845, signifié à avoué par exploit"
TSE0790FD1D2C5,0,substitution,nien der Frankfurter hinweg nach Mainz in die St.⸗
TSA1ED954801F4,0,punctuation,glement de la dette des anciennes provinces
TS9913AAA8A925,0,substitution,"charges, a été fixée par les vendeurs au 4 jan-"
TSFD626FEDBB79,1,none,pas avoir certains égards aux décisions prises
TSD77076BDBBF8,1,none,afin de pouvoir enfin obtenir des prix raison-
TSBAF03F68875B,0,substitution,ses petits la suivaient. La foule reste immo-
TS7BF9B967BFD0,0,substitution,de questions importantes.
TS6C021902F516,1,none,CCet éloge lui causa un chatouillement
TS8FBA2C296171,1,none,"cadavre sera vu des deux Amériques. Ah tu me braves,"
TSEDDCCF9434D8,0,substitution,"44-05 - 8 p. e. Espag. extèr., 18 1/4. - Banq.franco-"
TS5A4BD9DA2098,0,substitution,Der erlauchte Fremdling setzte dann seine Reise
TS30BBD3732166,0,deletion,est l’une des trois grandes machines qui
TS87A6CEBB49A1,1,none,"section de Kaundorff, lez Buder-"
TS9954C0CEE1A5,1,none,"c’est commettre une injustice criante,"
TSC031FD7278C6,1,none,die Schieß schaproniren. Fleitet ihm drup! Mecht Eire Gar⸗
TS13AB540E6BAA,1,none,morceaux sont mis à l’étude avec empresse-
TSCAF0FB6DB918,0,insertion,"pas s’engager dans une politique qui, déjà fa-"
TS4EF6104E2FF3,0,deletion,Le point de la route impériale a été rompu
TS1C8D2E865BE1,1,none,tischen und ähnlichen Zwecken verwendeten Sorten. Unter
TS68D59A9EC85A,0,spacing,trouvait toujours une femme. Yat-il une femme dans
TS923C2C384C97,1,none,"des Arbeiters vom Brodgeber herrührt, nicht unschäd⸗"
TS487862B14FBC,0,deletion,que... de Thomas Becket?
TS6DC67C0C5A50,0,mixed,"nen’s nicht hindern, obschon es nicht wünschens-"
TSDD4F445FA73A,0,substitution,6. Alt⸗Solo: Arie aus „Elias“ von Mendelssohn.
TS48DDDDAA5877,1,none,un jugement très-grave que la Chambre a
TS177147293A24,0,substitution,çais passera incognite par le Tyrol ita-
TS76FC667AC51A,0,mixed,"Wò Wele a Fîs op de Muort kommen,"
TS5D2963387A0A,0,deletion,"tonlosen Vocalen in und e, welche allerdings mei-"
TSE889A6925E75,0,diacritic,ce travestissement n’est absolument du qu’à
TS41779EF1661D,0,insertion,tion an den Mauern Rom
TS28C35A8330DB,1,none,ments qui ont marqué l’intervalle entre votre ses
TS017DBDBBDF9D,0,mixed,"nung, welcher den Rednern untersagt, mehr als"
TS693634170438,0,substitution,M. le marquis de Piré répond qu’avant de
TSC225E4483B66,1,none,"che nach Regensburg gesandt wurden, um unter"
TS0F8AA0589228,1,none,neuen Jahrgang vorgelegt. Zur angenehmsten
TSDFCEDF51C2FC,1,none,"tag, den 3. October künftig, statt."
TS4EC591995347,1,none,"piers⸗Corps den Oberstadt Luxemburg, Ost⸗Section,"
TSE177B6CD6232,0,deletion,ordonner à la Société de crédit foncier de P-
TS30F5D0091524,0,substitution,mencer. De là la connaissance des principes de l’agri-
TS712A2F8B05CA,0,punctuation,Smith sortit la tête basse.
TSE8A797E34A51,1,none,vant:
TS3BCA2B73CFBC,0,punctuation,S. M. C. Musicus genannt. Dass er ungefähr drei-
TSC7C7F65FDCE6,1,none,daß nach Ablauf von 5 Monaten für 1
TSB2C3363DEE4D,0,substitution,"verheemlecht get, an dass en Alles weesz. Eh bien, deen huot mir ge-"
TS400BABA7C937,0,insertion,lachen muß.
TS3A59E5215245,1,none,"rief der Greis, mehr als ein Mensch aussagen kann,"
TSF78DCBB5CEA9,0,diacritic,"le premier chevalier du royaume! En effet, en est-il"
TS834D7146EAC6,1,none,Anstalt empfohlen. Der Vater des jungen Matrosen
TS84F872B8A064,1,none,On écrit de Saint-Pétersbourg au Journal
TS6EC2FD7731D2,0,mixed,concertées pour faire parvenir aux hommes
TSAAC0781FA51E,0,spacing,wird man auf dem Capitol die Friedenshymne singen
TS3906B87DECC0,0,substitution,cations avancée de Frederickstadt et de
TS4A9209D2A963,1,none,"„aimé, caressé, fêté, choyé, mijoté, dorloté, tout le monde"
TS95F8805224A0,0,deletion,"Herz, négociant, Oberstein,"
TSD50D44211F85,0,deletion,D’Wiéder auf nun och ferbei.
TS8C1E61209D2D,1,none,"samen Ereignisse, sondern auch die seelenlo⸗"
TS1D4FACAF0705,0,insertion,"Einen schen Blick warf er auf die Dame, durch⸗"
TS649E52D36805,0,substitution,"polt; 4e, Reiff Français, d’Ettelbrück; 5e, Michaëlis"
TSD69971D95CA2,0,spacing,Der aus der großen französischen Revolution hervorge⸗
TSD3B425C96FE0,1,none,"fr. 1,20, chiffre qui représente une taxe"
TS323488C29094,0,diacritic,zu bewältigenden Schwierigkeiten nicht hinreichend
TSFE0C7A22D897,0,diacritic,pour faire monter les eaux de la rivière
TS5BEA7C784D26,1,none,du 15 septembre. L’avenir saura de quel côté
TS73774CD91083,0,substitution,"oder der; „Mum Sés“ zu haben, obgleich darin auch wohl hin"
TS98D311F9CF4F,0,substitution,Rang und Gehalt der Minister im Ant; sie gehören
TSF92AF97DA162,1,none,avait publié un correspondance injurieuse pour
TSBAF5A2FB9A01,0,spacing,"- Miss Cécilia, dit le vieil Andrew en lui serrant la"
TSDC94008FAE3D,0,insertion,deviendra bientôt une spéculation profitable et
TS0F0BE8AB52AA,1,none,au bruit en circulation une grande consis-
TSB0F43C97E743,1,none,Präs.: Kommen Sie doch endlich zur Sache.
TS077B91D2A4C0,0,deletion,"das Geschwader, mit Ausnahme von weit bis drei"
TS619F9BFC0031,1,none,que la chambre avait voté une loi pour
TS2FCEB9E61D13,0,spacing,par le général Dumont et par les autorités
TSA85F745A8945,1,none,de la physique est devenue un besoin si nécessaire pour tout le
TS1580D08CA711,0,insertion,unes. (On rit.)
TSF59254B8B244,0,diacritic,"solche, welche längere Zeit Werth behalten,"
TSA015B84C6CA4,1,none,"bis nach Mersch, der im Ganzen eine Länge von 279,712"
TSDB36A5B8ED2B,0,substitution,"d’empêcher, tout cela n’est qu’une puérile invention."
TS2FBE9070CB09,0,substitution,"erfüllt, ich sah den Helden und seine Königin und"
TS5B52AA3E783E,1,none,"diesem Erdtheile haben, zu schaden. Wir haben"
TS205D532084EC,0,insertion,douaire. En cas de mort du prince durant la
TS34143215CCA9,1,none,behaupten.
TSFC77ACE7998D,1,none,ßerst geringe Menge von Bohnen und Bohen⸗
TS064CBB396790,0,diacritic,März 22. Passionssonntag. Messe von Gabrieli.
TS5619FCAF5742,1,none,dans le débat; elle se borne à rapporter
TS2FAD0F54D8F3,1,none,il le reçoit le fer en main et l’injure à la
TS5FE164FB007B,1,none,"l’enfant qui les accompagnaient, ne sont resstés à"
TSEBBDFC0F5A98,1,none,"cher, moi qui l’ai vu grandir, et qui ne t’ais jamais"
TS04278889C561,0,spacing,"Trier, die älteste der deutschen Städte, ist und bleibt"
TSFB894BB93202,1,none,"Frage. Die Unterhandlungen, welche die engli⸗"
TS94E50484ABA1,1,none,"bien nous apprendre les intentions du pays,"
TS4191B0C86328,0,insertion,établi son quartien-général à Publa.
TSA8CFCF10786B,1,none,Glanz der
TSF85FB562994B,0,insertion,gre autant que du tartare.
TS2194ECF7FC7C,0,substitution,"es aus ganzen Herzen“, antwortete der Kö⸗"
TSA743A919F1DE,1,none,"jeder der Anwesonden sich betheiligte, ging folgendes"
TSF694694CF5C5,1,none,Behacken während der Vegetationszeit gepflegt. Dern größere
TSDBB26287E502,0,substitution,teurs. Nous attendrons pour nous émouvoir que ces
TS8D97A0600BFD,1,none,"En somme, tout nous permet d’espérer une année"
TS2083524B916E,0,deletion,zog seine Frau nicht gesehen
TS617B5C9E6FAE,1,none,"riaux des 30 mars 1806, 20 avril 1810, 6 juillet 1810 et"
TS7775B2DB8B23,0,substitution,sur ce terrain que sur la question personnelle au
TSFF702A558EDD,0,spacing,breuil. Eh bien! c’est une méchante femme. Depuis que
TSCFE67EE2A5C9,1,none,Schülerin am Pianoforte. Als dieselbe einmal das gis der
TS3B9FACA609F8,1,none,Par autorisation du collége des bourg-
TSB4CBD732D5A0,1,none,"der 1750er Jahre datirt, scheinen den Cabinets⸗"
TS554330E756A0,1,none,die man zur Verhütung anwenden könne. Als
TS5FCAB40C3D81,0,diacritic,que le dit tiers-saisi Meyers affirmera
TS1D71F341B7B3,0,spacing,"lent, entsprechende musikalische Vorbildung, regen"
TS3060731EFE06,0,substitution,Entweder müsse die Lombardei sofort wieder er⸗
TSE7461981AC71,0,diacritic,Landtage wegen Verweigerung eines ehrlichen
TS578EEA026565,1,none,"ce pays; il reconnaît ses droits imprescriptibles,"
TS8E5DEE444715,0,mixed,M. Danreprésentant de la France au
TSB7E9BD6F7672,1,none,und der einzelnen geistlichen Corporationen die
TS9AFA4606A979,0,punctuation,tous les deux demeurant à Diekirch.
TS6F79DCCC10AF,1,none,das erste Mal daß es dem jungen Fürsten beschieden
TS012E9C8B01CC,0,spacing,ihrem dem Allerhöchsten geltenden Culte ent-
TS99AACA41187B,1,none,"restaurer, raconté qu’ils avaiennt été convoqués en ce"
TSDA79D789D952,0,substitution,Abandonner la capitale du monde catholi-
TSF8428DEC6C7C,0,substitution,kommen wissen. -
TS5BB9C5665C91,1,none,Feiertages im Advent oder de Fasten nicht wei-
TS59CF4A15D8D8,0,insertion,Grund und Boden meines Reiches einfinden
TS5BCFECF0A6B8,0,punctuation,"born, poursuivant l’ordre dont"
TSB1AD58961680,0,insertion,allions-nous autour de l’assemblée et qu’elle soit
TS23FCE52340F3,0,punctuation,tions contractées par le fait de la présente con-
TSBA9214D94F6B,0,insertion,ich gehe und halte für
TS0907E1A8BF8F,0,substitution,lange n’a pas été étrangère à cet accident
TS3DDE872FF90A,0,insertion,- Durch ein Gesetz vom 14. Dezember 1861
TS9BB7563618CF,0,substitution,lichste Stellung gegen die Regierung einnehmen.
TS7ED309AF580B,0,substitution,"erledigt, sondern auf vierzehn Tage ver⸗"
TS946F463311DE,1,none,scripten - derren Durchsicht übrigens bei man-
TS6F4E4E06D03A,0,mixed,"gewöhnlich, Genügthung begehrt, die zugesagt"
TS0815A6D42A67,1,none,fands américains sont venus en baisse de
TS52774E4185C5,1,none,Debatten des Senats und des gesetzgebendenn Körpers
TS9A9EBFE0F993,1,none,"tuel des partis, aucun n’est prêt à lui succéder. Pour"
TS3A76D9CB7357,1,none,der fraglichen Manuscripte kann ich noch Folgen-
TS3982323F70DF,1,none,„son me faisait plerer.“-
TS153BD1C161B4,0,spacing,aucune épreuve. Le secondeut le sort du bremier. Les
TS7889C1AECC18,1,none,pas ce soir souper chez les morts... Cent
TSE36148E6405B,1,none,"demeurant, en date du dix Mai 1845."
TSCBF1CF2C8962,0,deletion,eût fallu se mettre d’accord entre eux;
TS72B44C51D4BC,1,none,(Corr. du N.-E.)
TS225B9C10327E,0,substitution,"son. On donne même des détails, on dit qu’il"
TSBED05857055B,0,punctuation,"burg, formulirten, nämlich da volle Anrecht der Kirche"
TSDDA0E345B748,0,deletion,Le confrère de la rue des Courés a été
TS8CB92C687384,0,substitution,séance de la conférence. La Nouvelle Presse
TSDA7A61B125B8,0,substitution,"golese, Palästrina u. Gregorrie Allegri, drei-"
TSB032D5623337,1,none,"1) Jean Weins-Hecken, 2) son épouse Madelaine La"
TSAE5EE48C6615,1,none,"müssen, welch’ heisse und longwierige Kämpfe es"
TS410AF749E23A,0,substitution,lement percé de trous circulaires.
TSD558650CF46E,0,insertion,diteur
TS5727116A97E2,1,none,"zusammen so kann man annehmen, daß, so wie"
TS099F92B09DFD,0,substitution,"Arme leichtfertiger Mädchen, die scheußlichsten Lieder schrei⸗"
TS01B681EF712D,0,substitution,len; il a mis sous les yeux de ses audi-
TSFA07361DD3D6,0,substitution,"lauscht, und im Stillen seine hehrren Weisen nachzuahmen sucht."
TS4E963CE7E484,0,substitution,"gleterre et de Russie, est arrivée hier matin"
TS24F2F1ECF8D6,1,none,- Vous avez reçu une lettre de Madame de Cham-
TS1847D4C495C4,0,mixed,musikalischen Biblitheken durch Anschaffung dieses
TS2BD9407C5125,0,substitution,pas intimider par ceux qui suppléent à
TSFB0F8A4A627B,0,substitution,"erlitten, ist so unbedeutend, daß man sich un⸗"
TS518444C8EEA9,0,deletion,Bequemlichkeit zu bescherbergen.
TS0A5A0469BF69,1,none,11 vor der Brüsseler und 6 vor der Kölner Uhr.
TSDEC772652838,1,none,"ministres, soit dans les meilleures condi-"
TS9BF2B81ECAD2,0,punctuation,"werden sogar meistens die fünf Psalmen, als nur"
TSBF45328AD2E1,1,none,"desUnter⸗ und Obermoselers und der Hinfälligkeit jeglichen Hummers, Laxes"
TS5B741257C4B4,0,substitution,Das „Wort“ drückt sich über die Vorladung des
TS8EF81A6C0870,0,substitution,"(Montagnes brûlées), et se trouve à six du"
TS5D668910D1D2,0,substitution,ment qu’ils veuient se poser en organe de
TS97CB6A594920,0,substitution,"En tout cas, j’aurais été bien aisé de voir"
TSFABB8012D07B,1,none,La Gazette officielle de Turin publie le dé-
TSD692627341A1,1,none,"que ressort-il clairement, manifestement des faits?"
TS32D544CBFD48,0,substitution,schah aus Monte⸗Video ein Ausfall unter dem
TSD5CC834067CB,0,spacing,zig am Schluß zu sehr gedrückten Preisen mit 1 Thlr
TSCA9E38C3567E,0,insertion,besagte genten dieselben nur in Begleitung eines
TS78ACFEC8C6FB,0,insertion,son journal ou recueil périodique sans aditions
TS8F15BBC6EE91,0,spacing,"comme vous, d’une impression qui s’est produite,"
TSF7317EA1C6C8,0,deletion,vollzogen werden. Der h Basilius drückt dies in
TS47B332CEA4E9,1,none,itali-änischen Werke an von dem Missionspriester
TSFBE9BBB7C052,0,insertion,conseil exécutif de l’Etat et dans les deux Chambres; je
TS79F44937C1E0,0,substitution,en or. L’honnête ouvrier s’empressa de porter
TS729965D38F41,1,none,pellationsgericht und dem Ober⸗Staatsau⸗
TS91D10038C146,1,none,"werden, die Zucht doch wenig Ausgezeichnetes liefert. Die"
TSF0308E858436,1,none,wiesen wird die ausdrückliche Erlaubniss des
TS26497BFC4449,0,spacing,Le but moral qu’on se propose est chimerique et le re-
TS3F95B9435893,0,substitution,devra quitter Saint-Pétersbourg avec tout le person-
TS193C499FF74A,0,deletion,"moins pour nous comme nécessaires, ne le se-"
TSEA4116A47DE6,0,insertion,- Ueber den Schauplatz des Kampfes der Vereinigten
TS651127068011,0,spacing,"der gewählt werden kann, wird mit Verwerfung"
TS66D28865B8DC,0,punctuation,"La diligence de Luxembourg, pour la Belgique partira"
TS3BF57574ACDC,1,none,"man, wie man versichert, gegenwärtig aus den englischen"
TSFE9EAA662FC5,1,none,"cher von Neapel ausgelaufen ist, umin den Gewäs⸗"
TSF1DF19037BE5,0,mixed,"seien, und darauf mündlich der schriftlich die"
TS3E08D75E4FE6,1,none,"reichende Hülfsquellen zu verfügen, um seine Armee"
TSF79A2E82F0BB,0,deletion,Le bonhomme maugréait tout en disposant
TS83057DB1729C,0,insertion,"noch in dichten, dunkeln Neben schwebt."
TS1B4ECC66B192,0,deletion,pourra revenir à Berlin avant la seconde quinzaine
TS889CA25D5C83,0,insertion,Freude und herzlich hieß sie den schönen wilden Ein⸗
TS3EB74C0CD0EA,1,none,"reçu jusqu’ici un très-bon accueil du public,"
TSD2C202B54AC2,1,none,beaucoup de bien au pays.»
TSD25F165BDE27,1,none,"Weizen niedriger, eff. hies. 10 B., fremder 9.12"
TSE857EFC7B300,0,substitution,Gld. Hierzu kommen noch an den Ort gebun⸗
TS0EC82584EE04,1,none,"Cette certitude rassura un peu Marie Touchet,"
TSE8850D23E9BC,1,none,"Durchsichtigkeit darin, und an manche Stellen"
TSD5A9F8C2FA07,1,none,"schreibt, 3. an denjenigen einfallenden Feier-"
TSEB576D37C139,0,substitution,"son, mais il fut grandement surpris de ne"
TSCD41777A9870,1,none,"accompli, les trois cours de Paris, de Vienne et de"
TSEB15A2988CA4,1,none,Die diesjährige Arbeiten der Körungs⸗Commis⸗
TSE607FA172476,0,deletion,„des pommes de terre sous la cerendre et on racontait ces
TSA943468543FE,0,substitution,le dit règlement provisoire.
TSDF603693C844,0,deletion,demuht war. Der Thater ward der badischen
TSE12DE7EEEF5A,0,punctuation,italiens indignes de leur pays. Le
TSFA34737A0F57,0,punctuation,"soit sur la place publique, soit à l’église servir de"
TS484DDC5E0827,0,substitution,"culture se propagera dans nos compagnes, et avec"
TSFC11D67EF245,1,none,"u. 11. trat ein starkes Schneegestöber ein, und am Morgen"
TS008F5D78E7F0,1,none,à sept cents habitants par lieue carrée.
TSCBFBF04E16C8,0,substitution,du jury; mais le fait est que le procureur
TSBD9947C9C053,0,insertion,Algier soll dieses Jahr die Ehre des Besuch des Prin-
TS3926932792D1,0,diacritic,"sique du bataillon des chasseurs, et des sociétés"
TSFF2A407344A9,0,diacritic,und Montenegrinern gemischte Commission nie⸗
TS364B36F6D6E4,1,none,- Je ne suis que le serviteur de ce gentilhomme
TS6F6A7690D626,1,none,"rêté aux courses d’Ascot, et incarcéré dans"
TSBEF3FB17AEC6,0,spacing,"tung verschönert, die ganze Dekonomie des Blattes"
TSB2FD0B5ACDA0,0,substitution,ses vêtements étaient couverts de poussière.
TS997F7335D11A,0,insertion,der Prinz vom Schöffenrathe und dem Hrn. Pastor an der Spitze
TSEB268DA144CB,0,spacing,ler pour constater l’excution du dit arrêt et
TS44CB7986C668,1,none,faites passe un malheureux pédicure cherchannt pi-
TS37249684DCAF,0,spacing,suite se rendre maîtresse de tout le reste du nord
TS496DF77C8FA4,0,punctuation,"waren, seitdem Prämien für dieselben ausgesetzt sind,"
TS83CE08AEB2CD,1,none,"quel compte l’Empereur, et ce fait est"
TS9B6504C8DB37,0,punctuation,"Sonntag in der Advent und Fastenzeit, mit"
TS2C2D41CCDF23,0,spacing,"gens, nach der Insel Seskar abgegangen. Da unser"
TSC274F3EC13A0,0,mixed,"la paix de l’Europe, qui anime l’empereur Alexandre."
TS6C6A4E2A1C96,0,deletion,"bracht, und dadurch das Glied ganz allmählig"
TS2BC7CABC9563,0,deletion,An d’ass der all srésch a gesont sollte bleiwen.
TS5B93393002BD,1,none,temps vous aurez à payer
TS04120EE729B9,1,none,3. Die Promenade auf den Wällen ist Kindern
TSB4F48497759F,1,none,montent deux branches disposées en
TS96A36D87C27D,1,none,fonderie pour convertir en métal le minerai à
TS1C7B46A73395,0,punctuation,L’imagination de Valentine avait pris feu
TSEA3D403BA715,0,substitution,präconisirt werden. Das
TS8FE8F1DD3309,0,substitution,dé pris.
TS5855D89A8886,1,none,„Fern in die Welt will zieh’n“.
TS7737AFB7068D,1,none,ritation sans bornes des organes cléricaux et
TS0F67C69551C6,1,none,"mois, commencera à être mis en pratique, as-"
TSB2C902BC1F6C,0,punctuation,"Ja, die 51 Deputirten können zusammentreten, so"
TSD37CABA298C9,1,none,"Scenebild von Rudol Geißler - Am Vorabend,"
TS859E2DF07E96,0,substitution,einem neuen und stärkern Heere ihm entge⸗
TS1BF553615322,1,none,"sement et les expertises. A Wiltz, le clas-"
TS59585EAF9AB8,0,substitution,le bruit du pavé que nous avons extrait
TS2C0DBB56A71D,1,none,Abend des 5. wurden daher von der Artillerie
TS58D4B04D56DC,0,spacing,"rai à combattre. Beaucoup de membres,"
TSC129DF1B0E83,0,deletion,verworfen und in den letzten Sitzungen ging endlich
TSF7416799A91D,0,diacritic,qui doivent nous rendre le moins malheureux possible.
TS9F97E06C780A,0,substitution,"zette, Frisange, Kayl, Mondergange, Pelange, Reckange,"
TS82F4E76D3320,1,none,l’avenir et qu’elle admire l’homme qui a tant
TSEC8EB8FFB43A,1,none,nouissent. Ouvrons les yeux et comprenons
TS289907170546,0,substitution,"die großen Besitzer, die bisher Berechtigten, die 10"
TSED1687A9917A,1,none,Rechenschaft tragen sollen. Das hat sie nicht gethan
TSD6C22C10FAE6,1,none,Reifenden Chênedolle selbst.
TSB36495739083,0,punctuation,Die Luxemburger Uhr avancirt 17 Minuten vor der ariser
TS20C44B0ADCF5,0,deletion,"levée que par quelques vassaux, couverts de sueur,"
TS7A900D9AEB1F,1,none,bedeutenden Proviant⸗ und Munitionsorräthen. Ad⸗
TSD7488180D539,1,none,"Die Gründung des Maas, und Moselkanals, mit"
TS85CC77693081,0,substitution,"Da lobe ich mir doch den Mann von Bartiringen, der Verträge mit"
TSA8596EC967BF,1,none,"primés, et une Constitution nouvelle soumit le"
TS959DF6399124,0,substitution,"que sous l’inspiration de la raison et de la légalité, ont"
TS750107EC650B,0,insertion,der Cens so bedeutend herabgesetzt und dazu noch
TS4D452BBD1ADD,1,none,été abandonné. Mais des hommes qu’il est inutile
TS8C026D961E5F,0,substitution,a pu se faire grâce à la complicité du per-
TS83658346A4CE,1,none,den sich nur immer mit Unwillen demselben fügen.
TSA9B6350F6D51,1,none,"Mangel wüste, und nur einzelne Streifen Landes sind, eine"
TS0A51CD1F4ECB,0,punctuation,acheva-t-il. Vous avez tenu à mon égard toutes
TSA409E2126DE8,0,deletion,’Tas nemmen fresch
TSDF2D49231EE4,1,none,Um 11 Uhr: Empfang der Gesellschaften durch
TSF750BBC3DDC6,0,substitution,"ter stimmen würden, schnell gezählt wären. -"
TSCBACA3BC74F3,0,spacing,"nier, ces dépens ont été liquidés à la somme"
TS02258D27EE51,1,none,"muß das für den wirklichen Kenner, und den Kritiker der Fall sein."
TSA2D4AB0B2241,1,none,wie sie der so gemeinnutzig strebende Hr. v. Fel⸗
TS1E683590143F,1,none,dehnung des vaterländischen Eisenbahn⸗Netzes ist ein-
TS4CB4EFC8B31B,0,mixed,périlleuse; mais j’ai compté sur votre patrio-
TSA413F8D95804,0,insertion,fit l’appel des Sociétés et les Présidents
TSD317878B72AC,0,spacing,"ans, d’une rente annuelle de huit cent mille francs"
TS4C013E60CEF5,0,substitution,Aus dem „Courrier“ heraus
TS94C98F652964,0,punctuation,M. Baxter reprit ses lettres sa femme
TSFA5A8D42535C,0,substitution,"Ulrich, Ober⸗Commandantt"
TS4B982560AF78,1,none,économies notables sont le fruit de ses déli-
TS28088D1C0211,0,substitution,"de fer Guillaume-Luxembourg, représentée par"
TSC4907406F965,0,insertion,"bis 3 Thlr., schöne kräftige Waare mit 40 bis 41 Th."
TS20222C7EA3BB,0,deletion,vine ne nous faillira point. par ce sera
TSD3C192031AD6,0,spacing,"rette, se faisant justice lui même, soit resté depuis"
TS9DC21664BB59,1,none,setzte der König seinen Weg fort. En wandte
TS9591666A1F2C,0,deletion,brise le corps en deux! Oh! ayez pitiété
TS50BC58443EFD,0,spacing,n’aurons pas à redouter ces temps de
TS3BCF7CD81D23,0,spacing,Landschaften. - Ehrenmeldung dem Schüler
TSDD005871552D,0,substitution,à une enquête qui éclaircira sans doute ce
TS345EEEC04761,0,diacritic,"gericht, mit dem Amtswohnsitze zu Vianden, in Er⸗"
TS31C9DCCCE117,1,none,et de Valence.
TS0E6747845150,0,substitution,wegen sah; endlich ist H. Pescatore vom verstorbe⸗
TSA6F8FB335505,0,punctuation,"vrage est due à M. le docteur Valérius, professeur de physique et"
TSE0C08EB89B89,1,none,finissait par perdre son inventeur. Sa raison d’Etat parait
TS16853B606C93,0,substitution,recommander le règne actuel au souvenir de
TS534BC40B113A,0,substitution,les salaires ne sont-ils pas plus élevés?
TS71F9F463E622,1,none,"deux trous circulaires en son milieu, la"
TS06DAF6DCDA45,0,substitution,"können, weiß Jedermann. Ich will bien nicht einmal"
TS16B764F84941,0,insertion,"graves, et si même persuadés, ou trompés, par l’un ou l’autre"
TSA81DA6F50D6F,0,spacing,"lettres signées du nom de M. Billault, lettres"
TSE98BDE27EBC4,1,none,communes que le Conseil de gouvernement réprouvait les a-
TSA3B1D78629C5,0,spacing,"die besagt, die östreichische Armee werde auf Friedens⸗"
TS2F054562B20A,0,insertion,la dite dénonciation; voir déclarer
TSC93D3A69461D,0,substitution,qu’Elles souscriraient dans le mée but
TS44F1A4D9FDF9,1,none,"man bedenkt, daß wir im 19 Jahrhundert leben, für"
TS1B5B7E5BD6DF,0,mixed,Candidaten tagt. Am 29. . wurde dieselbe durch Hrn.
TS35AE09AAC4EC,1,none,Stere) 11.00 - Butter (Kilo) 1.90. - Eier (Dutzend) 0.65
TSD042516BD731,0,diacritic,Eine Spaltung im Schooße der hiesigen „liberalen
TSFEC7EECB69C4,0,insertion,dera ces six francs quand je rentrerai.
TS1105083493F0,0,deletion,Et leert eben alldaag eppes zó“
TSE6ABC0DA0445,1,none,"de ses collègues, ils devaient succomber à la pre-"
TS596BBBE98EB8,0,substitution,"ne sait se rendre compte, mais que le croyant déduit"
TSB6B7FA54BB4C,1,none,bankf? dit-il.
TS463E23B2CED4,0,spacing,niemand mehr.
TSD95B8B6F2505,0,punctuation,"Mann mehreren Frauen, und Kindern auf dem Wege"
TS717B57C717F1,0,punctuation,réépondit le faux arquebusier mon maître vous
TS57EBD61FE3D0,0,deletion,des faits qui précèdent que pour constater une coïn-
TS4777BF01BDA3,0,diacritic,que des gendarmes.»
TS7897E10EA7F4,1,none,Vorberathungen über die Gutachten der Pro⸗
TS646156E924FC,1,none,"Ruder, das so lange in schwachen Händen hin⸗ und"
TS5205B34ED6FB,1,none,"de M. Delangle, ministre de la justice."
TS356AA60E6B13,0,substitution,Ich horte mehrmals bien in den Hochlanden von
TSBFD747DE2A95,1,none,des commissions. Soixante-quinze membres
TSEF2361159022,0,substitution,"„de Goesdorff, prend la liberté de solliciter par"
TS2CAFE0A2FD60,0,punctuation,qu’à la requête de Bernard OTELET journa-
TS603205E7E290,0,mixed,"De Koséng Klabis, und de Koséng Schleîfsten, sind ebenso⸗"
TSC30EEAEE6ACA,1,none,auraient le moyen: d’empêcher les pro-
TS93EF5DBDAE87,1,none,"findet, daß die Hochebene im heiligen Geist in dieser Hin⸗"
TS5032247F232A,0,deletion,vie a été marquée par un événement assez
TSF510F6E5A6DD,1,none,"M. Guéroult. La feodalité, qui se constituait"
TS5CC56C847273,0,substitution,"former, et qui en définitif ne peuvent que tourner au détriment,"
TSBAD467A72C2C,1,none,manches ont massacré 40 familles.
TS496A70A4F865,1,none,"vembre), parce que des tâches impr-"
TSF7BF47BBC5E8,1,none,"gnie s’éléveraient, pendant l’année 1861, à quatre"
TSCF4B2168A523,0,insertion,Faßt die dort die Polizei
TSCD91DDE93913,0,insertion,"nous, et qu’ils refuseront ses offres"
TSBA4478859F9F,0,spacing,Wenn der Mensch nur die physische Welt im Auge
TS861E2A845893,0,insertion,Die Fühllosigkeit des Körpers erstickte de
TSD21C7C699E77,0,punctuation,la Société Guillaume-Luxembourg a été autorisée
TSA043835A07C2,1,none,"ve dans une place aussi fragile. Néanmoins, l’article"
TSC97EEDCFBBEA,0,insertion,"Erbsen id. 0,00"
TS9DD802D767FD,0,substitution,sofort auf
TS5EBE277F3B8F,0,insertion,"benden Gewalten, unter gegenseitiger Achtung"
TSA5EF0677D111,0,punctuation,"in dreifache Seide wie früher eingewickelt,"
TS8C6FA250900F,0,insertion,brüll und dann auchte sein Messer bis an
TS340070B02CEF,0,spacing,niche dehors.
TSFE22F23FE49F,0,substitution,"à cette occasion, chez une partie considérable de"
TSCD90A8A88EE1,1,none,Verhältnissen haben wir abgesehen.
TSD1A108048D49,0,substitution,desselben zu erinnern und eine nähere Bezeichnung von ihm
TS1A86848EC341,0,substitution,freit wurde. Englands größter Staatsmann kam ans
TS86F780FD294E,0,deletion,ministre nie d’une manière absolue que le
TS5AC8C18AB79D,0,deletion,"eben eine gebruckte Haltung an genommen hatte,"
TS15452FE145F3,0,substitution,les connaître déjà. On s’était intéressé
TS6BCF7A12DCA8,0,insertion,Sie untersucht in strategischer Hinsicht welcher der drei für den
TSAA0E736F8080,0,mixed,"Stepp, dé fell’ der mat Wasser, - an dir mâcht dé schén"
TS6F95BCA21AEF,1,none,"hatte einen Eindruck auf mich gemacht, von dem ich"
TSC345581AAFEA,0,diacritic,fauteuil du défunt et regarda de nouveau
TS5B4D73F622B6,1,none,des Ovled-Sidi-Cheick.
TSBE634E17A5F9,1,none,pense.
TSD23000DD938D,0,spacing,"die Kirchenmusik interessiren, empfehlen können."
TSDE9B6410CED7,0,diacritic,"Gesandten nach Konstantinopel brachte, welcher"
TS5E7B7789130E,1,none,mußte; die Tochter aus dem Hause hatte ebenfalls
TS15CED4D6B172,0,punctuation,bei denen der Samenansatz noch nicht vollkommen entwickelt.
TS5430E2AB0374,1,none,"in französischer, 20,000 in englischer, 20.000 in deutscher,"
TS523DC716B213,1,none,Unter Verbesserung der Lage der Beamten ver⸗
TS4E5A78B8D30E,0,mixed,"prit avec force l’Orléanaise, et avec l’aide de Dieu,"
TS6286AA1782C5,0,diacritic,notre territoire. Il faut que ces deux
TS826D8062B769,0,substitution,"gekannt ist und so grohe Liebe genieht, ist eine"
TSD46763DAA308,0,spacing,"Frosinone, Msgn. Pericoli, ist weniger furchtsam,"
TSD48768246EE6,0,spacing,"toires, la Basse-Californie et la Sonora vont en-"
TS05C4F938CF16,1,none,"stimmt werden, und die Preise sehr bald in ihr ge⸗"
TS7F06ED81B96D,1,none,chef d’une grande religion ne soit pas en
TSBAAC1C2B51FA,0,substitution,Volk und in Bezug auf seine Abgeordneten.
TSF96B8624E975,1,none,fürchterliche Explosion stattgefunden. Es befanden
TSB0DDB67D629C,1,none,«Nous vivons dans une époque pleine d’en-
TS0BAEA8031274,1,none,"- Ce n’est pas pour le comte de ayeux, c’est"
TS37EDD60579FE,0,insertion,de Voss annoncent que le roi a reçu lundi
TS87A91A3FCF04,1,none,femme.
TSB315AE1A7B91,1,none,- Je vous feris bien une proposition; hasarda Emile.
TSBB4EDA064037,0,substitution,voya un courrier au Feld-Zeugnister
TS3E979401B64C,0,substitution,sion de Bazaine.
TS72497DDCC4A6,0,substitution,"ham, verhaften und auf drei Jahre in das Fort"
TS8611408ADA6F,0,deletion,Zahlenden wirklicher Besitzer ist? Daß sein Vermögen
TS6E38BD29BE49,0,punctuation,j’aur sous l’impression que causera au monde entier
TS2380DA107060,0,substitution,"ordnung von denjenigen Völkern ausgehen, die noch heute außer⸗"
TSCAFEE5ADE541,1,none,"tenant en Europe, et que recommandent"
TSB6A1DF334753,1,none,sich und ein Offizier vom schwedischen Regimente
TS12E68D78716A,0,substitution,geschlendert. Man
TS5B9069D9DC47,0,spacing,vorgeschlagenen Mittelbervorzuheben. -
TSF15BE9E4434F,0,diacritic,et lors même qu’il ne nous serait pas donné
TS6DD817606B39,0,substitution,"das Geschirr mit einem Papier zu, und brachte es"
TS68F7990BAC9F,0,insertion,"écrit, déclare que le parographe de l’Adresse"
TSF023BA9F63FC,1,none,"capitale de l’Arménïe ottomane, quelques détails qui"
TS95D55A9BC2F3,0,substitution,3000 Quart 181/6 B. - G.
TSC98BA678CAC8,1,none,durch folgenden Wortlaut zu ersetzen: „Die Ver⸗
TS46CA2D18B47F,0,punctuation,Straßenbau und auf Subside für den Communal⸗
TS8E3A6DDAF9E3,0,deletion,wurde noch in der nämlichen Nacht der zweite
TS103A745491B9,0,insertion,von dem räuberischen Bergelt eben so gut wie
TS262D3D11916A,1,none,singen.
TSF49DFE1B3928,1,none,"soin de fixer un maximum, de façon que"
TS93E04F4559F2,1,none,"das Verdienst des Hrn. Lentz gewiß nicht, wir sind ihm mit warmer,"
TS6C44ECAF4058,1,none,von dem Gesindel sich haben prellen lassen. Andere
TSFD5CFE883211,0,insertion,"- Hr. van Bockel, der Felderr der faosen „Stock⸗"
TSE5AC61C93931,0,substitution,"nalen uns zugehen, enthehren auch heute noch eines"
TS219B54F14CCB,1,none,Oesterreich oder auch nur die Provocirung eines
TS85A867C5A322,0,insertion,"inamovible, cela parait contradictoire."
TSCA8183850E87,1,none,de Diekirch de nouveau commendement a été
TS83FC3D1C5AAB,0,insertion,„fidélité et de votre dévouement est venu
TS83755CB57BED,1,none,bis zum 1. d. d. M. zugestanden.
TS0281DFF5661D,0,deletion,en ricanement sardonique se fit entendre.
TSEBD919735ABB,0,substitution,drapeau français. L’agitation se produira et
TS788FA89DE46B,0,punctuation,devient génie et Rossini y acquiert
TS72ED07D54BC9,1,none,"Luxemburg, 25. Sept. In seiner gestrigen Sitzung hat"
TS1079BE12FD10,0,spacing,"par lord Palmerston, est très-certainement aussi"
TSD811992A787F,1,none,lern. Für diesen einen Mann gibt der preußische Staat sonach genau dop⸗
TSD6E1D839195F,1,none,putés. - M. Torrigiani interpelle le ministre
TS1E8E77168213,0,insertion,On mande de Bucos-Ayres que Lo-
TS109D459E3BE3,0,spacing,pouvoir temporel du Pape. Cela est vrai. Mais
TS4B6C70F17297,0,deletion,un peu den dça de la ligne que de sauter par
TSC9912DB92F7B,0,substitution,- Ah! sitt Maurevel.
TSC294D839E240,0,substitution,"- La fin du monde arrive visiblement, et cela"
TS1523D0688483,0,deletion,"die Bahn liegen sahen, wo eine große Eiche"
TS448BC5C6139A,0,insertion,besacramente extra bezahlen; sonst sind sie in die
TSFD22168B3B40,0,deletion,"d’être incendiée, et"
TS764A549C53EE,1,none,desshalb ein Vorwurf in vollem Ernste gemacht
TS780F83693510,0,spacing,"pect de cette femme souffrante et peut-être misérable,"
TS377C30B67109,0,substitution,"que par des événements imprévus, par une"
TS82092978190C,1,none,kes so wie die Eifersucht den Großmächte unterhalten
TSDD7329D7D782,0,punctuation,vention de trois millions une somme de cinq cent
TSF393FDFD061D,0,spacing,posée à profiter des garanties et des avan-
TS9946A807BEED,1,none,Das Luxemburger Wort von Froitag theilt den
TSD3286284F5A4,0,punctuation,"„Der Bürgerkrieg, welcher während acht Jahre"
TSD070D60B955B,1,none,l’assemblée. Il ne s’en est trouvé
TS90C77EC5B0B0,1,none,"Sept⸗Octbr. 281/4-½ bez. u. B., 281/4 G."
TSCC9CA599947D,0,substitution,"district de Rio Verde: le 21 août, il a rejoint,"
TSF3977912E7F4,0,substitution,"Flncht vcrsuchte der Mordcr nicht, soiidcru licsi"
TSBA95266017B2,0,punctuation,im Auftrag Sr. Majestät des Königs den Land⸗
TS7FB8EA04B0A4,0,insertion,"ralentirent. Jeudi il y et de la pluie, un vent"
TS032374AB0D56,0,insertion,"heitsregeln, rurale conomien und Rechnungs"
TSBB273E890531,1,none,M. le président Walewski. La Chambre
TS16B05AA6EDC5,1,none,la dépêch-circulaire que M. de Nesselrode écrivait le
TS4683CD83F240,0,substitution,wundeten war anfangs sehr traurig; es fehlte
TSC6365CD60782,0,spacing,"Gut. sagte ich zu mir, jetzt fällt der Mörtel ab,"
TSEB7FEA6E33DA,1,none,"noble position à prendre, position digne d’un grand"
TS36A4FA25ADC1,1,none,nicht mehr widerstehen kannte. Es ist mir nur noch
TSC36780350882,0,insertion,"Der Thäter, Joh. Ahnen von Zolver, ist flüchtig. (Revue.)"
TS1D8CE0C183AC,1,none,"die Schweiz nach Italien, und 3) Allianz der Schweiz"
TS3ED1A75E806E,0,deletion,"Gegenstand macht, und will man die Glückseligkeit"
TSC245ABED6B8E,0,insertion,"domiciliés à Schieren, 4. Marie Muller, sans"
TSC494F37719B8,0,substitution,"Constitution, nous exammerons sérieusement"
TS21009426BFE6,0,spacing,ein Mehreres. Angeregte Fragen werden gern
TS04FE01E65C9C,0,punctuation,diese Strohhütten⸗Phantasieen nur im Paroris⸗
TS008753DA2E89,0,deletion,teur; c’est une réponse à l’Autriche. Je suis
TSA53F029B8075,1,none,Trois⸗Vierges: 2 id. .„ 135
TS54F201EAF492,1,none,unsichtbare Spalten aus dem feurigen und kochennden
TS20F462C59F59,0,mixed,Mir ist sowohl in jenen Tagen
TS49D3CFE53EA9,0,deletion,"253 Millionen Franken gemacht werden, daß er"
TS71C43A799A9C,1,none,"wechseln mit seinem Vetter Adam Drese, dem be-"
TS7D9A94D5BE02,0,punctuation,Belgique tout le monde réclame l’abroga-
TS1781B768DFD5,0,insertion,Alors l’ex-favorite ranta à Maurevel la ren-
TS33F142598773,0,substitution,Les mâchoires distendues de ces restes hu-
TS9CBEEADF6E99,0,substitution,"gewöhnliches sonntägliches Hochent gemeint ist,"
TSF9ACB8A3D503,1,none,„vais faire une action vraiment utile et morale; mais il ne
TSA631D3753976,1,none,in die Ferne sehen!“ sagte verwundert der
TS4455D6B80B3B,1,none,in der Land⸗ und Seemacht Ansprüchke auf Versorgung als
TS546B5BE36F84,1,none,urité pour l’avenir.
TSFBB9D5A29D5C,1,none,Les élèves qui désirent être admis à l’éta-
TSB1B96F2F0A77,1,none,complète que par le passé; on y signale entre
TSDE96A30551B3,0,substitution,"18-220, spanische 19, nachte Mandeln 28 - 25, deutsche"
TSC7C8CEB42863,0,insertion,lui demanda combien il lui vendrait en blo
TS6D2346FE3917,0,punctuation,"avocat, M. Sandon, qui était détenteur de"
TS616CCF8A6652,1,none,merce et l’industrie.
TS58FCABE5CFD8,1,none,pour mûrir les projets qu’il doit présenter au Parle-
TS6F2C33EC9909,1,none,"guments semblables, nous devons donc for"
TS897F2B397D2E,1,none,"ihm auf den Knieen, die Hande flehend ge⸗"
TSAE670189A4E3,1,none,"kolossale Größe, des Brandes war ihm nicht"
TS52C8D22419E2,1,none,"fetten, herrlichen Weide, auf welcher einige schöne"
TS143094EF10BE,0,substitution,"die ihm seine Beamtsgeschäfte übrig lassen, der"
TSF9F0C645FE6F,0,deletion,Les gouvernements allemandes doivent
TSF08BE464A61D,0,substitution,"phon entsprechend, im tono se ptime gesetzt hat:"
TS1A2A52B7A59F,0,diacritic,"des täglichen Lebens befriedigt, und durch ganz Eng⸗"
TS87D56640E495,0,substitution,Da brauchen d’Bauere’ Pla a Stiérz.
TS6218017D3AE9,0,substitution,"rait, et l’on prierait les voisins de prendre leurpart de"
TSC64BA3B4CE54,0,substitution,"gelitten. Jetzt ist sie da, die furchtbare"
TS6D9DE5CA4E36,0,mixed,ein Gesetzentwurf über eine neue Kreisordnung
TS4861F937EB52,0,insertion,"armen Tiere, welche einem mit einer Haut über⸗"
TSE655D80D7AD0,1,none,hinzugetreten und verburgen dem „Buch der Welt“
TS1B05DB1CDE42,1,none,résolution prie par les catholiques de s’ins-
TS9EF0617213CD,1,none,"Quand Paul, encore raclieux de la récep-"
TS2548E8009645,0,punctuation,d’accès fébrile.
TSAF4BC5FD3258,1,none,"premiers. Le dernier aurait été le plus sanglant,"
TS61FB8374EA66,0,deletion,"que l’avenir lui appartient, et que se ennemis,"
TS4E46362A045F,0,diacritic,Hem an d’Heoiser - an de Stal.
TS1DDE221E0624,0,insertion,benstreiche in phantasievollster Weise entfalten
TS09DBFEF44F92,1,none,"Auf dieser Angabe sehen wir, dass zu der Zeit,"
TS534AF375118D,0,deletion,"serartion, à moins que l’insertion gratuite n’en fût"
TS39A6066930B4,0,deletion,von Muth
TS53D40E299959,0,diacritic,Chagreng ze machen
TS4024B608E677,1,none,en citer un tout nouveau à l’appui de nos assertions.
TS3BA0688F8645,0,substitution,"Ich bemerkte, daß er nach der Communion den Dia⸗"
TSBEC8A3781E90,1,none,Mathias Schock. von Osweiler.
TS51DDE18D996F,1,none,Der Trirer Herausgeber schreibt also (Vorr. IX
TS6F45446D26C1,1,none,"de paraître et que le Mémorial paraîtra de nouveau en deux parties, l’une"
TS34CB960D9EB6,0,substitution,Im Gloria Missæ in duplicibus kommt nach den
TS670167316B29,1,none,"quelques hommes tarés dans l’opinion publique, pour faire sortir"
TSC85691838C77,1,none,"Elisabeth KLENSCH, veuve TIBESAR."
TS007AB36E2132,0,substitution,L’administration communale de Lu-
TS2BC0A648EA3D,0,mixed,de condamner solidairement avec
TS840CD0412C4B,0,deletion,"tombe, et ce sera le tour de l’Europe."
TS94C6C34C9B48,0,insertion,Electeurs du canton de Luxembourg
TSDDFE8931AB47,1,none,"quefrançaise èng Brochure, dé am Avenir publicéert ass"
TS01CE5DF401BE,1,none,famille Kropf.
TSF930929CC6FE,0,deletion,"was ich so eben auseindergesetzt habe, eine solche"
TS0E36D9680D82,0,insertion,"dans l’esprit des populations, malgré sa ferme"
TS76DAF15AF65D,0,substitution,"Godemar, um ihm zu widerstehen. Bereits"
TSD0F80622D705,1,none,neue Coiffure einer Anzahl Damen Aufssehen er⸗
TS190428B47C5C,1,none,nicht einmal ein - Stockfisch ist.
TS52485A5C18FB,0,insertion,"très vis débats, et à une grande majorité,"
TSA906B231941A,1,none,"lernten wir de Bedingungen kennen, durch"
TS6FACF2457F14,1,none,"solchen, wo keine Choraltradition ist, statt finden."
TSA15CEFE079EC,0,punctuation,"Köln, 1. Mai."
TS628ACE670318,1,none,"route de Cantorbéry, dont la poussière n’était sou-"
TS63DC3B482F9A,1,none,Un coup dœil jeté sur les événements qui ont marqué
TS0947F1058348,1,none,Si nous ne nous
TSA98CEE879B6B,0,spacing,"guerre? En Italie rependant, ou l’on paraît"
TS61C57EE0F013,1,none,agréable.
TS32F423D2ACC5,0,spacing,Quelques voitures étantenues se placer en
TSE989F1B987B3,1,none,porteur d’une lettre du duc Albert de
TSB90E7204930D,0,insertion,"Lütticher Antiphonale aber sagt ausdrücklich,"
TS0D1F160F4781,0,deletion,Echternach en. Luxbg. 6.00m
TSBD61F277B07A,1,none,S’il avait oublié l’heure!
TSF38FADFDB8CE,0,mixed,"et - Geld, und viel Geld zu sehen kostet, - so"
TS2D60F336AF30,1,none,- Pauvre petite! et la nourrice émue dépose un
TS2F67C2D44C0B,0,spacing,«Gaudete».
TSBB93B71D963E,0,diacritic,"parlerai pas de leur tripotage de Bruxelles, mais,"
TS432CDABBC74E,1,none,"Den nächstkünftigen Freitag, 7. Oktober, werden an un⸗"
TS3F12BC2DA356,1,none,mit man die gestohlenen Rosse nicht wiedererkenne.
TSD09A961CC9E6,1,none,veau à tous les propriétaires qui auront
TS83D40E76B0EF,0,substitution,"Gloden, von Schwebsingen; 4. Preis, Gustav Rietz-"
TSDA10153C2151,0,insertion,"Golf von Mexico nahm er damals ein par Schiffe,"
TS7D995BE9A2BC,0,substitution,"vier prochain, pour y etre procédé à Surré,"
TS7CC4FFE2AEF3,1,none,intérèts; les nombreux discours que j’ai tenus et dont ci-
TSE12AC05DB4B9,1,none,beiden Beinen paralysirt. Trotz aller ärztlichen Hilfe konnte nur
TS6A4D52255CA7,0,punctuation,d’expliquer les intentions du gouverne-
TS933AF049BFB9,0,substitution,"dem am „Ausgange“, und die Mädchen flüchten"
TSBDA67E54CD5A,0,diacritic,breitung des Glaubens“ bringt den Rechnungs⸗Bericht über
TS6507C2C89041,0,insertion,"Regierung einen Vorwurf daraus zu machen, daß"
TS3B8959029345,1,none,in Circulation aufgegriffen
TSCC411B746B71,1,none,"porter intérêt, allaient maintenant devenir les man-"
TS5C17B6ACE2F5,0,insertion,"qu’il éprouvait à se préparer de Rose, il"
TS5372E7CADC99,0,punctuation,"pavé, et un vieillard qui pousse devant lui une"
TS40D16C585790,0,substitution,à la disposition des troupes. Leurs chevaux
TSBC58708C5C19,1,none,"ihr nahen könne ferner sagt er ausdrücklich, und"
TS02F84A2D1044,0,substitution,Tout en réservant aux gouvernements al-
TSA008539116BF,0,deletion,sur le Chambôdge par le royaume de Siam
TS941B3BDBF32A,1,none,Wormeldange 200.
TS87B4D72C7CE7,1,none,"minent doivent être formulées en lois, si chacun des"
TS664B71AEADB4,1,none,"beider Gruben als Schichtmeister lassen, so brauchen"
TSD32F19EDCE9E,0,mixed,capitauxemployés seraient rémunérés d’une manière
TS28FFACE4C0D9,0,substitution,Darauf verließ La Grue die Lage und holte seine
TS244B0733168B,1,none,"Au vingtième coup, Terry est au der="
TS16862D29DB6A,0,mixed,pas faute de courage; l’armée est an-
TS8C78384125EA,1,none,"Pauline Habay, ci-devant ca-"
TS263F8BC02C05,0,substitution,compris qu’on ne voulût ni un extrême ni
TS64092BF14B73,1,none,(1) Notre correspondant doit se tromper; il est impos.-
TSC6D766812362,1,none,ditions plus favorables au succès.
TS7EEE1F39D78E,0,spacing,rale de Seine-et-Oise. Il n’aurait peut-être
TSC51285DBAD1C,1,none,Wurm“ eingeschnitten wird.
TS2BDBEC745DF3,0,substitution,Herzogthums Lauenburg in Preußen jetzt
TSADE4B36D9494,1,none,"conséquent, en aboissant d’autant la"
TS7B391ACD6850,0,spacing,aufsicht und. Verwaltung zustehenden Be⸗
TSDCA6D2026C0A,1,none,L’avis promis me fait encore défaut. On dit que la commission
TSB7D473F091FA,0,substitution,La compagnie l’Aigle assure contre l’incendie et
TS2A1B6EA030F3,0,substitution,qu’à celui de la Salette. Pourquoi la jeune Berna-
TSCFFB5CE48593,1,none,Le Courrier de Vilna publie la lettre
TSE3E67D9DDD24,0,deletion,"cessionus, le pouvoir temporel périté, il ne"
TS2846A33F3082,0,spacing,Wahl des Siegers.
TSF8E0963F9927,1,none,’Sô knôterl de Summer... a wénkt mat der Hant.
TS8B2E412DFA78,0,punctuation,"be, dans les annales de l’Académie de Berlin."
TSE6CAE30567E7,0,diacritic,gungen in die Tiefe gezogen. Doch gelingt es ihm
TS9DE933B4F78B,1,none,"il l’avait renvoyé au lit, après un repas d’herbes et de"
TS2AD377BEB52F,0,spacing,"es ihm sich zu befreien, obgleich er nicht mehr im"
TS4D57D7DDE6AB,0,insertion,Texas ist auch weder durch Intrigue noch durch
TSB0A0403CA799,0,punctuation,qui formit la seule communication entre le camp-
TSE5ED109590EC,0,spacing,- Qu’est-ce que ces gens? dit Pierre.
TSA25401891CC7,0,substitution,pectives adresseront au Gouverneur les certifi-
TS0976C83F9436,1,none,étendue à la plupart des pays de l’Europe.
TS82D3B2133590,0,deletion,"bituel, expliqua au marquis ce qu’il ’avait"
TSC5FCE4D8466C,1,none,On n’a ici aucune nouvelle de l’état de
TS90DDDE89BF2D,0,substitution,"aure caractère et une autre adresse. Ils ont, dès le"
TSBCC796BF50D5,0,substitution,blent pleins de confiance dans l’avenir. Quel-
TS2D9A378A7619,0,deletion,"la plupart des visiteurs qui s’y étaient présentés,"
TS608FA1222403,0,punctuation,"A Grosbous, le 31 mars 1850."
TS466E96B19762,0,mixed,"millions d’habitants, M. Dietrici a estimé com-"
TS91F1DB430D55,1,none,"gegangen, dämmern, und betrübt sich, daß er sich nicht"
TSF53173E03FD1,1,none,de défense dans Notre Grand-Duché et les autres
TS746BBE737B33,1,none,verlesen und angenommen. An der Tagesord⸗
TS673E8EF11876,0,substitution,sur les lois qu’on vous reproche d’avoir
TSE5EA96087C73,0,deletion,"qui, de sa nature, laisse peu de choseau pour-"
TSCEFFF8464480,1,none,"sion de Henri Everling, leur père, 1o à ga-"
TSFF04924DB928,0,deletion,nous jusqu’ici;
TS2C0D41EB20EB,0,deletion,"Juni⸗Juli 141/5 Juli⸗Aug. 143/4, Aug.⸗Sept. 151/12,"
TS380A24BD5E74,1,none,été évaluée provisoirement par Mon
TSD8CA7BEB8DB6,1,none,zung aller republikanischen Fractionen offen
TS1A8F8F1FFC89,0,insertion,wird von dem Unterrichtsminister sämmtlichen Regie⸗
TSAC0E3C74F957,0,substitution,"ottomane, 550 0/0. - Crédit mob. aspag., 605-0/0."
TS32153D6631E7,1,none,"16,000 auf Ḱrakau. [Vaterl.]"
TSD68D086967C3,1,none,mière édition: De l’administration de la
TSA06760F733DA,1,none,pour couvrir sa frontière contre toute
TS4C863F6622B3,1,none,das für unsere Tänzer nicht allzu schmeichelhaft war.
TSB71D21835C18,0,substitution,Also noch nicht nach Hause gekommen?
TSD4C5C000E0D4,0,spacing,"opérations très-distinctes, le travail de clas-"
TS94C54910A1A2,0,deletion,"auf aufmerksam machen, dass die genannten"
TS1E25EA8EEE1A,1,none,et Charleroi via Bettingen d’autre
TS58DE1DF7DFB7,0,diacritic,elle restera jusqu’à ce que je mec croirai assez sur
TS2860DDA16D10,1,none,son vivant domicilié d’abord à Bettel et en-
TS7E63957C2AA0,0,substitution,tation à jamais mémorable de M. Adames.
TSF19F193CCFE2,1,none,pense d’une noble et bonne action pratiquée en
TS8ECF7ADF7B4B,0,punctuation,noch verschiedene sinnlose Operationen vorge⸗
TS64376CFE4800,0,insertion,(Schluss folgt.)
TS03A4D6094C8A,0,substitution,Zum éschte lantzen - dann emmer me schnèl-
TS788D14C1EE34,1,none,il fallait les lui donner. La seule chose que
TS453AB2BA0F9A,0,insertion,"«Le règne de la terreur, dit une dépêche,"
TS8122ECA036CF,1,none,Immédiatement après la formation du
TSF5DFE62AB518,0,substitution,"Bühring, négociant, Hanovre,"
TS682108B34F07,0,punctuation,Verschwörung gedrückt haben. - mit dem letzten Eininken des
TS987F7F7D74E1,1,none,L’heure du déjeuner était venu et tous les
TS1B447D4C9269,1,none,doch die Steine aus meinem Brunnen hier schlechtes
TSAD7AD91E65F0,0,spacing,Terry. Son crime est d’avoir attendu
TS4CC1A468681C,0,substitution,- „Ein Erfolg.“
TS4C6B52E41339,0,deletion,"nicht, jedoch nicht bedenkend, dass, wenn dies"
TS868BB2764B9E,1,none,"besitzer und wahrlich für alle, welche ein"
TS7B73D085219B,0,insertion,avait promis une grosse somme pour pas-
TSE4C6F93D2FEE,0,substitution,de la Navarre s’opposent à toute levée d’hommes.
TS8DC290237ACD,0,insertion,a rendu un éclatant hommage à la pensée que nous
TS24ED1B4D647C,0,substitution,ham la défaite essuyée par sa division. Il est évident
TS241D6A434939,0,deletion,"Landwirthe in seinem Gewissen erkennen wird, daß"
TS147F31975E24,1,none,la distribution du prix moy-
TS0BBAB9FCAA05,0,insertion,nen Form die Formenschönheit und die ästhe-
TS7FB72DDA1F8D,1,none,"Dorfe in der Nähe von Paris, erzählt uns den"
TS5D68FFC20FC4,0,spacing,un lambeau de chair.
TSF23D5D4F6ABE,0,substitution,résolution si sondaine de M. de M. de Buol. D’abord
TS75EAE825AAED,1,none,seiner Kindheit sich findet und die Menschen auf
TSA7108CC80D94,1,none,"wir ihm in jene unbekannten Regionen folgen, die"
TS36B6E002C7F0,1,none,"sen, se sont retirés de l’Assemblée. Presque"
TS3A29E6E0D594,1,none,Der Architect und der Unternehmer haben uns nach dem bekannten Code
TS2F8659163C3A,1,none,"14 Tage, dann sollen Sie einen chonen, billigen"
TS8A0A3271FE63,1,none,ne l’avait cru d’abord. Quand la pluie s’est
TS9422A279C58D,1,none,"Moïse (Maïmonide), qui nous dit: Les Noâ-"
TS2616711A46C1,0,mixed,des Se. Majestät der Kaiser unter
TS36B678F12E69,0,spacing,"du soleil, je sais où perche à"
TSF630FE755C25,1,none,"Cassel, 31 janvier. La démission de M."
TS1D4FF681A090,0,deletion,"amte, der für seine alte Tage ein ruhiges Amt zu"
TSF6D27F6139A4,0,spacing,der herbeigeeilten Menge im Neuburgerhoffest⸗
TS57A9FFBDBDEC,1,none,à fait stériles. Mais ce ne sont pas làles seuls
TS9C2732FB76D7,1,none,"die riesigen Metzeleien: Doch der Beweis, daß dieses Eingreifen"
TS766784A0D885,0,spacing,verbinden. -
TS3910F426CB76,1,none,"tracé et le lieu de raccordement à la frontière,"
TS1DB22DB873E8,1,none,"„ptiers et l’Alzette, capricieuse petite rivière. C’est gra-"
TS7E949426B0A7,1,none,"des raisons politiques, nous ne sommes"
TSFC8DD881DE8D,0,deletion,vous a si longtemps échappé; que si vos
TS2374A8092C09,0,substitution,"prudente des avantages qu’offre le traité, cette"
TSE659EB48F872,0,substitution,sich des einfachen Mittels der Stollwerck’schen Brust⸗
TS9E99E58472B2,1,none,"erhalten haben will, sollen beinahe schon"
TS0F3F0D95035E,1,none,mir Honn géfen esó gièr rose vu Keelt ewé vun Hetzt.
TS0B0F79A69FD3,1,none,"M. Ulveling, Dir.-gén. des fin. Et c’est"
TS1D3713DF2BC0,1,none,bekämpft haben.
TSE49F4EC2AE15,0,deletion,avec ceux de Longwy.
TSB0CD9DB278DE,0,punctuation,Was für unnatürliche Verhältnisse walten denn
TSE72ACA647D62,1,none,"stand noch immer wie vorher, ein stummes,"
TSDE41CD2ABB6D,1,none,zuzurufen. -
TS3D6794AF2D85,0,diacritic,dont l’abus de la liberté de l’homme a peuple
TS2B727D3C2197,1,none,sures financières sont réclamées. Fort heureuse-
TS97FAEA401CD8,1,none,Pense-t-on qu’un autre impôt serait ré-
TS56C99E4B3D65,0,substitution,würdig find und die Charakterfestigkeit genug
TS56EB0BAD872E,0,deletion,La reine a répondu:
TSDD2082B50BDF,0,deletion,et la Porte pour le réglemment des réclama-
TS6D99F86AA22B,0,substitution,que les Echternachois portant avec le pays entier
TS3995A369C66E,0,punctuation,"d’hui, 3 heures."
TSF5D68F736C19,1,none,„chrétiens. Ces deux faits sociaux s’expliquent et se com-
TSE4325B2E7569,0,deletion,"Danach haben wir uns das Verhältnisse, in dem"
TSBDEFCDA12192,0,substitution,mußten ihn „heftiger Leibschmerzen wegen“ entschul⸗
TS879ECA95C49D,0,spacing,le hareng de la ce que pour le lacérer longitudina-
TS56A423ED2708,0,insertion,"ouverts, et il a bien fallu reconnaître que c’est le"
TS66734A54AAA2,1,none,"cinquante-six; Anglais, mille trois cent trente-"
TSF403C76F4CED,1,none,"moins, en passant auprès de lui, la plupart"
TS1E37B14CE822,0,substitution,homme d’Etat fait unir la rue à la
TS0B2EFFD5D9DF,1,none,"Hochverräther“, oder ob ich sage: „Ich meine,"
TS267CDC475A10,1,none,"quelque jours, et nous ne doutons pas qu’elle"
TS16CE7F9422E0,1,none,gel an Lebensmittelnergeben. An der Donau ruhten
TSD5E2263223B3,1,none,"petit peuple qui n’a, pour se pro-"
TSC4F3773E58CA,0,punctuation,"eut le temps de lui adresser la parole cet,"
TSC8BC649EC3D5,0,substitution,les distinguer des pièces véritables. On nous en a
TS9C1AD2F83F2F,1,none,"der Haupt⸗Redacteur dieses Blattes, seinen Lesern"
TSE350FF118D8F,0,punctuation,"gique: c’est que la démocratie est triomphante,"
TSC50465B6C057,1,none,hier oben gehören zu der Wohnung des Herrn Che⸗
TS2F85E1DBAA13,0,substitution,"Le Conseil de Gouvernement,"
TS95907C35C905,0,deletion,Erst wie die Lauscher schlafen gangen
TS4B99993537DE,0,insertion,timents aux peuples et de plus solennels aver-
TS3C15ECCD77EF,0,substitution,"dans l’incendie de l’hôtel Elisabeth, à Ischl,"
TS9EE784390429,1,none,"„vous sourit, s’inquite de votre état, vous donne des marques"
TSD9AD0986A392,0,deletion,Sainte-Perreine
TS5E16AE2FB39B,1,none,"aber wie ich mir denke, daß die Aeolsharfe ihn"
TS503D50415752,1,none,der ihm entheilten königlichen Macht.
TSAFDFE259A193,0,punctuation,Untersuchung über die
TS835A71E14094,0,substitution,Franz.⸗Österr. E.⸗A. 173 G.
TSFF2629999A6E,0,substitution,"vieler la loi, lui qui enfut le défenseur zélé, avant"
TSFDAA2A849A54,0,diacritic,Gegenstand zur öffentlichen Debatte in der Kammer
TS9B68644A0991,0,insertion,"loin de le défendre en dépit de l’évidence,"
TSB86BFB4FAAFA,1,none,qui le remplacerait. Si on se décide à rayer la
TSED3709F47945,1,none,"pour protéger la capitale, mais ce bruit"
TSCCFAC5D5F734,0,deletion,"de Hecken, le tout situé au village de Consdorff. rue"
TS408FCAE337D7,0,substitution,de l’Europe et brillé partout par ses têtes et son luxe. Ex-
TS0CE8DE6EA3EC,0,spacing,fier l’exploitation des chemins de fer
TS991C0AE25433,1,none,société nationale aura toujours la préférence.
TS5E2753C2ABED,1,none,1. Durch ältere und neuere positive Verord-
TS1EEB505F4B72,0,deletion,»Barrette a bien en main une police de la com-
TS57712DD88FD5,1,none,"Im Dorfe am Fuße des Hügels, be⸗"
TSC597596601B9,0,spacing,5. Idem. Demande d’autorisation
TS766486741AED,0,spacing,"cou, que faut-il faire! parle... conseille moi... je"
TS4DE851B826B5,0,deletion,der „Mum Ses“ begreift.
TSEB82879925AE,1,none,qui repose principalement sur la conviction
TS71C6B1C83855,1,none,"d’être prouvé, encore le gouvernement de"
TS9747ABE72A8A,1,none,"die Waffen, und zur See richteten die Venbündeten"
TS98F8B88A3D69,0,substitution,"Frères, n’oublions pas que la Pologne"
TS438B49BF71FC,1,none,"La Haye, 11 février.- On assure que la démission"
TSE48F2C171236,0,insertion,Ich sah ein den glänzen
TSC2BE27758B9F,1,none,einem Ehemann der Nachbarschaft einen Streich spie⸗
TS1B23C08FBFB4,0,deletion,la loi. On dit aussi que les sociétés de chan
TSFE56ED66337E,1,none,October vollkommen aus und gaben 40 Pfd. schönen Samen.
TS264579019FC4,0,substitution,"gerechte und gesunde, welche Jedem die Möglichkeit"
TS3E408556FE19,0,insertion,von dem des öffentlichen Unterrichts trennt und mit
TS143DF61DC115,0,diacritic,extérieur de Thionville et l’approche
TSE7F26D1358BB,0,mixed,"vrzweiwelt: Oi Jeses! meiléewen Herr ....., et geht net"
TS7203667F0C91,1,none,dann noch mit so gelehrter Kennermiene miss
TS1440FE19304D,1,none,exacte des dispositions qui animent mainte-
TS012AF73AB6C8,0,spacing,Vieh übersehen und
TS34012FF0F5BC,1,none,centimes Longwy sera toujours en
TS32375BAA9108,0,diacritic,wìrd.
TS698588806AE6,0,punctuation,avec la plus.
TS9D3992662E39,1,none,judiciaires rendus en raison de ces publications.
TS21E808029E8A,0,insertion,Am Montag sollte sich Paul de Cassagnac mit
TS5F3DA4BE9389,0,insertion,istorische Erzählung aus dem 5. Jahrhundert
TS7D2D4D5188A4,0,diacritic,"sement des coursiers et le cri de guerre de sa tribu,"
TS005A49523753,0,insertion,bres.
TS8FDE0E84F8EB,1,none,"tenant abrogée, et qui avait établi le recueil des instructions et autres actes"
TSC8FAD28B0E0F,0,insertion,"vous, enrichissez-vous d’abord, disait il y a quel-"
TS4B054326EB58,0,insertion,"dans la gestion des affaires de la Compagnie, les"
TS5C11761F6694,1,none,vouloir faire qu’une loi électorale provisoire
TS0F07B77FCE57,0,substitution,"Baden⸗Baden, 14. Juli, Nachmittags."
TSED8B1E56241F,1,none,idiquait le rétablissement de la situation
TSDB9B1340B337,0,spacing,revel en souriant.
TS64AD5BBFC15F,0,deletion,comte d’Einsford vient recevoir son hôte et lui ren-
TS45871757F863,1,none,qu’il ne lui appartenait pas de se faire
TS1074EEE8EF5B,1,none,"Sepfontaines, Walferdingen, Ŝteinfel und Lo⸗"
TSCBD5F35A050C,0,deletion,"kommen d’Brigange mat de kleppelen a mat den droite, Schläpp."
TSBD52CCEFFF52,0,deletion,"sonderbare Erfahrungen gemacht, daß man auf solche"
TS5A5E9AAE68FE,0,deletion,libérale le cens de 30 fr. on ne l’aurait pas
TS13C99B6845F9,1,none,- Que voulez-vous dire?
TS87779B6D52AC,0,diacritic,Arlon ausgegeben worden.
TS51DDEFB682C9,1,none,preuve qu’on ne doit compter d’une manière
TS83D73E89F20C,0,substitution,"seinem Vater verdiente, welches künstliche Spielen"
TS88B7F1949524,1,none,"In der Schule zu Schlettstatt, in den Zeiten"
TS8A0636DE3E9C,1,none,"leuse. Quant au gouvernement de notre pays,"
TSCA6341B9E4DA,1,none,"thier zu stellen, wofür der Pfarrer den gewöhn⸗"
TS286433EE9A79,0,deletion,berechnet die jährliche Abgabe an die Geistlich⸗
TS600EE4D7A22A,0,substitution,lautem Vivatrufen der
TSA56BE9E6D8D6,1,none,"santes, lorsque sont survenues des demandes d’a-"
TS11FE0C0CDDD8,0,diacritic,Stadt der vollkommensten Ruhe. In den übrigen
TS3AE192284B7F,0,spacing,matelot avait adressés au même patron
TS579A9EA3DE11,0,substitution,definitiv zu ordnen. Da indessen die Fondes für mi⸗
TS3D171A2549C3,1,none,"par une mer commerciale, elle ne menacera plus l’in-"
TS0C5BBB5F9407,0,deletion,und vor de Ereignissen in Deutschland nach unser⸗
TSE8E6F67D69F5,0,insertion,jetzt Clotilde die Zimmerthüre
TS9A17692472E9,1,none,"dans la Représentation du pays, et seront"
TSB7DE490DC329,1,none,"piren, deren sich an verschiedenen Puncten des päpst⸗"
TSDB09DCDE0E4A,1,none,"qui lui a été adressée par M. de Cavour, re-"
TS8B8D3AC40BED,0,substitution,"Innern ergriffen, verzichtet Attila auf Sieg und Beute und - Rom ist gerettet!"
TS80758F122EF5,0,deletion,Oberhaupt gethan haben.
TSF0B23FAFB06A,0,spacing,"faible, machère enfant, pour songer à une just ven-"
TS0CB395264B16,1,none,"Erde“ mit zwei Hörnern, und einen Teufels⸗"
TSDCF4C73A61BE,0,spacing,forma le duc Albert de Saxe-Teschen
TS315B5E4939D0,1,none,publizirt
TS6C644C9F1639,0,punctuation,agi des droits acquis. Ces droits n’ont pas été
TSD90DAA4501FD,1,none,wendigkeit repariren zu können. Der Berichterstatter
TSB90C8C8B1805,0,punctuation,surer qu’il ne se trompait pas de maison Etienne
TS88C2BF8DA596,1,none,"Es unterliegt keinem Zweifel, daß das Bestehen,"
TSE165F7E78EBF,0,deletion,On lit dans le mêmême journal;
TSC496C6D7556C,0,substitution,allen der gregorianische Choral zu keiner Zeit
TS58986C1A1BA3,0,substitution,"des travailleurs, pour ne pas croûter soi-même."
TS2192BE832C92,1,none,"tre le chrétien rebelle, absolument comme Henri II"
TS416F2CC1119F,0,insertion,"begreifen, aber mich, einen einfachen Matrosen und"
TS9D2D0EB28F5D,1,none,Frappé par l’esprit invisible...
TS8FA5079CC05E,0,substitution,dernière en qualité et en quantité.
TS212845BD8E99,0,substitution,"mauerei, obschons dass en esó oft man Här Breisdorff am Knuodeler-"
TS7848B9BBF757,1,none,raisons de croire qu’ils n’ont pas résidé dans d’au-
TS1EEEA2B391E4,0,mixed,ger par contumace le prince auteur de la pro-
TS8C0C111B3E80,1,none,femme avec un contentement réel.
TSBB8205FE6A84,0,deletion,cortège se mit en marche et suivit les boulevardes
TS31CB2A472053,1,none,"aussitôt la caisse, les demicercles se"
TSD113226DEDB5,1,none,- Man meldet aus Toulon vom 22.
TS14060A1CD7BD,1,none,pour faire echouer le projet.
TSCBF206E5E041,0,punctuation,Part. v. 3000 O. 24 3/4 B.
TS9D2B967FC1E3,0,insertion,pendant que nous offre d’abord en majeure partie notre
TSCDD7D5FF33C3,1,none,genre de maladie.
TS1446EE9BB6A1,0,deletion,ses Psalms mit der Antiphon Nous qui vivimus.
TS8057B8A30C01,1,none,pour des relations s’étendant au delà des frontières sur
TSC5F93F6B45DD,0,spacing,"Doch sieh! ihr ward, als hätt’ der Gast"
TSEE21E2772C62,0,substitution,Santander et Reinesa sont interrompues.
TS006EC8AB49FA,0,insertion,"de cette ordonnance, le Journal de Luxembourg a commencé à paraître à"
TSA8CE16340CFB,0,substitution,de vivres. Voici ce que porte un télé-
TS59109EAA91AA,0,insertion,"DE LA FONTAINE, Président."
TS4241938F6CE9,0,insertion,"perd ses forces, et recoublent au con-"
TS5200434EF4B8,0,spacing,Vianden: 1 id.. „ 50
TSD782A81D8DB6,0,substitution,"mêmes, nous n’en sommes pas plus certains"
TSB4631938B6FE,1,none,ne pas se prêter mieux aux négociations est
TSC30628C6D537,1,none,„un esprit attentif. Il y a dans ce livre une science prodi-
TS501641D59BFA,0,deletion,"Le colonel Lopez, du régiment de l’impéra-"
TS8BF7BDA03373,0,insertion,mer durch geheimes Scutinium und relative Stim⸗
TS5B732FF576B9,1,none,"D’Kètté. - Ainsi soit-il. Wann onse Paschtóer emol stierft, oder e get"
TSF9DD165BE294,0,substitution,um dieselben unsern Nachkommen zur Belehrung auf⸗
TS1BE65D26123F,1,none,die schwere Aufgabe ihrem Wunsche entspre⸗
TSFE598E40B447,1,none,cience de les changer;
TS40341402E814,1,none,"qui devaient le frapper était comble, et c’est"
TSB15007AF3414,1,none,"Breslau, 24. April."
TS9CE206512321,0,substitution,"très directe, que j’avoue hautement: je puis être plus fier"
TSDE24F4554D50,0,punctuation,"ten, wurden die Geschäfte am 31. Juli 1856,"
TSA3196F56F265,0,deletion,des anführen:
TSE43C24F0D596,1,none,"à l’appui du projet de budget, données à l’Assemblée"
TSB67A42252FFC,0,diacritic,mes de l’ile d’Alsen.
TS790E53EDAAD7,0,substitution,"der Moming Post, welcher zufolge Oesterreich"
TS1EC67FFB38C5,0,deletion,"»A midi et demi, les trois fourneaux furent"
TSCBF361FC56F5,1,none,Für die Redaction:
TS017EDFE3B4C7,0,insertion,"erkennt. Wie wollt ihr nun den Bürgern verwehren,"
TSFE8DBAD91B65,0,deletion,ihn von keinem treuen Argus bewacht wurde. Ein
TS2E98B58A0A49,0,insertion,"dieser Hinsicht seine Pflicht gethan habe, wollen"
TS257594E98027,0,punctuation,"weiß, ob mir das Gluck beim Chevalier so wohl will?"
TSF2C5FF84DEF1,0,spacing,herzogthums an.
TS1E7FA4921766,1,none,spéciaux et versés dans les sciences de la théologe
TS8C15D7859FB2,0,substitution,schwarzen verlieren sich immer mehr.
TS75836D59767D,0,insertion,amerika stammt und den Namen Patate Cuzco
TS1F4EC9391DB7,0,deletion,Man bewundert so sehr die Klugheit ders Orang⸗Outang. Aber was ist
TS8C469D699B95,1,none,"prétexle, si minime qu’il soit, d’envahir"
TSCDDC67F576D5,0,substitution,Avons-nous le droit de dire aux Romins que
TS39101550FF63,1,none,unbedingt geantwortet haben der allmälige Ueber⸗
TS6D81DA157015,1,none,une fervente dévotion le salut de l’ange. Emu de ce
TSED50FA76003B,0,insertion,derrière lui: „C’est le fils du défunt Prosper
TS30984C19C1D3,1,none,complet! L’état-major des scélérats était en
TSEBAC372D71BD,0,substitution,"Paris, 17 janvier."
TS901E2A83D95F,0,deletion,Dreiklängen und über denselben eine schlicht flies-
TSD929E9ED0F3C,1,none,den Handelsstand leuchtet ein und dieselbe würde noch höh⸗
TS51C85CB7F2C2,0,insertion,"La Seine, qui était en baisse depuis lundi"
TSF6FE4156E07F,1,none,die fast unendliche Mannigfaltigkeit ihrer Formen und Far⸗
TSBA2D36570713,0,insertion,félicite le ministre des finances au sujet de la
TS0930BFF89119,0,substitution,"correspondance de Portsmuth, que le yacht à"
TSAD0466C190AB,1,none,Und nimmer wiederkarn.
TS152FD2540708,0,substitution,"zu haben, seien indessen 300 Gld. erfordert, die er"
TS68D637157458,1,none,überlassen müssen? Die Vorenthaltung des allge⸗
TSA8776E663E94,0,mixed,"nées, et de la le grief, qui consiste à dire"
TSDD7B6981AAAF,1,none,gung und als Futtermittel ist allgemein. Nach
TS6A569504B92F,0,substitution,vaut pas mieux. Il est évident pour tout le
TSE9A5BC90B992,1,none,"en nombre, et, si je ne me trompe, en force, ajou-"
TSF31661C42DC7,1,none,"gierung beschlossen, den Verfassern der beiden vor⸗"
TSBC24C3D7487D,0,substitution,einem festzusetzenden Reglement veröffentlicht. Diesen
TS5134840BB8B0,0,deletion,"Toutefois la concession sera définitive, si elle"
TS39C931658064,0,substitution,sant bien au fond de toutes les actions humaines on y
TSA207250FF8C1,0,insertion,mit dem Vice⸗Admiral Jurien de la naviere und
TS3B494235F081,1,none,"Versailles - „fourragir t“ worden und besaß Takt genug, im Feindes-"
TS80AB89B3BE6D,1,none,»L’eseignement tant public que privé con-
TSC22BEB8ABE61,0,substitution,sins auraient dû écraser comme indigne même de
TS08CF40D182DB,0,deletion,projet soutenu par le gouvernement et la
TSCAA1B2618617,1,none,Hr. Richard. Die Nützlichkeit des Antrages der
TS1D7B84D96CAA,0,substitution,erste Entwurf bringt die folgenden Besoldungs⸗
TS0E56A7C70255,1,none,kerung in den reichen Thälern lebt von Ackerbau und Bieh⸗
TSDC577DED2C07,0,punctuation,"13 3/10, Sirop 10. 5/10 Thlr."
TS633E86C00758,1,none,"infailliblement, si l’Autriche devait renoncer"
TSE3D5E3BDA979,0,substitution,"tional, un hôtel au général de Werder. On a"
TS8359B02BB96A,0,insertion,"Palästen, mit seinen Sehenswürdigkeiten und Musen,"
TS3D70E165CF42,0,mixed,On pourra m’objecter que ce que je propose à la
TS1FC8675D8859,0,deletion,je dépose à vous pieds mao
TS55AD406BC0B6,0,substitution,de Bonnevoie pour en chasser les ou-
TSFD7EC3B417B5,1,none,"begangen zu haben, weil er den König unerachtet"
TS75B06ECE9C3D,1,none,"diger-Historie», und zwar im Vorbericht p. 95."
TSF3A01E6E00A0,0,deletion,"ruchen, und Uhdender Absicht nicht fremd sein,"
TSF6164FAD3119,1,none,berathenden Körper. - Auf dem Eintreten der
TS22A1B7336BCF,0,deletion,"nommé un décret du 15 août dernier, et la"
TS0656F0003AE1,1,none,Oh que l’on se garde bien de
TS1BBEE2E5B8A1,0,substitution,"Nous nous rappelons qu’un vieillard respectable, hamme"
TSD138F63B636F,0,diacritic,sprach die Türkei die Schuldigen streng zu be⸗
TS9DACA7265E07,0,punctuation,Pfarrer auf öffentlicher Gasse beim Vorbeigehen
TS47DA18C35058,1,none,Un troisième inconvénient enfin consiste
TSA42D6C2F88F3,0,punctuation,à nous ces êtres-là sont plus faciles à moner qu’on
TS6CDE8731F985,0,substitution,"sion des projets de loi, liberté qui est du reste assurée par"
TS0935D920EFA4,1,none,der Steuer vom inländischen Wein; 2. über die Brannt⸗
TS596B9A98E666,1,none,auf Dur und Moll zugestutzt zu erscheinen wagen.
TSEF345033FAB9,1,none,primer jusqu’au bout. (On rit.)
TS367DBD34FB5C,0,insertion,"Londres, 23 décembre."
TS62BF983A0EDB,1,none,"n’annoncent pas la fin, mais bien plutôt une"
TS5B86629B90E6,0,punctuation,fung der politischen Lage in der Kammer
TSC4ACEF57FACE,0,insertion,"ben, welche seit einem Vierteljahrhundert"
TS84E3F87D513B,0,diacritic,"rer Hundert Verwundeter erwiesen habe, und auf"
TSA34504B9433B,0,substitution,vorragenden Persönlichkeit der wiener Gesellschaft
TS2FBDADAF7406,0,deletion,"sungen wird, der Anfang der Antiphon angestimmt"
TS2FF9DF7B7A26,0,spacing,administrations despotiques des Bourbons de
TSF84CD592DB93,0,deletion,kunde so bestimmte und belehrende Felder er⸗
TS393BD127BD63,0,deletion,cordes paraissent avoir été coupées. „On croit
TS3CA2DB8F058B,1,none,pas précisément toujours dans le même
TSB0BDDC199736,1,none,genannten Zeit zu Rom in einer bestimmten
TS9FA4EB930067,1,none,Kollektiren für die Armuth verboten werden.
TS8D929EE278B3,0,substitution,"welche Texas bilden wird, werden anderweitig"
TS03BC4005CB11,1,none,"Enfin les chasseurs ayant salué, le"
TSC908C61C5F75,0,spacing,vergangen sein.
TSFEDCA220F085,0,mixed,"Miene, sie einer feilen Magdgleich vor die Thüre"
TS349330898844,1,none,der weltabgeschiedenen Einsamkeit des Dor⸗
TS2E995F242041,0,substitution,chercher des complots politiques et à les
TSE4A4423C3441,1,none,"Soudain, un petit bonhomme, ramassé sur lui"
TSFAFB06A2B266,1,none,höchst bescheiden aufgetreten sein. Wir haben von
TS48D81A94DAA7,1,none,de l’inondation tous les courriers nous ont
TS51533CE55F74,1,none,reuse solution d’une si grande et si difficile entre-
TSE00F75FA024E,0,substitution,mit seinem Erbtheil nicht zufrieden und hat
TS96AC7FFCA2E5,1,none,tude de notre grande impuissance.
TS6054045A1451,0,substitution,Der Mordversuch auf den König von Preußen
TS77C9E365F0D9,0,spacing,einstehen.“ Daß die römische Curie und Rattazzi es
TS1490698FECCC,0,diacritic,stummte.
TS56378D42FF07,0,insertion,"ries démoutées, de nouveaux épaulements,"
TSDBB114408F5F,0,substitution,muugsort in der Richtung seiner Fahrt liegt.
TS3BC01364FB10,1,none,der Fremde gesagt: „Ich habe Eure todte
TS87CD65D5DBF3,0,punctuation,man im Friedensgerichtssaale zun Tafel sechs junge Mädchen der
TS448925F59521,1,none,chend lösen werden.
TSB668F464AA5E,1,none,gängerin mit allen möglichen Waffen aus dem
TSC6F62D57419F,0,spacing,präsentiren? Es müßte als dann auch ein Maximum
TS33E56E8CB88E,0,substitution,position a été accueillle. Nous per-
TS415049627F5D,1,none,teur honoraire dem H. Mallinger virun t’Nois gesât hun! - Wann ech
TS054FDEC76BF5,1,none,"titionen an die Legislative gewandt, um 1) die Be⸗"
TS37BD2E24A692,0,substitution,slaves.
TS4072CEA5ED79,1,none,ferrée et la levée de la Loire auraient été
TS034DF2CF5CE2,0,deletion,u. Es w. „ohne Zweifel jährlich. 20 Mill. Pesos
TSAD5076D9367C,1,none,"verschiedenen Landesialekte, nämlich, den Mosel⸗, den Sauer⸗, den"
TS9B6EA2DF699C,0,spacing,"morden. Ueber dies war ja Theobald nicht sein Feind,"
TSC7E6ACA8F2D8,0,substitution,vera pas directement place dans la Constitution. Ce
TS3D2C4A11A262,0,punctuation,ville de Paris de frapper les droits doctroi.
TS5C3F30E59682,1,none,keine Rechnung getragen; ihr Werk ist auch darnach
TS3D50BF38D5BB,1,none,"der Einnehmer wegen da sind, oder ob die Ein⸗"
TS190B74B9791C,0,insertion,dritte und sechste Stufe um einen halben Ton
TSDEB5B7B81A13,1,none,M. le président Walewski. Monsieur de Piré
TSD8BD06F17031,0,substitution,indem mir bereits Beispiele des 1. u. 2. Tones in
TS34510DE7B7DC,0,mixed,cette obligation les petites productions de la presse
TS85970752E2CA,1,none,für die Marken. Es sind bis jetzt nur zwei
TS83D780384BDC,1,none,"liorations, dit-il, étaient nécessaires, et il"
TS0B89A86F666E,0,insertion,lEmpereur.
TS383D8BA793A9,0,insertion,établie pour l’exploitation des mines d’anti-
TS4DE59873674C,0,substitution,die auch die betreffenden Verhandlungs⸗Protecolle
TS041665E7C8A1,0,punctuation,"visiteurs de Badhoëve, allaient devenir les"
TS40F820A48C3B,1,none,deponirt.
TS6374335FF701,1,none,vorbehaltlich mit der Genehmigung des mit den Ge⸗
TSEF97ECA9BC07,0,substitution,während der Schulzeit möglich macht: dann kann
TSBE69B52F202C,1,none,"ihm spazieren zu gehen. Allein de Pudel wollte, trotzdem"
TS61726B30E9B3,1,none,coup le silence qui accueill les questions
TS298FE43E9532,0,substitution,les actes du ministère de la guerre. Il a
TS318531F9D20B,1,none,bis zu anderweiter Verfügung ausgeübt werden.
TS2153925221A1,1,none,"Neueste Rhein, E.⸗A. 58 G."
TSED5A40BB35EB,1,none,Tḧatsachen bestätigen. Darauf erhob die Staats⸗
TS62ED1C6055E8,1,none,ne pas pouvoir achever la session le dernier cabinet
TSDC43B4532CD4,0,spacing,"gierungendete, daß sie mit der Ausarbeitung"
TS1E1BB4F367F1,0,deletion,Ueber Steingerölle führen der schmale Pfad aufwärts
TSE7DB7D009EB9,0,deletion,"Peso; ggenest der Kranken, so muss er die Ster⸗"
TSC62FD48A10BC,1,none,"Le notaire à ce judiciairement commis,"
TSC9CBE8486014,0,spacing,Roggen frs. 14-15.
TS9D0A7DCF7033,0,substitution,"manderait-on aux contributions directes,"
TS9F99D90C438D,1,none,déplorer.
TSC1244FF31046,0,mixed,"Février .. 191540 99 261,955 20 70,404 21"
TS80FC18B33614,1,none,On continue à parlerde l’état de santé
TS4E41766D5453,0,spacing,"situation, le sacrific de quelques hommes po-"
TS1DC7A44E29DA,0,spacing,1. oder 6. Ton anzustimmen geneigt sein möchle.
TS1B7F41139C79,0,spacing,police dàt virschreift dass d’Honn an den Honnsdèg Maulkièrf
TSD687E6EC3828,0,deletion,"sehen, desto mehr Streifen bemerke ich und die"
TS39DF3C1E0673,0,substitution,"Madrid, 19 août."
TSC03BF1CF3589,0,substitution,"tiné à faire un lavoir, ont produit de l’eau au-"
TS877C70902C59,1,none,tion nécessteuse.
TS4D66C3B8C125,1,none,qu’entraînent les voies ferrées: ce qui serait juste.
TS5FF7C7ADAFD8,0,deletion,"Palast der Tuilerieen, 31. December 1859."
TSD0FE662C0804,0,substitution,"matin, annonce que depuis la veille la Seine"
TSFD2AC4772C0C,0,substitution,"günstigen Einfluß ans das Termingeschäft, so daß die Stim⸗"
TSAF94A60D1582,0,punctuation,"dem so schnell Gekommenen wie betäubt, dastand und"
TS2143B47B7FA9,0,substitution,négociations relatives aux couvents dédiés
TS7BAFB299B465,1,none,nen über ihre Abstimmung niemals und über
TSCDB074A748DD,0,deletion,die Fortsetzung seines Weges bis Malta verzichtete
TS949B5D60DBB7,0,deletion,ist constitutirt und augenblicklich mit dem
TSC79BA19994AF,0,substitution,"des lois, nous lui demandons pourquoi elle n’a"
TS02C8C55959F4,0,insertion,les plus épais-
TS7C82F5AFD627,0,substitution,caine disparu on ne sait où. Les expéditeurs
TS4F6555808188,1,none,du bonheur qu’elle laissait après elle.
TSA86D6F546F81,1,none,"sich wonniglich, was für ein vortreffliches Herz man"
TSE96272E591D9,0,substitution,"d. M. Abends; der Gatte, damals noch ganz"
TS610512E119D4,1,none,Un grand nombre de chrétiens sont tou-
TSFB99A3071BCE,0,punctuation,cipe de la libre n’auigation consacré par les
TS4344C4E2D43E,1,none,"verhüllt mit seinem Trauerschleier allen Bürgerzwist,"
TS574EF2375325,1,none,"Herrn Metz vertreten sind. Die Rechte, „das In⸗"
TS58E0C6EADB1E,0,deletion,De Gront pas de bèschte Kapital.
TSD8E730185868,1,none,put s’empêcher de murmurer le conseiller Benoît.
TS26AADE3097D6,0,punctuation,L’avatrix luciburgensis
TS36DABBA752C5,0,diacritic,remerciés de l’accueil fait par eux à ses
TS3DAA6BB81FEE,1,none,"tendait à fiixer le cens électoral à 10, l’autre"
TS2B8FE5892A8C,1,none,pation des membres de la conférie dans certains en-
TS11F070417C3F,0,spacing,Darf man sie schon erlauben.
TS3032F65378B7,0,substitution,»Lorsqu’un espoir repose sur des bases
TS0B982AF5ACFF,0,mixed,Pernarellicitirt: = Diclich. Dizion. Litur. v.
TS15646E9F6CEA,0,punctuation,"Du diese Schuld, Mark, wissen mußt"
TSE18F9A4AF909,1,none,"jours inquiète, et agitée, cherche encore un appui"
TS656D739A09B4,1,none,textuellement ce que je vous ai dit de retards
TS9FEDD7492341,1,none,"Paris, 244. Agril."
TS14A733223D45,0,substitution,"Il est enfin, pour finir, prouvé à l’évi-"
TS890844D58E3F,0,insertion,"»Tom, dit le maire, donne-nous deux verres de sherry-"
TS68DCD93074F5,0,insertion,"et jucunditate geschieht, das ist ihr alten, ihre"
TS2114B899EEBE,0,substitution,"heute, nach so weiterschütternden Ereignissen per⸗"
TSCC2403343111,0,substitution,Art. 3. A l’expiration du délai d’affiche et
TSC6560AD1BA3A,0,deletion,"als besonders geeignet, auch besonderer Bevor⸗"
TS55D4F21AF573,0,substitution,"et, bien qu’on ne puisse guère prendre au sérieux"
TSE65AF4804618,0,diacritic,une telle générosité.
TSC6C3C3353696,0,spacing,"passent rapidement, sans faire station à Montrond."
TS665AF73FAD83,0,punctuation,"ist das Feld, auf welchem ein richtiger Pferde⸗"
TS26AE2B65528F,0,spacing,merie et la garderurale on leur a fait beaucoup
TSB608321854B2,0,substitution,voisin de l’embarcadère avec deux autres pick-
TS6952D1B163C8,0,insertion,et honorés.
TS848445E4D0CF,0,spacing,"Das Cabinet des Ministers, das gestern als Conferenz⸗Saal"
TS1ABB5EC142DD,0,insertion,Das Mädchen besorgte das Befohlene
TSE74A238D21B9,0,substitution,Notre Conseil d’Etat entendu;
TSF43F5F0ADC89,0,mixed,"Verfikator der Einregistrirung⸗Verwaltung, und E."
TS2E51C1BC615F,1,none,"par leur extension libérale, ont été reconnues comme"
TSDAA5CC10A02B,0,deletion,"Haut, etc. La Société des Enfants de Paris"
TSFF2958C43B8D,0,punctuation,"die Freiheit will, muß sie nothwendig für Alle wol⸗"
TS86833ECCB6A5,1,none,"Prix. Leyder Charle, d’Asselborn."
TSCDF6545CA92B,0,deletion,champ de bataille entre les idées du passé et
TS9E4FBCBC882D,0,deletion,serm Helden einen Zettel. Herr Berger durchfliegt denselben im
TS430FE3E24231,1,none,Maj. die Verööffentlichung des Staats⸗Budgets für das
TS8EDFCAF90CD9,0,insertion,"ni en Prusse, ni en Belgique. Mais si l’on"
TS7BA45C120269,0,spacing,"dans une enquête judiciaire, la présence sur la place"
TSF3DFE46D4DDD,0,substitution,entouré de dangers l’existence des proprié-
TS755651DF764A,1,none,"- Tenez-vous sur vos gardes, vous dis-je, on vous"
TSCB2F7F5B18C9,1,none,d’arrangement auquel le cabinet espagnol
TSD8D7226F6C21,0,deletion,qui l’ont guidée Sie
TS85302EE76D01,0,substitution,qui doit servir de guide et d’exemple a des pianistes de
TS31313A4DB7A9,1,none,Les ministres se sont réunis aujour-
TS30D66B1BEFD9,0,insertion,Unser Prov. Concil fusste nicht allein auf die
TSF07DAAF77A29,0,spacing,haben. Präsident Lincoln hat zu Washington der fran⸗
TS49C0BF4C3A3E,0,substitution,"de Rollingergrund, d’Eich et de Dom-"
TS763F9B816664,1,none,"nung erblicken. Sobald uns die Dinge, nach deren"
TS121ED4338A7C,0,mixed,re Arbeit für sämmtliche Mannschaften in den Boo⸗
TS7C00266B936D,1,none,weniger freisinnigen oder gar absolutistìschen Grund⸗
TSD6F140354DCF,0,insertion,"en le regardant fixement, l’œil dans"
TSF231CCFCA2BB,1,none,"des endroits différents. Selon moi, la lave est"
TS686365532361,1,none,les arguments qu’on lui oppose et pour
TS4D1BAA30ACCE,0,spacing,"qui dérivent, soit des lois, soit des décrets"
TS6B986DC28CF8,0,deletion,Da ich dir doch so nach!
TS0DB859CF0537,1,none,"Nur höhres Selbst, nur eig’ner Werth"
TS26B0205C413E,0,deletion,"Monate, nachdem sie zur Erledigung dieser Ar⸗"
TSC103AA448CA0,1,none,"de publication, les autorités communale es-"
TS68B815B9A577,1,none,"sich. Aber was den Fichtelberg betrifft, so hat der"
TS2770657FA269,0,diacritic,n’est pas la sa place; il lui convindrait mal de se trou-
TS80B7F2B336ED,1,none,certainement que la mesure prise est inqua-
TSC4A1FDCE1319,1,none,fondation.
TS03A332F3A954,0,substitution,her eine der kräftigsten Stützen des deut⸗luxemb. Elements
TS4B957FF98CE2,0,punctuation,Stroh als Feuerungsmaterial verwendet. Die
TS248D484AA580,1,none,"également la proie des flammes, er, vis-à-vis de la"
TS153E5DA7A21E,0,punctuation,"xembourg n’a fait, à la vérité, que rendre justice à la"
TS68ADDC8FF8AF,1,none,L’office Reuter publie les nouvelles suivantes
TS7E80B5384405,0,punctuation,parchemin plus ou moins bien doréle Catéchisme
TS408EAAB4F915,0,insertion,citoyens n’est plus en sûreté; la police est impuissante;
TS3AC67553F3C6,0,diacritic,"placement de M. le maréchal Niel, de-"
TS7FB3F154FF96,1,none,pour faire ce que le clergé a fait par la protes-
TSEBF58CA5EEDB,1,none,"wahrscheinlich halten, daß das Land sich zu Geldo⸗"
TSE66AE9FFC8B6,1,none,risiennes. L’art égyptien se dresse
TSDFB1788A166A,0,diacritic,"Fre Donner, spet Honger;"
TS6A2A3F51389F,0,punctuation,ihrer Großmutter und einer andern. Dame ihres Ge⸗
TS1A9AAE8C4A5A,0,deletion,"Le soldats, que la corvée ennuyait pas-"
TSD648AA51154E,1,none,catholiques romains se trouvent en trois fractions
TS172464987536,0,insertion,"»Or, le 18 février, proposition de l’assurance;"
TS465E3C6C33B7,0,substitution,"edle, einfache Wesen des Bräutigams scheint gar wohl zu"
TSC1BEAF6A7B6D,0,spacing,la position officielle qu’il avait prise. On
TSA094DA698B36,0,mixed,"Aus de Wiese, un der Wet,"
TS83420330B0E5,0,punctuation,triche la possession de ses provinces non
TSD27F1120E581,1,none,"roment, le scheffel, 2 thlr. 23 sgr. 09 pf.- -"
TSAD120991B785,0,spacing,war ein des follsiges Hoffen der Betheiligten im⸗
TS3B5CE72C8A50,1,none,ver chez Gilles Gobelin le teinturier dont la bien-
TS441204BACF4B,0,deletion,bei dieser Abenderung völlig unberührt bleiben.
TS0A474A45F417,0,substitution,"Mein erster Mann ist auf der See ungekommen,"
TSFF5CA67320A4,0,substitution,"u. Offertorien, nebst grossartigen figurirten Messen,"
TS1A8FE9DDEA5B,0,insertion,nige behält.
TSA9CEA7282258,1,none,"La dame lui donna 30 fr. et, tandis que les"
TS5EFFE5A07D03,1,none,transporter à l’infirmerie
TSE1F8CFF5384D,1,none,Abgange seitens des Eigentümers bezahlt
TS483BF173ACA6,0,substitution,"Hrn. I. Schlich, in Chicago⸗Ill.: Ihre letzte Sendung eingetroffen. Wir"
TSF8DE57DA02FB,1,none,On y pénètre par trois entrées formées au
TSFF049DAD2764,1,none,115 à 20 hommes de plus à chaque re-
TSDEBBE23FBBAD,0,deletion,getragen. Hiernach dürfte es nach der Ansicht der
TSBB0A698365FF,1,none,"en foule vers l’église primatiale, et s’engloutissaient"
TSCC4E0B8E067D,0,substitution,allein für die mit neuausgestellten Karten ver⸗
TS3E7CDC0845A6,1,none,dann haben die Verheiratheten im Hauptorte
TSDD0FC048C709,0,spacing,Comite baldigst zuschicken zu wollen.
TSB65C488379FD,1,none,"gelegenheiten zzu Brüssel; de Cuyper, Greffier des"
TS4428A7FF79C7,0,deletion,"Crankenburg, im Dezember 1864."
TSBF2B1E6C0B59,0,substitution,Herr N. Metz für den Cons von 10 Franken auf⸗
TS0E6AD7FAD2CA,1,none,ment des héritiers légitimes. Parmi ces indi-
TS13559E561DC6,0,deletion,Kind nicht von Dir; laß ihn nicht die Schuld
TSC1D6A2A71794,0,substitution,"sicherte Dotation zur Unterlage dienen müsste,"
TS5ACB870BBBFA,1,none,Dem Gimpel däucht es gar nicht schwierig
TS25A66C463AB3,1,none,nion de troupes n’aura lieu dans la pro-
TSF26C8D36B5B4,1,none,ques d’essentiment.)
TSF2A2842A8DA3,1,none,"des navires de l’un des Etats, sans préjudice, toute"
TS38CA4BB4FC04,1,none,ligieux et le pôuvoir civil. Les ministres d’un culte
TS324A2351CCCA,1,none,die Arbeiten der Kammer einer raschern Erledi⸗
TS00A63F1B6E0D,0,diacritic,"fir ons de gut Nouvèll ze brengen, duorfir kemt en elo erîwer."
TS9B792F8A5AC5,1,none,"nistres parce qu’ils sont très-intelligents,"
TSCB40923FF94B,0,insertion,leroi il y en a 22.
TS430AF6E9FC00,1,none,"tiker überlassen hat er darin gefehlt, so wird er"
TSDB5A1385E5F2,0,substitution,15 septembre est significatif.
TS20054694E4BA,1,none,féśch. Dicks hat hier in einigen wenigen Strichen einen wirklichen
TS86E09BF1D2BF,0,substitution,souvenirs pieux et les témoignages daffection et de
TSEE6B39818318,1,none,"nen Galgen hinter sich haben, kämpfen immer besser"
TSC1F54DE96AC1,0,substitution,"nennt die junge Gräfinn ein einnehmendes, ge⸗"
TS0280F767F43A,0,spacing,auf folgenden Vorwurf hin gestellt: Die Regierung
TSB89DFC21F4E9,0,punctuation,"ès-qualité qu’il agit, et Jean Namur, fils tous"
TSFE5DF50EE7B4,1,none,"7e, Schaack Mic., de Wiltzs; 8e, Tschiederer Vitalis,"
TSD8828EE8EC59,0,substitution,"würde es sein, wenn man mitten im Gesänge eines"
TS3B3DB80D0D91,1,none,"charte, le peuple français résevait son énergie pour"
TSD9F7AB921F80,0,mixed,"Le soir du crime, le fils Kopf avait"
TSD57DD51081E5,1,none,"begangen wird, zu versammeln. Dort wollen wir für"
TS5F5BFDE967F6,1,none,"continue. On espère, cependant, que les me-"
TS88AEE9CD1F0C,0,spacing,"entre le gouvernement et la nation, en pré-"
TS5108AC2279E5,0,insertion,"Verein, pour s’opposer à l’acte projeté des francs-"
TS5A147DE6EA9B,0,deletion,ment aux autorits le chat à neuf queues et..
TSD6F2AD37C7CB,0,insertion,"wußtsein ihrer Macht hat, gewandelt sind. Der Armee - dem"
TS58C1F71999BB,1,none,zur Gewinnung eines kräftigen Viehfutters und
TS68ADCB48B20F,0,insertion,"héritier, adopterait, la religion grecque."
TS54D9B31567C2,0,substitution,H. übernommen. Nach mehren Toasten und gelungenen Gesangstücken
TS60A9191B48FD,0,insertion,bunden werden. Der badische Lehrerstand ist
TSA24B3DAB4D9B,1,none,"bewilligten Waffenstillstand, den lediglich die Festung,"
TS4D32BB4B9849,0,substitution,façon pratique.
TS762334053CE2,0,substitution,Le Figard dit; „Un ballon répondat au
TSB30B83D988C4,0,diacritic,"eifrig arbeitete und den er zuerst mit Wohlwollen,"
TS03EE42C21082,0,substitution,La rédaction de ce journal est étrangère à cet convoi;
TS9D7403DCB178,1,none,"» A Dordrecht ou à Breda, le même stratagème fut"
TSE916789211A6,0,substitution,leisten zu meinem Zug nach Gallien gegen
TS381315A74B63,1,none,"affaire. Ce n’était pas à Choisy-le-Roi, à proprement"
TSFD9F79603088,0,deletion,Hatten sie des rausgefunden.
TS07F223D42EED,0,spacing,se dégager de plus en plus des préjugés
TSE3BB27F71343,0,deletion,scher Zwang in unsern Augen auch Zwang ist und
TSBC210B69D855,0,insertion,Betrach⸗
TSDD7AB75EC36E,0,deletion,protestiren einergisch im Namen der muthigen und
TS03CC7F4417E3,0,substitution,"die Mannschaft,"
TS0A79E68213E3,0,deletion,"alimenté, le métale coulait dans le moule, et"
TS04460C7BF102,0,substitution,"être exclues, même celles des Etats riverains, les ar-"
TS57B3AA5086B1,0,spacing,embarras. C’est pourquoi on doit se féliciter
TS5D72FE8B2244,1,none,“Plusieurs journaux de province ont cru
TS701A0BE155E3,0,substitution,"der, ruft Sternberg ans, daß die Erfahrung"
TS61FACC637A0F,0,insertion,Ausgebot und ging zu 50 Thlr. über.
TS21D98B253DC8,0,insertion,mer aux forces industrieles et intelligentes
TSD2C91654A8B5,0,spacing,"Altona, 22 décembre."
TS6F94B3BFBDEA,1,none,"2. Durch die theilweise gegenwärtige Praxis, u."
TSD01C1095AF77,1,none,einen materiellen Wohlstand sich zu begründen? Kei⸗
TS56AA88173F39,0,insertion,"mitterer oder kleiner Cultur, welche am besten die"
TS168B6CDFE626,1,none,"lité, pour remplir par interim les fonctions de Procureur-"
TS607752E5B515,1,none,00.00. - Kartoffeln 5.000.
TS610ADBE52168,0,mixed,"glement provisoire, sous toutes ré-"
TS31712F96AE9B,1,none,"son pouse Jeanne Schmit,"
TS168145932E3A,0,spacing,lichen Studien und namentlich denen des Beam⸗
TS4F209B71B9F3,1,none,était dans l’intention de retrancher de l’an-
TS9FAEAC37FBED,1,none,"contrées, se rafraîchit subitement et le ciel se"
TS7DCCA35C3695,0,spacing,und dadurch die Befürchtungen anhaltender Dürre wieder
TSC9B1F6A6755F,0,substitution,Vianden 2 id....... 424
TS321BDA86F209,1,none,"tion, conduisit le personnage devant le com-"
TS190F6735DA9E,1,none,"Gróss Kanner, gròss Suorgen. (Lêt.)"
TSBD5529B4E6AB,0,deletion,"und Verschweilegenheit gelobt, und setzt sich"
TSE207400ECBEE,0,spacing,"127 mehrere Feste mit Orgel, so:"
TS7D12BD21C132,1,none,Die Regierung wird einen Gesetzentwurf zur
TSC5D078F32F5C,0,substitution,"ayant faculté pour faire l’expédition, pour autant,"
TS19ADBD42A1C2,1,none,"einer Granate, so daß man glaubte, daß sie zu Grun⸗"
TS2D063AEAA944,1,none,"nistri Altars, diaconus scilicet et subdiaconus,"
TSCFA7DA12FFFB,1,none,hochgebildeten und liebenswürdigen Tchter des Fürsten
TSD78238FE42D6,1,none,"Funck, id Capellen,"
TS3562956775DB,1,none,"tuelle, la papauté ne crée à l’Italie de sérieux"
TSC843666DEA63,1,none,sa faveur sera toujours de 30 kilo-
TS35C7E69FA2F5,0,insertion,l’attention des habitants de la rue de l’ar-
TS4414055E43D0,0,substitution,sie ihn damais aufgefunden
TS70A98530F33C,1,none,"Leder so sehr gleicht, daß der Unterschied nur nach genauer"
TSAC4E56718309,0,deletion,de loi
TSECD2812C711C,0,substitution,"Weil d’Freiheet leit dem Letzeburger an der Sél,"
TSB43AEF37593D,0,diacritic,quel en sera le de-
TS2DB7FC533F6A,1,none,tout le monde vit bien qu’un grand désastre
TSB9D6AD02A821,0,insertion,"„Ces horribles choses, dit le Pare de"
TS28EB7F54E8E3,1,none,"das Knie willkürlich wieder zu beugen, vergeblich."
TSE06C0C9BF8C3,0,insertion,"habe dicht am h. Rocke, um den Fuß strecken zu"
TSE3177400C89A,0,substitution,"bras et le canon chargé, que M. de"
TS6B83955F10C7,0,insertion,"Dé stin deruochler, halef verschmuocht,"
TSDDBC3603104D,0,punctuation,"Java Tafelreis 8 a 8½ Thlr., Patna 7½, Aracan"
TSA474E71C2857,1,none,"minder, wie für die anderen Dur- u. Molltonarten"
TS48B0B5811AAE,0,punctuation,rung des zarten Notentextes in so manchen neuen
TSD8E946C44979,0,substitution,"belehren. Kosten werden gemacht werden müssen,"
TS1DA41F5EA768,0,insertion,le prince Eugène de Savoie-Carignan a pris
TS36F92DD2206B,0,insertion,riodique est rendu par le délit d’injure ou de ca-
TSFE569E1A9F89,1,none,war zwei Tage vorher von einem Schlag⸗
TSECBF4D31CC49,0,diacritic,"Des que j’avais cette conviction, je devais, en citoyen"
TS79EA74538503,1,none,Etats-Généraux.»
TS40C1CDD0E3B2,1,none,mône.
TS4783604C9AFA,0,substitution,dre les mesures indispensables pour assurer
TS2A012387C590,0,deletion,"Man hat sehr gesunde, wohlschmeckende, ein bis zwei Pfund"
TS19F82808172E,0,substitution,"Redange.» Dât zéht bei de Baueren; - wann sie dât richen,"
TS6C8222C79D23,0,substitution,Die päpstliche Encyklika ist für Bismark’s VVerbleiben im Ant entscheidend
TS815B6ECC71B0,0,substitution,"hast zu Vianden, mittelst Entrichtung einer Gebühr von Fr. 50 die Naturali⸗"
TS1D5686C35344,1,none,"Perpignan, 20 août,"
TS70BC3353E144,0,punctuation,"nung, Dann würde der heilige Vater dem dankbaren"
TS99F8F1AB8E01,0,insertion,"morte-saison, nichômage, ni colition d’ouvries,"
TS16B250EFBB29,0,diacritic,aussitôt qu’on y était entre. - Si le ministre ac-
TS4D9E4FF84857,1,none,"ges that ebenso, während der größere Theil, worun⸗"
TS96C096FEFC0A,0,substitution,Schnauzbart blickte der Freundin mit schwrmerischen
TS5B01381B09C6,1,none,Umgegend zu errichten.
TSAF2311EB11A3,1,none,et des agrandissements?
TS7A5AE58C8FE0,0,spacing,betrat.
TSBD4D0F94C158,1,none,meinderathes hat ich nach Florenz mit einer Adresse
TS03AE2E8150FA,1,none,profiter pour placer ses produits accumulés de quel
TS80CD7077E969,0,spacing,amélioration évidente peut contribuer à accroître le bonheur vrai et la dignité de l’homme.
TS24EA952A8789,0,substitution,"lem, dans le prétoire de Ponce Pilate, le"
TS0FDE1A3187A1,0,substitution,gnement (1). Je ne sais si sous ce rapport la commission
TS684AAD1EBF38,1,none,maison de santé en Allemagne.
TS9FF75779CE12,1,none,elle se mit à chanter ses louages devant
TSAC432B81BA66,0,diacritic,"klärte es, dies sei nicht hinreichend, wenigstens muß⸗"
TSDD07861C96B4,1,none,moyenne pour toute la ligne est de 50 pour cent.
TS972B3234E687,1,none,ähnlicher Weise nutzlich zu machen suchte. Nach Nie⸗
TSE9E4E941D4A4,1,none,aujourd’hui.
TS95DF103E7F54,0,spacing,verstanden werden in Bezug auf das ganze
TSC962C1DA0CED,0,deletion,La lutte continue dans la Kabylie et quelques
TS7915EC1A435B,0,substitution,geheim. Diese Modificationen wurden von der öffent⸗
TSC424969544AB,0,substitution,est retourné à l’armée.
TSEF03DD71EC7D,0,punctuation,"S’il parle, chacune de ses paroles est scan-"
TS5CD9501271F6,0,diacritic,"Herr M. Dir ìrt iéch, Här Berger. Dâl Geld huot zum"
TS02861E031DE1,1,none,»En comparant à cette réponse les conclusions de
TS10501DE2AC13,0,spacing,ganz betreten ob diesem Gebahren des späten Gastes
TS46F7EE298C26,1,none,qui s’est passé.»
TS4C8624FC24FE,1,none,"Die Regierung begrüßt den Landtag, mit dem"
TSA614940E02A5,0,substitution,also Außerordentliches zu Gunsten
TS94DFC514C9BA,1,none,"l’espérer, n’est pas partagée par la majorité du peuple"
TS3270E1CF25A5,1,none,"permettaient de penser autrement, étaient réputés"
TS2CAD9D4BA29A,1,none,"also im Ganzen 4615 Geistliche, von denen jeder"
TS7586DA5F69FE,1,none,fr. les nouveaux impôts établis par les lois des 5
TS5D702D005634,0,substitution,qu’au nom du catholicisme et du salut des
TSB0FDD06FD966,0,punctuation,dit comité LL. AA. RR. Monseigneur.
TS9E7CDEE43CA1,0,substitution,pitaine.
TS3A08F937C27B,0,insertion,"wie der Deiwel, da gibt er eine Refulver ohne Hinnchen als"
TSDC703B17CCE5,1,none,"nesgèscht“ besser nicht geschrieben worden, indem dieses Stück"
TS35F95B62D59F,0,substitution,sein eigener Denunziant zu werden. - Man
TS67359EF2940F,0,deletion,"lich wenigstens zwei Berichte zu veröffentlichen, und"
TSCD6EA765AB66,0,mixed,- Die rectionären Journale haben große Angst
TS334CF752D07D,0,substitution,Minister der auswärtigenAngelegenheiten ein
TS31147943B362,0,substitution,qu’ils avaient faits avec eux pour l’exploi-
TSFDC6CE2404EC,0,substitution,Suisse. - Le congrès de la paix a traité hier
TS041C36183898,0,substitution,ein Raub der Flammen geworden. Un 4 Uhr war durch
TSEE4178D143FA,1,none,belligérantes contre la Belgique.
TS698813BA6364,0,substitution,La figure du Tueur s’illumina.
TSCAE2B1D0585A,0,deletion,"sie zu stürzen, wenn sie hinter der jedesmal gegebenen"
TS164A52AF7173,1,none,rez plus que des instruments de révalte. A des ambi-
TSAB770563200A,1,none,Klken und die Einrichtung von Wiesen.
TS7FA300AC1F4F,0,mixed,"mee dem geschlagenen Feinde, der sich in der"
TSCB793D461E19,0,diacritic,"ihn mit fortriß, - denn die Furt war weit"
TS3BDF0493D758,1,none,"aus wissen sollte, ob die Regierung sein Miß trauen"
TS5CFA3CA1B268,1,none,"Augen, und wäre ich auch blind, so würde kein Häuer,"
TSD1348BA2D3FB,1,none,Und täuscht’ er sich auch noch so sehr
TSB843BAD60F7B,0,substitution,"gue et sur le lit d’un torrent, en se dirigeant"
TS565B066E27B1,0,substitution,sulte qu’à la requête de:
TS86398F7B2992,1,none,„ Clerf. 5.42 10.53 3.17 6.13
TSC53CED3A119E,0,substitution,schiedenen Dur- und Molltonarten vorgeführt
TS905DEECF506D,1,none,l’amendement touchant le cens dans la loi
TS61EDD3B35654,1,none,lieu à des sacrifices trop onéreux.
TS865415A23A65,0,substitution,ce cahos mobilier. On y pouvait mesurer les di-
TSED1C93CCBBB5,0,punctuation,sagte er Du gehörst nicht zu den Superklugen. -
TS06763510DE7C,0,deletion,"König Leopold beiwohnte, hat Sie. Majestät der"
TS769B12291434,0,deletion,"Wé wan de Buodem schon gêf brennen,"
TS811BBC3490E4,1,none,Diekirch nach Fels 5.45a
TS88D4DC2FB82E,1,none,"sich frei entfalten und auftreten können, eben so"
TS2C05B6BFFC3A,1,none,"de conscience, de la liberté de la presse, du"
TS31D923DA961E,0,punctuation,Tout vôtre
TS36D725EFDEFE,0,spacing,santé. Il a déjà examiné avec une atte ention parti-
TSED2BDFC3EC08,0,substitution,Le mouvement électoral grandit de plus en plus
TS6E980295DE66,1,none,"den werden können, - durch das jenige Vehikel,"
TS69328D2E9114,0,substitution,„jeder deutsche Staatsbürger ist zum Deputirten
TS1A0291A12F86,1,none,"Jean-Pierre Glese ner, propriétaire-"
TS52C5599A85C2,0,mixed,aucun désir d’un changement quelqu’il
TSE6B2D54CA230,0,mixed,Le chevalier dignait de l’œil et souriait avec un joyeux
TSB711F091C69E,0,deletion,fit de nouveau retentir dans les airs
TSF177AFD36983,0,punctuation,nouvel ordre de choses ne seront conquis qu’au prix
TS448478245664,0,insertion,"Moselle, elle doit filles sous ce rapport, une erreur"
TS21D1CF0C548F,0,spacing,"Beaucoup de bruit pourrien Ce qui est vrai, et"
TSFF873879AEA7,0,diacritic,Verantwortlicher Redacteur:
TS0010C021EC4B,1,none,Die Beziehungen zu den auswärtigen Mäch⸗
TSB0CB03063E56,0,deletion,nouveau au milieu des représentants du pour-
TS0BED1AF97269,0,mixed,"serait ses papiers, avait été laissée à la"
TS1897FE2CF197,0,deletion,qui persuadent plus que les plus éloquements
TSE519A37CBF34,0,punctuation,"von Schlosserarbeit citirt zu werden, verdient"
TSD682FE40860E,0,substitution,"genug, um dadurch gerade um so mehr auf seine Achtung zu zählen,"
TS6AA3BD4B13AD,1,none,"de grognement, et la porte s’ouvrit, laissan"
TS82037E45626E,0,deletion,"gehabt habe, zu ermitteln, ob wirklich durch"
TS19F1670291F3,1,none,andere war Drauin de L’Huys.
TS1AE3BD591058,0,insertion,"über Paris erheben wird, und durch ein Feu⸗"
TS7C71D8A00085,0,deletion,"inconnen, qui paraissait être un garçon d’é-"
TS9DA4BC0AA3DE,0,substitution,en l’habitude de considérer jusqu’à ce jour
TSBD99557CB0EC,1,none,"se renouvelant, nous le démenions de nouveau."
TSE82EE0D4DEC4,0,spacing,devra à la munificence personnelle du sou-
TSF5977543C320,1,none,"„das Werk des Papstes, der eine einstweilige Ent⸗"
TS5F6E42B1ED55,0,insertion,"Den impel gläubten sie zu hören,"
TS0279EC294E91,0,insertion,"Stifff, id. Fentange,"
TSF48DE9B375E6,0,spacing,"compromettantes pour le progrès social; en un mot,"
TS7B8289562A74,0,insertion,"seinen Rath, dann wird die Plitzdarom zu en. Der Juris hat"
TS471B8C13D2E5,0,diacritic,ternach en date du douze Novombre mil huit cent
TSF1DA437B065C,0,substitution,concession est susceptible de recours au Conseil
TS88B0BDE016C7,1,none,"den sein geformten Händendas Gesicht, die sie indes⸗"
TS9260E376D2C9,1,none,über diese neue ihn erwartende Last nicht beson⸗
TS87FAFF80B630,1,none,avait fait appeler sa fille.
TSDD7F17A417DC,0,insertion,Si l’Assemblée n’avait pas compris ainsi sa
TSB4B18D921DC7,1,none,"du canal circulaire, qui sert d’évacnateur."
TS2282514EB6F7,1,none,„pour le rétablissement de ma santé. C’est
TSE68F628B4419,0,substitution,"Reprenez maintenant, diseaux, vos gais ramages"
TS15E49C4A2BF0,1,none,"lachte laut auf. Der Kräämer, betroffen über Colom⸗"
TS14694DFDC7AD,1,none,trer dans les districts de l’Union. Encore une
TSA0BE36396D5D,0,insertion,"Wahl des günstigen Zeitunctes vorbehalten. Jetzt,"
TSCC3DC4017365,0,diacritic,"ohne einen Schrei thun und sich wehren zu können,"
TSB413A6E39016,1,none,ménager votre amour-propre et votre honneur.
TS72AEFA1B1F48,0,spacing,"- Pardonnez-moi, murmura-t-il, j’ai voulu vous"
TS09A715349EF5,0,diacritic,me Neufchateau.
TS7D81762CBBB5,0,spacing,"tation dans laquelle, faisant remonter la res-"
TS5460C05F4FC8,1,none,même.
TSF1D14A418878,1,none,"sich der Thür mit seinem Cameraden zuwandte, Schlag"
TS39740874CF3D,0,spacing,Vougeot.
TS89E7B5DCDC1E,0,punctuation,"Lektüre hinwies Nicht die Dauer der Lebenszeit bildet, das wirk⸗"
TSC3EFAEC41E76,1,none,de prendre le parti de l’Autriche.
TS3CFBC9F861CA,0,substitution,"Landwirthe nicht aurathenn, besonders nicht, wenn sie"
TS9F998E193BD6,0,substitution,vereinigt.
TSDCC893F7C0BD,0,spacing,"Stimmung fest. Loco ohne Faß 141/6 Thlr., per Mai"
TS576EECDF8B0A,1,none,dem Knabenalter passenden Realien wesentlich
TSFF1D1B790627,0,deletion,"terrements). Mais tout en faisant cette reconnaissance,"
TSBDE18F5ECCB1,1,none,"erdacht. Wird der alte Schacht wieder gangbar, so"
TS3AC7FBEB594E,1,none,"siums überhaupt, und der besondern des luxem⸗"
TSA7868AF2A65E,1,none,"herzlichsten Dank darzubingen, und verbinden damit"
TS59ACC7C40A82,0,substitution,"ge à un de ses officiers, avec qui elle vécut depuis"
TSACDE5ABF19DB,1,none,"au lieu dit »Mouschberg«, il sera"
TS94CB0F1D5C24,0,deletion,"Du moment que le classement sera fait,"
TSFFC72BD503F5,1,none,"cial. Pour fonder des institutions politiques, les lu-"
TSC9148699F2FB,1,none,et le riche n’est jamais au dépourvu.
TSF01C52DC73F6,0,deletion,verbreitet hatte. Die Dominicaner hatten dort
TS55C6AC04E51D,1,none,"wie er auch gesucht, er hat keinen Brunnen, noch eine"
TS9F99E89867EA,0,diacritic,"Par l’intérêt. des Romains, car on ne peut"
TS33564FE57484,1,none,"er mit Salz und Ruß überstreut hat, üchtig"
TS2C4C839CCC78,1,none,et rentre dans sa cage par l’endroit où elle
TS0B039E7318C6,1,none,"„chen, wann et seng Hand no Letzeburech ausstrèck.“"
TS3E0E6FB0B359,0,deletion,blick so manche Seele mit Trostund Freunde er⸗
TS4C9C450162ED,0,mixed,»La situation des finances de l’Etat permet
TS8A360D4671A5,0,punctuation,thun!-
TS8D13E9A89CD2,0,substitution,d’ailleurs complétement échoué. Enfin l’a faire
TSF5E99326D100,0,insertion,Le Wort demande l’égalité des taxes.
TS758487A0C51D,0,deletion,"territoire de la commune de Berdorff, au lieu dit „in"
TSEFD67B4377DC,0,insertion,Wé danzen all Schwercher fnô op der Wét!
TSCCFAC6CD392B,1,none,"de Cotern, de Sandweiler, de Fouvent-le-"
TS2BD750C45095,0,deletion,"3. Die beiden im Cæremoniale, aber hier nicht"
TS197F884601EB,1,none,"les plus élevées, il envahit l’aristocratie la"
TSD4DFF4B84B6A,0,spacing,"Brotes, den Hunger zu still’n, wird als Verbrecher bestraft;"
TS8063E8404BBF,1,none,de l’assemblée nationale. On a été jusqu’à lui contester
TSE3586A9D5A18,0,insertion,"besondern Zauber. Denn sieh, im Fichtelberg haust"
TSE76201B46CED,0,substitution,"fisente contre moi, sans qu’elle eût en besoin"
TS1C4B1CEE677A,1,none,"26 Millionen, auswärtige Angelegenheiteu 7"
TS4BF31341F0DA,1,none,Generals Grafen Gyon und bemerkt dazu: „Diese
TSEDB64DC5FE80,0,substitution,Proteinstoffen in hohem Grade bemerkenswerthen
TS1D1278C3C764,0,diacritic,mit Orgelbegleitung.
TSEC3B64C5E005,1,none,"der Kapellle zu Nürnberg zu spielen bestellet ward,"
TSA0474617A75F,1,none,"Auslag nach und nach zu einem Fonds, der,"
TS7D7D0D77AA43,1,none,Schon dieses zart⸗ und tiefgefühlte schöne Lied allein be⸗
TS8F8A98675B67,0,insertion,"veaux, ses jours sont comptés. Cela ne veut pas dire"
TS99601CBDF0AC,1,none,"un exemple, voilà tout. Peu importe qu’il s’agisse de M."
TSBA88D49C8F67,0,diacritic,"in der Weise zu ordnen, daß nicht bloß die Zahl der"
TS985E124B181A,0,spacing,immer zur Ruhe nöthigen und nöthigenfalls
TSE2B971BA498D,0,substitution,"Der damals mich gebannt,"
TS3D54753477B7,1,none,„met d’une muraille de puissants rochers que surmonte une
TSE6074A55758B,0,substitution,Wurden auch zum Theil Partieen von den Lägern ge⸗
TSF0E0120EF970,1,none,"Klasse getreten, kaum acht in Prima sich wieder⸗"
TS6FD1E2F68F10,1,none,"Frs veranschlagt, die besonders durch die vielen Schleus⸗"
TSF47C5D797746,0,spacing,"zuerkannt wissen wollen, so zwar, dass der"
TS110FFD750286,1,none,"lichen Dingen, nicht diesen Hang zum Unbekannten"
TSE97156E4C06B,0,spacing,ples de grandes améliorations sociales et civiles; il
TSF911DFEFC2D0,1,none,Victor vient de prononcer la clôturne de la
TSBFE0EFCC120F,0,substitution,sondern nur bei einigen besonderen z. B. 1.
TS903B804BE201,1,none,in friedlichen Zeiten in Paris einen kleinen Kohlen⸗
TS8F8B26CEC590,0,punctuation,denden gedonkender trotz angestrengter Arbeit
TS2E2733C10580,1,none,Außerdem spricht man von Panzerschiffen in Newyor⸗
TS66155710AF98,0,mixed,"»J’avais fait assurer, il y a quelques mois, man"
TS2E1E260CF255,0,punctuation,"trouvent sur le champ de bataille, les"
TS83DB10BE6053,0,substitution,loger.
TS334E3D756579,0,punctuation,"weh, so herrliche Gebilde so leichtsinnig, und"
TS7E248FFA620C,1,none,tout en se réservant la disposition des fonds
TS75DC39F045C2,1,none,appelle la part du fe.
TS4306F3B5B666,0,substitution,richtete Gebäude niedergerissen werden müsse. Als⸗
TS42098E99C5DB,0,substitution,2. Conduite d’eau. - Changement au plan de
TS5568BFAC9963,1,none,des écoles des garçon de la dìte Ville.
TSE1316AAD795E,0,mixed,terte erfolgende Worte heraus: „Ich werde
TS68262D178968,1,none,"platitude de l’humanité. Au fond, cette platitude à la-"
TS7EFEA0560C96,0,deletion,schwacher Lichtschimmerin die Sturmenacht
TSA6FB24A3925C,0,diacritic,"que la Prusse, aurait, dans une convention"
TS9BB39E2CBE7E,1,none,troupes de la garnison. Cette offre a été
TS883CFCB09FE3,0,deletion,teux sur le capital
TS07F074DB61DB,1,none,"sich in den Fluß warf, um sich des herren⸗"
TSAAD757796CD4,0,insertion,de tout fondement.
TSF1652D8E0840,0,punctuation,senbahn bis nach Erledigung der Büdgetfrage wurde
TS7BA865952463,0,substitution,troubles.
TSFD0C0DF568F8,0,insertion,objecte ganz oder theilweise in dem unśrigen
TS0867DC870136,1,none,"Ueberzeugung aussprächen, die Einigung werde"
TS3412DC0AB4CF,0,punctuation,comme aux jours de carême nos paysans prennent
TS770D25587344,0,deletion,"und man kann es als allgemeine Regel aufstellen,"
TSD7A6D619AA26,1,none,cung?“
TSB29E898AD139,1,none,richten kennen gelernt haben. So mögen jene
TSA74DB6DA3190,0,mixed,Merzahl der Staaten haben sich auf eine Weise
TS043E430B8E57,1,none,ner erhoben; allein die britischen Interessen dürften
TSF2A33CE0B99E,0,deletion,Il es éviteront les
TS88AD217D174E,1,none,"Mann war, wenn es sich um Geschafte handelte, so"
TSC4D7165DE1B2,1,none,dem die nächste öffentliche Sitzung auf kommen⸗
TS278F897C0E5F,0,spacing,"chef, par suite de nouvelles dispositions adop-"
TS025CD09578D7,0,deletion,- Seine Maj. der König von Schweden Karl XIV. Johan
TSCF79C0C01263,1,none,wurde in leichten und geringen Sortimenten mit 33
TS43992B1ADF18,0,diacritic,Wenn er gemeiner Dirnen Blut
TS6673059E2F5D,1,none,Les habitants des maisons les plus voi-
TS4DFC93D52F92,1,none,ohne etwas zu entwenden. Die Diebe begaben sich da⸗
TS51AB571FEB1D,0,substitution,"D’Mimi. - Ech muss gestôn, dass ech - - -"
TSD9723B16D539,0,spacing,"Wir Alle wissen, wie fest die Jugendeindrücke"
TS809991BF9B1E,0,substitution,„Der auf der Bank neben dem großen
TS4208816D14B3,1,none,tère des affaires étrangères mais son ac-
TS373E8FC570E3,0,deletion,»Le mouvement des Autrichiens la pour but d’opérer
TS78155915DD1A,1,none,festen Satz 5 pCt. gutgeschrieben der Rest bil⸗
TS47F5D0F23068,0,substitution,en faveur de l’instruction primaire.
TS5A78B3BF5406,0,insertion,Landwirthschaftliche Betriebe in Bezug auf Gesund⸗
TS6C22EA400614,0,substitution,fernde Tugenden.
TS353BAF2471ED,1,none,se plaignait avec un accent de résignation touchate
TSBDBDA2202218,0,insertion,"sur les dépenses, a été versée dans la caisse"
TS409DBDFE53B7,1,none,eine bessere ist. Deutsch-Brandsohlleder wurde mit 35-
TS86E555C57FA9,1,none,Sainteté a inauguré une fontaine alimentée
TSCC60F4BFE7A3,0,insertion,ausgenommen die Feste und Ferien in der Ad-
TS108EB59D5CC8,1,none,déjà sur cette question romaine si importante
TS7D41B551D7E4,0,substitution,"lieu, d’une superficie d’environ vingt-quatre ares sep-"
TSF82FAEBF3E1C,0,spacing,- Ueber den Selbst mord eines Pudels erzählt
TSE519C2A99942,0,substitution,de tous. Il edressa au Sénat pétition sur
TS3E7B8F2751D7,0,substitution,Satzes und die mitunter sehr gesuchten frappanten
TSBB01B5594E8F,1,none,"auch eine Zeit kommen, wo sie eine Revision zu er⸗"
TS21210ECA2166,1,none,"besitzen, dem Parteitreiben zu widerstehen und"
TSE0538055D081,0,substitution,chiffonnier Pierre Feydt de Weymerskirch.
TSC6EFC6CD6872,1,none,"außerordentlichen Landtag, wie die Sachen jetzt stehen,"
TS8F127D4AE2AB,0,deletion,"»Quant à la question du Schleswig-Holstein,"
TS13694BDB5264,0,deletion,"„In dem Gewühle der Männerwelt, die mich im"
TSF9D0552B639A,0,punctuation,la redoute Fetschenhoff et on les acheva
TS15A5488EED78,0,spacing,Die spanische Regierung besaß einen ungeheuren
TSA7E6A19C01D5,1,none,guère très-ddisposé à voir renaître la question
TS05673931D73F,0,substitution,"l’année, ce qui nous semble devoir être considéré"
TS98D51B9E024E,0,deletion,former une majorité de quatre cents voix contre le
TS513BA86B3A21,1,none,ment désirable. De nombreuses conventions
TSB536C2B31FCC,1,none,de la même monnaie. Cela m’aidera à tuer
TSA48C3F00B266,1,none,vert au greffe du tribunal d’arron-
TS0F511694885F,0,substitution,Besinden zu erkundigen. Wir gingen mit ihm in
TSC9D6B3BDEE3A,1,none,tecte et le conduncteur des travaux de la der-
TS7F602506C5FD,0,insertion,Wilwerwiltz nach Hofingen ....... 9.15m 7.00a
TSE30C0DEB6B67,1,none,Art. 2. Les demandes en concession sont in-
TS4B487D9A6799,1,none,„geuse de l’homme; l’âme y est touillée dans ses replis
TSC638C7A373B4,0,insertion,"ten, können wir dem Geistlichen nicht rathen;"
TS1B8054E8A00F,0,spacing,"pas plus en littérature qu’en histoire et en science,"
TS51AE401E6FD0,0,insertion,a annoncé que le du de Saxe-
TSC22E7479F3E1,0,substitution,du casind militaire LL. AA. RR. et les autorités
TS31D86C5F6199,1,none,"als ob es einen schöneren, anmuthigeren Gegenstand darstelle. Wenigstens"
TS12028CAB6378,0,mixed,"Wohlfahrt der Menscheit so segensreich ein, wie"
TSB15023732C29,1,none,"informé qu’on cherche à faire croire, à"
TSE1958F7F5132,1,none,"Or, ce doit être pour les hommes cal-"
TS52F2E78C6E40,0,spacing,de la dissolution; mais on a soutenu qu’il
TS1702CB6649DD,1,none,"lassen, hin zu gehen, wohin er wollte, und durfte in"
TSB8F01AF77D4E,0,punctuation,"chiffres de l’expertise du canton de Wiltz,"
TSB04B58300CF6,1,none,"craquement épouvantable se faisait entendre,"
TS525E6CB462EE,0,spacing,bourg du quatre février dernier lesdits arrêt
TS95B057D2273E,1,none,"Wohl nimmt im ritterlichen Wahn,"
TSF92E5A0838A7,0,insertion,qu’éclaircira l’instruction.
TS243CA271C825,0,punctuation,être arnrêtées. Il importe de mentionner spé-
TSE2986F4768AA,1,none,"précieuse santé de Votre Majesté, afin que"
TS863E71408441,1,none,"Et sortant hors de l’œil-de-bœuf, il s’éloigna en"
TSC8E3C7D6406E,0,diacritic,"jahres einige Vollständigkeit zu erzielen, wurde"
TS785274737BD6,0,substitution,"„rôech heem, a lee dei Kapp a Róó. Ech hu Letzeburech gehollest neu-"
TSB219DC879D91,1,none,Wir sind davon ebauet.
TSFD2CB3DAC6CE,0,diacritic,cette affaire. Ce que mous pouvons dire des
TSB224D000B48F,0,substitution,mag das nicht möglich gewesen sein. Wir wollen
TS1EA08125FB7A,1,none,"Rücktritte gedroht haben, wenn die Ansicht der Ma⸗"
TS8ADD70EDC841,0,punctuation,"gardes nationaux qui se trouvaient sur le lieu,"
TSB3FF7D441DA8,1,none,d’hui en conseil au palais de Saint-
TS59B42FFDC5FA,0,mixed,longsweis Hoffentle ch wärt de Gouvellemènt dem Buteck-
TSDDF9AD8864A3,0,substitution,2e et à intervenir dans ladite cause intntée
TS6BD31F91C791,0,insertion,Herzenserleichterungen keiner Bemerkung. Aber wird man
TSB09EBF8E5797,0,diacritic,"Mitglieder hat bereits zwanzig Preise, ein anderes, der Thier⸗"
TS6025DEE9E3BE,0,deletion,parce qui s’étend de l’hôtel de ville à l’ancienne
TS509901108AD6,1,none,Ende October dichter als beim ersten Stand auf eine Höhe
TSB410A9C92BC8,1,none,nous devons nous abstenir d’agiter toute question
TS841D899E4FCF,0,substitution,"ner sich schon auf sie gestürzt, sie von Pferde"
TSC24F355FBC4D,0,substitution,Faut Leit hu giére Feierdâch.
TS427DE61C1638,0,substitution,der Ansicht unwissender Landwirthe nur darin
TS8DE2D50A004B,1,none,"ner Zähigkeit, Waschbarkeit, und Widerstandsfähigkeit gegen"
TS5FE1CDB5F9E4,1,none,c’est encore à tort qu’on a combattu cette
TS5DDF975AD726,0,substitution,"Pierre Bourgmeyer, ci-devant"
TS4260223B55DB,0,spacing,buées aux détenteurs des plus belles belles de race
TSF3AB7552F7DA,0,punctuation,père de consentir à cette union et de lui.
TS14F5EEACB77D,0,punctuation,d’entrée et deux fenêtres ordinaires à l’étage il y a
TS962D66DE37B8,0,deletion,"J’ai même combattu cette opinion, sans au-"
TSD30E1B42DCA3,1,none,just auf diese neuen Kriegsmittel ihr letzten Hoff⸗
TSF398707AA58D,0,substitution,"que ces intérêts seront assurés, l’époque"
TSD4E8A4514395,0,insertion,"tigen 4. Psalmton hinführt, während man beider"
TSA0E377F10F54,1,none,„nous passionner pour quelqu’un ou pour quelque chose.
TS26C82A10555C,0,substitution,"sentiment qui a dominé sa conduite, dans ces temps"
TSE0BB521D14EE,0,diacritic,"main, je jure que vous serez vengée de cet infâme assa-"
TS4B16CD1462A4,0,punctuation,Art. 11. Les éditeurs ou rédacteurs de tout jour-
TSFBE635A2AB8C,0,mixed,L’échafaud lui-même a disparu; le bour-
TS0274B65907AA,1,none,Ortes gestellten Anforderungen müssen oberste
TSA1F04913E6E2,0,substitution,dont mon orgueil de gentilhomme se révolte! -
TS2D538237BE38,0,punctuation,"sera toujours le provisoire, mais ce que je"
TSF5F70CC51D57,0,punctuation,Chemin faisantet pour aller d’une ma-
TS9CCD654E1A92,0,substitution,"voir, ne s’efface pas en un jour, et il serait"
TSCE2AA486F13F,0,spacing,"servativer, aber auch ganz Schweizer; als"
TSCA1C95E9B91E,0,substitution,vêtir de force de loi par l’hon. Assemblée.
TSB2C9B06FA632,1,none,mission du cautionnement donnent ouverture à
TS76D1256CC5A6,1,none,"entre dans cette voie, où s’arrêtera-t-on?"
TS904445CDC5A8,1,none,des proportions assez restreintes pour cette
TS88B3351B518D,1,none,m’obligeriez en la faisant insérer dans le Journal
TS8B4C3288289B,1,none,"Le système d’élection, sanctionné par la"
TSAA5D5470BB80,1,none,"gabe, die wir nochmals bestens empfehlen -"
TSA75EA9BE94F5,1,none,"«J’ai estimé qu’il était de mon devoir, pour"
TS1DADB28BA016,0,deletion,Vorurtheilen befangen seinen den Text
TSD4347A468C97,0,deletion,"Paris, 1 vol. in80. - Paul Dupont."
TS124B0C38E369,0,substitution,"tenant, le porter à 630,000 fr., somme que nous"
TS30A30C1D5CE2,1,none,cices du doigté. Les 9/10 des élèves ne s’élèvent pas au-
TS1E4DD9889380,0,substitution,"berichte,"
TSFB25FEFC82BB,0,diacritic,teur.
TS1A7BFF39AF20,0,diacritic,»Ma maison a partage depuis des siècles la
TS1541EA46C2B1,1,none,"dix heures du matin, il sera au village de Consdorff,"
TS4AF1DEB4A496,1,none,"Grunde gerichtet werden, wenn man bei Ernennung der"
TSF8EAC7BF5119,1,none,"ihn gestern mit unaussprechlicher Freude entzückte,"
TSB2D029D80E66,1,none,au même Jean Muller de payer les frais liqui-
TS5CC605018930,0,insertion,rait été déterminés par un arrangement convenu
TS9AC74AA6C6A0,0,spacing,gard flambloyant.
TS2BBA595C1263,0,spacing,tête à tous les convives et à tous les toasts. Il montait fort
TS5F72CBFB0D40,0,substitution,"gen und Studien treibt. Sonderbar ist es, daß in der Stadt"
TS27010FEF449E,1,none,"wünschen, daß dieser Mangel nicht zu Reklamatio⸗"
TSD6254871BFC3,1,none,"s’est faite dignement, et trois jours après c’était une"
TS3E747C9BFAD5,0,deletion,financiers et d’hommes d’affaires attachées à
TS351C4F4BE777,0,deletion,avec ceux ne connaîtra
TS38ECD0A7E5F8,0,deletion,"affaires, qui ne brillaient pas par leur in-"
TS4D789CD1BB95,1,none,pendant savoir que le Prince et la
TSC593AF44D581,0,substitution,Fr. 56 Ct. Zu jenen Einnahmen steuerten unter Anderem
TSF82B54E9A033,0,punctuation,lichung der Kammerverhandlungen. Der Bericht⸗
TSA6FA49A8EFC3,1,none,"Wovun ons Staadt der Welt sech weisst ’so hoferech,"
TS78BBE0532360,0,diacritic,"melodischer Hinsicht noch gelten lassen wollte,"
TSB47E514A5A1C,0,spacing,"gen, wovon, der Verständigung halber, hier ein"
TSD758DFA25F47,1,none,der feindlichen Schanzen schon so
TS397F25073F64,1,none,d’envoyer au gouvernement les protestations les plus
TS560EECB7662E,0,spacing,"dans ses rangs l’étroite union qui, pour tous les"
TSB9E512FD8E75,0,diacritic,"und jetzt wieder fast verhüllt, den alten"
TS8DA09C2DDC0A,0,deletion,um in den Wiederbesitz seines Supplements⸗Kredits zu gelangen.
TS4CE759285338,0,insertion,à le présenter comme très-souffrant. D’autre
TS8B4D95696E10,0,spacing,"sion einerücksichtslose Anwendung finden, damit"
TS106EB5F75266,0,deletion,"der Joh. Claudius Hemes, Landwirthe zu Grosbous,"
TSAC9632324FD6,1,none,"pagnie et l’assuré, les parties restent dans le droit"
TS3CC7BF07F919,0,spacing,"tinée de dimanche6, de sérieux dangers"
TSFC56A7B57C01,0,substitution,"Präsidenten dieselbe Bedeutung habe, wie jene des"
TS6429AB5306C0,1,none,6) Sonstige Mittheilungen.
TS9AF321D9C353,1,none,"Mit welchem rein dichterischen Feuer, mit welchen schönen und"
TSE0C2A4FA9506,0,deletion,"Want mé Grâss, wât wénecher Hé."
TS5F8025AFEE2D,0,substitution,ihre unentgeltlichen Dienste nicht hätte. Ferner
TS1E5DD8149197,1,none,aux ordres de S. Exe. le ministre de l’intérieur.
TSA660789B5C9B,1,none,"Hèrzklappen bess zur Miderchen ze krèhen remarkéert,"
TS9E3B5B7B3B96,1,none,Aber.... aber.... junger Sänger!.. und Béranger’s Schwalbe n!
TS1221219C1057,1,none,"laires, étiquettes, cartes de visite, etc., etc."
TS81CB06583679,0,substitution,"disposés à prévenir, conformément à mes"
TS2C131F9BDB04,0,spacing,"suite a Bettendorff, defendeurs en péremption,"
TS26D04C4E5D39,1,none,Streckung des gekrümmten Beines mußten min⸗
TSA0ACBCBC4DF6,0,diacritic,"bringen. So amusirt man Kinder, nicht aber vernunftige und ge⸗"
TS0CC8D535FAE4,0,mixed,La femme s’approcha d’Emile comme pour voir sur
TSBFDCCF8D6605,0,deletion,tête...
TSE825B1B93885,0,deletion,à la rencontre des augustes visiteurs.
TS4D8297E333CD,1,none,proneur de diligences et à
TS0475444A239F,0,punctuation,in dessen Schloß übrigens der Schlüssel steckte.
TSA470416C53EF,1,none,Jahre nicht übermäßig finden können. - Neben
TS5D4012795AAB,0,substitution,"schleifen, zurückkehren, wir dies noch weit schwieriger"
TSA7590397004B,1,none,non-seulement de satisfaire à toutes les ex-
TS4EFE62117673,1,none,lations contenues dans cette pièce que M. de Buol a
TS82A36FE43F8F,0,deletion,la sympathie que la jeune princesse a sur con-
TSB00D2E1293CA,0,insertion,"des Mädchen, das Alles aufgeboten, um die"
TS2B5299AC98A4,0,deletion,des cabarets. Un jeune hommme hier la tra-
TS59A1CACA865B,1,none,"fournir une escorte, une garde à la papauté"
TS83BC34A94B4D,0,substitution,"Trupps, die in den Bereich des Platzes kamen,"
TSD9A370AD8902,0,mixed,"Diekirch, 15. Jan. - Waizen 18.50 -"
TSF5147811502E,0,diacritic,in Paris efinden.
TS8DB894FA378F,1,none,"Te Deum ausschliesslich blos recitirt wurde,"
TSD176D7680702,1,none,"„So geschehen im Palaste der Tuilerieen, am 24."
TS1B8E052904A0,1,none,"chung findet, dass alle Handschriften vor dem"
TS8377F180A12D,1,none,a placé le czar à côté des plus illustres bienfai-
TS529B7A0EEAC1,0,punctuation,d’un grand homme qui les avait tirés.
TSA574B4620A5D,1,none,tutions du moyen-âge conservées à Rome.
TS7E65EBB4903B,1,none,"dréckt war, waren dem Lompekrémer erem zogestorwe."
TS5BA0BB68C599,0,punctuation,"Diekirch, den 4. März 1843"
TSEAD2F70E93D8,0,spacing,aux minières du canton d’Esch les
TS79AA7AC06658,0,diacritic,"ce qu’il y aura à changer tant, par rapport"
TS6559353C9BB2,0,spacing,"schlag ganzurückziehen; es sei denn, daß sie aus"
TS658BDA529CCE,0,insertion,"Stiftungen, Werth der Kirchen, Pfarrhäuser und"
TS2F7EAF2D5187,0,punctuation,"ler!.... le discours va de ci, la tête va de là; bien fin"
TS645CAAC7ED01,1,none,"flämmlicher Minne, an Lafontaine’s taubennfüt⸗"
TS2883429DE112,0,substitution,sieurs retranchements sur la lisière du
TS377217C3E78D,1,none,"avait disparu. Il avait lair inquiet, abattu"
TS0F9505A23C3A,1,none,"la veille de Dieppe à Paris, par le chemin de"
TSF39A8DF050AE,0,punctuation,et une partie de la plaine de la Salanque
TSBD7BD84355FC,1,none,"C’est le système qui avait déjà été adopté,"
TS17D25A3354CA,0,insertion,"sollen, sich auf demselben Gebiete zugetragen hat⸗"
TSDC52129EBBDE,1,none,"Louis, du courageux François II. Le ciel"
TS02220E8E20BC,1,none,"M. Gauini, préfet des Alpes-Maritimes,"
TS957EB66ABA39,1,none,"waren, die daher rechtlich ungültig sind und die,"
TS0607CFA30ED6,0,substitution,"jours, si le prolégat consentait à approvisionner la ci-"
TSF3C01449EB73,0,substitution,anglaise et dont l’établissement d’un grand nombre
TSCA8413DD8905,1,none,Italiener! Morgen werden wir das Siegel auf unsere schöne
TSFB2C1DC9B650,1,none,La même feuille donne un démenti formel
TSEBDFFB36E410,0,substitution,dire le compte-rendu du procès.
TS3742FE173B4B,1,none,Luxemburger Saarbahn; ihr Handel und Verkehr
TS0020EA7CF60F,0,insertion,"- Pas un mot! reprit le capitaine,"
TS6A173F04CEA1,1,none,Verfügung.
TSED9369ECAE9F,0,insertion,bereitet.
TS95E2B4235106,0,deletion,les lois positives
TS5BB5326A62F9,1,none,tous au scrulin avec un bulletin sur le-
TS2867916A988A,0,substitution,"naie’s isteinesehrernste und wichtige Zeit, eine Zeit der Grade und des Heils."
TSBD6166DAEB4F,0,deletion,cens auf dem Wochenmarkte der Männer! „Lie⸗
TSEA6811D39570,0,substitution,"Katholiken, die ruhig die Wandung der Debatte ab⸗"
TS7E4395A0CBE5,1,none,"se déchire à chaque morsure du fouet,"
TS4768995A8EE5,1,none,"nouvelle, si elle se confimait. Quoique la"
TSFEA7556B07EC,1,none,"Sie lauschte den Schlägen des Herzens,"
TS90FEEB68764A,0,substitution,thiges Zustammengehen als das dringendste Bedürfniß
TS9C1A6D1BEF4E,0,punctuation,"Vous partez! Tenez, vous êtes un excellent jeune"
TS9C55FC061209,0,substitution,"publication d’un nouvel ouvrage du docteur Zimmermann, qui"
TS05B7D812A71D,1,none,23-00 par 100 kilos.
TS9920D320D495,0,spacing,que par un exécutoire de dépens rendu par
TS3DDE6BB071AB,1,none,"la garantie la plus sérieuse, s’est trompée"
TS58E614CCC482,0,insertion,nur der Ausdruck der Verzweiflung in ihren
TS17BC732BB763,0,substitution,"lit, s’arrêta devant un bout de miroir, et, se"
TS503EABD34A4E,0,deletion,so daß dann mit dem „Naugatuck‟ (Geschenk des
TS2A3ABE8DFBD8,1,none,in Luxemburg.
TSDA60C934E146,0,substitution,mais si l’on veut bien approfondir la ques-
TSB4B31F2D2043,0,deletion,au cens qu’aux autres dispositions.
TS7AA662AC9B47,0,deletion,"core six petits rameaux, dont l’un, le dernier,"
TS0EEE4563B196,0,deletion,de la Constitution n’était pas en désaccord
TS0F1630724A50,1,none,che der Ton des Trappers in einem jener
TS8086C8D7B7F0,1,none,comme vos cœurs; vous n’ignorez pas d’a’-
TSEFF94E81979B,1,none,"2. - Liefring Jean-Jos., d’Erpeldange."
TS44D8713088DD,1,none,"räumen, ihnen eine ihrer Art und Weise ange-"
TSAFB6AB35BD88,1,none,gracieux comme un chiffre.
TSCA1624983E8F,0,substitution,lecte zu Gunsten einer glänzenderen Ausstattung der Lieb⸗
TSA0C363B4DC91,0,deletion,bond se précipite dans le jourdin...
TS952FE0F0B537,0,substitution,"Ein Correspondent des „Courrier“ meint, „Wort“"
TS3F4A09472BA5,0,insertion,"secondé par les membres de la colonie européenne, a"
TS6B246E49D6FC,1,none,l’avenir comme indéfiniment assuré. Il est
TS6AF5ACA05E7E,0,deletion,frage direct absolue et par la création
TS80D060DC0373,0,punctuation,"gnalant son existence, M. le Gouverneur non seule-"
TS27DD85B5F09C,0,substitution,der Elementarschule erworbenen Kenntnisse zu be⸗
TSD0597B09B1B8,1,none,dir schwetzt wé den Abrahame a Santa Clara! -Dât hätt ech mei Liè-
TSA2FC1E1831CF,0,deletion,notre vieille (et il y en a assez) qui sont audessus des exer-
TSC32B4F2E1980,1,none,"Weiwertz, von Echternach; 2. Preis, Wiltlibrord"
TSF116C1D4D422,0,insertion,- Que veu-tu dire!
TSA4C2C9DF2F0B,1,none,"des deux souverains. En lisant la Note russe, ajou-"
TS92A647BC7BB7,0,substitution,mauvaise-
TS4CA66B03E553,0,diacritic,de Prenz
TS4CB7B2D847B1,0,spacing,"12 Bisthümer, wozu noch der Abt des Colle⸗"
TSD1366A5B78AE,0,substitution,pouvoir conclure des paroles du président
TS60FD128B2811,0,substitution,"Mein Augenmerk ging damals darauf, auch we-"
TS38D7E60BA67D,1,none,"es keine Vorgebung für eine alte, schwerge⸗"
TS0F7D44912180,0,substitution,qui devait lui donner les indications sur sa fa-
TSAF4DA00B0F13,0,substitution,"Namentlich war das schlechte Wetter daran Schuld, daß"
TSA537F716EAA6,0,spacing,"Passez.. passez donc, monsieur! Ne voyez-"
TS81016A89FF84,0,substitution,par la voix des conseils généraux l’élévation des
TS987C5A0A04DE,0,diacritic,deux cents francs ou d’un emprissonnement d’un
TS1A29DBDBDD72,1,none,"nant ainsi, les deux hommes avaient"
TS513FC1D443C6,0,deletion,du Grand-Luxembourg et sur celle du
TSDBE0ADE74A47,0,insertion,"quelle il ne connaissait pas de bornes, l’attristait."
TSB3C042852FD7,0,insertion,"se sont interposés, juste au moment où M. Single-"
TSB52D32A3F1E1,0,spacing,différence des lettres adressées au prési-
TSF50E1945BC16,0,spacing,ouvertures ont été partout repoussées. C’est seule-
TS5730E66F43C0,1,none,einigen officiellen Persönlichkeiten bloß Verwandte und intime
TSB54808F3B0B6,0,spacing,"dem ewigen, von Victor Emmanuel, diesem schuftigen"
TSE9880A7B4976,1,none,dirigé contre M. de Bismark. Toutefois l’a-
TS0A0E5135236D,0,substitution,ist mir bekannt vorgekommen und ich habe mich
TS97F34FD05805,0,substitution,La terre se ranime aux rayons du soleil;
TS693428CD93AB,0,substitution,"nur ein wenig mehr sprechen, so werden diese"
TS84F6BC603CC2,0,substitution,seront entretenus de part et d’autre. Les conséquences
TS521B892ED99A,0,deletion,"mois de janvier prochain, dit-on. On ne sau-"
TS36C4701C7555,1,none,von der Liste als Mitglieder ausgestrichen werden und haben
TSC03460DED6EA,1,none,Madrid. 20 août.
TS623EE32715F0,0,insertion,"gentert und geplündert, ließ die Leute an verschiedenen"
TSCF8D4323E454,1,none,"sous aucun rapport, soit comme premier assureur,"
TSF41043753D06,0,punctuation,derselben.
TS64ACD88EA457,1,none,Ausstellung des h. Rockes öffentliche Anerken⸗
TSD90DCFC14439,1,none,"lons, la question d’Orient se trouve forcé-"
TS0F94E1680EFC,1,none,"sentations célostes pourrait être rédigé d’avance, tant"
TS82D9BAE5AFB7,0,insertion,de certaines rides que les soucis et la
TSB203F47FBD42,0,insertion,"dem Papst unmöglich macht, die Agitation aufrecht"
TS054FBF510596,0,substitution,Luxemburger B.⸗A. 48 G.
TS3567EEF24990,1,none,Honnist 1. Classe im 1. Jägerbataillon zu
TS09807BDAF66F,0,deletion,"daß die Commission jedoch, zur Anerkennung der von"
TSF0EBFB54313E,1,none,wurde bald ein reichher Mann und unter Louis Phi⸗
TSE37F0497223E,0,insertion,"jetzt das Mädchen, das ihr weinen Treue"
TS29752DC06DCC,0,insertion,General⸗Lieutenant und Kommandant.
TSAA78DB6E795C,0,diacritic,Onser Hèrgott as gîdwider Métchen e Man
TS59C2910B41F4,1,none,(*) XVIe siècle.
TSAF3C7E62123E,1,none,"doute pour la France, mais elles seraient pour"
TSAB639C3E178A,1,none,leide.
TS0B4896260529,0,substitution,- Das abermalige Reißen des transallantischen Kabeltaues
TS92A812E64906,0,insertion,la moitié des travaux aura été exécutée sur le
TS75084AAA00D5,0,substitution,Herz:
TSAE4495E2EED5,1,none,wartet von Niemanden das Zeichen wieder aufzustehen.
TS23857D80C805,0,diacritic,lööcher unter dem zerbrockelnden Gemäuer
TS71655B2FBD9E,0,punctuation,ont eu à supporter tous les maux de l’oc-
TSCCC91A65C0DC,0,deletion,niers mois.
TS534DF4A00AC1,0,substitution,Nous étions loin de penser qu’une telle
TS57C1CE58A431,0,insertion,sommés de prendre commu-
TSA86DCBE99BAD,0,spacing,Blatte zur Veröffentlichung hat zu gehen lassen wol⸗
TS3ED82D99A591,0,punctuation,"nous de dire que l’Eḿpereur et l’Impératrice, ont"
TS929E88E32550,1,none,leben.
TSD765D841F856,0,deletion,ment d’infanterie envoyé dans ce village
TS1D08147A418C,1,none,"jede Ortschaft durch Beschluß des Gemeinderathes,"
TS17D073F28C06,0,insertion,toutes les occasions pour pouvoir Vous
TSB9BA06CA0AAE,0,substitution,genießt.
TS1EEDF2605AB9,0,deletion,du major Rodman. Ce procédé consiste à in-
TS8C4ED49D51B5,0,substitution,C’est donc pour la première fois que la Cham-
TSA830E48EF836,1,none,Vielleicht schläft en noch nicht einmal! Und man muß
TS6D4BB3E52B3A,1,none,"lletzt, und so könne gegenwärtig von einer Capitulation"
TSBCAFBC539864,0,substitution,"flucht zu abgenutzten Expedienten, die dem Volke Sand"
TS24A889975B7E,0,spacing,"„des mesures à titre provisoire,"
TS51DEA75F73A0,0,deletion,encore de la m 50 ppour leur assurer un
TS9F8E1F6F6075,0,substitution,"empereurs grecs, cos Césars dégénérés, par-"
TSA69055C47498,0,substitution,Thiers.
TS87723D4CA039,1,none,"complice, en réalité, des infamies quv sig-"
TS906D1231A902,0,punctuation,"fang in dem Städtchen Orte genommen, bis jetzt"
TS77F1F86A52C8,1,none,"à deux millions et demi, c’est la neuvième"
TS9463E7D35943,0,punctuation,Wé net gedronk
TSAB1E6CC69F6C,0,spacing,"reien, Eisengießereien, Töpfereien, Maschinen werkstätten, Di⸗"
TS15F436AF0AEC,1,none,currenz bei so bewandten Dingen sei etwas Lächer⸗
TS65EF4DB4C716,1,none,gangene durch die Revolutionen von 1830 und 1848 auf⸗
TS4A1BBE70D97F,0,deletion,"abgehen, und wer dieselben, ohne vielseitige Kennt⸗"
TS7C80FB0B8516,1,none,* S. Lux. Ztg. Nr. 51.
TSFCF6060E903B,0,substitution,ohne daß sie einer Stütze be darf. Die Reise und
TS26FCF4A16F1F,1,none,"selbsten der Knabe, wegen seiner Geschicklichkeit,"
TS2DF680F22BAF,0,substitution,Belgique. Comprend-on le discours de
TS283392E3D81E,1,none,"à penser à l’enseignement de l’agriculture, la première"
TS1B944B2F1D6F,0,substitution,surtout pour un ministère qui a le malheur d’être
TS213F88D86322,0,spacing,berücksichtigen habe.
TS519A84F3F651,0,substitution,„Am mêschte war geré’rt ons Kwisel:
TS02C3E63C76A6,0,substitution,wird schon sehr häufig in den verschiedenen Landestheilen
TS59686FE27484,0,insertion,"rung nöthig, allein Gula Singh in Dschumbu,"
TSEC2181252FFB,0,insertion,"Ah, gnädiger Herr Harlein! Du willst Colombine"
TS8B0911906756,0,spacing,»Cette petite nouvelle et celle du rappel du
TS1A15E10B40B1,1,none,"ami, qui avait beaucoup voyagé, prétendait qu’en creu-"
TS7F5E5BBA707A,0,deletion,"pose hautement de sa vérité particulière, de sa sur-"
TSD6A1B8C95B41,0,deletion,heureusement qu’on désespère de la guérir
TSAC34FC5BE407,1,none,ständigt werden kann.
TS94A4486FB4A6,0,spacing,Begräbnises für einen Ehren mann verhandelt
TS3C3060A72B3D,0,substitution,"eusement dit avant moi, que la loi n’impose pas l’op-"
TSFC6F06BF9111,1,none,"de Eppeldorff; 4e, Albert Valérus, de Diekirch. - Ac-"
TSC8CA5847F8CE,0,deletion,sein - die beiden Anderen wollen es nicht
TS40911E9831D8,0,spacing,mehr Nahrung produzirt.
TSB575A3160C87,0,spacing,"Last fällt; denn diese ist gesetzlich verpflichtet, zu den"
TSC5BF77DD104C,0,mixed,"des aujourd’hui, que l’opinion publique attri-"
TS491B2D443D1B,0,spacing,notaire et Bandory descendirent le coteau.
TS441D700A949D,0,deletion,partir.
TSCB60FDD8D21B,0,insertion,des poursuites dirigées contre lui par les héri-
TS00E115E0CFCF,0,deletion,moins de fer et notamment celle de la ligne
TSCA9CE166BA87,0,punctuation,crois-tu que j’hésite un instant à sacrifier ma vie
TSACD8A1717F66,1,none,"um jeden Preis entfernt werden, und zwar durch die blinden Ge⸗"
TSA6B05395506B,0,punctuation,pflichtungen habe. Den mildesten Ton von allen schla⸗
TSEA541A910B0D,1,none,la recevrai comme un témoignage de
TS5A883046566A,1,none,der Trapper mit vieler Festigkeit. „Da es
TSFE8F01D4FBB8,1,none,ment sur cet autre aveu que «l’Augsburg⸗
TS1AC3BD72FE79,0,diacritic,"au Senat,"
TSAA9145F060F8,1,none,"10 Un corps de logis avec bàtiments, jardin,"
TS8C0F4FC94391,0,substitution,a été tuée par des hommes de la tribu
TS24DC56B9D108,1,none,"ceaux se soulèève, la lionne passe sa tête par"
TS7EE2ECF28295,1,none,rizonte sich abgrenzte. Wälle und Zugbrü⸗
TSABF8D6C7442C,0,punctuation,existence le sort physique et moral de nos
TS880F3D622DC6,1,none,aufgestört hätte.
TSB4B91C142E47,1,none,"Abgötterei, des Betruges und der italienischen"
TS77CEF6EC07F7,0,substitution,"dem der Knollengewächse, und dann erkennen wir,"
TS51B017241D5B,0,substitution,ner. Si l’on nous envoie le procès-verbal du
TS93C93B756A08,0,substitution,"Schmit, de Nospelt 4e, Comeille Theiss, de Oberwam-"
TS8E6B622BC56E,1,none,Flammmen gegangen. Also vorwärts durch das
TSF9E701FF3A23,0,mixed,Le gouvernement espagnol ayant été
TS617365F14109,0,substitution,"cas, elle essayerait, si M. Baxter voulait"
TS9FAB5F540A7E,0,spacing,"Antiphon Nos qui vivmus, sondern mit einer"
TSF1442F706359,0,deletion,"eux le garrotteur Terry, nu jusqu’à la"
TSE37639EF377C,1,none,schneller mit der Re⸗
TSB74D49058B60,0,diacritic,France. Le plus sur moyen de ne pas
TS1CAB2ED73CBD,1,none,das Conseil oder conferirt einzeln mit dem einen oder
TS4093C2763E0E,0,substitution,semiduplicibus und simplicibus ganz sicher auf
TS5C55EBA5C151,0,deletion,"diesmal zu Gr aber getragen wird, denn es ist zu be⸗"
TSD1C99DB596C9,0,spacing,"conseillers municipaux, et Daries, négociant à Nar-"
TSEACE87BDA3E5,1,none,plus clair et plus loin que les simples ci-
TSBC07D734ABF2,0,substitution,dern suchen.
TS3FE26BA0006D,1,none,"Terry veut dégager ses jambes, faire"
TS77AAD26BD6BC,0,punctuation,sehen zu geben. Aber alle diese Kniffe verschwin⸗
TS0F2AC03A6C04,0,punctuation,"gust enbourg, et de prier la Diète d’aider le"
TS8400BC03B4D3,0,mixed,lewskibefindet sich ein kleiner Tisch für Herrn Benedetti
TSF801E6060283,1,none,der gewonnenen Summen und zwar nach beliebiger
TS3A5C0EEA9743,1,none,voitise du jeune âge.
TSE016F4A02D7D,0,insertion,"classent, c’est une opération que les an-"
TS78EB0659FF64,0,spacing,"1 62; 3e, 24 à 1 42; pan, cuissot1 32 à"
TS08E583134595,1,none,"einmal geschehenem Anschluse, die amerikanische"
TS05FDAD63348C,0,insertion,Bascharage: id.. „
TSAB572024F7DD,1,none,"freund“, daté de la Sûre, 20 mai, critiquant une trans-"
TSF9B2127F207D,0,substitution,"nicht entsprechen, da der Eigentümer eines Hengstes"
TS224E5AED12E0,0,insertion,de Gouvernement et aux réponses données par son
TS184811E3DE17,1,none,lionceaux et les taquine. Ceux-ci se plaignent
TS10F1D0891933,1,none,"der Steuern aufzufinden, die in gleichem Grade den"
TS0927230FE467,0,substitution,»Que nous importe? dirent certains de nos lec-
TSF09DE71322DC,1,none,lassen dem Componisten den wohlgemeinten Rath
TS81563328DB5D,1,none,l’honorable membre n’entend nullement se
TSB9A23F13C220,0,spacing,ment des idées de nous autres cultivateurs concernant
TS5FE1D08FF584,0,deletion,"Qu’il est délicieux d’habiter cette terre,"
TS61FA123B809A,0,spacing,giebt!
TS69541D8DD33B,0,substitution,"- Dans la nuit du 24 au 25 décembre, un"
TS4829042CE495,0,mixed,trôler les dépenses publiques même avec lu
TSC64A4A64033D,0,spacing,"Le ministre de la guerre, voulant faire cesser un"
TSFC92C8586A2E,1,none,"nehmen wird, wenn er sein Pferd gut verkaufen"
TSB3A0D1673AB6,0,substitution,"au même endroit, ont été brûlés au moyen de"
TS1ECCDCC99025,1,none,"sind die HH. Dominik Kremer, Gerichtsvollzieer am"
TS80CFEC75BEEB,1,none,dort erscheinende Journal Victor Hugo’s enthält unter
TSD3FA63CA0148,0,spacing,"de Berlin, c’est ce qu’on ne peut croire que"
TS7CE899DFB6A9,1,none,"drungen, daß die Bundesverträge, wie sie 1815"
TS1E43E41967FD,0,punctuation,"New⸗Orleans genommen. Auf die Nachricht hin, daß"
TSE8EFB7FE8ECE,0,substitution,"Wenn wir bedenken, daß die huetigen westphä⸗"
TS5CE741FC9144,0,substitution,"putation, répondit également en ture. Ensuite le"
TS69DC9CCBB35E,1,none,et sans reproche défendent assez le vieil Andrew Stephen-
TS318146FB179C,1,none,Stempelschneider und als Graveure. Ausländer erhalten au⸗
TSA939CFA2CBBA,1,none,Avec ce qui devrait entrer dans la caisse
TS917041A3FFC1,0,substitution,fährig zeigten und die bereits von der rechtmäßigen
TSC0D3527D260A,1,none,"fürchten, daß die schönnen Freiheiten eines Volkes,"
TS2D6C1DA2AFCB,0,deletion,"- Vous têtes libre, dit Thomasseau: le"
TSD4ADCF4AEA4F,0,insertion,ment obstacle à l’exécution de la convention
TS9D91C13B14E0,0,insertion,ni observations les avertissements et les décisions
TS89882AFE7E47,0,insertion,Baldauf d’Echternach. - Les dits bâtiments sont
TS55325D9BBE3C,1,none,quatre lignes environ par minute; si lente-
TSC232C8F35136,0,diacritic,"que les élections, en donnant tort à ceux qui s’étaient"
TSBD1574DDCF10,0,spacing,de l’Amérique.
TS8A83DDB7E0AB,1,none,perceptions de l’octroi.
TSFFFDDE5D33C5,0,substitution,"désire n’y pas manquer, et il est impatient de com-"
TS02B566715904,0,substitution,"Diekirch, en date du vingt-"
TS09742737921E,1,none,"de son trésoier, le sieur Jean-"
TSD0C92066FEAB,0,substitution,fait prévoir le moins du monde dans la
TSE786E402ED2F,0,substitution,"es ihr beliebe, zusammentreten - doch habe eine so"
TS8D7A4825233F,0,deletion,gence. Puisse-t-il inaugurer une nouvelle voie
TS42558B60C5AF,0,substitution,fonds américains ont fortement baissé à la
TSB8EF79E11A8F,0,substitution,coup ferir promettant de repasser le Pô dans les deux
TS83C0BC4E42A9,1,none,tantes améliorations apportées dans l’orga-
TS3CC4B4027A6A,1,none,quêtes de la science. La traduction française de cet interessant ou-
TS9367E67F0E7D,0,insertion,de l’embranchement le plus septentional du Danube:
TSA12CF08839F9,0,punctuation,aber das Wahlrecht als ein Vorrecht den Reichen
TS33F23763B616,0,substitution,des longueurs de 4 à 500 mètres; une char-
TSF98B9C4B7DFE,1,none,"dunner ohne ihn, und weißt ihm, daß ihr seiner nicht braucht."
TS8F7C71BCCBB3,1,none,leder bleibt begehrt und finden die eintreffenden bessern
TS8109AADEF1EE,0,insertion,der aufgenommen werden können. Hier folgen
TSBB6A13736BDD,0,insertion,"nécessaire. Quelques jours avant sa mort, elle"
TSBB4B61C0C10B,0,insertion,"Michodiere geschlossen, die Straße war wie ausgestorben."
TS8B21AADCFE0C,1,none,"Stephan Welschbillig, von Echternach; 2. Preis,"
TSEF3BB292CE9B,0,insertion,Iweral an de Bàt.
TS38426C7E08AC,0,insertion,- sie erhalten nur 6 Fr. per Tag - beweist schon
TS7FC4A79A9FF7,1,none,que leurs propres navires de mer.
TS4470243CD69A,1,none,"keine gesetzgebende Gewalt, aber sie könne alle Rechte"
TS93D5901AEDFD,0,substitution,siècles nous y habitons. Dans toutes les au-
TS75CCEDEEE26C,1,none,Hosingen 2 id....... 281 30
TS317F997E28CB,0,substitution,"lume, oui, certes, je suis roi, je sais que des mil-"
TS89B1F81EB416,0,substitution,et les exemples qu’il a aus sous les yeux.
TSAC1DA361CA30,0,deletion,Zeit und war den purpurne Samment der
TS8965C9CD5D7C,0,mixed,em bei der Gelèenhêt vill vun der Libertét geschwât.
TS7F8596EFD37C,1,none,Die See ist wie ein Spiegelglas -
TS19ACC522BB1C,1,none,d’hommes leborieux et contents de leur sort vous n’au-
TSD623757FD53D,0,deletion,zu tragen. Das thaten sie nicht; die Ereignisse
TS52C81914C0DE,1,none,"Sængerbund de Luxembourg, la Société gym-"
TS0F8D82962CED,0,deletion,la vôtre en dépit de nos protestations et en dépit
TS47C3DDFCBAC9,1,none,de faire parvenir jour par jour aux
TSC0234A10F31C,1,none,est plus chère pour l’ouvrier à Paris que
TSB90CE407E833,0,spacing,"nahm auf dem Throne Platz, während der Kron prinz"
TSF93DA2523579,0,punctuation,veut en venir à nous faire réſilier notre bail pour
TS68E577CACFB4,0,substitution,"Scherif von Mokka. Indessen ist es sehr möglich,"
TSB62AA51BD626,1,none,Sprachen muß also unsere ganzen künftigen
TS9821590987DA,1,none,"Montalembert. Die Erinnerung an den 2. December,"
TSE9E286260325,1,none,(Sehr wahr.)
TSD6F37B38DC28,0,spacing,verändert ihr Augenmerk richten und baldigst Ab⸗
TS06AE86A8D979,0,substitution,„Connaissez vous quelque chose de comparable à
TS2F062049B9B3,1,none,gleich Länm schlug. Herr Rettich entwandt sich
TS90EEB39339A1,1,none,"Seite und ein Centrum. Die rechte Seite, das sind"
TS24D9A15A3532,1,none,"Pesth. Une foule immense, qu’on évalue à 40,000"
TSBF4A0BA8396A,0,insertion,ont confirmé l’opinion des habitants solitaires
TS111162F3BBDC,1,none,"Stampfmeliss 20½ a 21½; halbweiß Candis 26 a 25, weiß"
TSF23A76FCEF51,0,substitution,Gegenwart bieten; aber ein anderes scheint uns
TSFDC5902EA606,0,insertion,bezieht
TS36B3613CB8C6,0,deletion,"sieurs, avec leurs 1l80 canons à longue portée,"
TS23FFE966EF8C,0,diacritic,"dies dadurch erreichbar ist, dass man sie an ihrer"
TSE2603CDEB8FF,0,substitution,L’équipage de la frégato Alexandre Neusky a été
TSC7A13B6116D9,0,substitution,"Frage behält ihr ganzes Gewicht, und sie beweist,"
TS33C168815A81,1,none,France n’aurait pas vu ces prédications ar-
TSA7C38B0A17DF,0,substitution,"mon compte jusqu’à trois espèces, sans compter celles qui peu-"
TS04FAD0B9AB4C,1,none,"festigen und zu er weitern und zwar dadurch,"
TSE9133811554F,0,substitution,"ige Stimmung ist für Leute, welche solche Geistes-"
TS2D7BE7329606,0,spacing,"Prov. Concils: in missa solemnitantum, lässt uns"
TS8FDCDA710F64,0,substitution,"ßigkeit versinken, und mittelmäßige, die Ver⸗"
TS7ACA05B35A22,0,diacritic,Ainsi cet établissement qui coute au pays tant
TSAFE6110B5BF4,0,spacing,Die von Luxemburg um 4.11m und von Arlon nach Luxemburg
TS907F2F8B650F,0,substitution,An einer anderen Stelle (S. 411) bemerkt unser
TS0B391BB54E36,0,spacing,daß ich so weitläufig gewesen.
TS1E77E1F703A7,1,none,nicht minder nationalen Dicks über der uns allen durch seine
TS4970079D9BD9,0,diacritic,"tigsten Gäste aus Brüssel zu leiden hatten, als sie den Le⸗"
TS530FA96BE703,0,substitution,"disant: - Monsieur, vous venez de me pren-"
TSA78F51D4F4B4,0,diacritic,"Brüssel, 4. Aug. Die Trauerfeier, welche die"
TS3AAECEABB9FE,0,deletion,"kaufen müssen. S., dem der versprochene Schatz"
TS7792A9DB9C7F,0,mixed,des conseils en ce moment; il est heu-
TSFD6781E11199,1,none,Ernennung des Grafen v. Persigny zum Minister
TS8912DE4338DE,0,diacritic,"geuse hollandaise, Mme Alexandrine Tinne,"
TS15F50CA1D2D9,0,insertion,"vimento“, „daß sich die italienische Regierung Preu⸗"
TSE0FF068E3379,0,deletion,gez-vous ou du moins que ne l’excommuniez-vous?
TS28EE48A53C69,0,substitution,Il se crut trahi.
TS7DC39417BD8B,0,punctuation,"ment, ne se laissa pas entraîner à quitter la"
TS5B08929C6419,0,spacing,"une famille, au moins...“"
TS50DF7A585F87,0,substitution,"gage soustraites, il y a quelque temps, dans"
TS85D07E4459B8,0,spacing,rath.
TS2A355EC3024C,1,none,l’intérieur du pays.
TS1813C7BD732E,1,none,On mande d’Ems à la Gazette de Cologne
TS96262623075A,0,deletion,l’affirmative.
TSE5080DED1E75,0,deletion,Laugmentation des recettes la nécessairement
TS33715CD52386,0,insertion,(Revue).
TS5CF037449BC2,0,substitution,doch ohne alle vor⸗
TSACE6151C7EAC,0,substitution,Ceux qui ont fait le coup d’Etat avaient
TSCA2E6BCF04CC,1,none,Innern des Erdkörpers Da ist’s wie in einem
TSFAE40360D932,0,mixed,10.12.09 8.25 - Trier.. 6.50m „ 12.00a 7.38a
TSCA90D5000E89,1,none,- Il faut commencer par essuyer ces larmes.
TSB9DEB1E5BAC1,0,spacing,"Wahl nicht schwen werden, ober in unserm Falle"
TSDAA4FEEF3500,1,none,tement rétabli la santé de l’auguste malade.
TS2DF2A690D1A8,0,insertion,„Eh bien! dit alors Tengélyi en se
TS85AE86F10587,1,none,Reihe und Glied circa 20-25 theilweise mit
TS2784F5B62905,1,none,digen.
TS3BE2B16732CE,0,deletion,grandes corps de l’Etat les documents rela-
TS7E8B8B326C0E,0,punctuation,"boten sein.“ Wenn es wahr ist, was Schlosser gesagt."
TSF8561A2C2962,1,none,walt um sich. Die Königin zog sich mit den Kindern
TS24D0FB8C5318,0,punctuation,haben in diesem Betreff drei Minister Berichte an
TSF7D868F4900E,1,none,„doit son existance.“
TS9B46D5638668,1,none,- Den Landständen sind zu ihrer Beralhung nachfolgen⸗
TS92E8AD0C1108,0,deletion,politique cauteleuse de M. de Bis-
TS8F5CBA689F17,1,none,fois lancés dans les suppositions - qu’il
TS9FE3C3AB17DF,1,none,"une compagnie aussi ponctuelle à remplir ses, obli-"
TS983EDDCFA350,0,substitution,combattit pour l’indépendance de son Roi et
TS7D1DE270552D,0,deletion,"Si, laissant de côté le gouvernement italien,"
TS26BC261F892E,0,mixed,mit einer Sammlung alter gediener Orgelstücke
TSB20BAC6B7165,0,insertion,"welche du dem Helden tief im Herzen trägt, jugendliche rosenwangige Muse,"
TS00DC52925FD9,1,none,gedehnt. Das lauenburgische Consitorium
TS4F330AA60A02,1,none,er gehörte keiner Religion an - warum? - aus Religion. Er
TSE8EB593609A6,0,punctuation,leise mit dem Thürklopfer und wartete ein wenig ob
TS95992F980AB4,0,substitution,"Les élections, dans le Connecticut sont en"
TSEAA782EB50EC,0,insertion,borgen? -
TS421CABB23148,0,mixed,"qu’il lui faut pour sa gloire, c’est un"
TSF75422C50316,1,none,"steigerte sich aber bis zum Entsetzen, als wir"
TSACE670022DC5,0,spacing,behalten in den Bahnhof von Philadelphia ein⸗
TS01EB44F014A6,0,insertion,disparaître les instituteurs laïques pour
TSD6DD12014EC5,0,substitution,"jährigen Landtagssession hielt der Abg. Twesten,"
TSD2E5008F2153,0,spacing,"blessure grave, occasionnée par un éclat d’o-"
TS9EA154C812E1,0,diacritic,Le 5 mars le général français Davoust
TS60E64F743B31,1,none,"pflanzungen, ist streng untersagt;"
TS7F9ADFAECFC1,0,insertion,"ante, daß eine Gefahr vorhanden sein sollte,"
TS31D6A5B6FC64,1,none,sind die Stunden
TS0F00CBF38C08,0,spacing,"waltet sich also von selbst, sie ist dem Schutz der"
TS1B86F8E02ADD,0,deletion,„monde l’aime d’abord: pour sa bonté indulgente qui sou-
TS4C710952656E,0,deletion,faire insérer une réponse.
TS8EAD2A15484A,0,insertion,de l’indépendance et qu’elle défend ses
TSBBA3593BB1AD,0,deletion,en. 46 u. 47 pag. 288 findect:
TS8DFE6F3C11A8,0,insertion,"Hände und Füße und war den Alten, der die Augen"
TSB8BEC3D281E2,0,mixed,le théâtre de la vente annonce et préparée au
TS5B0CA4D916A4,0,substitution,"- C’est le billet de deux cents francs, n’est-ce pas?"
TS6414FFD5896F,1,none,D’Mimi. Wât’s de not sès!
TS9FBB90500DA6,1,none,von Alge rien und der Colonieen‚ ist zum Minister
TSA4A10658E82E,1,none,des Unternehmer’s oder auf Kosten der Beiden abgerissen u. wieder aufgebaut
TS1DAEE72CB503,1,none,fut encore trompépour un
TSA7EC35EF18F1,0,insertion,"weit gekommen, dass man, in lauter chromati-"
TS37C30F25699A,1,none,Kaise. Die Unterdrückung des Ministeriums von
TS38EB5A8EFCCD,1,none,"Liverpool, Manchester und Glasgow werden auf der einen und"
TS66C898B76086,1,none,nière dont sont employées les ressources
TS9C21CADB812A,0,deletion,"aurait pu fournir la solution du problème,"
TS9512FCCCB114,1,none,Il nous reste à dire un mot sur l’éton-
TSCC7660B4BB2C,1,none,de la loi
TSB3076944B400,0,spacing,"217/8 a 22, ord. secunda 213/4 Thlr. per 102 Pfd.; Stampf⸗"
TS38CB9685ED13,1,none,de fait. Un miracle seul pourrait rendre quel-
TS4E05E2E88347,1,none,dans la promesse donnée que rien ne serait changé
TSA7FE47168E34,0,spacing,"nichts im Wege, ja es scheint sogar nothwendig,"
TSEFB676C8B312,1,none,ciellen und polnischen Krisen der letzten Jahre vor⸗
TS20BB3B4D793E,1,none,de la séparation des pouvoirs temporel et
TS7D482FC07B9C,0,spacing,de réponse.
TS332BC778ECCE,0,insertion,"la mère Thomasseau, que son fils avait"
TSFF910E1C5FD4,1,none,qu’en résulterait-
TS42C533E2F588,0,diacritic,mieux que les hommes du gouvernement.
TSAFBA686E70EB,0,mixed,"den. Obgleich der Präsident verweigerte, diesen Wunsch"
TSA8C179CBF7CE,1,none,commun.»
TS99A272206126,1,none,"gleich warmem Herzen, wie früher. In einem Brief⸗"
TS2ABA665C31A5,0,spacing,"de budget annal des recettes pour 450,000 fr.,"
TS00A802B35A9E,0,insertion,"vom heutigen Tage ist Hr. Cölestin Fichtel, Cantonal-Piqueur zu Echternach,"
TSFE2523FDD5E4,1,none,sich daher zwischen ihnen und der weit überlege⸗
TS6B42AF61E54E,1,none,"katholischen Kirche angehörte, eine Lesemesse nachgehalten."
TS623BD2F0EE8A,0,insertion,Dans la nuit les travaux de l’ennemi
TS05A6DEBF0DB3,1,none,"vénération, quand Votre Majesté sera a-"
TSA0BA8BF70A3D,0,substitution,"„aucun principe religieux, ma religion à moi est toute de"
TS6396117F9097,0,substitution,Im leichten Morgenkleid.
TS1CD4FCD8B15E,0,substitution,"magne, il a repoussé avec une fierte imperturbable"
TS2043F56BEAC6,0,punctuation,Arrête;
TS43235AF9618E,0,diacritic,èngem Seckeltchen.
TSEB4E49CCE16A,0,mixed,"schwaches tom, das sich in der Menge der Wesen"
TS0283464FBE3F,1,none,"chez nous depuis trois ans, nous nous demandons, si elles"
TSEDF639D3150A,1,none,séjournant comme par le passé à Arlon. Elle partira
TS8E714B7D7268,0,substitution,Au moins vingt-quatre heures avant sa distri-
TS949715B0A709,0,deletion,"der Weg sei, um Conflichte zu vermeiden und Einig⸗"
TS67F1153486D9,1,none,"der die Messe besuchenden Verkäufer wieder abgereist,"
TS38739F7523ED,0,deletion,ne le de l’armée danoise. Tandis que les Prus-
TS54783EEEC6AE,1,none,Das bleich gewordene Antlitz der erschrockenen Elisa⸗
TS2AC4DEB2E47A,0,punctuation,"trümmert sind und kein Hektor es vermag, das"
TSD089D0D1FC02,0,substitution,"wärtige System höchstens zu liberal ist, der Minister,"
TSC85E648DACE6,0,insertion,"Sprache erfahren ist, der zwar wie H. K. ausrufen"
TSDCC7B1CD1613,1,none,rit qu’à Paris.
TS04FDCDE6EF4E,1,none,Vorbereitungen auf den nächsten Ostse⸗Feldzug. Eng⸗
TSB032655DC9E9,1,none,"le plus grand enthousiasme, et laissèrent partout"
TS7EB7CCF0C0AC,0,insertion,De l’idée à l’exécution il n’y et qu’un pas. Le premier
TS7A28174D5800,1,none,"Et, cependant, chose curieuse, une ré-"
TS3084775927CF,1,none,"hause ab, an dessen Eintritt Notabilitäten und öffentliche Beamte"
TSDA6408507CE9,1,none,cimes neigeuses des montagnes.
TS3F98AD562653,1,none,"„Gehen Sie mir Ihre genaue Adresse,"
TSC5B0A2A26937,0,deletion,quant à admettre que les Luxembour-
TS471C1411C885,0,substitution,Des renseignements contradictoires circulent au
TSE76B010FBF93,1,none,Que cette concurrence existe malheu-
TS4FDA477C31C5,0,insertion,ginnen. Doch sei eine Kammerauflösung von der
TSA842D7DDBDD7,0,spacing,"entre Esch et Bettingen de fr. 1,60 à"
TSFF16D0F31DE1,0,substitution,zur Treppe
TSCA13CF27CF0C,1,none,"weiß, was ich weiß."
TSA4CB01C03E09,0,spacing,transponirte in F mit minicht ma an den mit ✝
TSCF94EBE19290,0,punctuation,tard elle devait avoir lieu par suite d’un
TSFA7B2EC2A62F,0,substitution,Ane malie und widerspricht allen volkswirtschaft⸗
TSB8582AA918EA,0,substitution,Dans le belle avenue que forme la route de
TSA65BE53C3180,1,none,"können, als wenn wir ihnen alle diese Gedichte der Reihe nach mit"
TS1238E8445B1D,0,punctuation,Das Comite bittet die Gesellschaften welche
TSBF97BF3D5288,0,punctuation,ce sujet:
TS1A12F0E8BFCB,0,spacing,Revue. Druckt den Gesetzvorschlag über die
TS1F79ABCF0464,0,mixed,wéschtœm mech misen. Doirfir lost den arme
TS34F9390FB44F,1,none,end lärmend und tobend nach der Stadt. Ihr höchst betrunk⸗
TSAC56244A65E3,0,spacing,"La machine est refermée, Calcratre-"
TS1A3CF666366E,0,punctuation,"nöthig ist, aber kein Wundarzt will die Verentwort⸗"
TS2B1C9957C2E8,0,substitution,jenigen Blätter mit ihren Urtheilen nicht in Unrecht
TS81666FCB7705,0,insertion,ral vers l’Est il y a une porte cochère et. quatre
TS382B6B51DE17,0,insertion,ceux dont le cœur est susceptible d’être
TS61107D62CE14,0,spacing,"occasionné les dégâts suivants: 1,460 maisons ont été"
TS1130B1221E8C,0,substitution,"une convention idendique, par laquelle la Russie"
TS9F6CB87F29EA,0,substitution,"nach, 15. Laroche, 15. Sugny, 16. Durbuy, 19. Wellin,"
TSC5DE46CC73B9,0,insertion,Grand-Duc.
TSA7A2931719CB,1,none,neue Magazine jeder Art erstehen wie die Pilze; die
TSA3AF778291AA,0,diacritic,Ganz traueréch a stel lanscht d’Wâkelstèng.
TS895712A5E3B6,0,substitution,"meint man, im Dienste des Wort es stehen;"
TS50E82AB19957,0,spacing,"halten; von altem Lager, Winterwaare, wurden grö⸗"
TS28980D6F7492,1,none,"ben, - der alte, - na, man soll die Todten ruhen"
TS61DBB6A9E8C4,1,none,tenue. Le peuple doit agir par tous les moy-
TSDC4C17DFD175,0,substitution,"zugsweise zusammen kommen, præcipue conve-"
TSAE69A66E14F9,0,punctuation,"endlich ist das Glied gestreckt, aber noch lange"
TSF567CD591927,0,substitution,"Schapel, Zollinspecter, Saarbrücken."
TS29271B996943,1,none,"1er Prix. Boltzen Mic., de Hachiville; 2e Dnpont"
TSDAE0F7A7CFB1,1,none,von Civita⸗Vecchia knüpfen. Die Independance will
TS6537254F66CA,1,none,"tigen Etablissement zu Pulfermühle, nichts gemein hat."
TS9175FF4F9A84,0,mixed,"avocat-avoué à Diekirch,"
TS5A02CE8E5440,0,punctuation,mäß wurde nunmehr von den Mitgliedern der beiden
TSBA9D37FA5AA4,0,punctuation,"ges sont encore de peu d’importance, parce"
TS2AA96247A142,0,spacing,sances et à s’entendre avec elles sur les ques-
TSCCA025E2DF31,0,insertion,"hoff-Draudt, sont les vendeurs susqualifiés et"
TSBD8CB9CC25A9,0,insertion,"Aussitôt après cette cérémonie, M. de"
TS56BAE199CB7B,1,none,sociation de St. Willìbrord.
TS5BC43AD18E4E,0,punctuation,"Eine merkwürdig geheimnisvolle, feuszende Stimme, vom Grund"
TS5FCC748D2968,0,insertion,La marchale Bazaine a été reçue hier matin par
TSA9CD435E7286,0,deletion,Sept.⸗Okt. 151/4 Thlr. per 8000% mit Übernahme
TS3E8F11C673ED,1,none,"dien le terrible martinet à neuf lanières,"
TS0AC6E9906C7D,0,diacritic,D’un exploit de l’huissier
TS755D4BD55D6B,1,none,dem gegenüberliegenden Frankfurt die Glocken und mit
TS51F81B09D5CD,0,spacing,orateurs prendront la parole dans l’ordre
TSBDDC5535D035,0,substitution,partisans.
TS2DC6912DDA36,0,insertion,chose est instructive au plus haut degré
TS468FD8F9141A,0,substitution,qu’il a beau jeu. On ne peut lui répondre que
TSEEAA8AFE6063,1,none,"n’y avait aucun danger, que le ser ice"
TS22BD96F45426,1,none,tenant il faut obéir à la lettre que nous venons de
TSCE039C3E3FAC,1,none,sere Minister muthwilliger Weise verscherzt. In ihren
TS185924DC89CA,0,substitution,"aller natives, faites votre choix."
TSBFF1D95860F9,0,punctuation,"man-ben-Hamza, bach-agha de Géryville, a"
TS91129440CF95,0,substitution,rance et les rendre immédiatement obligatoires.
TS87051026888C,0,deletion,"sont, mir keunten alleguort fró sin, dass mer onsen treie Prenz Haré"
TS9C44CA5696DD,0,punctuation,A. Race Durham.
TS6CEFAC492A6E,1,none,innondés.
TS9F9E93856573,0,punctuation,se résignait à ce que le maìtre voulait et personne ne
TSF992EA6E88F5,0,spacing,- Luxbg. 7.12
TS08FCA5793E94,0,diacritic,zu Baricaud: Sie durchstreifen diese Gegend
TS7A536A0B8011,1,none,Die um die Aufnahme nachsuchenden Zöglinge müssen
TS3BFD7041FFDC,1,none,Erof an den Dal.
TS6B49645017C9,0,spacing,vaux dans la nuit suivante fut interrompue
TSCA570BAF5E8D,1,none,le bonheur de Votre A. R. et de cette noble et gra-
TSEB582BC43630,0,mixed,"in eine lieben, lieben Zügeblicken, möcht"
TSD3D222BF4F34,1,none,tière. (Union.)
TSB8749262375D,0,spacing,„Und bist geliebt?“ fors chte theil nehmend die Freundin.
TS52AD64014136,0,mixed,a relevé la tête et a intéressé l’amour-propre
TS2EB4E7304884,1,none,Ministerium für Lauenburg wird aufgeho⸗
TSD4AC67BDE8E7,0,insertion,navigation.
TSD537516335E8,1,none,mentair.
TS463030FE82A2,0,substitution,et Wurth.
TSF02358563D2A,1,none,inniger Freundschaft zugethan; aber das kann uns nicht verbindern
TS8F450E4DB18F,0,substitution,"MM. van Bosse et van Tels von Gudrian, n’ont"
TS472C7249DBF5,0,spacing,ward der König mit einem begeisterten dreimaligen
TS551C4682D634,0,spacing,In der Bestimmung der Aufgabe des Gymna⸗
TS0AAE12A995E6,0,mixed,"Kennt en no gerant,"
TS69CF0D0F0D52,0,substitution,"Le cure de Saint-Laurent est en suite, ainsi"
TSD490E3EB767B,0,spacing,709 Fr. 99 Ct. - Ich trage darauf an wöchent⸗
TSF899D44BF9C3,1,none,der Mensch sich um so fester an den Gegenstand sei⸗
TS1AC3D295057F,0,substitution,"confiance, il restera juge, il est donc officier ministériel"
TS1B5B9365E9F3,0,deletion,seite bereits gesperrt und beschäftigte sich eben
TS688016AD832F,0,spacing,"Genehmigen Sie, Herr Redacteur, etc."
TS987C65E65868,1,none,"vre de la législature. Heureuse la France, si, alors"
TS075696DE317D,0,spacing,"Dabei nach Aller Augenblickt,"
TS32C8D33A0118,1,none,content de la raideur que l’Autriche apporte
TS1576DE6CE787,1,none,francs pour chaque immeuble saisi.
TSAE8854B537B8,1,none,„beginnt das „Wort“ in pathetischer Weise - „die
TS4D339C67ED27,0,diacritic,"der sich bei dem M’Clellan’schen Heere befindet, ver⸗"
TS1F7FBF260B3F,1,none,"schränkt, ihre Ansichten durch Zeichen des Bei⸗ oder"
TSB693F870B9D7,1,none,"cens à 30’ fr., alors, je dois avouer, que"
TSE7FC76962718,0,insertion,rantis d’une erreur on d’une faute? Sup-
TS90F379FD8C47,0,punctuation,stalt von
TS0FBC57B017F5,1,none,"de fond en comble la jolie ville de Mételin,"
TSCB7C66802642,0,punctuation,çaise viennent d’occuper Velletri et Frosinone.
TS57C01A631191,1,none,sehr stark.
TS17A5D0E6C1F1,0,deletion,Il y en peut un qui revint trois fois à la charge et
TS947A47C2BD7C,1,none,"que efficacité aux efforts tentés pour la paix,"
TSF0D97B3DE547,1,none,setzlich unbefugt; denn nicht die überall mehr oder
TS9712C71EC1F5,1,none,il tué s?
TSE0B678D8317B,1,none,tief und innig hat die Seele dieses Jünglings gefühlt.
TS41FFC727D6AE,1,none,"franchis, accompagnés de la lettre suivante:"
TS7E26B451D802,0,punctuation,Schottland gemacht und die Ergebnisse seiner in
TS0BAA8B89EF47,0,deletion,lotine emprisonne le coup du condamné.
TSD6EFF2DEEFCF,1,none,"dem die Bescheidenheit sowohl als die Schüchternheit himmelweit fern steht,"
TS43D36594F2C9,0,deletion,8) de Champagner.
TS0D386C441029,0,mixed,"worden, als das Urtheil gegen die ,Zehn.“"
TSB0876FF28467,1,none,dit-il le plus flegmatiquement du monde.
TS52425238EE82,1,none,"noch ein Pulver Mágazin in die Luft gesprengt, das"
TSF3697D8E8DE7,0,insertion,"que, en retirer nos soldats sans espoir de re-"
TSDF17CD52D8FE,0,substitution,remises en sur dernier domicile à Obermer-
TS836DFB66DECA,1,none,(Beoh. Nr. 27)
TS240CC958F208,0,spacing,Darauf ging der Hochw. Herr Bischof mit der
TS3CA1B45A9FBB,0,substitution,guré en 1860. En effet durant la première
TS3AB19EE961A9,0,mixed,"zwei türkische Soldaten, welche zu einen, im Di⸗"
TS6771A61F9BFA,1,none,(*) Les heures indiquées sont réglées sur le méridien
TS4914BE05E33C,1,none,»Ce désir trouve sa source dans la recon-
TS3D1F280C9179,0,substitution,télégraphique ainsi conçue:
TSFD11CD2F7EA1,0,deletion,de huissards. Des journaux de la Commune
TS1EF4D70FF32B,1,none,"en présence d’une telle Chambre, on peut"
TS1E242B357E3D,0,substitution,"alors que Farini a, par dépêche, demandé à"
TS3777A5082762,1,none,nationaux. L’avidité des agents de la po-
TS7BCECD8A1B78,0,deletion,tout de cette jeunesse pleine de connaissances
TS0926CEA5B3FF,1,none,"ist doch das Wetter so unbeständig, daß man sich keine"
TS1212C2298DC8,0,substitution,mit le plus grand sein à éviter toute particularité de
TS5188646BB7AB,1,none,amoindri son falaire. L’ouvrier ne produit
TS9D67E98F7302,1,none,"qui produit sans cesse et sans frais, qui s’accom-"
TS3FDA8A61BDEA,0,spacing,"Handel 17 Mill., öffentliche Arbeiten 64 Mill.,"
TS8DC195678583,0,spacing,- Nörtzg. „ „
TS134F4723EE6C,1,none,"n’a certainement pas abdiqué en faveur d’une coterie,"
TSE830E3D69ADF,0,substitution,"Der Ritter greift in’s Wespennest,"
TS4C7A54144066,0,mixed,"schlésse missen, dass e gut Nouvelle matbrengt? - Ech mmèngt alt de"
TS6B693A8642CD,0,insertion,et pendant que le brigadier Dole reste dans le fort
TS3426454AE77A,1,none,Act des Kaisers erregt beinahe noch größere Sensa⸗
TSFD7DEE94EF11,1,none,ein rechtschaffener Esel fühlt sich hier nimmer wohl.
TS1AE45E4DCA8D,0,insertion,erfüllte. Doch seine Mittel erlaubten ihm das nicht. Er mußte
TSE2B8E909B7BF,1,none,ce péril ne date pas de la guerre d’Italie. Il
TSFC41BDC02124,1,none,Pütz sehr gelitten haben. Dieser Herr hatte jedoch die weise
TS010CC8C32BF4,1,none,d’accepter.
TSC4B8A71FD923,0,insertion,ordonnant la publication de la demande
TSFCD1907576BB,0,punctuation,Eisend. 12½ B.; per Mai 12½ bz. B. u. G.
TS998A407A6B9A,0,substitution,Orgelcomponist denn Namen nach bekannt. Dass er
TS63139EA04A57,0,spacing,"dissement de Diekirch, pour par-"
TS081F2B63ED59,1,none,"maintenant, à 300 mètres de nos batteries. Le"
TS71AA0EE3E706,0,substitution,gouvernement est vraiment décidé à faire des écono-
TS04C46CF62474,1,none,"Mais, pendant ce temps, du côté opposé, arrivait"
TSC1B1F6B1FCAE,1,none,c’est d’abaisser le prix de leur marchan-
TSE03DA8D452F2,1,none,nahme bei den Festen im Advent und der Fas-
TS0EFB988A0939,0,punctuation,"Oppenheim und 9000 Thlr., von der Köln⸗Mindenen Eisen⸗"
TSAFE02D4A5732,0,spacing,"also 16 Jahro lang, von allen Gewalten un⸗"
TS6EEE294F84F2,0,mixed,"sane et l’ami du colone, a voulu repousser"
TSE97440873055,0,spacing,Kanonen und Mörserboote nach England zurück⸗
TS3533457E693A,0,insertion,Le procès-verbal de la dernière séance
TSDF1F04F432D7,0,spacing,(Cölner Canfuale) dieursprüngliche Tonart ge-
TSEE6B28C21FD1,0,spacing,son de Cécilia.
TSD5EBAFECE16F,1,none,"dite année; ces restes sont évalués à 6,130.000 fr.,"
TSF4BD1727C124,0,substitution,"matière vomie par l’Etna se ment, se sépare,"
TS902212ADF102,0,diacritic,Sammlung gediehen und ob deren Herausgabe zu
TSB79C767022F6,0,spacing,du souffle de sainteté que Dieu a versé en mon
TS921C8B89F984,1,none,- Oni... un instant même j’ai espéra le retrou-
TSE8D41A9C8950,0,deletion,400 kleinere und mittelgrosse Tonstücke für die
TS6923596D8803,1,none,- Es sind wichtige Nachrichten aus Mexico
TS327D7A8251B9,0,substitution,Verfassung ist. Die Verfassung bestimmt ganz ge⸗
TSB139ADDB3801,0,deletion,récemment encore la razzia exécutée contre
TS74999800A0D6,0,punctuation,"nommen wurde, wobei man die Statuten der geheimen."
TS4EEA33B3BA74,0,deletion,"lants équipages. Ils sont arrivées en un clin d’œll,"
TSDE4B6F7D3355,0,insertion,de Prusse parait être abandonnée pour le moment.
TSC3CA3E68F653,1,none,"Frankfurt, 15. Juli. Als gestern gegen"
TS4F9E60CD7BF3,0,diacritic,und ergiebigsten Theil der Rheinprovinz mit Central⸗
TS813D9881C0F8,1,none,- Assez!
TS8C2F1D3D9A4D,0,substitution,"assignation a été donnée audit Wahls,"
TS880F0C32818E,1,none,wahr? - ich glaube daß es der Doktor so erzählte.
TS00B6783BFFB8,0,substitution,au grand-duché:
TSCDBC4082C25E,1,none,pouvait être très-libérales. Nous avons
TS2E39B2AB4B47,1,none,"Luxemburg nach Arlon und Diedenhoven, und von Diekirch"
TS89A595F26D55,1,none,"du parfait gentlem an. Il buvait, sans qu’il y parút, cinq ou"
TSA957AA12F3EC,1,none,entr’ouverts d’une commode étaient dégarnis
TS44EC7221B9D9,1,none,laissent absolment rien à désirer nulle part. Les
TSC0DEC6790409,0,punctuation,retirèrent dans la forteresse. On prétend
TSDC578E6CEFEF,0,spacing,"lassen, und nachdem sie von Trier zurückgekehrt,"
TS72C79EEDB8BA,0,substitution,tikel «des Maîtrises.» Auch da fand man das Heil
TS1AA13C983E1D,1,none,"militaire en cette occasion, et que si le contingent"
TSC2A54C5C88ED,0,substitution,bre a décliné son omnipotence; c’est pour la pre-
TSFE9C940A0872,0,substitution,Direction des Innern und der öffentlichen Bauten
TS7190FE266618,1,none,Bevölkerung findet sich die „Trier’sche Zei⸗
TS6FFF766BEC17,0,substitution,"geben, dass diese drei Requisite alle vorhanden"
TS891539337E2A,0,spacing,"von Leiden beschränkt, träumt er ein endloses Glück."
TSD12D0615A299,1,none,aveugle et insensé me fait employer des moyens
TS3CF6715BA099,0,spacing,"Sodalité de la Ste-Vierge,"
TS9C559AFA21AE,0,insertion,und du konntest mir
TS2E7E15367DFC,0,punctuation,"in der Ordnung gefunden, und die von der ge⸗"
TS96D808AF61F5,0,substitution,"gleichzeitig, um die Hoffnung nen zu beleben und um"
TS20EF19E0940D,1,none,muniés comme nous l’avons été pour un
TS81BEC1F6CF69,0,deletion,"pour, s’aperçut qu’ils étaient faits d’un métal de peu"
TSC55F1DAE6B6D,0,substitution,nir qui se montre à nous brillant comme
TS04F3A5A07250,0,substitution,»Cette decision est plus importente encore au point
TS81FF2367CE3A,0,punctuation,600m-630m-815m-1120m-1253-400s-550s.
TSE8E6E2DAA570,0,spacing,"seinen Jubileiom, und das ist brav gemacht, denn der hat sich"
TSBD624CD6BA00,1,none,"des instructions et autres actes concernant les administrations communales, qui"
TS458BCA324DB8,0,substitution,Aussicht stehen.“ Und Angesichts einer katholischen
TS04CF7F211539,0,deletion,perpsalmen werden an den Sonntagen in der öster-
TSA55F1764C54E,0,deletion,"derniß in das Zimmer des Abbe, der zum Unglück für"
TS321013CDFFF5,0,substitution,nommé un sundicat qui est autorisé à veiller
TS9C484BBF723F,1,none,habe. Mitschuldige habe er nicht. Bi jetzt ist
TS23776CEEFD13,1,none,"freiwillig, sei es gezwungen, ausgibt, und"
TS27884591035B,1,none,carme. Il trouva la blanchisseuse de M.
TS814F6188340C,0,deletion,befand sich aber im Hintergrunde des Gewölbes
TS150433BB2884,0,insertion,"repris par la nation, ses privilèges furent sup-"
TS35DDDE721615,0,substitution,à toutes
TSADC686279FCE,1,none,espagnol.
TS09EF1CBDA1F9,1,none,„Es ist mir ein ganz eigentümliches Schrei⸗
TSAF03B0BC0B3C,0,diacritic,"A wann der dât mach,"
TS34491F26D83F,1,none,puissance militaire et à leur réputation
TSD6E23F2357D2,1,none,"71/4 gelb 7½, hochgelb 73/4 a 8, braun 82/3 a 5/6, Cey⸗"
TS4333D32F1782,1,none,"Neuman, huissier à Diekirch."
TS38BD6B15FDCF,1,none,"peaux, et qu’on voit d’un autre côté le gou-"
TSA122A6020D80,0,insertion,"- In der Nacht, vom 9-10. d. M., ungefähr gegen"
TS6D8E25B36933,0,punctuation,"rédaction du journal allemand, qui avait adressé ses numé-"
TSDF5BF82BA672,0,punctuation,"werke, unserer Nachbaren auf vaterländischen Boden verpflanzt zu"
TS995265ECFD91,0,insertion,"nes, la conciliation ne l’est pas entre les doc-"
TSE83E9FC2E469,0,substitution,l’impératrice d’Autriche.
TSF8087B23F446,0,spacing,"véritable, l’unique motif de la guerre? Qui eût osé"
TS297CE40F080C,1,none,schädigt und ertrug ihr Loos geduldig Was die poli⸗
TS175A08B816D3,1,none,"Nein, junger Mann.! „Der verkannte Dichter“ soll nicht fluchen dem"
TS81646347BDAF,0,insertion,"foires, on placera l’espèce chevaline de-"
TS5E73E9C39490,0,substitution,"unique, sanglante, se dessinait sur l’é-"
TS0711DF8A2773,0,substitution,"main droite, et presque aussitôt le fouet"
TSEA8612E389A4,1,none,apprend que des événements importants vien-
TSC1F9EC041C46,1,none,hat. Ueber den Offenbacher Verein sind neulich
TS48AFA019E845,0,spacing,Ferner hat sich das jetzige Ministerium mis billi⸗
TSF6E4B769B444,0,spacing,"mochte das Thier eigensinnig gemacht haben, gleichsam als"
TS0C87F06203C1,1,none,curriren
TS203F78680797,0,insertion,"A cet égard, les journaux en sont encore"
TS1C9DD0E18D6E,0,diacritic,premier soin sera toujours d’être l’opposé de ces journaux qui cherchent à augmenter le
TSF30F97E64A22,1,none,durch diesfällige Bemühungen der europäischen
TS32C8D0A8F944,0,insertion,perdu.
TS01CD639D77E6,0,deletion,"D’Mimi. Man, da wär d’Place d’armes jo net méh grósz ge-"
TS993C099FE9E7,0,spacing,genau verzeichnet ist.
TS9BE4A862CCBB,1,none,bunden. Gott hat Jedem seine Kräfte für die ganze
TS38E24BEBA84D,1,none,Subsidien zu Gunsten der mit den Buchstlaben C und
TS33331902EEE2,0,spacing,Auskunft zu erhalten. Der Königerwiderte
TS6257CC08F29D,0,substitution,wird von gesammten Offiziers⸗Corps als un⸗
TS02186909161C,1,none,par la crainte de collisions entre les troupes
TSE625799373D1,0,insertion,"modérées, et sans entendre faire de la concurrence"
TS41F4B052548A,0,punctuation,der werden muß sondern mehr noch die
TS4762AEB7C392,1,none,"für die Bezahlung der französischen Fôrderungen, nach"
TS35CFFD64B076,0,insertion,"Mannschaft selbst betrifft. Unerhört, aber wahr!"
TSB97943D46C8B,1,none,"seufzend, aber, fuhr sie dann schneller fort, von woher"
TSE9FCFA605D05,0,insertion,que mes voisins
TS70EF8F62A3D9,1,none,"des Krieges habe man es für gut gehalten, die in"
TSCBBEF2B22160,1,none,"Mandat an und ihn wird seine Wahl nie geneuen,"
TS5799F437C455,0,substitution,pendant la pose du câble pour le télégraphe allan-
TS92672DB68582,0,substitution,"lation du globe, qu’il évalue à 1 milliard 288"
TSE6289115AFDA,1,none,aussi la pauvreté y exerce des ra-
TS559D17982552,0,diacritic,gen in ihren Wagen deutlich das kranke Knie
TS502F9848F92A,1,none,des infortunes d’autrui? reprit amèrement
TS64255F229926,0,punctuation,avez déployés pendant la discussion sur tant
TSADD5B743FEB9,0,deletion,par l’effe des grandes travaux qui s’exécutent dans
TS3CF6B5FDD44D,1,none,"len, und sinkt unter Weinen und Beten auf ihre"
TS338551CC6EA5,1,none,Vergießl als treuer Ritter
TS41BCD8A4523A,1,none,publiés à l’étranger.
TSEF6EF06EDB9B,0,insertion,a offert à la mu-
TSAE899AF8E9C6,0,substitution,"Passie secundum Matthœum, op. 1 von Benz,"
TS3C0523168F65,1,none,gouverneur fit reprendre les travaux à
TS4F9A1510820C,0,insertion,für ein par Momente Gehör! Wenn Dein
TSCB97B5C5A8D7,0,insertion,können. Als solch leitende Grundgedanken stellen
TSC6594BEB408F,0,insertion,"la violence, par la traison de ses a liés, par"
TS0D96BB8F31AB,1,none,"prendra plus, nous voulons bien le croire"
TSCA0B832B3A6A,0,punctuation,"ce spectacle magnifique et lamentable, et c’est"
TS810628AE44E8,0,spacing,septentrional. A la date laquelle ces ren-
TSE4AD08631309,1,none,"8. Juli, hier +2105 des hundertgradigen Thermometers,"
TS4A0ADDF60CE0,0,substitution,"Cette trouvaille, rapprochée des bruits si-"
TS75EADB1E9C59,1,none,Erha⸗
TSB0FFA83B93CB,0,insertion,"pase nouvelle, phafe de calme et d’apaise-"
TSCC6E0E5B1D32,0,insertion,lui doivent une amende honorable. L’Autriche lui
TS46AF9E8D3EE3,0,mixed,Un étudiant parla en tur au nom de la jeu-
TS301403CD1FBF,1,none,ten anberaumt worden.
TS79243FAD383A,0,substitution,"- Dame, mon oncle, il n’y a rien après, sinon que"
TSED93DFCC6BFD,0,insertion,a) beim Ober Ingenieur .... Fr. 200
TS77CE463F1ABD,0,substitution,de raison pour qu’on ne recommence pas immédia-
TS3B1CC4CF92ED,0,deletion,"aus dem sehr einfachen Grande,"
TS0E531D43CC17,1,none,"méridienale, de sorte qu’on peut espérer"
TSC385F33FCC7E,0,substitution,„Der Staats⸗Minister A. Walewski.⸗
TS100FBCE11E47,0,mixed,Léer du deî Fuder e  - machen.
TS5673E4911530,1,none,"„d’homme, avec ses douleuns et ses joies, ses goûts, ses"
TS4B3CE0D2DD7F,1,none,bedeutend modificirt (im Sinne der neapolitanischen
TSA293A3770AE4,1,none,"Rathe seiner Vertreter, wie in den Thaten seines Volkes"
TSDD9D7E9C9B3B,1,none,"vers lui, mais il fut arrêté au passage"
TS440490188F02,1,none,charte constitutionnelle aussi libérale qu’ucune nation
TSA49FD143BB8B,0,spacing,„nur die Grundbesitzer Wahler?) - erheischt Ein⸗
TS0B903D538889,0,spacing,Vobang das Bein in die Lucht zu heben und die Pickelhaub zu
TSEA8564C7CFD9,1,none,Josephstaadt ihrer Größe nach zu unbedeutend
TS36D6CD18DDB5,0,punctuation,"Landes verwiesen worden, war in Wilverwiltz von der"
TSFDCFB28C131F,0,mixed,Schlusse der Thronrede enthaltenen Aufforderung ge⸗
TS9A11063D95CF,0,deletion,was dann den Ausbruch veranlaßten. Wiewohl
TSF0EE0566C71C,0,insertion,candidat radical. Le calme le plus parfait
TS6FC95B771755,1,none,A peine ses armées occupeut-elles une
TS30827AD567B4,0,substitution,bei gehoriger Vorsicht sei die Sache nicht nothwendig
TS72500D863501,1,none,vernement moldo-valaque avec la puissance
TSA88AD18985E6,0,punctuation,diese von unsern Vorfahren aufgestellten und
TSFD62DC920B6B,1,none,"»gnant la police, qui n’a d’effet qu’après ce paie-"
TS91F995976CAC,0,substitution,qui gâtent tout.
TS0C7250EC1BF5,0,substitution,"lich am College von Virten, am Athenäum zu Luxemburg, am"
TS9BBC71F163A5,1,none,qu’à la requête de l’administration
TS8470BEE7CC67,1,none,"Elle apporta un petit sac, versa sur la table les pièces"
TSE10917CC0A11,0,deletion,"journer sur les glacis de la forteresse, entre la der-"
TS98523A3287B8,0,spacing,sagt: „Ich habe jetzt nichts mehr nöthig. Ich empfehle
TS3BE2CA30F70E,1,none,"v.Cöln, dem Bischof v. Rottenburg und wenn wir"
TSE82BF7DA265E,0,spacing,"huit cent quarante quatre, Numéro 2242b;"
TSD1966C8C19BA,1,none,en mission à Bruxelles. V. DIDIOT.
TSB5F2402E0A3D,0,deletion,plus de communiquer quitérieurement aux
TS2C79EFC4DB34,1,none,"Berlin, 24. April."
TS8471E89ADD77,0,spacing,"nach Wiltz und in der Nähe des Mosselerhofes, innerhalb"
TS7650DB0778C5,0,substitution,keit bestallen worden.
TSA4162A2362CF,0,spacing,tiens à observer à l’hon. M. Brasseur que
TSE6BC25489013,0,diacritic,"culs, et mit enfin en avant le chiffre de 25 fr."
TSADE7306463EE,1,none,porte de Luxembourg. Pour acclamer LLL. AA.
TSD7B0B26D87CC,1,none,"épurée, fr. 86-08; id. de lin, fr. 83-83, par hect."
TS77F2CCA900A5,0,deletion,Die Chouette seigte ihr hübsches Gesichtschen und
TS535294249CC8,0,diacritic,in Washington überschätzt und nicht berechnet daß man es
TSB53C89458BB2,0,substitution,ministre russe serait sans objet.
TS34FE2EA0E414,1,none,que le Gouvernement belge vient de proposer aux
TSCFE99ACF5067,0,diacritic,tes n’ont plus été qu’une toile d’araignée aux yeux
TSE77E1CD0667C,1,none,"En admettant le cens de 30 francs, nous"
TSFCAA86DFD93B,0,deletion,"Wann d’Déch aufènken séch ze lèngen,"
TS8CE8BEE6A8CE,1,none,ploitation des chemins de fer de l’Al-
TS898E2AC9B674,0,diacritic,tait un orphelin dont l’àgo se rapporle entière-
TSCA9BD01369FF,0,substitution,Das Wahlgesetz für das deutsche Parlament ist
TS9E4670DCE73B,0,spacing,males seraient appliquées pour toutes mesu-
TSCAE56D3BFD27,0,deletion,zwischen Kammer und Regierung be⸗
TSC4A8CD0E2B9E,1,none,"dant que les bandits, cachés, l’épient, a égale-"
TSB4DFCD14BA38,0,diacritic,de all Elècteur bezillt? -
TS14C676A1D187,0,deletion,1re lassen. - 33 Elèves.
TS45DA402AAF71,0,insertion,"Nichts fühlt bei dem großen Gedanken, einer einigen"
TS0CBCA0D681C0,1,none,a été donné et exécuté.
TS8F864B422C0E,0,insertion,du mineral doivent être accompagnées d’un
TSCCB195E32E18,0,substitution,sa colère sur les pardours et leur de-
TSFDAC5D79FAC7,1,none,"à lui en haut lieu. A coup sûr, il avait"
TS389D761B7C10,0,punctuation,"Versements faits pendant la 2e quinzaine du mois,"
TSC27355F752CC,0,punctuation,core et qu’il remit fort gracieusement à la da-
TS1C88CDB4896E,0,spacing,privilèges inséparables de cette qualité; s’il consent
TSC9BBCDE927C0,1,none,"tement selon nous), il proposait la convoca"
TS1A9C1A9E92D1,0,deletion,mais et 14 juillet 1855.
TSA3C5F00F5589,0,substitution,"den wir noch nicht nennen wollen, einen solchen Haß"
TS709B3E4DE306,0,deletion,M. le Président. Nous allons remettre à
TS5EFAFD486F97,1,none,ursprünglichen Tonus I-
TSBD5FF64CCB49,0,diacritic,Sur les autres points de la Peninsule continue la
TS7D5EA79A143F,0,punctuation,feierlichen Hochamte ferner an den Festen
TS78063990C22B,0,substitution,"côtes, près du cœur, Les deux premières"
TSFB178BC4AE97,0,substitution,Der Vater hatte versprochen zu Gunsten seines
TS9D21B513AF4E,0,diacritic,"Ses“ etc., zu schreiben und in Musik zu setzen verstanden hat, der"
TSDE34734B8C74,0,substitution,"- Angekl.: Die Einen sagen Ja,"
TS442D0D4B0FE7,0,punctuation,céder la promenade dans les champs. Dans
TS23F247629F83,0,mixed,„convalescence qui disposent peu au travail. Avez-vous a-
TSDAB3669B4E02,0,spacing,"tions, et, de plus, on fait remarquer que"
TSFF8226975B09,0,punctuation,que les populations des villes et des cam-
TS4FFE4BB93E0F,0,mixed,Schlosses den eigen Schlaf..
TSEFDE21ED8097,0,insertion,"le bai1 des raskolois, mais encore il a eu"
TSC1B427E8EB09,0,deletion,"palpar les objets en connaisseur, et d’un coup-d’œil"
TS94D97724CF57,1,none,"de Mertert; 6e Courte Math., d’Oberdonven."
TS12FE290C48E7,0,mixed,"huot, dât lesst en net mé fuoren! Abwvarten und Thee trinken, son"
TSA358A983C046,0,deletion,Draudt lez Ettelbruck et se feu son épouse
TSAB984E8955A2,1,none,bekanntlich bisher eine sehr nachhaltige Opposition
TSAC2366F59289,0,substitution,C’est que si le chemin de fer du Luxembourg avait
TS3D6EFA569D7A,0,substitution,"Les religions asiatiques ..... 600,000,000"
TS8836CD28E15E,0,insertion,Èng beiwend Platz.
TS0490A49CCEDC,0,punctuation,"resté levé, malgré les exhortations de sa"
TSFD7990EBED75,0,deletion,l’assurer le prolongement de la ligne du Nord
TS9B6D54BA1C9D,0,punctuation,vivats accueillirent les Turcs. Le représentant de
TSDF415EE9E2EF,1,none,hat sich an der Lösung dieser Frage unter
TS9645BE4B391E,1,none,"kirch, Kremer, Mathias, von Haller; Colling, Karl,"
TSEB832ED86361,1,none,daten zuvorin der Caserne alles zertrümmer⸗
TS36C39FF53B10,1,none,"Singens, des Crescendo’s und Decescendo’s etc."
TS79D8202647AA,1,none,rung kündigt die Vertrauensfrage für einen gewissen
TS72368067211D,0,insertion,praktische Anwendbarkeit und für die Bedürf-
TS10ED3EF68E8B,0,spacing,"Brüssel, 3. März. Der Kron prinz von Preußen"
TS254DED0CB8CB,0,substitution,se réunissaient l’année dernière à Francfort
TSECFF356478DD,0,mixed,vingttrois mai dernier de l’huissier Neuman
TS56130FCF3469,0,substitution,"Les faits constatés, les chefs de Schmelef,"
TSBCEFDF736B0C,0,substitution,"avec entrain à cet appel, et d’arriver"
TS638AFF1E4BA1,1,none,combien n’a-t-il pas donné l’espérance de l’emporter sur
TS316442955E0B,1,none,den fallenden Riesen auf Augenblicke aufhieit.
TSD90731B2D0A3,1,none,"routes du Grand-Duché ...... 121,115"
TS69A6F24DE4AB,0,substitution,"cheval, pour faire de la musique, etc. Eh bien,"
TS99A638FE9559,1,none,"und dessen geistreiche, gefühlvolle Feder für immer geknickt, gebro⸗"
TS30F202A99BC1,0,insertion,"doit à la politique qu’elle a adoptée, en"
TS8A1F2D8EFF58,0,substitution,tions! Laissez vous cependant le cens tel
TSA37EBE512417,1,none,"se dispose, à venir contempler"
TS905B524D9C6D,1,none,"Wähler, die mich dreimal gewählt haben protes⸗"
TS4833DF2E940E,1,none,"ner Wünsche binden, je unglücklicher ihn eben dieser"
TSF2606B2DA0A7,1,none,"fort loin, et qui a pu être orné de matières"
TS46F5CFF45629,0,deletion,kanische Löwe den Einöden hinworff.
TSCB90D1FDAE23,1,none,"langen wir dort an, se ist alles, wie da, wo wir"
TSDF13B4238D70,0,insertion,noch.
TSBDAB0DAB081C,0,diacritic,"des Etats dans la séance du 28 juin, par M. le"
TS7A4E2029850F,0,substitution,"auswärtigen Mächten in Kraft treten läßt, ehe die Begutachtung unseres"
TS58481D991AF1,1,none,"Ueberwachungs⸗System geltend machte, scheinen einen"
TS211067DEACCE,0,punctuation,"wir nun folgende auf 1) Das Nützliche, d. h."
TS6B098097328B,1,none,"gelegenheit des Civilehe⸗Gesetzes, welches man in Rom"
TS65E8BBC6CA29,0,deletion,"d’une demi heure, l’aîné des M. rentra dans le"
TS9669F4ABC1CC,0,substitution,lichsten Behutsamkeit und Stille.
TS9A3BA65CBDCE,1,none,"die Prosodie der Silben in den Worten ist, nach"
TS63E1074DA92B,0,insertion,"de Saint-Pétersbourg, causait la plus grande"
TS73DCB43E49F7,0,substitution,"tement, qui a fait pousser un cri d’horreur et de"
TS97756A307F13,0,insertion,"Frankfurt a. M., 10 Juni."
TS18FFF2C4BBDE,1,none,"wir oben angeführt haben, wurde derjenige, welcher ein"
TS4156F2B196EA,0,diacritic,plétement à la carrière diplomatique. Sa
TS74D829ACB0EF,0,insertion,oder auf den feindlichen Wällen kämpften. Der Tod
TSC91F9A6082AC,0,insertion,"von Luxemburg, eingesetzte Regierung umzustürzen."
TS8E488BBBE171,1,none,eine Erweiterung der Schulpflicht um ein Jahr
TSE1F3ED107D4B,0,mixed,Tous les membres du Gouvernement as-
TS19691B398A51,0,diacritic,"- Je l’avais prévu. Mais enfin, cela ne m’effraie"
TSB96631626B52,0,substitution,"METZLER, bourgmestre à Hollerich."
TS339E3610837C,1,none,"moindre différend avec le chef de fabrique,"
TS29FCF1B55C66,1,none,D’Mimi. Wât ass dann nêsz?
TSE29CEE9881DA,0,deletion,"Enfin M. Norbert Metz, dans le discours spiri-"
TSA4B7087A8D7B,1,none,"angeordneten Registration, welche diese als will⸗"
TSCEAF0703EB02,0,substitution,de la session et l’ajournement infidéni du projet de
TS918301C35395,0,insertion,"donnez, le jour qu’il vous plaira, vous serez ma"
TS17140A0BAD5E,1,none,aucune initiative ni officielle ni privée.
TS0ABA4236E29B,0,insertion,genommen; sie sind nicht mehr so starkmu⸗
TS9420530ACA8F,1,none,"geworfen, ob es nicht gut wäre, den alten Schacht"
TSA60FC342EAAF,1,none,Gazette du Midi
TS1119BB74FBDF,1,none,aux Français comme représentant le nom
TS057698C28006,0,insertion,stupéfaits de la tournure qu’avait prise
TS078664C9E970,1,none,"cane à insinuer à la fin. - La fin de toute discussion,"
TS10BC37FA80CE,0,punctuation,Zurückbleiben hinter der Linie „il préfère n’ester
TSCAB64F21D614,1,none,"pas, et notre Constitution, sagement et modéré-"
TS9AEE418DEAD0,1,none,"Cette nouvelle, la première partie du moins, en est"
TSB06C88B89D7C,0,punctuation,dans toute la partion du bassin de la Loire.
TSD1D0ECC5395C,0,substitution,"rigen Kinder bei Morgengrauen aus dem Hause, und"
TS00482BB56AE1,1,none,utilement la sainte cause de nos veillants
TS3DFFA45D02AE,0,deletion,tente de le récjoindre. Il est à remarquer que
TSE1BE35507E53,0,insertion,"„le but, que même lorsqu’on veut la même chose, souvent"
TS5B9F8B5A5DBA,0,deletion,Il ne faut pas douter que les traditions
TS027BBB8D87D1,0,insertion,mande avait adressé à tous les chefs des commune du d-
TS0529484764ED,0,mixed,"fit le greffier, cela a de sei."
TS5619EADFF3F4,0,spacing,des ordres pour que les autorités fussent
TS608FEF6047CA,0,punctuation,"nuonen besetzt war, vertheidigt wurden. Es war schwe⸗"
TS9CE478DEFB5F,1,none,"zeugen, dem „italienischen Schwindel“ ein Ende"
TS1E12269123B9,0,insertion,"Eine Schreckensfahrt. Wir hatten,"
TS7BBD3D521794,0,insertion,"in der ersten ist die civis auf der zweiten, in"
TSCE1CA8B72744,0,spacing,erwähnten 6. Oktober Nach dieser Zeit frist kann dieselbe
TS8A2D66B24818,0,deletion,zurück.
TSE75665D1D391,0,substitution,lante sur larmée royale.
TSE03562CA38FB,0,substitution,"gut an eiser Section! Mensch begann doch, Gott hèlf der!"
TSFA6B5F9D8EEA,0,insertion,annoncent que
TSFE701CD7F9EC,0,insertion,"- Je ne pas pas, dit le marquis en se"
TS86D3C76716D7,0,spacing,"de la Suisse, où récemment l’épizootie"
TS8FE1FDEFF311,0,deletion,"Cabinet den ernstlichen Vorwurf machen, daß es nicht"
TSDAA80C31297E,0,deletion,soll uns ein willkommener Richter sein!
TS6D91E1367D14,1,none,Bezug auf unsere Eisenbahnangelegenheit ihren Sieg über
TS866AD4DE8DA4,0,punctuation,Une partie de l’armée fédérale a quitté Alex-
TS604C9A0218C6,1,none,quent la nécessité de renoncer pour cette
TS4C74ECC83FAE,1,none,un projet de loi portant modification de
TS81412992E2AB,1,none,"ainsi que le procureur, se donnèrent toutes"
TSEB77D2AA9646,1,none,la commune s’associe chaleureusement aux manifes-
TSFC207CEF507D,0,deletion,un nouveau délai pour s’expliquer. Après
TS7490D7869BCC,1,none,schaftlichen Wappen geschmückt und verschiedene
TSF369623BF0A6,0,substitution,"esquiver la discussion sérieuse, quand"
TS276B7AB53704,0,substitution,"candidat de la commission, la preférence sur celui qui pa-"
TS76A0488617B9,0,substitution,"älteren vergrößern ihre Lager, die Journale, die Man⸗"
TS5E1957D7F167,1,none,qu’une
TS9CBF5477250D,1,none,"prêts à dépenser notre dernier centime,"
TS6D5DEEAC3CBF,0,insertion,"dieses Decretes, das für die Geschichte der Regierung"
TSC556CB7251A6,0,insertion,qu’elle avait atteinte en 1856; elle au-
TSEC786CF5D39E,1,none,"steht, und selbst dann keinen Schaden leidet, wenn es längere"
TS17A820ECF181,1,none,"Trank so reichlich versorgt hat, selber ein Bischen zu"
TS6AE4EA803D46,1,none,dieses Votum eine gesetzliche Kraft hat. Diese fehlt
TS293D228433E2,0,insertion,"foi, eût été la condamnation du Wort;"
TSAA742FC20EB4,0,spacing,portés à deux centimes partonne et
TS867EC8CA4CFE,0,substitution,"solche Feste in der genannten Zeit, welche a) so-"
TSBBF8F1B88099,1,none,Fach meines Schreibtisches findest Du ein
TS2C7BFBF9C6C1,1,none,"pure et sans vertu, ou si elle es miraculeuse et"
TSFB90653D1563,0,diacritic,excavation pratiquée sous le maçonnerie en
TS30A94BA6C018,0,insertion,"ungefähr 400 Meilen von Mauritus entfernt war,"
TS19AA8AFCDACD,1,none,de sang.
TSECD36F0AB5AD,0,spacing,Klauseln in Pacht verträgen durch welche der
TS24DC22FC99FB,0,diacritic,"remarquer, par exemple, que, pour un petit"
TS32A236A82A3C,0,substitution,"son camarade d’atelier, il n’avait cédé à"
TS0242E94EC00D,1,none,Fir Gehansdâch mus ên em Ré biéden
TSAB86A0415164,0,insertion,"dans ce programme de la Bosnie. Cette province,"
TSB9E3320139D8,0,insertion,Generals für die eignössische Armee.
TS5507FE3916F1,1,none,"mußt die türkische Armee, vor Wuth knirschend,"
TS2F30421A6694,0,deletion,duc à revenomiquer ses droits.
TS60161FDB92F4,0,deletion,les phénomènes du pouvoir absolue tombé
TS39F9AE0DFADD,0,punctuation,"Er hielt, das Mädchen ganz mit seinem"
TS1907618CD310,0,substitution,La Gazette officielle annonce également
TS0BCBBD79A5B5,0,deletion,"hat er mich bekriegt, mein Herr in die Flucht"
TS84853B013E25,1,none,"dahin zielten, die Regierung"
TS5F0240944AF5,0,substitution,"mentalbegleitung - exclusis vero instrumentis,"
TSB9961F492858,1,none,Die Jagd auf Sumpf⸗ und Zugvögel darf jedoch
TS01B730FE0479,1,none,"est afférente à la Ville, on n’arriverait qu’à"
TS3352DF5F6C01,0,insertion,"keit für eine Sachlage, die für Belgien verhäng⸗"
TSB607AF748AA5,0,deletion,"sagen, se jeta à son ou avec un cri de"
TSD53F13EB1132,0,substitution,clauses et conditions antérieurement arrêtées et
TSF163B56A01F4,0,insertion,„ qui lui sont garantis par les traités et par les actes
TS43DC1FD5A365,0,punctuation,Excesse fehlen jedoch noch Unter den drei-
TSD939A124F116,0,mixed,"moniale piscoporum anführen, Lib. I. Gap."
TS9E5DD81C373B,0,deletion,mäss einem Decrete der Congregation Rituum
TS0EB8F0A0D61C,0,spacing,les régions supérieures où on veille aux intérêts du
TSBE3606CF7180,1,none,valier.
TS644B02E82C9A,1,none,La rédaction.
TS0B512A5A9F67,1,none,"dépendance belge, la cour de Russie aurait"
TSCF9AEC30871B,1,none,um ein so lange verkrümmtes und im Gelenke
TS02BC72163503,0,spacing,"in, in großer Trauer war von ihren Ehrendamen, dem"
TSA58B43BB0D66,0,spacing,"aux besoins du moment), „man würde sich"
TS7F4C577C726B,0,diacritic,"que, pour avoir changé son titre d’amiral en"
TSCACC09061BA8,0,insertion,ihre Hauptverwendung als Futtermittel für die
TS1FF763A2645F,1,none,litique les ordres récemment donnés par le ministre
TSAE52D5ADDB80,1,none,möchten wir lieber auf das Weltleben übertragen
TS3D1C92E2BA17,0,substitution,Nun verbleiben noch die Lesarten:
TS47D3654C430F,1,none,„ Wilwer. 6.12 11.08 8.50 6.29
TSCB159B8F8EB1,1,none,"masse, remplissant, avec les Echternachois, l’es-"
TS59D1C70F29B6,0,mixed,formulerai ainsi „ a-t-ilopportunité de
TS2AAF517C738A,0,insertion,tant ne fera percevoir aucun prix de transport plus
TS1D975AE90EE6,0,insertion,"Mantel umhüllt und hatte sant, wie ein"
TS141A2061AE90,0,insertion,que son capital peut être réduit de moitié sans
TS9847414A094C,1,none,"Witry, tous les députés répondent à l’ap-"
TSDE984E82EB77,0,substitution,"einholte, welche aus deniselben Spaziergauge"
TS9DF09A53FDE8,1,none,"a crü bien faire de céder, de temporiser, et il"
TSFD8B3A63E35C,0,punctuation,derräth Italien fortwährend einen Krieg gegen.
TS502F41B3C7D5,1,none,cette réforme. Le mètre et ses fractions déci-
TSE92BF563BFFA,1,none,"wer, herausschneiden, womit ich 26 Kühe einen Tag lang"
TS1D332E9F36B9,1,none,"1 Kälbin, 1 Ziege Futter und Stroh, theils"
TS8C90F5575D4B,1,none,"Marchal, fondeur de „l’Inflexble“ -"
TS4A2C8BBFCF72,1,none,"comme nous. Faisons tous nos efforts, cha-"
TS82E5850F769F,0,diacritic,couvrement des droits de transit.
TS814513863A4D,0,insertion,"précations de débiteurs insolables; mais jusque-là, il"
TS72350238E2FE,1,none,welche den Alten gewaltig erbauten. Beim ersten Schlag
TSD11044C6FA37,0,substitution,"DEMANDER, huissier."
TSFE4858651E05,0,spacing,"ster Ländereien, die Umwandlung schlechter"
TS7083B8FD4FF4,1,none,sur les affaires indiquées ci-dessous:
TS2B8EBD8BFE98,0,spacing,"Hélène, combien près j’ai été de com-"
TSEEAFCD35D3F9,1,none,Boden ziehen.
TS7DE4D33D63AD,0,deletion,solution de la question la plus grave parmi toutes
TS7D3614E4F87B,0,insertion,"son charbon, irait de nouveau rejoindre l’amem-"
TS109591B406BB,0,substitution,sonnigen Bergen und gewürzigen Weinen; hieran
TSCFE9C0F41330,0,diacritic,est accordée à un Luxembourgeois de réputation
TS457EA3EA1B59,0,mixed,suite on ne sait u.
TS279D2DB4282F,1,none,sition de l’Assemblée.
TS72B5E394CAB3,0,spacing,sundheit der Aufenthalt bis zum Eintritre
TSA5DD6B5AB78D,1,none,paraît pas sans intérêt de définir et de ppréciser.
TSF6D5EBAD2486,0,substitution,Il a été bientôt rejoint par ses deux oncles.
TS2D96E1FB672E,1,none,Grevenmacher: 5 id. .„ 720
TS0D647AD77678,1,none,Franz.⸗Österr. E.⸗A. 341 G.
TS1690DEF74CE1,0,substitution,me guident dans mon jugement:
TS1ABC78346CCD,0,deletion,"nicht beabsichtige, daß sie nicht nur provincielle,"
TS7F072D3CE1C2,0,substitution,le livre de M. Le Berquier des renseigne-
TSD9B04A812C69,1,none,dürften die auf dem Messplatze etablirt gewesenen Wirthe
TSB8E1AE2F9591,1,none,et ou a vu des hommes placés à la tête des
TSB556CE76A11D,1,none,"La mère sortit,"
TSB4973BF1AF0E,0,insertion,rath der Stadt Luxemburg eine Abänderung des Reglements vom 10. October
TSF7BC583CA66B,0,substitution,"10,200 lits, ont 9,005 malades à digner."
TSFABE3F94E594,0,mixed,"neuf, a été clôture provisoirent"
TS1062F62DE3DC,0,mixed,à peine huit cents se sont éckappés; tout le matériel
TSD292956B073F,0,punctuation,"dire à un ami qui était à ses cotés, qu’il estimait heu-"
TS37F829A3DEBC,0,punctuation,"Les journaux, nous annoncent la mort de"
TS0C1196F5E14B,1,none,d’explications. On prétend qu’il a en quelque sorte
TSEA273A31EFFF,0,substitution,M. N. Metz. Le classement est arrêté.
TS4AC12D099708,0,deletion,"vincial⸗Correspondenz, welche im Ministerium"
TSC5E512FE0A22,0,insertion,„Man will das Ministerium stürzen!“ Frere Orban
TS2D47B5AB6133,0,spacing,„Dir wèrft iéch op den Dâch
TS589589465AC9,0,spacing,tude et les applications des forces de la nature.
TS99C1F154B0C1,1,none,être interprétée comme tendant à fixer la supré-
TS2B23013E4EDA,0,substitution,"Beurre, le kilo, fl. 1-24 à 1-36. - Pommes de"
TS0F155525B56C,0,deletion,"ritoire de l’autre Etat, aucun des deux Etats contrac-"
TS2D56D0A25597,0,deletion,"1855) bringt eine ähnliche Lesart, jedoch bei „ex"
TS5243E0BF89A3,1,none,qui ont été soumises au Conseil d’Etat et
TS690FC82FD924,1,none,"nicht, da an betreffender Stelle Blätter fehlen In"
TSAE103FA45C7B,0,spacing,Voyez s’épanouir les tulipes ardentes;
TS4CB206C45B42,0,substitution,"plus pouvoir être prévenue, voilà les commer-"
TS5CDD200085AF,0,deletion,null und nichtig sein.
TS887435A92111,0,punctuation,le décret de clôture de la session parle-
TSFFE89184099C,1,none,florissant au temps jadis d’une des plus belles ba-
TS52C40EFA1C53,0,substitution,"Zweite Abtheilung. - 1. Preis, Anton Wei-"
TS9D12AD7AE34C,1,none,tionale.“
TS574A771D7661,0,spacing,On attend ici avec une certaine impatience
TS596B12AC80EC,0,insertion,plange.
TS5F957455BED0,1,none,"Pompiers⸗Corps der Vorstadt Clausen, Hrn. Peter"
TSCE7BAD8CE537,0,insertion,"Candidat, zum Gerichtsvollzieher bei besagtem Bezirks⸗"
TSB369222865CF,0,punctuation,vorgelegt worden. Danach wird das Her⸗
TS360DD79FFEBE,0,diacritic,"französische oder belgische Unterthanen zu werden, so"
TS802F475C7C71,0,punctuation,Nach dem Liverpol Albion dürfte es wieder zu einer
TSA2CA593DB293,1,none,"voisin, ou d’autres personnes connaissant"
TSF648914AD7A7,1,none,des Débats:
TS87E51D68CEC3,0,substitution,Zeit ausgeführten Riesenarbeiten berichten. König und
TS13FAF52907BD,0,spacing,"Salut, ô cher printemps ramenant l’espérance,"
TSFB5DDCF1D0E3,0,spacing,On lit dans le Journal des Débats:
TS52D1EDC857D1,0,spacing,mich an das wohl bekannte
TS92CEA0649C15,0,spacing,"projet, il n’en est pas moins certain qu’aucune méprise"
TS18A7916C8EC9,1,none,"rier en pleurant, c’est bien bête de ma part, mais j’ac-"
TSF08DC0CD41A0,0,deletion,"kräftige Waare mit ca. 37 Thlr., Deutsch⸗Brandsohlle⸗"
TSE8133A65141E,1,none,"800/0 in Partien p. 100 Qrt. 17 3/10 T. B., - bz."
TS06D9F9BAF5AB,0,substitution,"Salon einzutreten,,? - „Recht gerne“. Er tritt ein. Einen Augenblick"
TS11E43D03EDD1,1,none,tre l’assuré dant les bâtiments communiqueraient
TS6AED66EB809E,1,none,et du service des affaires étrangères. Mais l’hono-
TS6EB03AF6B615,1,none,particeule flamboyait devant leur nom; elle
TSACFE6BB2AB94,1,none,"en Russie, en Chine, aux Indes,"
TS5AE75A734F6F,1,none,naire.
TSE4F100EFF31A,1,none,tion que je le fais aujourd’hui.
TS181631079F39,0,deletion,2000 Mann und neuen Kamonen auf Seiten der Bun⸗
TSEBF74E046A24,0,substitution,In de Capital „Immobiliarwerth“ gibt
TS90B96FB0B8C8,0,spacing,ULVELING.
TSD34BAC8C5481,1,none,par le P. Passaglia.
TS2CE85B4A9678,0,mixed,plusieurs habitants de Kirchberg remarqu-
TSCD01A3C4C85A,0,substitution,plaira; c’était un coup prémédité! pourvu qu’il porte! et
TS839F0AE8D03B,1,none,verschaft“? - Der nicht wenig erstaunte Almosenspender bringt sein
TSA61073F73C86,1,none,même système dans lequel se trouvait la
TSB5BA73D1ECAE,0,deletion,tant sera constatée suivant la législation du pays au-
TS3D67F0FFA664,0,deletion,"- Ah! mon gaillard! reprit-il, tu pas tenu bon...."
TS868D4744B1E5,1,none,"Stimme, aber sie blieb unbeweglech stehen,"
TS06D2D718C6A4,1,none,en 22 minutes ce moule était rempli. Legéant
TSAFF74F4F93F7,0,substitution,en était sortie. Ainsi se termina cet incident
TS02CECB503106,0,substitution,incidents cachés qui ont changé la direction
TSC6B09FB0C072,0,punctuation,"der un secours à Mathieu compagnie aussi, c’est qu’entre"
TS083F67C3DDA2,0,deletion,"seitigen Kenntnissen, in diesem Augenblick schwer zu er⸗"
TSD8B60441A8E7,0,insertion,"Eh bien, je demande pour les Romains ces"
TSC70B28B95857,0,substitution,"mais l’insurrection, quoique diminuée, était"
TSA579E8B93B23,0,insertion,"und das Pferd wurde beinahe so zahm, wie mein"
TS45E02D83F871,1,none,Und der mich zwang zu schauen
TSB974D98430A4,0,substitution,mais le vigoureux coup de sifflet du spectateur
TSF410D8F9B4B1,0,insertion,"Il paraît, en parlant d’armes, qu’on a mis"
TS71A38B40DE44,1,none,ne sont pas étrangers à se détermination; quant
TS7EFD51ED829E,0,diacritic,"Entschluß fassen wurde, die Unverletzlichkeit dieses Prin⸗"
TS45911DFACDCC,0,substitution,rapports de la Suisse avec la Sardaigne sont
TS74BF3CFF4B83,1,none,„dront oui.“
TS2BB65FC068B5,0,mixed,"dcut, Namens Oscar Becker, ans dessa ge»"
TS5BD0976F81CA,0,substitution,mont. Bientôt il entendit un cri d’alarme.
TS6F8BA893F59B,0,substitution,tions est effrayante dans le nord de la Chine
TSA5C8151864DE,1,none,Au moment où la lutte fanlante semble ne
TSD51EDBB40654,0,substitution,zurichten.
TS57E67697E9E2,1,none,Obiges Schreiben ist uns nonym zugegangen.
TS6E9D16847533,0,substitution,"Directeur-général de l’Intérieur, chargé provi-"
TS92E72F7F1858,0,deletion,damit dans un sombre silence. Elle songeait au motif de ce
TS0E422E0B0960,0,substitution,"gelben Tauben eines Herrn Wicking, welche einen rosenfar⸗"
TS66E2149ACACA,0,spacing,pas assisté hier au conseil des ministres.
TSA55A12653B2D,1,none,Par exploit de l’huissier Metzler de Luxem-
TSF5FBEF352DB4,1,none,Majesté la reine que Dieu garde) a daigné mettre
TSB1DA554CCA0D,1,none,starres Bild der grenzenlosesten Verzweiflung.
TSC24C367B7240,0,diacritic,"«Här Müllendorff dir schreift de Bréf hei of, an dir scheckt"
TSA037B7FE3474,0,substitution,insensés pour dégager ses membres. Tan-
TS6F079EF176A5,1,none,Verlag von A Mayer in Fulda. Preis per Heft 12
TS76323D244DE6,1,none,vrante.
TSF085A0D11CC2,0,substitution,»En reconnaissant la grande influence
TS428BA99635DA,1,none,des 2. December hat zu Theil werden lassen. Dieser
TSEE8776B6B388,0,substitution,L’équipage est logé dans les habitations des paysans.
TSB58099FDA422,0,insertion,ments multipliés de la journée d’hier ainsi
TS41199520FF75,0,substitution,"Le mal est fait, mais il n’est pas sans remède:"
TS253C4A608B31,0,mixed,avant-poste du fort . Le canon du fort a contraint
TS153E5CCC0DEC,1,none,"an, nunmehr endlich die gebührende Losung dieser"
TS34B6A14ADB60,0,punctuation,assiégeants sur la route d’Arlon et au-
TS3D8243E95AB9,0,substitution,"et pour ceux-la, il ne vant pas la peine de priver d’un"
TS2D37E5F36B80,0,punctuation,scheint sich auch wirklich der Winter gebührender Maßen
TS27BD742B343E,1,none,bénévollement le capitaine.
TS7DC191BCFA3D,1,none,"die Ursache der frühen und hohen Geistosreise des Jünglings, in⸗"
TSCBC60D688B36,1,none,allgemein von der Kirche gehalten wer-
TS74D37D56B5A2,1,none,Spiritus loco 29½-5/12.
TS4B39A10910DD,0,deletion,de vous délibérationsa été consacrée à des pro-
TS5EF23A946A9E,1,none,"Mais cela repose sur une simple erreur, et"
TS748F120BD3EF,0,spacing,dem dieser gar nicht vorhanden ist.
TS1B7CDC2D7440,0,deletion,"Schon äbschen, sondern eine Rolle guter Stricke, um"
TS02444CB77FC1,0,deletion,inconvénients. Voici ce document:
TS283BA38908C0,1,none,mystérieux événement.
TSCF7B7ECD871B,1,none,"breitet worden, kamen mehne hundert Personen"
TS38893E4810D1,1,none,Wissens eine solche doch gewiß höchst wich⸗
TS036EB76FDC79,0,substitution,Ansicht den Verzug verdient. In Berlin ist in
TS653EC2948682,0,insertion,"Bastendorf, le 18 mars 1850. Grand-Duché"
TSDE2A73945D89,0,deletion,"den, ist, zu den Verhandlungen zurückzukehren, welche"
TSDDB84A368107,0,spacing,des Medicinal-Collegiums des laufenden Jahres ist
TS8FBAF645B140,0,substitution,- Croyez-vous que je m’en souvienne? A cette heure
TS79DEDA7D1AC2,1,none,"Luxembourg, sur une étendue d’unkilomètre en"
TSFECA5EE94536,0,deletion,Et kemt kê Paf an den Himmel.
TSD118994ECA2C,0,substitution,sondainement conseil des ministres. On ne connaît pas
TSEB6EFBBF9E8E,0,substitution,wirkliche Räthsel läßt sich nur durch eine der
TS170D4FAA5B2E,1,none,„Der in der preußischen Kammer gestellte Antrag
TS2687AB216922,0,deletion,L’auteur de cette réponse quasi officielle croit
TS678BA8131C30,0,deletion,Während die italienischen Aerzte eine große Con⸗
TS50E860F4B333,0,mixed,"Schée Sachem, Herr Redacter, wann een dé Méttelbroûch"
TS21C87B670D57,1,none,les fabricants et les ouvriers recouvrent
TSC1836E297241,0,deletion,"prostration. Eh bien! tètes couronnées, en hatten-"
TS00ACF5F5B175,1,none,défigurés.
TS84DB85E28B83,0,insertion,bravement rempli leur devoir. Usant de l’autorisation
TS70C12C4A7DF9,0,substitution,aber nach einmüthiger Losung ihre Candidaten-Listen
TS3666DFB606B9,0,substitution,"freund“, je les approuve dans leurs points les plus"
TSF73DD8B183FE,0,substitution,aus der Mosel gezogen. Der Unglückliche scheint
TS4DFEEA4536EC,0,substitution,in einem Actenstücke niedergelegter Vorschlag aber
TSB4C24E97D9F5,0,insertion,des halben oder vollendeten Verfalles an
TS628C2444A51C,0,punctuation,des volontaires doivent être adressées aux.
TSB8970C684E34,1,none,"de confiance, exfirpé aux enfants de Saint-Etienne"
TSCA22868B14E3,0,spacing,ses-là.
TSBB030C361185,0,diacritic,keins der vorgelegten Manuscripte den durch oben⸗
TS0BC971BEC28F,0,substitution,mois sur les événements.
TS52A673799ED8,1,none,solllet?“
TSB606E658B329,0,punctuation,sur vous pour vous donner du courage et calmer
TSDA4764850B15,0,diacritic,Classiker. An unsern Anstalten studiren wir
TSC3E39C12FEE3,0,substitution,"sind, um eine ernsthafte Belagerung zu rechtfer⸗"
TS3FA04088E059,0,substitution,"plus athée, la plus soumise et la"
TS82D10E3914AC,0,deletion,werden alljährlich bei Eröffnung der Session eine
TS8C56752376E6,0,punctuation,nur die obligaten Mittheilungen über die Harmlosig⸗
TS849F96077B36,1,none,"Die Cölner, Trierer und Münsterschen Chor-"
TS9131E6C2BDE3,0,punctuation,Etienne se précipita sur Maurevel.
TSCDE4D2169C99,0,punctuation,Die Anhänglichkeit an das Haus unsrer
TS54534570A39D,0,substitution,weiß recht gut den Weizen von der Spreu zu unterscheiden und zu
TS489D5B7BA45D,0,punctuation,"„Les libres institutions de la Belgique, ont été"
TSB0CB1CDF70DB,1,none,starken an gewissen Punkten concentrirten Gefälle wegen
TS9F206DF99C71,0,substitution,"celui de général, sans s’être assuré préala-"
TS4EAB7BC0BF47,1,none,"la popularité personnelle du premier ministre, et"
TS46ABA049061A,0,substitution,tris. - Suscipe deprecationen nostrram ad Mariæ
TS855E79C5AC61,1,none,"Adventssonntagen so an den Festen Epiphania,"
TS6415178308D2,0,substitution,minister auf die Interpellation wegen Errich⸗
TSC67EDA729015,1,none,"zu welcher Zeit jedoch, nämlich am dritten"
TS2D3F8E1B5716,1,none,"klebt, um so den Thieren da günstigste Aus⸗"
TSFF4497E74D26,0,substitution,"Der erste ist vierstimmig, nämlich 2 Sopr.,"
TSB1C1D4B2E1FE,0,deletion,"werden. Der Verkehr des Landes, wenn auch noch"
TSE139CD84D80D,0,deletion,"rassurantes, l’ordre se rétablit."
TS79CE0B7C762F,0,substitution,"nach net lâng, du wär en ne St. Péteschburech gewièscht fir de Keeser"
TSC645E0E43154,0,insertion,ment. Une commission de logement s’occupe
TSB4FA0D18E869,0,punctuation,"le mendiant à demi, voix"
TSC71ABD46330B,1,none,"Beurre, le ½ kilog., fr. 1-14."
TS4318D540AD0F,1,none,aber von derselben durch ihre convulsivischen Bewe⸗
TSFC2674100F1B,1,none,Oldesloë. On craint un conflit avec les Da-
TS5ADD8C7213C9,0,punctuation,"dem jus can noch eine Stelle angeben, wie sie"
TSECD8905EBC3D,0,deletion,"einen Conscribir ien wohl 40,000, wie in der"
TS5C41F3D33D49,0,mixed,"Der gute Abbe besaß dreihundert Louis, die un in"
TS776D90CBF1E7,1,none,On lit dans le Moniteur:
TSCD383F7E6E0D,1,none,"incendiaire dans ses mars, elle a"
TSB4F38181995C,1,none,eine grammatisch kurze Silbe in der Musik lang
TS330FA65B0A8A,0,substitution,"Rommeln in tiefen und thonigen Boden, Möhren"
TSC0241EC3DB2C,0,insertion,"Marschall Canrobert nach Rom übertragen werden solle,"
TSD58E1043E8A4,0,spacing,"Anliegen vor. - „Das ist möglich, mein Herr“, erwiederte der"
TS68AC0F4E890A,0,spacing,L’exécution de la loi est plus odieuse encore que difficile.
TS18F204B23976,0,deletion,Herrn Metz die gestellten Frage machen. Es ist doch
TS7EC1B043F47C,1,none,"cherage; 4e Kneip Nic., de Diekirch; 5e Schrœder"
TS162D86630317,0,spacing,- Oh! nourrice! ma bonne nourrice!... Ed-
TS89A5ABE430F6,1,none,"lange Silben kurz, und kurze lang zu behandeln."
TS54C72B269D37,1,none,"Alle Polizeilichen⸗Nachsuchungen, den Thäter zu ermitteln,"
TS6684FF6E8151,0,insertion,"L’Empereur, dont l’état de sonté est"
TS5A200C4F7945,0,spacing,zubringen Die Königin war eben mit Prinz Albert
TS2D0DD3488795,0,diacritic,"„a MM les députes, mais d’une manière exacte et"
TS46BA54509E53,0,substitution,höhern Lagen und beim Vortrage von weniger
TS95F2C4C04A36,0,punctuation,Theilen Syriens aber war die Lage noch immer.
TS85AF593ACBF4,1,none,"selbst gibt in seinem Inhaltsverzeichniß die Quellen an, woraus"
TS334D794E0DF3,1,none,d’établir sur lez lieux d’exploitation mêmes une
TS9448850BC3C5,1,none,leur taillle
TS27324E9C0ED7,1,none,petit revolver dont il a tourné le canon contre M.
TSFFA2CED8D8C1,0,insertion,"reichen Dame verheirathete, die jedoch nur eine einfache"
TSDB7BA3DB7DE9,0,substitution,"- J’y penserai, dit le coroner en entrant dans la mai-"
TS0D94A2D69971,1,none,"wenn ihr sie annehmet, nur dazu führen können,"
TS96A8AFB0918D,0,insertion,Le gouvernement a déployé dans la con-
TSCEDDB086C759,0,insertion,"tout à coup d’un flot de farouche éloquence,"
TSDEB6D5ED2423,0,insertion,"von neuem mit concurriren, ohne Rücksicht auf den"
TS121447233005,1,none,jetzigen Umständen nicht mehr existiren könne
TS0AC56763C962,1,none,"Die Sancho Pansa’s jeder Zeit,"
TS7B26D1B4D5E4,0,substitution,"onsgeneral. In April 1798 war er als Gesandter in Wien, wur⸗"
TSD82FC01D4FF5,0,mixed,"Paris, 15 avril."
TS6E33E4BB0FAE,0,substitution,"mauvais; cela lui est égal, en un mot. Je"
TS0DC4EDB3E84E,0,substitution,"zum Gesetz zu erheben, sondern den Zeitereignissen"
TS460CA439A7C0,0,substitution,avoir dans l’accomplissement de conven-
TS2D179C544851,0,mixed,"rene Mann, dèn neischt son darf."
TSAAA4C16B99CB,0,substitution,"ander aus getrennten Feldlagern, d. h. Wahl⸗Asso⸗"
TSA0131EE32EA8,0,punctuation,voiture semblait nager dans une mer de lumière
TS72A9CDE7299D,1,none,"les sujets du sultan de Dahomey pour en faire présent, à"
TS48DC02C642C8,0,deletion,truction. Il le prit à part.
TS0D30B10B113A,0,punctuation,wird mit zunehmender Tiefe immer beträchtlicher gegenwäär⸗
TS5AE06684D18A,0,spacing,dennoch zum Anhänger des Heilandes. Er schreibt:
TSD2E086A90AC2,0,deletion,"Als sie oben auf zwei Steinblicke sanken, zu wohl⸗"
TSFBA0ACB38AC3,1,none,auf den ersten Blick vollig bestätigt finden. Man
TSAA78238073BC,1,none,"au sujet du kasnadar, qui exerçait toujours"
TS0E12B03E9099,1,none,"s’est toujours réservé le dernier mot, et"
TS3AE89B294C01,1,none,"aufrecht zu erhalten, so wie die Verlegen⸗"
TSF25A63482D3B,1,none,zweien andern Gloria steht hinter: „Domine Fili
TS2136FDFD69A6,1,none,einem Stück Holz hielt er sich mehrere Tage in See
TS847BFBB816A3,1,none,second étage et s’est cassé la jambe si mal-
TSF8D5C7247CEE,0,punctuation,"Eriiwer goh’n,"
TS994B25D1B05E,1,none,spränge.
TS6ADE3AD96A48,0,substitution,peuples en seraient singulièrement attristés
TSDCE80AF6DEC6,1,none,"Comme il arrive toujours, la saisie de la"
TS23C0AF4ECCBB,0,punctuation,Harmonisirung leicht und zwar sicherer als aus
TSC53716A568CC,0,spacing,Schlaf seines Alters.
TS267AF866ED74,0,substitution,tenir leurs parents et à gagner le pain néces-
TS49ECA2EDB7FF,0,substitution,fin à une scène d’attendrissement qui se
TSD0D049F24D80,0,substitution,"Stellungen auf dem linken Flügel vertrieben hatten,"
TS1F02B9D0030E,0,insertion,"hinein, und La Grue schlug seinen Mantel ein wenig"
TSF520336F3AA2,0,spacing,werden. Es können Ehrenmeldungen zu erkannt
TSE61274193697,1,none,florins par an. mais dans le cas où le père du
TSCCBF99D46724,0,substitution,"Berlin, 11 Juni."
TSE80F7C5EDA54,0,insertion,Einlaßkarten zur Promenade auf dem innern Glais
TS17E1C0391AE8,0,deletion,et aufe beizuwohnen.
TSB83C5FEEAC91,0,mixed,"eine Versammlung der Gemeindewähler Luxemburg,"
TSCB645D9A37F1,0,deletion,a été forcée de se retirer. Nos pertes s’élèvent
TSB0955F150BC1,1,none,"einzigen Note, von einer kleinen Verschiebung"
TS1910C91F9A22,1,none,"von Mexico“ (Leipzig, bei F. A. Brockhaus)"
TS000F87C91513,0,insertion,"au Conseil de Gouvernement Gellé, se rendre en corps"
TS046B09941D4B,0,substitution,Präs.: Was war es denn? - Zeuge: Ein
TS1F8C91CC4E54,0,deletion,nous de la Hollande et de la Pruse.
TSDD068C27EB8F,1,none,horrenden Preisen vermiethen zu können. Hier bildet
TS1AF9155A6D27,0,deletion,"Ãm Himmel stêt,"
TSFCD8D566C7A1,0,punctuation,"judice aux intérêts du grand-duché, elle"
TSC4126BF1B3B3,1,none,"Ldwig Wolff, Abdecker."
TS0D38BA47F2D3,1,none,dérable et fructueuse; industrie exceptionnelle qui
TS79E2731A0BCD,1,none,Die Botschaft berührt dann zuerst die Oregon⸗
TSA615814EC527,1,none,"a plusieurs communes, c’est constaté dans"
TS490A4936B2AF,1,none,portance dans une des colonies.
TS296D3366003B,0,punctuation,tous les
TS8BC890AD5859,0,mixed,"fünf Personen an Zahl uns verspätet, und"
TS87251472A463,0,insertion,"dorisio Pernanelli in Rom, der uns angeblich"
TSDD024748AEDA,0,insertion,"Gotha, M. Mellmann, s’est refusé à prêter le ser-"
TS4A6EFCB073C1,1,none,sich in Jasmins Lehntuhl und vertrieb sich einstweilen
TSAA7E549981FC,1,none,"Au cens de 30 fr., nous n’avons que 3851"
TSF7240D6A254B,1,none,"der Nase, las er in einem kleinen Büchlein, welches"
TS315E5604140E,1,none,"avec qui Pierre était en marché, et qui"
TS337BD3B257D7,0,deletion,"pert cantonal, il y a répondu d’une manière"
TSDD93C3B042A6,1,none,"qu’il fallait au moins, 55 députés à la Chambre"
TS26FBEEF85610,0,diacritic,La ont été retrouves sept cadavres; leur
TS9308830423DC,1,none,obligée de revenir sur cette mesure et en
TSC6130C87B18F,0,substitution,in Ersetzung des Hrn. Gras am 9. d. Mts. zu Esch
TSC96AF776FB97,1,none,vant.
TSC8DB51C86B3B,1,none,les mêmes
TSDB7DDD083F21,0,insertion,An die Bewohner von Straßburg. Beunruhigende
TSA569EF1A435D,0,punctuation,"jet direct de Paris à Bordeaux, il ne peut"
TS854454F695BD,0,insertion,nen nur zu getreuen Bundesgenossen.
TS376C674B0AFC,0,deletion,beschließt den Bau einer Straße von Geißmühl (Col⸗
TS81D6F2E6B612,0,punctuation,"du dix-sept juillet 1872, il résulte"
TS1D1D0F16023D,1,none,sur la demande de la partie lésée.
TSC95C0CA081EF,0,substitution,das sonst die Auflösung aller gesetzlichen Ordnung herbeifüh⸗
TS6489FA7202A2,0,deletion,"„Mesdas mes,"
TS3A91ABF066A2,0,substitution,«II faut qu’on homme meure pour le salut
TS2AB22A1D49B9,0,diacritic,1. Vom zurückgelegten Kilometer bezieht
TS11249937B1E0,1,none,"besten, wenn wir den ehrwürdigen, kernhaf-"
TS2358115BAA37,0,punctuation,Ce serait là un événement très-grave. Les
TSE4A19D52EDDA,0,insertion,"a x flots sanglents, voilà le symble de la"
TS01EE804558E4,1,none,Das Vilchen weckt das Vöglein traut;
TS8F91F25BE4DC,1,none,s’est arrêtée hier au deuxième paragraphe du
TS5803BC3D5EF2,0,substitution,roi et pour toute l’Angleterre; et que lorsque vous
TS0542099EBFDB,1,none,La Correspondance provinciale (orane
TSC5A0F0152F45,0,punctuation,nes aus Belgien kommenden Personenzuges her⸗
TS0AA67F965AB9,1,none,verschlimmert denn eine etwaige Erhöhung der Ge⸗
TSBB8EF745D6A5,1,none,"maler Harrison Weir, außer zahlreichen Preisen, drei silberne"
TS370335B2A665,0,insertion,"rines militaires de toutes les nations, à l’exception des"
TSA31D2B1DD7AD,0,insertion,sahen. Kann man nun aber die Richtigkeit
TS533B00BCF475,0,punctuation,"Witry, notaire ré-"
TS02682DCA5E44,1,none,se produire achevant ainsi la ruine de tout
TSB053C51C99E1,0,substitution,"suprême effort, lange un appel désespéré."
TS46AF57A2338B,0,punctuation,seinem Leben vergessen wird.! Nun sprach der Hr.
TS67D8F5D5DFD8,1,none,Nord⸗Linie
TS0F608136C909,0,insertion,une sinesse du geôlier.
TS0826FF6E659E,1,none,"sous la protection de l’Allemagne, leur indé-"
TS90545B5D21B0,0,deletion,von Echternach zum Vice⸗Präsidenten der Kammer erwählt
TS5F5E3B1701D6,0,diacritic,quelque fois de votre confiance et qui
TS02FA4433EB5B,0,substitution,des faits purement administratifs.
TS0E8A5E82B53A,0,insertion,"la force, il s’est donné gain de cause; aux"
TSEB1B54157621,1,none,"Naples, qui, déserte encore, regrette ses"
TS7ED9A66ECBB0,1,none,convoqué une assemblée extraordinaire pour
TS2792726EC086,1,none,mation que l’Assemblée avait accordé l’année
TSD833FE27555B,1,none,"nen, daß es nicht mehr „die Machtstellung des per-"
TS930E7A3D6A06,0,substitution,pée d’une idé sondaine.
TS8AB69C226077,1,none,vaux qu’il avaient commencés. Ensuite
TS577D50570688,0,deletion,que l’on dit avoir été communiqué au cabinet de
TSE5E708945D59,1,none,longuement de ces ouvrages au moment de
TS25A202206064,1,none,"riere, die ihm das Gesetz zieht, morsch und unhalt⸗"
TS247EA8DFADEA,1,none,un médecin. M. Pomeroy était mort.
TS5E8332CB80AD,0,deletion,tractés avec nous et s’ouvre progressive-
TS8AC555F3907A,0,deletion,"ist das so ein Namen, den man den Pferden gibt."
TS24CC34C7F2C2,1,none,"nicht billig wäre,“ fuhr er fort, „daß ich,"
TS2869B58E0A88,1,none,"époux, est heureux de Vous voir à ses côtés, il"
TS7E0C5353B347,1,none,tutions publiques; et qu’il consacrerait volonutiers
TSF4D26C5FE74A,1,none,"6. Storch Herman, alt 3 Monate. - 28."
TS16EF259B8749,0,diacritic,lebensgefährlich. Einen gemeinen Bergmann hinab⸗
TS86F24BEA108E,1,none,"kirche ohngefähr 6 Fr. kostet, während dont Alles,"
TS0729BAB3F337,1,none,"- C’est le secréétaire intime de Thomas Becket,"
TS7C7066E7E9B7,0,substitution,blicken wir dagegen das in Empfindungen und
TS1FB0E011694D,0,diacritic,Wort hie durch „Thierquäler“) mit einer
TS29F2F50912D4,1,none,"torale, les députés de 10 et ceux de30"
TSFADE2A8D784B,1,none,Eminenz-Preise für die Gymnasial Schüler und
TS997345A17044,0,punctuation,recevoir... il faut agir avecprudence et résignation..
TSB1D6DD70097C,0,spacing,"aber noch kein Blut, so wird der Schwanz so"
TS826B5921E5AA,0,substitution,Boudeno ont fait de même Cette suite précipitée a été
TS077517816CD0,1,none,"En général, ces honorables industriels sa-"
TS7465B745CECD,0,mixed,"„l’autonne, de la jeunesse, de l’âge d’homme, vaguement"
TS6A9FE6DEEA53,1,none,"ainsi qu’on l’avait prévu, une réaction en baisse"
TS22F79D18A0F2,0,spacing,"éclairer l’affaire, sans lier les parties; il en résulte"
TSC85EDA728D9B,0,substitution,mandera la mise à exécution du plan que
TS7A0C9479BE64,1,none,par des particuliers.
TS711D32E76528,1,none,de perdrix. «Voilà le dentiste!» s’écrie un effrayé.
TS6FB2B036B6A4,0,insertion,présent possélés par le saisissant à
TS9F025BE84014,1,none,nombre a San-Luis-de-la-Paz.
TS98AED72658E4,0,mixed,tantes réclament la prompte convocation
TSA69A48380F73,0,deletion,15. und 16. Jahrhundert sammt und sonders ohne
TS01EC37F622B2,1,none,"„nlère que, dans l’espèce, le collège médical a rempli"
TS5DBF697ECE1F,0,deletion,Instituts zur Veröffentlichung.
TSD9C8E1A1E268,0,substitution,"de Vorsovie, le 29 dans l’après-midi „Un"
TSCDCB558865D4,0,deletion,"dasjenige wieder aufenehmen, was die Alten a b-"
TSE5053FC0E8CC,1,none,der Kaiser bei Fortdauer des Krieges den Oberbefehl
TS2F5F32DEB7D9,1,none,auslaufenden Abfindung mit Italien hören. Was
TS3A0B6E43916A,0,substitution,entreprise est la plus glorieuse et la plus té-
TS8C8C59BF4681,0,diacritic,pourvoi devant le comité du contentieux du Con-
TS37947570EFE6,1,none,Royales qu’Elles saluèrent à leur passage
TS2CB38E4DE703,0,punctuation,peut être libéral en admettant un cens de
TS9AB04B2897E3,1,none,"mède, et passer ainsi en revue le princi-"
TSD4B365BC6DDE,1,none,"A cette époque, la construction d’un chemin de fer"
TS6330C7EFDD8B,0,substitution,Goezaccabéco.
TS2F142D874DD0,0,insertion,wich l’approuve. Il ne sera officielle ment ac-
TS54C10BC592AE,1,none,"Paris, 81 0/0. - Id. sur Amsteram, 170 0/0. - Id."
TS046D2A84589F,0,substitution,"vegetirt, hat auf die edelste der Geistesthätig⸗"
TSBCA966CE62CF,0,substitution,et partiellement réunies par des ouvriers dis-
TS53F49B43A242,0,deletion,forteresse pût se tenir jusqu’à la loin de
TS55ACF9AC6FFF,1,none,»Le Comité compte sur d’autres adhésions
TSF9EA36F36DFB,0,substitution,Dame die Wahl des bisherigen General⸗Admini⸗
TS4B3C71DCCB61,1,none,"sich dieser ernste Klang unter den Arkaden, dann"
TSCC1EA92F908F,1,none,morgen Abend mit seinem Generastab in Aarau
TS69A19B0051A1,1,none,des Kaisers Franz Joseph in Verona; mit be⸗
TS2860DE1D9806,0,deletion,Rappelons encore un toast porté par M. le pro-
TSFBAC09289343,0,spacing,Krrrrrr-etz!
TS0B03AE36244E,0,deletion,kurzen Anrede des Präsidenten den Eind
TS1C65C0F84797,1,none,"Monarchie, bald zieht ihn die Balancirstange hinab"
TS1B72E17C918B,0,diacritic,"- Alors, pourquoi luttez-vous contre lui depuis"
TS60A3AF3A3C69,1,none,"Ehrenmeldung dem Schüler Victor Servais,"
TSA93666F2C17C,1,none,lich für immer der türkischen Herrschaft unter⸗
TS2ACCAD5E57F4,0,substitution,der nordamerikanische Gesandte in Mexico seinen
TS6DAE0B612A66,0,spacing,Calcutta sur les combats de Cawnpore présentent
TS31BFC15002F6,1,none,und der Justiz wirklich nicht begreifen? Daß
TS7C79EA72FC8C,0,substitution,annales parlementaires du Grand-Duché de Lux-
TS447913CFB9F7,1,none,pourra interdire la circulation dans le Grand-
TS5757DDADDD48,0,diacritic,wohnterr Gute und Herablassung mit verschiedenen Personen und er⸗
TS03957B931F09,1,none,der andere die Wiedereinführ⸗
TSD734B362B7E9,0,substitution,"nous le croyous, ce rapprochement existe, nous dé-"
TS5224C740E672,0,punctuation,"von de Hand des Todes berührt worden. Er starb, in"
TS7FD3D05101A3,1,none,"fait de lui; mais je dois condamner ce choix, lors-"
TS126EFEFC1D5A,0,spacing,"mère, se dit Clopinet; enfin c’est égal, on pourrait"
TS25B780611CF5,1,none,Weiler-la-Tour.
TS65302B3A5EC4,1,none,"souvent, pas parce nous en attendons de gronds biens"
TSE0E848B99A3D,1,none,abstrakte Personifikationen von verschiedenen Lokalitaten unseres Landes.
TS05C99D0F84DB,0,deletion,wird Thyes nur von einigen übertroffen. Hören wir nur
TS2608D8593FAB,1,none,"M. le curé-doyen, à son tour, porta la santé"
TS4DAE420C0122,1,none,"Sein hetzéccht Geblit,"
TSE53B2EC9F809,1,none,"prétexte, pourrait se venger impunément sans qu’il"
TS772E8CED33AC,1,none,de Freiheit hierzu das beste Mittel ist. Wenn auch
TS7BBAA3D7C551,1,none,posa sur la table sa feuille de papier timbré.
TS4D17A5DCB1D8,0,substitution,* Das Comite zum Diekircher Musikfest
TSED15978B3BD8,0,mixed,aussi grande que elle que commettent quelques rotecteurs
TS44A75F4A5466,0,insertion,Die Beantwortung der vom Centralauschuß
TS006FA23391A1,0,insertion,so stellen und formuliren oder aber sich nur auf
TS51B5C50DF403,0,insertion,"tens cum lætitia, dritten pro re aliqua gravi ge-"
TSAA51B63BA921,0,deletion,sement du lac. Le sol y porte aujourd’hui
TS8BA43815CF27,0,diacritic,On nous assure même qu’a ce titre il a joui des son
TS73643BEB1E65,1,none,"La raison d’Etat est, selon nous, cette puissance in-"
TS003A42826615,1,none,"ergehen, - sehr bald werden die großartigen Hoff⸗"
TS005A463B4D47,0,substitution,la discuter avec les Compagnies inté-
TSF78BB73FF141,0,deletion,"Es Schmètzchen (Bés) òne Bârt, èng Zop òne Salz."
TS4F809922B259,1,none,en prix ces jours derniers
TS9F33A2E2CDAD,1,none,les voies de droit:
TS52DBF6DAA980,0,spacing,Ueberzeugung wie wir und doch bleibt er auf
TS7655607C52AE,1,none,"5° haoies indivises, sous 28 dénomminations,"
TSBDD1DA038482,0,insertion,"dem Namen nach abgesetzt, dürfte der Vater doch"
TS3DD18482394C,1,none,gesennt Fra.
TSA809C66706FB,1,none,"celants, les lumières les plus"
TS67A0131ED526,0,substitution,Truhe „leer“ sehe!
TS174FC08E68BC,1,none,schen Sprache stützt; denn diese Kenntniss
TS15EC52327A72,0,mixed,forme. Du jour au lendeman il est
TS42A01668F3E7,0,substitution,"Prozent gefordert, die indirekt der Civilgemeinde zur"
TS34D5CEC4080C,0,punctuation,Werkzeuge Gebrauch machten in die Schlafkammer des
TS8CE443E9D4A7,1,none,principielle Bedeutung für die Stellung Preu⸗
TSD94F87F3F129,1,none,"dem inneren Reichthum der Ideen, Gefühle u."
TSD69D4B352508,1,none,"ces 75 hommes, nommés dans les condi-"
TSE23985CDD6AB,1,none,même temps prouvé à l’Allemagne que nous
TSD85F044E4475,1,none,tificat de tempérance.
TSF8C62DCAA574,0,deletion,"éscht war eso èng deuce, dé róse wéueg noch ènger Ehre-"
TSD49692336477,1,none,"jugendlichen, rothwangigen Muse von kaum zwanzig —Lenzen unsern Beifall"
TSB1070AADF725,1,none,"pflanzt auf der Hald, lauter Vater⸗Abrahamer, und"
TS1C85E1AD105D,1,none,"On écrit de Munich le 11 janvier, à la"
TSDB8375F301E8,0,insertion,"Bei Tisch trafen sie wieder zusammen, der Freiher"
TSDEF1493B75C6,0,spacing,ment ajournée et le voyage projeté du
TS05C71193535A,1,none,"facultés. Telle est, en effet, l’apparence;"
TSE866AA6E48E1,1,none,"und die Schonung des Bürgerblutes überall,"
TS375715D3D6C8,0,punctuation,Wenn unsere Landwirthe nur auf den Gedanken.
TS461E1A0A58FC,0,deletion,"„Und bien geliebt“, war Clotildens schwermüthige"
TSD8A4B6A34066,0,punctuation,disce
TS5BC7D706E645,0,deletion,soumission à approuver.
TSC5F9EDA965F5,0,insertion,"cou, l’autre à la main, une troisième dans les"
TS8BD8CE039857,1,none,In dem benachbarten Dorfe Warken ereignete
TS4C6764CE01E8,0,spacing,"chie, an 130,000 auf die übrigen deutschen Staaten,"
TS58F6EBF01E13,0,deletion,Och du Lêwer! wat de Schlâch!...
TS685F55CAB1F3,0,deletion,"Gouguenheim, rentier, Ostende,"
TSDA0BFF6657EA,0,insertion,"lieu, en qualité de membres forains du Cecilien-"
TSA0F1247CCA0F,0,deletion,Emile avait entendu souvent des plaintes et des im-
TS0DF130BB0CD2,1,none,de mes prairies et que j’ai trouvé cette source
TSE764888C93BB,0,spacing,"von Luxemburg; 4. Preis, Carl Bech, von Gre-"
TSFBC76745F789,0,insertion,leicht ein Soldat der Wache Dich aufspüren.
TS4731F820D20C,0,deletion,"leur vote la vente d’une terre italienne,"
TS6C13F77E06FE,0,deletion,Hamm et Itzig. Cet ouvrage fut bom-
TS0AD3C302D25F,0,substitution,"Offizielle Beschützerin der hochwürdigen Geistlichkeit und Fürsprecherin ihrer intimsten Küchendragener,"
TS804A9B2F4795,0,spacing,de cette tendance la que ceux qui ont une tendance con-
TS6FF3F4C6AF3E,1,none,de concert avec l’Angleterre pour faire
TS58E2D0F401E8,0,substitution,"erschienen sind, hat nun auch einen Ausflug nach"
TSAFCB2DAA3C40,0,deletion,En horre sur même aux chiens.
TS8B21C33F4E14,1,none,"liance entre lui et l’Autriche, pour la com-"
TS6EBA5F03FF15,0,insertion,haben; Oberst Kilpatrick hat vierzehn Meilen der
TS95F77B70D1D9,0,substitution,In diesen wenigen Worten finden wir schon
TS7C55BB02382F,1,none,de toutes leurs forces ou soulèvement na-
TS806B13C967C4,1,none,um 8.35m
TSB056AEBCF257,1,none,tenhaus sich bei seinem Wiederzusammentritte
TS33988AA67200,0,spacing,ter la désignation de l’éditeur ou du libraire com-
TS1C76C054C5D5,0,substitution,"de France en gare de Luxembourg, le sieur"
TS39B218BB3368,1,none,infailliblement venir se retreper.
TS7394A368FFBB,1,none,"Gidwideré wês, wô en de Schong drékt."
TS0CF11BB9EDA1,1,none,"genau wiedergeben, was in dieser Versammlung vor⸗"
TSC878357812DA,0,substitution,"Faucher. Il est bien, très-bien!"
TSADF7F004D639,0,substitution,"jusqu’au moment où des faits, dont je"
TSE38FB3E80885,0,punctuation,leçon dont bien peu de Gouvernements seront
TS29931CAEF54C,0,substitution,"der Mann mit ergrauendem Haupe, das"
TSD13DED641607,1,none,vous. Que nos premières paroles soient: Bienvenus
TSC6CD72E7F530,1,none,l’affaire?
TS005C19117282,0,substitution,térêt généraldontil parle. Une forte convictiondoit se
TS78730FB113C1,0,substitution,fundenen Linienschiffen mit kugelfesten Schiffswänden bout
TS8D0B0CF56F72,1,none,als Gustav Adolph in der Schlacht bei Leipzig siegte.
TS9B3A27368089,0,insertion,"Roman, le mammoum des pièces d’artillerie."
TSA655E131A461,1,none,"taires des fabriques, et peut-être les a-t-elle"
TSB7040D99A2AC,0,substitution,Neapel ist auf Befehl seines Vaters als
TS4AE7288F3219,1,none,"das Gegentheil von allen Jägern, namentlich"
TS4CCC6CA7A307,0,substitution,"der Verfalil bei Hangö, wo Engländer,"
TSD5C29DC19EC0,0,spacing,et lui parlait à mi-voix:
TS0B1EB5DC44B3,0,deletion,"vis-à-vis du maître, a été réduit pour les ma-"
TS4E41EA9B5755,1,none,Wasserbillig nach Echternach ......... 3.15a
TS6DE033A194E4,0,deletion,"- Oui, tu pas raison... nous devons fuir aujour-"
TS2EFE51F7F8AE,1,none,"Jahrelang so steifen und gekrümmten Beines,"
TS0AF765BEE4F1,0,diacritic,l’Afghanistan. Deux frères de l’émir de Caboul
TS3F2A61F7912E,1,none,un jugement décisif
TS7BD2E4F7091E,1,none,spire aucune inquiétude.
TSA068F5D2BCBD,1,none,"urin, le 14 avril."
TSE09AE060F1D1,1,none,"Jahreszeit hereinzubrechen droht, unsicher wird, so wird"
TSCEFF0EEB8819,0,deletion,de man soirée.
TS3DC6739B6FE6,1,none,"beitend, verschüttet wurden: Dumont Ant., Mer⸗"
TS5DD292F971CD,0,substitution,"trange, Contern, Eich, Hesperange, Hollerich, Luxem-"
TSC15F796C0D72,0,substitution,"du jour du 21 novembre,"
TSE1B5A4037A8E,0,spacing,die seit langen Jahren auf bewahrt wurden
TS66943B894665,0,deletion,"mentait encore, mais lentement. La voie"
TSAE29BFD4CBD6,0,mixed,"déficit invitable, et qui pis est, irréparable."
TSA26EDA910D79,0,deletion,qui se fort avec la Chine. Après Shang-
TSB1B731D3B71A,0,deletion,seiner Schüler hören ließ. Auf einem mit band-
TS0B7E92B62BE8,0,insertion,"Notre population, en Pologne, se monte"
TS35823E161FCE,1,none,trente hêtres gissantes dans son bois
TS043EED00946A,0,punctuation,"Arrivé au lieu du rendez-vous, il trouva"
TS2DCB20D8FA5F,1,none,mattin.
TS27A62340D8AC,1,none,Dieser fragte: „Ihr Name?“ - „Eduard Ranzig. - „Ihr
TSF0F454ED200A,1,none,bildete; ihre Macht ist absolut und heute noch so
TSABED414C1D66,1,none,"1) Une maison d’habitation avec grange, écuries"
TS8C22C9B69303,0,insertion,Redingen n. Mersch 5.00m
TSC7B8FD4F79EB,0,substitution,questions qu’il ne fût pas permis de discuter
TSCC6E57F0F502,1,none,"gen gewußt oder über Bord geworfen, denn man hat"
TS8B07301F108E,0,deletion,"Keoilpressen. Dasselbe ist von honiggelber Farben,"
TSAE0401ED54DF,0,substitution,"dem Schweizervolke erzählt, um so feierlich⸗"
TS7BE260806705,0,diacritic,"Herrn Metz nicht zumuthen, mit uns übereinzu⸗"
TS6016D686B35D,1,none,"den Bescheid (das wird man gern glauben), daß"
TS3113DBB5DD33,0,deletion,dessen oder einen Schluck zu trinnken übrig behält. Sie
TS39029D8E03EE,1,none,"Der Theil der Betschaft, welcher die auswär⸗"
TSE7193A98496B,1,none,"votant le cens électeral de 10 francs, ils"
TSEFDADE98B234,1,none,légitimes de la ville.
TS30A6273414EE,0,substitution,"ich aber mit keinem andern zu vergleichen weiß,"
TS6B35DB7D2FD5,0,spacing,"„cune raison, autre que celle de l’intérêt général.”"
TSF5CB462615C6,0,punctuation,comme un devoir de soumettre à la Chambre.
TSB1EB1A7C417D,0,punctuation,"Gegenstand geführt hätten, noch kein Resultat"
TS09262824831E,0,spacing,"coûter la vie, qu’un désir immodéré d’acqué-"
TSF1CF9D0AD243,1,none,Je crois savoir que M. de La Valette
TSC3D0B6EB7815,0,substitution,endlich die gefragte Summe zusammen. Man hatte
TS823E7656F703,0,insertion,"avant de la ville, on voit enfin déboucher les bril-"
TS3C59B4012E0A,1,none,elle les bons livres qui traitent de cette science. Il ne
TS73CD77831D18,1,none,"bourg plus voisin de Santa-Maria Lovena, qui"
TSF98854330020,0,substitution,wöhnliche Verbesserung und sehen beim alten bil⸗
TS7CC3A334D3B4,0,punctuation,dis rien des intermédiaires industriels purs pour
TSBCB21BF1313C,0,deletion,je retrouverai mon tenant.
TS77DA00216A4A,0,insertion,Von tiefem Gram und Leid.
TS4FA3316C2F54,1,none,"Herr Redacter,"
TS689841054777,0,mixed,des mainsabyectes éclosent comme des
TS15900BEC2A1F,0,spacing,"erstens sind diese Meister keine Liturgiker, und"
TS9A92EDD3B6A9,1,none,"prit-il en s’inclinant, je vais la faire prévenir."
TSD87D254AA93D,0,insertion,"vermocht, seine Entwürfe zu begünstigen. Ich"
TSEA75247A6767,0,insertion,vous pas que vous effrayez mes filles?
TS5C478D85C78B,0,substitution,la catholicité aura perdu la protection du
TSC1FF593F2661,0,insertion,qu’il a bien voulu me donner - parce qu’ils sont
TS97BA9249FF3F,0,mixed,"der ses du mir d’Nièm vun dène Leiden, dé d’Indé-"
TSC60FAFA2A668,1,none,Statt. Die HH. Heinrich Van⸗
TS9D6607CAC6B0,0,insertion,"Ulflingen, 14. Oct. Der Heizer Crick aus"
TS2875E3F84E53,1,none,"dit délai, ils seront forclos et"
TSF1F8A37967E0,0,substitution,A mort les incendiaires! Le devoir
TSE43027CA52C2,1,none,principalement les cabréristes. La Voix de la
TSB45417CB636B,1,none,diese Erfindung des Teufels von der Vormundschaft der Kirche zu befreien.
TSD4C780CDE9F2,0,spacing,"der Aufgabe nicht versagen, das Geschaffene zu be⸗"
TSE1D117101573,1,none,Fällen keine Verweisung auf die 5. Antiphon der
TS2FFAD7203B72,0,substitution,"in einem prachtvollen Brautkleide, überreicht. Das"
TS62467116BFB9,0,insertion,"neutralisation de la mer Noire, l’abolition de son"
TS0034BCDDB973,1,none,"men, welche bei dem Vortrage des Choralge-"
TS904A63475501,0,insertion,"Art Frisur, wie sie der alte Fritz trug. Oben"
TSAE0AB43FBBFF,0,substitution,Il nous paraît que l’omnipotence de la Chambre
TS648DB5C4F136,0,substitution,der Virtuose mit nassem Finger mehr oder we⸗
TS749AA09A8059,1,none,n’a exécuté un retraite. Les troupes autrichienes a
TS282BE7448724,1,none,nahestehende Personen legten die Depesche ebenfalls
TS3D2A6B563249,0,punctuation,in seiner «Reformations und
TS52F5C1C198F8,1,none,paysans napolitains de passerle fleuve.
TS7F67EEB96C75,0,substitution,"genstand aller Conversationen, aller Jornalartikel"
TS77A65576C1B8,1,none,"tingents dans les impôts indirects, contribuent"
TSC6656E93768E,0,substitution,ens légaux sur les gouvernements et insister
TSFD5254E8C952,1,none,La dépendance de l’ouvrier des machines a
TSFDAC82D8672C,0,insertion,Valentine
TSBF5710D6B8B9,1,none,"argentinischen Geschwader und erklärte, daß er die"
TS57A7B4DB9EAA,0,deletion,"disparu, nous le pouvons plus faire valoir"
TS7A66673C39E5,0,spacing,"Bundesbheschlusses zusammentritt, so können deren"
TS977A00948FB4,0,substitution,La Gazette de Milan du 17 dit que dans le voisi-
TS587761A430B7,0,insertion,"kann beinahe durch keine Gasse gehen, wo er"
TS6166955905A9,0,insertion,N. Metz: Die fraglichen Veröffentlichungen sind
TSEF544E5DB78A,0,punctuation,portant rétablissement des traitements réduits en 1848.
TS7336E13E6C1E,0,deletion,griffen habe. Der Minister antwortete: Zu Anfang
TS7EF81029A2EB,0,substitution,que l’immense majorité de ceux qui suivant la marche du
TSB31EC2C22FE1,1,none,M. Wurth. Je suis du reste à la dispo-
TSE8E71551C89C,0,substitution,dem er den ihnen beim Anschlagen natürlichen Ton in sie auf
TS7037408920AA,1,none,Vom 1. October an erscheint der „Luxemburger
TSF8AA98391364,0,mixed,"Wanns de neischt mé huos, wiers de klèng volen."
TSA97138EE1DB6,0,deletion,dénouer dans un sans contraire à nos in-
TS625F6F11F9E9,0,substitution,draient former ici le corps de réserve.
TS6F0970E394AE,1,none,"wir Hrn. Jules Metz von dem Blatte scheiden, des⸗"
TS82018EA3145A,1,none,heitsregeln als auf Betriebslehre.
TS1015EFBD0C24,0,punctuation,Sie neigte kaum merklich bejahend das
TSBDC9239B10FE,0,insertion,Considérant que la Chambre ne veut
TSBFFCF733A115,0,insertion,"Resch - Die lutigen Weiber von Windsor,"
TS9FF7596F81AF,0,insertion,"nativement, soit indirectement, aura le droit d’y"
TS254D8CCEFE88,1,none,"prince Galitzin, undes hommes qui ont le"
TSB657FC000C01,1,none,à ces faits dominait toutes ses pensées.
TS9CBBAA877C85,0,spacing,„exécutée franchement et de bonne foi.“
TSB0B503403EFE,1,none,"2687 Thlr., Durchschnittspreis nahezu 150"
TS98CCCDD43ED6,0,substitution,Die Ersatzwahl der Akademie lieferte kein
TSBE3752FA58A8,0,spacing,état de choses dura jusqu’à la Révolution
TSE5A97821C7A2,0,spacing,ist aus den Präsidenten der verschiedenen
TSA54FDD843F81,1,none,«La tentative faite pour établir une communica-
TSF16B8FC0B028,1,none,"Lebens fern hieit und ihn auf sich selbst, auf das Studium, die"
TS695C1251EB7F,1,none,»Je déclare ouverte la session ordinaire des
TSD8A9F4777797,1,none,que l’objection ne serait autre chose qu’une subtilité et
TS13C698BEB110,1,none,les intérêts de notre industrie et de nos
TSF1908BEA104A,1,none,"chercher la pensée de nos adversaires, cette pensée ils"
TS88AE1CFFCE1B,0,substitution,il y a une fenêtre; dans le mur latéral vers l’Est
TSF1B58351657F,1,none,Damen und Herren mit Kräuzen und Blumen⸗
TSDC58C95AD256,0,insertion,Herr Berger. Pas de raisonnements. Exécutez mes ordres.
TSEECC46ABEBF5,0,spacing,notre établissement de la Cochinchine. L’em-
TS9FB85C01365B,0,mixed,Muss hin ésò gut ewé d’Fréjonéeren.
TS5E3EAAD0B7E6,1,none,"Königspaar hiern veranstaltete, meinem Sinne eine"
TS9C880BD96037,0,deletion,"Phrasen, welche sie einleiten sollen, sind es fast noch mehr. „Kind"
TSE9B83E40AF15,0,deletion,"man lieber will, zu einer durch die Arbeit gesicher⸗"
TSD91295DC23EC,0,substitution,die Andern sagen Nein.
TSAD112C38E22D,1,none,"Luxembourg; 3°, la loi du 18 décembre 1855, qui"
TS5D87BDDFF044,1,none,"D., Bürgerm. in Pratz; Rausch H.‚ Ack in Pra-tz;"
TS9E806FB0617A,0,diacritic,"„Fir enner d’Armen auszedélen,"
TS0E34B5FAD6FE,0,insertion,"- soll möglichst sant, lieblich, süss in das recep-"
TS2FC11E4A2969,1,none,"„nom du Souverain, et à I’aide de bruits fauxx et men-"
TS675A09F5EFAF,1,none,tern zu Rathe gezogen sein.
TSDF66BC5CAA63,1,none,"von Stockhausen, id. Londres,"
TSCD538CC53001,1,none,complètement la tranquillité.
TS57B9BA60E4CA,0,spacing,bon latiniste pour en juger; je parle seulement de sa si-
TSF5E1B704F9BD,1,none,Der Schaden wird auf 1500 Fr. veranschlagt.
TSECE9151F8B75,0,substitution,"lung getriebenen Piratenu zu einen, obgleich ich schon"
TS1787F346A528,0,deletion,norables bourgeois qui doivent avoir à cœur de laver
TS381BC612737C,1,none,M. Brasseur argumente en quelques mots
TS115AA18D4AB2,1,none,drückenden Verhältnisse leben; es kommen Bei⸗
TS77AFD73ADCAD,1,none,"noch immer glaubt an seinen Gedichten feilen zu müssen, um sie"
TS7B61EFEA6F01,0,insertion,Scribe lut le procès et s’en scrit pour la
TSF83235F4331E,0,spacing,"leur, sort de la poitrine de l’étrangleur."
TS536A284F8341,1,none,Falschmünzerapparat. Man ist somit einer Falschnünzerei
TS89F513747788,1,none,nicht abschwächen Zugleich meldet das amtliche
TS31996C868FE9,0,punctuation,wie z. B. den Militärstand diese verdienen sie
TS4B12C0C53294,1,none,Weise nicht gelungenen Mordversuch an dem
TS6E34CE3056B8,0,insertion,stern und Pfingsten und an den Sonnagen der
TS6A65123A8585,0,deletion,einen andern Angstschrei zu hören;
TSCBA427A2E37E,0,deletion,tre rapporté et je suis en mesure d’en garan-
TSE4AEFDB18180,1,none,"einer Hand voll Saltz erhält man 12 Pfund nahrhaftes,"
TS3BCD474F1D94,0,deletion,"ten, habe Cialdini das Schießen nicht eingestellt und"
TS7323DF9DD451,0,insertion,en question qui était extrait de «l’Augsbur⸗
TSA73FE21B5FC8,0,substitution,"20 6/10, hellbraun 204/10, mittelbr. 19 5/10, braun defekt"
TSDE62C17481EC,0,substitution,habitants du Grand-Duché.
TS000C945DAF66,0,insertion,juger de procès plus curieux que celui du
TS9A56AE6D68DB,0,deletion,"- Eh bien! venez avec moi, mon bon petit- garçon,"
TS39CD3913B163,0,deletion,de Copenhague. La Suède de s’est pas as-
TSF47FB78FFD21,1,none,"été embarqué sur le Colbert, et renvoyée la"
TS367EE0696563,0,deletion,"Tonarten zu erkennen sein, wie diese? Ja, müssen"
TSF9C81B50A7DC,0,insertion,Ettelbrück: 8 id. .„ 1035
TS40CC75330E9B,0,insertion,am 11. in besonderer Mission nach Paris ge⸗
TSACA5CEF79565,1,none,Uckange „ „ „ 8.56
TS03EBBB127F93,1,none,"vous, apportez vos hommages à la dextérité chi-"
TS56882E3B855C,0,deletion,ausgingen. Was uns als ein Meer von Glanz er⸗
TS186049801C62,0,punctuation,palais royal ont éte brisés. On parle d’une
TS0691EC8AEFFC,1,none,"die Engländer ihren Ober⸗Befehlshaher Lord Raglan,"
TS799BFCFFD8C4,1,none,"gré lui, secouer les préjugés de son enfance"
TS7FA4457AC40C,1,none,verlangen abzielen. DerFinanzminister Plener
TS14BCA712D576,1,none,"und wer burgt uns denn, daß die Staatsausgaben"
TSCE4368D85BA0,0,insertion,der Merchants⸗Bank war die sich angeblich einige
TS2F4B13AC02FE,1,none,mocrates et libéraux étaient en tous pays con-
TS8948C5FFD6EF,0,insertion,porte la pensée.
TSDE5618FF5AEB,1,none,"ausch, ci-devant cultivateur à In-"
TS51472C7AD3E4,1,none,grundlos erwiesen.
TS24A512B9EB0E,0,mixed,"2e, Jean-Nicolas Schoué, d’Esch-sur-la-Sûr; 3e, Nicolas"
TS059EDA01A084,1,none,"gleitung erlaubt, mit Ausnahme der Instru-"
TS2F924DC70144,1,none,"sur le territoire français, et où une fausse"
TS90F81C033888,1,none,Lisez le discours du roi de Prusse
TS1DDD5758082A,0,insertion,6.22rn 2.17 4.37a
TS43639ABFDA0E,1,none,Regeln des Satz- und Periodenbaues gesündigt. Ob-
TS8E11A97CB99E,1,none,"nuit étant tout à fait venue, Maurevel avait allu-"
TS87AC4881CE83,0,punctuation,"taxe, uniforme de 4 centimes par tonne"
TS9F320F50316C,1,none,solchen neugebauten katholischen Kirchen und be⸗
TSFF7816CCE807,1,none,"angetroffen wird. Das gewöhnliche Credo, welches"
TSDCFF0A68A70B,0,insertion,Nommez donc des hommes intères;
TS648856D65D3B,0,spacing,Une prime unique de 120 francs.
TS5E9E2D8CE661,1,none,nur neue Muster besser bezahlt. Da sich in der dritten
TS990F5ECCB453,0,spacing,"précisément corps et âme au particlérical,"
TSC8571ACAA561,1,none,hält.
TS705B0AB5F836,0,substitution,parole.
TS891E6F4F62F8,0,punctuation,Entwickelung des Geschäftes dessen anderweitige
TS941EFB22D188,0,mixed,"sanft erhoben und dicht zum h. Rocke geleitet,"
TSA02426EF480A,0,spacing,"Dans le numéro d’hier, il traitenn sujet"
TS38AFE75BA702,1,none,"se forma en pouvoir constituant. Alors, le question des"
TSF581819AE1B1,0,spacing,"l’auditoire du dit tribunal, le tout avec la signi-"
TSEB5485F2BFDA,1,none,de l’intérieur dépose un projet de loi
TSF851B0AA9099,1,none,"nichts ;)-: so ist doch soviel klar, daß wenn selbst"
TS77AC6EFAFEC9,0,punctuation,"ren können, und wahrscheinlich für immer"
TS51390B4611A4,1,none,mera à bord du yacht impérial.
TS8B15F63FED31,0,insertion,ment ou à titre révocable.
TS8E16C28275B5,1,none,"avarice, dont elle était vrai-"
TS83B9F978E48A,0,punctuation,prédictions que l’on faisait au début de l’entreprise.
TS1517ACF7201E,0,substitution,"Kohlen, Kœrich, Manier, Septfontaines, Steinfort."
TSD39B4F3F412B,1,none,"oberrheinischen Kirchenstreit, aus welchem hervorgeht, daß"
TS1B5E490FDD82,1,none,"proposition, si elle est adoptée, créera une"
TS5F472B893FEA,1,none,"conférence avec le gouvernement de Madrid,"
TS9B0AB37B6D24,0,spacing,cadres de l’armée. Cet ordre paraît viser
TS6350AE3F7DDF,1,none,„ Lintgen. 6.29 8.11 12.19 6.03 7.4
TS96B20D5A274C,1,none,Durch Biéréch an DDal
TSCCB5D6573153,0,punctuation,"ligne en Belgique, (5"
TSC56BCAB32F07,0,deletion,"in Verdacht, mit Falschmünzern in Verbindung zu stehen."
TSD2E6DE395858,1,none,"nuel in diesem Augenblicke, daß er noch weniger"
TS4DE05C38FECE,0,substitution,"kurzen Belehrungen dazu beitragen werden, den"
TS64FDBA686E39,0,insertion,"starb. Der Unglückliche, ein hochbetagter Greis,"
TS181D684DFB55,0,spacing,"blée qui, à l’abandon d’une terreitalienne,"
TS33FF0AB8EDAD,0,substitution,"Plusieurs membres. A demain, a demain!"
TS95399E27D5EF,0,spacing,"nouvelles dépenses à l’État, à une époque où l’on veut"
TS12CA1FBC498C,0,insertion,"flicte mit Deutschland, und zwar a tout prix;"
TSF1A4A2D69208,1,none,rencontré une expression patriotique et élo
TS28305F1B0A5D,1,none,La cour des propriétaires de la Compagnie des
TSE177EE6CAF83,0,mixed,erlärmentstand. Das Tafelwerk des genannten ge⸗
TS079C65255146,1,none,"verneurs militaires de Vilnua, Kowno, Grodno"
TSB971D3F633D2,0,substitution,"rathsmitgliedes betreten. Die Wirthe, welche ihr"
TS1EFB57F51AA6,1,none,David dazu Goliath herauszufordern? Der Ver⸗
TSCDD718871E27,0,deletion,de ce souverain n’a pas été bonne pendant son
TSDC1421B0FD96,0,insertion,2. Das Rauchen auf den Wällen ist verboten;
TSC39DF2D7A242,0,punctuation,"octroyée en 1856. Depuis, le confrère ne"
TS42FD2EF6B25E,0,deletion,"server les basreliefs du contract du pavé,"
TS4C1F675BC504,0,mixed,"ben würde allein er war nur aus Noth grausam,"
TSBD6F062BADA7,0,deletion,che Kirmeß und Nachkirmeß die zu besuchen der
TS6DECFDA8ED16,0,substitution,le sang n’a pas coulé dans notre pays et c’est sous
TS9AFCA2521A10,0,substitution,tionnaires de tous les pays
TSD71BA39EB339,1,none,Aufregung in Rom sehr groß ist. Der „Secolo“
TSB64E7768BEE0,0,substitution,Messe des heiligen Johannes des Täufers und der
TS07A59BE8BAA3,0,punctuation,preuve de son désir sincère de voir cesser-
TSC3ECE93E4A9D,0,spacing,Hr. N. Meß vor dem Untersuchungs nichter folgender⸗
TS54CD3D3B5F9E,1,none,"wollte, den er unter dem Arm hielt, und das war nur"
TSDA0891C44D9D,0,substitution,- Ton innocence! Voyez l’impudence
TSED238DCC9D9D,1,none,bile de terreur; les lionceaux ne bougent pas!
TS3354723EE87C,0,deletion,Wahrheit hoch über jeder anderen Rücksicht. Nur der Wahrheit
TS8F40560FAB3B,0,substitution,"effroyables perturbations, jamais plus grands"
TS6B701B42E269,0,spacing,"prémédité! la que j’attaque. Que l’on crée des sociétés, ou une"
TS52562C6AEE60,0,insertion,"Menschen, die einen solchen Blösinn auskecken,"
TS99DA014AA8EC,0,mixed,Am Donnerstag den 26. . M. des Morg⸗
TSF47AA32A7325,1,none,"n’est pas au château dans ce moment, il y sera"
TS8F7EC4DB71B3,1,none,été tué à Valence. Cerdoue résiste aux troupes
TS2F9952C030F5,0,insertion,"des Grafen au, ohne auch nur ein Wort zu erwiedern."
TS04117C1AB2B7,0,substitution,„sens dans le pays.“
TS4C992F76C9FE,0,mixed,Kèng Deppercher lâfelîcht iwer.
TSBFD20C9C2F3A,0,punctuation,primitiren und ihm schwere Verwickelungen zuzuziehen.
TS57645A998C9A,0,substitution,Freund Pansa bei dem Biere
TS7B2DE2F4F456,0,mixed,"lité et la puissance de l’Angleterre, qui"
TS4FCC1EDFE7C3,0,substitution,"für den heiligen Stuhl, trotz der Anwesenheit"
TSE6A592151A18,0,diacritic,"eintreffen, wo das Hauptquartier einstweilen blei⸗"
TS9610AB622FCC,1,none,de l’administration municipale de Paris. Il
TSA8A790A18453,0,substitution,"ples du continent, l’initiatrice des droits"
TS8E7DE3915A4C,1,none,"empêchent les indiscrets d’entrer, elles n’empêcheroient"
TS37126675B5F9,0,insertion,sages pour provoquer des économies dans notre rouge
TS82364200342B,1,none,"der gehorchte, als stünde er auf der Parade, hatte"
TS93960FF34549,0,deletion,eines fremden Staates zu fürchten. Es ist kein
TS40FC12CCB200,1,none,"fabriques monstres, ces repaires de la corrup-"
TSE22BCB707569,1,none,n’avait lu que le commencement de l’article
TS1A6343884E65,0,spacing,ton de Redange à une lieu de la route
TSF687C56C854E,0,substitution,"palais du gouvernement, en présence des trou-"
TS79E110D595E1,0,substitution,avec leur coopération a ajouté à leur
TS5737EDD28EA8,0,insertion,aujourd’hui c’est qu’on trouvé trois cents
TSFAD5F9FD9236,0,substitution,Das Ganze nach einer genauen und gewissenhaf⸗
TSD4993C4D071D,1,none,und vor edlen Herzen sind alle Todten gleich. Ohne⸗
TS698B3FDF65BB,1,none,"Der sie als Schmetterling verließ,"
TS13F4253BE7FF,0,substitution,Durch ein Gesetz vom 22. November 1861 ist dem
TS871954DA81D4,1,none,comptent sur les ressources que le gouvernement
TS8FCE899821C9,0,punctuation,März - bz. 637/60 B. 67/12 G.
TS3303826D72CF,0,insertion,zu Bette und stellte sich tief schlafend. Spricht man von der
TSC3DF7000C0C7,0,insertion,siégeant au palais de justice à Die
TS2E33599AEB7A,0,substitution,*) Suivant d’autres relations les pertes des
TS2EB332AAE0A8,1,none,- Roodt. 7.54 10.34 2.26 8.47 - Cong 6.25 10.40m 12.25 8.00
TS944378E9F497,0,substitution,„Die Leute wollen betrogen sein;
TS2310A241DECE,0,substitution,"gung die Sehnen, nicht, wie es in obigen Be⸗"
TS155CFCD03B12,1,none,"au moment ou le soleil, arrivé au terme"
TSBD6A3B0CE57A,0,punctuation,Alle fernen Gerausche hörten plötzlich auf
TS0E913C730D22,0,insertion,"keit ein Herz versöhnende Mide lernt,"
TSB3FD78A354F0,0,spacing,déral aux représentants de la Confédéra-
TSBF114A5B835B,0,deletion,«Soldats!
TS014BB63D2965,0,punctuation,ont eu lieu 7 malades ont éprouvé un grand soulagement chez
TSEEF8987F116A,0,diacritic,"nicht, daß dort ein lichtreicheres Gebiet, ein unbe⸗"
TSC5BCAEE30E5B,0,substitution,Il y a aussi à Turin un procès scandaleux qui
TSE3623595C146,1,none,"Er reißt’s mit muth’gem Griff heraus,"
TS75BBDFE56D6C,1,none,donna l’ordre de le saisir et de lui administrer
TSE395E257F086,0,deletion,"ractini, président de la cours de cassation,"
TS059C60CB74CA,0,punctuation,„Wirst du mir wohl verzeihen.“
TSE220A13F3911,0,punctuation,- Comment! pour le comte de Bayeux...
TS7A392A623E3A,0,spacing,aura encore ici un résultat favorable.
TSF9F536E41735,1,none,rechtlicher und
TSB767A88F7D1C,0,mixed,mèngt ce bâl mir missten e bis Chreschtdâg dren.
TS787A328BBD6B,1,none,die uns bewegen. Bei der Veränderlichkeit unsrer
TSEF0B81A8B4D6,0,substitution,vermöge seines „Courrier“ die von Seiner
TS5871049C3BE4,1,none,um halb vier Uhr zu Boulogne angelangt sind. Die
TS11098DD32E00,0,spacing,le scheffel 0 thlr. 28 sgr. 00 pf.
TS0C1994A8135B,1,none,Le Wort a cru devoir se plaindre
TS7D8481506A6B,1,none,"plus redoutables, où la jeunesse appelée à dé-"
TS6FE838254FE5,1,none,"produit une somme ...... 1,550,9 99 83"
TSE6B18F49E194,0,mixed,corde a réellement servi à Bazaine depuis la
TS5A9BCE7C828D,0,mixed,"Da’ gt ons Zokonft schen, an all Gefahr dé fällt,"
TSD6B715907B87,0,substitution,der Herr Abbe dazu sagen?
TSC01568284251,0,insertion,"tiere, et animé de cette conviction, il se Vous de-"
TS086F6B371237,1,none,"Par l’intérêt de l’Italie, car le jour où le"
TS71CDE77478C4,0,deletion,"1872, et ne laissa pas de causer une pré-"
TS1F30D67955EC,0,substitution,"- Orge d’hiver, les 94 kil., fl. 12-04 à 12-52."
TS76D7E8181260,1,none,ferai des frais On soupera ce soir si l’on chauffe
TS7727CBE1B9E9,0,insertion,Dritte Section.
TS2CE88F6BB048,1,none,"Abtheilung dienen, der entweder mit den Ausstellern"
TS932DA31E56BC,0,substitution,et le succès est complet. Trois fourneaux re-
TS009857B1DB32,0,punctuation,"Körpers erweitert, und einige Modificationen in der"
TSCFD7C84D2FA9,1,none,dieser Vorwurf nicht mehr. Das Volk und die
TSBCB51952DC72,0,insertion,"Tonstufen zu liegen kommen, wie folgt:"
TS448C76C57D04,0,insertion,après la demande du directeur.
TSB506D6F4D134,1,none,"wahrung, nicht an einem Orte geschehen, wo"
TS09EF4A41334D,0,punctuation,"Präsidenten auf 4 Jahre festgesetzt, nach deren"
TS8081569AFCE7,0,punctuation,Dans l’élévation des salaires l’ouvrier trouve
TSDFEEBEBABA99,1,none,"Fischer id. Schrondweiler,"
TSCF39D28867C6,1,none,"schiren. Dagegen bestätigt es sich, daß die Besetzung"
TS6EA822CB80AD,1,none,"so muß man billigerweise anerkennen, daß solche"
TS35076BA86F61,0,deletion,dire de se diriger sur Jalapa.
TS40CBD0325B39,0,substitution,gen für jetzt noch in erheblichen Maße in Anspruch
TS5AEF8331BCB3,0,substitution,"„Kèng Frét, kèng Pleséer mé weit a prét."
TSB466E23473B5,1,none,"trompons, cinquante-deux kilomètres,"
TS6EA93A174F71,0,insertion,dans les campagnes;
TS78C37BC28879,0,mixed,Strachs flog er hin zu den Entfernten
TS3D492C7E64E4,1,none,Une première prime de 700 francs
TSB55CA0486346,0,spacing,"Au lieu de cela, le gouvernement français"
TS5B94590B4664,0,spacing,"La race américaine (indiens) .. 1.000,000"
TS683BCE997EA3,0,substitution,Les céréales et autres denrées alimen-
TS3C2610C08296,0,punctuation,"et un décret, divisant en quatre dicastères"
TSC518220F17CE,0,spacing,police. Ce citoyen ayant voulu s’éloigner parce
TS45B4D3A631F2,0,spacing,"19 3/10-18 9/10, secunda 18 7/10-18 8,10, ord. secunda"
TS404A030A8906,0,substitution,"sehen, was der älteste Bruder thut sie wer⸗"
TS8C9F6A70256A,1,none,"en temps le bois mort des arbres, afin"
TSD96E47FB0C03,0,deletion,d’être distribué aux grandes corps de l’Etat.
TSF58AC7168BBD,1,none,"Ob an dem Gerüchte Wahrs ist, können wir"
TS59C69378A555,1,none,et de parcourir des distances de plusieurs lieues en moins de temps
TS7D0324B39FAA,1,none,hommes qui déchiraient aveuglément les
TS7E8795BC372E,0,deletion,Jetzt glänzt das Meter - wo bleibst dann du?
TSEB2C682D721E,0,mixed,"Eschéne Gróss, e fre telechen Dank."
TS22A120DEEF89,1,none,"sions locales ont fait, en matière de clas-"
TSD59CECDC7E85,0,substitution,"zur Hülfe zu spät ist. Charakteristisch ist noch, daß"
TSA0F31B10554C,1,none,notaire soussign:
TSE3FD978ABFCD,1,none,comme pouvant aboutir à une solution paci-
TSB02CCAECE0AC,0,deletion,plus creusé la question de la réunion des
TS125C98E7DC29,0,insertion,"michet werden sollen. Neue Cafes, neue Tanzsäle,"
TSBAF3223FD9F1,1,none,"Reihe nach den Kampfplatz, den si unter den,"
TS88D9F2FD030C,1,none,"Vorabende, oder sonst ein Hochamt innerhalb"
TS31E9E4CC2CF3,0,spacing,"sich nur dann hinein, wenn sie schon zu langelee⸗"
TS6C40EF897A5B,1,none,den den Vereinsgewinn für Reserefonds etc. Von
TSB717A68606FA,0,substitution,"gebogen, verlieh der Physiognomie einen pikanten Zug."
TSD27D67E70315,0,deletion,Die im Art. 7 des nämlichen Beschlusses vorgese⸗
TS028317C7C751,0,punctuation,"in uns vergebens strebt e nach dem Mittelpunkfe,"
TS89E85CA789BA,0,insertion,force.
TS26BC5B30E9C0,1,none,"d’Armenta, et en ont conduit un assez grand"
TS560CC1314CB0,0,substitution,"leben, ohne Beweis der Fähigkeiten durch ein Era⸗"
TS1381C1A6BC22,1,none,juxta ritum Sacri Ordinis Prædicaterum.... Gan-
TSCCF3D1AFBE7E,0,punctuation,siliques du monde. La foule reçoit une commotion
TSAE0C592B4136,0,substitution,comnité central un den de 400 fr. en
TSD41452849AE1,0,deletion,de son indole.
TS0F87275FD4AD,0,substitution,que je serais fier d’appeler ma seconde
TSD47EE34A12E6,1,none,publie une ordonnance qui est un vrai chef-
TSA9B0F1F9F487,1,none,"Luxemburg, Preis in: Deutsch, Französisch, Na-"
TSC59DB585FCB5,1,none,"wendet, dahei auch in andern Zweigen menschli-"
TSB8F2019C589A,1,none,"eintönigen, traditionellen Refrain: „Vergessen sie den armen Blinden"
TSBCEA2566A50D,0,insertion,Et rachelt fun Hetzt - et dét èng lét.
TS529518658CE3,1,none,"l’après-midi du 16 mars, on prétend avoir vu sé-"
TS7E2FB1FF0B92,1,none,"qui était là, pâle et immobile devant lui, se versa"
TS991457D525E8,0,deletion,Man bemerkte auch keine pour von Trauer bei
TS99223C9A681B,0,punctuation,mais restera toujours la répulsion d’une
TSD526BD487E5D,1,none,"bewaffnetes Boot ab, um zuers von dem angrei⸗"
TSEEF6E0C87001,1,none,levée; elle a combattu avec toutes les armes
TSE52510DBE7EE,0,substitution,la rappe.
TS16E504492104,0,insertion,voir temporel indispensable est donc une in-
TSFA118C3E6EA0,0,insertion,Bastnach nach Wiltz ......... 1.15a
TSF12C06CF488D,0,spacing,"contribution, mais elle paie poureux au"
TSCB11ADC708CE,0,mixed,"MuyscrZénon, de Roodt; 3e Reman Auguste, de"
TS73C16ED765A5,1,none,"bienfaits de la paix, tandis qu’une guerre avait"
TSB0711AD639A3,1,none,"eifrig, einem Vergleich herbeizuführen."
TS43D280887790,1,none,nun am ganzen Körper zum Vorschene und
TSE869451F441C,0,substitution,tive laisser tout dans le statu que.
TS73411765810D,0,diacritic,huit années de dévouement a su conquérir l’af-
TS879583DDFFE0,0,punctuation,Dissonanzen und weltliche Leidenschaftsmusik
TS2C71AD85EC5C,0,deletion,envoyés ou Palais Royale.
TS78C09A503AFE,0,punctuation,par waggons de chemins de fer pouvant être fermés.
TSE1CD56D44E69,1,none,"einer unerquicklichen Stunde projectirt, und in unerquiklichen Stun⸗"
TS830760170161,1,none,"und Klein, Rath a Obergerichtshof."
TS33633AC5367C,1,none,"„sociale, basée sur les principes rationnels de la liberté, de"
TS430F39C7C7A9,1,none,vollständig zu entdecken und der öffentlichen Beur⸗
TS2107808C720C,0,mixed,"ja im Juli nicht die Regierung das Recht, eine Na⸗"
TSF621C1560AFC,1,none,"tion de pitié, de ménagements; au-"
TSE3CEEA696568,0,mixed,du en question: lorsque cette rupture sera un fait
TS50BA29C6143A,0,insertion,"tion de la trêve, à moins que les puissances"
TSA6F563DF446F,1,none,Emile regarda la femme Couturier.
TS3116C0746E9D,0,substitution,"la voir que demain. Ce soir, j’attends ici le sire de"
TSC4AF25E6DD0D,0,insertion,leur prouvaient une fois de plus combien le bonheur’
TS96D3898C24AF,0,substitution,"pices de la ville, en faisant connaître com-"
TS4079B72ABA41,0,deletion,xembourg:
TS96DBDC15E38B,0,deletion,tance peuplique vient en aide à la popula-
TS1093E3FA4DB3,1,none,s’était passé.
TS87327CFB8939,1,none,d’événements réparateurs et un sentiment
TS09C5698EA05E,1,none,pelle de St. Marie devant la Porte-
TS91CC381C57C5,0,substitution,"muth der kleinen, zu einer großen Staatenbil⸗"
TSCB77D4489701,0,insertion,acte de vente.
TSE08562A0ACB9,0,deletion,"J’en arrive aux toastes, et, ma foi. je ne laisse"
TSF42571B77B7E,0,insertion,dra à son bord la princesse de Prusse et la
TS4D7622C166D0,0,deletion,"chez à l’occasion du plébiscite, réunissez-"
TS7137283F68D5,0,deletion,- Nous allons chez la mère de cet
TS2D1EA52BC549,1,none,"nach beucht, und in deren Folge sich eine Verkür⸗"
TS8484101F38AB,1,none,zwee Stackklausener esó preisesch kennte gin? -
TS9FAD81C0C0D0,0,spacing,de ces lieux redoutables.
TSAE5A8897F1C0,1,none,malheurs n’ont apporté de plus rudes châ-
TS14A06CAB6C42,0,diacritic,jour davantage entre les peuples cette so-
TS55ADA20941F0,1,none,dem katholischen Priesterstande widmen. Es sollen
TS248916A15CB1,0,punctuation,"seulement lorsqu’il y a eu des réclamations,"
TSDE2E5E0E8A2B,1,none,abattus pour cause de maladie. Le détache-
TS1DDB866EC2D3,1,none,"opposé à la guerre, l’esprit public subit une"
TSD7E4EE8AD408,0,punctuation,produit de la Soirée musicale organisée par la So-
TSC2501C6A361C,0,substitution,Mitte einige Tausend Eurer Wehrmänner
TSAC64A34208BF,1,none,"solidement meublées, car au bout de huit jours,"
TSBECECF966BDD,1,none,"gegen den Versuch des Grafen Bismarck, sich ohne Rück⸗"
TSF04A5492917E,0,substitution,3) Ort⸗ und Zeit⸗Bestimmung der zweiten General⸗
TS9A7F7E745337,0,deletion,"libérales, meine dans le provisoire; j’aurais"
TSC629E4CEFDA5,1,none,Il a mis en relief le caractère à la fois
TS958B4C0F9401,0,substitution,en république fédérative.
TSE046770C1B03,0,insertion,"der sog. Cantonal⸗Commissare et, hänge in dieser"
TS1D1761E61D9A,0,mixed,"halen, oder dei Mèden kommt net zur Kommión!"
TS66FBEF42F59A,0,spacing,"Erlaßt die ganze Welt, im Stich,"
TS22B95622B67F,0,spacing,"getrieben, sich weiter wälzen, nackte Felsen und"
TS6A44CFC8726B,0,spacing,le der zu festgehaltenen bisherigen Preisen etwas schwä⸗
TSA71674885957,1,none,métier déshonnête.
TSC66B6F41048C,0,punctuation,"través par les autorités roumaines, qu’elle recourrait"
TS4AED66B47A62,0,spacing,"à la retraite, avec les émoluments auxquels ils ont"
TSA55AECC25EFB,0,spacing,sidérer les chances de négociations comme
TS401098D21458,0,substitution,"vers un avenir incertain, peut être gros d’événe-"
TS8D0FA697294C,0,insertion,nichts von der Richtigkeit oder Unrichtigkeit der erhobe⸗
TSA8CC4F86962D,0,substitution,"tère de la guerre, des personnes, des militaires de"
TS467B9C19D4C2,1,none,"Herr Berger. Laissez faire votre maître, - vous verrez"
TS61D006FE66CF,0,mixed,"la pas la plus grave, croyant sans doute que"
TS1FEF83A8A880,0,substitution,Art. 14. Les conducteurs de navire et les embar-
TS60C6CD015C18,0,mixed,"des Verkehr war, daß Jedermann, auch ohne einen"
TSE9527C4FC81C,1,none,"questions, faite simplement et de bonne"
TSC58A40DACC11,0,punctuation,"par le pays, et de les défendre contre les"
TS8CB1D3E85C90,0,substitution,ne se gêneni pas pour émetttre devant
TSF9CFEB4503B9,1,none,l’effet montrent que ce ne sont ni les catho-
TSA750326CDDD1,0,spacing,de la situation rappelle les intérêts qui ont
TS76C367BFAAA6,1,none,(Char-)Woche»
TS70D61924ADAC,1,none,"Von Allen, was seit 1848 geschehen ist, hat blos"
TSAADC3F2DEBEA,0,substitution,der Benennunge „Kreis Herzogthum Lauen⸗
TS9073C708E0D0,0,substitution,"riums; die Herren Goblet, Guillery de Gottei, von"
TS6C19AADAC2B2,0,insertion,"derselbe Raum, mit Knollenpflanzen angesett, 20mal"
TS38FF902F1122,1,none,"ignore, c’est que, depuis cette date lugubre"
TSA10AB1285EF3,1,none,"modification profonde, et les explications du"
TS0F69C20B739B,1,none,"donner grand poids à ce programme, où il est"
TS198481D9CF2F,0,insertion,"par terre, et du salaire à payer éventuellement pour"
TS0C257768A1CA,0,substitution,"geois ont les enseignements de l’histoire devant eux et,"
TS58B87D06D9C5,1,none,Bastendorf.
TSE94AD5D30DCB,0,diacritic,De Wiéderschlach
TS75C3FD18FC36,1,none,"fierté, que dans les circonstances graves"
TS81400027BD17,1,none,samment d’un projet de constitution pour les
TS7DAF9D58F57E,0,diacritic,lidarität mit den Folgen der durch den Kampf gegen
TS1617869BF53F,1,none,mand ein Hochamt bestellen sollte.
TSF9A6F55E9154,0,diacritic,- C’est sans doute le gentilhomme que vous at-
TSABDCECA50A21,0,punctuation,"gijng es wieder mit Dachsen, Landotter und Katzen"
TS17A1A8CD5542,1,none,meinde⸗Secretären. den Feldwächtern. den Gen⸗
TS90C2941F2A6E,0,deletion,avec lui l’idée de déconsidération qui s’at-
TS7747A63C157B,0,spacing,»Un fait très-caractéristique vient de m’ê-
TSBD8A5B47B214,0,substitution,buch enthält. Un für die Bedürfnisse des Kirchhen-
TSCDF109A2ECF6,0,substitution,publique est totalement suspendue.
TS10E0914FB1C7,0,diacritic,à ce sujet avec l’empereur Maximilien. Des
TSDF6F47FADB1D,0,punctuation,cevoir comme des amis. Quand on se
TS4BC37DD8ACB9,1,none,"100 Actien eingezeichnt sind, wird der Verein als gegründet"
TSEFB78DC54AD8,1,none,cens de 30 et un de 10 francs. Lorsque
TS5576FB536BB6,0,diacritic,l’on traité les maladies d’une nature par-
TS04E4034E3F54,0,spacing,"und die indirekten Wahlen nicht gemurrt, wird man"
TSF1BA62715774,0,deletion,"Jadis il viint tout plein de gouvaille,"
TSF516AEF107B8,0,insertion,verbrecherischen Anschlags kundzugeben. Die Ver⸗
TSCB72B441E472,1,none,"sei anerkannt worden, zugleich aber auch die Unmög⸗"
TSE18051879622,1,none,mil huit cent douze.
TSD66646450776,0,insertion,"Un arrêté royal grand-ducal du 21 septembre 1859, inséré au Mémorial de"
TS8E81D0BA308B,0,substitution,"courant de la dernière campagne, les importations"
TS82A69341C06A,0,punctuation,Lärm vom nahen Canal her man läuft auf die Brücke
TS3BA95D705AC4,0,spacing,"«Dans la situation actuelle de l’empire,"
TSBA5F12AD48D5,0,insertion,"ment anglais, en présence de cette situation,"
TS89DFBB01593D,1,none,"Geringeres, als eine wigkeit von Glück.“"
TS59A455470258,0,deletion,Fußen des bendberges sich zwischen Felsen verliert.
TSB02EE2C5FB16,0,insertion,borne donc à mettre d’accord la loi élec-
TS0E5AA310B3D4,0,diacritic,ass Professer vun der Hetzt an der Keelt; de kann et am Wan-
TS29FA1F977AB0,1,none,ne sera pas nécessaire. Le jeune de Broglie
TSA5209A684871,0,deletion,Wir wollen noch einige Bemerkungen über ein-
TS3F2150799505,0,spacing,tateur paraguayen.
TS87657DD2B4E0,0,substitution,"Schmelzofen, nur daß nicht blos ein, sondern alle mög⸗"
TS141FC695F0F2,0,deletion,"erhebt den Ruf, warum denn nicht an die Vertrages⸗"
TS32CAFF06C02C,0,punctuation,"sind von Deutschland und Frankreich unterstutzt,"
TS3CBFAA39BF0B,0,substitution,Leidenschaften u. dgl. solchen Körper-Verdrehun-
TS31BE18358239,0,substitution,saient le boulevard à la hauteur de la rue
TS66FD4842BE7D,0,mixed,Mußt’acht Tage dort ich bleiben.
TS96613B88D38C,0,punctuation,Puis on recommença à boire.
TS1028FDFB5371,0,insertion,Débiteurs divers.
TS0B918101A228,0,deletion,"M., ein politischer Flüchtling aus dem Anfange der"
TSEEB9EB4ECC44,0,deletion,"avril prochain, au jour de Pâques, le 22."
TS0511BE4E7EDE,0,substitution,des politischen Geistes mit der Erhaltung den An⸗
TS8B7187D97A1D,0,substitution,Heutige Börsen⸗Notierungen.
TS70D1B901C655,0,substitution,hommes hées
TSC83BCAC5A193,0,substitution,Bericht aus St. Louis: „Das südlich an Neu⸗Meriko gren⸗
TS3B36275F4D37,0,substitution,"Höfen anfertigen lassen, in welchem die Ursachen der"
TSAFA24C834F72,0,punctuation,"Arme nahme und mit ihr auf die Redoute ginge, um"
TS98FD76C63AF5,1,none,chinesischen Oelbohne interessante Mittheilungen.
TS6CFBE63323D7,0,deletion,"gleitung der Gewaltthätigkeit und beflecckt mit Blut. Wieder 93,"
TS8A91F8C671C8,0,deletion,"Daher geben ich hier eine ganz kleine Auswahl,"
TSA40E05E94167,0,substitution,cupe l’Autriche dans la Confédération germa-
TSB59D7415B3B9,0,deletion,gierung und einen glänzenden Beweis Unseres Ver⸗
TS7D3BB276203E,1,none,Mexico hatte im Jahre 1803 nach Humboldt’s
TS2BEEA549ED54,0,punctuation,"tion, ce sont les sycophantes du Foreignofice. En"
TS78D32D448C1D,1,none,France par un juif. Voici comment: François
TS800AECF87AC4,0,substitution,ièch do énescht jo gesot onst Land hätt en Heedegleck.
TS52ECA318D77E,1,none,"bien à cheval, boxait encore avec grâce, et se plaignait"
TS25D65614F3F8,1,none,Dans la Rioja et dans un district de la Navarre
TSBCB9F5C1ED1D,1,none,discutable.
TS3EEBB33F46AC,1,none,"de tout le monde, rendent inutile l’eamen de cette ques-"
TSB82167023640,0,spacing,catholiques?»(Interruption.)
TS0B661ED8671C,1,none,"bras des gardiens, qui se hâtent de le"
TSCB8A6368BB2E,1,none,wieder in türkische Paschaliks verwandelt würden.
TS5EA28EC5371D,0,substitution,"spiel, oder das Crede in die Vesper. Nur ein paar, als da sind,"
TS550798C065E8,0,substitution,tructeur. La perte qui est résultée de cet ac-
TS7965CD5D9E33,0,insertion,lichung erobert. Was erregt die Neugierde mehr
TSDB7B89A42B83,1,none,Monsieur le président.
TS4DFD0CF9E68E,0,spacing,ment disparaître les douleurs rhumatismales dont
TS969A0384A2A3,1,none,"- Du moins, sire, vous pouvez vous venger."
TS1648C1D6DB73,0,deletion,Abf. Trier 5.24 8.00 1.10 2.30 9.00
TS8F29A4A0C734,1,none,"à sa place, doit s’attendre à ce que le pays juge"
TS8E748620696D,0,mixed,"directement avec toutes les villes de la Belgique, sans"
TS4FA5B9BFA72E,1,none,den dem Freunde der Natur nicht nur immer neues Vergnü⸗
TSCE4D6AE0965E,0,substitution,rence.
TS8F7F523BE453,0,mixed,vine viennent de donner lieu à des troubles
TS11BD725601D4,0,substitution,selbe veranlassenden Motive nicht gehörig bekannt
TS1FE09BD244BF,1,none,"au cocher, et, après avoir embrassé les plus"
TSA133E322A1AD,1,none,"vor uns eine brennende Sykamore, einen Bum"
TSE01BACC67243,0,substitution,"schön, aber ihn todtzuschlagen, noch viel schöner!"
TS88E812EF388F,0,deletion,bis 45 Thlr. gehandelt; für geringe Waare ist keine
TS818C1B5A1BC0,0,diacritic,à la Cour de cassation. Ce livre est indis-
TS650B86C3F229,1,none,teten Chorals wird durch die Schneider’sche Har-
TS8216FC944F6E,1,none,"- Si vous croyez le roi coupable, continua de"
TSAB784056097C,0,substitution,"ma. Der süsse, liebliiche Notentext verbindet sich"
TSC06B6A119B3A,0,substitution,- Le même jour entre 8-9 heures du soir
TS27C0DD4054B7,1,none,"»Agréez, monsieur le rédacteur, l’assurance de"
TS3C815E02804E,0,deletion,par ceux de ce faire dans le
TSDC078682249C,0,deletion,"dem Modo Dorico abgesungen», wurde der von dem"
TS5BA59CCDCFC3,0,substitution,"chers, et si vous portez encore sur moi vos suffrages, je le"
TSCC905A527034,0,deletion,vers incontestables de talent et de goût. Ce sont eux qui ont
TSE1690F49C6E9,1,none,"Zeilen vorher gesagt, „Courrier“ und „Wächter“"
TS4E7A0721726A,1,none,"Vers d’autres cieux, joveuse elle déserte:"
TSF01D38744798,0,spacing,entstanden war Auf den Bericht von dieser heldenmüth⸗
TSC0BB8AB37C64,0,mixed,„entière indépendance et sans se laisser influence par au-
TSA0E652CD766B,0,mixed,halten Brunnen. Unmittelbar nach dem Schusse
TSEF162F34A7AB,0,substitution,"commission. M. Lafond de Saint-Mur, député"
TSC643CD7949C6,1,none,"Wird aber z. B. die Oppositionspartei bevorzugt,"
TS7DCD6CB96F08,0,deletion,"mitglieder oder nicht, können an dem Concurse"
TS43A74467296B,1,none,Revue. Die Schleppträger ergehen sich neuer⸗
TSB2B9D3D25BCC,0,insertion,"künftig, festgesetzt."
TS8C7B0C8B552F,0,spacing,"nicht rinnt, auf bewahrt. Es kann auf diese"
TSB0FD0EC4385D,0,substitution,"Provinzen im Peloponnes zu besuchen, augenblicklich"
TSB0B3880F0580,0,substitution,les stratégistes de la Chambre.
TSCE1365B8D3FD,1,none,1335 FAUTSCH.
TS0DCCF21088D4,0,diacritic,"sons: la liberté de la presse, même avec le ré-"
TS15A3E81180E5,1,none,"Alice, et ses craintes pour Edgard, dans le cas où"
TS10216FA69E18,1,none,aber einfacher und leichter auszuführen. Ob
TSE78B14F25767,1,none,sans que le montant total en dépasse quatre cents
TS5D525A18C930,0,substitution,"niger bekannten, ja im Laufe der Zeiten ganz ver-"
TS4ED398A43C5B,1,none,bardé par le fort Rumigny. - Dans les
TSD07144ECBE97,0,diacritic,FROMES Florentin.
TS94115C4A6C9B,0,diacritic,(Journal des Débats.)
TSF4D73221B935,0,punctuation,mäßheit eines von der Kammer zu bestimmenden.
TSF53C96A2C9D4,0,spacing,"forêt de Kent-Vilmos, puis, quand il a"
TS7CFAE39BA864,0,spacing,darüber überflüssig ist da jeder Deputirte von Hause
TS7F2A452FE0E9,0,diacritic,"„Agréez, Mesdames, mes remerciments"
TS247E8BAFB28B,1,none,"der Frühling, nicht „der schöne Jüngling mit seinem Blumenkörbchen, die"
TS1FC1B885F4C8,0,punctuation,"vor einiger Zeit ein Haus gekauft, das sie für"
TSF79070013F34,0,punctuation,"De Caro. - Fièrecht net, dé d’un ons neischt, mir hu jo"
TS5CD3538F0820,0,spacing,"Verfall unserer Institutionen, welcher durch solche Dinge"
TSC477ED3BC273,0,substitution,"Deux mille Italiens, venant de Trentè, sont conduits"
TS52A2AE36F436,0,substitution,wir daß das Hornvieh nur Srch zu seiner Nahrung
TS047EA94FEE0B,0,diacritic,"indirectes? D’ailleurs, quelles que fussent"
TSF5158ED50A28,1,none,"von welcher sie nur ertragen, nicht aber geliebt wird."
TS88360D7DB596,0,punctuation,continuait à jouir du plus grand calme.
TSC503B9B66312,1,none,"ärgern, daß die Lise der Wähler vom 20. Sept. ab⸗"
TS185A4DE3E6FD,1,none,Le Président exerce légalement une action sur les mem-
TSFC101F573E9C,1,none,devra forcément établir des listes électorales
TS959FEBC44B53,0,punctuation,hauts et des bas dans la santé impériale.
TS6762C122801C,1,none,"„verneur, d’agréer l’assurance de sa haute con-"
TSDA7E1ADF9836,1,none,"ermuthigt, dem Kaiser den Rath zu geben, sich"
TS01EE703FF7B1,0,substitution,"«On donne comme positive, dit ce journal, la nou-"
TS97D3797A1390,0,deletion,étrangère pleurer leurs rêves aujournés à long-
TSA46AF0B91504,0,insertion,Hasler versandt. Für geschulte Sänger ist die Messe eine
TSA9C2A6BD8675,1,none,das Zutrauen der Krone verloren. Dieses werde sich nicht
TS81EB08B10C7C,1,none,toyyens dotés seulement du beschränkte Un⸗
TS54415954442B,1,none,à l’instan de la Couron ne .....
TS2553C72A21D9,1,none,"ren Ackergeräthen, oder in Obstbäumen, in Abzug"
TSDC58A9B7C360,0,deletion,"B’hüt in Gott, es konnt nit sein,"
TS528479697FB0,1,none,"„geben müssen, die seine Lage durch Arbeit und"
TS82307807712D,0,substitution,"neuer Gegenstände bedarf, um Vergnügen zu haben."
TS4958B443253E,1,none,zu treffen wären. In dem⸗
TS1598B2A81548,1,none,"cens électoral à 10 francs, cens qui a été"
TS655841D94A96,0,substitution,elle travaille à l’expédition des dépêches qui lui ar-
TSF42F169B1E69,0,insertion,"Courrier in so Vie1er und gekommen, so mußte"
TS0CA12F44B8D3,0,deletion,Ce mit si und
TSCA8058D26FE0,0,insertion,Krrrrr-àch
TS331F31F2DCE2,0,mixed,"de, ff. 44 Thlr. per 130 Quart a 900/0."
TS0EAE299B8750,1,none,auf dem Heuboden bemerkten sie Spuren welche anzudeut⸗
TSE8AB2FB2D105,0,substitution,"und Musikchöre aus Brüssel und der Ungegend,"
TSD60E6B4D64EA,1,none,falsche und höchst schwierige Stellung gebracht.
TS7A6F173B16F5,0,substitution,"indigentes, quel que soit d’ailleurs le nombre"
TS67DF58B53A82,1,none,"1er Prix. Ncuberg Jos., de Luxembourg; 2e, Mo-"
TS4D44A03579E5,1,none,La Diète a prohibé l’exportation des chevaux pour pouvoir
TS66CCD4B81DC9,0,spacing,"tion de 1815, et, pour mettre le ridicule a son"
TSD2D66D5A5BDB,0,insertion,"vait être enseignée à l’école normale, il y a déjà quel-"
TS329FA44F9BAB,0,deletion,"wieder sich zu äußern beginnen, des möchte in"
TSAD8F47267F84,0,punctuation,§ 13. «In den Messen und Officien für die
TS50F95F7E0937,0,punctuation,au début de la session. C’est là une louable
TS755B3CA68FA0,0,deletion,thu nun der Hund? Er springt zur offenen Stubenthür hin⸗
TSA94B0BC32EB4,0,diacritic,nistres.
TSCF0D0AE13AA3,1,none,"La révolution, qui s’accomplit dans le Grand-Duché"
TSFDFED64A5497,1,none,Luxemburg. - Druck von Peter Brück.
TS7B7B2865B901,1,none,"„Si, suivant les traditions, malgré deux votes"
TSC3B0DBB6740D,0,insertion,"cupé les esprits et tant agité l’opinion publique, a"
TS1810A7614030,0,substitution,"les ignobles déchireurs de ma patrie. Ah! oui,"
TS4455F84CC1C5,1,none,généraux et officiers qui s’en sont rendus dignes par
TSA0E6997C1682,0,insertion,"entoura la voiture de LL. AA. RR, et l’une d’elle"
TSBA5FF17E7FC4,0,deletion,"Pour le moment, le gouvernement n’a pu faire de"
TS9415C8FAA15E,1,none,placer le système préventif par le systeme
TSA06EF9756B35,1,none,"ten Hand das heilige Gewand, und bleibt dann noch"
TS8C9E1D1C5B73,1,none,le sour
TS37ADAC916B3A,1,none,"supposer seulement qu’il ait pu, de gaîté de cœur,"
TSEA5AF3363AAC,1,none,"M. de Buol, ayant reconnu dans la réponse du ca-"
TS53FFB4BE929A,0,spacing,tions polonaises auraient été tramées à Paris.
TS7B2D6444BF5E,1,none,Vienne pourra bien expier son obstination à
TS0043EABDD9D3,1,none,"juge, qui consistent à appliquer la loi, sont absolument"
TSEA46BB3F5E54,1,none,Gemeinde⸗Angelegenheiten vom 21. Sept. verordnet:
TS5A1680863C38,0,mixed,"Seiseöl und zum Brennen verwendet, ohne es"
TS4783EAEDC244,0,diacritic,lich ungültjg.
TS6E48979DA719,1,none,consacrée par Paris. Meyerbeer y
TSC17717BA28A9,0,deletion,"und sehr oft mitgesungen, und der kann die Tra-"
TS098882CFD0A0,0,deletion,"ces conditions, le ministre répond des élec-"
TSAA2B26D5BE75,1,none,"En Orient, une amélioration très-senible"
TS2BCC190FF186,0,deletion,"Ich haben dir noch nixt geschrieben zinter daß ich fort bien,"
TSBAE17B85B387,0,punctuation,portée qu’il ne paraît à première vue.
TS0EDAE6D96369,0,substitution,und Vergnügungsplätzen aller
TSB12F6F8BB72D,1,none,"nend, durch kritische Vergleichung und Abwä-"
TS6B4083F63C33,0,spacing,"und Kraft in dem kranken Knie, daß die Gräfinn"
TSB47D28BD79CD,0,spacing,"ci-devant demeurant à Wiltz,"
TSBED74DA8AC3C,1,none,provisoire en votant un cens de 10 qu’en
TSE1ECCDBF863C,0,insertion,"15 Gld, bis die Besoldung 700 Gld. erreicht."
TS59C2B8C55730,0,substitution,„Gêt s’an de Schât a bréngt - èng hârt Kûscht grézéch BBrôt.
TSDEB11DACFF82,1,none,Erlernung der neuern Sprachen und anderer
TS5B8684CEFA9D,0,substitution,"Java Tafelreis 8 a 3/4 Thlr., Patna 7½, Aracan 51/5 a"
TS6E70573945BC,1,none,le Gouverneur n’a soulevé qu’une partie du voile qui
TS27D7F69A54C2,0,insertion,Mir auch steigt der Himmel wieder
TSBAD1C390210A,1,none,"erhöhen, aber sie gehen sammt und sonders in"
TSD22D68E3C097,1,none,der Circulation des Geldes und dem Austausche
TSB90811A828BE,1,none,"befindet, doch anerrkennen, daß er es ist. Sollte"
TSD1C7416A6ED1,0,punctuation,Arbeit liefern werden. Somit kommen wir in Be-
TS4779CFE5B5DB,0,deletion,"schnellen Trabe zweiter Pferde, und vom"
TS3910A92636BC,1,none,"der Thierarzt wird erst dann gerufen, wenn es"
TSCDBCBC957B68,0,punctuation,"den Meliorationen gehören, z. B. die Ent⸗"
TSAB7ED0A40A1D,1,none,"Sie liegt in dem fluchwürdigen Streben der Kinder der Welt, die Civilehe"
TSAB0F5142ED0E,0,deletion,do. eff. - per 100 Quart à 9O 0/0.
TSE39EE13D41BD,1,none,"führte. Unterdem Schiff der Kirche, das"
TS611E891A2935,0,substitution,"Import⸗Ueberschüsse von Reis Hafer, Hülfen⸗"
TSBE9D52028ACE,1,none,sentiment de mauvais vouloir. Nous avons
TS66A50964BA88,0,mixed,Ausnahme in dieser eigenthümlichen Silbenver-
TS76E523D89DC9,0,substitution,propos de notre force dans l’interprétation
TS89D92F099EB3,0,insertion,Helen.“
TS4482A8166F9D,0,spacing,brach zum ersten Male seit einigen Augen⸗
TS053DDA6A26F0,1,none,„ Col⸗Bg 6.02 7.29 11.53 S.19 7.17
TSAD6605B05B3E,0,deletion,l’Etat vient d’ordonner la construction de
TS03D55FE702C6,0,substitution,électeurs de Naples que l’ancien dictateur
TS10F8FC3DCB7B,1,none,éviter.
TS5F7FE2110711,1,none,"kr, von Biwer"
TS1C82996B686C,1,none,"bunal susdit, le deux juillet 1800"
TSEE1DEEAB13EB,0,insertion,„seize ans qu’on n’oublie jamais entièrement; elle est comme
TSBE451815EBF5,1,none,"reconnaissance, parce que moi, sachant que ces ca-"
TS4878CC7C6BCA,0,deletion,Kartoffeln hat ihnen diesen Strich durch die Rechnung
TS2376DBC91986,0,substitution,"wesen, wie es fast scheinen möchte, so ist in der"
TS8402A9C5701A,1,none,tagnes.
TS3A585039926A,0,substitution,Fels nach Echternach ... 6.30m
TS9E6663A4DBE5,0,insertion,"nigen, die ich gesehen und gehört habe, urtheilen"
TSC6D62A571272,0,spacing,plaisir en declarant publiquement que la compagnie
TS948E45D394AE,1,none,herrscht nur Eine Stimme des Lobes. Wenn
TS33C8D5443E12,0,substitution,leur corporation même de tout soupçon d’une coopé-
TS4B4DB6B64B01,0,punctuation,"Agio sur l’or, 687/8; change sur Londres,"
TSF57361BEFA4A,0,deletion,"d’une époque plus ancienne, celle qui, en 1806"
TSDD97E3F6D777,1,none,il a passé en revue les travaux des différents
TS666DB12EF7D8,0,substitution,grandes questions européennes n’a été réso-
TS226C766AD532,0,insertion,"Nous avons pas, comme la Bel-"
TS29FE5E99A8F5,0,deletion,„diese et quoi qu’on fasse c’est toujours le droit du plus
TSC42CCAED3A98,0,diacritic,"maines, bien qu’ils connaissent, d’avance le"
TSB9D413CB49B7,0,diacritic,"sen, a été chargé de proposer au"
TS98F7F2A8E69A,1,none,"nach, und um es Euch noch zu erleichtern, der, hinter"
TSD0BFEDE74DD9,0,spacing,"Priester trug ein einfaches Meßgewand von Wolle,"
TSD211720482CD,0,substitution,"ce Klang hoit ons geréh’rt mat èngem mècht’ge Schlaag,"
TSCC348D2EAE6C,1,none,"principien normirt werden, welche allein Art"
TSCEAA9855E353,0,deletion,der ein demüthiges Herz. Aber wo Schulden eine
TS06C65C69CE3E,0,insertion,desselben gehören theils den von der italienischen
TS575505604D5E,1,none,er europäischer Verwickelungen vertheidigen und
TSEFD4C1D05BE4,0,insertion,de leur aurole nobiliaire. L’inexorable
TS8D1975EC2E93,0,punctuation,mels vulgaires qu’ils respectent les biens e
TS22DB6B8F294E,0,deletion,"de technologie, à l’université de Grand. Elle formera 2 vol. grand"
TSA00910F44DF6,0,substitution,"siècle, ait été plus favorisé que les églises par les pieux donateurs. Un statistique."
TS1516D1C0B960,0,diacritic,"D’Kètté, - Budget! - Et stu ong och neischt am Budget wé se de Percep-"
TS8AC91405FA00,1,none,"un preuve honorable de leur fidélité, repoussant le"
TS2505665566A7,0,insertion,"(Wenn auch nicht so stark, Aehnliches aber kommt hier auch or)."
TSEA8BAF3C44A8,1,none,den an Lord Ellenborough in England ver⸗
TS00545A3CB428,0,substitution,Ceci prouve qu’un emplacément de faire
TSB7D55EA8AF12,0,substitution,"aussi considérables de l’impôt direct, croit-"
TS9045F5BA0CAC,0,mixed,"wie es scheint, hat er einen langen Arem beim Minister,"
TS4B839AF86F6E,1,none,halbe Stunde vor dem Abgange des gewöhn⸗
TSBA92469788F4,1,none,"leisten hat, die Feier jedes anderen Heiligentages"
TS135AB4F97AE2,0,mixed,"effective per 234pfd. 81/2 a B.,/3 - G."
TSDDC56E0169E1,0,punctuation,outre le délai à raison de la distance
TS87E4DEDA665D,0,punctuation,La petite poste est supprimée jusqu’à nou-
TSBE34A268E716,1,none,"sprach er den Wunsch aus, der nächsten Kinder⸗"
TS8D6513082819,1,none,sition directe avec nos lois et nos libertés civies; qu’il est
TSF6EA52FEAF08,0,deletion,"Mir ist so wonung in den Tagen,"
TS8DF42A336976,0,deletion,"condoleance, je partie... Il faudra les payer"
TSA6FDF07763EF,1,none,galete. Les canonnières ont été reçues cha-
TSF5ACDF921882,0,punctuation,nouvel effort obtiendrait probablement quelque autre
TSF56D64ACF272,0,substitution,"dit Neuhoff-Draudt, au profit dudit sieur"
TSD37783986416,1,none,"Napol d’or 5,11. Fr Kronth. 1,16,9"
TS4B36705BDB71,0,punctuation,Chaque Etat est libre de réserver à ses propres
TSAE0FFDCACEB6,0,substitution,wenigstens das Prinzip in der Verfassung anerkannt
TSD3B5722C8928,1,none,taires le permettent.
TS52B43579705A,1,none,"melt, dann kann er leicht zu weiteren Unterneh⸗"
TSCAE2AF800C39,0,deletion,"mêmes provoquée, par la diminution notable du"
TSDD905F8031E3,1,none,c’est la branche d’olvier à la main
TSA3A2472E97D4,1,none,la question des droits des femmes.
TS00AB501051AE,0,punctuation,"Hauptfeste, fowie Lichter-, Aschen und Pal-"
TSD365567C1ACE,0,substitution,"Zustande, daß wir nicht begreifen können, daß die"
TSC561DA493BE4,1,none,Il a été signifié et dénoncé au sieur Jean
TS30DEB4B654D7,1,none,nach Indien. Die Fahrt ging Anfangs glücklich von
TS6D90FB1119D6,1,none,culière les travaux qui s’exécutent ici par son ordre.
TSB31EF57ECAF7,0,substitution,geschriebenen Berichte zu urtheilen und dieselben zu
TS588870D2E825,0,substitution,lants condamnés aux dépens tant de l’instance
TSFBC4C62F84F0,1,none,trop fréquemment les jours où chacun cherche
TS44E9ABB34A98,0,deletion,„C’est d’une tristesse navrante. A seize dans cette chau-
TS55273E5AC5BB,0,substitution,wendig hergesagt. Sind auf diese Weise sämmt-
TS2389E7450EA7,0,deletion,"Clichy et la rue de Saint-Petersbourg, c’est-"
TSCE8C218DFBE3,1,none,venez vous faire ici?“ einen äußerst
TS2FDE581B9144,0,deletion,extremen Horror von allem Wunderbaren die ersten
TS2A1A3532F79B,1,none,ment des intérêts et fonds d’amortissement
TSCD5EFA8A7FDC,0,punctuation,bérations sur le budget. Elle a voté des lois
TSB09C3D649A5F,0,punctuation,"Wort und lassen, in"
TSFB071793F4C9,0,diacritic,Un grand nombre de citoyens se sont portés
TS380F11FDCED2,0,spacing,sur l’application des fonds destinés au paye-
TS68FDCD4C9781,1,none,hohen Dom. Dies ist in der Kürze die Thatsahe.
TS23589817BF8C,0,punctuation,hältnisse um zehn Uhr erklärten die Seeleufe aber je⸗
TS81303C10E92F,1,none,"sans regarder derrière moi. Dans un an,"
TSAFF9778F0DE2,0,punctuation,nicht ein Fingerchen darf man ihnen dort reichen.
TS8A083805FCD1,0,punctuation,gegen 11 Uhr auf dem Newski⸗Prospect ein fünftes
TS6DEADAC7F75B,0,insertion,"des préoccupations sérieuses de l’avenir,"
TSB35BBC4C3B26,0,substitution,nier paroxysme du désespoir. Ses sous-
TSF43BE850C782,0,substitution,von persönlichen Dafürhalten sprechen wir nicht -
TS9D17D5129C5A,0,substitution,deutsche Kammern sich das Recht vorbehalten woll⸗
TS669B9198FBDE,0,insertion,cée d’une progation.
TSEE4C01505FCF,1,none,Zwei der Kanonenboote sind heute um 10 Uhr Mor⸗
TS290CA761779E,1,none,tempstives du commissaire de police Schme-
TS592CA777EF9D,1,none,"Lohner, rentier, Liège,"
TS1FDABB2F8BE3,0,substitution,- Durch Königl.⸗Großherzoglichen Beschluß vom 29.
TS690DC1BC8C37,0,mixed,"Hochzeit war’s, woran die par Alten, die aus jener"
TSD8F8D88C23DE,1,none,"nehmen, will ein neues, eigenes, wie es scheint of⸗"
TS7B091BDB0521,0,substitution,1. Fünf und vierzig leicht ausführbare melodische
TSBB093400FED0,1,none,"Ich weiß nicht, rief der alte Capitän schaudern -"
TSA9416FD1E53A,1,none,"La Bulgarie formera un Etat particulier, sous"
TS5C92F8A90310,1,none,"sagt der Welt, daß Rom ein einiges Italien, aber nicht die"
TS57BF84170753,1,none,worden sein.
TS4972ADB20F0E,0,deletion,„Les dames de la cour de Votre Man
TS5E13F693BB16,0,punctuation,3 Silbergroschen beschlossen ist es wird diese Maoaßregel
TS39D953120F2C,1,none,course dans la direction de la forêt de
TS327F19D83061,0,insertion,"Pierre Huss et un sentier, et vers le Sud à une"
TS71A8569056C0,0,substitution,"und Sehnen, das ganze Gelenk wird aufgetrieben,"
TS74577299C6CB,1,none,De Tracy regretta d’être seul. L’occasion était
TSD89334CB5F44,0,deletion,"du plébiscite qui aura lieu le 8 mais,"
TSEB1BA42C03D7,0,spacing,Sehnen der Beugemuskeln in der Kniekehle zu
TS4606E63B73B1,0,insertion,gelegentlich den Ausfall ersetzen.
TSD8A4F190163C,0,substitution,"werden, als, 5. Mathias, Thomas von Aquin,"
TS2AE4278A17F8,0,insertion,"sich verbürgende Gesellschaft ist, daß er"
TS5601A1D7022F,1,none,vant le veau d’or. Quelles singulieres études j’ai faites
TS67BCE668F278,0,spacing,und - wann sonst ein Fest solemniter et cum
TSCFF3C87F0F11,1,none,rier au pape Alexandre.
TS772E7EED1394,1,none,"turelles, et quant à celles-ci il les extirpait en mu-"
TS4E25CD981467,1,none,leur corps une piqure d’aiguille.
TSCA06B9C11A1F,0,substitution,Bürgermeister Faber von Wiltz am vorigen Mitt⸗
TSF5B84A377197,1,none,"Gefähr, an welches es gespannt war, durch und lief ver⸗"
TSD7D453A7DDED,0,substitution,"und ihm erklärt, dadurch, daß er einen Bischof, der"
TSBE0FD7F8891A,0,deletion,"pompes hydrauliques pour vider les citernes,"
TS50DA9ACA1642,1,none,Verfassungslebens zu gewähren welche auch
TS2C89D5CA846F,0,spacing,rial zu Zimmerbesen und Teppichbürsten. Mir ist keine Pflanze
TS13B93A18BAC2,1,none,Cettinje ward am 18. d. M. ein massenhaft be⸗
TSE8C5E227CC45,0,punctuation,exploitent que lorsqu’elles n’exploitent
TS96A66FF70237,1,none,"Confédération germanique, et un dithyrambe à la"
TS92891BA175C8,0,spacing,"de la démocratie, pour avoir été trophâé,"
TSC28E7C6A60EE,1,none,"Et, tout en marchant, il regardait le ciel avec bon-"
TS9DBC2915D36C,0,diacritic,"geboren und 1582, über 100 Jahre alt, als Mönch"
TSA033B2AF94DF,1,none,durch Beschluß vom 11. November 1868 eingesetzt;
TSD1CBC3FDE09E,0,insertion,"mort d’une vieille fille, la nommée .., bien"
TSE536ED74F70F,1,none,mille francs pour garantir l’exécution des enngage-
TSA44A3402CB85,0,diacritic,"H. Pescatore zum Präsidenten gewählt werde, sei"
TSD9FE7C226F0E,0,substitution,Grodne et le caractère de généralité de
TS540C02B1CCA2,1,none,palmes. Le ciel a récompensé cet acte de justice.
TS710B17999105,1,none,Leben angenehm machen will. Monstre⸗Hotels mit
TS3596BE060043,1,none,lich zu stören. c) Die fünf sonnäglichen Ves-
TS64B1BD345A6F,1,none,du canton d’Esch avec le Gouvernement.
TS77A913F127F8,0,insertion,monde.
TS4C9802741110,0,substitution,mettre un frein à la liberté. Le parti catho-
TS044DAB678C7B,0,substitution,"40 La veuve Schleich-Gœres de Buderscheid,"
TS6A9F4B670608,0,insertion,abgeben. Vorerst eine Muttersprache zu ge⸗
TS705B941E62BF,0,deletion,„Je ne porterait point de jugement sur le projet;
TS24FCE4E2EE84,0,punctuation,"mois de mars 1858, le bénéfice d’une situation à peu"
TS4488E2D66E65,1,none,Il n’y a pas eu de cas dans le Brabant
TS05DA08BAD51D,1,none,Autriche. - Le Debat apprend que la Sublime-
TS1E492E161562,1,none,den Norden gar nichts an. Allerhöchsten Orts will
TSC921E10A8980,0,deletion,"de Tornaco, Ministre a’État, Président du Gou-"
TS23D82F817A9F,1,none,"quelque accident, elle craignait que M."
TS18E276A36064,0,substitution,de ces provinces.
TSBB606CF9F6DE,1,none,sion pure et simple aux conditions de paix propo-
TSC6267DD2BD14,0,deletion,"que je me trouvais assuré à la fois, et de mon fait,"
TS11EFDB3A8C4C,1,none,"N° 3) veröffentlichten Briefe, er habe einen nicht"
TSA0B9B78C93BC,0,punctuation,"wollte schlechterdings nicht vorwärts gehen,"
TS23F67791CB24,0,substitution,raconte à ce sujet:
TS9E93264679D0,1,none,gehoben; die Geschafte desselben werden mit denen
TS38D23C0368C1,0,punctuation,"Komponist für Gesang und Orgel, Dichter, Sänger"
TSDFBBC8F7CB62,0,substitution,Benutzt zu seiner Habsucht Gier.
TS568DD22DDFC9,1,none,"bis zum 16. Jahrhundert, während von da ab die"
TSC674E2A6A9C0,1,none,"formellement, que ce St. Grégoire pouvait bien être"
TSB0FCE81DE785,0,spacing,"Nathan, id. Bingen."
TS57B9C9654FF7,0,deletion,lichkeit und der Furcht Dauer verleichken.
TSAB69DC134BEA,0,insertion,mains de Monsieur le Procureur d’E-
TS8AD7AB5C3D3C,0,diacritic,"alors le candidat unique présente, ou si dans les"
TS413A391DEB28,1,none,"crime commis par la voie de la presse, et en cas"
TS5E36C1481997,0,spacing,wegebau durch seine Vorgänger ausgesprochen. Nun
TSD119042DCD0E,0,substitution,"de personne, a reçu de son corres-"
TSFCEC74439223,1,none,"sind die HH. Franz Krewinckel, Banquier, und Gabriel de Marie, Han⸗"
TSFD98711BD003,0,punctuation,sie schon sehr gut bekannt.
TS28CDFEDB5734,1,none,à Naples et dans les Abruzzes
TS65DE32549BD1,0,deletion,neuen Gewicht und zwar:
TSC989B0066706,0,insertion,"„le candidat, souvent unique, qui est décoré d’un"
TSF0F56A6802A6,1,none,"Général; la Cour n’est donc pas complète, et si le nombre"
TS5B86183E6E41,0,substitution,"d’un bout de la terre à l’autre, elle a ouvert à la médeci ne un"
TSAFB944B847BE,1,none,"Coconußöl 14-15 1/2 Thlr., Palmöl 15, Leinöl 12 5/10,"
TS4E8396F746E0,0,insertion,Debatte bewies abermals die Stärke des Ministe⸗
TS9C9A62E3F801,0,substitution,"faussée par l’intérêt, et qu’il est admis qu’en poli-"
TSA21208FF9E9A,0,spacing,"qui se trouveau Mémorial, mais il a oublié"
TS9ADBAA22061B,0,deletion,La russe est cousue de fil blanc. Mais
TS6059640404A7,1,none,Mann Bundestruppen.
TSAE58A2E8F31C,1,none,"mögen, sie verkümmern, und dadurch magern die"
TS12648DB9C4C0,0,punctuation,furent munis de retranchements et pro-
TSF6219C10C663,0,spacing,»On a vu par l’acte d’accusation que nous avons
TS0792C332CBA4,0,spacing,vinces sont tranquilles.
TS85C914F394B6,1,none,nisse:
TS34DBD0B47D4A,0,spacing,ponse faite par le cabinet de Vienne à une
TSACC1681C7ABD,1,none,"„des Luxembourgeois, pour ne pas croire que, s’ils"
TS586B26F02000,0,punctuation,"a grer à la république chilienne, un projet"
TS8FB78E6EFB35,1,none,n’avais-je pas raison de dire que la chasse
TSA5C3CF47317B,0,insertion,tionsentwurfes hat keine ungetheilter unsern Beifall
TSA0517C614A7F,0,substitution,"Turin habe man, un rasch aufzuräumen, beschlossen,"
TSC05CB35E3AFB,0,insertion,du bassin de Charlerai que le bassin
TS65CE1C76FAAD,1,none,"M. Vuitry, ministre présidant le conseil"
TS3D04483DED66,0,spacing,"bellum actis, pax personis. -"
TS0FD34EFEADCA,1,none,xembourg vient d’avertir la popula-
TS0A9347172252,0,insertion,"mitten in das Wasser hineingesprengt, das"
TSF64F49B8958E,0,deletion,"Ungestüm den Thurm, in dessen Innern sie"
TSB8F851AEEDBA,1,none,"7, Bengal 45/10, Uracan 65/10-52/10 Thlr., Pfeffer,"
TS6575A0F91431,0,deletion,"Wann d’Nohwelt iiwer ons d’Geschicht ’mòl spéder freet,"
TS9ACAC135BF3D,1,none,apportées à la distribution en France des jour-
TS078D6471C415,1,none,- Quel est il?
TSD6B1BDCA6A75,0,substitution,"haben sein wird, wöchentlich statt 2mal, 3ma er⸗"
TSBDB2AD30FC88,0,diacritic,rait avoir moins bien réussi à captiver son assentimentf.
TS232E53BB3A7D,1,none,a fait naître. La Russie étant éparée de la Turquie
TSB5904059654A,0,diacritic,"et ses mineur Millard-Fuvhrman, tous du me-"
TS1C724B5326FF,1,none,rangement de la question de Neufchâtel.
TS4AEB478E4F23,1,none,"D’Kètté. - Enfin, Mimi, e Fait deen net ze contèstéren ass, dât ass ass"
TS5A81BA63F116,1,none,Kammern. Beide werden von den Offizieren
TSCC373E38717F,1,none,II appert
TS5E21A29E3E77,1,none,"begeistere, sei das Vaterland, und ganz mit Recht. Derselbe"
TS6313E55EA1B2,0,punctuation,"vient d’échouer, pour la deuxième fois. La nouvelle"
TSFC41A985B3C1,1,none,de Hrn. Ducos durch den Telegraphen in Kenntniß
TS6F1B0D0DA052,0,substitution,dans les Saltimbanques.»
TS4C964495FF3B,1,none,dont notre traité avec l’Angleterre a été le
TS0F68819829F9,0,substitution,d’un bout sur le comte de Liedekercke et de l’autre
TS4F7B9800C0DB,0,insertion,"Pélican, a surg des cendres de la fameuse abbaye"
TS39817B051DDF,1,none,"fällten Urtheile nicht her vollstrecken lassen werde,"
TSC99342B51043,0,punctuation,verglichen werden mit den Franken. Sie ha⸗
TS835FE873BA28,1,none,"Seul confident, seul témoin de mes pleurs,"
TS9E32072FAA6F,0,substitution,D’Mimi. Dàt wärt mer nèsz èppes sin!
TSFC9F5A40EDDB,0,spacing,"beiten berechnet und vergleicht. Preußen, welches"
TSDE731B914C8F,0,diacritic,"villages de l’ile, où par suite de ce sinistre"
TS75A6EAA54CDF,0,deletion,sumé de la jurisprudence sur les questions
TSDB23D33E3495,0,substitution,„bornes. Souvent je ne sauvais de l’école pour vagabonder par
TSD03E681BBE4F,1,none,"Cela posé, que penser de le conduite du"
TS27EDC0FA1F4B,0,substitution,"pour le dimanche suivant. Après son départ,"
TS7C03F9B76D84,1,none,auf Kosten der andern zu bevorzzugen. Jeder andere
TSAFB34914CE47,0,diacritic,La où la jurisprudence ne s’est pas pro-
TS068C9F1FA269,0,substitution,"des maîtres, c’est de ne point les re-"
TSF789AF513E88,0,insertion,bon dans l’avenir.
TSD6156F756F21,0,deletion,"niß zu setzen, nach welchen sie sich, hraft des Vor⸗"
TS5E87FBD6BA44,0,diacritic,"peu de mémoire, parce qu’en supposant que je fusse"
TSAAF03E8391BA,1,none,mehr sie ist jetzt am entgegengesetzten Horizonte. Wir
TS047FC8D21AD6,0,substitution,"tikeln eingebracht, welcher die Frage gesetz⸗"
TS6793BA3F9A2A,1,none,"de votre léthargie! L’heure est précieuse,"
TS0DC229AAB678,1,none,"re, wo die Mädchen endlich auf „„uftschloß und"
TSED6A84107BFF,1,none,Il jeta son cigere.
TS32A2DEBA1665,1,none,"Für den Bauer aber wird direct gewirkt, wo es"
TS60BE1DA42C7D,1,none,"Fischer, Gras, Greich, Hardt, Hoffmann,"
TS093859783479,1,none,"On lit dans le Progrès, de Verviers:"
TS7EB76EAF6471,1,none,Was den Trappisten Entbehrungen aller Art er⸗
TS4494BF97DE28,0,substitution,sera souvent entendu; »et nous lisons dans les con-
TSBA540E6A1EB2,1,none,leur petit nombre en mettant en avant un
TSF9A7160777B1,1,none,"angeordnet, um die Züchter zu besseren Leistungen anzuspornen."
TSFFD14E1A80C0,0,spacing,"n’eut pas, du reste, d’autre suite."
TS1B9AC72C9721,0,insertion,"nur dadurch begegnet werden, daß die Regierung die"
TS1CA1CFB4E52C,0,substitution,treprise sont déposés chez le Conseiller supérieur des
TS0C60FF8EB3AC,1,none,"nora und ihre Tochter, wie einem vertraulichen Kopf⸗"
TS30F742892F9B,1,none,"sauvé à l’exception de cinq hommes, dont un aide de"
TSCD1B5B8070FF,1,none,"ben an der Pracht, der Ver weichlichung und"
TS00DCA981844B,0,substitution,italienischen Consularrichter Herrn Pulega.
TS995D41E4D156,0,spacing,Par arrêt rendu par défaut par la coursu-
TSFFC5AD5844D0,1,none,gen die Regierung Santa Anna’s und für die
TS3481B486D796,1,none,"ren Theilein Finsterniß gehüllt sind, die Stille der"
TSB4341C73F778,1,none,l’harmonie crégorienne et l’harmonie sociale.
TS3FEAB70EE716,0,substitution,mittel gegen diese Unruhe und schmerzliche Krankheit
TS3EE1F0954753,1,none,tion de la loi de démonétisation.
TS1BE1D4B6F5ED,0,substitution,"cent quarante-sept, moyennant le prix de cinq"
TSB05224AC2A20,0,substitution,Recouvrements dou-
TS42B60760A0AA,0,substitution,"œuvre pour en empêcher la réalisation. Or, pendant"
TS73F4AF07146A,1,none,Art. 10. Au moment de la distribution et publi-
TSE062AE6133B2,1,none,pu nous flatter de cet espoir; mais ce que
TSB6824056C46D,1,none,et de mendiants qui fatiguaient les passants de
TSFB75AE4F540A,1,none,à la question de la réforme fédé-
TSED6BEB8E9077,0,substitution,"hungen und Auspfeifen abgehalten, ihrer Ueber⸗"
TS27F11382D375,0,insertion,"A RIS, 25 août. - 3 p. e. Rente franc., 66-17.-"
TS7FC72713669B,0,substitution,confondre les républicains avec cette
TS1367F0778704,1,none,ont ressenti l’influence de la crise dans la-
TSE1B1E0A73C3E,1,none,adresse ne l’instruirait pas des causes de
TS37731AF24E0D,1,none,"Häute⸗Geschäft war es wie immer um diese Zeit, wo"
TS6177C7F84326,0,substitution,et le Chili a inspiré des craintes au com-
TS0A5452391AFA,1,none,"Mamer; 7e, Hubert Ch.-Aug.. d’Ourth."
TSA59712FCADCC,1,none,getrieben und mir ein ansehnliches Gebiet
TSDE965DE7BD49,0,deletion,Um unverdientes Lob zu ernsten.
TS5725804C371D,0,insertion,"Und seinem Schweinebraten sitzt,"
TSDCB936C1E145,1,none,"„tête cette haute voûte verte que le soleil perçait, ici et"
TSCC17B2C7A1D9,0,substitution,A la fin de ce somaire succint des événements les
TSF608658DEAE3,0,punctuation,"retourne l’argument, et je dis qu’on se serait"
TS33DB15483912,0,insertion,das Auge im Ablesen der Signale (in diesem Falle im Ab⸗
TS38E1C485AFB9,0,punctuation,"incrédule, la plus religieuse et la"
TSBF66731C71B9,1,none,l’air de comprendre ce qu’elle disait.
TS1CF3F00576E0,0,punctuation,"- Monsieur, répondit Stephenson, j’ai des amis dans e"
TS3BDC4D035465,0,insertion,"Roggen niedriger, eff. hiesiger 8½ B., gedörrt 8-½"
TSA8EBB6858F86,0,punctuation,"lui des lettres du vice-gespan, et il parle"
TSA5145A85396D,0,substitution,et rudement châtiées par le commandant de
TS7AF645F0A135,0,deletion,"part, nicht nach der in Deutschland verbrei-"
TSF1BE271DC45F,1,none,comme une démonstration militaire en fa-
TS12D92C9C6FA7,0,mixed,Königreich Italien in sich schlossen. Unglücklicher
TSEF570C2B720E,1,none,"noch nicht ihre Listen eingeschickt haben, ihm"
TS7EA42D2251DC,0,punctuation,députés quelque temps avant le terme
TS0B28A60F7E0B,1,none,müssen.
TSD9B2442E6073,1,none,gerfabrikant und Besitzer der landwirthschaft⸗
TS1724104FCA0D,0,insertion,"vun etlechen haut nach, wé et schengf, fir ge-"
TSD995B4A844F5,1,none,"l’air d’être inspiré par la haine de la France,"
TS3E717D4B98FA,0,substitution,November 1860. „Napoleon
TSF9B7D1E2E62C,0,punctuation,"une question, où leurs intérêts sont"
TSC14D4AF0FD38,0,diacritic,eines mäßigen Hügels in dessen Hintergrund
TS3E86B8D19216,1,none,ist in Frankreich der gefährlichste Gegner.
TS4CC982DAF566,1,none,"faite par Jean Peters, ci-dessous qualifié, sui-"
TS7D7AD6D4E4B4,1,none,"Samedi dernier, les scellés apposés au"
TSAB9A276B6ABA,1,none,"lenthalben, wo wir Grenzen finden. Ein unbestimm⸗"
TS4C8EF4FCC640,1,none,lombine entführen will
TS0B1B7854160B,1,none,"Mexique, a débarqué à Vera-Cruz le 10 avril"
TS1C7A4B7E927A,0,punctuation,"im slavischen Europa, und die nachtheiligen Fol⸗"
TSF78145448E12,0,insertion,"Rom, 14. April Da die mit dem Fürsten Torlo⸗"
TS25BF4B37C676,0,substitution,est autorisé à croire qu’elles arrivent pour la plu-
TSEF9BC0A306A9,1,none,"sans avoir prévenu suffisamment le public,"
TS04AAE484BE9E,1,none,"riches pays, qui avoisinent les provinces prus-"
TS05BF0402FDEE,0,substitution,welt oder Diabologie hat der intolerante Paster
TS78265CBE67E2,1,none,füttern.
TSF740AEBAE7F7,0,mixed,en recours entre princes allemands.
TS89C8AE0843EC,0,substitution,zwischen Sr. Mai dem König Großherzog und Sr. Maj.
TS984FBC728412,1,none,Bei ons erwaach.
TSB85AB30C5634,0,punctuation,"libertés, nous en avons du moins quelques-"
TS2DDA386479F3,1,none,"dissementsräthe überschreite, erklärte er sich nichts desto"
TS02DE2396C956,1,none,nisés. Les esprits dépourvus de l’initiative es idées
TS089F473953AB,1,none,eils communaux et demandant le retrait de la loi
TS98D783EC82FD,0,substitution,"le feu du ciel, les proprietäres mobilières et immobi-"
TS74F125A4359C,0,substitution,font de plus ceruel?
TSC401EB4789C0,1,none,"vêque d’Avignon, l’autre par l’évêque de Vannes."
TS26BFDEFC84D0,0,punctuation,sol ou ses propres forces de sorte qu’après
TS2D2674A7D4A5,0,deletion,prendre à la marquise qu’elle compromet-
TSB94DA6555686,1,none,"enclos et alentours, l’ensemble 41 ares,"
TSC73BFEFF8EC8,1,none,nicht wie grobe Ackerwagen. Er fuhr im
TS7FD3B192AEF5,0,deletion,Artikel 27 unserer Verfassung sagt: „Jeder
TSA048BBBA19DA,1,none,révolution souterraine. Est-il besoin de
TS07CB506E57CE,1,none,» C’est un devoir pour moi que je remplis avec
TSD5E19B42001E,1,none,qu’une porte peut s’ouvrir à de profondes
TS13400B9CAFBB,0,punctuation,friedlichen Beilegung nicht zweifle Die Türkei
TS581E7743D298,1,none,sommes des frères et que nous sommes fiers de
TS7A0AD6212707,1,none,nous parlons comme étant le résultat de
TS36ACEC55CB40,0,diacritic,"vivier, Sebast., von Luxemburg und Pesch, Hygin,"
TS57F233879931,0,substitution,"comme M. Ulrich, devait avoir devant les yeux,"
TSD9315308DB46,0,deletion,men; im Weigerungsfalle würden Texas die Of⸗
TS102DB1F2423B,1,none,qui lui a été adressée de visiter la ville de
TS80A4428102C7,1,none,"réserve, prireut position sur le glacis"
TS6ED55EEC74BC,0,deletion,"Anhalt fehle. Es liege auch dafür,"
TS19993F55C871,1,none,nach Wiltz 9.05m 50a 6a
TSA5F6BD0CA2B2,0,spacing,"hommes tués, ainsi qu’un assez grand nombre"
TSCBD254D44DB9,1,none,"dix ou quinze mille francs, si ma mémoire"
TS1B1FCBAC442D,1,none,"la guerre, et c’est vrai jusqu’à un certin"
TSC34D4D677703,0,diacritic,schon durch die Vorsorge der Verwaltung statt-
TS7ECCE96DD0C7,1,none,affaire réglée et payée à mon entière satisfaction.
TSF33690FD55B1,1,none,L’année dernière ne présente pas moins de
TSCE128A249BEA,0,spacing,"genuß der Freiheit ausgeschlossen ist, sind die"
TS198541C27112,0,substitution,"La santé est excellente, pas de cas de vomi-"
TSE9AFCAD32370,1,none,"- eine sondenbare Sache bleibt es mit der Stufe, -"
TS850CF942F6BB,1,none,"„qu’on veut, et même ce qu’on ne veut pas. Et puis on est"
TS3C42F04CA6AE,0,spacing,L’exposé de la situation de l’Empire vient
TSB82574409DFE,0,substitution,»Il est donc de la plus entière évidence que la
TSF5012BF86265,1,none,"barkeit alle Eigenschaften abgingen, die den großen"
TS6A165E57854B,0,diacritic,"Si on les tient toujours en tutelle, ils ne"
TS2EB2999AFE4C,1,none,Waldbredimus 200; Wellenstein 500;
TS3123928DB803,1,none,um sein ganzes Haus an die erwarteten Besucher zu
TS93A667B570F0,1,none,Il ne reste plus maintenant qu’un seul bataillon italien
TSB9EB6E274473,0,deletion,"avec une pénible démolion, et le défenseur"
TSC1DA5C8C6FDB,0,punctuation,Veränderungen sich nicht so ohne Weiteres be⸗
TSA65834D5224A,0,diacritic,"immeubles, soit en numéraire, soit en obligations"
TS31916FA9ED75,0,deletion,sont compris dans le grande tableau qui a
TS781A90446E6B,1,none,"Wolle mäßig gefragt, und die Stimmung im Ganzen"
TSAA681E97819B,1,none,die deutsche Bundes⸗Verfassung. Es steht nun
TS89716AED3F21,1,none,La feuille morte élouffe mainte fleur...
TSD8EF47CD9FE7,0,insertion,wagen vor dem hellen Brande. Denke man sich
TS5C0E031359D8,0,substitution,sang des comtes de Guyenne... le confiance en ta
TS8A85C15D3E41,0,insertion,départ. D’abord il s’est dirigé vers la
TS506D998DC83F,0,deletion,"St. Grégoire, VIIe appe de ce nom, lequel, à raison"
TS57BADC6AE58E,0,substitution,qu’à la frontière du Nord du Grand-Duchédans la
TS1903E15CF891,1,none,"dieser Feste versammelte, und schnell gewannen wir die"
TSA318480904F5,1,none,d’un moment à l’autre voir cesser les se-
TS065F57EA7C08,0,insertion,sa cave. Aussi fit-on de minutieuses recherches
TS20FA966492DC,1,none,"„tral mâchen, an ech frièsse mei Wûrt net. Vu Frankereich an Italien"
TS8484F4FED339,0,substitution,einen General an die Spitze ihrer Armee
TS7CA3F8CCD78C,1,none,"de juin 1872 par 148 déposants, dont 377 nou-"
TSF53684BF3C2A,0,substitution,pouvoir de faire ce qu’il a le droit de vouloir.
TSCCEC62B30453,1,none,hardt macht im „Chemischen Ackersmann“ über
TSBC6E023E7AF0,1,none,"n’est pas une faute, mais il n’aurait pas"
TS9F5E776BFD0B,0,spacing,Alle drei Arten sollen dem Pächter beim
TS37A3CC7E3C56,1,none,ses caisses.
TSAD97B4FB1D33,0,spacing,einzusehen und anzuerkennen. Wir denken groß genug von Herrn
TSC43F9BA66691,1,none,"hington melden läßt, mit falschen Papieren versehen,"
TS2EFE994D1CE1,0,substitution,mit den Monarchen derselben immer erfreulicher zu
TSAE6FBF217251,1,none,Louis! - Ein hübscher Gewinn für eine Nacht Wer
TS5E7F661C7185,1,none,die Privat⸗Postexpedition von Wirtchen und Necking üb⸗
TS60911E6C3CCF,1,none,"„par sauts, par bonds, par saccades, et qu’elle procède par"
TSF6C753294D82,1,none,ersten Zeitraume zur Last fallen und wesentlich
TS6D6D72DD9E53,0,spacing,Persien und Central⸗Asien von großem
TSC4B471575777,0,spacing,sur le motif
TS1D033F2B76F9,1,none,"la parole, M. le Président."
TS52ACA4D44103,0,punctuation,pas espéré que la Russie laisserait voir tant de dis-
TS6E5910AA9F1B,0,substitution,8. Von Ministerium des ööffentlichen Unter⸗
TS3D7F8A8F25FA,1,none,lich demselben Ziele zueilten. Im Garten des
TS0F1C7919C176,0,insertion,»Le nouveau réglement organique pour ces
TS4C7F05B3DFB8,0,substitution,"von Euch verlange, wird leicht geschehen kön⸗"
TS5E58A8018AA4,0,substitution,"Heinen, und Johann Schwartz, Gerichtsvollzieeher⸗"
TSB29F3B3452A6,1,none,"Radetzki et ses Schwarzenberg, c’est le génie de"
TS13D4F963BD15,0,punctuation,alors avoir conquis la majoritémais l’événement a
TS331F1BC76114,0,deletion,Papier fehlt beim Anfühlen die Glätte der ächten
TSA6B006BDD4FF,0,substitution,"die Thatsache zu erklären sucht, halte ich es für nö⸗"
TS9ECC2F506C1F,0,mixed,wennet bei ich gesicht!
TS4ACB0FBDF0C2,0,spacing,deren Anstalten der Universität betreffen.
TSE0FC69352848,1,none,"la triple entrée, on a trouvé un peigne dé-"
TS913BFBE76CF7,0,mixed,an ihren Schreibtisch. Sie schreibt rasch
TSC2030575A300,0,spacing,Offenbar muss also das Wort im Anschlüsse an
TSCCD4632898BB,0,substitution,"1. Petges, Antoine, propriétaire cultivateur."
TS162024A64CF0,0,spacing,"force de s’accumuler par se réunir, mais ja-"
TSCE9EF9E6AAB7,1,none,und die technischen Fächer.)
TSE28E5864571F,0,punctuation,"huit septembre 1873, il ré-"
TS62659D202917,1,none,Une correspondance porte:
TS338CAEA928A3,0,punctuation,rive de Tracy je ne sais quel était votre but en
TSB809347F9727,0,deletion,vous fidèles; enseignez-leur les devoirs qu’ils
TS37945C66E99F,1,none,und Preußens beruht. Trotz des Druckes der politi-
TS712A4C078298,1,none,der Mörserschiffe und Kanonenboote setzten uns Alle
TSA752E10CBA7D,0,spacing,"verschanzen, und als die Franzosen und die Engländer"
TSD800557310A5,1,none,"qu’absentes, comme présentes dans le Grand-Du-"
TS4377D70E9783,1,none,"jer, l’on appliquait en russe des expressions"
TS15D09357E7A7,1,none,op. Je connais cela.
TSFF869A10AD65,1,none,"„Wenn ich thäte, was Ihr von mir ver⸗"
TSB39F932D5772,1,none,et tendit gaillardement la main à son neveu par-dessus
TS7CD5430120BB,0,substitution,"ten 500 Fr. vorhanden sein, ehe man zum verborge⸗"
TS6D16D1807FBF,0,punctuation,"spandenten, so schwer auf dem gepreßten Herzen? „Unsere"
TS64F86B5311A8,1,none,hohen Preisen derselben - an der erforerlichen
TS59DED7BBE668,1,none,Werke
TS02F978EA8F28,0,deletion,fructueuse; on estime qu’il n’enleva pas moins de
TSEC883E58418B,0,insertion,Als endlich mer Pa⸗
TSC006B1C4280F,0,diacritic,richtet: Wie ich von einem gut unterrichteten Manne
TS8D081E6ECC39,1,none,„Entschlassen erhob sich jetzt Clotilde und zog die
TSFAE8D2B99CD9,0,diacritic,les yeux attaches fixement sur la glace
TS08A3107BD4D2,0,insertion,Sorgenstuhle des Pfarrers nieder und verhüllte mit
TS271A78AEB3A7,1,none,"la ville d’Echternach, aprés celui de Monseigneur"
TSF0F6BFC5E59C,0,deletion,"En ce bas-monde, chacun doit remplir"
TS6D9C6892ECCE,0,mixed,Hièrzen lache geden.
TSE28E270EEC5B,1,none,"drapeau et qui, à leur tour, ne sont que les éclai-"
TS593B9EE92412,1,none,partisans de Mac-Clellan et ceux de M.
TS6FAA50C7B48B,0,deletion,Hafer 6 00 à 8 00 Heu (1000 Pfd.) 00 00 à 00 00
TS9687632E8B7E,0,insertion,"loos, alt 6 Wochen. - 27. Peter Hentzig. alt 57"
TSB730FF91463C,0,deletion,Bekanntmnachung. - Durch Königl. Großh. Beschluß vom 29. März d. J.
TSD9A8D354BD4D,1,none,seinem eigenen Troste in fremden Landen die Ueber-
TS3794C7CD575E,0,substitution,und etc. eben nicht Ursache haben zu sehr zufrieden zu sein.
TSA246C2ADCD6B,0,substitution,wirthschaft als eine erfreuliche Erscheinung
TS59FE396662A3,0,substitution,"- C’est ici, mon petit bonhomme, répondit cette"
TSDB2ACBE12450,0,diacritic,"force majeure, entrant dans les ports de mer de l’au-"
TS7ED0C43FD1F5,0,insertion,"ist ein ehemaliger Militär der kaiserl. Garde, der mit"
TSAFFF949FAB21,0,substitution,lich aus Paris zur Sprache. Herr Terme fragte den
TS53376AC8188C,0,spacing,vère au poste de lieutenant-généralen Sicile.
TS2C2CE26645C3,1,none,ihre Körprglieden in naturgemässer Lage und
TS18FA34FB6E31,1,none,„contrer sur d’autres questions.“ - - - - - - -
TS943BC397CE27,0,punctuation,"lange - treu geblieben it, hat sich nicht immer frei von den"
TSDF7C39D9DB7F,0,diacritic,"„Et dauert ke Joer, da si men erem.“ -"
TS64A9F70304C0,1,none,"„Et puis“, schreibt er: „ajoutez à cela les douceurs de la"
TS282AD17DA2AB,1,none,visoire! Que faire? La Constitution fixe le
TS47C09B919ED0,0,substitution,La Luxemburger Zeitung dont les
TSD1F6109A1531,0,substitution,"Es ist Thaatsache, daß ihre Granaten unserer"
TS457847B9D868,0,spacing,"Jugendzeit, was für ein Leben war da in unserm"
TSD31864AC8245,1,none,t-il en poursuivant son chemin.
TSF21AAACCA91D,0,substitution,"en 20 tués, 1C blessés et 42 prisoniers."
TS959ADEF79328,0,substitution,pas lieu de tenir compte des décisions de
TS24918E72C816,0,deletion,ainsi conçue:
TSCB79A2344CAD,0,spacing,tageröffnet.
TSD60CF45C5116,0,insertion,»A mesure que le réservoir était sulfisam-
TSF9F5DCFEBDF6,0,deletion,"60 Le notaire Berge, comme fondé de pou-"
TS295C15A32FC1,0,diacritic,"Berlin, 27. Jan. Die Abtheilung für die Médi⸗"
TSCB6451127DFE,1,none,"- ord. Ceylon 6 5/6, Plantage Ceyloon 8 2/3 - 8 5/6,"
TSBBCAC538E4C3,1,none,peregrinus als unstatthaft. Es hat sich der Ton
TS84D53C4E9866,0,deletion,tenir à l’élément civil. Si je ne consultais
TSC8084C680582,1,none,Des lettres de Turin annoncent des prépa-
TSDE8AEAD27D64,1,none,Le feu se communiqua aussitôt à l’habita-
TS0B6869B32C0C,0,substitution,"cations appartenant à l’un des Etats contractants, se-"
TSEF6911D41E34,1,none,"coupable vient-il, dans son impbunité, reprocher au"
TS58D168D851C9,1,none,micile ni résidence connus;
TS2ACC9AD4EBAE,0,punctuation,bigten. Diplomaten einer europäischen Großmacht
TS0E77172E3B22,1,none,"seiner Arbeit gefreut habe, als sie fertig war, und auf der Bühne"
TS5FDE6535DF8F,0,substitution,"Mais u’arrivera-t-il? C’est que la faire,"
TS553E4A9CFF3E,0,substitution,Was will also der gesungene Text? Das Wort -
TSDBAD336598DF,0,substitution,"force, et condre la peau du renard à"
TS123CAE89DA59,0,spacing,ausgemacht hinstellt. Die Gräfinn in religiöse
TS9B37833CAE30,1,none,qui prononce une faillite m’emporte pas
TSAAEED7611DA2,0,deletion,trois puissances pour atteindre par des moyens
TSC974C115F3AC,0,insertion,"La Constitution, qui nous régit, établit un"
TS25CDC70875E7,0,diacritic,danken ech onser heelecher Mutter Gottes op de blosse Knée fir dé
TSC97FA029E655,0,deletion,"a cru devoir donner à M. Français, je ne la blâme"
TS07D57C331AEC,1,none,Blattes es erlaubte. n. l. Zum Schlusse bemerken
TS37EEE5039029,0,deletion,das Recht der Discussion der Projecte und das
TSBDC49AC1FDF1,0,insertion,"136, nach einer anderweitigen Eintheilung § 1"
TSDF427CCBAC88,1,none,nistes ont visité celle qui porte le nom de
TS83683BF7D452,1,none,"sans tache, et à le détourner de ses devoirs"
TSE85AF21EE612,0,substitution,Abschaffung des Sclavenhandels angenommen.
TS4C949916F4A4,0,substitution,§ 12.Die Unterstützung für arbeitsunfähig geworbene Mit⸗
TS468F6405ACAD,0,substitution,"rauschenden, dunkelschattigen Opferhain der alten Geren."
TS49FA17AE3E84,1,none,"von 500,000 Mann, ohne eine nenunenswerthe"
TSA667CAD1DD81,0,spacing,"se courbent sous l’inexorable niveau de la loi, et que la"
TS1115E02A9F25,1,none,"un grand nombre de phénomènes nouveaux, elle a remonte à"
TSFF6CEE9A78FB,1,none,"que personne à coup sûr, ne se fut avisée de"
TS796B558DFBED,1,none,"gistrée, la copie collationnée d’un acte reçu"
TSA217371F0D2E,0,deletion,"Verfasser des Romans „Marc Bruno“, bis über die Grenzen"
TS26B5F45AFB82,1,none,libre croit savoir que l’on a dû présenter
TSA8A3D5648391,0,deletion,c’est tout.
TS626E48403CA1,1,none,"ben unsere Festungswerke verstärkt, und sind,"
TS70261745EFB5,1,none,"des Ministers des Auswärtigen, ein wahres Meisterstück, steht"
TS23C0DBBC0F87,0,substitution,unserer Eisenbahnen gemeldet. Diese Angabe hat sich nun als
TS1D193A0046DC,1,none,gen Gerechtigkeit zu üben. Der Fürstfügte hin⸗
TSC9C1B3844298,0,deletion,So werden Sie mir denn jetzt vor Gott dem Alle⸗
TS292159AB091B,1,none,et qu’un esprit boiteux nousirrite? C’est à cause
TSDEDFC815A8FC,0,substitution,votera la part qui lui est attribuée dans cette
TS0334FD347739,1,none,Umgegend zu rechnen. Kaum aus den Vorstäd⸗
TS9A4FFAB35B4B,1,none,einigen Bewerbern auf ihre Arbeiten verwandten Be⸗
TSD255FAD4936E,1,none,litain.
TS8F7EFBE4A242,0,deletion,était capable de l’effrayer ou de l’abattre.
TSD8F59699E4D6,0,spacing,welche nicht zwischen den Thürmen von
TS4EA935878D22,0,substitution,Die Garnison von Vonitza (in Akamanien am Golf
TSFC7CE92B13EF,0,substitution,"ce que c’est. Va à les poules, va."
TSDF5E70AF4DB8,0,punctuation,J’en suis fâché; James s’est mieux conduit en d’autres oc-
TSA94473301EA5,1,none,schütten.
TS977A6D262C7E,1,none,"exceptionnelles, ayant pour but de rétablir"
TSA53611B8113D,0,substitution,"Im Jahre 1830 geriethen dieselben jedoch, gestört durch"
TS43C15C3B0631,1,none,Ordre du jour: Deuxième vote sur la
TS36EBA3F1DB90,0,substitution,rétabli à Rome le pouvoir indispensable du
TSDD3978C594FF,0,deletion,"„Seit ohne Furcht.“ tröstete Clotilde, „es wird uns"
TS5A27C17CDAC8,1,none,"bemerkte Chlodwig, die werden wir in Gallien"
TS0CD4EAAD7DE5,1,none,"General Inspector der Dampfschiffe, ist aus dem"
TS56B8F2F4C0DA,0,punctuation,ligne sur l’autre.
TS3B5D095B8C1C,0,spacing,coûterien à son auteur. Personne ne viendra
TSCACA13CCF597,0,insertion,"1857 nur noch Th. 317,090 in Circulation waren."
TS36C96504A4B8,0,insertion,Dr. W. Volckmar war uns schon längere Zeit als
TS55783A49CAC7,1,none,"regt. Es ist dies der sogenannte Catogan, eine"
TS0D4CD5B903C3,0,insertion,- Vous aimez donc mieux que je vous laisse le pro-
TSE086E29D88E1,1,none,beim Publicum lächerlich gemacht zu haben. Ueber⸗
TSE86D41A84FCC,1,none,"Mainz, den 28. Januar 158"
TSC39F7D2FAB5D,0,substitution,rons bientôt des grises.
TS8637A40B9927,1,none,qui ont à main droite et à main gauche
TS6898A13A211D,0,substitution,"pas mon sort contre le tien... je le défie, sous les"
TS3C9EA76C4A78,0,punctuation,"Schönes und Ruhmwürdiges hat, flößt die Religion"
TS5B99EFD935DF,0,insertion,s’insurger.
TS65A6141A40FF,1,none,de 1870 a mils à au la
TS58F2CFE6786D,0,punctuation,Ranzig 3.20 6.08 308m
TS726B2B29837F,0,spacing,Also verstanden? Die Pflicht des Wählers von dem
TSA61FF9B4D604,0,insertion,"- Ici, dit Pierre. Vous allez la voir et"
TSF8FE2B33C6A1,1,none,l’évaluation par hectare. (Interuption.) L’ap-
TS12D5C1167A46,0,substitution,la tête; les plus hardis lui lançaient des
TS691C5C024145,0,substitution,Heispellt.
TS9C28755D0C82,0,substitution,"voir sera définitivement établi, lorsqu’il ne lui res-"
TSA4A9F218C68D,1,none,Beaufort 300; Bech 200; Betzdorf 150;
TSF53975D9EA76,1,none,"ihrer Productte jede Erleichterung gönnen, kein"
TS7E018C21F674,0,substitution,fant jusqu’à l’os.
TS6B7609682DCD,0,punctuation,impossible! Ma bonne étoile ne peut m’abandon-
TSAFDCDF697122,1,none,"und alle Welt wird wissen, daß Italien erstanden ist."
TSAD59A9BB99F6,0,punctuation,"den machen müssen, als ich zu bezahlen haben möchte;"
TSF63920738854,0,insertion,"ligne du Luxembourg par l’Etat, peuvent apprécier"
TS59F0B15BADE0,0,diacritic,Dann mag die Erde trauern.
TSA31CBC4667DE,1,none,gerich⸗
TSA6561A57E20C,1,none,"libéraux, et hier, au moment décisif, ces libéraux"
TS0D22C626588F,1,none,sich die Messe immerhin als eine gute Mittelmesse be⸗
TS1E84301DC6F8,1,none,"Als sein Famulus sich entfernt hatte, durchmaß unser Held"
TSE4E3EDEEDAE4,0,deletion,"rendu quelque peu misanthropo, l’aidait dans cette con-"
TS5424081A5BB3,0,insertion,RISCHARD
TS17C96B9EB662,0,deletion,Vendéens et de M. de Mun.
TSDF52A99DAD51,1,none,ausspreche; zum letzten Male schenke mir
TSF25F96F6A9C3,1,none,rêvons mieux. (Sun plusieurs bancs: Très-
TSB41F0167EA92,1,none,musait à faire luire devant leurs yeux. La cupidité les
TS5065B8C6F31A,1,none,Pariser Vertrages gelten lassen konnten. Wir müssen
TS7E0A5FD630F6,0,spacing,"Falmouth, 20 août."
TSC75F2DFB2883,0,substitution,"si longtemps, et vous opposez-vous à sa volonté?"
TS69BD1D627253,1,none,"De son côté, Marie Touchet avait remis son"
TSA3FAB054575A,0,insertion,Vereinsrecht; aber als Kammer können sie zu einem
TSC7280E9A3483,0,deletion,bis die Enden der zerrissenen Sehne wieder zu⸗
TSBD682F1A786C,0,substitution,Interesse in Anspruch
TS17953B718499,1,none,"tion, et dit en mourant: Victrix causa diis placuit,"
TSFF0618BC1E9F,0,diacritic,"können, mit gewaltiger Kraftanstrengung die"
TSA4DDEDE8A63E,0,insertion,teau à voiles venu de lessingue et son compagnon
TS6057CD36362F,0,deletion,raffineurs à travailler avec une nouvelle activité.
TSCE07FFD691F2,1,none,"Za dann, Herr Volksfrend."
TS75A3DBE4C724,1,none,Peut-être que l’Italie aurait envisagé
TSA04C74457B9E,0,substitution,Où est le tyran mystérieux qui préside
TS40AC024C54A8,1,none,finden wir dieselben in der Regel in einem so schlechten
TS8F077DAF615B,0,substitution,Im Blüthenbusch sein Nest sich bout.
TS2F01037BA0D1,0,substitution,pensent de cette législation les hommes
TSB09415EC27B5,0,deletion,Palais Royale.
TS360B171405F4,0,diacritic,aller Amendements ebenfalls angenommen und
TS8213BF377209,0,spacing,rade dieser Fehler vor einer zweiten unglücklichen
TS38F1DD977143,0,insertion,die größte Entrustung und laute Außerungen
TS63842FD2828C,0,insertion,für den allgemeinen Dienst und 150 Mill. für
TS5A049EF7498C,0,substitution,im Großherzogthum aufrecht zu erhalten. Die
TS7B97CA07E771,1,none,Jean Jacques et 2) son épouse
TSF417DCD93300,0,substitution,"beseelt, alle Uebelstände, wo sie dieselben erkennt,"
TS05DD91E613EF,0,punctuation,"gabe im nächsten Winter dazu verwenden werden, ihre"
TSA5173AE4561E,1,none,"sterium der Justiz übernommen hat, tauchen die"
TS9E73F0D00326,1,none,Talmudistes: „Que la venue du Messie ne
TS07301AAE64B6,0,deletion,"Réduire l’assurance à 4/5 ou toute autre fraction, c’est"
TSA15AF586553C,0,punctuation,der Wurzelgewächse das Vieh während des Winters
TSFAF0045C0311,0,insertion,"tation, soit même le Gouvernement,"
