id,response_score
a9199ce41d1a,0.7552467954047224
5d936b546276,-0.9189201452496483
31adab5540dd,0.3720897823908116
ceae4a020850,-1.2482654188244309
4551d55a9fa6,-0.8337726672070166
0b44f0083eb7,0.19569961858160626
d486951a1e72,0.5501422857864918
a2effd7dc222,-0.8644442576541562
714fc16358fb,0.6802163728515482
633dd394716d,-0.8535589948590265
b85238dbd476,-0.024278788984986505
4c5e66297505,2.189845417764085
cab979983094,-0.5324331188343878
05d60bb7a638,-0.5090658622547224
51e4f7b0a624,-0.5770582490657742
4c88a621eaf7,-0.8205658076697083
df466250bf5e,0.9887433368684344
f9bf975cbdf2,-0.4192152998885885
f5a814bf73a9,-0.4187380789268716
c75106d8853e,1.5047865130174176
513ce5ae8a50,-0.5737906309051227
1f179fb24025,2.2611646307095374
2ed563ab9f09,-0.4528184895433123
60a836ce819b,-0.4510089435069009
8ab717ed1e44,0.13041260739706653
acc109acbfb0,-0.47947749024835756
d9b9e88233ee,-0.1239276955476343
c1658de247f2,-0.6974112410266694
f62b5d7193b5,-0.4275662787282803
222065624a36,-0.5128398836924146
b3d4a8bedd41,-0.5350958292591571
9cbe3171e1f4,-0.15425442194860114
cbf24f39f23c,1.0272567208010626
1a7ef01f5d44,-0.4605318283750086
e6cdb0e7c96f,-0.5716485003953496
c66251107869,2.8050838410233436
52f4a485c8a0,-0.8895251633863273
d007659592e4,0.920498463128971
e8931d20ce18,-0.4014804807234074
58b921267b50,0.4654465538035721
ec575a3096c9,-0.8220338302172946
abbf0f210454,1.0340291335000023
6e6f45c088b0,0.5938917179820057
38f4183b1cb5,-0.3672602956366988
30610dd48ce8,1.9492632685965097
547a66fe2c12,-0.9066703920058304
b21ae4c1cc75,-1.3173500687560324
1f04f7e75aa6,-0.25880890628546926
cd4a955bb71f,-0.5687337650475005
4898242b89fd,-0.4938983861843425
90367ecc97ee,0.8149788100526641
4afb4a9e6a77,2.4348845051325663
ed5d511b7d75,-0.4342896208812755
7b2ce83765c2,-0.3106160399456847
358acc58edb0,-0.5767774513399023
343a6f405a6b,-0.6435962872230832
dce11886b795,1.3883910039527056
c7f75971acc6,-0.4820966744039154
bcda00735bae,-0.6176834051231376
36e79d0afb0c,-0.5105626889890938
17cbedd7f505,-0.5341048901454075
67d0ad5f7a64,-0.5079841590854941
ef95628332ee,0.9652462863767917
08024d234644,0.8324015166327821
3a20b1cdadb4,-0.7609584051427609
d74d22ea35e4,-0.5982460105350186
52c77978c9a9,-0.1861668025215582
31aa0b5830c5,-0.7298469541047168
d575f535f6fb,2.550109084037082
90ac7ecab5cc,0.20678494823493682
8ff137d3a3b3,-0.5742480080430881
263aba1c4489,-0.6629866057035483
4f66c95297ce,1.1928950804264367
aa43c839ee74,-1.0018798474746626
37904a6c64c7,-0.5989185958874221
3cf1da3a5d04,-0.6832565693125837
5c8167201821,1.6871881782384608
6ff3c302180c,-0.7703574352604271
f188539c52af,0.41040131277230946
485485d55b70,1.227840932251019
c5db534e161d,-0.9123248672247871
8c34a4f568c0,-0.782994300640922
7aaf93085580,0.861884386963931
080522929699,-0.6304782748513523
831bc46a3102,-0.6559298006065356
75eb7d824a70,-0.4374358373208262
1e53c749035c,1.1709734366228708
133eaad1585b,-0.47056403061338137
07731c6c2a1b,-0.5966367641686415
40883885dec8,-0.6481780711538759
5372f0237bcf,-0.4703492951792055
6b0e1c3881d4,-0.4270386190340564
c11487f59a41,1.0865238287038346
7d7352a56ae6,2.4305052759462313
e365246fbe56,-0.38603282439716247
edecdbb94ad0,-0.5958372987992518
408ef2451c12,-0.3052246930691936
18a6aa49bf9c,-0.509151659555553
8c8c296c1ad9,-0.4794880806478035
1ddd3a24968b,-0.29782558703442197
48d29c50d007,2.640897923953861
228ba5bbac04,-0.3225206218304863
3b6760c0717e,1.0938140173578523
87fe56137f01,-0.642572073496721
358c2b26bc45,-0.6162183662894848
242a32c0afdd,-0.5993126176265611
f1d4077dbea7,0.6819043615534299
8235ea894f1c,-0.6443026033149177
e5f7baa28130,1.7141767618673736
35440414333f,-1.6433704167481058
263883ea83db,1.401646382154818
1b2a2f8a1279,0.7737019379376135
a4e9be59d98e,0.056511492011679196
c8311d6b761d,0.469474842299944
fe9778f25d4c,-0.492377531915913
3017aeead370,-0.4273032265977511
e1d350fd9a84,0.09290883025190537
edce9b9fe837,-1.243656608654852
cfb1cca8d575,-0.295440627621122
2bce0e80f486,-0.4062718349855894
21860b7fe617,-0.4358020345710951
bf25d331336c,-0.4807299776099291
a20990a6bac1,-0.7149948442541156
db0a79631a19,-0.7194395829596438
ab8d83e62aff,-0.4110812634591036
f0f0c82ca553,-0.6568353927687405
32aac7f3d78b,0.9159809126303252
af64070024e5,2.568938579972858
daea8fcd8406,-0.409658182679525
24cccf50340d,-0.3338262156992996
7139bc1a1d1d,-0.36476044725529366
e40ea37c6d9f,1.0422084486535623
898b064a031c,0.8302489362305431
01f3b5893628,-0.7024663248381745
a89f3f6e233b,2.4665825030011783
e36c4a9a1252,-0.32364087451543033
1b4fb34ecec4,-0.7713819889265249
8aba00339efb,-0.6175027362870609
02bccab158b6,0.07127378194884632
cca5cd8b4c30,-0.24417887394531385
5ae9aa381023,-0.7918763463940435
5163fa530714,-0.3167451065498738
bc13038b374c,-0.7364453724041746
2fb385be14b7,1.1361324026800288
22802c984912,-0.6053018323477493
1a73182f6b90,-0.5137587361510008
409c7b717931,1.047526076047582
343813ec5144,-0.530930917610411
2805f35f9ffe,-0.5678703110856872
5a42cee333c0,-0.5431382424798001
6ea4e4ec9c1b,-0.7007045551287648
81341feda102,-0.5639918411836333
57d4b52736ca,-0.47737355737928966
8cdea00fb682,-0.11125216587586184
fc30315743e3,2.4734563271857484
5b522b48c888,1.0933397560088676
97098dc4dd55,1.3572990076106326
98fc90e55d1f,1.6887428569755658
3d449b61e102,-0.2638527685570805
8c3bc83ef99e,1.0590751396733569
9a109e4756a2,-0.30844512167308263
d701a81a527f,-0.27252237275149915
9caf7c605552,-0.9134949334507492
685f89b73426,0.198192172079737
e8d5891ee7f2,-1.1200576340151844
74778baefb42,-1.6155613282641745
66d5216e33c2,0.21065834720937932
311af1cbb27f,-0.0200333648369018
f45fac8db0b5,2.1213163820340295
7eef0371f08a,-0.8241695096078482
0e8fbd22ad19,-0.7678213773882306
aa5d15c40fb4,-0.8320035640714039
41ca1f9b2fff,0.40471658297837354
e44ce8c55315,0.12559011695648406
4426dcd1b080,-0.9376282252515828
6621d84a7303,-1.0364530920264248
666b5fe7d399,-0.09177314756703395
7ee34255f6b8,1.1006275252145936
687b6c7b46f1,-0.2795586032883729
784366af99cb,1.0171569120174166
57d9d920bdb1,-0.2193613375642882
06f8bb221635,-0.7269981120754433
febdb17bf654,0.20451487024172832
e9f822928fc9,-0.7573536806360119
551e612671ab,-1.1611569014930483
13fd970e7507,0.15204225621613662
c80249bc3673,0.03435962845008208
a548c2d18fb8,-0.5513850161674085
09a239725d86,-0.3408859833372232
c4d3ffa6b796,1.530421166070542
8c2081bc8005,-0.474564140446881
5e048b9297e8,2.3103672507418147
76a51d14951c,0.31259123806675554
8396500ee805,-0.5598244384763664
04931df1ba79,-0.709471775570469
8126edc18a3c,2.933776707928075
fc47bf5b74e7,-0.6049248703807812
1db50a54784c,-0.3810646751306665
76820cc1a2cc,-0.5877968296310846
f27b55617062,-0.07342687032999987
402193f403fb,0.0038016900371936856
6ec2e7de94bd,0.1468561801460594
c41e7d888198,0.23750338493895823
f9028a31573a,-0.7180197415976738
dab6898093f5,-0.5344514388684456
9026d6e6d0fa,-0.4900655102973553
66f2a992d80f,2.6462512770183473
8ac44933a634,-0.3548911986615018
1c1ec2b833f6,-0.5337994088199116
0dd75793338d,-0.2543044855393763
b68803aea0ad,0.8971667118166604
1dadcc952404,-0.5626005247019762
c42d91e912e3,-0.5919590039591184
7a64d0165f17,-0.6476310017203986
5bcb36a083e9,0.923670766116264
cca43b0f9443,-0.49738618238318777
76f0ea2cc335,-0.5238258881885359
9c3c55a4b35e,-0.44159253562478745
f5f5729aa57d,1.1429833476028108
c6d565f0eea9,-0.4932200936401016
8ecb29682eb5,-0.6470765602128989
c1d1e2ce0751,0.7254373061916392
dc38f634d9e8,-0.4682115583787315
ca34d78e3712,-0.5414821900867446
e77807dff64f,-0.4711871670585747
0316ef7e3b5a,2.6242304975311868
b9ae7b08cc4f,-0.45823636354517555
b587d36af6e6,-0.44781879459008633
ce6402a0a38e,-0.594187911046732
d377a83764fc,-0.8071935671412377
c14fe69bb516,-0.04808490080801717
f78ad3a12bbc,0.21022127465848595
2d632f4cead3,-0.7530903080412834
7db1d8e062d3,1.065992099521444
296c989ed08e,1.802286095863292
b3ac7e919e73,-1.74658168311276
5b72c447fe30,0.859347312732642
20dc9eba8e3b,-0.5272214937239009
b79d6ff2ae2c,0.48383126095348195
5a906e657ad0,0.05468182014458567
3bd6584d3d5b,0.21579699385843604
f1cd7ee6f9b0,-0.7059492694181072
00229a46eead,-0.7612652455105593
eedaa38ce1b7,2.936158852351782
e021cdf82f8c,-0.47190125518039894
2dca6e171340,-0.11176823286912879
45f976fe0359,0.2689175464558163
836ee8bbb970,-0.5692492358572002
c2f44f2a26ef,-0.13630511072031173
8a38aad679a8,-0.011258021211719071
5b61a7ff3a55,-0.7561095574475384
f0921308bbeb,0.10293253554892964
f4fe7f17fd31,-0.3213843429871247
4103fb33603d,-0.511397128538916
70f9c69fd525,-0.8487629665087015
6575fd475fa8,-0.7503571578065262
0bdf5960d779,-0.7857193052558586
0bace5b7dda9,1.290684480789438
738a0438dc9f,-0.47439505710868657
4cdc3d211a95,1.2958588077963007
04148138bb8d,2.0162616134550495
20dd7a3d45f9,-0.4705187163067552
8f83fdc366ea,-0.8417412994970583
8782b531ed66,0.4014710719688393
ba2ee2513199,-0.34822013840474075
78e1db9f8d70,0.7669301701847657
c1228eaeae0a,2.7230895483203814
05f58bbf51c7,-0.3519428285147371
ef20c2b58ba0,-0.7085083716426273
d5181f782323,-0.40793838918673975
d907b8f58f42,-0.49927965140467256
a65ba5c8698f,-0.4823086801179911
21c6f2f95572,-0.5150782752092452
4d738d627f66,-0.5237225534966149
2e2467ef334d,-0.5310583174134429
2e217b74b5fa,0.8780374868856643
61aacecfca12,-0.061083959714679774
1a7187f87080,2.0986190412180705
d95f4ed745b1,-0.8479830707623452
7ecdf0c440ef,-0.1978127590840343
33573c732b9f,0.0732717979334206
bf744c1fcf36,-0.8081231539288152
f0a43a979b54,-0.6847809274943796
8abedd79b3ab,1.934493071567857
e2c50a008e02,0.12190948303087681
665d13974fa1,-0.6484392602324187
f8bb194441ca,-0.5809074424519072
ff1f332361c7,-0.3991628200816446
050ee6dbc0f1,-0.3714518260878968
0dae0b4d4aa6,-0.5805968162327318
2cfb0f695f89,-0.5871241778706272
4c93dc358b38,-0.43307283735817037
d90bfe861df1,-0.5012474702830529
9d48b58c802c,-0.532721600606861
fb2d06cbfbfe,2.5510467018216567
f1184bc75c90,-0.4598126114600015
ef080cbe474c,-0.502917807443558
c636cc12e4f9,-0.6214176221456194
4d0217072637,0.9642571279187397
c5932725ddfe,1.0750589397481234
981aa8eccf27,0.6907719886216491
dcc244fff459,0.6353080511363475
c5e295e5764a,0.4456064838516861
cc9a3e019a0b,-0.6099139060902483
c5bb9e7c5b7d,-1.0104806101286146
90cf2cf6ac99,-1.2614527557875923
2e278511b1e2,-0.4672242221735386
4f3ad231b5a1,-0.6853209184988505
6eec8f7cdb75,-1.0964051979555873
f5f7eb8e1337,1.9298044374617604
217f68122bf1,1.0191721195677097
05046ef819ad,0.41013452999527955
64c4172db429,0.29786889540977923
25a11eba342b,-1.0430281577178668
56d7d08c6aae,0.3972248264479555
6d988d86dc55,-1.045381183485377
f01c0b7bf481,-0.36073753491273963
11d7c8ffa7c4,-0.24187478454838474
bbfe89bfa25b,-0.9043131634359064
6de8482d8f12,-0.41366953985615457
0f986272660e,0.10640099673155554
c3d48a558c51,2.665480183081772
376e8b126043,0.10617122686504886
21cea7fefa86,0.43585823542031804
8ef57d9b64b2,-0.6040301355871234
eba3a906194c,-0.5888834404953867
e294995b372e,-0.34419627426328386
16fae19e7bff,2.7024836203893408
79680890e105,-0.7703881891687294
2706eddfddb0,0.7169209690647798
92ff9199589e,0.5993940476849883
770bb0b57d1a,0.24896069869889323
b74c7bbe15a7,-0.5857828288844911
78eb068fc253,-0.7864217548663464
63c84abc1ed3,-0.5928513838904178
889e18382ac5,0.004794671317775739
2a2eb111d4c9,0.13252373353305255
51618d7b2c18,1.5630665555913485
5878f8cb4347,-0.8275849536221915
1267ed666bed,-0.486689462533059
54492ec272d2,-0.6487694982016365
34430baa1b8c,0.5330195709652988
2b5d0afef3b0,-0.4900441292510441
1a45e6bfe269,0.12959266970218178
2d771efbc9e9,1.9938280671533035
64f919c1d8c6,-0.005133390202492774
35208922e418,-0.4849250265868731
f2c51c10e809,-1.4088841365478884
87dfbe6da507,0.1764884288339955
50ff6a302886,0.489033970278309
c42b4421d7d5,-0.1809177099252803
b1a61b0a80c0,-0.5272782760522668
10de474c914e,-1.6133550710503841
11ad30016fcc,0.08538716887129605
1d89782c9031,-0.19281876601977085
3ec2d7efc0ad,0.0721453167143487
1608b743a6eb,0.12902397794943915
5f69b6c707a9,0.3913402659773023
304f791e4e64,-1.2689983884120062
25542cbb12c4,2.4399490828350174
9c6cab99b5eb,-0.5845445222979626
fadfb6ab588d,-0.4167596695743712
c83af93e3c6e,1.0154475449330949
b735fa1f25dd,-0.4983157513109312
17d56429ab55,-0.38081073800903475
401b4b3511c0,-0.5104511472150672
22468bff2fba,0.9510531452445219
b24e64e009ee,-0.5512867231042641
ed40f9ab5947,-0.5620515543886843
32d4e6b686a4,-0.5358491752764034
8d89eb724095,-0.5170121506519961
97026691f621,2.590580741651098
77bc263fe2dc,1.6601419188831705
1d058b83c2c8,-0.8098167057531197
744daf95c6e1,1.1120578078521435
b83fe67eb11f,-0.6159604374332095
42eb44d94326,-0.7907334904615403
51ac985d64de,1.0786286729218462
35d8cb88808b,-1.2882763964796817
516fff18b6b6,-0.8804262119894833
368e34921983,-0.07135339502077845
f8b01ef1daa1,0.07721524643499442
c1d8227f64b4,1.1195417060570552
6cf838b55f6f,-0.591018715011397
aaf43345f26c,-0.6948860660398388
677f36232272,-0.6065389978904727
37e7767de069,-0.5481150609354402
3eda48d68456,1.4335019740685027
17a2f538fbc3,-0.47166758263264197
41b1c2d9ae00,2.3172550381092627
82dc5b8371d7,-0.5929158350405471
376ff4b29717,-0.04209778435480561
085ce8cbcb31,0.921534719022486
54805f51514f,-0.496743825633699
836ce47e37b3,-0.6269131860957772
7acb2c5b623c,-0.592413392577029
073a514cc311,0.043466674293353116
e5c800b2f6ae,-0.761441209839335
a3d0b4e58db4,-0.017382595313509
74b302ba3490,0.09881160392365626
2168aca87b89,-0.7864972912299503
afa632ede50e,0.5690347957193135
818377fd39ab,-0.058621053681529846
e19a43513973,0.18733409787137778
3143e327371e,-0.4107732980515026
292160ea85c6,-0.8378659123697201
e76166a8aa36,-0.8289870152169766
0e670f56549a,2.802921203894823
4f85f7529948,-0.3858531359528574
8d2a8dcba1ce,-0.27344519127291234
9a7c82ff31eb,-0.41119659946994047
1b16607b02d3,-0.4491669829202346
20b96a4cb5ad,-0.5406543314376412
6a7d0afd8b55,0.9553023590417016
0b5ab598e74c,-0.40329463863817516
efcfae03873e,2.8543320997790977
47f65a05168d,-0.42363497449214416
d869f4f52be8,-0.6108319529295574
07fb22c7aa0d,0.2166894252016409
4789c9d691c5,-0.5282460769089777
0b0046eaf368,-0.620437013918648
ddc8f0666584,-0.5775511954917878
ce72b1cf4dfd,-0.43860231162093066
0cd86c23329b,-0.34889759973156487
de5345846d25,1.026211041001679
7c38af1aa88f,-0.511398854216981
5bc92cd85977,-0.4008991070229672
ae8c207b1ce8,2.5599811317731853
e18042d39592,-0.44336495098703654
31e7c25b089e,-0.7121654667897579
fa2e19d88731,0.9811148809103264
4deeca2d270f,-0.513990553905517
21169e47e107,-0.7463866780668952
ad8fe7505481,-0.5438654885383194
b387036453ec,-0.40966988784014186
bac51bdd39b3,-0.3210171726680155
9b0f25d9db70,-0.4139441949510448
698aa3472cc4,-0.4328594395569201
f4e4834624b6,-0.7262209664941454
dcf87597c7c6,-0.22234842569255575
b6155e8efef9,1.0005003797933203
82d3bdc9230a,0.9202106339146174
37f7b906004c,-0.6776989724360639
123c6f7d44e9,2.5733002125361644
380c54dbc15b,3.0267422134954725
d568c722ef49,0.30961420631037795
26440ab1d6cf,-0.14055229915288012
23a8cc48c0b7,-0.6484231549459638
42de928481fb,-0.3975891383267062
031dc46646e3,-0.26155646198647087
76227c6ec5d1,-0.4717218795814986
905eb49a7d0e,-0.6572278284542565
9979712c20d0,-0.6227156769026929
c74cab5c165b,-0.04757753569536558
6f0f836e0f18,-0.11757869021773676
95542dee39da,0.028586245457720802
a70f0376229b,0.20125421130181353
96279c8ea917,-1.1286337613245856
c20da51dc1cd,-0.9130715451885608
fffaa186618a,2.3679393081482147
4c4c2b84d348,-0.24180344891079866
907b7d87434b,0.5048764192980993
170ce5c44e87,-1.0972091400421808
9c2c5e712b21,-0.38288549847136777
a130593b6848,1.1026316335687016
590a8f92de86,-0.007839727158346507
60a1754d154f,-0.31867325972204485
172425a0f682,-0.08658519149894496
beb360787454,-0.7427630088999166
d2c3d3c65b45,0.25512846151785556
4022f637e056,-1.5024175489977554
6f3f384964fa,0.9330599794739215
17cce084aeb4,-0.3357977105123813
2b38b7cf3f22,-0.7402516353100628
15cec124df38,-1.3492284341079013
cc5bc06a243f,0.7877663212715196
a30ad2fbd971,0.705020970601737
eed2d4d3bcc4,1.5320791676747691
37a9adde2d99,-0.43388678372033607
f34f22c4b184,0.8912902210085507
b793601a30f2,0.7672432125254532
b31d4c398531,-1.0609691709651445
39fe99754466,0.008505773898069426
4bc45477521b,-0.30138332699250675
d7433205d8d7,-0.48733567045326665
0b4a7e8f413b,0.30293640498608515
39dedc2633e7,-1.2447752137242476
c4205539574c,-0.5400980472617257
203edc0dcdd7,0.21942513016568194
10f4ddc77ca6,-0.837408825246971
2b6a87fdcedf,0.8887014717682353
649cbd403b0e,2.2851582613003374
6714b5535710,-0.5997392887104781
038bfee4ed94,-0.2920408269548387
14076ae8664d,-0.5032234746812507
1dcb7e34e28b,-0.7603291287785335
13934e22a9ff,-0.40341472878411566
1cc8f28c6cfd,-0.4472617663534808
a25c55f11866,1.7626425956169793
d9b722501b43,-0.7192617456816084
a3c28d1ad122,-0.4096642093625895
6700c4e1168b,2.275759434868209
00ac26e9dcf3,-0.36945454995401494
a732d477425d,0.4659876887757221
e8a78c3b9552,-1.0924972156327257
71e651dd13b8,-1.813682681556993
eb93db39ebd1,0.24424939340368546
c6b797cf41c7,0.8232360311049788
f1b8dca366f9,0.530347889524664
b0f3d283d0c7,-0.6202672318574123
6371d9d77c14,0.5687682051383117
dd6c5aebb330,0.3537642224634917
f65893953741,1.353945525664093
4bfa4bcf0424,0.6488824186037067
699fba21ff60,-0.5915294425388186
457154f0714c,-0.40521711431698115
9d8bc904dbac,2.713460672021721
447eceed7098,-0.46765816782965886
9218a7d8734c,-0.48851060951841035
71ea2e27f80d,0.8503338558463773
fc3d657b51b6,-0.5115072956048891
3266e0ca0bcc,-0.40755778151294686
9b3f0dc5682b,0.8391904529446291
b21ece69aa92,-0.5407200024387308
01bb20a54969,-0.5586741271822723
b030025f0914,-0.340886687207726
e5a239a28198,-0.4895103360695797
66c7b77e5ca0,-0.597959973448514
b69f2bfbb67c,-0.45992627124323465
b2bb824d939b,0.9485554171408654
6086bb706aaf,-0.46620350726725385
9f32dfe251b6,-0.5062172661854607
a74ad117db8c,-0.5205661851025867
7440a08aaa5e,-0.5753722008802538
8a5110e6104a,0.9584950822550905
6745af828f82,2.6194457185247995
18d2661d1d75,-0.5958233296075217
0a64f544bfbd,-0.5597614884032707
0e556588bded,-0.4772184018840279
6ed6f32ef1c4,-0.36540756734714497
54ae79fb869a,2.5108219497978497
b48cc5f0ee75,-0.4203550908866267
5ebe2f757b49,-0.35451824261310905
f778e1130d05,-0.7344865413292064
1a2d765f98a6,-0.6009025366690669
f8bae11970fc,-0.528649060355751
56e0bccd834f,0.8825109611442995
d2e04937bd05,-0.4556678972224893
a7be4a3c0dc6,-0.6769210880080967
ed7055d9b841,-0.6355839483264675
8bfed7c9a4f1,1.1565509712884154
bce565a67d91,-0.1427994768197508
bbbdb11686d0,-0.6359350903193655
aef2cf238144,-0.3907086643076525
9e5de8ead186,-0.48142231522372697
2000040e46d0,-0.5223785431087753
dc290682cf5e,-0.49477186207396356
ed980a1f3265,1.1285483492099866
39bc26149ba3,-0.44153747167046603
a3b8b7ad2063,0.5110488129872245
bb4767add1a5,-0.22687407527619347
2a3e2345c2d5,2.6922085124918747
d5b9e2adea40,-0.5871915219029792
3618921f870a,-0.5509861308059633
7dda04247a16,-0.5645793256967242
890b7df246f4,-0.4714666009498426
877d62a7889e,2.372192954954884
5039427c9f5b,-0.5686900169693495
7db52d5ae5b2,0.9149553433954085
afd5ce2643a6,-0.5113935481114803
32a6f5068520,1.4221695170989443
f9d41a981c53,-0.5088953469964541
af3cac0112e7,-0.5477195066652764
e89d2fa2854b,-0.4456681040807576
b6c7902405f0,-0.6403372029887953
dcb698cd25da,-0.4505681629905565
66d212eaf846,-0.5620158362659033
6a713b744c39,-0.5089795953260623
029288a073a0,-0.19592970791517353
e642a3bcb894,1.0604298023436982
cfab4eab363a,-0.7012287990870583
ecab555d4310,-0.7717722755143935
fcd760b8f9cc,-0.3780428584497648
41a890147347,-0.48250163258599377
cad6186d7704,-0.45488435283872075
774f2fd76ae3,-0.7251511336095778
7faaefef50be,2.1101686549748564
d543ddab6718,1.609907734274093
f6f99d8a7ada,-0.4393877678469793
1c222214e002,-0.5421063357220792
72382e6f07d1,-0.5177737330273573
db6ecc8e858d,-0.4541494554735712
ca4b8ffa6871,-0.6483321360641361
ba9bf558c4dc,-0.44143829262097223
e6a881ac6b46,0.7152442800033771
e6387b05ae72,2.5471706379120302
884a7f4fbcec,-0.4284583490384813
e2a3a22d082b,-0.5166209904513129
d0917827d3de,1.2825940252172428
01a328063857,-0.5567418828877616
644d8f5f04fe,0.1891150261551781
e597edd86595,-0.7438653885120186
0f122b4ce241,-0.5555794846646824
aface009ed63,0.06181586810712116
37c06807958a,1.1265813881701396
816bee031ab9,-0.06687150900502029
c5c21c9071ce,2.6750480515554935
3e5cd1733159,-0.2527726639809512
25f487fda9de,-0.6510280178252326
d57bfb8e117f,-0.4273249823361387
a959000ac47b,-0.6574524070813536
c9b81b1a7df8,-0.6976658805825358
73ed2f261a26,0.6322191002789286
3d7ca0ff20a3,-0.7978877403067736
11b3eb492073,-0.39252841250470355
4a13d7a61386,-0.6308137650097563
81f9927ee8aa,0.11549147139892758
be2cb4c53cf8,0.8674872710603875
7cb9623d4412,-1.0657045193927495
09681ce0a091,-0.7837156326746659
2e9f54ad8b74,0.1615275757603802
4dd468e0e9a8,-1.111913611027374
7110f80b536c,0.7932784101387718
26d44f71a2b6,2.2125598522786274
0e6dfa4432fc,-0.21438838368356772
4ed0bf3fbc5d,-0.6827654616046617
5755d73cc08b,2.056306658775311
53645094daea,-0.9335911462415296
25463571a1c2,1.0299872688016107
cfc061778047,-0.9240648726855428
4ede88bce83c,1.1414320212512004
cdc16f7e4457,-0.39797461762729414
a6b084d81f67,-0.9349442706087014
586024945d4e,-0.0006388448334473523
a0cd1c888898,-0.8012070963089193
01ffaaee4212,0.6618487447655421
624649dadfb5,-0.44203078887010117
059f64a34ce0,-0.49372790428410074
7559782dff63,0.7373385265586153
59e561d87753,0.7289953293465443
94f7f6427917,-0.5941340017716897
dab7105a99df,-0.4482080458257576
5009fe4c1395,-0.413857358888658
7f638b7797ee,-0.3496885284171005
92ec6c86ab82,-0.4924453309395431
2cda410b1460,-0.5403622830917385
5e5f57bc979e,-0.4934346759919911
06e7bd5266f2,2.801555062175521
b5440f905aeb,0.49803894425816286
3321288a515d,0.4244931287462223
ed49977ef127,-0.023519510110185604
6fa83395cd2e,-0.9743796086304619
c88dc77e088c,-1.1940659811389875
0065603e2ff9,-0.7133338965659508
8f9ab0fe9c30,-0.07188991592216869
eff01496a288,-1.2880846976668185
5c78980a6dea,1.6036118851806798
cd7f1a7810d7,-0.2190569509791675
1733fbc42d76,1.8080337991351543
7e87295c7ca5,0.15015280369352152
58fb947c0465,0.5127131605803648
b63ecc2a2212,0.583978774305955
9257aac5a5c2,1.0320866338709176
8523a9fe1c5d,0.951953054116024
fca912eef814,0.39725464516841347
38ed511e28b4,0.5661074544513548
c142c90950a4,-1.5233475090199275
3c84cb00ebfe,-1.2120144736882739
eacb3c401f55,1.0179058064993576
cf4da2f565ef,-1.0579520305466952
d38c479cc3e2,-1.317539518180672
db9f20658f5c,0.0488540024431812
9b894e209724,1.4588489077380522
3b1cbd96581b,-1.460123950648005
d0a0cb379cf2,1.1872576383631055
69ebb739f699,-0.05810855889915166
dda41bd68596,1.4703902215318934
ad443fe60a1e,-0.6727204878429117
b9b41d1702a4,-0.22492743150671352
7f697c2fd178,0.14445054718021527
8e67c8c5fb6f,-1.2075887227896231
9038c767bd89,0.3735370178444106
88700cf81d73,-0.9914480105082686
190cfff866e1,-0.019567170463003637
913b9d78ce30,1.4737971979702946
a1af255244df,-0.9906742515574817
80f81ccf63f9,-1.15140227443033
cafa235f5122,-1.172916787114538
50094316a3f2,0.030105439795267593
9a33c74b5507,-0.3987056909580218
834743a76a03,0.3791687257841069
c8c39302cf9b,-0.25693684548913254
eb977f037416,1.205966983006205
917f57e41c93,0.9696633289472909
dc4b541bd503,-1.1194659039569135
77abad272653,1.031400078003252
e21c820595c8,-0.3411488115384593
f191851c5943,0.17599687563569894
5b36caaf488d,0.08021097475496602
84b5b98741fb,-0.5198329544385042
d301663ab5c1,3.0446675682542548
1031bc6cb0a9,-0.5924397752195438
6cbd59a52bbd,-0.7562345257442125
3f24c744ea04,-0.0450848034689995
cddce38aa5df,-0.3865391403194439
0da72bf20013,-0.17201199473314444
8c40c65d4307,-0.058339352469128164
60cfe54567af,-0.4292440607134837
1245e13ecd83,-0.7050569693998827
aa45051ad6b2,-0.7061699409508952
72a11cbcfa12,-0.5107550197603422
70a44383a379,-0.4277763127699442
dac35c380e78,0.7233266713427416
7621f7764027,-0.5900075319620142
2b233f725b3e,-0.3547819121005411
0bc87c428221,1.135500603065318
78087111bd69,-0.24906942596350984
71819726fbc0,-0.2638920568422552
c8bba49066e9,-0.6427372924078938
9337e2895981,2.591419187749219
ef1f54f546f8,0.5334069765820343
2da2e9d983cb,0.6437079749407836
08691692f518,0.20402260843910194
2cab0b4a5766,0.6288492263695935
24774f614bb9,-1.2054295965849424
d2a9b5c49ef6,-0.4611656873185268
db76dd2c3a24,-1.1839532702797446
1a5741cd3855,0.8467091136830225
8dfa08ad30a9,-1.1122205416834592
65ef18b2cafd,0.20492082721134117
706f5e64e2bd,-1.0187606805968525
6bc5ea4c65af,1.9199130492376488
ee02d5e66083,-0.3382480686191001
9b5a349da986,-0.5579134853173563
8ad511448f9d,-0.29237611551823256
0fb977403a8c,0.8446565603826547
b15dfe6e6523,0.02772857023015989
c39b57b80621,-0.7034001015930778
19fa30834b54,-0.6208848466816382
4863da00698f,-0.7812437731805704
7633b6075497,2.423270701920897
945eba49d264,-0.6989341843856347
422e59c04d6b,-0.5590262699861485
aebc285ecf6b,1.2563710127480472
53ed96a6ef78,0.7030551403653925
5142f9a3379c,-0.5396592292995608
f94e6729ff4f,-0.48990152983559043
76d19d978f7b,-0.504086452707407
0fb369e39520,-0.47899745194896104
0fe37d8f2c66,1.3873538784422659
24e54dd9cb0e,-0.6276309197366445
6e2fc890831a,-0.4773969534501982
24a878f76c17,-0.5503873473412161
244c8ffbd75a,-0.5135818591040691
5d298994c925,-0.40059913802153996
50038237b6e6,2.491831862637529
4c14ed52857c,-0.11571072237633127
45689ebd8d64,-0.2094498444763156
00bd148d97e5,-0.6671612557366164
e11d32c34c4f,-0.04433879244354942
40e423839027,-0.4867246705344824
1674b311ff85,-0.4487095993617229
aab84000aaab,-0.7528939402849968
1c9421d0172b,-0.47460845571435917
77ab5831d2f4,-0.32713745630494295
a8524817cf26,2.854808848739027
d1eaccb08335,0.9495763382674989
24d33dab5f49,-0.27765044977320835
ceeaf646ce32,0.4014852233804641
2f2e30609d17,0.3149761968129218
1c8796e7e46e,-0.7474260047600837
fab62a278ef7,-0.6625813261348145
32631784273c,-0.9711126692696044
467eac1322e7,-0.5602109221025428
1b3207b632ef,2.321058146568891
99c9e8368487,0.4486996062620564
5e10b53375f2,-0.9078080837110654
5601b33c7164,0.4408377507645526
e0187fe77776,-1.0016413063582097
81795fb77a92,0.9237233885474343
6371f903f289,-1.2059585765142269
e5d4ec64f051,1.4172775154945543
d8a3b90d8855,-0.9799256615983731
c0c0666c1ff5,-1.01323661761129
ff934b797693,-0.2907185730578938
0ac8335fe94d,-0.10452858011443952
7b279f89a83c,1.1357331623719142
e3e54e563aa9,-0.8198713125708474
3225bc6c70c9,-0.7684839161187023
d63fd8a1efda,0.46033993848059834
7987a72a60b6,1.4542895464140697
f5a2b8788c2c,0.7150830748246367
d9d0d740966f,0.6947413748657992
8a9e38151357,-0.4726855482992287
5c255a35b113,-0.6501929805848679
3cde9fda7412,-0.4141970727666333
0b986913fbce,-0.49150818170872157
a5c23d71bc19,-0.4191229382280639
a61782ed4d99,-0.52757477143483
4d9e2d56659f,-0.422170402331194
9c9b8a5567ca,2.6392324943551198
7f30dc140558,-0.3497200969958388
c10408c43d26,-0.6990888764135873
b73301b87e71,1.1122869995420466
0daaddf95df3,-0.11403688054167141
1bf85885799b,0.9950839734733619
509c350cb13f,-0.8648804358292985
1de41b7a9754,-0.2547769782071976
c1dcde6a58df,-0.25139043870620736
c1be0908c50e,-0.4983616362213776
ed7594264dd6,-0.22048413145410325
a0e9e867490f,-0.48108710442998404
b901478a23aa,-0.39867479697060415
bf10cc65fed7,2.847584739902207
1eec1b94802f,-0.26697433511287016
523a991c849f,-0.4920019759022547
f354b93ea220,2.741264710166281
0a3bccb0e4cf,-0.6000682838852536
00729b50d21b,-0.6040957155317939
9c7bff56dfc9,-0.6457330872329606
0b6b610b27c2,-0.5818287732370149
e793a899791b,-0.4905121820796686
ecf1f4076936,0.22400997968087136
73752daee3bb,0.24240116858756447
6e6724e8ee02,0.996356490695171
229ef3d76a33,-0.50992414174334
5a753da83bd8,-0.23601361740680332
88d6e286b407,-0.5358565480130527
1516f68c2d83,-0.41634041646319353
48ed54e3c294,-0.30411233323209014
b8b4b727eb79,-0.5583763776151518
bab8ae204ba2,-0.7194251300754667
64bc497da0b2,2.6147303627137783
2cbe3e10f475,-0.6913150175547276
70ebcfeda906,-0.4907023713265259
393868145483,-0.3054499173372974
3a00961c96cc,0.7423051754628052
8f65f659524f,-0.6017472570652704
a9b2752cdc89,1.0963781122184586
5242284c95bb,-0.36594482972531894
e96c46b608b2,1.2220312576821881
c1f6d9992fad,-0.5885062381162234
34f5b327c8a7,-0.11674786413792557
f3563fe331a2,-0.00530651022828664
b1d5af5c3ec1,-0.501085748116124
8f87acc2bbf9,-0.7241990384155801
3d0205456ed9,-0.4739441017990048
1c9e9c0dc6e5,-0.32626365498047144
0b0049caa0be,-0.8639643721969241
e6ba98611754,-0.7619609160628459
45d9adf455ae,0.6302066015151214
5e58ad0620f0,2.5097405848560763
0d383f223362,-0.6476793441562151
5ea38f08d8c1,-0.3989803035714822
3787da28055f,-0.4992588788672031
057db07c067b,-0.6360391052402922
2105168d4db0,-0.44060224705800527
81b23140895f,-0.5167149107358204
497017563069,-0.4147716263032289
f54ba29e8033,0.733723925521904
b11a510136bc,-0.4256730476999865
4c9ec0d2d6c5,-0.5145107774603896
847c1ca54530,2.6107912818374523
c3492ea4464e,1.1497150337332673
05cd8629083b,0.20794186035693635
df40a9661cc4,0.3056203249522635
315f6fe0852f,-0.35755587085522245
66c6d7a331cf,-0.6069491564360946
fb26adc09e18,-0.27940471250400867
079e28bf8b9b,-0.05356536163487545
81a49ae91211,-0.7080219317255837
cc092c57a50b,2.9908809362231357
2188305a1997,-0.701125168837868
91d11332cd00,-0.3093677581690006
085b957a15cd,-0.01376571658273611
14619a626159,-0.47468744478694613
a129119529ae,-0.7530134989880446
8a04c011023a,-0.5893859702823302
967cf77ccf99,-1.0705479845831474
b8827573cce7,1.4553519078492547
92a079bb21ae,-0.30488678551957504
9d5a99039c61,1.7840396459934111
04ed7785d3a1,-1.02512586347284
0c67d38804d0,1.426134328138998
070249b8e394,-0.08604421766867523
f60eafa63aa7,0.018557236649885338
d56cbf8a611d,-0.26734922060650934
fc6105c0dfdf,-0.5877295775104273
4b1468975dfe,0.9449944326314038
59fe4f75e96e,-0.5648834025488519
a6473ea01801,-0.41184381912083234
d23ec20ee113,-0.6090877717777027
1b44d9b73b11,-0.25839137692644526
a8a041e8ca3b,-0.6524862896290278
1b88f59d838a,-0.642628220794873
52b1b0560594,-0.5418957577355337
77caa302d570,-0.5531002214926464
d52c568e8cbe,2.5176858340578265
b472e9220b1a,-0.352450162148873
9e5c4307cf33,1.1240867554855558
272cd06a1b88,-0.6234297262428083
207a67936c76,-0.5529148315916476
1f901ee7748e,2.837432632894755
bce39f981b37,-0.39695478295115966
93a9e1e02752,-0.5335658424253441
77859d9ef9f0,-0.5890707315531191
2087ce3cbf15,-0.27075849478468367
616fab64b992,0.6662323296381335
aa0a829c6bec,-0.5282689170437059
edb19ce3bff4,-0.3889334454629217
a0423502c15f,-0.27882633195649553
6521e2476496,0.6590581414789972
3af6d0802ffe,1.7077941609756835
85054b8bdff7,-0.8417330509299507
7c252088146f,-1.2414479376888194
0a7c6dca78de,0.10963365801715558
d4c3fd6d6d1c,1.426005037596284
f5b1c4597ed5,0.006151193403600284
7c635ce585c4,-0.8821540052688626
4b8649e75d03,-0.44418238875064653
5f414885a840,0.9642559115442932
3f0e4c77dbe9,-0.4680476085228621
3dc71badc45d,-1.0106103221003648
c567c89c980f,0.6743353517244903
2ac9937b1318,0.2219452599278927
187d48c3dab8,0.04578450419768734
ba8206396b1b,1.0218954980107127
7da9d618d9a4,-1.3732683441914695
99a20dbb0b63,1.081007759505202
adc8809b982a,-0.22931214102632735
2d07523b9af1,-1.5405493280302942
deb540e4aa16,0.8527589715118442
a8e776d7c850,-0.7126097882969765
ea1a3d896fa7,-0.27491950558447376
096b912f7fca,-0.6328006101128409
73879e2c4933,1.5400677240890428
e213b5eaacca,-0.3560150639940302
feff89f23987,-0.3143792496179364
839f5c123806,0.11357888663492473
a21b0f1b4254,-0.37464851397686055
b50e483d491b,-0.8484353618846294
ea651ae06104,-0.280097775165555
5c69a0c58165,-0.7473393959722783
146f8523bede,-0.016023925264973628
f4ccc1509079,-0.1862443267391944
3bcb0dc7059b,3.0296730183176157
c7df6fa7aab1,-0.14225148616092523
93d47b3b9840,0.12218319382384267
844bb98885e6,-0.37370149733655855
a19c072d7082,-0.18772511881203705
4b6f5909fb98,-0.2631990782239665
73a6ce141009,-0.3051424077886646
d58f79993151,-0.3632594420816427
dad1783909c9,-0.34038104513673106
c1fff99d55cd,-0.5684568488629038
9a7fd32c7dd0,-0.24923747098168422
382ff73c95d3,3.1386753305705932
694ac5b689f9,-0.38267184100850027
2e5b1f0608c0,-0.14387316377431775
3b4a87251b4b,0.038972583436413105
257e107e0353,-0.6024527126995542
ff6adeb74524,-0.43119904610533927
64ccc8c04ba3,-0.5479194646083394
6793538d74b6,-0.5133134106882425
7f93e9e9bacc,0.6072434330525766
5ddc99f4b489,-0.46638323602310616
e81892b805ad,0.9248388231134764
b25ad1d76083,2.7699862163643516
0caee57cc50a,-0.4655549017494396
76cb3dca8876,-0.43077582150137456
9ed3a7918630,-0.36521031087471484
3fa652b56609,-0.47925956828029453
f58afded8ea0,0.1776478181917638
7a418350da8e,-0.7185665100654409
c26ba7af8ccd,-0.043979737953084116
171b45e61d20,1.0565981241718916
dba3bcf72715,0.44636098391776524
bc8c6de64098,-0.5209366489508256
16441cddbec8,1.8523981875601387
2d75b9e1193f,-0.16924928471879094
e802a5fece6c,1.181946565768028
c7010f66cc46,-1.0392503655948302
191fa7f72421,-0.8012315324318694
909f263f0a43,-1.4217375998947468
4da174d04d56,-0.5679723068062285
1ed6c6f02ab9,1.746714652175076
b84beb613bb4,-0.2110350708352707
d88e80b09d9b,-0.9919598989402306
db26e8936253,-0.24496570611841595
f379144a13ba,-0.8853086662673669
89d6df259654,-1.592172485249046
608b24a7f317,1.2195919227887932
7af02defe756,0.4128282289944665
1a22231ea035,1.0735611249571377
ea79557cedf8,-0.27419143511973537
224fa1f3641f,0.31490964042082037
43f315f6efcd,0.24268570001751177
50ce6a7af87b,0.06962502080477237
af216f011c09,-0.8997449573853021
e30ec22722dd,2.103630600286665
a448c5c669e3,-0.808695572400479
4c220259c79b,1.1443182795713622
b9bf1416bb0d,-0.7622641704012701
ee2466d97f65,-0.7745474045035903
807791b37e21,1.0987186448009538
ebebed6d924c,0.18660570349378758
ecbbfa5cef27,-0.8151166056943563
806cca85f49b,-0.7852152385900555
f3d328c333bf,-0.12460288584483775
1a4b84259aba,1.6426057210788465
4ae087b30cee,-0.9331466988286743
109d0dce6fa8,1.462727474209037
be0167e97732,-1.048388733426058
dc747990a96d,-0.10305902985842588
5d38e347a880,0.040923657808076275
27c3fad0877e,-0.060103392673264
b340476be286,-1.1309768350152427
ec124341b816,0.8100616905278533
135095eb71a1,0.6933105433758615
f227f357a10c,-1.2493515113531715
02cd18abd28e,-0.8877597149170772
587ff518b035,-0.9828726835187753
07014ae9c1f4,0.32349093689731057
1fb730cd1531,2.3631304378851037
ea1f6b117970,0.7041274772889337
0ede1ab8524b,-0.6746081206710706
fb6a0d79395a,0.5292012193079444
7f74f82691b9,-0.8088449284506702
608bdff98600,0.5617232260238592
08453c0299c9,-0.9360617910529005
e635a09eb2b2,-0.5387201504368634
a4e5ae071270,0.3471940916442059
40325832bc8e,-0.06929795007120468
1c13db017c6f,-0.48812120649398594
d5a0c6d16956,-0.5191063359104842
d8d3acfbc43e,-0.9427756379748439
fc392a94907d,-0.4590822625546088
6c588925c87c,2.635237607796385
3f73d19716d4,-0.5349232545768114
7e1269e4865a,-0.3798774394928881
d8e32279dc5b,-0.3647496909408694
7936009479de,0.5189245009994404
4dd2ccd013ae,1.134700846580439
54378419c3f1,-0.530929177360568
671dcf3f63bd,-0.570386392334655
723dbcb10511,-0.4576029015870364
0a6263f7fde5,2.549946357433312
d311b567c573,-0.4074111622574947
abf1546ac990,-0.5958608495694938
15e4eda47d03,0.9799201686408122
66c6a36d28dd,1.0725793126514256
70a7adf67ba7,-0.47377589762054273
f78a8ba01c9c,-0.5509149901640886
cd280334d1d0,-0.49677243979282937
41873c3f76cb,-0.5373579869289227
fea96fee47d8,-0.5123632184704858
4b8275dfa475,-0.31237542857478695
064be79b84b1,-0.30922791759557805
d54cc20b8a02,-0.5776595601917194
7369c99a54d0,-0.6429272882500837
492a3da5c286,-0.5393962220744674
15ef644dda10,1.468456468619629
d4344b478514,-0.35377739758868143
c287e4e3cda6,-0.34828672971671204
d193ad47a668,-0.456285431733913
79e7525563a0,2.6398343571532807
cb8f5b2b0437,-0.2521392964158563
f900f48d3558,-0.3162155536311118
5b0e7a57d484,-0.37651069024162287
9b0d9e4ac3bc,-0.5342848335441582
72437a5d90ed,0.6111588085533152
79215366a064,2.768617956442026
122773a6acc8,-0.42733479965316484
013f546d3d72,-0.4944548138610235
04df50f5e391,-0.4425696334620822
030195c3a5d1,0.9171263725743525
fd1d622fc2ff,-0.6165179996307958
cc848dfe41ca,-0.510858249083732
6a234ecc8e06,-0.5396170964363876
8ce2767d9cc9,-0.354755021656727
e1c48c84a2a5,0.05873934950092745
8c639c82ed42,2.596374775058963
ca26cb47851e,-0.5567832528250402
05a4b1836569,-0.34467543604779055
acc8e7da16fe,-0.07960263306042933
2ff928f38cd7,-1.0410187408682678
d66f9f16284f,0.9719102469828265
d1866b0a0b37,-1.0412657462600121
dab5c905e59c,0.4373153451336691
a776555bf783,-0.602003520215787
ae9e59c054bc,-0.13839838343912245
289429a8d3fc,-0.26059200395993626
b7ba36ebbd2b,-0.41331836821810425
e023a5eeab54,-0.5205714554574156
8e8ed66b0edc,-0.46158931244708723
c19289df12fb,-0.40158909382593744
447aa7acb188,-0.3265123062539526
44678c309fea,2.65059696946357
89b04cb4d553,-0.4657820023773566
a99d2b0dcfbf,-0.6044467364568352
6f15a725fe96,-0.5735803046027192
aba0dc054c60,0.6512644903578149
0fde56865948,-0.660246586475477
ccca673bcc66,1.1257747062935
b1ead32e482d,-0.3375606062981525
999b86681db2,-0.6214372423534807
08a7bbd248cf,-0.7166273558090008
28e732f69812,-0.04088765467062987
582b5738cf9d,1.208194551613674
29e400a0d836,-0.9463041665118669
9564a5182a9c,-0.7337980372867599
ed7e850606af,-0.12482613154335306
5ca5be25f8ae,-0.29378496310370733
1f44131613f4,-0.10666540133272503
707addf5c235,0.08669891526996386
574cd150caf9,2.6269980920260374
844fc8d56957,-0.36874350116850446
4d403e49747f,-0.5552990652942853
a9af42262186,-0.38167182721830606
613bb1d8b7c1,-0.2837140623462126
c2252ccd5683,0.7692172226177999
8b0f78cc6d52,-0.30750292323701856
a0dbb7feaefc,-0.7227384332219602
ad6ca47b6286,-0.6655499076193299
a364e1374859,-0.37294028650857053
8ef4f90cf3a0,-0.6713939701833396
c74fe3839da9,2.71463634732041
7ce903984116,0.8457004068593179
8e5ef27b1d32,-0.7242012072239478
9603963836e7,-0.42543261923671294
4025b16639d9,-0.5423452780698252
62c84b521d32,-0.5338624974351223
6c8b5eac6237,2.6059099669289614
61961de05760,-0.6178302492384746
1db9fef5b1a8,1.0032804745839063
1e9e6e6db5d1,0.009918519142390947
0b995528b5e2,-0.5969413252836293
c0bc93d09f6c,-0.4289747103209025
dfe325172d0c,-0.5623465399749252
149a4dcd9b4d,0.8128254661282803
29f84acd9e96,1.5976570113146016
6b29949dec96,-0.5487346181908997
d088439fd97c,-0.6917920300626292
e358bcc88956,-0.4677949048860011
3eef53134e75,1.3603972111420588
3080347322ed,-0.5627743255756685
27aa928f6457,-0.7308375839254464
1bf3f023ee90,0.030585116754056098
396f8a1a5736,-0.2633997249017154
682b5720248c,-0.7216793008551978
a037d18e2901,-0.8006881316827343
33a6343be52a,1.7990612808695756
39b341aefa67,-0.5134847442950589
7b5a83bc2c76,-0.6539973563853103
56ac874d50a2,1.0691164674713278
5ae6c30cc82d,2.531482662160518
3aa344003b95,-0.5970360575251581
29aa40e6c448,-0.26597182424174654
092f6dacda98,-0.48014024589236176
19dd75d8f223,-0.5393030756013687
6f8bd50cec7b,-0.24507598696779176
6f7b12372447,-0.5006068873799733
08e59217a811,0.9536563714790176
e0ac629f9a39,-0.758639322822094
1b70ee517bec,-0.19367272348698536
fd5ad33b43ef,-0.7173934281634858
c93b869ad328,-0.22564874825641507
c90fdc1ccdf4,-0.6236466065035093
2d0b504f8daf,-0.84149284154386
43581daf2b04,-0.25637408921486204
346a7ddaffee,0.5283128468505878
b2659777f82d,-0.6933764784104822
57a1ac8d6575,0.7960751203045388
0df06b5b4570,0.1278311533676278
2fec0d9d5971,-0.6187559150164511
bfce41a4de3d,2.7181417100732967
d46299cbe744,-0.44108334856170955
1928c68fad4c,0.8604504683235743
b518c5d300a6,-0.5040310065009367
e969019b5be0,-0.7977500593910022
9d5ed547aa8c,-0.3039923625008414
a1b48ba4a1a4,-0.7141455373365868
8b19c255c8ea,-0.46503952110119484
975ba00566cf,-0.24689492420932263
2c0a453b3f84,-0.5611533471408946
e0fbcfcc94ea,2.562972428453772
a45c10f642f1,-0.4731297155335788
74a2491f1af0,1.0837969254987214
33223601074c,-0.23229033379510194
fd6fc5777b13,-0.16879759263185484
31a00d441b3e,-0.579778640985696
5c77856b5711,-0.2611313902112992
4a45718c3dad,-0.058870167583153166
54d530530ad8,-0.7420659142634979
acd03de00057,0.928614513269426
6a8c94c266bc,-0.14702332900311177
2d77fe825da6,-0.7547345910411151
47f6f8b3864f,-0.723180715110172
46d698e8ae0a,-0.0833942739551329
5ccc9076554a,2.8226524353107094
e41315014392,1.3216820925401243
9b2284c0bf66,0.8342902955301122
5ec9821a0b29,-1.0869387140088815
3c9d1d9c46cb,-0.5197025919929995
1814f39b2958,1.4549303127849869
cd0c5d1314c8,-0.21736652298945075
f6f19bf39059,-0.068914494266193
ddd491f8d38e,0.16058829518189097
f39dfb75551d,1.1149199444831046
980852c64772,-1.2396704299007328
9eb330d0baed,-0.35349449838105357
19fd073a8e33,-1.4003236889809072
6c2cd58b9012,-0.7404184496239745
ac592aac031f,-0.36552157282230263
3562973839bc,-0.5307618376826316
cacb9af01440,1.1001245886267286
0d1a684acb1c,0.40430571158653883
83c84ed83749,-0.555839560442856
c112df48cc9e,-0.3996161125716554
095971b7a10e,-0.16790376524005018
962601b02fa0,-0.48958977887001087
1de93d7584f9,-0.5274308355869871
625df305625d,-0.45293349924589354
5271a0683929,2.7255851118730945
f56f6ae7aa40,1.8547567225562431
da4e22892596,-0.6877040595739006
b5ebf5389ef7,-0.6062871713954542
66f5785b3a47,0.8587923030371191
d96ad72f48d4,-0.2864089898393651
7a4457546ef8,-0.6918195999054318
809e137df182,-0.523272175645204
fc3c34eb2303,-0.21510793474264403
624a2203854c,2.00380210149524
9fd7f7f45f48,-0.5042614479632926
615941bfeb9f,-0.6373090932310264
ed532989e69b,-0.5651806547922835
212a31b0d84f,1.0089046965662605
27a506db18e7,-0.6403496803315488
ca611dd45fbc,1.701504843241963
545243c70af0,0.07081980925503646
24d8adc7297b,-1.028929757317593
de54453bf408,1.468873332524015
1ceb7ba18903,-0.7712187506844932
10adc39d0878,-0.6206425312925928
16218fb2a1fa,-1.115425907479376
af9e1fa1a88d,-0.8732348791017772
0da54a180da9,0.19640165204115326
946853371e1c,0.6032971725789533
6eb064fb9f56,1.4849130553556265
7cc7fe671aec,-0.047831877046680196
b3bcf30fb98d,0.7395406698153821
f2c766fa51fe,-1.743343227720752
77d5f3fe0660,0.6117695746279083
b82d16dde4a5,-1.0967393457867167
03c3265f24ad,-0.5853907652454062
5fd12c653fa3,0.5871593708392598
7dd6c3978a34,-0.17066542030758572
0b82ae1e95e3,0.09789365756516874
3a75675dd619,1.2279273098904562
90066a0041ad,-1.1052330019866605
da98abe62764,1.1069364343227475
ceaba91d5181,-1.1093138441141088
ff34490176d0,-1.4007021718409383
18c6a8ae2bbe,0.6038283229452589
d39650836d1d,1.2458445773872862
4fe87bae8a6b,0.6611480017554134
814860accde2,-0.27314864127544636
e4ba8f67589c,-1.0739680393726712
e13b2bab3fea,-0.1177165464605139
4c9c95722f55,1.023970259407058
378e57fcf973,-1.2041059377924472
b7c6fa73ec10,0.5372275850383604
0bb1497647cd,-0.3370600937064072
0cbec4f5c5d2,-0.6093512578713398
baa5cae28f78,-0.34992335269330205
65903e897391,-0.30023763737268494
55e405ef29f7,-0.3925932021537407
429830724c2c,-0.42185710541850524
76cf6b2244f4,-0.7198032397469547
473952a15df6,0.4652084985859416
a1513e7e49fe,-0.6812953139902125
291204b31f9c,-0.5562011793104366
8b7f4382f97a,1.3077819994060156
f80e6a966199,2.595331884271627
b47183edbd20,0.8137853745978282
f23d5d6e5c9c,-0.4659923491151271
d0d5df3e388c,-0.48018429570075527
514cc0694a56,-0.554305409180047
131481e70472,-0.5409120294202829
b5d19a18c0ae,2.717122678046569
5fc2a5949cfc,-0.47482452331264424
fe242d7456e6,0.8678623863510884
002dd5d07406,-0.6142085140947253
6b7b96bee7f1,-0.43164737708566864
fdc8c9e12a64,-0.36471587804358213
07e820375cbb,-0.471980063042653
517cfeebef22,1.4835804081220862
7d0b8ec4cf24,0.8957653990116101
2bd14c516862,0.0244369529434715
c93c0f57320f,-1.0084338687231373
6059dc41b00e,-0.2790785963611961
0d32416099a3,0.9866339487532997
87afd1e4b2cd,-0.5614951677984895
73b3e68a74a2,-1.144481300053658
ca78f5d83a7c,0.6359946654920433
3ec66e2954b0,-1.4711077818293261
56b30bff3845,1.0999443902207937
a4fb769e17e8,-0.6617590497774971
85f81ddaa7b4,-0.6383207010698762
07b15ad2ed75,-0.560334376651851
a62c08b5856f,1.4234553122683051
3a312e70ff02,-0.6274048588674213
f60f8b2d7144,2.3161432765113474
a40e5f025d48,-0.5351117797557582
8ae0d9aa65e1,1.021506185138327
ff83cf2d662f,-0.5030455008841163
1b6d383f51ff,-0.529199168347554
999f5a579576,-0.5013623258378279
e111a745a8a2,-0.4206342419853351
a44d4cea1fcc,-0.4456918205182397
f56e3e5b5f9b,-0.2652428448183068
198167ee9894,-0.4283628867907536
aa7a4c2ecc31,-0.1788525908770523
8131f22b0122,-0.35474473384915794
679ff6265a2b,-0.5037411121765849
f54757559d9d,-0.5710412321958646
bb8c57775b13,-0.3599748588212654
251ee5c99a0f,-0.34010322756901173
de2195bd65cf,-0.25840675835971966
7b0650376942,2.785132177414198
10e81d139b15,-0.7132017684742242
188c640e895e,1.1885398365177433
f09a6d60bf33,-0.009014430783039679
604127e5ab14,-1.1938934926860738
dd3853e1be81,-0.5131388200638717
d38324e44260,-0.7731052046362586
a47187b6b533,-0.9013879519849656
c29a15bcede6,-0.4911507418425669
33a9d7bfe8e7,1.887312293128506
bc2f6bb5d0cf,1.614883714220926
3322be2f2d63,0.3333897815729058
547f74f6f508,-0.07346306298722453
9ba8d46b7629,-0.721527527930524
7bccd79b6b36,0.8410954439921876
d68f74f81c1e,-0.5594409749473522
a4225355101e,-0.386426752160762
49014c5ec8dc,-0.3967038543900529
05895761270c,-0.5681530121588297
7835f05544df,-0.6079339062853036
35cc0a4ffbf1,-0.37796837669553673
e28d29491e7d,1.0458903293980186
579621cb0615,-0.6469035352388015
58f81396dddb,2.5234839511387275
ac95c0b26b0c,-0.45790650303796676
8d7b79973fb5,-0.6063731586140679
d58924a846a4,1.0384357929919281
c1fe90ff3ba1,-0.6654843576307311
d1ff39db8957,-0.8059570160579249
a97bbdbb8975,1.6997128712686131
0983be061825,-0.42163019661139534
3b7d0036c7d9,-0.9169170148200193
90954e60d7c7,-0.03611556348269081
1ab006ba252d,-0.8624616974826623
4d6fdf81d57b,-0.46119642748971074
b45adfd23eaa,-0.4440333451145795
fa804ad0a2ee,2.0040421860475908
f7d309491911,0.04895946964202873
a5763e8f7ba0,0.8610810917314808
d1a5237789b6,0.6315777806573174
00c55638b5ac,-0.36517792164630736
687bfa8aee43,-0.5549244566401922
17656cc3df15,-0.48918078999966363
e7c9a8c645f7,-0.35445020580247916
b046767a969d,2.683688184005394
8fb82ba6c8a7,-0.38559480631023957
7c3f81195f34,-0.6057843051190008
00a5ecbe7959,-0.6526533644276187
f28d4888f485,-0.3516416353501573
ea2b7ab9c570,-0.6195113086531531
43a83aa83790,1.063652829286101
2bb45fd65c3d,0.09462017859446431
847ad44a9669,0.45862125575041135
7c321f6947b4,0.23822325906783393
6ffd03257951,0.9360803598563114
85a36185be4a,-0.7732049940553518
73fba00c31ad,-1.356180785016849
991f06e609b8,-0.30165727960109545
e15dee48e427,0.5884287276249515
3f7c5d503003,-0.9918146214695609
0b97247e3f78,0.2003553177537717
6396d53768a5,-1.1768636309684972
d8f57c09d80b,2.0833922124636106
c330c3990f2f,-0.49182210780869395
9dbfe83f719a,-0.5707855981531342
a2df784fa404,-0.5941185705762461
ad24ee9f8706,-0.43286451881966714
affbf2c2d964,-0.6655846597572697
1e6afb095dba,-0.4653580987602353
0bcdcebddb62,0.880607450638256
a1e31bb182fe,-0.464513941601562
3a9255a74c3c,-0.4160591164992037
16235def9c85,1.1064208064252545
cd513b341098,-0.459911476039847
9d87708bfaee,2.5739898309523492
720d9799fb42,-0.2708110195583605
40daf6ca6160,-0.030711327521909925
fd450be898cb,-0.26372659103617996
754dd6ae2bca,-0.10620652940228585
589515029775,-0.39082225964077694
07697090c903,-0.07067572189609773
e3b58132ac60,-0.5913185795736716
2e440b1a35d5,-0.15276776743376566
c4baff16861e,-0.42678545553338143
7a2a93b0a7ef,-0.6255612251638993
7cf0c96ab79d,3.1132428590877446
6b64d7f2fd86,-0.18385638232741572
4b17cca786dc,-0.8346015728064968
bf4108941e0e,-0.5692146431246727
b5011f16c9b2,0.690810204777736
23d6f405e7d3,-0.8082913464301958
5cbd87144f95,-0.8262000749665114
72444e268a52,2.3557306522730674
8da9dce7566a,0.9643394832262379
e7ccf48eeec5,-0.6548379730084494
a6ff0ab57b15,-0.5411630392704186
989a4afd93e3,0.07584231660071238
916c27e073d5,-0.5994164271395305
355ac1492c47,0.7470024198685218
38dae8e5b1a8,-0.4940257534301149
b4815b5bf99c,-0.49570127133048136
8a020ecfce45,0.8806733610284608
5b89b531187d,-0.4690579791774373
4cb8a68065ec,-0.7709625090239819
00950002a6ea,-0.4109623644659791
3d7694bdf688,-0.3840752748666941
9861a99fc252,1.2948947854399697
806820811e92,-0.767651149593373
7bcbd7f2b549,2.445223991261404
87f9485e8732,-0.46423600748878935
6a576632656d,-0.364119828352983
50b918cd7210,-0.48823846119349423
deed79211992,-0.7472299890659291
198d1aa2673c,-0.5184422799746802
1e6d466200a4,0.22507185085942125
3af791978242,-0.4929769271262227
9a516bc20576,-0.3692101493084725
534a4d5fe964,1.2847762054272236
a548f4033777,-0.3221406877528879
d9968b677a66,-0.6603462918006973
dbaf513734ef,0.1030048820056879
3e62dfbac43d,-0.6358751052795562
4bfeecfb3a85,2.621606953209607
1230c007c3d5,-0.32124542097341025
08e06b9245e9,-0.6653913363364526
1c6f47918811,-0.5020712550825126
132c7abf5942,-0.6646674539901148
1e4eb8e10ce6,0.9191844571599505
6bd3d2484e8f,2.533571815241595
4e09e8158906,-0.6900181425996924
8135def075f3,-0.48320946781823304
d3f640a414c4,1.0304946312755319
495f0bebf9c0,-0.46433612998166507
d02b7b57cec2,-0.6965168188059403
54ce95d7ff29,0.0042051219109442775
9cef85c2ee09,-0.08887681087902942
ded81cc84c4f,2.635805190750264
d5052620f1a2,-0.44013617632771995
66cc9d5d05e2,-0.9332634221756722
309ce24bb915,-0.7144327592450314
9a4b0b21fce3,-0.2588391888300795
77ee9e3147d5,-0.21195722367135159
9366c17510c0,-0.2786801567315501
2b9060c17d70,-0.233021083157277
c6212d2be2a9,-0.5669119451370858
8a879702f34a,-0.25643322619319797
5cb2abe135d6,1.3467468015977306
4c6bcf96ce62,-0.6653528006708731
bcdef6821a88,-0.29619984495631596
f94cc3b5a6a3,-0.6154156044899505
96eca704f051,0.7986944874938028
f0951b9780d0,0.6870716265883011
1abdb85b7eec,-0.9816093516942619
28c1334c5127,-0.8600617810476983
18c0e0dfae2a,-0.2185753639193841
15d409edd0d8,-0.5450448793572723
30732279ca32,-0.12298666879116588
ebbf7d2c8e2c,0.30652022718519756
45e249f8bfc0,2.51295995365962
0ca2b7f2aa49,-0.45190488335166534
d140433a0b8e,-0.3990223292506514
76c0ad5fed45,-0.6443920608647795
9ccbff0b0608,-0.43927706576234615
46b42ba46291,1.1884881878734106
49bc46831175,-0.5899121683763727
a6d1168071e2,-0.48362500966018895
d94e3557a656,-0.5788568600423744
e5b61970d27f,1.384711436295
7668a6b5df7e,-0.5169216137751803
f1559506c469,-0.7064859481895478
7847b027956a,2.237198315104697
8f633e1a4a58,0.8266512204540855
a45a2e161aec,2.1287122258912237
c70e6bc4e662,0.16877155227397567
4097157bbb35,-1.0631899141383045
6f36ae167850,-1.098490109486338
ea55a7997f72,-0.3870037614658392
7bfb347df15b,-0.5005201911538778
95d0466bd39b,-0.5730488917686014
84e3d2258865,-0.49566166443680393
2743f34065e2,0.9880804737575725
0dfc6905c540,-0.7954611956991011
14dec1ef6eb5,0.8011602557720088
dd23c15257f6,-0.37153539434485633
06f946ffd452,1.204092868907013
ae6275416605,2.5680216695655735
896752193652,0.7586929745939504
fb18550cdf52,-0.5284013709986441
5c4117ff1984,-0.43763806701849184
e3cdfb6381cb,-0.5571445197096772
3a091cb7c98e,-0.3786427819282226
832b2dca176c,-0.5990991681468545
8a5a92e405cb,-0.45467143350918987
cb4860f0fd2b,-0.5279875866627426
2f4474c19928,-0.6756871907478579
e77cabc22f71,-0.47161423720790113
b89f3ddd4cfb,-0.2839202597026505
c3a86231c5f3,-0.48652902475673143
686ed8d3f213,-0.632915564894527
d0b5d52c8944,2.623860164459468
930a576d6f3c,-0.4440963102552105
55d8b271adc9,-0.019626485843432722
a804d6da32dc,-0.5433511483486244
7dd6bad520fa,-0.4357437196107073
3764d873fe63,-0.40069048113370404
ffbcaa098759,-0.37828845596164606
c693c7755dc7,1.472915523255667
6537ba56bda1,-0.485584323569962
2c55217ef00a,-0.4465428580391604
4b714633eb80,-0.4973089071073949
2c2e87edd942,2.6224223657403556
6e942e1c29db,-0.43853661496479057
f02c02aaecb1,-0.5323000174272262
e1c81fec51d6,1.0584650688237085
97fa0884d36e,-0.46392722615090304
98547740ecab,-0.5013145431145729
ef4758ad2bd4,-0.6171718747331914
50fb1b63e587,-0.5379749540569262
fe1b7814fa9c,0.8397738846000627
a601d364ea5f,0.041342358067796334
5a313ab4e212,-1.0731194948850167
9325f2133303,1.076226088444111
04a35cd5afff,-1.2659653941629625
dba54e7fb9cf,-1.3325008919743688
7d3ccf9031d3,1.3495376782408395
118d819c086f,-0.045843786835346415
e3e672a4b94b,1.2064746237760082
7dac3a85f58f,0.29363035134582377
b290d06b54d9,0.9697854366046516
8707f6083b44,-0.8532728623307613
8a0bd28f8071,-0.36629410629077525
60d21900431b,-0.8787747161084534
2ba184ef288f,2.434220792664048
adb229469e0b,-0.40776120385253073
a1aa1d7fd959,-0.585947488560485
8e4ae072c22a,-0.20681406092276486
ec8b2297a4c3,0.9730597794866599
2ceafc878c18,-0.9996640472662307
351033df1b1f,-0.4522845075553466
fb8c37e590f6,-0.9148355299688995
d1d67639846f,-0.04735892733969781
c4b90c553697,0.2895833455904492
be4a8a2173bf,0.796576563833251
67648a2b5c58,-0.5515572432951276
f084ce4ec4d9,-0.6026673056671721
084b856be100,-0.6668779508457412
f34768c4e989,0.46519801155217694
1e281181c495,-0.7903213842122611
d7cceb786665,-0.6902069969968985
0823f504c8ad,-0.6111283723897842
30f113b07b79,-0.6503512346879293
4a8eebf011d8,0.6594904387672772
c261ff1b4f5a,0.5979771756581806
7a99d9e1f976,0.209185288139933
3b826304a55c,2.6312595739773466
e88e60bb83bf,-0.38302007496336365
a62da7eca566,-0.1849931254896422
e9a8ecf84383,0.20676648035031053
42803fe04be3,-0.5302845945619912
fad5d453d9df,1.9508683017980917
9be0bbdb19fe,-0.5600906316605868
c127c23267bf,-1.072275293345396
8710596f739b,-0.40631424176037867
4f63f0d16494,-0.22211781810170447
7ece0b9eed35,-0.0250719619269872
453739b9746d,-0.8406900895022196
d74e221ec75c,2.0672230491638675
e0c5f9dcdaa2,-0.44122559450589943
70eb93b7bd5a,-0.43352637157849727
9c9622b032e0,-0.5929912807139104
f5291bac9080,0.5458322378554551
7d9f675805a2,2.8413169118401314
0946c76ec361,-0.48440426320539026
e707b5fff28a,0.7135022112345997
c177cf0d6437,-0.415009570084253
e20bdc1c3566,-0.6044452166883152
cc7f2fe6a3a9,-0.4604602339216134
a8c3390e567f,-0.046996029105379464
699c02e028e8,-0.6215928011269275
81b0e95861ce,-0.2132790458231812
63d229682941,-0.7357380558619919
2dbd0dd4bbee,0.002556994127222307
769a9173340e,0.5960841967234631
b4834527d83d,-0.6880725497756948
9bad02c44a9b,-0.370474095303893
41a011cbc5ca,2.5530658566922177
a0d90e1b7099,1.200497810408707
8e1b0f6a628d,-0.3605277587348538
6c403a339403,-0.7719087304681203
880517f2b2fe,-0.6555299792792189
5ede9beda962,-0.5566746427046563
57d273d791aa,-0.4593826530064519
7dde8a818ae1,-0.4656613925418675
badaad2196f9,-0.6378128244168804
f6505a219359,-0.3704791553190436
86a6ec70c199,-0.4357081217088219
ec29da0a11f5,-0.6473395722277415
ff447c4d5cc4,-0.5575753206246346
cd1394e95510,2.5966096037630058
21826cf19481,0.8002852875991839
6d782615606a,-0.48255321761743414
be07c5a2032a,1.1248672908317303
3342eb8a54c1,-0.4652499247310443
822ed2088931,0.8286544108933855
149b440c4720,1.3890721923724725
a33686937181,-0.6297631628606154
c9931bf5aa45,-0.74093468435878
ec5887dac52e,-0.8619462062883649
06875f1dd901,-0.5628538884465718
decd273784ef,1.3636565779821237
737c8408c964,-0.5883686399627804
2b178d11a2f3,-0.9873426314779553
6349702c5687,-0.9618745206230709
1f851822eb0e,0.29628257561406796
f0e89505c8a4,1.4554179771560891
b1d86177cf4e,-0.5137870054404915
8dd012d00fe6,0.9210751585850993
9456ceab4e1e,-0.5446187609650716
bbda94e2aaa8,2.580155958269403
e1f34833a5ad,-0.5417492157281373
5f5b5e362bdd,1.0647936463254069
a0396ef96a32,-0.4926137905127319
4437769ff936,-0.3459609329849681
df5a40299a3a,-0.49483970071102945
fbf30fd5d675,-0.5749254145138648
3ee184519ae8,-0.4708981352600624
de541166ed1a,-0.5866318070635524
4cb3debca647,-0.3844276260159445
4e63627fde53,-0.4197785276485818
1c7a9fe57e4c,-0.5818013203810216
3a6f1eb8161b,-0.5758676988282374
8dc1c1d3c9cd,-0.3630267346407213
dc78dfb3ea0d,-0.5497755538243012
b8dacb777d17,-0.5020073411071276
8753ee55895a,-0.5706196925947414
888a68f01291,2.6344456988875833
80cd9e70b5dc,-0.5290358148410147
4799792b7e6e,1.1095055728969891
641801dd9cd5,0.7323890380971191
f1776527a7f1,0.5396033224062743
3399a4095ee3,-1.1063694011277996
52af72a2940d,-1.0844214287580207
8d2d1843fa97,0.5113599593613596
7097e23846b0,-0.5074449011768962
dbaf8610ebcb,0.611924109614623
854736496d2d,-1.7190544223462887
34abdefe1a25,1.465889892476844
80d2b7aee715,0.6865372444349793
4a878c269afc,-0.6984638123933121
daf3521f6c75,0.9506090989536949
a75ca8b46881,0.34983033855454304
ea965a385321,-0.5288565528492943
335e22f0a37c,-0.6970585420990436
44a539759da9,-0.3724327504635673
2966ec552701,-0.4712122853045687
23e76e6a5b24,2.5871866759394617
45f87ccc3d12,-0.618337802478146
e6332acaee6e,-0.6158765684769137
bfd2026b61f7,-0.48785688579486175
35d1fc283750,-0.39979373357442805
cd23d1fa6fdd,0.8835789837568403
1d1144cde5b5,-0.3370256622746823
6001c20ac3ef,1.0576851236192037
d5c119cf9822,1.168816458709881
bdd441e44bc8,-0.4416562641376333
55bea733394a,-0.5641091923031321
d6f83f5605a6,0.9690770033835128
eed36f993395,0.44668217982493585
a78c93063ba4,-0.6042271191800649
ee20d0d4e2bf,0.40268571942156733
e8d8775fc338,-0.5269315704674812
e554d0f75dc6,-0.7426183677791109
0fffa9249fde,-0.7681723667185423
0acca845a8cf,-1.3346452274138951
f587f37b9173,1.9950987466599628
9bfb7ab6a021,-0.46082764976199847
a33988578c33,-0.6993203436817781
77e5e5dcc6b7,-0.5531458469290295
a110900093d0,0.9427883207314567
9e1d88f8078e,-0.3850174274926145
8972069bcc11,-0.5657562969357762
2e7e078602d3,-0.47771270155464185
a5d34c2a059a,0.7715367024754868
3be8560dda0e,-0.38299096055659926
5457eeecdf91,-0.4581031762722815
c2c9c3dcbdab,-0.42708706062687873
80d98861e371,2.6956364406046545
cfd9fffbd039,-0.3586649019625261
0b4852dac786,-0.38898313632144854
511fc801b262,0.636588894899081
2093798195b4,2.6935750603550486
fd1a8d6006be,-0.634593212555376
0146fd4051c4,1.041282146256153
cc024e6e8b25,-0.3187798178754159
72d47d44c645,-0.512226715691831
a95e1f630618,-0.5696704619274594
716aaa4cd1e9,-0.6417373320603601
74027e4dd1f4,-0.37804880823164577
28713c245844,-0.56874171488422
2588b4ab2285,-0.7058286638384157
bf92e23826c8,-0.7782876963959251
9f5c23e86e25,0.10264670005220618
af577b1f8c9e,-1.2304011764343263
064c9932bf98,-0.23004947779226842
4b9b7bd1479a,-0.3481700330942652
39a328c92492,0.1833591052437985
26458332e406,2.1957476743486657
7cec60b549ca,-1.0761441415648443
9f8e2bd29957,0.5949605834542643
b06f1f63ad02,0.07905798843942467
5e554dfab551,1.213109137581686
92fe482eed48,-0.57301967571277
1d27ed9d81a5,-0.5683491115806024
91045f6d1921,1.0923791206769422
f7b265ee5081,-0.4936119691569278
feb3a142d145,-0.39890617378721505
bcdd438165ae,-0.46256611355228466
3d0e83662267,-0.684565263899684
011c2bcdfeaa,-0.5829034467823715
cf3cfe35cfbe,-0.48617259326520545
4d0b148e6ae7,2.458338684765234
50b176a01a01,-0.42604925445353703
65f1243a7a97,1.125425796748421
046629f307e7,-0.3244613163670732
3fbe4bf725f8,-0.5296409709919182
634b9d8d2b54,-0.46263102629143754
3230ab05a19a,2.6880455766960503
a8555b1f4b46,-0.4969086075580419
55ba39801f6e,-0.4550693406293683
e801ab3df61e,-0.4794374653667941
cf2cbf80a525,0.4191058203200764
afa18479d7f9,-0.416035339567385
b46215a3b04a,-0.2923191376457698
a23d6917653c,-0.8194417745611223
24585bd4f98e,1.1687935819627833
df5d78523b6c,-0.48949931121879264
3f6c1f91bf03,-0.15249773590097482
6e313da943d1,-0.16458938875600312
72aa4dfcb154,-0.8875006790349285
697f5a2c9271,-0.19769029147904846
dffd6c536a87,0.6998451550113447
b71b71b313c2,-0.5940779709421855
9fafeeb010cb,-0.27822381668228563
261ae1ec74a0,-0.3316119018879173
9196459d2b83,-0.1864859940281926
0a6e4858f7ff,-0.36268998878442216
13502baf8dfe,2.9450219237034063
27860a47b041,-0.5451047879646649
b613abde8e4b,-0.5328822445972465
b9601b0b49f2,0.6318601553437165
d97dc0ad3db8,-0.6033036206509258
1cdd8795d15a,0.8421682408507095
4bd4f79ee768,-0.034175270241360384
e6e849a2c0a6,-0.9485074206177837
e9702379f1c6,-0.555246273284994
278a311c8a2b,2.648893760171
3469d378bf76,-0.4928135455371743
87f1972d15c3,-0.6470761868769147
1e577a5b577d,0.23618719340563804
c0a0fd25b715,-0.5422907434075996
26589a590cc7,-0.3963420485777189
beeddfec001a,-0.2925023676462557
93785c2e11b6,-0.5652935016114743
7c1833a9bb12,-0.5700358963576448
7c4357e950f3,-0.5591798299703059
6ece1e696838,1.2205061484145887
530c6bf70ae8,-0.4118288833256264
21958f7e85fd,0.4647742502238095
1c9303fd390c,2.6599894721617856
de60bf39f23d,-0.6310598097662851
a26a8cea4ff3,-0.3767367901372728
c8b069734bfd,-0.5743369295534496
d531d38a8c75,-0.6128802749965961
ac5b07939dd6,-0.43940939861120476
651fee2e0f99,-0.4568117278301088
3cec8913be1d,-0.45147815599039576
3cfbf1923378,-0.6622339227690746
baf74d400f67,0.9745912171126421
9513c684c8b5,0.6820850351729478
a8f589c5675a,2.705237573474718
44657f52bdf9,-0.3475183590895388
2ef297054a1b,-0.5620320621446865
821e156c30a6,-0.2552129947752525
160ba44c27d1,-0.4243974871938706
7d6967b8d039,-0.5012608617043839
6613e32c5aca,-0.6510491231694627
bc1574c3e75c,-0.4704774866638657
377557c57b2c,-0.45060197317150424
98373eaadd2f,-0.5424364058102122
72b78e3b615a,-0.6141276704002762
240bf993e079,1.133660924250356
56771c7fd576,-0.5899677352910658
e9d165ab924d,1.3058879905896088
465633720378,-0.5252870075141912
1f304daf374d,2.330056836078868
f22fe9a04861,-0.5587833825737907
8240db4d9fb0,-0.4465889073796019
9222046851bc,-0.5638405637306076
fa490b089e73,-0.794530519796063
ff0511acb8d4,-0.5384782441212672
764efc51b7aa,-0.4083194541080956
31309ba81867,-0.519225973613572
b56984b4e1a0,0.4645832319184511
7b8505b3ad15,-0.19877657807730076
5413908afcb0,1.0549627552897227
9d068366272e,-0.20549512606823214
663aa3f45863,2.7144927622603574
6b3691b77839,-0.2149485055580172
6f3b6dab81c2,-0.23036178682766179
bac4a081e41b,-0.5090112814273933
ec3155897ba7,2.9199464147073
602ce8f3b641,-0.6563078841799849
6b221b880bce,-0.5360902336298157
3fa3bc36ec68,0.9002499149277025
132e98eb0fe7,-0.42860454863809916
140e3cf22abf,-0.38408445844292816
26db310bd8ee,-0.29828173201569386
efd4046f86f7,-0.22932104453457286
abce08c65429,-0.3331848543808356
66a4e5d67ddc,-0.2796894785032429
e81f272e8a32,-0.4673813388593768
c7d364d30ff6,-0.8075832389610872
721258601b63,-0.7075915856249883
7fe6fde3a9d3,2.493793865716854
e8ea1d775f2a,-0.2758353616377131
dad1e6ae2973,-0.770507026284984
50ee65f0d8be,-0.5367282959137171
1c28b50030a2,-0.30929445751372564
0d0f1e904496,0.9839122861257257
e8026fd3bc55,1.0649217630572543
b8b5a9bca84f,-0.38801713160099915
add3be51ebea,-0.3498721013308153
19c4302fdfc7,-0.034370568320374544
31b425639443,-0.7545319164971923
6bdbabf2dade,-0.09294911776663273
fc31556cc568,-0.039876171472076005
2ac68a0fe75e,-0.5158451763423731
f020ff418da6,-0.2056774646996118
62398b9d9466,-0.18830738369066197
b2d173ed9929,-0.780695844029208
5f3fc4ead6b8,0.13466587842087582
7f532bd7874a,-0.2172081349177954
22a91ef095b7,3.0446680006458657
716757150f93,2.6735794190040965
efc749375d46,-0.5205320020102883
6e075a679a0b,-0.4736513941584703
3df39b53f01e,-0.3636377995489965
fa2a206e8fed,0.760644571150004
a8aec6ddcd4e,-0.6571069521677603
62ae52015928,-0.3803251590490683
890f1c6f5bdf,-0.6479165248323693
c75a06e50992,-0.26057477222488346
f375a1f06647,-0.5241765071458154
0a4e38bc37f9,-0.5844203404827475
b429edfdd39e,0.9781174614662976
8811028a5c78,-0.7390781587456292
1f159bf08204,-0.5228798679102976
cc3ad184d0ec,-0.5353022478278784
177637ca7061,-0.31789228636669953
7de1b18e7992,-0.5478076838920114
c20026307795,-0.16799344099276398
f589e65b465f,-0.6336804590535268
6fb89d9bcca7,-0.6055947773394491
e5c3e3d99b79,2.640091416941941
48ae9ad3b553,0.7370968831192869
a43e4a630505,-0.33563373169162986
405e71dadcf9,1.028674353758658
f10c560d50e0,-0.5014322024510838
fd9fc200e4a7,-0.5372673761308602
d02834cd6e45,-0.6270797314978499
381241974376,2.5749118756031675
46543ead234b,-0.5079557658388307
55617748d5ca,-0.3395300776571029
963accfc06c5,1.1019999281439607
72a49bc772ab,-0.437279573205571
3e26082d99d8,-0.5923053402647916
7ce14790bfa1,0.8829121035403228
d04d36b55770,-0.5418525274255266
38352f594529,-0.4751213128158342
8395cd7f2fdd,0.3361786403017015
857c8ebf34c7,0.3021534553670725
03782c286a2d,-0.6126641610548993
b0274515cdd8,0.8405743179528609
35080485f98e,0.2171676740805299
99cb3ad0c11d,1.3432677725593871
f8513a994666,0.3686787068153493
6a4d81d607c7,0.09257928700838405
b89c2d555956,-0.7284738863997349
9d2ac1a660ed,1.1491602775261271
942feb1add82,-1.8731502126864643
66e0da59c8e4,-1.4354718714703145
7e2084108dec,0.8221215379888211
c982460f193c,-0.3273034181715395
5d9852d90a95,-0.636090090280972
b9fa7f1d96be,-0.5491074478188621
8879b6aa9ab3,-0.7214776404273049
393f40169421,1.0926414513041125
382ecdeadb68,-0.5489309720639672
9572952d8b37,-0.3884423701456741
ca05b9fc2b2a,-0.4398565607279876
9d985bb26f90,-0.2271656166149356
c978369add9e,-0.6557523162261535
c6a828142278,2.5793634431844628
09b62acb1ed3,1.179561428197478
6fd8167609fd,-0.32961021307576627
79b9151fa59d,-0.53674913877086
0636d82c1028,-0.39632711194391773
6afecc1d0438,-0.3917607653678964
7e7a845d4ec5,-0.6186675017463901
2572b815ac2d,-0.49206262717685084
d681bc8ceab5,-0.7339099572038619
4aaff34f8042,2.4556640677820196
fc83283a475e,-0.3894781119167135
6a0f5264b7aa,-0.7401894521021144
328b8c8c8b52,0.9935293833248735
3c71934bfbfb,-0.5600982122128408
388c924c8604,-0.5344695423252379
64867b1b9770,1.030400732837161
7910d661d6a9,2.508350225607964
ffa56caf5bfb,1.1072680192749345
5055397c7c5d,-0.5080340734896898
033115640cf3,-0.4800723916628922
4ed03826a5ec,-0.43398020582467184
a7f15aaee02d,-0.5522599633425344
e73dbd5734e4,-0.5714977907198775
dc4927595a42,-0.4847946079901796
f22dee5643f0,-0.5208121901521359
0a9250615d70,-0.5398234497151346
a11965553eb5,-0.4853076649052195
b92abc5270c4,-0.7047710279292257
1bdc66e0519e,-0.6919742536534204
c176c44109e7,-0.47173263287720274
3beca5ce0a67,1.4348684932124407
aef507318894,-0.3649112334266998
bc54087fd8d0,-0.7149623058718347
09b4ce197de4,1.2489931941612926
794a1b572d68,2.1528396176694344
f7f5298d05e7,-0.4677917578587879
ccf9a9897553,-0.39542697880564237
dd4e37dfe6d7,-0.3089140858433352
c1e149691705,-0.5089200438353856
7ab9672c2af7,-0.5495971524276141
2f193f2ba927,-0.2507633004505715
24a7a1cc45c9,-0.6280337736470788
5e64882b8105,-0.29951485219355495
d38361e0bb35,-0.7184072114041568
c9dd13a41c87,-0.5821407032548641
3802c2a4064e,-0.3258721425301214
407e53330fa9,0.3801823641680904
7c69bf938914,1.0306906535049973
aa7f0269e5e7,2.761290247913595
55ac20ddd957,-0.04840909266960817
35366e00b269,1.024021510595792
4551760b15b0,1.7691795852267795
4395ef5e9488,-0.42167504788444055
b17ac5616ec1,-1.1598216066660867
ffa999ca6b78,-1.1674517950252394
3b5fbb24c3fe,0.7964905033123196
26051326089d,-1.3565397772015269
dcd284860121,-0.34897039052160556
38ac639f7492,0.728939733189006
011a7460bade,-0.4773480517090077
b24aa30633af,0.6615844293536187
a513c1446d62,2.8954133108674758
f58e2311c4cb,-0.14512059009904013
cafc5e2fbd8b,0.8676813135176833
9bdd44f93dc1,-0.560192366545496
a34a5843c47e,-0.28930607607147946
4f9ae0b0dece,-0.5630542418462525
f584a05555b8,-0.6269368240853064
1a2d998ddf49,-0.5914927848341347
4706424fca70,0.02225698657201843
3497cb4c93d1,-0.2270978621642563
fd7d38a8d553,-0.3063624279713307
cc1f5fc6746f,-0.4757884373398813
5e7e66c8b9ee,-0.908533150076767
b9eeef80537b,-0.5735827756743407
9df2073b1276,1.2364599394574713
db9c90a7d1fb,2.1918721994577473
b0b1649c8b05,-0.6551444431531553
c0cf6882cd3e,-0.27295615734138645
e41ff3f95cbe,1.1171930967230284
feaf4500162a,-0.5804807831441163
a835b65ed229,0.10655240225406061
2ada44060fb4,-0.8019605283408482
456ea1bad9fb,0.015755842970789302
fe63f756a4ce,-0.8751756431324822
d87a3018473b,0.4760323816355386
a5d107c4655d,0.37623019936117524
9adb82c8b37e,0.4718843025505792
44479b99f35e,-0.33885030846774067
35be6267ca0d,-0.8452610885017903
d56b924ad2a2,-0.9313505117819306
15b27b7bb7a9,0.995737809078842
b5cf283ec87a,0.9308469291201691
304b66b8937c,-1.718961741978061
aa85191aa26b,1.6456107352230462
aaa704e259bd,-0.7569192662417721
0cde7eec154e,-0.3049994399980555
8fce01b9756f,-0.41851416912272726
9b3a16be86ed,-0.4337056983882205
42a322bef995,0.8997169841856874
471c515b5cf8,-0.6931602439255976
a6e94be683f6,-0.6135301966409362
8079bb26179f,-0.31007167284160986
11f2a947adb4,-0.5365936743634987
d9fb5d84bc6f,-0.42352008129339197
2c933d6936c5,-0.4853102431141183
c90749629d08,2.6023393282382763
f6f09612742a,-0.6021887106123359
6959b51e02f5,1.0145383778784727
7ad2d01cd83c,-0.7210678533180945
b0d98c5bdc82,-0.8782318803058626
0d5506268d36,-0.734330433034714
638a279cc44e,-1.0004107745119377
170eb18b7640,0.8129161745014962
58b2bf43664f,0.4820413056441577
447eeb8b9dd3,0.783313612593295
f5bde999eb2c,0.2805106623217719
55f7501858c8,-0.8904566235179167
e90bc5dd5b37,2.2165298593543237
5a55f97a73f5,-0.7954046043024336
c7859395f191,0.4445905545759145
09f8a5d79073,0.31261029408521845
18f7409fca8d,-0.37609669061519097
1725f726dbb2,-0.06754787704866683
547c216707eb,-0.9012528046577464
826d080d0935,-1.0676998078460092
1535f1d34a88,-0.16405213069580707
3f92432fee53,-0.22441068373727613
6ce762548541,0.5983934576539869
32a3fdbdc204,1.256552980661917
0f51fae470ff,-1.1790107429456838
d70868a688f4,2.1728843145395333
51903b81b97b,-0.3603703093942756
922e96f8e13d,0.30396697340092815
742b3237469a,-0.5366877905407728
3e83aeef1764,-0.5736547281287735
f924d626349e,-0.14123368240870166
0c069d14db63,-0.3573622586943919
e3734a6ffb50,-0.5445084774329844
a2311ecb58d2,-0.5660336910141899
351c299e0eae,-0.5079964347737287
ea4e14d13ca5,0.16328865321371958
60d7f2a8be50,0.3210119559197416
7c8e881743b9,-0.5340532753532502
1e97845c7ab9,2.973262755812404
c065e3a7bc47,-0.45051587721774355
d9946a4ffca8,-0.3239570142181819
065d84f2ae22,0.9565552639150745
839c1d0458ea,-0.5475905904084178
a12ff274e9ee,-0.5951791392065502
a0f95abc7d46,-0.5551514351908324
b5da61fda79b,-0.3986083535133448
88797eeab3e9,-0.6031922598927324
e8b569067a02,-0.485011721665441
8f573821731a,2.6786617132758375
f0af7950d5a7,0.7927031157836725
513b86e833a1,-0.4687137016613408
a78865be1c05,-0.6149384929125673
874b21cf73c5,-0.3031168501161683
a6ac1e71e860,-0.6765808880096801
c8f402710e92,-0.4554239430050338
aab2917ba432,-0.29683343958006914
7a0036ac9aef,1.0686874859713391
040ee77452d5,-0.6212101546381443
d4db3af8901d,0.9866873547649396
a1c8404790cf,-0.5816476103031858
e960be0ef49d,-0.5993502344494914
253e896065ea,-0.4313410075057612
bbbc3f0815b4,2.525067779783823
c4dcb09fed38,-0.5698952873848131
4f8fc47e4f73,-0.6300547265210636
246f698b4376,-0.41290724375351484
09d732a5258f,-0.36524394250952974
a8b8b1d1258b,-0.5790874251730836
3ab1f2890606,-0.6804884312403872
0da0448e9ecf,1.0723889695063678
f44494b27885,-0.7157539920536975
75aba084878d,-0.08907541519784759
58dd0d23e8bd,-0.739548479053727
058c7edf4f38,1.980732900451002
f4797c6dfe46,1.7289330729302939
46fe82b99dbc,-0.5319683684445459
a56077a0573d,1.2736160525363482
2c147c9bf404,-0.3977802381971323
959d3189a1ec,-0.5468342507230124
148858333c65,-0.5735869474655642
409f8cc5004b,-0.5675003575319203
c0c0d77547a4,1.155808050835588
1548a3410b63,-0.507838744392384
08c6debba9ba,2.339553049492114
80e8011cfcb9,-0.49204201063210823
e54af017d0d1,-0.5398834129859756
f855ebb0f1d7,-0.6115428224914066
a33f45f3b5c5,-0.448253118886542
13eef69b0e38,-0.39972374469296135
886971743c8c,-0.7239390698149142
9d5d05c87692,-0.7753476689573017
be57b87b8a1d,-0.37439152578320284
322476c80502,-0.4160685158391908
a227e208748c,-0.7926547988361162
86c590d7b965,2.5579071041302712
61919e85e811,0.9226625268457838
9864e2ceb28d,0.0716896859296857
37b74bcbae49,-0.5438406282501745
9960c2acfe3c,0.921959754154663
8388cc8cd8ac,2.3814802681275324
8898cbeb812a,-0.7954284884765066
a77591dde6a0,-0.6223481565689876
22f0e0caa3b5,-0.7556837264368537
34c9f0cab14c,-0.3582867858517396
f34156e1692d,-0.29990742345345345
ed23a30a9fcc,-0.13108697237856243
8340d7a78065,-0.4080214935761163
c3b6f417cf04,-0.5002843986971712
2e58542498a1,-0.7437533363452018
7fd1834711ff,1.1086162151640309
03edfb136a61,1.1247042984930293
786d94d8e6ba,0.01814386780005188
a24f3ed5ede9,-0.308780076996544
7f9f845e21d0,-0.6661289754879397
514b9030242b,-0.7871254246061882
f8b07adc8cee,-0.5990544897532569
f35a6b92be7d,0.2986982326189314
07775f2e09cf,-0.10153797818166939
fe7faca5706a,0.16225594530537765
973cdae3c586,2.968692225428977
9052141676b6,-0.012749312958517224
0a22bfcb30d1,-0.6467016922957348
7e50660f4b2a,-0.3257123208734878
2b79ed7004a4,-0.5696894730374403
da4c04fc2497,-0.5852105614495156
70f1b00754b4,-0.8436114690354268
dfba0e6a2c43,-0.5276060364222706
25d00ab80246,1.0942095093297017
2204de74174b,-0.5259162111800433
1082e8f21803,-0.4790001963847007
3f3ad7538399,-0.7319715837071528
c5ee33d636ed,1.557911277504035
e1ebf78945be,-0.25504821043707254
3fce0eacb3f2,-0.2574213432346548
67c81486fefd,2.123354298054541
61aa90dc1eec,-0.04966331296413749
0f56490458c9,-0.7541456084861811
8a02a8abcd11,-0.6062409315086587
1f88cd784b0f,-0.6397257648293457
9cf518566337,-0.7497875787982329
3e795ee946c0,0.6611277726479831
c2b281f13986,2.3595078814530455
59340859867f,-0.6948178683413344
9a19ab368bbe,-0.5622878588744955
253f317effec,0.5253391796838337
ac58923792b7,-0.7051581711152904
5d6017c9c999,1.2158522611328137
e542063bfc92,-0.4557774797827976
725c61032f9a,-0.5058214154318277
e15471262e98,-0.5545643990302344
b2ab88619653,-0.3433944778528834
3a310b8cf6ae,-0.43200838517302564
eac620a8fadb,2.7352780351700927
5f4c99a4735b,0.6786200664447875
2ddc4257dbd5,-0.5087770961001273
99f9d3bc6bd8,-0.5541510369662687
105b2fece263,-0.4511564089832732
8eb0b3359448,-0.551682015254815
c5e4888a8614,0.9434346129603721
eb2640f2f005,1.9421677008972993
e2e6a63f27f2,-1.3572461264806857
72e75fefd117,-0.7000470174376185
898c30efa012,-0.6347621309510441
7f3a156b6d69,1.2599304181001545
14d460157030,0.21980707977396455
364862cc15ee,-0.786781868473536
c8a7d24ef1fa,0.21478355253022752
9c6a71f1db36,1.1048818398970168
0aba7b14c27b,0.00988576982073592
a8c045ad6173,-0.6673231768241082
944fa5da4335,-0.6052960408524067
d394187de759,1.788414914155581
7fb45a89721e,1.1285497522457095
b673b63756c3,-0.26093022676160105
ea2627b27ef2,-0.5544838439290207
9e0e8f6b8ffd,-0.25474515377118045
f4ccc496aeca,-0.2285535804833135
a5e30d1aebe6,-1.0459263721400052
6f4f124ec4f2,-1.6419818052809025
3e809efb5462,0.10645749110606358
f69e5abbd46e,-0.37787474023393985
f4f1a6c9e420,1.4065493983236286
9d834d4a410a,-0.06547583323101903
b51db95989c6,-0.08346552970159883
63845d3d46bd,-0.6747283187483402
d4f0d6d5c22e,-0.7179638170260018
86803d7c1a0e,-0.3693388322311684
d17f70cb05f5,0.0448860454458217
8cab0c7661a3,-0.5449002838221222
6760c5cd8515,-0.509283884469169
f98049db31e4,1.3380233738072673
62c529da7601,-0.3731889954506951
e7c0c7479014,-0.6856259517365444
1170d4e8d310,-0.049244710803562526
fcc4a3cbe36c,2.624830904736114
a74cae430d57,-0.5093838977599366
b6e7d6b28893,-0.571393746778504
8abc04efd547,0.8087457719846189
85e1b2863d71,-0.5242389489958916
f727a3e84adb,-0.32721307394539423
ac8906f4613f,-0.6941953052352994
d5e909c9deb1,-0.4843588450557053
0a73f914a7e4,-0.23258402164473335
05acc2af0145,2.7478765932056275
164fe17e3458,0.7085522682771168
126a563bdba0,-0.23137827619038884
d77caa27ed03,-0.6904285178615099
e4656c62a1c0,-0.7045494680733714
48941b643838,-0.6121037028050395
1c21edfcbdcc,-0.6387997442597243
e42c138b81be,-0.48055005352872465
c140e126dbc4,-0.6287881814242156
8934996b8f0c,2.258383368308415
8146578b3cec,-0.37136193356058145
b02f45d55c59,-0.6191250481947622
140284d93c4a,1.1421925255637118
fcf7e9ad1749,-0.611411027319857
bb83344a0d93,1.3316850134803078
a48f8946cb55,-0.06557174818615844
1ae42c1f3e64,-0.5545538179908476
8dd6a7d263e8,-0.5077708114680731
f39d6dcdfc71,-0.4231517653729865
0b7b2ef3b340,-0.36993748085981
04886d145877,-0.7050459030750599
1f361a59aca0,2.8464363612087085
713a6d89f4b6,-0.20358630890460722
76699517d1a8,0.1668831261245104
bba0b8913cd5,-0.17014642755320536
f43b23a1d5ee,0.913070326727278
26348795b87f,-0.3218129513530488
44646ba0b581,-0.6703843474828581
e24987d29aea,1.3305987625219227
ff05ddec04ea,0.19710481551803533
6bcdf38f30d8,-0.2112798053725956
dff262512b10,0.3425827859722016
47b41ab3d3f6,1.4092642855190196
4cd21447e57a,-1.6863693559872082
fd13d21c98ca,-0.054345448106203065
a7bbc1812440,0.9372718709272737
c2b937646ad5,-0.43360880619633224
6ab88794b809,0.3459238310203757
61b1017fbec2,-0.9466682463484254
03c72b277fcd,-1.2304746894680647
b4a42cd3c90c,-0.5320236869273439
3d17976ddf3a,-0.45058952916747724
1c100b3119d2,-0.354857806123579
615acd5a3598,-0.44816419155376647
746051c78dbb,-0.5238722512368735
bc8113ae9a62,-0.5675942042615069
8a96b3610ac0,0.8633787162172651
da491dd43cc7,1.1587213859200258
5ebb1302817f,-0.5954472128721896
49edb1f9187a,-0.6351459532395387
365cc2efae5e,2.553217010299705
be216cf5df6c,-0.46762227705472037
5f3d7620046d,2.1948921200615747
7d5bbc8a6f31,0.14836033281017666
dd12a2df6757,-1.28350822656231
dc3e2a9fb683,-0.015342531122236852
55e0ae8365ca,-1.0065759678813357
46c02bba0c16,-0.5386904188161751
4ab47cf677b9,0.18013609327262625
54f59b3aa787,0.8507926241523063
99ed54f761a0,-0.5241351388866391
08386b4da4aa,0.7239400969207449
569e2a2077cf,-1.172298752155962
a9d091fd5ecf,0.4424297682072298
edf9c3a23990,-0.6560392400466892
e82e12f7bb27,-0.5950288570004284
a59168a9ca4d,2.231271256637539
c39aab291676,-0.5098108533928916
7f250281b03e,1.411752483630974
ec701c8c4725,-0.5393343671673929
15534adbeac5,1.184642188448068
02d4d4c1324d,-0.5408061859192957
0ec5014b989b,-0.5561154390734916
f9cb47cfd908,-0.5023774698546324
0cb9a39b59b5,-0.4929154739941991
617d7d4e9533,-0.4352380422675594
52fbead7390b,-0.14228479828675578
c2ac6e34ae8c,-0.02939128985201523
ad8fb12c7c68,-0.39417660948037747
38b9cfd7f1a6,-0.48860743990855426
d12506b20949,3.119923505047855
7aff99760cf5,-0.4589113771294423
4f620c02c053,-0.48599589734604515
ecab0eb70e77,-0.5544882192571265
bc00146f4bfa,-0.19033745857284906
1df271fe5885,-0.1589857050571214
e9e258ab635d,-0.0706808957282954
ca873ab05e9c,-0.14606381442927216
e3e9dc1030ff,-0.7198977860480078
fca592631df3,-0.38180584650251037
87be3a240ac7,0.8023165048140037
4eee7e1380be,1.8607022576399022
d8a40b5691a4,-0.31141772529466516
a3a883ef9300,-0.9133459661351971
5caa3e9f6a03,-0.24829592956053337
c97ae818b4ba,0.16195403450010132
bf016fb7d29c,1.6084258511796423
0b5843f249ce,0.14212133759711162
065f59335085,-0.5782981879546242
b67c9c7ec16e,-1.4224585442352236
670063b54a79,-0.8641176416106159
d5da07d446eb,0.0788900611306424
4d8d2c42dc8e,0.09809340130926376
5500f97a6a78,1.1282435685231875
34ce7177104a,2.3387931443255328
78c6e020f458,-0.837159937954899
655d8d84318d,-0.27531559950120577
a06e4446c9a8,-0.8489751531578952
9d5644047851,-0.7476779039828783
b7c91272a64c,-0.729305301449587
5e9f5450d501,-0.24885983903335818
9be4cf30fcfc,0.9073912014018127
45a1eba9030a,-0.4622735986638135
bc6975485e77,-0.5319997730500892
a38f2101ac93,-0.5870989637563439
d4a79e37a4d7,-0.528372519747665
e0ce8df3e536,-0.5697461036514564
845bcd6f7e35,-0.5106125614030238
0f2bcda8fd10,0.9636851896615493
7815b9da79f3,2.6154215849659574
07c51b34b522,0.9337126580637163
376cabebed55,-0.5427824225805633
4731df2b0c73,-0.23220836345986276
43450f69a744,-0.5477251263784053
1983c27a4d89,0.13485563334394263
bd9f2cd4155c,-0.4306159090769518
d91dda1ae92a,-0.7287909016908621
b044483dcfb7,-0.20133206514300436
6bec9e9d27b9,-0.24981542132018558
1bb8733bf068,-0.6178949519270225
0eba63c44df1,-0.6657201072695897
97d4f54a81f5,-0.09054891833580687
8df145ed0f16,2.7300724697810486
0ce073f1bcbf,-0.5054704096959313
95fbe75be88b,-0.52582985224765
09ed0b71a09b,1.151090433582013
9ef1a30e8264,-0.7213537219374223
d7584f5a0adf,-0.8057162402541129
aa258ccf2508,-0.5869386218435381
e4ccaf1111ae,-0.4587137195246639
b2eabdedfbfb,-0.15771687523833192
f0df08c12314,2.6530088100932843
e7271853a4af,-0.5671697395494705
4a209a1fbb42,0.7551981743641291
d22ea008eaf2,-0.6336253431876626
da6d61e236dd,-0.15800577741221267
f7aa9f10a884,0.9041607759510575
3c27314d632f,-0.2231277214610557
8f4bb8fd56a9,-0.2631837457016647
d696896c1f59,-0.6349242898118838
e45267735d57,-0.21632688452039356
6c80bba74a21,1.1154411358751177
458f8d14fdfb,0.8346842215519534
e4a0a0dc0634,-0.42899468767291354
10cd0b16a756,-0.7443966634097265
bc80536b1ab7,-0.592142521711811
d7b1b47a0d4e,-0.2754710546609603
3ae5bbeb26fa,-0.6175016734144347
f4aaf6cd0b9f,-0.7192337944790215
b3c65dd60876,2.542049957955739
069463a6ce17,-0.5669965872318946
ab882d1912a0,-0.7824744628234797
47b7432aaedd,0.6223936801896691
13c09271a7c3,-0.6782662601210795
12cfbdb97ba8,-0.7259010053129771
84610d359d24,2.2379708563569234
2a04fa47d4b2,-0.7042163388697781
a5ed50111117,1.1244129400023022
8f51fc706ac2,0.9904247704050475
43821b8190e9,-0.7815391626065847
90d725bd950b,-0.24580977201630608
d15ac6e31196,-0.4899986579718422
98a31f0063c5,-0.6297248977539958
994e2afa6cbd,-0.7134902935531734
047f973746c2,-0.6435789649378032
9ba004c03742,-0.25359644234384593
eea03aaed32b,1.2270707732554391
a5d9eda9767e,-0.6980438340185567
52998d211833,-0.2896248770764725
d530e4bb8daf,-0.43222153414211817
34b561fcf454,-0.2735100599908385
1d360978fd0f,-0.6042361646584774
7e2e670072b1,2.4985163438353535
d1e91a83a448,0.8124399513844895
94216fa8c239,-0.5421126225573345
48bcd406e7fc,-0.9501556257364766
c5f776a34fed,-0.44595021162567117
de8a0a9790e4,0.4207421144800985
6f5430e163e5,-0.5718031060203627
1fe19efa9bbc,-0.6014736785755053
23387634414b,-0.3846180909355149
c4c594714c26,0.8107637083038574
11e8c01e0d8f,2.3489226589023695
e67d04b61c97,-0.46696693922393034
fb384d621a32,-0.8350537534171849
ed4d978040b2,1.2177055464056548
bbf5607dd50a,0.4024876235096304
fd7f6228d674,-0.6427290906437283
80821b5bbbbf,-0.4602764706024731
013b72af9ac7,-0.4873938057703861
1203a50cbb93,-0.4353580275450438
b9164ee54f3a,-0.6220789018135959
7f1a443807d2,-0.5574840815012623
f014e0358a87,2.697925247645084
558b2d681b42,-0.6259050204747043
5edae2cd5564,0.7345406805834923
8c89c2decdc3,-0.6538983758531152
186bb3cb2db9,0.6501702224661018
aab3f1e25706,-0.6030740694052998
44bbc7d4c8d1,-0.06594643041188566
8a5f2d4e0398,-0.5891425546981899
ca74163eb59f,-0.6838331682292166
7fb5e48f812a,-0.750937705566244
03dd6c99ddfb,-0.7346770701774756
d9c5bc2aded6,-0.7056194150741945
c1b738e31a1b,1.0057260004948025
f4ca7b43ba76,-0.07693268318048384
0703abef506e,-0.249958341577716
f60287f6dee9,0.9795779776682538
c30d4bf194a4,2.474817460157649
b97b2839f022,-0.7052278844203717
2479e260b485,-0.8901760757394438
43e0f774d8ac,0.65186027303155
d2e5361854c7,-0.46040706922559943
8ba507a2806e,-0.9248465585932054
1c2623ad61ec,-1.1491080591406524
fdf0d2f03828,1.4657723926073327
7a40367ce883,-0.482501771650883
64f76e252237,1.5497292456903875
00eed908d505,1.2730535806744405
eb658174df15,0.2402410155703741
ee6c43a1d7c5,-0.5683890888039302
9671c300b1e1,-0.42291812936121953
1b6ac80ea9f7,-0.7073212648420821
6125d0e848a9,-0.5654517097935582
4a14e1caea7d,2.461812626346545
c84e28822205,0.9990034253855625
63b273713188,-0.5468253144379279
952756a5878e,-0.5693338724332371
dcb5eab62db7,-0.39934354203435185
577863c18553,-0.601440724862706
b9e18146c768,-0.4578185748835656
1240e87909dc,-0.38107505137814446
85f3d28d61c2,1.1907121322946852
fb8564cd7f95,0.7309764886147658
a49126e7d052,-0.7124997293491342
6c2fb8a66d14,-0.1701446479584095
80cb53aaa3c6,-1.0672678028939109
562676c8def3,0.5151567484940045
109e93e32754,-0.14695893480406866
1b7160ebc5ba,-1.0800434283658429
c845c5034a29,-0.5030534970637326
d0d9a55de9b2,-1.2586444594581094
76676e03a8dd,1.152127070548124
d6cfba6d039f,0.613970388639335
6dbffce4eb4e,1.9263818035969793
45bee3bc8e84,-0.42646989252758327
b10772c530ce,-0.5135267710668886
d3330c036437,0.05495946249634127
472645a86983,0.015946778890558164
50d231602ee6,-0.6982263906840135
9c1622f6ac70,-0.7087911827548499
e7007fd4ea54,-0.6862727010779964
0c1ae2d2fb97,-0.11301177137699028
a4d668fdb5fe,0.11661241702905183
6aeaede8a923,-0.5579142982259431
682091b90fb0,0.6259429599639214
1c03ebcc9236,2.8907513893343926
c6ee955be9f7,-0.37016262874300077
0297d8f9d39f,-0.25088916008728834
83d5b26a88cc,-0.39125632785665243
48c5b5d2334b,-0.5597188810427074
e3936533a9ae,-0.1782928845076045
fe9b38bb6390,-0.47213110094231914
3a7ca943dcab,2.9871585282442856
d91f51be7446,-0.40408809929781964
b26407a396f2,-0.3302602444840239
c4126acaad21,-0.46128330344156643
ef425f1af02e,0.747843897164126
6be73740f692,-0.3169197950054297
3c86b363a32b,-0.6401875347773005
13f67624b90a,-0.6244982676133787
25d1dbc3b72d,-0.5758484295272599
e88702f492e5,-0.3727693864326075
7daba417af56,-0.4922379144955741
a67603671e37,-0.482468293609903
c52185a157e6,0.9899783241600365
64633383782c,-0.3569375549515908
1be0d69349b8,-0.5385879144125688
781a929f777d,2.4075737228980274
6abab90b04f8,1.2941381604305546
2d3349219b00,-0.6081549116684353
830f7586acab,-0.5681869492375312
6a9b62754aaa,-0.5419762600678841
77986bf1e513,1.0555297403241068
c2d5ac5693de,-0.3987418874979283
cd402f9accc2,-0.4404368273107043
7e4b89047c37,-0.5596617730066246
2ce7c434a50c,-0.5432199003383
e01a1713fa42,-0.38270629936797407
f0bf35e9df82,-0.5961514845087642
ec4b7fc342ca,2.5827375398618226
c5ab727dc3de,0.9195433562892399
cdc76a650d6e,-0.5267292551394581
6c7ed3d8634b,-0.34481259185484703
eb1ce2efa5b0,-0.5891410582376835
39ca0b677b65,2.5736404395315526
676132eefa8a,-0.6901937872256009
a20118eb5174,-0.5236568932044832
f7785cbce0dc,-0.4070180644829452
e5545188568e,-0.5903122914861958
07c80bd7e01a,-0.7340674812488575
01ab3a47d49b,0.8147906628350539
6749404c9cdb,-0.27485430186338
65483fbfc5cd,-0.34387162700704244
3eec824e4c6c,1.1094969942444286
066b319d7c91,0.9840202437973808
03c2f4e81cce,0.9697794471688063
f2e281faba24,-1.363044001105815
389e515ded32,-1.2947830694189837
45373928d9e1,0.2298946713439973
92db822e5d64,1.0713862104119185
1179053a99b4,-0.40603646425753526
18f018ad6c40,0.09040565972262642
91394537e68f,-0.7274943503757197
f8c5ab969bff,1.1699672905014165
480b213d95e4,-1.3598653275364343
15dda7a7b992,0.6357696897483412
86c442b4ef7e,-0.2970043773742013
f78375024862,0.7470663336401054
9a98f8294919,-0.6987615213317665
646653c56ed8,-0.5402605954590577
f04f26e7a0a9,-0.635558951942897
4dd3168de364,0.9743016891910888
0739ac29189d,-0.2555472978126114
1294e346c66e,-0.6046360440907705
64e97e436145,2.664941330603626
973d7fe61925,-0.5856719714180615
c79fe9dfc543,-0.36023224496806583
440b63492ed6,-0.4086363490373883
d814c0f6ba91,-0.8386469279148057
98b80bcc9fe2,-0.44462843572922994
c725dcc48359,0.9514720768590527
ab4447bd2aa2,-0.38314440422393103
522eff301e2b,0.23808670227364825
4225f79a70a1,-1.379730512215405
2b25f1766e33,2.0919307566254157
8bb397b6bfdc,-0.688744477775298
4291d459df72,-0.17925208158936626
9ed36225c913,1.3474203585089926
cd260b868679,-0.3591083492748472
421b93507ba7,-0.35565470554422496
544a6c8a8648,-1.0110588874027906
b4bf4e2eae9d,-0.05910173228757671
71a826f14889,-1.0021845765445945
6a00f3294534,1.2086781187682054
bf7395eae66e,-0.4497751989546307
c4dbd122e112,1.0505089177873792
f4552a593ee2,1.5687683827785335
955c8d5ceacd,-0.6792917304459465
d78713d5faf5,-0.6124810218360912
bb1d75854561,-1.1226447759051854
a13153c97983,-0.12066139132513225
7a7aa1c1f1b7,1.2292438953678293
ad5b65ec2f7f,-0.6102227696860364
b82b449be14a,-0.6283076930245541
aa126e8105aa,-0.3835041779753156
b1aa37aee8d9,-0.7445742240458353
1ad64ef6433d,0.41484930971107636
046f0ad774c5,-0.767748949067135
7b312aa043c7,1.0812548202223078
c9f5e01ed79d,-0.6564809231178236
589a70705bbf,1.0334453367594372
e8c65068b026,2.329393339754818
709215b12732,-0.3275737443136848
785ae6cfd1b1,-0.7405303252172547
3007386eb22d,-0.4404220920111973
4bbc9c81e5fb,-0.26318535093091644
fa32e1138fca,-0.5433284741470178
3719aff6a531,-0.574232557277987
36298295897b,-0.5196129734519891
08e368f1f17e,0.8327473436209509
c9658ebed3ef,-0.2350434680815773
18e40ced4be9,2.7740177966100776
7b2712721d03,-0.5000233617866843
63acc2a8b588,-0.6626846564821247
c2c96d18258a,-0.5242981631945786
4e54c2cfdb96,0.656065957133044
d0436f96c056,0.009207688087662928
7f0a0c4d5a42,-0.024854913282761883
1abd57224e50,-0.2620943642657509
538dcfd0986e,-0.3558259106869409
2f6c56709f58,3.1010622677357267
3455e1d43140,-0.405241045597567
00d0dab160a6,-0.3000031187532707
8a68b011353f,-0.14549910250030934
54a9e03fbe01,-0.13315950160505066
cdd143a4ac9a,-0.5732592972763714
9615ce301394,-0.719510090660744
56d6682c1b5b,-0.19082261119462252
432871f2a2c7,-0.36323888609542937
c8d10df90048,-0.6549601509626855
39534eee1440,-0.2969361495995253
9bb1b42bbb24,-0.6939130566773704
dca487ea3162,-0.5557902982552312
8a9cc526c455,0.6533435905151677
1c9131be2c86,-0.09974552984762405
8c500aaf7731,-0.32133275471986134
b1b3c990b4c9,-0.20826612352027332
7af8c5816894,-0.8130387742854273
cf32205822a8,0.5195490862545067
7a87790f2000,2.834329047193753
96ebe9da6ae1,-0.5697496761817579
f3e507d0710b,-0.4939059907900019
cba2818ef9c2,-0.6679366213346556
242ccc55f65f,1.3714412053281024
9e9e35a6c9cc,2.105678571594249
8014a4c607f4,-0.6002855143856427
f7209f18e8ec,-0.3219674487277363
1406513cb06f,-0.5588839863594979
b8c5e340ff6d,-0.6435740457916967
06ad70ac569d,-0.5244190445643405
f42893dd8d21,1.390042239533243
967dfdfbcaa0,-0.4864396883202643
6057b9c462d7,-0.6143191997207302
29ada333b0b2,-0.3009335045831763
34c6835d15f5,-0.5668130505509608
5b15d0504c5b,-0.25608435475660674
2f10a14d5f55,-0.2328647562661812
a56e91e9c3cb,2.691863911255077
a4dc3569c2c1,-0.6696955041670287
e0e65a38a24f,0.48330927778570254
51cf6e1618ef,-0.5692202895384714
aef98bbb00ac,-0.6382807405830042
da7f1964c11f,-0.4391765214674942
1932334ab307,1.1122147325928742
b70669314593,-0.9222616005442659
1dbf5607a3b1,0.7929198872737379
2dda33ae8884,-0.31985559402061636
00483d4e7e2a,1.1990911581259915
6af19c963744,-1.1801433947314415
0b1ddd2008eb,-1.1522679427588733
ca9318e6f0d3,0.04317479043077712
c352aec57cfe,0.4453539122298686
20bd21dd3571,-1.0664268504331258
f0675c1bf655,1.9074664236215058
a0f6251ad88d,-0.10937124933698257
db83ab762729,0.36232046014342423
b5eb5b80613f,0.033676445669368504
1b192c2e5a43,-0.2342875760340225
40484d8889be,-0.05037993942020225
2ee9478d9b15,-0.1521790977374066
28605f040dbb,-0.7031664857242831
03e32d7aea47,-0.07931860634550703
894c6222a847,-0.3529017832520783
5fb0b8b4c5c9,-0.6821124096227329
f00fc01a8c85,0.020545044158767577
e77d703cf366,3.048962057575113
296dd0166d2a,-0.6958422861973383
caf1b3a2dc47,-0.1529953630696782
a43d1453cdb3,-0.33162622879210013
1cab06b0fbde,-0.4527647995443889
a712b643f205,0.09816397246234326
a176e3fdc1ea,-0.27803171153405604
c796f004faca,-0.3623088615093502
4cf53d035a55,-0.37846563140622336
43ec8cb2696d,-0.2706697307393771
6a431067c285,3.090477816189113
b27be39f1f51,-0.3935068304615345
fff61db001d9,0.23430720400797056
d6ba0ffeda3e,-0.4593930448991621
d02ff81ca2cf,-0.4961821537732351
31223dba0d42,-0.4074950436648212
42c7ebef6f28,-0.44129707039295113
c1f4bba8528c,-0.5798987671248114
0b9534e072b5,1.0077419161875274
f91ce424421d,0.9207855355661744
ce5e9a90780c,-0.628487943979301
01b44ac8e3a1,-0.07481917488968129
8a18ff2e70da,2.571747823854729
1160fc4bee11,-0.634356065541918
9084b44757c8,-0.6235848071096398
f84bb47a8583,-0.5251957260583795
ba209a50d03a,-0.5851406768469276
4e55396b1966,1.0318756211139315
4f417d061da8,-0.4689444964328301
fb493dc40fc1,-0.6612297565612737
22bdc3dd1d76,0.8799627981379052
3314751cc851,-0.5010699127629739
b57130a35acd,-0.6105310495915525
e548c8268170,-0.15606757411942904
960a2c8b0595,-0.5001268934160463
10cacf8b137f,-0.4175831990061887
3595d081c2d5,-0.6396634740751754
0884bb8184f4,-0.5472465008049551
b8ebfc500084,2.590624437518589
56ae74b01110,-0.42359593451371214
54a81535ef95,-0.5960284451174234
14d038baee11,-0.5223079251028654
5d006e26e3c6,-0.5305929979737886
324ffa30b557,-0.480343716396066
104f9267c81a,-0.5442254497209399
81f9e1008b3f,-0.4657806705791291
ee5470ffefa6,-0.5226874314803464
dd4ee90aba33,2.539375021736953
40feecd14c4a,-0.5273449509296249
bc82299febe8,0.9502047518985242
0798c046c50f,1.1233277481784196
e897accbac76,-0.6703127627753327
0c4428932d70,-0.6111220379698874
a2d03103757d,1.431895845017274
90545dad7a12,-0.6503795195204657
dc170393691c,1.8452620587455704
2b77d44cd3a0,-0.47341137807068934
572f22db50bf,-0.2170181264551725
c3cec19f4f7c,1.621538019185788
4e8e7b5e6012,-0.49997943335256056
cf74c432e5b0,-0.6276363432986701
bc5c738042fb,-0.6022542638217189
0b88b72066f6,-0.5465820576841348
a03073dc312f,1.02449391269112
993f6a943d76,-0.7544553786378626
19bd26ffb715,-0.5843083545932265
30c025dea63f,2.540857241022941
5662597f8386,1.0050036950486376
52128f5205b0,-0.42062384391118135
fdb8f728f4fc,-0.5361907305489613
76ea6a9c5550,-0.5790603628838091
2f77c83854a8,-0.5954896033893772
45c2a2b27b02,-0.40583868646284105
801f33e1d549,-0.3475773888862795
7846eae40926,-0.34681049944915926
3ac8ffaebb3d,-0.6659848967847566
329538e18070,-0.6206303844106551
18e5f120a12c,0.8537241202265328
6738b6e9e13b,-0.5334758993778889
0dfae5be7fda,2.0934778148166884
4cca235b17e0,-0.42834828178710294
9089b91861e6,-0.5127159458479876
f9181be153a9,1.812277454289059
fd0b0e6dca4b,-0.5426267956691957
80db03d2c678,-0.5939785889918456
aeca6f542473,-0.4155865064492042
2a287ceff5c4,-0.4461320900136443
8e5715081a6c,-0.5484673583812398
7b5f253804ec,-0.4813326994248926
d3f6a08bb7fd,-0.5756585816536687
9ac7cddae6e8,-0.887595027528953
7a8fb0f449ad,2.423222910701019
ba52d09f7518,1.3384294323425467
dafa6093e4ef,-0.40549656983721366
4edb97324b71,0.8565219757122803
82296f02424b,-0.4280354204206556
7de1080ccdae,-0.40330322243861627
b3d15a79b9e9,-0.384040243673179
c23ec7f4d75d,-0.504245195397428
35ab37c87af7,-0.5386059903639139
130fcacbfbc4,1.351939912701082
8119f709a3fe,-0.6179027615448789
906bc1599e0f,-0.45476164965989807
5112d374f66e,-0.38467883717561463
5805f133c04e,-0.5997118513238052
5db39d321f1d,-0.32195580518436717
6ef5bf619d33,2.473477185618149
8524f27dad29,-0.5372112132652603
04f02fecef41,-0.4911427715022924
11a5616abbd8,-0.6501035232458818
d583cb646312,0.7706573049466812
aaf3faf25000,-0.6527790812178873
3c6792c4fe89,-0.5010454131380331
8b082029dd89,-0.787423962016891
23407891daec,1.189223235114497
0f3f1a7db9b3,-0.04940284818741349
18b3753d9c4c,-0.8396831926477156
e84e08cacceb,-0.9190709233896495
69b816863ae4,-0.6623839840762886
b710e7eca168,-0.31131912443878923
cf46f583aaba,1.0138015394379458
58eda16c1b6b,0.2627200432784657
56eb16b5c32c,2.2573637112817595
81f1abe8da8d,-0.5563898409366865
67cddcfc59a3,-0.6163768377983252
1b4485ae06e5,1.3855302535631417
a5ec924a06e4,-0.6104800309372824
166c84e2788d,-0.3667488079412087
e82eca854ff3,-0.12668154561926626
34270776da44,-0.28708783954398037
e5683e0b1124,-0.3884717914598566
83ad163ea6ee,-0.5578119768180493
faa3a9bb578a,2.637914947509615
ea88867a1b6b,-0.5900716708283916
009f29bb13bf,0.07667514081028992
3827ee96579f,-0.5953184386606409
81a8ba7f9960,-0.4509147866652634
6e27b6b51717,-0.30993575018393005
9af415ab0353,0.4920865189426143
8822b809b6bd,-0.5069694127443523
4b3931b9aba2,2.830722032139308
acd190abf5cf,-0.23098672132516182
c666efaed023,-0.6140334444204248
beac8abb7d98,-0.4601299899535192
aa2a235a5bf8,-0.3806906010223911
5fcf291f3364,-0.5988626746235549
e3be68d6a269,0.8250332685173166
425f20ce5c81,-0.027252838250323697
12b06f65a5f9,-0.6696041732491638
73ede7c23414,-0.5819606932642246
3bb860f4e3c7,-0.3263303854769579
94ac1a7ae43e,-0.49620316201139725
a3e98f3ec929,-0.6734579268777316
61f441ee457d,-0.6090412393411249
c9177742aa59,-0.5275849580059843
ab63d8dcde52,0.9508003381039877
68c87d00b86a,1.0590319745387065
c2bc9a64b916,-0.6164374819134282
b50f7ce6f9a0,2.518040545747642
839add1932d5,0.10496380709506369
37f95111db86,0.42899069301553006
d30f5055296a,0.533564453293019
445231ce322d,-0.802054745926706
9d0ae106c14c,-0.32663574305582704
40e2a1879de7,0.09132824998266464
3478d080c847,-1.2631001797852943
b0d3357068dd,2.4971800558540247
cf5a5e1e93eb,0.19801037186891654
beee5cfc3625,-1.275179090084745
a1c1003dba26,-0.37820222745036475
b367e90c933c,0.19113435519371866
47f9a73a5dc1,-0.5761563638717159
98e32df63e81,-0.9118236097347698
22d6ed33475b,-0.2237027193386493
956eef1e5b34,0.9068790206526387
f2c4ae9fedc6,-1.0264049012076544
cfd9a337dea3,-0.031780360444618516
b004a0e571a1,-0.1626361579941916
94e359a56ef9,0.0757657654965859
a6db9941ccca,2.7547431856112974
26716e549db5,-0.18826138280955787
cc3dde4f5fc9,-0.4666630655818884
2b99ae968266,-0.1499594107774767
15c4da9bb1bf,-0.6487950718751602
46695df9b399,-0.5378983648258627
5fb389cf9931,1.1757560947498797
b9d415ffd12e,-0.5462002569346361
d12411514939,2.3166591030163177
a9d11a30d14d,-0.6393796269511831
034b7502f3fe,-0.1271479658881116
b1d121702769,1.245353546272629
d7bd1954b4b9,-0.5947689672312277
7653ab8e913d,-0.6010274817537533
d2ac71d1770c,-0.5266225056394568
ffbd3e5f8b64,-0.5159285029394345
1e08f3af8dc5,0.28338201788135914
f19ceae460cb,-0.6917203778447201
87be6bffa2d3,1.4213558478081072
e65704eaf39c,-0.7081702635582701
dc8cb1118b60,-0.06128451370349525
f10dd021e23e,-0.7186583459346871
77e250d0718f,-0.5771862656503047
2515a4b37465,-0.5593752793278919
82b30f8c1361,2.4126672430284604
e0e15d3b39c7,-0.6633769639268419
ef9d23f2b046,0.3679972162796632
e39c804528ec,-0.5056303150513798
5486c5195db0,2.6978289043028645
f285dffcd6ae,-0.3789089949607548
a3006c2c41dd,-0.39765839924751867
c2abb660480a,-0.40055728798275503
cd5ba3caef9b,-0.46010396500077144
80d614b38c2b,-0.5887887836275212
f65cb2256355,-0.40361360555320136
75bf5ff2603a,-0.5737119487283002
0d14199a0fe8,1.0097237414615863
e59a4ba323e7,0.6785671783245084
0c0df931152b,-0.5019551502674549
12b77f3fe4e5,-0.6808216887206817
042079e2efa2,2.559520622943751
2e4cdbe3b723,-0.39537536911103804
73e4d881e974,0.196537247418877
5b5c13fc6ab7,-0.5256152050098223
10b8a3bbba14,-0.7498611593998719
e2bf196cc35a,-0.5559211393840168
a7cd997351c5,-0.5667823695626295
11bfdd3e194d,-0.723293090452745
fafcef2581ae,-0.20687714061255036
de424be75764,-0.7582553882419529
428a283f716a,0.6141297492876266
b7b626cef04d,1.1117932421243726
0240766a4871,-0.41970770347612235
93dafe5ce0d7,0.6871629543112601
343830db9cf8,-0.8105079127437825
deb91a042776,-0.625844590833376
56164ffa8730,-0.42330053475307416
75801bbb1329,2.654837332519721
9aeb49b077a7,-0.47799158489139865
79ccb0fd339f,-0.38744027007892823
a639bd9f5da6,-0.38787161611101967
2b9eee69330f,-0.2435162164108475
abfff1375ba1,-0.6133176922132109
4defdde38a9c,1.0474978346807782
468cb2f5d11c,-0.38713781613228354
d854f8012e1e,-0.5006216621509495
1bd9b2e98736,-0.28251040501330354
a0a8c3cfe79e,-0.40252839456403317
bea6e2fbea0e,-0.015642693762623457
c35eef9dd3be,3.0756944803368613
b298f739a8b2,-0.5671553639593561
a9b4a758af27,-0.3607064002528815
334079d0f67c,-0.35184631884299883
43a3c8e4bc79,0.04443164236755654
76853f2ac03a,-0.4920734316215399
aa10b2e69189,0.2400963635955516
a126fa3721ea,0.5978169768018906
41d7befdfb7d,0.5164974204371295
641be2affb7a,1.6415987207185307
935be353977d,-1.223963970787048
454cefcc2e1c,1.445077904248889
76df9f8bf280,0.2895016951514723
b474767ad2a9,-1.1521793772970201
ce5d15ad7374,-1.2645591656366717
caf5a4923b74,-0.21405451531810088
51c8cc4e5b24,0.1652414920563696
26611453f055,-0.9308833160175379
12cbec00f7c4,0.12990613564209708
075ededc9c87,2.7434938129277415
29ead9a96ee9,-0.4578807070692814
9081419451ad,-0.6396244516387934
65942bdd7b1a,-0.4384240778522682
f585c708b8fa,-0.3917000318239058
9c662245290d,-0.4623986003790203
234e9e881b0b,-0.4696591087875127
a49d85103f9e,-0.5372092452600556
ba357187e8c8,-0.3835356736875247
346a87d47b4f,1.0196777600431879
16915d99a257,0.5513251333408153
59c8e310009a,-0.5340648098133819
e643b7e65cf4,-0.12958885645141036
c8e50a9bbb41,0.11838644012821901
309eece7a22d,-0.216283518911346
5f7575dba3b4,-0.2510761506215751
22c349338c53,0.10135461726140556
9ed6e49aee03,-0.3073332297440892
d49d57d30e46,-0.7912935672713476
e4fee42732c7,-0.1993388765830901
a353ed3726e6,-0.7185510146520112
96797ae01135,0.19939980772916974
7ac3f426798b,-0.7886521742636193
e07feb66e84d,2.982976523379695
35f54901c38e,0.37335417401598586
b827acc50743,-0.5270927950540013
6250b5db40c8,0.00990489204281575
4403ffbf893f,-0.48428413623540456
226bb8f79773,-0.7380919042274241
fe49311e8253,-0.5566451314212302
1941c0c86b85,-0.8252929026817815
b83ba61c0383,-0.6866823029134609
742ca22b914f,0.32394873873711305
6d04f01ecf1b,-0.11261257093837976
2eae4a259009,0.38848709080416843
ca739999d110,2.8350068478715995
3006a45cace3,-0.034315435942057035
22e414b5bcd3,-0.7593347523602532
fa7165e62c57,0.307200564334684
547873706d27,-0.9297422676644584
c31e9d2ecb27,-1.0793739728203837
6ca100a6247d,-1.1013159099586254
9ff9ea9ce7fa,-0.8029104788182487
b25cc278c8ca,0.8276806552010201
e5019370a7f9,1.3994171109303577
231aa3289adf,0.05472553111141605
c5b072764af9,1.730617503625695
b5290acb20be,0.38735145236085367
da5ee0c46a17,0.14171984566246953
7c41c5c50cfe,-0.4803012668220461
887d2a2ad359,-0.7442347431905489
0a96b2a9f79b,-0.42108581525162536
3d4fa1f0882f,-0.6599156200605323
ee32e3cd789d,-0.6336088290954783
c4078ad70928,-0.4841245876822428
75b5d34875b3,0.7473299134346927
ef97858e55af,2.491477495067344
7eaec773362d,-0.5411817780672384
9ff1241d0de2,-0.6220724345763842
1c9ab7557d08,1.20599782058159
85bcf3182a4e,-0.45010508221708406
e74b5ee8d71b,-0.5840569028978824
ef590643c540,-0.7519544684158845
667b2f40321a,-0.3432537551085415
b962c33c7039,-0.542844962235739
1417fd19eab9,-0.5701194426074628
7fb4af0c8cad,-0.4053928514511934
312fb1c91adf,-0.5038776626271084
8965e629818f,2.5994469516833054
94b5a578838c,-0.34371443577392485
ab0ea1914f46,0.8089457005545516
def1a63e27ed,1.086926911096964
b188e06505e2,-0.40517301528013616
d201b3299337,-0.6005449245811703
7d8e90a3a750,-0.33784400942906734
5d0f71d520dc,0.8560490617794546
b14b0a212fc7,-0.6985648368517589
3305b07ecf97,-0.7233715636089024
8d5848688598,0.01806628822811714
cea70c764a82,-0.17800638260685897
d73c17b70278,-0.7130253153350581
04e9260470d9,-0.14663150875462133
e3d580f1b214,0.0953482500640183
2b11b1d121bd,2.8336979563759845
037d4e00ea93,-0.5778145649937823
c9363739edeb,-0.5332236895610365
d15d669824c2,-0.6007192056394057
4b58fe27fe09,-0.28448383375136116
6540cade5a78,-0.6339386383162594
8eb642950bb0,-0.4893226124067057
a18878d9640d,2.235498922718837
4063e0759ef1,1.2263792308303343
7a3cdd6ac9e0,-0.5312579490752863
12494425c4b4,-0.46360358248696953
39d4ad78b090,-0.6924238866788418
5bbc47a3d27d,1.3449098093604768
e3836c4406d1,-0.5614954461139254
84d289088c2a,-0.46256621476201243
42ad27968c42,-0.5328740187867117
4056173e70d4,-0.4179524774514929
60621598d3ba,-0.4708583764782604
a36c4b816b38,-0.5526229585902216
2c3f5ad1acb3,-0.5940410319770483
28ce5f02335f,0.9614397583665037
516778e86ee8,1.118403222756255
c484e98753e0,2.5308292854496766
2d8649cceee2,-0.3833362713863509
b2a95f7798e1,-0.6349254710264116
6c67523b52bf,-0.5255357197052736
b057a676b90c,-0.42593918072867293
bd80035e8b25,-0.7566574121504466
ea88d2b770d4,-0.5029397933862869
649f5ac6deef,1.79162559554144
44c24f43efa4,-0.8322866856811708
a45f52fef7b4,-0.8229211418577048
0090fe0f5c69,-0.7649827989562676
8f0243c53e18,0.30360097712072054
5881890f59af,-0.3265658560690632
2c1bd75dfc76,1.740138458374345
e54139a537e4,1.122463557498381
ba1ded3de6b7,1.5943204031512799
02b31c3ebfbe,-0.5155364715899088
a9523215c8a2,1.5896718320663439
dcd1620fdb93,0.052010299010349696
3966f671066a,-0.12578963307435254
ce9d7f0227cf,-0.3520742487900439
87768d97c2b0,-0.0831101580943164
710020e33f7f,-1.2397027835698449
b9c84f1762c5,0.4150174921210567
b30c41d32c1a,1.0021680609207346
3feeacfa4d4e,-1.1093685098467163
9c18fda30a7c,-1.2276062823045828
24656602439d,0.947093537240991
2fdfba03af0a,-0.769754454661852
137f43154e37,-1.632480136085743
c45cb3c00314,-0.5617457635967066
d6e6016e4e6f,-1.4102722834319852
89be77d40ab5,1.5594330414429933
be2c1928899a,1.0801120472697776
3565041e67d7,0.08036581426088793
cfcaaa9a027e,0.2969472453342965
008ad44ff015,0.24813625217570803
4a4905595569,-0.45142449743908064
df635e6cb59a,0.613589197490713
4a6b3575fe9e,-0.5355326525161047
8f726274c75d,-0.7048510457797814
3e4f502aba43,1.741348959871255
f94a138ce867,-0.6251843092825906
8cf567524cc6,1.3306711286455153
7f286e0d163e,-0.7577626304324244
98439de971cc,1.1695961472595742
bdbd74bed25a,-0.6245270972305441
29252d09f7c2,-0.7537254682396808
1b19132683ae,-0.6305479913172505
b2051329dd9b,-0.6962661687237505
052fba5f7ef6,1.0867811277457822
17f6d13999ac,-0.8165538636052658
8c539d9a1924,-0.7645570448669203
53c3c8d1d74b,0.7482692175857233
3a64f059715b,1.2183837064887861
0893180583a1,-0.25767319633996266
280c2b7d4f6b,2.512380985430675
a4a0776d9885,-0.17482278239884452
c7412ed8deeb,-0.4448480331054011
761a0c5ceb11,-0.467918969275688
3ea96ae2ee7d,-0.38303235128073504
8a454b46d698,-0.6942275029609658
0dd858c67d79,-0.4754001656714013
ea900052c132,0.15945436740950802
187d1c7b6de0,-0.475438205597032
34ef4da0e530,-0.6483211942984684
546a30cbd15a,1.0670978254708672
3f3a7ea8e73a,-0.4427537882160474
9d723864d31b,-0.7968764580370953
8abd251eb5b2,-0.6642733919136117
2baff50741e2,2.28457886929866
6c2524c85832,-0.5048556864397955
84172983e8c5,-0.5601835579697692
f7564c6f623e,-0.6969084217774892
ce518400c55a,1.2784796420702733
b90a244e20d2,0.7729260733429384
51317366802d,-0.7647560005547469
f38a9a4c1257,-0.5307299969452849
74a78349faaf,-0.7380784441073357
397a1bdc289c,-0.4213698299727972
7422343e943c,-0.655992566932838
c7f24bc943de,0.7337821869319112
31c25aa483e4,-0.40292791715586385
82a6dfeb0f5d,-0.5327701284161304
1611504ac75c,2.5341680812465146
06f27fb83db5,-0.6913657762274462
535431b59279,0.6971143187910797
be085e0b78c1,0.9246695219212893
71221db57709,-0.6633762630706518
7ee946dcddca,-0.3360767218060102
979bba5ef1c2,-0.8345407565967223
1bd0cea21bbc,-0.2690135997923902
d1243d369299,-0.5811841234746158
952e7442d527,-0.7337483853258793
3ae23b4eebc1,1.2698877473514174
d8fe2546881b,-0.8419274199051732
91f3a41cb8d3,0.5664500055885833
5b8a591dcefd,-0.6922131202854744
61a938a01929,2.1910731153956275
dde345f6f547,-0.2217284168367506
45f33250498d,-0.6472781875374378
42653d137383,-0.5140591965443311
513cdb6c99de,-0.6253996351836031
a5df006ed0c1,-0.47183383098258724
752011e96a1d,0.9565405050252986
b19a50dc90cf,-0.27097995455312923
0c1dea1075ed,-0.7523872269483558
c569b13ce585,2.5557301089227096
327cbd893cb7,-0.24692939016834162
7e48c8a51607,-0.7387695187082208
248616e40c99,0.9770947435147487
15631f761405,0.7480409107532032
d835c03a8e70,0.9104996450601808
8d3b29672c5d,-1.1571026393473676
19747ba62c24,-1.022060072575849
930662e0a398,-0.8489209761510885
cc8d473ecc2b,0.33245698130768947
985ac9dc16c1,-0.6619114401497537
1051aa638228,0.6635375975343509
bbf9ac966c56,0.8900063328852713
fe37e60d5485,1.7644325978077398
432e8d688ff9,-1.1219029340162618
8fd9e2b2ea3d,-0.49707600310811445
c8e0e086a470,1.096543035596702
7e986c9d8194,0.2152456241872829
783b801dffaa,-1.113463612852851
a6f17c4edeac,-1.060879035489266
6f0f7019f812,-1.78489853519484
f10d435643ad,0.22450060207395797
dbc813af6a18,-0.49593653890145695
15d1f0b524b1,-0.7088029503464289
ce7e9829655b,0.9601672187687254
08b9dc1d4b72,0.8135622201779424
37589bb37a55,1.10537949815319
b70a98401df6,0.748582473827042
91b18353d463,1.1729450182452585
8662751f5da1,-0.5353036606124358
2fcb9f23b797,-0.5618076716466401
c710d1ff9a0a,-0.45792367609594714
aa34bc071f0c,-0.3607664359245273
2801652c8e0a,-0.7070030929100177
7f3932b412d4,-0.5368770473117986
843b2955b60a,-0.4749557458810745
c34ea07553b1,0.6983564296802854
b3858902e984,-0.5027169146779131
024494294159,2.608048766620139
44b0e93e1485,-0.34199596948532884
c1326a0765e3,0.6624685414766269
5e3e1d4e2de0,-1.490910756114199
6c2ec6096f23,-0.5716602652082453
8e291d4f4a68,0.4357585310328757
2db752a12386,-1.3156341423285287
4c2e7fbbe349,-0.4837641990898961
e41c8ef1c141,0.306091307757437
ebcada894491,-1.1542260656513939
aea90173be91,0.412608810313654
d3f409f7d896,0.4314260682944173
9fad9dcbd5a7,1.2718103887485217
ecb5507a2505,1.4960317807687296
0422d49330d2,-0.42666995358347265
42b1cacf79b7,-0.7189431544976577
03bccb96a901,-0.5394305856622317
5ba82e434f66,1.057925141948737
00b3bebe7f79,-0.5617764805546
5ae35c56b2a7,-0.46631197329623253
b662af9d6e84,1.6642584425924174
9e607a46a9cd,-0.33642702974862465
4167ca20797e,-0.4186243326848551
40716054768f,-0.5995380685295475
09422d858071,-0.742396751107429
0b4e39488ea5,2.087934745123497
96eef6a4a55b,2.3889585417196
21866a8c5430,0.2650718848878284
506d3634a195,1.0733892297958239
55a1e2268844,-0.9604391510829979
e440dac6ec5b,-0.3838518970499869
3aa5398fef25,-1.3162135677490143
097d056ae622,-0.06859912269601667
2445fe9042fb,0.09159817843450548
0a41aca0f5d5,-0.5420043597254605
efeb3b4d07b4,-0.30404415563136655
670f4d492314,0.40717074681182625
e6d6f860cf12,-0.6510363277147411
061748ceed4f,-0.6445771848159012
6b83629c0f8d,-0.6260151264716082
243de99d47b9,0.8302436467981453
970584438464,1.1716751370904932
e058a0501ca0,0.09863790439304136
560ab4ca437e,-0.6168323059269413
072853f1fb8e,-0.9324495562083734
e9f02aac5b9d,-0.6629815850233902
b777957e959d,2.32221962224076
80df65d8a192,-0.7871741397538218
7e67b5fa1d08,-0.5223633806579007
9868e12cd8c4,0.3696169683354972
843285e71772,-0.0011559551937562855
9f8c8103f05b,0.0867741434137185
bf80e85ce317,-0.1702406146340034
638e1ee36311,-0.1796728080090138
18a6ba6ebe16,3.0908452580928656
a60bb81d24d9,-0.3693458176700254
99a55888d1c8,-0.5507341211135646
1d9bb68a7492,-0.3647088927233689
c03eda11dae0,-0.6091285811519193
4d2fb4f7a16e,-0.36828554040557904
e09d7e4b715f,-0.04246701200492925
2240424b4479,-0.5218800586004236
3d10b316c788,0.028307104346109405
eeae1162c4a6,-0.47416754037094455
155ea96b735b,0.17141039290531251
745bc9feb100,-0.6190187217916828
d4346dff7677,-0.7258139985197803
d22165ee9632,2.9416777120825817
4a22fe142807,-0.8433807617768254
ea98d4df81ac,-0.08370028860517273
3d3daffb581d,0.05396750497920521
c15d6bcaa81a,0.1959662573453703
f3c7ed387f9a,-0.6412733059505142
aefcd15f8597,-0.003974354643658829
716caa946beb,-0.41388688241970845
7d524b376785,0.8695991674478626
5f48284fc6cf,-0.5486750725868872
a418943e14fa,-0.4095705665326397
9daaba0da00a,2.5731864561416486
f37fdf1088e9,-0.46529538935872805
08a3c6302e7a,-0.48990714078019904
c4e69578552f,-0.4945980709227952
0d9b1fb1a46f,-0.6082472383571634
11c99b14bbfd,1.1091219172169384
5697bea6d247,-0.4064124938516023
6ec90fd9a433,-0.7153146859967259
886c3a336dd1,-0.1892941603790831
6710e7e7cc0c,-0.4862745669124354
e1de78a7d87f,0.5616154346416231
18477471129f,-0.2236144244044186
b402714c3b5b,-1.2798786157689306
b0c59c5bc1ac,0.008779542748141203
1992b3e7586b,-0.0437225612153609
bdb7d62de031,0.22307851833231807
59cd87121894,0.07195832491508707
44aeb23213d6,2.646234761013633
52756bc1438b,-1.2170712381679385
026eaf38904d,-0.07181101480263602
c94b5c71faff,-0.28780030267675094
95b1151a2b3c,0.05653392359150564
275184569b31,-0.21468112717473814
5b4aac543a55,-0.5755106217203646
0516aa4f9e76,-0.34328799453629133
63cd138f437c,-0.4559281141227015
0b41389647a3,0.8713605154819715
00ffebb63771,-0.6343945554902463
2afcb2410c82,0.15077250555253258
3ae91a25e448,-0.6780648943509072
6d14eedf9fa2,-0.7214635042075054
947f515eee7f,2.8324641696534956
1e4b1dbe7241,-0.5550386851732815
ab7ebbea6371,1.113676641486152
00124c8dcec4,-0.3474576591829472
a399b7444b66,-0.5158291879308218
78bb98103e1d,-0.5710694774942772
291cf9c591f1,-0.5590882542564013
7abcd812e66f,-0.5214179723520557
b4d75479dd7d,-0.4542401196158813
917a49af41f0,-0.535635934118549
9b191ef0a893,0.9182138036602665
427be2769d26,2.5564581947374543
302cd8fbcf21,-0.5285713497596579
c47a103224d8,-0.0790443310225676
555a86cab01b,-0.05482868736154729
2dd1e25e4726,-0.31108668364556735
2f5c6bcd8c79,0.2059430174016264
0b4754e9e22d,-0.32657530350750413
42dc75688f16,3.0858886350567003
1f2eb97285ba,-0.47093799688034993
69a19543810a,-0.6137681968103953
1dcdef125e20,-0.3557212436286026
3d9221af5b1d,-0.1822599257037861
5745d7ef6e07,-0.28698136063252955
a243e7abed57,-0.6106279232654767
595f174705bb,-0.5764484276863129
7076b767ebdd,-0.5392701830976422
ff7c9d0f2883,-0.5902409633386514
f6718ce4ef98,-0.42497842363867994
2ef4be28f1c1,-0.5568383050261537
91b0ae16e087,-0.21663895024867733
69a684dba302,-0.47249058589854964
52af2e88dacc,-0.5031375373513974
467b9915f314,2.666543256588862
e8b92e618449,0.8220287842076663
4f12e0ec35a5,-0.5597092676321789
9ef44a7c27bc,0.9511806031217149
62b90525aef2,0.816756376060014
f747d7090c1a,-1.8868973195922223
7aa65367648d,0.30659840507493813
8737e98c0535,0.2837385769809422
6a9e8163e225,-1.3436398069963131
bb19dc5b5596,-0.42789603656002917
db6e58ffc9c6,0.333867962758167
07ab5f4e5bfa,0.8128321030008616
b0db87b7851c,1.791256198300939
ad8f7ed52d66,0.2465432607930148
42ccd6889734,-0.44524597305403535
e1f66cf50fbc,-0.48791374676627713
4efdb2eef04c,-0.5629018392013748
adcf0b5ebbce,-0.4314587738741986
046bde04a6a8,-0.9111265175831929
62ded48ae21e,1.4645779372480618
ebec8f5f423f,0.2618642148106783
91b47c253cf9,-0.25845414918610304
6d5cf97c773f,-1.0271495807350088
160b456380db,1.9992141010751918
d1c42459c7bd,-0.7660679490902993
804253323258,0.1037047954350181
badebb95ee1b,-0.8556355514845895
abd8f7386cd9,0.9834333125858162
bd04e82c9a03,-0.06541317479437442
053ad89ebf12,1.694296128934066
76a5ea2466f6,-0.48257904399168483
17a6eaffbed6,1.9130484208749776
64c4d97330d2,-1.4368765789441507
c26e003f8b83,-0.13312856220083497
e14c063c0aa3,-0.14450784597932825
a94ac48ad924,0.20572895624312737
63bcc7874bf2,-0.460699074708377
66318115328c,-1.1747193056339187
74d11ff5d59b,0.21141730169781478
85af150cb68c,-0.1265672214973164
7aa66a651997,-0.901362010014792
62acd91deb64,-0.3005956310228236
cfb23978ffec,0.18690329652589632
f4eefcd3e0a8,-0.19925980089869644
0b44cd464288,0.06594293229474635
891dbac34d99,-0.9102962590636008
88d35ee45a8a,0.7835131040159019
85858262abf0,0.4342918729067805
7238960d88fb,-1.2592202006283748
e094dcf6c9f1,-1.1217956512805674
12dffa9253c2,1.240393686394378
0e7b7b4e8527,1.9814846607711518
7f9300de16b6,-0.34251782657106683
f6fb6cffd216,-0.45036488517576984
ab78e127dec1,1.158394931544545
f01be082ab73,-0.6918903663365178
dd8d87cbd6f3,-0.30632327958980654
4cecca062d7c,-0.45692246994672425
25a775d9bbbb,0.1588922695135954
3d97251c02b6,-0.5350670733721314
9eb60bbaf9a1,-0.5289717395130814
1f59db3e6107,-0.24509799267097673
58d39a9c8c86,-0.5207269747380533
39cd39462cd0,2.760595406855987
52b3cb19599d,0.476594125268224
ea06c3edaf6c,0.9602179874700659
619bbc417c26,-1.2635665828742977
84e5b8192158,0.27858220263629196
1c1de336176c,0.9636270128203557
bbdad403af9b,0.5427356621278681
0cad84628a3a,-1.2766905259163428
3d109939d5ec,-1.2754987070559682
cc194325f54c,0.5250797128073369
a9084d81b24c,1.218117185000519
5d621de5bfbe,-1.335225121686309
3eb8672c67df,0.18602704940225676
dc97a2838524,2.3333345090850757
b33554a05c76,0.24081140684417723
41393512eedd,0.05142542419191135
a3d740bf0bcd,0.509327497350546
141fcc9d1e5f,-0.999578482033538
33c0b7c566a1,-0.196992905601384
e9ab1586e56d,-1.0902673112592962
89c447919eea,-1.0138760773187772
08e161fbc1be,0.740635313510027
3399500e8d4c,-0.5049560005766455
563586b8bb33,0.6858246123272322
a08225134dd6,-0.7556879865193283
9c6ac5d6c6d1,-0.23113521683275323
30826b351346,-0.5809449159165233
88df6dbd0737,-0.48289327825199707
b8c44aa946d2,-0.010010439581321327
59ed5128aa1b,-0.20129392304430524
b6c72919697e,2.824476931887956
68731619b9ea,-0.3291757917318676
1829301cb053,-0.606669138333369
6be0ee72e240,1.071708373153541
5b46a3c765d4,-0.3981767202459505
76a1a8bda2cf,-0.5467500325311543
cbdca134139a,-0.5091358485722562
28a063c490d5,-0.3222227946330849
a7baf7206b29,-0.7928981225984084
0a21dd998dfa,-0.4635479569808443
a913a456673e,-0.3531543484102626
ffcf0443c4c3,-0.4259029447238173
c68100038759,-0.5691166909224189
02d00719e016,-0.5175939934659758
7b24fab0699a,-0.5485319333206087
d039384e5abe,1.221618971374927
1e0b347dc7eb,-0.53546046358623
b33277730c6a,0.7615731550784146
c66e925ade40,2.5452371221883094
a4b30f67e7bf,-0.4648610680736521
a68881c646f1,0.28669143682716625
a7bf0c3f1546,-0.6551480654211839
86d99c77a0a7,-0.6322378018636655
c0a30e21c2b4,0.9579057749233161
ff730a966e81,-0.6312926403722264
389fdf6a2b4e,-0.1285133586630537
b262e31a5e9e,-0.20196126743820592
f8b29f4ef7f1,-0.3536902470436565
32803daa95a7,2.798293909055374
a9b181e0daef,-0.3177915836593845
9f888abf7ef5,-0.6573950882708282
f0662d19d6cd,-0.7086234041517921
c8f11e61b0e0,-0.7441757348785945
ab4ff50bad84,0.7792280848640606
8f43d9fbd8bd,0.5445412994879081
1cce026e7b98,-0.7509186056922116
fcbc4b1553df,-0.7765633277767426
2b091885da76,0.7404612496460675
af7f44ca40ae,-0.7911299749663472
f01456288bee,-0.4061471907809854
b5c3761e7c00,2.4343989135951034
ae0f455d64e6,-0.6824136884204898
6aa12777059b,0.3613423790740241
6720dca5315e,-0.3860930763910114
2d1813179493,-0.4387622519306306
2a32f6d4ba9d,-0.4409553198930033
0e0399bb2726,0.7735999938482451
8d131dfc3b12,-0.4298843338723901
ad7599d9d645,-0.5058296278447937
0393dc784663,-0.5625415441715778
420170f5afa0,-0.5841761813476137
46b21644d518,-0.4742142937718052
e14a11fe4dfa,-0.42866988727297617
fd08c82ba5db,0.6645823069230038
f88170082986,2.812944215724553
80d749ed9e5b,-0.13061091265952193
c029e2b0b867,0.13002166931916825
2c20fe92da3b,-0.7824832689990237
e6670084f3b6,-0.6300083033639201
df2e745d45e2,-0.20720634691737394
0ef1c1626a1a,0.045191932863310275
2ff8ea6896d8,-0.4816271896229238
df936f795a78,-0.3769568010074062
fc154ca08fc6,3.061024668247831
9b9cba107c48,-0.24662203590442072
ace5809d142b,-0.20653957967553155
3116ba678445,-0.17418383228018797
81a65c67cea9,0.4613046214746904
7f61dc0b931d,-0.8894495683090375
fed14c3c8845,0.8564798640941547
ab62eb3db61b,-0.2602787000986487
eb4b99a89477,-0.010740743917208818
f48d5deabc4c,-0.7660580377993064
f42fb31a2568,-0.5725429638481675
2a94255bae51,-0.6961909107634915
02ab9ac711e8,-0.061692374977771386
81b021d3bd9c,0.11986317536445167
1380669cf804,-0.828830702866555
440ce33c43b7,2.6481363416468895
21243e7c77c5,0.32118703498175766
00b39bab2c1d,0.9138829374545063
665eb0afa01b,-0.7311934803140125
a3be86f74af0,-0.18415674300639262
ec3b645002f3,-1.1176987290104328
ee008b3af909,-1.1260796654741578
a4e26d5db947,0.6611253191113369
7eb540cacb7a,-0.482948148669868
4e606568f7ec,-1.1695457909542943
0ccec88c0dfa,0.09002435653952844
4e8b04009d29,0.7452422921048096
0ddcde2ffcec,2.080160617237219
8959671fd900,-0.44715328189781345
7d9bcba99fe6,-0.526497609848872
ea5a55ffba32,-0.5342819269028679
2ca1c9e551d2,-0.583217585410784
5e9178b3f58b,-0.5224065361011808
00605fa3767b,-0.48543670092176866
755092dc227d,-0.2703776003817463
fc9f645949be,1.0812611293897432
d7b4603c9273,2.7127647548003093
8e376b851b56,-0.5827533509777194
948513005bd6,0.5431994940138355
699c2a38c772,-0.38510078576113493
fb76658608ff,0.3342361160027068
96c957fc6bea,-1.0315871968731603
ebdff9f5072d,-0.9204153580483392
3958fdc9a35c,0.02187624572880449
3e4e8f9ec4c3,-1.0740120390561498
ccc9b12e5c2f,1.0915053071925969
aebfa2e71810,1.669248281185145
61867b78f4f7,-0.7533106808700653
31fc99dab0e5,-0.7745822929062929
73880274c461,1.4566474056570868
0fabdf40e1a8,-0.4334218597109897
28be20ea0277,0.4138160716986573
7dc84d670281,-1.7348772453323988
df6245e1e635,0.8620523961228864
a623640b863d,0.05468335446158922
3d09ab004123,-1.6673374885816385
ab0c6429499f,0.5516224366959773
4fbf27ad2d36,0.24681406674227716
1b492cce2d0e,-0.6626103663811417
d318bebacc8e,0.018792976704989042
ffdfbe3ceff6,0.601241891863408
b9b61bf76a6a,-0.36971792759805916
88a75cc8ab53,0.5004022482850338
6326adc09a66,1.598933657017077
f931cb9d4f6b,0.5521915338059101
6ae0e6a79533,0.4340461492484215
f450e0d132e5,-0.7553974292059581
84496864c9f1,-0.5282424958176392
3e09668280c2,-0.7564050609036497
e00bbc0d7f4e,-0.49395528489791474
5a42180b51be,-1.0548733806605142
7369c663fc10,-1.1798523969467634
e5538067d573,1.267521178498308
ac3d4582d168,-0.3173755271638985
a735c31afe76,0.9744785091198245
87bf00af006c,1.8578642049238727
c3c51cd658f5,-0.7192068555079104
8c52f412b610,-0.7395615961982144
fa15ef52d948,-0.2528254409432934
c356769ac442,-0.33623842015914523
eac373d18d73,-0.3231576600089673
12c7bda88a4d,-0.5936749481631469
5736e13b238f,0.8125503449393672
64f5ac40c0a1,-0.6754249240333148
1ddde5e0a1c3,-0.28360220029074795
3e512b15683f,-0.4333186658688205
1d806393b903,2.671042339119017
e20fdef460ce,0.873418027115177
2b957b224180,0.23751062261988787
dea6316c7f8b,2.6901297064741834
21abdb15b3a5,0.240570092313365
83b85a99f4ee,-0.5870504410898935
94a2d9aee60a,-1.0341779990578364
9b9ab542b0de,-0.5994661610136157
f02ad81c6d3b,0.2191606527767384
9806f3e67913,-0.4033943830675383
cebbebab3f8d,0.7934662034112099
28c10a940e2a,-0.4999648209845945
e5bea6bb00fe,-0.8557644205526348
b8f997fc532d,-0.20101905182927132
4c4d06818bd9,0.18039252837129033
c968ddfb3dc7,-0.7798571658866342
7ef3d7b7e543,0.3289209811680199
f876776ba864,-0.028079690970347553
1220c29c2ecc,-0.5640597811427509
699a9e977bfa,0.14138073543889865
05fe839b04fb,-0.04602935768396499
387a04a881bc,-0.8136175983416212
7a58fc21f7e3,0.2891416254861209
42cf0d0dfb9b,-0.736027233406048
502b04f8e90f,-0.7954137214361608
939c076eea9f,2.8232486784031985
310b35b4a80f,-0.5396266853534627
98fff3623f6b,-0.22996320276784854
1f429b2e41ba,-0.5404932022152429
a8d3b423def9,1.0574812842500574
7b1aec02c5b1,-0.5769906039021758
703fc6f7aa83,-0.5036580744957181
1780b2cb1b8f,-0.37641711734272254
b08427ec569e,-0.6029065844189879
2fd21b4a266f,2.7275102025620344
2713a5283579,-0.3058751648540078
4427ed116692,0.4962504971447518
9bae9f027123,-0.6053113486066772
20d16affcb40,-0.31513338741049013
547bde3e0a6b,2.707758817312648
55e5fe4dabf2,0.9674442733710505
5abd495bdcd7,-0.46134964794943434
0e6eef43d5d1,-0.5426405773670762
502863664ace,-0.5966780978355023
41a7360cee14,-0.35897557229623056
b4ed55490497,0.7096755518941358
de34a7030c0e,-0.5007195472269914
61979c094071,-0.48363328149170287
3d9a8e6dc2bc,-0.5192144106881355
9d0695bdd238,-0.6065341203122709
6453da0bd68d,-0.6034152487574794
e265ec1ef42f,2.3231479398839707
52cc61e2775c,-0.5395946887018194
0d920f0c5622,-0.5809659548693612
44a7a8d66d38,-0.4295561255962851
1b74d5809364,0.9373699773467921
593e6a692e7c,-0.5315138063199225
c99d2dd1adb6,1.480304149982058
4483d6a6f028,-0.501111038478042
311cb934edc2,-0.5905545711159643
500db98a3da0,-0.49201940853294135
16aeb198baa5,-0.4720912248410049
7fad88d99e94,0.5735686997148605
cd2c13d9a392,0.7199678175462337
5129385eb479,-1.131461015468926
46b00c6b9d62,0.3877520985735643
c7f1a8447418,-0.946506721393441
865d49e48546,-0.7447970234664921
899e72cb313e,0.5275637085005543
1c78761fc401,-1.1065338074645668
62bee522d1df,1.8015134436025317
73883d30d506,-0.7525331720582448
7ccc7b971d33,1.2263027151244732
d21abac093c0,-0.5548367432105474
82f213072dde,-0.8197080143952061
b7bcd90c06fa,1.104579788155406
5db4ccd15520,1.3694489700997585
04bd64f78fb7,-0.5333444675315124
dd027ab7fa80,-0.5232579881762212
37452a52f9e6,-0.37927274438573394
c57ec3c35da5,-0.7747547676578848
d6a054a4c1c9,-0.5870633486976312
c22d8f586b2f,2.235008250362389
97e516a87f8c,-0.5163878803779316
6c9417ac79af,-0.5563740155556516
a0c0417fb2bb,-0.018873781839780807
9fddf8921038,-0.5163364059008269
f50fcdaa5685,-0.4341052684974028
5730d6781f53,0.8502452029986376
27eb4d3c5cc3,-0.39249406017344973
c35a30a8785e,2.597892849271754
e2a7d5b6f1ab,-0.7066508607845948
57c68ee4de49,-0.6075861387036902
2dcde79dce41,-0.5781017386791499
6a4fb1de5406,-0.48595061098989684
866b5065c1ec,-0.40834321212933256
da95774075ab,-0.3900455169036391
4cae82d7df6b,1.0714757604915908
1e29a89493ed,0.3971985763375496
a5b8ae796b16,-0.5418319587492815
81a9291b9216,0.1960488447599519
9a8b05740128,-0.5535406195103135
5e82ce66cb29,-1.2052482003227933
2d87d408ead8,-1.0110298190391278
752ecaa64498,1.1339051386183994
6050b8512063,-0.2554335600893576
c3af8ed645dc,-0.9971885326848653
44973140775c,1.8580553161321915
60f182001b81,1.2475617718886236
bc31c0f8109e,-0.2684969573409774
f462f4172269,-0.9547760233552546
b4b8c0c7425a,0.9768386064195835
da5b0b301e02,0.7128683200381309
ea3d7d347307,-0.6099908895332959
ed5e5a3e55b5,-0.1847372547032109
4a3928c448e9,0.5757566619676193
6338ffa99933,0.13176241766245433
1f45b1ebb6a8,-0.6711043959099223
fe7e8ebeb564,1.5215979527363446
a4cb38e85859,0.3029479653922175
e00c0b84b9a4,0.3332443523341936
7d2049b16d9f,-2.134407713048861
9c0e42965ef8,-0.037621606676031615
858b7d7604b3,-0.6498381233081694
4918530ad837,-0.3543183983933489
fa4340168dd5,0.42542951461080536
98c50d84551f,-0.5287009249015707
bedcb9de66df,-0.45155513675696846
56bdea479081,-0.41387432521868583
96c561289e0e,-0.3760482777666795
66b7bd75f35f,-0.07712439164174428
1fa338888f7e,-0.13362225309073938
fef5828521c3,-0.44155984191827685
382fefbfc295,3.0388337650614097
24fcdd410a6a,-0.6061594688150779
0802a5754093,-0.5897369173146911
e8ac37cb0d89,-0.4575993555795814
031ac03b8974,-0.4457844258637582
e383814d1fa4,-0.6550599401945306
4e9ea00bf8a0,-0.530835367693487
e1592247c222,-0.5092746676110859
31edfbaacc93,2.4803599558418017
68bfd0e9109a,-0.3838503339108909
1663704e970e,0.8539316706460617
b6b0a9685879,-0.4462954313500312
89fdf6640548,1.290304281845271
e82f53dd3536,-0.8320186642992612
9e4419d21e55,-0.10649743549741117
b33ea3ddb001,-0.6866245698932645
e679f111bd1a,-0.45476787642839256
c9e49bdd6cfa,-0.2647673002693919
56eafb30b380,-0.6194024484960833
2312ad46b32f,-0.5895505025723109
7f7d5684d5b6,2.0866918847920664
27c468453b8e,1.4816042388544401
82a57346e048,-0.24726125601150192
c01a43751754,-0.8403426535857109
b96481bad70a,1.0729365834068214
3ce2a72c7bf3,-0.3354140375047349
0ea544a59ac0,-0.6093116848222313
5a7856178c15,-0.6634207100412155
fe62a17b3d5d,-0.7215825125840825
4ecd69ef72bc,0.6082513595927392
78acf59caa17,0.864476155174179
d4ed1f8a413f,-0.33519773644758455
67e7ede4e561,-0.2974429092070527
1cbea7b4f82c,-0.5587775166603928
b3445dd91522,-0.326174579508454
121689a0542e,-0.3924418782818268
a83070bb4591,2.7670360502906566
5cb1e6e4cda7,-0.6720926938870602
460897059709,0.9274498567474516
47f42a5211cf,-0.48653530677120793
44bc295ee526,-0.42420493417202276
dd00ca6f5000,-0.5422856760499176
fdfd565e8dfe,-0.5851067090960002
dbe1d47845a4,-0.4340775388146567
4fe4ea29fa8d,-0.39599306710315924
88e8af5b3290,-0.557778153896871
fbbc0147fb5c,-0.5476706528022469
6d906c1a1f27,2.470959000482439
372c99c74da4,1.2473358753632506
218824f7e413,0.7890596983397269
05ff5c14827b,-0.467887955675996
5ef39f4d4e23,-0.13397153153496136
74e741dad18a,-0.075519818656946
9bc92a34d464,-0.5450360439576089
58efdd0153b6,-0.7584817369148302
e04b77812daf,-0.6522134489912367
1d4d9bb9e7fb,-0.39707390797942016
20639654d471,-0.8061842893808896
bbc0a9f6132a,0.5001455510193127
a2826bdc8ed4,-0.2314970182431486
deaa6138fb4c,2.7786605019759976
61c6e9713e9c,0.9351141813109995
6539f2ba9bd6,-0.419655208420485
cefc46c94af3,-0.3713909772282747
c808bfe60240,-0.5172303551937697
6e3304c494e0,-0.5663501921487368
8ba891ef857c,1.1832951513812555
892f94bc9bc4,-0.37394565414929576
85429865bb19,-0.7259696816432659
92ce47f6b8fe,-0.5959586731646656
61decc15e9b6,-0.5322753044561943
90431c518113,2.4982580422367207
b177c25f3b19,-0.5138913285242882
6e8b5f5fe8c2,-1.304605622665032
e206fd5f461d,1.7197915271872437
f85e230fd1e5,-0.9014162497633927
ab129b345a09,-1.0911799466183074
27e69c53aa79,-0.10687313843465882
29f0256678bb,-0.9443496452506566
823b1e52693a,0.7540763409567213
db9ade4198b1,0.3390637153040569
2e4d1efe5557,0.959840773680205
726502ed2863,0.17574735321981816
d6c9db27b1c5,-0.6869900355351465
79ea978bdfef,1.0868949279191484
75042bc8f1a5,0.438769980547167
2791a78d7f3d,1.8409338937277582
b968157c2e2e,0.6504319842135549
011ff05b2008,-0.5009483662935075
8686fd206bad,-1.0369822349880755
c9519c934561,-1.1172370562162253
aa6795abc88c,-0.3036073361069662
26472c7ab178,0.8308126711372565
77693419de56,-0.8536328702024509
5a9b50d7cb8d,0.41594307089272053
99d26364d270,0.8761011352109479
fc31fb7bdef0,-1.24058487192218
0a85cb34e235,-0.3268412887026497
3f82decc3141,-0.3269392275479743
f3544075fe58,-0.30915800822931555
4a7ec9e98e92,-0.21605392441282975
d4435191ead4,-0.6949470865521975
9bdedec11409,-0.6943409694620882
34c38f0b8182,1.0396634194204188
01a0715d3b77,2.58056743917687
962fc1530ea4,0.8339342817546487
58b93bad8bac,-0.4822954016382346
baf95e8f4758,-0.6404625151308518
8c48e1d9f06c,-0.7631267186757958
c218b3b769cc,-0.49606387807503205
484f301de864,-0.4291897806540736
f203fd3a2ee0,-0.5406892130136322
88a8e619e771,-0.33058962724116203
0cde4bd1fd2b,-0.5855040125366288
48e93512b886,-0.5611002751412356
1562c72fc69a,1.1984017826697977
6d2068786170,2.6026349425188546
972fa07bde75,-0.49250764906909117
450837879571,-0.4703756640776954
fe124269924b,-0.5905420245699986
4de24ac1ee73,0.6955253991898969
69bdcd7aceb8,-0.23522146574362038
f2965f521297,-0.6509504362358491
cffdbc3b9d6e,2.7024561957262443
86c7b21294fd,-0.5508187058137838
c82b6f912a18,-0.27292520377754015
02d22653194d,0.7006271722638653
5f8483891590,-0.4497474244351687
c60d9f7f23ac,-0.6919181066380938
ef3d0dca320f,0.9275994658655697
6f33f5f1b549,-0.5496410348148074
6db3f78fcd8d,-0.30063055676232825
0cc1ed9eaaa9,-0.6288298996344875
dd599fce1bfc,-1.3078410399684954
037b2ad89cab,1.4480393698570666
3458f3b79d28,0.0959259130117806
4e641472febe,-0.0900077223671481
12fd99512fa7,-0.011677193205957387
d6110fe72d05,0.0909274545631277
c3cbb6ba55c4,-0.5207279177747974
401c8ae90bc8,0.5799474388411312
e9f6d02ce2f0,1.8304639247281642
930b7ecd61b2,-1.2452564143085092
1f405496c16c,-1.2082049841834923
e5b4e724b496,0.33841117080713
30bd3880d475,2.7841925479847323
19f22460c9de,0.7043339324029319
204a9b512cf0,-0.5751470861994702
4742bf9ef67f,-0.4250758663385765
b0de18a8bb5e,-0.30539733119372026
f17cea4c2a43,-0.36912517678154666
0261b4871ac4,0.7625332880763929
ef9ff7445003,-0.41422694522597897
a4207679abee,-0.6934709362216723
c0a6ea757154,-0.43692134361727464
308a87b90424,-0.6692579552318062
2b18f3afd572,-0.36243712765401087
4feaac76de4b,-0.8105536421058992
12eca4a1c3e7,1.054046923679757
857c76f13083,-0.4269068123145238
f5c738f99ac7,0.950617935677406
8ec26de05f0b,-0.721214657727913
2f1f495bd427,2.442817413069905
0bf538c0aa69,-0.5872122617699893
2acbe855ec4b,0.08881575889155134
b2f183b0667f,-0.06859126375433545
c8dd25b01660,-0.793037563281212
8d13759eeb74,-0.6008878859323226
8958e1db08ef,-0.5278939444324244
a647e4de865c,2.7687553498450828
c9860780ab9c,-0.3037601660618367
684180aaf7b8,-0.557070326758221
e67d5f589a73,-0.46013485500611795
2b7eea34d164,-0.5165883842382898
f626e4e22146,-0.5831742313478427
2641cd17f870,-0.4443137869368832
bf0d3c3da1a5,-0.5064909200072244
0c44a6ec6e04,0.7960040181500057
b5191a50ca28,-0.534904153082284
ea3b7e034125,0.751647880470688
75038f3cf104,-0.4099704250270773
d3f797ac03d9,0.17519233627093325
7b8e42039d34,-0.8249780710991139
42fd325ae5c6,-0.09640071380405571
47a6d98d1d9e,-0.745209916159028
1c429eaa0b86,-0.6249052971211503
d2aa2cc136a2,-0.27318989580522063
3bdb7cbfffbf,0.7404782298001296
a238a3cd1bf7,0.8741661834134965
aaaa71a59e4f,2.5184003763393203
6e0425f92de2,0.004983265304325142
1e6776ddac75,-0.8805237752762932
a9756fdc0c9c,-0.8680127218633427
875314a43e2e,-0.14455708687407307
7ab8059c4d50,-0.4566143759447061
92a2859ad4b0,-0.4681517706469586
9fc2a89eaa6a,-0.4997764314590814
1e72b3afecd2,-0.37040051099335136
38c20de32389,-0.2712893214114417
8d00cffa110f,0.6240475924325806
c1d19953973c,-0.8167087079798998
d180fccc1125,2.6748827645312296
67a820883ee4,-0.41320625673352773
82e76c78ee92,0.9831911660057338
2504bb1d3247,-0.8414170609265048
81be95cc993e,-0.6849568335408547
aacf2ae50498,1.116461938039961
97c9df2ee5b1,-0.9178234764881797
f3d18df42b77,1.8298058920669724
e0322f56d6d0,-0.8752633873803717
c78254f7c43d,0.2086655078022643
acac79a572e7,1.343558800919084
f516614d705a,-0.6905000073326877
61c92d8c764a,-0.9277580557279502
cb746f6e95cf,-0.5854467109290658
be30530aca28,-0.5199852166596425
dce70e1c48f6,0.7032415492304702
fdca4ed60853,-0.593425897046949
06776a110880,-0.36440235856819475
01404e531a82,1.1478645355872417
6c80e15347d4,-0.6332184767733977
1cb252763df8,0.82991002855792
f9d634df053d,-0.27994766815872973
d2df985b8a79,-0.43348638356953445
40bbfcb877d6,-0.6924399731077854
fe5ea3487d83,-0.5386951335699879
73f8ee957050,-0.5136321446351125
c42797f8078f,-0.4895977947463247
849047e85587,2.5610712660308543
72b79f3e1660,2.6764413696164624
c6153ee45935,-0.11974955704689694
5f5e718cf725,-0.8755137400997138
215897614c51,-0.0921862293668973
3d6d460ffb08,-0.7788090754326629
4a652a296308,-0.11581810960942666
511f6c4fbdce,-0.1800355311801864
18d8cb780b3c,-0.7022661577028424
770c0ae3b65d,1.0908800504589633
b1ed5e402ede,-0.01616276432479288
1d3b81018d29,-0.8349434631843414
910db7af0fac,-0.05183679212766523
e4851b2d3436,-0.2590131963237173
560f079b08de,-0.04644065962803091
7f21a9c08b48,3.074816066474654
86d2f800748e,-0.23203319354701066
6290c458450f,-0.16900286963470562
c06cc5472dbb,-0.687038541199787
cdf9f5abc5f0,-0.24327380375665963
4f2d75f30a7b,-0.12003237664792146
2f7cf5c5730f,-0.3487245434210444
237f07062495,-0.3120920898000144
be330175ebfd,0.1082150652591953
99ae6067eb78,-0.7653798577749574
67cd1ce17f7f,-0.4587242920673995
d3adc1a962a9,-0.5398179693208494
f92eff654b08,-0.5588249878561821
d29692536dff,-0.4313689969423954
8f03dfd7098f,0.9533665012407481
8e3cef6524a5,-0.4949486950509901
c717c9d9bf87,-0.4510177954110345
faee05ebebc0,-0.3322680538191475
d27d4fa8649f,-0.5050180961219236
80aae4498cca,2.792308285338964
dc561eb87449,0.494723829574926
e616ce555c4e,-0.46840972956471516
cbc24ae0a358,-0.530779479102717
8fa0be5b6cb9,-0.5501755520030341
80b20837dd7f,-0.5296249761566112
ebbc01bb4c9f,0.907867796940843
e7d95293a81c,-0.5920893143731196
67c7c38cf185,-0.5828722020932621
a7e88f255d69,-0.36979589742043756
99856028dc44,2.598439987015921
514e6c750976,-0.5187202954849285
0a4f327fe9bd,-0.317174340806002
eefdd7ca1f69,-0.5451005003519463
9ffc6728cf18,1.0300247738352943
0d793aaee0f5,-0.3408929298087368
c0fa8f913c0f,0.8373806737957974
c5053a316e53,-0.5519116227512761
7c620f0f6310,-0.5028523872072902
459adb40dda0,-0.7128202339601057
08cf9fe384be,-0.4458486153218053
f4d19649a4b7,-0.3348416698443221
e0f15d66a286,-0.46498399212952074
46afd51f48d2,-0.5343175398320826
956fa3109718,-0.595974270661241
d30b9fd45faf,1.0231877823588584
173721e9da95,2.6238748053617247
29ae34655612,1.8164650867236296
a3277589d342,0.31366584717356755
32ea2f8c2cef,-0.3691056386701265
5cbd99ad6853,-1.9232639441689263
dde8a2a3eabf,0.05602151590493381
d82ae5c42990,-0.6355485258964834
850b1b2e8d93,-0.5837114896349137
11d96e5cbf44,1.0096644897686033
c2f49880af76,0.7947377067789944
2b29019e61dd,-0.7552974714910454
1004be204480,-0.29407366434855103
1193d37b2961,0.5704460878603177
baadb393f34d,-0.08128146256561922
b7bdcea76e48,-0.4606408255348771
d0895ea74563,-0.87498834739902
488c9e30fb2e,-0.5210059446588118
9d73cc08f10a,-0.24675724907778895
629a718301ba,0.6952431182910886
1d171c62fd61,-0.23285082803374707
fb3d3072d455,-0.1784366224883147
da45b77dd767,-0.3441466025530694
dbea6d75cfaa,-0.15921029052754399
d33c418967cb,-0.5380431955003304
013a34e7f6bf,2.9421182500480336
ab8f096ed0ee,-0.26960790525656936
6fd1583e3195,0.2658335743938662
b5e1ecdc3e5c,-0.1951383390930833
d90c0b3f59ea,-0.056318811148612105
aab4c98a5cbf,-0.16615755130239981
d3051d80be23,-0.7584192139449181
a64d48c1df0e,1.901765855711674
6fb2c76dde97,-0.8915637139363352
75faaad927fd,-0.08975674641664144
dad2db468157,-0.8382776770403695
16a9f546cb34,-0.9240839076154691
b1d254b37058,2.0217244356488577
6169b6dd5f67,-0.46628622640509193
57620efa5f98,-0.5007039239534413
e8200cba347e,2.6110055428395174
826f68021426,-0.5096464758204893
be9bb67dea84,-0.42936577062145653
a27453197fc6,-0.3895232277474893
08484b177d1b,1.157771521751478
b09ef05467df,-0.6501856619981047
250f8d94c09a,-0.44323202274544926
3d46b5a5ddcc,-0.497970690860354
0a1ba1bae492,-0.6098733992695519
8c137bc1c8b4,0.7280103348304331
d731fed5c72c,-0.50399843205694
aa8ad6d4ae85,0.05286585339049124
481e0ffdb506,0.5644930967181186
bf27959c4afd,0.12305661499783377
33b7bbd427ba,-0.5109199788069433
c2026484b412,-0.49652259715755254
7d6eb530705d,-0.6923324920224603
0f8fbb24851f,-0.3851294517112442
01c545a46a53,-0.3069093265380085
28552693bd96,0.8642305483221471
b136121a1b0a,-1.2388694618610467
b8bc882d7acc,2.5300356267256046
91afb8233e7f,-0.6155250473955641
dd3884a79ebf,-0.5212799002952078
7d6a198523e9,0.6645567658656396
407347f6b25c,2.6769006517303118
eaed0df081f8,-0.2693324356776254
5c97a1ffe06c,0.9755790113010955
b9e41847b95d,-0.46615769409721053
6a1b073a778e,-0.5508006596207072
934e3d965580,-0.7908728862668202
2f5f6b78f724,-0.4837293401108942
d030758fb728,-0.5278002097862994
6f572fbbe935,-0.09153825564671828
6347f70806ef,-0.007976118124633438
9a233454952e,-0.41665179727711327
9da872ff8216,0.9112288204158888
8b30037ba4f4,-0.8975325439350401
a14101bd4395,0.046740150044359274
80c0a8b305cd,-0.7093161146479239
ce2cf32fc45b,-0.058291420993104096
bf666e54b8d4,-0.1924555564010994
650d61844080,-0.6325477842498444
7c5e5a66f4ea,-0.7777830575803995
c6dca4c9a76c,-0.026849632961514085
5f1233c7f6b9,2.7614350557104244
1c304aa9d6be,-0.42075103011175485
82a9eb4b7ffe,-0.6798069712588289
a0fc8e5a6d8e,2.4553244713807416
d1bac786cb9e,0.8898254219283156
8654de2f53a4,-0.3963942101447279
70837673d661,-0.5860507038320015
3e3cfea75211,-0.5129642015387934
b8a518091aa2,1.2893871647060537
01aeb616ecdd,-0.5037647575732207
5f9d99e8bc6b,-0.7229252260494003
e2fde148f7a2,-0.36571826807702507
86c181ec81ba,-0.44616168942935813
7928dd9e4275,0.7941719521181537
b95eb0382de7,-0.6169196650023067
92e66b007cc6,-0.10003153289423068
c75f2692b462,-0.3538167057144151
fe5cd112cf2a,2.944507795858658
62b2dfad0985,-0.264394005788899
2c036e3c36df,-0.3684614076245192
b9114d89628e,-0.5798250837016081
21bac215f33c,-0.42745224179133046
4f280e46781c,-0.14623013095182755
b5f8091512ef,-0.49169629510756707
f9257071f032,-0.38985267940010765
2c9015184e62,-0.7584814990542169
2a24523c6ad4,-0.6313322589829493
0ce3c898dc80,1.3776112760783674
36acff8ee157,-0.5520122360494539
15d5a95c5c6b,1.683607181769109
57395c5c0638,-0.6204935924575633
864731322c94,0.577854521635761
b8e769fc4ff2,1.5508745074946455
2ded2ddaf7a1,-0.687150646957586
79d8f8cb4e01,-0.6966126593252326
dff9e4377345,-0.5821842451606425
c670645f72c8,-0.6616803489902388
9f62a7c188b4,-0.6532836642873019
c2a7898feac6,-0.43707719367746567
e8706c01ff8a,-0.08714867843650993
db6ddced21de,-0.2346234009978263
166869b158a6,2.823475010532143
f1cb7ece82cc,-0.39005613064355593
2890763731c1,-0.7104615873549888
5109990740b0,0.5657055291381514
6a40427595df,-0.41389244728711216
69f8c0bb6dba,-0.6116123465721822
05f731a43fb1,-0.5540301965270487
307e36973d13,0.7030051061136982
1aa9cc3fb431,1.5231921833534745
aad1f8d8774c,-0.5611523666556668
38b49bf4d6dd,-0.0026245651454498975
f57a74119557,-1.3416682067037824
c1a2fd937313,1.6373028522913402
bef522433573,-0.20421817009883564
8833009db9f8,-1.378326536417883
914905fd8a9c,-0.655402492252382
6116e2853fd9,-0.22797588411993014
0f13f9180364,0.2683008926050745
b28298cbc57a,-0.18250230550151092
d94eced1d421,1.1250745986455526
5f55c67d93b2,-0.718604976639655
6a1112f81541,-0.6568610793284956
25a1dea60c21,1.1040488450912092
33450426d897,-0.6074505793944648
2a193367bce6,2.325025307975525
ee0aeefda0db,0.21767283807863147
529aef70e525,1.1694878536693567
cf77a2159c3b,-0.5107651227072203
0176e31cbd2d,-0.679929165492039
17a573228c63,-0.6107346915009381
e84c258228e1,-0.48521891343698753
80bb502b80e6,-0.5466703163149225
7008853c7857,-0.5727000461153186
3084bee204d7,1.1207313047212522
5ea0509f77dc,1.118353299609735
30a159171030,-0.6035779943949641
20ef1377308f,-0.5474178561481199
259cd5a9f210,-0.47186369915141824
54aa24f1ed52,-0.3908047216859537
562d2d53838d,-0.6193292153464837
8a303dd3c8f3,-0.44481547218237183
23666dd1af10,-0.7049856363572032
7e104d63ceee,-0.31961598599220364
9128ea1afba0,2.4360260230430497
38d591935568,-0.6735303854731428
886f72fdecb1,-0.6740719643116894
2fc3b6d8f6cd,-0.4125276852265201
23870ad9d8b3,-0.4490280151251119
a14a463e896a,-0.5821130771097917
8dbd0eee4960,-0.566948015940232
1a877d5b3e9b,-0.46153538282238216
48ea50e6e5a1,2.284528118813366
32fed8b242db,-0.4188678835932645
ce6de1a22682,-0.4603566134336443
24c6d09cc4a0,0.8094096948289293
930515b3878a,1.6050412093934836
6b316d36eff7,-0.6983110816784098
5c974c26a4cd,-0.857289305646308
5a33247ede38,-0.6557571816186816
c5d5cf517ec7,-0.6240630807146765
156e8026d98a,0.5209046948470542
564b5060a1c3,-0.6417443687222094
86aad8e9fe22,-0.06861521845229791
75ed54ec3ba3,1.3440667521028722
2c74115a2529,-0.6491560795221951
7eff2c2c9188,2.1382880724318305
28b3f67cd162,0.9459869632987943
2d115697cc35,-0.7543101663257723
fc299dfea28d,-0.18032696950345495
45d4d7e06c25,-0.8681455152699062
d36c6e02ebec,-0.8479507398569364
8ff6f44fa284,0.0732430231208175
71471af179f3,-0.26428779495232335
57f216559e43,-0.2345030948737577
92045741c6f1,-0.22194288886603367
7d89cb80e1bd,-0.18169534728295678
ff17a914c368,2.636565117668283
6d5934a1f378,-0.854785939287248
5ac87c9532e0,-0.281630247772932
3a85ffc0ebdc,1.2254603968764488
d472c54f826b,-0.3879551793379167
8e992f49fcfe,-0.5350438442078252
93634d215ae8,0.0009132142917477868
efaf1b6e4192,-0.47466782230787447
82291083a2ef,-0.5722211226080667
a2cb430d47b6,0.8267037940510376
e0997df582d7,-0.5691993652813052
4a08751e8973,-0.45196635097225324
21bd718be9f2,-0.5772807980610415
ecc2872256aa,0.8149837821034187
3738ee2f6cc5,-0.761030362707256
dbd61dace6a4,2.6867640550373357
e805e2326ba8,-0.3593617039358448
47f01eb76ffc,-0.4340219970917909
8398ce1c4c7b,1.265743691220151
eddc281a62eb,0.37428894285797143
cfcc3fa6b3af,0.13240051286406004
0b9ff36c07b6,-0.6227293866877599
8d28442ea204,-0.7508132272059743
0c2ee5f9c02e,-0.6247356311057073
ee48112a2782,-1.58799110139402
94e70cd57f6b,-0.019473204079079973
951dcad1b500,1.7038326614537704
1612f585a358,0.922860443104224
81c4f3a726ce,-0.4360998533951624
e63b62aede86,0.997693423412372
c8c2418619b8,-0.4934053364874239
e1a5b9e69c37,-0.5814501565765564
f825fd4743c3,2.625430879606143
cecdcfdc9c0c,-0.5135406912429802
b8d54281d10e,-0.462213569718171
f5e1d962d6ef,-0.4827890814248149
044c2ef03b1e,-0.4431980941926285
ca7de4985a94,-0.5401906323116588
226f5d79dd2b,0.898924620945632
e188b6a3b7c3,-0.5691615086147509
7ca250e06a54,-0.4079028269651978
ebb8a1e9083f,-0.643927661393993
2ee6b48434a2,-0.48022512914343224
60273d595ca8,2.6003803950160966
fdaa47ed1ed5,-0.5550867750007016
0fcada54c974,-0.5596482926799928
d3286ffcdab6,0.7136639840344865
c5b5248a6087,-0.49400667656645847
8b443be7c39f,-0.7186226841885689
2850dc5a0dc9,-0.2754562093827132
025ca538fa7b,-0.32850010281021386
3b7fcd42a92f,1.149331979080689
cc90bfc812a0,-0.23498455182493322
d7ff98bd2ae2,3.1364549348736546
4f3933e90293,-0.35663740473807226
88541454c48d,-0.5237077219505707
832cbec3472c,-0.41621675387004675
1bf33603141d,-0.4605810024408034
654a01c7252e,-0.22969110697862682
73cf0060b37c,-0.32674244268335506
c1c26be3d826,0.07242306408238848
b7206e7f4340,-0.21023368566038977
f909dc5c7432,-0.19527556797597886
1f0894791f22,-0.2548077608332664
cab7d0ca42f2,-0.39326485709181186
4fd56b60422e,-0.7097651261953719
92260b804ded,-0.29641154869354686
44adb1df796e,-0.4318615560769894
157eeb770a27,1.1367409028013191
aa4eadde240d,-0.7438326986246964
6cbe46ba7df4,-0.6671217332506072
f20b1ad1e09e,2.42679550485565
9cb613d0bcce,-0.4269467221580305
e5d4a6d75369,-0.2600314332417926
2a0306b425cd,-0.697049202893452
daa549c0ba05,1.0627484705693298
49530ed0e8f2,1.789805231766188
db7b2ef63f1d,-1.1802182388885665
0188234ee0d4,-1.0043941791130395
f7d054ed65d6,-0.9170406611357609
fe36c8b917d1,0.333101398524732
be2b34e025c8,1.5697718186712044
7539f58bad0a,-0.7753122146282252
d1bc7ee47bb7,-0.16426398669295017
b772bd5c95a5,0.29339540194527414
fac8153edea5,0.43726799028237223
24b8716c52d1,-0.872450841935758
5167ad1968b6,0.4903382812045293
d0caac02ce30,-0.5004521589747267
fc82a086c321,-0.7510709309668537
4ed9f703334a,-0.4561471916704133
e33abfde6ba1,1.8849785374826846
c790a605a220,-0.642310354108222
eedf0e7951ee,-0.39896345852380927
77fff09266c1,1.3458117131208327
3a1a8ce4be9a,-0.776209385241682
c97f36a474c4,1.6690602077851286
4e1e496e68db,-0.5541930361570826
5d74af3a25e3,-0.45096846572599236
0902aaae1248,-0.3695354770198639
828950cddad7,-0.6372450401913297
e220210810cc,-0.6680050581602847
ba927ae69233,-0.7177447373973059
a0fb54ac5860,-0.2569882062700921
808db88009f8,1.0645623569317495
23215081b435,2.524715161134538
28858e8f2b04,0.534633523010546
8a5ba94ea9c5,-0.5736250061252883
acf376c94a4c,-0.7622748218807375
231716f34ebf,0.4721649914065785
e4e07de090e7,-0.6543066515124807
74b251ea2c02,-0.3258865109458932
d654f27c3175,1.0737709958004915
ea24bff10835,-0.39401034271032925
c68923007bbb,-0.48444608051989374
040e311f4e15,-0.6865966875042562
28b3a2360b44,-0.4256729039358286
b433d118b2da,-0.6761198567706538
4c00bc03a340,-0.6663718864472005
7bcb269e6995,2.437758504614956
9b8355b20670,1.1472681604592208
a7a9b8440081,-0.6194793114151373
77eb831a98d0,-0.35907039966044674
5658256ee51c,-0.34703019191092255
bd18641728e2,-0.6068091868177311
fb76a9a91b01,-0.5744189770152994
0307f5e8164f,2.5370081368344226
e80ea0d9423a,-0.5213626190758804
eb0d935f13dc,0.9511848812085756
e3d65dbbdfa2,-0.5194408278662611
044436ae34c5,1.115195292170279
5a293b9a5678,-0.5150831337959901
d8c8c942af38,-0.5815695790482325
f7317c50b431,-0.4820626877274056
3767efa1740b,-0.3768074504081239
5a83e600ce4d,-0.42583384845835265
67bea39d58a0,-0.24674931416390503
713f729215bf,-0.45384686057244333
5246490d9df5,1.3779501837121912
48b7e8668965,-0.44606648112325176
7c1d957ad8ee,-0.42881479062634253
48330a38e02a,-0.17278512405075075
f3ec5c037e20,-0.47060262886212423
86e1e4289fd8,-0.47416109889953917
a5e51dc369e8,-0.4141795781136113
67d9fe7a1e18,-0.5100913281985247
57577cffed0c,2.7034448716262287
a3af6f79b0ee,-0.46409785072792725
e30d4ac66639,-0.5433524235463523
7868efb6b0e6,-0.4441088925709167
e468e8ff68d9,-0.5975375167789934
b21771928c9e,-0.5720479128841499
ee7ebc83a4ff,-0.30463942484511075
69d02505d9e3,-0.5785575874773309
a36dd251a353,-0.6673439744153744
e60a4a8fde24,-0.3471347666447598
5392305c03ea,1.1620027062086022
c83c7c384091,0.9527939366846403
8e8105cdbe17,-0.5594366662137699
887acf9f2cda,2.4993625224835156
afb07af388d6,-0.49908369480454157
ac10b0af96d2,1.0408480511425884
84ebd844d8ba,2.394095422433413
c11c7300c527,-0.5310387402214577
057e881ae1ff,-0.5039317356142177
7c1c5b970fc9,-0.4767535716938147
eac94a2ae266,-0.39891978885684154
938e638ff258,-0.561332547625202
cf4a3f19f8b1,-0.5401390228992863
a61b139a97dd,-0.6093557345427231
e276e85b7266,1.2907536032848386
de802ca1a799,-0.6051422406027549
265fc94abfa3,-0.5016224952290192
62f98745e0f9,-0.17905526922411605
f6bd11028ff2,0.1648766261382929
270f5d36a2f5,-0.9931654856729535
7e55e2b4eaaf,-0.7053618207519552
97c9988d774a,0.6103267426547943
99d22c7f7770,0.5296943167474855
b643665046e9,0.15385754585673453
2d7d81843a0f,0.553488399226652
57a3291d1ecc,-0.9602142494230268
62bba6fe96fc,-1.1187153326717025
c83e9db33908,2.445891022348815
a1825c6169b9,-0.699393251310886
c677d4183c00,-0.46927523259007586
a000e62888b7,2.4579425252323372
f6cc8daf5b5a,1.255259992900376
6108fd3a2be6,-0.32675627143860153
460f867207db,-0.2727611935647092
c217a30ad57d,-0.702255204778268
8041d57c31ca,-0.31923678229262675
c03071758ba1,-0.6995404874516788
c7e200415dab,0.8662580280308638
a2dc136e5196,-0.6943735147820156
29bc3433f657,-0.3958686079547148
e8f73a7516b9,-0.28904536098743916
73da7a6ec50e,-0.6737680550006494
83754866decc,-0.5090684271028011
cafcc69c2da0,-0.5839420425223318
15330e7a4ae6,0.7714594918542315
10c44c3825a4,-0.41620044175789783
ff820a018004,-0.6651874764123069
e7087d8c85fa,-0.3453557873051729
8bd155fa9091,-0.5965909461224735
a61023593197,-0.3319495384476082
21b485684a4a,0.975344033610584
503469e44dbf,2.6643045501938656
f5cf9302f4de,-0.41927639039271125
5df1c7581d9e,-0.35055073652582486
2d1efc169701,-0.43200801189820415
295626258b8a,0.44714354383751814
3afb24100e49,-0.4172845153182185
e00e230d4f0d,-0.5610246491376563
b59fd10c14ff,0.5709554066997214
ffaecd450daf,-0.6256407354156539
beff1c2e6b1f,-0.5152305573588661
82b45754309a,-0.39363064486421323
db9a689e377e,2.9360144967857296
1b6df125eebf,-0.2394672064116209
ac8e0cc4b48c,1.4531862787970122
5f611991e5f7,0.01083123213178494
ad03422b2a76,-0.9158535832274813
e2bbdf55967e,1.6343873258262425
532c3441e355,-0.7339139233432254
1a6419ac5b34,-1.3932573871305542
66330fcfd769,0.6256976868135746
1be34dfcdae9,0.7762557535284392
d47196d799f9,-0.8731448655051397
61f25e398d66,0.16011421751102392
e3e2463a658c,-1.0062505859627788
e33dd4b7a7f3,0.26194785056110226
ea237a2b5b81,-0.4009264141060881
77ecd741b36d,-0.5036994453626311
8936b97053e9,-0.5193339896841336
270f81d37bf9,-0.49625305398411684
f5d600850aa1,1.092246323439169
d9c0fbf6d037,-0.5514976841400961
1efeb95ad3b3,-0.4457832287812484
50b62528226d,0.9176089813765891
c82961fc3842,2.5666167857980535
31e92a5cee83,-0.4473507575479893
bc5ced0ae0b9,-0.5675322800906469
1251fe1f14c7,-0.6440952369168612
bd9f6b5b8be6,-0.46670863093634696
fa42eaf1c9a6,-0.5496928642568069
cb9480cd5298,-0.5832273915698986
1fd5b9533ff4,-0.4984823205551977
2c37b9592f6b,0.7629620301587735
e9045c7c0b96,2.6359392391845384
ce4fe761ce17,-0.5327811911485267
e79c3e8eb4ab,-0.3986737862665769
2026683a45c1,-0.5690246670166782
26a06df7a4c7,-0.5145043579106211
5f4371d19152,1.0867785511336416
de4ab6840e15,-0.3725846108163
dd3cf1e8ed12,-0.5227573548201101
9fb9fa75eec4,-0.5953085648478864
85f6fc42e0b6,-0.5986751818630769
c0c62c617711,-0.6006470700489596
cc1b29624c54,-0.33852217307567867
900d1b2d8185,-0.5177701914471659
9f8c34235526,2.676733002999113
3d1f056329f0,-0.1061018118434022
02f1fe6c5670,-0.3852096585024906
ffc6cde7b605,-0.6957518875568882
849e28f1b770,0.7238504905841199
7d78234aa02e,0.9601604004224261
75f63200501a,-0.3878618503057998
4c32466d53f4,-0.7057459251045528
c2259bd1f211,-0.4339187512609773
0dd0cdfbdb6b,1.1351795371087356
ad3387c0deb1,1.234333945329717
19120fca3f52,-0.5788758097585783
9db58875a4d6,-0.4443955872244173
b58db7bfe9d3,-0.5599184442492968
65c5e21c6276,-0.6866454561998814
9c8addc420d2,2.3614233401572253
b8d3fae87a63,-0.45210081506744415
57faea3cfff7,-0.4814741834247299
7a899d0165d0,-0.385147778968091
75472b60c616,-0.44962324374218027
a8d4975e8f24,-0.4536757182361204
36b3a821f5ca,0.9167257925006944
3fff88e7c6ba,-0.7742785613849816
dd82764a8d8f,-0.47163577818664215
af7f5138b1b8,-0.3906465196459814
2c3c83bdfd9a,-0.5012594161822177
00947b1ecc66,0.9427135066809018
bfb37774a91d,2.626419327878125
40a623d28fd3,-0.6157707549212266
eef97190f2e3,-0.44382085579228026
30f3081d5d9e,0.04771373458522501
03e8efab8abe,-0.0852193061225053
9f8b41fac410,-1.0113995130140456
db95706a4c52,1.1891823922402163
610c71499f21,-0.16391129135080168
7cab08d262d6,-0.005793259005889518
606b155f723a,-0.753818910367809
8fee7563e753,-0.2996634443212824
accc9fcbb0e3,-0.9335826631018082
178df54168c3,-0.34293816123271187
fc16854f9a5f,2.607412694590881
066958038e5f,-0.2479822728994683
772acab541a0,-0.6827286818961114
8761eefe87ae,0.8829399476587112
90f364bb21b8,-0.5054333161798881
136d9435d37f,2.5683009276774253
0b9f4d3f5817,-0.5663861960085468
f3c1e036e5e0,0.23733578559382504
a6d8f83212d6,0.9001864906307699
741fe335cda6,-0.3691429358070111
69eb63402e01,-0.5769957988625412
8e35fb905121,-0.7035400252202245
b21c1e42d22c,-0.7048702668928728
5e130a082092,-0.4796659306935365
2a4d1cbf9f49,-0.8398355337541918
30b8cb35431d,-0.5794129858121044
d68a63330154,-0.5286424398876425
223439c41ea9,0.8933600292157385
492ebcdf7c73,-0.45315836589712133
70f3a6790acc,2.0274496464973635
60072433370f,-0.597814458241053
b55d944d56dd,-0.5691629537298707
09e2df295e20,-0.42650898120133524
2376a57d24dc,0.04753054935302835
caa3edfdf985,-0.7400461756566559
14411a753fc1,1.7662416691138445
84fcc6a848bd,-0.5027619324087264
b6985f567953,-0.5651235349434947
c4926b61b4f1,-0.4192433790719506
2f134c9ea7dd,-0.5893607447833998
2ebc8454ca47,-0.3415557309108243
19813260707e,-0.3762170261322711
a5a97a675d62,-0.443520516806454
98438dab8720,1.2158227111764226
6ffd6473cc97,0.8355854548417831
2e66a700ea77,-0.6242927013443623
d2e6a9f9f79e,-0.7108513976633064
2f0b1838c870,2.5215187980465843
0e9ff7ed6bca,-0.44837906017672535
b9fed0bc306d,-0.5814604882548897
ce28074f4a19,-0.36827489898918175
9bd70df92ef3,-0.4336630950248065
381be6550b0c,-0.5971491966890241
4bc2242784e8,-0.5138884177241179
f0257dd92d81,2.4490367423396426
57a0d7823831,-0.5257771188192295
e6f1c3a487d5,1.2935604972250003
d7dc924d182a,-0.5503359895891695
008fd57bac43,-0.6381744287158172
41e08d68c304,0.9145054544183184
87879a6d3e14,-0.39095322226697116
ac6c2a0872f4,-0.6686074898579057
15eb8741609e,-0.392753921674147
cb682caf50ea,-0.6719489151079261
1dd2067b1aff,-0.5789008579968811
849ba7c38a68,-0.4393203798800307
4b1d71d88df3,-0.6529828938425537
c68926274bf9,1.5660694031375093
978a0b473125,1.2708124046880567
ec0c1295a01b,2.020580334024115
1e34397e3671,-0.31573838206342797
4f7476697084,-0.7462560791598375
d6dd43ac88e1,-0.5399276532536113
c5f3559a2a6f,-0.5936390827008534
5d6bbeef88ea,0.8894953990207383
644663cc53b3,-0.5519475156073363
5467f696dcb4,-0.4606753427266697
1e011c1ac657,-0.35144409971013935
5a8a07a4678a,0.9222126628885008
68b89acf703f,-0.4499545796926008
1aec6bc4fa22,2.64637429582167
f23085ecf020,-0.6936588965821201
069fe0a1703c,-0.5386242083125544
05c422c1be4d,-0.27821097914502396
aa9aad66fe1a,-0.314703034246288
75ce136ed92f,-0.5832038760032179
110b95510718,-0.6866035701099319
0e0057afec01,-0.5102798300223967
516e27bad269,-0.49787722114494226
3d1e4c1ceedd,-0.37461363664453373
72a3da231fe0,-0.4177121174904197
464299f18d7d,-0.7247273498967368
0dab6a96e1ad,-0.5339428186695453
da853bb8814d,2.4505818431622655
e972a156cfa1,0.9920966471758756
6fa2ef33cdd5,1.2009849638898706
8a41aecc24ad,-0.3196929311622745
fa541da5e757,2.52728326378543
2d1625a423d4,-0.6246606277035991
48afdd87be26,-0.5540035059440341
9d6fd26c27bb,-0.4148090949955534
ac93930923f9,-0.6885046777639614
0708a35c10a7,-0.580860443374477
9c93c01cd2ff,-0.42762907029885666
f32028dc7ea7,1.1605492200563674
9bb39161651c,-0.5465948245866304
3d1dbb856cad,-0.42806923979247946
9ea10fb43141,0.8969919317800686
103714c5e1f3,0.3610836410472562
3ebcc5de3d00,1.8658941104331832
b5d88b170e4f,-1.5970802842409393
40de214c5b38,-0.35662029436103604
e680c6b94d73,0.25813479453191535
2f9bd7f03e39,0.7865475922378435
082cb57d5362,-1.1962985192096853
2f8712551a32,-0.2732096243239789
7e222e073f2a,-1.2320410916709048
760f536138ba,0.500538884128142
f6f5a8843d5a,0.547931422305268
fe8f6177ee1a,0.335119369122936
9c2f21ff4511,-0.12566086849350022
f5057d5374b6,-0.0017690926922059045
0c94e601ad9d,-0.5511530295892104
4ec72e599ccc,-0.5017988883383503
1cb72bf2041a,0.007515764115940958
079d76feadb4,-0.6811114208208989
4bbfc80e631e,-0.576130454389857
4c5be0390949,-0.10414895006831051
0e175840884c,1.169185094069731
6b528b987718,-0.8908550471928492
bdd04576cc25,-0.4341523294526072
5c55fb71bc28,2.690079222852118
70b8101430bd,0.1752093941020519
6a8339a8d06c,-0.5283937634396512
86c40fedbc3d,2.761080370334522
dd5f4e2babfe,0.23519904407746892
7461e5076a10,-0.4311246075321447
f36a7bcd8faf,-0.4452511513067792
2023c6e08b1a,-0.6320190890760062
7a0d1f9b934a,1.0113935004807293
9c2ab1d5a483,-0.6521734193876347
3f1c39c58ae6,-0.5061637699884116
054edbf0aca3,-0.44437293327131105
ad7dd2071e24,-0.543383574992833
cbfb4b7752eb,-0.7623419436226323
c8cb0cebd1d5,0.3367083819699578
6d32f0045b44,0.17431372544429036
06577c206734,0.33125536504070685
45488ed41484,0.4006011087810882
fc5121fe7700,-1.1328869431191673
76268127534e,-0.5656026765021789
070f540fb04a,-0.9947746735955713
b08b586b92d7,-0.9112330874745385
d4fbf66ff997,2.5152092450064067
e033367a0683,0.28971616781641407
17e976370752,0.3190353302552247
b9a3f9e0b734,0.05438103397025273
ea57836c32b6,-0.4337230276499271
6f86aff8855a,-0.5108298789694317
65c0be4ed8c9,2.7183240686233368
cc1269f5b3db,-0.4295288342579071
4f01d4302260,-0.47584865242508045
7e6a988d91a8,0.6833568013764785
e53f8e8abc3c,-0.5545967705292103
678426a538dc,-0.22834562753846505
b856ca04f9fa,-0.5705167250656373
3191bc03119e,-1.0000512491406481
b2d56674bc78,0.7473788616062391
52b9b375a677,1.9243949426598383
544d90372837,-1.1025171851540017
9907965c1c0c,-0.8059707072946738
dec0b6141413,-0.42564134427993316
655a08d7466a,0.33338277527465393
966fc36b0396,-0.17234746719956612
1cb6f024dd67,1.0626548306161339
aeabdd4249e8,-0.7992947266535758
ce99797124cb,1.2892128889229273
00859f579fa5,0.33617515337262677
8bc9bf2aa546,-0.9912186177195134
2277a8d4086f,-0.6488305425449169
774ff5ad5186,-0.42080078644672614
3779bdf527c0,0.8080669923062116
775a304aa3a7,-0.4518967016234209
d1aa12b60384,-0.3492366165084489
8b73005c3708,-0.389236058657262
820eb5d04d46,-0.06884187557814939
0d42e3181909,-0.7836437336686358
4005db055c77,-0.4722449613167158
11bd5b3ef62b,-0.7176074026536815
1acc531227f8,-0.5766144588708713
aa34ec3c2b7a,0.6758375863936584
89c1e102cff3,2.746218016624041
720b2861329a,-0.5886981677149139
f65f6186fbd8,-0.558679861403832
1d747c12f870,0.937954875588495
9a82782a46a8,-0.5047102339184091
bb799f4351cc,-0.574013226737672
8228653a0272,-0.6176437880445034
ac274fa040ac,1.1429305155850273
006bcb3e2526,-0.4450297136856007
2e87be001066,2.518490136787073
1b214a6e8ffd,-0.3986564016741282
a726c552801b,-0.2725236542103309
911d390eefcf,-0.6394204805712056
bd3d69b585cf,-0.8091238976089619
ccd25e39e968,-0.7961101892023794
0319fc7734ae,-0.780147018470407
7f4d63c70227,2.4162332297377156
2b60934236d0,-0.5132378095480253
fdce29d65c7e,-0.7928205860786042
57ad9b41920b,1.1414205842064973
01b37b8edc2e,0.5208347904416253
c801f4ca092a,-0.18287008585467632
f339474b9f1a,-0.28631066990933124
82ae0830441b,-0.48561974098868205
c642b7335db1,0.5677513932752292
3adccbbe917d,-0.2579459795843132
513fc2781732,-0.6406879495579143
885f66e41a8e,-0.20629589382143848
dbd1d87bdcdd,-0.5576913310206939
f8cb02e3affe,-0.6328174214398031
566ba8692a9f,-0.6159653067362375
e74ff1809509,0.8958192267658124
b8ea0bbf78a6,-0.47559022279646884
8d0319dc3401,-0.5788390909347957
47b5ccbd6739,1.1210434701403946
547f6e0d0315,-0.5843500185036163
504ac6ada213,2.5333205174890745
ee2da4acdd79,-0.15910050955677524
5b188fa78a0d,-0.12315708807742697
ee8bafd75a29,-0.5349113082258464
e224aef8f233,-0.8682907319087916
ef95bb47e9aa,-0.031994861561298826
e7d53284311a,-0.7432009648693433
e125f12070bb,2.5493991881384823
0c7b8c615604,-0.34097313042104976
84a62443a038,0.06873523753651307
23c400a5f3c7,-0.5198307464876183
63d862fce159,-0.6883801269200662
457cf125ea91,1.3917050423532213
f2f2fc175280,-1.1459512230122213
629cace9863f,-0.3057033427139321
499794c4385d,-0.15340089812133803
912633fe33cd,-0.11462883624878266
6e0189561df4,-0.5878688233544244
e50533793f75,-0.9330772791775408
cea72dae389c,-0.11555266293544869
a09771d36673,1.4988669785245086
f1849659fa28,0.3724282032548435
ce3b17706d62,0.7168553282393239
d9cc1214e9f0,1.9700724817938386
f308d59648fb,-1.2020399262488262
5345b4deed7f,-0.6312017413355264
f381bf597e04,1.6200894247467306
002879674df0,-0.5533237039956489
6b6a64d9bcdc,2.011440099340092
a40ed3831e35,-0.5382101003399095
a5d9ff516c7b,1.260080653417754
81abc1721a52,-0.563890899993625
882ec2a2ceaa,-0.6057632906485071
d2ee50c592a4,-0.5192589389276691
d870d234b373,-0.5103797435624118
512d2fe040d2,-0.5135208589442805
a47af1d1c48d,-0.4560608997569991
e34b0a8cec22,1.0004881079303112
601b2f8a4a9a,1.62942366932272
0e72a300cfdf,-0.8324740728013021
77a192272468,-0.7484320417943455
2675e85ae636,-0.8541989460892401
289c562ad2bf,-0.7859687767358162
94d89ca7a4b9,-0.4653052409942704
c4362b294ac3,-1.092329784274936
23c6eb54aa5d,0.09293789712218571
77b63def432b,-0.4116746665502171
2ce3b6bfb101,1.0790764753091897
c9456ca98c52,1.3884573795557202
28967e8a86e1,1.4264971250278002
77a49b8bb086,1.408923591319801
7693ab5c07ff,-1.1684022389989297
d5a207f35d0a,1.1934304652596464
2f5f16de026e,-0.9736066113876697
f7923b0bd9c0,-0.15706326779238977
d301f11030cd,-0.9015698003906142
4090c16a1976,-0.6666496439195411
5e3a21be569d,-0.352504539506458
c551fefec0e5,-0.9678328434976923
598e329ead45,0.2966344608376845
e2f899bc96f6,0.8621433030483623
fa9dc4452709,-0.4803848639446008
c90f17280638,-0.3536721780049448
b444edeb2d2b,2.5897914182050754
8e91efc24764,-0.6223051220820011
2cf6ba49e62f,-0.4752444726747349
56976a8be763,-0.5709027387933986
a9cdd13e8b3b,1.1843184019069428
4f0d8b8f5597,-0.42136375255792735
05dcb60036c8,-0.6117123860073316
bae403ea958c,-0.4448531517795484
17625a41ac6a,0.7414525142970873
eb46cd6a02fe,-0.5351236685646181
27fd8dccd832,-0.655471186968747
70ed89defc2a,-0.5096687833698527
d02be46fa38e,-0.5404956615264023
36782d61e840,-0.49514893282406375
a2efd367fb0c,-0.7325560698198123
e5f9c9130f8b,-0.313826076346484
5d96b84a2888,-0.42323182020224276
f4d0cefbf39a,1.0887298695179133
3dc22140af4d,1.0796874399582683
b522794e8e22,2.47128539660866
07d29b383e98,-0.38327316853563986
a48b0fde9240,-0.5860310064915972
ba31371a844d,-0.6246129450114076
984a6ab64fd7,1.0952037299765087
cbc5e264c9a7,-0.6421947038975302
0bb00522d33c,0.37576328127579406
3b6cfb182476,0.22504990391756494
e83542f701d4,-0.7146619187874066
e7335e71c5d5,-0.6927126534695689
0d1aa2efa5f7,0.9494026279723619
e91cef5b7ba4,-0.7498447969096077
a73ac4d33620,2.279437535833185
410b245f1785,-0.685050087678408
5866d36f3a44,-0.8157799732214854
608679a17a56,-0.5420088106389346
daa4b37e8ca0,-0.49694305060210625
6b94710e4b01,-0.4625881802756691
3fd77ffa3f95,-0.42784545934181284
320f7e8f8cba,2.5228100335502948
b48c082ef263,-0.621283621724832
a56a53f24ea7,-0.5421466875817752
d515d9f6780f,0.9250891949312482
bb057df19cde,-0.4941864898212473
359622adc59e,-0.5175931435063609
9d8d7f3af729,-0.5130865218147328
74e3dfbc34e1,1.1697827368259284
256baf23168b,-0.36168295640201514
83775afe1a07,-0.2872869120559241
7b3abb47db2a,-0.3151771464800326
8a5497f24819,1.1144741011973138
98314e8b95b9,2.8264124930840935
95231250bc46,-0.47721592857462064
97d98cc9e0c4,-0.2744254787096661
b2d2420193ce,-0.6129567192848812
1ea336224eca,-0.3371225855177329
a22649fef5cd,-0.2089686673657532
1812605518ef,-0.41817494986525156
81a607c46e87,-0.6478752500255299
cbda475ba4bf,-0.3460490597086008
cf47da411194,0.014200173229373728
d3dd7061da5b,0.8574287347414928
9338a3facad0,-0.6966247224428487
c9549b75a8a9,-0.43487585767317594
ab03b448eede,-0.46022428738715954
dc6637361da1,-0.6882896499381567
93299a794fcc,-0.277754244379945
c3890e0ad431,-0.07711097108562817
c7bc7465205a,-0.07373652862968633
590a3daf95a6,2.8664319651465187
f8833698b569,-0.683395551872184
cbcbf984c49b,0.05169550263766928
665a20dbf85e,-0.8797407237082149
fdb86acf8fb3,-0.7879124357734741
233e6b666051,-0.5102932053738283
e39e4394a609,-0.5573141691287721
e8976c430a0f,1.1645595163387374
f40a55ea7c40,0.9956401624147206
0fce5002eba9,2.261752390738808
689a3f43e620,-0.4626417670289417
9705b1f686cc,-0.7532048879915444
a4b3920b5e5a,-0.8041755682447091
7c7f95a91feb,0.2816351851195494
19c5c4870b33,-1.4805762979464503
9c4c897ec03d,-0.5632703782096019
9d19351e9a3e,0.5075514496059433
2ed3c612bdd7,-0.387390874579892
1ad271727599,0.034101015299189005
f98848cb92cf,-0.6208536097228345
9c06d88896c0,0.3723226104273773
9a25145e22dc,-0.0716188979735015
1aa98d43d498,-0.34908613626684726
e226cc7c9bd8,-0.7085853394260954
514bf471fd4e,2.5080874015348917
17b1df59e5c9,0.7593190572578217
b3efd32b8e20,-0.5803561266368146
52051009e8f2,-0.5883778375037856
44304815368f,-0.7329678177522905
5394d6fdf3e5,-0.5630557710270179
1b313658c486,0.20758002520080993
80fcec6a9086,-0.6559155459804251
bb2cabf3a3d9,1.4907769174751053
e98a2f7b2763,0.7408507177006799
1e4a20193f40,-0.7256211774518844
0b94f8078fac,0.058627977000993606
451da9f03bb3,-0.8698031780833311
2486c8ee047d,2.2182618170579596
e9cc8857c9c6,-1.0409511376062277
5097c0cf1a2d,0.9548595928988128
9cb9197ae7c0,-0.4797270186076772
4186ce6b972b,-0.7268691398417435
edf4640e41dc,0.06229673778097383
d867acc49d08,0.9438777805135597
00d1dfa73473,-0.9233363404696387
c369c3825bde,-0.7137301687419005
258ff0718b2d,-0.9942627757265761
c204077fca26,0.0711623147699336
a6a99fa43993,0.746488211122526
951f6814b5b5,2.1001919439079573
0c9f3ec1c8c9,0.7004475500375223
c8b22a366fd5,-0.3448677184081905
8a4331af0a01,-0.6569553269101487
0f25e27bc2bd,2.4394899876024256
8a010fc7c317,-0.7160307884624644
475ae7ce3ed8,-0.25917459244383334
87868534365d,-0.1550161030487276
5cd98ff12f65,-0.5844380601575994
52b28dd02d8c,-0.8159645069779452
8c76685b8d85,-0.2479440042320556
6163c740d07e,-0.7078763642989079
2fa33d65fd2a,1.3483299272999238
dd0055517a1c,0.09455363146063178
ed67545a8e1d,-1.2793834499806813
a8fc5c9e88c0,0.24074629450652896
1428a257610b,1.6403492502897914
4f14a3041775,-0.5873754750840863
072ec0d00bf1,1.4883862959551735
c501e73db389,0.9203358788968827
ee00d1f6bf78,-0.8123203669235397
62ca6cfddc4f,-1.2738853050218741
4470c3a21e1c,0.24677151414115162
894ca57f1fde,-0.7465334255435214
8956c9d07a3a,0.06835515730354337
ebacdabc067d,0.11949477607419931
7ba12f208464,0.9118931277171477
f3a7a42c4a57,-1.0526966144441785
33d9425ebbef,-0.9656778927183942
00180cadd8ad,-1.3991834410031536
f38d73d41c95,-0.07473452723468503
28b6d2f87761,-0.9088210911662563
4446bebd595b,-0.2237498852054302
0c8f3606991e,1.7402843276190856
b0c86b5cbb8c,1.0925592101786403
d9bde326c96d,0.9195513101709551
c00be97ba5fc,-0.1589192999879301
fb06430f8963,-0.42273167218933144
a321fd142a5f,-0.6883001496749641
52f0690f3966,2.2327933775347195
6e49420f2958,-0.6181245965768163
89a13200faea,1.1875346096530504
6204616ea0ea,-0.6652259880865069
96d0b61bd131,1.1710193585937474
f2df5eacb60a,-0.663742779374012
454f1765b943,-0.6651058733584383
177e457c180b,-0.6249007842210199
e1bfc3a1897b,-0.5937816874966872
474694226e71,0.35056618519625904
08249d82c832,-0.529927668066866
70387fa931a9,-0.49356592143292455
59069d6a7aca,1.0985584441799974
804bb58af3c6,-0.4589175367935335
b40a3413e8c3,-0.4831389684006776
7fc68de023f0,-0.48611956625016717
b40146740299,2.57096526073133
a63f17bf5235,-0.578238642531121
bca34c691094,-0.4763455088705167
3b6c62f88820,-0.4711798976618833
2c679155f8f8,-0.6026167199878444
35ab295d1f33,0.9105267250842072
7a227676940b,-0.5762103996300638
6824d7f90785,2.535105021485642
893c1d75a6fa,-0.5383139953998627
2e3e86fef162,-0.5719823445643515
8c8baf8ef986,-0.6432615175560038
b95ebc40bd67,-0.436449569428996
6cb1c16bb2f1,0.708388634182589
530f31a7973b,-0.4882419467972813
eab91ce53e6c,-0.423344793314047
5cbb7e915992,-0.5410172713920343
4e6965147be3,1.3010036646698855
854a340efe63,-0.3256754822554761
1424f3192c3d,-0.6157469148939698
02fdff4341f6,0.04720041185436055
a4a209ed8b62,-0.7121725617210731
6e47eb8498d6,0.2118680579156538
7ec2d905605f,-0.7842309854689086
23c24300a8ef,0.24997326286391156
653960854770,-0.5342195564228791
92193da4875a,-0.09069795028979077
8b19abd6d451,-0.2531210575882868
c703933de5ec,0.20562745687554407
e60b21f10995,-0.6456386086906681
e545ab7ba27f,2.9211584455661064
5adfe7ee417e,-0.5059691118605897
4406d1d58986,0.9725412934622144
5d3fcfc25318,-0.42026748785990614
0c4b9bdc0fca,-0.7450379690918777
f25595565843,-0.44956980938327434
14cdd153b0e7,0.9585489153718147
19cc8294014d,-0.483136250862502
92fdbea34b95,-0.6704917431102443
fe47109048e3,-0.4096705110072787
eb278358e817,-0.5086695916862731
4c64ec307ac5,-0.32972779479343023
1fa8ca1b39d6,2.5914500608213475
0808bf13b005,-0.5302111280921185
7d30f94f891e,1.1327918905025582
d190838d307a,-0.444416749088542
a58ddfa9b278,-0.5744329564071239
85cfd93625b1,-0.6093389769398134
2fa15667b805,-0.4712581979482429
80ae49a4cd15,-0.49695402831673363
a3470e4a407f,2.6204706403546187
dd7a11458d52,-0.41971103661305265
55dfb5829844,-0.4280379318512393
a427a01e71ec,0.744798115662212
1a22843a6912,-0.5236996412625219
492eaff83a57,-0.616143159065319
c86b78af5a73,-0.3272474313179128
538b757c7edc,-0.47964434829196895
937891006da6,1.0344410118146812
43d9fa97743c,-0.6404189140118841
a3f4794b110e,-0.7916646771042272
d8b7074c97e3,-0.27302288463388136
6811e5b340cf,-0.3676928818611517
aad9ade3479a,-0.6018787540928681
47621514eec2,-0.6244890872283388
f5590a3975e3,2.288096026039041
1803ab726f0a,1.3996650997538296
de117e91ae24,-0.46498445358998064
5ed0a34e2eb2,-0.08352803834502066
91566431e4b1,-0.554687322866657
1b58d318998c,-0.5112706473461421
f65b40db9b96,2.7396956889859427
41315662c964,-0.5101319609114441
dab79fede810,0.4033588927667672
ba9fdc517cca,-0.5931194119627734
9e48697c12e7,-0.5174570998232808
e62a1d0bc6f8,1.0775301237360237
7246d729cd0c,-0.5482589686973306
8df6eda0bb86,-0.43714680194610467
a115c5bfdcdf,2.840228060366351
ab99e93e0687,-0.34445364602364376
841702864312,-0.7494680576382258
dd7d8d883a34,0.4749222930620094
173882d3570d,-0.6508616944965765
f900826ff207,-0.8181682788320039
8f7a2f23406b,-0.17577655081121443
ac5d279e93c9,-0.35331404051805126
c78b24e03d6b,0.625553913360924
6201787da86f,-0.5633401700730714
bf3b3ff10509,-0.19756356721136478
9120015feaec,-0.08775826118513272
2eeb1dbc5b91,-0.585458206090195
f3fc857235ae,-0.5994836434913039
d5fba77bd937,0.9866777521790379
dc67f4d9426e,-0.6269810577700602
d8b6d65c99c0,-0.6691837519815685
4fd8ba40704e,0.6020850779727095
d21972ae0ed7,-0.571337287389037
dcce7e44f240,-0.3950486454532755
78b80d4aecd3,-0.5058066568874872
81a6687b94bb,2.702155181648596
b5766ac27375,-0.16822615511774275
5e8ab3a2a740,-0.16939260761967337
313bf35983ce,-0.7461513553542013
44bd5c8af2c7,-0.6131493850511804
8b666c0194f7,2.572385414108521
6f1da1fccad3,-0.5907234355020948
e6ec1355260a,-0.37089557693385455
ecaf148bfed4,-0.6074876419204368
d018a598522b,1.1348189517716505
896ee571f706,-0.35437695919031625
5df2426f0454,-0.5267961105703112
41cf89fdabc1,-0.10905248633814382
84a1c5e7d40b,-0.548092426909129
3d65b6225825,0.7595210118894968
8c2275bedfe3,2.59952118192095
6795e598ee50,-0.45791026970293297
4a071602991e,0.8629305220454895
15bfbaedcd06,-0.3969468267119426
23a41a12728c,-0.4016291141521703
dda48d5791c6,-0.47484606827273573
8a9d237c0c34,-0.5735749028790968
6d6bedb79020,1.0720203941813766
06dd6201f9bb,-0.5340492278088138
2236094d0a1d,-0.5648161189175936
6a967c09124b,-0.4832237912486868
35d2448ef032,-0.647475778453843
e9a4b0a5491c,-0.5885000580693543
391f18ce97d4,-0.22347616532489625
f564f9b2370a,-0.14594134105583229
0a5c99c96c62,-0.593465925754871
197b38cc3579,-0.5269348272419039
f1daf9a21389,-0.1914124756575722
86147d53f098,-0.5712892437823396
f8960007d4df,2.9071034599523675
fba2ace304f6,-0.4262395452541774
1f34545d46a6,0.8954156570890001
92421a2f3260,-0.266585611203779
b2efe37dd408,-0.268673923696641
12c5fa30fcd4,2.62649344403497
f5f395a665c0,-0.3457342268208768
aa2b99bb6141,-0.6582542215698982
bd94a371db81,-0.5292100814123476
37f9be000ba8,0.9420521279513232
9e1467a11102,-0.4202686616166273
2f2b316b9b7c,-0.5296351452959885
99e1a005c12a,-0.40299932342473976
d128f297fc56,-0.5099690782492193
361b88c51628,-0.5482904930336155
5dc72c917c6c,-0.5625350808036284
573ec31bbd64,0.9383507402406476
4a61c2be3910,-0.47175352590429753
8ae7d1140ccb,-0.5272510114056561
28ebbf2b58eb,-0.5959583004701392
cb5aa5167c69,-0.4292918314397557
2fbe50bb3118,2.669517798876269
9f58325a7655,-0.4697722227277407
6ea831ceeb69,-0.4392943055280933
c523dbc81cb7,0.9279642197384061
fb4675ed5dcf,-0.3330960175139272
481b128ae84a,-0.6058711918343713
5872fe8044e3,-0.5830133281735521
30cfe6275831,0.8578197163828577
57eacc9adbda,-0.08236026935596437
d36c6d1ebb10,-0.11727477229118487
49f13d73174d,2.4944404886286
a13d74573163,-0.2969128484654364
8ec189fe90b9,-0.4561630403988614
ae04f7702af2,-0.46498514914991496
0e0e24c6195c,-0.36348936408398924
9b5fa45a2ae7,0.19464044668933123
0cc37eed4793,-1.2360459667395813
1305cb3601a5,1.06456596532755
d0a34351c2ea,0.342159660624096
71b659c05168,-1.078575150784645
afd946af8519,3.0377248903424197
995866e47d64,-0.3724229029398224
9e2292ebfb17,-0.2974863059445201
62568c1760da,-0.05948101478875074
25738d424199,-0.2052670536336217
387a69e8a8e7,-0.6675713306573281
3862abe67763,-0.10829816314720005
5651e7618aa3,0.4251782518545102
90907e6a4545,-0.4144319878331236
dd1b3fc423ba,-0.5109332706285351
e64875ae51fd,-0.4511392057605874
11f84298cff9,-0.3758719068634408
36fe0fbabe62,-0.5833803543506101
57432c57f037,0.9448654340343521
a1246e092886,-0.421721316916806
3c10571a3a99,-0.5436524040880021
ee0c7e0cb20d,-0.5235069681635529
a57389694435,0.9869565015544287
354d502bf9ba,-0.45704537768935527
a588aaa7c431,-0.4720157994884601
68e1a59c0edd,-0.5788194586236902
ba788310da49,2.608879979842385
2db4fd114581,-0.4824188826304233
9c3b0d927356,-0.4781413534802661
7bb6ad0739fb,-0.5740350700900478
610d8d914937,-0.17655281260017808
690a2c5969d1,-0.6968186701650316
c116f92c9e34,-0.669795126410154
229edf21047e,-0.5878467235845446
b96a77d54b52,-0.7282950655941155
a5785dfb3a89,0.8918998814147363
f72b6e97f544,2.652265105119867
d5d1bd27c571,-0.0921158461246144
5912cc716318,0.7965077272557959
3cd6828dac3f,-0.43427886797170145
3cc43743654b,-0.3809345312500117
259f0c668eb0,-0.637293807231083
52c9dada5ceb,-0.6775249422844789
b6ca952d96d1,0.8808859758838375
5777065ed86f,1.958558869300439
bef03d925963,-0.3877748108867749
bbf55d378b7d,-1.295649025276697
fae1f3cd1b6b,1.6908429934548108
88086073ecf5,-0.5867440894829709
ca08d26345e6,-0.5242099731626404
6838c39c32d6,-0.11679019080261112
1e80585fc082,-0.2835277978265247
0b0b4612a8c5,-0.020773201685306886
fc76100724eb,0.6319623666862728
13438577758f,0.4569772033666508
77e338137e3d,0.8554304189277772
5c9f0aed4491,1.1361681980197513
f6c71d74c9fa,-1.313816434794036
682243d8b7e9,-0.3004204760978134
d2370613a034,-1.2750611264343845
41b1efcf6ab4,-1.1941727679281013
04589405751e,0.724668463344192
64f14fc3d539,0.6729813551153028
e9a53849323d,0.7238525180510411
52f36097bcdf,-1.1185697182566532
3e3282c03555,-0.17640365439665773
e9c1b8d5ed30,-0.642694515908895
0262214769ce,-0.7401218574916808
056474cfb2ce,-0.299805815712077
cebc18091d54,-0.22008023552451605
bdc4b38ac23f,-0.8901486701512444
f7c7e461b31d,-0.16576744597471615
30acb3cb636b,-0.3112678252144879
c507ad359b1a,0.9716310133066172
d127c3558a8a,2.8111475667259826
fe041075a774,-0.2922518872186504
9ca9a0fde97c,-0.04423667243967406
3614c64bfec4,-0.5243229867276432
a0cdc5a8eac4,-0.3699814250202017
fa05be2c49c6,1.073773390280054
10d584101ee9,2.6336398889023043
badf0aa9915a,-0.5198565612755675
ebc6355277f0,-0.5044259492041865
c49d1cd0452c,-0.5233536198604157
0a7ec393b324,-0.5615648691872013
3174b2707621,-0.38492183885838094
21a206e17bc8,-0.4646516797049073
5a5d5e4285da,-0.6311319880303037
40e72e974e27,0.7767976386864489
ea1ef21df34e,-0.3826220583632771
5138de0d51af,-0.4081088264339179
bf571156220a,-0.39673699795592093
334d5ce49729,-0.5255868507190051
515ae64a3a94,-0.611132670971401
cf8a0f30437f,0.9276932916048045
21c5fa394f8c,-0.7137969605870053
bdda19e3d541,2.6945872367881845
3b26465b8eca,-0.4220561069293308
2564ad8bb878,0.7549559192658616
adac5997f4be,-0.642552559542942
c84f6cfb475a,-0.2746434161560503
0959bd9fc223,0.3744777028231166
392f672ef286,-2.3030635778125745
2386c394a604,0.2979753497358888
270c8774cfe2,-0.5612458152364272
703f10cc72c4,1.4184413544913186
073f6798ac4a,-1.0881324255134444
f9a7c5cd475b,0.6012471583997383
91800f74573f,-0.4200520444778553
c544e32b2990,0.2860541796817589
9446c981bbcc,0.08278455751095136
99c3d83a83cb,1.050705881596297
be51559c711c,0.26080767880123196
97e266c919a3,3.0642450882882013
8a8ca841df7c,0.14287385812198022
6acfd8a87b25,-0.25961743104547663
7422a002cd53,-0.45621098686546946
1e8921514836,0.07055713693846183
e362446e22cc,-0.13272262825892092
a97e5368bf9d,-0.37641748506856054
6b7b3fbb99f1,-0.5856586159985466
d71946f596ca,-0.6894152456262949
d719ca2157a2,-0.1597938948049817
6fff43fb5b50,-0.15410944421934292
0321962e7a6c,-0.46373035146104996
dbcf2a2d7119,-0.7788039595474436
ccc877afcd99,-0.6197665205057039
1fab4b7c0ae3,-0.5798562065618058
bafcd198960b,-0.5739840541766814
2332c9f995e1,2.57914067737214
a3cfa62a4655,0.26557422502702077
d033f22d7c03,0.6743473384855534
d21746c39b05,-0.352287034406696
cc2bd36548ee,-0.6953003642171316
ca9acfc6bde3,-0.6362976309619288
22d6912562c8,-0.29791019171339994
8ebcfddf10b2,1.015143721206077
281e0840409d,0.9211957950595882
37ddf67f6a8f,-0.38535243045821244
26b05a537fc3,-0.4739130752389296
c3fb4ba88b83,-0.6450032383565396
13a9f9909095,-0.27165021982319226
1f554b0dda23,-0.6661584158275233
d58576458ad8,-0.40187051429958875
7c2c3e34a366,-0.614941175923287
a71a15dc01a4,2.831168093838657
a026fdc8f468,-0.2973327624593728
a7211579e4d9,-0.30631703381525377
5aa15ea62b97,0.3101749773036542
c5e1f0fbf759,0.6845582476514129
9fbe5a2ac8b7,0.6937630724977958
a72e2db883ef,-1.0695638592768095
458581724873,-0.5086646054804944
a2635ca0ff40,0.4551192549008469
9b89aa4dda2e,-0.6890419973434985
6f1bb84fbd23,-1.1166921046020073
1183ffa853dc,-0.8222620344631915
ae194618895b,0.7292561055068394
d565df487d98,-0.5294603636294996
754cdc89e780,2.2624257959826424
5a95ef02e110,-0.08943751174403736
2fed84e17139,-0.4248863327982323
c4a9f8509fbb,-0.22055770372970723
fb62ce08f75d,-0.3636161550296192
1eeb9bc43bc3,2.8377650780562
5ee68ee752c5,-0.12231677671888574
1295948ab8f4,-0.30326902760683805
13d1ecfdf21d,-0.6198821637091422
b8db1b260bb4,0.9811202808938395
60427d261ead,-0.29310059998932997
9c87e01eeee3,-0.9049776901701639
c36103f50af4,-0.17732337207343876
9bae0854c069,-0.3889555371246819
c46dda173000,-0.5760284988538137
e23b991a8efe,-0.37412782141891476
c1331e0a3dc7,-0.3866673747551687
9229930b97a7,-0.3636660425793534
b1a35fb3d5fc,-0.6749827315090019
0643a999adfe,-0.569123988502889
1b310002632e,-0.4429726842919218
89edfc120322,-0.48851972510341857
dff347352487,0.5525178791423514
6aca628c0734,2.7152852280870152
ea2eeef0b2fe,-0.4569733106730274
b9ae66f1e717,1.0652590704581428
8d502708551e,-0.5225540296552624
459b9ec6b491,-0.4214917623039372
fbb653726c87,-0.5539014482326594
7ee1d50d9a2e,0.8122925595880448
22e3eb879db8,-0.33527820869826885
4722d07891b0,-0.5420671846354589
19eeef44a765,-0.627824048486966
97886637ac2f,-0.38565783580475366
9564eb20d851,-0.4800429519200019
29c3c530b597,2.6520204592810526
9d0cda9bd367,-0.5992150733373219
a5aae155a31d,1.0037195242055337
7d8c20c9f42b,-0.5325700464255908
b450bc01e76f,-0.4018497136413331
cef875f4fa0d,2.713778682859383
0b6261579c17,-0.4833025557466722
a3abd46a5827,-0.5447343329024597
c8e260c89e8d,-0.45889012149397357
fb32c524bb71,0.7955101110668803
ba78d8516d2b,-0.4998664318931193
7e7d33e1d327,-0.5806128670813112
c6c2ba7a6830,-0.47658885829851627
8e1f9d85fec8,-0.4296630018144724
1ce56197886d,0.8987891353711861
bd09179aff92,-0.3510199157457056
2141d80740ff,-0.7891586312415366
18d870dfee15,-0.4119199033034805
0c82ff2cc9b4,-0.5279276968276504
12759812d1fa,1.5142322476761971
e053494cd111,-0.410522276548933
aff9c9e39b86,0.9911235799546001
cdede2f2c2e1,-0.6985324979843768
cb15d49b1ebd,2.2329789508811135
f9d34a522e47,-0.7382378887579778
1ce59a647a0b,-0.4174616050690711
2e5b1f2bf8a4,-0.3935543630331784
61fe253a1fce,-0.6293594656736804
826ec06b7e76,-0.6006497386169357
ca16378e884d,1.1242795293597858
f2f54cc7c9b1,-0.5866109412008012
d502cbc7e9f2,-0.6229667463884209
43ca968d7f9a,2.4889171954513905
5226c2576a57,0.9785011361188473
44d8ee6f31cf,-0.5320503340508954
feaa13b98132,-0.5814743217008315
0ccdf627f6ca,-0.323218805500339
d88656ee85d8,-0.5756372984923311
ed12ba1b9e87,-0.13973020930578822
8279da9238a9,-0.5390613232065049
5c01852a20e7,0.2846547288017346
00aee17ca172,-0.4531974564309041
5a362114b912,2.24733717425306
3d8fd2842a9f,-0.6840956388534889
1cc12f1c6a26,-0.8403950067782648
2f2a47d848ee,1.2545668181239904
600b119e0a87,-0.019439580412381655
d23a5d5acdd5,-0.5495045324281933
1e426b699934,-0.8609303754084603
5cda7e3c8166,-0.7539125646209037
754fa568c47f,0.9139777569603164
480af0eb308a,-0.29087047140032884
5c16d68655a0,1.1622084962311052
d3e7206a9fe2,-0.86228025873627
76be15869906,-0.823592695066197
bb6550344003,0.38733082841798366
edd6df27f46a,-0.9325146900919996
63eb1d7156d4,0.4406483745542298
b438d0e2d36b,-1.126385593968389
fcfab7772538,1.302208664022382
1ee9f2768437,-1.219442596041598
d93b756a7fa5,1.172185168332278
4d567f8795f4,0.790504773746804
aaccba888c97,1.561759688458552
ef079b97420e,0.8475852345294651
fbe30902a346,-0.7792369681677513
028656b0b7e1,-1.0326803852749031
a1c1908ac43e,1.6364021221962357
835e1c7878f7,-0.4225571095432409
96243ffe6092,0.606450176190208
04b29ca9bf61,-0.7658017253777346
81c1289316d5,-0.4598817548343291
7e83f1df357f,-0.9894429780602658
59aafb783b5c,0.645603375849257
c08af64188f9,-0.8481996759654931
d27429cc16f2,-0.22271306220597334
3dec71704825,-0.49273634318512183
02ffa205442b,-0.6573127630781584
9bfe2ce7fe86,-0.6175463028022613
68382c76a33a,2.5678777466050926
cf273f677320,-0.5923693895526452
b2c4e0583309,-0.567624015229144
06aaef38d8a4,-0.4398978066240242
e7543822e15a,0.9602480949082589
d248dea59afe,-0.5138466029462491
629a35b3242c,1.0200819238350702
95b7286964c5,-0.4441614797248446
539dd0b68962,-0.3507417705198327
6874442f5ad2,0.8035380343629739
151b3171cf53,-0.30348906153479
889316c21015,-0.789071126490896
d08359dc444d,-0.7619511733459841
f459da9ac5e2,-0.7379941346223213
9ace5e2238ea,0.7611463985595042
da262c05b53d,-0.19468360420419611
236b11eb2c25,-0.6706702503635599
0e1ebd738951,2.6872685996460266
599534e49d1a,-0.22938446340206783
8ac38100f3a1,-0.2139674480848573
4606531b0eac,-0.6531796190965125
f7f983ee560c,-0.7399287104385356
21bb29213211,-0.6741194441243764
f95e478a2342,-0.44314779602931154
a851f7f6022c,0.768007167689348
3a2ac5a4572a,0.13150552286706998
5495c9cb8f18,-0.5464881229889199
f5765a865a94,1.0120871810456764
93dcc619a3c8,-0.8168014889592023
58f071003696,-0.47597755266434577
cd7d99cf48d6,-0.11600918158383075
6d7c5edcb61c,2.55405204428294
ee756c5b682f,-0.46331101333163277
d3c043243fb5,-0.5553588967363217
f8bbc54abbc0,0.8453972145153736
94207d6ceac0,-0.5402088817086571
c42e77ad778d,-0.45882856791565163
7c28bcba078b,-0.576697514751656
e6d15436d932,0.6269919949402651
7471f2fbb0f1,-0.29152886553125223
8344ed39404e,2.778924554968577
34a791857666,-0.3690064385636402
15eb29d62b30,-0.7025443025536077
9f3db9b87bba,-0.29382928333179664
01a6390b1767,-1.0776860135349846
32736c085f37,-0.45174255610033953
be4dbe4594b5,0.42662783197544474
ef9fd9f044cc,0.8017587060707747
b27482586703,-0.5636715870116353
63c3789bb104,-0.883691435745519
474747e1a0bc,-0.2955901228155588
04655558887a,-0.4083508353272939
7c0ae2b7c410,2.5316504940059112
4c43dfa19ac4,-0.6318789354024973
33ded19d09b5,-0.023684923790685597
be12645961fd,0.5762593776763849
136b37609995,-0.4778803228314804
c77f0595bc9d,-0.36624015415624755
22ff6b83eb1e,-0.4263327625326824
74b74a152e36,-0.5960200662501747
be7ffdf5a514,2.6097077495920886
7883753b151d,-0.5609367349153672
ceb2ba04dbee,-0.48919893993739605
dbe09320cd5b,-0.4226507303090674
281da228eb3e,-0.4486552335135465
796909332338,0.9357009537428493
2c05e93ae4f0,-0.7256093896387573
0ae09dcc9fe1,0.9681156307497815
02e23c58b076,-0.39845629987854636
e32549397c7b,-0.4120656447292031
ce41af3686c7,-0.5419670711185502
a238f483928c,-0.6375559098360571
26972f3339e2,-0.6384069966652474
36a4304d49e5,-0.6034219146261538
0e68d830c604,-0.4952672818349959
1299510c3600,2.42738865448309
69542e0eec70,-0.5172824845106717
000e649d6ae0,1.0572201265137278
fc6d89af08ee,-0.4464200036604558
74290b6f4541,1.2062348258630637
2384ad3ac3a2,0.5194770273113697
db30f6065a04,-0.39090724367877805
b3d013cc7f08,-0.2761461971463948
edd3ef6559cf,-0.40822567466750337
f08a6b7ca5e2,-0.2549954040924717
afa459a27dae,-0.6289800979189311
2426ecf36c97,-0.7005667843533355
1a4a4628e177,0.6987490981023379
db73bc9ecfe1,2.8006578371914106
62b012b17ab4,0.06675852179599884
8c9d7d84be3d,-0.649257622312943
7854bb1b2939,-0.7765634602307598
8c091fb45fbd,-0.5170157474282282
fe5c072465c3,-0.48642404869596323
0dd43fc4a9b7,-0.5060943706414976
398df41deda7,-0.3933166815305573
cdaa633fb5da,2.757364787396267
289e2b53520a,0.8135576997307421
05bbc8d4d9f1,0.7738448222358092
73bfa2351a94,-0.4119468359079327
ac24fce0d57d,-0.5380964098087087
cabbaf614fa6,-0.5172079348758646
56f75cc4794e,-0.43396250063639663
2ff9158da455,-0.5407027798376696
70981e3ed354,-0.9655395765434488
5f18cf14efc5,-0.3104407082788294
3adf3f1a2178,0.1866101093889192
6b6bacfd4b8a,2.1236521527379955
0d19e9ba588f,-0.23036702808855566
7805fb9648ed,-1.5949909867236838
396e0039fcf1,-0.47161117367789473
ab59db2c94da,0.643893957165043
37780e9fe439,1.0093098261308822
abe61e4de747,0.2880155701605227
8df501eaa20b,0.06833422400171257
47cbd28c6c04,-0.7468663662726632
95b84e9542c3,-0.8579758186369916
7cd550344b72,0.4861023284324904
65b85de56bf6,0.8498305125420049
6f67e8cd2969,-0.48643561384863343
3769439ab5c2,0.03382070946377435
7ed1b74e477d,-1.3040347464490623
3675a571039a,1.1869026299301333
1bedfe635573,0.10340511392859118
94cfa28cae43,0.18983788680724767
b128e004df89,-0.4399505701555803
c464cac4ba22,1.7793891863750688
f6c89ba03e15,-1.540891618389043
886349bc0364,-0.4940423479403756
1445613f6966,-0.5858836534283273
26d9f774b1e1,-0.6212371852208758
21d3e1b9927c,2.4982672031804602
054a01f4ff7a,-0.49708321404598255
a68dc52331b2,-0.44446590236609107
67dcdda2a5ed,-0.37774573952638163
7075bbe829b6,0.9301270201376473
20b78eac0fcb,-0.5776192744732965
f86b7187fccf,-0.46066974262054206
bd5ef18b734d,-0.5745712510340101
15b37657b677,1.2049240873377758
54e823db3196,0.00400093034788216
837fa322ab06,-1.109980179446859
347c7f77cfbe,-1.0115367096846655
14599f1a286f,-0.9148047082101954
785d4840248a,0.3161278343239625
a332735357c8,0.4683913698041754
d251a08d62d1,-0.22024664108866426
11bc80278bc1,0.10804047596793864
7fe6e1640dfc,0.7578108584481262
44dc8f3fcd7f,-0.9553566685923939
b3efd270e304,0.11517783665690416
c61426becd69,2.4423756014737887
da2e492b0ec1,0.4932292340511223
18b87e8dabde,-0.6275823572932467
487f03ccadcc,-0.6082287586455379
d736a586aed9,-0.6231908362827229
28b6356ab7b2,1.3126092439694788
5477d951c098,-0.724661971171562
00b748099007,-0.5483802869882639
d3bdaf35054c,1.0977810219055966
2e8a16733cf0,-0.6976901655524692
58fe43c405aa,-0.739181022653432
2c046f987a1d,2.1407514255034172
e7d440494c31,-0.47545552684238046
f5611f60f952,-0.6274084732423995
7290d28674fb,-0.4876485659023856
54ae7cd778ac,1.161289165769316
de4b70edbcea,-0.7300067409396718
535e8fabc1c1,-0.14543349209177575
741dda2b4d8e,0.7110295019379195
d799aa01f0de,-0.7162096100962155
fd6aa80838d2,-0.6819168190604317
2da5529e75a3,0.04595911630118038
796f8a20357b,-0.44342782470638387
dee9cd91c4cc,-0.6128084672599454
8117194b2ad6,2.526582209290793
6ae327f02436,-0.5382297158131417
b96807b02ecc,-1.1270940378859509
13fa00d2f0b3,-0.9247818014319207
6c820de3f7dd,-1.0601647426680572
ade52817ff26,-0.05528244365833766
c282cafaa733,1.3875227270743462
1d20feb9d295,0.7013667057329744
7d67d5de1da9,-0.9214528423624668
b5febc47db19,0.15195697455707496
854a14742a60,-0.40640869659628454
6f49219854e7,1.3295821628813838
6f0187cb56bf,1.4629857101703805
adc42ef0b672,-0.5906648476280715
897f425fa341,1.1242509167869283
ba73f5bdc40b,-0.5927737084341691
a58e57707950,-0.4839406340694763
39790efaebaf,-0.7565092929036434
0b9f95013ddc,-0.4581942470757966
957fc7fc7802,-0.43517929889353624
defaa9fb423a,0.7956117655298529
b2346c82545d,-0.3411656369442991
099fee3f9ef9,2.5845679154762573
ca9fc19a8f8e,-0.5528299467731803
6401ecf96002,-0.29317298507086537
47fe296d610c,-0.3639062669459371
32b9bcd28c2c,-0.29197601897617564
770160af77bc,-0.5953131287077857
bd3c9ce09ba9,-0.6920607162203529
3a778b3b66a5,-0.8015518296008538
404c6eb714fc,1.2710259051873627
bf27e7ddb5ac,-0.7652305393779629
a4562a79d0f3,0.7043371876794471
c3049d268d19,-0.46974394898331795
783553c1a027,-0.7042398370920571
ea541990c61c,0.3027505042351858
1b2090c4b1c1,2.4059086888024477
24a0d0620c7d,-0.6701345987927594
a0301f52af85,-0.7300255144651163
92d348888820,-0.5744869349354149
e01ade7d0c4e,-0.6275340897304174
eaa39aa75ecd,-0.6006190084116396
715d1e54aaf5,0.9654089172343712
93426592857c,-0.8646459502781546
f04b4a9d61ec,2.3649088952725545
26a221d882df,0.042070901884358275
d9c0cae730f9,0.7044924917431825
4817d4b2d37f,-0.7643242528103783
48c83fecd3f6,0.7548891432894138
b1a00cfa84c8,-0.5114393688653954
c6316fb57eda,0.8408226295067123
66df01f700d9,-0.5016936178151454
fa491ca119eb,2.8320537511097355
ab4259f13e79,-0.4960593144324301
95b5654c5811,-0.5063376381582326
fdc1d23a7304,-0.24380773945987017
d2323e9b853e,0.5082426295458766
bc9408e46428,-0.5314887248083112
0467b53779ff,-0.5051958706210948
ad740966f60b,-0.39028933040417857
5a559c5cee45,-0.49480740559766623
dbf1ed6ca474,-0.37445458799879283
da70ad9abcaf,-0.7438761533635658
53dea5004a34,0.9836100283456616
a8a25c21a991,-0.5003482017333878
ea92aee8c6bd,2.6424994560911736
fad1d1e6608c,-0.4568468543733733
141a918ed1fa,0.8336968476341227
531646db83a7,-0.4416155312195429
42af2f2d4247,-0.39782919189175453
222028b39034,-0.387167563082942
476efdeb8eca,-0.4830194891737202
2a5eaadd4195,-0.6746487592338783
4a7eac27effe,-0.44169936647847624
576c69166f11,0.3235437162401047
95b930de9f25,-0.4521298715291142
722e4cfb7597,2.827867471925311
d1a966e774c5,-0.4937371436166903
3e28dff44d3d,-0.3996905059343634
6eaada86fdbe,0.9312017982110299
f4d5888f437f,-0.38427315561920883
9515f59513ef,-0.40056396303712805
31aef8df2177,-0.2978867226417055
b32b0121b434,-0.40672369817693504
145ff35f55d1,-0.805908559342824
38c314efbd17,1.0752944296346227
80821190e5a9,-0.06685813764069658
4a9ee5a4fc9d,-0.7998346564988292
d7414d0c8e0d,-0.6168870715183553
3bf8a24fab78,1.4553204495402965
117cf4c62e67,-0.8576825771515364
a5ef22926530,1.7951573212752103
8ca28ec01a43,-0.8373433843431006
7372bfe9e385,0.275885947517682
f408a62a5535,-1.0079244778036318
8bf917695ca9,-0.8448743605870784
6b5c7b9fbbf6,0.4297465175754157
e0d6ccc09364,-0.34885779544129075
1e9ec3e17fa1,-0.6861165739123172
a83880ac396c,-0.3733159281917895
6753debdad11,0.8049286182534072
59558076b151,-0.4937998570540304
285742713921,-0.5161293295236599
16c82c67a1c0,-0.324485831054215
50552d7b4080,0.888468809387724
bd0e51e62f3d,-0.6858370617942952
04acdf659b0e,-0.6431908105406191
3b0d992e8866,-0.30870937684326494
10942704e515,2.687045136714351
907c0566617c,1.260316577659626
fd8028241ae1,-1.3593955794819403
c991768435e9,-0.4809440792028957
a12741712e3d,1.6016434521144558
e5c19cbb4857,-1.2671899236956654
88bbce59c0a2,-0.7376317793645042
e7d9245c5bfd,0.13369731220796321
0dab44845cde,-0.9956010456168102
6515643bda24,0.14312645421148681
dff095d0ddb5,0.9760131546043638
9800c1decbc5,0.7017512010065045
17d6de724743,0.024214255557416013
b24f177084de,-0.39108541355323123
2745677439b5,-0.5482610801668891
cad94d17b930,-0.6338528120927108
bb23f6539f8c,0.5354115191290295
13186c0113d7,-0.1470788320278373
3e0186d7bc7c,2.656553135149498
6602f35d4d78,-0.621025606866515
15ee34bb19ee,-0.5542100452653753
58979a3fb01c,-0.3341825660853656
9b980525ca73,-0.7269312473704969
51aaa45d223a,-0.37374413453059685
ad6e0ec6ec7c,1.1384070836804907
8c7841bd29be,-0.4766778467296858
f1c29a2ffe05,1.12678464878224
bd0afe353c14,-0.5427141133916581
fa192aa922de,0.9604632518873156
9ff7129a453a,-0.590111825755736
9a3a18b6c261,-0.5945848084836324
9b3475cb2b39,2.5261487314427757
030cd0563af6,-0.5368305871072537
ef609ae61f4a,-0.3776074186689433
efadefe7476e,-0.5965618450477281
2ec428e2da4d,-0.4998219059187972
332303fa79ab,-0.3984862810088969
a49bbfd92def,-0.4715507230567447
d70e7b9b80ac,-0.4562461350801646
6b05ed685322,-0.41904392347219105
9e150f4408fd,-0.6322537053566682
edfe1fb79c69,-0.7981023940318484
b55eb2ebaa0f,-0.2776820373820247
4a60747e93e6,-0.4003402093941216
3545b56b3565,-0.4192355061932713
8c9733039305,1.0184513947010698
1b11840ee14b,-0.7328134835089766
f2834af44054,1.1202036089621403
e2d55ffa6dba,2.4686131138128014
7125da455732,0.6053082861829556
ae542a47c880,-0.7236811340275309
b89e56807624,-0.6692780843517688
24c24596dfb1,-0.2292983292273014
35833aa5ede3,-0.39110312757420457
7571eed96ace,-0.6974558488091542
d93348e08694,-0.3160412385332255
b20a47f9a834,1.1103405815207554
1a0f5e7bfe66,-0.5884602060929842
46473191c61a,-0.1870144752230322
96454fa5f10b,-0.5490553192278409
574db37947cc,2.6357388953633314
50507e2c1f1d,-0.254649936159304
2be3383be47a,-0.5107981962837738
08443b8391b3,-0.33863323237562476
d49267f5eb2c,-0.4382945847695304
595c042a140a,2.7999081412834714
4d65ac859283,-0.778306070119691
38ca8bc22bc5,1.1409938535685562
b90a3ec3ff4b,-0.155734563867849
c56d5e272397,-0.5017124222716627
1f17e6899d7f,-0.2883679973954266
9a971f73143f,-0.2940749461562793
8d978b070d7c,-0.3803300454528862
89578960f8b1,0.9362635041321844
a89bf102f7fc,-0.556850507414319
cba29594ffea,-0.4233250226853651
fbb6653cdd88,1.2291156348668548
d2f5d8194647,-0.5970286187928121
4e56ca27ddb3,-0.4507857630873092
c1fbc9abf801,-0.47290989474577266
a9b83049e055,2.480770328932159
973ae1110ee7,-0.42871270696763464
299703d195dd,-0.6168416201492629
c0527eb22bd3,-0.5025805618261475
a3c8112058fe,-0.5971147722625753
21bc838a9d58,-0.5333558115609716
f49243c7c5d7,-0.469739786530577
1f2084090286,-0.7105929606910115
ad887c67f501,-0.46514026901460614
a4d68dec4e8d,-0.5063904895025946
5fbf148ce2bf,-0.400184526168355
56e842a1f96c,-0.5043523517352414
111f0f4e14da,-0.45769230430803076
12a94a27c0a2,2.5657049511237418
570d1038b6a4,-0.5279937724732997
d3f3ae9afcdf,1.0298369194290902
8f9a96e7a2b1,0.9799004014318556
8fb4cb46f91d,0.9469103786988632
01470dbce642,-0.21296374983530153
a450efac7f21,-0.5824805618960307
3d723d4e6a86,-0.3265723285846138
dbe91337b00c,-0.5501308224403126
85427790d51c,-0.594402424687919
66386fb65156,-0.17007144668792432
8da3cca06497,-0.47841861989429607
02ff6aa03ad0,-0.21264368673121795
52b857c822fd,-0.42621467497484194
19ed1d48e702,-0.2856371924903786
cfe32d6eae6e,2.8926251295239735
246ba4f15516,-0.32294655926237653
20f7dd92d7f9,-0.36405814813266835
4ae64450bfc1,-0.17692844520970305
7665d0d2dd4e,-0.30094564740398333
b6350e20e825,-0.32074299208310153
fce9179bc902,-0.3992866979811195
597793aa0cf8,-0.5138261186799169
d0d1b0d6e073,0.1442131460855756
57e4f3dabddf,-0.1390491082062399
3b3f792abe89,3.0723093862691
127258fbfe15,-0.7724628994719528
4d6c3f5f5eb4,0.09372408407638669
1444cb22175d,-0.49723651245911893
6566f3fb2cbb,2.8122669142887537
361749d6eb7c,-0.6535351295990462
f5eefcd70cdb,-0.24543947352555626
df2313d6ae9a,-0.15782617369363985
de3a2e9ebd71,-0.3795786422883678
a2530d26fb7e,-0.6953482460727335
f172e82df440,-0.2848607917080255
5a7c0424b77c,0.787967267690753
6292ae8308ad,-0.6158812481821178
351d25f52214,0.5080194302819416
c21f88eb6d6e,-0.5785473947328427
da8bf6ac3e45,0.4588387854645999
d33bc9b81076,-0.38906684808492786
2fcd6021387b,-1.159902428149504
d9e646f4f2a8,1.8720645904729625
728063bb5a47,-1.0976242263149247
1baad881bf1d,0.796806029496284
26df229c4de2,-0.19801948269280442
0117eb7192e5,-0.3427577034713156
694dcc37cc61,1.0224888712618894
dc254dbeb045,-0.7116664787368494
5dda7bd4f3d7,0.8903532694567141
51006539d797,-1.1415143787021238
f70bfa740d09,-0.5920845256402872
930583c5a4a2,-0.7042621881749135
cf092dea6a59,-0.259065113254231
8091a898e0a8,-0.3395088387761604
77e18a126189,-0.45350786998013115
be52eeed9489,-0.6150013278563584
6e35eaf72441,-0.1954281181292681
f02431f4d92c,0.9605862334063465
8ff1962f69d7,-0.606060823424816
42dffabd2101,-0.6405243785315393
35915638435a,0.7987746073735105
acb062304667,2.646082342987848
da526a5d9693,-0.3841878759078917
a262d29d77c3,-0.5050139783256247
cf96894ef147,1.0685734713227415
ea804b846da6,-0.4263375165364286
92aa583882ab,-0.4857441167561675
321367224fde,0.9726594300172444
d386f3f49f85,-0.6091820810437291
62221906817f,2.548863769610506
a7de3aafd23f,-0.5573655673935789
f57051fc925c,-0.6385185709083553
6835045e8b77,-0.4111681655842906
c9c17358a95a,-0.5725787984944251
4ebb57a7a77b,-0.7859232185602597
6c6d11fdad98,-0.5565301222929602
af786f890008,2.4736372334732186
c3ce3e0e93a3,-0.10888429337809435
1dd3c863b475,-0.7104603305060647
90fcb6ae6e7f,-0.6521004126374143
eb6fb661db14,0.31102842371324313
13ffb1b5fc01,1.1520358431675484
b51b1033fb39,-0.6860042597424579
e33361b788ce,-0.48887333760440665
d5b45d980591,-0.626035583746002
2e4f3e888b10,0.6781100581136491
13c6b915ff3d,0.87071725847894
ba25f0b5b362,-0.44092766494257896
ddced2348860,-0.5319945550884135
de34744eca6c,-0.5210813967924263
c881b35bb877,-0.5207508720736183
b26bdff27ef8,-0.6140094771985789
3dd0999ad0fa,-0.49158610994285246
7da19464d036,-0.5070215344823397
faa36512691f,-0.35356745882913737
6f92c3382b56,-0.5397003625320385
e211d360a23c,2.6205742509185113
cd175574d470,1.0293479224845332
1ef2bfd9ca8a,-0.5990163552532081
dea55ecf4af9,1.6751628235827694
dda89e45d36a,-0.394932794323139
dd1d510abad0,2.1259491943207225
25d30844a307,-0.3239199957669026
26d379248ee1,-1.2940562270025375
bc316b5214ed,-0.5784943465052096
af4806ae8a65,-0.48663220525467926
30022e642424,0.10207610762873875
e5ac3f7368bd,-0.19890481271201638
29934fb08b33,-0.6051792304862978
731dec8b26c8,0.57794784177176
baa9444d797e,-0.8126592814732038
9aa60c8f292e,-0.4812961522168742
36b8fa5488f2,-0.5837453078582457
e22dd383b7ec,2.5139028920403264
f917d17ea1b5,0.03779992498449767
642afc856142,-0.601895084312574
7fc327fe29c9,0.8894483333282822
95c8995539aa,-0.5429081033285426
832923b27e6c,-0.7588044276770604
098cc72bbb8e,-0.7093193957851787
da9a5248f1e9,0.12061845540419674
38372fe4894b,0.9288581468943763
c70e4f983e16,-1.0765537225082091
ee8078ff9fbe,0.051531258327903666
c9f5f8d9ca7e,0.08609819719763312
48febe29ad04,-0.16447757311893454
4b412bb12a1e,-0.9775964835383206
b45cf85423c7,-0.1256303066251315
b4dd010bd902,0.8530817662971694
13635d26ddc8,1.927564188321866
faf6482f26ac,-1.862621138146174
bb189c54c4a6,0.6313163978696698
f1e47c97603a,0.2698364765565822
20d5e46e5767,0.3874509393659452
32a3f9151a6e,-0.4668076545357469
d16e09cc0a6d,1.0335996444584394
69bcc28ea42e,-0.5177300526743484
82298dff4002,-0.376701457731075
d48e0cd43c12,-0.44427251970244364
f05bbfc89df5,0.825471300364387
a8968409f00f,-0.4696482407307446
96e09644714d,-0.45942421316640525
d76c3137fc3c,2.6339109629934314
e361b7751dcf,-0.5254626767138642
48ad48a612ac,-0.6684502312272719
ecfc1e19f579,-0.5644848613343585
760c35d50ff5,0.7723213556406057
60d7650a3e95,-0.6375861081675879
c93744ec63d0,-0.7497938478911961
b94c006b6dcc,-0.5586082630962039
203758b57583,0.6367040306723433
6321e0bf849b,-0.5356144425897951
9db3d3f91df4,-0.7283378039746655
136a187ed966,2.112175553126507
db3b606b4abc,-0.6360489786495811
a895a6578f0e,-0.4614891796650297
eb81039ab382,-0.7264670065206819
120ed7a9ac33,1.5127446911152849
55f76519d30f,2.836716953590056
d68804012df2,-0.20293309994750233
8f80677b56b4,-0.4228665398864133
a4e6130f51e0,-0.12982184002575345
44d0f1cb1695,-0.5428665983781955
8de3412fc910,-0.26362741511715065
99a3b42efb4b,-0.3432870413793882
f7b183869962,1.0715535359701003
48e7b0d985dc,-0.3026814236889087
ac50a3a7c842,-0.47377793973915683
bfdc71d2b7e4,-0.5934989789483163
7b95116267ff,-0.6329096124493713
74a493f6818a,1.044192660777917
b22fdd67c765,-1.6126207874974994
41d8db975de2,0.9393457868591749
2674aed1c5cf,-0.05340494189095563
686229d5c4d5,0.7698256934967729
9c5318f0dd7f,-1.7276337925674066
7b7ad95b9f1f,0.23695652302796308
e4f9afa303e2,0.33880845551646427
91c6380047a0,0.6341269199983628
83cf6788586f,-1.371740865572646
5aad1ac2cfe0,0.45659644327406546
65bdaa8aa4f8,0.34554790457778706
545a42284852,-0.730793662399833
e21f328f99e4,-0.46707748902411794
e3175e868062,-0.3094067002017021
db8a897e6fd9,-0.15043733373388354
c3d3414b7ae1,-0.512050655617845
6263855d345f,-0.21555351420579347
322764e3d64a,-0.42411187502377884
b87d6f4265b2,-0.2700343112901382
76f2c62ef09e,-0.6788734146986645
50226c03ff7e,-0.2794524398896
5d1727cece50,1.360963936810688
f754d5aee66e,2.6768274592746684
ca8263cdd769,-0.47008334305175103
ff31ec343d1e,-0.48988160563370126
58543f448b77,-0.3430089991039443
bc621566cc44,-0.5152342080980434
a83b1842a949,-0.3110949767392617
5bda1d5ba886,-0.6660301041449439
bd11bfe69ae4,-0.67349777541327
12c6caad1149,0.8637773910747343
3989f4f9a582,2.5583598820555555
fb16912bd32a,1.1261145519663858
a91f7c4f7f50,-0.6257388180835279
9ca336ed7e33,-0.45368199482823246
0f833f138052,-0.21582741302803726
ef8db5168636,-0.6224592937987948
a633d04b18b8,-0.651314033680964
a81bd2330744,1.265270999461387
09bd587179c0,-0.5518548212768322
ac671c1a26cb,-0.658364447357855
79f881664794,0.9393901832578188
a35138b0c6ac,-0.783074878959949
f78447ee1bf9,2.30004975622533
6e9bd4f65e61,-0.820383719268855
a33da80e97aa,-0.4935712411826173
08eec7157b3b,0.29213890960936895
39e127957d88,-0.5677527866096961
74886f61b8e1,1.076640477327551
ccbcdcb0f6f0,2.5119926073859986
d0a7ec4e5d78,-0.501430882597083
87e79cd5f6cd,-0.5209643219091782
f2845ba93f06,-0.5508889206863452
b4a57f8f7acd,1.0210498936624557
364417d345f9,-0.6555729146104062
9cf461d17edc,-0.3953175929896175
64a4a873a1e1,-0.5905257859644494
a097a995e0f5,-0.57818301313627
557b726e31c1,-0.24904675987295927
99e8f3b976f8,1.3202503970727095
0ad117075022,-0.33888571232471737
bbb3cc4ddda0,0.9105356658463836
4af0cd11f175,-0.3088296105287983
b1622962ea7e,-0.05742658766935063
3da7b1022eff,-1.585858751344842
6784d7241005,1.5952112303708805
17583ef6e12b,-0.8535001608353007
37612f38e457,-0.29098464695188686
b41e911ffbe9,-0.12968924690170475
ce1bbbf33450,0.9215708472894111
0049959a0c60,-1.182393424022784
74cc9c3891f2,-0.7348928333729172
800b533eddb4,-0.2522253484570223
cee81ed8ef87,0.9257058720073129
6c74a44b87e9,2.6226532694925972
13842540dcf2,-0.36242735562465334
39c1b2e10c3f,-0.44774295019750737
3209e0bd4441,-0.5598912600376916
a3e9cec30561,-0.5568365488532858
782df5f7a8f4,-0.4704669301278297
838e08574e83,0.9183598776778954
c0a373804c5a,-0.6902849492529977
206cd4d68a18,-0.39195084325390117
f4c9c4e48f65,1.2902476145702952
e17d301c3f81,-1.4781433625273441
eea64d91bc88,1.0360938966520097
30b84c16e260,0.47671881855206655
d79fc1c36558,-0.07513856755402748
d106d55e7647,-1.3173367631548114
d399ec2c6c7a,1.2636669936640708
ac9138b72397,-0.8855817188345376
18c331526134,-0.09788922891329392
a11a293931a9,-1.0679325276507206
c97c585a7402,0.1665306813225665
cfd0d4d20fda,0.6887641638737257
13c9141cbc8c,-0.5646184752385351
b4b082d1daf9,-0.33247304549228573
47778771d13e,-0.621819328987135
3a13a8dc5376,-0.4701088986606405
403e16d5bc15,1.2060354888907892
34de215666ed,2.527159978052639
3733c3f16ebd,-0.45241190684391
8aa9a05fe3bd,-0.5964848348161876
08f80da35685,-0.4487563582465681
fc58a37457d7,0.859329126382459
965c58b0e9d2,-0.5095651043505243
39d704905bcd,-0.5962866406901014
fbf98522899c,-0.411901841848772
0774afa9990f,-0.5900286815141743
bf1367df4603,1.0599985982205342
262bdf4dfc26,-0.585841757800909
e009b9da7af3,-0.5268109782628563
21d4f140eda8,-0.5398189080938458
7f98e3db50e0,-0.7033392356347928
5f5e5489ede6,-0.4040574587446919
eb15ca034843,-0.45490979918992663
9023debd4db6,1.0132495866511035
e9037bdc9f9d,-0.3864569960787536
b81c119c3191,2.5299174722970847
cb8abc6490ee,-0.5203963979438015
26f299d90ea4,1.1325617505753285
8878e508266f,-0.43442861059233767
517f19c3facc,2.4305990471798475
0d5bdd183cc4,-0.23403902185925196
44c8dd966d35,-0.5639092775397093
9440f69c97e0,1.1039615130118359
19ff79b0c5ec,-0.46607691107428495
423ff9274d5a,-0.6850442514403057
ccc37352a448,-0.600911171817176
c8546e6f9818,-0.5112074809085734
ffaf6e0af2ce,-0.6511091875915703
d8a49852b727,1.3318960182208917
d3cb7389e391,-0.5419197428808652
825934668170,-0.5112698317527976
11624b349ff1,-0.4663230727190594
88e19456e0e9,-0.5908426122414676
e57a3519890a,-0.6544311185531009
1f004975c514,-0.4550548529703399
fcfb7a4b8ae4,-0.4878596105752613
dd4aec8a6254,-0.6135819392391297
dfc94594a6e2,0.9763639982110414
c4cb5ceb30cc,-0.38010337223614477
beba61e2443e,2.393126136736234
4a811a6657bd,-0.8798663669802199
380a12a1f8ca,0.9644011646209005
a70f7f283312,-0.07936851252004425
cad3b3ac66eb,-0.24342565315870057
03eb6f262de5,-0.41996352859896635
14a8817a1df3,-0.8158483715959336
545fcf6f6547,-0.34137311470215226
1714295dde1b,-0.8869576189247568
1a7a99d97120,-0.2884717810096733
c78d82b076b8,2.6172609204127237
bccd87899e93,-0.2585373249133266
7547548a258a,0.632150187370149
1feabc847cab,1.4278103008774903
18bd9af6a7d5,-0.9956565788772496
b5f940f794d0,-0.18414699226588388
d41dce01e8f1,-0.521225585225203
5a8ffb95c4aa,-0.45225050122639504
beed0322bbc5,2.0576645729522967
fde3617dfacd,0.4968359833401789
1945ae97b5ff,-0.7366435855937332
d9386d93dc98,-0.840821184644565
a04ac403c3c5,-0.5549183091434144
2c9ab388c85a,-0.6593922579571366
71cedbcdde84,0.9627441377636149
c148d1d2f202,0.0033692611972949813
0a443ddc8211,0.1320177114988435
980060adfa10,0.12087070164464729
04a1517ff421,-0.6675102938364337
6762b8944aae,2.9481666521709293
33e39ebb9f71,0.17319453183423453
98c25819c762,-0.3608939698165293
dd8595ac7d4a,-0.5779388400220858
d4b867b9fb78,-0.8748418170598415
6f2799139954,0.10800256541655329
2df16fc32aef,-0.6172489815824499
fc03cd2ce2df,-0.38718752144516266
83fac73a0ea6,-0.5854036627627549
c9153f22f779,-0.45668694351014516
22ca97158435,-0.48385341472366195
c9eceb359873,-0.5569517518200736
68bf408aad88,-0.5376524109573579
9168d647cf3a,-0.5439287107541441
db8a54481de9,-0.5739140393405064
b87f8a424b5b,-0.4623105585158094
23a1a5ad39f6,-0.5197676322148015
901ab1aeecd6,1.2048009888647615
6612beb3ff4f,2.413037214663147
7f0299ba601f,1.1026309210713463
fdcc70892298,-0.5361979965408046
c4d04c95df80,-0.6345691345581189
7d8ed6377792,1.0999663428652726
d18abc09485e,-0.6161106409838462
9d60903423a4,-0.6906155261438333
a09bd590c00b,-0.29512497552459294
d8376960cd91,-0.19111580568088443
cd8ac033a4f1,-0.2936182271712784
2dad5f1adee4,-0.6707328849714159
851ed61010f5,-0.5506665976337044
f312ae7fec75,2.5718426998677346
da01f3452cbf,0.8069427464754722
1f6bd1c42d43,-0.5431333911944347
00022221e639,-0.5957189928970873
c5955e33a01e,-0.2891088576209587
bc8b79667d7c,-0.461899544022382
69fca2f2e1fd,-0.6894661201844557
262933c1b533,1.1107803241560343
2e980ea11f6f,-0.3540447721743673
aab41ec22977,-0.16059439356857383
c576248fca80,-0.2793158445333504
70927af67632,2.816260555840251
8138ef65d036,-0.3107165236030852
ee59b5dcc2f5,-0.24304244019759025
4ed5ec07aec0,-0.4729516595804578
da3a4fada491,-0.5036325113783269
8ad2145d5782,-0.6698309352423139
868c99bc0398,-0.4643684505171453
afddd3ec93af,-0.592788701101959
4fb8870a8e70,-0.34802073097331504
189daa5a51a6,0.9464870598925109
9cf837414108,-0.5697737147093738
ff578fca98a8,-0.6010721740376089
dc0910447555,2.457075004640996
443bc03c5ee4,1.2511675561698312
1659d6384845,-0.432290743162838
2577197ffc18,-0.9074035563906576
331fe0f7a89d,2.0334951043746754
56b63d4ee29b,-1.004464453393644
0e24efdd9e72,-0.14832558051070885
12e0db9b2a83,-0.3142731870929676
aaae768bc51b,-0.7286975249730836
668976d972fe,1.3628932770181883
5456c9c90e75,-0.949775274436716
53077241d2fb,-0.7965800676732232
3a4779bc4f59,0.20801893331141302
d5d8ea73c693,0.5279131099051471
d7dfb9ef627d,0.7171992198615765
8c8a7f6dd1ef,-0.13022662873746527
a66c7e9d487a,0.025481475714191834
d300faceba94,-0.7775291082690909
4e9aa897e865,-0.6985961948200148
578a6bcca838,0.02442162172910702
df336b877708,-0.20620075589011166
3607a3ee7cf2,-0.15853191657488347
57ea3177d79b,-0.41213609611927227
f0fcd054ab2d,3.051615252415605
0420ff5fdb6c,0.07737501411074679
62b41c16dade,-0.40777765812510586
9f46b5d73e8f,-0.38789500543370625
85093f2fb602,-0.5753120207865468
f828f202ebb0,-0.5621255272297017
c26ae68de1d7,1.0388272166355625
18c422dc973e,0.965581335417879
a852cd096b21,-0.15921171131637868
b9d20743bd0b,-0.5877333972478115
eed0d98163ec,-0.5727490864389158
52fee1a027ae,-0.5683154170612799
537e02e2722f,-0.533120716012815
7a18e89bdad9,2.55371850100284
44b86f7462e5,-0.5583082272458217
bf0e979c6771,-0.4412509497170109
557f4c307bb9,2.5654949193324734
685fe47344a0,-0.41709479893394696
27d8965ea35c,-0.3646101396610314
635690a48b8d,-0.6153514794449766
95a44f9aeab1,-0.7569639990912987
ff8a3a8e8299,0.9757123585625841
356709a79796,-0.33122454191669465
a379792ad47c,-0.3679994512802011
59457abc9f1f,-0.6248410647066726
8b57958c9f13,0.9984266877387448
687547fd6fee,-0.48784863354801955
9e7098cb66fa,-0.5736998570509607
45d9c243a942,-0.4074428666284996
66bf1146529f,0.7978408018870954
ec905639cf06,2.599033986913223
40aaa88ceba5,-0.42018388749263647
1f076f9f089b,-0.20513977993818716
1ed48764b9fb,-0.8574909157670867
102b94c9c603,-0.5346567825863865
e095d83050a9,1.0593803194769826
a000a4151f95,-0.5855430430361961
35710606af2f,-0.37655876334339955
af0d10d4d29f,-0.4570940963408195
911b6c5ab01e,-0.6121449731440893
cde8c5e82741,-0.21809846373700617
17d4c100464a,-0.8101360497620337
92679eb749f9,-0.8054782645491251
9b90e993b91a,-0.46567569865786396
f4611d493a7c,1.5107089606495914
b42639b5edcb,1.034445562893325
8c376a6e70e3,2.143114872771039
c9baf925b5d6,-0.624719711348545
065ffb46eccf,-0.4463431497937861
f62b8ff65e6d,-0.6725687027240026
c54beb40cc5c,-0.6444450342024182
f7ee5c706f7b,-0.0008043215391746773
ee47f25cee7a,-0.3919829137860221
4de7fd0e6996,-0.23036902657075078
ab2a456658c7,-0.36834862809253055
208d09c79a5d,-0.4078956625862953
5716dbfa0a87,-0.5566968163339592
ff3c5b499a8e,-0.22054974203782152
903c0e329836,0.9265961945299825
46bfd7aa6c10,2.921924608127515
f071d29643a1,-0.29822644936858866
240d04937eb1,-0.44793898472937743
30ac16c67a97,-0.3997798063933419
93dd7ee7ec6d,-0.5267327727588107
025f25aaf713,-0.00039256350268057974
17a24dc5f2a1,-0.1996098041559357
0bd05ceea0e3,3.027863525600978
818fce568792,-0.1995548301424195
7d88b9fc45cc,-0.8571212316568824
c2720c468d94,-0.8317129764459539
c34ae094cc20,-0.21346075021447902
bac5c4351d47,0.13846624466798269
bce3a1704242,-0.05094097112008107
908e9b1a52ec,-0.1815606205642563
0dc15eb014c1,-0.3912840155170919
3b9b027dffd0,-0.24069200694918041
d1d553eec69e,-0.6295635550954677
d055e2c5a200,2.5900284643935647
aba8fd478de3,-0.5204404484415023
10d6e5f4162f,-0.5023026864586675
239bf8ce5a82,-0.5031392792868081
60602f7f320d,-0.2404084452495376
ef0c850783f7,0.7567557693244235
d62553aa5d2f,-0.5684659231967669
f2a6ceae142c,-0.5743068717583815
7fd69b2c366f,1.1633548070784578
69c07e83a476,-0.5276178615165561
71b905daa880,-0.4438939697927582
01c6f5fd2a63,-0.4013815243299217
3697f12246ea,-0.353515545218289
4c56ec0ea2fa,-0.7929600498830687
9fc8e172cae3,-0.6754348037477854
a8db2ffafece,0.2842432822340429
264f7390b6b8,-0.35164334658651797
072cb369aaa6,1.0580011376163216
b1eb12243771,-0.6222092842761813
6cc90beccbbc,2.5145123870487636
3f22f58c0a47,0.7563839404164013
51defdbdaa2d,-0.763338678019949
2bfe7efcdbb6,-0.652657515253817
0c30447c2238,0.10070637789431286
268b9ec3f393,-0.668848252673336
244fcde13d5c,-0.5708344397001268
31c865bae8d8,-0.6572473670543778
d5c8a0f2a187,-0.8283892209668454
46a1aba7c860,-0.5963154908086927
8c3f15f7f673,-0.7368102077646237
c13f46093042,-0.05519766009728502
0b65fd60f8f4,0.31972462892988307
ccbe5c9232dd,0.056519620867433305
4d89eb608442,0.9638182280581378
8a432881e661,2.6728737833155205
6358d6393dc6,-0.33017847276085255
7eb780a440b7,-1.054745469646055
46910fa00c8c,0.47658297402311084
cd41c7fc35dd,-1.135236590359951
daa69a181097,-0.5338444962848672
384008d541d1,1.2995725173219976
9c0640e1cbb9,1.4044390355888183
fdaa1a07b20e,1.4217687315761336
71f0ce13e15f,-1.3359303071035402
dc10e067ccf8,0.11192059372295902
71e4c10ff10b,-0.3975478491318571
cce70779b91c,0.07319933305410327
0527fcd2beed,-0.3816845163650062
ec91a04e8bf4,-0.3707008090563543
8d54b43c37d4,-0.5078120592681299
197dd3a598b3,-0.3596904844175519
b83050d25867,-0.2536270129821117
6f25dbf699e8,-0.6517055058478309
504448d81587,0.9886668192185618
2c335393c0d1,-0.5367962089533993
2fae0ef63520,-0.354602699223936
78bd73b266b6,0.44812814847261073
ae5e166ba5a7,-0.7804386930861009
7bec918fc631,2.7602630215092483
80d70618cc60,-0.504462336759021
b9a21514bde5,-0.5713558078473406
766f6d1e2802,-0.35063898329671006
65de2384b7f9,-0.43128671486610354
766c28dfa0e6,-0.7262327373202636
b3a271278400,0.5517301135803495
2c03b270f56e,-0.5581011054308751
e86bda8ca81a,-0.7693773696241061
51230ab65aab,0.9415531197234805
f8e1c1511942,0.6648989618759709
ae440f4492ac,-0.7806502649707907
c5363421ee8f,2.5339231249354097
4df126976ce4,1.0438633806834279
32370c34e910,-0.5952727839825741
e3ee0342c317,-0.3812112530441059
b1c3d964961b,-0.3771653349215295
77a9c3666f93,-0.32313465104123135
83fe5976af22,-0.6665713403692745
b86df927d587,-0.7292078636423496
9120b55b7332,-0.4278170739621288
59b9808d4abe,2.4565098028749297
af760e07d28c,-0.6357992155266616
4006b1dfdabd,-0.5033670494410947
d95b92b2ef04,1.1391733823725927
84396e0f2518,-0.3896430319384353
1f57d3eded1c,0.659793253764018
2443e2165f49,-0.44185102237597346
590f63f596de,-0.5195548730371163
5c6b3e6ec9ab,-0.5283253969679336
f48e656b1f89,-0.6192959304058272
d291a1ac5fee,-0.5802457454156499
2c5e234683eb,2.686929019886836
201ed6ffc704,-0.46588433774758947
dcc033e8e538,-0.5989981674606687
1c57b8c91f8d,1.0386808399553256
18318330a753,-0.24160460825698504
2014f339f0cc,-0.4750999603316827
238be3c45b51,-0.6356903203068974
2e9aff41234f,-0.3567458409964382
c62236f30177,2.4813743839133284
7129bd95760b,0.22346814288573466
541b4a5553f9,-0.5525750436817463
db0398ff42ab,0.44947592370650963
9458c7163a12,1.0486254222078701
a22cb5768e92,-1.1688419354487585
ef2864c6333c,-0.5689591314942638
3cb742ddf41a,0.2826705389510426
924dea8c9e76,-0.7277021794046987
df99077cc29e,-0.30468215385059527
4d7edaf18286,2.6784481507065827
78ec5f33e322,-0.3374523235550934
4f4d84966820,-0.4904985306324368
7fa640c051b9,-0.6442975220506135
8c191ef5b929,-0.44054399116280685
3dbaa1759e15,-0.5252075809165709
01ac40eaedad,0.12144869923158033
b7c71faa29ba,1.3428236101880686
089cddaf4572,-0.45812213060409956
b20796c003bf,-0.5082609938077036
a0639d5f597c,-0.4336552335463118
c216234be01a,0.9109289424550933
8970ae63671f,-0.5748383462975464
b88bb302f2d5,-0.42662243892341134
b23e7f97ba33,-0.698494945415131
0c5f471c995a,-0.3120092388095091
8b07beb13f34,-0.5690748089524991
230be63f5154,-0.2141074959471243
8ba0ca962c42,-0.7067113898604861
cefca6277708,0.7524934391289132
254e62f95bb4,-0.6064947703643777
7b220745352d,-0.2387310487730258
de09e49ce7d7,2.683662101759104
15d05185828b,0.12116511484307921
8cf6dac1ba55,-0.529830467049908
5d50824b0148,-0.5424747030946695
d54315919ed6,-0.4657956531388057
1394b17eb23a,-0.38922011063471296
b9f70f87e0bd,0.20054079831393481
41167b2014f2,-0.49045359364531904
7cd6de663107,-0.5756174278647315
9648b542da67,0.0003374557065500194
d9f9a869fb85,-0.5226300159547813
c96193db21d7,0.17654401830014724
75776c72ba1e,3.017434584219216
d9509624265e,-0.634298911029335
e50af8d9fbb2,0.9269867033298538
238babe26fe7,-0.7442104577655266
c3821b34003d,0.547694441066427
3d02a7528b4d,-0.7479421931949894
52211d7d92e0,-0.03256012429553272
72eaa309d9c2,-0.7138261631802321
bfffaf752fdc,-0.6251164392529219
1e484f00e3f5,-0.6051866888551537
8dd1f725ef47,-0.67674409329832
55f9a8944b02,0.9053790865924026
aa49a5a98762,2.399824839883328
e4a3721faf76,-0.5645564034892624
74f7d17e989e,-0.5443460189815879
c2e2648cdb43,-0.566621788529293
36a54c778d87,2.5397808720376513
d2d745a09b80,-0.305463993986284
2626e6dadf4f,1.243629084651809
a4c8b883f5a9,0.7661997532919159
fbf79dfdf66b,-0.5315328937189437
478fd6a12f3a,-0.5962047174084014
296cc811c9a4,-0.5339222284980716
b1ec35c3046b,-0.33412105323148933
285aff4c3489,-0.5728406121380426
b28c5ad151db,0.8990331327211059
b717c0a5b3c5,-0.3137935705805268
ef5a66083eb6,2.7641721578853615
a667002346c0,-0.013416574225802764
48d704dc76f8,-0.5960896847069346
cbe97466ed7c,-0.5061523987938154
069e4db3d058,-0.403006686253021
5a8531ebd446,-0.557165100602741
4aaf70ad69c2,-0.6463758721165965
1c79c7e2252b,-0.27262254140826275
b92ceba28486,0.45478933466018745
474f3af5ff52,-0.8093721965789534
18dc8400d84c,-0.5956371688383677
7d1a3b1fc2c8,-0.590343260410399
8500f17fbbe0,-0.6004353728134917
21bc08fd534c,-0.6527167526110841
86bb5dc13b40,-0.7293812080269237
929b36f444fd,1.2522556687994186
6a77896b2b87,1.2228410250706618
cdfe5bf2a1c3,0.24772308917694552
c1cb932332f6,-0.6100569690199168
ae2d01632052,-0.7388858126310291
e135b34b7a2b,-0.38982488146446304
6f13c1d779e6,2.1844616427686487
3525b7f44965,-0.35722023044522033
78e9ccf1af22,-0.9270014983479745
7c62d23f384c,2.902623183621233
90b6fcf764c9,-0.7783300287704082
7e12f62d332f,-0.13919371145764128
41fa37e747b8,-0.24350699796936837
8f92cea7dcc8,0.09006718124558603
be14de73b6e6,-0.18826586963124634
c62e4b565ddd,-0.5724799011381044
95b48f627be3,0.07669841088309776
8c382ad5541d,-0.3621659804478429
5eb4ca443822,0.4987754424578898
0fe7329c3a0a,1.6939198763853633
5a9b48a832f5,0.4318927925371203
7610dae2a7ab,1.5459130443691516
d34d6f0951c4,-0.33051045074297025
1dc7f01006f8,-0.6928089821855173
1a5c0b4ef16d,0.6947701027259073
30b7d64988ea,-1.4151952462268047
25a1364c77a9,-0.6210830743821056
2393a93462ee,0.2972675254581506
0cf8dafea12a,-0.8896431331060888
3410ea6ce550,0.08845112616116427
0d0dd05162de,-0.8029735809933705
c9f55f927670,-0.6496042634976011
bb209d710413,-0.5595267743046445
74ca1e4f809a,-0.371284737118613
e7f2a94a0991,-0.40117523430927265
00d518e2bfc3,-0.5681451239189648
a9400d0e9e27,-0.12716830001686774
6f0c669bb04f,0.7945121541216484
53f31fecf059,-0.5706687934050853
4e11dc866b95,1.113754574824479
d994e5e4c275,-0.4772775163030999
e66de41e97b9,-0.7559898645551721
fd4b1ca35dd5,2.572573878483194
43b917fb2aa9,-0.6081353115169791
b0f42b598938,-0.4958710984190129
7fd27eaac188,-0.3910573258529833
17cf982b1fd4,-0.676628333247524
aed2b7eb3eb6,-0.7540964586634397
f306bb9fb82b,-0.4602359663437221
61d73f186f8a,0.033276263445255735
5fa7379e4b61,0.7375588993124043
803827fd4ddc,-0.7692287903246333
8ca136993a42,2.436335083148247
3fa129218ef1,-0.3663790016127304
7a373143010e,1.314462040075118
d72756dfd05f,-0.7225053381674847
5dd97fb47078,-0.24542164811097275
d1629f597e20,-0.18701942555715295
953f8af0f8b1,0.8531589845691617
2b8212c0db87,-0.35498772662663663
78b465d8dc48,-0.6696741048825121
2fe0ab30aac8,-0.6748799333774679
936ff61c5193,2.6047039398669227
3c3e577ce155,-0.3889541120889499
28396f524c09,-0.34828769538761906
86a979febf4e,-0.7992249835167635
1eb1c6018aae,0.9330920432794754
d906edc146c6,-0.5120963847072044
2fb42c9b4320,-0.7607569254742528
abaff939238d,-0.6621456931671271
3ec31bc603f3,0.030017084183546025
5203a9c7fe08,0.10623719205083287
6ab7c1bba9d9,0.9331610536975635
e1f59786d160,-0.5804297452758445
aab741c17a6e,0.9714678152518632
392b66525cb9,2.4817873318923405
69c0f73f71d7,-0.6984411368846235
e5abd760983c,-0.5679400146091484
bd3b5d3d0be3,-0.7408605769579454
321f7326af9e,-0.37241927941452
fe9f75c2b063,0.6384912420199431
7eb42b05cabd,-0.7682769427614461
d434f2f71f2c,-0.35796434739785593
47e4569127ca,-0.7196558134486702
79dc73aedd9a,-0.39041629184449256
7639ed88f18c,-0.25081613340429376
b5c8c8c5c02d,-0.7440739002357236
2072c3435bde,-0.4378324929850481
d4dc453214bd,2.561351861525984
cd781adb966f,-0.38558785867978007
a796fba4e473,1.227199956625904
87fb7e4c2840,-0.31817588156223575
02a7b2dea32f,-0.44621359961980006
bc0da024d999,-0.7816054701196813
bfc6c2387d5a,-0.2601326595698017
61842033cc8e,-0.5436425431509437
799b339bbf04,0.5643165343129956
c2c3aacd8e60,-0.2705720090005508
b3f9f819b09a,-0.5914652355342314
5b1231c95640,2.5181367451296155
174a665c92c0,-0.3715136321092294
bae6e692571a,-0.8348596519655267
f6108693df0f,1.3357274031893893
e1a795d534dc,-0.40690625514149925
fb4ee1e3bea7,-0.6195757255689794
aeabbda8c3c3,-0.6567974373106309
798f5e83c3e0,-0.21411520540932788
e8ad9eb3643b,-0.2248731307298916
15fc2d39ce8a,-0.8066459768823484
53a678b3f82d,2.1019257457843765
75d881578e6a,-0.5840704879185372
0748df16eefd,1.0110915907498708
ed129d2a9e30,-0.5947562046421129
210be24ae55a,-0.6481201745797445
22b8c971e6af,1.642843261648825
3f97be398be7,-0.5231651445741207
93e248afbb1e,-0.5201038409215484
1b492165a5a8,0.9215910102495354
24fc8cf0d9f9,-0.5703205573482922
abd08522a2f4,-0.4590696645539156
5d471f69a511,-0.5026474606730907
99b3a26dc54a,-0.3803547821111957
7a5dfd2538cc,2.581451649220888
62e1606bf6a4,-0.4106350501591084
c2de59caf4a2,-0.6097917520169375
f44cd3997f7a,1.0537121763344208
be741e34381c,-0.5806665834466345
fa8c3feb134d,-0.7146201864295193
951d5704d1a7,-0.6830165018796791
a6bfee54e2cc,-0.4304366878299304
349c403cedc4,1.1376750123466577
f0fc9c9f9b00,-0.4946616847442111
cff7ce0c6ecd,-0.3346858442549447
a616fd2293b3,-0.2743480147774151
01a11e4d4832,-0.6499930861585353
470c7cccb7d0,-0.5547592549399193
e7faf1aba7e5,2.587347159566172
9db471dd6ba8,-0.33641234092648864
97a34b5e555b,0.7479114300278142
f8cc513893e9,-0.49690255457622745
9d49bf16d7aa,-0.44668528764895993
74ee13d9c617,-0.5287185998860264
27975d5f9c80,-0.5131405936924021
91d5fdeeb3e8,-0.5905849351112744
a20ee7bad556,-0.5699676893598576
7a75f4527c11,-0.37654333967201137
d8758e8b68ea,0.9482566995534081
876c9dd3c641,-0.4615184528628955
2d9d6df05e04,-0.5126406431506549
41abe0e0f04e,2.646120872795062
9fc8236477a1,0.9023245236118398
76fc5354007c,-0.43236781507571814
2d67315accc0,1.1321587304482723
652f3a7ee5e5,-0.4732667463145839
344b31354d8a,2.5369392630138567
da87c7f35de9,-0.5346092572919064
15eef611ebd5,-0.5135564975099118
c34d36a98502,-0.5443922675435052
09da3a51e56d,-0.5818390209231797
bede334269bf,-0.6183290330639959
64bcb6b340ef,-0.22892310245717068
7237a3a2e4ab,-0.6485544606696851
b0b2379c28d2,0.9067402073875278
179df7b0a0ab,0.691009760820411
05cf67ae1fdd,1.343937421971851
f1aa20a58eb1,0.11414317996325765
3c1bc6237de2,1.0668903657834707
e18f3de80189,-0.8363426562554676
bd7e285c5a50,-1.2113539147169625
046b5759dfab,-1.661646226501091
8434fe41a873,-0.3829662008163697
adaedd2bf4fc,0.3227454530395954
a1a8b9b3ea50,-0.7259700555505105
8307ba777937,-0.016321414412319282
90d8f2497288,1.2958742866741353
d586cbde77f8,-0.5179601433316751
868cd0a1bef5,0.8115744018960008
a5212938d477,-0.5889747766112152
a0420fdaf0de,-0.4004122013892315
733f121b747c,-0.543463360577673
347b77e758d2,-0.5910714434028852
0c1de6eab0c9,0.9321064998623054
55d0fb5b011a,-0.21600697645071568
72bf99017b46,-0.301574614077259
917d228aa688,-0.5874803494269291
735c585dcf77,-0.6647356978236046
e49156a447d8,2.667998661332883
754423d631bc,-0.37505499384967894
7962e2dbed28,-0.586911240206385
85d300982fd8,-0.3565760852129611
75c540864abb,-0.37849911588531276
69fad4ba930e,-0.6092421766398569
db4b68d9a0ae,-0.526999970441116
9b823d105acb,-0.7262817775420577
da8afd0240d2,0.9449377360703872
805d05f0f198,-0.5244052301107593
bd9f6c785f63,-0.5533367403349561
f063fc38b152,2.4597295726756703
069aa2d8d44d,1.232640021477027
594c14e43741,-0.5527824256574664
8a35a976473d,-0.6220263653818754
575515bd2a50,0.7003519905727102
ca61cec44789,-0.6011600687028738
95aadf0a4da4,0.9237304583722297
19da0f3f3d63,2.726084864597062
6c170876b712,-0.5699374488178368
c0b759bbb6b8,-0.5124762982550617
1b15b42bbfc0,-0.456737840061119
19b47bae9a95,-0.4120177758551357
f8c0ba1d6034,-0.26336995253777545
df5e3c39e599,-0.359659138272858
ef48a7e12e38,-0.31522983312669656
c2a45f68706e,-0.7190110863320285
7de6b6a182a0,-0.6919334322662986
145ff64d3f26,0.3904829353102855
1fd6716ce31d,2.1868759437563554
7ac8daa6f96c,-0.5114858875318218
b53bd75b21d7,0.8670984936122388
a0b6ef15b357,1.464500829286348
169b2a538d57,-0.6398983521715761
25089fe21ddd,-0.7178708175740254
1d97eb357ab6,-0.7389161383115674
e4ae96c0a8c0,-0.5746126546512144
4bb8b27ca6f1,-0.5525575513503307
38f6f9af4d2f,-0.47533804588344697
50f79aef151a,2.591618047007809
d81b663bf656,-0.5673779939749697
07c596415e6a,-0.6787269620769457
d7d85a91095d,-0.29344548307154367
4df919d809a5,1.0044350872538907
7b4d51834cc0,-0.4953793892480002
def03ee0b845,-0.4133349352440268
67491dd9f43f,-0.5578872113954357
0349295d2805,0.9427639581842605
7198e26ea315,-0.5047695202012613
30d358fa255e,-0.17162109873191736
e53d758e6d37,-0.4282329147774293
b24693487a21,2.971997035459893
c19f1bd6340c,-0.4610266390459361
b2978bb7ed7a,-0.3732814395077528
cdf81355a8a6,-0.5742251563539544
cdcaeb4a6488,0.7632474311240776
7b9e933f509d,-0.1945896421634547
06310cc65e64,-0.47950470368106923
6897239835bb,-0.4171172307908563
5378d1f60b87,-0.4432312634067204
8f2b802a7f20,-0.19241437812487902
c9c7e86b7da8,0.058965261836662834
b3a60ecddd95,0.28277096999830637
881ac1b24d3e,1.3995857517412353
17864678394d,-0.7845412214583976
266e73846177,2.225025938583203
a324b9d64930,-0.7776026994943054
9259f5f96d45,0.810072314761452
854647c078c2,-0.6544559341983864
168b46dcb228,-0.6797332674819232
c73ee880739e,-0.7282748248161212
158f10252a25,-0.4731515461927949
264c4e6e35ee,-0.6786607432789314
8e5a8ff79333,-0.3949176258476264
7acd0be87a7d,-0.46141050227560815
7b503d6dd11e,-0.4229965216741223
a8f9e958d57d,-0.36949253900655044
5572b7c9690e,-0.6618374719771353
89564f738720,-0.2806825294717731
6b286f8c1b9e,-0.4225969714944084
88a39443e063,-0.35705201960124977
2cd5d448f404,-0.3072356012313156
b5a9b414fa6f,2.916391099117063
e6cff95852f3,-0.15705280130402793
71c5b254abbc,0.9188834847667544
bb488437d141,-0.6786502207215711
e5ec02a6d120,-0.7565371209604206
651ac7b1c49e,-0.6676017629986772
01c638aededc,-0.8315440884112186
80950db11167,-0.4077227608051589
6667481aa07e,-0.7613735736964482
0a0c56f837fe,1.2544809640251484
dff438381138,-0.7960157458651955
25bcac53a295,-0.36902093732750296
d0a99a479633,1.6069836379133167
4432c19eac6b,0.8765623943695154
305a116d3fc3,1.5304392144782124
1f554645f61e,1.174576111609329
c0f4a8bb61d8,1.8139194567706571
db1f04121694,1.196243417569648
0c3f79a0dee2,-0.42678493233865555
d6ae57472a4a,-0.09122130843089996
b307522d56cc,-0.8812999822415909
d218153d8e7e,0.5231806209779256
e1d643f92053,-1.2132264038474485
a62ce1dc7337,-1.2237413602557339
46b97fc01680,-0.3445212661947547
fb6e2a68307e,-0.15898941305397796
dfce9e948d46,-0.3681349405644983
e497d786781a,-0.4103747335420638
1ee297cfdfa9,1.042150230519935
8ecf8c2e9fec,-0.5311726688039602
e34b1b70b918,0.7159333575992308
2e440c8e8abb,-0.5907686806807086
2b8d477a1354,-0.5562109558198851
5fc137236edf,2.673830358545885
6667b8ba39c5,-0.42837620677912397
d9edbc804c55,-0.3912793329814883
5dc03490ad32,-0.39143212222693646
2ad89dd08d81,-0.5266632467864832
079d78d99035,-0.6056359990444015
cce6ff16ee48,-0.5481327072459501
b2ce0a842dc9,-0.5444221153316988
d122a39edc41,0.8948286822558197
3fc2077b81ae,2.6174306121145787
908f2704f781,-0.5217132876062741
a35a76ba5733,-0.4595765662118261
1fb12a40b6f2,1.01840048968883
27f5cfb29b68,-0.4252388718189147
807d5e8c6033,-0.5596026126275261
c24f56988f77,-0.4057031904343782
2c4fb1e6c0a7,-0.5361729219670712
288c0fb24149,-0.5300975108155886
3608d42f5cdc,-0.7288442035026255
491f02bad4e1,0.054659494132734174
688bf51300e0,2.382272384662976
4dbff4b092fe,-0.6500318772772247
b421c68b8650,1.1127595555335583
dfb8494f7168,-0.22360748224954002
d4323d39e71e,-0.6273947672426452
33ad16f11825,1.087384895925898
55f09e151bf7,-0.6025015846295848
13a18d6a1eb8,-0.6276059490413485
3ac67d83c97a,-0.6902366269996084
de1b4fc536f7,-0.48685383931258924
b6a00b947fe8,-0.22832780010096645
b44da95c38ac,0.6479350631389365
cc4948001b7d,-0.5184430395781412
09a2f1c8cf26,-0.6122274352514464
914ad45f85a5,-0.5911604718875673
1a80ce8c5e1b,-0.7288533816513468
794ef1ba1486,-0.21349354468523019
409df7e82092,1.1522355953452748
ed574995f199,-0.6407515627181697
610da9710c9c,2.6114000376453133
d08cddf516cd,-0.4547889009535681
2b360196ecba,-0.4235245593030886
3390fc112e35,-0.42092008551880494
93d5ce71f8cb,1.461787355606263
8b2c6a13d324,0.6416307480439568
32ef017c6a57,-1.4601877786190554
9a47cd85a98a,-0.2955116956039262
88e9bafa74fb,-0.7654008395404277
c631f3f21b44,-0.3185469964387714
6ee39cc575dc,1.265202514821513
5299f1ea8068,-1.272972234135366
90319f76b17a,0.38445600015200965
7921c28b9c09,-0.4328449446836476
0d5b48517c06,1.2133079559162567
c727143e31bf,-1.1469154362043432
c47800278f7d,0.8740185209634803
f0c2a450f7c2,0.1773545405911693
705008d0a277,-0.07801560754013598
5b4f05bc75ba,0.8813626290091754
d28b827bc65e,-0.8895184184825814
16d9f20a6007,-1.5210021264201001
413b17202fd8,-1.4234822359152597
665fa20eedbe,0.49799347220838136
c4667b78ad3b,1.180567310377003
a93050102e9e,1.0195989640893237
63b86be73f72,0.42803838732388744
25ee00d6e0f7,-0.4551883230227589
ad5c99fbd5a4,-0.3801971916022253
e5a674bc68e9,1.4530633471902628
e1cd4c02d608,-0.6656936525938658
2dbde4609e31,0.6511604806886668
67b4c566b4aa,-0.719137081017792
26a19805860d,-0.6062789047519592
fcd64f9f36c8,-0.5059617702264947
7973df32a3d5,-0.2899838848341503
14d34788d09f,-0.7208962614785706
a0f193dfb330,-0.18353039000699314
4881c157bbf3,2.4226436316558804
a2fd8b009a85,0.7479935358624511
9a2f2b37ec2f,-0.9331094539017218
7761ff669cad,-0.7897904664972857
335e0404976d,2.45672497687539
b9f456086811,0.0778314468437602
7279421f6e7f,-0.004766029074161331
9c6140fd04fc,-0.723419981204994
60e1d47b74fa,-0.7523534283777341
99a72d446d33,-0.41573284864347515
4f396c89ceb2,0.6106600217773023
eb90608b4a19,0.629248828642971
90ab87963be3,-0.9032866023025028
a2ab547a662d,1.288569100777748
172467b9c3e1,-0.31336624744265934
757fbfe7ab77,0.8377408700927247
2fb185926a76,0.3680294831831675
94cd570a91e3,0.23166722457962807
50e89b223280,-0.9235949177877641
59d745f9aec9,0.14664844240711106
274b5c7ac65a,-0.5576017248620171
af7f0ccc662d,-1.528776541152755
0c905bdf1d4f,-0.8048489222107813
9c7323808c17,-0.5901739078078058
d1965095de66,1.8457071402234033
abad76940898,-0.6281196013563284
2c5bdb3ae69a,-0.3642242941537713
1bc9c6638af5,-0.853947329937015
fabe9809d08a,-0.07800669646217169
1309fcc53c9f,-0.40928280978085924
28f1959d6071,-0.1268530729484242
23f07cba4240,1.1261815726880338
2911ec3db75b,-0.29817905465483485
e177c7f6d642,-0.15371520069508057
c1adb3151992,-0.2745823309461627
25c0effbb38b,-0.6959729824896783
86120dc0c6b2,2.756701800736294
de841174c50a,-0.49891504473464354
4c91352d6d1a,-0.5046315613980156
1ac76d14b2ad,-0.5406430944997385
5f9c964ac7e9,-0.46284869698581044
6e49775b78f8,-0.4511492188832011
76ae12140ce4,0.9359109172069479
e56cf9354ec0,2.741120354121063
78c8a69be779,-0.5318605127733567
1b1f40fa1b15,0.6610323652408981
0650fb3276f3,-0.4494555081875748
8149a34dcc18,-0.6150206036519889
7a9c077a69c9,-0.2835393954545792
1f60b5b96e1c,-0.4449258592214013
6423210a9e56,-0.46567766175852393
1554a99e0e67,-0.41916786724045996
b3e43ce1e77b,2.654969961396743
e8e4131eca07,-0.47728196440190573
5360f0557c46,1.0723178745721005
2b09311f88e5,-0.5501799362076313
d885fe367cdc,-0.497236888630937
6869dd1945c7,-0.49707839470252774
f9375cfb6b1e,-0.5652067581348987
90ae7d0f5d58,-0.5524545573557401
33feba64dd96,0.7419220516851822
4c8d99f10778,0.20925808362804554
234e552cdac5,-0.6945088678733313
16adf8d78742,0.9349469056294405
9d563d4cb6f4,-0.8038025980647326
aaac1205608c,-0.5530965194178477
56138c6e7e25,-0.5082577082915507
921c67ae281b,0.15685034900213657
3cb5a4e8e6e0,-0.7113848931930077
e03e308443a7,0.8987237411452973
dfc259130f6d,2.461031716251145
81c42cb9edc9,-0.686170675964183
913b2e5e034d,-0.7035895328514119
0ea424337ae2,-0.29716166144158995
7c123cb8f2ad,-0.44111585648149776
70ade33948c0,2.680892786324219
98d1f47feca1,-0.4925658879487426
e93db2dab29f,-0.38446384227276664
f00747929630,-0.6561019199853947
1cc1460b2d37,-0.5009151225350621
b5f9cc1edb47,-0.7179693026709522
10a50144b0b5,1.0514880240507278
7d3cf3eb06be,-0.4971811465995958
e80ceb6567ae,-0.3945250871086112
7f07ce943043,0.6496190166692659
9d22be77cddb,2.702817386985488
a7e92dc916e8,-0.4782296057764315
41d5c32d8ab3,-0.6806740882583905
85a1a6a1ab29,-0.5187571470160155
df70f350db82,-0.3073257040974891
545c607eb2dc,-0.5634770276538732
79eddc8e10cd,-0.41628168152143186
751982accb2c,-0.5094873102301097
50767f7a840f,-0.44688758436588294
4145e1c29daf,-0.4733335105395945
5b2cb2f7d830,0.9061061741140063
840d22c526e4,0.7855300983597242
d3933fa4488a,-0.24186152058486352
c0275aa0d39f,-0.5317079833323534
94e26deb3521,0.4316744835385459
1deae8b70c97,0.5611883524377725
9e3115f11cbc,-1.0543437601256684
c77d1c71ffab,-0.20524981879403947
def06aa6b070,0.8645096911175301
3d09db49029c,2.270494278767411
14ff0381f2ec,0.26754915560797105
7ae5b3ea419c,-1.3811606342486549
ca2f37dd4b55,-0.9938883869231342
010c6e600f09,0.012796142539483288
deb1c4e4d45e,-0.5350341701232313
57aee6a79fb6,0.9164777003904292
e77f1c74bb90,-0.5851975046208333
c52cf6a19e47,2.5856917319303063
212086c6d851,1.0271243426041383
1c54f8f04083,-0.6822657100123418
fee7f8d4e24a,-0.3650108737662388
7ebd262f63e8,-0.5479170423846232
356ec66f3101,-0.3105185490134149
f3db6cf6b362,-0.48275630806876685
c62d39529315,-0.37657613705724724
0e1ff592e6b0,-0.6440174798781768
05fc7bab8c8e,-0.566962777263477
2f286c5d0f82,-0.4911444493819411
1d7971f83479,-0.5000439178262293
f7c878eec17e,-0.7832839908673975
6e7dbfc2ac29,-0.7246406212790873
7bd37bf7d569,2.088022536884274
77983ad9d5d4,-0.37876956574401227
862ded7c86d4,-0.4161603158482607
abaf025c7fc2,-0.5322002281931961
96148e01cf21,1.5967084372856144
770b564f4a82,1.153120432825764
d0a7ab5e1be7,-0.44464554059205075
45651d30d67f,-0.5905369959121042
c72cc7f0bed0,-1.352497049836363
dd3ca9d4f86b,-0.5240790158566222
bb6f0b76a1da,-0.14441301201371
9c16cf31bf42,0.011029945453196278
7df43e0d8ac1,1.9471688955299649
b4a9abbc84a0,0.3225899758945184
461f5a8be6b3,-0.8198483542767026
2af43e0d26dc,-0.26082097946608757
ec68fd9f5ef5,-0.3148533968617905
eaf398eb20ae,-0.19425682738415137
efc1327b4ff3,1.9205168147298521
0d33686e594b,-0.6154274376826726
2679d9d5bf70,-0.27346549302462375
307c5575651a,1.2302423824171271
f92eff9b5dcb,-0.5997758552586525
0b0f81c176d4,-0.4837656469009295
9a3dfa3d0cf1,-0.5191348661089216
4386705c7a59,2.461682965480412
7e41e2bd2a58,-0.4772262327915445
e75b9a34c37c,-0.5407345284544746
db1d8ad5e855,-0.5634159904225065
4de3f071da3f,0.9630511372862628
e922a84cdc7a,-0.5820304345394764
27e38144606d,0.5533156345623547
e1289afb311e,-0.19552712220522914
9d39078cdf53,-0.5327158492250207
0d57929600aa,-0.425476075541524
849403757eb6,0.5345508140276786
9ba06370d228,-0.5265901852789405
5e72ae5adc0a,-0.3195577836149731
4b03dd126830,2.883693984656095
d1fe3b884f53,-0.7006445575141311
284392b190f1,-0.10726436212527174
b6b7b957b66f,-0.6585979987734041
48c9c48be740,-0.5051864989676337
aecc49fbab16,-0.4932095354603976
49645e8b4a6d,-0.4420352203799004
d5e3df445f92,-0.5938881892843887
2cf86bd928c5,2.5679984250793546
3da5c603c8d2,-0.6299363830182779
5f17a3d4fa92,-0.46618584142122055
f62fa5d942e6,1.1148658378418699
e7e3d6d17c39,0.8760137412893316
e64f78894ea5,-0.600919825296643
8a83c9ba2a50,-0.5865872663340242
229075dd6106,-0.3530936574038824
91f27d0c86e5,-0.39302208561182067
a3e96c8268e8,-0.38068747434547195
47ba137f4b0d,0.14295164228283408
b8dd5007c600,3.0896854396054114
42f7473cdd97,-0.37129893340096237
efc423fb0f70,-0.3146868045772704
352c21ceffe4,-0.36657135496646404
f407ee161bf8,-0.43406977593026436
0b4e865b063b,-0.2574924906694633
1a98b1be0a5f,-0.23073682158004685
5e4be24a1298,-0.625892360998952
2b081758126b,-0.4263995350041885
5ccd0f944be6,0.1751984695848383
0f4e3a8471da,0.2037066162008353
6a6fcb7d3080,0.35911293885519696
86543868f792,0.11222279863254381
76ddbb1eb1d5,-1.2786261634481182
6c068bb644c9,0.30279457696017587
2f2de2ce60a7,0.05316597589719402
d452bf88370d,-0.4745588625329149
ff00d287905a,0.6699268211374575
688dd6d20d18,-0.9628044979552718
a8ce7c6fb55c,2.2480192050815035
7ce5a2a07ced,0.12499802142662829
1bac0adc61c1,-1.3579574302552302
5ef13f3ec487,2.586200935975428
1e966275752b,-0.3687825569360684
f5238a7af06a,-0.5125632413105811
ccfae89d3a4b,-0.6904419021548527
b332f4beab52,-0.35463304401621576
68faaa5c834a,1.082887989505609
dd4a8cbd7404,0.8646360543416542
283ec94bb0fa,-0.6528602643488871
9c279ee65a33,-0.442336660563183
a182556cd786,-0.53370166078431
99e44471810a,-0.48675925030812806
4d556f6a9a3e,-0.49164639940046556
d178c227828b,-0.44157081578419155
4a2fcf5a9bdc,0.13810214926462214
9a6d2c6e78bd,-0.4806448270296751
ce83821f9425,-0.12724102547812022
e631c0966012,-0.524566234943434
e0ab9b1b1060,0.28516636520362443
04d720c33223,-0.3976328221970904
fb811b9f3e17,-0.6439010225542171
023f666e1748,-0.5068189300366658
9eb01df19137,0.029301301193125733
ecc1daf46f7f,-0.3646480072041196
dd1c2c310425,3.0344538695661414
f9ac07fa5baf,-0.1703672232073961
d9daee406cf1,0.00869745750351741
00af1f79a697,-0.34778216898203845
9534a04c5c27,-0.5957153876088235
4e86eeea2fdb,-0.5947459393106872
4e2988dfa027,-0.3655436630195573
74fadf35a5fe,-0.45761504970783634
0e4742f4589f,3.1010306698750045
164740f6a555,-0.3834494513375047
a26d55fc809a,0.01463242041212673
5d18f57d977c,-0.08308843710006822
7bcef8b4c4d2,-0.12605322751673664
3ea2276c46b9,-0.7341207976529673
ee7d98ebf428,0.6896655243662352
79cd16358889,1.1128661640826325
b019d59d2a13,-0.45767487897533554
eaaad945b2f5,-0.2945296978135101
106fb23ea0d9,-0.19543149143834251
45916ac85612,-0.9985651818071388
36cad3bde626,0.19983241729359064
3e993ba2a4ef,1.334293238628478
e45fea01107d,0.028530762011465042
d2894170b486,-1.949699651613348
17a5dfd066fd,1.2648335929182415
533ecf5a1054,1.3786811046883194
2922a11792ec,-0.11985793096889276
f7279f0c7c37,1.8372008005764493
0f1bff901851,-1.1482978260006755
b2eee88bdfeb,-1.1057913540916453
f6574fd306f8,-0.8926059490048928
32fd68b3e9c6,-0.7316163523698752
4fb10ca0448c,-0.00886208078473593
82110942e3c7,-0.6557725163727364
bd1a0688514f,-0.036392035086292095
45f7ebccbe76,0.522019130162032
44c9cead0d8e,0.9612950092529455
f2512cb72eaf,-0.4693530406688583
740ee1c0c1d7,-0.5501796445219028
233285debac5,-0.4250696956501489
694e77e1352b,-0.6202898366290961
6496461afb31,-0.6491486558276641
d3d2f626702d,-0.5676459369118266
fc3a29f844fb,-0.4347977145213775
10d9e5dbfc5c,-0.38616658442777885
c311338cde0e,-0.5049596074486122
0fde88ac1c88,1.6182602606210132
de72da7e5121,0.6356592086031939
9418a5498f01,2.3536912473830593
d73dee2ea49b,0.415834454586829
6b39d8df5f42,-0.09061617110922957
ee2ac8e7f198,-1.0539049345161755
ebaafcbc55b3,1.6352298516162973
fa89ba479029,0.08970811330808592
8f1bfecd6da8,-0.8786556407270923
51a777471970,0.4717652967924547
e64ddfedcab8,-0.5930610159368325
c3ccf6dadea2,-1.1359167570095419
55f1c9d6d29d,1.9490189538457146
6fc3b96122b4,-0.06077471468620296
5fc7d6cc12ee,-0.7486274361643068
05c2badaaf62,-0.7245662222573325
81a635f2c3bc,-0.08925573294231434
fccbef2ed058,-0.5734210432403947
abbcd6527a92,-0.5794264054734328
ab26db9918b8,2.436216573190937
1dfcc1bb1b99,-0.3078362420446718
4b438227613a,-0.5568970908561865
194db5d8ac65,-0.5665477361481087
bfa712a4cafc,0.15682137609812474
8f863a4fd7e4,-0.3324924619428203
58fce3e67e89,1.648107703296342
cd7e8e402757,-0.5107027176801419
944624fc1f46,0.9935741506754364
42540bbf5ac1,-0.4118106166837855
8eace7085a30,-0.45141799189429593
3ec67a9cedcf,-0.6641636703385637
1a1607e2e263,0.8150432949804081
f06aa3e75c7a,-0.28127930201966667
04a1f46f060d,-0.5137598256890845
713a115b55eb,-0.554203363450611
2ce5a463c477,-0.5341801664596832
b7fb038ac24a,-0.4016911112605387
96edf2dcbdc2,-0.6448817102882464
606d3187b1bf,2.6487703124286313
b07f9e507619,2.7688000612967043
eb78158a697d,-0.41568675849830006
bf897d08d72d,-0.450859352931596
676539144256,-0.49725218455432585
471785067aa6,-0.565905532541289
8d9c65b50b0c,-0.34272647158221675
2a7f1ef8a396,0.7875464708213752
abf18ef44a96,0.7633406614228543
1ce98ba3acce,-0.42834619135587915
2e3c3c693e46,-0.5038930072058965
58b7906c49f8,-0.5142843674743658
e4abf4437e67,-0.6007333273970645
b6a25507272e,-0.7821833392335036
a73b824c226d,0.1738567489804237
a18b2be8d7e3,-0.8304830064568804
357dd55bdeb9,-0.022980860070210544
ace670b2446e,0.2467263174233037
36c1640aa152,-0.6720612595640622
6fc062179a7a,1.234987736781795
3684eb9a1166,-0.07492129951793255
127f77a28366,0.12301047381576458
a5e944034e3e,0.3981431896563575
73c2930e8919,-1.7817503350227315
df9ec76fb5a2,1.9876556332076765
9e04b59bc192,-0.33813307666323117
81f757f44721,-0.447216550368843
90831d761073,0.8635673362818217
cd9e002eade5,0.45897532704535027
0c1235021ff9,2.837178692394538
cdfd5ff6a021,-0.5339598388124099
bc3c33812408,-0.2889972585694029
52b43b72e54f,-0.5437417260627108
64ee724b08c9,-0.517555994218899
7a226c66a41b,-0.49028369609558176
f0d0d11a1787,-0.46805247933488314
274481b7da6f,-0.5317807355957478
714421d14af8,0.07145564991675642
f7754167c45c,-0.5662159568741882
a5ec21b6e1ef,-0.96224083967804
bd2b49d5e511,0.2532606811682163
eab69831e4e9,-0.4185248286478049
45ea23fa9e43,-0.5950085274924323
537189c8f24c,-0.5305877249846527
a2f2463c2afb,0.13563955069673608
05b2151e72de,0.07078753790612276
05ca3478eafc,-0.30232884220850986
83a22038bcf6,-0.11019670505573129
276ca46693fe,2.953960005253527
fabafe089670,0.9177973098084629
35ab56965227,-0.5652917240670178
f76bdf35b242,-0.5091767510560153
19d30b1a1243,-0.6795321925862976
5e453052df13,-0.04487492095786939
d214728d4916,-0.5635877406159944
564c53b23be0,-0.5660272974893118
b2958ab19691,-0.5157387844790197
94adc413aac7,-0.5619961115081162
262525291f49,2.567824939186197
3c3aca2fd21c,-0.4895747051333742
6c88fbc7ce9e,1.0101779788983558
922f93e248f1,-0.19769445458782864
ec3c1b1316ba,-0.09206366140718954
4b83b6f0f2c9,2.8060746456876924
3c798c9fb1d2,-0.2782408692654225
6c59036e6e8c,-0.3507752250743038
3bba167511b6,-0.6482043606752296
16d83520b5b7,1.0405511918472115
7f62b0a17657,-0.4564398867264079
7e3ad95e4f9f,-0.5829231485985392
2f8c1ff89d93,0.02271854234955693
49c578c459fd,-0.5863128946655054
6726b01649ef,-0.6766898788840348
3346a6b4516f,0.6442232127931956
3a721dba7a8e,0.9248093304123075
31265ed38040,-1.4849928330494682
7977fc2c0562,0.9261775398889718
825070e0d4f3,0.8710287072792003
98a282c65779,-1.3338457560374524
2bce5777fb5b,-1.0096647463225519
18056b710039,-0.49805153135944763
bfe1db844bfe,-0.24816612725981818
a4d2e442b36b,-0.37732864911713115
fed2fa6a8d07,1.502518792102438
3ffb162aac3c,0.0832920606697564
59aa972a1abf,-0.9185931594604491
67f566a21951,1.964968579417751
755e2cef5c7a,-0.19141368343565313
63d9406372e9,0.2541585610524583
6bb313d52b4b,-0.9189564937200897
4598c02b4d25,1.8621863462387642
3b41119a6f48,-0.5097775117777181
2dafcca5543d,0.167206718244695
2776c13e1036,-1.024764923382235
77194d4af2f5,0.10492938834484981
540a5fb0f626,-0.12587577985161455
a032de3fa736,-0.664068041670759
8b00baab1bcd,0.09910357462046239
e7679030bdae,-0.5692029452461925
8980fe14d5c6,-0.28214676119054394
cdde0b5088d8,-0.5548472618147378
0e27485bfef0,-0.39369077600069
df6920a7e4ca,-0.44829530413302643
e28e296cd466,-0.10592863538755534
2c74ce05d1f6,-0.19888634060471289
45fe94652082,3.109858183137944
dcb4f168d155,-0.26283761407354694
0103057f3f15,-0.05178560768574541
f6bc21b06db7,-0.34134051162165535
a78435d15ea8,-0.9973828236282618
cbf6fd8e7353,-0.09696664279082214
7c771db5dfc5,0.5458406828410594
a84afe0e50b0,-1.054707488443575
b854a882ef7a,-1.2704474487394988
d04be7f63e84,-0.4232369823179883
be56eaf880f9,0.6795951900196923
7ee8780f3fa9,0.3055096738194859
0636960b05eb,-0.01732547449695087
591326cde0cb,-0.6057518425751924
29caac85000f,2.3251369305729703
6a73ac860c38,0.6097362257390818
b305d92d81a6,-0.21980852617052601
dcb2f031b339,0.909078691610531
e98344087be3,0.7742124830465973
2f8be61e45c0,0.8807906806780126
ead6a1f845da,1.5176981514091321
97574e2833c3,-0.039920624349953776
13585905887c,-1.4134722495677803
862e05be4ed9,0.7830810992111344
c3c1393627e7,-0.7531966521231414
ffb8da845d62,-0.09284741751257133
d6e56599d0dd,-1.517252638482197
1aa3a7c7b6dc,-0.8283629977492377
db0e8164d30a,2.6387087107711436
f195c455ccbe,-0.5001723561971265
f5482c7c267b,-0.5758398059405547
f1f36261ecb8,-0.3264657599924999
e2e589ddcfcf,-0.4184446702327461
6b39d36c3040,-0.4713658869686109
096ced53c5de,0.8666885594702145
d74b49fa20cf,-0.5491829205991605
9c488b48b815,-0.5611102186987099
c07c7c7c019f,-0.44875757441738495
0725d13ff8aa,-0.6371020505747109
0c088fd6b75a,0.9830439733801466
5039d4adadf2,0.1301327056257497
7db59b1ee07e,0.32231136400317684
3963eff22f21,0.4462589390307905
61d2c3bc3791,-0.64427171304316
fcc5aa420940,-0.6657184403662861
9d9df68cc7ff,0.3339876290920209
8200b0f76d6a,-0.6555414566380762
d913f6c220f4,-0.14296463647990765
47b05f9d51c9,-0.05258768500311235
0e05b06c29e5,-1.2499638142608924
4833a8f2825d,2.656451627073892
21a952ba5ff1,-0.4780945190341954
5ac2b2024fb7,-0.7115068709098655
4e92434f64c8,0.4416604417322597
437c4a6bfc15,0.7118793924447722
582bb8b90625,-0.8315500534223663
0b8d286b67c0,0.9663667561422715
0259e965342c,-0.8828565545254012
d4660c64db0d,-0.7884382584075185
b1d6e32b20b7,0.35017845434101147
dc3b6f3dd97a,-0.9651481619272032
e0153652c803,-0.8514038749938853
235c5e81eda0,0.36878950457288157
c3caad0c50f6,2.1920292249530435
512db82075d3,0.74798553004442
4c9e83ac7cc9,-0.5220759398673634
2e4f8a25e4db,0.8524659270062196
880229db5e3f,-0.6835792448222552
c6e509219e45,-0.2933811779636936
f4c97fbb0755,-0.47878300203811436
beb187e1148a,-0.548302488667735
7773cc86fb8a,-0.7124283449449226
dafd54b625cb,-0.4024468350437291
637f3c6c7faa,2.7277603468218192
8e902199e404,-0.3445170048775469
d0042a09f910,-0.34269776564709836
1686ae8805be,-0.5413798818525817
982020447838,-0.14843300865628864
7b0e0b1abad9,-0.2755799311136077
a6ea3ce635f6,2.7620660100518717
3d9282c5240a,-0.7107355776870439
deff01b7daf4,-0.4747982445156003
b5f7ed7bcf6b,-0.36962051040353694
4160bf709ce1,0.043707829961409886
6b5b06ab188f,-0.49802778898947575
f4be56db5c2f,-0.7369393555398245
1b6326b627f0,-0.1761122898104755
d2d7ddf9b955,1.1258527485551535
c85d461a6305,0.13235567419488642
d0758778b5ff,-0.6228698468984589
547dd1e2ba55,0.2638776257509982
440ea5181e41,-0.5745070113772808
64fbb411b2f6,-0.1152653371485564
04b50a1561ec,-0.5554588234654789
f9611c28aee5,-0.0024935017802308057
a87ef95063f2,-0.4657828702152293
578fa4507702,-0.5096023588868798
28f1eb8fb130,-0.7158404044935509
48400f219145,0.19348796471301588
19b256f26e91,2.9720988896067655
f2cec9a22b4b,-0.6066671353218746
9b272ff542c8,-0.5147516645205553
415ecbc796a8,0.467207940396593
ba54c4576fff,-0.2952561196130661
75c99011da0b,1.1989742730069841
57870a300674,-0.6013987807677339
9edef71b5369,-0.6264936540047626
d33e0d128945,-0.5152154926279674
2fa4a61e67be,2.6197667472707677
4adcdb3a0d53,0.05261512994651481
58767f62e63c,-0.5639712326854827
9b70bab4d98e,-0.614810011079417
2e6dcfe295f3,-0.4584384858618003
127d352e2e19,-0.6088677286160054
5e3f46894106,2.7688758803413864
1a1b5ce5d89c,-0.4735005878260454
85d5a961ddaa,-0.3149234670562913
add6139e2809,0.7824777550916004
815bd759bebf,-0.4003844514845299
94047de97c9f,-0.48855310734315627
af9d139c39ab,-0.4736000580945288
0685727fedaa,0.7604794731716129
fe4a5129ecc3,-0.5891706150063543
d00bdebb73d2,-0.504394607315889
6c2f81b38ce1,0.2278052286071008
081a2274031f,0.5513823324896321
8fbb323ea320,0.07242784064657747
0d5593b0c966,0.5286421502779612
3c6c55175b0c,-1.0400841178046005
d2c3cc9ea32a,-0.7575734710752571
705d44f2abe8,-1.0741768077785243
89a929c731c2,0.07868282010849299
6d4cacc32334,-0.7149553569826459
3931f7eebcdf,-0.8908315329475816
3fd836e74041,0.6152341768744295
06c6e848ff40,2.4034467375844146
13530117f126,-1.060552034018212
59f5dd27e3ed,1.165912784418415
b9944d295c3e,0.48195872797640144
6623581f13c3,0.8442158005524882
1e9ed814e4e8,-1.2950696827108217
d23ca8e08c0f,-0.8643301135067732
f59329ed4508,-1.2942028921538469
54dd88d73a33,0.6916402199625253
32b62490524a,0.8564429106267273
1c221c760b59,-1.0183128750555719
e8fcef583488,0.7384521232446937
86d83ac48400,0.7538450306639747
7e35291c9e16,-0.20364990315797754
7daa54dd9d2c,-0.9780060958339637
8726e35ea013,-0.14613480359886336
a7970befef19,1.198615583364143
83eabbe5db58,-0.23270230396337646
49a5b816b067,0.36300536430512115
60fb1e2df2e0,1.9871446259078662
d7317937cf16,-1.0339013364964722
6d9158993ebf,-1.141313013127412
671ead70059a,1.0708882272015214
18ff5fd9d6b6,-0.003207962540885548
a39bedc90b51,-0.8807383820597009
c04aa5442a07,-0.41798312508411706
fd891d29f665,-0.7283198718662632
bdbbbd39d0e6,-0.2996888168013126
eae1607ee871,-0.29903963474777984
de0224071cce,-0.34863952253663627
75feb21bf567,-0.7853410135102389
f2240d1201d5,-0.5430253040450485
d0359ff7ad9a,-0.4179236241803551
97a0970195f9,1.152866798441587
834f4aac03f4,0.7735579231130002
273401c761a3,-0.6435668021780274
92c1d76c4dfd,2.557102993395192
c16fe54880c4,-0.5315374318424391
93a4c965bf6e,-0.6376448513604362
ea5f42fcf8e6,-0.6104879741062805
933f0755b93c,-0.6131341995987286
1000229a2b38,-0.49796613255283095
909102357300,-0.11518591776012901
2e567cfb6ba7,0.8869284518715272
440f872f5fd0,-0.1991626304795488
702c9ff94052,-0.619276335932817
28acd63cc94e,2.556869021232489
e47c09f9e6fb,1.047998723318022
0a2ca15d900a,-0.667400722788827
e693123fac98,-0.6956949054494165
b31c17cbf07c,2.5127228557433128
664a4c26a34d,-0.33693982817300167
668d9e182ccb,0.3805417236461887
25ef666f75e3,-0.5843985730521803
6818c651c59f,-0.3294678461178156
840ddb79e7a4,-0.6311156974761157
705e482af7d8,-0.6325657982424195
4b014988432b,0.6788779952024708
f6d65d5355e6,-0.6637937139756402
461de7c3569f,-0.7724018466821704
e35795bf3198,1.0742356345767876
1a8459e85095,0.0013383412673435638
b24f7445b1cb,1.7148581959760458
ba991559f293,0.7865007050868523
b611fbd425ee,1.660762551158488
92777182d97d,-0.14796131680429114
92364f6a930d,-0.8782896910178274
e8615681edda,-0.8347036297720563
2d09753c75d8,-1.394191288751453
a58151daae0d,-0.42338320875413044
189dc053ec0c,0.36888645278461357
3eca1dea27b0,-0.9109081986110449
430a01c2fd37,0.05709108743745976
45930a5a6a58,-0.7314954666052949
f17a52c7c35c,0.7978006864362105
653ac1b42b2c,-0.37742113576354563
2b1283b635df,-0.9052617565419097
41698715a58e,1.2986430252908392
337c8bb7e7f6,2.3062821554899893
9d6628959df5,-0.013276507950488767
5698e2a3621f,-0.8008387962973925
76b268c80b6b,0.1560747892153037
d71bf165a89c,-0.8348540154681923
069e003fa33f,-0.28414861832553484
3972ff8ea87c,-0.6115043594799842
4f1631786007,-0.06555357164054568
c5051405c7bd,-0.9321818551217306
e0287e0ac503,0.6965559977616436
1ae8b0bff9cd,-1.2014732485656785
dd7069e44b50,1.1275411095201593
8cc4c0864ff3,-0.9458100476193178
8f42df222fc7,0.19160014400139846
898b6d13a8b1,-0.7250728350625751
640e38b9d80c,1.4538064612104264
7e97a520d05a,-1.2971159991357217
8a60c5162dd2,0.6445933837141609
2a330a283978,1.0531104609377806
933b51825e51,-0.3291180851808009
8437612323e0,-0.5782292469998485
681ba0389ec0,-0.4765493973158039
e58e457ba89f,2.5750598437329493
86d7b0827317,-0.5950852018516334
9388f7872bc9,-0.5185292178299373
323d6db79b5b,1.0440492013636145
15843f917c72,-0.3625744547071885
6f210d9a0f43,-0.5942864720788228
66d70538537a,-0.5005206607492121
51a671f6328c,-0.6012987991704355
9e15adb48e46,0.937082490787119
3b71939b904e,-0.37809402718794616
8dd3c6c94b5b,-0.4130367728177958
6a745b6e9959,-0.3568894769933901
b88804f28942,1.3124017218867576
ad416d567aab,-0.3926544472544145
a80707ecf47a,-0.7318604568387441
e199784a6ee7,-0.570908102672988
7a482c1a815b,-0.15169977321981654
25d5c0c08841,2.685481182313658
64638fc74e6d,-0.32286105414688193
043af659aeb3,-0.6849125626741764
0cdb7e17d56b,0.005033769605737568
bc39b11edb62,-0.5732765169347543
c51a1fa95ec2,2.616294430905053
0462723550ce,-0.5297601075869844
d6695ff265ce,-0.5197101845580698
b4c5c9138f15,-0.4081551683474313
c0767b53c3c7,0.685739463216068
f36863db8638,-0.6092120380239322
b0a7f06f3511,-0.6344041316927005
f3178ca5d459,-0.5295886793848842
43cd366fa2da,1.0598034977644337
a3178dde600d,0.09423557688778815
c249fcbad61d,-0.6519661422445853
cd2a62d4e2f3,-0.18148745409949574
0add8c34e85d,-0.23071637558091745
35baa4eb5f1c,3.1378154580688946
3771f0794263,-0.13719764129081552
d71159cfdf3f,-0.3269223942753867
ef78bed1d4cc,-0.3972117809748798
258fc6d77adc,-0.27665995433364693
720a57857fa1,-0.2080120734042284
c761bc65c921,-0.14558892471630994
b9913b4a3e4e,-0.5000384086251879
9770a2849f28,-0.14407653545310314
3694a3db95c6,-0.5899039153149226
2b5666abddb9,0.09059071339912628
adda21a3b69d,-0.8411068818489977
50bbbfd6671c,-0.6523690387064562
a7a008b47aff,0.13154835827749334
f6cfa41475aa,-0.49562428608081954
73fdd337e473,-0.5404379986005827
6f8204176fbe,-0.5552874534387444
4a554204e5d3,2.488312162069351
3b09cbad99ac,-0.9848759675036156
5885591c1e15,-0.24192328855305825
f00dad9243f3,0.42943345090708085
3815fed2b0a3,1.1717402300792235
e4aebb7d0657,-0.46791232732596344
4e02246c17a7,-0.43320059626607466
8d15cc46cac2,-0.5307756606794651
18623ecab4fa,1.0651752238832142
6bac93a14fb3,-0.6548551993945875
73248e3ccd5c,-0.4975229962147272
8c31b3b8fd29,-0.4654556253820369
6c4558f92e34,-0.3206232197682217
cd4d88f17924,-0.5421365951221037
00e5100c75e5,2.581423863563611
5d64c5b05ca9,0.90080193854238
ddcfd9c45769,-0.6349188058360256
a0c1dce2c2b8,-0.9433356279963665
d784e0565fd2,0.6359876596929259
e0198a142d29,-0.38645647143521594
4e69f959f56b,-1.2110805458294736
cc86f96d6f2c,0.29787387649725994
abd3738f6d25,-1.0537582165887402
19e7d4aca7ba,-0.3168168849825586
d121d55051b9,-0.921443560722312
3368f1c9eef0,1.0667624984035204
4bf5ccdaf8cf,0.5374341958923546
482760652a39,2.098766519834803
44cc33ec9497,0.1960665572338026
4581122991eb,-0.5621725540773106
4679005bb7e9,-0.5329968905100432
35d9152d1344,-0.5830925755289482
dbab98038d39,0.7603409069423399
34dff9aabce4,-0.525659973534607
bd049e2adb6a,-0.545194073389431
53eb1f5a00f2,-0.46754699191961857
f3b5a17436b8,0.5316577746750641
98958395bd96,0.4985421707912815
0b5ab35b85da,-0.4961956198069953
1eae44ec67cf,-0.779380343440002
af6e1c45ed53,2.7016981697982705
e9dafe3c0e13,-0.2324848658817785
b0c3815768c0,-0.4347946090393895
67df7cbc19a6,-0.6778244614805334
7a06099db298,2.563932439474827
1105f9ec756c,-0.6121109866453324
b0260410b3ca,-0.43424112706802503
d8a43c18d3bb,0.791607551642147
bed7a92e6eca,1.136244918278158
0d055ed829c1,-0.3630243040909608
f8bd112756cf,-0.3539490033806152
84698261038d,-0.7011658462173439
753650c16f65,-0.6821897055911533
5d7808be7b34,-0.46372701911046177
54f44f30f276,1.0499799002798704
4c9bab064256,-0.35787954978866926
02c991ec36fb,0.056519291262792065
579f8ed7252f,-0.4128284593832507
6efdc61d1cc7,-0.3376816699132883
cbbc9731d5df,-0.3521995219042835
f5035ddc0eed,2.8402683916053126
1f4e6757c6dc,-0.36779894224927523
ce31194a0e36,-0.5595055972523267
2d2505d75bfa,-0.48680106307831816
8bc82ee2124e,-0.6083457604681021
8eb208ddd045,0.7500567427847775
6ec2ccc03434,-1.1349546406923796
1f2ef629947e,-0.7170244007316897
eabf791082c5,-1.1779057862130244
cf705b3e4e08,1.341103838188988
e3a0ccbd3d47,-0.08922038514756425
12bc34cfc85a,-0.401926113239995
1ba25eb2d765,-0.3636691379307466
6284c0703650,-0.8373977307024391
e1007ac1a9c1,1.7921002761081382
cdf1a8872ee3,0.8058532547211152
fcdcb7de2be8,0.032984082854819546
f4a1fedd150f,-0.22112539900560008
c0be5729de43,-0.06615167696448628
86c58ddcc49c,-0.0002706297714661788
b418b49ad779,0.03602999205778719
1b77b744ea6b,-0.4445824789146363
cfc95bd0141b,-0.45967037618775325
c5a4531f7519,-0.28359823068126233
ac4eca36a44e,-0.8553790808947216
ba85a5a1c135,-0.10367124401267006
e1971aa1abac,0.13392715173310538
f69e7b406253,-0.7547785028401881
beebf2e486a5,3.019270475481892
47c5fcb9cf16,2.5570572160580096
4b89c9d43403,-0.32111216008619264
c4c72296a377,-0.6196469361215338
ee2ffba4ca49,-0.4672324181486721
a8568271cff0,-0.6178204385715288
6ced634df180,-0.6239530005036138
914cacff48f4,0.781287274505681
164f7ab70b04,-0.485100413291086
eb45c9a432ed,1.208778363162046
a4b5f5c1da82,-0.3931719685610529
ab170bd67586,-0.5295183269156839
ed5ff14c0d8d,-0.48956719152637274
85368a69a2eb,-0.5937490110396123
9be1ed8d94f9,-0.40005055778196413
1f1efa4d1860,-0.5288513594708343
9b9c195d6034,-0.5556762000617721
403b427f08ac,-0.49904551022420096
5e8ee7bd1e3f,-0.3103608141478514
0b0e706965f5,-0.6462339178776971
140101020c4e,2.742104672617188
1273c11766df,-0.40310703201313836
768c027bc32a,0.8728375808394362
75540d439205,0.7214687289046479
b8983cd364d5,-0.3993365797442014
35bc85ebf3f3,-0.34334033643322254
75bfbba6c846,-0.44081937251574316
1ec49efefc26,-0.40317342498902997
c3926aa30e79,-0.11039763682104989
215e142352da,-0.8043183963038575
f3273039e41d,-0.7252774335006283
be557a01f78f,0.5598359955998268
945ff7e0ad88,0.7032837160998306
51b400965cbc,-0.014810866740964454
02c2f71afc99,-0.6360515911300489
35beadd0fef2,-0.5734886064037302
518b579f2f88,2.7885579531386173
86fa4c6f1f47,-0.24230482820251498
9046a0661845,-0.44691361120007905
c39a5f07f5d3,-0.4576433333391234
19ea7b9d577a,0.14082587930825258
6668d7172ea1,-0.7018832942103399
197b49fbcd46,-0.3266745219300555
ba695df5020f,-0.6333347402034333
cc6e5a811041,2.9024034416200273
697efceab3ef,-0.4635775690087848
e34b5ec30fd6,-0.3142762661854277
1be5b1ec7a8e,-0.2801894401498658
37a0ede61ce4,0.8235682835013445
625780372861,-0.5419460665308193
4c7b5b576831,-0.4854023069280393
8f1081e30038,-0.5655562448059933
ddae3865a6f9,2.8059725624497096
332e2aebadba,-0.4225090924417098
9c70bf2638d8,-0.23458314799642027
8785abb6b52c,-0.4506281266377676
0747ef562afc,1.0775290272721048
738a4107b196,0.11349732449216343
d316006e8222,-0.1951466455433702
e276f7b9a05a,-0.5685003950499098
b64e427a8362,-0.5327268882799484
ae4ad728c0d0,-0.19894253128538694
ad8efc2d8f45,2.61991065405557
1f95db1c51c9,-0.6097881776059594
c94f086c82b9,-0.5993706011968002
395d036c3af8,-0.63875719816373
54bee963172b,-0.6235022752684489
438f98f3a5dc,0.7383303495560581
7f2be797c581,-0.3570598466272231
14c609a9fb80,1.0647998248945838
43f4e867ea94,-0.5837445438364343
162ee556b159,-0.6028428211370922
3ca582872269,-0.20903283338513715
370d1d5c3a09,0.3818906153131378
a2c3374a0428,-0.40818307286000033
76f3aadb5bfa,-0.16778651576179743
484cfbdcc287,-0.45179614328198986
a8a0b9549a8d,-0.30276437909038956
7467e98eea63,-0.39760213133994693
e7065f191d40,0.8377085277801547
ae265aa4713e,-0.5945998328259302
a47a286cd527,2.8488644047577973
e5d0cb5a7c0a,-0.5595263409370974
17c4be71d2e6,-0.5669531230307243
9b1db5740bfb,-0.6192520087232137
385448082847,-1.065985791365272
097687bc3b1d,-0.24578384611454646
4420ce50ffb9,-1.3967071740802484
6e0915ba248d,-1.0242089084065926
a45df88760d7,0.20064632259962822
d4b86b1de8f2,0.7136336555274686
9ea684278e51,-0.2406971809342915
ca2cb8deec1f,1.484931519850106
002ab7ba0c5f,-0.22463636719726296
59dc3af5ff73,1.2338314322656623
e4229614bd6b,-0.7539369429344788
64fd8cb68acc,1.3189132807898272
44c3078bdb27,-0.2126168719762877
63f4b8458319,-0.07601940509369745
b4d17724c336,-0.5176879555152494
ac923ae08888,1.1874382408185329
70e04cac08ac,-0.5759855755901191
a2c1f62289ec,-0.7485322767389979
44380ef3f2c7,-1.0044949478597267
731420c011d3,-0.664398965907992
b5d95278e2e1,0.695471779031422
55186b066bc1,1.3183077205530036
e182495d3db8,-1.1638401482970053
74994d852dc2,1.7623584065761158
114154cf0552,-0.643527153150406
f5766c1b6a37,0.27571899788684306
26c7c4ef3e30,-1.1819602776399658
e1e052c9d626,0.38229539094298726
7482147ef7da,-0.18098251796498543
bb9a5e6c4ddf,-1.1301166309655648
a617a8377f0c,2.496571267553635
5f1b894ae897,0.18632256380482684
a6b4d37c77df,0.14141432911987303
96e6c62fb2e7,-0.7074624313318708
3ff9e6096fe8,-0.4309894748695502
25e2f199be18,0.792715936614178
4771bc3ca975,-0.5108061569959392
9c23d9bac9b0,-0.38761640942165154
2222d70c044c,-0.27757060579025905
6afb4fa89090,-0.494814484929605
d2e7b3291451,-0.43953544776092224
58ba5c32a5f4,-0.5449210278331584
aa192dba9dc4,-0.5363596074928078
01fcb7437e18,-0.7473600505491228
fb925a69bf73,2.51026558991664
1631025c5fc7,0.9356827176012608
2e197b5239d6,1.1466219408745493
7786dd07351b,-0.6535864576189847
6d2d992f1792,0.19642242666155724
fe5d4e06aa4a,-0.6605786618309396
b7285313e146,-0.3850797848905794
ae94a67423a3,-0.5971781722729346
fc1400e6e490,0.17825205661850638
4232c1246578,-0.6275791115553322
cd9d124f53c3,0.7600525257548509
97f77451cd4f,2.8464451304382976
96f60c993054,-0.6731000635439168
e9bd676cfb43,-0.30421602309110596
f8eb75d13ebd,-0.5759549518228443
9cf9ef579a3c,-0.1574853704655594
b16082fd9bae,-0.5532336236768093
47d3576891f2,-0.6034706339967528
e734a9af55f0,1.085495174677135
bdc13cd71f99,-0.6186042346605806
5129f32bd9d4,2.544941309376917
8a60d4826735,-0.5341038858275462
a007c607d86a,0.8915705191644124
f0838ce5ba96,-0.5329455932359026
c75fa07b16a9,-0.5379625263883882
beee4d78b123,-0.022656303375770816
33619489bb7e,-0.5778445628980332
9ed2eb9769f7,-0.5411856391586816
d7263c6b8d19,-0.6476231131602784
ef569c2822ab,-0.9970691799484372
e8c2f54c461a,0.882083434412215
ee985c54e02a,-0.7044870749814102
52df67f106d1,0.9887662692462562
ab1168ca66d6,-0.826448365470943
63174574a24d,-0.5325785780670678
2787eb5957de,1.961874454410916
4cbb1aaa8177,0.9484253957394669
e064793dee76,-0.9863292813894879
1b35527f4d12,-0.5493727816469823
2f8dcb857825,0.462758820855753
34dff16332ad,-0.7635675203629159
053bfc5e1ea3,0.7352282348430657
aea6befdaf7b,-0.5372351043237804
a75d23c99367,-0.7049158238024684
f251b58b860a,-0.5151384516384733
3fe6d43541cf,1.1965883888459765
51cb784fdf0a,-0.5787049005963011
0faaab430af5,0.2789812929987089
42384d1aa03f,-0.6392796398446199
6d71b5dadbb8,-0.7810998267912377
9c759095ad5c,-0.1244794895139646
e3d6aeea6324,2.43362284018601
0a0d732c44ce,-0.3586897129931245
dcce219707bf,-0.5911158291574587
7c85f6051a55,2.844080278630329
886fd3a29b5b,-0.7427612336049252
c73bdf935d04,-0.4456570949339167
fe0cd7945b01,0.33821085760544145
18931b9bec20,0.6677786334346602
0d748a41aee8,0.10948230702568004
e0bdceba291e,-0.3755020871760227
0727c85fe690,-0.6189074412250876
df8d252bb772,-0.07293554967039206
a0cb1a936588,-0.7539831279351826
2da11ed1ce39,-0.0473526016601591
ebce31755002,-0.3387467519257287
e19a0962cbc1,-1.409111043144728
67faffcc9ebe,1.2867720039680475
cb6be268688c,0.09662509396174344
d460e6210aaa,-0.1409413833527189
a2db66f139ec,-0.3468184183241565
ed715965d444,-0.6347812070086745
613d86a60201,1.2345803287611075
7f6aab12e55f,-0.10821030246693862
2058d0cfb5c6,1.7565357875000585
c1c1809d4d30,-1.348551506307853
3a9582ea4b4b,1.5148561239969618
149d7ae23b0c,-1.3399081550730256
6d2770f3ff44,0.9943763085162308
3ad0a9ff5ce4,0.22022724388227183
b3148fb8ed77,-0.878593253479992
bb68fdd34c9f,1.1870543934549573
ac8d540e87b7,0.000784226483602074
3da9e4714ba2,-1.1243948154068608
73d92b80b405,0.5847296247791615
c52a5053199b,0.5857122734468004
1741c4f1d273,-0.9522716334034498
ec729bdc0d0c,-0.792572337196658
5552714ac728,-0.3838639739574685
c856d81fdb9c,-0.674828489055274
9582fba35b03,-0.3472277804927314
8eea16cb5784,-0.6276340586478782
5b3be4520fb1,-0.3942525051371017
2d8a0b17c344,-0.44098978512332276
34b490bd9eea,2.7452013516409495
1d7fee9d9533,-0.48595670513637823
92fc3c2ff38c,-0.539509877723088
588d868bc60b,1.0160667339655456
aafdb5af282f,-0.3871171908191585
62c1a35e3b5d,0.5201122804859062
e3611581ce0d,-0.5382442793194452
845fe65a1a80,-0.5416066155999788
5ecae3f55464,-0.3951405812630706
6117434ba677,0.6614159017580905
4d5ee479f353,-0.3297622332143871
0400fc1d4494,-0.6117511227021288
3035eb47708f,1.053562120649223
65e76edf19a1,-0.38765422201388466
2fe8f7fe085d,-0.5283098508530194
5478d62987ed,2.687121957684542
384b6abaea05,-0.564835104437512
39b964efc679,-0.5047959706884293
d351ed47b338,1.1222242287591027
ddf087d7eb8a,-0.5418057457863049
b7765c1c0e94,-0.4130066407093372
2c00ad947b86,-0.5016680241774802
30d5542596e0,-0.4831856229823379
52572fc4eba7,2.633394149222893
65d6119bd446,0.7318039909647558
5d2ced4711e0,-0.5137350075019067
49ee60fa176d,-0.5041895329596384
79c776bc4197,-0.5926625397691888
d2d177f89f35,-0.5175134257336628
6ef9927b9a08,-0.41965582932689455
1e5d302e5921,0.24886302987203424
cfac14884f6d,0.8434633100902096
aa55ac39ef25,2.0399654970473287
59cc1b58cbf0,-0.16597332108066812
12c1d7fd9275,-1.097582644261856
e70de19e34e7,1.4309113395452606
9901ebd318ce,-0.10219073891417513
6d3b694700b1,-0.8356929149408437
3db7741d7d2f,-0.08317918726544143
772560eab495,-0.8634866023889056
ff5846df36cb,-0.5371897890275169
cabce9c1339e,-0.8779079786754254
5cba5d81d17f,-0.6267654895767389
ed24cefe995c,-0.576928426462179
14e0bb90162c,-0.5216221317181724
918736d2da6b,-0.00023662613526250625
d0f5ab7f0eed,-0.2977759546972689
28d4d1e8e8da,0.9786447672763899
b38e7465b184,-0.5719300954160662
681a364318d4,0.4716896654901956
43e9eb433f86,-0.5720737832597808
c87c964c7864,2.7350302782770637
5af25163375c,-0.3286243249760214
7672d057d96d,-0.6894078788021594
411e17eb9586,-0.5399520591856507
5fa0545df5f0,-0.5008386605114385
372faceff7a1,-0.3955758390383405
74121bbb6755,-0.35553351943400324
8fb69fe2a00d,2.8575914635867745
774371a43eed,-0.28249440868036746
c400ac82d990,1.0893145216544988
a3b66af6283b,-0.3801060002493414
cb8cbae6a99e,-0.3370001587521113
35d5134a958f,-0.4727232046007372
1dd0426ca352,-0.292683722843702
be4de3292624,-0.3899984119455808
7d2ff0d0e12c,-0.7602082891901824
3bc46fc0f4a0,-0.6852426492655753
f31af64db4d0,-0.9417379933786433
3ccdb490d173,-0.8387345508304538
c9aad53532f8,0.17271705173876523
cada3b049f75,-0.77662316782249
0790e5db500c,0.5768735306401818
f4c37c9ae30f,-0.5924534713772187
26ab9ec68205,0.8617101229963384
e23b19c1b33e,-0.4740978537744843
eb77f651da81,1.7413627470669497
51809f394f5d,1.7164345231968126
54551d714b6c,-0.09740002109289693
e8839641ddd7,-0.24189286213719557
f8a948a55939,-0.49869822763136407
679f33e80a65,-0.30753093285954597
1a09b9cb40a0,-0.03150368370003231
3013c08d79f1,-0.5599827423056101
02b83b81aaaf,-0.5225207687504551
2ab29f1a597d,-0.383574145674479
fa804e85ff77,-0.19719952984914413
3b6df7dc1253,-0.02681283669250847
d09fed8bd631,-0.2540929104015438
c75b5dea7ce8,3.1212086610947756
e7887b3ab5c8,-0.3382767728320439
0152b6dcb05e,0.4284266795131307
001fb5813dd0,-0.0653103096635243
fcc39d5b650a,-0.5789896112852144
1be8e794e7e4,-0.17623591256064897
c8cdd6868537,-0.4564244561111914
771ad8ce8c18,-0.11991537049297261
b0cda79bed65,-1.3442394018698012
55b2b559b533,-0.8291549437310556
a0c471abd1fb,1.7447861122212556
df1d090632a9,-0.3602657152516894
a1febba5c893,2.095599702063756
20ab7bd3cbf3,-0.6417935905090557
d5edb76c27bd,-0.670923253637117
5baa96977b19,-0.33176615909333795
e06b1abefd0a,1.352005393767341
67ef556c2d0e,-0.5730029641933299
0f418a07668e,-0.487047507549212
a318f20b6d63,-0.712807115077752
06377c6e6a92,1.4785802318524641
0ddc0ab2e119,-0.47952865654832955
d8e03c18f0d0,-0.44555534018008086
99b63493cc0e,-0.5366620599740115
46aba1e6e277,2.048501021142421
b74e544aa91d,2.4962635094266146
273e5a98f8a0,-0.5431445300737898
415bc32d42fd,-0.4796075478507826
e8ced9e708da,-0.6507912852529207
283deb36c85f,-0.43305807786747863
a69dfcfa142e,-0.7048241761957103
a1b9f39242fe,-0.4696459437586184
26ebae69ae89,-0.5843108835463786
7bda52abc7da,-0.4324734626789156
bc3ff4d20873,-0.30053124670955766
9126bbaf70e6,1.233818183421303
edd97760c35e,0.8683054610862349
5092a0622f07,1.4395781621697548
163edb1bf378,-1.479773595315271
0b236e4e4be9,-0.1024987489778879
547d19b85b2c,-1.204917351106036
3c31725b7516,-0.568939651775277
8329f022522d,0.292233665004526
1671dab0dd5d,0.058853963328241776
464d53e4b8d1,0.49177270213962593
78b5f8ec7c08,1.678896537083222
b098255a4e55,-1.2216660481437858
7868a36d8b94,0.37570892471135625
35e3473df802,0.24075144088153028
3135c23939c5,-0.5704619772148157
050c02cf501f,0.9785697728754085
ce4a93763c4c,-0.47702054133920396
f6bd567afe22,-0.6882044362766753
6a9b04c38bd4,1.0306076092180867
6abb7e398918,-0.5352870448770803
a1deeda9139e,-0.5393810483508067
d0eafb105fd4,-0.4418573212181414
2b5f68450484,-0.580795098296198
94b192a519a6,2.560337345780277
d3d5426879c1,-0.29673463489999713
42ca20a95cb2,-0.4397726254008533
9e5f31c47eb8,0.03137748544491183
5edde19e5c9a,0.10049047329187125
2966d39ffb5d,-0.5298912106797407
7348c6bfb792,-0.6023412854720124
fc261bc765a7,-0.3405080178567897
7b76bdcf4029,-0.6568158334490695
886336d295d2,-0.7166252140872094
283ac5481c6c,0.9534700335650376
2cc2485a69f1,-0.01176007941186983
ffd04c402c79,-0.6056424067629164
17419f9bd88a,-0.4169570189566857
5f270bba939b,2.7952030743744727
dd688aff5de0,-0.1555286337753367
e3ee0b3fa2af,-0.6509029137673924
a600982042c7,1.4038356465062074
76723fcc775a,2.63363308013168
61592ed47a0b,-0.6530322991007537
f19a3472b4a8,-0.6995974783317371
b20dae40ac44,-0.4825662651459718
193b89ad273e,-0.24510150334255668
a9451d5dd855,-0.4037044844081475
52840cd3644d,-0.3443865438517114
e66de2f08e83,-0.38635204084291336
1bb51b70c449,-0.016296564071366725
bbfe040a9b5d,-0.42453447649572196
0eb3b81b333d,1.0815421256129372
240eaa17f6df,-0.31123263384692995
a6f75ec5a3ed,-1.4659656264480803
4eb53a108954,-0.6931542113745786
ba6e91835479,0.9073701593927372
6a5388342493,-0.5437212340943186
90d42420e303,-0.657488967467724
9c9ab0c3fa9a,1.5021379351798472
972ad551f491,-1.158588871719905
f0144cce2081,1.142291097226862
77b845902f1d,0.6213447040348752
03f32064b0cf,-0.6068385632857214
bec95cf7db93,-0.5683132272846668
4324f0b0adbc,-0.5740094887474474
9d5ea68cadd5,1.0034349533850397
7c4c722c0041,-0.5580826141275144
e9d6669b4208,-0.529579930772037
cae6383cb8c1,-0.16794483080700617
1c4a903e8a73,-0.5731978885976675
ff6c2da49591,2.5151003549313256
4680ff84f421,1.0517045177453967
8be3beabf7c7,-0.28607014408920456
da61e08e774d,-0.7062031383504973
e66cdde1ade9,-0.4510618322925855
54d655d7b082,-0.6433780911660504
0c5766c534f9,0.03184073889319704
b293da49bfe8,0.8596836237999397
711ee3faab26,-0.5093785185042226
62b61a37550c,-0.6942879370048259
43051054dcd1,-0.7641196632464494
69291de49b66,-0.5099686799332761
eb1d5eb2b89b,2.5776145095466068
ffc7695cf3fe,0.005554590702213413
159363030199,-0.787454498475008
1ba74ceee847,0.8849557576804612
040ab6f75014,-1.8116275545673288
6cdf8b7782ee,-0.14171409535576138
157c571e2811,-0.3177443078785752
9d34919fac57,-1.0939233425178303
d633d1873a8c,0.4848185953121583
1ce8e4bd4d86,0.4496798353467195
460a1b079793,-0.4899850728989244
d0d70b27cc4a,-0.382622420144151
59a945e166d9,0.2727381171223868
7bd0066be313,-0.20775227862311021
844cdf128d99,1.6626046160636223
ca44118e0778,1.5755279081407945
334acb95afc2,-0.45223489222090396
609f0a6b5418,0.31003773003396395
b6593d8a78db,-0.8276190331252157
fac61db9e39f,0.7252012090519595
8d730df2e058,-0.509547684920208
0feb90d876e7,-0.7452012072631743
7bdf0940c46f,-0.5853180241692462
221d64c12823,-0.682984759727662
f442f46e6fb6,2.447663001709054
2a76227ff94f,-0.7397515922152
afd183f9b73d,-0.07968075866354334
694f098ea802,1.1394360115101756
b65f663ba704,-0.5391007733306982
27b4f2324bf6,-0.5493974387287217
8985e14f3035,-0.5640347846186771
17819631a4b7,-0.2733953233196671
9e9f20044446,-0.6006243680125483
55d7ab9598e2,-0.4606696576029128
a1feeb94e1ff,1.1578283113158077
e0c0da39ea26,-0.4375591645198414
71a680bcccc4,-0.5405920133284383
55c88b14c13d,2.54737473696163
114107196d3c,-0.6056602758427617
9f4d22ecde2d,0.8658307510268288
c15d01f3d2c8,-0.5742453080113776
064915e6cafa,-0.41762576812170127
6ff45a417457,-0.585780005856677
1763e22f5b97,-0.6068946606501547
deec895b0abd,-0.3657284724535067
2c86918c4223,-0.17117128453432057
548e7dd47d19,-0.4508757698785879
83615e0abe2f,-0.5526720160712237
5ba89f63b7ba,2.6927595197241025
673734a9e556,0.7144463326428588
e46aff5452dc,-0.6443254498076099
4b5d97fb9075,0.9621128830181982
e4c18f9fb098,-0.2012013765974601
81661265689a,-0.3298448996374095
c40ba2fe3e05,-0.28338970080373316
c72eb4ace73e,-0.5504557917578643
fd066a93abd4,-0.5276717384467583
f57fe3b595bf,-0.5197026202630176
3545667ad3ac,2.8434229537395197
f9abc1bbda4c,-0.4215706847209833
082a9bb9d8c0,-0.14039366693691924
840807c9aef0,1.036068453696193
e6e3a932c27b,-0.19300974461413486
98d611a16b87,-0.7122511836574326
6b751e33d3a1,-0.3125845576663961
378dd1168a02,-0.6035490041718379
cb85fa29686a,-0.5270675823384909
410c46cf2c18,-0.3897280337124767
cd5a2c64b3d3,-0.4496917743301444
ff94c30a5333,-0.6159630785276181
79a44730631b,-0.8031737881815496
586020f97a21,-0.6399596831872156
1f76e6137a33,2.358050327197783
c147ba8bcd2a,1.1710632505651877
313f246975dd,1.1698582150278893
baed7a0849d5,-0.35725429067513076
ad99d49174b3,-0.6003240314563463
eab2a920a156,-0.5796524048441465
ee04024878ed,0.09907649602425991
ddba91eadc69,3.0619350854191723
ed492a425454,0.052727824788686865
73ea4ce16404,-0.423255859366188
ae56c857a13d,-0.490701685828963
a5954ec21986,-0.052171914881205525
d1bbb38b4eea,-0.4439922799642273
58d584794687,0.07252175791515403
6cf4d6f76eca,-0.4100708531481448
1c93f0a4cb3e,-0.2860921346580512
6890c3efe4df,-0.4839187810677083
06357d15a41a,-0.46505658604200506
61bb0e5043fa,-0.5733823123702525
b66fd3be023a,-0.44798461561216807
c00d0ff5541d,0.8129888611216387
b1c956d5b372,-0.5079769472367879
ca9284bf4849,-0.560361839788531
f6f88f42b303,-0.30570060465773424
e4dcf25892cb,2.6946872239323203
69d26012e0dd,-0.4935581432330852
d3f30867869c,-0.5850672191362356
c3d55f0865b3,0.9153309640905493
31e5770d3601,-0.4328657355828609
52504a8607b0,2.66836707270265
b3dcc88c379b,-0.5653639548721101
c9dc48c912a6,-0.5385715068956247
8f68b88691dd,-0.6490335956199148
85cacd936157,0.6088766659045656
20a46678411d,-0.5360065663803139
676c065e66e0,-0.4325614863872953
e4b7feae6050,-0.25001054791557586
5a69a733aa39,-0.47335954567581073
ed7e39bf41b4,1.1206383574590253
7aa69abb1a56,-0.5201091567367342
285ae4c198b0,-0.2899093432410843
b3d02aba058f,-0.3012096406554371
615ec9c13984,-0.2615353297182064
7103b5d18bc3,-0.5691021504699002
62d9310cc46c,-0.3940733352233559
1533eed8956c,1.2395881930482597
e7760c5c2ef3,0.6093732696460241
9fbfd2dfe62e,-0.7067094044264591
fcb82807572d,-0.3481555616027369
1056ff8621d7,-0.8174323561073408
4d76bb9d2712,-0.7186544352368127
26825f7bec5b,2.5578200939870497
c6952fb74b56,-0.47426401191953477
4869e11681eb,-0.6747384164793979
d7afd7095928,-0.2524525398171132
33fc6c05a529,-0.2608951472440947
78a61a757437,-0.15188223626013836
41a44f966468,-0.43633788826384995
32a9c7468d71,-0.24530994505905165
bd3ed93f82ff,-0.5444474592339511
296231f9b27c,-0.11690235561697268
776b49ef7732,-0.42353033376015603
0cc2be34c5bc,0.5639359275039061
b0503cf335d4,3.016824406150355
b1744fef4d58,0.7170180593025526
268db45f2834,-0.6248707802671823
08b6f4df231d,-0.4250028546940261
e0a004d31144,-0.532032391781403
dda4ccb0742a,-0.17449605915678798
d99e8875ade6,-0.5632947904297821
47f4f1a9d90a,-0.42221067847125526
e2ae371d5cfa,-0.38949884696490356
c125124b3ff6,-0.6423621405942355
c5c22f01bdc8,0.8939163932354037
ca08753d1143,-0.561091828382181
853d0b084076,2.723925918203801
e39d26fd015d,-0.22593043882791577
5fafa2190380,-0.7264879901870397
b1b2c8d0a1a5,-0.40940679947586356
49005a16fac8,-0.6465222418437733
995afe6fe3f0,-0.4057029013580989
06ce801be172,1.283036198840526
d759100194a3,-0.6267480282063488
129f3a599851,2.609149266516006
0b70ba5a2987,0.45365862745758556
e60ec4a39cd7,-0.5846885983043115
067d190b2abf,-0.36666605432306604
d1a4aa7809bc,-0.35369104028770076
3b67c064089d,0.3177323059338836
40ad40d6cd1e,1.135552911940322
80ebaac93bce,-0.7718657184842197
7a90427be688,-0.8414387100287272
3f32f40df411,-0.7158202518277701
279e0eac449e,0.6521799516875538
3d101ac14df2,-0.3314474871856242
b6e6b3a4ba2c,-0.7707372159881323
541c87d365cb,-0.8604764925865005
9fc95f03fc3c,0.06291584640089448
92291b91b6c5,-0.2840031063035151
10a6def78f9d,2.407407966441835
7093f649a55c,-0.7627845524219701
461323ced458,-0.3744068185656185
38e4b5678b68,-0.7269706394072215
662e49dc4b2a,-0.23354446399597664
86641507cd97,-0.6925055855160774
83e89e40cb98,0.9608677183237602
7a141f0e2786,1.1221411008593076
68f94b3f1c0b,-0.335794657175929
cffdcb391796,-0.6764777222805731
03a5285094b1,-0.31145383359904477
39b2762e7967,-0.44900147545965907
e4866df2f87b,2.4799309292390026
fd7a9fa14e92,-0.3623245031914614
45dd40427196,-0.7183564569743741
c5a391e74055,1.1601209018228233
00fff150bad4,-0.27593990690581754
299a85b32285,2.59538130500944
8c025c103ea9,-0.6629820404223398
ea2debf107fa,-0.6914817892691119
f24cb97cbeb3,-0.33402565676618967
77e54da31f97,-0.61999787785651
28bb2da6a767,0.6755570436278042
df2c9697280e,-0.30561977468201046
57e95e3de810,-0.4603312443922526
4fbdc685fadc,2.6528150070380403
66fee9d38e99,-0.5199458630275466
0fc461759627,-0.6335085205934203
42caf5ce9911,-0.5382207707822685
04d283dc1a05,-0.5242721335290766
63da911903dd,-0.6373379466513263
45c8712ddb28,-0.5356553190448962
e1a362ede363,0.7784401557055642
b1ab2f3febe7,-0.27801373403642154
23a5715613a3,-0.19209915913834485
9b14da68c9d5,0.9928172014187183
a009a8439550,-0.5650189173590214
f0f30afe367c,0.10584959684919037
31482249a69f,-0.20032942747143295
0e4f0e8d7d68,-0.4074601163334169
122cf21f4f31,-0.3809016987937311
f434d534f046,-0.6293297159815671
8f2fcb3f67ff,-0.15720117551707327
8b4fa66ae847,-0.19998044365970363
6a537755f13f,-0.5824076267422993
b5114cb28621,3.0884243301585803
e21b147cea40,-0.31598054597002073
bb77279b3eca,-0.40333655449711353
88991fcb4a20,0.08265337795858735
99c20e19a693,-0.30238339961546723
3a5483c82fae,-0.43613710865180666
5894722db698,2.908712869630441
75b3d320e55e,0.6080197613142725
7b871ae45696,-0.5660389064044118
95bc9c7bb910,-0.4468712840524363
c10eda4a0ecb,0.4640393226306259
3fee23ea5545,-0.447692679588678
be53f455e22d,-0.13649832876191617
58be6fc2f545,-0.5637002468928713
718b9c9abe46,-0.6401141281754157
be410281e76b,-0.4413358714323359
8e5f547f5339,-0.46115687943489225
a11ff9593c62,-0.5509879178245379
bbb1944843ba,-0.7799703701204931
9621dfe49689,-0.33533880601301774
b1e2a3680802,0.8357864472310093
c0b88bb8fa04,-0.36368356920506967
ead38514b2a1,-0.519567658838852
e637c57f42ec,-0.7026734759399875
ef06b96a4695,1.5919036455093107
a6b7cdbb50db,-0.6105885631976822
ad85130b8a12,-0.3649067475983606
0928b95dc4c3,2.261183895432573
5f89fb23ffef,0.11483879710706599
156f0b1bd408,-1.3973454495911475
b179d5da20db,0.6403159630150048
94bd80ec8aff,1.3963453371584844
60b3e51e7498,-0.14279117480591275
bb0eea337945,0.25188892685341147
db9910521539,-0.9193101675620647
f9e001bce8c8,-0.7130789766714217
33e41d5df1a3,-0.20248258907201797
44ff64e8b2cf,-0.7060109753741116
e9bc8a91c574,2.0244888703846957
5f062cc085d4,-0.34685856144198574
f2695efaa337,0.5151237851158762
4d109a6171af,-0.63650566143609
53c08be1bf91,-0.4082597584705688
a96dc750d4e9,-0.2734042413378192
585181526ab4,-0.4734125501215907
52e899623e89,-0.3241555366147924
3e3b436d7546,-0.6264618372617442
e0812d041907,0.14247528992731479
dcfa049e11a6,-0.11789550319427339
697056073179,-0.5284126538322499
d847827bc363,-0.26273588547024074
58cf34cbfc0e,2.993644552696178
e6d2c7d32330,2.4243855394802116
6e2c6fc69835,-0.4634343333325569
c88e11a918ef,-0.5638864448093343
a17b524b4adb,1.1860945532344322
3e2d40eb6ebd,1.0863806581697644
448d851c71fa,-0.5552823220271419
358b1cf2f07e,-0.44797828077532686
0167a8214a4f,-0.5390885580520314
ee9d1516a52c,-0.3614955681895216
54f4f63e5677,-0.552468618196673
e6e62b441afb,-0.5364381320158269
79eb7775e555,-0.676788493485995
355da16e74e5,1.0726904648606612
c7caa42ef5c1,-0.38482074527311905
f5f3bc862b4a,-0.42426919374592026
6fcba459b034,-0.3129943514071883
9ccd1fa90d37,-0.5305491850839896
7968a5f52fef,-0.43647841367594165
1d2d120d1e27,2.787367039249936
686849985561,-0.2907020869140571
f754d326e5c5,-0.6167389496907424
694e0ee3ac49,-0.3056694209714659
9c6e3a815ef7,0.1959296715086854
c98793eb0356,-0.7537648288568581
df4c85f6388f,-0.9933575010601738
7ec009d3ee7b,0.33511421664367774
75d6d0455157,0.4651242423687327
c56cd9f3ee19,0.08810999988033288
bcab52d944d2,-0.890608707734616
c518d850f545,-0.5468569099346604
c0f27c54ebc5,0.3726444701735308
9fae32c27aa7,0.6947718770127685
6b0223553d6a,0.0628568844673883
4e6f91f531b5,-0.8786715792184474
f36086284e11,-1.1229567504256102
878577f51ddd,2.413829757827077
d0e6b4656bac,-0.3306544591138328
e4f2fe175e39,0.9205700092342217
a227a53c4ccd,-0.4381447499001748
0a267b1032d1,-0.4104540208583992
cf19d8ddc7bc,-0.5148794541412952
0277d0e6abee,-0.5454798380789319
544869f11656,-0.246797766198521
ba4b9bfa296b,-0.6282746445681702
1d6cba7ea7ed,-0.6407773495495082
71ebda15ac05,0.5520516443727473
25149df2f52a,-0.4920316803502016
828c390f5e96,2.774872309152065
705d5fe6357c,-0.7236759332333941
7fb4d994a809,-0.7109941364691926
a8d949ef54dd,-0.768766134577491
159adc7e9479,2.0372540162698782
2d759a251107,1.2656850872721341
f5bad3552f28,-0.6638293160183317
6ac22783bd47,0.20474036654487146
1e158c3e91f8,-0.6190437087606384
f6e58747af75,-0.6113080913374352
f0713f90275b,-0.7742105530693228
9df3d26aa884,0.04267823426420303
bc68eaa861b1,1.3214701691147182
2588a2a02827,-0.7289485482199615
2b77e449d330,-0.4075380901553466
7e1a139f2bbd,-0.48974141789176084
ad5b95d15168,-0.413474810013836
1a05fa42f347,-0.37101680677007315
72a6a0e4bc0a,-0.5849472455720137
d7076e529c3a,-0.5167031111783127
271b76fd6099,-0.5203124906266301
691663060674,2.449566448088007
61da85138aba,1.010682025283507
f3bc65815b46,-0.6302356317142999
9e7822f59e64,1.2026696787707214
2688565a2f22,-1.2907687790694409
464ea43b392d,0.6294788950384075
0beb06f64b64,-0.5743267440215151
37c7b3ee8d8c,-0.4244720986728116
161780b545f6,0.4968872487915189
f83cb55a20d1,-1.2505819237610047
05874fbac7b8,0.24256185059300528
a3168adbe9b9,-1.4554276001325086
cb6e76bab6b4,0.7198394179527384
bec532eb6ed5,0.5072735824910425
2b9b0f5ae709,0.6396357239292453
91192ba8b13d,1.759900426861323
34ba8b8c0626,-0.04187139992958905
41d5823c8bab,-0.4578992234743516
816aa413dd2d,-0.864443120666115
f6a6caa28166,-0.8256134544114038
d4c2628364c1,-0.421933753206148
58c816e97681,1.25709832800363
e730b098b7d0,0.6263566645039328
cb8dbcc91cd1,-0.8339134983769417
338444f58f0c,-0.854299805526209
713d67bcff82,2.3136967628219285
654470943045,-0.39145768069053705
005a8691c89f,0.49428018095180404
3c513ddc40a5,-0.753248420555292
e723c36e762e,-1.4308103759855308
fea3b2600800,0.31720313676424483
706f04f1cea0,1.1144374633652099
24c7f494b886,-0.6507844789744763
2491c743e5fb,0.819656701594617
ceba6be0e868,0.8464326098914797
b5d6617f099f,-1.4233023508416034
a87f36037f5b,0.6014497522476553
373cceaf8d59,0.305997824812054
cf4700412cc6,-0.9902632742403259
462474f94296,1.2432314119219683
a39b9ef2993d,-0.5051926169170476
b8ea1397286e,-0.5646117975288588
1001a661c0c1,-0.39586496007650485
ec5dcf3677b0,-0.2691965158261867
8f94a286b68a,-0.520533001488512
5d2e8ae4133b,-0.26754159702247404
241cf77d460f,-0.2373181102533537
499cc5a768f6,0.9629818564063959
c364b4eb8ce4,2.8991217601441277
0a25efdf179e,-0.5483144127982107
9884e0cd7d82,-0.3149621792390837
da349b8836e8,-0.2385684254002915
8dff27de0117,-0.6326026996770246
59ced1f82c6f,-0.47238520203997014
836e8dd2edd8,-0.8340354180995984
d0ba7ff7995d,0.15753462746253688
c099f54eb1e8,-0.506659613211145
4e1f05819804,-0.5566147551184415
fd7377af9a73,-0.6989671818369613
8a890e1c0069,1.094350673919335
4da620748147,2.2647807515410534
b75758cab3f9,-0.6314229263329458
eda5dd6cf09e,-0.460882724875192
cddc8b5eeadf,1.276904468268354
c0654dd72842,-0.5854743844541248
334f444e359f,-0.47331945639263234
58b34bdd8ab7,-0.41932161582259164
8e9c4142e2de,-0.3423832109818307
fb0eed4dfae5,0.8222015993744665
60cef33cccaf,-0.41266599171609286
957111e70d01,2.761404791662798
a43f8bb498fd,0.7009280582215717
fcf382fe43bc,-0.4248567164869985
ad6c32e8a048,-0.40175793761188067
ee951012bdc1,-0.43121868193503854
ea8939e169cc,-0.7935364538576463
ed619eade216,0.17689571636479703
b5c0c06e4d7d,-0.8256772233756045
9e74c21ebc2f,1.2442906420808222
bc941b90d92c,2.3606347157116265
e29ae24f1995,-0.6745510637219233
004167e12ca8,-0.715504318927854
e953325e6723,0.28682221663488966
9f79a391c5cd,0.08043627956876927
0032e6b5edd8,-0.48019367271990326
afe420877095,-0.5923116282743222
ec5ce3f8d91a,0.29438382277248976
1b090cf39340,-1.155225486113787
78691fe9c8c1,1.0852843951552795
21e76f919a9e,1.2834416927700676
154260fb2c79,-1.1455041923392464
325e4fa9d48c,0.7029750039477838
696a46cd167e,-1.4336620927009152
096e76c7e136,-1.5247575452993813
7d923fbad016,-0.21735271340199402
d41a904caaf3,-0.6927421588373113
ba68404aa2d1,-0.018848394402468157
6f150b8df478,0.39864536750684276
9bfa8f14dcf7,0.7324074212605495
8c0516f2b238,0.830113216340794
5e2854bd1c13,3.022522728974134
8f358bcbdebe,-0.5043933547695856
dd771b41f340,-0.12257456361570566
59652a69856c,-0.5003688214852652
f813783b6454,-0.5176197698543279
4fdc072f1775,-0.5230494655555218
e7e91575437f,-0.3005439605296029
33f0e8feaa6b,-0.29578040799701977
33312ed0adad,0.3581104298121075
e42fc0468659,-0.431257390806917
272b7a1ff47d,0.2799678697471042
85417b289897,-0.4650132939193997
85ead6862726,0.5025070997663987
a7e5b056e783,0.7124413884010578
1a4933ddb0e0,-0.4950711756890414
81045a7d88ac,-0.6088607812306317
48e3db91fa9c,-0.5817226654918385
b7d3cebcd34c,-0.2260365730744483
8d1421cb811d,-0.34337036896028816
37cdea349ef4,-0.6153454156863863
3c3a27128658,-0.3610071905229809
c3592f7703d0,-0.4907238721969787
f1f944189bd2,2.8656062934180944
06cae53e2cc9,-0.35841673873295693
fb92fbfea7fb,-0.7275341092424696
19b802ff2cfe,2.583177893682603
01c8d129cf67,0.8614045452914709
8f1f12ca8960,-0.002512866603801355
5bbd84f44898,-0.7646200307906614
8eee385157c5,-0.5764489157427661
7ecf7f4d5194,-0.4917765404831308
b92e09cfaa0d,-0.6972194309414068
c6c61fa38f56,-0.6052387066637436
e7181e26e4b2,0.874986301896198
fd766b83b503,-0.4980971288847062
c7ca84a7b5c9,0.04387898848241359
91434d7a8956,-0.37194743011051934
39f60cbe906e,2.611644320901515
cfcddb1b16c5,0.9576014372943396
11dc2459dda1,-0.652637108289611
d2f5ebeb1f06,-0.29023189505989566
3f75fa261e9a,-0.5813606476559618
4d4bc6860da8,-0.6619544631534721
7d868a4756d5,-0.5327822286718658
2180e9a20c04,-0.4561492016270923
03348308922c,-0.46909006441160106
db7fd391dc0f,0.9372785699199633
c6a5bcf2ef75,-0.49037128913579864
e21a3c6f22bf,-0.02036493450134351
e1b4ee3ee220,-0.31634902113611196
84d9fec0263a,-0.004001332998349927
c782388191ab,-0.36771250324751686
b3ea93d6e9c9,-0.15532989877454173
9b68fd5b17ad,0.231361180696247
749e7e50a498,-1.0454626951730182
f16b69d163c7,0.9352928300487798
b34affeeacf3,1.6811320720720568
fd02d62bc7f5,-0.12215123604859011
8b710ea3d665,-1.9303367838081265
0cd07750f142,1.113922322870515
20baf3dd6875,-0.2014666261645819
57cfb5208f38,0.7593196500451256
5bf1623cf3c4,-0.6399271611618977
1788d498f1ce,2.58733395193581
3be27bf18ac2,-0.5902128325394322
8f280416a7a8,0.33995027608666434
b262e35684ab,-0.886011842899588
bc01bdce929c,0.8582425934012878
5961d8938619,-0.4667630108974999
eee34b7c02d7,-0.7109022272246205
34ed7f2f59c7,-0.5050958003322655
33358adf75c3,-0.5444669702490017
158b0c937893,-0.06405184271433492
2923fdbd659f,-0.17588648838870272
deadfc7cde78,-0.31893532657410445
0486f95d8c7d,-0.5569651658166019
836902b9da34,0.1502500098628674
df6bfffe5554,-0.7999440573094598
424c3d868f44,-0.164818901736879
3ed1a416adf8,-0.46194283388457624
828029841ee7,3.042646056351569
bab8099e5543,-0.09964484480912601
bad5ef3152ff,0.05701134770270313
4a5d462c3f49,-0.6077179526833546
863fbb961a5b,-0.607183893551989
2bacd59d174d,-0.29050263008503363
952576be9cdf,-0.3433686023862941
22ccb6f4c4a8,-0.6234592619944
4550a38a8af8,1.2734932161825745
842fc7f6ac13,-0.569427823538784
387504ceb2e0,-0.4687340432201158
3175d83d9481,-0.6781584999022355
007a32951803,-0.2842253671374533
da1b66626ab8,-0.6269997146154541
e9fb3e47c44f,0.6779539552051671
9902add52d15,2.540612665044018
ee3a30181970,-0.6847303845801678
c6ea9cadc099,0.280847597835284
6df6c6f9339f,-0.475790238834414
bbbe864fbace,-0.8320458025788371
270acff02f13,0.7113601589139418
055f1d686fd8,-0.6930274693032173
9d083813208f,-0.8500956229152044
f885e311c77e,-0.7192235897882442
fd8f5bd41f9f,0.6600973688742773
eeb59b78ef2a,-0.5993305212536215
7fbcab212bf7,0.7694750717527699
6486073462e0,2.432463431877433
d1b4d6a3fdf4,-0.39085527096089456
015e611a5eeb,-0.6559338037619301
1e2ce817b3c0,-0.4809200342073171
13b4a0eeeb9f,-0.3765650561634659
3977c06221a2,-0.5486363593345245
f3753c339e25,-0.46409488333032783
7a2f72edde4a,-0.5991430191827448
978129532eee,-0.4019015807448505
559d0be05ee6,0.8301561021413713
c411b4c6d9cc,1.4273163868333523
a09287dcfcfb,2.390169084651535
fffa083b1af6,-0.7295915659402032
eae5e112358c,-0.41254251730634983
53f677377c71,-0.433787604207391
36ab238a2566,-1.0559399477871436
4c840e8b52fc,0.5670439474016221
e8de7be1d859,-0.6054703122976198
5394517d71bd,-0.27751829787697946
7246dce886dc,1.816295453985735
35be33f195f2,-0.44213066078517405
201e15d1e675,-0.6185168219118138
d944e58015b7,2.118236596608379
5bdaf891acec,-0.5382353342368325
242c3412cd9c,-0.11743450158643254
aa1795f45d4b,-0.5929523884541209
714ab5ead629,-0.5721097741896256
29a391cd3abf,-0.48121160868258983
9661f888d062,2.5259752500911716
8301f52432dc,-0.4182502548129538
a0de6ed05c3e,0.46389748076306836
b510eb84ef29,1.4665341241033913
7c5cdd145c0b,-0.49082160693868826
8be790dd61ea,-0.43831644401401826
9a1bd1ae0096,-0.5744449783164676
e7fe9f7fe86d,-0.43220781346152437
056e1f5845c2,-0.45609198608764356
1a504087b059,-0.13080274740616094
4124735a3f2f,-0.994944477637106
e7c062f0eddf,-0.9557896688740833
390c512aa4ed,-0.0690543297431402
ce632d8005c4,-0.0917911699274884
27f6a69091cc,-0.4924716844274213
71b717a64912,-0.4977054006132669
1a5ec7044bdb,-0.3179458712011469
ebbb93d26169,-0.11899346273361866
b392611100ac,0.16842084261122792
a0ac1f39b119,0.680790649763147
f479a9de8b57,2.8202873201890575
95d8ffdff8c6,-0.6795149785721429
036a101f6563,-0.6625144106680471
243dbc891a71,1.1342679520536756
56a715ae9f4b,2.2737534588041726
23893ff9e1dc,0.6138149286025983
f0423046f1ca,-0.6982016961378881
2ecc82b55b4d,-0.399696365217954
964880fc5316,0.9781479881919721
8c752dab5386,-0.6438048652927847
9191a95cc19d,-0.6732243672049927
a9baf559c685,-0.6886140687509271
f9df79e8f4fd,-0.5544135758076822
2ef751e56e8d,-0.20763999971418015
1189e7ca6877,-0.293916389579368
c5b154b8a718,1.1024585872154782
410b60751db7,-0.7537041518890167
fb0d989716e5,-0.11208519879236824
823e71715e2f,-0.6547418103907727
181e68f95e87,0.013476399399251035
382c20eb9abc,-0.8996105962328744
7b5bcb76f2a4,2.703509041829201
a214781043dc,-0.07608992290482633
ff2b1efd81dc,-0.6978067696852335
a55e46459739,-0.12384918925528969
c47f24001765,-0.48078224567867145
912f5388c371,-0.7498494476807839
f83e057cc8bc,-0.4250354142277259
00d70d51b620,1.4492158511968816
35f283a85101,-0.30329517020001445
eb8bea82211b,0.9626908759718209
61c68a683c4c,-0.6392096289610917
d54c8ccce8fb,-0.7329765424535619
f846114abcfa,-0.6584280060098944
9472910a7201,-0.28746493442466314
329d61a9adef,-0.42501175663708035
636b80f039ca,2.2901464191047847
a9f293778ef8,-0.7959636893300559
8ad9c650836b,-0.3967777289428673
daa8887258fe,-0.35134791661493336
f9288f33605d,-0.7478942883703075
ce6074ff3409,1.0556976283757804
a8abb95a9e32,0.967732395433246
ab845f8d192d,-0.3577292052781488
7f5c17188456,-0.5528903694350632
e12c2419507a,-0.33340787265056265
064003b27b77,-0.6055704190457375
b9d232198be7,2.5262833871651784
81437053c33e,-0.4081319213065283
a5c3ccfdce51,-0.1878114747095664
7e9d2a38eeaf,-0.10750743539092124
22ce28b6cf0c,-0.9081767719835598
c9aaa9fa891c,-1.0076327352945795
399effeee438,1.476047454389017
6078213756b2,-0.24429009449338246
40e9e1628dfc,-0.1398773588118666
ba114ff6b251,2.4364989232811576
4bc72d26a964,-0.25794429995810597
619496553fb3,-0.17987281314842446
aa84729a7093,-0.5504723963765993
e92dc9347d08,-0.32896099750316915
cade10743331,0.08964880120818271
eaca30363516,-0.178673553361618
c0a03b16d6c8,0.09038449773903418
4516a8d2c52b,-0.6300348087169837
7a090a49e364,-0.4027959713288153
14a27a4ac807,0.02843313153626422
375cd2a564fb,-1.0356934309186283
f865891d1aeb,0.13211284639096324
c5e07b2d3990,0.2466726293781121
3356d042aaf6,-0.5188275070495856
e627e8899393,-0.7073879663312638
aa66f715a521,2.886161331454338
80f2056118ff,-1.050774996269475
554e9f7faa78,0.5591026187275101
e6a3802bee4c,-1.3915863087093991
f164028d9a3f,1.0224039342893139
ddcad808f544,0.6973188011743134
1afa175ccb0e,-1.410499737817168
561920ca8405,-0.1387424953250287
c18a15a020d1,0.8888070372317328
2fca09458ed9,0.18825420790835132
4a46953aca9c,-1.171690463989227
269cea2ab0f6,0.6565923255407935
fbbc1a3b1e38,1.150815077238283
a70953c69ef8,-0.5150167103339574
2637db4c8684,-0.5680702764047528
1f59a87b57e0,1.2369112291863122
ae02883ebde6,-0.6171652149577967
f6aae805fc73,-0.5366622436399753
6962eac7e8c7,-0.39200399220439003
7885bc182685,-0.4895356456243907
e176c1c60136,-0.5709959500628041
605f90a324f2,-0.5224364703466855
e318f5555296,-0.41067019737236476
7f9226798d29,0.8833185708539273
f969219e3028,2.5023269009068776
2db190c216b6,-0.18800627465096506
0a2e121b2f7f,0.24857913279165972
d7d8b211dd73,0.46437571446196607
0dbdc1979a12,-0.7248268525782418
60da9c463fcb,-0.8141816143331182
8bfe0df3bc1e,-1.3655856636276695
20e75ccaecb4,-0.5256469464387981
6e1c9638ec15,0.045140906925607946
753674a6d399,0.26336724017845453
2c2d0a9efd89,-0.16622046358343576
41f3b2654342,0.078913794756706
677c096ffc61,2.684091026097834
77fe54958e80,-0.6657042049362558
b2dbc534037d,1.1426951683742264
5bb59d6c9164,-0.5737390328415397
1ae463945b8d,1.0974670936347217
f48bd16fd3c9,-0.6479593628934918
1b30c9de33d8,-0.7745740373167677
79e1c1925059,-0.5970988384198505
af34fd676bf1,-0.6631375387354467
c6e68cefcaf7,-0.61762911514891
bdf690f7bfe1,-0.36610249730338196
5106494c9a7c,2.2891737021161953
6bf97d2dc888,0.37660866347050115
cd3fd948dd59,-1.001211141715158
11905649f2d8,-0.05086845802557016
610d02e0994e,-0.6882883751962143
c9680720b386,0.9949053108637871
506a3ba2aa1a,0.810251884820607
a15928bed5ca,-0.7701832902099528
384d93879fe5,0.5556403034811582
8fb30443e5a9,1.0160012189410035
958fdaa08d75,-0.9886106561121621
27183007faf1,1.6126320385901955
cddeb14d38a8,-0.008394168535414012
8f3ca02e96f3,-1.4818746669022798
aa5cd42f9d70,2.323206927414326
d9d036ee708a,-1.0659954862200194
9fc94f0e3924,-0.07057083799529328
f32051d8d95f,-0.03476105495678407
d11a0bf3471d,1.161033136550415
a2997c6e49fa,-0.6288248985729838
d1afd2180e46,0.18266059189975442
bd163dd6e27f,0.6349936823240904
75eeeb6ab167,-0.742855834844101
081acf63d410,-0.7404008709970205
118166733d97,-0.9675363913982832
93d3d124ed30,-0.05094896320410051
2bcb770c73c7,-0.5672024199016146
5b78677701cb,-0.5683418403298638
1b6561827a38,-0.4886014302638897
da278f36e567,2.7132088968080037
899097d21118,-0.528062646092937
841a8ad1497a,0.8431545805391493
664500797c86,-0.27964067894788586
01f525addc18,-0.40050877957622105
7e921ea90e80,-0.45694961180097876
fd157553560f,0.8321377192852211
3a7b92209d7c,-0.46963444548996597
9da2c99c969d,-0.6295593442290175
feaadae21c8a,-0.6457208066700131
d48cc7027cc7,-0.6734248562978736
fa911a05917e,-0.07317197822377228
cce61c5797b0,0.2261648321573646
4202af2ce16b,-0.5112895588868861
ec8b182390c4,-0.6857448925837789
d64789c77ea8,-0.9444307747487867
63c86a094b82,0.800251230424991
58f5001b0606,2.3438449842208837
fbe3f01bb91d,-0.8739942777581706
265f46d3b1d8,-0.17038033216427256
9a50e82f8bb9,1.2078964305303144
d86df2691c2a,-0.20370692428913656
0a358eff9df2,-0.6412225126909987
6f3752fd71bb,-0.20025204668215627
a6975e16ea0e,0.7041575586071838
1b88f14c44be,0.7006547263634674
cc6e990c33c9,-0.5640902810802438
c20e6a152106,-0.6282794818533396
92e933724f9a,-0.5076274441362704
fc7e9bfc9e9c,-0.6067635521306091
73b1c20d42d0,-0.49053330790632904
e05cbcbac8cc,-0.3551814432862467
b42ca955fab0,2.7928447090846786
e64600e0cc66,0.5381348910067946
0cf74c330711,1.2934975351947142
6a6624ca078d,-0.46067483159681816
3574dbb49178,-0.8398796734326268
465559627627,-0.9417487600908225
80177346d661,0.30571276030038036
6319fd81728e,0.01325735895598075
afeb7e7b1312,-1.8900576159823113
43703c376fa8,1.6290455128495802
ae1e16bd8072,0.426184616218463
174778e3a98a,-0.5331503853796763
177f167c742e,0.4596785919563422
2c7fddbb235e,0.12016415383718591
842d54053485,-0.6739582914826443
bac7ac697534,-0.15674772814185578
f2be01b0ff7e,-0.6997631137244844
9f640130e434,-1.4624614062231438
fa62d5cabf26,1.9549849567009903
4c5cd34ddde9,0.4235406094603044
93255f5eb6e2,-1.0799958832295724
0ea789e1e73b,0.6239695379551606
c4245b5b1a7d,1.3172895829786442
7b5a474431d5,0.2682098909164463
15c58068b751,-0.6352323090470315
8e4fea5bfdb3,-0.5462969034537587
3d2a2e1ed7bf,2.7154628128610803
9c049b969fc7,-0.30305561020402244
a1be2b8c912e,-0.6672411005900625
a7dfd32926c9,-0.5129880593357775
cb7e590cca60,-0.582308511600401
7a60b83dfc2d,-0.4868384233051255
9a933d0ff708,-0.5610729190801896
c386bea330c4,-0.34593177283767107
136cac429e10,-0.3638183808620447
0b6a40a58cf9,0.7927966246994443
c04b09ee0ad4,0.8612922437085286
0a0dcf234478,3.0417222852768644
977e5f81c834,-0.5888935893474039
6220998f8870,-0.3561531396866207
c76ee9940f55,-0.5681476372085498
1070d64b6a11,0.41562107314159713
402db91ebf2a,-0.26293490199087766
6fc6f54fcf6d,-0.5156342769820541
fb0d773f995c,-0.5755787563167101
51ef0fc25731,-0.22351504454600266
616f1c1551bf,-0.1893979733254621
c32a109f4556,-0.11349662593808652
a46a1c9389b3,-0.06359141307669425
76a8e8db801f,-0.35294014190214756
e018aa5e92a1,-0.6719759707555537
81d4e75aa306,-0.8310094836441588
22404f1a3877,-0.35356301243610955
3f5be456464a,-0.7153973241540323
8fa4efbcacf6,-0.3339351764112064
08d8a09a0843,1.1994980780511708
0449365df29a,2.5364746262784004
497c5df0796c,-0.4375565609424539
d8afe5088d37,-0.3864511873976646
e1a290d95f2e,0.7502111226243856
c79866a015b1,-0.40335496931063053
cf40f378ca7c,-0.5491167839394429
00c36459a9ae,2.7198840303759617
b90ac2430cfd,-0.5593694504066059
fc7320842b7a,-0.6704722412202845
ea7da28d6f97,-0.39825457484701854
2d46e9df852b,0.8612967152974981
bc71900f48b1,-0.4030022785007794
c16e48d788f4,-0.40315945444206286
acce87b2026d,-0.43385489795683935
2762a047aaf3,-0.6110808440256585
e40a264b8e64,0.7860794328201764
9664e1c2003f,-0.33894965315494485
2726c2ec2f3e,-0.17156786516688655
97746b063068,-0.07059316393633754
204e18cb4a53,-0.2948389771697518
cd8930e2d4f9,-0.7313233892630685
fd1859f5da86,3.113574500029617
8a9e23592163,-0.4768339951053794
8e48b82ec073,-0.31837965179131156
c3867dffb469,-0.17037857717460747
49ba9c54f8b3,-0.1483339529531851
565d5d6e4272,-0.02493593094423508
412010bcd0db,-0.299315534294293
ffd3507c34eb,-0.4070734622305603
3ffa45b6f25a,-0.5031265248287857
3e783af774d8,-0.3329188036122058
ca9636425c46,-0.4879200478053781
1741ee99577e,0.9471272144965599
44e718f500fc,-0.607142920211193
aa750f4c3355,-0.5362222344277039
3636cec70de1,-0.3677139011352521
525ff2a4aa1d,0.607082660574076
ea75cc7842b4,-0.704426941958837
88713765608d,-0.5342533021875798
912790d38fd5,-0.21993255197355677
5caa589a317f,2.7394473530698566
f436c11845bf,1.9449292214343044
bbf8c0420062,-1.2122050207160326
43a14d6de5ca,0.028666467831114983
91b78bf2fef4,-0.8608198037466253
cef4d621624f,-0.7988493137060259
0f9b82c3b42d,0.6389141717986221
59caf61c7960,0.8438908406074634
207664746af6,1.1128236779518879
53e1e8def7b2,-0.5080126365984144
219bb74fe3ff,0.07585092236113442
cf78ab5c8f71,-1.2619397939533976
610191a13428,-0.003248733264031821
a1de444ea423,2.7242041260494734
b408fe3682bc,-0.6839186027540408
25696ea4ae74,-0.35048825761612057
27dc7de6ce91,-0.5340433833975757
e7550bd25241,-0.6162607437272578
ec00633e46fe,0.7921455361838796
67f02b76cb2a,-0.5189960747699576
afb66d440e3f,-0.41897991615986657
5fc6c869b188,-0.3261881747291737
567f7372d77f,-0.48318127060598204
9ed09c818046,-0.42711614685533006
84b28f75155f,0.8428229083819525
1cc8020de11b,-0.4701715841856202
a6724459911e,0.08861441228349089
0ec46865ca00,-0.45461912392328174
641881e97dcd,2.755353270538755
b158f40962a4,-0.3808254153620529
9fead13fc5d8,-0.51279426018009
56bad82f0b4d,-0.5722655049393462
70c7d8a39a88,-0.48448014788579924
ad8445f568f9,-0.4592466100039255
25288b8b0ccd,0.08292475122203571
0a6a4a802823,-0.7138239147036637
a79d96c8aca5,1.1213341271394985
c2724e77438d,-0.39936337775091785
bebbe1ad2a0f,-0.5300370243054813
3ea0e71e6c9a,0.8682767116050202
55332611f1db,-0.5660446458647888
6e6a595939ca,-0.5176908395876858
3a6f2f6fcaf6,-0.46934467420719117
dfb0bb55e1fa,2.759074276700929
6ed51fbb417f,-0.37359827347732316
1820d2074599,0.6976592372920453
d0e00fc63036,-0.34934067874467717
64a8ee95e2cb,-0.5045224207870866
4863edf6e19b,-0.6150682908728421
e5399895b970,-0.696113272931353
f5851d6c7d2c,-0.7328018900375919
7a83bcd095fa,0.5615153846425339
83ec4c8bcadd,-0.8425443565863421
96d097ad6a86,-0.6634190020191225
db5aca0a4136,1.2547733540003205
ca7f2145d989,-0.6994829312124008
1aa67241427a,-0.6297525846314396
5c8e6985b23f,2.247920677473942
a87df67d24a3,0.5406923799789384
183303e07334,-0.734967833020695
543b71f7846a,0.39418007434321006
82888a197df6,-0.48573505504084147
efb7dcdd9996,-0.5900861437190291
4a98b9f176de,2.551577598446396
304906db968e,-0.4605974478388686
926a46b3951c,-0.49237451951802336
8b8df4906dbf,-0.44740011480131064
2752bbb72b83,-0.5172162067185169
40b94863108d,-0.4647679825368121
ad799b00ac00,-0.46574641401529515
f427137c4ca2,1.0353519221421255
f592b613da13,-0.669621087072588
f5c5e1e9a53b,1.0066154506727638
11d586427626,-0.6053014720715423
019b66fbedf0,-0.5992139044819748
980d9a95f38d,-0.5506839149178839
b9f9272c5298,-0.4853465226810701
7a3aa8f11b9f,-0.1955872532717175
f54119049878,-0.4698615046928803
42022ed14d06,-0.49460783429424227
92448488e0a0,2.5056651893317414
a2c18793a251,-0.5530940094915703
e2a180f027a0,0.7992909472300884
ff266cbd60cc,-0.6187017070808316
7dfd50966f5a,1.2674419864218838
468a346b339d,1.217792256418671
8443df34add1,-0.6108491069661999
c9d02a6f505e,-0.5662153248563733
b98f60ba6493,-0.4224094514093406
f3b9992429e0,-0.5448517326421894
0136f02aacea,2.5435554245846888
00e6c16cc6ee,-0.4781368085222367
04508cf1a0c1,-0.4864176404990888
ec5e752981e1,0.8230279148489017
4a5182f2e549,-0.5279368165958487
c7c3de5059a7,-0.5039525629089204
7c9a51b9ad1d,-0.44360615145206334
e83a011648fc,0.5426501106103023
557bb75fafc9,0.3720072057000398
e7fa06f17020,-0.22094323449420358
96a9d48c6ec3,-1.6453635719883342
3ca4c0cb872d,0.5668766944577194
e6f6601cc8c8,-0.35190720860115954
a615497f5e05,-0.74641612265518
3fe0e54f306d,0.5642575371742862
24bbc8ba4107,-0.14730292207725976
366215bbc71a,1.9659301347908298
b5bddd4eae8d,-1.4623256665232827
5dc3b60fe993,0.5625370436062426
e9a674c95562,-0.25996502182681613
aa2bf8c3ec75,0.532986308624389
95c09b620547,-0.6526890070939044
c21c46cfe05c,-0.6037117966601419
ec5d5443c781,-0.5250786008044461
c44ef958b727,-0.23017627725795045
0f645ca126bd,-0.5748760645188193
4f699b43a1a0,1.1154995893799156
28d53bb6fa9f,-0.5703428842636693
cfcabfde2576,-0.7472051663759254
febed479dfc8,-0.13626232198485203
5d97338743f4,2.65182124278222
a2dbdc8a5cab,-0.6287396027203183
e33a5efbf93e,-0.6884454023682596
ba36a97571c7,-0.6794738458509635
0f615c672a7d,-0.3781534182742379
cab98608f22e,-0.675226829266417
8e4048219e72,-0.3129774772350532
0201c98d059c,-0.33254318569027574
dd0c80fe903b,-0.6006742441415265
d20f5e7f752e,2.4468859598010186
2348f011d0dd,1.1091348334888012
08870896ef31,1.0730008264623072
18b50ac5468f,-0.33278761420507635
6e5470d8a197,2.855534489626338
2796065b5cf9,-0.5484484053701172
5404a6e2f98d,-0.19250087644830188
295c3341c702,-0.14781229316447178
4ad7238dbd49,-0.6105097406459236
d241c3a7b27c,1.0089076273751294
1b802ba75e02,-0.2296066533849151
0d72fb403a05,-0.5740213248587199
c958acf180da,-0.6359926803276226
ef2d2bbf8a88,-0.24746198860644816
c4f72949eb69,-0.3159672573831092
daf5f4a85770,-0.362120896811838
12d1db261d83,-0.2557021165244045
25e85145ed7d,-0.292881990294227
14d1b7d4648c,-0.25619377767450474
c9e4cd785a57,-0.6719193064132203
f3127fdfb619,-0.23581151799876066
d042fe4ab20b,0.8417122410518203
552744559beb,-0.62060715717759
d9d7907aff8a,-0.7294554214660016
831ae3d6de3c,-0.5462480126023966
bc9e5f5ae7ba,-0.7575326621080094
fc7a5076c1a1,0.8805606112301886
c0a6808f477a,2.644079109977106
dabd4d4dbf45,-0.561522292718658
41eb47c259fa,0.06542844683843582
354302d13791,-0.5835908430311081
e5ca7f5350b1,-0.5123441868495899
b3798d79ba1f,-0.9040152722940829
f74047641906,-0.4207714837927808
94d40cc34d17,-0.8616569405217939
57a39f08e4f6,1.4573154744861447
82a4017adbc5,0.7827478866778096
895d2f430a5c,-0.20014513643634976
8a8406f3fbe5,-0.5501639317095747
55e0f4a377f2,2.288718279351548
8dd42125e0ce,0.8436973255172177
b3cc30e9298c,-0.2165899177329895
5e1033719bbf,-0.4159057332440833
b51fd3618e36,-0.5513637926780128
311e8fccd571,2.94956574964228
185067bd9536,-0.3650602073643885
6e23ffc9130b,-0.17790952727219625
3d13f536d00a,-0.44331377517870413
af5d7b5635d4,-0.3119097953841442
d6cae744c70d,-0.5188752115626846
f67de5805057,-0.4022731581542722
7e61dfc238ba,-0.3900619565880222
f628266f22d8,-0.39604196435232564
db2affb7567e,-0.27908852630401026
6a0039185918,-0.25816458783362767
5567f8d57b8d,-0.4765892347944513
3853b655a6bb,0.5182371232715374
c5571fc48167,-0.9159738808720722
9e8aa685c866,0.16067957422977167
fb5ec0fca62a,2.740112502951134
974b81b04fc7,-1.0206517466779963
4a73c6b3a1c2,-0.551022572198493
c5ad8a3f3a58,0.011041157472571402
f8daa751dc4a,0.467462155107962
a5a5dd34ab1e,-0.5159535583294959
9ec106ed69dd,-0.6233746472248007
58994e405771,-0.4306824944039524
cf12caa51e52,-0.370903927686011
1e9b848143a5,2.4600824456090744
7ed726bb3600,-0.6206349558117247
a3bcc75e9841,1.300947162291165
d72b4ed2b8af,-0.6400266811611002
d77c1a305cfc,-0.42802468947037614
feee88309268,-0.4959065226865956
b58732979d2d,-0.5133066997359025
f8ccdba3f004,0.8777845686097194
bcc6e2a675f1,1.3406212773566586
8cf0268af673,-0.3702448733130882
22b5dc2a56f5,-0.46496270064355993
87f19996156e,-0.503766795993649
2c0e89f5740b,-0.612696213633626
5dc598ea43d2,-0.5365161835222458
ad751fe1ed45,-0.5163087216234759
132429ed8199,-0.534872543611715
3b6a6d66eb64,-0.5283803103635618
4c5ce46de7db,-0.5461223822818673
43669acb37bb,2.476758961075993
40e10def5ef8,0.7964904865541377
a771ff037e19,-0.6462557566117201
c3725e9fc23d,-0.1089148279935153
35925c3d108e,-0.44623301509115537
78e9af0d0a17,2.7698654062999806
12c947bc244d,-0.4365878628807678
0e149f8e4ec4,-0.6524178982787561
cc6fa19d7d47,-0.41666684098385176
1bc617f3fd31,-0.5527167432501039
57c66bea332f,-0.46965002330273786
7e3502ca54a2,-0.45521163290136657
e303d94244ac,0.4187612739647188
fd60766f84a5,0.9960279210292754
9c31d688f2a7,-0.7259410325152333
96a304a5d315,-0.612924585499754
dd63945fd6ce,1.3003877732085154
d6a22edb1b10,1.2772426908593886
10aa7a0fbc52,-0.6991008012577633
a06d71d425d3,2.198498669769603
4c0d4166c236,-0.22766137564264796
9702f0a39a49,-0.5495978051248601
5d295c03aba9,-0.6471243844161247
7efa2bfb0355,-0.5556188896400812
f47404f23818,-0.5491301113293323
4e578d8b712b,-0.20903014841170947
ce8dbba92c03,-0.5436500390428634
c8b45cf2b546,-0.4502262902091886
92f81c5e52a3,2.5957385183423964
a71a245350a8,-0.41503961532932343
cb9ba7f97558,0.9095700365722019
eaa10dbb9b46,-0.4832949230574534
437c248d69f0,-0.5749614233928858
003de3624db5,-0.488239903803678
e864eb5b360f,-0.5158561530849552
d208b33e4f64,-0.4212234096892085
d604faec1a89,-0.6536692031861185
2cb706b66012,1.0408524058810769
c9bb67724e56,-0.33815101655120633
6e992623010b,-1.1727883006705786
876df144fed0,0.6984543997223939
55300999e9e7,0.8030736945558539
58321f429072,1.0742522314793537
94570af4ab6c,0.3937752249994534
96b69aa8de93,-0.44614111025408254
12f7f2bba325,0.514903385343055
76691ff387dd,0.7352723603014046
b096b094e471,0.09476695656909064
1bbf1894fc5a,-2.423140932348603
9dd05c552d6b,0.06572310685386537
bd478eac1fd2,-0.27722605443507387
005b01fa54c2,1.1947004749425758
6fc0a4ad90bf,-0.9966732333760139
5c919ccb9c3c,0.43236244277061814
47e1dd88bec4,-0.7845444612470248
ef995d1957ab,-0.40681212751501067
ba7a709630d0,-1.361182322113939
b80138a3f23e,1.0657054370689294
d65bf388d21a,1.3794702071500908
6fb14cb453f7,-0.4661492965091656
c3f18b31b710,1.0857060737647672
35ed070d523a,-0.8653571405007534
a412de4c27f6,-0.4012398995155139
433394c7831d,-0.6502088196875808
243ef05fb60c,-0.6277202034197644
0fe52759e8d0,-0.48984191547128725
5e9462418285,-0.4092424440112448
f2386043ce72,0.6692187990551824
d7e37cd9a14d,1.1726172934675705
4ca32d3cbfe5,-0.31424554941924254
6b961227b5a4,2.6144752141522716
e14a88d7b109,-0.6593535307707976
4d921ccd320a,-0.43428173275004744
915698cc13fa,-0.4701772116295457
d3e6ff1f0d91,-0.18308164780177333
fd8426b9bbe4,-0.5798569661111611
71beaf8eaf53,-0.6195680653305045
fc57c9299570,-0.2921742938280949
a702602808a1,-0.49466056839401706
c42d50f6051d,0.8183833429900389
1e6c8bd76c45,-0.20532769962227457
8d825e00e0b0,-0.30896402891510666
a718d6eecfcd,-0.5285876436508911
d7752f1cba81,2.941157872958543
5434eff55249,-0.3148348716119803
bb422d9d8743,-0.232485430682779
6d5dfde7fa2a,-1.0409882921968745
15686902eaac,2.552484900558657
13f6276f1161,-0.1709906865026024
6f905ead2d70,-0.7982797977224535
e4cacb800a8a,-1.129449839713469
5880a41be6a4,-0.1060929111447463
027c18cd7091,0.23738849282128546
2c2a44733e0c,-0.4582576174412382
1ac1bc9ca46f,-0.04606549797469743
8ffcb26ff176,1.012130107891247
f861e2d5357d,-0.08752191420916296
e15ef817134a,0.03564305563405525
4dc044baa889,0.5362956641583142
e3f54d772c42,0.5144875060499681
e85705d9db35,-1.0172440265262384
c62a7ff1fb1c,0.5688806675292828
303c2f7253ab,-0.8810091127014281
92c6457bd87b,-1.059108621487327
82b8b4062867,-1.0243972182448053
abe3604a8cf8,0.21846753218808534
71ff26115168,0.377137997913333
7fa7f68b4067,0.7124437888942097
1b19d9d328fb,-1.0320033916649054
1b81948fb07b,2.0860492138915117
e986feeafc10,-0.3796825106608581
8f25dc4cd081,-0.3734661053649385
32c37c5453da,-0.40156095977757755
adf28a04cb6c,0.646052777699621
4b6b22770615,3.020699794214194
14bb9faed426,-0.4119235254773117
11b6ef631dda,-0.40833605948697654
b12d6661ee5d,-0.43048617074639006
7887cc12d66c,-0.22810857025196304
1ec2d1286adc,-0.4329818085071022
9be59a0ba2ab,-0.392321224117272
2126b486eba9,-0.20788563752342432
e1118c21a5c4,0.2929790182860181
53c0f45bd785,-0.5665096524177355
f5a59d3135b4,-0.7493917143225503
a9c0c523b9a6,-0.32432144806293167
884ae03af415,2.873528263187108
7f7a0984dbf1,0.17904927469360774
7fd83b3dc418,-0.07995678294047165
31b9046b613c,0.1699815054740411
7e45e75b87a0,-0.6278463173277147
42cd12b04bf4,-0.7483044815592891
2346d54f657e,-0.7369806008994252
94ff7d769e57,0.31777293588934313
b7a1401861b7,-0.07829248362724184
3575ea290fcc,-0.3564417633979337
d781b684673f,-0.0176137227205139
9fde296fd84b,-0.5185112189551981
97d109fb6a0d,-0.33086675059828274
f545492969f9,-0.07751114580710312
477194efd507,-0.5279597147794188
ae561211bee7,-0.5360906625978858
c4ddfc3b9fe9,3.1146779049476825
8f53e7103808,-0.3510656389553084
87dac866e2b8,-0.15392315329754833
e1cfb56fe699,-0.16640165021124764
e86040eeeb93,-0.326115338241994
2eb43bc46bc3,-0.22270056922529263
54acc7c5d2cf,-0.3998455887792298
d10073f8013a,2.7922523490283964
d7136344e9d7,-0.8803951279889827
8f5bf65b1c20,-0.0928091965457247
723d8d51b1a1,-0.12119475167050899
d134b988c37b,1.060504914653039
4c84a386572b,-0.4022174277940547
2f0fe4abe7c4,-0.2961339276073087
71021964a7cc,-0.7212231907343919
bd223792fc4b,-0.3901221450939469
f4e542a6259c,0.35621518259721785
d6df04f90cf7,-0.475880434717188
7ee93e714e38,1.9672223090269694
06585439219e,-0.8200863214915984
68d3c457e73d,-0.6488666012240238
2dec293e9121,-0.7383548665551579
b1bc04682ca3,-0.4757740630373848
daa175bfd178,-0.9314246709714401
90905e60461e,-0.42505599524891496
40b5b4a6472a,-0.3827921391773846
40f96d9f7228,1.6527002907124315
fb5912d1a641,0.9220973100864744
82e6aa150dc6,-0.2619748497208988
30de8d8caf51,-0.47770446922370957
2c57ac4c2af1,1.0671620483564697
a0cc7c19887a,-0.57550249080982
16bade084278,-0.5506083949896825
894bf65fc76d,2.8545477509430923
ff47ed0b8972,-0.361353484156712
4796a68f6229,-0.3374748450851044
21bf27ea6d0a,-0.21999911444649115
c27f87134567,-0.5258662801727885
bc51141c41ac,-0.3643296181503164
05cd8fab49a8,-0.24689625254403902
3fbb1329be12,2.062440022099512
00317b7c3285,0.06412923195450099
2db6ffe935e2,-0.9761547156502888
6dbb5931986d,0.11652717686988692
5277478efc86,-0.04583064480347726
20deefe7cd4f,-0.5958810000751407
60f3bbc1d51d,-0.9065029422865828
c5ad316ec2bb,-1.3962962516359776
2b8c21718d32,0.386786802680796
dc1eff933c7f,-0.32733356521934504
f529e0964e86,1.527505657891854
2ff8373bced4,0.09061022817426212
bf6f28a62d04,0.7126750086628267
c36d42cf53dd,-0.6898731113894399
9fe2cd47d070,-0.671114948316256
39fd4e1138ba,0.48473722079874576
a121843b709a,-0.5738380426215898
869e2ee8cbd4,-0.7218997367881997
beab7adfc68b,-0.7400185125903982
b6389b3bb077,2.5619433738012685
54a260974d01,-0.57964615591323
7673332e0c3b,0.6161478141493685
66719a792637,-0.7324174133702793
d98e64482dca,0.33330450357718333
3f8ed5afaef5,-0.4975648430494507
27d949f12efe,-0.5846985168756558
43f616b1fd2f,-0.5099910642086763
abc30ab08efc,1.1907005591263036
a9c1b64409dd,-0.7402422403063516
b38ffcfc5e88,-0.4266547467094088
898beecdb7e4,1.2621895474443416
b475a8377065,-0.36359062919655516
2ae0c403dc5b,-0.72123324225915
c39f326fb556,2.3049966806322297
a11d2418441f,-0.4867691399384351
b2599bc73402,-0.42714236465919186
6d7c3261b02c,0.3537571674120114
b61656c915d3,-1.337984126165749
402b677c212e,-0.47723803461933756
0371528aa8d3,-0.7014965297261153
2861cc0221f1,-1.069884599566129
1a86bc774419,1.3529862690357832
42f9cb247ef6,0.6135699140094503
48e74782d04a,0.576772834915472
a2e6228ede47,-0.8970973622366823
391f6025e0d9,1.8803005614159032
2a5a58e5f0e4,-0.0002754091435629158
f5c687935fd3,-0.2934106853310444
ccc7f20c4ecf,-0.3746779206351812
520c75ae0e2f,-0.43026315040478413
7536e5939aee,-0.4307968086488434
d178b5e16d4a,-0.4979532059391319
c25f0af3b7d8,2.7519452117910577
3d32dbab0f68,-0.6474714127306408
fa5c4b5fa5e2,-0.4854170900268569
9529c3623b0e,-0.45849889744244343
c7bd7bfce25e,0.725304363734891
e1a374c71fe1,-0.5113772086657286
4f891fbf270d,0.8658447524996167
d03074185936,-0.5066386335319555
1666099f37b0,0.36813667804297723
952585a9c98d,0.2573241696721987
69da3f52b182,-0.5746477089486708
3e106348b84a,-0.7259872056546451
afda4f4fa6cf,0.7160116893188535
5e749ac5a294,-0.8179072332163815
c9cc6ec952e2,0.6535115603074386
6455a0e1125d,-0.6649371449978291
c8f2945fa45c,-0.3147237586086362
77c39e1b6997,2.5802150663092798
30e0e59ebb54,-0.8153111616299662
7375aaa86db7,-0.6616849505946184
0a76b022c78c,-0.2608078169156139
e20f8888f6e4,-0.5128368249063486
c9ddc16e1cc6,-0.49114127951253356
17d67fcf2f5a,-0.43547321060399596
32cd3f4af19f,2.6717984085606776
a2b2058c1691,-0.4571458723610109
0533b27814c1,1.4428444489747463
1f1e9b9ae3f5,-0.4247269012446256
9305f029b9bb,-0.33989828894475793
9c71134390a6,-0.4997774807810998
0f9ffbf3aad5,-0.4018978389887552
bef6f4aec914,-0.2909373432766824
0609c014e516,0.9323049727813228
01cebf640a95,-0.47510737615315085
c0776e2bf33c,-0.3791385537843637
405cc2e92bc1,-0.5343506166664105
83eba48120d8,-0.48094373740073526
0641e005e731,-0.6842026450132774
f76146a59d8f,-0.6401253451978857
2a056e15358c,-0.4755317815145668
c2dd1edf3fb3,1.6471606539514272
ac828a01a41e,2.1861940528632653
76fc8b280793,-0.6426740178652293
1a56daf76bf7,-0.45358560600039555
e64775d21f9a,-0.5180182380220791
cece42fc1892,-0.6360096220984818
d44b283e18c7,-0.5583149720323829
a5515c58c9a6,1.5333867357321949
5870a37f0042,-0.5806123423973792
7afbaa4ad6aa,2.220896708797417
68ab0fe8fa65,-0.5910428333595538
877a2c487973,0.9025332936555863
13a7b7769bd0,-0.6215595937795682
6e375364ed23,-0.6788177723906992
adde4997dc39,-0.5888736478445852
05b35fe76d59,0.1164322837395309
e35721da5966,-0.7309478680107837
5101ad03c742,1.0981462139258897
4f8c4f1df786,1.7239657901680263
adb2cd7c751a,-0.12082492821694742
f4e8d212a8c6,-1.2157741888727243
25ddd929d21b,-1.1629622786433065
141679bf182f,0.9650366374434699
d01b5510909c,0.9780446110762001
106dddff0b84,-0.6576728231331581
2fe00910acfb,0.33088823409087925
85abcf3dca80,-0.7676819544642999
7c9a78d275de,-0.4402174453632452
d2fbf7f51eb8,-1.2150939862016588
4602ee23219f,0.09243434401935642
1ba4539c1fe1,1.6000409552142008
db502510b73b,-0.6039527761611515
9e8b73ab5b32,0.38846278806870604
df6f60246765,0.2975645564934103
bf47c4db2036,-1.1051474876537468
7818d4577d37,-0.698084589946274
4ad1e3364b13,1.6582305938877742
728ab0b13df0,-0.9840724115177691
b688070fc6b7,0.8289364346825844
cb54ae172650,-0.2593184208854322
ec0f797c707e,0.6829894577443165
4548ccf7e4fd,-0.4735003088113873
18f1320c1ea9,-1.372629919657196
a2943fb84e0e,0.6665312905395507
99d96e577391,0.9011244840498692
d21345dee6eb,-1.061562527346026
be31cfc121f6,-1.348296868709374
8523d5f59e82,-1.1592262137675053
89a171e24a54,1.0852236404016313
7bfefa82bf92,0.39677203387794285
f954da62da88,0.7829499428912591
a48f98577f3c,0.8996249887869185
a24884e8119c,-0.36624322734866877
66de805eaf37,-0.7063875040102615
18be7965031a,-0.390973685694611
c39a4a61a1a3,-0.6966113179595492
986de60216de,0.6506497496468834
b82bf9adada9,-0.6945255521347337
5ad1cb959341,0.7903141279813779
dd4d26e2ead0,-0.30638727744853783
b87da743dc98,2.774725712938514
e06bd979155d,-0.33983290948078393
4b26239c02c8,-0.23980689769406377
644f2a3f7379,-0.4749212187955657
bc00399544ae,1.0726267543137766
dd6da5df622a,-0.6947839135076953
57878c15a7da,1.7386991621048897
00dcb63ac821,-0.9757344364763734
26ec2bf83fcf,0.8878594191915912
6d80569edc16,-0.783635417698936
509a11579ad6,-0.23433519341211992
2db35cce9c0f,-0.7495516027558723
4c7ce8a7a3fc,-0.6547481189044222
9505c4d4bef2,1.040662025788175
d93933406125,-1.1943001289025021
6c8de1b8a004,0.5472414502594889
2697c97b2375,0.23162926772227718
ad3138a8de9e,-0.7365594337162596
070baf3612f7,0.8311497124642675
12efec5db7b9,-0.4469706616191369
84796b58e5ea,-0.586875408912423
4baaa5314488,1.3650563620088372
bd0445a3e586,-0.4488598364411838
547896381657,-0.6820060053965806
cebb84dc4644,-0.38229149050680705
b4eebce22548,-0.6894353801066703
85b5883931d3,-0.7783385445453147
2f1b56d58027,2.323501419048994
ffceaf7ea8ec,2.5170856622938884
9ac2cc4b2df6,-0.4498314997322873
5b43982c8cab,1.0818079246035737
2a85cac423e0,-0.4826840427085998
fd3dd1edcb68,-0.4558053025042734
ba6645518302,-0.5726418329322978
07a0f0501d07,-0.6524575085250125
19008fa5897b,-0.6314118068443643
02b9d067b531,1.0256711255779702
ccab28aafe6e,-0.4500602070700984
c7306fcd25b8,-0.4549944171687029
a2d8dc23ea14,-0.47467809498979585
e5ac61aa1aba,-0.568838385956495
1b8e39654ef4,0.8032434423573399
d2bbf5ce1161,-0.34464304778455734
7edf40f0f4e0,-0.465819273549106
358e5500e008,-0.399211334484002
345848088007,-0.3790064203102834
15adc32e1d1b,-0.6102412063675999
43e73950574c,-0.5159380919222835
3f188c99016f,-0.5243663205554114
141a3c8781ab,-0.5990450428849989
90f436241ee1,0.9014627000836379
b9f6e443cb64,2.70240298137376
f8551517781f,-0.598233162197996
d8511423d1af,-0.5161552941112942
c35add4b02ba,0.8919767923886065
e8455c7afa5c,-0.43093071583467607
0ad8251899c4,-0.43281779925217445
99009e80d58f,-0.5846212353342009
da3962c4f162,2.5551647189032614
c84d961881de,-0.5020841204532
dee85beaab8b,-0.45000342003348986
fdf27a783d06,-0.46647821875318124
499fd10d5822,-0.6037735173621815
f6266494d11e,1.1379559720405261
f273848e415e,-0.8515652226805945
23e2ce6f8c46,-0.36449117556396143
71ce58d4ef04,-0.4782929193926521
4931dc34a1ff,0.7692185748344726
0eb04b305071,-0.36081121928445486
ed8012035de7,-0.9152211071800982
5532cbca7e38,0.843275780471382
a52c17344fd0,-0.1420398534532091
69aadbb0f5ce,-0.8308336272973226
9e5b0ba85177,-0.25028034721850967
68e5cf607f3a,-0.03763734109088282
9e67e1b88825,2.6186784578558306
c9fb4b9d1ef3,-0.9637734232257318
6cd5beeb1a6f,-0.7928132104661502
ffd6e63ef6b4,-0.628943177082876
91fc4a279399,1.2711891706124996
3e3f4c47c8d7,-0.11104748212677035
b57c0678e58d,-0.524100832808781
1444483cb890,1.7225588463236583
9058eb78f271,-0.08432105697228892
b0186a12f712,-0.6195649529179468
9ce5407480da,-0.5140223814724584
72ebba31e48c,-0.5373934232474097
8547fdb51572,1.7822319233842547
2bf87334a3b5,1.5711338670750996
1b296f10fb8e,0.7378075489122523
8cbcf8fc45dd,-1.1138610216784306
3fb1ef66525f,0.5747048266367798
5e55fd4c1237,-0.2933053511218136
4dd50a3e59a5,-0.1534388398990773
7ed6041299a2,-1.6422778900324584
b37d5ad92bd1,0.843378393829785
2957c30b4d06,0.7621932299127164
0029c1b99308,0.08732058814189489
d5ab76621347,-1.4832479350266297
3edcc0082c7a,0.10959258324988272
d56990376948,1.564636522658087
ec4078a9b009,1.7697993432673673
d04761c30e19,0.3134016847335009
98354808ff87,-0.45001635910375565
f9d95003f1fc,-0.6517528770331746
60d47b8a2804,0.3597432229506467
a3f23c00ada2,-1.088364561559692
c61e2ba6221e,-0.8883268318453623
e55062d8b91e,-1.3115788402581647
c46eb8ea290e,0.1026020669149795
f0049e2699e8,0.7465286500334788
8b4644f6918a,-0.46667202075791026
7a4e60fcf13e,-0.35806986504393973
7e064ffdd6a3,-0.30061673826559976
91116cec937f,-0.7590420985268183
c5645fafe47b,-0.3807733094466822
7dbe51cac85e,2.3163443492907274
1521389323f7,-1.0292160503666723
a45f3006d878,-0.6775753671977014
96cbc3d55bd5,1.2841791352489942
c8746744faff,-0.3281734300107047
ed27ce4aa808,-0.7360032062409243
8157470f6d96,0.8652911902903804
5ede205a4aa9,0.10365539026894095
895f0d68ec39,-0.33768097808310726
ffbf401f220b,-0.4846683467155871
ba1e7334bf2e,-0.5872492372615207
804bbab21109,2.7819731123249407
ef6e3c3d0f5b,-0.4605679625013094
68eb1a3e33e8,-0.4961980297005504
ab1bfdf264fd,-0.5625673679590409
2e18896b84d1,0.935364343766218
b0a078d968f7,-0.14400172755787663
3711e1d72d3f,-0.004393819764209259
e63d54b6e18d,-0.8995078025400751
4ee886062a74,0.2594978159921181
9797a8e6d83d,-0.5223586822241311
df48911d08eb,2.7999935890964602
f5730bff8f04,0.5358471923330733
1a183a382745,-0.4935291799054714
cd7c0d0be434,-0.5122053505553852
cbe477979cdf,-0.6085317595759246
c06f2ed7e650,-0.34366508606653784
28ac945cfc38,-0.3853425193616327
2156c824d874,-0.44228619351084586
6cd0d8dea6f4,-0.5043462972724363
27b3e8935845,0.9024183041985159
32420f090436,-0.4259940171556847
32cc063c8fd8,-0.6217938046234402
ef73a31d7224,1.2681216641218844
d3b1285b13d9,1.7607384544574707
9bb5afe1d5b5,0.07433237503964508
bd7fdd888c58,-0.9753921389840382
56735271b8f0,-1.017243240019606
f1ca7b680744,1.2705223692074203
ef189805dc5c,-0.7579490004140266
d4f604d3f080,0.01844632589913546
f73cb7a108f0,0.5837895857726147
81ada6f3f9ae,-0.7626791441911495
850e5fe11acd,-0.8408934462659102
5bc268197fb1,-0.06267327718409361
1ad6dd77b372,0.2017763209812081
64fe1842655a,0.0715342049001502
67231a50f8da,-0.16184185069031445
fa49d1a7cde9,-0.6714988591518483
569ab52b221d,-0.7518055631167957
a9f58268b1b8,-1.1622254407634094
80652e51944d,-0.2705725777853365
5e794a03fc50,0.18303788308850702
102b0a46edc5,0.10190173754769069
4818407a54f0,-0.358360261518403
13a92c909b66,2.8807276836926445
492245b63eb4,-0.519725864184269
a65323c08f46,-0.662942121923141
c87162e6f232,-0.5784522860636243
98c70ca4c244,0.7444983459131189
628432cac97d,-0.5638261700972244
7e5b2e437d2f,-0.240287439768029
4ae01abfbecc,-0.3893022476555753
a1881b39774d,-0.29355950241150486
6a1a5aedfaea,2.6438451752975527
3a98614ae30d,-0.5409425157869407
b8f69d4e3361,-0.6355858487581583
7aae6fe2ef80,1.0362804754377948
1a0e89d2b52b,2.876020511079714
627d015226f8,-0.8117140722252439
6ab50c700e0a,-0.19322946091251594
848c82641508,-0.4919850681333904
6a42db3a8e29,-0.5034265232727758
9b5b5609f4ea,-0.21849429268060827
bc4c15a657d8,0.17751364052244992
91fa0d6b8194,-0.5749806913940976
d6e0580b90a8,0.5730166524879239
336384ed68ee,-0.568215596643578
fcefd410a98f,-0.569788809768149
f215f6be19db,0.3052837109402717
8f79ebd3141c,-0.15258610513818416
28a55c1ab33a,2.090818456081669
3c4fa45302d1,-0.8094011142627267
910e8262163d,-0.3140729445371746
4ec7f57764b2,-0.8380757002704535
34f4aeba79f6,-0.3592819696713707
16124307c909,-0.749486841457788
e16b818ab7a3,1.289192766036825
b38f4f5c169b,0.11870191024666318
9b470c83234d,1.2522489070644212
caf12a6c3c96,-0.8243605961168537
3b89bf157038,-0.7036967679750272
2d33b5fda0d0,-0.5140177958765771
edaae0cef053,0.07252528402717588
55584acaf922,1.2976629662137136
9bcd82e07820,-0.5172862765847257
615317d2a32b,-0.5400641564955315
f02aaf565faa,-0.4115221530674039
23163ec019f0,-0.7556896054968709
39082b6db6a6,0.7430551269396941
c931a7ea7256,-0.4530999015890243
d8beed42d8b5,-0.764285794291848
1942c15ae796,-0.6074882036636091
51f7bcb860f8,2.4502105098850073
7919b14bb3f3,-0.5665143310471934
3cc4df65efd1,-0.39965567668111984
d224d77cf428,-0.5551239380078667
b111c70e4c50,0.924789018187972
213af6a53c0e,2.5912647984736683
241fc10c515d,-0.41995917347192446
6127137ffd54,-0.570980918645914
c07af513b9d9,-0.5273180427151014
84c6fc4b256d,-0.4607875118020435
e96cfa5e479c,1.0397441533561882
6ed51a330181,-0.491416858207748
6cdb3058579e,-0.5640415194389169
86e9a8b7448d,-0.5291737142323122
ce822f9923cc,-0.014984499740478746
bafd56cfe2cc,-0.1551345455028665
75a0e4fc2a1a,-0.5377298347496188
69006847fd01,-0.624039272968104
e8de7f8c382d,-0.4426617087868049
16ab3b6e6250,-0.2887244319394741
84c8c14dbc27,0.34262249400933575
47ca033f9888,-0.3965508050043329
ba48cda62adf,0.005597439988104083
7c25aad57fa9,-0.40559350809732897
559fcd43cfc1,3.0463723870238804
b9039bc2bf12,-0.4279549460917226
192ce7a1b5f3,-0.2103631626708868
45ffe10f9e30,-0.4781270970187799
7a6f269000ef,-0.48804308635179783
3341fef1a3ca,0.9519382555133589
9b6ac0ca0843,-0.5339467991924584
2bd7d8fd6747,-0.3328565664621876
ef6ee673b4e0,2.898576128268193
b80d9100264d,-0.447654176974862
b3912b790f4c,-0.2959808264096959
1f56cbc6a15b,-0.09496717596949567
b60969ebd2d5,-0.5406205466396653
1c705b99b874,1.2186436476928635
c6b8c0b1aefc,0.43402125528520474
646075269791,-0.6418641908454664
394331f4c414,-0.4503532887473733
faf1f865493f,-0.5126824490845117
ea4095d8e1cd,-0.3731591857061677
6b1f190202c7,-0.35208146413536856
4a008b405109,-0.571791891911446
515027508aed,-0.3233607830544861
9afcb5b5f1c8,-0.45630907035025187
97c5d6c73839,2.6683972430710505
ebdffee24a35,-0.6394598222140471
92db061dc463,0.7499626710463261
cf56967b55b7,-0.5041143186818469
158bd758a806,2.6603535972443044
fdb8fd8409ea,-0.5401945562757076
a8feaf0ea9bc,-0.5366944301409645
0725a152f660,-0.6096985608438765
83cc1f12cc26,-0.4354821904343805
09ab297af8f7,-0.5013658183261585
f2eff54c3155,-0.4154175863820674
04a9d339f541,-0.47439684629226014
feb6e7e029fd,-0.4468486041852643
98a5fd87ebe5,1.0538966432718957
742835252400,-0.6202498452793551
8f71ceff2af2,1.194747159135327
b1046dc5ea06,-0.6261202665463702
799c99e18515,-0.7336259517501235
6328bb84f8b4,0.12343340603329037
6270886de581,-0.5200954058529181
2cebf8e9df0b,-0.6191487065499977
4206b25203e6,0.7914760621890347
8bc492375f5d,2.489243524916412
ebb6a0fd1082,-0.39528348348791315
c43c31e5f570,-0.5921290058326314
76651562d0b9,-0.4922474869747551
5d5fb3a8409c,-0.6684834634107237
52be7c1cc588,0.15664437327760516
243d4d3403cd,-0.7436033859664742
4d01b600a107,-0.4180627584154334
b8e84d1b5e77,-0.32565021931012156
74e9fe10be52,-1.1818828047947414
c184921b3303,0.4667331952414572
f162e2847a28,2.649294573293074
69cb479a6bca,-0.22652780265789152
abe364571244,-0.6582151952664641
18a02460f039,0.4500477777132895
f904446d9556,0.4997057102964234
be437143d1c9,0.5882126001935732
fb43e83b1e9d,-0.9691070524427434
0bca6dc3af31,1.3322913944945114
a528584563bc,0.8368484229226962
b5c43bc62016,1.6002540427219145
a044f62742d0,0.26134628793874487
e40112eb30b4,-0.7565828039812921
ab4543215dc8,-0.8352090894564961
fde3bcd8fd02,-0.5201825862302831
cc375f8ac6ef,-1.2035141943461625
01dc1b0a2ed9,-1.013379244552431
a24fa8d2bc25,0.6790222227379676
d20562caecbc,-0.47471585021653356
18a55466d3e8,-0.540069255764921
b6d0c24863c6,0.8749829455900808
3ea74150685b,-0.5916595236148156
cfebf8ad8f46,-0.5471119079788727
3034f57bfe5c,-0.5861964606927884
6183cad431e9,-0.35570239373694446
7ab02d701f93,2.6765964189174904
7b7177ec5ac4,-0.4430825121110013
94b39c275500,-0.4640065033439407
5280c2e0b147,-0.45227159441896825
fa8dc0626898,0.9032366373712144
8ccc367f2ef7,-0.5447873171395037
e9e75b5b7d17,-0.498818484688701
5eee300300fa,-0.4212863512009657
bdc4fb14b9a5,-0.42683250091289815
279d6f619702,-0.5940400949749111
865c44809bfc,-0.6302705129347402
26a3c760a482,0.10626046363254169
617bbd34c751,2.7260542978267797
c1db96735998,1.1108236871168502
7a9201543492,0.25311235335776167
784e92519ce4,-0.514697858008889
3893dd598d2a,-0.5655176820733243
fc4c12cfa21e,-0.6361362070151466
4d3372b383ea,-0.7889152919014155
5913defca443,0.34106433204427905
efbeb5569fe2,1.6479187603709748
ef100973d730,-1.069206522916858
4a028675215b,0.8685906588612592
8c20ca088fc4,0.7678177018038461
53f7f5b18886,0.7675454821452792
e34b73d01111,-0.882406743766251
e1d04311fca3,1.0357527841524816
40058db1a296,-1.025114359516527
e5f7e969916f,-1.0269105942619219
f0b678c5730e,1.1094888038207313
1e8916549e87,0.8497544347226956
df5f3167c68e,-0.44057655588402694
e7b96aba3be1,-0.39090413233392785
a52936377208,-0.5727347008205966
6f05cb99ada6,-0.6131942872428915
6cf72aa07e7d,-0.7602506846061376
e7cbe2ed6e6a,-0.5190335515185357
7d577e196c60,-0.3652092066338862
e09fad634502,-0.3492616663637769
cf7ea063f116,-0.5188232367337423
faf4fd901200,2.570744783594095
fd5499bdab2c,2.3513780364318415
7201b25554ff,-0.49790655396712613
7aab442181c5,1.2639337038254779
1ea7fa4724da,-0.6082444595541234
ba152955011b,-0.4353126846754747
f57d8f960abb,-0.2717753697275387
c30e3bb83cc0,-0.5834968058949125
8c6be1679e18,-0.34824413996571923
972cba70cd42,-0.5495890308384704
4a1357d8e5f1,1.0993453382427212
14e99d625e2e,-0.6729608649183974
1e738c6b42c0,-0.7471271689582779
754604097e2e,3.0987468392177604
63847334f0a7,-0.3706500866965942
38c4c45ebc3d,-0.3106943275524283
c08481f6039d,0.07343781055198963
93ee09577139,-0.4055775330724162
07533bba45cc,-0.5801191750633087
aa1a33afab43,-0.48032759051661283
e9a6e7cc6b41,-0.3758039000417567
91b3a4e6c668,-0.14572611071598757
f159646b87d4,-0.37731133070245376
b4f33a157231,-0.29037265893656655
62401a0d4bdd,0.16439806352837438
d47019b89361,-0.5151487252777323
b28c58069959,-0.42726524241237285
2f378f8ad505,-0.44470690823407766
18f789bfb569,-0.7409647736067742
2c6d7d26a54f,-0.47837932382982323
2f44a1368733,-0.4476630352164907
de3521079546,-0.5937354385500953
95a40ee36738,-0.4448490591005532
38e73efa52ec,-0.39417131469768635
fcc6a133f931,0.7830292543955559
a347db006bb9,2.623678352940189
d5344eea0ba0,1.0801762135898603
6e72c8b55b00,-0.5485571262762429
ed322ddc8358,-0.5828515333560906
3ba6d3067ae1,-0.8133382221441752
c9b148d140c7,-0.2971320215190986
f7af85b45a2a,-0.445712553133368
7b62806c8b3f,-0.4511455461266217
f377f31ddeae,-0.5082508623930908
cabda33ee203,0.878912396680039
3a56da52c76b,-0.45224276837537636
64c5408f56dc,2.443603806594411
c486fc515e68,-0.5254773211312483
5344395cef0e,1.302191751180863
8f0262e6e02f,-0.5997546858047427
6356541534f5,-0.7072890919918564
c1694eb10b8a,-0.4742322999569191
e7ce4b433deb,-0.3919659715010746
bab71620b2ba,-0.44006709860385207
8a85795c3e30,-0.5428977516304061
a124c53fb13b,-0.3055844775318953
046f86775a70,-0.4855934352853218
2aedc0e5f4d1,0.9883573030172594
420c6db00b5a,-0.5255808113908277
057ae622be3d,0.8433035260660381
a76dd1873e54,2.641304794613598
813627d93353,-0.6846152157308113
c51b8d5aa86c,-0.5430642556525223
9d3fb6e930af,-0.33284614009128277
0b40b088447f,2.619010956415878
71c05365d36f,-0.4334469236297961
690bad227d70,-0.3702618457181224
b2171413818f,1.0098827546746447
4da78f68b30d,0.7935456876701829
4d2299930208,-0.4103660970631413
80552737fbbf,-0.7266628144106938
1f9270dc7f7b,-0.7415777891294333
89e5bde608c9,-0.179598317334902
d99b8da4235f,-0.409284699804218
63a7cfe23108,-0.43310492223953045
ecb6947d35a7,-0.5038209454001563
7cf55a563d34,-0.5325692190491389
5d976ed7b324,-0.5247569586273197
2af42ac31844,-0.4749413328840908
8f770d25db1a,2.6601753862107214
7c70f29008eb,1.0305914535943705
cf167f976197,0.7757529454835502
b56aaccd13f2,-0.4188860922276844
d1308d2cfd13,-0.6255182653252152
634f39141282,-0.543637349731289
01474b689a1b,-0.16528389392889642
c9abde842dd2,-0.2515440612428965
bb384ce57708,-0.5357287432415854
ab04994da2ac,0.011477718076486959
04e312991427,-0.5359259542864224
8019358abd5d,-0.58336685800041
cb437deefa79,0.02298061501782963
cc03ed0c63b0,-0.8640147938993418
f0e0fccaa749,-0.8540538570698943
ddf662ac7743,-0.19561148940498532
c2533414e145,1.4127490423546043
06c2603101ec,2.5383222756255117
df268fa77155,0.9769738748474166
96fd2a573e14,1.3365689736413875
be4dbdec95a1,-0.3220959403124742
67ea0a2e6f14,-1.3977298171467232
56388f6cf364,-1.5767045832501563
6689f60684d7,0.5880599786721502
c99c8a86f366,0.5668474439525105
6f96d7df1948,1.199231540293577
44b180708f79,-0.5236476859846853
21aec9ca4cad,-0.44079635186152116
457f37e9aaf1,-0.8597853280645885
32f635780660,0.4530778952131069
5f01bcd9305e,0.22837276920706012
9445a6198060,-1.0056506187479133
4f8a3825ff6b,-0.11742598158290188
bcfd0941dca5,-1.2444555397385695
667661acb544,1.83998693715222
e5b0999e79cb,-0.39990791224391226
1f0a12b39053,1.8580136838137085
711d54fb9627,-0.03347952917034511
403838d9b7bb,-0.6506552102229674
4da2ffdddc68,0.5534901110411151
964d2feb670f,-0.622048897666413
98ee8d023a8c,-0.4062398118410807
e08edf8dee5b,-0.8109103901635932
452f0e1d7f20,-0.27026710188978686
3b3076ed9915,-0.7323664730581749
7fbf195227cd,1.1429999077727744
c6aa9ec43c30,1.2938763836267735
28013b45a6b0,-0.7436639867012613
6bde75397345,2.209719591403356
50ce427a1b1a,-0.6052681045148054
28d59074c3f4,0.10368370054830597
f3b097ca773d,-0.32094376083648407
50c49ecbf5af,-0.7428603815237584
db70d21ab23a,-0.523999384663345
38922c80f5ea,-0.4714435799452042
ea326d8a841b,-0.5137768300536895
744282c340af,0.8126079018958472
2ca25400304d,-0.6584514149908899
34982c5f85d3,2.6649720324959882
edd414bfd11f,0.899046912861495
455713ff9be4,-0.47593324711595414
49a9c2848265,-0.5567570885687528
d84e3e26c63b,-0.6203478276670041
3dee3be753f6,-0.5784714066008361
747aaadbe12d,-0.011198618713081306
380913cd96b2,-0.49024683359791843
30daf5ce51c2,-0.7194106082902504
04cfa1360a16,-0.9699147637271304
c325630103d6,-0.4567926628226053
aadbe94220f7,1.3946147512517635
61189262abac,0.5834092801981432
02830d0762bc,-0.36207030061929035
a00c3307e761,-0.7839006979166363
4e6a4f5b6061,-0.7852418293338109
1c2f8c374e4c,-0.6140719805609842
691ca70017fb,2.253262361051859
5f08edd9f4aa,-0.001118830542077032
78130c5f3f15,0.4612352813110189
5a687974080a,-0.495098245379566
02b6f1731626,0.8913440637609122
90a31851692e,-0.3001605779795132
7c452d4669e5,-0.5727253036187459
cd484dbce8ef,-0.6714697210981041
0d4413e5d438,0.8943203060697504
238dc15b29a2,-0.301374279788134
22078b7d495b,-0.5897666160039287
052c700ff910,-0.5210283790130521
75f45b957bde,-0.4792496528426249
078b72afbd46,-0.515218575169355
4214dff51f8b,2.6604269810623613
edac045dc8aa,-0.743299384662729
673becfb813c,-0.8752038927129746
d53dd83cbc87,-0.7138546479142667
5fbe132fe7ac,-0.5109940696818106
71c7135b7e12,-0.642834461762133
92147c02ac14,-0.27945599802888466
23fb24dae74c,1.0361186905939044
02a4795bfe1f,-0.6477304188092187
fa4a1e065c6d,0.7712116326495624
099fdb0abad5,0.2220745314087509
e5320646b819,-0.11050466499219513
254311840cf3,2.4944726839119946
5e217d0a0701,1.0320669558932012
e4e70a4cb89f,-0.4922018577334742
d7ee754fcb0e,-0.413276431310846
335c119810e0,-0.5140946532261232
48aa944c4572,-0.564250732491398
555f23ec2b88,-0.5705033475972562
7139ad83271c,2.6584495301151705
cfde9bf723a9,-0.4123883779970323
28f889faa12f,-0.5620456740213023
0d93ce6479e6,-0.46234672908252783
c113c63f2251,-0.4788450132716007
e921dba7c020,0.7794363307231889
666c66ef7f9b,-0.16577947851620334
ad9439e0f438,-0.25427953271555903
f0f5c3161a3c,-0.04188162970988464
d747904b56fd,0.6894226922944504
19995d0d0a72,-0.7480810300747125
5cd8deafe5ce,-0.5626237316482495
c27989ccb3c2,2.9264509737851876
12c85967f5dc,-0.10172619264559053
322cac982c2b,-0.7041862233143619
7f60bb4a6d6e,-0.458511732675654
5c52810271b6,-0.5037674505383174
c1ebf049b081,-0.07503666424110517
bfd7cb69ec2c,-0.9638791931642312
55f3de9c44bc,0.033823103155095166
647445f2a340,0.13706348850850691
87dad35b04c1,0.41999904330490373
96721fd154f2,-1.339061440245301
7099752f9223,1.1758073301860525
4b10b0fa106b,-0.9129066058558478
e16744c75ff6,0.4147636332386396
523c27500fd9,0.6064585350853469
a3a41ec51aae,-0.7656240981122934
114187a3dd36,-0.8150405670714771
29b3158862d9,2.0085967709706054
a9988050bd1d,-0.852767325403939
0793b7078abd,-0.047855041317362276
2d5b4ad3068e,-1.1265528444606903
3c6e2cc98e36,0.11527856774632791
8b9405c299de,0.21963488969190462
9edf108e07ff,0.42864565442334257
7191185f73a7,0.6094610486156773
7d2b4a97041f,0.0008540089256410116
48a4cfdefa8b,-0.337884937786935
64bd8ca80ec5,-1.326299222782036
692085a2c183,-0.19466349460658777
b0cf0520526b,2.5121486969546565
ff1d97f7e023,-0.4596796110766839
4ed1ae68b0d2,-0.5916737244116238
fea7bc97caff,1.241329755287332
f156ceffd13b,-0.3263318029461071
aa129b5646eb,-0.3647392014788897
0958de83d16b,-0.7090078516912323
f6552960e8bd,-0.6303850413995171
388a99551c14,-0.4161643046528659
7ea90ffb225e,2.171733589871579
1502bf24bbfa,-0.6215464378496751
df7be82b22d5,-0.6993598744359736
c8fb3b72cefe,1.4058245047836588
36c78e4de2c4,-0.01679750776627964
47800319dba7,0.676257185778245
6ad8abbd5220,0.9749938152252462
7668b521b864,-0.6173061187204544
61bbda9d54bd,-0.3617587592082954
c553c1dd5add,-0.5228546040178802
1c5cf6ce18c8,-1.1354469046765339
f228327b1a13,-0.9331314165559843
7bdcbcb02213,0.674782230126583
8802e605626b,-1.306246642731578
781c689aace0,0.5779447021271955
c24412d9bc48,1.9895640204197365
a67cb8a33747,-0.26136947103087016
96f3427dc350,-0.23968548767932485
0a4f1d906875,-0.20180455971783695
c5aa87e0a888,-0.35570866887476454
7fe2e9bf89b6,-0.2718996007051465
440ec135b41d,-0.2829147835423442
6d72ca11c46f,-0.2012751343059364
903daa1cb431,-0.4008867266134135
b7d3f9c90816,-0.35097496585443055
b12095e74724,3.162803181290039
3fe0f52fd816,-0.31209786206355394
0a4e9542f998,-0.28418592090241696
d81bb130a66b,0.3861860409214536
a0d77c0c260d,-0.4865758714673719
bfef2691c246,-0.4162503113170116
d213c87ae9b0,-0.43170977166704805
62a7fdbb19a0,-0.5225950779313666
61e9ebd1a406,-0.47951645573527313
538c221d58e5,0.950678671758248
1b9c7dc6807d,-0.5113102936382727
a5448c844d9e,-0.4758735292207338
6578c71dfc13,2.824584114001971
9b2da914145f,-0.44220551308623335
8b56f0d4a61f,-0.3954120026183617
55eabfe5e7f6,-0.35218557370302767
aec6d922bcac,-0.4195438208018496
bf4557fd1b22,-0.5562811454299246
03ab6d4bd0a8,-0.6163581901027725
2fb4e4d171f8,-0.38301783364990066
4bf870bf9811,-0.5917521425837096
638d1be1e46b,2.518813111242392
09f3f49389de,-0.6634867781605214
dec329897853,-0.43196207259354946
fb529905ffef,-0.5858581886956911
4a133784362c,0.9913028319905133
f97fffac4401,1.090329802488041
c0558985fc75,0.5782089408357227
53b1ba9e6512,-0.14300407766073223
9cf6c974498f,-0.780495600803851
f12f1949d3e6,-0.1663745700204361
2bdaf14218b9,-0.6392473700358885
156bddb32f1e,-0.5809849623871131
86e83330068f,-0.6768637400929738
9a9bcdc26dbc,-0.3491155859688017
e183803998f7,-0.10234334004704046
31aeae720c13,0.7802836514907887
b23a1f2449be,-0.6741021349004088
e5b1ecf53d1c,2.7540387895907332
8a5768696380,-0.6934546988081998
60e33a67cffb,-0.5857258195987339
5dec2f6a26b1,2.259713124841027
422fbda750fd,-0.5799698952770996
0e0bb0bdcd8f,1.168001839767034
f3f9b2b78635,-0.5348453166176893
8561a0bbee5d,1.3627116632240284
307577d37412,-0.5143104372027291
0e560bd19a8b,-0.5745843859109425
0d549116419a,-0.4601886204554415
3dd12cc31e4f,-0.45849009913316885
f1d3fcf1aa3b,-0.38885735482808476
a0eed3e7fabb,0.08328893555801709
373d0617fc01,-0.8632075999926461
34c6ddf84c96,-0.7858387824609501
8315c73cbd97,0.5928070024610775
3583dc7d9e16,-0.9469145979116667
15779cf2e7f0,0.4697086583589633
9ae67426e8c0,0.0360716715315037
ea44c624727a,-0.7859500443755763
b2940534374f,0.9411046088714391
9111b812f081,-0.8579896472663983
9f4c7ff83411,2.4028789897583636
429b1522a213,-0.2859591945321274
d459eb7684cf,-0.7464669636230603
4811b3eb3c80,-0.684696077718007
bcdc8e396e9c,1.4190891547293756
be3fa4a648ad,0.09055078255276139
e264e20f5f2d,2.2363193520810256
403269b0e001,-0.45828838756909135
6025ea5d05ec,-0.6143395655303949
e4175b8598da,1.0286170707422682
02749642afa1,-0.5413712822805442
df5828672f67,-0.5501812735252547
61f0dda74b63,-0.6442827339925657
5b8f56008afc,-0.5349500758665126
b1c5bad0f8e7,0.7012194153751596
abb3fa662814,-0.3204177353034544
37c8283647ba,-0.2517867625300656
2c99b2cc2a08,-0.47741617836854067
6e96a97d731c,2.9685113806785735
b6c545f22b7a,-0.34743326042207096
b392f677a828,-0.20464016346153027
c1aa8d2c401b,-0.579959913236789
82c95d2ef325,-0.10402740681735449
785e8a7a1640,-0.7662615625450808
99d7628410e3,-0.30833563214807413
5c14d05f4154,-0.30945218122077284
98a53e41dde3,-0.4689369452817789
c0cf49377694,-0.5685678210930161
1d3b25471fe7,-0.49025643517780604
cc547701d5c6,-0.4282062461352204
b7938efe639a,1.0789384508682367
6559803d9ba1,2.019556831932277
04f6119f5fe1,-0.482006963475079
2936d77b32ff,1.7277875570902426
d4639d6d9d7a,-0.5392219505123131
8628df55f805,-0.6228931154408393
55a0c998b167,-0.5766394999705562
4f311891dace,-0.6495538628041471
20bd0783db1b,0.30627734239271887
468ed8e14ba7,-0.5949867129411021
fbf5084a6a0f,0.3598969532746303
e1da41747a50,-0.6016247997067331
e3295b9b9750,2.952721276737322
0d84a43bf847,-0.5170451627515591
4cfd6074ddc9,-0.5883393586330147
9256a1cf71c7,-0.17802653569948207
c7d860a4f719,0.23083875842264798
76f2b2812ca2,-0.42071563718471394
1b7414234103,-0.4295729393710003
cf266354ecd0,-0.5194231845397139
60d724846f48,0.8408509354516917
eb8732e3c000,2.3045613647399628
f25d4e2b35b3,-0.7166738695263966
53cbcbac3acb,-0.9441771953004117
fa999af913b8,0.014087958555388386
86eb7c41b9c3,-0.059067054763898626
2c9408963414,-1.6942253208328792
b072f78d75da,-0.02123156787981298
b09cb906536a,-0.14334940355520337
8792fdc1f220,0.5858263600828088
6a88d4aa45cf,-0.14297857881316656
e01fc6689656,-0.023623628158081958
1f0f1013d561,-0.5928321992626393
e8f5806a6d4e,-0.6241812339799505
16196706600b,-0.7985785142489913
ac7e26b7e573,2.0720098243650784
7a9bd7102e04,-0.6132144307165804
5e4919799668,1.4394591805154975
d245217e76c9,-0.6629369496143858
6d10462a291e,0.9432411890721624
c716841d1630,0.6572085052745569
ad5b3073a0de,-0.6012323066349189
ae86812a4ae1,-0.6406340170489294
53113d6454d9,-0.578309047720899
7443ea192547,0.6320875157439593
52609e383204,-0.01107796956162068
7f6ff5414b31,-0.8908815064468871
95b7e51a0705,0.06032593565630392
523a2b6b90a8,0.11255908098933025
e68d807556f8,-1.161147265216954
e31620505e0f,0.17988699402635888
6eb80013d374,2.420103327881276
44e4b837e559,-0.3382798414997672
95de60e7aa34,0.7426594336970579
608f7e409aac,-1.21039470637265
54c8d4d42973,-0.5358409988964075
ee94ece3e969,-0.6588337501209903
872273e1224a,-0.18629849564040085
dbf6d2a0c48f,-0.06668370874103446
521d0d7ecaee,2.747629066692005
1bbfc6ed0293,-0.723836727289716
4f8d3964ed28,-0.6129893826721198
4169ba2b7925,0.09323138983937747
559acfee43e5,-0.4243640893362685
63b65e433b16,0.18855799735563705
83871392d9cf,0.9198619049530667
2430792b82d2,-0.8570022584486682
46d57b3176c5,-0.4192719465908884
9a8a1b81e88b,-0.4029824445416477
d2e308b4c507,-0.8428889377061924
ffbc32299d6d,2.640770809783509
709c3805278b,-0.28736910838759205
b366d1f5209e,-0.7218237445334381
de69f6a31e9b,0.6751565389863563
d51237056ed5,1.0103479334734558
afdb041099a5,-0.3387557987057649
cccadd430a2c,-0.6187816721312978
74cbc450471d,-0.14499002238970105
863a84384d8d,-0.5035974091598858
4b88a996172e,-0.4650861446878014
e63795fac159,-1.0853341274121742
061506f4766d,-0.17585961772780528
768246e5bcad,0.1498891003338899
2b44c0beb5fd,-1.1203336886236697
950c0be9166d,0.22679957228568598
a2d468baf3b8,-1.9660782064463418
e631b947325b,0.10032348181019793
3a92e5621d12,0.04480343098385974
62ea0ff44bf0,0.7920057991556082
3d0e043e4031,1.5254758713728347
92d3a542fc46,1.0086681173691008
6302251b9eb6,0.49964026689881363
3abb80a2ee83,-0.4508717266799399
efa2cce4ec09,-0.2902721319278321
fa77e0f89836,-0.4658878299550654
5977c740738c,-0.548501239788247
05704c9b0483,-0.552467225522177
707a3fb66b27,3.0237426851611975
e9011bf2b683,-0.40106345614095673
e7c3b917afe5,0.3523335558762743
8e26d453dd7e,-0.13714194984383146
6221935946ac,0.2813234320116583
6fe2ebb1b883,-0.3304376715120583
a94505958361,-0.4807564416790217
76399871daf6,-0.5292118829091481
ade755d6bef7,0.7090222368954203
cc80b31a7cd8,-0.8846575877799391
233ff61b71e8,-0.15280849242525046
c6297343993e,0.4823838492458401
9f1b1dab3b4e,-0.9132725280453189
6c4dc8cfd71b,0.06427265353063219
3186899ad66a,-0.6859706622629007
b7a02d0865f9,-0.6863068485664282
8562551c4001,-0.38832976765272625
a2e40a333c9f,0.31212945460435493
8c5eb277fa0e,2.6727495753654646
57bf2a121b36,-0.46375842711756937
5d19bc5b877b,-0.4746409082754071
fe51642fe065,1.0328065803068587
5b97478e991e,-0.3709483413169588
676c40b63e47,-0.5538151335865992
7587f3c9ed02,1.5916229460734588
d29888ad9e0c,-0.6956297863709512
43073fc4edfb,-0.6379365220137214
8561724c2926,2.1555531069445473
65d26040d83c,-0.40239556706959295
bf041ed6b1cc,-0.827863574730082
63c8a61c82bc,-0.3529943728439831
76eb6708c4e6,-0.7208960188059539
7f90b28ca0cc,-0.4562999374035799
2200f64582c7,-0.33047803361907513
6d85461a9f48,-0.4924267241868725
10ce307f38d0,-0.2616504264821596
1b62c22ad518,-0.15260360113067445
dbd5f831a8ba,-0.7889096432271798
da7bd6fdc5bf,2.8819575989159025
7a8791543dbf,-0.10340454541536716
7bdafe41af3a,0.8502886132565323
6203e95f8816,-0.3847949450799646
16aaeabcdc25,-0.040782336821607236
2f989a950309,-0.8188366876258376
a0c485287714,-0.5533903710898694
52b319c77664,0.5966443440451973
e59a81c2f85e,2.4301857127600845
9dffca3154ca,-0.5490489830349103
7a8809c2cccf,-0.33880627389092444
a38471480f97,0.02411001793881372
e0fabe1dc9f4,0.2879503293642034
964cd884f29d,0.01705091020234186
afd838d4535e,0.9221974760436784
15896391c827,-1.3259723959751666
813b998c32ad,-0.6920840787376102
bf11d5f5eb04,0.2730171680808455
b31499fa77e2,-0.8365757734420822
b0819c020335,0.22850616686763972
f36caab7d0a9,0.5530726601800254
b07d6b74e8d6,-0.9248142309529792
d2402db02631,0.5772371021676903
3db4f7f5922e,-1.1832671977799456
d2866f28b8b8,2.194091089441074
37f941174dfe,-1.2035145744141735
30d5faad537a,0.5387246998859103
9250d2ed3854,-0.6804351055819763
5c7dc7bfd7d5,0.46395799554797207
ee54d818de66,-0.4747775340217735
8fea32c44fa3,-0.4969936933223554
182b13cb814d,-0.5496902038819019
17f2f62c7705,-0.5116427732574707
d75fd3ad5bf5,-0.6093115213191613
7aa3b2317473,-0.43434378827451664
376f29c78078,-0.5137066717343769
8e1c2e38d507,-0.3946170696270089
bb7b808867e6,0.7730176669133696
5c174f717490,2.6179084392271736
fbcca61922f7,-0.5246352650374829
9d2f73e87dab,1.1187924143355055
f8bd8332f714,0.3391533183838292
159fe4e1ff97,-0.07058337535298008
4c3185fe3777,1.9844188840534254
887c3124ec70,0.6872321263132009
e0cac61b68b1,-0.23219022214019186
47868990b18f,-0.9354870913513229
7ce5aeb0fdac,-1.7331170180372373
0a41fb1a9f52,0.7264200109383364
38705d7e6957,0.5405583541876198
77ff376ee221,0.051351932185831506
86d3b77a38df,-1.2600542570499778
a3e0543d9055,-0.09770266213053312
9086de2043ff,-0.03938510121800698
485f26b69241,2.818925926639245
cd2d27675114,1.0601567790483926
7d86a0efb4f0,-0.5129847278764337
8c2d7674071f,-0.614304312648973
417bf4137229,-0.4755583930019229
2f6fa434046d,-0.32089080015737276
1ef3f1fa895b,-0.08741727459780439
192852c13774,-0.2832549896227386
f15d8b73c32b,-0.5535474707813741
477164bd2a3e,-0.3380808052249632
82a3456cd827,-0.6536588305580481
a0663038d238,-0.5150796742027856
387035a50ffe,-0.5168090496022901
0c057daae42c,-0.7220619599658104
d0d645bf6b75,0.9676842310937359
dc4ac139f332,-0.4954085372579971
6bb650b8ea0a,-0.468496186175374
fb42b8d290fc,-0.3883568664938771
cd8b6d8854ec,-0.46818685770029267
626e2a8971d5,-0.592168880675679
9dd0aa7f2fe1,2.1032051110370076
5058c3deff0d,-0.6317715664187685
f303a8dd2608,1.727450236362131
24223e872878,-0.5057427348841614
eac6be4ff0ef,-0.5144756339104125
fd7ea4311fbe,-0.6333761539132454
03e5f5f14a00,2.489836756555681
0813407b9415,-0.7199995760551232
3e65e6376ccc,-0.4448093745235362
9b1f28690607,-0.39308649606310164
f3a4a4976fd7,0.995770916256964
674c45983e43,1.1447345618759666
a54ed8ae391d,-0.38515646103452467
e5779b76d92e,-0.6010623152518304
9b7d038a9b63,-0.4326334890526762
68fe284fa2aa,-0.19526662930494748
f7c0c62d8a7f,0.40104488058962856
0a8649da3186,-0.11012906747451473
00412ff3a4b3,-1.2031735490880688
9dfd24589aa6,-0.6568639061289153
8321036bc9c8,-0.13729743779708012
cd2a99d93ec6,1.295242243545231
5efa739b0ad1,-1.1410209552968587
cfa73e24bd8d,-0.9728738178257308
a3a941f47898,0.3511947558145373
a7ab70e33222,0.29034396845625243
362ff680475a,2.078799514510467
097d7d2790c8,1.1047588381282663
d9389d1972b8,1.0464131882636873
1dd5cb79db28,-0.49091349077178176
cecc73e7ff7c,-0.45247471423054586
d95d398a4485,-0.5022514337707454
8644db06ccdf,-0.5538903245422393
bc8c28460dc5,-0.49514716858579855
921f5c9aabf8,-0.49798239728531435
b3e9c8c61d5d,-0.6420514154039547
553f3b1889f2,2.4940634896444434
a791a7b020bd,-0.3760733729605179
89c2ed389d29,-0.634451198485499
fe175b15d97e,0.23363727932528766
de34b2f12d80,-1.1487448519549253
1deff088c793,0.31917153488978134
fcbc63513eb1,-0.49194527487613926
0fff087ed9d1,-0.7032793209619964
f9b7c9dea8cc,0.30196687408103584
b459980f0768,-0.6588587174913371
e0133b2b84dd,-0.7011748708549048
79cac36ed5c7,-0.45961396948835065
b171025248e9,0.0500853900504475
985ff8556151,0.5760766930511689
391224640dba,2.6826792342299326
684da54d8cca,-0.9404987607937774
d3c0519b7775,-1.2908758188856884
25615b9e157f,1.8863167452044012
aafc34a1870f,0.42589063951797823
044e7bdb68db,0.6766080022202907
9caa10864209,-0.8579077735763052
61c18c3305a7,-1.342548738002222
c583b827c446,-0.11485412912021757
ea28a7d76b5e,-0.15244888688277738
435081826492,0.5723557017155787
7a51b54834ec,0.05553569748319202
ddc97679230a,1.082427321119547
02633dde215d,-0.3984594144147231
c83639a7378b,-0.7029381751732359
0f76280d5628,-0.5923738347578676
86b02ddeccfc,1.1463430169804494
0bd02481ec06,1.4622247042500112
bf2122b49818,-0.6685695830348722
7b940d070167,-0.45386196580467086
bee454580ce6,-0.4247516371473431
c972ff172ad3,-0.35960541921647443
9b25d8fdf134,-0.6424104071972817
c99d25050383,2.1988357363772
0365c669f02c,-0.5644330208611915
9dfb9bdd4a48,-0.5643086826308108
7925c54d0bc3,-0.6309827445989654
29a0bf60db39,-0.49877905274458656
28bb0697acbd,1.0906519028307569
d66f58b699ce,1.2051842022959591
02cc3f96178b,-0.4025201516813379
c387dcb0666d,-0.3385290338611463
6deb09c55825,-0.3991307184038275
7881100ef600,-0.6854625808104476
814c26cd0a4a,2.404245178496444
b1266bc4a9ce,-0.5656069462462443
757eee90bb76,-0.6147613726457932
5ea30a16822b,-0.22847823781084564
6f80be8a2f8d,-0.26247535099604014
31b944959864,0.016363710806360683
c406c6a9b3f8,-0.5485443229138378
9d9377c798ee,0.43481296794063257
4bba24ac0ec1,-0.6050518993583492
e65c142e2866,-0.579445982941462
e63fb4d5598d,-0.011476041923513633
3efcc4cca3ef,2.9665658527147856
a464ebd63b44,-0.5997252848444656
a82cb6c23ec7,-0.7043008730757578
d939c2fc45f7,0.12175546240249321
f972b1d074f6,-0.8986006527024177
4319de848535,-0.7528016649308781
4a8602ade7dd,-0.7685229137376322
45672d7d1590,-0.9566496974763525
1e257d2ffc4c,0.910129757964049
b57f84ae0eb5,-0.48521693188441206
f74530a84f55,-0.5299338960625807
1ba73d597844,1.2848545098197202
93f051f7b73d,0.2547287384940548
3bd5adf5f9cc,0.29354035353333724
711b051d498e,-0.5155639960353118
439e1cae3db0,2.164036393018424
9675cc723506,1.3981073587930364
4461a8e4b0e4,0.45317836037346526
a1728fcf9dca,-1.4970210838853255
71b7c14c7eb6,-0.14736420512810097
5b316765353a,0.13764152099807214
e4dc7d24eb1f,0.4803475918201654
78ca656a0104,-0.07447455724947945
8ab9a9b7f3fa,-1.1880208519213311
4852adca43de,0.8157091457288053
770d65119bed,0.5487755136445708
f3fec5f3b8e5,-1.7606644416226263
3729d592107d,0.8337856484487481
6c0ac981d38f,-0.2036659654012014
d6ff0f5d0086,-0.34899629684331
315e9a5e7106,0.9564012156909256
b379560405ff,-0.6091386694661813
25ea340900a6,-0.20753763053700175
3d14865484dd,-0.6158722320181441
567b63baf794,-0.614173757762471
e9b655270e12,-0.7059541242275832
636476eb5a19,-0.47501424589995894
487d50a446d8,-0.7164856261113394
f58c5f31296e,0.9868277331412798
1d54dd289ec6,2.5536095994349854
de67f6a30263,-0.566486904056474
9310818b8cd4,-0.6880490293218187
fd94c071bb2d,-0.313989084764392
00edd0c2b414,-0.8644181230034846
4868cd809438,-0.4168577572732932
423dbabda604,0.9210161194872156
4a58db2347d3,-0.5768483969607588
b5fcade92d4b,-0.41400454689677024
427e5a8134b7,2.557427535671601
904412df738e,1.0240003052412074
83e5e79be2d0,-0.3493023425203752
680d01caee41,-0.3124877756026574
cf2491c19f15,-0.6155270626272699
3473b13acd43,-0.7337848540600821
04c040f6aa20,-0.47078414371857896
82786fb9be95,-0.532511926076806
0b8b70f0eec4,-0.43502151278891577
255b540cf478,-0.5160963691429166
9c36b22f0264,-0.25973637294015584
b889959d7f16,-0.5574547077569743
02b81f0d2266,-0.35767519619013394
e853ef6a56f5,1.0233295044488582
7a5794ad8a77,2.620986839655923
114fd2562c31,0.8342758011970521
8763827157dc,1.0228474965785619
2e38c3a7a811,-0.334625818601587
959d3961b105,-0.48236510525895926
ef06bcd9d51f,-0.5026167036682395
e9339d3100c4,-0.5271797142311158
ad65775bb5fa,-0.6170034374830041
577e81c6d7ad,0.729040118040741
c22b765127b0,-0.46187155139819575
efd6e851a257,-0.5232942474513764
fe5878b73683,-0.2646386911469405
095321414204,-0.7034439283604255
a63fb1e8f00e,2.665151582980541
676e6fc3cdf3,-0.6146731304133938
1c5fb66cabfa,-0.5644194763810841
dbd490649b88,0.6258102023835109
26647a9acaec,-0.7718569325077155
038e55e11d92,0.36258139412937024
167faa32770f,-0.5967096642674431
226e523dafc1,-0.5453139673552706
9f4a3988ef46,-0.732861149418248
2fc18e1618fd,2.335067017552479
61ebd1d2eae2,-0.14209078151150367
b31ef5697351,-0.7468395792081
15eeff59afa2,1.3913060669973987
4c2dcc73e735,-0.5598220136179684
459f9b8bdc8e,2.4237813202039953
0699ae297e10,-0.3458431215666826
62dfd1f69174,-0.5687406063262774
5d6bccdb95f0,1.2304257108097192
3f637c819fc4,-0.6899950729475771
a38ee5f7583f,1.0374686244093245
a77707138abf,-0.5573525952722383
631548c1546d,-0.5873285512235981
425312eca8cc,-0.44538838995509705
a136c2d12c5b,-0.48018274849081
064eaaac0ba1,-0.45702255602279007
38461a44631c,0.7243048386072147
b36f51c92f5f,-0.6896362253446613
146d9f710dab,-0.7200278533898179
21e33016c9e9,-0.1129954851399346
1b1cc8176358,0.5527154179449316
dbe281d130fa,0.34606175647183446
90f59cb298c8,-0.32963673057735116
b61be713ba02,-0.7401443053563285
5e47d2b748aa,-0.8574496490009005
10d6adcc5ba4,2.648849470317478
a3cfe29a5186,-0.03439343122657697
f028ddd12c32,-0.7876478033058882
d210cbe6e12a,-0.047278539412713795
c33e86e2e770,0.020134097586504668
f3737a9b67e5,0.39547654923487663
ff6f7f44f644,0.2949548951408766
06a26767d782,-0.26325830036577647
d00e55c4cb0d,-0.1780921146994503
851a7ba7fcf6,-1.636478211056112
839af62ab0be,2.4161387497409232
2138f22b6cdb,-1.3914737565404671
98832c26244e,0.016592444723852344
6f08c39f5cea,0.3256517432800423
84ce333117ec,0.047632442367443704
1818fe56c2b9,-0.6565638457883995
f842682d9719,1.1632434639851426
9389e90819a2,2.4722540714082255
e07ae0318d38,-0.6003155369012529
a8e1e21fa9af,-0.43860000747334854
7319a73b2b46,-0.5351275880294246
8e5510ed0680,-0.5629317519809945
c031bb452fce,-0.5651384328409184
1274cfcbb4f7,-0.5636883591108797
67db70b46486,-0.29756374895860893
db101ed53724,1.0158268398471766
be164b386787,-0.4313951041567167
fbe1b21d8d86,-0.2875165715396705
cea1e755332b,-0.4687931012117396
f24ca1a3e494,-0.41035177038614556
ab6f249ae4c8,2.6931687081252362
ebc6adfc74a9,-0.6533836253282755
43c4320d080e,-0.48210862014769595
71895ecdda9e,-0.5393629506993203
ac16fb4687ea,-0.535760514107829
5f6380cba972,0.9749177523819634
62a57a9c469f,-0.3233799011393578
90bb587acad5,-0.6804512226924764
0afb4c2c57e0,0.7130218167453113
2a44de206824,-0.49229262631861714
f642cc1753fd,-0.5772186752579678
aba36d981f40,-0.8570328346114231
f06398be6a87,-0.43376515386991904
4a00e86d4398,-0.3554171144088369
81c52e2f9cfc,2.601287609196777
6b7cc46eab96,-0.5504717210273342
9aeca1a1e78a,-0.399420209023153
b5a974d8690b,0.9279717966691601
8c6af7fc1159,-0.5079518592873855
5cc2a8b3645e,-0.3170975330185723
89b8b4edf360,0.9614083209572717
c9351bd29053,-0.3330198661381574
70991f0653a1,-0.43402277263036626
2bc6416fd055,-0.5964242661657428
787ba3117509,-0.4773294604054635
f3e7055e8912,-0.5218833711242685
684f4a562dfc,-0.4945857957463434
928be2152be8,0.8644120705411524
7290159371f2,-0.4254186258150059
4985da291103,-0.5342690700755353
d3a9e2496e99,-0.6079909527351944
755fc16f8c42,2.6930401537366677
82b497f86f6a,0.8674919565582575
93e33bf9add2,-0.5758473414142385
6e9189f3fd38,0.4549530216565132
bc069acfbc47,-0.47661593126749224
db70d5416712,-0.46868744810807533
452e21148609,-0.5893205652597706
ad7158a796bb,0.022291008222901965
02f9039e7218,-0.42802059363765194
17789f9ebf38,-0.7736125316251419
5c846d19fb87,2.5844188613076158
525806834f2e,-0.5433515012618367
46d16c8f09bc,-0.4884890891309679
c60f7be9d821,1.2822821105181441
0fffd074471d,-0.5050038680855556
693ee467bb6c,-0.687328484373387
c8a21d8f7082,1.1339158465071335
d174dea4c10a,-0.7089550530460302
9a994280ef6e,-0.292673937294016
08fc764fc310,-0.5643544315304448
0bbc5ade2ad8,-0.38171320733078107
24622aeb3ebc,0.010801400474249694
43f2608758c1,-0.6514605004611141
f6f57ad51645,-0.6253858322239597
ecc5c2b30ae1,2.568748108264936
21a76b307838,0.7034099590989702
8206f6c98c9b,0.8893946355757271
c85bd7e5079c,1.351433417593285
82eea750e4f9,-0.5138602744103957
da60935e74fb,-0.5496611416477643
37d690c6aad3,-0.3468821089852621
06a609828024,-0.5163233740941253
aa0d85e49265,-0.6172596854555981
bd4dffbefc6e,-0.4793284215474982
e09cf5713406,2.4286120657791628
ee815ce6e5aa,-0.5514401799967938
be86bd72ee35,-0.58940455413543
24fcfe26c1e7,-0.5052803786753077
356426b5ab29,-0.29852915591372853
c19acd70d489,-0.4711440016644078
b884ae8e49f9,-0.6107139261006868
f426df3dc44b,-0.41441245797209847
98be977ac082,-0.7481108282247848
b42264df2cad,-0.4947874373973536
75f16c8393bf,1.447104709913801
ea75e10618c4,-0.677334619537409
89e03156a8ad,2.275311049566719
61cec60f8a86,-0.4279013652556533
1e68008a6516,-0.6037605671092144
8bbda22dd988,1.024278599694817
08f77073de99,0.2613000406992126
252135cd6ea6,-0.5230609344175646
c5ed9908292b,0.08250888402671477
e819145cb3b9,-0.319562129591434
1e699ae71087,-0.564596761432691
20c15a0a18e1,3.032165757531255
530144c475ce,-0.4410030452989518
6e84e1b68ec1,-0.44023061620383697
81a2b5fa2b0e,-0.3499947874252641
f3b6c9da42a9,0.19865581093674015
94410077f0d2,-0.3281681414848643
d9dfd4593fd0,-0.6080140773393152
61cd94b79ce7,-0.2806051640721108
0c2fdd940ea5,-0.577688730239276
aaca177d4d83,-0.7686978625653119
e2a5c2e527c5,-0.44536447694915976
d0022a6bf75b,1.3578418054759709
d012a567bca8,-0.6651840648170458
8c3b6fa91b7e,-0.5027135495660957
8796ddb1d23e,-0.27252070927866656
e57622114196,0.4373818452031882
ed11fafcb312,-0.5696100394455901
b9000c70a972,-0.27554561403984046
69805e97d8ac,2.562706560293938
7fa2dce69ac2,-0.5956259620478523
4656ac2b8c19,0.8913532389877896
cd5b5d7de209,-0.4521276761885923
a473b4e3e938,-0.3792207642085936
3448a844d079,-0.5589035857857136
a3421eba6030,2.751172409345969
d6c1a80fc885,-0.44279096935784357
699a0f5be47d,-0.38818223423587983
1cc73b762c05,-0.44429504074234516
a5ba301c0b1a,0.6813064449975511
854eaed4ba5c,-0.6768805745574096
8ea394ccbc2d,-0.38580528620707966
1d87754e7722,-0.25283893199492574
6dba7f5a55e1,0.7464216415591978
aa23ff8e321d,-0.2992843839425226
602af906d836,-0.5137754258217679
e5964311492f,2.618420926777098
8554eef3481f,-0.4616916774491025
db98ca6480be,-0.6271298605651564
33534c746a31,-0.671559862036413
9ac3dce86e44,-0.5432731143141494
aa339c7f1b24,0.9964162845257274
6322efbc9892,-0.10550858767522944
de16a0701a33,-0.8861970090627563
7471be74f181,-0.12644224679926822
8fed0653537c,-0.2172688288252567
ad68dacabeae,-0.4647620015767033
8098dcf797a9,3.000986843770726
327d165681a2,-0.6762748818408807
6715610bc774,-0.41668186031218324
a18618f8897c,-0.027743831137329596
1636c29a1fb6,-0.400590389255581
0c072059db3b,-0.40363166820377566
e83c688ef61e,-0.5438091223174604
1b497350ef08,-0.3182690231120482
10327bd3d0bd,0.5944870096097612
2ca0641a9384,0.8705066147096558
c9be8639fe5e,-1.1977820425160497
9ee953ce4671,-0.7918330875507458
d4549e1d32b3,-0.33650493168881424
19491543ee8e,1.1047437971745462
c3fedf22118f,-0.5506860275858227
8e839d38b840,-0.9723067040627111
884065c4ff12,-0.401138894453453
a4f158e2778f,-0.9781871160306062
cf097bed66c9,1.0643771364941923
ae1f7db0909f,0.4117875005915481
ed2fd5207c96,1.7770237549182608
893e994433e8,-0.371633003352635
40dae16695fb,-0.5215588837230484
0a7ca21fb1dd,-0.6668386140633898
a0ecf0151e28,-0.6381396872153442
ae83fa3febb5,-0.4272925430706682
cdf176dbc43f,-0.5714220380169539
88f26e16005b,0.8037400376540281
9e69e82517a0,-0.6366499921972766
6a5e5beff569,2.662745799385719
f0105aea3421,-0.34005009807508857
f8943362d8c3,-0.23361772530021038
44aac52fc0b5,0.9407167479748677
817406759cf4,-0.5351261550087559
760b5426d713,0.8528410540025828
c3f3d892ca46,-0.5754850610244306
cc6a24d279f4,-0.4097823253819026
fc8463e39eb9,-0.5499796084250583
3dadc4a361de,2.62813999783078
82f58f6fa8e0,-0.4853334995929489
3d021e0b766d,-0.4179512833252028
27a4f6bd0bd4,-0.4136766714741905
e843ea559f61,-0.6523217338583015
18ad4aaecec7,1.0238513628284887
9183dec23c68,-0.4651760765710599
30e2a5fd16b9,-0.5976588945928327
0da33874d559,-0.30506722650170326
88f09b257f6d,-0.3320882923719949
45f0c20895be,0.676054432388536
08b8da629643,-0.6905731253749314
261a00f5f710,-0.12916085441901165
9218c8d40a33,-0.4326754591366129
b7ca9d885b6a,1.0629411033952116
482b15ebbcf3,-0.3286528944214823
1d3bb8e96483,-0.8047325311208798
1ee5a34ddab7,-0.7357525699750908
b2e040eccbb5,2.6173663121307924
04c8a290df7b,-0.5331189976517977
bdfdccda945a,-0.5482966563185993
37f2ef2daca5,-0.5540548871744131
8c89099b202c,-0.6979752677607964
bd0923d96c72,1.0784543161009643
cf9b4fb6a33e,-0.4669714926314058
cff161673dc5,-0.4293268317318544
905f60992f84,1.5719038978011246
1eee06cc7e8a,2.167644504500137
4988817c3ae5,-0.533907398587095
34a9c0b8b134,-0.6055902413153773
f93ae42e3b37,-0.4487609452308861
3ac5cf120353,0.6030398881336415
923d2872777b,0.0047371096657348
99f654ec9dbe,-0.6450219374320777
9b4bba174c2e,1.1676008486380063
662a01dc9e3c,0.5104903219655083
815e60fff398,2.002426597574349
8a83bf64c6b0,-0.9384927541674993
0046afc25d8e,-0.9831334746342613
d0ba945549ba,-1.0772947983470262
d10f4b25b6db,0.42961882026167164
e9549429824d,0.0009977078009732743
c7febb5ed0aa,-1.07496832945902
5f0e356783e1,-0.27450634192968043
f5a1c1672b2f,-0.5895306113480014
90255b9a336a,-0.7643933835482435
92b14a79eb2c,-0.1936191301972096
eb2458e5d350,-0.299130146545913
775d6936bca2,-0.5767085200240011
5582db4fd8f8,0.8402100045453064
89982094164b,-0.6650524132181916
ab06b6cde892,2.4914739769074954
4d4c6ff78707,-0.5364417130015512
3b30b5cc3374,-0.6402361173982297
b42ec37c75d3,1.2079343957582194
c8608863e143,0.8617744413075268
e3c7761fbc6f,-0.598596909143532
78d2a5bcab69,-0.5079002502251259
96722a69c7ab,-0.5251880559084909
9bd25a9b36f9,-0.32515804890496486
1bce04ff8339,-0.3468222619753043
bda40c00a6ce,-0.6448768961276149
c026f257ea2c,-0.6282569475554428
14d9fc3af9b6,-0.4515353079223505
3eb749f36c82,0.9663998484547941
8d5f090b7d0c,2.642291937372296
3e4f3c887984,-0.44213154937179094
cba4981f0a11,-0.23332474135841774
f21f4435815b,-0.5076196527724725
23f30eb5f82a,0.7121681663080733
7dc6950f708d,-0.026819802709628693
c1d1e1c28af4,-0.604952043177737
9ca5bf798a84,-0.6592189027510007
c42da5620215,2.523829428905387
b2d53d4195b5,-0.6578510052432585
cba580156afa,-0.5416471771754576
c76d56689a21,-0.6357631417769
d5cef1862f02,1.230162558227285
3ee64d97dfa0,-0.5989636864758723
54f9fc304cc0,-0.49195668141167387
f2be48d1396b,-0.31188705548339474
cff237265b5d,-0.4683464973906427
d2c9c3413c1e,-0.6023329917006253
9edffaf0fbfa,-0.5173389400757908
27a400fdc3de,-0.35436717904539766
6aed6352bdc3,2.8793000827558393
3186f1c0ed56,0.6460570687954323
afcc4df3d652,-0.500232948007653
c6229dc3a3ff,-0.39771048400221387
eb874d474fe9,0.5771936424904381
3cb845e55c55,-0.45837801692431773
add30d977a97,0.7226309309815844
5c985161d177,-0.7501532263549298
492b204a9559,-0.06088230000222569
8f72a769a3c3,-0.6857640485482882
6af5a27beb37,0.13433383715146008
ce71250eb231,-0.6731886132751013
ab6705a0e3e0,0.2830239576865257
e4ccea901e43,-0.71132094578779
ea64609b3ce1,-0.6915708578936006
ca0ca04f4fcb,0.36796547329267915
9be3c2810c1a,-0.6382741730942191
1b9da07cad18,2.7031999658439054
7c6612629c0e,-1.488035966785709
71ac7d34975f,1.0767165244180426
3ce1b2913071,1.2540985485425977
afdc8ef9e79b,-1.1148547136708835
a81e44a892a7,-0.8828957996217912
070ae4ec0389,-0.05828569401687635
63d2e0b80bf1,-0.5950326667869719
22006f4c17c1,0.7453309861115042
c33837095ef2,-0.4970835771872554
7cc573922910,-0.5485862825103212
d00bf3f7619a,0.9430335883203643
5e6186762e5a,1.1655950531872996
610a8f2cc807,1.3267660763923406
6b50f270f392,-0.7315628011471044
2308909e92ce,-1.8187265597184172
dbc755650e46,0.7193114530840332
72c591b4c801,-1.3039414889488432
179cd2f989e1,0.3866910774616589
2c4b008fd34e,-0.5372900935574169
0e37baef4904,0.024879397128367675
1c649335bb94,0.9595746328523674
97a7704303a2,1.2716250219744483
93c64289f82b,-0.11996999030246162
338b5e213229,-0.17735672521897272
087fe1fa74c6,1.1749083589195342
5dda490d6461,-2.1879339257877426
f6044850ae40,1.1374476891980516
f28fca85a856,0.4438692696857607
1e228c1134ae,-0.5608124354801995
0430fb43fcb2,-0.9726727603531955
0ebe8b06a0d5,-0.15325987876965197
7db321c293fd,0.3144339718156321
fe28fe93eacd,-0.29652255749161105
95288bbde3af,1.3136088305617712
25ad637f6dc2,-0.12416776936764944
66a3cdb1737c,-0.08889879293069963
90fa17a32aa7,-0.713343400532595
93bc7b00b1f4,-0.6004793195220638
94fc5fb2b8bf,-0.8427353129596906
c1f0eb054648,0.7316045642455689
7e904e38a0b5,2.4927083215990016
69825d1786a1,-0.47775656488808016
332aa9f15c7f,-0.6958323412632617
e7c934d88bc9,0.2890962297410922
76f83ceefa4d,-0.7162245120365459
35934cc2819c,-0.6122746426165919
52a940c6ee72,0.19550100772533377
0716b73fb5e5,0.9497359705078328
9fec9b6b21d8,-0.1511412939508419
c91aa19fcd80,-0.4507032564097221
355c06f68e84,-0.4781893221645927
82144aa9a3aa,-0.7939663874746493
b400264cdcfe,-0.003862607701071566
41939587be45,-0.5075249518898906
f4f690c8ec7e,-0.4578133473726661
51343f195e60,-0.09144898824284205
02a07f5df78f,2.913674500920319
bb806da8f950,-0.05987168205358858
f5cd8b1a26a5,-0.627833428544466
3b3bd5b108b5,0.7086807648840117
f1f09e2dbec9,-0.32020839150584285
1f55ad679dcd,0.29414599533582003
0ff765659278,-0.1883834238041447
7966bc9cd5b3,-0.3052947517144751
b168178c79a0,-0.6165570175869438
48a05212517d,-0.5914685659601604
dcace83b760e,-0.5533962159863874
8c19630be74d,0.952912604662024
42f5379f49fe,-0.4531238761991028
e75b2165d3cb,-0.37731422147948757
51b6c12618b1,-0.6599178398349305
1f074675a135,2.8186057040736308
8cd066e5b21f,0.4136456928934318
a73716ffc934,0.20480721149296255
af9745348f9d,1.310411999780781
288c56013378,-0.8243971444652174
792e7b852e47,-1.4707884956828898
8f355dd97019,-0.10842849069841162
d09732421398,-1.2950032102255502
58266ab23b4e,1.9062556345818136
aabb6481bd67,-0.20100684289163095
a106cdda982a,-0.36443675680108356
d3b298c7e36a,-0.22182202325311828
53a3250d62e5,0.650762425268913
ac0e98d51776,-0.9119423914006151
a46ea3627801,-0.39883757682064347
6401b35d394f,2.018867449454182
d20db109692e,0.3038175680008227
9ebbd89983f4,0.4827964935220825
9366760ee337,-1.205906898127828
582bc2969bf5,-0.06853722897165966
8d0402a25d21,0.493625942444255
738b69b3e14a,1.399739433684807
ea67e5655660,-0.8130088650552334
ad936358ce35,-1.0638404224720457
fdaed20183fa,-0.23677350425812418
5c9f6de61531,-0.3143854409918043
3f73768c8b68,-0.7034802970788292
ef32ba347753,-0.6120243966388011
b67041e4b95c,1.208773128069422
72b329249b08,-0.38477545719122863
b129f22d3eaa,-0.5902704000304663
8a6966955ad8,-0.6111919102951437
621100748ebb,0.9107635062113096
768463a38ac6,-0.6832098563840112
7f44e941af6e,2.478153342390549
7682f6515105,-0.35676762859253547
9e329bd96c37,-0.3415845894684606
6fcdcec87393,-0.3945762127149961
094efdd70ad1,-0.43780729144284325
1c4759b2be3e,-0.5087043365690981
2403e3a1822c,-0.5954874632575894
da04ff93c714,0.5341503328844818
0c457170946c,-0.533265089397448
ae0e06ad21e6,2.881184613658489
b63b589c9195,-0.41358961587059395
95f6339936eb,0.6745835430832454
fc18d4225993,-0.32121075655227954
027e9360c917,-0.3687503091065295
76340854bf67,-0.5165274147148392
a78bda239ce5,2.6434062025738245
a1514778724d,1.0009598259087205
d6092da9a85d,-0.6187988507409163
c6728dd0c415,-0.08658854920621593
49cfe877f36b,-0.5233522008347661
beda211bbd82,-0.4711168210770327
ef1dfc39bc08,-0.5254996001079628
b63a9adb6556,-0.4981246021888055
f48dffb5081e,-0.3678380748759117
727ecfd81225,-0.5636188664738889
c64f3d3a6957,-0.7422866943833366
b4ec33d82cda,0.7528582314062915
7408414e792d,0.22949780506626832
ff4bf3ed8701,1.799782545954532
f8c69b191b94,-0.4472883257238108
0b61ce676997,-0.755153485753259
e5aa4aa148ae,-0.836909310580891
e3d0aeab586a,-1.23447290731002
441235255154,-1.1802262081911747
993a3a7b7e02,0.7111997585308187
238eb108e75d,1.452234846120315
e439af2f0de3,0.5792632929772934
c34c52b0b9fc,0.2012961566965514
7826eebf2a22,-0.5192241677866232
90a1a96e9d61,1.1641545058694605
454ab385d1b7,-0.9790595071775811
c0d589fa19cc,1.5159795190641991
6ed6c0912771,-0.9647486736131567
5e2a8c327997,0.6609723271501331
8291e7b2db92,-1.149970751234914
6f8a7a89b28a,-1.04886664450494
ca640ea18d6d,-0.8846725121316306
f97fa41d2f22,-0.27122399564865163
d0ca8938ec52,0.41854150958014386
6be34f1cd34e,1.1634947512767468
164ccdac02f9,0.3753994713701905
2620a186d483,0.04808626324667356
99c437fb90b5,-0.049683732098150864
3bf943202342,-0.46369310789954954
25f60a8c4595,-0.3994788047011124
d532381962c5,-0.5637274546154561
87007b2b6b9b,-0.5142208637670562
6c5de0fb5dc6,-0.3934502387676877
4ed9f7948581,-0.3131340322434131
bdb0ae55d057,-0.09574824016807792
ac0d374e98a2,3.114113961851055
339c9fecac91,-0.12714595912642324
87b48c54b2e7,-0.24191779171080185
4d4d50c4dc54,-0.22506776944465307
eabaed70afd0,2.844367807786605
97a5712eedbd,1.080504184590964
cf9cf4761075,-0.5198369685155635
3c0ef1c87bad,-0.4633506807551911
be8497c0bbcc,-0.1967334605204495
5e9858fd4f91,-0.4803226174003016
f397009ee771,-0.4744766541760038
14c764b8c442,-0.2704084530108009
0cb539601b7b,-0.3068068304085868
e594df2f3fb4,-0.3437697323041724
d95aad422855,-0.6440988258418462
cd52a11b0537,-0.9299209455046573
3297269b5d02,-0.6210864028323115
5688c3aafd78,0.6782870753288209
99c9ee7a7323,1.7149899816863858
a7c98e2952a6,-0.24206465075257433
75bf36c02a53,-0.4330851155957147
93d4da6d14b4,-0.32144555620076887
f01de11e0e75,2.0210367067575534
3461f83a7731,-0.2233506178514015
bd75d8725b73,-0.2867263914202235
3f25047ab8dc,-0.9998410018972675
cec3d0627451,-0.35679308171784063
0c7814daf8de,-0.45706373104022047
444688ab0ae1,-0.45266295158798264
4f0f8c896d23,-0.4718106486693491
ec4259ff705c,-0.4274972667552286
fc5c11c739ce,2.7758085828107357
ee350784a71c,-0.5313312713473994
6b68e9a7dd23,-0.48776740088077236
4567eafc446b,0.8187585794356804
6d9ee75d6de3,0.729728970182649
ab5d8b000523,-0.48392332558757356
838ad4a8d570,-0.5550342176739939
d47a3c1cb1f2,-0.4572053188865449
1ed8f3a7ccbb,-0.5609417909768869
4cb65e623382,2.4709453683400633
eacb8c085ea7,-0.32946381870331976
921138dae551,-0.7397845894442215
28849527c0f7,-0.4890291373790608
f361b386f865,-0.5066973254631828
4661e34202a3,-0.5778455821336518
54fd44b8b74e,1.012288542829036
9213f0fbb6d5,-0.3428181163887979
2448cce0b15d,-0.5235030653120966
738c2f739a7c,-0.5734000226454432
63da67596da5,1.160249537277562
8e1c2d68ad57,-0.5537460109868614
3cb17561781a,-0.6193318285238929
8ec8e9d5175b,0.9525224857968826
570fb1c49420,-0.6186724752935847
939159c71e1c,2.4969404639517476
a80bee4f050d,0.44239341167499713
dd65f41362c6,-0.6530609189132911
8db4ec1b8d4f,-0.5581025713701866
4e6f085901dd,-0.4101293058468898
34bf2c87d122,-0.660787100550636
b3beb449232d,-0.6834361920564935
a3638c66ba07,0.8654100421182084
ee1bbca8feb5,-0.597809749296648
8447b2e303db,-0.5450597280868783
984a97a8eb03,1.3675510519665908
1bf1d8438f77,2.3204184631811295
4047c4def382,-0.6319049013132089
1bb1c4fb4126,-0.569859704620774
8a47738c892a,1.0695849934537887
16b2bb88ac5c,-0.5514982376430901
4d77bb875904,-0.3821064274924229
c57fbfda4ee1,-0.6263553857145348
6fb110d96aec,-0.49116853530241356
2ae81a0ee868,-0.36179183913153906
9dbd03097d24,-0.5287136943948731
6ec0cf872244,-0.5708795654657233
4da10a8b6c41,2.458208348590404
203b623865f9,1.3421077082590267
92e919b785c0,-0.49380599470675934
6a845ae2ad31,0.8526890999114978
915747ef3023,-0.49869224011930474
8898f2522de4,-0.4803824920666421
ae0bb7c17189,-0.6246327177348147
7824b3cfdc89,-0.48642425453374893
0a42f899ffbd,-0.5064845517480221
0d117ddbb0b1,-0.46298964599104114
910f84e60080,-0.6201341176881201
0bf38428c60a,-0.4494201509816972
51cfc8f5466d,-0.33767183769418835
09eda72ffce1,-0.38095604483544976
2a6cd823821c,-0.8278718048413546
23be57085eca,-0.5675740412526182
cf16f8addbd8,-0.36373569859825083
58c15b95b8ab,1.0254488170411213
01744b937c4f,-0.4157418983501691
43957c2bd431,-0.5540677281592928
80831a05732e,0.9170222811396003
0a8b9e651975,2.5747022242204203
ec78daf98ed5,-0.17291209345831543
c12ca0019548,-0.4759412696989366
cea063451852,-0.7295853487432394
5999966e62b9,1.0620951311195053
ca507caf8360,-0.689246696368672
d594062e6edf,2.43838492505671
156be4331795,-0.625872871874825
02fb49903b09,-0.6650380847520571
b67782912ef7,0.9939179893487057
a2b835ec4bd7,-0.6187722817714149
2b0aec393c21,0.12819291505667763
ec5c7aa44621,-0.6452223139141388
81e0b05599bb,0.819329098494183
9537d662e4b7,-0.5382945128089801
98c1802ec961,-0.4305461078135658
e15f4bcee56b,-0.4919376540211988
7bbf0dd64408,-0.5562356138550916
b1d4b1dd303d,1.243540866753449
5ceafddd4a71,2.5252695949266366
6b0bb8fe333a,-0.5189855283168074
ef7728a000d9,-0.6172026021181464
558ab4aa22da,-0.3371865752673929
3c9d100872cc,-0.5888380182275441
608383b46e8c,-0.508912947745541
725de1cc52a5,1.7808034185007013
1030667b1a8a,0.6847173594646544
302f18fbc976,-0.9183726708028143
b3e488aaa90b,-0.652058817073442
a1fcc279f88c,0.41628575710734217
b8565e44bf92,1.2186367800633429
bc0e9101b012,0.38504986670956765
623ff21b90cc,-1.5632599410468047
515911853db2,-0.8047015689986152
2584e2b1bde1,-0.8649777437776258
5fea65691dbc,-0.120911058429783
51853d919318,0.4387886182834767
b1a04fd2ba46,-0.832209071762376
d75db5005d7f,-0.768284451536528
77902f619b76,-0.9931083095060937
e810fc4ae54c,2.2620126355799335
a9e5aee79691,0.2606470377951737
06e45a36d329,1.3333764106693549
80994364bb15,-0.7409137870225706
4f70b0c4313e,0.1649118736868595
0d3f7d068e99,-0.9612564176800884
0d0efb8cccb2,-0.10802926197226262
3d24c17be06c,-0.05442867892150846
f03b46753e49,0.4372820206701061
a1bade26f201,-0.2518542548205097
5a2d08a4af04,-0.2822377407749947
2710fb876dec,-0.7322071876775165
41a50914c5b0,-0.7665702230755267
5572eb53ee1f,0.5179468020016578
0414ac0fb282,-1.1266963927043046
3c24bfe60a3d,2.5413116028958074
20277301d29d,0.7756388416277995
3fea5a6bbd05,-0.3578727792205775
ec2f5804495f,-0.170390375988361
bce703be2de5,-0.6052529460397194
fe1db6986428,0.45818465377624656
e0f42bba2f81,-0.4595084543859401
bf272fd05aa2,-0.44894278293866635
46e0751d5c4e,-0.4260620399827659
a0bd66d5aff2,2.580685135501025
910d4e779f1c,-0.5302353315615298
a7c33e65cdc3,1.2030072545712622
ab8c1238f4e3,0.7522896710904591
46f0e05ee72e,-0.5300853306350182
b702ca197def,-0.4998673954442318
a86fc99890aa,-0.6131632136378696
eac930cb29b2,-0.5023961675951583
48d22a46d855,-0.5257213449815661
afaa23cee07d,-0.48640634811654626
1b4cfacba588,-0.3967583617479724
ae24ebe1b510,-0.25465451851031046
025429934d16,-0.48059942059686583
df829d873e80,1.2265042128370311
647eedfb5a3b,-0.29969033270582607
1c553418ec25,-0.4791828851236277
8709b9581797,2.7819754118041295
5cff1c03801c,-0.5366608889768114
27f0f8e82a79,-0.43284382681711864
85abc49c6833,-0.19512836422120472
9cc73c0a0e60,-0.446554677824877
62e5f0b1e66c,-0.6400763613606608
cde80a1ee9d9,0.8598858719389456
c51e0df49436,-0.5216352651492491
db31fbee8aaf,2.6128359055652104
581a8665b74c,-0.4987076321936087
be13a1fe18f1,-0.4113720030173167
841105aee9f5,-0.42549514659533083
d30d01410cc9,1.055132758725289
50f4e7f52681,-0.4910730494275485
b22f4f5900c4,-0.49334559605313
a13f2c7130f2,-0.5346495835122693
e9448b07366d,-0.5114998989203308
a411e7ef7147,0.9269088154805991
e348f800c6ce,1.3441787462496633
3a83f5cd4d42,1.2724661686192629
1faaa67d5030,-0.022610570276583978
5841a4d5c07c,-1.5138817006276202
b807e829238d,-0.28507017193512063
7134c4aa47e1,0.53307810480384
045ea591a504,-0.8085901155043003
59ee0eddba3e,0.9552820150044035
920df99ba6d2,-0.6551654322549633
5cf06e0e852b,-0.43381252615469273
1dcd8d1a589e,-1.312783333404488
3dce0f0bec66,-0.4577952683560023
16e51541f9ea,0.9285539092718298
a1a6b571e8b3,-0.5672537468495638
c5cc830e76e7,1.1551521732614054
8b915e0fd5ce,-0.6049019087958165
e695cd6cba03,-0.543271310225605
f478fcaeb839,-0.4333102889964335
a0d42764dd13,-0.5221136791727183
bb914d7afe85,-0.5161496606547522
29e69572dd2e,-0.4713761725307814
95f7d9cf5f63,-0.4978352239065904
2b5b19826406,2.5303011769550277
83ff8c90b06f,-0.4488845968140856
157343917322,0.7999068433942956
ac9a8501c1f9,-0.527856609888863
7c84d3c3b6f3,-0.6319531164691912
72cdedb757d8,-0.4691934488381963
068ad8a3dd04,-0.6001081041394806
5fbe0ba59274,-0.5886689616058118
57283e66c942,1.1811287847922562
4d4fe642c462,-0.3498351098148903
d6411ee45864,-0.5328365834471807
d0960576abbb,-0.3979957893363274
c535aa12e3f5,2.5662966921674744
78fceb4b8853,2.8289360484961286
1e2438d0286c,-0.29773427573251654
8999dd67db6f,-0.5592287028700775
a1357da08a7b,-0.22607497716824726
6328b88fc65e,-0.6577577493935532
da29bed691fa,-0.16747248538335574
c0e2254048c6,-0.35389727646169117
3d426fb0a1d1,-0.4640488526686771
80bb9519af2d,-0.32772964941693244
7ec069ebc20c,-0.650936524252674
6889a04ec836,-0.19736441838671978
59e1be230371,1.0733088632383163
84093cdb4ae7,2.601823904123755
6ddf5c9ce273,-0.43452540992130645
e9607c9120ef,-0.09519564120021146
a6f65348d2f0,-0.36419093433357846
4d010223a85f,-0.4332790036305347
7b88bd6031eb,-0.06095735554164902
d548de504145,-0.424970916295557
58d79ce19acf,-0.4588396555149461
912ba38cb68c,-0.4603272076151923
f4e23ce09c85,1.4742025604719609
8ae6289f6ee9,-0.6548190804748248
607783761421,-0.6889212600679155
09ca8e4a9f08,-0.5239772186753662
6ca522de6edf,-0.3929192388295675
3c45b6e08efc,2.7398889741750705
66fdc1ced428,-0.5769186447963044
fcae3c10d975,-0.5524279133625573
4c08bd142eb2,-0.4335590036282373
6acbb8268220,-0.5202448271818868
b432f7227f26,0.7136199743604446
e2517a80319f,-0.5135976486420837
f3f3a8eacddd,-0.45044260617931886
ca8f8397e3da,-0.3932791276908333
91e2fd253090,0.9038572804506402
66dbffd22b6f,-0.31984429365124717
470527b4b12c,-0.1362212896521754
9de9d0b26d29,-0.7446631760887695
77ee1f22517c,-0.4589809296310424
612a986a6324,-0.5887533134292706
ba5d481caf22,0.9343532029574955
25714bc04eaf,-0.7099384392542681
9245a91fa17a,0.07789044919271937
9bfa28f3d97f,-0.21808962641952562
135075e134ec,-0.390776296684223
56f81bd09f0d,2.8450912058240383
2f826b7c327c,-0.2900674931637314
8d2a70302bee,-0.5545309480530318
10a1cf7813e0,-0.37694291508042865
1a8e038593f7,2.6326151435894936
b7cddb94e9fa,-0.32049701806252134
9cbd2d01a04e,0.8484242621607447
d7202637261b,-0.45169531730706536
4dd417ad0fdd,0.9559030648367074
7e2eb5e87385,-0.1847762635775316
656c60aa0363,-0.6765061546991555
c943b991df7a,-0.6501627688568696
5c749737ee9c,-0.6395978663721282
3c1a35285780,-0.5822332185782135
2a9e48497169,0.030478905222688993
c76364e65bba,2.4362124385272144
9dfbe1dcda0b,0.1681357874332406
24bf09e334b6,-0.8848052691415114
53fb6e040c9e,-0.041020630763286256
27d57fb7433f,-0.7766387309540654
74b79ae0ed48,-0.7667325690105294
e289cae75024,-0.15705859266270625
c1db5bdceb25,-1.0504139036961706
260157965bc8,1.312667894610564
1779cc2ae2a7,-0.09838176273234751
8ed86ef0dfd2,-0.17244356683309153
997e0520f1f4,2.681199348130787
3192a01cd6e5,-0.5095034389813934
956b3c79d747,-0.5758825939980226
50bb6906a33b,0.8591688096171359
74543f8f2203,-0.2784138742966174
e1d87a52eaef,-0.6717270725928884
c437829adfd2,-0.5617273335191618
aecea203613b,-0.432903623488214
8e94560ee9ab,0.8852344593016158
f6f550c82a88,-0.3933767703846986
73b3708b2be3,-0.46254148329378497
9f0d055ef95e,-0.5395264264947579
bba6402b81e4,-0.6218231228788781
44e32fd8dbeb,-0.3503491187095035
ae360007ccca,-0.3516449489826537
04cd74a88e8d,-0.37777780924460935
22837f97e705,0.8882731991879808
e08e8c936564,-0.7648354756602824
59282c24f3dc,-0.632563108351961
a064a50d5d81,2.5892723216119644
87dbd1de51b4,-0.35558881559142747
dff236b74918,-0.6679780031410264
0413a8983b43,1.011454525328865
275a5fd8f00b,-0.36643964356846803
7a6d73c15016,1.002492571765973
f1b331f1797c,-0.10872625941575081
601df1bb5661,-0.5058213263974892
b69ad42616a1,-0.6718745536979583
bf5db65fa736,2.374621857526117
b81a28fdc17a,-0.6855607907079556
5c3aa33484d9,1.069293749268923
62feade5e925,-0.42042868655629606
82f133a30b57,-0.7163143009813709
812a26dc8e71,-0.7109615153198326
3fd4e09f1477,-0.8640719117437468
6eede9aac816,0.237351166259387
48ce72ae64ff,0.9976164360578461
2effa243f37b,-0.45730198293894164
f5700ae4e378,-0.8234518952856631
3642c2cd935e,1.569186178819575
cfb99ff03cde,-0.8241605817429467
e9bfa0d08fbe,-0.6769266785187454
5a062c3ad508,-0.5213553082906317
c18aba308d93,-0.9050282782411502
f4883ec2c9cf,-0.3516101566992573
e82fa579154b,0.6193392840882029
6ee480a0eea3,1.8484736728954159
606e7351d9d0,-0.47478069014370383
f87f359b0787,-0.15238869109860942
b5116965c192,-0.862820170690806
e05957a6a4f2,-0.8154808844918374
13d7c5c3b57b,-0.5697520882148542
17c93397bf32,1.5969676591312378
2910d6b3ce99,-0.28079879923964757
1340554248a4,-0.7580023994818545
c34d17f94da7,0.6718376709371006
9c1c447b8bb6,2.2529104831205506
8a4a30bf6b55,-0.24028139761984024
830c3ae20616,-0.6098556532964662
6d54bd58c829,-0.23233572905497382
815fadcb65f0,-0.6434050041752586
124cc2eba8b8,-0.5811844131521221
d617f0f50fa7,-0.5148245663340502
b3ba9d63fdd8,-0.5694299875301814
7b1a806c211e,-0.49399336225058965
8789f33dd79c,0.9701189605292684
3e965d38c069,-0.5717266646867698
0537ac65076c,-0.34739243654708046
1957efd05891,2.512420224362678
d99d603c969e,-0.4930946053816543
0a74f1724349,-0.40736306150899876
45f44c87420e,1.1398749166747588
471c9d0c862f,0.5387104840332748
9cac865f76b7,-0.07424088434891833
da52b9244929,0.11653862509077757
9593f0904cb5,-0.42774959678386515
97bda0d28dd7,1.613613026826729
b7533ba4567f,0.5903988401753962
aca2a0e02201,1.232277929830608
61cc8eeb9f2d,-1.7913784245434623
0d8a92f0d452,-0.5312243317897593
3d2a2f2f91b5,-0.8988992956766031
f65708270318,0.6508125488083293
3fdc674d2fe8,-1.0188589216225075
2439f2b95797,-0.5588927345015314
44ddf2a87374,-0.5721900112573081
419b067efbef,2.452623418440509
0ebd7ffd96a3,-0.40781287137209277
4011caa102cf,1.1661103597663434
d97f754ce8f0,-0.4775963841696005
14e990018b81,-0.3499701062813149
e90e239055ae,1.0516402490518155
dcd35ee6536b,-0.52057167506022
cf4902689662,-0.5622033979232814
7eda963a834a,-0.5145140521413777
d1d43d03e026,-0.7066227945519404
82080d8a3908,0.18318932860009685
f2103fa97e16,-0.502275507668237
169c51d5db1a,-1.1115066892670509
83a3b66db2f8,1.2622341910547872
03c949aeb721,-0.809088361007806
62edea6ee954,-0.9453673113590844
d6cb3e46475a,1.5734910180363757
07752b2e3835,-0.8962499059560627
e8f011b83d12,-0.5184097007972597
0ac6f2880cd5,-0.4478306252108724
1b3b753193f2,0.9021965791367935
60640e7f36eb,1.3096169844383192
04da4a8a233f,-0.4882960448408783
e5e24826f916,0.15114331487728463
9f17750fccd1,-0.1684029197477333
e46b7ce3d174,1.5252756188794248
0a7cf84a6883,0.8503914194580142
778717155f18,0.06848005716877582
091b471e835b,-0.25929574800997174
9ae1f2df4f20,-2.0617520457925247
41069a43ce11,1.4190773687233758
d2b200e7a471,0.01907248935441172
bb1ac4dd6ee5,-0.014585344587397183
40c53b4f3f5c,-1.0411081654827818
005b49ebf0bc,0.888713437931451
eec9e56c08a6,-0.7675534122833583
2829238ac761,-0.9391239309662096
6efdcd41138d,0.20470793981661878
85cb9bf0520f,1.247647012947791
c6a8fa49df99,-0.818621324023791
c19a0a2fca97,0.6948324702495787
fe2090d3e67b,-0.8978807956558196
f2a62f7da919,-0.9389983963908008
a64e03d8f5fb,0.6198736399386473
68ce8176e037,-0.9881476693459117
5323a3515028,1.6945510277818039
72a2a048328a,-0.2853572541724128
289f6867430f,0.7370812242300832
67eb227f957c,-0.6356536632797722
a7091284b4c7,2.4949749062446696
d0029a1889b1,-0.6962224172398845
1dda13a4a8c2,-0.86349159394965
162345545d11,-0.9866835329716478
55a5384b616b,1.0542091137348417
d7321611cab0,-0.201940741809497
ad47f76f1232,-0.5505876190970617
4757b8aa23f1,0.143255169325243
42e9cf49f2d9,-0.20958359101491114
6894fc482d64,0.2964958687983929
6ccae9530d3e,-0.522354738143413
6b30203a9a51,-0.45065323109424793
15baf76798e4,-0.5113475729188411
81c69f060db4,-0.4886272873950027
2828ff1a6eee,-0.692649716349664
d1575619e825,-0.1632328507218775
48106dceba80,-0.544966539942485
c4505ef73255,-0.23086509523235077
8a1b2d6b7e3e,-0.5377757265029828
aa10ab1ccd18,1.0946955315591842
6b3e6f3a8f9a,2.751281357943287
11f2cdff1ee6,-0.7452723205273348
669b659924f2,1.0612375969078474
af1edd86c2e0,-0.6147947629865497
f13ccfa4ba8b,2.2365882531076338
31c2d2911de7,-0.632809082235999
a2f544c94a05,0.4667930610127276
0c72b31fdfdb,1.224788949499033
cd1166247187,-0.6038128553180602
2b02ecd383fa,-0.6703153319871632
1f33111aabf5,-0.569781936197737
1037299064ac,-0.6044182873554679
e099faa7b04c,-0.54820328391893
962ded6e6229,2.4707395113867854
3f675f87cf11,-0.49415639123576566
2e9498fb785e,-0.6893898718084334
73c31b47803a,-0.683970896911911
f47d23b794e0,-0.1597901893251582
19e544d73999,-0.4373110591043027
6c9c68c9ea63,0.9551300571947086
2ba4ac5690b7,-0.444861122406417
1d2340419442,-0.3085262847230634
2872a9636a50,-0.5386816186822783
9b1a19deef28,-0.813638679816988
8715b188b4ff,1.1444565454328235
ac93711a7aaf,-0.6064505740748395
e065729cc78c,2.5779061024237895
797b14677e4b,-0.6022410385606518
bbd0be459eb2,-0.5927373054448547
0762d194fb60,-0.4687201412548282
2f330b9bb86a,-0.46835627592633855
1e72ae77fdd4,-0.3453909271883741
e286c3e15d02,-0.5740719710508628
6469f3e7fba2,0.8269454083096104
b422290962d5,-0.3847206469749436
b290619ed663,1.1357499486153824
b61279b85411,-0.4979125788730888
550d858122cf,-0.5952319889870052
f332727b7276,2.8435394827705633
ef35f3b9d195,-0.4450320795016216
242fca1a91ee,-0.43569304543430903
15d286fd40f2,-0.06647188503296213
3684c23546d2,-0.3597939826534931
4a5c8a8a513b,-0.5823896647873253
951a324366cd,-0.338341375866789
84870d3fb820,-0.5634432986631076
8caa8f191c6e,-0.555414228388285
938fdf26e27c,0.9562354010728842
b9000f94eb53,0.14203666547145083
60345b9ac329,-0.5643746470229261
c1a1dfb1b546,0.9566695844226439
039dff32abc2,2.535047831947472
e9f8fa71be20,-0.47735954782640605
471eebf71c28,0.7959718741990034
71ca769baf2e,-0.4825921574368034
f47757e23d02,-0.6241500172067261
5aedfc15eb7b,-0.5082975250427949
4f985de951d1,-0.7335288324122211
4c4fbc53f330,-0.682091904957575
f1ba1f297ade,-0.6357738928233887
f3f1e7562397,0.4204792341597221
a8efb0bfdb1a,-0.5695629152091821
85ef747df062,-0.3978788973400642
b364a535f975,-0.4476578548269554
128dcb5bfee7,-0.5340061949379454
779f8c4991a4,-0.6455246298920553
11f47973911e,-0.3429584833185786
1b60796bb9b1,2.4837721631327896
a0ce0efe9031,-0.552340638319337
6ac406afbfbd,-0.5833435608032347
834a3e857802,0.8116631305164641
0f93038a4e37,-0.53522540298212
5059515af6a4,1.3130632839802188
a7575afea0d1,0.4624008593719167
633caed0b638,1.0223229527278348
c80e2e6edf34,0.3940459174241948
445affbba2f8,-1.0123536582463233
eabe7971692b,0.6314432837967545
e9515a66bfa9,-0.9949774550360774
d17fdd13cb9b,-0.9300345135948371
c87696d174fd,0.21845069812013898
7a53a35749cc,0.46262783884447745
854f671a0cef,-1.0992985639170514
9c03ab678244,-1.070998286158904
c5666a565e0a,1.9163709266678766
4f0f4a51d24b,3.0518942664230977
b473f2fc5c81,-0.2574241064515109
835bf50bf0ee,0.10482854011409999
cd0b765cb059,-0.36704976501545533
d19bff17fef8,-0.24182302943522066
c75774c959b5,0.03202494914261075
4a3980a9165f,-0.3141579343508126
6e7d6ccb213c,-0.1737762581789743
e24d06512406,-0.6086003772710139
d86d3c91118b,-0.581172440615619
dad6c314b07b,-0.7423777043319872
e4cfd0aa62f8,0.09763385997078518
3afd46b7cb2c,-0.4632658297407271
827266bb7b07,-0.4988261766418893
c9a103fbfc2e,-0.4267745538228159
74695f0b40e8,2.586656580617728
e374562e70f7,0.9617672789366422
d087635f40e3,-0.5641761318720782
92204fc3a4e1,-0.47211541168611315
bbb5563ec891,1.0107090758996604
c296ba5269fa,-0.3990495627948236
13867c40de38,-0.52442791964372
857da297b286,-0.5579689127649016
330b5a3e7b8c,-0.652528436486962
1ac737079110,0.024411960615327424
bac1eed0e22c,-0.48300512189410816
f008cac3a2bb,-0.931487204721031
bb89c0c4fb9d,0.8982086491485424
d1f2652739ac,-0.6962454989264215
1e864c3933d6,-0.7844613627681458
40e67015a4ae,1.0795106250526578
27bffc52bfe3,-0.8521370531269961
fb730b4fbc39,-0.8085445174500111
53cc64044ae9,2.1821215223147097
4821a57b9d89,-0.3488576005513944
485aff5a7503,0.7204856023068711
8c35fadcbe13,1.9828111596454636
5789056e89b2,-0.9014478476104997
df5e61ffdc53,-0.5302180140207837
aa5e52a6b01c,1.6504710723658538
e533ee998869,0.8492542003837885
6063ea11937b,-0.4408430255819755
1c8af45aae6c,-0.8749456147426721
c1437ece4ea2,-0.8369259703237294
40ad80cb8640,-0.44597033404593467
fc816276ca63,-0.439542322699093
a5f5daecf952,-0.4063131673508884
b8cf36ad0efa,0.39366986398047077
d042983ac897,-0.2993396130578254
574bf071da46,-0.71279714066527
2d21b187b9cd,-0.26227833613770035
fae8b2a00a87,-0.8203002031061698
246a5d3d6ac7,2.4379170293027577
c202bba82522,0.8916234931896438
a94f06e82a93,-0.6406872334129121
522fd6072a5e,-0.45890379532855485
903e62e481d9,0.3925191472453353
576b327c2919,-1.178649177417278
09df2d9fcdf3,-0.16129941002915257
98d2a9c2fdbb,0.8121952394171259
e7a968118ba2,0.8065685457412816
b57b4ae6e68d,-0.5764411687634106
d289401f7a87,1.5141438090753347
71630fb6d78a,2.2274990293590236
9eb8df6df3fd,-0.8053096588807931
ca3acaa54c70,-0.7523769506992475
80a71354f84d,-0.6307282794519304
99cc14d6e1cf,-0.36868284549952135
b0cac8e99bee,-0.6503931614179795
717e7360a92e,-0.43749526753405293
666556d1d496,-0.5608800974021149
6ce23c8bc6fc,0.23409604547341037
53392cc11979,-0.4432245791261701
24441e357f71,-0.40158906368947467
5875fa7efec3,-0.6527825445854354
62b43f46b30a,-0.3889615241952903
9d84485d00fc,2.5172861128309822
f6478fa5362c,-0.501946863068738
d85ec00b7eb1,-0.4834762188335324
391e4354711a,0.9975956407398474
ec1723bb2c91,-0.5509233799902442
3b53f323ec9e,-0.6001471913834078
789f566263e7,-0.596577482338924
79b7c6f775c7,1.1047470936403876
54443f1aae36,-0.6889147353968923
6148dfddc983,-0.5818060785660912
4fea33f0edbd,0.5737637980194468
9ec7ce465a96,2.4060040342734856
e3e217e3f61d,-0.40031731929641634
b92d2729ba23,-0.18547431778103096
39375797e9d7,1.5507362823461264
31130ca73fd8,-0.504136864765696
e47198e3b462,-0.6262398726095787
345273e9150a,-0.5965304790786612
c41567996b3e,-0.47375806057586367
10b9b3b51218,-0.47332638656882875
6c8fdf13d463,0.9135518241911385
5598d887f5f5,-0.525404979290973
609a54a589e7,2.681669846721748
cb1aff63a1a4,-0.2224665688207897
ac7b5f0800af,-0.5053400254449211
99da6782176b,-0.527056380760331
c631562724bd,-0.6948459991326312
9c6af7bb1444,-0.4919431184698359
6ba107c553f1,0.8169809870766214
8ff62d688f51,-0.4087724388517309
e47fc68bc66e,-0.4556635748068224
100d55d55677,-0.5807095724114728
575e70ab7c1f,-0.3343997667446758
97a341601642,1.1109469942729282
4d5718f3fda7,-0.5568538204624112
57e284b82e5e,-0.7610014785943817
58731b12b0a1,2.549935967287203
3b5415ee83b1,-0.4879284791190735
6bf9d3fad97c,-0.5069410735626197
9720b0bf3290,-0.4906127148618391
26c3031fc830,-0.5149285040923073
672f5e075f48,-0.5361309464316641
64bf1040ff7f,0.9072214688548841
165c80a4843c,-0.3793076465460419
33b62ec9cbaa,0.20047245403461084
fea942befeb6,0.08255355205999432
acc318332701,0.6179778275204748
5a78f0c506ae,0.6873136709365251
ee3455c1886c,0.9550946237765547
1a7773654e01,-0.9263656926672093
f3c58d7672c6,1.6380790013704338
92d3555aa4e1,-1.7626479607160301
1490812817ca,-1.549299518441929
eb98aea862ad,-0.012703302307616529
1220e1e274b2,0.18833475787145124
1c43986f6609,-0.11880941343726001
094dc0110a4f,-0.39946606125194156
5900f7000149,-0.5423835420892624
fb2a03b2a855,-0.5355999831299435
655da6f3dd90,-0.5457913266410683
47f3768b613d,-0.22472985180665966
91e50f954ec5,-0.44409966693464004
95d4802ae8a0,-0.5034998636245348
11e8cf8708b8,-0.43691920036015747
d4ad192a161e,2.83161880965766
eb31040aa5c0,0.7468372588165268
eb798e623265,-0.5471368686401746
bed0e219455b,0.6011702960041951
562037f2ed33,-0.7399327328040818
e687a9e131a8,0.04051637385364188
ca7ad343614a,-0.4767139768465241
da236ab41578,-0.03638993267647587
450780c77e56,0.010638784851977709
163cc33ccbd7,0.2693895853918164
fb539b6a121f,-0.728963012623628
b2368617d867,-0.5196888554077707
94c3eb24a087,-0.30013239777961587
200df7eaff30,-0.7006759472380617
ee89ed0be973,2.9488977967444368
a798b23f0327,0.23305431453428513
a060710ff64a,-0.7741783613857995
0e42010fe2e4,-0.7360216506978677
2eaabf2ff826,2.482829336025982
5403abca6b41,0.22085998861037293
45972d08ff2e,-0.6106683264253414
9f0e36a741f5,-0.45042744164222864
67eb822b944a,0.862387547098346
50c19adc5d63,0.9144162574884427
2663d6857b84,0.17254284504968048
ff6d8b35e0ec,-0.6785622921774965
6013e13275ed,-0.6535400790427759
4c2d0e549ff8,-0.7496378229013145
b6991e98ced0,-0.5501807256222317
f4acb2711810,-0.522253522418143
882371850bb0,1.2419776881374087
495c1ae75ad2,-0.5391563650884945
4ad9b99fdaf5,-0.5059366910591571
8378e0d05917,0.5078263891316233
4f07aebd15a5,-0.5294624998053756
951dfcec2ae5,-0.5712287661684649
7b2cd3934df5,2.6394666056477574
c511c4a6b5f4,-0.5094069172130878
2cb3280b68a1,-0.24189296599418267
0bc2195bc24e,-0.4197522295476521
10c825aeffa9,-0.3208936374418666
530b2f623620,-0.666243484997215
4bbe1c8c9262,1.0814966961276609
0f2920850a38,-0.24281203120815087
41c30568044b,-0.6946877647224627
25ab4fa5e8aa,-0.47045373625611847
b60f755a26d4,2.563651350943676
c9bdffe55a56,-0.4582204309513528
99068aa1a759,-0.6985845677997213
26dc8d57c2a0,-0.4751322666378891
752e2edac9e5,0.8783011692276121
fc828219ddc1,-0.49642129628417164
9ef2a9e68007,-0.21306593517163688
65d6ed8e450a,-0.1015329933966213
2c9caa9eba0f,2.802942916742244
b1dc4ded55be,-0.2698473359739203
3a57f98ddf88,-0.4241493209785126
7c008fd3d8c3,-0.8503072007811975
3e3c3cc0d581,1.0759694644708937
aef249a02a40,-0.2066564227568301
691f7314701a,-0.25825162508255256
eff9f490fcf9,-0.5966101123593106
aad4ab92868f,-0.3953542892668168
a5239229691f,-0.5631371454457391
e29a04c2ce72,-1.1217297636180488
2d298d7adb10,-0.1843096223623939
896b766ab998,-0.9203565025958518
59bfe8b66aea,0.08865557752979777
81f4388126dd,-0.3281851058565868
380499e67a9c,-0.8773465641619179
111751aac74e,0.5849838245931954
e76eb4030768,-0.44164451826598405
bf0c2571e147,0.25455157662492817
dcddc7a8447c,0.15999401600034258
0cee74f17d08,0.09431414148245046
b30c1b0bbad4,2.691072940630069
f460c9519114,-0.5287505180127661
45a189433e95,-0.46913930756399164
2b3745c7d99a,-0.5789403935842409
4fe53dd92660,-0.42069167957977194
f1e10066c6a2,-0.4210466327103068
68147b53042e,1.368839717830088
b93f10f05551,-0.57315605895117
1cc4378f411d,-0.7704580387061316
60f49ef72eeb,-0.6037949172090983
b5aeb139b3a4,1.3745079060802354
7a0ec7ecec81,-0.4994685225927168
f26a5632b930,2.1220984449998714
14329049c23d,-0.351886203566812
88d6105b1175,-0.3648112297218954
ba9955ee1b15,-0.5270811110242665
1e7a0308bea1,-0.5866208978794893
be8d3260901e,1.1511679898989382
50991ec6e4af,-0.5897953394156747
b6f09f2081b5,-0.6040667737981142
4ee35ef624ea,-0.39793670548642635
1ec783ffe271,-0.3773572611589848
59606f0eb745,2.5621593689616975
804a344a1f68,-0.730919314689321
7a48c38036a4,0.8171474778803487
7bbfd6a91159,-0.6639953583306422
df5f78a9b211,-0.7821600839325387
b8b9f7d29333,-0.7886376744483763
75f027fcca7a,-0.17373793989020844
11685d35f0f2,0.7884639709159924
2d50a3394c45,0.8725260568140004
a602fbb4999a,-0.7644704915053275
44a8e167c5d1,0.6217731124597851
b39982a84852,-0.8100386262330417
5a6476f89cea,-0.5362442083264619
73183399c6b0,2.4373512960948673
e7a6d9593583,-0.2008300536180483
794c75e4b5c2,-0.6182940558820369
171be2ecc92e,-0.5454115023354412
dda0d69e9032,-0.5780286518605102
37d0cd04f3f3,-0.3781527223494626
7cc4441dd55b,0.3672905802492647
dbfb9e684d34,2.6981795950780545
5b9270b289f7,-0.3368585745305968
b583798d589b,-0.3582462026758907
c91345f60a72,-0.4454106715450456
a4fd28deda59,-0.5206272538339888
089cccea19c0,-0.49295461559238035
b802baae2e81,1.2085140752780341
b1521f02e29e,0.730026748993785
2252f0ca9927,-1.2575235066883093
81619404a6b8,0.11432910179865181
0f2c702d59a9,0.14060365147452278
7af82669f64e,0.17964477741638854
9e713ed15813,-0.9578601914750807
04902505b00d,1.9174118625468428
c74c451b0816,1.2604334007246383
0c38579a7bf1,-0.6740006935616599
1aea54f8cc56,0.02896000714964611
3f5a4432acb2,-0.09997878891915406
d129bc26a2a6,-1.3820463694602712
e2308475ad2c,-0.4393287971717743
e287907f29e7,-0.36087634051414846
162726ce5acf,-0.02746541992225618
d9e2b7135fa7,3.02587662723649
c994a83d61b6,-0.2686618086448464
7e05c1bd504d,-0.5855075239181899
988503277fae,0.11803274513152862
9cca9f2fa53c,-0.574238524740146
dcae785431b6,-0.24132050783715323
c9eaddfc4f05,-0.3447621329897471
23fee3257f43,0.3455094355034729
6211711373da,-0.6472577521332304
2607d141483a,0.7327314817031523
f0f00b48c503,1.9666784787522624
1206fb58e3c2,-1.3585915850387
6b3bcab7f5da,0.7319450042527642
bb3c52991863,-0.828385789747953
77e80bd8930c,-0.044085506183526135
0570d838b123,-0.6587973298950118
b893206b02ba,-1.4096108506081748
3993ff695408,0.0956979493833565
0bede80fa4af,0.9717574313811119
a4efe6568a89,-0.1622028381418487
dfe258daf0db,-0.03713644585743311
ebfd8d375476,0.03439685848862327
c8a30a3ef5b6,0.26151258838014796
c031a8b01268,-0.8059911303622206
953488e6b930,-0.8530667578870619
55fa28cd0d8b,-0.2876497144207215
31a041f78d1d,0.7801605518519422
3485d683c39d,-0.8133622896572017
53f0348f75d8,-0.8756121121236653
61b33c3db5e0,0.7253451886829764
1131674e29ce,-0.8284028893664936
794a3b482a4b,2.474066895978796
508b8ee592f8,0.18860281043487734
25bd200aee36,-0.5063770942588093
2bbdab745534,-0.7296229893752596
ddac284c0166,-0.40081805370061296
e11680926e96,-0.31735345922379304
45f03d911a38,-0.45564720822639576
79aa5de19f62,1.1433957530673378
4ff21b274a79,-0.40441251573999587
3d3257bb1026,0.7851465189880359
1b86e6fcb248,-0.558634602012245
eb4474190783,2.583909934801906
5f0406ba2392,-0.6384138714534298
d43070f288c3,-0.5011724128667383
78acb0beb082,-0.45865015257175323
5a5320b19210,-0.40324435851042384
6c24bd82dff6,-0.3614332599955659
148a663f305d,-0.46816874732731373
a61d21fa5b58,1.1222106207243066
4676911daf2a,-0.4018772940167097
9825ef957a7f,-0.514290064835208
6a599cb7c413,-0.7885770801668948
e0f06d15560d,-0.45498010204877976
deb089565856,2.3986802347279834
1daab4df2d51,1.1507995530765869
dc4a267d7302,-0.8204693490562275
2de23f26cdfa,-0.020214643635425654
fdd6c4df1f63,2.729364870879844
37d845e65779,-0.4193893331124182
6edc60b1ebd2,1.2768897512666382
e8177f588c12,-0.2957072955312604
b8e4f8787308,-0.5879276304707338
130872ca382d,-0.5298373744329522
838d66730f60,-0.4216536617116983
97b87f3c2094,-0.26650302565311085
3484975ed631,-0.34571116338961466
a28f2f29a88c,-0.5088603194377515
31c7c0b3853e,-0.6104501747715162
445a4cea21cc,-0.13798225233273823
d3110f3a056a,-0.7141734753901514
fafcc1d80c71,-0.7918983520013751
065d0b9438b3,-0.15039714423920442
81efc10c6d2a,-0.7527578155818555
32403bbead8d,-0.042661914751985906
8ad0f192a668,-0.04626718648673772
d6f22f241353,0.98234080009097
72fd9e8294c9,2.7059856500364874
e4f29d928a59,-0.37931312510038684
a44cf58c331c,-0.8687818793415212
cde77ff0221f,0.19590669509849912
575d15762aa2,-0.43122155686976604
9b5116a72bda,-0.31744524865558954
38b5254c015f,-0.44270240986210363
8422612c3030,-0.6487755863319117
45eca2a95e93,-0.3549605477425789
c2cc1224c168,0.6464244180246104
b25d6cabf56a,-0.4372417548014075
ef63b1592706,1.1468642524009764
236b85fc470e,-0.7648523735401376
421d903d98c6,-0.4111610744728614
a041d544f0ad,-0.6129897443729272
41325ba9a9da,2.6280616262236967
32113a9e4953,-0.13083239139738917
19744ae233ed,0.011602075229404481
5c046e1eb30d,-0.7375634515423535
7e5b61e1fffd,0.9177074473811188
0cd150db20d0,-0.31793722685867803
44c591751f49,-0.1573629645874056
b1f4cceea5aa,2.8305264387059106
b268079570ac,-0.04348949456711786
5b7257f97c6c,-0.49714753824177227
5af3672524bb,-0.6381719574476937
fe8149acbc5d,-0.5855070806174226
8b427b3f3e9a,-0.6518238560566013
bf0b56e6ee46,-0.3214027886127234
814521402283,0.05530853698244641
4c2c2c004a27,-0.6339161535955555
2af46b9f623e,-0.28049686155197145
fcfd2e0fd316,2.7985035905703946
4e06deec1dcf,-0.5306264858019872
e8e0c95e934a,1.0387679707632373
5e01161593b2,0.02297161167441167
7008197ba7eb,-0.6643131242308052
2f95a2eb28cc,-0.4617590968522622
897915eecb4f,-0.41238693638825774
410f456c0f9a,-0.610650262956927
3c8b5707b7a0,0.16274224858869932
ab36628f9798,-0.5543846860936785
835e01b6cd48,-0.565368407070386
43463474319c,0.3282293749454426
ba4c32dd5495,-0.49338703622789737
3069fa1908c8,-0.6279631192936026
a419d25a3e65,-0.44714438499282805
938b1aea7e45,-0.04780643386413939
6836f771cef0,-0.15786501635041192
f70eb1567c36,3.008509446717092
1c2cf43e7610,-0.06890239399097244
c5b7d5a2f128,-0.5366595923673175
7156763b472c,-0.1053754837280049
61b31c8cbb71,-0.6726854485422411
56bdfe82f2c8,-0.8112174220368074
8ddb1debe0eb,1.334795588070045
649a6850fd5f,-0.34788371509575766
8eb2a6ece6be,-0.04797138416260383
9f39c2753cd7,-0.6925277918611374
d37b4a3c2d8d,-0.5595497993014791
0da369717725,-0.1121184276966313
9954387ff96b,-0.4566449641761565
8dc87f7fe121,2.628309486486658
f23bc773b1e3,-0.15713063795588486
93e05ee4a578,0.020092350685321
2b67a390842a,-0.17846032052184205
ff6cd41e4886,-0.4831787029139773
d55b660e5a90,-0.003098557837271117
00be8431e1c3,-0.8158707430603552
dabf580586ce,-0.858559421044402
05156ab5394b,-0.061017569892513945
75577341cf15,-0.44271429694076936
d5ba441ef910,3.017686841007499
d16a56db8f5f,-0.04432638620284596
8659c7bb9a1b,-0.10168284248052593
32f48ab59e5d,-0.048870350798317
8826bfa15ec0,-0.5832664742114537
fc00a6aa4d42,-0.5015005849931904
42c0c3205f35,-0.5887354085669709
d56635ec938e,-0.5871584849938319
0c4713d79f3a,-0.3737537560502532
88167b4ab2a4,0.9273085513340057
b034a9a1facf,-0.4721336598433622
35b77dc9f8c1,2.597254900767843
0ef604827cb6,-0.539028170640838
ecb18a4eb75d,-0.3344185654421016
44b583483b46,1.0154548489748063
ba9ce4cf999c,-0.5600231963346525
a45a3293c7a3,0.16858866188493388
0636d1b08023,-2.371744449704249
385353ec74aa,-1.333744994960477
002887321136,0.39570257716441576
5e512643e97e,-0.2821382346938277
145eb13c61e5,0.18144087390515007
e190a1c52ba9,0.01329408329044459
990076dbd5f1,0.3743189650180623
a29399bdbbde,1.1972545794545677
96b11da780da,0.2275021596514437
34f770e04587,0.3377327629359291
f49a1fe3e8d9,1.0917930160536073
fdb33dd3db39,-0.5971028303304339
4c0bbf7b3900,-0.3217731159189839
2277eb46cfd4,2.75227773717365
1e9b31f81d6f,-0.48957565238014245
ac924ae17cbe,-0.56163014493206
9961f8296e90,0.996477625320048
ff46761ec74a,-0.4285997522376994
7fe6fd558f30,-0.3965338691737469
1e5039b40f0c,-0.7274860243805483
cf5d308937ee,-0.4026536091851766
8cb020fb0c0e,-0.329695013117774
ecbeb35e8df9,0.5062946491628671
7240a82aa952,-0.26108792611254783
5bcb63b07acc,-0.7414944658816045
5d0b4b05e8a6,-0.3907417146265577
8be73d4c87d4,-0.18327124980446363
0e120012157d,-0.5049435164666173
476ad34c8411,0.06367867063854014
192130d78555,3.1078146388977705
d1f614ce83c6,-0.14879754108622484
7fda62058312,-0.1534960810386355
c3554145cc99,-0.34677476421278475
96645fc9993c,-0.2217736785397676
c380dfcbbab3,-0.2191123717671066
e8269ecb5dfa,-0.6532495835505648
7114a2f1e92f,-0.5961013949161861
4cd3a526c23d,-0.879849333092795
0d8bfc059a56,-0.46551163871370915
67bb6b777a18,-0.6185936657967843
f504b5f4eac1,1.0588653928414118
4a64ec31022f,-0.5442140573954092
74618fe38d8f,0.22884921549179654
5e105f9fd348,1.4026737971603978
124a6f505893,2.180163734948518
d629f1b7b6e8,-0.6114932551369362
60ef55feb11f,-0.5015392118397395
67278472fa87,0.455302931635095
0bcd6b2a5fc9,-1.458740570472334
788b6ab6e0b1,0.3370463476033973
7b37079e4e2c,0.4729311143355869
bb7764408296,-1.786607568518268
d4fe4839f90e,-0.05891553674509004
787ca5b589ee,0.26807327330733544
b4a7ff985c84,-1.3317907066433037
262561afa171,0.29088256896109
199e51b5574a,0.5830341071335529
55028859a615,1.4571216344010427
5201a1eb06d3,0.7716624050018959
ae0cd3ae9cc0,-0.2882578495120211
81c2013b6357,-0.6071354308385473
a0f07cc124d2,-0.5379936691045675
12e3a75646a7,-0.5136106121518678
de53f9107f7d,-0.5083599663737334
4c9f8f1588b1,0.8586045711273701
52167e5dce02,1.1297984349147123
4ac880e013af,-0.43096746448058887
4cd3579417a5,-0.41316847682922714
ef7ced103122,-0.6684998942312839
fc00c0a10cb2,-0.5839268844858541
b3fc3d63f960,2.5635172419656085
a235449a5021,0.3663009111296786
563945f85f22,-0.5862633529628853
632f48c57999,2.876419421743593
e373c1b490c3,-0.0073359107704168425
266b97178f45,-0.60672043438716
d6061dad4bd7,-0.41475967751546083
c0c85c34bc00,-0.7582975729173651
d39f03bb555f,0.09799355545882374
c8222dd9888a,-0.6671783999799156
c6d01bf659a2,0.49855975236682726
2990653de92e,-0.16824226611966345
00a9d72d623d,-0.6304760260460551
aae76e8492af,-0.5700881004567111
bcc8099d93d6,2.5466963481658693
aa1872553ac1,-0.6347506644687272
54e72a1d6951,-0.4234558471459494
c2bfef3d944c,-0.6078128768770091
ae8181b3569d,-0.6347868594934414
78555f476cc1,-0.23832297493973661
1bc7625e8388,-0.3650644712818502
6155992e48ce,1.0283415459905259
90e4d853aa4e,-0.5266263563295923
32db0ad81794,0.9914495230462894
63ce8978b8d1,-0.565579266209667
3997419bd757,-0.6052469432197052
b10070a39e93,0.9308965093911946
dec01a4c94c2,-0.6951667747717479
819eac88e1f3,2.478851450622285
bddf5b81b5d7,-0.45379620064109694
4116a700f8e4,-0.48072275682447957
b268c51e44cd,1.206201729810735
857ccb36a7c2,-0.603911569173596
05fe25e55701,-0.4603685103614582
0aa21a5e723d,-0.5190058411391155
cd382f0d3d64,-0.5911462705912056
4835f523d7c1,-0.2065848231018094
86f6ca49a680,-0.5187527759974783
5630821169b7,-0.5311846772178223
01647080389b,2.5708554496479095
25c15b7eee0f,-0.4669890284249716
bd4eda65638b,0.8870757808714645
dc24019ce967,-0.5643069530279992
f1cb3f9ea241,1.1147285241993263
3be86cd54f7b,-0.5453071459974678
ddc03360e8c1,-0.5842651738504511
fd505c0ddde0,-0.3768776881007074
69b7a98077b5,-0.5457196857164472
e0f0c8f797d1,-0.4392566263853553
d95c092c4622,-0.44627820661613005
c03d8427bb41,-0.7523702533604285
079e9401ae0f,-0.43101764603695525
de27b647ad02,0.6014373728647507
0ee9a0d0e780,-0.2939096284646855
52d279ed98f1,-0.5877647429985914
730a5ce036ed,-0.8278055159271551
4638f3082677,1.4278531354084187
9f5ee501691a,2.4629523437703296
4f870fe47118,-0.4457592764367641
1f46c9f6ed24,-0.3816941101898329
6b21027dfbb1,-0.3256434720129564
897d2cc29682,-0.6248214191181043
c38daf1a6b4e,-0.4370192855936569
5de27369c9e8,-0.5747541972764701
32c7dd40f0d0,2.3662904322082103
5869768cf1ed,-0.4368227656722008
628f65d0365e,-0.5047709592041288
d8e8e01d94e0,-0.3691007947618825
f95cf5c7d34a,-0.6274413953167115
dfca91a5a221,-0.580369974080251
813a52c50c1e,1.4285860161743058
3e7acfc6e9f3,0.9035011546379564
d8a8c390042e,-0.5432768119970668
ed8a6daec520,-0.5449482965369523
b67615c321e0,-0.6499219989403014
436d3b31609b,-0.6651254700066282
47043ddf1e5c,-0.6176773709888596
6269500bcc7b,1.0886007684865004
0af37d4b59bb,-0.4799651267958982
15dbf780b3d7,0.9916386640285061
1a600fb88e9c,2.4913238107140168
4822d04c0801,-0.6245640162783384
1e9e06e0618b,-0.28776306818553254
d7568f79fb2f,-0.6033298669418575
754018690d91,-0.09826802855465483
6e88a00ad3f8,-0.40780875103730674
577c30084e5b,2.6859427080073575
0c66a5b5272e,-0.3848762871865417
b1674a77e3bc,-0.4228953904691328
8c721d22c5eb,-0.2718562222284444
a486adae3f6b,-0.5823259503272222
1303085008e4,-0.6473452483741253
25fc7a817050,0.316633310417741
c11ee36dca73,-0.3883808304127254
7cbca13e0abf,-0.5320906510094549
259074e3e639,-0.6080221465296048
44869141d6cf,1.2430254591494596
2a9476b12cf0,-0.8135146567930904
51c38de091c3,0.012419469345509651
7603deddc580,0.7554859289299504
6e300d019f71,2.562752151121301
d152b15da39a,-0.6976831627770248
ac3647b0476f,-0.3462649427236769
22cd9613d7bd,0.029999586553942116
f10324fa134d,-0.6740415943136145
9f293a6cdcb5,-0.7493291287432647
75d741174dc5,-0.7225530291369814
0434702c5ebd,-0.31957713938902044
e81a2dc2166b,0.9623065179259707
8e6160f726f1,-0.11301506939737671
6778343b0ce1,0.7634019337066701
10be24ed3042,-0.5498264819728419
89d99a77ade7,-0.18115836134881935
92367a3bf5b9,-0.6635331721868637
0c24dc674e6e,-0.6574774613235869
f4fc883e71b9,-0.3574994919575894
270bd26711ce,-0.7275668280243045
9ee821eeea31,-0.0018486904881367706
3462073c2824,-0.5830980436583546
45baf1820c9d,0.22195286320774232
502bfcec9a50,2.8496688034434614
bf8258bdf636,-0.5433566861331197
8311b2191549,1.0395809694228428
23a4bba2ea22,-0.4862750933036423
28138f30354b,-0.5876560961533318
9467ede8eefc,-0.284782042982041
d8adb9516936,2.496911165095679
c27e88dce340,1.097794574485682
ed4c88bacae3,-0.5833788151142979
c965cca32c23,-0.5527369869020194
f75cbaa12060,-0.5603728417250673
c3f43a5094d6,-0.5832685129957131
476446f62334,-0.45245963369497066
8e2384f80a3b,-0.9749596486360912
09c33b806f66,-1.1867803222632225
768594c625a3,0.018254196103499466
96e35cc5439c,1.9367743537683966
8cd685979bab,0.29055253349832333
7dccec7b72ad,0.07749063861105157
405f1544c5b6,-1.238691442392075
0f767cf1ae78,1.1460470527844457
73581ea41b8f,0.2574776264649722
a44cbe38099b,0.6048493858015793
a8c97b7ba59e,-1.1309016752133059
fc6e906943c4,0.19988730147242675
6131e6722ef3,-0.6915633390238176
e2216ea9e7d1,0.8060903345930882
c454eb34747b,1.2620111768798545
862d80933988,-1.0063755626494375
c2100e678600,-0.7947086134540347
921611660757,0.4406968410111553
4b33e4a697fd,-0.8534411482621904
afa6f37a8fce,-0.31427283319428795
c39ac3e19939,0.9130284329623731
306e0f783202,-0.81391921158178
611a6e85b071,-0.7938506998552097
d33520173bf7,1.8463046225742867
69df8f4a1a31,-0.47855555142964545
88de288a7b33,-0.5034121693149197
38caa84a05a5,-0.5464861329368771
9ae568899f69,-0.4837819295577022
350e154c0882,-0.4897494535735953
f04a86bd5bab,-0.5947747937624707
544292feac82,0.7348238482963335
abd804f1c7ae,-0.6593862147096172
68fa538d92d8,2.7082158014093443
fe6177cbe31b,0.6891648243348079
8430fd779799,-0.6968647592795736
4c167ae981da,0.3208065305239157
ccba9977f89b,-0.3377490616419833
ec8288e25dc4,-0.24243445256773655
f1ebaace9e93,0.9673764094600608
706cb1444943,-0.5025752471734398
a4fcb87c919e,-0.692315330079188
d969ead5212e,-0.6779583092337409
d306137bbf67,1.0637989456570929
2122de58e101,-0.6236599746179678
2ed0562d0af8,2.5348775711814517
fb3a45ebefc3,-0.47370208136967484
5591cc56741d,-0.5217292446373363
2a9ecc2213da,-0.4939292249775382
3a54cf49e4b4,-0.5991911670165337
f209c8b0355c,-0.45333013993456805
da3bc992efb1,-0.645190448464042
4bfb8991e5bb,0.5269782817059471
d1b897cddf4a,-0.38756363708447406
4a6de09f9ee7,-0.45175531946506353
211eb8001463,1.2756257444539976
a92454d46fc9,-0.33987774472907495
6c155a0d1c7e,-0.6257921010678587
ffb2122570e4,2.6082588274682164
eee37fd5bad2,-0.3649109514387687
acc47a864b01,-0.5432513444277771
896650d21f38,-0.4812122591410394
d6eeec20a460,-0.5107669940616123
6363d217caac,-0.3872553875163352
266def7342d5,-0.4828334589382742
db796339c6f6,-0.4955015671611767
5488c2844ebd,0.8092400023888688
fb4cde2998f9,2.433704138773485
3ef955b3291e,1.4013671783569774
22c0ac8d058e,-0.4525425656629283
cf866b382a6a,-0.5501718149409716
0b7baf8c4992,-0.6521553840815224
01e73f6cce6a,-0.6318718880154705
6e3dcc556d3f,0.2595650261765153
3ee9738a4293,0.2267937427013013
6e265f52ac57,-0.2547434003483078
242e028c5134,-1.1524808334905698
120896653845,0.8304370290463048
c65a9a44634f,0.2939421531448246
ce791344d5d8,-0.739243360681828
1d2fdb7c72a3,0.05581920705777952
afbb148523fc,-1.1000742944075341
ff41d504f3e5,2.320095568254615
cb6f4adee15a,0.4211860220310282
24ab0b496466,-1.161296859484129
e3128b9c4a9e,-0.5221256648989583
37a4f7f528b8,1.9275176403991685
ce15548543e6,-0.33959261660373896
2cfabaca62b9,0.8372346622370532
b4262dcb2626,-0.7775460911042104
552018c649e7,-0.3710673364157297
72e9f382f712,-0.594837255039472
f1e3229899bb,-0.6474356098269706
06f1089ab1f7,-0.40494696570390437
88fafe028be9,-0.25999423683093037
cd4ecaef515a,-0.7866348262338431
4d01cee45905,1.9394283000215355
108c778b96f9,-0.4213255426467559
98d7594b10a1,-0.5589464248707923
f9f625aa43a1,-0.6050873139538476
88e471f18dff,-0.41692620440536743
8831602d85d2,-0.45086428802161
17d8f6c39a77,-0.5508987118631569
61abcd97e5c8,0.8037317582408612
3b8b5bf6c75d,-0.5465034220173399
8f915b2fe295,-0.5700557210718783
16f247cbf9c0,1.1212344970390802
4c44013ef7b8,-0.40576700590729264
67731499caa1,2.6014083794780998
e80c3a916b60,1.06744913119916
5217bee286ae,0.9463781150420483
539ad93ac158,-0.913144064029733
c9494d44b6d5,0.028515872407730142
f6e76233d789,-0.042845840900357535
65a86cad27cb,-0.494332940464079
03e7dfc7ce29,-1.1504472155768866
82eb5ff19e39,0.12741433735963933
f522381166a9,2.1250712481078553
62f2d47009d5,-0.8571833640841835
749dd254f2f7,-1.063400001269493
39cd422b2907,0.22652472220830008
88870c88e99d,-0.2787227846410796
a62e386439ea,-0.47499054543549984
cdf9ea4330f0,-0.3881941389001904
8b03d1588d1b,-0.602379244783002
84b40cb36d65,1.1422055417041748
1db1cd6ae037,-0.16153773625703755
d9dce6e40625,-0.7492799828189753
39c2d03e9350,-0.737351292588544
35039823d275,2.5628817618933293
c4a0fdbd9292,0.7368366627761023
d20a36a9eba3,-0.7073603943033784
31b84ce25f5f,-0.34210784664589927
f902a6e60d4c,-0.961585738052344
339eabdaa838,-0.014546608285035303
4d98cf2909c5,-0.5776105064322858
eb48811c9497,1.2358839717709589
f6c3b08ed1e4,2.228813000142277
65634e6b7bee,0.3801412434098593
cde791ab22db,-1.203635819185326
4ea50ce9c997,-0.3549789545937368
5e64fd13d058,0.048967720687576856
fe0d53f2b21d,0.6019620932005344
8f3b4c211220,-0.808850109066432
608b86dc2ce0,-0.5745602935960468
3dfde532ed62,-1.7111444149265904
79df01bc4a4e,0.13301970409811437
ab035eb956cf,0.8795926825331164
9d41837a35ce,-0.05433220338018615
41a1a0a5b3d6,0.3318514855972306
b0ac7fff6591,-0.49737426828228903
70e0cd38f439,-0.6608598090858907
66dbc71e67cb,-1.3098976179351338
b21ca7bb3059,-0.3545822454972432
ebf8b3df6264,1.03557731227742
bfc079b528ec,0.6431718024445688
9553422cd55d,1.5649775721568835
8ccadf3058e0,-0.5329902546298528
7c4d65a84eca,-0.25618667006868623
4cd4528c0988,0.8466981177401556
28b551164476,0.9470536288111402
3473ef94ed67,-0.6058795832207993
fdaf51a92dd7,-0.5469093442000962
73c40c07fe6c,2.6616608665979236
93511a8d6f4b,-0.5250022281380661
2035e5e28af2,-0.4014370867548025
25406501c1d3,-0.5853177559816927
3a1db98aaa6f,-0.4796452347896418
581f0c2883f2,-0.5220444553655819
535ecefcfe8f,-0.12736252634618203
5074693e9950,0.82305200806774
18bd4d2b99c7,-0.5375759850745552
0c50777e92f7,2.7899366121940106
2067bf194d66,-0.6991517177147624
8819a53fc3f3,-0.7195036763045082
22b0da1b5b11,0.4741866311754722
261e52263ec2,-0.41195678479163816
a202c8744da8,-0.3069672925913473
32e9bcb07393,-0.6483574797451218
d2a2ddafaf2f,-0.09352772420484382
7031904c52af,-0.542772064664264
9894f4f94a44,-0.6770432775796501
4cf5d8b3995b,0.2732633900482816
49ec2e586713,-0.940899010545378
9b2edb3d11f6,0.41057552822679166
c7c1967efac9,-0.13742531316973478
06f51e73e771,0.21262953830892806
3ec1f7301100,-0.2972127974326597
2b1253a64c54,-0.6773005222192489
a3cc8827fcfe,-0.3584307755274424
34f2c2345cb5,2.843261244491274
919bb8cb33a3,0.10327993629117484
d8fe70c6f251,-0.7546979408923361
baafaaf29cbe,-0.1113069815868924
b37152618cfa,0.0573394370701767
91123878304c,0.9814809216076528
ed3cae77e76d,-0.5570390905057611
69fdb33ee766,-0.13142643119860986
fd4467e0f583,-0.12768770287044395
c54b8374e004,-0.8368275898660233
4e1e30b6dfe2,-0.846585868632749
0eb07bf4b1a3,-0.4993405735941682
90c06cce3f82,-0.39754077352202605
68105f10a859,-0.31078397046202827
5cf453364636,2.7797186235608726
dbd6ac156cf2,-0.3787949312532338
c4f87eaea5c1,-0.3213741672844584
df963cc022a2,0.2698048326854267
93a9a5a56001,-0.7267662799174296
eff652586ae3,-0.7090401768435459
cb1bdf230149,-0.5394406695881507
ec7eee13fc4f,-0.5947517679470874
4349e8e21460,-0.4292166286972649
b723a4424b0c,2.43478306930587
41264fd22850,1.527455738925618
c1e361b36370,0.17237534930748033
f4d1b1f8589e,-0.7050343686932243
25ab0c76fbaf,0.9670490089252354
9a7f43f3f11e,-0.32801147255633817
68e7de238340,-0.3884283158815717
eabe0ad2a170,-0.5338255669997021
05b73d08eb53,-0.6048925997914917
cab980661f02,-0.6435514982020398
3032c85d478b,-0.49703834896576904
f5c3e75c2698,-0.5599348369760409
d9404617fd67,-0.5185421680688087
667e06712298,2.5749582975227856
647eedf76f9e,1.0191751966096865
ced890b83c41,-0.48695769561594565
17a85e57160f,-0.65971383486882
7001371cfdc2,-0.4827730165411943
4c982ddcea7c,-0.5604845512282349
09ddd7145685,2.5196479098304594
74ad58329e81,-0.4917918228525002
02c92fe79f24,-0.6266057902605313
b75201088f67,1.2574865406096496
cddda351f1ed,-0.5829822767670358
ce055058d9f0,-0.3892553201392655
51d4f242eb61,0.7627902386081464
012a4a6fee66,-0.5807983214414998
e5d54a6d50ef,-0.16551975494917326
464c876e9011,-0.5267665651638699
13ef840d7a59,0.8304858069028227
9652460640fe,-0.5077451242270866
3119a15e4e9e,-0.4477896458139418
5f55bedd5478,-0.5285277384699065
ac6862a6d67c,-0.5656191586207194
9ddd9ddaccfc,-0.45537024160507067
31b878c9c228,-0.6070407797506789
913b74b82448,-0.3975129635895324
0234cc991e86,-0.5561583306466373
60b6b4150b42,1.2311577618198675
ee443aa2f50a,2.530886979164753
79cc6c61f0e3,0.940644630018131
e7223f43eceb,-0.5680036380462471
58d8d410a3f3,-1.5624555149056851
01abf6aad4e2,0.6237870367918665
11b60551d8ff,-0.11101214901111756
c2289d5c350a,-1.4544554365073539
b2e5044b228d,0.27098286411050704
40bb8af1aee7,1.7037001173742115
d2f360e58223,-0.3009407252033505
b1e3424e8894,0.9783996145554265
01cb580f368e,-0.4833389991567376
5765f338869e,-0.037307800019650714
47b156d0d7a0,-0.36842123428456114
f017aee0d56d,-0.5039615331429567
8e529d6faed6,-0.5018300542061439
41dd83f358d1,2.8384232739177104
42ad03fefa37,-0.5393186982358628
ae6e760f4405,0.5548833610250549
f74bf94c06f5,-0.27935065219019356
392d621835ce,-0.41553059073459264
a49f7718fc1d,0.7825830347700692
2bc1c73241a3,-0.4786888393005075
0c3a68adeb59,-0.4937003069631932
34613b6929b1,-0.5950877606548233
b507286291ad,-0.5000342495691628
99e59852c66f,-0.3275636278551629
0438fa1b592d,-0.48490103714385957
9b578a6054a3,-0.3523141230337273
bb38faf53439,0.8521721849019569
0e02927a48be,-0.5988720895560149
d6fef31b5e70,2.5714397859257403
70437ad6da1d,-0.681310567827077
bbb5c9ccf391,1.122336219272505
a54bf84b686d,-0.5090860969709821
1afc0ff5f126,-0.5748187930382593
277825672cb4,-0.5170476051059557
3f27b1232fc1,-0.49794643080963286
92188daba0ab,-0.7289828142660598
b35a95b54020,-0.3367159766153986
e079b616b970,-0.4516599394090006
bcc9fcd90dc6,0.9275280635313146
87f7745d9049,-0.5110353568907576
1c742f2c1299,-0.4462823283927788
fce42098aadd,-0.39595049041084074
428f1196a5c4,-0.618261524785201
de20b775c997,0.8599068911389351
ee9dd1ed404c,-0.4611277697736307
7cb8d02a5b4b,2.6605276766830515
276408f0e6ed,2.1693811461317667
3a23e1a652d6,-1.2170113733532752
c6d3a4bb9639,-1.0006988843576976
38b0e98e1b61,0.379323546917166
f9d6518e766c,-1.120098585240379
b4559cf34189,-0.3720148596166055
5abfafae5042,-0.050721987349377724
af7dd9198e9f,1.1831593970111933
91abf1a2a12c,0.6152111191300215
dcffc991460f,-0.3640724195175236
4110f73d10fb,-0.41932669007558176
97f4e25df5aa,0.19686959032029272
6b32f1c18f4a,-0.5337362820071174
a8797acba140,-0.5483253771550585
abed0e0ab32c,-0.5132921901943412
728a2029eeea,0.9261841020211906
c5db21dab662,0.04232348948368291
ba1bc7c9555d,-0.5045862272122035
5dd0ca10930d,-0.7318783776586535
072ce0fe3d6a,1.1108458473819725
3c898580c879,2.487651880890832
d5f8fad29081,-0.6431577345726378
b0894e05b79c,-0.6921439301344439
be91c36e3211,-0.399885200843222
77241130e408,-0.6489295550961783
d56e1b1c1708,-0.5973744824097392
2d44a34a03c6,-0.6120408300745237
76fe4e326317,-0.3902872278699318
249b22427c66,-0.16656141618808668
519df0e5ce3e,-0.005179993651244056
79171f8b6625,-0.640155818154495
c03df0e20e6f,2.0196937875438006
b4ae14f8687a,2.04461226996383
0fbbff0500e2,-0.7633530926677428
c3b396774251,-0.28945845217773175
e0db8fd8acba,0.049034810782043275
05070a51b18d,-0.4302946844495823
d131174c50e3,-0.42964030794390806
511ce233a45f,-0.5334255634012752
0713495dc1ce,-0.546119583114999
c174c36f0b0d,2.610414760264299
8d6664d51cc3,-0.6720217188811448
016f956b5ded,-0.5998745811409345
92dda09bb288,0.9382541173975063
5304416c63e6,-0.37076748168415036
3f8d2485b62b,0.9716449835017645
862ca8dedbd8,-0.5175468307002185
09b3b73bbd04,-0.4206231098473565
21affee16f4a,-0.4447643913002817
e81c8a59b65b,-0.4725878133941135
9c0d4b4fe33a,-0.3311654808472091
370941d2d51c,2.614277648383532
88a00026d884,-0.5519541717096517
369d6ee01d8a,-0.5672958164769684
2dd660ea46a7,1.0827265104279
bcad9bde2185,-0.4860414437099937
1d2eecbac737,0.8059688072654588
0df42d94abf7,-0.6052281007882642
83aa0d7f4f92,-0.39258264869693243
957a72bdb150,-0.6513530991534766
a61e644ac373,-0.4080781290190098
6e5bff84e37b,-0.5900044656402869
b5c0e59329d2,-0.3837557214029769
544603d5c05f,-0.7230404873953098
d353cf93075c,1.1429430290931464
b07aba268cb9,-0.36253812566062255
70505686e706,-0.6639662511002674
87171240eb78,-0.6759741190019867
4fb1b7b19d1e,1.1234786815705642
b47ff12d8d5f,-0.5315773840177298
19d7c0e90058,2.4108770321020154
1eab384e8e3a,-0.33836405952753656
717623662099,-0.774800419083608
5b64226b17a6,-0.4184020057156452
934eaa5c36c5,1.1724104124648616
45c05eea5b19,-0.41237795468734356
c870f6424305,-0.7026995540567255
371e28c5ad1f,-0.6606247602436005
abf81190908e,-0.38980962633495436
e5f32e39b4ad,-0.4589258648866453
406994896b4a,2.5723046391254503
269fc12f924b,0.7339225267975695
84597fcf52e9,-0.38492779049410997
58244c7a3dbc,-0.2760696028852495
8794bd67a6e8,-0.2775752024518109
cbbb40e56663,-0.5612798850636386
4c8781423554,-0.3153939752619075
74a1296cc5f8,-0.5981675062885463
76fd80ba536e,0.8257914751338757
021c05a4eb83,-0.44213534014324796
21b3a0b6b804,0.9667711614717114
8256587a9676,-0.4261461757759783
0cd78f1db1c3,2.651339801778105
8b2d2206b8d8,-0.5458294423157598
8a1f531712a7,-0.5664372027969069
e9aa429ea11e,-0.7109377082858956
2a4bb00a1d83,-0.676860414216124
b1a7fbe40010,-0.5716741688586741
4b172313b845,0.47045760169676365
3732c6e88188,-0.6332803757719812
48e0fe9826a3,2.5841344534270285
fed147b03c98,-0.12189293863139505
8fc868b7fd6a,1.3021980010279597
c6eacdcee5cd,-0.5646175503941667
f183d3f36a1a,-0.45323466233135556
973db20a428e,-0.613424740791406
b4bad0a26dcb,-0.2803654805661473
03ebddd5835b,-0.44143972459050235
ae4ea7c85559,-0.48077460039599773
7feabfde5afa,-0.2954993822009516
4b10f0099679,-0.6061695067946924
346b03e1d5f6,-0.4798449351481448
e1a071cf03b8,-0.7420504755874844
092abcc4d7b8,1.282501731316892
43dcb55c9a90,-0.3545453594668986
a3eedd714082,-0.7672281463244035
32da99cec43e,-0.5141813242834546
701b2abefd4d,2.4270767933860484
0ff5e97defee,-0.39394446938079214
331b51391cfa,0.9246596748798793
f71a3972f3b6,-0.24905235476895288
fbbbfbafbac3,-0.15960555139034405
3275c4f9fedd,-0.21213979858771836
27f111cd7fd0,-0.8222524929393072
f77a4a69703a,-0.3440851490208241
5e3a104efec9,-0.13401625161301042
a8c145614e61,-0.3629046717896322
f17357f7c5a3,2.617428487274667
f63b619793c1,-0.7238693884500967
acf411dcf91a,-0.08372789134026595
fcfe6b8b6871,-0.8533119987672156
5baebefb1b2a,1.3275370613927004
c9c04a24ba88,-0.17739630677320728
59ace2641276,-0.5076203310259635
c2e782a6173f,-0.6608484327036239
21c7d321c379,-0.5376126199500215
385bbc621ac3,2.685582382599933
8409f11f3022,-0.4223998635821238
f27b31f7c7c8,-0.17508851972731682
fe46c15f1c8a,-0.2772816427885198
20836ff676de,-0.6446724012128792
98ca39966e49,-0.2681046721057066
a54b8f420289,-0.36869318900446896
51d218aab138,1.3541355962738983
02e7ff7db32e,0.677444530156211
686ecf0b4d94,-0.33054466995595116
97cbd0dbd4cc,-0.7828765649812084
3c081c9b63c7,-0.7147284430065577
d079b9a931fe,-0.14555834825425076
d72be8f2ae27,-0.9957072687222669
c6fb1d80d00a,-0.3552482860563933
98614d0768fa,-0.5432318023743279
995a12d84fd8,1.9624039474342139
939687ac7e3f,0.17484098527937664
4815c0eacd50,-0.7761551807787319
fadb4d821d1c,1.829361101259887
4c1ad4bc85e0,-0.5245805180720947
7f67d2c87b06,-0.006339467139401655
f00f5abd551f,1.2684157798528326
ccadca50d30c,-0.5009949614155512
6fb2d310dd3d,-0.4975231928469895
1ef70744feb6,-0.7911767795980263
19679586bf2b,-0.7539212348328749
abc634d2ae93,0.5586154819463145
d2006228820f,2.524068531917459
2c00d8aa1410,-0.07354737056289762
6266c15b01e8,-0.6454513046689917
914a02b68d6a,-0.5575649645797789
d8aaeccc95f7,0.8783555572948816
fd60b8b6c29c,-0.4410922330938754
61730e2e5b1a,-0.08630309498698578
5785475ed7b5,2.655421069891736
f16dc232712e,0.8340313517491618
9aa5bf83951d,-0.4972226926854344
e9c45ca45e10,-0.29059360331769846
b9a20b902059,-0.7050941964884792
a7a286a9b339,-0.4589369292695466
72741f66be0e,-0.6297765457883029
fdb14b9c49ac,-0.55303080783565
10057428aa2d,-0.7057578754698065
5bbec1e02955,-0.7017392609244221
2a79a3976687,-0.5922300649118729
eb978edc05d5,2.088669119482796
bbb65404c540,-0.4636341146340744
56698a95f7c6,1.2889565548258746
5c4bb0e13287,-0.5536162007123381
31e19e0c0e45,1.503761168094246
f41526bbc27c,-0.49872043320284015
151e5c7e09fe,-0.5704374191751392
fea1b1a8e098,-0.5288848760840829
0f33a351a001,-0.5179089178781705
a33ecd5c1dea,-0.4542155548799765
c3d548bc6dc1,1.7872818974631695
e3a5519fc837,-0.7019908453857832
2a303d29b641,-0.28260095786199774
be2fef5aae66,-0.1694450309271905
9074ad92a3e1,-1.352059056731484
f307cc7753fa,0.3191517453146876
fcf60d2ab7c0,-0.7813673291204641
8f2833e5dbd2,-0.9353608915083336
4ac8f59bec1a,-0.7194917073590723
40595268ef04,0.5363412460228348
582c70ff3358,1.5114976378043494
015b0faae52d,0.788043292289284
c82ac7b084af,0.05580746854245848
c9f19558a903,-0.6175960279047469
1ca54062e0d2,-1.1467770207126697
4b1816c4c8b5,-0.3236194784093605
cfb79e7d1911,0.3448685487260352
b8a369325587,0.2398618795807455
85105478fc6f,-0.18597592839582738
dcdbb3da47db,0.4899660595652212
74b93ea96881,-0.7847221241500293
641933cf7050,-1.0673844248963527
cbc5aa44a2d0,2.6132514635131567
95b8e2b55bc5,0.38231958454136905
550f0bf3434c,-0.06673556486192475
65435579968f,-0.2847306150412277
5edfa2773810,-0.3130331529498507
0d40986823cf,-0.6156322891579878
f77c61516866,-0.58016286424336
8cc11b52cdf8,-0.4979921292339402
fd5e01da2183,3.099505954554334
88805dd0208f,-0.008140668403852053
d0aad43c5e40,-0.20964815872332354
ea334f2fd2b3,-0.34423895912942204
ea69c0469a4d,0.06213877229641551
132e0e14ff79,-0.24133032510586117
0ea61065d7da,-0.3627040982313362
e99e55f94a4d,-0.542723366118195
47ef722361df,1.0703673648325625
1cc23a4fb28a,-0.5215997974721417
9afc3d87ceec,-0.5739351202732103
8840f40bec01,-0.5192573962772606
c4995aa26f1e,-0.35680685320192945
69c8a6e8b14a,-0.5765255374296855
213cd48d9b98,-0.22107822871945937
dde91c27d586,-0.6235499097801606
5a662ccb65f0,2.7167794911817365
10254044703e,0.5110334514890802
cd0745f3ea5c,1.1963030522883944
375c5958d2ea,0.7390424144487749
c24252ee88af,0.08993288978789092
61b235e79c65,1.1806776843825586
ca49fa63c33d,-1.4369268354697255
9f0a1eb46b36,0.0033531234355028174
986b64a2e049,-1.233960656428056
6bdb73ba25f8,-1.416339391260846
d6650a82c789,0.439802013123032
72ced35f8f72,-0.920588430760322
32b4396709d1,0.6695637056483019
f2f56342f34f,0.6891404308044946
a35178b156af,-0.6964748965648048
1a634bba2af5,-0.26409666090524203
995e2475d217,-0.21526055218290585
38d7a3a379f4,-0.8746391583922113
73bb2328cd43,-0.3551229645513001
2433e3e42736,0.8785140069711915
8f4df8c5b954,-0.6189946228683149
b447474ee6a3,-0.7852975359456723
5c999f7a0947,-0.2574249028972873
30856bda84c5,2.5698035169559845
026193b31c64,-0.3448145560493079
b43168c52cb9,0.963808326429871
62c67e3647f1,-0.6722944490223662
c7efe34fe0af,-0.5909738821214792
38c6f6aeedd7,-0.6422699073628374
f64b12a0d545,-0.2061373203792219
39662459e099,2.396315642986873
1816ee16c537,-0.6076505785143838
466041eeda28,-0.607168722424203
5bab9baa067d,1.42944091960469
667e8563b349,0.7084965519636198
bab17a5a47e0,-0.49788784179937984
ccebb7ac3141,-0.6524221272689639
ea6af3f294e2,-0.0574482856623478
92b71d6301b7,-0.14779821352862943
5fd69ae55538,-0.1298573807096719
ea22cdf8811b,-0.3482323423807648
581ed4da0174,1.0166005057835332
7df2d8c3cde2,-0.8196777396803397
d7d42b07047f,-0.6893283926250725
8d602608de72,-0.6815673892836271
84fb511c40e0,2.795851998172493
3c47a35c83cc,-0.08342601832659445
06843345cc3a,-0.45237884079994295
b64dc1be4391,-0.3745528965069027
ff5c4090e253,-0.08563329011448015
975ceb4d5333,-0.49265318726654495
d99b1921fb54,-0.551298168271421
d8c196bfb423,-0.42153670258116144
98e5e774f83e,-0.5595180612112747
4cf1fd18ad42,-0.423005521224822
060f2643a054,2.658050704437068
7c9cc7907cca,1.0204028390007953
3cd8855d0c2c,-0.6307273037344852
fabebc120d74,-0.49741907246796657
b5519d497749,-0.4589301934301968
f15aa95d2538,-0.43288416397002616
5623d3598413,0.7895188307200354
6d6fd753b3da,2.8119554582939017
a5c6cfe9c04f,-0.23444094752323147
e0c9350213a3,-0.07001219378721321
62b2321ddd3c,-0.2624114384243946
e078d72234c4,-0.5702216989265326
10c5aa370002,-0.008079784786029352
6b8a4187a271,-0.8199926271145344
9dfe31e2f482,-0.5606624554887611
714b9be29b89,-0.2973097764906276
a6e5fdcffb3e,-0.43166400040690656
6ab9ec8968ec,1.0135867589905927
ea01a16b2e11,-0.570747294336263
54888ef372cc,-0.4577782755918882
d7adde188064,0.9326461250381273
490ba5f9d02e,-0.5890833724282717
9173a0ced073,0.2855538600493583
bac00c65e168,-1.2602386771825358
d7d0d9204d4b,-1.1155704173997782
e81f6bbff7f2,1.9863672717023022
858186d12640,-0.5486791675547839
75217499efde,-0.300366977915637
c506d785a003,0.20848693631555956
b31365c6cca8,-0.46578502534974225
72f6fb311c8a,1.3244477203172895
c43f7a3ee43f,0.06241215315467145
5bd134186010,-0.6439457989449042
fdacd70b3c34,-0.7005871981541572
573123e6ad18,-0.5684238325425518
8efa82568b17,-0.33298757964054304
f02f874c34db,-0.4707355799122254
2dc27483e16f,-0.30845500130220505
eef84a96a140,-0.37089974624794564
37e70707ebe0,-0.600072143092516
6ffcdfd171c8,0.07099234357564119
5b396a3755e7,1.103848896291487
430ed767b718,2.7588534868152492
851695b984e0,-0.391221753089664
d7dc4ea35070,-0.5157836127603133
3effb330af2a,-0.552508721808205
74dbcba4bba2,-0.5795290435816809
fd440c6e528a,-0.20830787027118397
814f48231462,2.834703782022757
6c3f9ac77cc3,-0.602087203092605
50b651ca8d67,-0.3577948197504745
fad349f4a3d6,-0.4272605546783168
5ed705f7d5f0,-0.5330811348796778
5e965d9b4123,0.5982766157054106
c2e786707aca,0.7345943161839538
4edf11a84948,-0.8944475909076408
65ab2fd3a3e3,-0.7193874673761089
3511f8a119ac,0.4761054714490568
b4773f2ea637,-0.709622539106038
91e7cc46b3ee,0.8454861527498982
f5881f755a55,0.48750980808182165
574b8e8d6527,0.7851753706079878
d63a8fcff077,-0.19188215587827656
61a6eb1a7b12,-0.8512895911690933
97a1d0c0a5a9,-0.5247095031818407
bd3fce9a1288,-1.0031184332918222
751b9b66c08c,2.3001804780220563
ffffd527d5d1,1.2639259082603873
d5dde7693c87,-0.0919225469667947
4694cf04d939,1.3891353318721933
2be6fe352e2f,-0.9782424910824112
9814701377a2,-0.218755910844234
39ed59e5efaf,-1.35322701308381
9386e524a509,-1.092704153893114
3d486a510d69,0.7597297272232884
4a4864899abc,-0.8106663431993023
177e69a1fcef,-0.36226035872611895
d20e5faf8f34,1.364678691416579
13ccc1f3c5b6,0.130309159023337
85f667167c84,-0.6838328078539722
8a7e2d5d6d52,0.3586486375265779
9b392772b6e3,-0.5634641128355377
6f484e210e2e,-0.42361698505783496
be1f78e85038,0.10764991030636117
1253f5b7ff8e,-0.5951655519406542
d05edcca7a9d,-0.6446564335151893
375f43fc1b5d,2.9289378488425184
cf8fd31344d3,-0.6047835440693878
c38916b4d41a,0.09405002017357252
4827ff3f2d89,-0.2569112731604806
6a87eb1bef92,0.28314429158402693
5049101816c6,-0.3337608776107165
d065e11b1a54,-0.3400614310229765
c6f627f76055,-0.22464463498308299
b4b78be2a0ce,0.8911281375045882
e16817488cd1,0.5734684829817731
ca73b1536cbf,-0.31415835552589044
9a9b75df4cf4,-0.7464934659620044
e6e25f767b3a,2.6947518574619798
1587e6c0398d,-0.7587736563039001
7cc805911e72,-0.8607305962940812
04d1b6a829af,-0.5916324044661436
19c2cdec51d4,0.010906944220455335
864f48d634ac,-0.4904393201636983
909f484b9add,0.9223238457519461
da03b7148407,2.644359415070119
e450136da978,-0.5231244558358872
57eb148ad340,-0.3766309583177681
0a163d48b360,-0.6235072188308967
396dae5a3da1,-0.5400234631695706
1384b47f0f14,-0.5393075688191472
04f46136be2f,-0.5634214895310071
e0c4c3e9064d,0.9245228003233965
e9bfcdc70f99,-0.46134411903092676
619367968526,-0.37340746744655917
e073c40e53af,2.5759279370169716
5da8e73e9cae,-0.2619225404398068
e992f0b33055,-0.6226502579456047
170eb9b8bf2a,-0.5600309520729788
c4c27d8405d2,-0.46153697146499967
2ccd9c506228,-0.4985495398535726
906e0e69edf3,-0.5119613919317271
f6ae80577970,0.9389966815016175
8f287a0c5299,1.0171915539798546
137fcc00ce6e,-0.6461636649806108
33e2a79df8e3,-0.3079822371209046
0bf839eecf96,-0.6613186166882383
f82251aae984,-0.7602124981019799
f3ddf3855411,-0.6469510839134085
8452f1d910f5,-0.6056648046904879
ed2bb2a83de1,-0.8000956887529759
9418ffa10390,1.2178722243406925
f4cecfdf44bc,-0.6965037877956717
37f84ba8b57b,-0.39851881425847835
583316c1c591,-0.2599806800541501
29541374af4a,-0.837921366117422
5953afaccbc2,1.9346386570852012
5ecd9007770a,0.3693235169922092
2ef9c9b6abd7,1.4840143252664713
96644068becb,-0.2674819920120306
ca67c10077b6,-0.3892249902606512
6211d05d1abf,-0.32711532458439607
ccba0479340b,-0.4632936713994084
9be7d65ca4ec,0.5314222462794772
e5f1848bbbdd,-0.6781747750830834
b5e70bb90f8a,-0.6706640910923072
e2ec53805ea0,-0.25021722001037644
f087022fd2f6,-0.6396196107738169
7264a6db8330,-0.6530385996111092
959b62fca7a0,1.161420039161053
ae543ca7bf25,2.645987989386649
3d2412b88d3d,-0.7308319424961667
da215bfe6949,-0.666013265377762
d6be8d837f47,-0.8164678895823557
ff74ccec6a6f,0.7883228918749244
2091586336ed,0.014921189559560455
765bc69b8034,-0.6612041723859576
3358bc3bef2d,-0.740621163011471
aa8fd9f60446,-0.5295810413988791
e97777878e14,2.3718786116482233
48527b62852d,1.054865560480776
5de5d9ecd584,0.5565223836480112
4fd25f2fe8e8,-0.6417911629589033
522f82afefd3,-0.6528750991902306
3d2c9bf14db4,-0.5296747799855923
2c5c3c2a51ef,0.2279436449656281
8c51a502a5ad,1.0141561230642515
723273f072dd,-0.5635131360818092
ca5d37247392,-0.5883968428406456
1ed9f21b5bb9,-0.7944344165255183
9940e7e904b4,2.2903142051646146
8dc97158ebe0,0.20749659088402045
41cd3c5cac6b,-0.8991084661232943
806550ef9c82,-0.7949854833690008
56b1e797f53d,1.0830776600375762
6bfe90813c30,-0.36436468694641133
adb7f07542f2,-0.3364481842017407
9d7786191717,1.1268805452118713
2fb975de145c,-0.5995968911277675
41a8f569f0c8,2.539997860411056
4967960960c0,-0.5742580530750216
96e5a05b43c1,-0.6463215937056097
200bdb3a3ea0,0.9071807298394889
5633198a29fc,-0.3665414648321906
2afd1e79e12e,-0.47315822140473446
d2483e44be8f,-0.5815105856942276
e856f35ab9be,-0.6318594544747125
a8891b522eba,1.344408410785338
975d6b01b8f2,-0.6206585760045782
b22205a53352,-0.8855662004800049
bc309742fca7,1.154189265769769
ea9e4b5e7a8a,-0.037967743568083336
9792d74f1d11,-0.3953371070482788
225482c531f5,-0.9395631794213049
03337602262b,-1.1622739618365694
7393c8ed6b78,-1.1759561457730898
fad102330ed0,0.4913620259667558
ca5ced404042,1.3533169306808865
d9af3709b30c,0.8740462809291598
7f9cff691a2c,-0.4122615182795706
22bb6c3d3146,-0.22572096525492316
389b7ff9b774,3.066723110052088
2df3172f7899,-0.3739426637058192
dd29205f32b4,-0.16872179982360608
3beb06fd34f1,-0.7141285413003251
9db6f06e67b3,-0.1839983154658393
446761d26848,-0.6018339448316351
a3e5c4b854e6,-0.026795932311319604
38ff38e12529,0.25240808856407126
1e79537c1fe4,-0.4212198324131062
8a0e1a30506d,-0.1905076852300148
51c216db37c1,-0.09191678409160987
352c7d0ea7e7,-0.5653115406142539
46157d53c535,-0.6445667931786478
47f9b0aaf95a,-0.33967780630456756
024a9fc4f1d5,-0.03509352570835941
9207bb74ffb1,-0.40255145164865214
b1408860a3e0,-0.5863443130064577
403ca2840e7b,-0.08896321427388526
92add3da97e0,-0.9093841598194652
c6832e9fabf7,-0.30823137827549746
14b3c22b1812,2.6120771768642603
a121a52d5feb,1.3599637900571357
0ff6412505f8,-0.6211327107357357
a4af60940823,-0.5740339578118159
ef14867da67f,-0.6138672417280923
d6724e9dce8d,0.6935745919561151
791a7d0f54c8,2.685374734627085
7e0a87d49c8b,-0.32302525313942426
310fcb26404e,0.9783889096939888
78e374e8a28b,-0.5850579399305093
0b09e0c402d1,-0.49414464453150275
0519ed064b8d,-0.45859903865669216
050266f154af,-0.5150846915877717
18150f00b647,-0.17239275815564423
a8f141b8e4ae,-0.2013633922896712
951f6294972f,-0.15392262562289902
daa49dac47c0,-0.7372683449786583
55cf71edbaaa,-0.4606333806762511
b7e6f4d53618,-0.21449464245433897
78c76fe690ed,-0.5252645549578411
c50eade1590e,-0.12774216606524544
252b2da24b61,-0.4848052547100843
f4300da8c4a8,0.9619164588314905
00b94e9eb1cd,-0.02481757820293107
f2093ec4630f,-0.8502824480199616
8fc15ceefce0,2.8186779291463915
522ced87ea17,-0.4880193775566376
2df06a09ee4b,-0.4791583863317206
a8f31f2406de,-0.22877309030090415
0edcd689dd8d,-0.705264541434636
e0a23c3b5786,0.9978793282759486
80eec05894f7,0.3279052284145012
a5d9601b9c17,-0.39418095578846957
a44c3d64c9cf,-0.20706202420818764
82dc52d4cace,-0.7524608002280546
40f569dc19dc,-0.44987995709566636
5d94552a3a13,-0.401342239503507
f4f15ef23a95,2.780356815757334
9f8a8f7892fc,-0.5964338987520705
bcf1bcb6ecba,-0.5179316206074186
019937cdf398,-0.5106972245767961
5c1a0fae407b,1.1226902031861679
279553fd3b1d,-0.5707502824924376
d24f01d6088a,-0.5131137667314811
6652d0251c37,-0.47482688868073486
eb59c8f116fc,-0.322771659874232
6ea3253b0891,-0.5842726458573021
db0be1e915e3,-0.6119150909304681
6b25a532e42f,1.1551890002790273
5fbc7b561bdf,2.4248338750377463
2cbe0bb08020,-0.5153438090040561
466c0661c849,-0.5177824090970655
7ad837ee47ab,-0.10111153080995684
f0c565f2b4a2,2.469661048631766
3ab4c8665531,-0.3753562471629479
925b44d5aa17,1.1381794502485896
f1ec90e0024f,-0.6109827587837929
93f4277c9c7a,-0.22630080481041825
a438b353c7a2,-0.7809438614344753
d2292cfcffd4,-0.6256912239085498
c1163c6412b4,-0.7857900950269118
5f6aa456a258,0.9314622411578191
7e1974643f00,-1.670105538716069
3119fa0227c4,0.4164315479758566
967d0c9beee1,0.9547788764165477
32b37f398a16,-0.13470534309959334
94d7412b9e08,0.3776955966842069
ae90cd080c67,-1.7528079208946787
be78bac0fd0f,-0.19088369003311068
f137a4ff4b93,-1.049836740057704
2ceab3e2f42f,0.7319742559062206
84dbca08c170,0.39905297671552664
a112de272939,0.9394182840519736
a5d382fbb693,0.9789876950508246
6a7de3c4f339,-0.136558700371979
027916e4afb8,-0.09964153497711488
9415ef016ac3,-0.07986492890576846
bf4f7e0800fe,3.1078409710802526
4707155c6060,-0.41787012531269596
77e4e94015f6,-0.13272697037737996
588a3d08c4bc,-0.12486962932847306
e770a45a4862,-0.42143254637488226
b38abd8be60d,-0.2158069730043437
b7d928852267,-0.3735931540705127
ceadcaae958e,-0.30765308720821355
19cde8719ace,-0.7978233211488888
34a9cbccf917,-0.805553630210074
35c9cd8b73e1,0.49039604200378084
46daf1843e3c,1.1246433662873245
877836453f30,-0.417564205908834
056984884eaf,-0.09474075655989933
fe4071d650d1,-1.5742131803935624
1f8c8f464390,-0.9456017370308927
1a522d5a94e0,0.8944004030652539
f9f1196a2141,0.2852212303175849
49081ab0f8de,-0.9544925775138522
6f91f2648c45,0.25910559472771677
b66589f487ce,1.738399451215454
ddbffe0b0bba,-0.10577264124302731
5cf179446c3b,-0.7262276134888115
2eb39b137496,-0.3714698995260464
2e6c35e9d387,-0.4631863331324908
49277ef9c3d3,-0.13605520207209854
06e8a849e728,0.8515166093190076
dc6d98a12f84,-0.7716677132289301
890bcfcf07f7,-0.3775208515249335
a0b885b1a4d6,-0.7062836381166804
dbe789ae3f84,0.7609781357683162
79a71d6c3c1d,-0.6271494137322497
e3ce162e3156,2.6728385609779446
e72384a2d142,-0.5457668227416
6df9025f9ed7,2.7357615844607053
10f711178a23,-0.5081014092518179
4fa53d6b3bae,-0.681076875144948
1b3060a6b30a,0.8636512211683827
430b127b418d,-0.4131679259487279
414df9606b1b,-0.5112940763293745
4607fdbb8f67,-0.24541479717073295
b66db099076d,-0.6008197898789459
bc78c08fb27b,0.7389219490631617
df9751d9e1fc,-0.3845554070562145
c97cf8876c1e,-0.4481376511698877
c1d5dcb99539,-0.8777246826251649
40d7ef6a8f9f,-0.6528667359660179
57838b8bae91,-0.622544664781091
ef73443e3fc3,-0.8277524624154928
719256224a99,1.1506170432269345
940e0989a44c,-0.7425447770844745
497f097d260f,0.6717676889211407
39204ba6f748,-0.6733491823910872
1f9a12632a9f,1.9430415887812162
62ade2aa08e0,-0.9390078813295795
9c8d44a5e99f,0.7442694867105264
e8c0d1ee92ae,0.8260945789530898
e400dbbdf175,-0.28796361641112667
f0200af8e9f7,-0.4901260588693518
3d7f246d3590,-0.014204186491083884
496c3304f33f,-0.32842320133062686
cf0318c4dbcc,-0.46334364608585354
86e0693a6576,-0.6337929639853318
c3f18e32c2af,-0.34279422167417706
c003fbbe6097,-0.5777951149460997
ad4c94fd5930,2.855323170191654
98113ff22340,1.014238773356261
9dae3fe28bd7,-0.21374519388143548
521e5fe12d0a,-0.5173737398728283
49efed5d3bfe,-0.2525275032031908
abce1304f08e,-0.5018321199580118
85f008f5e832,2.935190993456354
4e7c761711ba,0.00843562517546233
e9c013e4a032,-0.3670796720342537
f3bd8f5e8a61,-0.1474084693860342
da2204b55eb6,-0.4720218987617332
d962f95cb23f,-0.5147831423673483
276d8158d6ec,-0.33925462168524845
b5b2a82263c1,0.7323967557434771
1f4756013a1c,-0.25734194544852007
85721eff6ae6,-0.823774001530953
990c73050abd,-0.05410825325994809
38db66c0bf10,2.0411774738029433
05a32df5b2a2,-0.5687805060216901
faf113b610b7,-0.8277146253499241
813970b9f838,-0.39377195222405403
a1026b85e838,0.06252688274830676
f991302029c3,-0.42717306769495156
6dab1c87691c,1.6659102874294767
08a117065c07,-1.171709497203164
af69bac9f620,-0.19923271869870196
0137217c6504,-0.8363358973456108
40e1d63ac457,0.709211873817318
c07eaaf4bc48,-0.600511796580787
e9f9285cf6dd,-0.6500836742028928
46beff5ceb26,-0.7244303039612069
ae06a5bfefee,0.9828926496919196
2c6fadf88c2b,-0.19614585289418085
a59085b765b6,-0.6939682643965056
4bcd0bde909b,-0.7504469941836501
88aa7536bb7a,-0.49538758637646724
825793c18815,1.523478537365866
3020fce7bc80,-0.18495455066743072
92ae8ee92c6e,-0.4136296473101562
2cd099781254,2.203187483515492
9358c23b1296,2.7652132528288047
e3de97370b74,-0.3582770427025794
915eb59feeb4,-0.5770145789304694
03380ec606ab,-0.4126610168304024
3fe9f6ed62c0,-0.4558016059658446
f10a2ee8b14d,0.7667020171034403
ac4421f2cdfb,-0.5221028326182232
e8c39683095f,-0.47845903020023445
a95c4e82fd71,0.7980626161783241
71a2658a3935,-0.5317713877918689
3e77fa5bc379,-0.5338945587085817
9ace13b6a095,-0.4599958323623651
12363fdf0245,-0.5498670583881031
78f1b7169389,-0.664927732159914
0c83b95a3287,0.8923548265964718
320067b5a018,2.643708446847157
0d4171a01937,-0.5726315869608916
518a012cd8a9,-0.5772473919645149
b92bb6ab8098,0.9126715032645799
9ecee3edb283,-0.41568785784130724
632f6d3524a5,-0.4568784320259027
e974d5e2fb1e,-0.5549437565922417
b47046637174,-0.5057993325072021
babf210fff46,-0.15075162826813088
d510220071e8,1.0076536908128118
f55f2578e06d,-0.41371785326662125
73b28e7d8c3e,2.1069783050172495
06dea99ee343,-0.6945319240172828
7d25c86ed182,0.6134972101185843
8e0a7acccc05,-0.8710533297091033
a4754e782fd9,0.5807796097460136
0c4a3b080223,-0.7744210412151967
c85a12622581,-0.9695755568656482
179234e8ec88,0.8569753105223119
30293b4a2a2f,-0.624969698997526
09a7416eaa43,-0.8176147221455923
9dd783de3af3,-0.038903521546586106
459c30d420a8,-0.05247286680240492
26dc1d841b8a,-0.6192296823782778
3be122193a41,-0.41271891014386697
c342d18547f7,-0.36478489655124213
dadc3bd451a9,0.2892083450630195
66c0f152aa45,-0.5192180871846538
f971847edd3b,3.0572648835839065
d76f8400176d,-0.3440832919224178
d9ed069a1664,-0.4646894955178522
f49cf28bd1c0,-0.03558338425863783
09a0970b8b79,-0.4947890923409863
4fa2a05da16d,0.7046572949964106
8f2ab73cb869,0.11927229204594875
228c7564403c,-0.783200648128866
16a449c4a102,-0.9060379582573186
23fafaa728c5,-0.04757071272053428
63e65924d134,-0.2112144576524772
3de5d30ccfd7,-0.11672330233521039
c8dd7744e4f1,-1.073304931696034
c907e2efb564,-0.5499010477106948
334ff5b3df8f,-0.08526884977514179
7e30c28f2882,0.2873159398699572
c124d1b3b2a9,2.66197638136396
1abe13efba8c,-0.9747209519835336
695b73f930d6,-0.8319146558797659
599aead74901,0.42052890018799977
eefb9aaec789,2.117973368599138
10d6bd9c714c,-0.7436669400221224
12d0f93044be,1.6940919527925449
0d2b216791a1,0.10956865133790848
277553d027bf,0.17122007322196914
dc2ed0fed9ee,-0.6879779860124902
93d1edd95350,-0.7717427348119804
436a243d8bb4,-0.21383113328216305
c7359805d3ad,-0.2895285441475046
956d2b5bdd49,-0.5252055737652928
f68a8a87a960,-0.7095402575880816
8c2607275630,-0.6341832368116272
ee2256c23b82,0.047532983382695064
6b748bd7e443,-0.4692236747287145
66bd9af1bf32,-0.7986992462597314
41d771ac5de4,1.3370850198254414
fc9c7aebeaf3,0.0644834941303012
e7013a8b6b1d,-0.8376625928233037
bad7a23b1b6d,-0.6118664453897055
9deea0b97e4c,0.8068425408658735
437c3a6ed00a,2.3304369891621457
cf185e0c714c,1.0811094143931397
8f8b36551851,-0.36834736532495943
07e1fb495147,-0.4968736111808292
19215bcbe0e1,-0.5238565108130836
f8bd12d3d744,-0.7398619479274648
42b6cca706cf,-0.2990006441751947
eb1bb482d202,0.9542171341218539
d82f33b42061,-0.5192505799562945
18bdcb738a92,-0.497653623696238
ac22298b2168,2.5413803114281053
efcaa3df409a,-0.604601894419389
def93e92df50,-0.5272606824496453
47ce5f5a7848,-0.4415072028920134
118277cb3d70,0.8265836878945904
077767293896,2.66992463401749
bac1162a96f2,-0.5710337620170353
64bf9d01926c,-0.4614084927047913
755a39696d3b,-0.2813217575193526
8a25bb8e28a3,-0.4743463977531077
0fcecef9e613,0.9500604794888365
1a9394f7d918,-0.5931463463408371
1e16e7ddbc4e,-0.585919390426593
fafa5f7cd1d9,-0.4654953027681963
4daa15b28555,-0.5723901489789907
16ea2ec312b7,1.4131437801428892
d8b153d73c39,-1.292995602827788
ca36566bdc1b,1.136293483404044
5f45d6f7c221,-0.8197974230085384
a777869c048a,0.7943818504974789
b9944a339c01,-0.13808654447529112
a6d335b56efa,-0.22074653003863937
a76e92c155d9,-0.933708116841333
dfa0a99dbe7a,-1.1119177058067127
8a31aa5d59a2,0.7803884255298137
e70c2620c19e,-0.7129372510898005
d638a331190c,1.1059816345138773
32242839cd2b,-0.5581687701918326
49ff9334f40d,-0.5727928798074619
db23bf8de9a3,-0.4477285703466403
5f2be7b36343,-0.5738176304174258
ee1414e707f3,-0.7152880222480354
2af87ef0b2e4,-0.595126467719019
7418dff417d5,-0.5034792755335724
b2dcedd54e3f,0.8277003142023184
009f0cef537f,2.56915689548206
a719fc12a303,0.38825582076110987
bc3f124de590,-0.7004872039172898
53a4aa18a5f8,0.8817757897357884
2d14bf28b170,-1.016771911232222
1ad94f38ff87,-0.9053419084727409
58200a49a271,-0.9945136639562635
cfa41baf569c,-0.4468969945850962
9db145a3b33c,-0.06555396800699828
761a0d78c30d,0.3088471645377745
718e90dc3c1f,-0.7931451416180237
166d3be268b1,0.23757794634830254
692a759aa264,2.308126659917141
48d3fe935817,1.0997699742824893
9bf285e97390,-0.38194961442892217
048962a42d6f,0.649851457214559
7efd3caa4876,-1.1303064797769329
759b3ea4fb72,-0.2158662836235354
5996dd549c28,-0.8819770299728762
8140659f1cd2,0.28506307638827577
5833edb07a51,0.06058375713066629
69728fb188b5,-0.5616314924690702
151de2d93707,2.398702617274384
8354ae56c7d3,-0.9376077530782531
ab64445e14d9,-0.579204956570122
f8379c73eec3,0.27189078516967735
4855093eb4c5,0.8147206420523683
0a46e6b2e1e8,0.47563311747541803
ee6bccb470ed,-0.4944884772505111
9014bfbae1d0,-0.7179466592211723
31fe2bb45d08,-0.2840859301851081
a5c1f3131629,-0.6871785630658884
ca57652bb9fd,-0.28928628389694855
c1d6b2e073a9,-0.4913772362384049
cbaa0709169c,-0.6936679649146416
44e1b6032ac2,-0.40504343601563825
d895b8eddfe2,0.7991066615558471
70da932cbe43,-0.24260057210778432
bf8de7d0a0e0,0.7882442981012069
47d644f8fed2,2.718324163239044
9d15d9ffba76,-1.067843967874225
c0906587456a,-0.6481128275042759
30260c960178,1.1178576003117575
ab5c37846b09,0.47021583057278254
40fe4e27254e,-0.10933828716024029
4a774aef5126,-1.0461981465935604
f8318653424c,0.8278312328520472
c91ada99f2fb,1.2619270963038016
ea7089b3d860,0.8954983845943365
787c330067d2,-1.3011263774654462
a6ebcd82069c,0.7738514903754942
2a85f5ef2926,-1.174562028412472
666fe5e36bbd,-0.5388123581866879
1b07462f602b,2.0751015838986735
468a29adf470,-0.5304671121004922
8e87122cc22e,-0.6455461226755993
79b9bb2e20e5,-0.5848009019432323
af4647c13dfc,-0.47401215795054896
a9a72e9d57da,1.4376681226425563
92e5cd4ec9c0,-0.37704938398849713
d892a26e329b,-0.5312580646600308
c654d27bdea4,-0.6292664975253965
8e2ecead36bd,1.3635967369377018
8410c3632221,-0.5651538444484462
7e558e4cd39e,0.9822850639873523
a81316d81ae0,-0.3487936516905106
0cd2602de2ea,0.5174670570067686
f944517fe33a,-0.13858374053530176
89eb8044b80f,-1.3957556448638955
dd1718093e86,0.7229154308406396
1a0f704598bd,0.4615588304671637
d63a66703736,-0.21518262682089964
959df52b1999,0.016150303014067516
aaad625509cf,1.8433332573029368
13400e1cf09d,-1.6302111974064273
943d0d810dea,-0.8151830813018941
4067ea538330,-0.3257751520403688
0aa88714978b,-0.4464126880997842
8799e2500d94,-0.32844805975442204
83b04a16de6d,-0.2632208152279998
ce1f6d077b8c,-0.5206131792242461
5590f189b73c,0.9767426145429305
1e861c489707,-0.762951514068541
4acef4f2fa33,2.690931456473483
dfa0e02bac3e,-0.5093305800667182
753ba9e6f14a,-0.6240813664192084
103e4653d5a5,-0.5757763466824426
907057d004fa,0.6889356305673178
c10165f23923,-0.4632083665107721
4a10553633ee,0.19920021289421033
411ac0eb8047,-0.27983196985377273
335254cc3c77,-0.6373731470068009
fe13c1c2d318,-0.0513255512541065
0c440b6eb362,-0.4914231810469015
44ec6225dca7,-0.49342078007519996
acf964c6c999,-0.5198363912015058
e41ebb6657e5,-0.37513478332622746
10d50e85d918,0.0484591210088096
de3f1ccb8915,0.007964763761340143
41e498edcf63,3.0559300726109275
82cc69d8f751,0.7067181178066821
46f1b45aa2de,-0.47966243325090546
8c52b0bd3ede,-0.45656475762349524
9a0645bf3a00,-0.4969144724506038
5ddbd84bc91a,2.7212819256026
f7402672e3c9,-0.4889119543230391
85c5169b148b,-0.48551087979117025
bebde40417af,-0.3820819008359427
1f42da62e7af,-0.48069503902187616
c3ff68952b5c,-0.5053917728606581
3d26864f31d3,-0.6117649559211316
bb5f3844789d,0.9594981226695398
e815b92070e3,-0.47675462814109226
996b7c65a08b,-0.4414410221295789
7e5901f85ead,0.9586353885686509
4cd77f376c69,-0.5669993685097356
2e440fe11863,-0.46772771032051197
603679b13095,-0.5250355790720569
3ed851189210,-0.5319098528337997
608ba133afa9,-0.3671853935979261
a67c7ce687a5,0.8768378392609398
9b748a219bdc,-0.5109502035715855
7438c26935ed,-0.5992771303549009
d726e95a7748,2.6518076607015977
24a304eb5137,-0.6335150118337326
8d9f2e895a67,0.45664959498493873
2c0d5fc8a040,-0.6427992633876604
6264e0231aa5,-0.8985518136519893
4d3cf6cfd255,0.763686236612005
a490931d6978,-0.8226605144983962
5ca9b5e99ded,-0.7805366461369384
e061624f6ac2,-0.7694931413371655
e4ef87e4658e,0.8488003907640028
11539549a540,-0.5961447078941461
fd2d7d64753c,0.8666110948665158
dbfecec97b8b,2.2079537815125665
e22ecd73afe6,2.6612343728287486
879869f47d7a,-0.1670679424390891
adf397183429,-0.5816759070521297
39a242e55134,-0.4956018865974129
aa75aa684cf9,-0.6171279326505353
289b04748eb2,0.5746551444485917
22707c099b21,-0.19715557256238891
f1784747b24a,-0.6048348064948084
502bc54b4bc5,-0.6064350251178637
f5fbf1cea244,-0.5110055633560703
49ecf8ecc92d,-0.5651307409506575
e0b0ae1397e4,1.1101458599436158
92c975316e34,-0.5524739331889866
5e81d5d73644,-0.5750078946696932
2d7d91e61a4a,-0.024293939540295986
137d3d035101,2.6540504144481836
72b7fba3f70e,0.917073408287532
468afe5f955c,-0.6745751690597569
501e7b9be0e9,-0.6044720556376394
2560900aa444,-0.5684601352601032
3fe46c8cfab9,-0.2916809624702017
47f19d5b6f87,-0.4010398776202935
a677b238e05d,-0.6659733609357115
346fd850aae0,0.786853505646966
778be6bd9830,0.12798196516526902
58d6bf428130,0.14862891039471388
3044a0dff389,-0.8049537663340319
98523741c790,0.6412704411960659
0773b2446856,-0.7127627637034017
3dbb1cd6291a,0.5924247346321637
9ea77aba7141,-0.9460658313169851
78d5d3d52a3f,-1.0357652911013078
fb4d458701af,0.38703632747809613
38762f425636,-0.9277129192933102
d090b420b7bb,0.09042953578505654
14922bcaa7df,2.4394886570976717
71806fe6e737,0.6353284017348926
8523981c0fcb,-2.131327028269562
f938a8b3b51c,0.09323814923923969
938466ac662a,0.5923121685504316
fd118bc25a25,1.0031552347407076
4146bc77d78b,-1.5919381364572434
9a0fd3c899cc,0.2242265731909126
291f3c4df605,0.1429910883847025
a2dbd3527f9c,-0.4710715919368771
671a916d006e,1.323194423555425
96641041ae5a,0.1281377425526152
efc4b116964f,0.05175297471475558
7d164affdfc9,0.1848936488768643
09cbe4b927fa,-0.6951078009707029
91ae362484b6,0.33250902096836316
9194f08b6eab,0.06413091238331288
6db5914966be,-0.5848569823768128
759da46fd6a0,-0.5146261448627789
2a24eacfb0bb,2.934754124901375
13efe3d5b33f,0.25217605896944484
d4286b255bba,-0.6076101486889962
9f34ec7f4926,-0.6533668150116582
8ccc332c2995,-0.251266241591975
3963f03d5c05,-0.4616296325964356
6486947aac8b,-0.3541393927626771
617d47729b4f,-0.40563781661205706
6d3bfc428df5,-0.6817157460150242
eccecc150539,-0.7230491429801587
b62304af1af5,1.1813395145879069
4f7194e78807,-0.37723245253667353
7573a58fab37,0.9272019841199048
befa82b616ee,2.4720134092021553
b5f86da5f021,-0.6423646374165696
f8cf894e4846,-0.37238019798958916
c77009a48b15,-0.7517982317261763
40bd572d9f17,-0.2722372898710421
8b4f7203ee62,-0.4477750786453841
27982a2dee18,-0.7983730882361526
1ca0b49db84e,-0.7435072231891319
08d7bc6cdcb9,1.4201678471774997
25a4dce73224,-0.4369429871972703
6a50cdf8581c,-0.481895327284948
ce8532d14ca6,-0.07112855105461414
f0835bd3fdf0,2.047022617391045
d130dc1812c6,-0.34937453002467983
7bdd3054b2c1,-0.6292656451871241
3dc973b1a127,-0.832496225535738
d7f2fe49fb00,1.323568191786499
2a1de40f2252,0.5472425073769507
e2ce889b4d10,-1.1219801962008573
97b3e4528848,-1.2458672914784479
d9ed78c97b1d,-0.9636827925818288
a9cfcd340adc,-0.7662359221549842
d7f7ab13d4cb,1.2550522936166024
7f7528e8bbba,1.832711349948371
8946170a4570,0.0161463061035008
371657c0d96f,0.8314977959238669
bee0a0182ea8,0.17077183180876623
217806cd5be1,-0.6867965333359536
6cd9cea5ff45,0.13114065097401373
802256e5f441,0.11619332722500841
33941f51a3f8,-0.4601342093090933
b503ae6de3c6,0.13088051681360882
d77abce6764a,-0.5755831679355302
2b483a70c8ee,-0.366999330395844
873499a404c8,-0.7039213568088393
1c76c1b38fa5,-0.631085112934756
3b7261b8d613,0.836084473301427
536484d522dd,-0.46676498159596946
7542b8afa467,-0.5179539172052998
03570399b8d5,-0.2169111057737415
55d4acee0065,2.8561948646190296
8d696691e729,1.1702421122610192
ddd18b40ebe1,0.9367633268097296
372aa6bcfb44,-0.6963672804386046
67866f4ce9df,-0.5238026003035758
347f4dda3e72,-0.6562321373899516
05402e9b2a7d,-0.4539431820197267
832024fc2b7d,-0.5718747140189234
4e3b957ae0d8,-0.5035240471298719
4ee0a49e4a9b,2.5036670654187025
991484478eab,-0.3196839156767296
c188148ec4d3,-0.4015646774506658
62c0ca96f1ce,-0.48367995006140185
5ff8d7d95a4f,0.13228756825871396
4d1c8299dd31,0.6246507738385677
e6ee4f615f7d,-0.8054135347618474
c700a710ff96,0.40783134012510763
bc7969fa9fcc,-0.5728248230236073
ba4aaaf390fa,-0.6612076142228361
51a986a94a34,-0.20976095936512756
a6953bb80b4e,2.6833067556224464
f6a3d1448871,-0.5090575890129835
f67badd9f7e3,0.42546459738940634
f8b78bf0c0ec,-0.8437251134627721
feaa04a7f232,-0.6715514013850671
6aabce1831af,0.19224431741913295
570cb4dbd399,-0.4945800562665002
f10bbb8f5d29,-0.4202252180775751
b1389ac1f0dd,-0.42488721028993187
3ebda0b8a1ce,-0.5509003016661554
e77fa42e1338,0.7666454445133002
7a17a3f5c42b,2.9349429019563256
4b39c85cc304,-0.5454785570706747
1cd6a24488bb,-0.2914864089973036
1b3e412dd4cb,-0.43959842568846896
da2938e09eba,-0.37082982336317927
60be7a726926,-0.35584666246896995
4b9d18d95894,-0.47484025414969283
614d32484fba,-0.5485163669469386
befc59f059e5,2.4485688819393805
2b8da78a42a4,-0.44909847878230125
1ad2af533c01,-0.6753549457041479
78fff52bb625,-0.5124065567711944
78c8c111055e,-0.7672752931705391
affead201473,-0.34888322850008546
e39c976e839d,-0.41848863320826435
2699877e137b,1.0138098617896882
2cd7a7b5757f,-0.4570255428371155
0794650b1461,1.1895105563412107
8a3d49bb0438,-0.10018783706342407
96b3a5ed3dbb,-1.9587012844183218
f130f56eb902,0.940939385237426
16ce2b1ab734,0.021350227230283417
1517811b550e,0.7545250202355815
5427a5fac752,-1.0275192115172858
a2a3190c8f3a,-0.5278372192809448
07b489194ada,-0.4944374817476904
eb9b3ec52c38,0.575185356643218
968ac954f2fc,0.34914995232363966
9d08c405d03b,1.734096981069528
fc33d7acec89,-0.26656388871201014
a28a8b86e286,-0.3614660683740213
121c94a0144d,-0.8478548643521867
d4d99f03bb5a,-0.3769193334579006
ef3b5049197f,-0.744220004864118
b6d394c1b2e2,1.402945600124685
8563517dbccc,-0.2820252947686178
7d9b109c2ccf,-0.6069219474056977
7cb76e0d11cf,-0.8216869921992002
e249e9171482,0.8940448583387323
5c12a6be1558,2.3172494531870123
e087375bdd2f,-0.28324482425861275
5ab746000f37,-0.28990058197007423
e43fc4bcf64c,-0.5263094850204532
6e81280a6d7f,-0.7013022020434717
bedb71699ce4,-0.5283805503990259
eb28fa75e5ec,-0.7671537197017634
8813ae197d13,-0.8319956054422165
4505cdaecd6f,-0.4513264031530603
85835a7a7d41,0.9324695963336033
b8c098f0e50d,-0.49467600918584265
d17b899b402c,-0.64580601985145
b24ab7baacb6,1.2381684777750832
8dd84d3e11f0,0.5154344513164835
00a3ebd884c5,2.260877469372114
5ccb7d8c399c,-0.18315314000278593
c1f304b06604,-0.24615804920524284
3e23759e7a10,-0.3436052011374198
6b02b655e73c,-0.5031398242895643
40e360af5d10,0.7023893776160287
693ecef06f97,-0.4414971002578944
555cfc971a7d,-0.7137276555364676
6853ee1845a0,-0.42861209003181244
113ac029768e,-0.053577162566590196
3674122c5086,-0.43604017144481405
fe8ed33e7919,-0.32700433315464034
af3117a70c84,2.974125350011203
828acd3c5e6e,-0.7678214704408935
a185dcb55c1e,-0.5271079830764434
6c653e7006f0,-0.48836677925422245
5552bb42baec,-0.295386989124881
b60b38090b85,-1.2238429280770198
a37f0858e64e,1.067022395034797
006a28275722,-0.3331375594419975
7d95d93f55ce,-0.39935404875728364
04a5b6d182b9,0.6359203358750745
24f3cd276067,2.394755730207292
57974e72aaf6,-0.5435763437165866
cee89ff92a0e,0.48089564077216423
6f9ad82f5331,-0.38490594373715087
2db3babb4e5f,0.9751861644773627
1f5e547ae0b4,1.0165717084525356
90dd7eda4ad0,2.5575197959718983
5dc7ce289f21,-0.26027076990707154
5e557a679cfd,-0.6896627236811694
cd86a1d88452,-0.5567244235003124
135e5e501021,-0.5222785775539631
0e8b2a72d41b,-0.6350127082057268
922e0f404c8c,-0.349900788717238
c0334b4adfa2,-0.5621857702594578
6be8fba92ded,-0.588335963339707
d038c1f81e3d,-0.5086593420012253
f8e69f7bfee8,-0.7959155368447561
35aff496fc67,-0.48314557706621614
e4e63f0e4a8d,-0.4209477270002715
ccce08212dd3,1.0884246021159953
9ac89fcdb92c,-0.35537468093581154
220333a9b60f,1.3258183089807996
1b5588129b18,-0.5448458469435842
856abde1b1b2,2.3242052910870674
82ed6f0ed29a,-0.48674790087889785
9b8b9d86e568,-0.6853160250016238
189c3fe05052,-0.45749556551147574
0f6426e56190,-0.38914439470212037
b41caff0835f,-0.4894435712270252
4cfab14976e0,-0.537916927563206
35dfc0c9e98b,-0.5966168233961602
5da7c74ffe37,-0.30219443819770203
89957b1d6f2d,-0.4244383620205624
2dc9c7b55fad,2.6159471092781845
936d70803cbe,0.7282922890575343
3be2f51f9ed8,-0.648382823911001
2173dd4090bf,-0.44507802776897154
fbb373c34b0e,1.1311320965809641
9a123faf2fd9,-0.6421561261299347
9d2623127e3c,-0.2529643701339905
55041ebf499a,-0.3836137443048312
4178fe2f5536,-0.49679065638672915
141e97387d54,-0.5888020878321971
203dad66eb7c,-0.43655714633139747
854cf4fb72f8,-0.5965858238885487
796cefc55bae,-0.6753235615578336
0b3e54dc5df8,-0.47706765970900017
63775a2502ba,1.0785015191318064
132ebb4dcd3f,2.645239490620593
f8b6a2ba47b5,-0.53145450778806
cebef2cc7d4e,0.7154185481801888
ccaaf28108e2,-0.5203241448763868
d2a7d90258d7,-0.22468652309228157
91c81051f430,-0.49888209398360694
b160e0240e64,2.534229424208463
56ef4db393ce,-0.4014441023732521
96ee220e27f1,-0.6197013296964795
030285c4ea09,1.594501854723512
28c7fa43731f,-0.36390451360317905
c186b1311d9e,-0.6038438377136728
5cfb20786d8a,-0.3793442245566481
2540dc9f8456,-0.48630730036368264
9298e5100289,-0.030293208672785524
4a414e58ee07,-0.6140921470195053
50a4fdd0c6d2,-0.5651428364765659
8d4b172f13f6,-0.40844034095212794
16a33a024187,-0.5412347172904235
975d0170f5a8,-0.5634545369929286
a8d1c6cf3509,-0.5871510295833517
c9d07bdbe443,0.8458792339582578
295649c18952,-0.4015691777003069
f1f67fd394e9,2.578840810846534
ef62656566cf,-0.5133001861270188
852fbe7dcfcd,-0.35402819487410375
17db1fa54387,1.123693122211541
89d90754a6da,0.2916874446641447
58061e76ae63,-0.024753360080433953
f187fc8f2306,-0.3902500764345529
96f82c6a6e6d,-0.5604827450689666
de21e2e52b3a,-0.08366955358746861
8e15d9d5ad5c,-0.7115026235387494
73c6c84a2880,3.0561950454982507
6cf8201bcf10,-0.3469673085347138
4464219d96ae,-0.15868162654646373
83e10f62a195,-0.4727071100815399
60ac50df20b3,-0.43114462863080927
a574fbade518,-0.16772345765869753
dc910f63b232,3.078490852385113
c8bcb30b0fc1,-0.4468416300266781
81147861888b,-0.34567400867073583
fe6e6286b4c7,-0.20285962203606833
b48f7ed7cb01,-0.41678993696000666
7fda9ae7f129,-0.41967208885119167
c1a95f3136df,-0.09584042219433803
f182a3479d6e,-0.16565292075978533
5a06f5440cec,0.26818936338447585
a3946db8fb35,-0.6051513082302125
d2bdf34b874c,-0.5567855113205828
270a11911afb,-0.09141276671998985
8745e07c81a1,0.8500686913883784
77fdb0a43342,-0.22923152000195687
f04872ea1704,0.9124253062946168
e72c76eec6d8,-0.5631959336930581
6851ef604259,-0.5802358448000174
765d8ed9e710,-0.6479519830590045
4caab21aa129,-0.5302783612415412
3e9319a8c14a,-0.6532490170223373
f8ad3f0bac43,-0.4032670499531209
beefd2d60509,-0.13179890790403198
319d6e04fb5c,-0.6636066927714952
bdeb9590a6b2,2.6403213127635685
2e60d0d5d1e0,-0.4526036219399599
21cfea73cb42,0.9674114354777952
7f5c7b5ec6be,-0.60198872538611
d2f0dc2f52af,-0.6102725120175215
1508845a596e,-0.7643134891634192
8e4d259d2350,1.2883129220107499
69637a064148,-0.4443658230380873
0a53f9d347bb,-0.7789136821072793
e5133c76b95a,-0.5944787247956494
8eb58bffb6de,2.316223238432097
8d0ceeb085d9,-0.5412759544870481
d0c16eef9a12,0.21626493701443295
c49c402aa31d,0.9306936474329468
e3b4029aade8,-1.6432178934901374
8110ce233f3d,0.24752142207752062
12d256c8ff36,-0.6476922347008535
54e2a600b497,-0.05101989027670672
67e1c89019f9,1.2236182093713404
b83193918b69,0.1546858496516464
9c060f2076ed,0.08389919095375732
50344cf56851,0.6292959514629107
6c13a064e837,0.9511029969004154
7621ca938a0a,-1.9759097974882955
1ed949ecf337,0.09702254810545548
4ff7e1703dd8,-0.5663197229948923
ecc1a0c40a73,-0.28609327057211686
ac3ec3b293a4,-0.2732473765139362
2cada8cc8326,-0.6507062747158273
84bc7575cedb,-0.6276012987624455
cee3c39e5832,-0.7197733650106731
dfdaf3c345b3,-0.28793711347902284
bfcece6fbaec,-0.4921659670142708
27ea832273ea,-0.3500735650831486
3685e9a85855,2.7445593420770606
2207b415d5a8,0.9058657671888941
58fa89717d37,0.6034928448803784
3f6d576a7282,-0.22171548546753497
289b0068b0b8,-0.5753858728376178
641c4d4bb07d,-0.5892481123862314
f0cffce24b4e,-0.5647308773200431
bc935f3e57ab,-0.5832174253250645
36380c80c8f7,1.1057054599052545
2a437695055b,-0.4017508742336464
57a71ff8e4fb,-0.6417561735365513
45a04cd30be1,-0.4910444878960855
7755597582fa,-0.4138977370820752
7d02fdf2ff53,2.6052194317250397
f21ce1d69b63,0.7718221544545556
73482f9e5873,-0.5230443243893808
48d1bbc03e6e,-0.4419922849444227
09ba92e4605d,-0.4865505843470126
f0e5abfbe243,-0.4897208174495237
ca2d42b4fd5d,-0.4799964986854734
1e36c7e1f6d5,-0.5057737086097551
c1d8a67df793,-0.433181370981178
938e09b65fad,-0.4167096951471454
47898cfbfa3d,2.6915467278043885
a6148471c69b,0.8914857211713864
a698676698c8,-0.6596925508138135
23f684a477ac,0.8536293863919296
2934d3645e8b,0.1828873418320877
2221c0752b76,-0.46278648307747733
1f3a87a9f09d,1.051165600545644
1750c802aad2,-1.8347202885120355
876a3c8fae02,-0.8693029480955328
0f43e7d621df,-0.9372464415375488
3e756c7cf2e7,1.9480673997072087
30469949f1ca,0.460294661995904
14605ef0eaf5,-0.45562132904672414
16f0f4444dcb,0.3848952704463663
fac521be7631,0.3228554657607174
8eed9d85c256,0.20951174998139085
8e88a8fe0777,-1.1539919032319303
5c51d7518a7d,0.4253729277378476
519201290c1b,-0.7192453731418172
183d8afc140f,1.207876281322831
e01f452fe2c4,0.11590366254918764
510a80fdc2e0,-1.0611227068788
3533406066be,0.42860503411927636
f7395a6c9e4d,0.027822159210341556
43f2962c7785,-0.9550882733906091
ce92b9a48521,-1.0379288818689532
7e1c332d9e14,1.839859463448139
199673385c37,0.8819376101244859
c90e7c2389ef,-0.4985930317614815
2cbb35354d78,-0.677978536850797
b0e325f28eb8,1.0050345139436274
92f2aa6a411a,2.3370426684268986
cbc24dae8a77,-0.428988368363275
21e7467b1fc6,1.362923560583398
54950ecd2f5e,-0.5964443578034484
3846ef0fb115,-0.4113660232305026
a03103ccc080,-0.6271174418502398
e1f78cafaa98,-0.19173328451623642
4decbb7e63e3,-0.6324727645334041
e4227af04aa8,-0.6403069340445391
a3b586615d33,1.662110725102723
a7c68fe0c89c,0.03756873100901825
f8b42843084e,1.28644649629443
e0d97afa2de4,-1.2016313225043342
9c76000c8be0,-0.609977195023577
ed8f91644ccb,-0.27820968107484667
4faea860ea63,-1.2589721771092945
6f0c60694e6e,-0.06746393360093222
6f08243dade9,0.9670408414324605
b19473db94aa,-1.0643391492141725
33700058b24b,0.5450676778648889
cc3ccd3117be,-0.017641013176363657
1787cff10369,0.5876011963813124
4c758a427c3a,-0.7351108987504691
ddc7f2d8595f,-0.5627999972387077
42e0d864568d,1.5162798537253828
6d7300389c54,0.3100722970131906
d54cd3e0460b,0.3285948552017995
b6e54dcbb82f,-1.7330755105687514
d9f4fea88208,0.19736587370201164
013e01a4e157,-0.7070849415714534
c561c9a5e440,1.5988287429845394
79ae1a951c14,-1.035145686247269
d027330c3f0c,0.23447421536841473
8ab0a13bc791,-0.3615685073460916
ecd80c269a4d,-0.17855074777432706
6afa3f9c76c2,-0.37006927466277456
383af6e4eae2,-0.306321251249014
d2734b8474d0,3.146303328632267
2e11a56b8233,-0.42506176208504676
c472b47bf3da,-0.3047138458167752
4ef875082a32,-0.23263101476440917
822618962e2b,-0.5135500247831571
8f242e422929,-0.28312566970634245
4830197bb41d,-0.06017842013043363
2acef8873393,-0.11053281031389534
e824dd4a7bcf,-1.2645300821390109
e0f5f5260265,0.45634519042705796
c1a5a4faea0d,0.6630748684036535
2e0225d37e96,1.1297504385373065
241b79c53607,-0.5705139751185067
9a933b4f8232,1.495731776800167
ba171f450323,-0.4768060851639083
edb476c2ff30,-0.25979263564521793
9234d74001ec,0.15786989459854814
0dfb6dbf7a29,0.8809159002013814
93ac5bb3c5df,-0.3100655075660102
6fe3e6ce703b,-1.9019797833354601
9e92914b172f,-0.6318158747472644
ad77c0280678,-0.0761142778574731
e58e9bf94691,-0.6238900883383349
f79ed11829b0,0.9553186385998906
65703d02d819,-0.37833055225281004
c45a329b6fd5,-0.6187364870986458
52d90eaf4d3f,2.7115316529390157
832b040ac732,-0.49964524745178074
a3e126b21ca4,-0.41543699101916626
97422298665a,-0.5971986776671869
31600d12d522,-0.46459400855255567
aded9c37f108,0.6389119134463117
feeffc2ed788,-0.38531342908737704
01b4703b840a,-0.32641662325316095
265824bdeefd,-0.004497549706617976
b6c5b538da64,1.344325303179882
abf838ede31a,-1.506209130637398
e3e9b9867588,0.15035467266901903
6fd2848e6c60,-0.8272574168249821
e1240eab30ae,-0.8142054520605008
24d786218b9a,1.815450722080543
24464ecaa187,0.8005998711423377
d3432153400b,-0.9220663376339862
c06b2348365e,0.6752353701322416
5c5d649c8dbf,-0.2362636926565406
b8b4dae65a78,0.9829768494550544
884327ad811a,-0.45360671385366513
d8edcf876dab,-0.4843449985567898
48896e34c051,-0.49061962879042514
79d3a690c853,-0.6325216855734058
b0fe800d22b9,-0.5599479051731692
0ea2e22ae906,-0.3401692798976079
9374bd5cd206,0.8927393659780881
4af5e84cc241,2.6012360131921097
72aba2d569ee,-0.4522316512171814
5003c680bedd,-0.8272466729064674
c2073b5719b8,-0.6217177426066991
244fcf02f699,1.0131396545242148
bd534af59b48,-0.48646569726938566
bd8f4064fcbf,1.62139155050007
188b55a19a07,-0.4376750691521952
0ac73c08888c,-0.5234587929233382
a03c0c1b44e4,-0.7007237376130715
fa5f22f0db02,-0.6184844437195074
09d623e6c0a6,-0.32877599269132757
b92e6d36e36f,-0.5104150298772451
d8cf006e0644,-0.5699799028368897
67f972513a03,2.1631652036653746
5b6d399437f5,0.325791554890906
439e81dfe97f,0.2993584340884124
9e1b72610343,2.959596458513323
fa649ca4f60e,-0.5763554075776545
58e15f5cfafa,-0.6557777067729573
63feb10baea2,-0.24115035226874246
a5ecaa004a44,-0.5283332599603743
b412474a035c,-0.1917176746882727
162600ccc09b,-0.37342389046114643
867e8bbb8d08,0.05734597448849424
c4a2330e0656,-0.24482726463300056
a67cfa3fb24d,-0.8305068656189875
7de98ca1b848,-0.465706789541469
ba2281d36729,-0.40684521905113735
cee1a7092cb6,2.8428074934216747
6717ff986b0c,-0.6556846261277268
a0fc40d2f1f7,-0.22158269714662754
46c642861f14,-0.14989145739996354
19e192d4d0b4,-0.36577670582993227
530d9519334c,-0.4671043422211502
4da23f2ecfa7,-0.38923915239296114
a73fdc9eff37,-0.41955571748170545
cbe8c8c96a2b,-0.39181096300688123
1730ce420b8e,1.0903901767778796
7e8929bfb051,-0.2172962437224259
38279e7dae4c,-0.9214198668502306
827bb534110c,-0.9583074004601868
2c08dfb34c50,1.4936711404671175
4ead31bc7255,0.17205548865651735
158377321503,-0.9064892621035958
f5dfce685107,1.615369263280492
d27d7fde5065,-0.012096468077022813
e8928e8bda23,-0.8532363972197561
237c74ef8ca2,1.4795959769563147
96d7a7012706,-0.2367825466624191
88528b6006a7,-0.655063684264804
19a0970222c5,-0.2346501979014913
5a7f3c017b5b,-0.06296825812203284
681506458717,-0.5381253481487639
308e79442615,-0.3901269239457337
97d169ed4df8,-0.6033130245825117
2e5b62392b94,3.1208398929285797
0e24587a3ca7,-0.18572287484307257
f23506eed41d,-0.21722946254201814
7f50cc816fa9,-0.3734659942257912
42656af0fe92,-0.30208796875255606
6a6f64e4639b,0.06224150264451006
47a542b73a93,-0.2753913425091187
3fa491905bf6,2.0376450629254927
dd5d3dded397,-0.8850645132976745
04c4582e521f,-0.0570836139317733
ec9fe44ae106,0.22596958041980916
eb0a722a21e4,-0.6670419027398777
c6adc89109e6,1.2445113213160888
d8e8ddce6b19,-0.2514979418566871
190c41f30e3e,0.6638347443715372
741a518822d3,-1.2689832499659048
36a64094de2b,0.5895821230549825
c74c4e3466f8,-0.9997252343434343
3002e9c43fbd,-0.6321463759525587
0b3dac9ba084,-0.6345202789695163
3f331bd1537c,-0.37221939442462126
259efe2601b0,-0.6028999931534008
a63d8d1aec47,-0.43027872298111436
0ae82e88a78f,-0.6377382258961178
94fe3531b6f7,-0.5228885012694071
0a30ee5b0f4e,-0.473699421748356
8be368649a8c,0.8086446958975582
1f9307453b3f,-0.3521388603236116
c0c30cd5c7ce,2.6877270962921282
874bbf8f94a1,0.9162630342553988
47782416efc5,-0.3862514276789408
dfcc4dcb43fa,-0.892158056710436
f5383631ec5b,-1.222906852701682
3383d7da1b03,-0.06524200558407116
c49e8606ecc2,-0.4123221069251646
52aaa17d298b,-0.6228833192691533
55704f210684,0.7146268931574044
11ebfd867914,0.7189229031211093
1e4503cd6af3,0.5500940406307262
1655566e9b99,0.6380881174235934
91c8b01b8aac,1.5727250620938795
33259e3c7f9e,-1.7524390772793004
741fafd9cecb,0.7734944020430949
0a376ecab0d6,0.6323873738703314
918b757f5fc3,-0.555835592820736
bce5eb709602,-0.6558084703732194
f98bc00826f3,-0.04863884254990832
a6c04fd9e04b,0.21369139261946044
a57bdfa580a3,-0.5389063064542777
d0dcba252ecc,2.766860097651308
97896aa8a93b,-0.45514417147096914
cb6da59f47bc,-0.3209813802982222
e2b540564bcd,-0.6652688910285591
9d8ba2191b62,-0.9007411151143768
0697a4d9fd74,0.5283859059691689
9a6c854ac136,-0.5638270014087755
8a77fe1ccfe1,0.8914213266590538
13e66d804d92,-0.44106720389760956
7a8552b19d92,-0.6097774488424957
85f1224d9da5,-0.8254630497631935
97b45a4726fa,-0.4691618773787358
cd747ffb243b,-0.8474104864390145
cd5b5da41ca7,0.03339655050357218
971cc9d0f88a,0.6279138354246974
a4428bc182a0,-0.7383909079657063
b71853536d98,0.37339695614047774
462c5070b84d,2.56896930696773
1ec5d84c1187,1.4492089763475733
8796cdb6ad72,-0.6257151311865997
5f619998af5a,-0.40929046575321654
c9b4d57e5c4c,1.901082983640212
ed367a6fa83f,-0.5572219829119133
8a266273731c,-0.9280827604577367
a1a6a6fa7963,0.00861718504322781
1fec81656168,-0.20574784311988237
287e04d902c7,-1.5503567572923158
1a641b36bf65,0.8472003649447487
29aa30672e9a,0.28198177412397296
4c62432f9a16,-0.2116763433780703
d01675d63d47,-0.4697441413383197
1bf75c39eaf7,-0.6046911855102685
29676ff0f4ea,-0.7009187872567086
f4dfa5dca798,-0.7335611688629535
29dccb07261b,-0.714576291630499
fe227053cb8c,-0.43577623060825416
8f1f4f87d2e5,1.0827560850468814
8b1424d020c0,-0.3529176308727877
c4591b170490,1.5591400992510414
de73f71dde07,2.1492678199648343
4237a7093672,-0.4093219834316013
7d20df59f0a8,-0.3696565847513651
4fef714055c9,0.9550993670372314
63a223b5e962,1.2044818614112875
72ef67b7c704,-0.7122622956168514
53e8028eb9b4,-0.7138869823453505
ae13b7b2d369,-0.11614011927018184
81e79ead5c66,1.3006174851695136
9059d9a4dde5,-1.1047411928800446
0d8b04baea45,-0.9815746402670094
84b6d9b2fcae,-0.6323774696392619
2167095eb29c,-0.6914958394319295
fb5afb8f238d,-0.17333163323580686
802e2fc6bf7b,1.6656114590684032
471824a778b0,-0.020441415719710754
272141ed11d0,-0.5306667689636282
83e3b376bff7,-0.9037384538983366
816ff27c7a1a,0.32662477533684575
e08c45bda892,-0.7858756731341374
9959c99221c3,-0.12177738103527347
6b5873811567,0.2034669366134736
f0aed554b6eb,0.1705175501050156
664a25c3e219,2.7672426137873423
0902087172d0,0.4499137038567544
d44794141d44,-0.7509798242745296
8bc100eefef4,-0.8042860626738154
d19cf68bdc62,0.7699361144317644
6e968650dabe,-0.5102019067721031
c388b94251df,-0.5532113551539299
0dd0611fabd0,-0.5026241927847763
721cca8e1b70,-0.4291395214192708
519701ec681c,1.0611285293012414
56d5237a6057,-0.4838952416404756
b647859d226d,-0.41128391207528986
d7f4c373f17a,-0.4777540743600743
eae16a1f48b0,2.6493406222250355
1e7cfd0e0935,-0.5183462297890424
efc83cb82f13,-0.5939488319630785
9cd3eb1e07f7,-1.9810236640107237
33d598069811,0.07948704618048597
581e79d3bd20,0.5100776215791093
beb2fa8b4470,0.14101242010283507
1764bfba35a9,-0.27622253493639765
8e3890a5e00c,-0.8188565887202638
5604fecb0c34,1.4405434914265296
2faaf43e9a74,0.9527488482614425
60c787ce1083,-0.3715368289485497
53afd658bb99,1.3875368440669027
28429477aaa4,-0.6978983985468945
c05a7dd5ea3d,-0.365868256454476
921d7e1aaccc,-0.5956797910473022
f3f306acf09b,1.128383449058905
01a930b4baae,-0.46552194888621795
6a5bbeffffe3,-0.5605571327864881
3103964cc23a,-0.5675129296668611
8bf0fbd39eea,0.3148785188440028
9f206712c0e2,-0.5370667540719856
83a13948a899,2.500649071787953
feabf90a2e49,0.7471955745139371
668d98aa1ccf,-0.6992478264127567
ebf63aa88288,-0.5491829966431157
57bf33ce1e0b,-0.7163372346900709
9452e6c6c24d,-0.5549092747991409
b6b257a44758,-0.4600682450569069
585a32912eb6,0.3143847642388703
142853173a96,-0.22238317815850742
a20629c29904,-0.4289546830113704
d38a0f8dded2,-0.29833730863176183
e9d3300fdaf3,-0.5517381846980655
9638a6554c9e,0.15487561953451923
dc348401702b,-0.35498595661959315
d0cac0239fe9,-0.3857090569431445
a249d7544718,-0.26603462422025087
bad1392aa6a9,3.053860128365353
4dc2aee4fc1f,0.5737259798543753
a4a9febc58f1,-0.830172793102391
47d84dbaeaa3,0.7417899151292107
5afb6902358d,-0.5625066834723229
ff2115d1f6e9,-0.45588320537353816
00092f9d37a5,-0.33568277130244906
35e207d07c4b,-0.20319934897225475
9d39f8c1cbdb,-0.14528418495482015
26ad8b84a460,-0.9686582046727926
586e6adf5106,2.423312573465405
44a6611be35b,-1.037503569987801
ea142f418f1d,0.8000622933893787
9467c9f381b8,-0.1346390434290669
94c7af4d4254,-0.24857596734440177
fac4bd275a44,0.08199928769348423
333a91113570,-0.3648465213169013
48cad3da945c,0.0926699643621057
edaf3c6aeb2b,-0.572188401768629
f36b4836e48d,-0.7018151349689007
f402513cf8a7,-0.6211822853252555
aa2f21302689,3.06205017343514
362192a1ce78,-0.061389430924642385
8e7e7856a7e8,-0.3974351368133968
869823091e0f,-0.13464750359953573
67fb0bfce647,-0.704377665017681
6aaee6e93445,-0.48213831968506127
b4642a41ff77,-0.7951612683728821
17263b096c86,-0.6415215896006835
c23e99abf915,0.5441502366119751
432b4874a80f,-0.6317523806611378
cef295209e09,0.9388042400921358
d27ce5fcff3b,0.9271136521561968
ab19367c5fb2,-0.7809023319179796
51acce891eb0,2.3904679330533942
9dea5077689f,-0.6733404989677856
1d282a15c39f,-0.09134200769049139
d5f0b5d12c9c,-0.2616847451533123
4898599ac3bd,-0.7035921393432458
6a268ec30229,2.5098558412805065
8d7f44c57929,-0.7512621369427948
318bf3255db8,-0.9938580647446045
a9ec586711ec,-0.40561260989502224
9f21486a86dd,-0.6986393037624478
968088cbbbcc,0.2396342926386265
e014171a96fb,0.16088969502427944
5a4cd8fd3be8,0.4360262351547009
c0b74c71447d,1.0757992284001114
c66cd4873100,-0.6075562926567974
b52b163e6502,-0.5987712718384661
089570ec51d4,-0.3925964860839702
1e9ae3aa445c,-1.672730687371847
4d3c55f543a4,0.22159792336156398
592bcd57ae79,0.23910298149192172
7b23b0c66495,0.45527432421552927
5b639cd1ea81,-0.56778098363167
b51b825b5610,-0.6086415904047442
6f7c561ec45d,2.5443671232772327
d27abf7df8bb,0.2427012925493443
79352d883d86,0.19470550452553168
31fccc3ca821,-0.057228130090426814
77f25cc28557,-0.28674089937304326
303ddc0c3218,-0.8054969096344564
2bb78d0391d2,-0.3812742618305458
8a1159d38fc8,-0.49974695173492256
38aaae561b3e,-0.3675608438900211
1186d3b4eb8e,1.019477324049473
467bf7796688,-0.33938339020966307
0e4094505cd0,-0.38167010873153034
ff431af4547b,2.859717253129437
42ca1b537174,-0.29097843585586325
1824af000473,-0.19328664425009737
5f94709357d1,-0.3330561316687665
6075964b5957,-0.4706904374944074
11258468ee58,-0.754902559632212
3ddb12d23668,-0.1378086238447881
6ba75c0d5a9e,1.1024045489081695
0e1c40464332,-0.39852182382313484
a6c918ae71c4,-0.823632080660085
392a4890dd72,0.6834198901037287
99925e6e2d87,-0.0014496932570295454
dc51fc5f2693,-0.4185544845229747
c0c10c204659,-0.6019598646288
1365faef7e1c,2.5587980252709017
e00786ea7c52,-0.7371028964193684
1708484debd2,0.14244539760382863
2450740fc722,-0.7586471740433509
7e4065f0d417,-0.06707412048211012
a8afab4e8a9a,-0.2748764527675609
fdf060772c40,-0.3385876358186013
c4339abd80c6,-0.3930230765717254
6da82a6f637c,-0.8339579396032495
88a7c4380ad7,-0.611979897439108
7edad1ffa699,-0.0012763732484953856
7b9e4e1a3419,2.9886567761482574
f011c59cd211,0.1729484564895566
95a9d4a40713,-0.024627960267441046
d35e79138ac9,-0.050166306132513924
00041c5d1deb,-0.20688375661551392
fda3043a48e1,-0.37508741364662457
1c10a7119289,-0.3221864721695316
6962a3b83d98,-0.24582498653461723
7f1fa15a9724,-0.7260268019090101
d52a2997ec5f,-0.46412225644908095
f5457909a931,0.526124054978296
8d4560fc2957,-0.28359435062265115
6418268f4b8c,3.023984704403199
1afb5cd12999,-0.3648408485822943
582b5edd5865,-0.5113755667196571
4cb1ea945603,-0.4868674951837126
861918ee7cf8,-0.5754377083348391
8bd1a49df266,2.5228847704553825
c13d8bba184b,-0.46989275220469007
723c7266aed7,-0.49754528398543074
7cf795660519,0.981926140833776
07fd0c9541d5,-0.6024838996846178
f8a8aa4acaef,-0.5072219199253198
29bc62a6be99,1.1242199441652123
41d176318551,-0.528598386416015
c64cf53cb4d4,-0.44087219211682077
06c8bd865771,-0.5201112176029254
d417559f42bd,-0.6093179444533099
126c50b1ac83,-0.6960055342114483
e578893f795b,-0.7079766244608864
498bb7130692,-0.3853250484622915
209c28d521e6,0.12887609022421717
7733d20b05c0,1.052045764199438
fdacfb8b900d,0.1401326765104105
3c0f00c2d7c6,-0.6945757964811919
b23da641ad3a,-0.6794403480036497
eee760e9cc9f,0.10853832605620652
9f84b3dbea19,-0.35188682584827397
27756b6a1dc1,2.6949352649307796
082c1904e2d0,-0.7837946062933954
ad19c1393737,0.5424209133599011
5d2f3e68deda,0.7909309236681047
531b06946985,-1.352953870561063
eec905c261dc,2.2272622971924467
e14da1ceaaa9,0.22311196293568247
15fdc7778a76,0.6831040417192236
81969f59d207,-0.3096546255432275
1a30fec04145,-0.7944723016048534
0153d866e3e2,0.2138997469862318
03559b64c7b9,-0.9147180704093631
ce047fbd495e,-0.5251364114496877
894a16c2f37f,-0.5516491910434936
2022a906018f,-0.4815467119750068
11cefb7aebc4,2.525752704671482
96f6d701db9a,-0.4996379727475343
1bbf8c224547,-0.6116102416826337
1754352c3777,-0.5333515064595276
86871a29a045,1.217535352166394
cc10dadf4b3c,-0.580866268314592
d2bb3fb8809c,0.8487454636976748
b18717ff8665,-0.5457607788535235
a830763aa8eb,-0.47228528914288553
f13494ca6219,-0.31532556031635384
0ac6fbf0b866,1.2962663101496694
2309acbe98aa,-0.7500786217781323
5a345ceb2e64,2.2220233843181236
65167e06a115,-0.8355545694124191
85ac94ec0047,0.556824392319653
16f6428f5893,0.09184860571449545
9b5762cbe531,0.5849842523393787
3bda89c6a39f,-0.6246770875846349
88e2150ef7e4,-0.9227523418647252
29b8a7cbf983,-0.42602269616481125
42d70182af4a,-0.943061625958206
5465501fbb88,-0.24980000207839148
2cf2e1d2a214,-0.6561160698004638
47a58493ac79,-0.5443939741746322
60275a8a5d14,-0.5075351610081751
b4dea69608b9,0.7206460405543905
cd720bbcd8e7,2.533966271362333
66c370916e68,1.2996709565767957
148c7e4663e3,-0.4665254836003193
97b495881038,-0.47716061827375655
6dbe3a6b7f03,-0.5171262977712073
90918a086cbb,-0.548043396280787
c32cad30c8b9,-0.4426250973672938
cd4664357314,-0.3947571702168844
5ff1bce87314,0.8723823756359109
2669f79d3ac1,1.2597570958224642
0215b31cfaae,0.6604144463575311
7ab15c891a4a,-1.134803106521326
c17dc3378066,-0.8840728417218366
a197c07aa035,0.8598336573163448
2d229c83ab2f,-1.0065744848339981
9d7a998f9805,0.4890199056981494
48719b0d2b33,-0.23431315158988775
5c63e443a0db,-0.8992880662430955
67e8fac04602,-1.2550282348149033
6df24ed94dcd,1.2726724048946474
8fa1ae2c50ce,-0.06772693394326108
53c15450b489,-0.512595723026431
109e2e48d549,1.9384637132560922
4f4a8883862c,0.46813020755868184
c7b3d5dd0cf5,0.16404736710416903
d1b6dc3edd40,-0.03959426586310391
b5877bc1ea18,-1.335387857923664
0e152f301dd9,-0.2531475244830027
afae2d65836e,-0.946152459131995
e02b33267174,1.3488678834344228
eac53170e50b,-1.287959067854842
cedb1fbbb555,0.5230546608729335
7c4bd8a8202c,0.735501117790233
ee143cff5f0d,-0.4398327835513546
fa13bef1a21c,-0.5643199368699807
badec2d2d0a7,-0.554388028497249
84753cdd8259,-0.3478933093341946
ea1d9579098c,-0.5530415577018883
126c714ef837,-0.677755564767276
a184be654c37,-0.3359421627672688
bcbb198b807f,2.681769643583754
255a8ba3bbd3,-0.7379935926930975
b31965b864f6,-0.13961138005713353
9845e1aca27f,0.9335075548654561
8f96c7cffac3,-0.5336930617778753
c943855707b0,-0.13904477872745644
395ec91443a7,-0.15714447906743517
f7b02c624267,-0.7266161639274901
6e99dd3d495e,-0.3732434856319343
e9b84f79e99c,2.4392716391776172
2ebb42aec0e6,-0.48126947989228386
12e9cf1fae48,0.22049366765713843
2dbf1f870479,-0.512198649281222
b185f7b1f314,-0.5507929395828183
99857a34516c,-0.788102863073958
9dba1e32cc31,1.6023405941277182
2aae0d6490ff,-0.5512238370180917
8c998445d262,-0.5641311339190389
091d5658c8ef,-0.5619349801438729
4e1d4e0b7687,2.709055533952817
b87162c91263,-0.46598940045775006
d6cbe6aa6218,0.8632102511068129
75fc5185149a,0.8384164229035329
7653da0fdaa3,-0.38416252124326083
16b8acc350a6,-0.529290559998168
006a8dff6758,-0.45374603420726484
8042c2bf6e24,-0.3827111903106724
25d2ed4556b3,-0.5174925506650425
a6d1dba1eff2,-0.21689043687284815
51b23747f245,-0.2797189896861597
7fe1aa6e0147,-0.15978765630591654
84427a114312,1.6019247374309742
4764e9c7db86,-1.3926517928844397
8ec9105c7a6d,0.20156677456076535
e12df386b81f,-1.3841127589555888
9540109e8c06,1.4019793682125712
35bd67d19986,0.6416031595077463
f9befa89385c,0.5304754170914712
369495f97e51,-1.214649701863851
980c1959c20e,0.2702618797652754
f5ef1bcaaf6d,-0.47785676414756567
99003080cbe2,-0.460725257237397
18a858a5324c,0.6347845800665303
574902b97457,2.8250303797534713
4d0918b03241,-0.4686131306933157
4a803f3eadee,-0.5644889205004113
d78e7127926e,-0.4259386680652009
3305f01111fd,0.7284085565938033
3fe5a2fcf3cd,-0.26169506188002406
ff36aed35a49,-0.603932670645903
8845c5c87261,-0.6044261850158459
3a202a4265dd,-0.32054685822814116
eff6c554f0f4,-0.6714120181121752
8673496fd25f,-0.254023880536787
2faa5275f8a1,1.087082053640488
987f11f75ffa,-0.6183784353257116
02b3b4857dcd,-0.585171913736442
e249e9086bb8,-0.7324409662636775
94c255906f44,-0.6652082881658534
d0db51000f5f,-0.5927349128720503
4b10b0ce79b4,1.1297323443135718
2b5aa7f10e32,-0.5629597768144131
e0aa5140c4f9,0.09726197215367903
95c0fee8bc64,2.368253821719371
fe41dc50f663,-0.6659081511760093
fa3fa32929d2,0.5411714621850676
f7a1939dafd6,-0.6413205934200793
7bb6b9227c9f,-0.5795997426537509
c3d736b41b7d,2.2495637667248207
f731960583de,-0.5392720362445045
176186d6fa1d,-0.5420218343200593
a6446d676c35,1.6640944412940046
1b924f50a2b8,-0.5900292473520921
a5aa9d3cecb0,0.2592574919038333
3940c730048e,-0.6437285171045866
5b2337d21858,-0.5122070398366442
a5ae0838408b,0.4990255095979162
d103395ef151,-0.38860690094447
a5cb0669b570,-0.5382019552309597
d34b7cb38a82,-0.40044308720412625
eef7084a97de,-0.6761116848230094
0ab051af1040,-0.9604645751362447
814deaf27a91,-0.5397610818299268
4229eada702f,-0.6043927126615721
0acd2081cead,1.0643778432515076
458c3e00d8d9,2.3299014163217477
cf4f0b6c9226,0.9040216850860145
5347a6ac81ed,-0.6893444564268773
af54548b72b9,0.13710725135895888
bea935f62392,0.2624175759343199
6e5389bd93b4,-0.618424699315391
a3bd42c011d8,-0.5067088414595637
8cac0ded22fb,3.027928261704464
5ee11e6fdd42,-0.39172533820174793
cba4de8190aa,-0.22148972732089875
04a3f75da4e3,-0.673870282978504
8efd87b207fb,-0.333283455901911
228639946b3c,-0.5328358454777032
8a73a7d57c9a,-0.08869061270417236
9abcc49df76e,-0.06042428563785038
090160c7cd78,-0.7732079141205003
b1e7f7582ac3,0.14795773365935702
7415093b34e4,1.4562118447185672
cb762ca8d5c0,-0.1674681451566595
5255f0c3c029,-0.27183164127708764
1cf38446e29e,-0.9894022372570886
0e6550192af8,-0.668503818194378
08e54994a5a8,2.188877085236058
d3f571c88515,0.5786124115903652
a331f720c47f,-0.8742759864881668
45fa783fad30,-0.854127262523139
a084de67353c,0.2271579298126723
faad0e020f2f,-0.6774691657201173
f7685d9c8e0c,-0.5103202985591597
ca9d498d791d,0.07361999034916195
e659dc4eba9e,-0.11615038974051117
a55a5686e8cf,-0.3532064008449681
d5e4425e0fcb,-0.07556522917297974
df2d959ca585,-0.35324529025158385
faf32b70a0ba,2.8114895857878013
14ebfc442393,-0.8925966157995133
4fb1b7cde00b,0.9010403288450612
fbf78788ff01,-0.12363618055353866
d5788b0aa194,-0.6839603343396524
013243db021e,-0.6112822727389667
82e5440dee67,0.9232889332106707
4550fad76dab,-0.3567169223626698
275cc46ca743,-0.5781931625791044
d2e4693dfa65,-0.4784473192341938
aee330cd2f0b,-0.656626148629653
3ad06f418a52,-0.5807938967102944
f3208f824352,2.5055185867523306
3af4667bb114,-0.3147733524263313
996e9876b73f,-0.7024939948138244
b3a2e49650b5,-0.3041832799553244
04a39b4a8169,1.1547028294873614
8064925f6d5c,-0.2564301750294901
31b292c2e438,-0.5920395921410626
00e549a26cc8,-0.567404968780834
9a8454cbdf90,0.8084148203055037
768872fe84d1,0.7589187250692251
8f7ef29b619e,-0.4927137983933446
673fc23f7ef0,-0.5412764360662738
3c27d16bc1b7,2.747372367975385
a390ca35cd92,-0.22776740704835458
c525505a033e,-0.5532573947922833
604f39ff53e8,-0.5580245869968238
2e933678139a,-0.5257915541016471
e3620a02ff45,-0.2280358203951788
da967c589452,-0.26905635432037284
045630fd9644,-0.6011405439877338
51bff3e126f3,0.6080161426302323
15bab748891e,-0.6961972189033544
8b86e12a4602,-0.2701020814032066
8c1ec2e1579f,-0.5868570477639886
b8fd6136169a,0.7362495616979169
1656d6806f29,-0.22514466115352552
383ce1941e77,-0.6810181957376445
01f90cdfd2ee,-0.5856115053515791
b5a6143c4802,2.798897724688435
b8ec576120be,-0.5158631586689988
b9ea689252aa,0.5306229283620204
5c3076587b05,-0.4500770010237551
37ac400ae6dd,-0.5572421114810453
0ed56ed0e9cb,-0.44018762663825073
897322d2a96d,-0.5676458493372252
9820d37e2ca5,-0.565248888660188
032cce1e4433,1.1163994304570424
31e15e32d37a,-0.4025057718765423
9a71e34b1511,-0.43365060022165924
3f04c18b1fdf,-0.42112139826336337
2254f40b9fd4,2.7065200473519657
0c8403c0f3a2,-0.7432112656939598
47a3ce52debb,-0.9748084224223582
9d324d984271,-1.2351952304618457
745598da76a8,1.3460277868675348
ec6c8f57cf83,-0.17972574752514112
9d650d2494dc,2.1115833569561877
3678bbcacef4,-0.6267300455822254
7d218ef09300,0.7845771543393691
2b2ef907834e,-0.33003125318491294
1a62b93e597f,0.3998404170073451
375383dc30d4,-0.5202713825100942
6bd1367a4ad6,-0.032055367789900084
042ccff29232,-1.403758043726623
d202c96427dc,-0.7788669911822681
8cdd215e7139,1.0973413879339922
469511e3610f,1.700485664052445
bc9f0c14657c,-0.8151039876254937
2f3c4d1fcefb,-0.6140741852629046
cc838106f392,-0.9350020430805658
5377582afae3,0.26346469029225095
06885b9c0b92,-0.1760646171712001
d31a07162041,-0.27606566961830203
61b4ddf73ab3,0.7119237603437867
b7112ac7ff02,1.2257200350448825
5c46f47bd8b6,-0.6877126492345056
49b7e7b77040,-0.58833656510863
9a7190480133,-0.549437217972527
1adb53931e77,-0.535535405692
65992c71d65c,1.391934626840899
0a27fb90bc6b,2.2457045885141267
3b97111a069c,1.161498243173697
72869b0f70fa,-0.5173308825983705
8c263c662c20,-0.4896955743046848
3c08b7b95756,-0.6049704790004614
5bbed6ae0cfe,-0.2993804918232792
e37f04e06e50,-0.5267381927942645
20d90e1f6be7,-0.38617934231374135
d4097f7a4ae7,-0.16433483365024118
047c89695421,-0.3325356489874048
bb4d4eed40e7,-0.48839088295173116
e0c210aacefe,-0.3360232986239085
e2ba18161a07,-0.4396870756117006
dd7be79b89ea,-0.3374041289541479
6dcc40853dad,1.1172618330859623
7c910c43040b,-0.6635708447318565
03aa8a4d62eb,-0.3842601360558151
1657cf59737b,2.8331502547753504
216024c11e4e,-0.41802589598076517
ac717133b098,-0.6568066541448419
579d6a4669f6,1.00715230614545
8590bffe83c5,-0.5249460859791715
749d5c6709b7,-0.581665671010872
0381f51df29e,-0.6105167514124048
1e14d536fc71,-0.4768355243442026
6534dd30c3e1,-0.4282491063005852
0ff54db5a148,2.611892670481004
b9ca845e5197,0.8613144007734062
93fe9f62b42e,-0.2673834379182354
93fc0dc0260d,-0.2724081506616695
5a24732675c1,-0.6615479956278771
494a2145f057,-0.14928835749062686
51efda5f0390,-0.14116578883599418
053401341efd,2.8746142981637495
4715e2afb581,-0.15258741243400892
b224a286e433,-0.2657520321710354
04b4570d54ee,-1.0171207754340434
32425326f736,0.6678901777809537
5d9e07ae4c9a,0.02962974353962536
23dfaa7719cf,-0.5737970639239689
671f64d8d5ab,-0.7670792225156182
5f8df82a34b6,-0.41775014452959863
92b038560507,-0.08759342214943404
9449b8b676e8,-0.36653857937483614
45cfd2240517,-0.5978290905844144
6c578b961543,-0.4410168307928275
1f6747931f73,-0.5716006361989877
d89174864bdd,-0.5835262146164125
95f0151c52dc,-0.4646022050317881
892b0a73c9cc,-0.5422397161191456
6a309e1ebe31,-0.547391860511609
81a170df9782,1.2252393817622704
5a50ce16ec67,2.508333431247821
25adbbd689f5,-0.49619730232668785
2a548678eebd,0.8773696225466173
c6261aaa2913,0.942907266232989
88247c328177,-0.3949865614148971
6b9ebfe427e3,-0.4627033984557291
ae2bbd829947,-0.6644817647224235
35c53cd38f3d,-0.019211295103440974
daa10e0a0ee9,-0.610980369876572
07e6431a093b,-0.6581152692208725
b4c3fd1e6ccf,-0.5087270372729715
4951e925f986,2.5931567720035424
36c51ec19908,-0.5752520337305966
1c6d92761c64,-0.5580544568870331
0c5f2ca8821e,0.9164481484480048
bffdb5b78596,1.4887027558349395
07649d538ea2,0.35294359456842833
aa7382ad4dda,1.2624313319748361
e875ee975324,-0.06219811276974928
39ac6d85634c,-0.3249182698849281
18c780ad70f8,-1.2377320670890577
ef724d1bb776,-1.1095442702983327
4b66fb4e8c01,-1.210623271048102
e8eb60be86cd,-1.0654777279617098
fbf7cba8235f,0.9042480527607353
b418c9aba8d3,0.5459398124322072
b0cddf5b7052,0.4562281714807337
8a4762841171,2.626487774909881
bd44b49ea933,-0.47976208935404585
666891eeda02,-0.5237348277870378
d785fb9c9d0a,-0.5622324006458621
225e5e360d98,-0.392302698814499
42653149baab,0.5982723771388984
14abdf1d0a59,-0.4977491742993412
6ddd2e9ab349,-0.5198998737504771
8a6ce05cb933,-0.5130186235517374
010a6e329b04,-0.5375530018591783
4672bca6c0b3,1.228637476917764
ec142ea40e34,-0.427144938904365
d74aa765db3e,-0.45691926288511786
dde5770ee1b2,-0.9021288908737757
606a9e5b746e,-0.19580973387176334
a7356dc54892,-0.35589640663882927
dd1b98e5305d,1.7923916844554946
fa471dc66ced,1.480260116652311
1c95769e39a2,-1.0884624214410885
0a4d6eede099,-0.7268065732843214
6e89c1610de0,-0.4740563329168788
c03fa733d405,-0.37112466219127377
7197e5de6149,-0.1483178892315415
92aad1514cd8,1.446870372226784
58735cfe49e7,-0.37171417591331984
47e50d8a3cc5,-0.4127346574819599
ccc0ffe8ce51,-0.6510726876178079
10adb9b04f09,0.9547634907847959
09b2dcf8fe2c,-0.3333827393921853
1fefd57293ea,1.2167838273890532
057108269b12,-0.6469488271563867
0751d79e42c1,-0.586528150910058
6bee4d43d2c2,2.434780829878033
fe3235c350e3,-0.18151047495368175
f5ec02c4b8d5,-0.7685965585459975
7b8da286964a,-0.6538398760804847
747c96102006,-1.0607195053474454
9a2b1b0ea71e,-0.21477806743697855
e2bf11ae8618,-0.4474342571576425
2f3836161529,0.26935863533489957
51f57743f513,2.000593688008601
9eb60752779f,-0.8298665747207324
19dc6134c635,-1.1704448176250413
b68a374cd787,1.2280860354640626
aad431791e4d,0.3931311589961909
13bb8e500393,-1.0178815485643555
46727182f66d,-0.017999494747225196
8d1d95c2575e,0.8679547477956665
ed771bc8832d,-0.47783812671704695
08c17f0489f4,-0.48753221821084847
3703637e8c9a,-0.5244483638759652
72c486f20912,0.680721444594421
fad1f09599f0,-0.3778592225983038
4bf5d1bc5cfd,-0.5149154126334088
03cc7fadbcb0,2.837873168043246
2b72235c927a,-0.574188031529182
7a4dc8c647c0,0.6835174942428563
d0d0a2360ee8,-0.4642490746190744
305652777459,-0.3914961687521013
17357eab2bfe,-0.38958548794459325
5bde9da6348e,-1.0951106917477638
16790df49471,-0.49150133705011406
d1c55ddc62dd,0.09062919654878773
a1b4b2b68de8,-0.9573075036504197
4bd844789ec9,0.4215094874799422
c70cbad12512,2.5838499944128737
7605c06c578e,-0.4934086630713784
ccc2d8c182c3,-0.367899506977624
3b62b358d65c,0.20316094531110268
e5be3174103e,-0.7271835717802466
857686683157,0.24397262712445714
52f52daae8c3,0.5892890234003827
4381552b07c9,0.7266517077958539
fb14443316f8,0.43927414488110794
de3762e683cf,-0.746179161642615
6112c34018ab,-1.1310185281015794
739407ecd590,0.6552961027674808
66e7b215bb92,1.6432893432516735
c12e12253ecd,0.10796035428867484
8c0868969488,0.019413275791468988
84fd824c709a,-1.442044033017486
c9bf57b112d4,-1.158005740117718
9140daa7fad4,-0.33365611710992904
2ee8363f6e62,1.2190186512130676
e9b4be6339bc,-0.6087631250290266
08aee62b53c7,-0.608642420948221
67230e312c43,0.8725813542691707
ad4510921e15,-0.22192562031723928
f816910bdda7,2.6549638810096057
6ae32dc04f1e,-0.6078450072494764
ae42afba69ef,-0.11474177959683565
67d88df60ce8,-0.20388446256428347
422daeed296a,-0.6698554082881504
c26dae680d30,-0.6336075991735712
d3c7e677e94b,-0.6653739287336138
58fc2ae1baa7,0.8070941166216417
3ca6edeae7fd,-0.6564264461180409
849ae83462d6,1.6460726456542307
ccf2e2dd0c82,-0.5410041723639636
f1d26e19bcc6,0.7538798720068727
6de3b10d9a82,-0.5427237164699887
5f0cc1ac0299,-0.5134733817664348
c1e3cf20d660,-0.573953415976029
a385fe2a8082,-0.5557862136032399
44a4768e459c,-0.43862755774677037
e185485d5d10,-0.7109903805350123
fb9187dd0fca,2.248272283911019
1d57201d0c2e,-0.11523951699264362
d12bb3cdbccf,1.4891285082550574
06b55b25134b,-1.2257225727870154
659623d1b0d1,-1.1262508169900134
9fb538dfffcc,-0.10804697631228531
ac35f8fbc0e4,-1.166703256885921
f03da769b9a4,1.3954913265050657
22daa46a70b7,0.04515124526093235
2c247c25251f,0.11584653154338281
8301920144b3,0.5192642062975729
bb8d6df3b979,0.5355905442175313
22a5fb0019ac,-1.1818846479020522
d906275ad207,0.7081359087977447
de4ea681d0df,1.22358099935377
30940e379b59,-0.6982951432545492
a9f9315cc029,2.7674168919867284
efed21ddf661,-0.4537207143415335
2d36bfcac5cb,-0.23371109101087562
c90938cded9b,-0.1528313587914688
cab0cd53fd3f,-0.4472656552907887
73dadd8464b3,-0.4353986437845805
184920a5707f,-0.2997677564580267
182fe9091b8f,-0.2733854735457941
19687ea5eb1a,-0.47764378002909547
fd386680566e,-0.5189782748337863
5651ff92b687,1.2486983019178781
45da02aaeed0,1.078897306051245
fb0eb619fa51,0.22653731251321146
43a9a82d3142,1.5107249186184084
f70799ba6536,-0.3543443142106613
9c87c4c2e81c,-0.27007778880200445
41fc7ae69868,-0.11062614955435623
0428685b2428,-0.11569282454085998
0c2977e763bf,-1.7533022150579347
ff94f2d3235f,-1.5740299735868946
6ea7d22de54a,0.16266199622352437
983ff5c912c4,-0.04944656957155563
3e26b4bbb6f0,-0.16783652945876534
6d27877c2975,-0.978130141349785
5f1f0495098c,-0.020213117914828077
b05aa62ed9b6,2.957885188048419
ffd63412270b,-0.07168483883883553
498f10a2fe9a,-0.07619975225655863
6cc50c11b7d3,-0.3174861347816629
742ca2d202d1,-0.15145734912264913
61ff47ef9471,-0.9995847007545333
f9b8ab53b3b2,0.19870458172563724
619325cb98d9,-0.17298617666672905
f8a7a426c973,-0.20101102862970915
f26292c82b0d,-0.4444691000215334
c902e23ef689,2.733474381613656
aa40ad1c1d46,-0.5113803604105649
8c2a9554219c,-0.5119452359514256
e0be2cba1bc7,-0.4901098379504678
b5c18feda590,-0.4900174971439126
b4eddd84e731,0.5972582384116961
6f6e688f7bc2,-0.45358651203383044
cb515140d711,-0.5470350042310697
879e6fa4e9df,-0.5834151450851568
6974286d6cd2,-0.31047888878880575
7245a423d064,1.011704961591415
d17838e7f73e,-0.10224430569737136
a72861477f9f,-0.4523968097337205
3724167a746d,1.0361442990347038
dbe3d9c5db83,0.36854439329124344
16a86bfa4602,-1.337524658488535
0d2489181506,-1.0023391169168627
0ebe597a1d9e,2.243495518263
d93f98be3ba9,-0.5559586108031749
37dca7271676,0.15745644360912495
77c2d341ac44,-0.5313892119846584
19748ffd65c7,-0.5364982030413775
5a411d040e73,0.7127102624676283
e77e0fd65ff3,-0.7408152488476211
5872f8b72a47,-0.7197958811871783
dbbff93b4e53,1.453556994679864
2f31d716ee12,-0.5312857790828187
ba6cf9fbe677,1.961420715151248
6aca0bf14eac,-0.5354769670809374
aa80435c6c04,1.447883841462152
5407d921a1d4,-0.2559309154821729
d675c81fc78f,-0.7666896152949839
30f574236705,-0.543209608292404
0bf4c2589197,-0.24806854953570395
0e39fb827450,-0.5215889864894443
ea2afe7303a6,-0.09498764182368229
598a16910637,-0.8052401404758281
847997765ce8,-0.14353245204602938
d89f0f4f136b,-0.6300574623931905
8a074b092b87,-0.605551452328831
e4cebb6e0315,-0.027652005280987726
934e687189fd,1.0167993379320759
dca391f45dae,-0.2591978837787262
2afd1357994b,-0.8041841607818934
3fb3be17cf27,2.756736348037109
b8d7f74ac5f8,-0.44579464285841564
1e0bf55c10dc,0.042662155798399944
3b64bc0b69f4,-0.9191799638636713
df5a8b4b7f04,0.9299959031915763
c5d51f7628b1,1.7962561175014748
fa6b5394bc56,-0.5578098296247601
3748755600b2,-0.2763447052133627
67daff303450,-0.7801221376324695
0bb78304d35e,-0.07227000824231851
46369bd5c727,0.4711003924795124
71d1cc3dfd23,-1.2503782773213257
c3569e23033a,-0.3269282594470893
af754792cb55,-0.6169536944044636
d32b5f903f89,1.602634462576897
5adb47c6f702,-0.957689518730162
6d0bc0217fc3,0.04525452712025774
e5a78ad4e6a5,0.22286569277673562
9d1956674587,-0.7328899759407385
2e3aa3add5a8,1.900015784590098
640e6ba4525a,-0.7745751362259543
a8efde7b138b,1.9268612917157268
2e7ce43f068e,-0.6206988029155615
fb85ff974461,-0.004825876589424258
8bdc0d5face0,-0.8112868514559275
e7625855efcc,0.3509569548827315
4a4e9adc3d30,-0.5439880892277821
b0a3772c9803,-0.30953445530702084
89636caf824b,-0.2859921792083247
ace487e5b5ec,-0.4602131255424386
4013b42c513a,-0.657924114134649
07af32cc2a6d,-0.5529243106862749
e43ee684ed35,0.8376890939125246
6aa1e0e5aceb,-0.6732640510296366
2dbbd0302da3,-0.679169959920386
beb2beff3ad8,2.5891809942264956
718ebd2260ea,1.0722885601107235
bb6de0753015,-0.41551330443631085
2d85520b5fb4,-0.4646231479847025
3565f4b45436,1.1721931074156822
05609e1545d1,-1.4084712776284507
d63b08c4eaf7,-0.4239183260042031
e23d78638d1a,-1.4640876675041647
c5c260890978,-0.7134937907406328
3e8099a18931,0.9885736267674026
9a5d65846f21,0.09257351252335119
69334657c988,0.7339367773635138
18ccb1c1b2d5,0.602415701999276
97d556df7f36,-1.1869918322077972
cfe3ab078ae0,0.7123847769380498
cfdda707c96a,0.8948853910779732
4fd31e0039ff,-0.6986299738860836
f94ec7ed2034,2.9550619214953073
52bdeb951d19,-0.19725950866130584
908f11a8c8fb,0.12590096905835166
760189f7d55a,0.10027021743497044
65c7a6ec6ede,-0.22759552084236057
5953002473de,0.054307635942345986
0af8e253e740,-0.8370167767482952
cb0f7a516da3,0.07096528075483007
477fede16ba6,-0.5130425078979223
ce5598101a1b,-0.01104907213093143
bd795090a881,-0.8219126645189062
78f30ea0af8f,-0.41189004805352686
208aa10f772f,0.9981890886025102
44bca5ba9209,-0.4624991175865767
6c6179207beb,1.0102249922182662
3cde76176994,-0.5666223082810815
33bd066621da,-0.3710691304761442
a179e57ff666,-0.5977083293740818
3008e4060cba,2.567717857143863
ff17aff55a06,-0.5681327719504434
3461ce30397e,-0.4621267603611501
aac1d151c252,-0.6057928494390137
9f2b5de5131f,-0.5302906224426209
b51222b0a3e9,-0.6826348302873055
ea3ffa6dbd85,-0.5615132493529568
6b69b1595dfd,2.2625826970575464
7e7a83ebe4e4,-0.5293243379777521
e4b220e4c76f,1.4148653399116107
e72e2a54b506,-0.5313705685899649
0cfe6feb1656,1.1235678961426827
1d819ae32fcb,-0.5150161883808685
8a0fbb75f100,-0.5971361741024248
3ac7e5800118,-0.4306024079200743
b98e52dd46b2,-0.48709548661938434
3b60190681c5,-0.46632268988110837
2d36edd69e0d,-0.9998580341657265
74eeee13f225,1.26566759760138
02471df874bb,-0.8250884717329727
6cf768218318,-0.8792984486848607
d4072e455067,1.1105380707504298
1da845342c1b,1.5622178068357468
5017ad341aae,-1.1355346621598175
11fd3b1c2559,-0.7768896687039363
d0cad3de25ee,0.9151053172396186
194982228b2e,-0.5993981482024927
a2e9e8901bb3,0.2835675985917173
3c50523e2cf8,0.0789710426309135
c0606a7f192a,-0.703626619020876
400bd3c8fe17,-0.4885453729515292
4989d7c891f1,-0.5743694826872316
853e81459ff9,-0.3859831128455647
3eda19477aa1,-0.6319165988710959
c3cd4533fcce,0.9732864806335649
65ff9be5a9c8,2.5401762635951712
ce49d4dcf106,-0.03323155973061849
6c7632c7fa58,0.9588278800656418
be8ccfcb70e0,-0.7557897038875847
4f9dd2773ddc,-0.6398480728232777
97947119da1e,-0.25898010147659967
fc552a6f2d8a,-0.49304018292660867
a2ec18662519,-0.63140743339997
79a74fa5cd37,-0.3495782554844601
fbcfe5d86e2d,-0.5039710790146691
cc5feb9f82b7,-0.5632755615137968
e3fef9f4b966,2.524464221874354
3e18ec6db989,-0.4296402157807093
5daf8bd0629e,1.014258851684312
bfa5b11663dc,-0.4781862250558797
601682262eba,-0.6759939939282578
e8f18d765d34,-0.48679403353242706
d85188bb4718,1.0731639070781118
ded13b37a0f5,-0.5528794623257438
dcb4caff0f37,-0.43580437887632617
143b78b2d756,-0.5726593069722765
774c0a0309fa,-0.702722329427684
0693812a39d0,-0.39800177124979347
8383185a5583,1.0091254572390504
e0f5b195f890,0.9829882612234198
03aafae37ec4,-0.3770383539964562
09265f864daf,-0.5375387050896175
c6dc7e474e10,-0.6318838080872127
785f36129ccb,2.564290429828221
967254b61d05,-0.3478760322655811
d9fd1b4fca6d,-0.2238224592428295
40aba441905c,-0.5998892034092907
ede255c76985,-0.5311717310971347
ddeb67c11b50,-0.6457606649837048
cb851f5f8e51,0.5046078448953457
e6d77baa570c,-0.5400967139959709
4d70642f6bb4,-0.21928567729672915
a2415b3309f1,-0.25830950363057226
1547eba83d08,-0.5137939367108394
d2eeeaeaa1e5,-0.27292309091053285
d6d21721dde9,0.34004157930714146
1bc22c94a232,2.960403557075117
3907ef0cb928,-0.45458232825381495
66b40d7517fb,-0.4074124353039932
185fd197c9a4,-0.5637990856819696
2fa8cbf909d3,-0.5500612536912429
6a7363c9bac5,2.6687269068177737
5ca7cd5384f0,-0.6225108365380437
c171b5582861,-0.3474010292785991
fa4eb599510f,-0.5337354032076397
b8ea4a880472,-0.4992432930122749
057ea3d173e6,0.8276154172247921
f25f98ae5458,0.9593366952465473
055c88797358,-0.4769333543215357
fec1d30e3450,-0.27207294247826397
f351edb574fa,-0.74147621444254
a165b9088be4,-1.3430508089616409
54bd048c5030,0.31001163680490285
fa11fcbbd901,-0.8574441441722052
7f124fb53030,-1.1062092179686378
a9e0c06a6341,-0.4274426712679919
0f70362882d8,1.3948589519963532
20e769919127,0.1690738844551501
167d440549b6,1.2725282093903418
a244bed927f2,1.6287505587284437
d1457052af29,-0.02752724208391162
e9a4f915d4a1,0.31993658662503727
4d7906b77891,-0.5996873831810681
0f67c6b5dd7f,-0.7652419499385393
dbe6e5488b22,-0.7458561347128689
7bc3cb962be1,2.131340760580672
4ba4fd330326,-0.6589936181863858
8f9b74736c6a,-0.3693482983274019
55a79e09da6e,1.3077697573695202
043ef15022c8,-0.41502692581928535
c0e07f059f48,1.1883987059709067
e68504b3c459,-0.7511497597502452
32323410b878,-0.6421417406303414
ca44ee72558f,0.16058614070206204
b29b407f7c6f,0.995011723303889
a71bfe0c2a15,-0.5029426107612807
31e69f2d86b4,-1.6370064395520805
6b0de0b80880,-0.25995739638425813
da4c425a5e95,-0.4359831647156964
0ebaeea56701,-0.9629456513290292
df70f9edba0b,-0.28779293995577493
1079ad414d4c,0.27095769350182264
54015f40f67a,0.3878311789662159
ebe3eb2ea7e2,2.2778134310160514
80fa3f85779e,-0.005571964791921319
7a6238a0539c,-0.49953913813512685
3648b7069c5d,-0.4577915367570607
0f0c524dc3b8,0.4922444628495447
9abed5d3c21f,-0.5329091693707922
53de4a4fb1b7,2.6321419315990315
62b603f61bd5,-0.5868915576026529
ddf10ed0c29f,-0.4291996813451576
121aeca08ae3,-0.27766965068386
0e9bc82f0def,-0.4092755864160527
33fad5a5a183,-0.4602978999059338
0b4018980e97,-0.7231511708709728
d3dd99bfe1fc,1.2523389966390335
dab85621a003,0.9236052472427062
c3c78deda56e,-0.5147841726603685
1cda54cac462,-0.4877609239920765
2db66ba641a0,-0.5929579876979307
67eadddade3a,-0.5830862820854881
4e6874a9e891,-0.4048573143935277
a27d00c4ef46,2.6993824671889755
a7107e78f9f4,-0.3223288836505901
464d885d29b0,-0.4080027958397079
63e80dd27079,-0.3838013911230689
3540952dc217,-0.6950901618984232
bc3c5a9ddcf3,0.7696821989095007
d7a98684f307,-0.9971862331110971
f31981482a29,-0.36180076930632526
ef46a901b042,0.8551448010951544
4a759000945f,-0.666870148427416
5bdb129735a5,1.0025268615236607
13681087d308,2.426693229592072
271d5e1723a7,-0.2794897111679621
9877c04f2b4d,-0.1919365298272479
84c8ebb034a1,-0.6566126050244813
a7bef77c8a49,0.2262998898523191
d7dcad6f54dd,-0.677116886853237
35b2d1f751b9,-0.6796518983454394
32a788f0e1f6,-0.04509249271472355
2bffdba06c47,0.7046419664216348
0affd5f4c509,-0.24307725271492456
73c7876d7a02,-0.14959994464820553
cf1433d613f1,-0.4992098282920851
d28eae5ee2bd,-0.5748173270973058
955915fa93d4,-0.65870268499198
318299665666,-0.6680100866029685
08836689350a,0.9493420946103732
9a41b7ededd9,-0.7144503794685668
d242ace7f2b6,-0.7427665932479397
5a3efb763ac6,2.6417425287466916
f2a6b7cfca49,2.844204126249583
8722b178edbb,-0.6630918556873548
48c17735650c,-0.2709427595964893
3d3bdc92cb14,-0.5229255820694501
ba748772d653,-0.13804293485439417
7c86f4bf23fd,-0.07693698864626133
815e02c32dfb,-0.4835641216535438
e01d273b9ff6,0.7550842853626037
aadf4ba09262,-0.5897884699505145
76e89ac88aff,-0.605484802116191
a1f0ea99019b,-0.632997269187151
56def19aa28c,0.38448637214916304
00383b441592,-0.22651315605641495
b14b7bc777c2,0.015649100825951143
35ec68888031,-0.37945444301919345
b9d835081d5e,-0.33523562433499754
6d5d6b7e8d68,-0.4634533698780864
23fc199055f6,-0.3331905463985755
0c531ba0a7a3,3.1342471880501654
6f5bcb328772,-0.2139937279306241
f5077f1f396c,-0.12764134054202828
8a07824dd0d5,-0.5631630943476131
595b6ff9cee7,-0.2709065865817475
6098339dc55f,-0.23634439978683566
434b399b4f9d,-0.543800026912477
57bfff5f9383,-0.3604207323579205
5e3c03d529bc,2.6043412868492197
a6593ca01855,-0.47168400903748403
f3259d127a6f,-0.3959641686989397
aca29d7ec626,-0.6183368851325909
6b2a0e334332,0.9140055808371366
b84c149b4787,1.0045356699323202
55f424fd45a9,-0.6552801993101378
70ad653ed1d0,-0.5355175096521785
40afb82a01c8,-0.3771287530341787
9159713311ac,-0.5647502534827692
a307aea20b1b,-0.6592294800228521
ca2744014cca,-0.584505557503494
18058ebe0301,2.3412376389222374
6fae00c522bb,-0.5011004094935494
813ec505d334,1.1075674091624572
65c0d7f62c06,-0.5720976771627235
92064fa24e62,1.308708359390829
83c34e924c41,-0.4985465046240535
b22707c5c7e7,-0.5795529295415948
b0543cdd3345,-0.49758759212461656
17287a0c2cfa,-0.43214598790426306
22d671b0e403,-0.4327472690983769
5d030ef397de,-0.6597758312477046
6a93b1b3236d,0.896678611316873
335a44691bfd,2.381762503536801
da907266cc60,-0.6009330780357266
92ad0e257690,0.4067847735798359
6cbdb6ba7acd,1.1756334312930259
62ba5117c664,-0.6446543323537399
a4b2845130cb,-0.5855914892436274
e41db83e6fea,-0.6607214603300987
61a549f1b1bd,-0.5752710159176189
74b27fa19e1a,-0.5789774051501217
e9241c56853e,-0.5549347074478979
d53c45de2625,1.0013288580167063
ce0fb901d80b,-0.4270077002835906
8aa65ad941b6,-0.6365228319402619
5075f692162b,-0.4668354001400792
8834f876e33a,0.8407399367173135
2d5ff85f885d,-0.5179710104363892
4db2f35e0b6a,-0.4796700807771983
99b2078899a2,-0.47968683342415486
34682eda4a09,-0.5288485229047994
61aefd5ef951,-0.41185346532679856
748e551ae81c,-0.5415005912028735
5285da6db4b8,2.6478276417021256
f22c46333ac4,0.8541994893893948
44773cbcbb09,0.7274776363583207
ee5503c8a206,-0.9842504544115861
7e37fa616282,0.38514536759551343
ddb2533241a9,-0.2165153881398312
cfa4a1f253fe,-0.7160592613538553
245e58715852,-1.0832539649242987
adeba6c076e7,-0.2168272194951619
c1d6e0ac50f7,2.3732734415292054
89226e3c4f83,-0.16090983653849167
9e15334e7c08,-0.9975038386741428
9980e6081305,0.03522402866493357
2fd25756ca97,-0.4885597538185601
e96afe77ea54,-0.5017629109111676
b2f3f122f710,-0.5511437897494573
4be1b6e041ff,-0.43012506500998116
46bb98ae0677,-0.7542350058715985
d8c7aef39032,1.2759991561278803
5c80dc92c3ba,-0.5572797072899828
9dd75d4df2eb,-0.45332671679991926
ca66d2601945,2.474317704736447
f7a2b1837711,0.8781628076050298
7aab038b9a6d,-0.48959679330820455
53d5d042fba5,-0.4024499257104866
9c26e5248446,1.1617170059492212
842dc2edabd7,1.286591205503137
243e833ff85e,-1.311753596344257
0b803e69ea98,-0.787517836254198
14327304b369,-0.7885183834557621
5ed6f01f1100,1.265810084115193
e327769b5ae8,-0.6819392424657467
ffd224505f81,-0.5499234127322188
ab22029f501e,0.13837618324313344
838a9d2b3ab9,0.326845484286125
c370ea278f6b,1.04470670720494
689f1d3db971,-1.104394199049567
eda824b58d43,-0.3732808942605372
56fae159c37d,-0.6629630544480178
808f0db8ca48,-0.5737803151614502
d216aaa66cd2,-0.45033123140429243
b090d0202856,-0.5531873053433785
87e8058b75ce,2.5851408239622105
33c03a941a96,-0.569945941240503
b52ad4cf9382,-0.48307643247425114
18a2ae9d467c,-0.35791891761491557
4ecdf578e008,-0.5097140249540514
09413af2d22f,0.8203586074616214
4d7b9acb9ee7,1.1286986854775651
3827d12e5432,-0.2640327411682605
a7f5a43bc71d,-0.6851448164882576
a585a2c571d0,1.440556571934412
8d9579d96a76,-0.243824542029158
205bbec45964,-0.6593261078462209
30ff22369ed9,-0.5730093342136972
94fb2c3e21cc,-0.688241332527816
557c7fa7592e,-0.43948381344381177
7467d0f4d240,-0.4936702838813307
7a2536efc7c6,-0.5988731935354665
78745710d4cd,2.357790740302576
569604896f8e,0.8472588528970314
df580bcce65f,-0.22175392746808636
69c1512754df,-0.6406845732447897
0e0b77157f54,0.02895458067033181
c34321f10098,2.4536652588268026
daa3804da167,-0.37072994754548
e89d0b068508,-0.741519664561446
93e7570ea847,-0.27228569007844744
39240107542b,-0.9002597605089707
815b81f43780,0.1264033586165656
e55445532413,-0.19715489653888588
669fac0bcb9e,-0.7751331338535858
5201dd05dcd9,1.5104983956859919
cc440d2eedd2,-0.7303844990525103
c3ca24683fd2,-0.2019611852036062
652d39e8dee7,0.8585601338086717
fdcd36eda6a8,-0.6944720453250968
243b07bdd56a,0.4501390348571055
a514e0ef5b30,-0.7646780285238366
bce72489ff3b,-0.9124020442092775
36d38bd67595,1.3936109247639583
a15906da0be1,-0.25302592758235504
1a68eec0b2fb,-0.6941423812670964
34c3d8cf7740,2.166329298506247
131a471abccb,-0.6175732807722036
4492d309dbc3,0.23676859893753432
e16fe4678f6b,0.7448806118032766
61c4eeaa52af,-0.6045306238913195
1198c80354a3,0.459313756036555
d12b73686b67,-0.49442937716683016
b6dbe2db0b23,-0.535988084806225
53ce4c745892,-0.49829325705971694
a74b5ad56ada,-0.1338843049640815
4830eb658f38,2.5408721527640106
8799c709f3b3,-1.0902815765845097
05f2bf11f347,0.4254106498492719
4794c145570c,-1.049838544917966
2d46b939ecab,-0.8206781861240239
dab463f78d0b,0.17179388455518452
d1092ef70c44,-0.5829187032292054
97b0663e29c9,2.8072885975253214
7198607747d2,-0.17838386780020257
3cdaa2daad64,-0.5680891808460727
e3c1e10d551f,-0.4819767245677793
ec9d83b68d52,-0.7987670826099788
71e88f732f29,0.03497564221597903
eea47d263d02,-0.4719865589984947
99a3d3396252,0.12713951308243768
b1bbc7ae2e67,0.7616026667968349
3983332987bf,-0.6106293430574541
0321239b4dcd,1.2094872695789523
4cd2a4e156ef,-0.5228876558457445
e5523ec6252b,-0.6232508542512533
f2daa12be191,2.5466862814913753
2046db61ad7d,-0.06182782968691215
d19d8f2604a6,-0.565812551946079
8a30b56b125c,0.701030604370914
306c59db6389,-0.5250546421906371
af16b486e048,-0.6419440822457487
60371ef2589e,-0.6591847685557779
1e6aaa0733fe,-0.24661242766163516
55caf9a3fdd3,-0.48215372525397
1e4d3021052e,-0.6586141197377751
24d9fcf4aea6,-0.8029458800050212
3d0f484ef412,0.9098712106464646
d270e1bd7ab9,0.9072872223028305
091bc075db86,-0.5868909754165027
4f011277d1e8,-0.3083359635840664
2cc9f428d298,-0.7319132983662919
7c913060468b,-0.25733791771838077
9481006e9171,2.607465787328476
2371835c6621,-0.247880827866213
2d10faba7b77,-0.34855151232955006
ea62bc197d91,-0.3129887219547158
bd3428503ad0,-0.18138405003779545
4a157143c1b0,-0.4373930842502262
44a238d986ee,-0.4470953454230494
ca5e50ee6d97,-0.22481495056212247
71720be8d612,-0.5176619269726177
76632768d2f2,-0.2518576811500037
4fc9dfbc882d,-0.466637622601162
56cce39ca2ce,0.6324357660618027
d1c7bed88146,-0.5542868402275725
a4ab31847331,3.012689907214069
20cf7f2c3abf,-0.25100545009660685
5a386ca1dec7,0.7498309680405957
4eb4783aa08d,-0.4066063370556331
12747d4903be,-0.46359304379014626
f204a79d1ca7,-0.5415035960534937
5fce8cc534e7,-0.5895296397871556
c6983b5de480,-0.4483914288369803
a8784d585f80,2.813284311075296
ad90a145dbf9,0.6843277279469524
d842ba889491,-0.5037826935964297
b04b2e6f8584,-0.46164300796145413
73fa796d8c31,-0.44101442562660054
44534a7c0d43,-0.3913788343549507
98cf6577dce4,0.7275760303518772
994375150265,2.604478851623859
a00585c77f4c,-0.49834892378142626
14f88e8f4383,-0.48796694237551247
6b44aa4c2340,0.4291738238598557
3e0c43c1a7dd,-0.600875597189489
1dca24ba4dfa,-0.549140666098569
418103f6a3eb,-0.4934199343405976
ed8332aa3d6e,-0.5647639141580142
6805cc2c45c2,-0.758093114081723
e78dc00c5ff8,-0.6753291619044982
99692d8a22df,0.866709548094238
7336fdc9db99,-0.27790660367338876
ea2574e12533,-0.5690782240006907
964dd620678d,-0.22655359937869385
943b8a96117a,-0.5246421926209224
27174f848949,-0.45919904389591915
47ecb5847638,0.7635229508002654
d75933d56c0b,-0.7352475441190112
1d006a074c92,-0.27933313138894483
4f6b41c60f38,-0.23527913347165352
10cd85584965,0.3668972717056952
0e1bdd6b0da9,-0.6848184374839111
9f3b7168757e,2.8616376875271743
90cef2e4f39f,1.148788220020843
bf656c973c52,-0.5273844234855869
06009b537d2d,2.216439770469496
e2464de679da,0.11174279769573442
a1825a3817d5,0.2817775226291583
61c064335459,-0.9266722592180021
b4008e2ae7b1,-1.2733101365079518
56b5659a9813,-0.49052891539885035
4d499d283585,0.308939039376934
87f897439cd8,-1.1277345103416534
63e25085e7d3,-0.14805841858777383
54c2022cadc5,0.4260013133476525
8a43f993f1f6,-0.47475345901755955
71f869208ed8,0.9346913876809746
0a51bed4f8d1,-0.7573268870319746
10db21b31945,-0.3112779035185584
e859f23e7eb3,0.5377356978382702
f428d16ab32e,-0.5107698603746775
8a15fce6f76a,-0.3232109690779269
d97e7f77927f,-0.5691525048664475
31179458642c,-0.3933722664810791
0fec03233413,-0.384947748057932
41cbc0996e5e,-0.5172571265357446
dffc2649ed9b,2.769641639442656
501cda367a94,-0.5219102517246756
07bb438a4287,2.7472064676056984
9e73035aaee1,-0.40963499685870697
f01611bcdf73,-0.5722177540739383
5123dd7713ff,-0.4888437631372139
04d8709cc3c3,-0.27728185937891536
c0c6e35cbc45,-0.47571024249855615
7d8f4fcf56bd,0.6238095167649033
df2129eefc64,0.9523395414435936
e3b50fbf0dd5,-0.5661524163761958
24b358281923,-0.5087591938630754
bcaae9fd2beb,-0.5028450479029176
3c08ab5fb1d9,-0.4332682286035376
977b811fe3d2,-0.31866643036490044
66672b4583a2,3.0124185856161136
9685418d67bb,0.4475432587328212
7de8a6f1f6cf,-0.06069385756640355
336b7f82e2d9,-0.0074405819445066005
1201009aa479,-0.4771934158006659
ee670dccdac0,-0.5931658098176977
7bf768bc3388,-0.052026416027823
4e69840663b9,-0.7202553281249743
e898eb189a31,-0.3701293338119718
16f7f681b3b4,-0.4271224422864541
aa5245b5e89c,1.4205339495449443
90cfb2397648,-0.6083254426028571
280fb3748f89,-0.31289542205535725
319271eac3c8,-0.35018108473716825
bfd776aab7a9,-0.36261731306181505
4fb16f3ec1c1,-0.6498198054561215
147dd309d875,-0.7723481604782778
a572ae333e4a,-0.6621516629552405
1ef8c8630264,-0.3949311780126812
886a25c05098,-0.5395246736457384
4e0526b3db3e,0.8720381380982445
2191c2b688e1,2.360222655362068
e0c8d80ab206,-0.5864458314131622
bf1a2355042a,0.40345157100557477
b4afda879c3f,-0.49707595404323557
c6f3348c7317,-0.3508390842125635
bf5a1500b6d2,1.5810695011400266
5a5bb0a53c9f,-0.2940977451509801
14f1f597d099,1.9579847850462944
561d63d503c3,1.0183622750021228
607a7d1a4acb,-0.7835198508873843
99fd0fa48b54,-0.8588481346404403
ba83618bf1f3,-0.8027245371048017
6a3cf8fd039a,-0.7873169947414506
b1e8b1efadea,-0.5095552801338373
45564eac315e,-0.6848845321132595
28b9f908c5c2,2.572171116192128
c71a3e2dd939,-0.46671169038940624
e67e74a99aa3,-0.40777965330709204
42adcae3cb62,-0.5268559676220188
7c24fa88be85,-0.594464163958277
e7d329bd03ac,0.8151104343497944
20c37fa9c1fa,-0.39551995412776486
89f9fa781395,1.1596892957775837
c7735140b8a5,-0.42868032680304735
02f231ba0fec,-0.5325192778648035
89d4e6b46480,0.9425155964945274
c1afd9ad0b72,-0.5011208417349049
a41b42831031,-0.2777474365842322
af82b94d2462,-0.5859689044100178
917368500554,-0.6163672715231557
b64517d48e96,-0.3531599000678934
5f70de3dce36,-0.5917852283632166
4108028e2d30,2.611179869998532
53f7af92cea9,-0.3660120610278965
30a0caf08b4e,-0.5172085046831404
fc2632bd787a,-0.6823852297481867
1b87856ad380,0.9380599116495854
b3628816d3d4,0.043849040266829564
0467917a83e3,0.16206608410611778
40a43af483ed,-0.6660738424087476
c4e61a3ee4f3,-0.3999052830170329
de8d61d8d899,-0.3213824704674517
db6c3e4c07ca,0.05361963267021186
63fb2bed3256,-0.3352873578790825
cfdf7550cb28,3.058253394357067
859d018242a2,-0.33418166960011714
8c8946be8355,-0.48472056572695615
502199d29842,-0.14335400710769272
f4dd241fb234,-0.6328829551931456
c65b08de44e0,-0.6620453557819046
7077628dd242,0.8760093969185623
f66d3787cfda,-0.5798698638060827
d6b35355ab2b,2.3775767136369432
e88cd2fbee1d,-0.5090271547244969
6f1a83ee1c52,-0.45588974754362077
2283bef0b633,1.4412021841162321
113cf8353eba,-0.4862130693755191
c3d0cac4253b,-0.5997592563355556
0c4e17b2d117,-0.48149635202234115
6a293fb143b4,-0.4325495069225692
047487b3101b,-0.4879379881596473
933ce0c4eaf7,-0.47017155000376293
e61f3eccc495,-0.27408016202460717
494a6769c812,-0.43883572159246664
d7901ce2e257,-0.390048317139045
da6831406ad1,-0.8421705167134016
8dbc93b111aa,-0.5490394432287051
2b6fee47869e,0.7186411161949862
6f2fe6bb5935,1.2151977110709977
0611fa741e2f,-0.9163403934332435
6b234617f65a,-0.34774627204585257
174eb64bd883,-0.21937508910904852
ce5481b6732f,2.513968638024149
3115866d635b,-0.44928454824413916
2240260b3647,2.6266626695990203
957411693b5f,-0.7160822841501606
a781dd7d716c,-0.5199760113128118
92ea8b356901,-0.40386498820396455
77bc44673feb,-0.44444019539742874
96aefba19f17,-0.5207032259765579
a7bfbf4da734,-0.46279888788420404
c68a797fa3e8,0.603215700977891
44cb25e0806d,-0.4793251450911123
99a948ec24fb,-0.4465378241692951
cf494c79aa06,1.2131347398527623
84be1a995c6b,0.0055204011914857035
637086f02b6b,-0.07801161189985487
547ef99b8346,-0.03683356755757062
8764b29886d5,-0.21775047520658689
a3767c1dc23f,-0.2987017279002882
200c4a72f004,-0.6424942482318191
bbb77ed93c67,-0.32916572837952973
c3c84a1443a2,-0.6407908792736063
558132b87b6b,-0.4395623574964889
603ec294378c,-0.4905285371143897
236225fd13f8,3.077655585197243
7199649aaefc,0.09066314667140579
821fd06fb752,-0.45354001470433797
c95a54b900ba,-0.5531170007313978
42a4be590777,-0.36901484172613613
1a9c5015499b,-0.3277370851817798
291cbc1e890f,-0.42576546520279374
460f9c3c40bb,-0.5160610138600019
55fc69a189a8,-0.4122402617940806
2601352a2da0,-0.30109479725076516
6c83ed7c834b,2.86259288187596
bf5b4dadb915,-0.11484679332651798
6d75d9be6f54,-0.4486187870907926
327998786a62,1.0594431789926437
ae0cf3e2844c,2.6906089913334994
81c774968513,-0.5086890702575875
515af17b9eb2,-0.7057844416633531
12ac67c21c8c,-0.27381853612931506
20ea3e2a1a3f,-0.4920284833755673
4614bb303cbd,-0.4639028131229211
efe9671c1f1f,-0.38905970132955714
ca965664a556,1.0956618415860313
02f084dd57c1,0.5556111861882601
8a3f32761b0a,-0.6346474490514313
42975351c5a4,-0.5057625395113968
af5c20b4afd0,-0.36818898466666194
bc2ba1c1f77a,-0.6546360121345992
88d01008b187,-0.58794596872532
1bf51c034a40,0.09889454052118449
40da80c30b8b,0.9564543678151617
50ec0da9ab35,1.0219972472069954
1bcc0de2c73b,-0.43738414278978066
6e9da5a21598,-0.5625659821725247
e83ae0d805ca,2.504934116632595
3d486233d5c6,-0.8301443742326611
d196f333a6ae,-0.5427025700689042
54612b4a6e06,-0.47717154616950236
58b90245c0ce,-0.4897296758826446
ef2aa1b6ab33,0.46615643790567285
25382ecb5600,-1.1230556583114466
17cf83d38ce7,-0.33922114097861045
f8b65744aa2a,0.5431759649095401
34e051599845,-1.1540592581281481
010904e5fcff,0.47808697021403224
a31ff95612f6,0.1992333964900226
f2c6a20ad27b,-0.711965710280253
6309d2d18a1a,0.0861369651137047
3a69244457f7,0.4255812329938329
1bef16d0d0ef,-1.187533910815016
de3be0103dc7,2.317464710886669
c36ead0e51c4,-0.47299041385606067
3da2c120941d,-0.6406896374292044
620ed70ee910,-0.4588324595388846
5f72cb0d3a22,0.7390107398388452
1a1f08b4ae58,-0.4780531965332541
df5e9087276e,-0.5424084284699272
3add650c2b58,0.9989633310631851
3bcc586dc37b,-0.8268178185718216
e6f2f69e55bc,-0.7081166365920588
4b9738c246c9,-0.6507786888191464
c61da5cfc107,2.477010246286854
836584638cfd,0.5637029626214737
8f47c4555ac2,-0.3225117821168457
0384a95de8ab,0.8328348879233206
6eed9c4c12b5,2.076901500283066
d9e2c3752085,-0.575218426548382
ee01481cb28b,0.5890292657309117
44971fa40418,-1.003074356151487
fa9e172770ed,-0.8013179528418297
4738f7fc11b8,-0.5200300870112929
09e72a26a269,0.5333975323765584
42b1f51593e9,-0.9999526174143464
da71bb389245,1.0745337053995012
9b6e86f439b8,-0.8845916696291743
694e4f2c63a0,-0.6589181823658434
2fa0bdb925b7,-0.29664105151809755
82f5d20df37f,-0.7175049112164201
bc74ccd95f7a,0.7547448323519831
2ba72fb0ec09,-0.19845339970445847
cf38d71672c7,-0.6397171599896367
58143c63b529,0.8351282575470816
ac09d5e92986,-0.674858078843846
782987341fb9,-0.6981429664213898
c68be4d0dc6c,0.4218536135224089
1d658fb48335,-0.6971239336919013
0196f7b32e6c,2.569632980330119
f116c57c9ff2,-0.6792225761225547
09341dba656e,-0.595025635266796
2d4044ef4fd0,-0.6324409115191497
c876ada62802,2.202227348564183
720fc67891f4,1.1574718101641954
3bb58bd37b1e,-0.5943649694635402
bd7c7952b5d2,1.4336948200937687
20128f74e15c,-0.5190062761023952
131b821ea699,-0.5848596976824263
ff9f652d5e31,-0.503299387904632
a09132e12fe3,-0.5335484319311312
5ca2e5f9e423,-0.1516260928295221
3c1b396f0c7e,0.88993845333658
4fcf6d47b127,1.5967735311882636
54979d9ea6a2,-1.1929984840518368
8b4de4330ac9,-0.6749827455730437
e0814cf683c2,-1.2656405512277638
7b09eb95c43d,0.7565711090763448
5bd19c62ce52,-0.17878679180856372
9d7ab1e962a1,-0.8304394905972631
08ecffe69544,0.3194259436454741
f811a9cdcf9f,0.8189068311718973
2cbe31e231fb,0.8556919224981435
684814949704,-1.0944597276582315
e0943065f276,0.6986344283184156
b1bc7ec45391,1.2764435455585839
73051b42b399,-0.781132964551026
b23a15a27161,-0.4877316533857562
28f9e049f237,0.6282141569252404
4bcd81824145,-0.5240398783890673
fe2da45995d0,1.1625729133761291
d5c504a01fda,-1.0915134102248343
9b311899f901,-0.3219685256261237
0bf2c98aeadf,-0.802752909314622
741d34ff045c,1.5055480471395568
b326008e1fc2,-1.2622737498264969
4cbc82c2b896,-0.32137397829267905
bf3f6a8eec9a,1.1146681358924213
7bcccd95ca38,-0.4294854584948943
511bd6956d97,-0.42436554339286287
33fabc0b7951,-0.2936774860477923
b8b262412fd8,-0.45720199283917773
cba3db4b3631,-0.4553863228441623
51a705247707,-0.35040349238225554
269dae1b1feb,-0.3543645183334764
e1116396fbbc,2.8513022678948596
2684cb60f0dd,-0.5030308405766708
3704232986ca,-0.3766807705833092
83fc608dc005,-0.0792024694205161
127b88de824c,-0.2595341387910898
3e3c05c521f0,-0.08751406820275585
7ca7a671aba5,-0.3057938597214148
a01ce4364435,-0.387487584584125
fd11d311fb1f,-0.4071657339605539
edb1667de79c,-0.5161430590097499
0c0d6c93dea3,-0.5394809553275348
153736815602,-0.02127933770082857
1004b05e53ec,-0.382290997362547
e0d910911852,-0.13925750396619513
eed5d44713fe,3.125149708047311
b5d3d4cef36f,1.7338116220005235
5597f7ae5319,-0.5001685959134925
dfc684225dea,0.08582458136817386
3343a9298592,-0.6276359978074293
7acc27301882,2.2500288257060532
d26027589483,-0.42786119981999826
5864aa7d75d6,-0.5589991940047536
b4d81577d95e,-0.39341629841266085
4a0007d28e84,-0.7685346186036599
b50cfda51862,-0.9093812629093225
e6c0fffb9e5a,0.24610555744257306
4b81dd6642e6,-0.1297734190460065
bb3142404c61,0.8107269234074728
1cb6023f3254,-0.5681376126520385
e9dbb8180fce,-0.6106090270850483
52c549e79680,-0.265169661365239
2588b0d3f8bf,-0.4953385248553734
64e3199cccb5,-0.49117838078031506
abcc368b7219,-0.44780190125536923
28aec0c2a1fd,0.7290069140829136
85a34b1639b7,-0.5208394480135544
9510f66924c5,2.7619680174132433
c155fa4fbcfe,-0.2986843967567173
787dc85bb3cb,-0.6039429021399741
55f432e975f0,-0.5122113019187223
55d045962327,-0.4323312259769031
e17806578ca6,-0.5099587376791174
f2946fa9a2af,-0.2955514217394688
5558bf4738ac,-0.503292924652105
e8de9fbf6add,1.1792265248068419
7674235a0a03,2.6084294859382475
c62cb8caaad9,-0.5054348441950612
ed71ed7370ff,-0.5324958240512037
da5e44073ebf,-0.5785754493296658
95350d2cedfe,-0.6210222801686099
9c35df9d779f,0.7032179989657682
a300e501629e,0.8608991681280778
f91a1bfce1b7,1.7032717180421106
28a9343aebeb,-1.0598614507433053
df1601284f31,1.1423754097108705
7f6cc97a217c,-1.0083502281790984
47f173fe9209,0.12022183194799
66e00f924a0c,-0.7161236801186935
eee68e0a4f7a,-0.6492611407894502
f460395e577b,0.1728706261470359
af198d68f556,0.5615188753913574
dc842d61a3aa,-1.5354955168288345
c1256336958f,0.4079343872919398
8caded589303,-0.6415794463849018
ee916ea10425,-0.6321555664817728
bba3bfe1a548,-0.4720272824486268
1ad731dfa71f,1.527425068152195
942d07b2e01a,-0.5229910884747226
777da582a663,2.089032894133137
b502c9de4f79,-0.5740931207729126
10e5dc4dfa75,-0.4606589939152904
a75b8fd6a10f,1.2609123506568944
782b709c9cd6,-0.574105032780986
8a66a5c735ed,-0.5152572385452345
ccd257aa61d2,-0.4845025431377784
2d81dc6f7492,-0.6546293270241875
4cb49c282194,0.7131369272902682
9192ecfbe84a,-0.6937847906588432
1c5d65c6f8be,0.7972982011512852
56716bd54c03,-1.0734352359609358
d5437e0d92ad,-0.7611542233268185
a4b7334829ed,2.3082107919615145
c8bcf91c23d4,-0.04946095049948162
d2411e13201a,0.7955899701372594
0f6201ddea56,-0.3580266015282587
036627aefd58,-0.2275228436586636
df814fa54872,-0.7962219178831376
a995247e944d,-0.25139826399190435
6605cb6a8040,-0.5874481739069933
3992743e8638,-0.19415627473635838
1b26bcea2e0c,-0.5107562815992558
6b6e5169d7ec,-0.6021242438201122
8fed0c11ac6a,0.6442634379949075
f4aff419b342,-0.1718006310980025
7c8f115a0f99,-0.6310065155677403
1c46c322fed1,0.6672418749905399
7d6f68efdeab,-0.565565381255927
445bd563a56c,-0.6122178043492666
3424f06d139c,2.814968257340113
e2e068c3eb1f,-0.2371550866571723
20e98d5b5912,-0.6383046316594703
929606fa0659,-0.0773147055268237
2ad4d0498be7,0.722321481902711
22849de7eb53,-0.42998997918618936
c80d8358aad9,-0.7528152604272779
58f79c60a1c0,-0.583049515466505
d51818cda7c7,-0.45280513420588214
3b92b8431530,0.9162208591294037
e4c5a1b2f90a,-0.6601986440270168
1f6f4e50c07a,-0.48840192539596256
37f8880ccce8,2.681492541520185
adf0b00ad80e,1.2283866621398347
1317ac6e1c90,-0.7654871886417159
f488534d1ee6,0.34206001804617336
caccc5b09b21,2.0425005607111886
6db26840a977,0.5445092835602438
679829948a8c,-0.5844770791601682
531addffeeb2,-1.1614547960694332
e7f9c7d3d46e,0.697021022521773
5418cb9407d5,-0.026015838641033923
f5cca4f310ed,-0.4081260708330914
6df70ad76fe9,-0.8335729231473403
04e35385a0d3,-1.0753436504864313
ab0c8769dfe7,0.4817052259236646
9502b4f90d48,-0.48683633137642424
9223dce86e7d,-0.49764483322562314
85b9dad3dead,-0.5401576338867119
d96a16173b32,1.2076749883963511
88c79be8e0c6,-0.7507848081125954
ed390e5a3c57,-0.43253929520624806
39bf7605e969,-0.3816741327663313
43129d79d4d0,-0.4898376215879945
5bbc1c72cc3f,-0.3617226001700506
7d6a74d00293,2.6612912008408705
9e946bd90032,-0.4094741588289064
c3efb50c69b0,-0.49559531720002786
499a3e905c74,1.2795261254650938
23d6e4567ba7,-0.43668244682838886
1fb9b6388727,-0.5270505688040031
e6fe69886576,-0.38857676770810595
cf820cac2144,-0.49736937578659407
ce617772b337,2.5496664133130453
97aed2f1b55d,-0.6026073635434698
f43633971d02,-0.5986781206173104
87a587e4fc6b,-0.48744393755500914
dfd53d968ff5,-0.514493468860822
7c8c9af32d86,0.7193048281255924
251201411886,-0.48416413436543415
c36e3af0aefc,-0.37111456205727744
c53cf8282aba,-0.5403268627655875
d538262acc0b,-0.4965014510370258
717fccacf7a8,0.9376497395265809
d939a837e44d,-0.5962222494959203
f5fe5d10c08f,-0.6064349879134803
a859c3ef125f,0.9742693182769107
41a008cf34e2,-0.562505013104239
7b7325fe51ae,-0.5521955694402785
3cdd46bfc946,-0.3124437032191883
42071c892f98,2.6099894755949395
c4d454c0a41e,-0.5773860746604131
2416e5e1223c,-0.7165226186536625
46035107c444,-0.583132736679189
6a1dbd7a2316,0.12286741388282124
f092061f0bd1,-0.6572060404803967
0dc0702eaa64,0.07204470327072968
907014bd04c7,0.8882375046586215
2ee1be137454,-0.6078696909963739
9cbdbb0d657b,-0.6986365269348392
0d2f4df85671,2.5969854058318838
8cf6f4fdbece,-0.6003872418766786
54d1f2f25b3f,0.7610059026374961
b65b22091d1f,-0.5342839845706433
63a050138b1a,-0.6266781418730084
5b665c7ffaa2,-0.49807177197291586
ec40a3053dd4,0.44803729251391095
706fb1f13f71,-0.47929089755378473
9c9508e527cf,-0.6374130989422138
b49d2ee702e7,0.8111510507803246
655cafec53ec,-0.8198818849618372
73ee132fc57d,2.453744563198844
49ad9493be60,-0.38551324094735323
f01f46d6a62e,-0.7825083464576127
db95ad4bf01d,1.0507084607862898
f965ed783c4e,-0.3787658872297001
af2a60d376e0,0.7139905366791639
36ff5eab673d,2.7837526090713736
02f0c5da000b,-0.289344618667845
2f53e04a288e,-0.4156792898797343
2abee6ee5d2a,-0.5962561444062341
29f88ce343f3,-0.7600609157620919
355fb8bbb30d,-0.5838739470462834
2166eba7c01c,-0.3253079422588641
d64e113ccf0e,-0.23402602718712
a0d7080dc3f5,-0.6252317931168093
81659a658f24,0.7108034198041443
b1a63888ccbe,-0.6026711666693045
e2c50e1d2861,-0.4662784300987818
41e40fc59bec,2.671194908824422
53c6461e9670,-0.5544771701328215
39ccde92d385,-0.5573612776089155
07aa6495fcd2,-0.31726146677419864
e23bbf8f8e99,0.8426565099354175
309b3a72e061,-0.26320052061041915
fab810e498c0,-0.5478834154160022
385d801d6f7f,-0.5838376457940169
76d966b42984,0.9185081695325137
95258e704fcc,-0.5393884951878929
af018aaeb7cd,-0.3706461486333969
20c12da93e58,-0.370266374558592
6f2733918015,-0.6292005763956375
64ccb2a0b80d,2.7736362716599703
83855ba68aa9,-0.6333358498814741
5bd1f2c59414,-0.4801519587739494
968d996fc789,-0.4357636111241368
35e6d1877081,0.8088563676310252
383661f2c8a9,-0.46908878519011643
04c6d7de3ccc,-0.5295874197360644
e9c48af3a979,0.7126771462707876
7869edbc7288,-0.3771290612684154
dd063e69a566,-0.4214026146327365
c244b7c986dc,-0.6950522457444606
a71d44d6c016,-0.06491886698703964
4b35dbad2ec2,2.7371426188116237
2114eb7f99ae,-0.4538565628413605
e0d17a8d0938,-0.8632936279225039
5aa4e5de39bf,-0.348725671152999
adc16550bd9f,-0.3139200902182704
a5a6ce60cec1,-0.4135657903193365
87f0533a0183,-0.23770587654147596
d7db5633229a,-0.10964579015262489
4711e0d464cc,1.1849445177011846
a325811cc916,2.839186135892499
5375375f11c7,-0.8269107104440031
3598da6acc6d,0.8240325475477577
1c9a7f08a6c5,-0.16789217202676715
43a10e7c2f20,-0.5524180438392542
9d05c6f03330,-0.24785148639862262
481069dbd945,0.022237316518773365
4c1913ffa050,-0.6192055869279778
55714f9aa650,0.1874481936088514
b2364de4b193,-0.5141126168943878
d21c05189cfc,-0.5711173733768807
546a35067f88,-0.3733962036599877
0120b59533d1,0.8881953134728872
f364f0c58cfd,-0.5441474623649565
a855db07f881,-0.41582313879945004
4fba46bb4d76,-0.607614769322354
8b0f68d50c9e,-0.5919873718870129
80675541512a,-0.6115767591397344
713d758f1632,-0.5674659805386207
b1792ac0fe1c,-0.365295472900479
539c93954fb2,-0.5629444062208635
4308c32cf0ce,1.3175168971414477
c3a6296c6201,-0.3818874076246691
ea98d3506dfd,2.4430305581838057
a1ffa626e304,-0.23848396850961487
5b7c9b0271bf,-0.31154293401917477
e40365d38530,0.8876498412721706
e9a60ad13f13,-0.8596069593359421
e31e56178ed5,-0.7172062493480847
b964f3a90f1e,-0.1173909359352187
3435590ec5c4,-0.6922807822985314
a73f011fd043,0.9439330943788008
ce5d2aff5dba,2.488143263735574
f532d439d11d,-0.38895693514862195
dd22144be6c1,-0.5605390122195424
8eb95c264499,-0.4337184225718144
19547d6d902a,-0.22501216215312447
c083d2fda2b8,-0.16417785585916292
557a72c8164f,-0.6574418267770462
c86e8594ba50,-0.49697937941465614
9740e8c00e6e,-0.34841206734251656
939d02749efe,-0.6977833058931735
cd24237c1a84,1.0225115184898557
990e5d0e1fdf,-0.3946389376835998
eb59e71a89a8,-0.3337108313689684
f7b61fe62f82,2.854964343103714
937136200e8a,-0.2309228493690806
d721bd6ec4c0,-0.32839664573224114
9f6f1275c891,-0.5418005707525201
a1b366cae05e,-0.5827419588860179
5068d91b327e,-0.27380317025939205
ed18df83719c,2.57497706125453
1a20879d83b3,1.0060683101368462
85c44bf0f00e,-0.37064076441696303
82a0f984eb3f,-0.4553584765697904
6e114ee3f11b,-0.5090435516545723
4f544ea666a6,-0.7401993544462357
822339afd97e,-0.3986142495106057
ca98cde0b4e7,-0.6551349975285902
a98aecf7b112,0.9462917226333111
d447115aface,-0.6138165858253831
f31e598ab987,-0.5737931485799945
4c9fa7d18b16,-0.6779965166623512
02ae466c5914,0.9273423817639138
d22162eb0e1c,-0.6198738458478769
5cf4de7e6e28,-0.5745932964708926
fcf4c24acfdf,-0.46830792289447776
5963803181af,2.57465685322645
66f7e73666a2,-0.3575558083446879
f4110e75678d,0.9032129675054092
54e27d53c4ec,-0.6535675635049359
020f93d1b1ee,0.13429248563482638
b19a3ffd45d7,1.252341081764559
d269643fbaa6,-0.9083448182564334
7552634080b9,1.8766265135061349
71ed043733ce,-0.2699565127592696
168cba2ec89a,-0.00763006622241773
6800f2b63929,-0.531787458243251
483b4d1918cf,-1.1565762890125997
10fd352fe161,0.09725280430651903
a5f65ea8709a,0.6398516786487031
7635fa99eb49,-0.7055472090554427
1079ef49a4b9,-1.2361287743254334
18af36a6b0af,0.9498990496489313
a06fecdf2adb,-0.032553651367450566
3ef74abbd1fa,-0.35826323265707805
b02277c70c6e,1.0131586334067026
b824462e6a2c,2.2522713131408456
f31032306c11,-0.6392047420769019
5623c0343b0b,0.44913760946192666
dc1e00ffd071,0.5410673088031579
4edb108a7991,-0.057074921143571086
2f06aa9fd575,-0.5064712675233494
2e318115390d,-0.7056969644579578
555df804cdf2,-1.7089116846183847
1ee03f047c83,-0.2474584009679388
9826eb20be97,-0.47053633717228877
7deb0e9f6da8,-0.4427074982417414
14fa02cbe384,1.1775985336480241
da29fbdbe76e,2.6611594063263446
0fd8899c1466,-0.5484732994514488
932f178fd0d1,-0.5844770224195069
439e61c4d9eb,-0.4691029440804042
22a2cc839605,0.5794599864945962
28229b7aded0,-0.4789267087953136
8639217729e3,-0.5192565948302162
27539496586c,-0.49231264999853025
f3fbd94510ef,-0.41242487147951457
8a0d1a20509b,-0.8262028938052985
e6fe325cad80,1.0173932315556324
3ca41927a417,-0.7771919457471825
ded4ecfd2a5d,2.487554253118328
98c75a8876d1,-0.44343182588267843
5ad352024b7b,-0.13790354526977708
96ac7c244d77,-0.49586917160188226
b96dff591a69,1.0146531161264223
dab4cc0d1df5,-0.2106394979614956
f0041ba51df6,-0.582891655985836
1a94971aa5ed,-0.6763787514720365
51c8a1c06c2a,-0.36909131307419596
adb452ad6dfc,-0.777187306207763
e615e2125c90,2.911021263374221
25a9ec05a2dd,-0.9728849485996348
64befd650a70,0.059433780514888165
e5a6dbd86c9f,-0.3061533726975613
ab5224da1f8d,0.4641822169592792
3fb3144e71bf,-0.040199070356252836
8708916f8c90,-0.18690032410520746
3c811ecfd9c8,-0.05959440510074866
c3f7ecdac911,-0.16864164278410854
251a42122edc,-0.7259802390580196
d206c72e1e16,-0.19709595193909196
b405938e929f,-0.6426366568773526
c9cf23185012,-0.4598048796074569
28e54de4d75d,-0.4963652945887081
c94c6818f5eb,-0.5762104521196959
8a4134cc2a3d,-0.5192202488285544
cebab46225cd,0.921886948502522
aa90c6fc914b,-0.4631207219762582
0f6a74b4e590,-0.4511250860722352
074cf8fe8fc9,2.6561484649503377
ca1b3c608669,-0.4332897430099438
8115448d1248,-0.44061595026833306
db1f60c34fce,0.9043536198956783
d393369c2322,-0.2988171931410561
017ba9ff1d85,-0.6419463624293085
39d637ff50be,-0.7019886880782242
e66fd85b8fb0,-0.49304873503472996
7e93cd54bf19,-0.5212125569612058
195f0cfd5d64,0.8512293202014907
be38a901c77b,2.2986500337853397
3e231489ad3d,-0.5878798776651836
335de6c6c0e5,-0.26763882404895045
18219a100798,-0.5342521697767649
213872adde8b,-0.6289029804943914
fa7fd192cab2,1.525808033642984
b52d3480833f,-0.28753740371388
c975db6d0c49,-0.40504850394689085
0471c9107b75,-0.03346185407262291
594d7efb20d0,-0.8259241478634455
f8b2427c4f43,1.2060055571586696
f3749731b8c4,-0.8873164489180276
05da6e560332,-0.30536795659121385
74ec019e9276,-0.44281765927539735
0f5b3310292f,-0.23942464734939922
2a91f80f1f70,0.02350055677744668
0af85bb94bc4,-0.48073348256376447
bb35c258d848,2.6781259903585255
2cebaf987c3d,-0.41910927605165943
10f43414be85,-0.5992382696235128
1dfe75fb0678,-0.5243811413312345
167a743e7e60,-0.5622830102728265
064cb280a066,1.1608672349616487
a3b63d13ab4e,-0.6388539042618597
df0eaf1c752b,0.9155068090913168
d87f63c51bf5,-0.46052296486386646
b50d1d5e6778,-0.5742214298566235
18b2352dfcf3,2.5242225600006076
8ddc30d419de,-0.4598094556308981
e8c5b2b74483,-0.3621771521610921
f1a1051e7068,-0.5795507532656802
01f947be292f,0.00495917073533403
29b04a763495,-0.35989962501959577
860fec2e5397,2.8522227061753664
3f278177e3ef,-0.5048357501910093
44588feab075,-0.659029198156551
be191a159083,-0.5900768671916768
749d72fff945,0.8036705859741606
e27cd9e118cd,-0.4730094241868766
de3d24640dc2,-0.32852121320182287
0348e4677a59,-0.5053372091702656
8c0c4a9b9c1d,0.3394075774986167
e3cb8103e368,-0.5887641327148475
b90f06bd35d3,-0.5294156048942527
c0ad3bac7c0d,-0.41029127635742835
5d94a0304485,-0.22255682058458665
b2a4ddf6988f,-0.3516599738594694
4c5572baa194,0.9896969820317163
2faa45335ab6,-0.5242114094099307
8bd4bc016b1b,-0.4778292380246622
81ac7555983d,2.8227125838017417
bc07b9c7883e,-0.7288372644413634
a28756097ef2,-0.1371079277649077
46c8fa628f7e,0.15826408221799035
c946445d2a7d,-0.2721503702763687
04f758c51f2f,-0.40037536841497523
955d46e2b724,2.6065161091425466
c7fc544bb57c,-0.4986156362097221
6a420c08e4df,-0.60398716584118
b9640f304b8d,-0.5467054176024324
96eff5f3fbc4,0.9622451920759731
19710911edcf,-0.5941782329102488
3dd8d637fe72,-0.5595225894714267
6be07cf5baef,-0.51657791775817
0c016a7e0631,-0.5326996692448683
3a641d7e6b71,0.9560510665108723
8c84bf937eea,-0.4989443782501405
2744c00935d9,-0.512523075921068
668026b2afd3,-0.5076667747965531
7b704e1c65f1,-0.4721910524674091
64f138f25424,-0.6642919700570598
7a3c3131fe20,2.286273240647907
1c7a0e9d6864,-0.4619655670711052
ae8316482e42,1.0325296478794506
c394bb43cd71,-0.616348922665408
f78ad2146169,-0.6750772471047445
75aa5e02108e,-0.3557230645859372
216b7fffc76e,1.4459291643920682
5279ce8a234a,-0.21711204712751495
1ffd7a92e801,-0.6227305960174251
32d9d0e62d41,-0.28768110905502575
30a50a4f343f,-0.37975561453094986
1d29fcab0b76,-0.13662368503790634
cfa6847bcade,-0.2883050522027958
c01c06af0d88,-0.2001658986477772
80e3e41f2b5e,3.0927992989762947
58993e70f50c,-0.06268988510259593
eb8702d488a6,0.1721020293389013
149444a96f81,-0.4846546804217801
560317904f86,-0.585182760171425
378779cdfaf2,-0.8782331640928605
12eb300d0319,1.7676631486585548
a2d1be85b0dd,-0.04494971643283389
745b5280eb02,-0.6271247316357282
f2c548cb31e6,-1.359276392488189
c63a01124e4c,-0.30410875702053275
5aafd0bed48c,0.4931583589462471
e2c383f90a23,-0.8680468330612674
15b3cdb23e64,0.6552340640686628
37d6801481e0,1.699489482952526
71e1beeb5f10,-0.5293782174474755
bf585216ac72,-0.004427242447104126
5a3b2aa2f8e5,-0.31762407847703344
60471823f1b6,-0.4676741233778842
9b285ccc9b6e,0.791783453371887
8fb44abdbe79,-0.6450649082604211
f85ca69ac590,-0.5822463866580636
f4a51be4bde9,-0.5054677935344649
8724ca78c5fb,-0.6451846174972157
d991588f116d,2.408873895843636
a4da600635e2,-0.2655350036131336
646c43716568,-0.7267283770277336
177aa0e5b945,-0.45801377976503077
60c207148723,1.412881718995458
e4826f6acb70,-0.5186009441757203
488b2f1f2d09,2.634163857785517
dca3dd109a35,-0.6035080482715642
cebf45cf81a5,-0.5907379705928183
c94233386790,-0.23902328492709962
a308a98543c3,-0.5739641380344327
f67c36d96e41,0.8672928448848848
2405bc9b5713,-0.44953652398869803
6c7f2c8aba07,-0.3628581033725251
f4dbe58cabf3,-0.6129253911839748
11c8d45a3d5d,-0.5239834819832687
94400b2e073d,0.9736811838596996
8f2556be1c06,0.015198135000347515
5c01fe3954cd,-0.6634253616245912
8c8e4b14d017,0.07128957608133882
c67981b1ddef,-0.6578290037026556
fa628081b666,-0.7223248087768599
a2f46086ee5f,1.006268177273965
ad8ea8daf8bc,0.9032295877883046
f180893bfb68,-0.7063623952606006
22ebddaef853,2.475749461216389
1e8201d68ee0,-0.4268160258468302
61f606a348a5,-0.868772242247002
cbaae8fc6843,-0.42620509990180516
15647401237a,-1.4550494634538227
bc9ba963c061,-0.48734823456890286
441248a6f1c5,1.5333802820452962
22cb455a2cbc,-0.6407385005900208
5864a90d802d,0.7117963211708805
d3a0eeb8389a,1.2260610524655282
63d056133e2d,-0.9220073347026903
21d2966001a9,0.7670049503325638
5db69185bdbd,-1.3514913036547331
b0f281011b91,0.5698031849793745
4eeed5624908,0.08951034424634757
3257c715668b,-0.040921298269821105
06198f27bdd7,-1.1495806200745222
8c413140b7c3,1.10581765325983
7fedf2b54368,-0.41459332382384956
d2ff18b789c1,1.8492887017460253
b6e558fa3226,-0.32440769751040666
02b5dbb869ac,-0.5989976880158635
07a7689845cd,0.7452330635103595
84ae88b1d128,-0.5939203489726704
45fdae8e6f77,-0.4519938149701901
4921a04b0312,-0.7538317515662006
e4d4df8dd44f,1.3955380412852056
7d36cd315f8b,-0.8085522148677173
2287070a11c7,-0.7786057191265906
868fd080040c,1.1891084370081662
4e93e41fc1a3,0.48247929748921703
cf489ce2e757,1.5128498493653606
1f7c16ae7517,1.34308132425904
0dab1a49d4c5,-1.2094186672335066
e9c9c8cbdaaf,-0.7544299277529027
114ac6423af2,-1.2885279233471458
b35d9825223d,-0.6652725577821982
5d43e57f328b,-0.22976998261021003
21ed0cd1de78,0.33515453512922216
01eb7e2e13a2,0.06335133460154853
edafd8de368c,-0.20750140285090424
91f1372a572a,-0.6131619045227286
883685c8eb3f,-0.5599948010945373
47aa48f9dcf6,-0.6289930320962004
a1240efa6138,-0.5644533093119902
1088fc8f240d,-0.5874257930727608
df226c62431a,0.8366457292455709
1802fe526d63,-0.45015638386776013
9bf0bf5256d8,-0.6630194309487044
ff72eca94946,-0.24637629167720654
9ed79f28d4bf,1.1335578086658717
ffc12f0b8ead,2.5508788115313505
cd1225aa799b,-0.4890962441430122
fecd3a8c26b6,-0.7054394529433923
50bb41bed352,-0.4751376812805864
4ed11a7a94cf,-0.4388010155322793
b388f3122677,2.606025733024304
e8513f7be2c9,-0.587797970400425
d9efcc3010f5,0.9222005378226161
4d10d67d1298,-0.5367574545289542
764bdfec7e16,0.9643572923695268
c56729521f39,-0.5608489281663736
c937323d3e83,-0.1565259760516865
e2eede9233ca,-0.5421788401697372
3dc7fc25b348,-0.48810473885649686
714fdd516d5c,-0.662296763675805
764bc00fd430,-0.7254797413628519
999b7f82ea2d,1.1564397424725872
decac2641f35,-0.6114087696892632
648426d5cc1b,0.20702764676917546
1ad13d78aa8d,0.6512902202611228
545a3ea5c4a1,-0.624492039514041
e89dd3f2de32,-0.12133423944984448
b2b5393f5089,2.5149656944581764
dba51ab2d50e,-0.7225764494740173
ac6c529705c8,-0.5740305619387419
aa7fc81863f8,-0.4399389679990272
68b471f288df,-0.4925644105700882
3e18fdbfa45a,0.4239423389282845
1a502f475804,2.6538714226612163
31069602d203,-0.4309565884688853
880be31cac97,-0.6903639209944368
5d45ee510bae,-0.7742114830775215
e54131127517,-0.8642651082792109
5ba28dbf7508,0.050412460220576286
2484d2e9a17d,0.11790631639951145
b7b8a341a1b8,-0.5508382148853086
7eb4a626bf8b,0.9970061560648905
6e2401e3be42,-0.5833898067247564
a51e9add12f1,-0.4624838675370605
94d6b95ebdef,-0.5135637729797693
fcc32e82309e,0.8891200368023736
c9dadc2516eb,-0.4909720298502222
b3a514ba730d,-0.5048039959633694
b63ed571a602,-0.6003287125597683
df5ca8761894,0.5884428572650675
4eaf9753f447,0.5261884761034524
dbc24ffe078c,-0.8365994609397011
9ef5a71910d9,-0.6229308356206191
fce4ff7512e5,2.6113211120043727
81f26ba11d67,-0.6523068018483432
0f5dd4945f92,-0.6955992471992593
e3ee794e1af0,2.276644256585901
9a965a4a999d,-0.5328752145221939
28c9898a6303,1.3399428594510931
7919c9a13c6a,-0.6780278961526418
65f2caf410ee,-0.4729206449992629
5fa1839066ee,0.08553454212939333
c4c207046e7d,-0.5336315400603603
66730fe8616c,-0.565195022926534
e75500137feb,1.0593790283439213
a077a17146cd,-0.6309443188017136
377962736ea8,2.458445676318817
03ee09ad2cd5,-0.6976163100576894
0bfae81d71fd,-0.1476108136349566
2ac475db03b9,-0.3100132674184005
c3010d466a5f,-0.5522293654814957
f1193c0f5f10,-0.706385810102815
0284c2fbdae3,-0.6791499422322956
a0bc44f22f1e,0.3886223639964091
f23859e405b6,0.4672551110926919
5a41c3ada7d8,0.449213177045143
7a06b5e6156b,-1.3653591070373692
f46d8082d75c,0.6948282875119606
60af383b7854,-0.40417206178266835
8660e64d0045,0.7076616134685688
5d6feecea6a9,-0.14878738035199632
23c856793cce,0.4088125336710907
54c3750fe527,-0.6285063864621127
c4e9bbdcb7e3,-1.3427202493030685
d62ce5b1b054,1.1702639293352137
88b3c21d11ac,1.1959199104581328
e5ec662649bf,-0.7426641199510889
9eacffd810f3,-1.3791496569912087
60337aae273e,0.0983387441394287
c96dd3707f87,1.0650031237697077
2a175a97b813,-0.6730293077082591
3481d8c476c3,-0.4755943544786502
0b38a7e992f1,-0.44597618488446567
2a54cfba6e7f,-0.6039087935908672
3fdb5dc40ca7,1.4579473490134787
916b3311cdec,-0.42597626741908723
c2d56ed37f76,-0.5223371616767497
1be126808504,0.8784004033403555
52ace422c869,-0.5461325078685271
95d834036fa9,2.364426300155581
57267f6f9722,-0.5000500027448468
1d5d04d4c5cd,-0.5077694721379625
5f728f697f3c,-0.5207663317396843
8ad2d4d8f2de,-0.12138527011097278
2cca8ca75c6a,-0.4640813640482648
43cc3098f302,0.980825540041664
4f56caed0aaa,0.7426568456427725
84fa25c320f2,-0.5251523043342498
0b827343ddc8,-0.5893261001728606
0953eccdae3e,2.661621975161274
9473b2b26638,-0.7231083980380633
08c4b71a0b09,-0.5003821465426432
788d5e9300f1,-0.6228720642368778
3c40b31bc3ea,-0.31803038162209396
8fa9d7edb235,-0.5747799938384531
761d24874591,-0.43284850530442753
6b231e0c9518,-0.585372609614683
55b4fb977515,-0.5778462296100595
d20e452d1018,2.572274545403189
8881f9b0b5ae,-0.45289049507945106
28dc982d1ca0,-0.5754990046914866
3a1e80275560,0.8663187083591914
e0da2dacb4ba,-0.5442271884929202
7c9ebf6a648b,-0.30328957081068275
bac35981c79b,-0.5107311700021406
4bd9d9590ec9,1.1188915136819235
138694f611b9,-0.5827437663075089
9030103b9451,-0.38840461621701083
170bda1d2ec7,-0.5555252787117292
4d52ec8bb4c1,-0.4499228946611385
355bd7452691,-0.5097995327240563
0b88c3447bc8,-0.4291379565220657
9ed2c1bafc7b,-0.6320936061635729
2a52cd4cefaa,0.7959212058227612
de7cbb8037e9,-0.6333480575641468
3250fde27722,1.3694339066629273
319cab5910dd,-0.4399708085705804
f63d44ed9d17,2.455591404956121
506fdfb086cf,0.08190019465364587
60e4be249129,-0.3148033442405033
6ae7fca2ef46,3.0690544415395125
69ee8bf9743b,-0.31673792238893245
c1b222e89292,-0.4314225076409157
2946da225b2c,-0.5397881536309017
1840753e0aff,0.07473302318193042
2b14fbf1c2a9,-0.7470298878423396
b0d74a62c2e4,-0.20029015031288705
31cf165be425,0.06843242508777683
566546e361fc,-0.37613313526531694
8b879e9940b4,-0.36791498314106874
1373719f7316,0.27019681613098184
8d5e461ede28,0.002285548154847541
e393cd15b506,-0.6050679606426322
addf21d6e31a,-0.5822498037585984
8902f3965408,0.30059200175133644
f2e0e03d5c06,-0.6143814820717727
6858031e7c1d,-0.08561135537269869
1d9bbf96a89f,-0.5246186420180249
cbc46cfdf8cd,-0.0021206189567617327
c95b82e6b1d9,-0.5160828629073949
454464fd6775,-0.6127684167717643
3efd859c6a5a,2.9698267764624826
940bbe99f601,-0.6370573669459023
aec5ee5da93d,0.5889714319301521
bea7aeac670a,-0.6164200693451013
ba67ffb0c8fb,-0.5977829400533718
632fa404ca29,-0.4903679219921615
faac9f006f17,2.4229712759516397
c2b7b7e898ed,1.460452159730637
1b6248302925,-0.527300351844115
e529572379eb,0.0925996426203581
010995474a91,-0.6510159159872846
6a1473924dad,-0.5667074416533551
b9f369030e65,-0.47834250241149495
036dd2ec03d4,0.17101028658419412
74ad7dd8320d,1.1228048696406485
1faa64add96d,0.8142318127382637
9708bf957138,1.0230096025977615
20b956a81b1a,-0.9383433444804149
4e858bc6c90f,-1.1300722301179815
4296bcc2968b,1.404046070924236
2188ff6ed6df,0.44021388619209456
c3df8e040e7f,-0.281284181007203
dd0e66de0b16,-1.7629826369252959
5438263eb55e,-0.4198797410199634
e0a8f7f6c4a5,-0.4427543951263395
f06493b85d33,-0.8944382231555075
9b430c33bf83,0.15201709459260956
022bfec694fc,0.5706542757294644
faa3e1fce948,0.12404715679305695
dc8486ccf10a,0.6859485829709991
d3778ca082cc,-1.1589195865508013
e071fa088b57,-1.069087684944913
cc63eb9887aa,0.31663308440308324
891199ea1bad,1.756730897020803
044522fdf712,-1.5242606866798236
52994b4a49b0,1.0958179809780801
f9c3acdc8b65,-0.05514289115705184
3022f7181c98,-0.6258398415398471
df8c6166be58,-0.5477362951246549
bb84bdac4f85,-0.4658099076637151
d9086c2f7af8,1.3816184474282007
18ad483ffcb7,-0.5492125212991559
a560072bb156,2.3641518347996002
1eae1eeded82,0.9905111341390167
62f953fad104,-0.5227778841400564
1ce8182def13,-0.49061999149467606
f5d24d606ccb,-0.5802027894586308
0678c0fed7f3,-0.46468505388429604
d1f91f72b194,-0.4893971317617853
59d77bc2a849,-0.6798802617532191
1bc75c677bb5,-0.4500544560352714
0e487677c05a,-0.6032973080463512
588124e603e8,-0.5339219352931222
4d5a0757228d,0.49098596962056995
099fb19e6569,-0.32433445181775306
69110d56d91b,1.0894285953285059
c7561728a79e,2.701059624063224
b907322ea008,-0.511555217119859
c99083901cb4,-0.1559938306155604
a8c862b4759a,-0.3948924129418254
1dba633d5889,-0.6275443153893382
87f82034bbca,2.427529177416795
f2855ac3fadf,-0.3408072654873272
2bc2d97c4c9c,-0.6560623375695149
a83b11cc666e,1.0911484761541739
60de490903a0,1.1183988097939024
4b6bd754405b,-0.5733914031745104
eca4b132ebb4,-0.6246488425335182
643fef9e22d0,-0.2427885254365323
234a8dd6b4b4,-0.610053241424795
9bb6f9c7b3dc,-0.740770222020225
84fd12adcd37,-0.29504953102155534
363fc4f94f22,-0.5535050946968932
704c5c52458e,-0.4976423375202598
04b021c3781e,-0.8150376628832077
4eb90f306b6d,-0.4945820589202343
3a9feae47f06,-0.7217383930356638
8a0637377f80,-0.5805746094007163
3319274c7437,-0.6232053244533831
d7d73d0b81c2,0.37944923689085697
4e65c1820fa3,0.6050493424434612
67e8c1ba616a,0.6842239478495454
03bdc6979d68,-0.7414887744376664
cdff14a0835f,0.15254445896186453
76ad082a9389,2.653002174505403
3996e3361af3,-0.28870921898641294
c03a4019e5a6,-0.3998874788155151
1ea2678b7fa7,-0.4473867877314036
a92fa28be406,-0.7055750309756541
2c4600aaef0c,-0.022218777600247153
bc9b1c7763f4,-0.6098961553262336
3129d143c316,-0.37626373611311514
570c0254f6ad,-0.5720294889869832
1d98faddea32,2.9132452357046374
f5f3d8ed4012,0.8096216163548848
18a336c3d99b,-0.2522829514710078
ccd56745a387,-0.04861722605294933
5e9585d3967d,0.16313118542594218
77630b0d32da,-0.877086367436371
8c7b82f72d5b,-0.3751102361906751
9d3f237c4cc3,1.9494200669544406
59d62b4abe46,-1.0408369935822186
2ee01a3a5116,0.389134558388056
928222e37fca,-0.7745376244067408
6b8ad07e5d18,-0.5720312025584147
a2c4f756fa4c,-0.568840830384152
00a8413b4255,0.425835321770467
66fdb7a0c494,1.70067409093865
77f946e8d0fe,-0.4197519689189832
4919e3d0a468,-0.39902275277533283
a8ea590377e5,0.6930528838092578
d2e5e488216e,-0.24375758718772975
a0e9e3600db6,-0.7323780921413288
9289b06d7684,-0.1165780170343825
39e632d02963,-0.39090160530245077
f78997e1df40,-0.17053387788966068
095f96a25dd1,-0.5007052510841016
09aa08f6a663,-0.7860135697244806
fc90ac4fe385,-0.28742386242685297
be55d1049a02,0.004322752393018384
1e3154dfd011,2.9299389793640445
d3beb9778d84,-0.6734439780599355
30ccc3505454,-0.576785227298846
0356f9870afe,-0.51516174779673
28b97509044d,1.3096759096273256
fda5b4df2128,-0.5056833865072223
185e0499ab01,2.335386487283604
658663233db7,-0.6436189030254861
d223541616f7,-0.19127524114202665
466a9136b587,1.0812525707593836
02d9b7f5819f,-0.5326965095932754
9d5c515b4fe7,-0.5998918581119616
78b059365634,-0.4877581161348294
4008bea6c09a,-0.6176383821312494
f0bb21abe15b,-0.2608855933266914
773568b0fc5f,-0.38570138616599
a71b754af18f,-0.5656463186751504
76cc2de6ea92,2.7399852304874655
962a5d551ddc,-0.45414799601049105
71fdd895e912,1.0800577696360827
21f06d962107,-0.5762024963772999
1a31952a622d,0.4464367814790671
f891f3dcd72b,-0.5001155272321356
abe2a7f98c1a,-0.4462685040694892
8749d4877e3e,-0.45987357761411846
644db1ea57af,0.2092758400626426
3d9be14f6820,-0.4223804720480594
7eb7fbb49816,-0.5490751668738172
1d59c4129491,-0.31976540513798146
ea65665e50e9,-0.4968199312419876
94a07def5f93,0.3026388270016106
b8c7a28041cd,-0.2626669611573045
e2e6b8eaae62,-0.3265194579788727
2a5b76582dea,-0.04217913117132675
09114da88961,-0.6359235480468898
e1364f05325c,-0.4884581191309244
f1e22060a302,3.0318735257229106
2ca3e528afc3,-0.34486330909639695
0b82b76b314c,-0.4760692907972379
f97abdb99967,3.001296482647259
90cb6226c211,-0.48910335433654273
c732bc2e23e7,-0.4881601094001466
dc98334f85bf,-0.38665339183513864
adaa3eb205ad,-0.38662941194084555
4a26ec89735e,-0.11759745668499154
efcc57d3238c,0.6593517321793283
1d2c9dff1a66,-0.5478728364374472
19bb06d12f0b,-0.15231483854086403
16fbd9f0f4fb,-0.27138421575697613
3b9b28a9e987,-0.5860037373313728
847377364b0a,-0.5363698426194015
0df51af5338e,-0.5985738953153142
70c6fbb74b3f,-0.4127922974059615
31c6bc9770a8,2.5668241715742988
c435097b9851,-0.35599355653201087
f1ad800591f0,-0.5283558526289528
e40818fdecde,1.1891369337106523
f29c8e113a0f,-0.4440195934625685
c0704ab5ed68,-0.6266263508320101
2b8f3bea2535,0.7878696457733942
b6945d842f85,-0.45509562493075334
83f24ff22210,-0.03493121269973586
ecd4df998fa2,-0.02538347540118469
4049decd051d,-0.742424685676718
173ee527edc5,-0.32931306487668816
9e1e6ee000d2,-0.5568090793145317
3e21909b3c4d,-0.20453364657064793
d1cd73c14cda,-0.17794403517913854
c40787350e55,3.0668462553295397
1d51a10794ee,-0.20065621098788688
d534c3325a9a,0.0706881049612239
5b62756a07a6,-0.6728083803754143
3148d9084142,-0.1927305692088173
3d0d98909cc9,-0.40363538069175176
8279c6d193eb,-0.6168985113575199
6b6ca0b914c0,-0.5252366462143814
a915f6d30b0d,1.1413658199432997
0c97253e225a,-0.2778242788569782
b1b3ec0dfba8,-0.37562019275757225
011db3ff1963,-0.6055652880398174
ebd7a1bf921f,-0.6063801250251619
a3eaf089928a,-0.6794459339047988
17ceb152c736,-0.31639550589134924
d85bc0a445fe,0.6265926889129729
dd006e2a5eed,2.6390433538830584
73c24f5c2113,-0.04291941937907695
d1214bb3f2e1,0.27931237972208106
37273e1d014a,-0.23292383737648725
b3dc6d149f79,0.5154454571933165
840ec51c29cb,-0.8392483256648433
bda07b6d28b7,1.2682084203897608
0c7862654e6f,-0.8583878425153421
2b6c032e14ff,2.236467022463069
6678389d03d6,-0.4051002621436697
ce8032e04ac8,-0.8644581264824794
8fe80d96c7a5,-1.0941659412422098
824af06f1812,0.03777047503588156
63ca9452e641,0.6939625465809169
ea8281f45b71,-0.8702053228053865
7a69b43accc0,-0.7808684201423793
58ce50156d81,-0.603441180339681
7f622c85010f,1.0862391262832003
46eb7a8999ea,-0.9532124897212396
aef9262f7268,-0.8068986103257468
6c7c0b3378ba,-0.7085824252332966
f704d6702763,-0.3090067893101279
847b08b6d202,0.19445113733522024
998cc4cb2197,0.934718595766511
4c31a59e034d,2.122843831912009
7da1fa0140d7,2.4955194671675245
066e16ee831a,0.25301859565398555
9356f58631ff,-0.44780742235553106
13c19318d88b,-0.6840535030909655
29865060020c,-0.5897590345141105
817d0dabceef,1.013058788166794
919b6556bc79,-0.5062689221069284
fd6a79f1e16b,-0.5855637799374764
cfca2b6d32df,-0.6662764946228563
cd309dc4f1a9,-0.5772748584597888
63b1786ef48f,-0.6328556322457359
a44d4e2374ee,0.9282627963450883
19b2d0971ef4,-0.41173495888754985
b066cca2d358,-0.5585308835984037
a6d7843a858b,-0.6652423449995872
0e49caadd51c,-0.5484059063241
acd9e2200ff7,-0.45239674183659967
89e9df7079da,-0.6362814490572726
bcce78ce80c3,1.2701507243159063
4ab48b80ad12,-0.48074548288470753
4ca168248697,1.000403903574521
364dda1dc69e,2.4228532737200337
240ab89d159e,-0.4637975628183319
dcc03392cc64,-0.47627257120390887
94e32f43da7d,-0.35145212969777506
67117e0e0693,-0.6212422354030831
7de17e600d32,-0.3875375318266709
1913d151b5fa,-0.07616497132939316
33ace0081a81,-0.29962796481300613
2d980afc708f,-0.12459670254451205
ac17db2d9930,-0.23889364369323815
6f2d2d306d70,-0.42124471636477534
7a9638c994d4,-0.43919704107218194
e22ff75a18ee,0.08059122092393012
3b8c8463bf53,-0.23905101857026903
d5ab6d877329,3.118416734390975
eb9841c87208,-0.4419183579954012
0e3cde00ecaf,1.0860902079788308
39631be38298,-0.5664481653749163
a46cd6f4b811,-0.5071648272558426
5aa108d8b869,0.8519270089906956
3d2868a57b0d,-0.5169911686279333
2b8147c8e673,2.602157026221122
8c1c51bf849c,-0.5363363672565706
17f7f10078d2,-0.43232074117758246
54ae04071124,-0.4826981820421249
06bcd3bd2913,-0.5999153857826737
8a6b51c678a7,-0.45638104767760423
22cda4654b15,-0.35178059228428604
41ac43aa2708,-0.518353988103769
7e577033d7c0,-0.5795510377378816
d473bf4205c1,-0.531864744299297
f61fb656b974,-0.45761968125567265
3848db326040,2.665407778040626
4da258763303,0.9242747905865424
87a61dfbf04f,-0.6143670601120015
f9511f82eb10,-0.30797939037747024
702fabf926c7,-0.5841079874074988
6f97dace5637,-0.5081077049019324
3f1dd72ca6f8,0.8640496178526413
919f2be573f8,-0.5944163151125456
e40784144c46,2.616305058129681
798e5303055a,-0.5594564086573174
087efc03c39e,-0.1320606419352433
a069cd466a8c,0.1143424184305066
133e657049ad,-0.7462605547013319
de1e29a17a2c,-0.10639431795429213
d2f5fe1b23e4,-0.7766701362454855
8f13911c8827,-0.6523387558313676
bf7d4ffe5ccf,1.290614122919102
87318bfd138e,-0.03963373887163943
6c2de187f1db,-0.4140307301700669
6331dda9c002,-1.1225651599821636
5cee37fe49b7,-0.8931508799080493
7514abeea5fd,-0.9374189222215619
7e478f18fe35,-0.8046811704782063
1fcfebbd3a96,-0.3256244735854411
a98632e89894,0.25870304691709933
3fd333c64bbe,-0.4631522036923226
bb65ce736137,-0.6384005951598852
3357be0bfab1,1.4665882508759889
a8a89154217a,1.1850296607779045
607ab70086d9,1.5846950588043835
8c9fc68b1c0b,0.6899773876522537
5af2006561fa,-0.4161510389662821
91c21d64d21e,1.610416235622043
3f3896e3b8d1,-0.5877095112767667
b12f293de52a,2.1321786122476065
93d1251551ff,-0.5459032391095527
02881c61a491,-0.6429362317732414
bd76a16db4b0,-0.4546852005799684
b15a8b4f447d,-0.782744049773623
7f27cb93d379,1.0276876072229395
d457268baa77,-0.37450616861148456
c7e398489e79,-0.6942353342578668
24dcd9317266,-0.2714116807438033
c9ab64b97856,-0.46410429105709977
56c29258a59e,0.1058510577544119
e7ad5cd6d5b7,-0.6381856980387017
166b37c4931a,0.4010403183588828
36399b0ad4c4,1.2149610690906791
394161ea42b1,-0.7675317934132807
d32124d31aed,2.3125431192019663
3dba0926ce82,-0.5930786475002998
7fd7d7143401,0.5134501061035983
bd7b2924d3db,-0.07165922327203475
deba948e5220,-0.7601921909603396
77ae48f0220f,-1.253093826267782
0df55d86d5d1,1.1908323858055874
3fd2b970aff7,-0.9351005639734897
81b0d76bb193,-0.7955012421449185
04526d5fa48e,1.4966014676581043
570955a35d8b,-0.8446392269758056
c83570665782,0.5100758603479434
80e1a31d91be,-1.0815960106560192
8305cdee0626,-0.9374377965797432
67222adebe90,0.5217049713848623
7f4a5f139c0a,-0.9250504623572201
16dbccc340a4,0.9883223112926846
1eb996af0bcf,0.8117883061980147
3c71e935eb6c,-0.5079370895173361
9062480f2139,-0.46904977405812764
19e982e12cab,-0.4947921585965334
c623dc961c66,-0.39393761485414636
4df042ff8a0a,2.6926756878835483
6a3298b3c0cb,1.0231607270035814
14862368bf91,0.7031921752949843
4a1bf446537c,-0.5341956771198748
ae0bde1ec349,-0.5726602809523984
add8292b0d44,-0.5209586608365205
084ac64c801f,-0.4944880650856609
d4a27096f193,-0.4310092691615151
9063d0886060,-0.13948170078432504
6f9f9dbd7e03,-0.5291715087227077
58863c697248,0.4688050425061132
9b01526ac1b1,-0.3453110396444351
8776bb349613,1.4336239709197898
9f513a49ea94,-0.24784156920336026
778e316565f7,2.473739247943736
d7c62da2727a,-0.3987799059808335
ac70aadc6b40,-0.7492138357969926
1487303d6cc8,-0.803789983265762
141cb535e93e,-0.7631119813408263
2133feff0507,-0.3994667366303966
86dfc9249aa6,-0.3378890829137167
31f68c2ea4d5,0.8393104030195104
251863ea006a,-0.5419389652073199
c55098911ddd,-0.3889707373597907
a7a6d5315ab1,-0.6065315069974719
b4da8e59ec15,2.615780296964002
9dec1cf4b163,-0.5306785026565028
6614c072efeb,-0.5513422456040967
a297deebcc03,-0.46188033607599516
b9cb0f3f166f,1.059986779479311
3d4ae0a966fe,-0.5478595316187023
12b1649067f7,-0.547986571029226
91ea12c718b2,1.011840395700271
45b35500a6cf,-0.560868148625845
d9f2a8c636a9,-0.4236818860540717
e4fee98f06a0,-0.7310541278152324
835eaea9b58c,-0.49438256981097983
d0a40d1b3f34,2.548042216094532
42376665451d,-0.4900665903127418
2c95e3482eed,-0.45336707226589523
ad371e04bba9,-0.39004794612361293
b01c899a8c4a,-0.5045059446743523
0defd8587ff3,1.0289723622540534
bb89216c64de,-0.5408806883661248
b60efaf1140a,0.6045858122850688
4806eb07a2e3,-0.3496516791768768
ab75f557f822,-0.5116951566239355
1b219cbd8175,-0.5113780177356354
6c36fa0451b9,-0.27436757058062294
a1b2ce3ed8b0,-0.545154011693152
9f0928b7dde7,-0.3216703545553594
d1a1d6038d3f,-0.5100696336404112
97eadc2d8e98,-0.9059171110628592
bf136cbbc452,-0.26850519583491617
c0e0ef5d27e8,0.8284106214216322
f7327968f53b,2.7654122971970674
390fe177c22c,-0.6992791547824986
d6d733179bcb,-0.21103697309677436
1b4a7e5c5fe7,0.2907389888248087
6f9fc71ab658,-0.7412406626234789
f63691aa9c63,-0.6319729398520977
88b79a038e01,-0.015836504290908708
286cf15bf42f,0.053092256661933145
dd2d13048bc5,-0.6786035849950408
306cdff1c015,0.09562124368169637
38eea4757931,2.945131587232914
58ba66c95617,-0.5155391007831747
3fe109bfbb34,0.10892484402262173
7d1daf2ce7b3,-0.1721068478407737
e8c4916e7085,-0.7496044341974653
866afce9db1a,0.02745978512479691
ba066a17bc14,1.300818023822832
8da803ce132e,-0.5767470850971796
88d7743d637d,1.979533988249745
25eab3eb24de,-0.6618532423882201
240922ca7df9,1.488460532958327
6be9b905c58a,-0.613661351142314
c7666a5c30e0,-0.7174055530311703
b0544838390b,-0.7051301125036321
bfe1dc2bea32,-0.5997637039549459
637775f47664,3.034074505555724
1ae6eeae3200,0.22355814169633118
0682953bde26,-0.022045567176581307
3ea424edd6db,-0.29912090208408
5d51684ff891,0.17802231991901526
bc621bbced9a,-0.6807083000710972
1c06b161318f,-0.4467452875559752
2a9b66c330cb,-0.5882187866782509
390dfa6583af,-0.5155986154454446
370e2880bd42,-0.42934847015503574
acf20cc25e46,-0.30828943075126775
e3f0a681fb5d,-0.14557960725333768
caa2aef37f0f,0.5508126112082397
fcceaf785abe,-0.16002678898365136
b3598f91a1eb,-0.7754930272971226
970e41f8d1a9,-0.8290924432691307
ccd572c32f69,-0.03949754856601815
90ef7832d0f9,-0.04382726399072398
3405adb6c5b4,-0.8882561141601334
787e6fad4ede,1.031956522500979
903c9f67ce04,-0.8026529986850883
6bbf31908d3d,2.5438433111310186
60e9a3eb7255,0.0345715949860136
4e33a36808bf,-0.6223378548743819
2f74ead69256,0.5383916754664466
a6618aedd7dd,-1.018138506627066
08a53d83ff85,0.22289777916878029
b67845cce2ac,-0.8535110167934141
ea9cc91343c2,-1.1412939571577418
ff80ef007084,-0.9870226532343229
560964b983ac,-0.525596937783658
3f95795f4285,-0.5370770097468286
dde2d8cbda5e,1.9321718016355036
462e756344ed,0.3940595656716739
1b2a687dd656,0.6853775419129666
12707fbd94bc,1.2897417174876604
409ad38b6f4b,-0.4503326391385419
902f56ca8ce7,-0.4642618247683542
58eda0a5345a,0.9797638143214531
cd7b7f0680cd,2.5943617052971035
1954b1a44093,-0.40643271557563654
fdc082bc4fb8,-0.4207739568316354
c7c9e2dff933,0.9775702681353291
ff904dc0abdb,-0.5125397465221573
7b04002cd79a,-0.5705381448128117
4b5560ab7a87,-0.559938298244039
84a75bb97a9a,-0.5744454927570546
8f2afc4ea475,-0.5924329691036555
9707cf80d712,-0.048476245480623466
ce7c59caee79,-0.1674118782878108
97cbc0016aa5,0.03900498880763179
27e0a31d6d08,-1.1780012364239019
98e98a25a2e6,-0.23226282143170032
39134b253b3f,0.08604383284275516
733aacf7af45,0.05342157954052243
4b0225a059f4,0.41293034183131005
04e4a26cd129,-0.8890330834110722
c21ed771a7ea,-0.3352909873070634
b9f0ed2b8ba6,2.837002163568834
d36962a53dda,-0.577926654248882
117001af2bc4,-0.41380589497212233
deed09394074,-0.40869208734900414
e52d4c5d2aee,-0.6422493499425326
cc541e38f3d0,-0.5260402291561658
d20e2bc9c128,1.1876988596901559
760a6263874b,-0.5911374384312035
5ba9cd4f19a5,-0.6415487392362387
189ad8ffbcf7,-0.38645873444191636
74628a7dc426,1.2052967117323654
2e9f7c11d381,-0.6505175534631477
a3f6ed751c9a,2.3533805476831513
f9de31261534,-0.4859260921133419
bd3133424688,-0.4052355968965352
cb645bf0edd5,-0.2003550602586153
0f262e3b6ff8,-0.0052307347292618565
eafcd03ac088,-0.3535612819613612
b7add570c4a6,-0.5154541701479664
cf0cfede5d69,-0.554922873255735
07ad44290840,-0.20565352492936106
4faca94b8b82,3.067910247341144
105e0ee72ec3,0.37060438240786786
06a6d7d078b8,-0.31349077574908935
eefffe64e274,-0.47238364564852175
6a2d8482fe26,-0.4122269661725645
fd5827ea1ac1,-0.2847094666253268
717621ced3d6,-0.557097198851551
0aa4eb5b9a9e,0.8727222299305873
7da74b40b0f2,-0.54544354603662
1573f28cccd5,-0.6406872322376358
46d2371ffa80,-0.3200489529217865
1488998a81bc,-0.461477183395321
97ddce3fccc0,-0.4244613928725439
1a4f56ee1c3b,-0.6082278951075741
1537301ea244,0.8046246518732225
7bea880c411f,-0.540400037986599
2d78f65dc73b,2.7052060242311486
a909fa7eb293,-0.31451869521574943
7eaef4b75c35,0.7353311684644253
87baa5a37efe,-0.5739983555381926
d1231d85f727,-0.500280340502062
cb2d421bc7fe,-0.2538630428095544
2165ca1b859a,-0.557028511329466
d18401c74cbc,0.7379932578975406
e99e361f245f,-0.6064739819175182
1a21bac27128,-0.5739842043654636
b7e1d3224664,-0.5812892608373945
406f8d378781,-0.2931060121911011
e5226b355a32,2.781217978344535
0f0485f1bf29,-0.28758907996854605
cf3298bd0273,-0.714089995845902
c2ab9e2da05d,-0.5771497738117071
0632496283bc,-0.6280782480501098
aa205270de92,-0.3206570766884976
8a8622e96832,0.9701494515729195
8ce89eccb1f5,0.8620083870461938
e42da06cd1e4,-0.43649778577539583
db4a6dae2361,-0.704489828059737
54fc1c231ce0,2.6217293861823614
12cba505f1e1,-0.3217157717817678
0e9e1960d277,-0.4636196648198111
06a3ab94e81d,0.8604219735216033
4a01e4324cf2,-0.7693668988395223
c9a47c6251c8,0.8103890928764638
a6b54011c8bc,-1.155380774934399
ed16bc0b506a,0.9804191486971804
2e2f98f69c57,1.2090159839942083
3bbc04454b4d,-0.47736024444247394
894432ddab3b,-0.8551524334464378
e54d4b63cf9a,-1.0549622939578525
2525ba333d88,0.8822617885789744
2d12210c641e,-1.282477515688683
abbfaf9174e1,0.8521921736409388
3dcdc92b0626,-0.4973963803883221
7ad7bd594d32,-0.6429011034989454
cdf2a2688fa3,-0.5487857659856886
685dcac27f3b,-0.5555288661581471
b7b251cbf753,-0.03385955244238939
e3fa186b608a,1.0450326377616774
92bde813f939,2.4869648898125334
a4dd8c981c7e,-0.5910567488275315
97b52af77472,1.0533069703435087
9e97ee89397d,-0.5443967933361091
30b7ae1066f4,-0.5428478397989187
5b58f490beac,-0.6285314474816678
1377433b3031,-0.716559355561466
4381ad1b91d3,0.8837440776426624
e91836720c04,0.21659564974989587
e00ca00e4660,-0.7028272363793364
9a84b67e0513,0.2666990903761345
7e3dffae5499,-0.6813986574932839
fa46a3c5d16a,-1.3552202038422112
d58e0b9ea171,2.113290677274278
617bcde53a14,-0.6279232079180384
3fdff6f05847,-0.8774920048330721
4646c0ec7f03,0.694595856543137
cb84c605e61e,0.7864953144413
e5a2f78397d1,-0.2861207381644444
f8cad85e4907,-0.3285044071010659
de440c34443c,-0.4158946922676311
00fe1cd694ce,-0.7392761652079594
c2369fc2b79f,0.3095487049610627
61383e23ef60,-0.7333292257272246
3c3a8cee888b,-0.4354995786351461
234a58dabe89,-0.671782492728208
a9046aede8c3,0.8454122688945278
313dccf2fb52,0.23329014854319635
1c4070956f45,-0.5531821325542063
1c19d4e9f2dd,2.7753383099870987
8ccacdebb274,-0.7296802364513791
60aa150df0d8,1.708940248075633
b619ce37c611,0.19944143502987227
54edb54e36ef,-0.928848650422534
c504f9401525,1.7622338819946997
2d84b164876c,-0.11908487923882755
a4c77d32884e,-0.976325026595303
92041067fb59,0.921429820786176
82eae0ae8b65,-0.09202445072859232
2968b44848fd,-0.25097419053796904
34ed6f2e39db,-1.0644345900612089
eadbc65383dd,-0.43067336185056704
1307f968f54e,-0.5632374073336087
2bf5a08e75c4,-0.43914252372039686
9ded739c67ac,-0.6111679643751888
bc2616a44c14,-0.7180265760151848
098b2ce5f09f,1.9486472575311617
ecf801708dc7,-0.5840354955212897
8fbb5edbffb3,1.5556507540809985
d9dc15f35c1c,1.3537695187746437
033b3d68c40c,-0.539214088828876
f6ebd61c13a2,-0.7151876475309603
4ec899b5e88e,-0.0716468076038316
a9cb12ee2f19,-0.6164090194574671
d0d2f090916b,0.7055504066596825
263b8c3cc078,-0.4546547962014445
76dedd2c0e84,-0.7356150250837403
f576858eede8,-0.3784496693226468
f88a473d9668,-0.719648502736879
2d17ec4d40d6,-0.7175990594674865
1606264be619,-0.4648554943597082
0406aac69a4b,-0.7651294199195118
91364cd9bf12,1.595282780011561
646c4588a5a9,0.7577768407193356
663556e3845a,-0.8148081902057712
58ef30c054fe,1.9921501299066084
820eeb401814,-0.5202883336335111
a2e1cbe5717d,-0.7685116408942261
8c55e843ff2f,-0.4376296507331855
cd67e8c92584,1.0585759733262181
018d9b897d94,-0.5631446712807707
f1ecfd44d84f,-0.45825870869807867
e325a01887e5,-0.6755754780094021
cc8513c55698,-0.27131275817298856
22e3a89179c7,-0.49954880885084174
f3f37f83acab,1.2560994967212546
e55faf940ec6,-0.502888597868034
480e3823a600,2.382483178093566
fc0fb9c1d6e5,1.076996328747064
558ac32d2726,-0.6022127654908195
98a691011185,-0.6487239695427186
f39b32abac9e,1.2725878840064948
b8af95b77e4d,-0.41597603300929886
720a9a8ab6cc,-0.20575003381255366
a3ca76816b42,2.3607011477146402
59be5ad00208,-0.5191947568160524
3f6f851cd1b1,-0.46086253249029097
decda0905cb7,-0.5673135656500132
524529ee625d,-0.6221804813976989
215e9e68280e,-0.668071222258753
8ae37c8487d9,0.12791960571771524
88a277f1e494,-0.4583306974001343
08334160f820,0.24600238826170887
6db27b6bdce4,-0.07076693747379788
8fa406ba36df,-0.8073948429370492
80d118548e92,-0.17223714518937247
36041b78c41b,-0.4930106431320904
bc4fbf9e30dd,-0.4538353300479991
0ec04d388dec,-0.13053701395359868
25239bee6e5e,-0.3452426039025458
65a54f101711,3.0335328605451304
a5b3d06dae08,-0.4760996404879664
825daf875093,0.06177854719606064
c8b8e85167ae,-0.686177973339679
b8f470cadf01,-0.3664817950592194
b31f87eed82c,0.19914915925889068
123779e01faf,0.12628313198481994
345b6f0974fb,-0.6952178375666497
d241262abc2e,-0.4377110076631242
b2d1787ce921,-0.48563669502696094
d4e0edf66213,0.3960026546986706
a6296416bf33,-0.47839495988728553
418f926190aa,-0.579950326235117
ec892e7378d0,2.9463571016395935
70fb7f87c3d7,-0.6666468387974351
844780ac430e,-0.5920029177209551
690cda8f68c1,1.2874553100822403
df73a65c6777,2.4122112939976246
6950130d202d,-0.4402518999468042
df7f54e00ae5,-0.2574594522327127
20a781b81985,0.9800920310031053
d88c02cd0afd,-0.5770944110607392
b9afc7bbdb06,-0.5076605530078633
0c90e979ceab,-0.5661139902154979
db6df6c74c0f,-0.5717567646013876
5fc13a436c61,-0.5007718074995748
4eb07bd718a9,-0.3687738213317159
587688f77510,-0.6645330836081816
bb9716edf421,-0.3323131747078202
a9fe3dec48f1,-0.3818696528748146
8493096bc370,0.38228797842362516
ce13897ddc23,-0.34641121889468474
9854e13a9b14,1.1473151918268887
08f936429406,-0.516783526985713
1b15099fcf1d,-0.09650040559221174
bb88a5255668,-0.7219836893982353
ae63e4552dfb,-0.7765373589478783
31ef700ebc9a,2.676102762090741
ae3b60451f77,-0.06856015273491069
386fe890ef77,-0.12581183378913946
8e5486b25191,0.01913505656197793
7811e2923f31,-0.5531680322387994
322439a4bb0e,-0.6735033484519183
71fd36f9e82b,-0.5882985244396044
7a8155ff73dd,-0.5199931861441001
b71a8ef1c75f,0.9174727680598822
a30c1e76b51c,-0.633905053566237
53d19d7c2e98,2.791374712534315
172c354f95c3,-0.7229225996788248
a64aaba3fd3d,0.15818019388735904
99c7707b5be8,-0.5621941123157257
2cfdeed3afed,-0.42988636782465034
1f67399546ca,0.6939543926158865
9aa8e100efc6,-0.8378170519372513
033f3f54e7fc,0.3339039401637147
a647ded4d704,0.6065490664490357
ee91ea4e2174,-0.9197758197478123
7b0b2735ba48,-0.7856543759316565
6bc470ec28fb,0.6305507703481529
595d29245433,0.2337106768732043
15897f84dc86,-1.2632369250481457
ef72db583c9f,2.2998958063552477
b8e8129570ce,-0.48076537194167557
eefbb1697ca9,-0.5060730230521124
4f72430f9811,-0.5161587489554944
960d2f1e0a67,-0.6143353258683507
b046538cc34e,-0.1398728434456854
56a9b9348e66,1.0259682200401625
aca08e1f49a1,-0.633156437021709
7327b85e4238,-0.6566623352164408
98fe2ceb81d9,-0.613652040993061
cc575c737a78,2.452081232873896
07af020e69e1,-0.4724148968964776
77d86aab78aa,1.155041570476948
34e2ea4a685a,-1.2786634705822562
6e39ab579958,-0.0014397390499105434
adcc3c64a423,0.23823183799534067
c2a6e75f5af9,0.5662987848115617
7caab0971697,-1.168446801557853
711b98cabf5e,0.9016880641812236
5b5d942e2aa9,0.09819878731373508
906aae916d99,2.009972915010392
2052f6cdccb9,-1.0067894894868876
29ddb3897fdc,0.5057399848398524
c9f7291a57d7,-1.154781916109002
950d3130c1ec,0.2899910426338038
8383639ce496,-0.2809032275582006
cf43cc9c815d,-0.43787315601661014
2ae4315cbc4e,-0.6262268103495989
bc6fb9d1ce90,-0.4974529896911783
fd6d6cb397ed,-0.7295670075869843
256e80010da8,-0.5164663949762114
34e6c759a66d,2.664573423384536
e156aa2414d4,-0.6993646452662946
9922608aa77c,-0.3339805042664738
8397a75d914a,0.8901681338100169
c54e08c6b180,-0.27441643267030935
675d973b1ee4,0.8415096111873083
259f5752cdd9,-0.31425787143307
6252d875f1db,-0.4479431831139876
9f6635d6fcb6,-0.8049692594865043
c1a6885134fd,-0.31911565488140403
183c9e2e87a8,0.9776839502585832
c4c8b2ec8171,-0.6121474123324934
bfcd0f741587,-0.38419534568192576
e7c07df06be4,-0.31408548958761284
d52416829c83,-0.7806000838016804
bb44b6886a16,-0.45070800834625946
b5b12f64a3e5,0.8365548638523932
0c9f7be0bc1e,2.6137834945539624
faf077dc601d,-0.2844720533700491
e7dc5701d21e,1.1025613498661397
cde350b03ca1,2.837722423594149
2b28ce17d4ec,-0.40062685593981884
bc09c1790389,-0.533889626763413
2044b23a3674,-0.1802744256717043
8f1e861d7e9e,-0.49084785068333353
f17063578059,-0.31676422781643754
96ea546f4421,-0.2839449206370126
614835e94ce0,-0.5120810960007849
e50115a09c8d,-0.597279678285221
9d90a8f31ee9,-0.34010303829251376
a369f41ba29b,-0.45349974114798847
b90aa8f19798,-0.3923842458107592
f6115a81ea3a,-0.5028194088246251
5022e31073c1,-0.5876852474124149
928996e19f48,2.8869416778652854
5460a6bf4670,-0.08917781931405663
969cf8618bb9,-0.14547517026338397
dffda45e9df0,-0.40607187921818855
bca4c65e6a48,-0.46607641090884705
ac81597c7d24,-0.5942542904239109
49e659e6e4f6,-0.19426978513995197
3c888fd0636f,0.9447723205988413
b6096bf89806,1.3775288118892788
e50cf312d169,1.4848259620824236
77f551a7f858,-0.13244255518643505
9bbee04b57b4,1.0405031555529012
4dd852ed42ba,-0.8172735481937765
254e5e9014a8,-1.402629207835548
7ad90cd2f333,-0.08052798232510151
7f707c440a0b,-0.006015769272549798
ae800dd410f3,0.7076477419854517
0143b3d68f3c,-1.0382523410632813
5f94c1b0e8c6,-1.2321488514344647
500daea3014e,0.098784583801101
c331275398bc,-0.5820039636601054
d72ceccb2a73,-0.6838432414693175
462fe99cad23,-0.5457349351179799
339754adf9c0,2.6935007850280295
add020aab3cb,0.7824741935687732
274b03fd87aa,0.871074290404132
a5b1cd5459d0,-0.7081167076609798
c8dd0cc9236d,-0.5785806423079565
cf9f94cc4f0b,-0.3436456819116328
76d4899d8b59,-0.21541927813932238
18b3a4dc5e6b,-0.4487783737428056
150478411df0,-0.24092644499083432
b37ab3cd365f,-1.024694010443671
35ac88d996c3,1.7150339591752295
0dde834a7125,1.1144986818899303
ee03df46eab3,-0.9068085677680298
28d14fb3e7c1,-0.7421133323524359
e45258dc1356,0.009725344241244695
38683a6e7df9,-0.03727025201739511
383b80cffdcf,-1.1270725031007844
4d60569cac2b,-0.8497584308605168
bede40e4008d,0.8540103312747344
dad093273e7e,-0.24383632162133467
b51676d7155c,1.2382851015830294
bb428c7c8c28,-0.5590839856444269
e288a5ac83d4,-0.7241442107575525
3ad71747cf1b,-0.17946251218963916
57ef20c9208c,0.8316801994532471
262633aadfb3,-0.4064807461140572
b7817a0a59ae,-0.46833615098804154
b7364b633114,-0.5572535028399441
5e29af870bed,-0.507140460116892
427c051f646e,2.552693217391547
bb18f83921de,-0.5761571594654122
7b030bf1693b,-0.5548956669432021
f28429a5582b,1.1485809782143734
26c195dee2d6,-0.5674111455353685
ac1fa38e6f05,-0.2859581514908671
a6ca49291af9,-0.6098014295700399
4e162c80f264,1.0633277023425485
cd03beebf5ac,2.463453259961019
ce4924526d04,-0.45007163176243903
84857f4ebe57,-0.48951386336253955
30a5090b7f6d,1.1344712358821023
1337000649d6,-0.5233910311337707
35f2b730355e,-0.5570534161974539
2b674b541959,-0.529951069793515
ae65c8359e5b,-0.6481004593396753
f25c0a8a477b,1.0404353220921267
82d65b248d8b,1.2408693013401475
a660d4e4e033,-1.23890693083568
814b685e1951,-2.2099244749339095
fa08d8c79f58,0.5174889612001544
cd27b51892fe,0.743482255617401
7c16a39a108f,-0.5629157156574816
9a022dc9653d,-0.32568446535830303
d8a1050bb62f,-0.2504569422643317
d6d04003f4c4,0.27511174494688473
1c9a6e6743ac,0.7069483342647824
f3bdbdff39ad,0.06355260958820919
b08834faa81a,-0.3646017825238744
eecebaf463f3,-0.5036076967294557
6bb3ccb2f9cb,-0.22383346986812674
e13e3e7d6ea3,-0.3141806405057962
61942de013d1,-0.6888440582852251
da4e8b93ab44,-0.20795808877956692
fd35cad76395,-0.2729873067846017
a7c7f1eb34aa,0.027042811529538382
97e23dce6fe2,-0.3484853355839906
d3ad7ac869f8,3.1089831668295718
a83dd66ac142,-0.2595509474132983
3af45900b54a,0.04802334811482619
cf73da2410aa,-0.32649887658375254
6a2da26c71d6,-0.31407554649836855
7248ed3fed64,-0.7248381908363061
3c629a85e132,-0.6273014909353102
da8534c97e5c,-0.544687451133865
cad36d63cfdd,2.5099877792490024
80b166a23eda,0.9371686908642785
9d45e1faa42b,-0.5981414586862825
f488c49aa9b7,0.08685135564684779
7ca030424b79,-0.7171575910046224
2e32c0eecf10,1.0133584534745599
01240f24eb52,-0.6946656735561816
41e5fbb4d82b,-0.5193884770449542
063f72140971,-0.4012092756083713
5882255ab460,-0.39706350048475286
736ae1ffbbd9,-0.5814536207992398
ec1a63c6d2ae,-0.5011554889587897
d9724ae800df,-0.42016917038722834
745047dcd0ff,1.0612236034311964
684a03927d2e,0.7413189570518761
4b48925a292c,2.651986974635098
d39135e431d7,-0.46997441937811124
b3f999f2c572,-0.45811286164326137
e22cd6c5ac28,-0.7060027208134616
1bdee1132f72,-0.6513299172113328
cc81beb9de3d,-0.6560658607976292
88185ac89913,-0.5026228421313967
cf3c39990d5c,0.9384343021240619
8646b1922705,-0.5680078154005219
f11a267482ca,2.6167753569968673
f2ba24e21ddd,-0.5515645412913343
418f9dcc1e64,0.9091999931661654
ef365ab70d9e,-0.5301701558179832
13e4b946b42d,-0.5333936602776931
05fae7d53c36,-0.19573215334573357
03566caab364,-0.2755227060134699
71fc52771b32,-0.6580999328465744
fecae3e60414,-0.5599301927479521
61d5fb85dc41,2.194835272129474
16d542d0f2af,-0.520427184701405
7f2d66b0cdcd,1.4551776756216472
3018a1d24ff9,-0.5146782138857973
0784668cec59,1.1918866671287645
433331ae6c15,-0.5709307246897904
b1b8b1c31a76,-0.5832359142099076
578a635cc1e5,-0.547811387625639
b168af27cf48,-0.4609842202563256
7707793a69d5,-0.4258018439164947
c0dcc39e4dbb,0.027071949193565155
f22469184a16,-0.5891241388990313
ab88d0c6e195,0.5683696222437101
f48f84488db3,-0.5355573357504816
4927e2f83b46,2.8422484660206497
4a2661a8b1e6,-0.285913814759156
d18d1f39f8e3,-0.5855189645590588
decd35438547,-0.4039817856491134
5e09609a9293,-0.5842713797837513
e7ed627a923d,0.6397925417728173
cc3a72381166,-0.4399982347178477
4c12776be5f0,-0.6531169251123026
a75c311767e0,0.16372603781931683
9c88b5b1dd1d,0.9398055935851606
94f42fe30168,0.45601018196807996
18c6035331a9,-2.1365955951435125
27ba25e92d87,0.1711353462812264
b338fd157aca,-0.03473531572953678
9f94a2eefe8a,0.26167413312389154
007b1cd26fa7,-1.3697113006907617
481d9557bd16,-0.4443875052931817
0a5e0e0290b5,0.20822331863072246
37ca2550b44c,0.25083499127001696
e95238b3b509,1.5340201141785768
b14aedd91ce6,-0.4756215126308156
f136135f41e2,-0.49163116293344583
d24449435554,-0.4631073332133875
4340024ff5f1,2.6345120323304694
ed1cfc23200c,-0.6246125521292267
71bf24258be5,-0.6009379578662696
46e178df79fa,-0.4152923524271003
46fbae16f61d,0.9649163252352402
3c622d577cfc,0.9004014106954621
b7bdfc2ab318,-0.4808007530536198
b53eda7af84e,-0.3760193307639263
a2c1ad5f5524,-0.57180681324338
ed14293fad4f,1.1061673835426862
f73af4d035f1,1.1663019383355084
4c7d0863f23a,-0.8017826012891187
6e51965308ab,-1.0269390993535639
d0c7afaacc6d,-0.2809837436441741
f3e7825298a0,1.5299640548720186
e1ee3cfb702e,-1.2878045038984838
0ffb1ff4762d,-0.1853879750867811
d69ad3e29d6b,-0.3378476943183102
b7469fd1db6b,-0.801316473381164
8b288e2d506f,-0.3494443272028751
84be3794ccd1,1.2690730414242577
c7eccd967d60,-0.8754390708538988
c4a2fea27291,1.2150848114079584
1530a8fb05f5,0.10478069517402827
3019029a6f3f,-0.9968319582286206
eed097187825,-1.2125825797963405
e2249ac9198c,-0.5661421455964201
dd31204b9c73,0.8729009159402796
262c9689adb0,-1.1306969297484943
be304d49af2c,0.7974753322475369
889811adb60e,1.2499891790026256
d5f261305328,1.1158499797059975
62223738140a,-0.5743882292546529
785ba99e2789,2.6044722742287623
c310cc6c2a0b,-0.5611031098298679
0fe1c8e923ef,-0.5314423122658978
1d120767786e,-0.5633587786202532
ac673c4ed396,-0.24687603956675674
4627f1885a57,-0.5158442893711523
ffe03190be9a,-0.5879563342458475
8b2f44759df7,-0.46548936206548197
c93f5784ce58,0.9448085354548507
fb323126ff17,-0.5112948338104382
445b7b5b7541,0.9782419897854215
698421691823,-0.544157739693339
06df73a61e67,-0.6414246293857537
15b7d9e623a5,-0.5257652260419776
c8ba7965703d,1.1243934885585034
17db84275526,-0.7467153672490416
597d49e059d8,2.431353535091549
350677b718cf,-0.5662269849761236
9d4252c59832,-0.5116849155861095
50b89a5f910e,-0.4899791910028165
d5e0a2522f42,1.0305057676053928
0ac9430e58c0,-0.007130747877447628
e03bf6412d23,-0.3586447330095721
ff84f4891586,-0.738680996126603
8f4b33fe1d57,-0.09524451140820822
534b078bfe55,-0.007149024518306853
992a7bb3d1d1,2.596995273634349
e4a94d4af767,-0.7125856863588028
cac9a6e49a55,1.0701368912414284
4b81333b4210,-0.5175533093060016
62765a8a8860,0.6578674716684967
b93db3eb23d3,-0.44566643631602787
480d6f5d839d,-0.5975357544865629
ae537e67a0f0,-0.676662735840422
35bb4d765e20,-0.5110198803039608
3b787cc60f3d,-0.7615822980059812
9c2c5f6182c0,0.09682782583757166
727a9923c1b4,0.4607147168512946
0757094cf402,-1.0471045741262583
9db791ced3d3,0.08780804159171184
7c3cd385a08e,0.14354297874332472
b7873c2a2045,-1.299007928014674
1c1e2413a817,0.30213494878841657
dfdada6e932c,-0.0580040522060238
dc08ef372169,-0.7599847576816577
02c3287c05fd,2.0212856238415275
21fd38f051f8,-1.1938240291886948
36e8ca4a07f3,1.2456112055634605
818ad08d56f8,-0.12186841167990309
bca577a9a614,-0.5388709797724501
d18d2f6b0bf8,-0.1941300986043366
de37c3d847dc,-0.14511822639527008
bde07b67b963,-0.8390664366256507
47028cd9ea74,-0.5242457884930553
08395e2346b5,-0.4240462430042048
30c279517c87,-0.3682773594173849
3ee823ad5fc1,2.616752002067375
4aa7d308b5f4,-0.7192754436308144
d7e0a2c4a7f2,-0.12176621823857064
d4b35efdb4e9,1.3799132037942652
f2e7e86b4186,-0.2442574172132637
9dc9a567ab7f,-0.836207561603227
c7bceb7de041,-0.30042669971313185
b5dcf5380777,0.9028734537779183
8ab4ea7f737e,-0.5259311132749986
32c1cd009e80,2.8631254585995682
8c64ed9ac689,-0.25488772591500575
0808b928c37a,-0.2944535541111628
913a049282ed,-0.7590648434544379
62ef00eef11d,-0.17758382294044003
c2f9dc9d023f,-0.1306903414514618
1bd06917b70e,-0.24249583270035624
a4230e090c3d,-0.6060874385923125
2095e75aaa1a,-0.5547347695305637
3804a92c0d52,2.504057379086619
36b93a5c4118,-0.5428152359554385
af7016c6805d,1.0912196140350323
b4c1a85f0a6d,-0.45019895163881996
a0a569d8c70a,1.052178702875103
6fdc838c523d,-0.5491060202702729
540aab8705be,-0.5559953538624166
a48d56b28a09,-0.448915254428442
1838ffbb385e,-0.49034830233415017
db51b9012539,-0.4492543693843378
8c35c2969cdd,-0.5180320515372536
d0b4ac584897,-0.3371663287248575
70bcd8f06cfa,-0.5480537532912438
c71e8c18c053,2.6010504129560847
e5bb82f9aa15,-0.610458171555889
0a0117d8cd0b,-0.478539016119941
2da88c0f7750,0.7577492004792348
a6921046fcb6,-0.4752290255852618
1f60036c64a6,-0.6134648237649275
b4e88962b0e7,-0.45913011735341996
9f080f4202a1,1.1520836323058588
7d26cba4855d,-0.4708099578083842
0dc587d901ed,-0.4619092823412019
5a77a6f2715d,-0.6243861749640819
70a3dcb010aa,-0.2762903628160874
d45297654c36,-0.4462044153258825
5035f43bff18,-0.5509103903932125
6c5920c0012b,-0.4942654798097678
ba506402833f,-0.4316507927175791
b5c004467b88,-0.7424985198801117
29cfaf8a2d7e,0.6573479437103533
bb3878fcbf06,1.0934538442112303
646b5dbe884c,-0.3763913950819517
05d1f302fc47,2.6537050254082937
a5dc8029b670,-0.8750640016831549
3c94871e309e,-0.07470401266733803
a69fda063ac5,-0.31416467060218733
9e86c6b8c0a7,-0.5691352338535343
9c94a78e7807,0.7573540881505199
79c02ebde4ff,2.686080181151503
65430af57ea3,0.03712145067616214
cde68e8f6daa,-0.059057362484235765
941301131ed4,-0.12068709617352694
3aafa6e4ae5d,0.3065041218954189
2a8c7670c99a,-1.0799763585212674
c30c72591349,-0.6942711058883588
822507a77d87,0.6855855308374321
100a5d774004,-0.8332040318048198
83b84546a6a0,0.7449980137979807
8b23dc0d4631,-1.2356992210443491
1a2f902cb53a,1.5039427202247402
b6554e9f7437,1.3940937198602141
ccd83ed90fa3,-1.263782906065377
a070fe9383b5,-0.5422153607995533
387d3ba25105,0.7324771422794142
e73d3ebb5b04,0.1254936329420982
9eb4e41df0fe,-0.7909589387978087
4bae9aa2e4bd,-0.5207303014299722
9018126f74ab,0.6168569464034284
7c527714d92e,-0.5188154424013002
d2de619c6b85,-0.5350341319431368
49a19870bc2f,2.6518759056100265
fe6a37d9613e,1.1666341962451545
40e57ef4c29c,-0.4340160616684675
a9aaa382780e,-0.4644389161744037
4759ee8e5fca,-0.4430384876672834
be15ec86e911,-0.524967039039005
cd33efe017ef,-0.5890903280970897
352a2146c177,-0.5386002541429213
a1d1633563e3,-0.38736638712500115
3bed6221730d,-0.4096945559690966
a07956e7027c,-0.21066862246331622
cde73bead76c,0.7812522798427776
04e4b3a86e01,2.6401992315133103
d1f626fd6b94,-0.6738619893308102
23374debc5d6,-0.5743420183596976
bfb18d45311b,0.9743758392375597
7e0f7183cfe7,-0.38345819083150945
5607b8d65c43,-0.8036737501561091
9da440689b94,-0.5129664534788698
054008d43e4f,-0.30080432475573904
1c999fb71374,-0.5263574452484994
a3a9a6aa879c,1.3103284383885874
d7f13c6132f8,-0.5588047248097858
ab28bb944b66,-0.595749485263474
f1d606cc5c25,2.207570056069256
1b228a8d6409,-0.3760791124264342
89dd7c4c368d,1.314272108833366
4a2c21d314db,-0.5678209619116893
2e0d93167793,-0.5657424353913849
82577cb16555,-0.5336498452431393
e37d8a663c31,-0.5062290545437611
8e04cea3eb21,-0.6719224810480415
a0c2aa41e1f8,-0.45617250265349896
937fc658e7ed,-0.4727173703284498
032f3d10a1b0,-0.7197512008984217
4da57b5300cb,-0.6213548093413955
4d6dd0981f7c,-0.09984962707051376
1f841d0cfb3c,-0.4823565670243794
dbf34ab15785,-0.3777468801552488
6716a00b50f1,-0.4153766747452505
3b68c6331583,0.9179799623943301
43ff8fa64491,0.6856038108730266
2aef925a6997,-0.4261832947485192
a90b418e5482,-0.6951550910772747
655079ed43a7,2.706907742122097
9c64dc3c7595,-0.5604828228846797
88e438d652ca,-0.21563372315350215
c871d82b9930,-0.5899764549132277
a3edf834341a,-0.5270838825454397
1dfa745bdf17,-0.5229678715863748
762be495b570,2.51233180013391
2ce062f4a823,-0.48810250414097756
d1d505023ec1,0.7835345867878124
42c8ef8d9b7c,-0.487536015798988
902080a48426,-0.5490123610347664
0c7bda2477c1,-0.6300346842890118
73a7891627cb,1.274963933425245
f31dc7e42eef,-0.6485429725715895
fbdee7bc4454,-0.061198573828206496
19b8f93b2a44,-0.6977786165293935
8fd36e4f0259,-0.5606443992858016
bf37718437b0,-0.46873993512737366
dfcb29658984,-0.6249671838640579
341ae01ab1c8,-0.6700264780057036
937a4889ccab,-0.6668824117587757
05da01872440,1.4808641790113337
c73e2edbf885,-0.3999642791780359
4c89895b6d45,1.2350298692551291
8b1a16a55300,2.0828508018824747
176cab9d6eed,2.276821926964401
818b5f597c0f,0.43195575781874423
92e03e391281,0.12042991962185323
3ad3f266643e,-0.8279744272388112
e93adfd2399a,0.08142482170933679
39046249d8e6,0.47083287816977415
26dca55452ee,-1.1266622513145002
f86c46d42c69,-0.981505116479547
ce4783c2a406,-1.1676449292888047
8fb07b3b8917,0.9864392051137651
302fc83207ba,-0.02943246067155269
158575510222,-0.2346853244046584
0a82747a5208,2.5992630675515627
11451916c2e2,-0.41467467141089165
5adc5d078545,-0.5485451390574231
945fe501f976,-0.5866822387893688
bfc76bf5b99f,-0.6136193949632291
d0ecb9d548b7,-0.5536298238603259
d4e633c8d782,-0.3838045422936649
9a152d0ad8ac,-0.4046752747770666
17029658387f,-0.46787588903102584
5b4241ca36d9,-0.5342901254879081
dd6f1749a0bf,0.7290292715653308
e8891c2afc46,1.1795047605540108
c8eb7c29bb99,2.0054030886472165
655de95dfffe,-1.2065251933984005
9d188826c830,-0.5515049223953589
0ea18bef3cd9,0.10497493427082401
e7be3d9962c7,0.9958059780100912
8a7b856c234a,0.12015065167292754
d220a5ea0864,-0.14749268727541523
107bf21ab6e5,-0.799915741571128
157a61e48ea9,-0.31678174830459077
fe23d702bed5,-0.5416261455503574
e97f2c81560b,-1.0270883193779037
29556d84face,1.3646001052720949
b915480858ea,2.4618852062900207
0970d20c915c,1.063671063280102
b202c2ee45b9,-0.49655063632330276
c86fb5162f37,-0.7378413201302038
94368d81d21c,-0.5350255596097532
de9f4677ca98,-0.4007867423811615
0c46d43a30f2,-0.3686955598898299
382234df0b83,-0.6090894048678723
faeae7d6dec1,-0.4351781084218359
23619938bf8e,-0.6130376528042992
b217e921902f,1.1282627100753417
190b92548372,-0.4576139952172063
e058007a3e65,-0.5561244455548453
a9d3f7fd018c,1.461075029949751
48d573d3e39d,-0.5845408110754474
ec9c98c3a264,2.2689911313440643
1e72a722cb63,-0.568105627509615
5f46a9cedf51,-0.49615795005159746
7dc497ff1b80,1.0615481855489377
3802429594a3,-0.5987906263312479
596a0fb926c7,-0.4867038389482161
4b38ac88007f,-0.5751408104050827
8405da3b2e8a,-0.40970152387933323
5819bed26b92,-0.5163487130873678
f09f485bcda3,-0.9127179917279853
fb2739f01dc3,-0.578464713138559
6d339c1733e0,-0.29403760608843466
348ded9718e3,2.708236422248453
7403a46e2903,-0.03080003158723897
054905e76130,0.27601066004820407
64b5554cf17c,0.12086191178812732
f94cc74a7765,-0.7942143126388954
d9aeb13fd074,0.014463568894323167
d2dc71174b73,-0.6684917607441776
fd071c023ecd,0.8290403314458947
c3c7e2cd77cf,-0.6698864784997111
b063f2fa8a25,-0.6799658866424938
24031bb33733,-0.6556525774675942
81c79c904d8d,-0.5577788748924039
f0093d215209,1.5360653756990008
1bd490c4413a,-0.559996906262564
1a78fa35bab6,2.1976748199184835
f35ba35b5e3e,-0.5545402370930742
a34c835c4b65,-0.13039756335443195
28325c4196ef,1.0324744666818413
8286d735a422,-0.5515815346387539
237fc46b3e39,-0.5481936776300323
3149bdaecbfb,-0.528107404317977
7e0837fec4b1,0.4275974492727433
4315093f352f,-0.3231819229501358
04397913c7c4,-0.5323781227888987
5026f3223de3,-0.2183462605497723
40c17d1b9828,-0.9506335688156485
4d138500d1b7,-0.6252310933982776
93ce31fca2ce,-0.15377095935645307
b13af81da1de,-0.6017797079570741
837460b7e079,-0.512673781071651
c9df96540fe8,0.3894276021691344
619e52c2bfcb,0.28355743888392404
8f877cdd77bf,2.817412926562109
e6d082276c8f,-0.1722821351270377
136d525efdaa,-0.31445861702946376
22e58e496c38,-0.4838589782897762
a1ebe44a2aef,-0.2205175127731956
2242fd83b4f6,-0.585505288411967
174fde73ab4a,-0.2903744142218013
c6c8608f608f,-0.005929158696859055
ada1fb1ea51f,-0.24701182558237894
c2545ea84567,-0.04702699557308227
504f759d4e74,-0.537897771708229
94b43ae55680,3.1232438132537848
ecf949b67281,-0.21838111583999398
322dd2646391,-0.49621174828803755
89c445686130,2.672439483216267
5bc644379435,-0.3862639275539626
21a7a0450967,-0.5165249282982788
12a5ceaa6ced,-0.4694134343205348
cdd4285c62b5,-0.5591386804960536
9ea29ccb8b97,-0.5908751009447919
d0f39c1d3d1b,-0.5367583079246809
d4a14e31518f,0.9025780665891354
f2dfb72a9745,-0.46121800830618415
2157a1eebb98,0.8881239798972882
e5a7d54f173c,-0.4467373935701657
0bb6f1552480,-0.2985117158322109
0caed0e09193,-0.6831140328661507
125cd5d3ab02,-0.027137074053740516
f6703f9d558e,-0.03769727137662003
959d7e899496,-0.445095808120587
dace01f3e410,-0.3400908805184989
a7864a21a32a,-0.5454667918693502
539584858ce8,0.1483563088164958
47a3a4bebc49,-0.15165023601128402
d53245b8ebf8,0.15425000469409067
5bb81365d48c,-0.7923301359494721
5513b50c9d67,3.018487633087328
ea795f11cfa0,-0.38799475840409475
6923580f6fbb,-0.239585994765109
92551b389377,1.1059515647121398
5d5752ec1b07,-0.5931622431575844
02e7dc3575e5,-0.41196005045616557
a0f07c95eeb0,-0.31666617637614486
39173b35669e,-0.31728511087200795
b769dc491702,-0.4370407732252822
2cedb5590b7d,-0.6903261569676921
c39c5508cf2b,-0.009505581165977526
9ee3f06e7102,-0.5142782226247211
675fb5341e3f,2.8118535033026397
3562c6f0c0f0,-0.5187189569496866
d1f5edd2b254,-0.5282393717176943
bdfb1e1325f1,2.536626533353495
e17e427a235e,-0.5641123147794905
de3b852ffa22,-0.6118673741166162
fa7b0d87a5c9,-0.6791898991742858
e9f1395e1452,-0.37298391490155197
891695492e68,-0.34103678563541356
2923eb6e7fe0,-0.3867012929000351
1f1941debda0,-0.5879111883315272
247ff629e653,1.0218750089561153
d65c33fb7f2a,1.0322595561966912
0bfbbbff1ac8,1.0269783407260629
f603c8a08e93,-0.7472591408765114
07ecba4bc49e,0.5912656237611619
48bd70cec92c,-0.08369496672393978
3aaca76b77c4,-0.02985406073601858
7b5d4e1af597,2.34977472861485
ab69369fdc48,-0.6169422328851184
8b77aa857819,0.11526552333322895
810f54be801b,-1.024023170260327
97f1ac19639d,0.28988960671871555
e4c7b0b46a26,-0.8958255806803365
5dc41dd29b1d,-0.9755746709917671
023161fb824d,-0.3108391260291849
79cb14ee22a3,1.141933782142808
84bd7bbb95cf,-0.5240393419018388
889ad0d7496a,2.4513740730536084
d7dc920dcc20,-0.5445573661630438
0a2355d1d38a,-0.3015559447926681
6f22f8591528,1.0485472282938888
061610e4c94a,-0.6322040943171865
71a5ba5e4be3,-0.7924962878389219
5e8fc312c2fc,-0.5630480273298626
81308fc12371,-0.4770313634905901
aea94f671d8e,-0.49608353162700847
fc7fb365f55f,-0.46512298271787217
027684b8c5f4,-0.8210546599419726
878ae49f1a26,-0.18796300181721787
8ef931d5378f,-0.3946865725212498
f7bbd4318694,-0.12376637912925714
ec5e52ec980d,-0.6077757990300068
b489a5d57253,-0.40474942086743265
42041cf1c81e,-0.7578172538595523
c8294bcc9d75,0.8114799269040504
cf242f20cdff,-0.690560283115546
26167d74f263,1.1078385988450528
1b1b01e68374,2.534177827251004
f5ffc0e661e1,-0.27308102645870974
94f9ebc26a07,-0.42659258893047347
361191abf1c2,-0.46574155709389986
e61b54c653a2,-0.5155360380993537
00489b634853,-0.7338824481476551
d0624d9bb8bd,-0.721491551769914
02b63df6dd19,-0.43621588587043203
c83776f1b012,0.934098717656578
42d57746ec8a,-0.5839549399025601
553a5a88136b,-0.3059693229458557
0dad35442843,0.9076739371044523
c267042f7b1f,2.6206927044578237
6a4ab28ce87d,0.59079931904757
f894d84f3227,-0.9763679441534695
50462b827e4e,0.9811102743325432
a6bb0c6a424c,-0.5487583902322324
66655563234d,1.4840291597959323
a6508e1ca2dd,-1.8189545424746458
2be9a7836d72,-0.9188532547971054
769ee408ecf5,-0.4638995571776966
2ab8e69d84cf,0.6395192971689616
a817aa7883b4,1.096498641413734
a56a36c13cac,0.28222973318806854
a4e2c2bd81fd,-0.3473527361116599
744c58203d60,2.5093854378307374
aafaa0a00a54,-0.7836015857231597
f97eaef76b6a,-0.5865065120505706
2600123553aa,1.0527977103003727
534fc816b1d4,-0.10232309108966153
d97b254df549,-0.4577510250671082
369cd4d421b0,0.797738292360571
9529b40f2b0e,0.10372838756502702
fa01d27e3384,-0.7876217249276457
f91190711be8,-0.3165514092046616
24799981d96e,-0.6394091436291119
09feb49845ef,-0.7898853363647897
1f6a140d88ab,-0.46353238095621957
b4bb780bb61d,-0.39331399876101897
abcf3e8e29cc,0.49050827032237065
b1b1d708ef9e,-0.5595986557396322
69617ad15c51,-0.42548425649134214
2cc51c1a979c,-0.4446919287429725
6acd268465d9,-0.5029069626740625
d1c33f673562,-0.4891888928598117
3a3d559528d3,2.8460491993131516
98053581197c,-0.5802413666420202
b22b4a44a9b5,-0.2977499850287797
5cd1f50eee00,0.8201509582603377
5680b1b3a806,0.6892424856980833
6e823b8f0572,0.6098199041009179
c442d97b50e3,2.0724742903164737
ca1abfe9ca29,-0.8576499147922496
5a972b6214da,-0.43006367387746003
220f1bf25075,-0.6543371232175081
f8dc582df78b,-0.703194974625554
c08f2cc056df,-0.8454062382151857
9d6b3fe33a30,-0.9640422699555304
d5b5d8e35767,0.7804909642886467
bf6b5ea20fcc,1.0570389208940991
e02fb36ffc47,-0.7543723706147328
137f42cd4358,-0.6886870313164828
54b560612d88,-0.4283365976621238
4d881d90c29a,-0.5543165113676627
edaabcc9b153,2.598745968264878
91a821ced538,-0.400937313798313
27f74a8af260,-0.600188188889087
6a9e1c08de2c,0.8237750396425596
604bb3c6ca29,1.0582242173410603
f46d2cb9e642,-0.444614320638679
64f134c77cf4,-0.16267741323831994
6bec8fa7644b,-0.5720292449163401
fd59bf48ae83,-0.6289586034214899
88c3ca26e161,-0.053848043615346716
aa6d4834e353,1.3027525515634548
da49eebaf4ea,0.35929367111567023
331f93cd516e,-0.6677502660916185
7d5a8446aaf8,-1.3301598156641754
14f440384d1a,-0.9830033191392188
933d27fc9b86,0.6915509394858869
763f5dcd38e8,-1.467645165989805
af7c2c712b99,-0.4591200287829566
8997a2dbde87,0.7458625144831587
6c4eefc0d8c8,0.3796736062767704
5f6b464a9527,1.4823933563581795
a9aeefa9a173,-0.6004286472071142
da736212cd25,0.5615325471819687
eff40c8a80ef,-0.5576448166082753
6a3edbdd744b,-0.47933741599919455
af5184e4d773,-0.6335219147605651
2e3f477e99dc,2.487072173339752
b775da8cf6c9,-0.5650900410000502
a620ca1df589,-0.5069065756277634
9e606116a8c0,1.4083329159676188
8e52fa83ef09,-0.5463913576890254
8792ab226215,0.008973665723104561
bd80d85428d5,-0.5765905333204556
c31c0f67bbcc,-0.3502099769147344
f2da35e2f6ab,-0.2352927848862516
5294dd08b6d1,-0.32720365011106967
cdb136faed5e,2.752432999835632
5f767d70b227,-0.5830553367365461
6d6dcbf397a4,1.2625121217491255
ca4f3ea785f1,-0.614113523684175
157e25c05709,-0.28673422436507545
d5f5f5b17e6c,-0.554695606825152
6575ee304fc8,-0.18593412053176636
4c1ff0b70178,-0.3979439750047909
d4be32ee5aae,-0.4797619225251961
1713be4dc182,1.003108304463177
d460b14910c5,-0.7994877086945205
2fab86f5c0f2,-0.7359801553918857
3bf86f511ac4,2.031615176041891
13ed5ca81d13,-0.4126095724344596
c8b11828811e,-0.8360839162596798
73cd9d84a495,0.22631879340484187
7b4efa034ca9,1.2588080684112535
b8732ba37ae2,-0.9203103826289262
a725b2f49a15,0.47719654595887495
d722765489f0,-0.969064510426241
f3665e83c131,-0.3235106424443255
42d04afa6f82,-0.1817038149709229
348567c1864e,-0.8112574383597555
c1836d8b8809,-0.254162286645345
c777c8181a6b,-0.43682227573374155
bfa4abb44cdb,-0.09005845143531857
1d88171ccb45,-0.2908348655832441
9507a38e3efb,-0.311582651235907
d58469c90644,2.6977341877669616
7733929237da,-0.4941948437976844
bcdb18d5638c,-0.3006584076282199
734a25884e90,-0.7904337583007836
44c885e27b0f,1.2639746059239605
21c60b74b5dc,1.1058834393812313
ebb1da39228c,-0.4553166129740047
44a386974da7,-1.467304297334639
62457b72197d,-0.4331305824687311
cf326bd69ef1,-0.8541857054281186
e841f73b7004,-0.24670826852268862
3b7fdfced723,-1.0547015854130515
70e663da880b,0.009862659047361721
1e5974aefaa3,1.4696940989202405
9240cf308db0,-0.3170242155997247
530efbc17478,0.9255181450971777
0f913e970a3a,1.3174129252949465
dfc7201fee8b,-0.47754426267141575
a9385590fd1c,-0.6319747342574343
8d7ce8bb08f2,-0.5352806624231821
28eece4767a5,-0.24337561771785365
327732efcd8a,-0.5571423107791528
128e934a6ef4,-0.6911126671068597
a5561b9086a4,0.0812199408196482
b8d7398e399e,-0.6881022161147238
40c457c4cb35,2.750686469226625
af9ac2bac4fe,0.3303005523205082
03faee86d3a6,0.9727612620823797
b413020ae600,-0.3104357533785393
587fde33b68c,2.6131580135340062
d7dbc061889f,-0.6131518033663698
020e545e4dad,-0.41912269249695694
b4d101fd063e,-0.49899907705406044
0baaa4ad6368,-0.4117452610812614
b3d3c408dc03,-0.5695082979696329
3e6e0d01f7f5,-0.5146666455764799
e8532d3ac1d8,0.8868003264550197
4f740a788f5f,-0.42562833969476443
810e4371b93d,-0.6181142635828722
308f2e5b8aba,1.0241986533779293
707cffdfca8d,-0.4532206125445569
081d99e436a9,-0.45421580155143065
64f0a62a0112,-0.5411803970993206
be21d37f0297,-0.4425451860564464
286926b10a2b,-0.7241156461611349
d8a4a2fe958a,-0.5648048420621975
5ac5244f6cbd,-0.6786323152348701
d94f80b1ad7f,1.2147469441800858
f1ae5acd3c84,-0.37510878924964663
e8c4f70072db,-0.5991372090304163
cf4ff40efcaa,1.3081025215539257
1ff60afcd206,-0.40624970544956296
ac2d5aa40150,2.263140426161014
d61a4ab30d42,-0.6148567344802472
06860e04f1ff,-0.5985154847412971
8ae5aa757997,2.452304185940147
5c782f335f2a,-0.5522573392022404
3108751593bf,-0.39445580572023226
84e4fa36ce9f,-0.7118618221223227
fa74028b041a,0.42234202097085594
f5c174cda300,1.0492830579528403
87ed5842641b,-0.6791786666801908
f9e11d58e645,-0.6318740074539285
22c21c4c73e7,-0.6100186130555916
8d325d3a86a0,0.869089208592207
7c7c044f288b,-0.07460000365716737
cbe01140f936,-1.142099089379531
f18d8dd0228a,0.25714263894665546
516070d0bc2e,0.8674643498817209
fbd74c0ec017,0.4645094960843515
fd0021a6df68,-1.046745710095332
df33b5f282be,-2.068741992881817
66dd45e4efba,1.2291457861676343
5ccb074dd7d5,0.23487590036226824
ae8d6ca760ea,-0.21997591144225997
2162c023b1d8,1.0008014579514566
6b21ff285790,0.49822307806201954
a891c10fbb14,-0.6327010390300103
e0f60ce0ff02,-0.6513687879747309
1c5c7a82d37f,1.28062999618599
8c8b7a0b74b2,-0.5333927517873385
49518f94d983,2.3237869374349587
b13026bcaec1,-0.42635818289264604
f2e38ed69752,1.1707280584470787
d8e6129dce96,-0.5043743622697913
5d1ec7299496,-0.5452693113298861
b23d97590ea5,-0.496530674293441
78bd28b8277b,-0.5195247406606422
e8db22a14d57,-0.4656251418295407
b4e686ab6723,-0.6274313274606202
a6bdd89f491a,-0.6956178814747724
66e5fb2bd665,1.467748524307989
36f5a48c609a,-0.5307067744412031
431eff7d532f,-0.8267867107742678
5776125fcf93,0.5742148304494548
d0caa37ca2b4,2.162376228077943
0deca1282cab,-0.6856109713362232
ff6e6e7b0ed9,-0.9559578235591415
5babea5ce26a,-0.057156872002741915
721982353a7e,-0.4376268511532435
701e767e9845,0.6125556293668271
47450c17b0c2,0.9527418581105042
ba50138d1f7c,-0.460741083501339
a8771a9dd277,-0.42805368958301215
9e6620d30c0a,-0.6126940468574701
edb50a559f9f,-0.4259577983207229
20f4dd8645f0,1.1773339235667823
4492f506c9d0,-0.6571779835117147
5837eb01c730,-0.47794239653131865
31fbaf60974b,-0.4528144562909914
2c56c60243f2,-0.5769514544803634
94952b0b8f04,-0.5383973293537592
bd1097d56b92,2.5006544567534053
ac06f4f92db5,-0.008560868615400431
c2bb07c93f3e,2.4155204970076625
fde7c40db974,-0.39528232546237485
077d10b198d5,-0.6689583302847084
0ec0784645bf,-0.6299036836522656
c4de70c3b89f,-0.021429260643151107
14959091e233,1.4741644281344244
28182678719b,-0.7879774509068068
d4d865a92b64,-0.5412835391985489
c538b692b1c9,-0.9205026126066007
4f1dae6c885a,-0.1480057779094049
367fe33f6012,0.23221892413717551
edcbcb72d6ab,-0.5975660960893776
d8aefbdee9bf,2.759668692468276
797dc9129c7c,-0.6163113313251085
f4f37cd62260,-0.4884443674374358
3f75dffa5c75,-0.593624339292361
82265737009a,-0.28082323859478275
a3c0127ba37d,-0.47848316863370205
e9048bf02e37,-0.45417823060565643
9b394bfd6e0b,-0.5087594553879032
e07d092d55ae,0.8063729658752905
bbcfa3e2a9c6,-0.2871956833363927
252b2dec7680,0.7393442523591536
6a46d9afd2b1,-0.7672463613937573
4bb3744617f7,0.9582500785807538
3e5fc56e9943,2.542409066538017
5d0f715a9b42,-0.42790404375596713
cdbcda83e96a,-0.48876875481413806
b16c61c54f20,-0.7373690919196477
0d32cf940b70,-0.5581923047369518
4847d3665cf2,-0.5136335172706568
22b3aa3ab63b,1.0500704116783055
05b84987f853,-0.3528711327339382
9ec28d4d2ab0,-0.3616399742705456
54eefc39eda1,-0.34310437590147386
d90596d67864,0.6717942522606718
f71dcf70a4a9,-0.7634137326290773
c968783a8ff3,-1.4616624737474937
f71c09585b71,-0.0107889110419985
cb3e6a0b309d,1.2479535759947327
c6b8e2db7707,0.274060024970433
70ab3fa8311a,-0.3755779680322163
caca2898bfae,-1.393788225345068
fc26ebbe0c49,0.7766340804118006
84a654f81fe6,-0.7965066010602935
2807a2367d54,0.2620663613398093
2c833440e4e8,1.5692296168787003
f6bbca3941a5,-0.5565419731155808
16517445d4f3,-0.4340646213780951
69c4ef44f6ed,-0.2740182623314451
c76986a72002,-0.4289267165022948
67a89a67d851,-0.581564534101591
cc19bc544d77,-0.34446800987472087
4b76405e94e7,-0.5959982273685214
de034d2b4467,0.29920420532727987
b40d9ce43c37,-0.5603053643324666
8b5e954b0fa7,2.6829140078991367
a129303d5b64,-0.471461667660364
1780b46c9bd0,1.2652311634386637
1bb3b8f1b41d,2.571299899878546
77df9bd4bac3,-0.39243507260812116
2c4d6706078e,-0.5931737002441455
d6962c443521,-0.4313460649554367
efe296483eca,-0.6125198899789767
cb8709d6b0c4,-0.5399567112694726
e68971312461,-0.6077422236814622
e422a4a9e4a6,0.9088098598870661
e891bc0a3f94,-0.3974522572478092
f5f934aa9dee,-0.3997640720141305
5cc0c1c91a20,-0.5862828325718943
7a32c0cb4065,1.0805630648058364
10cd8a6b4574,-0.5502633570177078
aaa4189ab9c5,-0.5893846456399061
a70f2581601d,-0.424059245572483
e2872628df03,-0.4728381740529222
2bed438d10f4,-0.4689322083491714
86029f2494bc,1.0137018859182576
e617cdc8f824,2.5635615719355367
41056be33854,-0.4944034115717739
89ea8ab48bd4,-0.6228116376238416
a275a487ac74,-0.6016943471703265
749b327223b5,1.0018865033980753
b70898c777ed,-0.3547629342537369
bf1b7a82a1a0,0.07600760589225862
49bc064d26a3,-0.6889697236891965
077667cdb9e5,2.7105301918955265
e0281ff5c311,-0.702351598529732
a66f3f30a9fe,-0.67952577813949
e3d1532b104f,-0.22396669952835782
600fa8e0d167,-0.5736101549702434
4e5b289734d2,-0.0822070655658284
338cf43bef82,-0.45164436086431103
5fe0f7036cd8,0.11418615351716316
86bd1704bd5e,-0.6081437044561212
802021a44ce1,1.1096951344383326
82f0ca0a37a7,-0.49600999070047985
9900c1ad5911,1.0106299503436178
4e1b3f199081,-0.43320149424808635
0b8c3d8c9a02,0.9921909641223978
00288de3ef08,-0.5410978618456931
f2e633673810,2.5722493457532063
e5c08fc56b42,-0.6061669007858705
ebf5d386692e,-0.583532608894117
b5f8762f16fc,-0.5050358135276597
54501d58b386,-0.49818659319169734
beb00a61e14f,-0.3896732361820036
73f6c8371076,-0.5221657608436147
8b6ac8883aea,-0.43284468882277016
1bb7266e335d,-0.6152635166766461
dd7891fbf51e,0.8963830952951913
117c38792268,0.7236256181985964
8382b31601f7,-0.45482351204072086
3b56f97e5a38,-0.46593953223509144
f37194551e40,-0.5094569891353549
6a68a6b6e52d,-0.5332017233095827
72c7d0954167,-0.47966142548220436
964b6fa4e785,-0.49017959909113934
ae6afa1c5718,-0.37983183959763206
2e20c6350a33,2.7411941128973547
c085391d42e8,3.0064137325786437
d3bbb817822e,-0.769295755888615
35255cadef2b,0.3065377930101453
1e4f3441524f,-0.3651786467852045
1b0ffb7a9575,-0.2917274668356365
9f40b2e3f129,-0.2712806752623025
a9930333e9d5,-0.5249659759248009
964b227e424b,-0.5011824559780929
e569b6f1e677,0.1861186533888769
120a879047b7,0.0369516097313346
30bf34f68ed6,-0.5876115263721686
817d41740b82,-0.2247792856621792
a74d3be78067,-0.638044351098002
95c5b471fc81,1.029214830648536
83ac17662b50,-0.543679472586298
ad981d0534c6,-0.37692451624948053
c0809af74142,-0.6686375119769215
97ab9752c92f,-0.13035842570084347
86665b0963d7,1.175081008872825
7266423a1dd6,-0.6317749951279299
5b7058d431c9,-0.6310154843530295
9ca61124a9f3,-0.41517690408659064
26c4dedfbb20,-0.5981482837952526
03a488e5ad27,2.4294641054529866
feca069853f6,1.1648049321919465
18b015133e34,-1.2040618619852843
e6106322f6ed,-1.1010675141219965
7bc114383fef,-0.4655231422672667
d5bf815388a5,1.6197831149897919
3a625e952fdb,-0.7312183593629447
12c95ddac8c8,0.37461652461323014
9ac3690a81f5,-0.3974547119804319
11ee0490220c,-1.3297647221726039
8421a5d4ad8f,0.5118933805563111
4da98ea5493a,0.8796988275775781
3de52ecd8770,0.6782935319616706
670c220b6816,-0.47104498313948623
887b6fca700a,2.0113256574095466
8c816d9024cb,-0.5341614367885684
0ac57c2ab0d7,-0.8150448053961585
9078dca52a69,-0.5060718030108542
a2d4faf47fe1,1.5499994009577478
0c0368d63f3c,-0.26258142111452126
535254367aa6,-0.6589543097903328
2b0b61c4b845,1.3112699739694034
a1487a43e4f4,-0.5829802748554194
38d9b430aaeb,-0.5326589669747586
1d53b93432fe,-0.5090970312665983
f299ae053d8e,-0.3192262970969621
a9f3877264e6,-0.46960704041569273
bd24b42b4a43,-0.3520757806739301
cf2d5920765b,1.081239100525992
51790bce413f,-0.3340707774906475
a9e236f5e8d9,0.7231147869040153
942fbaa6e638,2.607060041275671
3af7dc151980,-0.2259213460679953
a08830b5028a,-0.6829645407862984
0c7624aabbce,-0.6048864285911246
92fb1c7759b0,-0.8213195941789915
2e32b777a827,-0.6013421234040363
3365dd3b1ad5,-0.39341300482032737
a76db40cb341,-0.2830025395827817
8a366775e967,-0.5822136289125928
500281a3949b,-0.28441064460115145
c940485223d6,-0.1984110148144582
677d6c9d1f02,1.0003551828236243
ca031c7d67f8,-0.17976292634822713
16298d73b6db,-0.9549407815834697
d394b80ae9df,-0.29853951700439363
12ae53d1cfea,2.8364327621378935
0b9d7daf9172,-0.3379374585073233
ad77560c202e,-0.32415642878679274
47546909dc45,-0.47213772449047764
5060b41e8f5f,-0.45486356643925385
e1141a1cd0fb,-0.5536302314125066
def3990ebf7a,0.8964831297967129
7ea6e5e323e9,-0.5168741848195854
9faea377ea5e,-0.6007397557758668
f7035d0bf3e5,-0.5348334150257369
624ec5ec94bd,-0.42033299123290363
f97b3f4bf714,-0.4721591122436203
8a059de21535,2.6594271739403674
e8e19dc0012c,-0.45605763953171974
5557f076908b,0.9257183172345903
decd1fee3313,-0.4094962867440035
45a565a9ef8e,-0.5807914828636974
246e6591402b,0.9961690624098585
e20599067c03,-0.43879612153893216
d438f39f7957,2.534649573561942
0142fd722c47,-0.536466631342032
b1de006e090f,-0.4540889045921236
c063f673af78,-0.5316616751193047
a9a0b19c3fa3,-0.5875981320139406
62097dd2215a,-0.5384541791351543
80ef9cc1b16d,-0.5398998019183644
22c541b525f0,1.0864345792957524
c40a9dcdaaf1,-0.582386869112929
4a1b44fa7a7c,-0.6697648015966845
6e93eb0f3c04,-0.5648431812934981
9da8b6fa00c9,2.2537377317474925
49ee64aeb1ce,-0.5329982125728187
aa5fdd2f3ca5,-0.511824859402535
26b2760609e6,1.117506540359968
07ae3a55ce40,-0.4548148135754909
bde62a54f00a,-0.5663861649032175
c897d677887f,-0.5284343322987354
1388aaede34b,-0.39244404705615576
d0f6400ce169,1.4326530097046046
ca14cd0d969d,-0.4015018489212727
bbf38a896ed8,-0.1659056196755252
6c91dc8af16d,-0.24268789658308126
2092fe700088,-0.2549863185059249
3eeafc05fa03,-0.47849908378405825
5bc589977b57,-0.4069396620578718
f2e43606724a,-0.2489270251560827
343a1156cd3d,-0.2799092318312955
ada95a54df91,3.118073334613344
dbaebabc9e50,-0.48582614131046586
97fb9aa53a44,-0.3080733452753814
665af8458e1d,0.15518283848761555
4ccdb6f2eed7,-0.2584776203634007
c04069ee1f31,-0.9359902527022397
582e41bada5b,-0.6696245460709488
1df0c2ba82f5,-0.5874961058833887
db591b7325b5,0.4855545078253053
648812083ba2,-0.5633528418496202
fa97c70fc551,-0.5932370869982294
729276fb7120,1.0876787824541163
227442134f1e,0.7958718855622183
eae3492b5171,2.415859179959083
59b3c95739f7,-0.6291784840251597
83423b6edf18,-0.5476074179077353
12339159531c,-0.41068150225310435
2c662e7a0e4c,-0.43937139194304115
c991fb407f5b,-0.5028380473305456
e4c9b7621e67,-0.46797754809405306
85c049bd5b1a,-0.586788695860024
e001cc84f0b5,-0.4624880648120958
f8e05879d8c8,1.1502054316344574
630ff35794bd,-0.5244730662474754
bd3f96e80043,-0.3651322539330791
0b55448dd438,2.635262856649928
2843aa95235b,-0.6853137772577612
06ccd3e00b15,0.659596059446795
6edef1362093,-0.6037928140757971
1d2fe72b602a,-0.6695619824362882
0a40c32f1ac2,-0.3604135165813845
02a4d0035607,-0.30815988588913595
7c3f90d50df0,-0.7909404587832725
aca65783721d,1.0040587708236157
c6b103c9d161,-0.6002095185279438
c2789eda00c8,-0.6302554581807491
4b67fb2f3cc7,2.427337584604204
b060cabbd0de,-0.5703575370348997
553798c4bf7d,1.1466703028086236
6cfa88acd394,-0.04437548672697192
95dbfc78c4cb,-0.40279169871556764
e051c748b326,-0.5110723714399258
f9a3a934d911,-0.5422620362542919
3baf5fabd63f,-0.49726930013407855
fe6ac3a65c1d,-0.5736021013136285
6e839bc413e9,1.0712621912756088
0ff618d383ce,-0.34663240703160375
69cabe782a04,-0.543140840565866
284f27b19adb,1.0591653966057213
85a8f45ff27c,2.5050767775441267
c96ab64cb214,-0.5966135651679032
2329bf08674d,-0.6221200448025914
af82da4a036c,-0.5830989199712049
1f7df56340d2,-0.5541373412928319
375937d89b16,-0.8338929564522816
4ef25baed1a5,1.1935404007647705
f0b384c18959,0.0752870838834238
bb0096507286,0.9441873716270098
0a78a5d861a1,-0.6392710159477933
ec57b91e2ae0,-0.2521492316854651
57a79b9faa7f,2.4075593264692894
0e1d53f89cea,-0.5993496721076578
45152181225f,-0.6914026791081221
65041dc13766,-0.4672723661791367
5840f27f0ed1,0.05243487334503579
4490aeca47bf,-0.05933150577724498
32316c094e5e,-0.2604692748530962
ff5e5c8ab78f,-0.33415076100390323
97f26ec415cf,-0.053265580749798355
476b4dccb23e,-0.7910209925773367
642256728a5c,-0.07863378277516689
597e35aad6a2,-0.5695373650050295
0f45c200c681,-0.8088020722085576
020cf77c706c,3.027901001349599
c72ad89fe2e6,-0.048155270701391244
ba3973202774,-0.07696926904311005
9fe197eae1cf,-0.5496666867288664
d838590d6fbf,2.7056663576845557
c5606b1b2f65,-0.5772782550579489
70d4c89ff709,0.7933801845163612
b593e83b7500,-0.4353530274563195
e289fc3e58b0,-0.5508464575050076
9f2c59c7f5cc,-0.37433363897340793
25fea843c949,-0.6130992802964583
10ff8e15ed4a,-0.4650020695125579
e7e36055b2aa,-0.4987255164968414
6d093443b0ec,-0.3390888596460962
b8c4b9f1eed6,0.9043472494725872
5fef165bc43d,-0.3141404189321401
e0a910989cf4,-0.7988343544602798
b8b9008187a1,-0.7957801183270683
87dbad0872cb,-0.14973252034379625
8ed2a9228946,-0.2302190304035478
cf8e00aa4377,-0.2623783399060079
2f0f0265e2d2,-0.8667917128343257
da9e24c34d18,1.7897887582112273
5c61364fbadb,0.24447555119361705
7bf86c74625b,-0.6253412620716616
d87444195244,2.2275176464185895
a197cfc2956c,-0.21856419854460607
15c1302e6959,-0.33201103442984664
0137394ee5cb,-1.1258708093501815
76a6c48b9a29,-0.43305439367416504
15f86e678fb7,-1.0234229602652607
69f192f2facd,1.3477302541677354
94a37be460fa,1.9672646269451393
512efb2f393c,-0.8314174202192616
a5a4e6f78457,1.276332994792475
0a0e8c103664,-0.5075977031103157
2f78a0601e3d,-0.15160086364255418
b3f2279b0a6c,-0.17890438665600336
812948498e14,-0.00744830455776186
70598ffd1251,-0.11655135655220121
2cbcd449d4c3,-0.6590365081370796
9b0620f608c2,-0.4930818353379139
c823048ad617,-0.62733867704577
98ef089f2eb0,1.1878539977910139
d2ef364a2f80,0.45243944810186
c345029df5dc,-0.738713477544253
6c0dc4db0a07,-0.7450977023225904
530ea86831ac,-0.626021412294128
2dc703f2f61c,2.4776563716079036
9792f5ffe435,-0.6208031628676628
84ec6b66051b,0.5086943146008216
cbfe73931c0b,-0.24288287775593917
ce3e4d564f86,0.21902320582348403
9fe4034d6491,-0.12340277698091273
5b9e09ef45e7,-0.36813809079673665
f6727babb5c2,-0.320080282776132
3a9f13aaef92,0.21287098526535764
2058c4cf6b88,-0.6045144877301823
ca479f27e834,-0.3834769265628148
10137ef513cb,3.0601067133799713
dc61f11045f2,-0.4978648879581116
12a400b8ce3e,-0.5128596443212762
f63d3bb29cc2,-0.4387809295867076
f9800996482f,-0.4370371522663418
3b2efa61e815,-0.4324177612994023
218abad526bb,-0.2650138467076956
cee326ec336f,0.7430756171224883
c70eab3e45a4,2.6471707521728494
8d4a6406b9b9,-0.40724896424221463
49f33548a508,-0.5518319376895552
2711f572cf11,-0.49799519292096117
12587c6c4543,-0.6890044679609375
577b611174c0,-0.631023950522139
5f6d58fc5033,-0.5306693948610457
965a343080f7,1.0519962991749554
1e8f75b31898,-0.4444088386874002
ea4ced046845,1.264978267668716
83cc71faeafd,-0.09182442892576552
83b9eac70f6a,1.7004190206247207
3d079eb71ff6,-0.8088560193221976
f8369641600e,-0.6323452085880991
f3df87f29edd,-1.2878246887683025
eca0c87cbbc9,1.560565631979172
ca85ea3ea3ca,-0.07516617705004165
8e74feb6c8da,0.11901647302804755
091577925b6c,-0.45028462011057724
8abc8f387a2a,-0.854269411848272
c1e7e5c0218b,-0.49651551127493826
382fc71f617e,-0.45836423623068234
4d0679c8568b,-0.3923227932572476
be48c019fd68,0.7657455211068707
869d068a5777,2.637024516705011
c5ac1bb05428,-0.5840335105416387
bf7c09549e8a,-0.5731208319585128
a1c813d253d6,1.0722569688058903
600a09d5662a,-0.45319505606821636
03bef78c5af4,-0.5333935291656757
baf23a6645f8,-0.639818444681491
ea897fa25b31,-0.34426309343936945
6a673f4dc4ec,-0.5690593331967968
810a437dc4ed,-0.3849397423826745
a1452983c1fb,-0.3605245329270365
f4b8e65b082d,-0.7036600880287651
6e343fab463e,-0.49380172641340764
bbcf744d1334,1.0151103580216718
16195dbf2067,-0.4124952458998299
935613339f4b,0.9373885678996092
ad3e6b933d66,-0.5040571371084466
89963e824715,-0.4271770276278967
a2f8ded965f7,-0.679276227299724
f191eaaa8a98,2.5824921349632963
ff10e8aaec46,-0.4805887951535412
9fb7b4f95d2d,-0.8359674542002647
6690488f23b8,-0.7794622559746894
ad100a332f17,0.714289946766839
92951551a8e4,2.446569973208887
e45f3ae21569,-0.40643248905652385
ffff0a6b38d1,0.4515695551546439
555ce69dfbb6,-0.7829708299655296
1f966b4c716a,-0.6520958899791394
9dc3febb6605,-0.795718428095296
c87868f4b94b,0.19619209020261869
8b44cfb67ac3,0.9246145770919959
a0f284833ee2,-0.4016797892153476
d7fb5d306edc,-0.4127777452407704
f93ad095f79f,-0.7043593784841466
af82326b620e,1.1306264725653228
5c5a0edf2eb9,-0.35733864261731685
4b03fdd69c07,-0.6752600326526006
5b4e6596d843,0.9026847236677045
2f8794facd43,-0.7499955715967969
3b258efe505d,2.521645200789333
0abb0e2b3cde,-0.3724537159891117
1a2113c08914,-0.5774493721085522
842c9a7b8e48,-0.30364214911771786
6b655b38fe02,1.2414266245080614
9f512e6b8a76,0.9248065965965593
a6a7a91f6dd7,0.9060551588617067
3c07d86c7feb,-0.17040341521590716
86fb391bebdf,-1.8301589392601196
06650588b030,-1.3204526092223947
dc9600932540,-0.2809577308216756
c62427597956,0.36048978857112657
3c6e0961e2f1,-0.890470424111359
9f514e8490ba,0.6023389811591523
3c526fb4062c,-0.3708403575780165
c79482393732,0.8281663265128663
7d49ad7d7e02,-0.4481209910866959
d37511b5e3de,-0.5171313873500317
7e72fd291f2a,-0.3081140405018154
f1491a5faf86,-0.536997708848012
4f762c8ad565,-0.12534516552085864
8519a8429a1e,2.8525322560733466
a445e2a62130,-0.5531096870021227
70c3fbb0b284,-0.34293785305386315
5d517792f825,-0.4956623757370172
45ca10a3c69d,-0.12434162382703369
8439f4926d04,-0.4484020238269814
fa348e86914c,1.0476306006810852
e921760b051c,-0.07816526439765682
9af395543f21,-1.020248097035156
e1de63cac371,0.9368271623305128
b85b4c2f5918,0.17023394816580892
c64ca70288de,-1.1167283494608393
73553802e207,-0.05111203011444987
cee50efd3404,0.16884173294370516
cb5e5ca3abfd,-0.1501743832840059
570261c8ee91,-1.1117313839367378
c38983e86c88,-0.5440518432230873
08d0fcec1489,0.3430678634908999
ba58aa88ca8a,2.4532406445210064
49ebc854e629,1.2314523423100978
021a74fb64a4,0.8138061493610118
31d3883c5658,0.5484310635874683
ada652a1c044,-0.8759709406096738
62916e7dfc3a,-0.9751563724704868
bb19dba4b730,0.6245906673453802
839e22f17ce4,-1.4861887995341654
9fd471aea1c5,-0.9291480175747988
a3bd7496d3b8,-0.4934747074860226
5bf1cd6bcfea,-0.6662167832899946
a129a5dedcc3,0.9176928717852358
401fca2da01a,1.2901825265759475
00b183cc16fb,-0.6111281366878852
3943bf66abd8,-0.370674237983978
09ec7321431f,-0.5730778551619399
e5f8a9f2cd3f,1.4106493184780755
d13d3117731e,-0.45097793181382567
1399dea762cd,-0.5708063685910084
3ec8014c5a78,2.408290553999551
6b693f71d055,-0.590662147542864
2d281446e44a,-0.4865665494481636
78687c665159,-0.3569002679213651
789a621bfb20,-0.6405794059819679
6e81e3855c8b,0.8324330286553712
4ca97ca6193f,-0.6831647528338591
3af775257f62,1.3856889087892938
41eac46ca2b0,-0.5408001684133099
41797ba85587,-0.4926182374151573
1adc48989a6e,2.153488263962792
460affba4547,-0.5540542022917145
37cdb93c5eaf,-0.6656233812875014
759e5e17d38f,-0.5554457853075119
0387f430b326,-0.7084495167647071
7f78287b203a,-0.3820084600587477
b4d76006a154,-0.24328645098231336
f21264f72e9c,1.286273782602737
f28ac0425c2c,0.05998040811757413
78a2f2e063dd,0.005143817519831961
e203b9d5db9c,-0.09164745236086184
d4e3939d30d2,-0.2997000698293388
a5f2e66df080,0.2730186479234207
5c60347f32f1,0.45413959968220885
5f996bc580d5,-0.061012822148002965
cb85ef583664,-1.314718522436923
7dd3cb7e787b,2.565833485489222
03ab8474872c,-1.475236807079051
6fc67be92e6f,-0.02305936691644496
89a1ff748118,-0.09274091796163507
29792d550dc7,1.486481453857763
7bbcfb126e0e,-0.6410187157130373
c022e122f02b,0.7487381949346397
d5c3e5971a30,-0.5402943450157836
6467fc6c2c70,0.6267001288121485
2655273a3dae,-1.02064486683871
a355549520de,0.639582536798584
e669192aa8a6,1.2447794724486068
1355e9f5ae0d,0.6658479578710974
27ccafad2d03,-0.8289837665597161
3b6579dd7e05,-1.0009421999146566
19d0b5cd604c,-1.380245850680936
006800eb43d6,-0.448080112404715
4be16d17394f,-0.4697033388251568
8633ad524c27,0.7470668076443417
db9279a92e59,-0.5050933103745523
d3a8814a6f03,-0.480671521931471
a2dc6e96ab4f,-0.5590531707543908
5ed11aefb734,1.0669276747238023
cef0715d57d0,-0.4759180855662194
e4ad39c5a58d,-0.33157058222584274
074ddaac7257,-0.6485099353566827
17b12c8ba9ac,-0.5446352075070318
b04d00e6ac5e,2.6492407825779183
0375a55d4025,-0.5767891016813186
8d89480f5e34,-0.4494759547530012
addf261121ab,0.8372209932750564
32e21239efc2,2.6069937917543027
dfdc545a553e,-0.4702901175749457
d57660ace0ac,-0.5626353372560476
3974c6980028,-0.5433799233039166
2840a671aea0,-0.27573743455880784
56bd14a6d086,-0.45144965174795704
3bce28fcad0a,1.0672464713057106
37afdd787cfc,-0.64443508215013
179892790202,-0.5372686533089446
47efa984f70f,0.7643025664260152
edbca352d41f,2.738839271869569
6f3f164bf5ad,-0.5121296679838101
4c95faf767fc,-0.495515882861719
8efa3b72c2ae,-0.400445446241623
38d26c9cbd0f,-0.40295275015192966
daf80000be2d,-0.6074359650793046
f840ef38f122,-0.4613136878616184
12c9c283ad16,-0.37284457468337817
3f7313658b17,-0.49481192077336816
96c72f0e14d2,0.8558598842677356
1199cdf49167,-0.6115518269265686
6d97fd292a15,-0.2825663498547484
2d021c803abb,-0.2622237625416494
faae083fd4fb,-0.7919267505370657
325909ed82ec,-0.7052063883521006
0f81141473cf,1.4212867704245749
03deecfe5482,0.13550906222434167
e7c6a75e7427,-0.49369712244593766
7dd557fc3674,-0.5968502254264
7b0bbb237da2,2.5868656328752557
1bbadf646a4d,-0.5146487967308091
4bede5e77276,-0.2516643375613978
d612b2bd09b1,-0.24487773207406296
50f0d3cab5b6,-0.5457128295704533
a0f47de73b96,-0.4429086399292005
206e2cb00fc4,2.153624433032543
74b7fd92a63f,-0.2690304929112175
711e63ea3600,-0.5770887522917191
d50887a851e1,-0.6542349899963479
69453e46b640,-0.7939146761910806
49100acdffa8,1.8063808931994185
a929a4ff4912,-0.4029414752708979
f0d3ac28d832,-0.572171309901662
64c816dc298f,-0.3777810106006585
cd8180680cf1,0.6757788504312758
1236202ee569,-0.52142320560835
576f5aba3be5,0.971355613444378
b69f02fc22a5,-0.5090750711386806
d3a4a9e840e3,-0.3911228622782228
ccf9ff5d346e,-0.5476433253182929
5f5add6dfee0,-0.5604141665045098
48e287f56a0b,1.1260253649736527
1d85a1735761,-0.5568829829400487
9985cfd94c56,2.5267492495680037
ebd40116b5fd,-0.4751016520336613
b4f22442009b,-0.4886122507495169
709042bb5b07,-0.5738547114147516
503d03d8b2c7,-0.5838876900106336
7d232bb32baa,-0.5535639602998774
3c44dd889f42,-0.43480075196259754
4817228d28fb,-0.6135844606445487
ce503efff8bd,1.2325566337403322
34b22271ad41,-0.49511284356181895
e490f344dec3,-0.30076408465112325
2a899d7c8a18,1.0549022842903417
f0854a9f6ecd,-0.6198995131059937
720589838eec,2.4123708632515646
356c950cdad1,-0.5412565140306617
af125b93060a,-0.5569599630149838
d2cac5605acb,-0.18135804661603594
c58bc414ab39,-0.690619259052023
20a6686b37f4,-0.5200675047130526
f770473d6f14,-0.6304361695595494
1f5c237ac816,-0.5407988921488404
c670c930e6c9,1.0560068803425366
d8288df37e39,-0.6014851219683581
0883206f2038,-0.5047149419180375
86dbbe163cd1,-0.2843841055529189
00990f3677e9,-0.5541413441807979
5b79b6179b36,0.8791955670336359
08ca2a6cd84f,2.5728029383334414
20904e7d20eb,-0.12891355948018204
4f3c28091fa0,-0.947062805747562
014b1a41c543,-0.6790359295964901
e3706991ee71,-0.6447371029166457
6c995d9c5648,1.523582778409551
aa8cc529832f,-0.8058864920160353
38e84abfc2ac,1.7489033344275076
3eb9640b040f,-0.9746454254675851
d4bdfd6e9d92,-0.7246386415439395
8e1f55ee7589,0.3160301173565134
e8e1376cc6ad,1.1786009912177597
89ad06b1560b,0.13780273535710763
0155871d3d2f,-0.4228533789762114
0b2b4a6e6424,-0.5730880652742831
8464e173e4f1,-0.5395024930866171
56e3c998cefb,2.5217430472000926
670f754aee9d,1.1296034866600966
e415d34ded99,-0.522438693636858
7788b6f1267f,0.9771932760986336
6c5f1f121bec,-0.5492938520016716
df42364d9041,-0.43213822300769283
de8a642c4e7c,-0.5230436466656828
fcda33402bcb,-0.5657452761831323
77092005501c,-0.5004361811266742
1a3c5c6a7a22,2.4914738307554
ba7605242c1a,-0.5614856198565636
6677a59ed40a,-0.46707812051380565
024976ee36ca,-0.45454864824926605
a5f2d2e5a49c,0.7911018822758166
3cf2f867316e,-0.46037823072369477
eea3c1fd2f81,-0.6490980985073285
80126b40d668,-0.28516641589878744
6fe8141a0443,-0.7368492455206029
c4741c47ea91,1.292315449773709
7b1c15c656a1,-0.541187840422496
f7178fc4575d,-0.4190989431123803
783b09f4f9b2,-0.7054025509381477
f644b6d27073,-0.59597361007173
3ff4f2e73188,-0.5186533503814942
890917241113,1.1397869063473323
fb3c11f4dcd6,-0.5645104408693107
022fb79d13a9,-0.5597732808455613
922e199348ec,-0.5158515308908549
8c56add84b05,1.1171292679464553
59d4cd364a02,0.0014050257445923277
672adb1c99da,2.391322260881335
4fa6cc564db4,-0.5876921604581584
9b0a1d2c6ec3,-0.601786536464457
4fc76baf1812,-0.5288726107951637
626d04a36728,-0.418793124272332
580157b6c60f,-0.568759331047489
519799480f72,2.5409902476856514
01da61be69a7,-0.23154127879592448
cf0837092cf7,0.9728984125223725
c871dd85efdc,-0.5899602974196746
7022fde0e0ba,-0.5095872452446775
7e1ba43a90ab,1.063093244528549
eaf226786591,-0.5878581324127674
13134b67c5e1,-0.5386459521266683
4c54c2080351,-0.6029639326218759
366b68d765df,-1.5549716926336405
d3115c3cf469,-1.112013498576437
f8ba99f3d05e,-0.06265126390800999
a923930b29d0,-0.3893471777986798
792aec18116d,0.06127236500077565
1ca402afa1d6,0.07622662280283678
ecf3e55f3b5e,-1.0828212550650664
9a99d2013f3d,-0.29262143641574856
7540159362ee,0.28282504374585216
060a883fe580,1.645474658977321
c0487c6fca26,1.2702168290754485
b5d5cba0f29b,1.1584108047953474
823cb9dc1972,0.7366386088903781
a1c56b5511b3,-1.0060165174767597
4477034b3a78,-0.8773706700969373
dce7b0b0769b,0.857506312669572
a9fd7bcd1a67,-0.7942483177158398
986659fcdaab,-0.05579208704800304
98117bab2400,-0.6699573004283479
a44cc345e963,-0.800620488821414
a0b6c1af2e5c,-0.5958108185839441
61fe430b3ed8,0.48171715083349737
b3ba02da572d,0.39077320896113366
acdfdceadfc4,2.3331809188166646
7a595561744e,-0.4890364323169761
1f43a5d9dc94,-0.5832531686284497
d30276a770fd,-0.34698490724172737
c289bb8fd32b,-0.6482648456108289
34c51c7ea82b,-0.44040715103442707
16d6f1795aca,-0.555775796819281
04ebc6277da2,2.6067493492310354
a73f4c44c2b7,-0.46398162868698745
e2f297b13915,0.8537687153982642
af20bf41e7f0,-0.4017511344757859
7566575d0a61,-0.5914863724478976
0f7d4787e549,1.0604233726330625
9b34c0052a89,-0.2939447769564425
4582cbf1bcce,-0.6487209903666379
b59307ba4ae2,1.0388455127330676
5db50787ee61,0.1106309445525883
5e070a4a33ba,-0.6023721474001472
1ca20fda368b,-0.8300988040465729
edd6da15ead5,-0.30661574178222495
f29c171ecd35,-0.6045761033914057
5f6d6de57b40,0.2862962646157642
f8d20c70de0f,-1.1568916841133077
eda247f93fdb,0.710591567104906
4b1b169fa4ae,2.2968559590504123
6f23468aede9,-0.7475736661895169
d9d3cff2e646,-0.7187866641115169
669a96c3c925,2.721933385573581
5015afaf67b3,-0.6852314189373612
01c3064edc3c,-0.10392388042311954
c95814f02f52,-0.7568689805539923
fa783a46168f,-0.3527017576263005
f53d09b199c0,-0.06899629446013181
06ccd2b1593d,-0.04023388597104003
2eab45543575,-0.2918037980884671
9b2a7ed55056,1.10610036332201
38a0db652fa8,-0.061913402534144305
1323b294c110,2.837496088721473
b92920299254,0.4329080716063596
22d16374e626,-0.525983844370405
fcfca5e02fd7,-0.5453766175333573
3f1e3a8d3fe2,-0.21110365468390244
776d47e75e0b,-0.5238446460593608
8deebc3f0507,-0.6292559533746879
620cf6fcbc85,-0.46702442285735934
c08adf26aab1,-0.25947670842309234
5029b3941243,-0.47154234919741805
1d8f0b6c54a7,-0.4790926770440427
ef501eeb6ec9,0.8422967132157936
cf21545f9884,-0.9857346167163819
dd0bc3d0dd8f,-0.2798860480156703
eb26f12e8102,-1.1108016696365524
c3c2da2ad2d7,0.2850640029513899
8eac7423cdb7,1.6162322133114713
b6afc5d15624,-1.1445735531769594
bb5781e186d4,-0.46627717961084897
2566d99e33b1,-0.8040565135607224
9bc453de3648,0.06016252334987997
0ffd3110bc73,1.3355895880815885
41f4e5fcb373,0.076011060585013
31991ba077db,1.4182701924377925
446337e795f9,-0.523953150002038
065e3c24d99d,-0.4630131975240492
19bc94d23e50,-0.5803987370875346
7dd4028193ef,2.346233610401096
8512645d5ebd,-0.628517348018647
b47d365cc42f,-0.5688587145097446
c7debc8d3851,1.3802260853453419
024e500b63bb,1.0091826304659892
51962bfd5fa3,-0.46234497006949876
d35241df9d7a,-0.5198650121772725
7d80b4497be8,-0.6254982663038997
9759686ca5b4,-0.3631929305197428
3f3b73abe42f,0.42989418933608536
3244ea8c2be9,-1.0219874703240899
d43cbcc253ce,-1.125553437625837
614cf11d5bd4,1.9308339642180932
84e7c6f4c463,-0.7381940590008286
1fd0b128b9b9,-0.9883915885519597
83c30b30b657,0.6056947752366244
355a1f224c2e,-0.6650718244340966
8a4b89912971,-0.6671332664630909
ecf06e7503a8,0.5106952361929904
95a8f95b065b,1.0207813912971548
7ab5b146ebd2,0.7084320901189554
48770c47058d,0.6522312541884968
9b422fb35aef,-0.5887399574289253
dd12c160fdae,-0.7138168443572639
c067a0d69eae,-0.5750296000262818
3ffa5a232ffb,1.044184224076987
a93fed426422,-0.5986282365263044
4af9c913d09e,-0.5859847776836254
d1af6ae33067,-0.8031481736308215
71a43fde8135,2.2961861761621716
52d24f61fc23,-0.45824034607550834
7ff06df380cd,1.005365222443609
6499a0e67b03,-0.6743789411425345
ea0d7ce223a7,-0.8479680438375821
bef145af0dca,-0.7802794533775524
7915f2801451,-0.6834976993635575
7ac170bffde8,1.852520183798375
49745b7b6af6,-0.7502005917685387
85108664d813,1.0713159915372301
3a03ef93c4e8,1.511208113409763
b6cf3965d631,-0.6905549049342768
b8e99efb5a89,-0.7003245762632025
3872579f673c,0.2048130679888591
2017cad03eaf,0.5079059898330582
797317704ac5,-0.694938077022575
489eb76228a2,-0.0906091793542831
ca45753fa062,-0.5530288670953541
8e8bef03ebf7,-0.6034367098826232
ec9a3608cd0f,-0.5437467830579895
095c123d1ff6,-0.6066040457201968
eb560b2db413,1.0580587760777527
14135ce33f30,-0.4681847922114201
8a4d2e5f974a,-0.5597765191757036
4f401d1cf0a3,-0.5496729847833006
ad685fe1ebd7,-0.6518929994661423
35a60fb0d3fa,2.449982143673341
926384696d35,1.1189119609959195
0fc4520251c6,-0.35497174701328604
2327141c6417,-0.17096501447887533
23fb79f07d85,-0.6302240916051112
7754b6bc8771,-0.5973035265401045
9c61c82a0f3e,-0.3555157021199993
6275dbda55c5,-0.7808611421680797
81cca233620c,0.49661468450868607
c24f598a9425,-0.23145982630727227
9b74fa802a55,0.6825628627361187
5ce0a15a0263,-0.13196418081214514
140becbaa0e7,-0.7526853500082148
e470a9a7cbbb,2.8267730338082844
829ee61ea7ac,2.6264559209209226
465bdce3d76d,-0.5643995981579493
8109aaeb4881,0.980663853843765
3d5e59c2cb61,-0.5359236509098921
1db27160e2db,-0.6220086353807771
c3d5e0bb3885,-0.5115800607293487
6cdc04b31803,-0.5398123591602539
f76d15ccd399,0.8816766010216424
68447eb1cf7d,-0.4706195254389463
f8a6e722d32e,-0.5058073817667341
b979a9bc7646,-0.5256646575330673
5ff5d6984667,-0.21298050670936114
0586c69152af,-0.42530505383906714
eb98f6e7ad03,0.5345776074066833
8e3d36632631,-0.6366141658005133
49ed6988ac55,-0.5415141633308889
91dddff4ab41,-0.7409875942002943
f28a15183239,-0.4905875636130418
65b38765e28b,-0.8204516784830762
163e7c2985df,-0.6079268961242839
2e430c4bf030,2.522055060875225
15e8a627028d,-0.46125821129840666
64fd3b0aa542,0.9598755014513736
201c7a81a0fb,0.70813715695629
222490766c46,-0.45581350213984156
a28799ae5837,0.7373283175077832
3ea5a89e95d9,-0.2676221210199858
9c2b4c786933,-0.20340784378367568
691447228621,-0.28433887931871843
f7c897e93b82,-0.6748965962975036
3b47eb500386,-0.41785979653138555
2e20c3479d02,2.1959670535077738
0e651931f53b,-0.8826058349827609
8ba9ebe167ca,-0.9207295699541784
e86d459f7503,-0.4661404048799861
aafdd1984c97,1.6401191778924795
6f1161b56b46,-0.2710595458676676
62da4d746282,-0.3236127018903654
f2314de4554f,-0.7761097954689811
076213fb5756,2.855944702532593
a609a28a7a01,-0.32717661921899693
234edda98cfc,-0.6077034601372161
fdc67191b6bd,-0.10630732282649663
72b6a3007805,-0.35057995743205417
ed88ab932373,-0.23603255265042716
6f50c00cdd05,0.9852302569803006
09f3ddcee3eb,-0.5656875340014588
25cd93a3d3c6,-0.2769054700192301
41561ed9f7d2,-0.7465562287121057
7afd1485ed6d,-0.19525703494431745
bc64cbc55980,0.1567979041635151
283c06a4bf32,-0.02324846762862983
ab9c3d89f590,-0.3547821111537805
7cb95d350b80,-0.5900363821326752
5c0cdf02e641,-0.575058501115638
84e92a220e06,-0.6539707034414003
d9bafbd2f4fb,-0.35254572257025574
56d91c62364d,1.1884683444918325
3e5b2ede8f9f,2.694931633462897
d4c90d6b6acf,-0.5487427304194422
c169d6ca0c10,-0.21490260067525813
6a60d7293b47,-0.4469796473605049
b97c7e40e7df,-0.25514057588680517
8ab23d247c86,-0.5121134261572156
3261738220c7,0.7498069824076918
7ae921e93800,-0.17754132501082948
bdac92791385,-0.5729775179766299
f75b949a403e,2.9272436822159
0555b9a6266a,0.06191031147326463
ce4472db366d,-0.6874854282173906
94e2a6ecafd2,-0.25693354548549
6c378a580f48,-0.6148869093267328
175b6e005c95,0.08881873805312046
911a295e605a,0.17989007115725167
943bb8d219a4,-0.4400888453530265
51d5be736873,0.5204289481243511
5d031f6a2d93,-1.218804833188151
935d16b7e569,-1.0172018251565436
732b212882be,-0.7589366971750736
010cc238a895,0.20137981318618225
12976a217a98,0.502216666259754
e8276dbb961b,0.445586157323435
2649a576ac12,-0.945687902243056
33a2baad26b6,2.4423997090117564
776cb5d66cad,-0.4619173531239213
0fea04c009a5,0.7488546808351911
9ad7d6d1f65b,-0.6031288051330208
df3336fc81a8,-0.5012151781592543
d3b82687d85d,-0.5475482813241719
37b4cd3dd1aa,-0.4575844451999895
c28f3707f2f5,-0.5404295925580409
7767a1f62e51,-0.40250597161768226
b059bb6eecdd,2.6158714551194464
8e651838a3d4,-0.48864237282773637
6db85b2ad9a6,1.1409869716457333
0ae75484f288,-0.5027411076565543
317f05827e29,-0.9098188271439932
acc274d28d94,-0.6069080947496636
c9cb16dfdbb7,-0.7258402781504542
1290299747f9,-0.6764183835699955
6768313b51c4,-0.5148347193001016
c57de6907bbb,-0.8176302158950814
7046272f3423,-0.5448907055576733
0f685b96f809,0.8683430360345691
0256f3a60373,-0.0301403746316686
d8add6b84a59,2.0632070368818614
bd168f442de6,1.5677525249432789
3ff1859516bd,0.3271790011389221
5f0937c94123,1.6165650744683253
dbd51da7c5b9,-1.0424144306484358
28aca1f11e62,-1.1457076929953351
020288f4bbee,-1.0457493976700167
80d2b21982ea,1.4707918849047745
68d83ab192b3,0.5825852071707309
e69022c40341,0.06507006638648752
c4721704275f,-0.18594954921331522
877bbe6eebf3,-0.9525448725628132
4b9943529a96,0.6482439439349141
be127c1a1ee2,-0.6955616928516684
0ab6b738524a,0.6846714590763514
4fb807960e38,-0.19621738844478442
481aa40b2d9a,-0.345388924827647
25b4df2a0c4f,3.0365906951779604
48cbae64df16,-0.3478298388145285
13f3d46ab7b0,-0.28132340350681095
67584ae4ec22,-0.22459768615401673
af73cceff9a0,-0.5900693476857413
eefc4a0d6b7a,0.4468784521368011
048f2e668af3,0.044647223275825106
6bd6068b7f70,-0.573692914797178
8d5e5bbeeaaa,-0.5234301366910723
c818199107cc,-0.4455667296688071
69df7921633c,-0.4134889521494876
cd8a966b5f22,-0.5297277361402633
b3cb4da57af2,-0.36013259614768356
17db56b08843,-0.31345667864305404
e41dcfea9c2c,0.7685041856027934
95810dd9ca90,-0.5208000389136423
c0cfaff29c6c,-0.5105835514261683
5e077d90725e,-0.5633926487067938
ebc735b26298,2.7352160566711987
0d9d5fe382d0,-0.5883061489114949
1e727b62d749,0.8561452980988846
8ecfd1f4b726,-0.5599771893342886
959ffea22225,0.2221134831564393
7cea0ac0da7e,-0.3818472133378657
956cf3160087,-0.24220661833788215
039266ed33b8,0.09013641805315865
d3a0f005550d,-0.5254050233885669
1ab1b04f6603,3.088357897056323
50462afb820e,-0.4381929439379612
b062189df124,-0.36469099672430294
92f820430988,-0.5113361587181591
12fb55ecec34,-0.386220075721151
a13b48c17588,-0.24204593121585555
0840d57b47f4,-0.3086628368841766
2384f3bc81ca,0.08775818821233003
bf53882c2414,0.4323654000465231
303fb96cb9d8,1.1792475608756146
82aac25bce26,0.042344930554643875
c9daea2d5b29,-0.4899265750902578
813d61fdfb8b,-2.166153605992401
f567ff8dc103,-1.0633371765918578
2ae7e3d3d0d9,0.4149261450197934
3f4469276da5,0.5177816344987153
282de0e48574,1.3131658538707076
827fdc90509c,-0.7504597356649537
7ea956468a78,0.48228738026114265
c7465fad8c7f,-0.46662429948174905
ba4e453571d4,-0.7166008208088419
1d46494dfa38,-0.6744283880328537
e7705f7e0736,-0.43012010436916337
204543ecfcc0,-0.651332682971037
f85dd48addae,0.9114440876559144
229f0bed41a7,-0.4046237907858353
5fdc6aece373,-0.44799322159762234
fa7e9078d25f,-0.6170358463524089
6cb2915c59f5,1.3272318349532255
65f6020798cd,-0.23495462167063977
319376b73b94,2.4050378534610113
3c2b2af5fcc0,0.18571608405719403
7c2d9c495f8e,-0.5267552877261192
7f1267db0168,2.247592804624602
15bf6ce9d9ec,1.0091792944833626
0df734f5c312,-0.8826084424521184
90998552d290,-0.7206559728295754
b3e1c0d30b1c,0.8394005367579207
82d8c2a18749,0.37172719433728474
1e52b97f9848,-0.6885273159765074
a485b7caff64,0.09993341860398997
c820bb1a61fa,-0.8850400469237103
9b4fb90bc7d0,-1.0499622669563236
23e16d6cd6e7,-0.7836132550322102
4ab689753798,0.1056807300648598
cdc98bfbdd4a,-0.9473301214631993
da08e87b4607,0.03297938433926843
5df40864a667,-0.6170289386370216
3a3ee2101dff,-0.7950964628496469
c1dc379a0f5c,0.09274589921123212
b9f249bd7b19,-0.39419685161934964
d90de310d7a7,-0.8959520727477486
a3689765328e,1.852499492455322
abb7e58fe284,0.382606946927947
a6f50b92ee27,1.9667052493505464
5e51aa7371c9,-0.4767658561047713
c74438143e9b,2.7941520311734185
9c6fa4df778f,-0.1268172159505822
81d00fb7960c,-0.7408022387538712
b800f289c8c4,-0.39278700442836023
f179accc4f2b,-0.3470314669164226
19f4db0b033e,-0.3095115685245469
5dd6051228d1,-0.41524759636972897
9d86dff1a945,-0.6887955092571959
3fe714e5dd2b,-0.24911248491328467
2c8abd50951f,-0.1742228077439383
e68576ad972b,1.1269417177892838
d592e8059bd2,-0.1404173239555456
a01dfa57e9b9,-0.0793263972595496
b232981e732e,-0.41894194690408665
2d358ab2a107,-0.5612226852189274
a6f1a42d4003,-0.4352467816261536
60fc6bc8c805,-0.22695510732140184
25039d675ea5,3.135875826313192
14e89005c111,-0.3794810170822658
40a010af8625,-0.1073367749874154
31ac9569e627,-0.21031905763596526
a1ec383ad27a,-0.2318570252852404
4bfdc77e9e16,-0.34477170903663995
974a37bac8c0,-0.2795310012635737
532fa5bb638a,-0.7048747054121225
7b6a74715ec8,-0.8258447965464172
b9f465863854,0.9646714746225601
ba64b2677c90,2.8124659861756656
150eaaa8ea06,-0.3022930879143825
f97abc33380a,-0.15237700880269026
cf0cfba653ec,-0.5425731853652292
325429b90459,-0.1516463171889319
b470b85e9c58,-0.6716856672773506
368c94a1131a,-0.11531831997410714
e3f77ce84a5b,-0.030993371053420954
99e627539581,2.1361214565796462
68fec9c9103d,-0.5414275201873738
237d0aa2881d,-0.49385179460116024
76323f02724a,-0.669066968683094
25ed28c6740a,0.960480861029055
e7635e378db8,-0.698721487480746
76f0272aa6f0,0.002189224712121549
eb4cc0e0bcc8,-0.30140525345177127
480c360927de,-0.35832701735133865
ecc61464a2a7,-0.7430092183013182
6c368e476b5c,-0.8669955501114448
c65c0b43c1b5,1.5740132678474243
916b60167c9e,-0.05654314113724245
b3209b7b78b7,-0.25988748229256053
2b303ade73ac,3.143238618132307
e3fc49806e51,-0.4406513491876398
158951a42fd9,-0.14634609414357722
4e07f5ef7933,-0.13987855414460015
888793b8edc7,-0.44305088873756904
c17bc2a38b41,-0.20908227322338235
48df493b2b5d,-0.27717806453225746
33413cd47e91,-0.4999435034620997
7fe153a81530,-0.39886018420082275
4017685f8f10,-0.27181708307055497
aefb0f38761c,-0.5452007894031725
3a766dc46d25,-0.6101618462666182
73ab325a7b48,1.0252779659197702
61a9c596e067,-0.30462035707781565
3cd91fc609a8,-0.749876532543432
bbe894130193,-0.5816024969841008
3b3c03329538,-0.7262727735517727
45bc087ba1c1,-0.4502775118493251
afd524c16bd7,-0.2318689500177702
ea4d1ce31715,1.3144122781633139
1ea40b85ba36,-0.4902473283032173
45bd46b27658,2.350438341914141
5888298e48e9,-0.5073265896604326
f9c4bbd4d5fd,-0.4428671779949682
36218e9bd376,-0.6135146018059278
bf5651a806a6,0.7316166119365104
51bda35309c3,2.7296952736629954
aa46035357df,-0.35520932184170656
b9a760631024,0.8731863273075081
e962a7130872,-0.5929456979383475
1bd93c59a183,-0.552343404113445
61018694c683,-0.5401112537550935
12a7260fa2e7,-0.24182701046166616
9474f85b0a5a,-0.48835315533542656
c0bda3aeab0c,0.03172865380744779
e8a34ae79713,-0.4484081729394114
287fa143e3b2,-0.10730223596252932
e5622d8de20b,0.09450049264968693
72d3ed9a0f21,-0.5824488525204912
0f15406e0b26,0.04509315548600645
4bcca2c3dc7c,0.8306358237013478
af6b701d6233,-0.6317103320340198
129a3033c2d8,2.8124595431910655
4a390dd39092,-0.7829061130121342
baa8ed657048,-0.6456814653658532
0bc81f5848d1,-0.615960497001115
6aec7bcf8c39,-0.5567845662961144
029aa49c68d4,-1.1526387086094465
fabbddf89e6a,-0.6162090838514335
e0e5483e5da6,-0.354434538687541
293b56c0437e,0.8454865633940162
99a1bd58c699,0.14487981017942458
ddc3bf06351b,-0.9888481884955405
b2b8130aa491,-0.128891385674146
29539918d243,1.57882678662023
c45c1fe6606f,-0.5242306703008892
53375494531d,2.0529270956321217
250112593dc0,-0.300083113910681
847c550ce891,-0.5270870950066558
54591a6af906,-0.3104166283226628
c630e7ea2d1a,-0.4539015639898605
6b1666e78d77,-0.35104552422375934
6c7576eabce4,-0.26671638991238855
b0e9d04bff0f,-0.4190644067453679
ab6e15bf7ef3,-0.13296090195623794
96c1d39ddc5d,-0.4622658527770136
5a8660d262df,-0.5318287784838378
4414d28bbaf6,-0.3516245315039449
7f0c2517d61d,2.9405357519580293
4a0897899059,0.8663759209636995
09556d18f95e,-0.3837400826787627
89734e544439,-0.521229843258247
e20cb925b469,0.5220844379474501
a17e1d4bb82f,-0.44374855346841124
15d6efea42ea,-0.3692862794223033
752c26a7b72e,2.708960748025134
8fcda1dd7bf1,-0.4308060020820728
e5aa77d9ec94,-0.5140936848094316
dc07d3059be9,-0.4762426818605656
7f8f8591fbf2,-0.4979996993244178
ee2d6aca4994,-0.6953982414109825
340a5af86e13,1.1014998823426105
2c20d41cb971,-0.286164045457277
c43b36ea2b13,-0.7410705926706371
16be6c63be43,-0.5594802424685446
7b282e986691,-0.43950537009807095
8407d9c5320a,-0.8025370828709457
73580430c1fb,2.734975644878069
f88ffd8a22f9,-0.3782391594769991
a6e71c4be842,1.1976723586320217
0dd16a165d6a,-0.25852174891476226
1d257b200c2e,-0.1450164334238425
ab55b0237748,-0.11091186198475826
1e92ff560d73,-0.21120146614425303
e47a4949f7c1,0.39818868830552767
9eb1c29b2a5c,-0.7525260554170803
c0acf727aa39,2.2091789246638016
bfb49f7216c0,0.3938965501053848
b8ad452e8f41,0.457425990572822
77a238be97f3,-0.8204999800816544
9970bf7d9332,-0.6395138558867483
815718cc30f1,-1.2599783653176067
b97e29d1f986,0.9657879769721048
d1b4ae34d053,-1.0117582969772558
abd5c22b6003,0.4374504030464211
22251107a774,-0.3776519799857167
bf34ccb5fabc,0.7110839750125555
c9adb7d0e122,-0.5165408565368869
576206fd3cb6,-0.46510164116843655
99ade3849342,-0.49807654747999014
43828a6ac928,-0.47286310775158463
1eb873190427,-0.3118904326324928
274b185bf5ec,-0.5676845251954206
b621f533cf19,-0.6637921272275085
c8377eddc952,2.64987401408915
9177e81b9cd8,-0.49159888989592054
d56f70d1edb0,-0.4628694931924405
7c77e5a088e1,1.0894596319789758
91eab3750618,-0.30743435906053984
aa8edb49891a,-0.5140353199127832
742053c669b1,-0.699374896171411
20c90b7034fd,-0.217194124093398
d9c97a8075d0,-0.5569271758921892
6f7b8c487cbc,-0.5653302286089439
3580ae8f3662,-0.6875165574387114
9420516439aa,-0.7615854525194463
973d68749ce3,-0.28934112251650307
0dd38793ba30,1.2781934977934897
56f0f35b1368,0.8916836888295
81fd5076dc88,2.4288620495909363
405c6e30c09d,0.9181628323846163
4b7431ab55f6,-0.8302681901560941
d514d7a331d2,1.5012526762413985
b648e45cc08b,-1.3394739971101797
74cbf1b653b6,-0.24571377558323318
3651aae40a50,0.9933768081638872
5c306774aa34,-0.9885974810265064
96ff66734ec4,0.14187728690754794
de9db2dca96f,1.276894997094109
7cc96a92bd6a,-0.4225530962664177
ff5c6592deed,0.2060866551586282
20b5f6ccc778,-1.211044715807756
e1fa6e3ab3ae,-0.16562254612475633
949f19d405fd,-1.0324741901111398
ee3a2a828204,0.7918296720133737
e65720a467ba,0.4569873420028557
ba28b2c2b4db,-0.5316406022744927
fb79b5e29726,-0.9712108565890782
f008b0d85916,0.027870222318577664
0f9837269bef,0.0743784795430344
d3d5e185b095,-0.92966373968255
69818cbe4d7d,2.3285943556684026
02f00c1a28f2,-0.8859727996957946
2b2ca50869bc,0.8369246629315678
03b5340a1568,1.4687642825670038
30a35716093b,-0.5664488846484032
803688da352e,-1.3823410950918753
0f69192d8df2,-0.6012994018556099
d7db687229c8,-1.0987663106048033
928d75897e12,-0.08740746336774913
7b74b7ae5c38,-0.3266737551291977
79f66d95180a,-0.5696837022749662
7741a836350e,0.3810338521318284
058779cce491,1.9862396281101047
4add1c0cf249,0.648271738614527
d96cae528909,0.14831111154914098
75b493f5f5dc,-0.5061555873333623
fa5e083fed95,-0.5472912622949025
1cb0abcf387b,-0.44036180073918046
471fd708ca4d,1.158435651444174
896fe4346239,0.68798339741252
9db139394449,2.629881794781441
81663a31ed5d,-0.4701397876235229
2d7381e08da0,-0.5256764009992523
ed44196b4c03,-0.45315238491092374
db69099ce86e,-0.39017803916698446
23419cca00a6,-0.567907543188589
3b4f76194070,-0.5754380373814175
0501e6c53ed3,-0.09151833975870471
7ba586a435d5,-0.16265868362814395
9eef81cc00e9,-0.15528406159078656
e6de9dd91c6c,-1.0857757533488037
4f66d6f99674,3.040300880776127
7a2153c07905,0.020555563248098555
112e1b30adc1,-0.0632216531450959
28c2301e8392,-0.1846610673547785
794b63e9f23c,-0.4349972301007392
331a7e6560a2,-0.1684213207059016
4b01480a360f,-0.358017275984422
bfce842a5656,-0.3563010584068491
124b8680173b,-0.20998264677020861
b90db50c6977,-0.344633327886883
2de4348185f4,1.5152087751547096
23349e287677,-0.17303400360655163
6bd68fe1f6e0,1.5507219673707018
fd8649dc47d8,-0.6006794952652527
85a95e70a990,1.6500657173301951
00b7740e4fad,-0.3398635167106914
f6bf705e8798,-1.1093062188149474
082f98aa22de,-0.9867817974269673
22067c6b2c49,-0.6813842893401719
f84316bb6e0d,-0.2703311640339323
bad5f11bd43e,-0.4531892604077732
5b105815ba2a,-0.6235506515325312
a394556bf273,-0.5449663082258938
3e3d3c48e1a6,-0.5088884777115587
f62a8bce8e17,-0.3652647425413762
02b9a560bda9,-0.5019811992443317
d335001d63ff,2.7880513045970514
08839dfdf7f5,-0.5865296616544209
fd8f5259e816,0.2808212221164905
1601d8ef59c1,-0.09286588717449981
c7e8d9c72dab,-0.42710974376012534
3e6a8285614b,1.0354734055389692
c39deb30e6ae,-0.48368975085899474
aafaaba611cb,-0.6186892972177057
28108564dc04,-0.5102666862210073
a97646dbaac9,1.0422481141964617
6df54fb0c05e,-0.48184986576208844
3c54f0c877b5,-0.45569623000903603
6ff677daede5,2.6455926242816306
072d894f9e8f,-0.5061512726544196
f1559c4af262,-0.2405252024716637
3eafe1cc6896,-0.5521359279318397
b6e1c22e9ca2,0.7715840492936794
c7a0d244b669,-0.6104205546450159
8f2dda712807,-0.39680396037299714
63bc6c3f74d0,0.0226038447616432
1c6c905dc3be,3.0991117201828233
a5a61815006c,-0.4652033372684354
642f30b21b30,-0.4299483361200951
9a8b9c587cd9,-0.17349021696857655
1824fb59e5cd,-0.4573959288649313
614fb41b86c4,-0.44852817797216765
a0e2403395c6,0.14841386244862495
8030ec2ef1fd,-0.15762831441695807
ab94605e13d0,-0.20042935146326654
3962a7c51a5c,-0.5407018039456637
fe1debc80142,-0.720264336578964
c4cc9762bbab,-0.4054244176593167
ab9e154e59de,0.9884158767818305
794aefdc67ef,-0.5923403668419045
6fe7248fc57e,-1.1535551818773393
681827e9d94d,1.3601619875261675
eaa4ada8f6e0,0.506559106642954
c8f197d2182b,0.39891047603050206
d5a6afffeb60,-0.44742175642761506
019550937991,1.2202157944060756
8447cf5a553e,-1.7345262888492021
fa90f874ebd8,0.579269106846812
e7cb4e788a11,1.1648751919891296
4a40fe3f772e,0.3983350022012324
94a62536ec0b,-0.9230749919116629
65ff11c31fb7,0.16878330965520627
33260fa353fd,-1.5010439110099707
39d22a81b77a,-1.9139991254601498
b5383639b999,-0.16994774756426206
6eb62d0b297d,0.8182610730286847
e2a3070a275b,0.6393575405108165
81114d1a12e1,0.4421848080551961
97b3de963b85,0.9926339759699625
c951c2316bf6,-0.11636512546418269
4a1cbc555443,-0.3745979815083239
53048c3a3e4a,-0.5578785969801419
0c36483ac7cd,-0.6333901888358455
cb0c1941280f,-0.8119580469054771
276fb2a042d9,1.0669561899197293
6bf9df86f4cf,-0.46905446411616414
6ee05b928d7c,0.37127538726990905
f773a0c6dc9e,-0.8349386035221068
b793f54364a2,2.4055770529513865
ac44efd24cbe,0.9418547011860747
765102318ec4,-0.5107223313992342
4d629a700ac1,-0.5931231180598067
8008d7f957d3,-0.6392297538095123
d15e690cc732,-0.368814257149524
11c854daedc1,-0.6705415030496119
33515648a6b7,1.1843834524392622
9d50278c8a82,-0.3271574188231431
99682bf4b533,-0.5227262521957594
4c3eae8097b0,-0.4758867262634682
58dca5f9252f,-0.4875342272321789
b4e65cabb585,-0.5121920192403701
5c7088427f89,-0.5491820512953249
b95fe70b1c4c,2.5517096348344452
61a90be6c620,0.817171121785186
b50bd846a0ba,-0.5005003412132034
e1c9265d44f8,-0.4610585227092232
9d3db42a7467,-0.6090879557952442
0c044ab7cef1,-0.5437561616071369
7b412f5ae72d,0.9355921296880381
a626899a8eba,0.9594023386486014
23016ce526eb,-0.3408581358370718
1ee6fc707354,-0.6197402852234155
46219c2335a9,2.620121600951456
5689382dcef8,-0.5264038935768112
83c32859c4df,-0.39249162855952924
eac22ebbfa11,-0.5212191447664603
b2b18121085e,-0.5651981707183755
0539c390f5a5,-0.7288314106342668
0950f082d1d0,-0.7459090945309139
7ddf5353e68f,-0.4374906758173799
aed32de65618,0.9714809366804995
9929331cfa36,0.859204826866661
c49ef34892e6,-0.4768302672964897
1290e2bd0e6a,-0.6786214323308452
7b7c17275247,0.20735579214621894
b372cfcef9d5,2.5495592070512205
169899088f2d,-0.36432534772474273
d8dbfff4d3bf,-0.5903943636915864
1aebefafd14a,-0.39892113914559224
db9eae5d31af,0.3454510059046045
c2f008ed8a6e,-0.46097115202795375
101ecf3dfc32,-0.5281609714245723
4ed6dd724e16,2.723502008576005
1aadfbbc6dda,-0.35859701202653244
2a531a1de9bb,-0.08358717835241225
d66784a06de0,-0.5171119657321095
c70c21a524c4,1.1163171105896696
eca77d23bdcd,-0.6146397353281698
fef13300d491,-0.5416836170463744
a85355283d8c,-0.6815973539865628
9920038da1d6,-0.5990472004631762
b04195d56456,-0.8727262777218272
6ba2842b6a85,-0.30457083857936107
9c2f09f62657,-0.7680464058324057
8b5a8eef5b06,-0.4684998424201344
b606e399b4f6,-0.43668235053507604
0901010e81ce,-0.3595978711885282
d5b43f086a3c,-0.29063896870640066
76e1339e17b8,-0.17775752717570611
cb26bfc1ef6e,0.7814997009091422
e26d72e16d74,2.699781572865604
2ecc1c85fa92,0.79628600884787
dbfc6bc4114e,0.07510391084550097
ce29656cfcf0,-0.5709454241263634
a964ec67aa40,-0.7134362161497244
840f1c94d125,-1.2103611583955847
2c088b6bbb29,0.039179666721221654
8e81ff30459e,-0.7389383237150744
a0009813b696,1.5706330054241788
5228615d9cc7,0.7642056868633369
7c2b606be289,-1.0192730225980504
7693535f29e8,1.9874744905041575
06513466f095,-0.07907208857068149
33bedd54452b,-0.10457052680291716
3b3631d2a80a,-0.42520145638363366
be760468cb9f,-0.34251626847430783
bbeefadcdf94,-0.557222117803272
b6bc58be7b8a,-0.3961121118087351
8a2c4e4857c7,0.4973002909478345
21b3a7733f61,-0.498896044010795
fa68c9945f48,-0.35978460311987326
8e4425aca8a1,2.9531229780920105
871f48610334,-0.37946510315401927
c0b62b1a00d3,-0.5321524446308704
de9dc9235f9d,0.4959744704940241
100184a1e77e,-0.4550475901483619
5fda7c76f639,2.5315947544832884
35a48cbc2d18,-0.38899017866906643
098da5e9853f,1.025054344677454
51e25fde0c10,-0.2972308027318731
823cd6898ac1,-0.6267425639044865
fce2dcaaff84,-0.4415446362197575
c879badc853f,-0.6078132832725213
a2f29cb523d0,-0.4682775796412877
eb292d812c6b,-0.5958205926471561
198062c074e2,1.0390709529449258
b35f25c3f0f3,-0.5901847602338677
9c39d67e314c,-0.5791156547856519
fdc57419acca,0.8322443119364774
176bc0972581,-0.3992429434588115
9474d84c65c1,2.6155469292572007
2f5f03dffd47,1.0765963136574632
d30b29d5c186,-0.5187672464601722
1194d988c955,-0.5334196734123153
8c2740440013,-0.5120900151177451
d8449a4b07fc,-0.5095810907906979
c0da9b37b32a,-0.5648906021195834
f105f760e4f9,-0.4166161911685784
8c7837cf840f,-0.5248038284033892
3222c4254970,-0.544975963919848
45150160638a,1.1041063546200205
158d5b19dca0,-1.1319005904607717
3e7abacea0b8,0.4651442903681131
adfe009cc5c3,-1.678854248966446
983d76954b2e,0.6795445478074639
09ff875eb453,0.7178149385216305
b0d943774d57,-0.4986864058495465
8b8bf41aa3b4,-1.1107302992425028
06f5d475155a,-0.876435643595991
d7773e9df958,1.2158586548699573
d312e5f6f462,0.7290136070181976
636fe9bc1b64,0.3851247949098745
6efa2a0f02ae,1.2055142879498637
e7be9bbcaa08,-0.44975142814054203
3744d462e5cc,1.623895819314944
f6f29a81a276,-1.0032334910947225
ac55369a0a92,-1.3230619079487278
c031eec90ff0,0.4308802874472603
cefbc0f193a9,-1.016722270787836
1430c350cdd9,-0.3988207239511499
4f943dde64f2,1.1440124656675326
bf2eae364421,-0.4349160497743044
aeb19e8b0195,-0.6013467811719875
b3b33d481733,0.8235497924896695
53a477938ede,0.8691048702407705
1f90273490cc,1.323315770412003
4f3b8d52d287,-1.1558417718635812
c2fd32cb7677,-0.8686134417525221
c14e037ddc32,1.0261750838859545
930c991a78ef,-0.7757623021081828
6411950ce11a,0.41064646246123415
2e3be23dd520,-0.9048791882203241
6de0ea026a53,0.8424965309007024
1f8e64c30faa,-0.861584860334324
66fd840826f0,-1.014662133560017
011e0ed74a34,1.109604979938286
4c31dde84c9f,0.637041935104233
9a9ece84ff78,-0.5130102356115467
b5b50d29d2d4,0.1666613708218936
21e27d9ed480,-0.9608401866688469
68d0268190db,-0.8943593683716765
bef3bc320ba0,-0.16975201423554825
bc158a1af7b9,-0.5134696649352384
b0e62a5ee977,1.377200613373109
1644e0ab8e5d,-0.06897853709164199
7a9d938a7311,-1.6346360206054171
54d2be8dd9ce,0.9044053284273094
a9ee775cc6ce,1.6697367797933707
d57d8fd3371a,-0.7035281797701254
85cfd1a2d744,-0.6828540191549202
19fc570663e8,-0.6274621980937577
15499eaace81,2.4620454043158198
4f1522925514,-0.5825817559403482
fbc0ed84c2e8,-0.22821011384194118
4f6e1d49aa02,0.07806328142808298
e75cd67d6284,1.334190530929403
42fb3b12d4e2,0.6531430119341112
2c161013816c,-0.6015705224752206
c5e397d218d0,-0.5500456616559946
670f9db7fadf,-0.5511897776751098
96a79555aa30,0.5177378006406048
ae4e517e973b,-0.3584149879010349
8afcf87d88c4,-0.12055165936407447
b576637159bc,-0.8270657102348202
c9ead64693eb,-0.08104577398127276
91fdf3b22802,-0.3671108579550321
9025299a6cb3,-0.11455170415087695
4d1161ce7f15,-0.2520646300250701
bdf2b9f559dd,-0.19597143499095587
a4cb9856e0c3,-0.15885799112441557
92d813a68fd1,-0.9801852646714891
48a93cada516,2.9380822137584373
2f1f257dd9df,-0.05179615664845094
ca49fd79d59f,-0.14324063202203707
5b8d766bee5b,1.4228841489325486
f92ac68bdb5c,-0.5749270488993063
9f3e087c74c7,-0.6541938696322215
77f3d8ae3e5b,0.21799942051688803
5ad50ee14ab1,-0.534473976533265
99c1fb9d47e3,1.8781673778146462
3d44da5afe74,-1.0347742412709495
f48236bd3f45,-1.1418810283996612
7daa3b837a9d,-0.5401591480447613
605322b77e1f,1.15639515418657
6fe48c3dff11,-0.39325302480556734
9db1e3de9e37,-0.3881502487887705
f49b140271c1,-0.2593205994377432
cb1cd7a38c23,0.5208266220772434
f49de42f419f,-0.6171069034030733
a0d42e1b9a22,2.956068719169863
b84f765a54ce,-0.47835712506360833
7c44bd46560e,-0.25872792171027476
ebb86b304450,-0.35373388970483866
5eee7ec2b72b,0.4030389928699283
260a0a2fcecf,-0.5943219575919966
afa88f401711,-0.5369626636111622
8d672d92acfb,-0.453171169790591
d3166aa266e4,-0.44326306718299646
b6ffad7902f1,-0.7808120831384044
9556f389e674,-0.3996310590237077
bf71f36afabf,1.23237268798298
de4ec889360d,1.0212701512228555
ec1036ab7b83,-0.6873281465022969
1cfc0612f713,-0.4173876645869943
8b34778d676a,-0.3455340995372498
be9e3491400f,-0.38517240702780936
6e056df83616,-0.7453751877603486
bb81b9b90beb,2.404032045344563
81e4a17cab86,-0.7589182262125022
3eaac86d8615,0.7950810904176555
20e6700ab7cb,-0.2642882106309601
4ef6ce433ebb,2.317021265251947
7e2f73e1400b,-0.6764445679874451
20e0fa48b90f,-0.6200626267686429
55436fa0b736,1.383145604114934
d56ce67d9a6c,-0.6885072561640599
141e1710aac6,-0.7908434272697202
5703935e2733,-0.6992227023276194
10b22a5b59eb,-0.045798627689079684
e95f805fa0df,0.048837685265492585
e42890fb7373,-0.6755210417540538
acb061971c36,-0.5736859661425207
f1cdb918f5b2,-0.26927916845655236
98dcc1564c2c,-0.42055375377773285
23acf5c7e8ff,-0.6559556964062795
3c8414d35862,-0.4670783730990268
0b60e58fff6a,1.0539190631211113
4e6f05f8a8ea,-0.5609744165759666
7ac1c304daeb,2.440316514365028
8c16c11e46a1,1.1731842889355326
a9bc5cbb5ed2,-0.467335562586203
b625206ca047,-0.5770358876233364
8d23388ff3fa,-0.5441130363964451
d776772f8350,0.5750417703258845
4ba524565a3f,-0.5041138491851518
e2bf5f995d6e,-0.622900246900727
cf8b9a74a920,2.632713455113462
104bbbd4edcc,-0.6264982423575363
9f5704ad7424,-0.5890752696256425
71f4b719d982,-0.6163440535102176
77097939c85e,-0.10624578555364236
efc6fa9ad8b6,-0.5294695258791638
af80e4598df9,1.1499408579766017
cc1955196b03,-0.2189360740074215
7dee6a57385f,-1.0043855501988976
3a36a1339939,-0.04062043758351668
afec8dded1cf,1.1201750020990642
94b39683bb21,-1.2462966273114413
aaad3d003be9,-1.0796287132023763
c299040f4df9,0.5676694030071674
afab4ac7b195,1.6385756961884974
1592362dc857,0.5060663324681465
e76ec58a9231,0.7596110828201388
1f31cfc911a8,-1.0967498442038897
9be875d4decd,0.5870793465125913
8ecaf1f0f7c4,-0.7114956905954837
9cdf8e5a6604,-0.3434872373504244
d4590c6bef10,-0.27220928079962387
37a07b7f4302,2.9368526020647323
33c0d5ffcaf1,-0.2708154015082597
1a64464fa611,-0.12277850407787322
d9820604616d,-0.8493640748228086
b5b4a7148f75,0.7630943840766936
674604aa5e99,-0.3877127121392812
1f6ebf8be8d8,-0.3196340019659839
4994956307da,-0.1487676166075462
50ee3f44ef3d,-0.5817840555464762
749bf97d4e69,-0.4033941013231492
78044a79b399,-0.5589152330701113
773c91dc1a6e,-0.6125273693252028
4009692c044c,-0.5673879801726471
5dcd92f7867a,-0.2953826866995643
7124975f829b,-0.44773959571041183
1e23146a5458,0.9122734311813415
f66273b64459,-0.45646793692901844
85f94175bc0f,-0.6807284687976054
9f506cc73ae5,-0.4491901749959841
f5edb44509fa,0.9654427179303315
cd91308d98f1,-0.4305805039493137
10867f05b102,2.621203800538186
825a1e8f0ad1,-0.839973629415028
99e7082e5342,0.3235160037443429
451ee4748106,-0.4022761600653826
fb38254f7f64,-0.04816263238203606
439114435ece,-0.6376810218274656
8a6a115eb78f,2.8006085138773003
95357ea9af7b,-0.631400767450875
847be9290856,-0.1415803644297436
3152b4d202b5,-0.755440744912725
b4b38e605166,-0.12828154479358925
af5a592dbc51,-0.17485927837751647
32eef5b5042a,0.6355316260327177
73ef1f9c9258,-0.6683003127656214
2e41defe477e,-0.5834653541024325
32ab68b30c7f,-0.3769519025847827
2edb59bb7238,2.6242375743377804
94e62e719857,-0.6387615931378502
f4fabe547bc3,-0.41871882152950674
3b7223a2f4ea,-0.3431120266559768
d267091d5dff,0.6132973940483263
07689e75e76c,-0.23537655392511245
6dc4255ba73d,-0.7842320277248876
f8336b15c379,-0.33018085674490594
2b66b5fb16f2,1.14156448078497
f23b08dac5a7,-0.5290346801413586
ea44ac059e1b,-0.7226781813421045
28024d19dc54,2.8518991393920077
ced27b5b3f4c,0.9457549500217183
28fff8689ca0,-0.38924086638705147
60ed9acd5618,-0.2567163860852879
77b5ee311e64,0.17077054547221227
5ecb0324fdf6,-0.5665756978648657
4b9c3fa78b85,-0.29728549181864156
b250cab3b02d,-0.38592108824264204
0c44e1c6eb2e,-0.3929704776640315
18fd339e4ae6,-0.42800176533995504
2e59c4234356,-0.5102993178953495
f88a49232fb9,-0.4592004792235076
51390f175761,2.486007394543327
e2e6198dc005,-0.5011412996300735
fc5197ed8858,-0.24225155357291897
8f4073bac6e2,-0.7189552555939739
8706e487d4ac,1.2316265260445607
b861396628cc,0.883924733863165
4948f2f5e2b9,-0.6557578860538766
f2b77b4f241d,-0.4317402927869428
2251e86b4660,-0.582031635296441
babbd6af0e6c,-0.5001809343979686
b152812876fb,-0.7404828642682052
29a507bacaa1,-0.5359163892296902
3f0a0e63d0dd,-0.5018035983365344
7086c51e20a5,2.714037947399116
fff18937e93f,-0.8075963954015528
9ec7bfb97914,-0.5599797209973576
65a57130189f,-0.02819158047680439
3587df83d5d1,0.5390309583491749
926224472f8d,-0.27278943689058327
c48745e177f9,0.7613884207570992
83476ad808b4,-0.7451219861772654
974c0438b2de,0.17742464527260313
fb558c51f0e2,0.5607308823554046
a2d1492465d7,0.35395313259953354
2d42a980d496,1.2746234395906455
3fc02a61479c,-0.648970429410609
dedae58e351f,-0.9305450736489652
67d7be1bd928,0.3303818987958971
9c0f42011582,-0.8568446659461472
11e30a8af592,-1.7855675002659182
d0042dfe217c,0.9747777675131198
303babd91d24,-0.8662647698184125
461adc40396f,0.3265249272463986
f7cb7b70fccf,1.2672003909890537
45c89f7552da,-0.29991540927976673
972d08476f13,0.41519982515268283
2d0a59768b2f,-0.6176334454948982
c0e229145d7f,-0.37850544573616085
0f2263906803,-0.2641838849130041
ec0e5485e97e,-0.5744464392430961
abc7c2540ccf,-0.3690914988307939
b58f6cf5a272,-0.09563416230111339
60aa53e05929,-0.128558923159927
f06069165fca,-0.2304171313065809
d5e2ebcc1926,3.053730700732019
13774f6736d2,-0.5105441856193597
d8022868f936,-0.6909834176966838
940961604960,-0.5463513295833129
edc79409900f,2.4538710022101866
4578226e65d6,-0.4672153865462372
b784534df951,-0.2957703599624374
088b90e159bd,-0.5760075024919225
89b2c1af3aca,1.2237600049674824
5bf5a68683de,-0.5180662920350213
203dc4de257d,-0.5944128439696307
47973310fc64,-0.4758141317947675
55ee9742d07d,-0.4975262731767137
d346f7d4abf8,0.9845165300790581
6f43a8d89895,2.0850727616143425
6be7121a47e2,1.2045745733891664
78ee49c05ef8,-0.5799787112622531
98d1435d3aaa,1.187222247068758
3d9fc2e8cfe1,-0.7008838433326948
1a1b6f91e2be,-1.2767437932050651
2bf205fb4d26,-0.3395030401642962
22eebab8939c,-0.00034757171627188
502692367a4e,-0.0493240814415136
c71a722d8810,-0.03715912042562877
30c63a4a742d,-0.8629432383320808
1783f9b00e78,-0.6299861821924618
224da9773284,3.025925961030712
9b2955be2194,-0.5084119765604544
20428335896f,-0.17162121188833745
dd1b537cffaf,-0.663936768004471
e912bcacb584,0.1357404758936702
0a42f21e4899,-0.15092421945888507
8901b3ad443f,-0.5023711167234184
a6acc3aac657,-0.3278989515072137
d1e7534f0ec0,-0.16582122933586688
d2ac9f40a73b,0.3409844105639615
802bb21d2f91,-0.41675388273966685
d1f757a8e92d,-0.59491149127003
883bb9082fdf,-0.371537754294535
6da901756bde,-0.6202415403886861
bf27f857858a,-0.4283971416245586
e1f5a2c89cd3,-0.5063175976425655
bc0bf5f0805c,-0.5987214274781862
87654fcda680,-0.43100359652865367
a5e25364d44a,-0.5516958258289789
167e49108b0f,-0.49422715169652826
86095d0fb86d,1.0394011492167183
9a8c35243d19,-0.6401923981131457
126e6b1532b1,2.492602859972284
8d4bfe3149d2,1.110330424406835
0331f9219814,-0.5171275786309526
dddd3747b19a,-0.462127907821833
708256f94675,1.2916939931075986
0a329acb2e7d,-0.5659583413351786
bc954d332f4d,-0.5392640182215283
bd349d48db30,-0.13349322599933122
db2573c83ccc,-0.6384919651941134
1a1c04c54586,-0.6639437512966487
2667e05fe44f,0.937537045441219
c32532313357,-0.5430294403821748
09190a2b91ca,-0.582967743820473
cf2103ec6a4b,2.417172934153416
0832a955109a,-0.9267535663708351
038e9a9762f1,-0.9606240248536866
4a21ea60fa20,1.0208743989644173
b1a655162c22,1.490943455742736
d623b2f9fb3e,-0.8651070773846727
4400b55abef9,-0.5564404248868189
0896c8b357ac,1.291074372231522
dfaf4f9b17e2,0.16603754915596827
312e45f4921c,-0.14093614634287166
efaef0dc3f84,-0.9643711928027676
841615c12209,-0.8060278221801598
396f86fa54cb,1.2513304787271693
8898df35857a,1.2128448986980387
f654401ef7b8,-0.5532155869684802
e342e1b9d4da,-0.9332232304429862
58db6032b399,1.055097237576766
a6b077d4b9d3,-0.8472653123358843
2311729a33ab,-0.8433664301059183
04ecb292c3b2,-0.6726759783357436
4b7b7f1f09c3,0.9215602443484328
bffef059c263,-1.0384504407599975
5b54619a6a4b,-0.7059853856800994
9620e8dcdd28,1.1523869734543257
2edac5e8a27b,1.2522930105515462
8ca1eab8d5ab,-0.5281020676878053
93161087d2ee,-0.5326858775474427
36caaab76945,-0.582471830462642
6b8cb485f07f,-0.340443931226114
1125a89c8261,-0.37912784551367373
b388f1484dd6,0.995223472236332
dc2f1d475f63,-0.6459900138047519
a0a53fa1cf6b,-0.5279723790317101
f6de6062fbc1,-0.5836852061376205
9cf3972252bf,-0.5712545237714102
84e7cd3652d9,1.2804627580213435
e187089476b8,2.416047444925495
b97d9df4c8ca,-0.8039933963198842
77cc43ae6b34,0.6203456985789051
0299ea66cb2a,0.3353575582250627
685f757be3b8,-0.6895840735548847
3eea76b94d5d,-0.6835752154012917
b97a5b22422d,-0.10967698586750804
dc28562ce984,-0.6477278702969614
16dbd857088d,1.3636993047493513
cec4d349cdef,-0.6717644611006731
e01564f19b10,-0.3117485937221422
09e8e6409928,-0.7456650027341923
2a67e4fa6aea,2.3443330374442186
145b17491f45,-0.6311711281513768
c59b97f9573b,1.4360182430797026
21288b07c4f5,0.7843800962412909
fe207e7d0b0e,-1.5970197159650654
ec0fa429aad4,1.0238127420600738
cbb5a06c606c,0.26814909198716363
d9c7959fecb8,-0.5226143663785814
f661f902741d,-1.3184245261858833
636e8259e2ee,-0.9043126010971531
8e96c8952c8a,0.9529555855871291
0cd01aed4422,0.49068097458752913
9fb10e2c97d5,0.017545604235170507
85c142365659,-0.24356873595281123
182520a34f8e,-0.8782328113918043
84353f9ca6cd,-0.5131061069612686
a62543ceb8ad,-0.06925270248875758
491a3fe6cfdc,-0.739336842123699
447b973f368d,0.015276527945875498
63a354aed067,-0.3241863207848678
633fe94c8612,0.5192668105740399
1ed0547dfb81,-0.1885838138265089
ae77a4507c5e,0.10466841287930814
b884fc8b4c3a,-0.6066622445710937
fac39840c74d,2.9237178267015884
164de24f93f6,-0.522092277049368
fd4ef785c854,-0.4943659250315339
cc87eaaae622,-0.5515513899024452
d51cee5d4c1b,-0.44087464026374135
f00bd6f2d46f,-0.368995369655273
63a7ded113cf,-0.4331454087307847
68ded87525bf,2.687140512144173
b6594784a337,1.162353028099536
0610c5d3ae20,-0.5070640948532196
5fe539aacdea,0.5222854198837168
afbf3ea4c75a,-0.5085571461766474
ff8e28ae5e9b,-0.5451327084644126
4021fbda5753,-0.5831323349434769
e4b8185fddcc,1.0190502002319246
fc247c54a85e,-0.5262668139516038
191450e81e29,-0.46987943246673347
f7bc1d0e6b2a,0.958194805549157
81093f7e8400,-0.570897014064626
fa3427471720,-0.32974405622103836
a726a73d4343,-0.5857613633833069
44f18e2873f0,-0.389548822878763
957e1ffd9c22,-0.5599169441980617
cff43e01a9e7,2.5812383435185473
786065c181d2,-0.5433365671920183
6f45d7ad7ad5,-1.1783768038459579
49872aa6e652,-1.0526836130063344
62736d72d4fe,0.8116907095851669
60f694ede9ad,0.5141235864473632
f2198e466616,0.5184751243926866
2233c5dc2658,-1.1861043548053938
72ce74b1d795,-1.2048721925167343
9fb0189cf40c,-0.7022238384349407
ec719199dc5a,0.6322887529054577
8bd56f11ae14,0.5031689457181724
b5ba83dc2cab,0.672297131571685
b72050baf3b5,1.6722165519888288
a5307a978587,0.54337477753443
ae15fa16ccfe,-0.36005539874247033
559e3ade61c9,-0.019422232162732478
fdb92a7792b8,1.5597945909450737
5525ed974e4f,-1.032354975713624
b71f0a1e0e84,0.6198819504642342
ca5b0fc31559,-0.5450749929682446
29ad71c09d0f,-0.5292743663128913
ed156b14ba1a,-0.751976205259203
601a0898c183,-0.8047090234628036
49d705131a63,-0.691721671900606
ee338144d184,2.011537547578838
b1edb97b3736,-0.4095099946909733
8964e53745c9,-0.3415840510051586
e26812620d90,-0.5530721025381992
bb371f3af2d7,2.9486586122046785
1c82e0769474,-0.1820715338025372
9f4e388db29b,-0.3794711869985991
9bf6107c362a,-0.48695936640225673
7e59fb83a98b,-0.4140331507640428
de0ebbb4d238,0.7228009286866764
4943996ec9be,0.1588238801574342
6b733e0c2042,-0.5750676862452732
88878f6e2166,-0.48851434860174925
cda86096d8f1,-0.5666296271254798
43b21cd3b1ec,0.3502885362337843
c33a06b9503c,0.42476225847601473
d85ea743a5cd,0.058028149317461
90ed1d1ea46d,-0.9832476185540563
5f8d95cc3a25,-0.44979242300330957
033b69d5a5ae,2.5455492548865957
2ae1a9bdf1e8,0.29291940574824615
1bfdcb107143,-1.2404237190223324
b12db81f2cce,0.3066716337447763
d8960cf20027,-0.9482727182233981
fa25bf41c64e,0.21014686752169828
dff45e6f9f35,-0.6806066009618441
07dedca50481,-0.5280724376692526
fa89d4227b85,-0.1171373012731805
970386415584,2.8730839292946815
3c391cf6d614,-0.94982163015131
134bc8a5186f,-0.5169614906642379
bcf57fae591a,0.7644791190677106
3eed2c48e4bb,-0.09722107081780107
e38d4082d86a,-0.10742921407475561
a3e91f25d9dc,-0.030678777047743227
254c34ecda68,-0.26269969437542606
4eba9f793dbf,-0.34693483132684083
0cfffad6ca36,2.532630214740626
765842f881a5,0.9715690628187075
0779b1c2ebcb,-0.5715975159499007
ff0603b18e20,-0.5177203783046107
83f7d1d3e2c8,-0.40997183527209907
7b23ee0b488b,1.1092732836541466
5c88386701a4,-0.5136524423387101
a852e70c7d36,-0.40249478908822833
0bb3ea32af93,-0.550758196435029
ffbcaaf8bce5,-0.49160244485091104
806c93d89039,-0.6249506316601808
e3ede1a7e8f6,-0.5307243273138105
bfa8f91c96e5,-0.2889605349890955
32222141f949,-0.07135186141664027
5ebfee635567,3.0895699451652483
d440c7fe6b3e,-0.3243890141783079
ccc5c06e523c,-0.18854079874238217
134dbd326ac0,-0.36090859100229516
012b6f152fb1,-0.5550062101329092
e2773438d59e,-0.4020583738340332
60d789be061b,-0.36764730289738756
605bc71b4f40,0.27260175633333517
dc7b48db80bd,-0.2016433926248879
0c367ede1366,-0.6016656216806444
207d4cd3fa7d,-0.6051602551942792
cd5ea45f1767,1.999992159310382
27c2559294f6,-1.0684976935187254
42cc865ad18b,-0.7423674798835307
dbb7aa71c753,-0.1568522408749958
70063be28865,0.16985341728484954
454e3c9075c8,0.5156447972351796
0d32bd4dc98c,-0.006098453880564191
c15368616fb2,-0.2976858539379255
d26635f4ff78,-1.2886962615527668
f6a39f2e2169,1.6730362373312264
cfd4eed526f5,-0.1931683723188502
82cf17ded726,0.822335436858354
49e27a1792d8,-0.50074255434955
ef05ff04c62b,-0.6177941924828442
672b69a4ac15,-0.6044335906035886
6719823ba2c1,1.0466058252464687
2cea8f518ef6,0.10163173415963367
8d540e08b0fd,0.43057532754436095
5ea7c4ad37ab,-0.8167286497398107
4219d4aab2be,-0.7627282035369287
0d629269e58e,-0.9157349164944714
ef476251d1c0,-0.5456525416134513
2416b2660851,2.3626663250118276
dd52fcc7f29c,2.830385519121777
56725b747c98,-0.45568502617807427
21f72d0a7a35,-0.674422648605065
56ddd7b2a94b,-0.4859556860243565
cbe3e3d2a79e,-0.34899999048860736
8345be7463fc,-0.32946202038704236
cae5fa629b29,-0.5200106392909183
329e7b96a8fb,-0.3868453166507368
90c186c440bd,0.8142690787499256
65bbc2310b8a,-0.5556709897544599
7c1fc29ac820,0.5307509948685609
723718715a24,-0.41835327536100225
c651de1c3c61,-0.4364495362654439
1da5d07bdc58,-0.6648686295038773
02ed716c86d8,-0.670430464400587
ecda464784b8,-0.6372591040137814
e47c52c12d82,2.7586604846393534
3daacd94dccb,-0.6061339809240812
4cb86a08dd87,-0.31298756378293324
eef5f9378cd1,0.6780499775143936
b7c842ec8b1a,0.7599956163241399
6be827be54af,-0.09585545839047521
3998f2705caa,-0.21066882836360765
e89dcc349b5f,-0.5620525128330994
dff8e71e1212,-0.5881086621340544
722f1886c809,-0.4051601051850048
930754e49545,-0.1975025277098006
6f61a0e02bd7,-0.6011731971314372
42a7635e7614,-0.3798893039921501
c1c95f7d80ab,0.6709787944459621
eb526f2a3836,-0.38647780149169064
5b2f8edbc10d,-0.6033056384873402
cda460445577,-0.5287761574180911
5beb64c7b2aa,2.631739306659671
d8f4795888e0,-0.7264275183571167
3e13ffdfe664,1.1141028108010533
782291a13c7b,-0.13697065632462022
b4c286bba84f,-0.8744427073925867
c0e2098fca2f,-0.5931207818097112
ea4bda868b51,-1.0342585167559117
266d4320b4b1,2.0636142425451567
51f0a5faf036,0.409284034468625
85a8617eeed2,-0.6322151974940909
54fcf68cd01b,0.25525819697567836
4869e23255ad,1.5646805217588189
fb37e7bbcec6,0.4444394150526064
a8e85bebf1e3,-0.9405296797324976
523dccbe6f98,-0.5257388712914672
25cfe27d5cb8,-0.2904446748396563
b05d4b9734de,-0.4647067280970687
0f8faad8ed4f,-0.6681081050379852
8da44d9de682,-0.5857866219675311
929954a73798,-0.5152080449568137
4e2726da7870,-0.6232665691921183
52c2d5483221,1.0245734863704845
424ee71c5c17,-0.7128014524718593
0430fa85c82c,-0.4683283869593655
02fa5a77b603,2.4228270246363657
2e4f6b9bf538,-0.3299787585712732
9beea23443f8,1.211228831086821
eea78d07df3c,-0.5076662196156714
65023198e9a4,-0.49245922360088845
f5abaccc10c7,-0.4546267490103215
2c05144c066a,-0.4621692056116355
6acc028632c3,1.0584850555251402
00b3f6dfdba6,-0.6652062342954892
2558c06116ed,-0.6358383287694782
93ac3ca7c8dc,-0.4444734734043243
f3b597e0070b,1.2399678370233773
47456ff1e81f,-0.45108946568165614
e5a12c83fc90,-0.5911242812563976
bea7ea8b0b3e,2.4062002886973453
c595372b6300,0.41886069109172486
94ff3c1b6ce3,0.0013463432074719214
21f27c879a86,-1.1501354627539495
31cf7e7beedd,2.209416773529774
cfd93dfd0ebc,-0.36591275269411994
b574fa350d9e,-0.5150539861492164
bc8cfa08d884,1.5762880562088915
90bca5da7f27,-0.3622804501553551
a9d5f37e4357,-0.7504710889106782
c13f5e7407a0,0.06812854355508241
d47a812891a0,-0.44579397265243687
6c9cff9a9c8d,-0.6843926942771886
61ca2c7f283e,0.8699720634371568
2b952779bb0c,-0.9913752840656375
dc31a188301c,0.9523529880797087
bd2163e9016b,-1.3493804828050369
6cdc09032355,1.2867280419998761
28b6a4ba7988,-1.3657903212587417
8f1af1f097f2,0.2638686933662935
742e7daf5287,-0.7816922308254626
fbd194920c32,1.4238948077174902
87a43448e1b7,-0.17184129758260974
790ffe0ebb72,0.23980927069696722
839f4dfef056,-0.3765462487600041
3e416139909b,-0.7693071267420215
784d1f1584e2,-0.686942148550323
2825f3621890,0.4004627978698666
a80f6545e509,-0.5414048456395664
89ccb3d18ec6,-0.3654475192763906
a73078e0d12f,0.32901673106187623
a8cdd16fe745,-0.5743133946883351
59293bb16af2,0.9414690599400033
f4b68907d3f1,2.5418788402384678
16ff15f720af,-0.8161961871557118
55d571f160dd,-0.8529024759971195
fb0d6676148d,0.3936862689392535
c1ec56e5ecd1,-0.4321611942941085
4d8c86a29cb2,-0.7219967321961109
56f23ba0103d,1.1389889879668582
e91510795912,-0.6576417253527604
0bce76ebc7ae,0.07666803674743441
3039502e1631,0.10017475705510914
32b85b64c4a7,0.22564661909552877
08fba62cf42c,-1.0339039674443111
b626451cecdf,2.454108490850287
8e734d36977d,0.30912402207052114
a6a5a2682317,-0.5481315641299449
38f1c373ff46,-0.9108757303685023
890821dcf179,-0.6135626897323647
e109f8df81c3,-0.6017311176199106
3d73210a8c96,-0.363673065670206
28f19e05283e,1.165885142325945
48061d026f3a,-0.5961123025512438
5399647c2527,2.583941392280762
487ac4b47f0b,-0.4516212800237337
84fc6196565f,0.7805471127758922
3384e2a446bc,-0.4649396865729433
79c9046dc40b,-0.5408549332419702
6e427a10cfd7,-0.37784067862834025
625de8147d54,-0.5200378933418865
560bf06b06d8,-0.5108388124975234
2ed58e8b58e7,-0.44843296823057965
67f4c4104073,-0.48792792914657734
8ad9a636e474,-0.6904200681719436
7fc1a5f086fa,2.623262609161106
614d44268d71,0.8298582437921511
039efec29a95,-0.4934428277863766
93bd130fa616,-0.539157288031173
3e362e04736c,-0.43851872773425304
c72262fc569b,1.046498751342679
37e6c588ed2b,-0.5520185714703328
39b6c9e11204,-0.33886241122717614
4e2f0a6e3ab2,-0.42814334608566684
7f3fc653e749,-0.5510575079581994
e356259cd714,0.8505554742049413
7fc35e4ce38a,-0.7766238768360331
f4987a7d9ffe,-0.6854496366309641
0e22676180d0,-0.6054038227107252
11c02c0f0a5a,2.544850652218437
e3f782871830,-0.6234699489748782
d54a00622a14,1.0312004244587254
6846801098ba,-0.3636625308524568
11b59a2a1c0e,0.09548296361080374
4250c68d1076,-0.4882788444439839
9671cc487d14,-0.5041564575508929
ba50e21db805,-0.6209661701772275
25ea3ac5b583,-0.45170315051642135
46feb9a4e8ea,-0.5544475286335251
fa2189ac2dad,0.9735106482501349
9241bbfb2910,-0.5981245685850825
d2e94209bef0,-0.5016403414746513
0ee78dcc9fc1,-0.34740535680590806
f1885aabf1da,-0.4243685991258763
ac3e683020a4,0.9057830561897529
5f0d93f8c692,2.628509032751802
532e48bef1a8,-0.5049905643221045
a6309c103edd,-0.2975440869440321
14d1260d5d9b,-0.7138173243800011
9fb788ff763b,-0.3718479152908261
f36c9d40477e,-0.8512599244722637
2a3ca58b5431,-0.7762216421037114
f3b00f41c048,-0.6020710651335677
fe92c89d6bbb,1.496691864145144
cf826319ad12,-0.5226298817484425
d6f678dc5177,2.074311423619069
34248670cb20,-0.8419710044524682
3856b8d328c5,0.8195365804877766
791e33ee0cfe,0.5868229762733241
03f0e13f8ae5,-0.40942433331655037
284896f60a68,0.3898362547690829
3d027020b21e,-0.34520411099334264
00ced6b5dcc4,-0.5990421300371366
010eb5e9c437,-0.4848202130045601
5db9178ae75e,-0.45069773979686983
6cd4e679c1ae,1.1773188967557997
a06bd513da6a,-0.34365815077342876
16443d11655a,-0.3670039299352803
5b9740ef29c4,-0.7038359687178222
eedfdc18abab,-0.5636203469983924
9eee1088e08e,2.700151772048501
80e3e7db5aab,1.5831090382071098
e1c0c3d76082,-0.3110927439535427
d6c8a996596e,0.15609695125851067
6505fbbfcbd1,1.436873330837594
54a17fdf6ffd,-0.5386908949618718
130264351209,-0.33864626017370836
b96e498bb52b,-1.5838025673817036
3b2ad10e85cf,-0.977304060639942
e67065482404,0.27897834938772137
f704c8b1ccbc,0.9569181965364844
41ed50c64617,-1.0937082197496595
f781c40b49a8,0.43126888063300733
4f227206cbe6,0.7728011799461221
97e0e39c37ad,-0.6362293764800988
ada7a4f1b2b1,-0.5834619124655933
54aaa3bd4d87,-0.4034840418518337
169bb606de30,-0.8777639233888043
600e74f8ff69,-0.6587704043866781
9f273d2a5a84,-0.5642499827956127
70b8c4814fac,1.3108043393080202
5dc2518b1b6d,2.2722460203299497
431920dbe6df,-0.590363835706492
04509de33e02,-0.6206386377168344
d3028fda1664,0.5791105752078556
d538ce9455a9,-0.7250891374828609
6bdef6e41754,0.17296290469498452
c93862a6de85,-0.09363551670311171
1887898588ab,-0.6022200767294686
40151ab8a4e3,-0.34226118727646315
57808dc86613,0.266010204801801
1337df88a5b0,-0.48699389775426966
3fef5a9d742e,-0.6212776520816309
5c1955edd928,0.050668606138803904
eb093ff9afb2,-0.5951124928923209
c8925bfa9ecf,-0.0061728106200591
9bc6c2b31630,2.9831210559045953
528dc2118dea,-0.10905057641719917
7600af045d82,-0.6164038741704081
b00e083579c1,-0.39968254993880614
c534a92666f3,-0.22211778082475
61040b698432,-0.4481148025907613
e3fab7be582b,-0.2117135015922144
916526672d57,3.0901534453435326
68761d532960,-0.672262755638518
6362fdfbd0d0,-0.09451297191763865
b4bd4dca6ff6,0.14036952242341283
40131639129f,-0.21989975946449408
61c7ec7afee1,-0.2367643952121557
6f0dc2cbdfba,0.4490809760677684
7dd89e4416a8,-0.44282724981513316
01b65b964848,2.2159793356708897
fb58a3a44126,0.6679563226401631
6c4785607e03,-0.7661182033235314
101038360117,0.20567115692406795
543f6cefeb96,-1.7307086425858846
b124c54cd8ad,-0.6473501314014085
a9f3092b4032,-0.6635464158154121
fde5d6d77412,0.3218646885339289
cdd54b76e0d4,-0.14945674904251194
9dc16ca6f3fd,0.5394549121470639
4994de5cca6d,-0.37097773711724696
06779624a151,-0.4209357330119491
ed97dba17aa4,-0.6270677509608422
d68bcc5e67fd,0.7640872459504743
b4933e5fa709,-0.442647304370423
cb1ca973dac5,1.252965205797791
10061c766b53,-0.5157503265661431
488e59a51426,-0.7271730276780579
1db902021be4,-0.45952857904071864
39f8f6155a96,2.532010082492451
2f5dc8385e83,-0.39076369407897427
9e371fd8b2a3,-0.5942183814163607
fd54c6f6cf34,-0.2928592338046618
997834e20e31,0.8170718809065994
b75fb9076b44,-0.33500491920357345
ed97bf0bb685,-1.0385427558251163
cb4f17ba1124,-1.0667001272322303
f93676094b26,-1.6440449942088886
f310adf1b042,0.9050320431178909
c0b714abf04d,1.0574790125080775
e3d024da4b8e,0.01838117446911499
020055215c4b,-0.6304879083694629
a982beaaa700,1.4992196756009593
18f8eaa73646,0.7104561520412911
0ce4196424a9,-0.23366210190454306
e8135b88efa1,-0.05183061409496387
96b19f094cfd,-0.030159631268646417
33ab509e152f,-0.6183047481884538
2420f11fc074,-0.4490185459767141
8ea52139a29d,-0.2582544747507235
6987f32434e4,-0.3674754696493323
0c882aa69d39,-0.07799788128430474
e5f62f715118,-0.0968022422197239
b3e19df332ca,-0.62912497252112
7f4f5fe1e38b,3.1065225062517476
735260226f1a,-0.2938918243932217
d2983bcd4f34,-0.38398476749986815
d6f67774909a,-0.15233438692340498
1e09a56ab1d5,3.037064216556028
8dfbf4102ce5,-0.0004490134215609895
cf7c43a9c6ac,-0.441089178607099
f73df214f5a1,-0.7453236844683874
33b7036798ed,-0.18655209065594813
b816db16d1f2,0.3668339987484199
0d22def1e252,-0.4718016960440731
a1a12b424d37,-0.4887013642777819
4e3e788bdcfd,-0.45836178476886374
8c5512bd6869,-0.07530024863746074
ebb9286fbe26,-0.5234997607940068
58239219b22a,-0.612028239820421
3cd76bf1304f,-0.7715697891624423
fde3f6510bee,1.3887198337619684
48b11e89e2c3,-0.470364724602787
34d7dddd3281,-0.6484292497193447
8c47f27c2ed8,-0.7263569337515724
827e6ee33036,-0.6311824567184177
f317fed16c5c,2.0975327340996506
5d916b01c6bd,0.3365945720507765
57e9e8001f7c,-0.6094828147091507
42482d4431fb,1.170066829365746
312112ecaa0c,1.252685150881132
7f6516a5a376,2.3908359289173813
279a57d2b1b5,-0.539022147636776
b86c6c434839,-0.574227158332817
cbc1abe309ce,-0.4829921589622039
504705e30e59,-0.6283969041318972
0dde978bd5ac,-0.49810186331980766
52006dcedf92,1.0836515755318683
bc267fcd0211,-0.5606948415704216
fc02d8047e63,-0.3640602274945403
8ce70c52454b,-0.6034690858496092
d0e53b3872dd,-0.4762082680323096
6d73090a3896,0.34479922475919506
ab86b26600f9,-0.5435308553562457
4ac744f6e093,-1.2779365536528084
a853e9320910,1.3003171996292935
f9a875fd446d,1.4305310455693168
566e89744163,-0.6742933136804801
f83c6bfca56c,-0.0008469140146772219
4eab329e6007,-0.4862288677258648
bdcaf9530047,-1.7582498345122144
2050c4561de3,0.37368252381550987
bdf42c1ce9b9,0.25792281718902366
84064f885b75,1.0338335279799515
7e8deee0bf0e,-0.9461270595415545
e183eb0a4f9e,-0.24474137344367275
980bf5fb1184,1.8079228816701478
cf85c164cd21,0.15212947077504796
de2ff2cb8d1c,-0.6629797894877385
236508a4e158,-0.816756591352148
b4cbb178167f,1.3633063299463564
cc4777cd2eaa,-0.34582227210212896
59f35f0cef79,-1.0382851459578502
068491980032,-0.9296017297166037
723da2dc1ce2,0.44962539552999015
50f015290f97,1.211329883680154
ca3733f721fe,0.6609817764592668
afb4429f143a,-0.9812333107597464
f7eaf6c06665,1.3636371497508593
0bfc07d2849f,-0.8220598105547011
10f167936307,-0.3871239418222056
c8da4697ca6e,0.4673666348028157
08e4b1e5516b,1.008284175208747
96209aa36ee2,-1.0952946084075323
366182f0677e,-1.1368587812566113
c4cf8c796f36,-0.9783442325442171
5bddf258157b,0.5057892383562753
bb1a11be1dc0,1.3948557107670503
fa4a51c249ac,-0.45835528772593287
1908d19f0d12,-0.1462744412138745
8860ebc08a47,-0.631487740958837
61cfbf1a9b74,1.189699343920131
1c91b09a3fce,-0.6434838664913971
717397d6ad20,0.8189380174441373
652ad86f0273,-0.4024012758656362
944ef86e317f,-0.5398820195423115
224082157917,-0.7321968172123865
54dab566e283,-0.37303965458836297
598ccb167f4f,-0.6030097424285912
c9e33c8890b6,2.5214934846630617
6c196f9b9a6c,0.1371213318374889
14d239f9f3d0,0.9823853480241057
56cfa632983e,-0.5759323219598736
c5f05dc4a56f,1.8419409536057425
2316d41716e0,-1.1352905499133852
e9b4e6d058e6,-0.9892937525923636
11b13560738a,-1.0995366215987286
1f6696a0aa9b,-0.17657697814585754
4cb6ca0ac321,-0.4982287473144348
e11a6069442a,-0.21111824424737546
28aecb40c657,0.23193725315024677
76dbba10ff3b,1.4925923291544347
27143d287cb1,1.703580479649591
3a35ce79a1d0,1.6982869362524535
42258ba329f0,-0.0635744301101366
85600a8c2530,1.0391984940453043
9387d0ea88e7,-0.532030646862983
2e413a053d4d,0.3314317507939685
de70ee535626,-0.60421789124341
83c7afef8da6,-0.8915123498056922
94c7235bf499,-1.267622303891643
ba678a9531b3,-0.6742693040227935
f6f04ed093fe,-0.6481054765894063
764b4be2c887,-0.09116525821525365
8a3ac43b1627,0.7159563464734834
c8396ffdddc3,0.6260085193406045
b2762138e410,0.3792157620173322
e6f83e44e540,0.43649526686425155
01676bedf026,-1.2397679383755886
4f744bfc4744,-0.6467613168042777
a64572c5955b,-1.048105713037661
9d6e178c4c00,-0.720943358280251
2562a80f3200,0.3219935021252672
d42792291436,-0.43302564370515495
6ea9206bb9c2,-0.6584624368766999
b3a2aa82b74f,2.2673970102586942
4f9728ade60a,0.15246382319521654
5531400c136a,0.036095815293799856
c6f1db5a5b13,-0.8771872544582231
0561d02857e2,-0.3672869957399584
5ea42c4ffbab,3.0098775593829585
643a40585776,-0.25415299874263414
8ae8bc271d52,-0.3607266428362679
d237afeb6658,-0.843498027292126
9b3897c26c2c,-0.041772628644107745
489ae0a528b7,-0.18769769867459146
9ae881105e40,-0.062089528545826535
923d0539a030,-0.20402542293823958
04593a07569d,1.8366768651971976
eaa50017f5e2,-0.8831550305394231
8ef2aae28f5a,-1.0698356804649278
3ee4d3684dc4,-0.9865543354411281
c5b3c983c666,-0.9329205522580567
84ab072f3801,0.31407732799779153
8d10485d2c55,1.6769959312483986
68280202e30a,-0.21760717944018165
b9297e4d3d08,0.23037126122079055
86e4fc5ca9c8,0.38371048058720314
f18741aa72cd,-0.7134648675163371
8ea3e47bc048,0.36170577940867243
44f2e713dca1,-0.5511320286951796
56044336ae4d,-0.34004155123129354
e388f18f7b5a,-0.2661393237471149
c3d5ad43d22c,-0.1486409773402224
e8b38619c420,1.1673512054054884
f1e14ee0eba4,-0.6105103292274956
daf4e27350ad,-0.6029971748474066
0b60fc6eb27e,2.4970053388699056
4d4fd8a84b25,-0.6082513833765478
21d8402c766d,-0.7064406101922086
0b3efba046cc,-0.70773729190502
806ae5a7f072,0.8775341262870955
37b6e739ca65,-0.4198038137775417
eb78b67b9fd7,1.1920536666817285
d94fdde081ba,-0.5684770400237678
46cf04c12d66,-0.46989705505696133
e298c4a08ed0,-0.5621605861947961
6986a413bc0f,-0.30396003327590904
f3b48a8282f2,-0.5259066705801109
0877095b8704,-0.5151573473671522
e297c53514e3,2.6659266728106092
8a1e39a1eab8,-0.4666883025812265
e31b56376940,0.5215412344738873
9a5feb0417fa,-0.5474707251087592
549fdd6dc5aa,-0.43421885960049733
5f72d9818971,2.932970065471646
6d9f1a1af99c,-0.4374807158101446
a61c91acb8f4,-0.4631286647020236
2590c98f57f3,-0.37390969555791514
fd86a9f18407,-0.47105806943736667
d53c2f926485,-0.3061171455752309
d6a94332323f,-0.3970948123361319
8d42559e5eff,-0.3271347558811864
a05c8fad51d1,-0.1547094884434777
1d53d705ecce,-0.4686610606220807
25a6de6ec130,0.9005432024944084
d558ee67655b,-0.6469949704014948
8511fa9246d0,-0.557047387394987
ea6deec1aec0,2.51746291424439
9c7d14411d46,-0.6119419767802841
c7974b42a695,1.0957997241500579
26fe69b192f3,-0.10285699148528245
b3d7c6bcc04f,-0.6628228542946136
daff3b1d953b,0.8908089239196085
065424006392,-0.5981429301493288
49d821d703de,-0.11236647969796933
edbbf022ca99,-0.6120911931706439
23edcc453e95,-0.5998067789394528
c4ed43674221,-0.6173970437365432
af89f0b5f399,-0.4736691582581504
939660f9009c,-0.5292769298747766
974035f5f39a,-0.4876654518290028
8e5c18e3d903,-0.47491355634528676
f53d97a0e974,-0.4012544664495121
2b7010699bbb,0.7673166292795057
bc8c502bfadd,0.8389024265825495
7fadd02873b1,-0.43028201367877783
1e2e3ee7169a,-0.40359656467572796
0deb8d01b120,-0.5367082898310619
335cf46decb7,2.7485444188167842
2eff21af5286,-0.7156571016733186
0d680e0ed4f4,1.6871551278514065
51eae8ab4c25,0.17701216250759425
f0afcf209a0c,0.17079854659604887
db3949b384b7,0.06641468343006576
f85292d5f51d,-1.0777206532189283
f3cc382b293c,-0.854294776239893
effa5083b7d8,0.34160170359662
351e933286b8,-1.0911009030685674
515726fd3fda,0.6233982959139559
6b3d2bb1578f,-1.0074761612905898
9ebc14c03bbb,1.679869075595606
7d52c6d99bae,0.4746558815587218
e1f403dacdc8,-1.9189408925000857
a07760826c9c,0.750071639441436
f33aaa7a5eb3,-0.23032097963394266
1c1ffd86f7a9,1.5552339022772945
d4864b7aa0f0,-0.6050805268865316
f8ca838e90a1,-0.004972490480725832
3ed45eb4bc56,-1.5876956250610792
79bd45f2c4ba,0.1904009342160064
0b056f59aa4a,0.5484297424616652
6a22ed3fb8f0,0.7924766961342735
8993483d71d3,0.035741718472968226
fa29213e0017,-0.6508456360101326
cb268cb00d19,-0.5966697394590315
42fce15b15ab,-0.4883738088193696
f7c4d377bfb5,-0.5651472558910569
e2c35b883dfa,-0.48401226300036915
28c6582e0184,-0.5260953084285337
6af91f49e505,-0.5060518779316334
e474116be8eb,0.8976625470253669
8b4db31c302e,2.6970663398613155
413c0b5a39dc,0.12042888600852805
e0bf4419efc3,-0.5769554946565176
09402a083191,0.678993611301435
52d655f20fa2,-0.3971212304370447
72020be44ace,-0.5913826165999428
68521802b72a,0.6392965534791882
270d84ec3bb7,2.5478760292185774
819fe0ba3444,-0.7792618332552482
305b86fc15be,-0.48957272037763866
bdef2073715a,-0.4638628214339046
7a43fff8d5ac,1.3113643851696162
00a9711f4a68,-0.4441271633685253
a9176cd3bd1b,-0.45785698160642185
230a65f1e439,-0.47118960226283774
37021b497ea3,-0.404161998525818
4d1441cee134,-0.5720653769221732
980bbf68a004,-0.7684915299254977
6c88f890c7ea,-0.8188481948992641
ba09d6729169,0.2092894297235593
900a4b1b6d1a,1.022183455246994
4fb92fa52bcf,-0.6089526553031891
479b95572f7b,-0.5808833186235397
e60f5c472c6e,1.5236054792461282
8538df75e27b,-0.20293431235673756
0e0ca6fc1bef,-0.6967801232027605
9ca15840ae63,-0.6005536946497594
d18ba25026c7,2.09443084166624
1cd0f0e73e8c,-0.7255185016817377
0ba5bd19ac3e,-0.5042279962662541
2d9511af89a0,-0.592330216882521
36ca647a446c,2.5843765992272276
83de76b12b31,-0.2856312647668937
758df7c62a35,1.23138379127097
ea4161a02835,0.6507325520322088
490cfad56c8d,-0.48921972517615864
96387df499c6,-0.32539846660421945
a26aca482139,-0.5891097507052196
50a726f08265,-0.5087673139561475
9e3bb41d70db,-0.44628970649125477
56664c195de6,1.5167103554387427
705ba0e61fee,-0.9449390580968868
5d4e3fd7bb6b,-0.9037830823010231
654b1b51278d,-0.27332588847430517
dfaff6a1f85d,1.2933817065443047
cef4ffd02763,0.9174450170705948
e7896bb47777,-0.9094873600844555
59eebab04938,1.0265506986916328
2ca582c245f7,0.0827462557053075
d2dad60f0ba8,-0.1051442092195502
8455056d3d93,-0.18895591922060528
d2a828103992,-1.5111985160537564
758de1376ac9,-0.5024087038940676
ea8c883912d5,2.4472938277493657
55bc7732bdbf,-0.4512554866144852
a132aba8392d,-0.7494547050434143
198228d1c183,1.0415522752027304
2c03a1ac247f,-0.653350309979994
0c978b0676e1,1.1677018847832221
8e45561f9190,-0.5222699497043007
a2ddff259331,-0.5524662424639469
a09da29176b9,-0.41837710408092943
7ac5e615e36a,-0.4522930628869977
ab4347d6acb5,-0.35467242306718205
0c787394fbac,-0.38742482130637323
76384d146cb4,-0.7454706158397707
be1324dc8429,-0.35936106709912874
ec756185c443,1.060477230937256
f756e7983412,-0.27700844196241337
8a75997e4c0b,-0.7855680356474966
bbb16ecaa535,-0.6124064800098917
6b63ff90dfd4,-0.5865405878444889
3b3c3f381271,2.2207632005053686
6e61d0bebf5c,-0.2756158100194164
a24065b44978,-0.7004934951204813
7fc00bf91208,1.4486489234068367
41d152d7781f,2.447273664563267
e96b86b5a145,-0.7050556138980486
9afa84aa8d36,0.870661921227561
94f7334007a7,-0.6027802073905723
e3d9dc7cc298,-0.5298579594302038
967968503d9a,-0.5256224769291951
d913fd6e02fc,-0.5853473508163285
226df1eedd49,0.049069535621061
dbc070d4cce5,-0.21878243789192023
c32b8c093338,-0.6816113662422574
3928c15e0182,-0.7206724910251091
9e03db254a40,1.202724782211745
ca7a41d7f220,-0.4607052280528563
efbf24f90277,0.9696221440941979
bbf8e574cae5,-0.05311239486837026
eca25a897b64,-0.471513323854465
15bc8fbf4f86,-0.7803328110436548
ba5b197a662e,2.571145486244309
f5802baf3556,0.8147845208566639
e6e33dc47385,-0.611640563717267
06a103edfc2c,-0.7066615059576061
f5df968300ab,-0.6400710122450207
bb5e980f593c,0.020629950942033237
85ec9fa1aebe,-0.6521452623979638
e95b44cbeac2,1.1438463434303314
98e698486d44,-0.04187484060756369
1d46bfec986c,-0.7054364880257615
6abd462a60c0,0.0694699466985437
776254de4aa6,-0.6272012090517203
9bc806d33587,-0.4102931480299697
eabe35e79a26,0.025894945880979285
bfe7ad8e4b40,-0.3132490180375765
a5f609e2be98,-0.73700537842026
6fd2fb83ea42,-0.39345158370516564
2e9a1683d1f0,2.701278790084025
ab352a371e96,-0.7119783602158622
8051e7786f45,-0.01939366258188241
24de8f6a9082,-0.2513777481440903
8457507ff48b,-0.3476868011175751
db08a1ba5eea,-0.5644643468119985
3d321bcffe64,-0.4202787165624367
d1c69f544173,-0.12820547110008515
100d619b3334,-0.43083277493658473
3f5fa33be983,-0.06465046349223454
afc0669a0376,3.125945544814698
ace424eba952,-0.2016560791216525
149285a0357d,-0.5039368177798997
32a3083dcb93,-0.1934626631662585
fc561d5608b2,-0.5246619348291192
acab60a2b1b4,-0.4605019269573502
d21aa3f6e1d1,-0.20062962310723653
28dd3f654981,-0.4745097335374456
d056a05059eb,2.7769103421333323
e49817b8fd8b,-0.2411519492008552
5a338247b1a7,-0.41664688135873684
3c77ba8e6862,1.2456262740429507
a4209f09148a,-0.436708743135505
4e3ae9d7eab6,-0.3778830755488044
c6b93137c9a2,-0.4327447009050148
0622e0dad8da,-0.4570980475962152
a772113bdafa,0.9338107868826252
832b74808d07,1.3452933095225086
7a81b51043ec,-0.8604213396083007
e4f3bec6f067,-0.5932363861091545
034f40771305,-0.8144788152109526
33d611e079e3,-0.12913562277136637
03dad1eca27b,1.129327699296684
d190e1ef0720,-0.9828404961422493
e348d4e9f52b,-1.058686510027287
fe57f9601bc8,-1.001193210146009
7f30a36deb4f,0.8155879136633168
12faa60b592c,1.2159726706501852
13ac5f3a8524,-0.355164046950747
c72408760061,-0.4845961908344725
2d91cd236ffd,-0.415332949301443
460ce2f32938,-0.5741833241948028
1145db7ccb17,2.885676602474239
debca8419263,-0.4058329974643309
326c5eca40aa,0.9832127544160021
bc3f1ab399e3,-0.43847151680389473
dd32cd16b5e0,-0.2812533222161584
566a92da222b,-0.2791377980872046
c05267ec1c7d,-0.5436794940023155
4a7813de5e99,-0.09123771703487216
d86dabfc0132,-0.28949977545855393
25d5229a459f,-0.1435175529957624
8b1a46f6d3f4,-0.6949213085875461
5242c59f41c3,-0.275883114845913
3c576539406d,2.7471157563751802
bce7a5ec7616,-0.6712815576439745
caab8ca631ad,-0.602404365367217
07a008e3b53f,-0.39124884738050636
3021bd6cc6af,-0.419224796080902
f627ccdd3390,-0.3947296994084748
0c3a0e91a0b2,-0.06319864604906807
c912dd1fba07,1.1987939074427385
ed6e9d297105,-0.7005898598284076
c16dd4922fa3,-0.7512636794717792
66552e174091,-0.1299137340648442
dd00ad65488e,-0.7670259277883393
b2066b03b6f3,-0.13078967406628875
8dabee9752a3,-0.5742803142369509
d1060615e277,1.282447081379881
37f343253dd8,0.1273999679650394
97a2526601a5,-0.8974766030192193
130be5bfa7e0,2.5504184953133695
58fd99d6903b,-0.08872792532110996
5647f4a7ea03,0.07980217313864944
8886c0f02f25,0.7388376552173263
fbdd0d0cfe18,-1.3776175307562715
eaceafb4a5e3,-0.7573726011100452
9ff6daeb517d,0.873093033723361
ed2f3129b0fe,0.479747859063485
8b448070b80a,0.7684154115972474
24464af4c7a3,-0.8349455597250837
b3bb47e13655,-1.1601685155167916
0c48b1af3868,-1.3687160483193759
9127101dee45,1.0338228842313613
3d37d4e61e92,0.6233498596918028
d6d56fffef8c,0.9815535519029845
212d4b69d33b,-0.5254143166078306
a3eaceeb00d0,-0.8627810497870719
a80f4be761a3,0.3653843971430209
681f74f302a5,-0.9025807550805689
17b81b41e84b,-0.882111430111452
3a696bf74b36,1.2646947167171725
dfa786c02bb2,0.4507962805701238
69dfc6e81646,-0.7877165858577078
2a5a17586e13,-0.5102136698704419
6e2de54c5b10,-0.6709558794473648
56c596402f7d,1.9855313687138305
84c87bcaf802,1.0753669236182903
bfe4b82d3c47,-0.4337336226607649
a633ad05b4da,-0.5046938304356918
0844b59ff94c,-0.4066467375968593
f04cba39c62a,1.015639898408849
6d503a0aa84b,-0.4484763289531794
b58e2373d29d,-0.7801906671667362
4e045fc9ec69,-0.7042654874105629
0f7cc96f5f5e,1.3118160039106415
58cd304a8f84,2.372651684810264
8db5ecad9c7b,-0.3642450520489846
7c09f3017d26,-0.5461031430257747
298af8d78808,-0.5117527178312005
c533dba24e9a,-0.6400606316650193
874f0b8070ec,0.6013703949399012
131c9b195ada,0.9534444716980325
9580b2fc2353,1.6123769286932017
d8ffd2ef2227,1.69403043645835
ca72105468b5,-1.2163316560408104
832bd0e2bf56,0.08821303901611756
b3419e25339b,-0.957639427388071
7fed9baa7acb,-0.9072547016529522
1bf9809240ae,-0.22761237643048368
647627ab7ddb,-0.44659195549597874
5189633df6a0,-0.5539445221322876
e65766f0fce9,-0.5837120438858839
4c32a6b225d0,-0.5109149154201202
5707c7a37b33,-0.7264357639973439
dc42dd078043,-0.6898195250594955
c46155e34852,-0.573024554928013
5c01ae59bd6e,-0.3011044356709562
94bd8bad3877,2.6188660818195584
702999e0de3b,-0.2869195004684248
f0eb6457ab66,-0.2894669161287967
33c4741edf09,0.9566372645545487
d4ea8b120268,-0.49527350622644567
695d09d6b529,0.881167815411372
593651f397ee,-0.6717990605011102
4b3f0d9389a2,-1.142177217410568
e2781ab20083,1.4357899895566348
169ada202753,1.4946142139941596
60c25b2d203a,0.22178760169236925
2529d7e5b0df,-1.0665353925314813
d898bc70c238,1.480700993180872
044196229c69,-0.7186829285207382
eec5f4e4769b,0.23107250241703658
7a29b46e0936,-0.9128470881565717
d4ca0bf5c1c4,-0.2419372201361163
e6596f83be98,-0.10998639358448627
d2eeb2d65f5f,2.6540664343519804
5979f420a8f2,-0.6193701363926514
d0d5d03c8720,-0.1318505540951497
d2e3f5b8abe4,-0.45426874813827606
a3a47622c92d,-0.14270623798039053
6bc157181b6d,-0.3662853864744612
7ec5d582165a,-0.6042931031359594
2dd458dd61d4,-0.551111773640777
bdbff3e062f5,-0.6614103021639846
bd762f2c3292,1.3687411825275626
cabb6e16629a,-0.3021182280585853
8296c681ed68,-0.18939314679930808
57e0f5bd357d,0.573361402991815
7b53b0b39eb9,-0.4429914275673625
4dea99580fcd,-0.22974799818900796
cdaff6db6ba7,0.38993012879269867
54466f2f5600,-0.3574658979123463
7156b2d74fff,2.2938106186928273
109acb2b7e8f,-0.7543805109076562
9a174f5058cc,-0.3233269546095041
76434c4aa8a4,1.4080795330245985
7665e8d659f0,-0.756696459195221
303e841b3d8e,-0.8086363577809209
9a4e0348249f,-0.9919360773399198
c911558e4e7d,2.5289434202587633
50d395f6680e,0.9181392603064582
cc38bf470c17,-0.5324082326325471
45e2963e70da,1.1664936267003299
5e1e25120475,-0.503554060267232
97a58d531330,-0.5461388247733874
806bf851ad73,-0.5243376609243974
1e5fe89516f8,-0.38667863426998983
3806e49dcee4,-0.5413808373923952
03d083556375,-0.514994038737046
a54c6a310fe4,-0.610671488314072
1e3693cd6cda,-0.453412529954484
2db922a9cfad,-0.4023312468878193
ca7d74a5e6c4,-0.5410846466029827
48ef38d79105,2.517798509469149
6f642bbe2743,-0.6455613909168201
9f96ea6606b8,-0.34363045118351576
e2afe20b543e,0.9082394395208337
bdb08d8916a5,-0.5036578822331841
f7de4c96bb8f,1.1642297971625495
73fcedbfb86b,-0.6496651605873649
caf2a7742291,-0.378183823809928
fc26786112f1,-0.4462664941570932
9a378fa547d9,-0.679886649773824
1d8807ea0abc,-0.4657897514512339
cdfe5e4479a2,0.8484544330843385
28a6bc44151d,-0.36695114458432687
e39d2d874981,2.5661703049377484
013a6315c7bf,1.1150073291718638
c61ee1cb84a8,-0.3243538065645468
ae5442d0369a,-0.697358115860151
3a064a85f43c,-0.5307786471873727
f3b967c9ba36,-0.7350384252734514
be4783767146,-0.5138994450453203
36b2940a1d46,-0.47707001780232616
d6d613b22e8c,-0.418392713425222
620270d3dcdb,-0.733028580392761
47f89795101f,-0.6246397549153835
f28a98a92afd,-0.4237942065271378
0e5e1c405f9b,-0.562169933257744
ef480badb10f,-0.02832067343664702
099ecdd6456a,0.8085129576994929
acaf863cfb27,-0.616165728493416
7909635c9fab,-0.5775070811816
8a0220c96cdf,2.4431699450809674
71d7ea75eb2a,-0.37718124447149665
229985ad3f90,-0.6124430416990172
924321cab585,1.3035673415947424
ec35ae026995,-0.655920920860966
c59cfa8b18be,-0.5450602983115092
6a434ebec6d7,-0.271290742242565
0779b1833ba4,-0.46639024130905754
465ec62f8330,-0.4739487393045043
5c36123a1b39,-0.44471124904696774
c80861c40a65,-0.4738324168229545
8448bf49c6ff,0.8719649921218633
fc47fed0ecd0,-0.6159007105858006
f8ff8e6ec2ee,2.6196093151863793
e85426b625ec,-0.5538794002591275
76c242c7ea92,1.0093604114352095
d558b4542214,0.43525698725743794
648453cae119,-0.8077820734852621
0c6912cfb814,-0.2810631807473278
f9d498d59422,-0.5109881094914293
fd931fa95cce,-0.5948048947086114
e3bd23db863d,1.6121122701886508
b4af8e099c69,-0.7845823624981888
fa83442d05ca,-0.6706163995220796
a6f78145bdae,0.41164444591282606
38727b9b366f,0.8247154729546555
a277b5cb1599,1.7282591458462757
1f8abe65e1e9,-1.3621513017069469
d1171b1e3c39,2.8799211434030423
f4e4d2a10d63,-0.3297535372878966
fa01f77b7753,-0.21040617717754465
6ff1386fae6d,-0.6012591082347982
2ec2bcabf134,-0.2461752441418025
5908655b3187,-0.6802045803858325
d118bc3f94e5,-0.48788641263604454
2d2f3efaf28a,-0.4755512079668796
d0b3505ff306,-0.45308958678063604
61304119ac89,-0.13734890720758663
821096c7c755,-0.21719685130284466
05d026970a58,0.9589504697188238
cb5aa6c2acdd,-0.37710894968482106
63a364b38e92,-0.3216877742257005
5f33b0beace7,-0.5505175993767486
ec67f390e8fb,-0.513965873817574
a181a9fc0e2c,-0.6306882192904211
f36d78f8b7a2,-0.5789144126181212
576ad74ee418,-0.3850340026701395
e23272fea16b,-0.46565415451288683
ad60b4d06034,-0.5788968604500621
00a16ea77ad4,0.8094107645149109
07acf58f96fd,0.8932665985993522
a0685ded4dcb,2.6997904835322113
4b2f072d6fb5,0.14126869108370887
4865085c6778,1.496360105600537
60c6d61cf056,-0.5650851062125574
55d3b94e803c,-0.6235653366493448
d195fd2c0679,-0.9034985740242485
8fa0e45b943f,-0.4543191206622418
b6bcf06de62e,-0.39638748576682215
a878681d4895,-0.26188039861430756
dd44fee1e908,2.4686941891245415
6c9273681c7c,-0.3902999266060373
261594ce8d27,-0.6515154526317483
12e0e30f9d88,0.14022841535852
a59d471172fb,-0.568400614590099
46a60722276c,-0.6055451104759102
12d4dac56b55,0.7219507459122374
e89465c08516,-0.4140220960462492
db94fafaad46,2.599035849918945
b438a327c59c,-0.5243867743402054
c88621fe2147,-0.36783765572355814
ec5da2b8a08a,-0.5463087481799784
82194eb60e30,-0.5944426435068845
d0f9c94df8e2,-0.5200869415502215
ce79d8c9f1ab,1.1806253241795202
decda278d05d,-0.36058133559759625
43022a844ed7,1.1073753104055029
9a6cf125ea84,-0.4462347969954464
2bcce6843f48,-0.30279028125296675
42eb0e64bedc,-0.7036235699665816
0f4e82c634f1,-0.7094116746029139
79bb6762fd0f,-0.6567975636302004
fb6a51803fa2,-0.5805715920297714
128e466c43da,-0.6663493596356493
bc200b7a4cfb,-0.0010321153339259113
7fdc36310e15,-0.5244897408928679
740f5c1c857c,1.065857060415586
8c1677896c43,2.4180683235192353
af985188b44b,0.44299077026630773
528059a019ed,1.5533789722844094
f69df90c89ef,-0.3246075198503797
51fd698ab40c,-0.7867671296595242
d8255e2104e0,-1.372024839533636
1bc92574f6cf,-1.1539095691431567
2f35d5588ed7,1.3758563345523551
b6bd1ccb75b3,0.8847509087395399
1a0c0573dbb8,-0.5115858339470901
e23fb9c96385,0.4005279045223804
4c2c1b611d4b,0.41642187308468237
2d04341903e0,-0.9250318713158877
80a7f71abd77,-0.11658511077380762
98672824d2b2,-0.21204255868310307
4ddf7070206d,-1.8298815950289629
db2431065684,0.47031963777085817
348e487ca898,-1.1713535581188954
64f9105b75a6,-0.32513862530494775
75150d64f36a,-0.7227765588909367
0e52fe04444c,0.9770343745911194
c8a5159fc4c7,1.6689180672753723
3948453cf251,0.21125108598122358
a51713f18212,1.1364659166663582
d29d7a9d99f7,-0.08621107548427803
36d7f7d7014d,-0.5579670525058354
6606c333c619,-0.6752058274830824
cfd8d3639bec,-0.4583473193831783
e9923cd7c3ca,-0.26919156120188353
cdaf490b8279,-0.5664386820535644
55d8bb885b51,-0.6792882686424727
c90d582cf21b,0.8883431567860132
9a5b155023b0,2.6108916250826693
835e4475d1ac,0.9032193238117912
5b0306b163c1,0.01610576979536701
7e856abaeef1,-0.5657037799944058
7340273b8eb1,-0.6464173842114184
7b1f15374511,0.004881657936990338
25af9a4f47cc,-0.6341305377632142
f7b67ea56bc8,-0.24584991670375286
f1c7106eec89,-0.42962804167259866
fbb618ebc6c7,-0.29578599096727254
093e73350602,2.8506269011026615
4b3dda3e9736,-0.5219095635867124
e31778f97989,-0.4161934416520133
3131b3f88d54,-0.557668007187836
61480e30b0e7,-0.7258476439299808
a2780bba4940,0.05185798955945716
75bfba2c5d93,0.9196465948642717
53e235d4f41d,-0.5601659420993493
b2adcb08454b,-0.6619828741144147
e472819780b7,-0.5638391768776267
1a359d51d99b,2.578350240558175
682cc4c722a3,0.7160356673717982
05bfd270b102,-0.5610017971451863
a8ea8f900547,-0.5011494986844467
ab7ea3eea909,1.098920914933609
630e183e8572,0.1367462086928099
90123aee3854,-0.6210620085468783
ebee8469163b,-0.5784890064729519
a741cc504b61,-0.48236272761553756
45ba33c5617b,-0.4363116779470067
ec3f8d10624b,0.1499451234999738
57c905fbe817,-1.61161706745612
09efce17c2f7,0.9179287879305446
caff15ccfbd4,-0.48162491615254865
151f100a754a,0.5340641353377864
a2705f3ddacb,0.3421790073985283
e24e23ee6434,0.10659672170372658
040e9fc0c201,-0.5603969105944148
810b3db04e5d,0.7979133644806858
8542420acace,-1.4639043173296071
84d3c9108ca6,1.705227749128452
4e0c3cc29b4f,-0.5934100173589598
e493938d710c,-0.21472337347644782
28e64fb83fdb,-0.6105647770012596
5bed8d6f54fe,-0.41413559388323784
9f2fa54d9306,-0.6157999443488489
2573a92d1b0a,-0.6879508699285674
319619170747,-0.29446465369025115
a808bc4fa839,0.9862649987511651
16dfc6c7ebf3,-0.618227510161999
302c278064bd,0.8660082551633466
e087820d78f4,2.613564978620884
c774f3b525a0,-0.41656149268582443
3fa4dba65df6,0.9611673401658545
6ddf93e59d8c,-0.5726522348533617
8096cd716906,-0.12944100960427563
df2af22d8865,-0.8002170368503067
a1dcf0c26a48,-0.5379797727151109
ac6d57a26287,-0.48101914643003996
26fd5672fcf6,-0.7062367766133699
e1e2987c5de1,-0.7172091637004819
5f55f606ac81,-0.12529283710944966
2cc01127bdcf,2.423507727916789
ac4994c8fc40,-0.49810317522522096
669b0480ca52,1.1834760850189734
f3cf842f8e26,-0.21514241991394778
1e789566bbbe,-0.7516015219940873
25fcb9a2ae98,-0.392474655600383
2f8ff83062fa,-0.3887849865873693
c412191d0415,-0.31194031477552425
29f1606dc935,-0.3622402235539976
018c56732d57,-0.13075145253349682
ec72a1f59732,0.019903885652926993
e9dfabcdaecd,-0.0663782179380602
2e069bef0b44,-0.3288900880625941
22ab154d6c53,-0.18383307067484064
fc60ce4fd99a,3.112133065981374
8b557c19a93a,0.5398762176263684
43c1da3b46ca,-0.6325476153460667
6e76d148170f,0.7624960790709777
de1a97a9de91,-1.5810052794029723
100d478f8a78,0.23353593615315207
7835279b52ee,0.653378519326117
e7940deb638a,0.2068499712898125
7fed3030c874,-0.9680847917049132
772da78a3c0d,-0.965199792220365
7605252ffc14,0.02344959711858321
1fe9c9a1315a,-0.42526412796281765
f6d09126b985,2.1525152860521244
bcf47ae9db6b,-0.46132717987601873
4a51951fe7a4,-0.3341309745635769
899b5fdd949c,-0.38421743932413843
e312ad87514b,-0.4782360744692671
e81e69c4bad7,-0.38634618560401845
971b4b9f0301,-0.5856777546959191
64cefb0dcb9d,2.872341711570608
ec6dc4c26937,-0.49673824421960594
2cc6630e0966,-0.5487533697384747
f0b7e52fbd34,0.6866123067213598
cae0613aa880,0.5646318843555616
c40843096ce7,-0.44815868015650984
f8f3ece51279,0.4267207487234298
83d26f2f2296,-0.33168536901808277
96c944e508e2,-0.9234473131743
2e465685b245,0.7168393761058431
30f63ae021a1,-0.942538518577814
01c5855925c7,0.8080128818550041
f30441d949f8,0.3722035604479096
9e3ad13a32db,-0.9683300171627577
8a3169d6225c,0.2398025480040215
c7a7797b4bb1,-0.49647854003626846
5edc0cb73c9f,-1.1488457889904247
e58ce4f41555,2.2477464318234395
4cf9f06a7dfb,-0.48373862199492396
338762754c5a,-0.5046480243406943
c416c7c061a8,-0.5198498466552183
b0a78ec21584,-0.5333085946333491
54b375baa61e,-0.5827423521310701
004f4b448b1e,1.0776225205454544
91890c09b015,0.9355301026417676
205f5ed90098,-0.5153919489197446
47731c3ca2ab,2.567009449268537
f72e36a9d2f0,-0.5921419940383794
88679d938652,-0.4927171396463911
fb2bc060da61,-0.3556235500959885
d5bfb4f5e402,1.0834688493752034
ef1ae8c597e8,-1.111623340097673
cbc55424736a,-0.25760321466362607
6d293d3958b3,1.276630941900523
911b6018139d,-0.8246908402186697
2a8eacf70782,0.9253124341179432
0c69b11bfd31,-0.8073808713910782
bed8dba323eb,-0.852996529097833
0aff3e443b8f,-0.5444303296696968
808e2f27e256,-1.0192669345545053
5954e348a121,0.6631144954402772
3cf9f3e919ef,1.4694653388591352
c4690b927446,-0.7841361743333614
7d2a3661e43c,-0.4520941917489036
78fc75185bf2,-0.21538985596792068
74f65de69ce7,0.26926480519662693
5a26d79702ac,1.2375683731086593
2fa4a2954190,-0.7299922605249703
b43c48e89e66,-0.5194066048955306
b2a62aeb30d8,-0.7195108624535226
20ad532b5129,2.1598073781698286
c046767de269,-0.7164326804424853
a3f860e0dda9,-0.7370497693867973
3b23b457b036,1.2073718432783767
48bcc3595176,-1.0325725804466719
2f2d92311649,0.15665704362274685
54f4a514b7d7,-1.2107992316411467
db9fbdcb1552,0.05164484899608258
29367e89dd59,-1.1616175661471537
ebc19f64a8ef,0.8935350944742708
1c8a5e27342f,0.15963919067334498
c400e54f633a,-0.9290780947426889
bf87f094bc0b,-0.13367302978323092
879c94552f73,0.855257010760807
7599a6a58fb4,0.21126072019016914
17d0dccbaa66,2.1397465940434706
0c0e4672a605,-0.8029612571264878
02c15b16212d,0.8429870506242996
ad5272087f26,0.6493293750797918
6e1fbbace0eb,0.8012798758033958
e2e0c8872609,1.2257587824654756
fc3ff4c4c1f6,-0.8741392561605237
1b83b4a56fee,1.3456021676506922
11da0ffaf262,-1.005717276213412
c3ac6a02e802,-0.9377212167127216
fc390a19a521,0.7502189686386777
cba6898270ce,-0.9989764331051487
c9eb3e61383a,-0.9956607809440385
e777ef9b4756,-0.38183908310834475
e175da1daab8,-0.6423087062393065
94d6fee1c22b,-0.45293316215171664
797b40c4a527,2.0544193450765302
318a1c4440be,-0.6131919019140775
6e26a9fe21a5,1.4737689083884187
9c0b9e4d4fe9,1.365221311286427
f843be7df79b,-0.6361941278113047
659150d314b8,-0.5279201749855957
ca76b05ba123,-0.6388243254195245
ec9dabd1356c,-0.4968423544700473
636c1dcb9bd4,-0.5033557286514578
a24de6c027ff,1.1603555219436525
204c0eeac081,0.7019409894482063
0d4e64c4d823,-0.9793271631439737
98da0b181ed5,-0.3600313910366594
d7adc4ff778c,0.18694725219947791
4e3d50d83f7a,-1.8259469924372291
ef1fcb3c2a43,-0.4361224954148276
8c06b1729d7f,-0.3857046537739751
31a9dde1b8cb,-0.6394660403042145
8d05cc6d7eca,0.042189189699140706
eb0ac8e6b7bc,1.6178815968228901
af8ba67c822d,0.9172841859975112
ef4e76452e0c,-0.6782548718457303
8810790469ea,-0.5805944788843211
e56b1c20dae4,1.4997928757638372
4ff1758a7dd3,-0.5101929888383145
392422e0c076,2.2700384113599577
e18e5ba1bb76,-0.5739019247287418
9a341303b8c0,1.0074212555494426
aa487032ad78,-0.5175798743340392
518e9c45a021,-0.4604162984195691
9ac87eda0102,-0.5176096683359616
3d8506243511,-0.45798621184996274
1e387f6af234,-0.48071622543659737
55d0d6b9d2de,-0.5854722219541997
ddcd9b99d82a,-0.24465771107136097
1e464e20f080,-0.026563510501863424
193b978bc79d,3.034280313913897
3439a9315247,-0.9801904119853365
67a9f01c3a52,-0.2913404702003805
84135492206c,-0.003581940892785563
908c66df2aed,-0.4285747045783672
922e21e1b0fc,-0.36427090700385495
a47ced90d98f,-0.059364886413835555
56cc124c3c2f,-0.12005287028660427
9bb9ff12c641,0.06978932097469182
39cd77c228dc,-0.4949774904358563
c85452abb8a4,-0.444712328578724
91466dcb572a,2.5626008233131436
12c9e67c6945,-0.564057496285464
0b4dacc4c45f,0.9243077665907028
21ffe1da6151,-0.5311442743371908
afc619cb0885,-0.6628250979127316
7f282e690f3c,-0.5080645995256552
76c606a30e7f,-0.05962832570377957
54f5be7d9cfb,-0.6826243808965936
dc95bdc335f9,1.0200614481947476
1e153a265fe3,-0.5589360444225987
f4a3c256bdea,-0.81316803489266
ab81e83e67bd,-0.9248444315346088
ff24cb05740a,1.8104995868839158
5e42ee021cff,2.030506035339058
3b1d4e3f28de,0.33580693183070565
537e82a35072,-0.6738568948722278
9b37540a4fa7,-0.8130275859376023
2fade877a894,-0.8383893533302222
d6f8655b73be,-0.024785359224169384
4be2b8cdfe0b,-0.22259042386700925
7c468a65516f,0.08636918953752415
81accdfd5508,0.04748034006729657
8e24f7c35da4,-0.31376293531100596
14c5a4d1a479,-0.3120623154337016
d5ca695e1838,0.8831110352926561
cebe81986244,-0.6054195571789247
eef8385d85c1,-0.5475671429578147
1a29db6856ef,0.9213682989965167
763eb89744b6,-0.6019921205597167
3593a6073232,-0.43406707057652294
1ba7740f88ce,-0.6685220499592034
bcdc1fa8d489,2.6387603245802316
a75174b044be,-0.2801503954630076
60ddc758f7f9,-0.6796960714295068
a15850f2fea2,-0.1808360811453765
3e6a2a12df8c,-0.36974036635466334
8fbe2cb3d53b,-0.5196608413915452
c4e21bb4c45c,0.015797411329278168
752356990c1e,-0.46932645568449577
bac3b1c70dfb,-0.6824021944060692
f4dd8a26376f,-0.599484037467415
c3b9c11ecd6d,-0.20336516192838164
e8b989b7f1f5,3.014133653770106
ad4cee160fc4,-0.30194740347186
3728292afb09,-0.18115701560930392
d0860eae722b,0.47798849235972696
f6268b3eb63a,-1.3262584148981647
65bebd36c14e,0.7860367964715794
14e573687d3e,-0.7969485215471429
5ba7915a8e9b,-0.40352340748897936
b70e0084bd8c,0.028884072981992068
b3afd50ebce5,-1.5807913559491154
7fbd32bdcd89,0.895495464445765
63e750dba0c2,-0.11931260765061533
04c9dab42279,-0.23504493349106892
f1687f60fd95,0.7325850392976221
bf9f16f19c78,1.869026082405557
53e9a0a51e21,0.149851785422572
f4bd18e1e2bd,0.7350894940685935
0b459a1888be,-0.5167345483570276
f83ad46f444f,-0.4777706730447075
c31c9562e50f,-0.42809118550352177
2032a08041e1,-0.5826133322597599
5a6136fdc1c2,-0.5417803422666646
3f8b7dc7d849,-0.5328470194616047
1571e541aef8,-0.4234892745324522
57d63e894232,-0.5478151644326399
9246ea504484,2.7288597441221194
834b078e9824,-0.3237667236121502
5eceb11eea4b,0.9109590252798159
36ec76111ff6,2.647967784002876
0bb5c2eb9606,-0.0020982379427273313
1eebfc2d2730,-0.7178714222709659
3906d7e689b1,-0.8273040783646674
64cb8b4b4767,-0.22822128454188123
43cf5aa925d5,-0.46035493551395135
3f0a2f46ea17,-0.1942821136889339
999adf928f3b,1.272065115877605
1716d28a243a,-0.11246170443844695
7456230bd6ca,-0.3682339383401848
dfb5df727e10,-0.8055626366614131
660b39a778a6,-0.20364254811730914
b1c63d7d6d7a,-0.4876543964180037
5d25e376c898,-0.5310254856821618
a1054ce4651b,2.858813577548686
b3b5a35b55a4,0.9787127438938493
e52551841d6d,-0.3460114854079239
0359c606a3d2,-0.3796905215155816
545dbf73b1a0,0.0749675994051604
4f9d6f148bf5,-0.4937100232551158
3b463fa25090,-0.6052920242035814
f92a345e3fc4,-0.501019345623598
2c946ee8a8d5,-0.4365798326805734
35ec4dc51327,-0.131510806061156
830fe5fdc09a,0.9846806078793898
10fa08d52bfb,-1.4577642889141043
c2e586e6ce38,0.6691795532417036
c3c550eb6fda,-0.8143503710884261
77aeaaafbe04,0.694396561251245
3d6685b699c5,0.7487529464824121
536db3be71cc,-0.06284663813571884
ab96c427155d,0.8156134749852495
39ae5584dc38,-1.2295359718185401
1177a5e3ce1a,-1.6218465101693371
b9b7497d6554,0.4572201061568618
5c6de8b6da96,0.8165005301292653
b5f930f256e7,0.0042950341797149405
29144dbed499,-0.5303156394058679
f91f91269669,-0.5164439515378516
9b8f9f01d18f,-0.190242692616718
f3af82de3a90,-0.4564308482355605
5e67facddecb,-0.5535645290018643
60f1ba03f0e6,1.1350434664447775
1db8a498db37,2.776599889574034
3c1c7ac1c398,-0.19981543575674693
ad992fa50c6b,-0.49495701885688503
55f8f12b5da8,-0.2639234012287789
1234a66b440a,-0.7102448735582538
ca5842af368f,-0.25172675031663827
c2458caa9278,-0.37281043434198563
cd697302d947,2.484003827706347
ddad49d8b8b6,-0.6001109915227133
ce4f503ffe82,0.951850735608448
4a8310e8a3a3,-0.3853081308371456
5e9e2a0be1ad,-0.4918322149626238
75f1283f0db7,-0.7525025100614771
e91fdfd8093c,1.1446068922833823
2a4fb5861c9c,-0.607706323668411
72bb2aa36a05,-0.43212102202949787
f6ba881be418,-0.6863430778576847
ef44b1472686,-0.9601331033431685
d774d632e20a,-0.1875462435616014
85e7aa1290c7,0.6108125690922551
4cfeec38beb3,-1.2779934668976005
f793f6a750d0,1.3206357460087985
9cdbdb74ea2b,-1.0546196725216737
ff1cbbf8f954,0.9168555947841895
e462909b42ce,1.639127357668747
a6b90e52cc9f,-0.19118479964012694
9855917916e1,-0.41849880459852573
931dbdc5face,0.4536259492480349
4ec58f259361,-0.8510811262393285
5695547852df,-0.4818465478746874
9ad7dc1faa40,0.9729885304068928
73daccddacec,-0.4462303076162308
c82132af7490,-0.3236511081289609
26474d018cfa,2.460922190951811
a708fbe751eb,-0.5393016701635678
c96a5dadba13,-0.5370145231514662
6979dcd4db8a,-0.4811074442893083
ca300b94fdc9,-0.4639515041834473
362b9b666e15,-0.6497577932447781
e67422ab36b8,-0.7237221427029588
c5187e907e30,1.2126723199967018
4b96a43b7d16,-0.12956717553733876
082c673b260d,0.04440112063470849
ca24cd427a71,-0.0885098148637408
a9d420fc8bf1,-0.08201626028807511
95e026b73f84,-0.1719467881963839
36e6330d195a,-0.7671021744465631
98afb435bdb6,-0.44746320368330994
898fa914b5d0,-0.6511374103169095
b22f348f3135,3.0641975575435088
3b000e072a82,0.029147883294891687
989e72d9991d,-0.3820525478710912
be99b4e467e3,-0.4179511862696965
4dc84b479b50,-0.6806476244772556
3dcd73694848,-0.974501970517678
21031a3f1e94,-1.0330645914594336
34f20dd9cad0,-0.42229756722749956
7afe63de67fc,-0.8206550146142051
52e4c1d4d4b2,0.37180849752972844
f40985f725b4,-0.36048413561904247
579d6a0119a4,2.33175988951113
0f6ff1c2e665,1.2784216383725888
5f71882dfd96,0.46744886085045134
b422869670f9,-0.09845779481961472
a54d80135425,-0.05933018752916947
5f1bbe2becaa,-0.04950960800987036
8412ab7b95ad,-0.20164112362189293
7dbdefc4926d,-0.39926562656019277
161f49367957,-0.4669216607723218
001f91c85920,-0.529855583502754
fe358c88a314,-0.6888165163620646
0a449f63824d,0.024747587912947518
a561433d7768,-0.3009074117145601
c3cc0fb90169,-0.27732591213728197
c5f859408b21,3.102597656500493
89d39ff2190c,-0.09359540155253968
9997846fa551,-0.11950640017996196
9cdabcf39c00,0.6728312912230027
c80636f5afc8,-0.4193646742286023
f58ca4427c04,-1.2702620518120609
2105ef672628,1.8582859739962527
30a8fa0a6bec,-1.1229232686695212
2adefa03d9ae,0.7912438237864485
e10f53353ea0,0.0005527537936195273
186d31d2b827,0.8021873179393362
88ec96b95b8e,-1.4277032091549988
a035b00aa4a5,0.4221163133292507
efc918251f34,0.2804710675102582
f37305c63ea9,-0.5874353377129847
ecd193fa73f7,0.14678377206655377
500416ae0bcc,0.7885922458966708
4dd211169fe8,-0.7491849606172869
b1fbcf00b728,1.738492958518478
dcf58589fd91,-0.8704002459252151
99ef78a2b741,1.0539226450571806
5e4d4edf4989,-0.8535025946484293
df8a95df3052,-1.1320792569305185
40d4460f1c24,-0.4185676979828701
ba6fc0e1dbe0,0.012442228237993517
4c0b27d9fd0d,1.2099377993434077
dc4e82d94253,-0.9264368930159645
06d6ef551563,-0.5220329203823226
530a9f9389ab,2.5317219971887677
ebcc42e97e0c,-0.6500838869321857
0e6459a674a8,-0.7493764048408585
fc850c1fc72a,-0.5860675764934943
c915650324e2,-0.4464454428173234
c444efea5853,-0.5633771961025285
d8b1a15e6e0a,0.9837104430617771
7d6247d495ea,-0.6836978612173247
22dd4575f0c8,0.06309570028688702
90bb784d795a,-0.32650505015067915
190147ad5f2f,0.9490581983992847
c6116c377145,-0.6272884342564026
e0f102b6b71d,-0.506905691002763
83c0c9311055,-0.40401466079770654
ee633aef408a,-0.5799864699742501
846ccfc6ce51,-0.4892781927240357
1433b7819cfd,-0.33547306256674303
34b160be9b5c,1.1146636508756471
f1ab6552cdf6,0.8897603255559986
ec8a9f87664d,-0.5803458657933844
ccf975249cb7,-0.48321381679531733
db450ac1cc7b,2.5634054503538986
55f00748c8be,-0.5613232328749419
f1d82a1ff960,-0.4522854273085716
36eb77afc435,-0.4138678367854588
fc6cab48cf20,-0.4592821981070412
0734e98077dd,-0.4790459829710967
7fe3bf4bd98c,-0.613019652268781
a91eaae31da4,-0.6302354207132038
e73c8a6779c9,0.8967299960417225
4bafa1e7b42f,-0.46445568930399184
0a29a0b0592c,1.0897579281924148
c338fa3992fb,2.5724227947376654
2fc26f31402b,-0.4141475035352214
924620b9631f,-0.6325710079784364
7897cc45ce94,-0.2918380759914479
d14258cbaa80,-0.6106738667602603
ef6df4196bf5,1.0243137810548129
e9cb6cc7823b,2.8716577293827896
81ff4a7aec7d,-0.45557485200957154
40d95e53c28a,-0.46067766240247965
39aa7dbcb32f,-0.49055160078757865
5ffde2dfbb63,-0.4585802235044602
361b56fda14e,-0.25306127722940325
1fe992f4162c,-0.2965958768906104
a520613e386d,-0.43205172758878996
c701c056972f,-0.14636634727300074
855baae37b68,-0.6326213234218006
97c901d23f99,1.169390389760901
8b723886f8aa,0.9590750911121579
0af63c22f5eb,-0.5628775970137208
b53c2e467704,-0.4324350031349192
62e837e1a1f1,-0.5472794540836334
361bace6331c,-0.9004457151594856
a256f54664a2,-0.47600942699229604
740cb27ecbce,-0.501324098106747
bbff9697b764,2.4486145888690887
2f18ac15573c,-0.44175576813729034
963094bd002c,-0.08233168369225473
113466920005,-0.489651016290348
eba460ea3938,2.892841927950372
4cf479cb8b47,0.5970815871092905
8093461b3086,-0.3365385380927225
97baa39484f9,-0.4215866865347915
97b13795bd98,-0.037701838071515656
8766bd7c6290,-0.549210177137834
bade5ac4e875,-0.4971582813400629
b5cc196b6d6b,0.48158264299226977
c09df001274a,-0.3697579713828292
af47a8404d1c,-0.5592912056693241
4440db64f0d7,-0.7106104435325041
d677256afccb,-0.4372509587276973
92263b628915,2.6914358747715315
551d3300cff3,-0.39717898509974225
9b360c024be4,-0.0887255820023028
0cda428072b6,-0.42183570044054397
f3fae91a82ef,1.3127732086329125
291346ab18ac,-0.4767544402380197
a36f1dd0afe0,-0.5001104372895587
adb77a1cd247,-0.8644293923480113
5b2fc7682da6,-0.12789531166455279
6fd960fe10c3,-0.35667277816082094
3a957af7864a,-0.33335549743319476
682b144512b8,-0.6099999375485594
dec513633a48,-0.5820025349069593
8229b92f8776,-0.45033428460511304
c4dd4cf65793,1.4054145663500297
8d63bcf6c590,-0.661654438807189
ef031f3e4f3b,-0.4724933087975643
8fb699995521,1.2306573351876318
b68e61ee5539,-0.5742725590328825
25f9a4f95134,2.2036426208022872
9ae6d22aadc8,-0.4458438832570508
985cf34bc3a7,-0.5518637802540777
0680b9941c14,-0.49124979513055234
ccb91151689f,0.8093014570517376
5a9634e97aeb,-0.5109097826669945
3d53f077abf5,-0.2698169769836304
971cf5713e0b,-0.5462557300357704
bc1dca49727c,-0.5544951733591817
ebbdea364b14,-0.33526511260580716
bc675f97230e,-0.6180775439144163
f12f1c853ff6,-0.31420588687396334
9a7f0450f9c1,-0.61658052928903
894485da37e7,-0.6366529739242655
66b0d61b8888,2.6773389561199155
bd7b4cb46424,0.9156192964814063
1615827a651c,0.009139821520664577
292892015509,-0.2810106269191242
ee89e6dd0306,-0.4269876123544099
ba71ad73a2e4,-0.4967979624968327
91ad8be5484a,-0.6697345627221138
40b38ef14600,-0.07409690531449621
8a9d001183dc,-0.7729128539232918
9c9c9f612603,-0.6390856641468762
81c9494e68a1,0.8685557319979378
5f0be1640068,-0.8263538600731152
8b4c7a27a3bb,0.6258032997749637
52d7becf343c,2.683481194656693
6f8a852a373f,0.01044609570842835
3d5818b979e0,0.05223153622241385
14d61eebab69,-0.2912678972833278
2669c763908d,3.089193302333386
5914ab2a2680,0.03994683882593496
f9dbd640b16f,-0.6645027854524674
f8505463e571,-0.523561016945098
9579532f4655,-0.15560112004054025
a1b1a77b05f8,-0.348553034799626
7c64e6daea09,-0.38671014869454223
7140bec9c491,-0.3442584159436256
d77bd9e126c9,-0.47736335393093554
daa75f84d0cd,-0.7232821273440009
a488cdbc9962,0.4583785540862233
6fec777d6c74,-1.8500976197001775
8f249746b3a4,-0.22449440515588667
dafb0aed0a3c,1.68810230433289
cf12f86a2205,0.2414297916643502
0c34de29ada0,-0.07840514351059397
4dcb537a9aa1,1.1268266966849414
bdfc14f3a2fc,-0.8837038172207792
efa6299231e9,1.1159644044039156
76da82fdfacb,-0.4620971678623963
a20cc3c297a3,-0.40862147037848634
c285b439e397,-0.057393462877173285
fd482ea1fd1a,-1.176542054478507
8d811c650c57,0.20710105619328822
75c54980077b,0.2372364988993393
1dcd3796578b,-1.3638128593652044
7d1c63bda3e9,1.4263619044440576
d82379cc88e9,-1.371749031240593
979e52b8022e,1.8433329532743812
d137f8e36561,-0.23099334908027047
d9ff47bd8e33,0.4634946221015615
6411eebca97a,0.003073027431737329
fc6b180c9dd4,0.01989069469738291
fd981c5fd956,0.7745121112151108
ad0c258a17ef,-0.7643336114429364
256c01a4793e,-1.253869673305395
6adb9b4689ae,1.2023545579878088
8b3230eea64d,-0.5611359438867183
3189a69f39d4,0.07487571325693931
c9643a6efb57,0.11122658360732937
b27474561af1,0.3132948463666859
9b42217b3af6,-0.6316279932600799
ea97957b2235,-0.7620264830649794
e4d722eb731a,-0.700792055994977
d6d75030100e,2.1975219485212123
8826e179795f,2.4618763646342248
b58bc27590bc,0.17428917803792413
59b0baef4570,-1.155425406469889
ce6f7e068b24,-1.1885001427982074
94e80941a89e,-0.6537562360396771
3e2cf34fe758,-0.5940708396646908
2d4fce8fb971,-0.3129343362696945
982ef0941d33,-0.10896221118150937
635e15298832,0.7463410812631949
79e6f7e61797,0.40216457413888773
8be71cfb8108,0.5532396302403091
7bc901202b5e,-0.32426165589087236
aa4d8ebe1e7d,-1.0663839080223247
9c13c41ea56a,2.009650556344572
dea7540745f0,0.10278269151914879
fc5b414f77bd,0.6570140032193379
9d149a581e32,-0.1677433437197857
a40e258fe3a4,-1.1466169298018039
c977072f4b17,-1.1882111001458522
014438851f21,0.7200537476902711
24a129aeb608,0.5830715246407291
8e4127a9b8bd,-0.09097853196681757
b71d2f2963f9,-1.0934574125722771
bba21843ef27,0.6808187028148021
4f6316077c6a,0.0723419863976133
eb085642ca60,-0.06615627410238745
5f6c4b75c4ac,-0.22717233987550634
b9e0225c68dc,-0.21885570459031306
a043d2ed5070,-0.5265104547230733
ff9a1d398997,-0.5440909295170357
07910946c40b,-0.433208671806078
3cbe90c4f054,-0.4294183345400431
ab96725d1813,-0.5923057612622795
1c6fb85f1a21,-0.053225966309062046
8689b84ba956,-0.061980310748071976
07014ee8ef00,3.0805827610762373
c60dc9208dcf,-0.006567676158266613
01d660035b2a,-1.34627667488025
6daff222f120,-0.05803965341390446
e0c2a07dfebe,-1.2451968281585264
eba24759f1bd,-0.5516944829762488
de1d243315ac,-0.09335799230433094
8634bac9b357,0.42836448676760963
8e2bf92e590c,-0.7750434821843442
cfb2bdbcba48,1.0417017779675222
cacee2eb2c5c,-0.2516371613146473
1fe4bf35a460,2.223060554755564
aaf4961d795f,0.6346871318998231
89c16a96dba4,-0.5996776368411785
609345a03f26,-0.48971125416216754
0591921083ab,2.7254620615438148
b7063d62faa3,0.746465831880427
aa26dd45ee24,-0.5740094007569557
2dd0a16e0e94,-0.4401139845504642
35ed69147032,-0.4236697757199997
9fb0690b4781,-0.2753748568221313
2bf31610b617,-0.5351222831395933
8f313833a73d,0.8955190243685176
9fc34b1680c9,-0.45943201244168136
0a5dd4335065,-0.5703357133585879
f0c7399e0989,-0.06984391171726981
5cb6efb5cce5,-0.5838561771422902
f25effa4d420,-0.6363289540548669
c38796e1bede,-0.8522846591363901
1495de02947a,1.1597162530418301
bfa48fd160d0,-0.6868108404920398
354d09c83beb,1.0956008563468738
2a346b608664,-0.6426599466563873
8e90010a01a2,2.29511645687285
97269a1ef8d8,-0.6001340400680869
79925306208f,-0.6342179839201342
a25147d4b084,0.15570294692591138
fd14973f5c36,-0.6263807898246456
f3cc865270f6,-0.34612756824758556
0f9c50178511,-0.517228888465628
77ed195cf42d,0.5920054748225771
4a53b20a97ab,-0.6931866779944534
6329257bddb8,2.7756574813770922
71282874b0fe,-0.7472352158883984
f5477798ca43,-0.46785780386040005
36e314e9638f,-0.23319882448841728
8d86c4b8af20,-0.38451292461564585
da0fa4689895,-0.1649185740768895
d5bc8e0dbc9d,0.8129843112623938
771d32da085b,0.4385752211237164
332bf32a8bfb,-1.3488550838761293
6117db8db8dc,0.0545481592132869
6ceaa854d7be,-0.15579803476776008
5e431a36e95f,-0.031529412509704494
98417f664aa5,0.7540080495824858
99e0bffa137c,0.08482925262942168
753b0aecb157,-0.08274559031994806
a0d15a0c38bc,2.338613247686446
6d6eef55e64d,-1.2809316610761938
635ca7f8d357,0.09313374464787975
adbba1b82501,-0.8638478923335007
1446cb681417,-0.40535373815225273
4463a19efc5e,-0.41905273602134124
d2c5e164b7e0,-0.4919716842152364
dd1a360bbacb,-0.3532467401539924
71f70b3dc888,-0.40032635493921725
1b7f9694d0f5,2.9114180534390535
f7fb167bcef0,-0.17224595375096557
ae7f56636509,-0.3559734730046632
efe9ecd0c991,0.9336777751438156
8b063289c0f6,-0.3246090614853477
727a57203f3f,-0.6702903976060834
7cdef6de7bcf,-0.2520256892537685
2cbe663635f2,-0.5065993937199512
501ca61437b1,-0.7058253148083573
9d8945de1926,-0.7289723214205975
8d49f0e89371,-0.6023819838326896
1eb0c81ab445,0.2537745491772451
ecbb73a306bd,-0.7785605159235139
ae2134ea55a0,1.1831751119810379
2b4a9f888956,-0.6762769446712745
0bfa44711048,-0.43598609116210485
cb7d731bf480,0.8994465229391566
3b80c3bc3964,-0.2892050970251525
367afef9f2b6,2.3874114784662015
f855c873ed67,-0.41555532465890666
78b00bf81815,-0.3177331782579984
28ae483f3326,-0.6271916181862542
e1eda50b028d,-0.6331223099334821
93a9eed849e0,2.42480223474797
adcffb66f4b5,-0.5113275719407713
cd2c60d453b0,-0.5729016954781112
399cb2ad193d,-0.6236611974567665
283d3e2ccaca,-0.6192424635907159
09c67b489b3a,-0.3397436071350147
9933bb18c95e,1.2961506817207475
65083d01d25f,0.9395260501693034
e057be785566,-0.6273441572974645
61681bbd8341,0.9590987395183483
dbb1c4e483e2,-0.5819178854305618
3c66ddc2b74c,2.2356221920531216
cc8dcdf96897,-0.45483398797411007
d2900c7b9502,1.546202701069942
200083251663,-0.552808747084583
8f72c5e2cfcd,-0.6731245378701858
f6d414f7f85b,-0.6281391470870997
70790600d4e0,-0.5545759215852479
b0eff0e7f43b,-0.5128997096584355
cec93f828eac,-0.15527953865372418
540d5917db9c,1.1394495899806496
22a830a7d059,-0.5901804253078925
a95139aa3930,-0.5390434410081705
b602fd850ad6,-0.3542038654468642
d120ca3866f1,-0.18265415034731416
8d9e962eac14,2.588631840213654
28f8e4c327f2,-0.6209831675539075
07f3495733bc,-0.6321818268078359
c06a0b60775b,-0.6305051196825898
62d9c6444156,0.748604724191385
cf2deb16e854,-0.5575702014446677
eababc90f240,-0.36936395678644696
3f812a3be089,-0.5926879593935849
1e1ff8be8ef3,-0.22651183510510173
d966df8e4436,2.548151913321717
14ddfa880584,1.0607625417045667
0094878f244b,-0.5568380676296035
26d3472e4025,-0.6666548627437119
1a90acaac01d,-0.37642909441242145
742825bf6168,-0.6060552753515498
776d57348b5d,-0.43534238969084027
cba6160b31a9,-0.45815975600590464
7c8dd2cde359,0.9497967127165787
8829d86186ce,-0.6400319274101436
1b7abe5688cb,-0.8807359403633002
8e78abea6f62,-0.19424508276881297
8f4123460e4c,-0.8146492643983674
1c9949fdeaac,-0.5842312699647656
bd62a2b51c98,-0.18122443701766644
36f11b6e8491,-1.040481253229463
be8634b17895,0.49256061689248454
c11924f7a68f,-0.47969346432494836
4190440f7ab8,-0.6694078924744892
dd6d9c8acbd8,2.0932135477130713
7742907a141c,0.867541956804477
854ec91dbafb,1.3913524831317798
d1a164e533f3,-0.5981397688598303
1d32f856ae48,0.5914218924906834
1ef3a0f65a92,-0.9669080731525753
ce3af4f15c20,-0.5388668064631853
4c97ad9dd7f1,2.4160664422296003
d0cd6ff8f08c,-1.0681245618344384
753f9f7e1b61,0.04791335516700016
be41f957a8b0,0.7285924913725434
98fff33f5aea,0.3424013905354536
85394cd0cdb7,0.2302319768343169
ca6ddc3b205c,-0.0819643223118693
f50c7cf0a399,-1.1026240160076994
959996affcda,-0.9160215388337862
a12808ee7331,-0.7780417582863572
2e2f012dc6b9,1.3517534565802893
5d11767476eb,-0.990259911867203
c26de1188be3,-0.723577010567915
9909772244da,0.40281792037791875
332a897b6319,0.8091940473469222
5ffe7b920b4c,-0.15733281214183684
ba107f991d4b,2.0617319643746184
46302bf925ae,-0.8041286152580562
17a22d47a792,-0.5965491983641146
69a40a127d8c,0.340413456639521
0497ed8a4a46,1.2323895020411226
35e904c354cb,-1.4891867236860603
f2ab30e7daaf,1.4731327922056108
28c9b42b72ec,-0.33887708105933867
2be239a12237,-0.8415362030182589
43b75adf55d7,-0.3457028503480297
d43c3878a58b,-0.7242945994225414
887dc41c92f4,-3.2286099955508574e-05
1c56910029d4,0.8943503540180895
77a77d2f5c85,0.0533732288560972
3be677addbf4,-1.1205118906516844
7a136926a1bc,1.2068957571649488
4ae339dac078,0.0600718609072812
0648848c77a9,-1.0622080367214988
3bda7c41c66b,-0.5437094486618868
87e7cb708743,-0.28513138148706924
4bc6082f881e,-0.15114831173788856
877e69122ae5,0.8620273635317695
90732d0cb520,-0.6531688945404891
ef908189b3b1,0.08871570824563306
52613a61d516,0.4078680462805724
fc96b35d2bba,-0.027721396733840838
8fa2384f5098,2.5341198401450176
ecab75b93feb,-1.2297153492276
ccf171271b20,-0.3390653679709033
efeedbdf199c,0.962459257274132
07865067908b,-0.6438621655408475
ed3af377dbf4,-0.29571579970511375
0f1c93604c9c,-0.44807530873105617
dc7a46b07585,-0.6491695717188287
2febfbd58b07,-0.6242132290364438
c670b2fca1a2,-0.6367347517610172
68f39d497012,-0.3369624447583064
232ab3e0c17c,-0.5379730067936703
32990e36166b,2.58757489785831
42d643785b26,0.9617374908837454
0dcb354da0b6,0.763096154455999
595a72b60452,-1.0593779896189421
166c1b956131,1.058215672877108
1d9b94b45fbb,0.2863037510896988
4336183f6035,-0.10656403335893794
d9af59ac17b4,-1.3542577438879715
891a64bd0846,-1.4306747516028497
565d51dbe92b,1.0196979067522738
c2b8c65621f8,-1.2096515916534076
7f21dee6d4b6,0.7751753340945154
973a42d3bfdf,0.34186499506623325
2724c6576a74,0.9161722957862808
ab19d786d654,0.4610023026017069
27311838e3ba,-0.22362767982546766
59e4922cfda2,-1.0134704139218347
1e46f82662b4,-0.6023167764836097
b363ee960d02,-0.26537035136438725
b89cf8ef703e,-1.242106820517737
93cf8f4b3265,-0.7202764892051398
531c97698e9c,1.7529744791818824
e4a8de2fb745,1.214241385455412
7472e4a93022,-0.9470077795599053
d59dcdc7ef97,0.499405773760214
5d42f7cdd5ee,1.0865523698788668
6fc52f22a9ac,-0.5661790255108256
b1b5c29c0084,-0.30638840355056773
3ead5d3269ff,0.8296726330512978
b1ca8e9c6ac9,-0.5034753599155474
50b2e6ec84fb,0.9527211942332834
43038d106335,-0.4983032146774172
6ef947863ed8,-0.5221375909219529
41ecbb461249,-0.5582913857944222
f15344af42c8,-0.5964010674393531
427bf4a7668c,-0.5694008507891322
62c82f69e1b9,-0.3278455429624438
74b726b617e8,2.6660286142770806
c5d81278ebf6,1.206467151030766
cec62670933a,0.8792631380105218
32fee77c3ce6,1.0855118213269415
c4e6e36d8b83,0.12002410643497291
f914777a6d30,-0.9741631484531175
7c4294032624,-1.3566498894271841
70d4d71ace86,0.7556611704612386
03d78fff5f5c,-1.2937874913498992
3aa9a94170fe,-1.0800960723723467
8c6616795bf0,0.5844786662044532
3e0b9a41dc76,-0.6351209165217703
31f528534d69,0.7084114646554236
be62aa7a8c08,0.8331993319436829
0ef9d8cd3762,-0.35384524052982674
534f1790e821,-0.5839645474262465
f6ea6e3164f6,-0.13908782889550517
7eb1a430bcb7,-0.741013620991487
f85b4a703a6c,-0.9151222908139018
d0816c9db457,-0.29487611762746546
508d1ca3a176,-0.9282388213742074
bd6813b4f428,1.1405923519672778
93de3f3bf777,0.35700238649840443
db5b592450fd,-0.7213495398470687
52e587aab534,2.346703937096344
0a835798991c,0.7992998040856902
66c174974ae0,-0.3432388612843585
c974dedcd918,-0.4463044403551981
9d3f1f7ae2ac,-0.5075672630685957
26d449ca27d5,-0.3456159294524067
a3bc7194398f,-0.4591355952416867
37f2e8d7a2e2,-0.46964896292159225
23daa4a7b8c1,-0.8004133122770095
c038d3c30e27,-0.5065616784666422
aa1310525768,0.6322541528672746
40307beda69f,-0.3467296365002767
90b03c99dcef,2.7936617226148024
952e3a0da902,-0.4808745980201478
b1dbde3287fc,1.177316530295603
7840f38b6c87,-0.47901439875422297
7cffc32ba88e,-0.5528028318587087
93eb7465350c,-0.5742919425337843
bfccfc876116,-0.43437804379120376
f10122a978ba,2.5571866863825963
65ae813293a1,-0.4696508630551446
86ae8fc2ea35,-0.47723210826551893
6522b0bff7a3,-0.5502097843854932
e3a39a31b728,0.8470123500513572
dfff9aa1edc8,-0.5630609960653327
67f3f745e734,-0.587388588712423
0012e764a803,-0.42449469798454725
c50586eee268,-0.5064389059590338
a306a347ff27,-0.5671828517293919
7f43280b8db1,-0.32927218390698393
3facb2d3c085,2.5548113086676887
71fb4f80969e,-0.473218387369559
716d549d24ca,-0.4044874008388586
f3e5a4457d9e,0.6087462302814287
53127459541c,-0.5858588559643111
0a1b27256e30,-0.6161054492342407
c6b7843c7721,1.330889782750232
12170ee05cf6,0.06197546100434853
86f4ed75661d,1.3571809448332641
59e06f367da8,-0.8069148753737394
e26be02371c3,1.2325149700472076
77bbb2cba0bc,1.851167963919837
f7ce744dd03f,-0.07690493895431723
9d4495a54fe0,0.22431716955833178
0be1e52c4a08,-0.4421882629377121
f8be451c42d0,-0.7711422728368399
5184ea5812f2,-0.447861519150373
e451dfdfe307,-0.9904885034982249
0d11788bdfc8,-1.191656136611783
e0ad621d739a,-0.6975232110251162
88c7253910be,-0.20458213483576249
fefb76c1e519,1.3676468132986612
fc6176b58050,2.1477066662025375
dd25b5e854bf,-0.6972486878415269
deb654662a32,0.03683731078932336
231b55082128,0.22990344205956495
288bd5d57573,-0.6068546652460814
601086f309be,-0.9367837491950064
cf03f120f2e3,-1.025730243814375
616c22c87ab4,-0.5286345425351661
405dcb817bb1,0.9152630021429469
de3984e3a25a,-0.8204341108662698
5f59c0277305,-0.621935944031425
f0ca2da37d76,-0.5867546906302141
7336f37e0e41,2.4326343936198254
94082a9682d6,-0.5698681651904339
00a368781ce5,-0.6045411738350305
25264d73286f,0.59010343979571
112099ec6cc0,0.4123793483009818
7f23ec3b1843,-0.6433869428925907
26220f9dffe6,-0.6980585552697816
ba3dfdb0865c,-0.1264795531178599
1dc14371e429,1.2363419541170888
e7fd1355a9b4,0.5151753904089419
bfd20da479e8,-0.05092557436954291
61647853bade,-1.2564488417462565
6ac1085af443,-1.3224819325087582
e64571655f93,1.5706196277828206
7495b28a7a29,1.500492324457437
ed55cc392457,-1.0839001686816037
e9bb856fad12,-0.1419956848038312
bc1792249d96,0.9423589825999795
e981053bc544,-0.24374771233911144
6bf85f92e5fa,-0.642232761007597
c38f90a481e6,0.2130863502075219
caa34bf6658a,-0.6873848490080334
3f97c696bd2c,-0.569911397424754
8f33be200ff1,-0.47817043212923716
9ce258bbc404,-0.10642299488564841
cf8e79b8178f,-0.7660825921696572
e766aec21238,-0.7991953629804812
ee5c41a66810,-0.15079151596612517
56770a5e931a,-0.5278229321730975
f28cee0bfed2,1.0148648347157792
e64f03f60fbb,-0.23067044299373907
bd7dfcbf00f9,0.6791566217226401
f2dae7633b51,2.6224310632923538
c9e44149e1e2,-0.4870305501019
a45dc4477155,2.210595203824817
c6a5c90af19e,-0.9387003283890261
8ec5ecdfb596,0.41397026064979114
4853a41ac85c,1.3201839177126748
1c5e680ea7bf,0.4027014813904797
93d1d8683bbd,-0.5376608076392524
01b858a92e68,-0.9403847834785564
67826cc3d719,-0.18883311433317973
147372fed169,0.3911711730841877
3f7d7684bbdd,-1.0095854639225117
70f3b63ab1f7,-0.6364269887975245
5a8378276a04,-0.26850654200019236
266a74fb3715,-0.18204997582279198
d1832fa3fb4d,2.1852423756284804
2566f7959b74,-0.5400356586221623
5ceb5145f1ca,-0.6483422814353407
80fd92a16667,1.287373269039384
b518c36c9c1f,-1.1192971234298652
cde59648bbaf,-0.9488390103669433
1903272c3cce,0.255250173448454
8ebfeba5def6,0.7988178764889793
c879803ed652,0.04201264232311609
12222a0e70bf,-0.8616257452511178
7b64292254c4,-0.5016046735756119
7f4cbd81f79c,-0.4487843575377286
2c78f0ce026f,2.4674092596276793
08189faa2621,-0.5195340841082725
99ee865d4387,-0.46421780529470763
ed0d4d0c0e1a,-0.6213480955532306
2c8255cbc405,1.1367807143300392
c2a5b27905db,-0.714841255668778
73d08c81449f,-0.44305338964261975
28afca24e76c,-0.29064756498489475
23babaf85642,-0.6390259012716504
3c35918cfdd6,1.0388671536797753
7842a9069016,-0.5954366351703068
e9cb27e6ab3b,-0.6549189412931666
c66d31d2dbf1,-0.38299046068445425
0f9a2ed39f9d,-0.5748495322606555
0dec2aaa111e,-0.810185293655199
f1b424b23dde,-0.526588685114637
7f6c63876d76,-0.34343309086912044
cf06bff81fab,-0.6341985459651174
349e95bae20b,1.687396332178381
0404d87a0883,-0.1185301914596977
6e5c783c0d46,0.7633955452730702
c5a50d3f3084,2.190339499020903
7f4ab89e9438,-0.05078979766366059
94cdd70e2174,-0.6079696264407004
9aa5a77e101b,-0.068109024200848
f4606c08f189,-0.8918585216299034
e221d3a4f17b,-0.8378241812931221
21216a51d164,-0.08462571449963327
0c49fcd3a83a,0.03621832003076233
d37a0a2b88a4,-0.8083432079407018
cbfe512e1d30,-0.6356790666162344
40b9534ada7b,2.693949607197147
fcdc341e269f,0.6043899918749247
f3e5284f1065,0.6506412211819695
82d6b5dc0aa4,-0.5591563555688497
d262430c9728,-0.2812532838141607
7fbe56429592,-0.3582846165435539
9c35a82ee094,-0.5495262978008104
bbb307bd5da3,-0.550012580076174
494c06124a52,-0.43055268137963154
f4763fa41ac1,-0.6264336010137205
fe9883588d94,-0.6665422263300514
887a5425f4ce,2.5158207318402916
912776c009cd,-0.501827866060493
9b0b2de3cf66,0.6631142334085955
5b14c0555133,1.344654543338558
9c92fd8501c5,0.19473392426802963
261a58943106,-0.6169733586480451
86ea930d70e3,0.025454227500661907
76c876c7cb5d,-0.13203590064302587
83ab7a352293,3.0070234493710775
c84354007e3b,-0.18830779169119838
76543dec08d3,-0.31397055483403963
e7a532b9fbec,-0.9268907359440208
4c9fd9e34051,-0.30779775546340943
20ca1bf81f9d,0.07908909715978377
e170c57f8c09,-0.5929762153290933
90dfadbcb9b2,-0.22734838574672017
1b98d7a68cc7,0.05868776015728355
5d91d61e1bd2,0.8132137010514202
ff75a4290629,0.1462597642947421
bbdf5dda7275,-0.6309895281190603
a40795f5e3c8,-0.8561543584181409
71a3f77d905e,-0.6626041764649577
a791032f88c8,-0.9151222838297445
718b50035fef,-0.802777341450263
2c91a13bbb0b,2.297897295121795
57f5743f6388,0.16485209859705247
35964c873b27,-0.763330401258029
f3e9a0596aaf,1.1500674703179026
f06082f75297,1.3228961177502956
3d8cd0170f75,-0.9384311954192278
70caafbd67c2,-1.458749360031657
3754197efd59,0.9955056876662889
274779b8edac,0.21086944716976225
ccd4d1111a1a,-0.44947566226075686
b501cb24c95e,-1.0905844226799957
bbb21e80cfea,0.7711218918286268
9cb2f6d83862,1.5837462934309214
cedac1e6d695,-0.10505601827372199
9ddec4842e06,-0.3679276638330393
6c2660fd267a,-0.47391511534749664
dd6667b3fb51,-0.6730350940427096
2d04d7363160,-0.5603219333161689
2a781909926f,-0.39713792364895684
7f1d12856b65,-0.48716179691595385
2e01fdc70c6a,-0.4506187408908603
eb14d14ab984,-0.5884760814020297
ca3010d73409,2.5820167448659146
d03c6c0917b7,0.9831452469706196
a4502c4f4cb2,-0.26722251935373403
c437d61e1bee,-0.5055506448884445
4742560bf49b,-0.6085058737264907
3e64cf5dc78f,0.9728686163488136
d85ff05bd40d,-0.4858249756838384
d0d4cb84746b,-0.7228857035290923
2662c522cb44,-0.44639327646601923
9e465367ca2b,-0.7160605329533757
6af7f227e685,-0.7862150568641219
3a004665cbf7,0.5025922998529143
e6f2c60151d7,-0.4121476653078234
63878a2d994f,-0.5583119175950882
e6e32f78a247,2.381839535485349
52869b98c726,-0.7299823831621612
f62aa8a99a13,1.007559904212107
580f7e6d0f3a,0.9658297720111497
0348c38bc29e,-0.3636136469325218
544dbc3d3825,-0.3703255317629038
a577651057d8,-0.5180622013910459
60781549dfe7,-0.15721706428205667
9d11aaabfd7d,0.5243047682410674
16f0e5756297,-0.47288131561303964
c40545dec54a,-0.43516833282717604
de7ffc297748,0.5812307976484905
4ea58112a758,-0.6357731383410233
05b887c28b51,-0.536519681366447
5c371feafb2c,-0.5177252741658251
7005c412e591,2.901750620792481
cc23ee83b0d4,-0.7005739600401596
5b52c4315494,-1.0002767031693178
11a7ea7ce229,0.7235581720621118
3d206e46b7f8,0.9938163933884161
c245da16a451,1.8460986181237664
577cc55ffb3f,-0.22594093905543175
a6dd346da77f,0.3037200446985913
8c3343cc9548,-0.18039610311913382
b19a65b5fbad,0.06383953412305174
ea8a7a6a9204,-1.9616448032336722
83ccdd714cec,0.4315899206972704
2e39d26f456c,-0.2937901744754928
c533e7b173e9,-0.2350815750600158
2384c02d8bea,-0.4071008833654044
b603f2501ee6,-0.4023714070252336
70e6d4d19172,-0.5265693175851154
f3288c6f26e2,-0.6025202402620927
27c8bfb012bf,-0.6550267722866037
ab1c72575b2b,0.9203942307287086
d18a0c2e741f,2.6423502789590505
0ca00dfed245,-0.42842548616488574
a13243c9e39b,-0.4390691062757581
1ffe58951cca,-0.7469340373296616
350dde5d4306,0.8803543156670115
bc19c03fa591,3.112500641018703
d8aec9d9fcc5,-0.06414655765949015
56e2fdec49b4,-0.20070312772584534
439ab0862129,-0.46995328132487296
c35b2d7bcc87,0.09995101059531576
fb1d0cd28b09,-0.6058225633558341
9f72963e2791,-0.2570000205728929
122eb6f10263,-0.44673549397608253
89ec71853751,-0.2543583269264059
c9eca09ea83c,-0.13691340177730013
df092cbd95fd,-0.3464233500383851
cc15f2a4a9a4,-0.4303955282569094
ed58d52cfe5d,-0.30643093081960543
0349e465a03a,-0.5970710872623589
1ef7ffd50ea1,2.6298933912733773
ef94325b8d5a,-0.471146558228059
1ab7f8af8920,-0.5796014620647723
85fa1b8b41f7,-0.4939601196632727
d82a4da3f234,-0.49093148429238254
7f21c568f903,1.0528126458955813
a1bd93e4c90d,-0.5114302194506622
31a5bdc98965,-0.599048150581716
bae6da776cf8,-0.4434936043624518
34bd50b03682,0.8104075795563227
b5792e835fcb,-0.3248617434865799
ca52a66a8c74,-0.6568536382487683
8714ac815413,-0.22546161040827895
cc6e30ed3139,-0.6850468836511099
2b1fa7988166,-0.2975258514215838
33ee293b597a,-0.5980225176956735
6fccc4742b06,-0.6107612461306845
eda39df3b14d,0.8819348922350623
a9b2344da87f,-0.5209505040597964
0d2e7bfa6e88,-0.5848891926203514
7f9bf86aeb48,1.05434470005083
acecb005e28a,2.5680935954369346
6b526ed5d515,-0.7156011413422436
1974c23eb903,-0.7914142503959334
d65ac84d160c,-0.649520955182337
995deac75880,2.229407778751507
7a32665277d4,-0.888233286995341
01ef9614681f,-0.5866232577563844
5062752ebc4a,0.4965487354065166
ec0f9fda5c9a,-0.6796530340912419
6b5c59a1ea65,0.6887038516711712
e9c1cd4e057a,0.3811639253517804
493d0f1e62d7,-0.7083753215261677
e3da40759025,1.2235969561086735
a8dbc6f2f4ec,0.94681663957247
87811c2f1d3c,-0.2328757897869755
a1e7bd2a2d54,-0.6780173377381772
f739d698b615,-0.3819160790211674
f751799a4df2,-0.3898194078998316
8443497c4a94,0.6366784219471443
88eae417984f,2.7214967433016732
2d7f782e2b36,-0.5723775599645663
658905aa4cf5,-0.6811350258748374
4f5e198aa34d,-0.3967051354810089
8038e62b895c,-0.642401226610243
9a7fc464380e,-0.3297442424444804
bb82e38c7b65,0.8561116218840406
cae7c04d5753,-0.6476714354268903
7e5594dae563,-0.5334068709694281
32a1f706b607,1.0865096550377389
343dd7b24d8e,-0.09163601165152445
c47ed70a5407,-0.424570986947341
89e8eac54f00,-0.6674757904284294
754fbdb61616,-0.6766492512554999
cbe9c96733f3,-0.0393009761008506
bb3ac3637a5e,-0.5441093636870691
857558e6ee56,-0.8247994904698152
10cd8a9e89b5,2.5069989000150685
a123e9f28d5c,-1.2840651535245249
7060173fe201,1.0071243193171697
564cc8366226,1.7516297694129024
9af85dcd78d1,-0.4094173922279599
620696181876,-1.0503284867581948
942b25f601e3,-1.1083441994923657
7542a8634c32,-0.2912824880277105
38b19e5d2133,1.196448344210468
5b1ba47152d2,-0.8257823050995174
766ff6306516,0.3058174551846715
54793661f2b9,0.42868714148404496
dff79afa032e,0.2795129955210167
0088640766e4,0.4113880736603933
017d05650d71,-0.8381525584661885
8361d4f0d606,1.1024510436585961
c77f38f312c6,-0.808694515809486
5b01bdd9b684,-0.5521237324186246
a85a06889d56,0.7757371504707267
4473b6621ffd,-0.46794677029780496
c31f138d3e2e,-0.8124762559199132
005e75ca8f7a,-0.5625393527256356
81ff5ae8e6fa,0.19711483460886217
ed647d265df9,-0.783109314245377
fc75b0813331,2.3383513974844514
f3822e646543,0.9576240041549372
b3205254514a,-0.5070787849176682
463a1cadd9f9,2.654260001969885
c7f7ee441df6,-0.5493800947528261
8c066f0e3f69,-0.4060652519982431
87ec6ac04948,-0.562338382845937
ad1ac4b31dfa,0.8471348313014011
181a84947302,-0.6764968533389031
24ae508efe09,-0.4783664968968979
fa8797981b0c,-0.28913963692155853
064b5ae03338,-0.585118911821161
f75674fb8937,-0.4050344239330279
0f219f877683,0.7602253162827337
416cad10d2c9,-0.6303158718868402
3361194b8f6f,-0.39723074642581
fe4c751a8484,1.133068192061766
f0dfc89f07bc,-0.6564792598144893
ec0a73d67e63,-0.6006232824759391
55f3452cf949,-0.510353876928129
c1701098ba53,-0.5533514380488305
c132293a9bf8,2.5524529338454354
dd29429a1ddc,-0.5879043601345396
4d526551f0be,-0.5787971577697328
5088b05a59f0,0.06930955129437555
5c17a87ad1d7,0.35770339043371685
3508ba47ff45,-0.9875135264288293
b86fb73bad2b,2.864668223767661
28e62789278b,-0.7889450901535893
a034e1d02e22,-0.24900762517731173
01ec39b2740e,-0.3963077267384812
3a802ea0dcde,-0.5898287543645104
3cf56da49311,0.3089910202751627
c3395d95afa7,-0.5180181472423313
6ab2a3f3ccaa,-0.12936876578699652
3d309e3fc645,0.27925481539058117
03d987bdd7ed,-0.15162781397507194
95d0ef61474b,-0.5191369996805795
87fc6d7ec6e0,-0.5468652357063487
23eb58e83d70,-0.4348507574610469
58bbf1b08df0,-0.4620326395505973
0267df8d6aaa,0.7387456057241513
5aa9304dd01c,1.2773488139247506
72f516568c25,-0.42782580851520385
3620646e455c,-0.6160844670120346
cddff85c7c20,-0.5971049393326504
ca0d93d26c79,2.5426484113573653
fcf85e59d8ae,-0.4485598010621241
37bdedf4bfa1,-0.5062821826856818
68c26cafabb6,-1.0466036414766995
488c4794bcc0,-0.7567960819186056
5d4f630d4a74,1.4688155186214154
e901a11814ea,0.2289093386476322
3b9b3c8dd2c4,1.4276933575144528
84edf61e9708,-0.5818934468269213
39ddcc425fb7,-0.6753042523629764
2d37f7dd18f0,1.4694779709658934
b1d5110f0324,-0.5252763623191152
54b8a67db68d,-0.8594642053684295
63e1b59dd681,-0.7779297217464413
e5596762178c,0.6283715262697952
de4aff5424eb,-0.10558623516853313
d62ce3194892,2.3418054403156336
c000eda8e1b7,-0.4134068935174958
6a9dc7125193,-0.579380181294648
ddb9e45daae3,-0.9568872642545896
63341e4e853f,-1.1608842918171662
f997995a196d,0.6578351579863931
3e84c1751009,-0.5380067273554874
79689174874f,0.618284494142795
9ec3586d0d86,-0.9253625764740813
cb9d0de133a2,0.24257344863507413
4ba325e7a3e4,0.8190156288021058
06781ea4f63e,-0.542031378889798
eb35da7cd003,-1.0898513214546037
668802de88f7,1.6888750746905008
de5c5e642978,1.0468741271629478
91353faedac2,-0.06815109450460927
a5ffaf1afc36,-1.0942959311234213
79a0eb7c0d00,0.08517779060340863
8f098934ca3d,-0.9176127144333657
c24b4ad1e73e,1.1724019401058081
a34dc14dea69,-1.1049446682956892
63839c917181,-0.0786125070378186
68ae5e1339e3,0.9021706831766402
a64ee2a7ce83,0.4522781910732638
b7e24c8e4aba,0.5341202129479203
b9ad3e552811,-0.6102122796859087
793a516bc115,-0.012644255543865363
1aba567bb43f,-1.0321819406500434
63159b5e9b69,0.1251104839560222
bc25a2acd8c8,-0.8316833491111795
a1d84ed91486,-0.18322721230049016
fc38f3c016d8,-0.06697881817973426
ac1a0e73eebd,-0.3420294226171354
f78ae6d9cf68,-0.7594610589952917
a42301b58b95,2.7269094491064423
50c6eff1b155,-0.5475514103611842
c66f147c2c93,1.1029556183838791
bf7470958a4b,2.675723156282256
14c59f41ca39,-0.6405947316204681
ffb8ca93459c,-0.500373715935557
fb6cb5810380,-0.4591086994795803
1e79dab70a1e,-0.5118916547281395
bca7b3127fef,-0.4374784508780369
a2bee761ca10,-0.49106064918359715
578b32cb8f87,-0.3730473746989337
b58ff92cd4f3,0.6282357112852068
2bbb71deb7f5,-0.4458077990658448
9b2b062a826f,-0.6552174199993155
5a949f225efa,-0.5763416744867818
bbcb21d143f3,-0.5503266321393303
1d226c2d9ebe,-0.529140154889687
7a305c651339,1.4291876675385984
1b03d9f800ed,-0.55038107640324
69b4bef78d7b,-0.46726296161207836
b32d634b9ac5,-0.49427068089433246
71009ecba741,2.2710024508047324
06b9a977239e,-0.5551577222812766
0f415a948427,-0.41804994332181267
baf4dc04697d,1.0959581476845242
d7953df4e07f,-0.4785580276695531
3270f762fe38,-0.2840234857812598
245eaea02f57,-0.5102923121507448
d3a29b81c56d,-0.5689542606158559
ee5dbda4cbdf,1.0206954996493862
2380f43f1f10,-0.5396702076476754
5f43f128899d,-0.5783320013200505
47ebfe46beb1,-0.3347690460817645
383863c8ab41,2.596738863800014
721ce38ca525,-0.52472279004794
0916a83083f2,0.9019964893537222
0d794bb81e76,-0.7001087214882791
ba016a7c55b9,1.6057798540963661
52ac80c0322a,-0.36732367255523724
e64bc78b0458,-1.635247865947974
689187aaab3d,1.634839275195343
e689f612d4c4,-0.2254423594913713
915301bb7896,-1.218484744766876
3145ac58ee6e,-0.44017095625834723
6ec09e16c4de,0.3118516413290524
72e505c9ca8c,-0.15735980150118695
da15ecc187e5,-0.07232992851471387
6125e7fb76db,0.7583484086530777
f6af3343ac55,-0.1944598502381325
fc704832c649,0.6230455128054636
88c067b9303e,-0.03698422364736295
6af92cf5899e,-0.780791483523516
bf6814dc3a3e,-0.8396438458002335
ea0a8b98a7fc,0.508425422466529
00596c67a7bc,-0.7582066076581819
a6582a3a5525,-0.01282457043535642
33c8f60eba43,0.6338161248550228
7339d34efc16,-0.45766622920779954
aa193bf82092,-0.7891810369706744
ddf7d1f06e55,-0.6743874635680028
2228202c66de,2.5843984006841128
169d8c4d907a,-0.49246525477632297
ef056e0d565a,-0.6043117711386318
5a52c02725a6,-0.04463457177393304
5d7449ac8ea7,-0.36336847843123693
3e314d085e2f,-0.07344419809212226
8eff97a99a2b,-0.7191496934220056
cc78ba0fb244,-0.7023750790199865
d175a541ec7c,-0.16972557801023613
26b46a06e786,0.9460887524251741
47e954d8ae0c,-0.3513311052917478
65e81ad873de,-0.2725188230790391
899a4b2dd867,2.8472358006100884
b2e7d942220e,-0.6983101241163159
f7d78b6ae188,-0.6386974675874517
78217f9b4226,-0.265231064099881
8a2784eff73d,-0.3270405461310287
774aff6519b0,-0.043075967642909906
95812318dda0,-0.7231401452434528
9bde6b4746f1,-0.40989370949134285
af2824ca40ee,2.564614213092903
059b9348f145,-0.6619851128535647
f49b08efe75b,0.7732704274177963
b69737df7ac5,-0.6525832027460781
b6cc551889a6,1.0820726994013259
48334e29e04a,-0.5517607105370714
98100d83a3d8,1.018281393200976
c32c126db416,-0.6924342746507993
f82fe711abc0,-0.6463903396419629
c0dfb1e9de41,-0.4356626004695362
3039e806c290,-0.43008642396384267
9d9f8e441c9d,-0.4417989648351856
db1419b8e59b,-0.5154601534716562
b69861465258,-0.61211548659557
7a678994cbc1,-0.4230150536546469
6215ade97d16,1.4160460939960615
26545e9d846a,2.3143965206232333
cceb5c14e746,-0.4978284596888812
8f1d6d067e7b,0.78051581396709
b597e19a6054,-0.25779857800376893
f9d83016312d,2.8289277730612974
360c2c449fb7,-0.4815992555908387
c1ede18d7cdc,-0.5633445955857935
52267f8b1390,-0.5371712645706586
c6de46bb8a09,-0.44714055972864064
1b4a712fd9f1,-0.27943118203555767
e63af1ee5cbf,-0.5215779478034579
59deb86d6fd4,0.5683786941477355
c0ead9d9cbae,-0.5919304381685255
4c3b285460c8,0.06018501202860871
5d5f7a3bfd0e,0.8647973138275354
f6ff38c6342f,-0.32011760789866983
14a1841934a7,2.9054472573818297
f51d2fbdd5a3,-0.39102419401988814
c1b920984274,-0.21071706339173493
f90d499253ee,-0.542491151971691
2ae72e097e6f,-0.5077820798809795
c1c99ba9a5e2,-0.3177500020589895
f084db1924a5,-0.6441833405328631
23adad10b501,-0.45279345230768253
599b1056ac14,-0.44357069117547576
7e403e1fd9b1,-0.4554448395139639
9026b2c8adb0,-0.5930225297925169
0cc3e32a6d59,-0.43003987981474673
42bed8229d90,-0.5854474959184258
6535d7e5fed0,-0.49954922191983214
8a678389f311,-0.4677175869091465
cbdfc51a1da2,-0.5773447545447881
eb996ba6d4d5,2.5714924861955875
94426fdce89d,-0.4305325209177672
1e5595d3da45,-0.53903921648439
f98567d1a7d8,0.950928129600613
ad277b55a35a,1.055717430019377
ad701468af94,0.9010545010745508
db1b0d645a58,-0.5377407210703862
83ae3c3dbd58,2.525733800997188
86d83bbea4b5,-0.5878332472378535
4a634c3f3fed,-0.5471789193529577
913066531a5a,-0.4667644557007634
a220e1705e05,-0.4532075036074429
3b3382ee03a5,-0.5479532038879007
5448c8b2ddfa,-0.41390810653530086
377d13c0b566,-0.5263928022301095
44bd3d591625,1.1887174915952479
e554060fc906,-0.5345268340442718
1c12f95a3875,-0.8005165783831312
00bad2d329e2,-0.875987592115321
8f61308e96a1,0.0061116337692372
708d675fb1a1,-0.8284658816616688
8963f554f139,1.4841431956176985
6fc010305dab,0.569750132109743
c5cb3b7dd042,-0.7424601358632293
1e240b249017,2.240381427514575
5b71b66c4d97,-0.0877329817934673
01486f912e19,-0.434390110877362
ff6a316a0a24,-0.7308254837215733
6715bb2c5951,0.1999923754044989
5618c898f0be,0.8324804912773294
afbb92df40e6,1.913292825841903
b70c39d3b1a6,-1.1031527471178586
1789e0c907ce,0.27200864994904805
5d8aad4c70d4,-1.048806460124368
d4aa0887728f,1.2567762558818798
5e0a0cd24bff,-0.933799918104314
3c5347bf8242,0.153728035851785
16fb753167d8,-0.13948390238413552
8118031b638e,-1.0229497548187054
190627b9e66f,-0.6405122448466807
cad46318f77b,0.46041876859411757
a11bc09d8bd6,-0.4147953586442819
f1e7b49c770f,-0.6289633815316343
28ab5bb7b518,-0.378545724984667
4506381a61ef,-0.3220004482199893
3fbe0a84a8f9,-0.7417982336155997
210bb6ee9bb4,1.143334633914584
398aefd9c97a,-0.6831186222113019
5ae7e86dfb20,-0.6970391000827156
d97bc341c57f,-0.5700516294741629
abe895d1c2f3,0.780586415348764
33a859ef7335,-0.024468975269627304
9ad41178d36a,2.536860424770632
e009dd6f362f,-0.3580867210430624
e27ba6da05be,-0.6540748711205455
b2577eced9db,-0.4373911219300053
7fa7dd2a5797,2.622821312010211
24a33036615a,-0.4271488803516516
23856d00f2dc,0.9004975181920856
66273b13cf2c,-0.2450263340443502
275f2c8f977e,-0.6130752504931062
6e671572d223,-0.5775902849228662
6c078ac7e904,-0.4814825171808357
4fbf908e0add,-0.680828926556949
ace2d1454c8a,0.9513860774410764
3093c44d68c7,-0.38820561894243716
9111ade1d9c4,-0.35948680013459827
cdbfc5070409,-0.44301166777046036
1a434466b87b,-0.6251768919612496
099bafe283b8,-0.7178952477671642
8c46d97d9194,-0.411194854699525
b21f99511ba6,-0.7015711922690714
ac29e80d30f4,-0.6028603521466618
e28175fee96e,1.1308144065639087
9d451e085658,-0.24598408860602808
5c3b2479d9c9,2.569100669686504
e843a166598d,0.7954716380467823
5a5b4c0c7888,-0.17082227268835723
5d1309ca4e29,1.327064481947459
a973ba495627,-0.523570418066595
12250f071dba,-0.19278964305793544
2fff6ce962c0,-0.6177741446010733
0d6fb22db755,0.7278956858712294
3898a96e49db,-0.9880455277865943
ba41a5f489bb,-0.5697713657585223
da97e33e1ea3,0.07519896678877701
ede0fff5c121,-1.1933909293741163
e032ac4032a0,-0.14551926639060214
0aee6d0c0aba,2.2715244331163302
c54af3b42edf,-0.19303882310103285
38666be78cc0,0.18096564649616625
05a18c9a9107,1.2365897879479453
668c8f170806,-0.28848630375809736
c41265fb4499,1.6764347471209624
ef619b748254,-1.3796370826316364
f6b38a939474,0.33723276710138683
23f86d2bb255,-0.9513402459032787
08b9d196874b,0.746709425070226
3f895525cfe8,0.5427487657671608
49cb16872068,-1.6153399920786717
c18ed24b6376,-0.2928386920311308
fa4b63ee9e31,-0.17251747273183252
c8a4bd81cc54,0.0407708595144292
6c4860ffddf8,-0.7037674769309819
f39bb8ca7003,-0.01587650342165831
e220ea486224,-0.6190625856371972
f6e79f6b0a43,1.1285660799221893
a1862d0bc53b,0.1969599442893054
4807895f9eda,2.4468420361103282
e5885ea6497d,-0.03940453145973208
0b49339f07bd,-0.3687741681911477
78076e163248,-1.540242539016738
f0dbc355c471,-0.3534936424469651
fa397b781f01,-0.2771935593948742
988ddf00e226,-0.709369390739993
6f4643d52550,-0.35565476980732014
caac9672ae9e,0.29694731294246185
ef2f991ba050,-0.6377941563092652
fedeba199008,-0.8437151492623981
b5783f994e09,-0.5328067826265176
d1d0f8804b9e,-0.0506968583558558
fe7dcf9afa13,0.335551314117373
676e31b407b9,-0.2062091394857082
58fe4904b0db,0.04512359777029004
dcaae736a289,2.9358175811518077
78b2e6a587f5,-0.6378334300437022
bb9c92ec9530,1.060536788331186
d786cf00141f,0.7246707905482567
61fc2796f06e,-0.972595168573288
e2844a3356b6,-1.272875545317926
548883fda6e5,-1.5506736595179467
4d4b13b402b8,0.6202249763561768
21f202c157fc,-0.5394564721005455
d30175fd873a,0.25081488451222733
bf843e461b5f,0.7122226189542855
3f2cc0b24800,0.045801355244552186
516a8e1fc722,1.5591628616067235
8215436437b3,-0.3150318524477812
4e25a096caed,-0.5478506478893931
1e1494058960,2.5926347516337596
4b0dd170f431,-0.31674045173662946
75dee4d50d55,-0.3325123877435656
6ca46a60ee76,-0.7962013344435432
0ead9f6ac947,-0.6232005392643126
ab6f6ecb5fe4,-0.5526316402918167
5dd64ba12ef5,0.6594099930678096
c3e89b3eaaf3,-0.5464192121463783
fcb4762c46fb,-0.41100437947438
3608c67abb67,1.1895477007362314
448d2a407dac,-0.48290974185102287
ae4ac6a2fe2e,1.6669054569869408
306488381222,-0.37027850685890407
98d755cfb3cb,2.173231871182195
e1609416b1e9,-0.6065861171669981
c0bf05954c9c,0.8005488713788023
adc8cfdf8a17,-0.97623693291275
8785b254f742,-0.3626290104725115
08943081890e,-0.6372876212360192
2affd9409180,-0.14190834434184205
a1ecd036d570,-0.6117684296712526
523e26eac5bc,-0.4510814950366378
569aba665dd7,-0.6703690760826703
915d3e603eaa,-0.5644178210951185
e63f3820e4c1,-0.5114722288062074
91346762f80c,-0.4952745129947619
5d9c1243c48e,-0.21892874511714167
976d6d7183dc,-0.43417382164258245
5b1c8a956c09,-0.5116985510844843
8bcbbde2743c,-0.5123396430995322
4464c0a032b6,0.7227791109841332
a9158847ee46,-0.5930371409845168
a5840e2d1509,2.5672122936501083
b41d0131d3ac,1.2217201362727736
6043cdd0d7b0,-0.3717868166907175
f1cdd1543de2,2.3597694989191913
886ba2122b59,-0.5759277504060689
4b4c057325d7,-0.43277702421349357
022d75e1e57b,1.1782817998031925
a171ba242b2b,-0.5390692759520623
db3566064978,-0.5667501270106998
25b44b92cd9b,-0.5027524438919405
d4ba9b78d7a8,-0.5830302445043054
888ad724dea1,-0.5834717827820238
a5e9b06f23ea,-0.5986201975632689
fa7b43a77a53,1.2161343642921976
3944556028c6,-0.919582944496739
ce9762280a55,-0.26125404294611887
e5c6e548dcdf,0.5221607192060078
90c63cdd9596,-1.606841315061163
86381e270864,-0.44296149040146415
e18e1fbd04c9,0.2618700314551694
170eba4393da,0.14635485190768344
596e8e1a1b64,0.5820532371595308
a579f5ad2861,1.2341660921304831
40396ecdacf9,-1.0479809147365697
9746f4061733,-0.33713212760853584
f88ecdfc3d70,1.8691479033917153
35096ba851a0,-0.07940213150085434
e02cd6f79125,1.746233971320295
54ea553d899b,-0.8944607195605518
59af1e845035,-0.6538855348049211
d633e05c85a8,-0.08925843542294824
45665df58c7d,-0.6550835926252427
ba65cdc8ed29,1.5457336541768214
b51528b81044,-0.0031279355617502675
011b53e7cccf,1.1242444669131624
8cb5234dac95,-1.3736613698375324
b994732f07cc,-0.8082654522620412
3d528d770b48,0.1409330791655629
fb4a8b131c66,-0.4181183899638159
2034f24db086,-0.33981708216568374
f5556fa22f4e,2.7108630537755256
2f5a366ac500,-0.44812265362961795
ac8565c33eae,-0.559576616666427
fef1493c8d87,-0.6253573309887693
2ac6726caf42,0.7863550472619696
5fbf78a1bf47,-0.1109174221328725
442f585ccbed,0.8258968430774224
dafb8609e86a,-0.6602693180882628
050c8d02d0e8,-0.4806639750242415
9472586ed179,-0.6802721554552268
2369fd50831c,-0.3411531429068921
ff72dfb4b714,-0.5981097589554931
e59b2c8221a4,-0.5666960672007572
e0ae3e3d1c68,-0.34387034026749497
647fc0fe328b,-0.6707425290561564
ec0611f43f29,-0.5871039399239397
8a04478cfbe3,-0.4325591670867342
bb23e6859b94,-0.2811405274501097
4f6acd238977,-0.6433556185687503
ced3aa94dda4,1.104818640683517
5c5585980c9b,0.7501789740869318
ce3dbc496d99,2.6097334766458795
2c09cca743a3,0.20227506019173674
f8bdcf53e37f,0.3298145993716922
53e11a316bbd,-0.6326015869357839
3fc7a224c892,0.01488314675871237
b7bdecc3944b,-0.46208393516679486
5c40b9f4edda,-0.545165474871322
c747a2b16232,-0.5333035534484197
3a6171020605,-0.5714534812044446
f80e28608c59,-0.5082848049587825
2c486f066136,-0.11256306347980143
0591131b1ce0,-0.17886331761638613
48209bc9528d,2.9973464113595942
a7a72a96ad3b,1.4932201772519675
5accb9dea474,-0.6109425285737016
d51a698f5520,0.8595956051603174
995ebcd72a72,-1.1565382880759023
8f5d32473e8b,-1.4164698080361753
f71d15641fab,-1.1252985167106597
96849c2e787a,1.0161424825481193
6fd58dcf573c,-0.02873426683409533
f25dca1bae21,-0.8610845968961895
ebc187dfed1c,0.5686834437259229
d94e3c7e0949,0.8527621778355057
50b75b24221a,0.40866411860489094
954b69a73769,-0.47674322901597077
bc94d436ff51,-0.6267694572028322
1f8aad8b2d10,-0.46695294981313196
f1818c670ac5,-0.5355467746491397
181a2a5910c4,2.4509057153851947
49d9e8555a8e,-0.4080596832143246
0efa55334573,0.7184442547450679
9e3382ab3182,-0.419865478584518
f04acebf65b9,-0.3122287574303218
e7ebe1010e7d,-0.8375610938689835
815edc172943,-0.48727099040190447
0a20672dd438,1.401648444050865
644943b3299b,2.6212316550240846
b88840ee07d3,-0.602591527473117
6bfaba5f1514,-0.48577494315623937
ed38d1e36548,-0.4698670343807416
3ab800f9e24a,-0.4199115377594675
f85bab076537,-0.44853945319069516
2b94dfe3786b,-0.6384836737238279
e15310e5da0b,1.0856059898966683
f1e4fc1f05cf,-0.43149560136879406
8601583eb13b,-0.5499422673112145
2eeb3b40656f,-0.45801809230760454
1e4b363b68c1,0.7977864857509489
97e18eb071d5,0.2625169960049468
d942ce699df3,1.6857122909002835
033bbeff4ee1,-0.9887194759727171
b860fb294588,-0.5475330105498893
6853fb1459d9,-0.6489191208183239
0fab311cba24,1.5006827780651704
a939605ae0fc,-0.5457123536691699
65e8e511fc4f,1.4744366743843738
80a16a393b04,-0.7485388952626343
6c44b92e9cc7,-0.7117052645693301
c8c904698c8f,-0.0327278171545527
5ab6184f1644,-0.6994928013581566
fb9247283b59,-0.2517058489999904
6b180851aa07,-0.3022625702343325
fadee75028c3,-0.3550404018890436
403416ecfee2,-0.6733920413152659
e30602495406,-0.5414975570524331
2b8f04431a44,-0.18191568606541847
0b11a1c3cbae,-0.5371086764438463
38e96cff3e12,1.2510797302953998
a24e0562e834,2.7456137222801185
9a378d0f2473,-0.1978162515642982
8141c4f9a8e8,-0.4762435900894271
c47f5ac4feb0,-0.4797108289214632
3b431a013d77,-0.6111543303353082
5cc2556efbf9,-0.613061785126286
ddc0d890339b,-0.49187923677701606
6d0f0749c35d,-0.4940808206456091
3d2290802aa9,-0.5354026788416099
f93e17d60ef1,-0.16244023425200552
6a82c8de4ebe,0.8967047511447322
e0162c029b84,0.9597358159262048
86e53fbfd65a,-0.4905644948117054
087a98ca9a73,2.623488091887896
033be896e0a0,-0.47057707929535597
93a7673f85d0,-0.6107679988739371
f64c6e292e14,2.650533300828873
40c9da7370b5,-0.5024547119469012
85e7e9ec360f,-0.6043910688029343
f9e7b1ee4690,-0.49716836133303416
821a71f4b5e4,-0.6031234348125086
a8f803fd08b5,0.791938773187075
76258e3ed12d,-0.5760235194518893
e6005952d4b5,-0.5365923505577483
022848b98dba,-0.4458462574759313
4d2912ad00be,-0.4775876821286622
13c8ccfd747b,-0.20849966074723666
65a737f297cd,1.0092149732408981
7483b4268e73,0.4797243543536271
02036b216505,-0.8597169089222285
7d99af731ae2,0.9380766644969415
d2019062ef76,-1.0303878105225497
68a2996739c5,0.060175434752398074
26e53ae6c721,-0.18923207309465082
8bd3f4650638,0.9373987783642743
b5e7a396c5cb,0.38286516507025375
dfef2869dcd7,-2.002580062799367
0781811a3498,-0.6715587319757075
0e91396ac7c0,0.8918190424963629
ac7086fada82,1.0634161477806465
70c44523c8f3,-0.48952841124629165
71ddddd513ac,0.894121374780045
89742faabab0,-0.7482296849667937
c5295a691e4f,-0.6852100248752598
bc0cdc211409,-0.4425171297564537
5be45d1ab533,-0.5073260543868868
92ca7e386e6d,1.3766763678648768
35408aadeaf3,-0.514683262908489
3e6d11453710,-0.05702806115248717
d883c84c185b,-0.505246469560259
bd30fca6412f,-0.6767905316814838
fcfbec08c27f,2.3557618878894826
c8518f0ebf68,-0.4742310474524694
ccf5834f1d62,-0.597620221993679
d0f74d9b6473,-0.5874561288928905
b003d1b714ea,-0.4744947505974637
5dd75b081a1e,0.9543774725822044
a75e29529ba5,-0.6171957732628772
1e900dd04436,-0.43352503057295017
14b810f4b230,0.9160881974726471
329778bd8fde,2.6293045582936583
c4d66d4b2a85,-0.49896305156301635
0f8eccf494ca,-0.5231724693773592
42b7cb24434d,-0.29311175463580486
a7e7716b937b,-0.4219223883876765
0bfe5cf98ef1,2.5964139984133277
f1906ce78dc2,-0.36733485257936843
ac00306d008f,-0.7099146345621442
1892d27109ca,0.7682273979837589
83206d9c680f,-0.46987418402203596
ac99e90b9fd7,-0.8439135289925598
406fe5be82c6,1.103834148682356
bf59b1eaa0de,-0.4221839442704004
dccb2f26536d,-0.3678796287895916
2689cccf1a0c,-0.4027498513095303
959598c7ad55,-0.4627025321661353
68c3433f70f0,0.10300157430239285
bba65d108140,0.7211818706552706
22e3e69cf02e,-0.15301540974918046
8b18dabc487e,0.1795068907480972
0797f44bddf6,-0.7350854613167364
1dcaa2d0f99d,-0.1677630079422811
558a907ac40c,-0.5535649459007215
d261c4305f9a,-0.661416385515008
566e849f5bc9,-0.18609027900478123
c3dd38f8f2f9,-0.733423166294442
2303cbbd879f,-0.6555124695306337
5cf11d30f965,2.842180789548024
219260a38f28,-0.007597714479639556
9d2d813e067a,0.3385947375630682
559a8551a341,-0.45553291737253454
37846f2b3585,0.14549611711222804
0786da78fdaf,0.09474718631323183
e08831a73b19,2.3763089008701797
31adf803a9ba,0.6151627014706851
6494c3ecd5d1,-1.2054917404825907
af915deee486,-0.6595868145651809
68b9e8def8a7,0.22121157724476065
fa2ac5111428,0.0903547610258994
1f5e4a1373e0,-1.5536667947001073
a1e4723b1d3e,-0.07271870923144907
947c72ff7401,-0.53652606903305
d7a0ca56db5a,2.781850810504422
b69411b08744,-0.3835699710991245
8e5a6a971428,-0.799195957775467
878fdfbe275e,-0.20188371190521162
4c7436688f83,1.1240213978700866
936cbe5c15be,-0.3745042930843066
3e6968d7d984,-0.28137967465175956
5994d43c7dae,-0.49969142774000896
39585a6aef57,-0.14935664983131455
b268ddfcae38,-0.6070457440228162
5a624d257f78,-0.5557366471835405
3228145c177d,-0.44159917865806
367cc01babb3,0.886007203921227
6b4f08c4b2da,-0.5329962474408612
95c5c0731d78,-0.5304956375131982
eea08fede46c,-0.5213661195072045
83bbf5f68089,-0.5137502284016
945f5cfa22b4,-0.4992797782640897
65d3bc9b5e1e,2.5324219977899394
5a4eb594ceca,-0.6197590225758371
bedb1e2d0753,-0.38845920556954805
46a6f182bdd8,1.1850128634027728
909be670ef30,-0.48078592443435464
8aadcc421522,1.1462306575444425
6cbffe97ce83,-0.5771620261787691
c12972e1c64c,2.602160414366275
07b6d43fdb90,-0.5161169741867696
bb5a93919992,-0.5108744244099324
413e0693244f,-0.5734845287309035
76c97301654b,0.7366076626532654
bc08517d2714,-0.5345374130482436
c14aa86e1021,-0.413985888326766
376ec490db9c,-0.21796016689841982
70be88b272d0,-0.6600913883498246
fcd7e07e1556,-0.3932893314746534
16e88664151a,-0.5019713102942733
c15b89690822,-0.3903019427257768
6f58ecace1e6,-0.5143386299089632
fe9bf2df6f88,-0.5815158152170532
b78f441ae391,-0.6343353260835757
b0a9f436515e,-0.6377488038479195
3d6bcc0fb571,-0.365742208205169
2bf87cd09471,2.5949466654640267
8cd10dda7e61,0.9755900296016533
5418b37d7b4f,0.9677214080327203
9655c6c27ac5,-0.5190147353410165
3de2befc3085,-0.4871826979888841
23fb58fd385b,-0.47891591295569824
5894b7721405,-0.6462151437680107
9e15bfb9d49e,-0.3050079293686402
816b11a518e1,-0.610439449474143
06080023eab3,1.059904837697482
88a85dafd874,-0.47825080220716554
ecf4a5b544b8,-0.7127042317824352
f7c7882aa3c8,1.3868450652737325
431874e2ce6d,-0.6665787166885176
c4292c05de7b,2.29890388946281
ff1ab97dd28a,-0.36035890820052985
9b94a07089a3,-0.5425216117451417
8f579ff04893,-0.476612089984876
6fb0c6fa2453,-0.5803910117216414
9ecfb9957673,-0.5350334769488319
f2d8af6ec040,-0.3758468467351351
d54b7c7f43ec,1.0665005713248
3048d7c43937,-0.5565146794513365
4aca99b2e3a5,2.494181980873539
e6173ad28b50,-0.8038264866468716
a780648a1a59,-0.45097141631684873
80c81722f12d,-0.2849660354855812
44d4d801b866,1.0460011028379248
bd97dfe51f03,-0.5167339038465818
4af6a7b66dfc,-0.4266727592603721
544d371992b0,-0.7795643817039022
c981f860d34c,1.4145175959076761
a0f619b31d52,-0.5699510467343587
bbfb69f3489a,-0.264092982531048
98b727debf26,-0.7363083708677414
9a44af49b019,1.147750832924554
f87846ea7be1,2.212607070621433
809857b96620,-0.6799706942716024
3239e3cf188f,-0.4179746589786182
ef6c83c27e22,-0.38360670125943847
8ba072393a25,-0.07285790367274095
977c05a36f39,0.8280412810921373
02e3b3d3aabd,-0.14286762507667455
b1181c810bec,-0.4558896500522367
c7bbe337ad9a,-0.43253903361149715
a105a9269d13,0.8596398939445814
d23a7b1e9bd0,2.6469240615204725
50d7be98b689,-0.6292871926209195
2550eb50eeb2,-0.6342815883186536
9420a6a37d47,-0.6199326252875972
13808443047c,-0.538821367933487
00b6b8ac90b4,-0.808128249983385
ccff42b34a42,-0.49107449444536283
09c001d8b51e,-0.1491904600664168
624a98820853,-0.4108698883281039
f7c5fa9ed6b3,-0.49142744000682814
4f05e2290767,1.1254100635626727
3f543b316587,-0.3885234406704984
cee220fded97,-0.30507055942971384
490fc64dca32,2.8264692778719187
0841ac673bf5,-0.48501001848978736
b61f739d34ac,-0.5495089862018374
de06494b3de8,-0.19013591470712232
13fde859f735,-0.49106813908892055
044cb22435cb,-0.34638755312855507
dfa40f6822d0,-0.6263679535245754
815022c6ab39,-0.25413610205643145
fd5a67a1646f,-0.26079317443177336
eca2c1cf23d5,-0.6923240325289493
fccb9ad54b19,1.0605706330523006
b6f95fe58010,-0.6080576704792768
735a785120c1,1.0696394580743556
8caa968708e0,-0.4388935416269111
63c64b3cb2a9,-0.7290440964319457
4e4e7b7bcac6,-0.6397743110210394
90879787aa73,2.4655683441028016
7bf69ec24ddd,-0.46408485826340856
9c7751c87e9c,-0.5649412615773276
371a19bb1424,2.5754514900861616
10efec0c19c3,-0.5530073529025481
504338cf4375,-0.47308970443342857
749f8c3fc9be,-0.5643519170901095
64542ed7e72b,-0.3454962160977538
f8b472fffb05,-0.6038315947508734
598cf72625f7,0.9949392150378413
1622555a3892,-0.5771970145836424
588aca96e2a2,-0.4200466767425093
659de71efdb5,0.9956558913175986
3320943800d8,-0.45074109775432425
903f1b6c085a,-0.4493968503507938
746a303413cd,-0.4411461125302383
34f1c6ef7d48,-0.5781432945230145
c74644a35c6d,-0.4240743557151572
f68797c8d198,-0.661579898906812
81f077fd9f61,-0.34289544923622967
41e59ff3621c,0.49663932579182196
0e7a835b10c3,2.605568154494117
4830d42f3f60,-0.4088152247483133
c852ef0702ae,-0.6225487295454033
2044fac34b17,1.2771335330243472
2e8f369d595d,-0.2140847725017761
58c9da7b84af,-0.5627844061266934
d42092e82ec0,-0.6266299334475705
38f37f2433a0,-0.16565528833809018
d0455ba63e84,-0.6955106863808201
a5bc24f9638b,0.890057247141032
ad0597550a5e,1.0636138610805606
aef5d2a9ae19,-0.6199559071161427
86abb4dd0200,-0.2979260764978402
712b25a2ece9,-0.5710340465843269
f40bb4128a8e,-0.738730399309469
b0570a23080b,2.5386404080811364
04d96184dc7f,0.1005576402031606
7f695f8376b1,2.4795280808093394
9f33cd454ebf,-0.5277234876217658
c6f88fbfd010,-0.8507834598753122
d304f56dd222,-1.137579372321513
2c4d25f9651c,0.6222693567895295
0d23088bc468,-0.6253229087085841
fe4e14c4c89f,-0.7810605493352645
a9a661d7592e,0.18109314909523805
399c0327e919,0.7263387548818854
f85cf534ba7b,0.4119493899886989
56edb996267e,-0.5992665939054127
d36cca4fa829,0.4597658110897204
f4476ab90f1b,-1.4172194284073774
5145b317d097,0.8313331840480331
c25ba33f2621,0.9047130796274666
e634755d5dd8,-1.1631893358970455
a7d9a196fc14,-1.017945222895874
1fdcf982304d,0.43085230009291053
02df3f4ccc1e,-0.07702299534858095
385a5e717149,-0.5906199642190968
0d73f922d44e,1.5974579732286838
3d83d0a20611,0.8224572815843821
b6e7e37a8a8f,-0.7805826829032223
d83340f9bd68,-0.2395004581848182
95d444b91257,-0.19789099072547167
67b1101f5b2f,-0.11169519624154473
8d56860c4d54,0.9726308713022047
90add2dbbda4,-0.41394995534633944
62f01364f9dd,-0.537070694238895
fa3de1b54b52,-0.4715532045013217
888011f0a997,-0.567967186631308
45a0f8467318,-0.2693491161760528
e00b90877511,-0.6179295868221849
7433274211de,2.8757345848031592
ae63c3639713,-0.4214590672374276
8963e531e667,-0.4484978452004651
a9f4a59a6fb0,-0.3986561731348728
40dbf0e60ccc,-0.4919947935629408
d0d6bb20ac37,-0.5188051838138188
cb16d08d20f0,-0.527662491803946
5349463a1ee0,0.942048435092322
56b31d814030,1.074779516261195
80669e57dd1e,-0.6133749606585485
0298721b22d9,2.56425659275971
0425ffcc8790,-0.4460836637034331
32383b398cb0,-0.5383758436390758
ee1af65c765f,-0.5976335885961266
42653d3e16fd,-0.22915281678617988
3260a8e73314,-0.2433611509621762
752c5072bf4d,-0.1737441063822765
ad0485d20ea2,3.1328781345328514
a2bdc84fdfa3,-0.28962977254937067
a269ff04b518,-0.20531156382565477
337ebd1d1411,-0.5330169221145881
de7946dd6a8a,-0.0546157179648841
a1d4abe4f822,-0.17648648089202995
108f60c035fa,-0.22918452710643447
8985eda69c99,-0.3815549665843595
0f2584f84fd2,-0.6168201093648977
b40c3ddae3a7,-0.47783500321924977
5b440c31b5d3,-0.6701570975729664
65a32f6adf0d,0.9402228292174142
d25574019d69,-0.5432020099632487
a79d60f56f5e,0.5964963378306452
d542677be252,-0.4867641334452467
2692e43f117e,-0.5355895102532044
ec8f68bfc74f,-0.3454587437385154
fdbc828e187b,-0.3277072633986872
307243d4d17c,-0.3922115204465128
b21183a57048,-0.5161865385865415
e9f737ad399c,2.758392653576113
0f9722a1f3ee,-0.5397063734051275
395c781217b2,-0.5672647906563685
6ae061bb8423,-0.6271346133967876
bf4aec878a8c,-0.3368581425795972
73956f4e31b0,-0.48834103198423606
6ccaab34ab38,0.9029546426230998
160843c7e910,0.9378300976395769
29b043054596,-0.46497375502570626
bf7bff022451,-0.635622753825265
2a9780b2bc45,-0.2102603700860149
a8246d3a3595,-0.6005526904000054
3d61e224e569,2.6299297810964317
b721d6ef0e7e,2.879487663530989
c80889fee8e4,-0.5758420930903625
f060c1b80cb6,0.12483799460245215
a5b2a03c6410,-0.4524439709933752
2dec665e8c9f,-0.6025763370707647
bdb5749836e7,-0.47149954615976714
1a085b1a9627,-0.37680157294499417
9b9273013b48,0.876594913360774
c6b1a1ec5b43,-0.20647718999133108
8e00b44cd64b,-0.10282088346516431
8549c54b831f,-0.5493153201363609
2fa1468aca74,-0.5431436576420946
d3f99eb8cd7c,-0.6388826265292453
2c18c084a366,-0.42385753031059903
02bd04a235e6,-0.20865576954820392
b573f3b23b05,0.04921806803016882
c6f4b78b2c1e,-0.8851015965263755
114e3b365735,-0.013430162859385246
0a63c56c28b5,-0.15497616461816743
156e1d96af2d,-0.2792791023354374
ba2cdf93348a,-0.995966153530363
e8cc7041f963,2.79029955475788
d40b5ed65d67,-0.05928060058503609
8aec27171ecf,0.819912084054764
941ae9b52944,-0.39151771226342263
d24da46b90cc,-0.6739844809380284
309afacf6182,-0.6532186888713107
c5a8fd6b8022,2.343806128199613
aa15f8b919c8,1.1936191667257101
909a13da6187,-0.7397876137369688
27a7ef1073f5,1.1308623803316673
7ef8946be84f,-0.542873163330475
7aa97815a1d8,-0.6508502891636111
a53b1a50f3fd,-0.19994837607407087
0af9a4d71b4d,-0.6258437003563815
5a7b7ccdb734,-0.1902636505227216
467f0125f162,0.9025211634218441
25ab4e46bb2f,-0.7661914947402155
b93f29d456ef,1.2704528926844942
de7cdcdb2c98,-0.6192166978956619
43a70d64deac,2.383916470629954
f236a5b5652a,-0.2559585255539897
cff58d8538b5,-0.6163609096309037
9368f26819e4,-0.4964650802867245
d2ac331494e2,0.10042847487295678
d906e1ff3ab4,-0.6457211324746257
2487819def65,-0.6133248849225184
591979ade64f,-0.6440802761046092
32a7d258dc4c,-0.6596259493558899
532a10a2c711,-0.5963526639329
b70508443878,2.588528680069823
0ef626047ef9,-0.493528676499612
82cf66accfac,1.057579539653743
4e25c596a1aa,-0.40965383363370467
272e2cf9cff6,-0.5642867782578673
8b079ca4c47d,-0.4120043051644497
07bfd103435b,-0.5427276505763268
adf55445cc28,-0.612234336528969
f86eab6679af,-0.22694858212177602
f01b45d5a63a,0.8712545563479293
ef1a27dafab3,2.806478464074873
a10e245ab587,-0.23129562082469843
599320df9e3f,-0.37913716383122054
77c438c54052,-0.15282977213274015
2ef853205500,-0.8331404530850957
fcd56454533d,-0.5592205260258867
8b0301782973,-0.02746705446992525
1d0098870ec4,1.0350723767167134
e13b7c2ed9ff,-0.6218653990402675
c884f13bd4ef,-0.2596006572835587
8f71a8c4b32d,-0.5475107345607324
fcaac9a1ca4e,-0.22948345953746116
7d9abb430359,0.9037434799647583
ca0da9a9fbb1,1.255469050431773
59ac74336dab,1.6862263098634123
22970a774008,-0.023812511961450802
fcafe720d09f,-1.1460575021983423
17f5af32aabc,-1.5148388798968886
5b019935e207,-1.262022612830948
86a38f614279,-0.23673150515812807
da1a54b52685,0.07150706060019482
e5aa2a044e23,0.3090901083863331
7064c89a8082,0.22005337970078315
0489ad9cf1d2,-0.26262637690149604
63f5f06295f8,0.02183450720845677
eb902f905171,-0.23277927718970637
dce4e3b77d5f,0.13529574758069013
267bcf9ed6ae,-0.25819031508969237
5dc7bc312410,-0.3529880069145946
c9b0c1441581,-0.8494809022115548
f5ff0e1f2e02,-0.07056717745440443
bc8be77568c2,0.0019705373562459976
59861b713b0b,-0.16032106099676788
384abf0d438a,-0.6814517383794194
4b27ad595a3e,-0.5814190510059617
a88886b11906,3.028096737096708
87242d793008,-0.5639662392744517
d6d5ea60c133,1.3289051448850024
f1d95f77794f,-0.7867128141392666
f65da1a35a1d,-0.6591442227447654
a182e3f8cede,-0.6335001416776935
967c1ca69258,0.38248476388860086
8cb7577e5b77,2.203762973303182
bd723827c038,-0.6307043118878837
74f0f2780fde,-0.15010566235585435
6599b216009f,-0.7333965472365167
16e38b025392,-0.7204726109418221
74961ea1df35,0.9628496681814687
9f994b509403,-0.14902315301937594
4693c5fb2283,-0.41298642750722664
55863b29ea68,-0.5836428456669269
e5ab8966dbe3,-0.17380887309906956
705bdf6d2f57,-0.1836084821961782
f69171819a51,-0.3422075763505496
53a840b0f5cb,-0.5983300160989853
a41e5293bf1a,-0.23543244714551836
91acdec16fb5,2.9162706447923035
713fee2fb04a,-0.7736990871612531
32dfea8cfede,-0.27931631525732115
6a841a08fa3c,0.8157845787101015
1e334960d396,-0.47498471690960653
8f6a35814b64,-0.5089426804064482
7dbedad4cc22,2.748521537576698
69a7bdd5e378,-0.4097122826912072
108663e7a6c7,-0.5381343370865156
b0b7c45c0a84,1.0533186361763023
1f8263fdb32c,-0.49563623148806135
128fcb974ebd,0.474553957754351
61bf7bcb45c7,-0.4597446192399491
cd135fa4fe04,-0.26808890786844314
42417cbf1796,-0.49853653943642295
5fb0dbe53f97,-0.6226138163806978
8b69f641a574,-0.28115762930085725
a26fd0c5f36a,-0.6892368963844936
97df37d79d55,-0.22713774659876507
9d9d3b8923bc,-0.5893677809066721
f52be86f1aa9,-0.6006704158855976
d2638c97647f,0.9502131304682441
7b1a3b7bc769,2.674018983284372
4e83bbe23b8a,-0.5384768723365352
8e76fbaab020,-0.4313744196046455
bb8801c32f00,-0.47139244791173746
2f81a5b2ecef,-0.5711797895122466
35a623a609a5,0.7757618846889336
e6a03ee42d7f,-0.5068187677753851
ba4aa7a39762,-0.6042529729616849
65c51d945fe6,0.2729180888324614
15413142da96,0.5610237187538321
b5e3dd6cd588,2.467362769847025
c29a66ddfda1,-0.2926042536058409
122d05c04b4d,-0.07588762673585867
e42dc1240277,0.734945489590363
f4c4fa484b9a,-0.999990269559291
9f535f1fe69b,-0.7969984071312383
fde33231d729,-1.0521503084870034
0683afa7cd0d,0.29245253923262043
f7393c813796,0.07172703358306241
58fdcb6b7457,-0.2943721217551679
853f7f52c559,-0.6990838980305197
8c6823cd4382,0.24970745247252396
cdd4959b5fc6,-0.3417722151027329
a74b017333f7,0.9883552179940871
e813c5882f25,-0.5944333074862518
d71d019d3f41,-0.637944102388654
2f652557564d,-0.11351703017671583
e5cf647701fc,-0.8772283990200263
f1b4d7552dd0,-0.48462260594060264
6a6c5165ba81,2.7331839758509973
65d6b93b7edd,-0.6632843138341838
c7d108cb3808,-0.6018227432013273
b0874a53c8d0,-0.4570772105304582
3795a1b67df5,-0.524132367995311
56f646810550,-0.5459256600084569
12e3621d87ec,2.412609538212903
d8b1ad967dec,1.3837349775061998
1621671297d3,-0.443707230527484
0f546f86e6c3,-0.4388906185884893
ddf58febbd03,0.8588942763027769
ea915429391a,-0.3488135737877818
40d032ced5f4,-0.631585073548387
a3d084dbe738,-0.023707025928415452
df2792cdce9e,-0.4925052982107116
025634cfc800,-0.7834810986050381
6a84f5500406,-0.3878171878394538
fd4658de6166,-0.39723683559133754
565689fdf4b9,0.0665915043534798
1f9b6c946bcc,-0.05621615405343048
a01f4196b370,-0.5567076169748528
af453dd8f194,-0.7668415728276046
19dbb202d132,0.2870341300407548
d4fd8c7eb9fd,2.9669683718744495
1cf994846f64,0.14391878376215975
09608442c0e1,-0.4837627888612257
5dd350986d67,-0.38326345711124776
7e99d1005c46,-0.5339656392273197
f94a34408e51,0.7090806409791343
2b56c04aede9,1.0397954242788796
aa2f75b017f6,-0.38011087429341883
8079474ed659,-0.4671842262240351
dbe546ee20e5,2.677082328965449
9eaa0b259e94,-0.5212043340987614
32b704180fcd,-0.4183967603403434
7b3a4276f0c6,-0.6057908721218894
8e0f4538b556,-0.6322794419452216
6eee827342b7,-0.6178631709803734
6ae066f7aa91,-0.8725244713913476
9ba4ba80a6b3,0.6056406305847031
0abf9a94d490,-0.6655001381940372
ddd3dbda28fd,-0.9825991224011047
18b109a21a14,-0.9103176643971833
cbd724dede0c,1.9271672264489603
a40635a2625a,-0.828424711397171
6d610d3ce1da,-0.14479646616561354
7c69fe7aa49f,1.1739886478872323
533f946707ce,1.1716872152830053
8caad840bceb,0.14354202472293
743d589603f2,-0.4314483607232418
57ab42f7d705,-0.6268970933981065
fda99669662d,-0.4611702152572208
9b98e7dbbca4,0.9211513883403945
edece3a8b43a,-0.5400440546442766
0eb99f80d346,-0.45195476634924825
e30ec580b89a,-0.40493949243063976
64ff485360e6,-0.5196865013545
49237c6dfdad,0.9359539317800707
5f6e67237da9,-0.4899104623364142
18928a12e719,-0.5730672827036349
f728d4e07231,2.642012909076817
a323dd80c9c9,0.0029304096701016913
12c815bb4ee5,-0.03259791939380296
aaf3601cf8b7,-0.2294661275488143
50fadeb5c2d7,-0.5557060815108189
7a21706475fc,-0.5632205501842161
32d45abe7caa,0.06496836298443043
17f74b6fdb83,-0.3655772909388119
387aa9e1b7ce,-0.3682358725800152
b7006a9c60b4,-0.44108438306593545
79615e88c249,-0.41143498769677583
b2c9f26aaaf5,-0.203687813098526
831f98aa2d76,3.1031122533631845
5e11dc5d7080,-0.5801797289677109
e49fadd38d08,-0.6041543264566582
e1766cec7527,-0.5878682867201495
bc4e7563f016,2.3990390696579826
d508225397e1,-0.48925905213998977
9ae996db1cf9,-0.5825900385124728
23c7ed020d5a,1.1487452164056167
b2153b2ceec7,-0.4193180245921564
25c219c7f08b,-0.43414901268721207
3794410cebec,-0.5284935554726072
372c1fe216ac,-0.4960594969111354
391b659f10c0,1.1742872363964927
890d7b45cdcb,0.11655196024621867
ded8e371b2c0,-0.9364579360056053
bccfdebb83e7,-1.1737710302147546
4581e2dff6d4,-0.9502179415557886
438f312ace06,0.021945929472500365
e6f7d21504f7,-0.011302878701640446
cdbfbdb26f1a,0.37076437960618336
9d36e75f6fa7,1.6109045991297022
6ad8b155949d,1.9935111450037255
3f9daa17c6b5,0.18773322103279047
949c4464d05e,-0.9608762059848978
e9f549bd3436,-0.2687852420284338
602f3eee5201,-0.30151236609098175
387556cf924b,-0.26852249942315637
d4b65303d19c,-0.5650284701624931
eabf9d55f600,-0.32181756259696703
dad08cf5a871,-0.2021128614814574
bd2649b18459,-0.5085044138505448
b59f4d252e24,-0.5389940003714551
ccefa29cd3ab,-0.22654943636559013
2b8f297cde4d,1.082345736636321
50c25e0d2250,-0.32116713656185203
cdb367bae9fd,-0.6627544101322825
99c6661c3ce8,2.8346174204004595
4a982b695cd9,0.09497468982927129
9be50014636a,-0.8803778583368522
305180732c61,-0.8120019714350571
2c66d7447e81,-0.8583591186463774
135f8f0ef9b6,-0.06432591790211842
fc6638699119,-0.8408196400141915
68f8818ad818,1.1325763153728643
ebc4d788fae7,-0.4872936832892705
6bfbf6f20dfb,1.3209735940769738
d7f098f69453,2.056905392157723
ba011106e7df,0.1041721845312725
10134baaa63a,-0.7664239863442381
e2bf18d24582,0.9403025023907952
86647f424075,-1.134487170099045
da20e4a9b65f,2.23009192349269
8463350d4c10,-0.12331841521256556
d549e17e4b3d,-0.6833380898104116
1f3c1a38d782,-0.48947133860606074
d6f174bf1ba1,1.37809887901295
154b338fbab7,-0.07556235506861345
5e83c88021c0,-0.5950396761613368
e4d3d5e4263c,-0.6200617879754277
784807c6dabe,-0.23593201784074858
7a26d4b24184,-0.5912824541222264
026f44170970,-0.4107909981921006
aa16164dda9b,-0.5224504762535277
12bb845a2674,0.03914401014421963
7e7817649fd3,-0.6202010568138646
ceae33fd318d,-0.7125394973513205
a46932082dec,0.9854282172804896
7323b920db42,-0.6012663316268501
edbe075ac3d6,-0.6793338274156716
82a9cb05c64b,-0.3919890769798008
c85833eefbfc,-0.5428302020061446
94f583f07bc1,0.8823483906950991
f65d591beee8,2.5744808485194723
b4a47a3aa7b0,1.5683053166812795
cb7eaf5ffdf1,-0.13295351779424125
aebc6c5bd106,1.487624604011363
5fd724132ec7,-0.022956011552707822
9e0ae570957f,-0.3608361772569076
cdcec9559627,-0.3626456260856303
643357e637d6,-0.9203346517739577
c322058cf376,-1.408727869046365
597f416285fa,0.5905155996586375
4394cdd42850,0.4922543137617545
0dff397fc45e,0.5488893677240311
fe68d6b1b7b1,-1.479135348327256
c0110be3a741,-0.26727224168149105
ab395e8a9675,-0.4535547146188219
e596b7c4245c,-0.24196443779998983
776dbb354374,-0.5029828292167737
7d432ada94de,2.8670482893185656
9c4e7607778e,-0.4695383764169897
a5e54c78ced3,-0.5064642149220845
0c9302a7b128,1.0141118001253169
cc2a1e63b38d,-0.46588282126958946
6c3566ec353a,-0.10361086372842762
5f70500fad0e,-0.24430083402830272
b34ad5976a4f,-0.6255887557614117
bce289ad90c2,-0.3708828327920357
c769ef071976,-0.7151251441935085
2f0f64bc4a44,2.2785610943469026
14bc744e2f66,-0.6530888934504882
13be11da8f10,1.2891597838412652
7166c8829179,-0.6322719817528624
041e95189fc0,0.9250176282629948
c59a38d7562a,-0.6515147603020719
42f7077a8680,-0.7086769117765179
53f162ba717e,-0.5653265258065595
a73134aa830e,-0.6202006613632336
184bd1d39489,0.424349204986115
9118733a9b5d,1.1110531393705843
924de44016a5,-0.5972447834911516
63b897cea0aa,-0.2197118638894393
804d17509dbd,-0.7545405478671865
a6d95cb9c111,-0.5136322701195463
09f38ff77320,0.35661448360684067
69e9eb0a6cc3,0.5148148527957466
0fba44042ccb,-0.8991813362738371
89410a0b6eb6,1.497911206370269
0b7f8feb3a81,-0.9881445407272341
facea2f8e6c5,-1.0572955545582996
edf491b67a25,1.5493572147832535
b7976cc861de,-0.706726004033932
60edea0b8219,0.7859831056146109
1240f60793b9,0.24489410492756378
c80fe9112218,-0.5328643152146966
0af2eac2b9c4,-0.8760632336187357
5e7e39ce268e,0.35713326848035043
e23d19acc71f,-0.9020827018623335
eeda584b908e,-0.8031267909753267
2b7ebacc34d0,-0.7212308691402654
3cc8c8529f90,2.1392815787587796
43c838e0db67,-0.37101071404514935
680a4fa74efd,1.385812571109134
e44196a4631a,-0.5590292182366551
f7081db39094,2.5527442008611048
5db977598133,-0.5683960654172222
e06a2d602aa6,-0.16089049625074422
e030c40e641c,-0.5414001724893063
8b0760400d31,0.9289260118254598
0d360e4fb0a1,1.0769421043728342
695e3b47da38,-0.5722335167478974
ff5180467d51,-0.4847344292377789
c928c8dd4601,-0.5817538066178494
77bcd3f1fb84,-0.5667190892393077
8f7051650051,-0.5234555228226375
7781e707e7c4,-0.4548117623537811
c1dc3a1860e6,-0.518669976131835
352340710592,-0.01866191869124959
b0cba7018d0d,-0.512787409572784
d7fb81e78f60,0.6919305374403715
40199fa4f090,0.8381786909293287
9e671843a8b9,-0.6815323396310031
c2945d875844,-0.39147291599469114
9ff4704520f1,-0.40844321384778787
5d9ef41217ce,-0.6033622091271325
2ca7cb2e09d5,-0.673235674432395
6c409253bf44,2.732868191412959
a57d0c15d400,1.049801767009209
221efa4ec479,-1.6385811123982643
884486542a8f,0.22232201996893558
829ffdcf8ff6,-1.3804778732079908
aeca8bf43931,0.9772118662200302
e7d97729fa8e,0.9361945157836907
8748c33fa85a,0.5875597620422806
43be97824ca0,-0.36453782105383126
9ea72265ca3b,0.6704300538973041
d07251940ef7,-1.4510327208694542
b784f120849c,0.4767230659633603
cff6a26b2b2b,-0.08561352335527096
d47a3409844c,-0.47654766370467627
ab0d41b78296,-0.63330350603096
de116386e315,2.6859960295479564
75c9373bd16c,-0.3667132256378459
efad920e39cc,1.0798552593698347
43dcbd6e6931,-0.515365602770103
2abb4cb9a9c5,-0.48386732695114015
b4f59197bf04,-0.5730399052343166
d8ae1f108180,0.6320723384984188
13bae7db8b86,-0.43562965255241487
25af189bc43a,-0.5330364507884482
fc55a674a8e1,-0.38042029374630465
86318d97c779,-0.5426228912222664
d85007ea4497,-0.521849868947786
45dc5acc7363,-0.6625048885222236
0643c76d3930,-0.5624437739315746
06b889262efb,-0.42484944824273546
e94facbeb5d9,-0.3862605748538914
48f1131eba58,-0.4840705053619338
844a79e35d9a,-0.5160598173048071
47a7aa269d19,1.253384834804331
22028b74faf2,2.468940036070786
f3675a073dfa,-0.5537123934585183
a0a08d5fe813,0.9320492909706204
a40c023effe7,-0.37376709499289085
c71c07635291,-0.34784140509284345
a505b24261df,-0.666871510681041
f62967b72f3c,-0.4672154131157988
2b560a60b50c,-0.6400404668896179
ec5dd2c39e99,2.8549338917300164
cf460f015db5,-0.32516586746889997
f172346161b3,0.839449981534102
ffe909440a19,-0.6205206977094745
a745695824ae,-0.3329206069921452
1886d3835891,0.35371168680923637
be1b9b1098fe,-0.27375249713064287
75d1f3c475ff,-0.7529917628922215
a270a96deb41,-0.08349729135154485
cc3867d9714b,-0.30370251044810137
db58121dd07c,-0.30166463819543976
5abd74394567,-0.3230193916704083
e67fe6ca4ea5,0.003101083120327538
7b64880908a7,-0.0367955260451296
7c3e50f785ae,0.040442988280042065
8d58c0cd7907,-0.42323058098746985
42d039d69b13,3.0585390605292293
794d4d781d5e,-0.7579755888222447
331fb2dbf74a,-0.11920584151703939
9d85b70a01b3,0.8663625243842872
985603ecc649,-0.47858240259750195
5c777bee28e3,-0.4814778420200403
ab492efc6a21,-0.498491052247491
dae3d7eb3528,-0.35234820646931797
320a5c71e2b7,-0.5912681747648696
7ca8b644cad4,0.6115082139561782
6068fa6788a3,-0.44266253715834636
8f468c3d7aec,-0.3666364488040532
b3e7ba7c9035,-0.4156553358786648
d606a45b5a26,2.7877739654187814
08e1a26daec1,-0.6385227038189614
b7449ea94688,-0.40736855659266064
1b988eeaf13e,-0.3654362303539727
2fcddc9f15e8,-0.5116721109697976
75f36d99b187,1.1533667339307554
2d4eb59d7893,-0.3724223525272309
090bccb76851,1.6371363893097193
690d0309c2e9,-0.7540688087930624
d0e0be735cf3,-0.8037616082195099
a75328951e70,-0.8564136949966265
da8da89df786,2.011438107477288
618058714694,-0.4139708555532724
4e914aaa3a9e,-0.3168270127116298
54afa819ee04,-0.1289634629423934
cc97ddf4bfa2,-0.897291127225111
abf3ca7589e4,0.712623889939197
37fdc0b78147,-0.16631373090518048
11ff3885acc0,-0.9820315879342736
c17bb61aa568,1.2069969015880966
33a7dec2f9a6,0.8351684669066108
4ad8dc87557b,-1.0351415088783336
ca67b75ac9d1,1.8453169382656869
5c2d05bd9c99,-0.12487860449026023
78302c570188,-1.2709006609720408
de667781bfe1,0.005414486648001475
66988ff875cf,-0.6143638393797284
c9b4672bd26f,-0.6666311961386567
958dfb2cb317,-0.5438020316404639
d70308193a44,-0.4001392372166989
a2a80c8d6670,-0.6587128525033167
79465f8710bd,0.013798014178417995
ed4a7a9d4077,-0.5743667449995052
a0761d8c33ff,1.1025073277422686
20800dc56eae,2.5547183762413495
290e3e23a02d,0.8203196495720073
a7ddf93491ec,-0.5460995243846293
a2f3064f3e59,-0.487227941471044
e9e8ad14b60e,-0.14297503476395776
83dfc8455c8c,1.4697933473513807
6ead96b0151c,-0.7444151619380084
b215678241dd,-0.835470619510408
e2aaee88286e,0.3925107424364828
349ae8177346,0.9781580640715312
6c8b2c7495b4,-1.0172800193481875
b343a266b1e6,-0.49324014424392815
aabf7ca1abd3,-0.2695300453415147
ed84ee832c23,1.9175919944365758
05250f0aeae1,-0.23792675598090499
d6468e9bdf99,-1.017216367169061
ddd4ad04ad52,-0.2378214434624262
26f6015c5d02,-0.09089976476861146
21d1c0ad3033,3.0828792382657313
300b60fa564b,-0.6147874820002974
7594e48c76e6,-0.3627694224557582
a92dc5d9d347,-0.022678497661245536
057302e0dd75,-0.4219471293400682
5ed8f71df40e,-0.21192110026008754
e3278d1c9588,-0.06213489740261519
04c1265717ad,-0.7962141963247242
fe3d87128fda,-0.0824424663265219
74c05d108a59,-0.17926283826337558
579a1739c6b2,-0.3887603976817784
8f80e39d6fbc,-0.6430507851098235
05a3112e40d5,-0.36862182241559593
3eae13002dc5,1.1486977614989682
77d21ac6026f,-0.4073989921920438
b2726fb62bb9,-0.6700219540789353
43243c8b44ac,0.7659714029687495
00144ac56c82,-0.5133339983114913
e5ce743721af,-0.482268019898521
37304ae35dd8,-0.3612109765702284
6d2f67bba6b4,-0.6673374232051992
2b3006038d35,2.587335204995899
a5aa9c49740d,-0.6733076525858517
d30df19c69e4,-0.6062720527710802
ca68650390f5,0.04383914471438467
8aac16d5cc9d,-0.8548179186727788
8697d8bceb8b,0.2990365055771578
4d48a9dc7216,-0.6389502013281625
373ad146334f,-0.7603158334888124
f120921c36f6,-0.24230625328206382
74e2d82519d9,-0.5466637393314938
23ec671dab35,0.5147145411771492
63bb1a9a583f,0.807885153990337
76acc6027042,2.6571583060012145
1aca5f192f35,-0.4260790215811124
71b7cfda07a3,2.994250973067499
eed28ab5b000,-0.4502373082348443
f2a95c7fda7c,0.15162075162436014
0bf0c863123a,-0.28656318931525454
380c46083a4c,-0.6537631321070119
9eb01f30c4bc,-0.2770981714139711
188f7f3b3f98,-0.6831115805256296
25644e3e26fb,0.35506300947609293
d5bcddd48ee6,-0.6198031281735912
29cdf3b809b0,-0.15322101277093525
585459a9f548,0.04894180995439748
0811ee545703,-0.518749394451977
9177e5073ee6,-0.6258544005478841
cef86d5c3c97,-0.553282306170666
960fa5886c54,-0.45098990588464394
e9c27c9919d8,0.9078843218283965
f823b5f07ad3,-0.48605728714774676
1bff084cb0ed,0.7337253587342726
beb756a1e089,-0.5749018789300452
cd5fb00a4b75,-0.3961199835865092
61c121c9ac0d,-0.309895727287158
30a1f0951f82,-0.45199741832579554
8731b2352500,2.726238621769757
636ab9637d35,-0.3987031541519127
71ebc5dfdc60,-0.6211400383465392
0a3964b52e43,0.7547275917922033
b25bc8b902ae,-0.3798073689169532
20f22125053c,-0.3903287191186111
753a002ef347,-0.5126309145561493
df8103f3af61,0.819764570244156
5589cb89645c,-0.29191912950249543
db7481b717ef,-0.809895871676807
a35a4447dcac,-0.6180600864676975
400b4d6c74f6,-0.27810397555805044
863f18b2520a,2.726097096258856
7b03f3610658,-0.30985568982509637
2f3e5341b41d,-0.4177440571072298
180293cf5cc1,-0.8291331659079706
f5061a0f898e,-0.299309331691853
9f9bae628fb4,-0.5611167651096657
67f5188abe0b,-0.3766814243512776
7d6ffbf8a0b8,-0.7042951901773432
64b3f373b572,-0.45440296779910433
a24719494b42,-0.4124672998740018
70c967551051,0.7953906221120324
f8a40a56807d,0.8884301594456103
2c7620132674,2.6811851102858997
ad7c8bb91b2e,-0.6016592835205581
d711f414e08a,-0.48878816849522255
4c3330f31c9c,-0.5565233267713404
96189569a5f5,0.9146339789322939
6933a007d8b4,-0.4387294292751302
664e9db61cc6,2.6159257594438974
bbdf527cdecb,-0.5233957024015615
5d75befa1f06,-0.4819757095940146
1ccb36cf7dfc,0.9960766656085823
f0e8c3403283,-0.5987743882666776
39d6a61b383d,-0.4675214448860222
d056f4455cec,-0.3692689507742465
96dbd5562b6b,-0.3622797172353925
80e5e4a66826,-0.6434041241469548
d7288cc692ef,0.574748479348584
034fa8957296,-0.3817284446204226
23af8d8a32c1,-0.3746821633013213
e10484e37236,-0.7038073032939663
b1398be0a51d,-0.6420140099914127
1060eb2b06a6,-0.34522154546964634
1d3002dc1965,-0.45503836616745214
5a991f33517d,0.6797990358260771
9e753a781b3f,-0.19142230058003443
f9faa2a5d1cc,2.8450504596319424
98df605b0868,0.7265682249308338
ba4913119e74,-0.6939264477997438
900b0e9bd9ca,1.3826405646623687
0015b02d4909,-0.2052938529341763
ee7254dd2383,-1.5677091041249671
28d7542b7c5c,-0.041870454421604475
7277c51daacc,-1.2279609310184432
2235e8a39b30,-0.8724310427003776
b3f08e375d19,0.6544793190314977
e65b0fe8ec1e,1.5543267208473495
72e553bdf075,0.46780571666009807
20ec04f2f4c6,-0.17662871313283612
3235634ce481,-0.6059840975442969
8297c73b43dd,1.0627448877276762
c08da9f6b626,-0.6288149703050474
7f7aa8bee2a8,0.794824192904522
5999f218e412,-0.713776887457363
413c4d63c222,-0.5818167973587696
96e74436531e,-0.6064150122980827
637992e06aa0,-0.6639177658103361
31843e971c64,-0.6636728247280768
7ad4c165b21d,2.5119072230499655
31bd624ecb5d,-0.07809123952092437
ef3769410800,0.17301329134073395
c1978ca282cc,-0.13243295642266845
df33b099373d,-0.41111785068743906
404d27b7c8e4,-0.33086126217893047
263c3bec10b4,-0.45218009232945855
1be2e5c2f921,-0.6017866000181697
e6d3cdd82f93,0.41744493549945777
b94bf562ee96,-0.4398576865239553
b6fcdab96cfd,-0.005963621204683426
240c13753e6c,-0.4943351355913967
3da836aceb7e,-0.21302368994356083
b7f87f62a4aa,3.0522136624510106
4dfba0bd0878,-0.38809970305020575
270a6cb5bb96,-0.3275624427715325
4392e51e87d3,-0.3130159391309478
114b445a3149,2.7376021147953824
bdbed92c811b,-0.5139292422285714
d9a07fd61af5,-0.4760994161845815
af4344cf9b9a,-0.5041987558109096
cb075efdbdb6,-0.5403857896950579
5bfda5df4522,1.13530270617116
2e65c1255e28,0.37093578579159003
3c5252481cb5,-0.44730100989992483
ffb834814343,-0.5376467594864183
23e84f6ee600,-0.583701251550188
60b1f2dabb04,-0.7914787441511021
145bf158ca2a,-0.6847934118088361
4b3dd57f6e12,0.3704885913303398
3a7cd399cc8a,-0.6154517788102651
527b7b1417f8,0.6521021205257409
98f58fd668e2,-0.7010427432208016
6f9e2eaed0b3,0.7701842135726475
b9b35a6043a5,0.9754011217980745
d4a3efdd11bb,-0.785178090302498
125b59b3e9c7,-0.7433219996781029
8c4664985452,2.2801314455030277
f88c10a7be3b,-0.7270407247582249
2c0ae4b03ee1,-0.3920873328556753
d736f5e985cd,0.658543710476464
a463cd646441,-0.5328149113343325
c657062b354f,0.6932172744853426
acd3ff359702,-0.6353970587786001
8ff00aa726e5,-0.5124200260937657
9f4b98eee8fa,-0.4803501178212862
239cfe0954e8,-0.23222765773257528
0c7f931eabcf,-0.22734781760880993
e5ee4c04b6f4,-0.5467482908889802
950ac5a40248,-0.6130482290616327
995007f53f6a,2.8206804572138515
7161ccb0864d,-0.31320362190137185
da434d33bd05,-0.48136139869729233
138dbf62ecb0,1.1696836294184496
124566ab9ecb,-0.6761150211003535
43fa107fffb6,0.9652739704985036
5df73c52bb74,-0.3774513078748021
0cb6b476db25,-0.6504845402091839
0f90f8310c73,-0.6998486852965398
f6e78801bc3d,-0.5554080673213398
50d73e6a685b,2.469696875735405
7488b8f0392b,-0.6147237511415993
c13215f90d44,-0.23605808210987536
8910992846f6,-0.5023635422691639
099fce685d07,-0.4857454608883494
07f3a82a98d1,0.6760695215908006
61317c22f7e5,1.219830711640147
450682bc4895,-0.5799260547632259
e52e5032da96,-0.5847461553094815
6e7d65ed8014,-0.526986334646479
5ee95743e626,-0.3398352732306016
414f3998544c,2.598502482475458
66a83aed1122,-0.4891336925087194
be6b0e24fb28,-0.46303538807142686
54f5967e9bfa,-0.5226308140189578
3306181baf16,1.2717786062004146
f00d23ed697a,1.5260798191913403
c94021935bcd,-0.13091366472375127
339f6818d3ef,0.9356821108326274
49a145ea6211,-1.39587979666569
88afdd979709,-1.0719905995046308
345cffe70e29,-1.177708352415835
ffa69dcb864c,-1.0414986911699002
abdca59ee995,0.16465191509386057
21c777bd5dc3,0.41468853661657307
5dafec79b00a,0.5061070375032933
1c3eeea38592,-0.0009969209583018841
ed4618e9d853,-0.24493450455342178
571f3901a823,3.1237243021707823
dde8033e9c1c,-0.16305599825295403
5bea743fdef7,-0.4767603868243961
ad0a28d057ef,-0.3441104235533141
393dfd65dabf,-0.25587900325767393
661096157c5f,-0.5520604588981122
ed8db8dad827,-0.2422117684967783
b1a41017b413,-0.47574816954169213
acb283102615,-0.2795177699306871
e8876eab3d88,0.13666951228110544
2ff1bbfe905d,-0.22611533114285845
cd62b97bcc54,-0.4531470707536695
15b61ffc9c3e,-0.5326977469328507
1d1174b5c696,-0.5012635902925306
5039dfa4de0b,2.8569241613445944
f978f9068b95,-0.3202668319435219
48fb0ac1128b,0.5992896799641014
74c8d2b88c5d,-0.33861333428471263
d7aab2837e59,-0.4507088230989966
12b9768f0c75,-0.5360310311086751
178425517355,-0.4472982551000325
e6823f7ea488,-0.5668679416489055
16f692f31c4a,0.6906807838551988
31deb2068422,-0.5541441825476334
c3dda29249b4,-0.07738764927286054
e2a3e36b1f05,-0.24114914165470278
fadc1c250dc4,-0.4628364945944265
0217fe83aac6,-0.3340889896501964
a3754eb36ad6,0.017015045939711083
b4471296ae14,3.132750088940783
963fd36bd7a0,-0.41147214827942324
3c494cae215c,-0.33783687990975114
288dfa2c004c,-0.14259535255762687
d66413f998a9,-0.23638487490374688
33701e11c113,-0.3518694215101262
7aaad829e806,-0.47505686900898714
c21787141d8a,-0.35517578874704575
243a2b6dcd57,-0.4626913851805668
3bdf3b7b433c,-0.6435025425284717
975ce122577c,-0.5873743409990454
cb8f8dfde63b,-0.5973204689309756
6db9e3b7d85b,-0.5458196916710183
41a10e76e2f4,-0.43110353291463877
0c7acb49b395,0.9141354869058259
c048ed7a9f2e,0.9820146998765341
7d996d525401,-0.4158861284051342
1d7f3cc2d6d3,2.617780561603523
a4b60277eb60,0.8124525306735109
9cb196b7d354,-0.8037623745789879
124b9caec590,-0.778620682574166
0bc12bd37bd3,0.7903101233661574
4cf3fd1a858d,-0.8230018874267852
20230458e802,0.2183369556998929
6abee35efc40,-0.9675301031099282
505360a3ded1,0.7099895681794693
3e3a98c04520,-0.8221795841484588
20439f9b3220,0.40293722718325176
f28e03bf8e8d,-0.887973835259033
76836ec43318,2.1490420619950763
4c3ba006dc77,-0.4193741442085784
1168908b3e2b,2.6560756820242366
81726302a616,1.0515078002051477
92448ad19b68,-0.6027105042883706
cd0cad69b790,-0.18288857885066725
34746ffa0c44,-0.2767353662704522
d390d9f6e070,0.6649630592572381
6bc50304c6cb,-0.761577119873289
7abc872dcae9,-0.5503295234198838
cdb33cb54266,-0.4969536510401984
4afe2f8791ac,-0.4969087306094548
5ea2ebece060,-0.5850689229257281
1d195a5a9894,-0.5997814748388808
5b96735a7677,-0.4186921132897684
563986e0b9ab,-0.5496205955549576
6c1cb4677695,-0.618045823354582
e3ace9852d45,1.0776994963982907
54f3b2dfc36a,2.44245973417106
9d3e3f78bf39,-0.530466445494388
2f3d61d16def,-0.3853082110427919
47cfaf61f14f,1.1680513932198526
2fd91d68e5ff,-0.5392925612879609
c97a798ebd6c,-0.5534100525893398
0ab2468aeb2c,-0.49359334633653373
dcf348453a32,-0.3810772071682784
50cb9e7c4ca8,-0.39480199085961654
29efe5def24a,1.1134466472559403
133188d21e4a,-0.6007442933462332
f75d5a98d840,-0.42456634132150944
6861a7793e2a,-0.47560428712774583
0a045269570c,-0.6213618627222538
af433e6fcc37,1.1666781312143952
af5d41004909,-0.5831141497271111
e89649092fa2,2.415117406071993
39e53d2e761c,-0.6915926090617881
732c979ca73f,-0.5223794432077918
4613ad2754b2,-0.03362661266595353
170a9e39de68,-0.7357581872883827
569480673aa9,-0.586326316337706
821e43d0fd40,-0.6913782370825936
851b2326b4de,-0.7683695618440515
3b8806905710,-0.0684847904091956
cbc68ad8ee10,-0.7131347754293786
a776ab5527c4,-0.2621519356983771
350144f26d99,2.7258410964301194
d61dc7e91ac0,0.9993653543211571
2c5b314c65af,-0.0025303657843528424
29324523b420,0.13655433178871576
fa1014ea2b29,2.2417608413448393
13e860cb56b0,-0.2335743922513872
3fa8f22fdbcb,0.5661296103051168
9c68b8230312,-0.8508692085196549
804e977bb172,-0.8728453209456545
2f2c8adc4a52,0.17697670561864073
89a2ede0236d,-1.7167494231966471
7b7a96036aef,0.5790333515300986
8dc55e0f12e4,-0.0748304191460959
07706ced2920,0.5872283283788072
9f24f1ef892c,-0.23410774945664495
8335e9f635c8,-0.1681523236614182
5b7aa35ad6e6,-0.4339570398307768
2053897a4501,-0.7925081195846304
d93191a0a86d,-0.6112047140348248
9863c353bb88,-0.21866702500951934
5b14d3a6615b,2.4811193990130134
5efebe658870,1.2427208764626547
b41d680014e1,0.7093900456202613
53cba0a5c9ad,-0.7465508119561248
a8918839e19a,-0.7023155503003351
0f18f1a36e6a,0.030599049044472647
4bcd640ddf2f,-0.33914703258991213
6a3ca87dd984,-0.6194790768342795
2a92c07ebc06,0.4180644085462437
c9c87fc37591,-0.964395369661207
6b286e878724,0.7972675659379488
7292dc4c0979,-0.7949331072393027
9c19394a2789,0.36852326004141056
80461ea7c290,0.7852438266873976
f3235ca193ab,-1.1165410721119364
baffbf2fbd6a,-1.0168789986742208
ac57ead872af,-0.2389083654114843
af3fed007586,0.333777845314573
2df3278f51bf,-0.7629287787609909
6b0bc15f80e4,2.1917087853315684
2c48749df5fe,-0.07485196513471802
9283fa35cfba,-0.08099988749334311
f55a213a4f7c,-0.4155998382807143
8d1ac859adf9,-0.8704958796282802
8305ddd6537a,-0.04086073076506973
8be1b6ea2861,-0.20504345389923678
013d2e72975f,-0.7867224463898344
ae258eda398f,-0.5226308806097849
77d85a70ed4e,2.627745696316731
e4a8b3f4281f,-0.7861644002792103
5133af432c69,-0.0843534965746929
7bda6339e39c,1.2399772827381534
33cfb3be7a9e,-0.4711936733020134
eb8f54f3843b,2.690442724040195
04c5fd7619fa,0.8279293038661413
d53949f38321,-0.4891508032902664
e6b4cc40107a,0.8843165389738032
bf719c28f8e1,-0.5019710334037774
5dee889d854c,-0.5130533549126756
f6ee3a5e8b3e,-0.5018220864496432
87840505211b,-0.1729425271349386
801bf7467caa,-0.6304371697380353
1aa091260093,-0.5384520549534197
4434f75f13a8,-0.583665863695369
6bf05c6fcd7c,0.7865003703205048
87574e6aa792,-1.7883063332768727
20b0a40423cd,-1.5773676240336605
4941f634d706,0.041146547369831636
28637afd06c0,-0.5191449833782145
f4642abad78c,1.5270188878863036
0d93eac1bb47,-0.7366266727916354
491a54e83e82,0.4374243436146475
b6a247a48bbb,0.34971739064781804
4ceb7cf8e50e,0.26234554477736205
58c9633382e3,0.9863291773734576
493d1634d5e8,0.23096335149045777
11b79f4b559c,-0.9113443602328339
87aa8b995272,-0.7316481847142596
7d8859df8a8d,0.01657671850932678
35382571411c,0.8948442489185612
757bbe7d2874,-1.1792136519762255
6320105f3090,-0.3468482002738552
5d0d89ce398e,-0.021764706653888372
30b0eee3157a,-0.9301966251194109
451b75327b7b,0.28325853729150086
499ba0176e54,1.3192181651886108
4df5648f8361,2.0859152196982973
dc8d0ff2eeab,-0.4787971606358233
135bc50f7e37,-0.22993772631257509
4ab5daaec7ee,3.0760916605333524
594930198026,-0.645522216557838
faba268cf487,-0.512189427059379
bcc4e8f8db65,-0.3841809660343308
53554914993b,-0.45687347313649795
ec9d51dbbf6e,-0.05717635065369084
45caad7ea680,-0.04426678223339689
4d3e8cf43902,-0.03259302846537918
81c217017060,-0.5880169535292497
46eb68e222b9,-0.25155916177502535
e6118ad70a94,0.12622442522401
6d4951928809,-0.47991796982646606
858b7cd2786e,-0.39193559597979655
43da65676252,-0.4932239267347423
2b453e6bbda4,-0.5046858244504786
fc5abe894614,1.0244598495696553
1a3cdd77f0e2,-0.5423650845147502
955a40280fb5,-0.5298299035625372
d407f5185145,2.693467920331853
d7ef97e484e3,-0.4874719689369586
e7b4c39da53a,0.7055405073694705
25d6f07af8c1,-0.4427215462999485
64faf5f31820,-0.5513164569653006
a9e95c4dea03,-0.5091667041793412
2622c6fc76f4,-0.2277437674879293
cfe3dcae5bed,1.3544395230799662
c1710e7e3f7e,-0.25263479868540994
486a96614a65,-0.38779570926753903
57d5e4a72f3e,-0.5915105866420649
e0a358c5199c,-0.9413885041542386
f62c44fba5da,-0.35814754371773966
a1ace0d01b0e,-0.5186237147274592
1b2978590136,-0.11289127460319619
425e5f53a3b8,-0.09227436296755895
21acbe33121e,2.6377374433525116
22b07c27e2a8,-0.6941515917884814
f45542052ac7,-0.7068644398938829
a8642cb8afab,1.250240600703998
7e5c2e54c9a2,-0.756826094910726
722234bd7b15,2.2115354061384904
fd67d8884c4e,-0.7835486854040307
1c89c7af1a7b,0.2114499186431769
b8323fa17b6b,1.0070224491320114
253e1e5e32ff,-0.5993575751107725
77fab12de714,-0.7385489630289579
77e53d9fa658,0.18202088800584632
30dc8a85a981,-0.5829719124866712
1e9389a92b73,-0.4984350207312323
db72c85d9b60,1.220528081245385
b01712b4cf3e,2.4892635571225825
255903dbc622,0.9280448287368828
1f3ea83f71c3,-0.5681428118332137
5e96c58c97b9,-0.49668797592651437
cba9da4a14a8,-0.6155302650878359
cdf29c5d26dc,-0.3766878519984263
d37e67a03ea4,-0.6087560114218397
d952fb787b2d,-0.5061700842678252
23731185eee4,-0.49224383989249476
74b8c287973f,-0.475182605945468
84461faa7bd6,-0.6635632417541776
570621de278b,-0.5335952912252208
d4f8c80f71b3,0.910740293916253
20a26cff675a,-0.6204509965982148
857da0eb53e8,-0.4605896925644679
9ec93a5d0eef,2.2821604878765926
346d1e7e0576,0.07600129194418499
f3c0733c0cfd,1.4552830633697047
262749f98028,-0.52222704303008
739ef1954e98,-0.6174777555885398
7bd24f6e3e61,-0.6205818097632384
d792959ae3d4,-0.6856993065827959
0441047c50de,2.4260209540700246
cd5460fa09dc,-0.516586914868959
d719c32478da,-0.5545753217547638
9a8d1eb1bd0f,-0.6556433892537884
108d2eee7e8e,-0.7027841244237583
a9680c673938,1.15601649348331
88d01f7d0999,-0.5707019998375683
adbf718b8b6a,0.4217038125338446
84c43f9bcf0f,-0.5396752520260739
0cc7d3ba7ddd,-0.6522991865820215
903a16341646,-0.618624194758763
c95f636fe753,0.8071491234185164
8e99614866d9,0.1327610031170691
eda1a5c202a9,3.0804275147612263
75c9737f9f76,-0.41137235455444254
37f077a6798d,-0.6364933622653364
19356f0adef2,-0.1983332480018765
d5f660a42ea3,-0.6609890131697768
dff47036ceeb,-0.23177443749283222
04f8ef45943e,-0.41931561625797076
83c35373e6e2,-0.15808052930934852
de4ea3e1e684,-0.30292395284583395
f4735754c546,0.09105901208333292
310a475119f9,-0.2849650160642108
6dd411e03278,-0.2589221159159837
76cdee3b7d87,-0.6192774208421197
a7693204c521,-0.572859226883103
85e16714fb2c,-0.6486307719126357
f7babe35dce6,-0.3518447464107388
638f541c757e,-0.6863466510615907
39abf54bf42d,1.1431910262004294
7b1edb05b523,-0.2517160968206584
753f6a3eec57,2.5768283810006345
a0fd8e87c453,-0.5250467249073154
31bcc1290a3d,0.765545703322555
e137f3418ac2,-0.5709213557694738
97e561cf9603,-0.39574766640751546
e98954b0e92f,0.5379319392378425
8bf6b21108e7,-2.1929566959535074
c09796b78760,1.6047340909309322
09a2eeaae510,-0.6178389538260601
94c016fe624c,0.6815619735960065
7237d9ad6853,-0.32598557361878244
a2cb3acb51cb,0.15831078083722389
018990f7b039,-0.38670337335212923
57078fed918c,-0.04472891575905302
0a93eea28527,-0.3109367686810797
8a2ad1e36350,1.2923591629961215
cb07d2a6a01c,-0.5515813710387849
0ca5912d45ed,0.8021384331136083
40b29577c971,-0.6246304607839407
c3641e6cc5fe,0.4433782828315866
f620d11704d9,-1.0971592339950198
63f10b6bf889,2.244628536591977
7e03c1beba35,-0.34200245563285625
aaabb2337530,1.0991628444864874
0971b79d29d9,-0.7206964974124537
23cdd86b8c97,-0.3161660584581093
06ef6f439dff,0.13981763595562305
51d983f560b9,-1.076889655658118
0db90b4ab51d,-0.2899641146060994
49a88a8f8088,-0.7861956543090286
fa39ec0b17d9,0.8529684294087447
d53fb36b1e3e,-0.7655885490199618
193e54d11807,-0.5817364927280448
8b4d4167f806,-0.7816304874463402
97ae42835551,-0.4985051963194893
898c0cc66c1f,2.2020842773710148
65860c512667,-0.545724884241251
eefed40b44f5,-0.7655800890573804
8faedb5c20e7,0.7286311397596196
1ab15145dd03,1.2312416211882167
92d82685bb24,1.108198908030744
8a0e6299f334,-1.5304706000094708
9c2c4b5cb8c9,0.14521271943717903
0eab232bfd7c,0.6032855759599877
44ec3bd2765d,-0.22891455633338184
f4cf57b3d103,1.4026578214857737
c9cb54031fb0,-0.9529337705214285
22ba77d7a68e,-1.4255163038862089
4409dadf8426,-0.3710876622495946
f3c835ac755e,0.4980949894138902
b756ce7209ba,1.2021869641459948
cd76f8213ef2,-0.4507140854734851
feba7e771353,-0.5818386228543462
d9befedc33d6,0.6644560987139967
e4198b1a3a1e,0.8955480500455861
06c963ec20ed,-0.448420182585217
b1374b5f4c95,2.758408455480227
e6a7e0424f18,-0.4689400385813595
4b14c61dfee9,-0.4858553666564533
5a9f37e70057,-0.442058907838332
1f4dd202b30b,-0.3922499142212671
11437b6da0aa,-0.343677150700195
ff8846ebee14,-0.5443313757245819
20bb5d8f4129,-0.6110410450780573
cdd48782421f,-0.5500852375065366
83660115f4e0,1.0469168162921045
83a536972a84,-0.6743657733454826
e5753083c76e,-0.4514819147861199
726578ca7f67,-0.49808561420278963
b2e897b1351f,-0.39558008116732385
797885cdad4b,2.5829800013932607
dae28530003a,0.9029742353388119
ce807873f753,-0.6503929829991832
2f3bade85ffd,-0.4950279163907843
9dbf10f815ea,-0.26579991452161
f7c60d279b1b,-0.5520516181043471
b72d11a2f361,1.2965157286158793
0ffdfedb269d,0.09015364833932034
1dd1dd4ee51e,-0.8613561880069682
31aa66713830,0.1217036761036599
b6dcdc2ee01b,-0.44911957916071826
58398cef19e6,0.9948030176544466
32a5e86d2ad6,0.28245214857313405
ac3c8fc80c40,1.5251471059770996
3d3c8674d2d8,-0.8930277260950986
76d99bccc759,-1.2346892262761098
0a8ccc93a887,-1.3985541708352862
337bae85db59,0.5259715651106405
908e2e4293d4,-0.30960204432873223
e30e5099e600,0.7016917968126046
e6d596fc07fe,-0.3739168555724677
69237b607c8f,2.694653967988695
5ebd6ff12556,-0.6900213853910635
54e1dea936ba,-0.6108679715354796
e0983697b324,-0.2799312991266085
0a4a3d7347d3,-0.5680813418655837
7d5b376e3782,-0.44178669388596187
65980ec5f501,0.9742357892059355
a2fe8a38c486,-0.6084185191585775
77b067d4e167,-0.4879554431427605
0517075ead51,-0.5130306340314852
8b797c03c756,0.8253930075133037
0cdf937cb9eb,-0.5299860917272308
3bba46b7e325,-0.6187478333382285
97324ce20d7b,-0.5320520660750424
f1ee42626d74,-0.633892034695873
b9836a664aa4,1.120058951132228
11c5f84f9250,-0.2146549158076637
915aaa0fa823,-0.8599636149939508
4736a1265d4a,-0.08287059031152409
fd876a6da35a,-0.48763792628779334
e7ba27ee9d62,2.5273837486232607
a3569be32f38,-0.7225479477708723
8c075f35d9b8,0.16248824443548673
e4702f3c7e75,-0.79013359827541
0a6674352dd8,0.6183196547460876
816c72cb2312,-0.6489088782887261
d703251fbf3a,0.8237882618809846
65069a8be7e6,2.2459721336585146
b6a6eaad3b04,-0.5590029179469499
27d4c3992edb,-0.7500957285221936
eece2083ed8f,-0.7848869925552422
35f49fbbac72,-0.7122676432719502
b2db02c8e007,1.117275411910271
f20875f43e08,-1.1164434933710579
74c6e6460a20,1.5974418004633566
973bf578deb6,0.5168136762556339
1ff443e8007d,-0.35277345540441146
9afd7fdd9770,0.5226577548102993
518e24902d6a,1.069899668060734
78a2ea9ae0ce,-0.6322110087043543
55e4678f5ee0,0.9059425567120388
1fb741ced437,-0.8382566556149333
61bdfba7022e,-1.4893714336298574
d9bf122467e0,-0.8019161038572301
ad62abf22729,0.6182166942797815
76282c93d93a,-0.4782044160607649
2862eb6ebcb7,-0.4451632603102833
367c6c61c32f,-0.7107586028078177
d6ab77b44cf5,-0.46309091309282197
d9d7d00dd1bf,-0.6305768190039339
7b30724b3929,-0.6098720549703857
71d10ebe17be,1.0984440517278042
ec4d97e79d49,0.6947760761493799
3e2e779b7a3c,-0.4823779140938254
5ab5d541c45b,2.6116187755943834
a2c8d6a2e4de,-0.015705002785170757
d6f8f2093a67,-0.5690899203465638
b468f827e4f0,-0.3257049813571352
f3cf3ae0016e,-0.5160874322314397
67f588cc7f26,1.337184373544562
236478432780,0.8019632747388428
4ce0bf0d00d3,-0.7612158565843186
b611ed02a2dc,-0.9563544470746984
978ff0cd46a7,-0.30028160254297054
50f741db06a9,-0.10563114956677087
a1211f1629a0,2.0616549069183208
cd59441ec47d,-1.1561539552557143
73f9d71623b2,-0.6836937654008052
445cc2686a5b,0.6043206348121276
e1124e4b94cc,-0.5095509278250339
27b915a480d6,0.7679980841718137
f0e448a2d713,-0.5254555985569682
88330553d6a2,-0.4115796884820182
545a8fe27667,1.102835434684149
59ad01568bdd,-0.6247506532431785
5ec8ae724eeb,-0.5948105883435286
90590d6be435,-0.3662493116018717
c78e03a45d50,-0.3949649082297042
73032a81e996,-0.5853048752959217
c9a65a866cbe,2.6216394491688746
f5583fe60448,-0.4798064164466123
11b8888339a9,-0.3821298504432332
49fc315e9bb7,-0.5840072507210691
7cafdedf95cc,-0.1753030986315687
9d6c19c7ccb5,0.8810896475575596
179c01318d2e,-0.7022855071107487
f958f18f3d4b,-0.5960461559075485
8f1d3d5e07df,-0.14919939605213076
cd2412af78ba,-0.5623504731167079
7819eb4d3113,-0.5752499392667103
ac6253e2222e,0.8641825687804999
34b50fc04c59,-0.6618889840366308
1caa43fbacf0,2.6431884389482887
272ef81ee722,-0.445052616842352
b3d3507275af,0.5379534886183464
f3f16eb4d495,-0.7465431766445636
ed3d7be80295,-0.7213910429295012
0f0b4d20973e,-0.4176531324067392
46e0c98375f1,-0.5101639553049531
286d66838022,-0.429164813197261
5d33a85c0f0c,-0.3639513765351392
88cfcef17ca3,2.6368813755204408
211b0ba3ec61,0.17410068604943468
9c7a6169410d,-0.7586161799045962
1af6b8fb05d7,1.043600743576883
40511ab46242,0.7997302141315874
0687ee2a88b4,1.5475274748872319
f0f8fca1308d,0.08816343476970537
88e056bed6f7,-1.4796734972662264
7ffcf1e414bf,1.1480816383881276
55a4edb028de,0.8092695751645567
80c7bfa6d49c,-1.3478882336786926
d02961c2e8a7,-0.2481865237901122
8ef0bb56a525,-1.313519682983555
c157b9a0fe1e,0.19968941610112098
1bbc78e9389d,0.10874538154575358
8c9abd9c585c,-0.3119391972694967
7896b25abb13,-0.466667876893016
1cd1450a3f8f,1.035777749007756
75ac064c4def,-1.2969596085580872
c439bff3b394,0.29155600499534856
32d733b2a1b5,0.45241861946423245
a3bc6b439f42,1.4942339409219576
2964ddebd7c8,0.06252490753149356
dd778e59d521,-0.6045766482914983
8d3e9e08d096,0.008715852690543147
23955cfcc48c,-1.4311971837935618
f299fa818937,-0.5660620956829275
9ea285948423,1.0202363386077593
98d09abbe235,-0.6947600318619623
dde3fb168e0c,1.006107992965362
a210f5068f0e,-0.8685106545633889
0f54c649f633,0.8396770795323025
352d597ac157,0.39338676073261847
d5b3184f319c,-0.7731649498037779
49f8331b9c0f,-0.7982537838019774
ea4a5ac42dd1,-1.0294425484220695
470e9bd048b6,0.4537693843264868
1b340cdc9734,-0.9572604934481634
57f198bf925b,0.3528941774689533
743b23a57bfa,2.075557066875617
07dba7882e8d,1.0316060487728353
466c72d6b833,2.611047140097029
22073591ca0c,-0.6416693279320689
ba101a62110a,-0.5015204404474677
95812155d484,-0.7048744985094426
ef1eff2de504,-0.5489601976286487
f4491d67b08a,-0.4874733487010015
f558f30e084c,-0.2818871308370749
306ecf95a895,-0.37480606131915417
d09c1fd8e4e5,-0.4947627088211871
1a633deaba66,0.8559562776935078
5e598f8e1189,-0.46265575236732637
232fbc776417,-1.4019645141703285
c6064721d67a,0.3639305000242554
83a69f3f3218,1.6630215149520844
a0ba41d2f3b1,0.606885664869777
f1a105f9899f,-1.1517535110882333
d8e7f12cdf99,0.4328065201978242
ccd7d6e2830d,0.2631376784813539
eb72806b5dcf,-0.8622616688571858
1a2560df209e,-1.373066788422928
ca62b67790c8,1.120910921745004
ee19c0773e9b,0.16687151588379334
044c95287a89,0.17148216638458347
8401150f7be6,-0.45882216644910323
97ea431f8a98,0.01807806828716964
83f21470c549,-0.44312329738924766
1e6649c18c53,-0.5673768790687618
a583627c2684,-0.5526199431765692
64b74e212ea0,-0.3828589049148258
393ce86251cd,-0.3246842666498548
a56a465d487d,-0.07680100848691064
5ec8b509cade,-0.38940939227929566
69a3cec9e41f,3.0671192680000616
7b0d204f3425,-0.19707390353761334
4b61b91fa4bb,0.30757242566495113
adfd0a9866ac,1.0020781709836994
9550ea9c438a,-0.42529065766828406
245b1c1a4e2f,-0.4197702255856052
1a08086d12e3,-0.5077748458463734
785781b8378d,-0.6012451333755217
cc5dc5fdec62,-0.5105648840309439
dcb4b1f66291,-0.6071724478248619
b7b33bd327eb,0.9731967331831224
f54e640d426f,2.585485111292818
6b7c21cfc08d,-0.5566407047144663
ace53814919a,-0.5147063794685036
5869cb4ef649,-0.41759473694508026
7576171f0168,-0.47506896402969634
ee1f9e218c1c,0.8457229719812833
3969beb6b5b0,1.1593279890951074
72b0e9f50d18,-0.4829320744697647
7f0d43034800,-0.4772005662067143
4c38269ee8cb,-0.5753283342227296
06374ba623b5,-0.5204350099819364
c94783d5c5cc,-0.4835795920262811
c618aaaf634d,-0.505523007712678
fed0f0fe4961,-0.476558999966383
cd3e94b4ea7c,2.568414676896813
43fbdc90a355,-0.5768390893570199
8818c5f89813,2.459904409713818
e9af8160195a,-0.6649707922062833
1afab5435ab0,0.7204948133931652
a7ff62f93503,0.23866077191857454
097a2b6b18bc,-0.7394418536280749
ce7d3f847339,-0.6509256009339166
0b5c4b500972,1.027093146342176
f3fb9a624587,-0.6837241796894455
f5fc8c1ff141,0.26903069462486795
7a5d0bef51a2,-0.7280078102624576
8222d0c3b36a,-0.6284635144252114
e350edffba8a,-0.6196500848472124
a64f82f7506a,-0.612674767107443
2d2c8ab4db31,-0.5660105530184436
cd228abb7987,-0.2490047060593712
8ad4696f6452,0.9449705241203319
1f0e36314e0b,-0.6464535300924326
703724ee1165,-0.6516164368686319
f61a58a9faa6,-0.7572842092778723
346a456816b8,-0.43487863399349536
2251c6ac7810,-0.4669358417224004
86d8d8ac5fba,2.1725716334518483
d9c767896d0b,-0.36357158636909337
c5d2c048295c,1.6308881069370031
f78118cc5d5f,-0.6466213301954895
46bcab30954b,-0.5434951990534439
64e2a1a0b8e8,-0.42723558215575885
dc883361dc1c,-0.593710457542337
9a13cbe94244,1.0649382814128652
86eda5fcf13c,-0.35578000646005403
05e9c193de72,-0.6268472417347144
f21f48cb73d6,-0.18596011645427288
b4f9fb69d51c,1.0322239703184228
0c50f8de1842,-0.6961461224046404
733ddafb32c8,-0.5160778928385993
63f4d5acdd5a,2.4947116971080225
6f3ef7b1772d,-0.5455499160440664
d8850c77b3c8,-0.5513000564502479
34effb0b4807,-0.6430697850291581
9dc82533b62f,-0.2873097111737466
3274a5a4b389,-0.5997910495846738
5d307082ff8f,-0.6280210281687788
7b80bed472a7,-0.4535966209939901
6a7bb685d0c1,2.4304414936079595
df797612459a,-0.5046943448701118
6b07b1bd40b9,1.0241275268737124
e9756410e7e1,-0.4655970819588976
2f8ba989302e,1.2243605737919994
98d2c4f47644,-0.3030522366029893
81d75e56ed12,-0.5838900072349773
25d7994cf694,-0.6519705234917158
e6b78cffdf77,0.7518346505504255
dd2fad6847fa,-0.5889465110384549
8b4178195261,-0.3805516100541922
09d93af55a14,-0.6191928654641216
fae8bb327f10,-0.37993222074948324
e4fd01b9fbcb,1.2402009764285677
b0130a58fcb0,-0.5689963042838447
685b551747fb,-0.4587606296110306
cb8ce9dcaebc,2.543257281551817
53c97bb35b24,-0.5871638682830179
e2558715db92,-0.284359741556283
3cac89e35b8a,1.1373816446173182
e809cb68a7c7,-0.47289574271992235
9c008a6c031d,-0.2700088753271536
b3a4cb5ebd22,-0.6760857060388786
c2a1b3992a44,-0.6778568897019788
06c4a2d8d1f1,-0.3560066161509155
2dc3cf990807,-0.4674863812187154
0303b0dddf12,2.5766830525223234
5d3a5ac34dd6,0.7670995178646917
61302850e2b4,-0.6893003940074682
4cacec07b52e,0.9686441592836095
03179026498f,-0.8024761434682899
6a9d2fb35e91,-0.32400223531948524
5c76dc0a5f1e,0.9518311033580754
d264e44f0ea0,-0.4821168766933272
f4cfd75e95c7,-0.34517575474519446
a83207a7b6c8,-0.46289972742335406
f46fe3d0f2d6,-0.37808348300559713
6aa0e48337bf,-0.45854784143619465
b63edb66c032,-0.649825372230514
6e1aa546b361,-0.6042136546197407
5d2509ccc2e4,2.5868658263000124
d83ee5dba41b,0.5934634959380932
3c0b7df25699,-0.4946609625375185
3e102a479397,-0.6281791709454645
7db900875cdf,-0.2969926939139328
1d0f2d5502f4,2.675807337957285
f46d97d65a8c,-0.5304101127936152
88d849d1b30c,1.1009770433746227
0b20ccb96f16,-0.6335652900038253
8a8cd4b62da8,-0.527828617870976
0096931fc79d,-0.5877384073830333
e1d3bf10a5ad,-0.2592202243332706
d6d26b6be553,-0.4116523974883652
83e2cea01192,-0.692670874212609
da7af7794536,-0.1594428529318043
1aba0e7a94ac,-0.9082719329975416
1d5f37c8a215,-0.8033244587066277
08c6e3d32968,-0.08448703611841471
e71f6fc129a4,1.048165318737622
243e52ffb0fb,-0.44109052702210017
fcc9b4ab1280,-0.37941397659873716
f9f78330153e,-0.15422333053075005
d4461c93a69e,2.745090257645598
cf0da1bf46b6,-0.10541846197108948
14c7f3053d2f,-0.06491212529354559
5a0ba74a679d,-0.535854347861433
77f64e59038f,0.8987953410910114
d0d9a36d268f,2.6338839509439107
a761d1d3f3c2,-0.5475034827958121
0862c864b1d1,-0.39021745132223884
3288b209947b,-0.42449753853220884
875d4b6909fd,-0.5319139270683156
5728bd3d5917,-0.35826818733737636
b743fb035c64,0.9642577520096933
b2755ec5882b,-0.6208491338530631
55361077be85,-0.4849314376851259
8a5eef345b2b,-0.6029015375890421
4b158b4879ac,1.0093255299451467
b91f8c66cd6d,-0.6043882781309736
14141389287e,-0.13471105180925944
954616f5d191,2.858851999132973
7835c5dcb3e9,-0.2563813191485208
e09d03cbbc00,-0.6939383477802825
46eec40e3cdc,-0.5511567509374189
2e1c2df01d3f,-0.24786248691934573
1f83e244582d,-0.2962637574801335
dab27931b0c0,-0.24944634464941243
4cc8b2ad5225,-0.34879150029259615
2f9ac907006e,-0.4852376919301763
62f55e64aa56,-0.579912519422128
1f7199f96d9b,0.7885736278798932
e356fa5f08ca,2.656761049789934
18e59c0af020,-0.4272860595891437
f751cd667cf3,-0.508032834904277
aee5c2d90396,-0.7094414330155138
5a98ae7b38ef,-0.4399050815333015
f04427bdcaf8,0.992880443859109
81093f2ef988,-0.36697834308517846
9a505705fd06,-0.41352630040844185
8e76ab680b2b,-0.36625948352816246
b485f31d18f2,-0.6268730660427891
e874cef5b61e,-0.5357384738817761
040ba418f373,0.013523251077583339
f7f182cc8d4a,-0.4466578336695053
a50564237c5f,-0.5334659769505564
1d2dfbe291db,0.22826790378332673
bfe57cbbce3e,-0.1685885471065486
191612f286ec,-0.2629924112242953
8d9de54ba08d,3.0904445424755034
d5c631c89b4f,-0.376967955952252
5318457e9416,-0.3526169283282642
3bf028fa83cd,-0.38981591397477783
774669f4cb8a,-0.26539165624843775
9f7397cb7f6a,-0.6190746651886612
ae4f06a58a04,-0.5969124893105062
2e715d878d56,0.125157057034669
3c192187ac8c,-0.17527863662391424
cac1a31270a1,-0.743962885708332
0d654acae538,-0.5076770044414919
43b40386ff4e,-0.6791048417174748
6f3990787275,0.7667482195325266
fa327f45445a,2.547006841255527
28925066eee5,-0.7459522928923094
a1c1bfc21ee0,1.0553267111141211
09be31cf19f1,-0.4262760130541545
1514214cce03,-0.5317658584960704
196f8bd6049e,-0.4455632519728112
869880abddaf,-0.416398444244899
f263b31532b3,-0.46598902911702256
c6d2f9c218cc,-0.21610698248345128
ce4a3f940e72,2.771710667662229
711789445e80,-0.4909377532306837
8b2a55587c05,-0.505235958287194
0bf4b1f3a424,-0.5788742797167754
c371d52b1527,-0.4721069430005841
c089fd7935f8,1.1343490903558402
719fd38460ac,0.2169187425314227
59ab3652c147,-0.5650879603562483
e5db0d33c9d8,-0.4790818136347283
24e5ec90ec11,-0.6156232940361152
0d153ed238fd,-0.3976606163039921
e24d148f2c79,1.0844576335501699
9e320d737ed9,-0.6768498641871911
7f77aecd3017,-0.3826529918741912
a15db2e7f026,-0.4086320477915233
322d5f4f6234,-0.4777355696664862
47c515c57d32,-0.5367748456211008
5399bea20a75,2.585660401363427
f9693c4b45b0,0.8699809685579801
5c24cab70441,-0.831037150799582
945c6753d167,0.006624844127525592
1ca9c7bc8eed,2.140068200439733
6740f2433119,-0.6495517647888263
1dbf833d72d5,-0.5808998574095194
20653c45d5ff,0.2713429164360604
63b2c7fdbab1,1.534131199113005
9f26addf8633,-0.5270489390399193
13ed7f777eb1,0.45643779117788075
a3ccf7b6fb84,-1.0420225689154174
c381def0564e,0.11047308328199698
c05d84c10df0,-0.8885177536229371
e8d1d379f177,-0.592373476034012
d770e196065d,-0.48648426327412886
43f43b7a1264,-0.6494280113353217
099930538377,1.05949800291339
1c37a76e004a,-0.5111376197173296
15348d75133b,2.5918641111615695
b3475902dff6,-0.36647755365208645
7889641146b5,-0.3750113822304706
dd9247d499d2,0.8908784933241377
5be71e3a14e8,-0.5387278227762904
5999e40ab736,-0.48509672862605074
9224df66c4a9,-0.5375037497534068
789573e6cf8f,-0.4634952596388133
921995d52187,-0.6820102902982612
0519f89314e7,-0.001519180360578871
240ec2c37d1e,-0.28530451682520036
df856567e975,-0.019687785790259454
6f87a63045f5,-0.6217362350990312
8d2d0d54195d,-0.4684651355109346
ea75a0cdd55e,2.787684725109245
bcf679d053e1,-0.5018559485097593
2b5fbdaf2ba5,1.0049283228663868
7fba48471708,-0.7679854233400243
afe19d3ca6c5,0.019446727397230846
623a743b93f4,0.7537649783072641
f052ada2d93a,-0.6560843610824154
6624817a1729,-0.29386709942075834
8b4078171c61,-0.19550498428441054
b8c59c8b0498,-0.7100283451043455
e22e5f49132b,-0.609388442379752
507b82e306b9,0.5946660551328462
19521aefbae2,-0.6872633318258701
93c95729ab13,-0.17485237502028803
8b2ff1e39950,2.7730880581084385
7cd6db3937b2,-0.6513426380654185
8a64326dfb04,-0.1431875143652898
609d6c0e0314,-0.35545076811218995
2674f8f9e64e,-0.28182691512106844
53819c378847,-0.6853597653052843
c92e158d1b3b,-0.39146127016050625
b720fd1fb9da,2.542984087734713
9c4a5648b8b9,-0.7202509950347608
118d6dab083a,-0.6811081825953839
d32f3c026f73,0.9872385057659837
74e4e9576b61,-0.42299821398521226
2779d37dab2c,-0.3988319095021798
fe9ff0047a59,1.0126078611184266
4dcfe837f706,-0.6055424348025373
94feff7d7424,2.550971243257185
c11aaac9f6da,0.9022347620563455
fb9777e70a5e,-0.46491773566751077
2cfaf133f76a,-0.5715891793347702
e15c908559de,-0.48713387144315373
98666c66cbc3,-0.5463476852027578
e5221f0e4aed,-0.38313549869488445
7b0c155ad4b7,-0.5285273276786817
c5977537b1fd,-0.466578829121822
c4017d9b079c,1.1389895235062764
396e7c0e6c04,-0.5748509329959265
873a470a4109,-0.5691144686802998
1ac7ab01db40,0.7388071188317693
3bdf6d99e3ed,1.5656581139660501
a81ef9cc16eb,-0.13100789288962864
36c9ed7a660c,-2.0843449276988246
b1547a581818,0.05691208545968131
6c9ebbe7259f,-0.05734740841954249
1dbf0d2a667d,-0.5331341700812535
1e0533b43aff,-0.11120813598635029
9d96795f282b,1.1361325379849303
4efbda23601a,-0.08328285725049464
af7572bec9b7,-1.2018848833933744
bcd04ab57d7c,0.7047004194770375
f3c989dc19e3,1.071379584248998
3d254b6cd089,0.8022736037528314
dcb696a1f3fd,-0.13740371785204727
00ccca7c174c,0.8550735706756721
fd0fe8c2e9a3,-0.26522994477025996
ed25860187e3,-1.418396969189491
db1cc965b27a,0.7018083761261554
aa6e373e8e96,-0.5519995623659347
9dbdca1ddf8b,1.0152609143955158
174cf5778f25,-1.2032428148683938
313099dbacae,0.7246075325782083
06857bc97e4a,-1.5941305727312547
f865a9e5623d,-0.24557168710932173
2dc146e6a690,-0.5305075872514693
ca0a8665e644,2.676037453908183
cc213e8f8caf,1.0486679759014788
568df8690f47,-0.44891372344127334
2b92b02b57d6,-0.5080071792484898
d4c0fba026f9,-0.42895872481084946
1c0692e2d0a4,0.6900486771490697
1659c70ad8e7,-0.59604112788269
c8677df9f6f4,-0.5499834607543184
4e7ce6cd5bff,-0.5263331595211829
85a8ddc720bc,-0.5804374569391375
b6d34d3f91d4,0.057579959346913276
0159610b436e,-0.7720147304821185
3f2b3db2f7d1,0.0014263178360985193
da93d90bf0b3,-0.8777123644701139
a6af5e47c5b7,-0.33858089333264973
f44914a77e11,0.11483677139440135
5bc2dcac9b98,-0.1912381946535383
5d3b6443453a,-0.16450675897341077
2b75ab138ff2,-0.6233737387698256
89b0dae61440,-0.11141959784572583
3a9aee40edaf,3.0029517406127386
cf693dcf6805,-0.09794851066276922
0985222228bf,-0.42840115970749104
ef16700f94c3,-0.4970832666400082
450ef286a75e,-0.7142292050786172
0f12a5ea4c2c,-0.24406898895357151
db42fd85cdd7,-0.7225855598649025
5782f3b513f2,-0.3262213087441528
0e495777ae21,-0.6387700210415846
365e9586b5f7,2.277601603860089
b8731a478cec,-0.6221228051990242
b58b8e32f0b5,0.9281928662901516
45a13f1d9fe7,-0.5138171562882615
9fc8d47fa63d,1.5015050013673732
0ef6ad39a84f,-0.7399272512247075
6210ce1dd346,-0.567853602360989
0686735e74d4,0.4778147374454948
e17c020bbbab,-0.5182610898446184
69ee3c068a9c,1.126418882490596
df2f8dcd46ad,-0.7119593033729777
8006b3708af3,-0.6674884452487603
6f3fe9ad3a08,2.037089104963431
de9a7a1a5647,0.016637912959499415
aa631df21108,-0.9785540606370019
916afedf90ab,-0.7706054166823333
a10d7bdb799a,1.2966885315123662
c0fe373b3d73,-0.6111786138045874
75255f008343,-0.33020569918276105
44c1c97d5f11,-0.5896801189221363
7ab140ea2749,0.9419427354707566
c6d237255695,-0.6291574946609841
d70b404ff448,-0.6016985690594401
905e7947b2ed,-0.2831095958287885
fd58dbaeb849,1.1766299516811147
ea8a7062db7e,-0.5097105816331251
ee32d8761518,-0.42911681385993516
04b0c1415364,-0.6260615628038815
49f2e7512338,2.491346362603768
1a73420f73f4,-1.2507636546060321
ce41db70af45,-1.093110711256056
3a2384885bdb,0.7446153315007672
3e3c6232db49,1.0464191567678494
00b8c6787619,-0.6408559091201945
441450786c15,-0.6086674900029214
fc565491ee41,0.1066446315287295
c8e31448ac48,2.260975997396342
09c1be6d9e03,0.37298448472636964
ecd7826794e8,-0.1827402809634203
7a995764e6c2,-0.6644436782451103
d185f6186371,-0.09105787772632346
dc5ac25603bf,-0.2812221303115768
56e1efc7a14a,-0.475910227197793
2ec8edc9fd79,-0.6185218558303193
56ac0ea0751a,0.046011642660375864
e19cb05e0285,-0.3663423295883731
858b3fcbfa57,-0.6818404003980578
c60da3b2a8e9,-0.02979827792052635
1fbed3f17085,-0.4243286074688725
13d85c27fbd9,-0.17998246814886135
a4c96caedca3,0.24315477695299192
dc1adcec83fd,-0.28834305027055546
9dde85424650,3.0571229275215677
164aa3834304,0.27156070566919394
ca20cc2b7aa3,-0.973535486704989
2befc697ac65,-0.11671731269325919
e96732137683,2.6006802062328855
57149b05f03c,-0.8018912650509962
07b0c123b6bb,-0.38825142984141825
e6babca1a810,0.16376147358743254
a7665e9a7f83,0.02371756453311415
260b5cee9344,-1.1813711237023614
3d96095a9334,0.8655256877399622
e6acff49cba4,-0.2689279921891175
cc315fd09fed,-0.19455102758044668
dbe5e42c019c,-0.32446866086633935
1789b5afbf2a,2.675757754716702
d25767ef7037,-0.5893411862426431
baa08bc76ae5,-0.6436910570677241
bdf19cc9feb8,0.044688181990301196
039bb33df5e3,-0.6108264421655655
1c3b67596c47,-0.6395787102345868
8ac0b0952dfa,-0.6046490605045993
4ea494799189,0.7087183433124041
e9649851d4e1,-0.5827665661850563
f4e6208f7fc1,-0.34563892658975154
3d01f5d4c02c,0.9117963298368581
79a149546f09,0.06627614557817191
959ddc2ba196,-0.6262867367635127
8c614978ed19,-0.8101811004702774
473f2ccdc06d,-0.7687473124073485
44e4d83ae96f,-0.8067858329003066
e8ea0e4006a7,0.5703783757274418
aa770ec41392,-0.7567095025961119
7f20a14c0565,-1.0070147128046842
3ec599355384,0.09958758235771813
9cc42d06000e,1.887725157431891
7518654fb5e9,0.41208928706184356
8715c91c9311,1.739668649785175
10eb081df72b,0.8857624949570142
8e58f826b45a,-0.5253081960506114
43221fd73095,-0.39126801492804775
e0e8d192145b,-0.565684623496607
410e3f5a5fa3,-0.5049391552417652
1938489c956c,-0.5997243213527289
33269b8ecbff,-0.5895187231199874
3d51a88b94b4,-0.6071795675153634
d237bd34937d,1.0399862217925473
e12e20f0c53c,-0.42315694453996744
894b0b278b26,-0.31974904556288497
fb198849de3e,2.600779875058402
e89b457b2e07,-0.42534999489716135
bc3218c2b7e0,-0.3552135778917859
ae8217012544,-0.5677498010047871
0c1546123ba7,0.023461088808414406
d8b7ca970757,-0.0969255014635717
176bca017f86,0.17675103332427247
a3d08d9608ab,2.8302127963287282
9cd1d1319605,0.8592280697129583
cb9dcef7ba1e,-0.7246102082917468
f5a94ed4edec,-0.5653666793320917
5475d6291d4f,-0.730341319025379
eec1b9e19af9,-0.4240959062678497
0b8110092324,0.353589451367532
0efedcf35c23,0.21338574424311807
67ce994e646c,0.373730343913048
43c5976997ac,-0.23945993555719033
b2b2995a5e65,0.742830561706052
b1458b2fb600,1.2551379114032177
feeab2e2b92b,-1.3187990118839357
21c5a09c0af2,0.03831628235002568
af1e2516f7ff,-0.025866313255411208
5ba20dcdb688,-2.1871756923531205
904743cf02a7,0.9681188564378466
f30d678f06cc,-0.17380819837118236
dba03fdd31c6,-0.22119474141783824
7556a6f3a085,-0.4339018640530049
d86c7a81cbfe,0.9420079325563133
fcf31a869a99,-0.49574988979811896
48eb19efd7a6,-0.34905879477940704
9615acdac2ed,2.6135828346338257
a9da40bd2312,-0.572786336490737
7d18396d8b49,-0.5698903482727758
629099f38032,-0.6104507708474314
e713a0fc32da,0.9329616994440891
5452e2f303b7,-0.6730176793287085
40173b364adf,-0.5625020416462061
69a85b7e80b5,-0.28739885478618793
860796cf0163,-0.3845451691084872
ea2f94dda1c9,-0.5384477724320955
f65628e4a3ca,-0.4848698154285401
87819f031b2c,2.8909733948607736
ab38a2713472,-0.7307955893350074
555cd3868eb5,-0.15175890663600122
8f6d804f74be,-0.6844062340465024
9fdde5af3978,-0.17095962233982304
7cfdc871e9c4,0.010511077959030373
0dfd62490b6f,0.8420100684095315
ce76ed715b1f,-0.3103125771166905
3ff4f25c0a53,-0.08303282433569588
2c162e7bd339,-0.4682400998497406
d2e5a3d8af7c,-0.9775780772137872
4b89cf302c7a,-0.20633723825671832
ded86e39e043,-0.5326668395033325
7d32d442ef10,-0.893694030868931
f26041285911,-0.5644366533521133
6e33cdd6d671,0.38469716225221545
44b524e21e75,-0.2919915910209933
57349d24d141,0.19861900869422028
72c70818abe9,0.7035946341299666
4817be1d7e00,2.7310665493249093
8db7002c9aa4,-0.23540960138571276
5d12a1ea671b,-0.4470930561830954
26ccc8bc8d3a,0.043270602444221054
80bc1263fabe,-0.5880579093398246
e71b7faf643e,-0.48223079983983747
c182076ac794,-0.5224274805932225
059f93f38b75,-0.29309301104674207
bd6421048048,1.2573038659819573
5fdfb5a28609,-0.6222437462868611
eca2eff4eef3,-0.2702193860431418
47303e30493d,-0.5654637670479519
dc993b530724,2.725664289340211
1ac4edf265a0,2.657838154567394
5de2d21d4ef2,-0.38997158165192664
a265093e3090,-0.538925300227304
fe0bf91851d7,-0.5951542306352453
09f5c1e55fff,0.8444775017587952
6df71086b598,-0.5708516735066732
95e02039203d,-0.6103171452426814
dc3e98997ada,-0.41427546807262156
02735b3ca688,0.9481568720340461
b7f6a4f17b05,-0.540435242223784
b7b68ebbea3d,-0.5459780428540114
584b23da1e2d,-0.24456384394598812
da062566147f,-0.655681210352705
1a0c169dca96,-0.5507860360775615
b49b91befe07,-0.47505302235566066
8184ffb12b4a,0.879236826527461
c6c6fa71fdbb,2.596735584288743
053620f1d6f0,-0.45925315873611083
499e9b64738f,-0.6433102670347424
c824fef976de,-0.4079445481866459
51e917d1c1dd,-0.3704723418145831
fab03b9d0b7c,1.0523080305504986
7978624d200b,-0.5519156252865355
1b0ad951a8c6,-0.41386423152215807
858a7a321dc4,0.21178259858293189
175955c37416,-0.5601239154371017
9d681492edaf,0.4251968977680226
f58bf711e515,-0.9780376475103179
1aceeb93b2bf,-1.0228110820601881
c12edd072386,-1.2122869327450607
348664309322,1.1539739786395702
3eb1787e3f8a,0.3823906203505719
5c9e78dad8cb,0.36928950952474876
815591f79403,-1.0304281763470478
05ce01ef36c7,0.22599113049355313
47ec0b8fbb23,2.035063018740317
a2b93391739c,-0.4562690000512074
556ef9968ab4,-0.7066064385357604
c0b9a841d400,-0.6570809344255989
141866ba1973,0.988625345617756
2e6f191e08ff,-0.18135264669358264
db0714da0599,-0.6476512267813817
aeb1c35dfa77,0.9716464893377503
b092690f7098,-0.47568037129502494
9e9a2b1fc90c,-0.6173580730517586
fa1f001e6c16,-0.5062928961322962
0241bf120298,2.5566909642616857
9d5ae6bcfee9,-0.2686712122505805
13c75f6f6365,0.03994882075130843
ad5525643b2b,3.07009640565387
99aeca037f93,-0.20257847161513592
63271634469e,-0.4938894345292456
4b37b8d9e7bd,-0.6071810359079943
8d673c828a77,0.14064361180521623
6a051b5eb977,-0.5706339429132967
108244be0b54,-0.16345778583636755
dcd7c2d91035,-0.6221853725452755
b813fd685957,-0.12444147018034937
1fce24171499,-0.3485588323969974
89027b2253d1,-0.11776249228573175
98d86a5b1a80,-0.4131854255793897
9b7fb972014c,-0.4759612501539571
75987aee69aa,-0.5016160702839597
acb28fd6b4d4,-0.4837766650915124
9d7f1d943153,-0.6023405401627258
ebb24746a80f,-0.3320942653045047
e698fdf79bfc,2.69825971373481
c61860dc01aa,-0.3635716696854718
830a42bd8412,-0.6113030907502213
4f2b63855a25,-0.6225824668528002
5dd10484e94f,0.8932140055210163
c71ddafe42a1,0.8149577246087165
c881ec53156d,-0.0632341661052862
64bbecdc7815,1.1098063136464156
ead195350a98,-0.6619795656883578
3f619d5827de,2.46554753242457
cfecf7eece2c,-0.5603044655606143
3a8c928c9496,0.9582141913147517
5f793942979a,-0.3406294308977513
f0396a55875c,-0.7060062665734436
b124f07fc653,-0.6479221186889634
126bebacbe80,-0.6690680679654232
59a53f361b72,-0.6959591555957618
6c41000d5788,-0.1884648003101357
de58726ea947,-0.312900078540841
d8c4def62876,-0.6363393212426423
1ccf780fa81e,-0.6084257673598652
c11893c86f3b,-0.6422615075316717
2c0d4760543d,-0.3969690818420981
565203d76412,2.54185114338395
ab923a778b3e,-0.5830628239426126
834930c1a905,1.0198801565034892
147557cc8f06,-0.33967755926894494
c3978c22debf,-0.5930636296000749
ac6c813cb039,-0.4590133132808436
06f3d9602fcd,1.0099817827221549
d64b46c9a827,-0.893211300936162
5ee623da93a2,0.021606498779832305
bee2ef8fbec9,-0.9472235597778815
b2c755b539f8,-0.675946208227294
868e8df8f8ff,-0.03427272676798725
40521f0dae62,-0.5471517576835835
48b79720c439,-0.10644895184164421
e37a93428aed,-0.8437601443995687
bb674b275c50,2.2980902848181572
105ad6f8f74f,-0.4179935667716281
6e7c32d2333e,0.9149924207804506
92eda0c4ca57,1.2313190120273088
b0c8cf495c10,-0.4695578926449605
bc84086c09fd,-0.5782411319732194
3129de2884ac,-0.3876956128632359
e557835d7d60,0.8066175482908858
eca3a7b40b0e,1.094873502133373
e2108690e72f,-0.579458685022667
ab79b0bd1073,-0.39601201948083803
a2929673fc28,2.6124130298060844
3752f8ab6767,-0.567908103066395
a54854a14f85,-0.4279782641509225
8e552d32f6e0,-0.5632134004322915
8d6b9cfbd51b,-0.5438389705958131
a9875b94278d,2.3759813492933337
1701df9e2486,-0.5548479255314028
361e0e2b5a2f,-0.7523758310102884
eb78cee2ee09,-0.44519256685618436
fb171c89e3f1,1.3831746895430164
1649d8721acb,-0.6960552026062177
9f38f7422da3,-0.37365776011884794
e83e5cb39eec,-0.3097749662595013
9aaa3b10b9fe,-0.7298341602603222
7067ba9bf93e,0.8811696873161576
d2669f9d3d5f,-0.3114117611624481
6d3d6d4ada4a,-0.4671755523472958
8f3023a78f90,-0.05361434275000178
210a2b44bab1,-0.6251201134478737
3adb2c2f9717,-0.7698716953929374
38fb3d14f2ea,1.247912431127397
434a28d9d6aa,-0.7101768563959043
2ffdcea85055,2.232045670609952
2d1a102e31bc,-0.73247539822876
be7664cd7367,1.147547074838276
5cf9148de0ff,-0.1576982114074183
0936c8164dff,-0.7128184499521932
2707d120efec,-0.16115296118404332
1f845f65c652,-0.7045771478164934
18746d7909fd,-0.25839346564326954
ba4f59aeab50,-0.517725692547307
ef074fd020d5,-0.3801428147553807
301348083d94,-0.7154945243247294
3d4c99519a2d,-0.5387240405636727
8129794afa75,-0.6327620591580441
5b06771f997a,-0.6799661592111054
a3d6cff3c5bc,-0.40309440875776764
0f0fac0b1e12,1.156805275849052
63988a03e84e,-0.5439971817154895
04a1f3815505,1.0937960578328636
caf11edc750b,2.4196990129948497
e615ca7539d9,-0.4523964204969321
e514c1104740,-0.41206833045878477
d704da7248fa,-0.6388549939183288
80d2cb1ce4c7,-0.4560207918908033
91cb79cb5ef6,-0.5788298988580981
145388259c3c,-0.5341919741742256
5c0ec0dcd6ec,-0.4755518631918229
66e699df5394,0.4694664339451098
52b8f4764080,-0.23150544621770222
476d63828abe,-0.44280982858023804
d930855d1316,0.9791788557151185
9bcace7f0a3a,2.773584258126707
fa388c0b7d8f,0.9310475885099825
f21d17bbe0ef,-0.4195238427862211
6cb179942dd7,0.9998936907186802
80f48adeba2a,-0.4940087810590258
14a8aeab9b87,-0.7328919769694203
71ea4f254bbc,-0.5400447558245586
f6e282aab6fa,-0.06702972434188251
6b98abb2f20b,2.567458306493592
f0c17ad7e726,-0.5279638340857178
8577f342318e,-0.613818464554807
87e89a7cc444,-0.46427593361900515
8e064c7cabb8,-0.6388422724816161
b7e58021c705,-0.4129203127539684
1d80bcce38d1,-0.6375617350143974
c11a635fba47,-0.49198041567486184
733cccabd226,-0.5389716861266662
54c2e62400f5,-0.4983126376619071
35736b3e9aec,-0.36129001294301133
35506bcf9d80,1.3466028506968608
117581888d2e,2.5365094030180244
22570093833e,0.6383982713954599
2a85c6bd3a27,-0.514972629587179
4bbe98fbf9b7,-0.5955824995133548
c339127d011f,-0.4699185958349984
01abc9c0630b,-0.573225302974949
f53f5581cb25,1.0210085286936161
1fd04169e044,0.9979236595597729
90d582717ae6,-0.44476034789078467
42b86329fa28,-0.4608504840627179
92e9bcf42a68,-0.5740453090619348
deb5cc65f283,-0.5663439088251702
c4291895ece3,-0.4729253817816293
0a19979e23d1,-0.4708648298190613
d0d56000fb0a,-0.6128893204350556
f6d72160ff5c,2.5651791113312
14445bd88be6,-0.40820641473328606
bcd1b708dc19,-0.4245409154519326
652ef29936cc,-0.2184321683170791
f6a56dce12c9,2.656018213428806
73730b1264f2,-0.400976829287256
77cb4c229cf6,-0.4364272146413929
2a91fbaceb6e,1.4226880648418536
ffc562758fa8,-0.7256167727741151
4e474704ff44,-0.4980487742343223
38ad8dfd3d59,-0.4961474314269449
6c2c3643b6a5,-0.12977635435573281
358a0e7733f3,-0.35052367491183534
accc3990dcc1,-0.3982161428700488
87d8d7427086,-0.44054054802858233
48c14deea3ba,-0.5631771329342351
37a0e7dd65a5,0.2854383766170848
9beaea1d9566,-0.1313510867245975
71ae76134208,-0.014862658496308875
1192a0138460,2.7231522463673494
189962479e24,-0.5607994831601465
97a71f52ece6,-0.406612894039187
ee0f9ad91e24,0.13134969946534747
8b875aae71e5,0.7217163747333392
c9f0777697bd,-1.3004273395307013
e787d8df455a,-0.44388555426936227
94084614733e,2.4409047037733287
e7a1027faf71,-0.532691480162473
029c5279e666,-0.6177322602770335
913d25feb9b5,0.6950076240616705
d38ae5238a3f,-0.5697708986100276
ad4c5d703d9f,-0.46342422356998486
cff3525c217f,-0.48370806342300054
7d019b1c3ee0,-0.45202030145593286
0b4e8aa7b648,-0.3031910239224685
4c4e76efe021,-0.5359929644722223
399b293294fd,-0.6266196277249949
3b0b0fbfc850,1.4492385157831393
bab7a636c92c,-0.7388483002979828
a886ff9c6966,0.9450911438719019
097b8776f9c0,-0.728630364720651
ded4150e246f,2.4586560946479006
ef57fcdc1349,-0.669915558126787
a882053d53fb,0.0580723040062712
5dd9a54baa0c,-0.8487634410540532
3b142e429011,0.8986240190623478
9fa3f1b590fb,-0.1871392187028203
4c63c89edc20,-0.6363241220546239
1bec09124a8f,-0.713811425580577
500fd34bb966,0.16298886894907375
cc4cee7651b5,-0.2075627421644486
62f5674b7618,-0.15032242892276595
65da9ea5cea1,-0.43545867239717206
bb03562eb332,1.2069064396908857
97d9c1ffc025,2.5183097802448513
1e8a667b748a,-0.17966768965119734
f8529a9d1620,-0.8662983238667921
bbfe5127b595,0.5897861444957333
0a76e2bccdd3,-0.9418653543190438
922ac4b3a074,-0.6693386621433148
98030b57a69a,-0.6475467804134573
d5bb35397d7d,-0.21694171055327824
5fbdaad2339f,0.4776915350275883
1e692fcaec06,-0.30636209862379987
98354b6aa930,0.9416533864652987
42632cdfab64,1.5556169325723064
a335a5d8523b,-0.936863648194324
b656b743afc2,1.2760426885633354
fff74cc08ecc,-1.0650425754202262
e0d790e15e0a,0.08497522602525158
e34ca0d954a1,-1.0794237141731493
a3f347619936,-1.2811931378253532
247cdc78d1a0,0.6438355285787468
a7c07896372e,-0.31093012299567424
074fd1f21147,-0.6517422308765566
1f47810330e2,0.7992668085383527
83bad7cd4908,-0.7646364119244171
d1522c653bdb,0.3988695316778725
8fe806005e3e,-0.6822138533681116
a45ae6e8d46e,-0.6467163870143832
0280fe1c7c99,0.6812062944341473
c0519b5845fe,-0.7200671644610337
85edb74da3a4,-0.5869391829438599
0e56016b5c36,0.35405583413650116
05200787f85a,-0.7011803592063262
15bac71784b9,2.520097121007815
ac2ed270047b,1.607840322964058
b32ee160733f,0.20816264925986772
f7b2601d8de3,-0.6314765469200652
4849f67bea17,0.8631351569119355
a75813cee30b,-0.2793292338246766
f0d2943c6704,0.5657799467638006
95610a054628,-1.5743237876800225
bd74fc378e03,1.1304483322779737
44e04a7b705a,-1.497613318456774
c1cd2cf11025,-0.3671388914156941
124e83050323,-0.500241278854528
632a5ddf3602,0.4747566489741242
860bd4fff551,-1.0785021646459845
80ab6796707e,1.1626074159565092
088abc42ed1a,-0.6380144812192062
3bf21a3f7c78,1.5637058635638974
191310d6c436,-1.1635446330607684
94eb95f04818,0.06881638215417696
e9d3fab018c8,0.9604695446809006
5d86f8a9fc30,-1.0660724263644563
a2f9ecb77a45,0.4946624498467438
4e11f1af69ad,-1.2065911311160533
798a1bcc40a1,0.576948968665822
75e6d023dcd0,0.3255142115384191
cd6ff4c336a8,-0.5366417021906005
cf906acd589c,-0.5027338065454691
d9e5dd064966,-0.41857387535504487
4e08f3ebde89,0.8071444110993564
607b36c944f0,-0.5290745135854942
88b1af0b116f,1.1958647624397298
43f2843ae2a5,-0.4804762284846598
c59f263b8649,-0.4737067806898646
015e7d645a5f,2.557664333365349
9adfa96c1bc6,-0.4696500303284329
0ceb89207b84,-0.4463305706470938
306d68bcf2c1,-0.7034859990777753
b565390a14b6,0.2924842058758024
3c322b029d22,-0.02078083585805577
0a23879300af,0.2678059518933974
b3970132d2da,0.3482254831236457
f3b9481dd267,-1.0014200359145484
cb9953561603,2.29448050105578
01704055cf27,-1.4107702556471835
72f939b2eca9,0.13580933716851107
c4f1c7c3c59c,-0.6162680772147425
1bd60766ad01,0.7733280842367882
0015facb1614,0.004923251171699988
bd9bbc7d1f02,-1.0678176098910952
cb789ddc0cb8,-1.1238984168696957
24805d014db2,0.2914476338526686
98e4acbaa4f6,0.6357268536952598
1f657c05c0c6,-0.08860876659537507
f22177de58cf,0.3974679829025887
46d0608c94e0,0.43083681833694665
c9e6e79ab0ee,-0.46254357524978823
7d2aecbaf2a2,-1.089571144033583
004b65f389e0,-1.2283793721494995
acd189383a60,2.4010908152894204
8ae3bb55fb8b,-0.2503919356179881
b1b0f90401fd,0.08682310643904625
8215a22b0395,-0.1263857030320248
8de45518323f,-0.6019113242251575
f70dd0d57b4f,-0.6021070773012642
c7a00737d85a,-0.44643445928685266
40d103855f19,-0.5809973074994133
734f5ea6c60c,-0.6882586599335183
10e2ecb6efb7,-0.33970439763384186
042efa6d5355,1.6884777749631399
efaa1d1bac09,-0.20091743788809974
70d307f11937,2.461716436691094
b938e1615c04,-0.30266291278450846
89234d457e41,-0.26081493206955336
ebd1331ffef3,-0.9394440690950127
1e8d236e2e45,1.306538123656752
bb03a50d596c,-0.6269424302690975
147a8fe684b4,1.0272357008419366
9d82a9e65d77,-0.3893302963825007
063e0b54f064,0.285667308217993
90ff34c8899a,0.2536030308102691
28442370d2f4,-0.9473048657210756
bd6cc91207e7,-0.6029141641090401
14e01ec20d4c,1.1090013203298197
d4f9ca4341bd,-1.6090095890385672
2ae615f3bc7b,1.1328999307585235
04d2c1ec2aaf,-0.032785739562466276
20b7d2c0a042,-1.000421062061834
5b11c0ea5a72,0.547499712349363
05fb85452165,-0.5399438093173717
fa8f032cf2ca,0.4890960870292647
01d1541dc4ee,0.013828439745633157
91692bcf8fd7,0.054564920153283056
d1b6d6c12f1f,-0.9417450857542121
7cb1d0810e3f,-0.13697532483132707
1acec662cbdf,-0.19208874104148219
98a797967573,-0.9553544111250144
1fcdcc8e180a,2.6943250144161635
934b7eff7c50,-0.4085316834194201
26988ba19dc5,-0.17153012411501484
54ef39b3300e,0.6701814062247768
59c4c9d9ca60,-0.2923571599708933
d42372f6532d,-0.21316244686205424
405cd4d1b6e6,-0.5649532189598563
75d3053382ac,-0.7844634469227246
decbaadd4a20,-0.7423064911154199
f6c182137104,0.7600040347922452
921422e40da8,-0.6623371447119277
68b41b0cff65,2.7468479973734645
795a98ab5725,-0.3373917223131752
0480d5644e26,-0.2839494315270642
a80bda1e56df,-0.5727577598904451
3ece7742f51f,-0.14734827307028686
45853880a587,-0.6505479894757616
40a831984856,-0.6630795590746251
bdad6d51e58d,1.0427405866147024
bd25800d9684,-0.6046479607829852
42bdd59d0e0e,-0.5763165157147233
02ded58c4a57,-0.35734353777908434
91f0988c7a5d,-0.6226988839729541
ba747f16b664,0.8566147906088827
dea5e5f6ee93,2.5793345340643454
d946dcb14e7b,1.2976969266848313
edf8ec681e2f,0.8917944346797544
2aa2b6d203a3,-0.6598449458929049
6df34735dfac,-1.1510772970913088
a4fc0445cb08,-1.6168858208199848
06bb78e0eb05,-0.3244757498996145
b1114992e203,-0.8379999153723939
00d7f866d96c,0.10966901288973692
b5fbf5bcf2e5,-0.015471330083665483
afd77429142f,1.7256487640474278
96a57a69ece4,0.5198597305434058
00101f85190c,0.061086190314715905
ca76e856fd25,-0.49416373700178723
df32fdd15f93,2.5374997038252687
b60f2a7f1ac9,-0.5402043975446803
6ff41696652d,0.6172246123746794
1c2eb3bba453,-0.604935930301533
7c27053c8b0e,-0.0443667873700298
18cb65086860,-0.6180842556948438
af7c63eba5b5,1.3043193185093125
d9d37344fbaf,-0.5682862293982198
c98415ed5856,-0.46025805147523846
33bc9bbc9fcf,-0.5325678692352035
d04f9509730d,-0.5961763766877242
c2caa32c3026,0.6701762382293323
72557a8d6483,-0.7886661243169444
33f0673fa19e,1.1822810711889202
b5c0d318354a,-1.1086619416996886
5a3376d9f164,0.7878825687830354
9a19084430d9,-0.21899620065502493
345f79054da8,-0.08408395298420797
3a254de25330,-1.6138691080360028
9a77e667a4bd,-0.37490722895894246
8d5ab14ab11c,1.8518381800316284
04ee6346eaba,-0.4060729909268488
66070ca6dcd5,0.10307948934474309
64334a9d1cb7,-0.33126567635113724
9ffb6e270e92,-0.49325775652862547
7c54a8e5f16e,-0.7104311580541983
0c0738a2d216,-0.46678812003682657
29e6e0aff261,0.7921261943870709
da8369153b4c,-0.5783023332795085
4bd37a271d05,2.4810765000753356
3f1139fe2a16,-0.5485343318762453
68bd93dbc128,-0.4287577096238229
371fa514f53f,-0.31289912837437794
0c8c0307d077,-0.7066667965366453
80550e6f414d,1.3037003161989815
d97b4043f81b,-0.8688761281514354
3d93704ecc82,0.7938491997891515
c5df538ea074,0.6043509716789718
c5b4526634d1,-0.5802709178995931
6ebf47928f6c,-0.8391106227771608
bfbaf3f20ab2,-0.7644421761602449
508d4a14afbe,0.4268890885250208
635b7c0bf3a3,-0.8587093936947282
cb7c1c3e3e72,-0.3146617726438302
362ef53504e5,2.1576412756654957
8924f97d2f66,1.0830049176869934
45579c8e8979,-0.8396644420186409
6a07393af855,0.040714088552884296
bc0c503a373a,1.0092577712739859
b888f8a12ffe,0.012556182575165116
7d4e5a33c77c,-1.6415405897928743
4c8dee065912,-0.4364287775575384
b09d70a2a9f2,-0.44085393051625155
975c9fa11f13,-1.6770067091280314
71082e328ca0,1.377506961781264
f4b89ff9bd23,0.9490838845738819
88cb4ff5f3d2,0.8959457484501527
e0f360f4d562,-0.3920017111602178
2ffc6189a5be,0.30276708094757926
9d6cb8d5dcef,-0.40978220075747884
7a6c2a1b46df,-0.356819026167993
33bb886ab978,-0.617514763507658
002700a8d1db,-0.3838237750832976
35948db8d901,0.6606847174551822
20a2f7c5a06c,2.761022872748549
032d7770962c,-0.38105268118640007
875c90205309,0.8422419424937991
599d348fa80a,-0.2669829169591444
27e132090e95,-0.5846736083139367
68aafa2ae8e4,-0.4853741592608029
05c0bf0114c7,-0.777926401460819
9b2073d01f2e,-0.41183010435082584
a8b1160660dc,-0.5533011100930253
6d4df62d34e0,-0.24746178286746792
0e7b3713f75a,-0.5622136135823103
fabbc7db7f81,-0.37041390076650926
b42fe8882d12,-0.7371195880910602
ee76ca8ac5b6,-0.6151295405828952
988633a6c05f,-0.3609866939554387
724d007aa22d,0.9926021355605047
fd8963b97ddd,-0.7100742486595331
f04e1cf34174,1.065352228440223
956eb4444b76,2.5105762189483376
974c543651ba,-0.32533289971105556
2a71aa2dc3ce,-0.16835330952565214
3e120f0d7177,-0.6904952422158586
e02e381ea47d,0.8707081151049921
31708b6b61cd,2.5915104993460063
43030d73f43c,-0.6353217147868903
a22319405ea2,-0.49272747824887836
db91a8552fd4,1.0232607550884496
d85cd7558024,-0.4747897499324483
b851f0ea22f5,-0.7010504264265336
c290672b52af,-0.50631425161512
c9a27842db78,-0.49109429707701013
a5c658f8ab1b,-0.49670420491649
bb92e347abc9,-0.5508498240541133
2080078a546a,-0.30098539443338346
797ebc9af16f,2.910414710960456
0f17b51b0c5d,-0.48925860125709564
66a11d3556d0,0.9436013657756996
0649fe85c936,-0.2785661063946222
c8cb17e0cf67,-0.41087459732080445
3802f6655f06,-0.38092395234004195
a4250f26ed47,-0.16164816907016805
1b6dc57baf61,-0.27040004920177013
cd50f9e546c8,-0.5138051777476662
9b6257cb9fed,0.6956696749512155
85d08ca8c462,0.4959395075114973
1a7cc06cb9c0,-1.1746943740378712
4d6a0d8e401c,0.9862591192583116
034ea0953381,-0.08385370979819731
041eead67fa3,-0.3158860869936268
73e39db5609e,-0.8499783052904611
fe051cc677fa,-0.8003942093706469
4e189b5dd1c3,-0.39639167912086004
66571331c1e8,2.3288115100835354
81f2fdea4a6e,-0.7168594607887105
7a1ba47d33b4,-0.16862198640418632
5e9cc5d15bee,-0.7280828658273145
62ed12060ac5,0.5087841924346678
313548e2f7a8,-0.6143479951476909
832b7ceafcc0,2.817565451015562
f807ecca7adf,-0.09821249397190714
a7a4d4cc9799,-0.7695905294092019
949f6787decf,-0.3187458452125071
f58af0f3b036,0.04534679293797015
90e9b098fb4f,-0.6452625625421714
2bd36c0a071f,0.13383030599228268
2df38b7e034e,-0.7477964005720971
2430464d1539,0.4165119503024076
ba40bb1cf08b,0.30694574709708095
7c914255b5ed,0.45933249154681977
6fd5dd1e19bc,-0.6152080936247998
4728dc14904e,-0.8949934434247669
522177e90897,-1.1853416198732223
f8c16b711705,-0.6596465298197345
ddb0a9095df6,-0.5011471350780209
8e85f0a56957,-0.7665279705837594
1a40c8d32083,-0.5104659859471931
ef9583882ad8,1.354002061719721
33c44e82b4c3,1.2716843797040853
fccc983aa11c,1.7413660982837897
c89bbe0828df,-0.5068046481967734
ad9b60a97893,0.8749265558204953
c4107a740cc5,1.2172941166568338
97f4e7b2ca5f,-0.42259303090761696
df0fed8457f5,-0.5998892859705593
198f0151fe05,-0.4857215555515033
bff239ffece9,-0.4207228199926411
6d0c27717601,-0.40173159943502124
736440f36c16,-0.5276874709677883
c22718e9e8ef,-0.5437603421865783
8dd3cd5db2b2,2.5128282108939657
6b2562a3c9c9,-0.6961381301628125
26fb47c27448,-0.6639499161593062
cca4ddb05e61,-0.5736065341548686
95e597ff603c,2.360360350861191
46fa0539fcce,-0.4305643979598404
5b47a8f03248,1.1769053027008853
7608bd1d2c27,-0.5683931949124542
c7ba35f9bb3b,1.2097755178574192
51afe3fc47a7,-0.4898427052578896
f993fce048eb,-0.5938441411972969
9999df804892,-0.5302158777786921
0ef9cc15680a,-0.46036968511259635
be79d8a27957,-0.4362547188865512
14a07994656f,-0.4823939494655602
240e0a6be29e,-0.38710429108895494
42fd18b6162b,2.5985543125356148
342103c74c06,-0.6181635070232306
80054f50b3c3,0.8706671644509709
7ac349d9a37c,-0.5415804704424824
e221fbf31c11,-0.5377972593365886
19a7398921e1,-0.689323748298832
7a418c77bfce,-0.469273236128586
9a34865e7119,-0.2852759365251747
694989405a19,-0.5061691712835357
d3cab541fc65,1.0478600926063595
3c9312d5d758,-0.41474476865319343
d9e0b016359b,-0.5828602813993915
fb403e55b778,-0.4968806558492871
b411977c9a80,-0.5561489421945043
55803d94b373,-0.4968355654607946
7d297f0f6176,1.1012020056254168
8b2171cd6d63,-0.5105997058904139
d7338eeb0c52,-0.5554725113821793
aa49819d4f46,-0.32827071409070496
a04bc9de418c,0.6318635613579042
fb63457da60a,2.6780217123564216
4ea5bb0f31a2,-0.46927413441927324
8f13ba9a3323,-0.4552130275127199
de1ca0447cb3,-0.5569134285943796
00e33d41c25a,-0.47120933299584955
a0a32b0e1eff,2.603700280481003
189440a5b799,-0.5048858196644281
6a94a54bf331,-0.6311319934766585
0df59f629957,0.9753546075629574
bca9baf3b5d1,-0.5553154653699297
eaf8154eac0b,0.9631550476392916
1f403a842ea4,-0.359716468679716
3e8779a0b889,-0.5022260502806106
133707a3f08a,-0.5055983491089603
864a0f749d0f,-0.5605952600699688
eaed4b617818,-0.5372882704931665
1dab4294b8c1,1.2403227850196255
f020af0968f2,-0.5328445886732603
d3e29e10057d,-0.5045716208124904
227f4f943cf5,-0.45429126154986244
8f492271dee9,-0.5144876330688479
6b42d2ac2ebc,-0.5554584722737802
a7c591d5ddbd,-0.4698791817222468
e9e1ce98d1b9,2.517694369254372
3d32840979f5,0.8587796413560518
fca31f3d3cd4,-0.4873805069664258
0351ca1d2e6b,0.04562639988204503
3d446781f5c4,-0.4070598391133927
3d449019d447,0.37499376263475126
1d773231ba94,3.0485399867706526
80969c30dcc2,-0.3068525029797863
2baf3438d892,-0.1783898210966678
88e0cdba98fb,-0.482576621388357
33be5dddc52e,-0.566510721612347
cefd5a51584e,-0.2954191261474404
542b458a3f94,-0.5917970423969628
09f3ba6eb07d,-0.16368027657322293
b1fc4c448231,-0.47687419797927244
777bf344697e,0.06340396251636786
fc120586d835,-0.7137694604526515
2fa563fb2d12,-0.9630945962521044
1d56894305d9,-0.6764114076769889
3c0f4e2e920e,1.2236578217734704
f01610739368,0.3728375893875046
bf1248d54194,-0.5584259908872828
1390bb7b1f42,-0.4419276696988293
7a77b508bd94,2.36876001398055
cbb73c7cd504,-0.6583845801681631
5749c67b748b,-0.6637341285514131
8f7a995215a4,0.6470884460295407
b2de52165d71,-0.20313720126412893
6a525805f4ec,-0.5374363531935589
96bd3a90a49f,2.692681443471069
f7b80df56d4c,-0.5425600840540603
005498e85569,0.7545182250665728
6c0fb23c8448,-0.5080050630864107
27cee5e33a52,-0.4911157665676408
de1e9d6128ea,-0.560253000518908
0b2c34b10df2,-0.4213329005159317
56c1fa387a1e,-0.6623503034822695
e5e92e4fab05,0.948115168297282
ce34ed72ec2e,-0.46912416415201497
ec4451e1ea1b,-0.42495233407551897
18cb68226fc9,-0.5767658830268728
886cb6cae70c,-0.581965939810534
80b761eaa8a6,-0.36171011810852527
45b3632ed493,1.2894698748964317
3495aa9a9fc2,-0.8549538979439445
6e5921be4768,-0.37802783456279887
fd4e078d9c49,0.8884893186468158
62f8459862de,-0.4997589010386485
7fd5616842a1,-0.3627863542516918
7a4df8211993,-0.5787174034108932
4aed60446090,2.4416794726861806
585519d62335,-0.19902202847695288
ab21b5474798,-0.4899766440229359
73d9eaa363a9,-0.36872707212555345
6b114f23cfbd,1.0931184134511405
8e487c3c87a5,-0.4833575420383177
bdbf4d4cfda5,-0.44354990497230484
22070997bb0f,-0.6478739568495231
605eea3a3752,-0.7435049714734469
e622ca298d14,-0.6750071039131016
66fd2886ca8f,-0.49557796099792306
2ba9ca069eed,0.9218524526346581
d155f560d88d,2.5316263187842605
daf40ea5f1b6,-0.6004332255057014
61c0eb5c2e20,-0.6403868216716988
469ca2ed163a,-0.5481018272235406
2d12761a8f12,-0.4086899913961519
9835a3c6fc59,-0.48787959752148125
7714d74c9bed,-0.6351568811967543
6770b54d98a4,1.2334106120271338
45ed4f678d78,-0.325155916698372
f1ef20798f01,-0.4799981410923808
0e125a2f8de2,2.4218200982535327
2a74b26f8f98,-0.5658360065181365
b2bbb786e134,1.036407698543551
3e23155ace8b,-0.6578214603369783
b540fcdd109c,-0.5987997775614983
f07d840e1d57,1.851290729707354
4dc93652fdca,-0.5020166521799629
6b2e5828f8d3,1.074179075567414
13fa6ddc3302,-0.5648027408189614
17b8dbd0b472,1.9126370480745696
85e8bcab9fd7,-0.4869697443066249
62488e51a874,-0.6032704039375094
cfd10238e4c7,-0.5068543083288194
0632b38fde61,-0.47604231463604296
81ebd6c5bcfa,-0.44152945124293974
4386539cf260,1.033790670964502
ff7a370a7078,-0.5334561487751787
cc86c3355c35,-0.5535681434346638
f24799307ca0,0.8240090327043104
8451fcdc0948,2.640119759039199
94932a6f95ea,-0.5375055375233426
15958d5d6f70,-0.5251401254464934
9853c51f9728,-0.4485009485105401
0873ccc54e14,-0.5609332287328748
e5cd4fd955f6,-0.4636298539898195
c87b31d0f4f7,-0.5108498874765249
03e02d8b864f,-0.3643355888185733
8044ee6b2f54,-0.5260987445145789
02bd9d7547aa,-0.6175831943129162
e7ada0fc59f2,-0.5339855277821335
bc69deae3e77,-0.5918104829312166
2e05dff5a01c,2.5143976282259493
c7360fc40b79,1.1480092342737123
d736c21b0f56,-0.37525395647945786
d77a82a01dd6,-0.5431483154345469
045fac0588a6,-0.46715690937990917
70d6300417a2,-0.4600164451874019
8caa89a4112b,-0.5094359967487152
8824da15a864,0.9620827102712157
149f6bfa5309,-0.5867232262464019
be6d20a08193,0.8933012515787342
990664d80c69,-0.4320592195379587
44c1c26b6564,-0.45749599621987047
0097e28bd279,-0.55398996828925
6378b63f500f,-0.41685064690909257
5ceac2cfa9fa,-0.5651817128577322
bb37aff50c6f,-0.46472615619165913
4e5e4b83fd0d,0.8250471100583638
330f032461fb,-0.374345308912927
42512ee61f27,-0.5683374762767499
d518d820e78d,2.701361349804544
ee56798ed4d2,2.6533729365175414
34b7c81245d3,0.32262226803376176
ec25aadfb4ef,-0.7591426317938073
19ea914d27d4,-0.04985196380319703
272bdfb8fcd1,-0.900726391866314
a9c18f6b8188,0.7495886392947665
9ba37c3314e7,-0.846724590984685
9586a93d04c2,0.08189055335034441
7c80ebc38a29,-0.0970340509040524
99360d7e854d,0.02829658300127621
d54c64dd3d96,-0.7279090408096468
0fd60611f8bf,-0.4543823100359869
8c54a4ddcec2,-0.7729380021433893
349a0920d087,-0.6846433326772082
289bba568458,1.2622906980365665
524ef6e5a424,-0.5656821128787378
368d362da66e,1.6599730810616997
114e8fe4b466,-0.7059545001881368
d01340e1dbeb,-0.5301776136678196
39b4bed081aa,1.7295521256121436
544395164d71,-0.5922888230171844
6be7f285c641,-0.5952998209158963
4984cad01815,-0.6525727269550191
c80884c4f208,0.4477410277329816
cf38434565a3,0.4871389813569086
4fd3b6387964,0.8367247150706512
be1b0340d081,0.6674710276409935
9648d12e9071,0.8251652678718312
c98e0d7d65ce,0.6016632981474537
c3fb61507c27,-1.507927984490543
c0da1c6decf9,0.43250080814958514
62e471eca8eb,-0.9984413820446727
628ee027e488,0.6559349403039126
0e4f2e5ecdd8,-1.3697926521797132
d7a13d621c20,0.5058021357489603
579ccb3d0009,-1.1362391555753661
a9c0132db65b,1.3018145887338055
59a11151662e,2.2872221183544155
3ee31d1d2f7a,-0.5203206842995952
c89ac056a9cd,-0.5374355927683071
49f90083935f,-0.5449640809828928
56f9986aecc8,-0.5633653600114089
ae837f3e5f76,-0.54710829787272
39f33da9099b,-0.40764283832299986
18f06868b66b,-0.5081803691231479
5b50cd27da58,1.2109113163628373
ccab63149f16,-0.6715174116682454
8e5177ec9944,-0.4994133884017404
2e39e91c9a2c,-0.4614047981215164
dd1ff3cfa473,0.4096814002646306
0b448328d3ef,-1.0487737656058804
45349250b5e0,-0.4143449520609246
09881256be4e,-1.1038941260808848
fa3afbdd93f5,1.2600092543419248
102551d2f5ee,-0.3442270374759872
35acb8bcce15,-0.5454639057269565
b13324507d77,-0.38619174254596783
f90aeaec6810,2.330693018258035
1efe9c543bbc,-0.2821821882039999
c53759e6d0d9,0.5860988429575271
fc1d96582bec,0.5005947255976774
2f0fc1e2666e,1.0671686706980594
ac2f6208a9ec,-1.2417908127260986
9e305682921a,-0.20094631423447004
111886438f9e,0.3926775451450189
204fd841a017,-0.5143203881580014
c0dd80edf1d7,-0.18659862099863916
bd8427ab2a7a,-0.8665293342582618
475a14e0bc6d,-0.5015115306453286
8af1e30582d7,2.3984984849297355
601de4e5de2f,-0.8213429455258975
71ff4bf13c18,-0.02589947982379362
9b438cfbdf6f,-0.44540162014283047
2e1849de5a4c,-0.819099345321009
684fbba49b35,-0.2583755832719654
084d0b7e614a,-0.6327161296130873
26e3efe60081,-0.7732583929991236
6fea5319d227,-0.4234046420822567
8581c9f7970f,-0.3427668648002169
87efdec4973a,0.982642815345539
398181490750,0.8426408220070055
e28c6184e393,-0.496926414314353
0f1daab06c19,2.6031053594272544
d708fe893f10,-0.23644000423495687
fc7d6f70a06e,-0.3636173666003877
e29882255fee,-0.5454205606718296
f8738119fdb6,1.120968949557749
e2ce79c6390e,-0.4517750379498954
b6d8d5fed0ba,-0.39162169739069813
becdb266f138,-0.024664009948637988
05a669e53b9f,2.8194565958336755
a2250c53eca9,-0.5192073953940501
e30a7d8f0bf6,-0.3214758954649531
887223c14e38,-0.28650148180549523
b71ef313a949,-0.5460308337104378
6296e75fc6f6,-0.49011126645503944
c250bfb85bef,1.1466485913112536
3ea9e28e4fe0,-0.4811419305670746
1f2cdb8396dd,0.6639799306492812
42c1c42d5932,-0.52649661514607
7f4fa460504e,-0.5847442191344577
81b93aeb5ed4,-0.5987308160505925
3de6b27e248f,-0.5928362268908249
b04958a8e0c6,-0.5831287912646375
1d6de9fea6a7,-0.2223244515385479
ddea8a69bfff,-0.26675787541039436
2df02a1796bd,-0.5778968019859182
7fa1763825a6,2.623429206027983
907bd12125d9,-0.5976910619274157
d6c713501458,1.113323544000093
3bccf798cc5e,-0.6205218321480263
e13a38484999,-0.5416054409221966
5710be33e11f,-0.5726045880974232
0a6021395b5f,-0.5909005069428473
75b6b5e7b425,-0.3823804380593039
3423a4b52662,-0.516380559664251
7c435a525ea3,-0.29369580834919035
000376982e98,2.544124618924532
42df4e4f4f9b,-0.4659413079784278
7537e90545b2,0.9242733811644571
906ccf97139a,0.2580920333114011
2a1d6f7df77a,-1.388765899142689
7faa114862d2,0.49773935784639667
621ec0b8580b,-0.7386827935015549
49af9d4442a8,-1.095634760610506
af14834bc0fe,1.4072506647861571
dde751dbeb12,0.8499998852099976
09e3e17b44b3,-1.1803418012528177
7ef52e27bd9e,0.4661468106013256
14e30f781389,0.6050434592861398
2ab9772948dc,1.1948994152784962
63c7b1dfb15d,-0.8757463718123468
db8b7353208a,-0.4856820492883394
64697ae9dc72,-0.6140123547172223
d50762f231e2,-0.6162253830412991
d0330283af05,-0.20856458117518548
b227d6e3aebf,-0.6511630554774084
490188e189b2,-0.5391730019427562
c973c77fbec8,-0.03855629036030607
68d79f94c5ed,2.710293697891008
fee541980209,-0.047078825282806394
6cd2af2e6757,1.1101530054064201
43ca35e26a91,-0.48717005178078715
1986dab82fe3,-0.13282111023131848
a7959786862f,-0.34326491848201685
9e664ee6039d,0.3310203025979523
6241744a19be,-0.21683584280463777
6b03bf64cb00,2.9929760641310543
d0ebedbf2a39,-0.5070851436417471
b4c85af28172,-0.2820444818910831
5fb1abbfaccd,-0.6840244171086398
4620e6b4a85c,0.40123358870474646
1387a6ac8199,-0.5235465384706368
925ebf61728e,-0.1973685574092442
bb9111866a30,-0.4921541918528256
75e58a7fa0a4,-0.47890586377292105
196780dccc4f,-0.4762471872812587
16fcaa9cb6d6,2.3613973023365498
1ada57e07d8d,-0.750893818331666
874c86d39d2d,1.3118773568032855
84b255df6bd3,-0.6159644756235234
2e2dec33e068,-0.5800763663365087
9ec489a2a941,1.009398605233756
c20017dab67d,-0.5488690200641336
b7906ee9aeac,-0.340577891582125
37bd279c8696,-0.6109077635174502
c6542d8e3c6f,-0.5939920779028625
ff3dd09cabb7,-0.16514466373406333
7f775ca12d0b,0.4090015823914699
6ad0b6e206fe,1.008583817694271
35d6162751d7,-0.9641095865714526
f4895bc26ed8,-1.246028842804444
b1268c473925,-1.1142252844147222
83a05962e1f0,0.3490727602888522
71d35cd82e6d,1.6038454927243044
bc6c1662cfa2,1.0452418039146463
d3c61d643eb4,0.48800011543738625
8129d9726b0b,-0.7627568801596174
84abb9bfcfcc,-1.1305550391626347
648a1228b012,0.3139300606619405
128cfdfe0319,1.0765888716005214
0403b650efec,1.1368796543006692
5fb421485daa,-0.9128093859521031
0425eb58558a,0.36851583228583634
ad3da56b6712,-0.44078720477452654
5a1516db4f52,-0.9908236534215905
21f203d36ef2,-0.8480774690493983
28fb925ac734,-1.0657191649131992
aeb14e40e617,1.2407697723425666
906213e4b09f,-1.1824973776473022
32e998f6c876,0.44068076067061573
91de16872ceb,1.177279364557911
739d20eb6ea8,-0.5930076641040657
13dc622c97c0,-0.5571780565191536
eacfb434a01e,-0.6307544937978959
67fff3581571,0.8436822116630499
937b690b9d4a,-0.39539465784382805
5465135dcaba,-0.4638365809840674
5c6e1fd85c65,-0.15538054338034918
a8223953dc20,-0.41521639607487015
0365780e29ad,-0.5919005440562012
3b925a9774f6,-0.5815242716480175
8f80e21ade47,2.6913694062510234
c7e9fac12851,0.8491415904943752
29160413294c,0.37143084418394956
dd6b60e1ccd2,-0.5573717267497899
8636baf09054,0.25246437776058217
cf956d7b8505,-0.5952212869105172
96a03cf6d243,-0.38331024144865
d2849ced2c18,2.9910957192992065
d58141d53ada,-0.5069095475808076
8f21bd952242,-0.296355711639135
e7aa78ce29ef,-0.04935775048990871
e021498a70d3,-0.19506193257900176
1ce41f123cef,-0.7386897183033947
870578f27877,-0.29271302554253364
48a9d4718b32,-0.6000028607375556
4dcf8edfeb05,-0.36239569264611327
4fddbfdddf9e,-0.5525254939847196
532ffce89c69,-0.4030395434924531
89d7621a1f4d,-0.5429339160012169
d20e9f679984,0.954872947864804
19e3f9443378,-0.5625022011993875
8054d4e2e7b7,-0.5869511002062736
70f35ff9f9ab,-0.3094952235905108
871b2ef74b17,2.592343308360396
5461d1ec7715,0.9878927639301208
563c7b160b8b,-0.6152629882970913
04608eac7f40,-0.4132426781525813
473faf4b8104,0.8803662319422367
cffd0134db47,-0.6315219531479559
6fbf5f95a0f6,-0.39095767540520177
7ee1b071e668,-0.5895067558220216
2e4b3c8c4307,-0.7152308621287925
01196b49b072,-0.5263560242207974
d349ba802c11,-0.46440344979951304
2edf834f2a77,-0.4712486935041857
de82e0bc6f66,-0.311652382663386
8f5a7e9d2abe,1.0346497807620352
ec9d07c64b65,2.5991044621401636
27d07689a8ce,-0.4722033113215699
c9436cdcbb39,0.029578650536485313
4b8c43374b74,-0.584981751471897
d2f29e6b3686,-0.4946196624561751
a39bdb2f47fc,0.21681170436434352
bf45df47b4b7,-0.31970992695510864
ff1ae1074e6a,-0.5660710285523696
c9259a629f16,-0.12891595622302315
462e05b39046,-0.43460886812692173
c1ca92a6648c,0.47790310215711207
20268deb62f6,-0.6875588962701554
b302eda741e2,2.964375944319279
4dd56904ad47,0.060987728879745504
9c4211c047cc,0.03942863391569765
56f9d887687c,0.9101465103974471
069fb1a39428,-0.7770722851948435
75e094d410a9,-0.8077806176482742
bf6eff40d990,-0.49560535947907836
c9876f993643,-0.17415838609779744
0532bf0db8ed,0.05988509036989104
0d14cc3fc35b,-0.7785947369313225
98ecad57e944,-0.8225528984337466
952b2fabc390,0.07674974921443425
9b1819f0e78f,2.7085665710078475
18dae788fdbd,-0.3357466424611647
a4ca9c05dd3e,-0.5613379951430534
c7e711c68d16,-0.5478063930879264
efc076e8da3f,-0.5584981902431143
09ca1f4f1326,-0.57729967929445
25138fe7c1c9,-0.4245269716808406
2438d6af6386,1.1360375623186498
489988255444,-0.654664931160967
f024a2818a1f,-0.5191617065249404
fee7fc200be9,-0.3349488598173622
dc2b168e2b1e,0.7845364104848611
de4b067ab80c,2.5934173966103082
0e1f619b149f,2.5366825933616295
6ccc7b58c084,0.9889027968538979
793f5f2cd789,-0.2899665014844243
0e411ee54e41,-0.8635378883241062
0b329fb59ed2,-0.263576841404776
ce65aefdb6ef,-0.5171554305223465
e8f49ff08081,-0.6026413192985445
24e650f13d35,-0.9130009857160934
da05dc5c87f7,0.8010699084999959
c730531a4d22,0.02884034193692343
c349152255bd,-0.2232949324053267
6cc17cf6c750,-0.6823217414968287
8d55045854c3,-0.3593460658921954
a06bfcd89ec1,-0.3742619754287588
c4fe83e152b8,0.601550631144705
41784dcd53a7,-0.03481311620141885
6fe9015f35c1,-0.41559031562011073
c80e12cbf83f,-0.9166600881453973
ff909ce66fbb,-0.9804721352324249
3917b9d3fa11,2.695476991549407
35794013be9b,0.1808020906946215
c8f26a298476,-0.5100048220621115
4ccb8ffeb7bd,-0.5707349059265516
fb6fdfa4909e,0.6840537111202358
7385167befd8,-0.46540596740965073
2b0c3e0a42d5,-0.06725771702427848
4ebaba38dc7d,-0.44599894980366217
d55d5b761647,-0.439685857716716
620ec14ca748,-0.39889532401993755
a32601c29fea,-0.6239007961693924
d5da4a4e68e7,-0.2260402782203891
14ebac106c4f,-0.3711464047449757
0d663d7e58bb,-0.5011907524892937
37dea398b2db,2.802202364254282
8514e25010a4,-0.41753685649130234
f59dfafe974a,1.154856539835316
6ba36819ebf0,-0.11833509490924823
d3c2d3b9ca72,-0.1783778319630868
3a27e2b54137,-0.27082410960960085
9b6779da5c39,-0.10299525845149513
bd8524dd5edc,-0.40068289517903743
5437b4ca5f9e,3.1425495860736867
b5f5f6755ebc,-0.48618148719225807
8b827226ec7b,-0.10264974882913341
3f45e1e2d06f,-0.30923552365280704
74f798cea1ad,-0.4360617040915649
9a3763932c6a,-0.4356194796189765
4672f48e3a1d,-0.3015864525764787
7be093c00f2f,-0.210829091928249
c6beef420808,-0.39428315462298535
4d7d2d52338f,-0.36021481128409516
3c0bf872cebe,-0.3388934146505439
4f30e54e0393,-0.47844626650636396
d909e6d6d7bd,-0.18513465142583185
75e6ae65318d,0.12940633946502225
c4dabab1049a,-0.02989179246659749
ebf7ace72f20,3.1174217445139005
1964e33375fa,-0.3067284257796624
1edc52f2aa47,-0.5260249316641283
22aca1c7f2c2,-0.41638154365046504
3eebeee020b8,0.0600575723318936
0c98eb03f282,-0.5340673702928634
b892407ea578,-0.39380358181630204
78c0ea891bd0,1.1987605037010116
47f7722694ce,-0.3073254224105858
d9a2db9c0840,-0.8384003998097768
9c8f20e2abd8,2.730065785878234
0b5912c2d95b,-0.34385413797842357
fd3fa5aa89a4,-0.2541517278772391
65932bc569d3,-0.34463118969992945
5ce223d21b90,-0.3289666274520544
192f8abd2c5c,-0.6436834045739641
a1762b6cf878,2.7431436257709123
661c5e476f61,-0.3987180503743988
3253441a3ac0,-0.5315765097998848
6967be2d3c5e,-0.6284756544678178
813c58efc07b,-0.3311383341046587
c98325c945f4,1.0689257354174044
b70519e59fdd,-0.4840560828552859
4b868c37e981,-0.4473798147635466
d81f36efa929,-0.5947671977440757
bc6cd58977db,-0.5160429805687449
294e968d4bc8,-0.3269109470043268
85ff669c6597,0.4469962104944229
aecc6a7ccafd,-0.21696403995310376
efb413d4e585,-0.7113457937363011
a62ef6b5b28a,2.289341848608398
89a01acef98c,-0.663400915700723
fc0111bc94b3,0.9516152643825578
2aef56da4708,-0.7575664990658254
ed19b5a9a5ae,1.1859201828488963
19b55d8f5c7d,-0.653337970922688
4e9923e52330,-0.6901838068326673
d7643d51f42a,-0.594530745053503
1d97a780f5fe,-0.604052112293053
a95c513a74d4,0.4645045877180124
d54babc3a1e0,1.1500209685185252
0c0081f2d86a,1.8418146588752535
175e6adb7f80,0.04009251579178455
c41c5668c1d1,-0.8616388981381622
1d117d3d5346,1.354671100141869
650247c63aca,-0.9992460092700481
3623a54cfc77,-0.9070270801108341
83ec6d690c0f,-0.9678399886516545
d5abd6a95e59,0.25486034507396127
345adabe804f,0.26825767406777973
350697edde82,-0.4860797499052162
1ce8e9d2f2bb,-0.6878855363932582
3eb242ef1ebb,0.7299397317944449
214bba9b0939,-0.10042253088406097
8b5653148e39,2.2628091318817223
43739b7fa7e0,0.7465059560738546
a44a6613d332,-0.4034222290809446
8b65cae584cd,-0.6372678504881385
4c4b2a4ac496,0.12088315540645343
f8afc8c2592e,-0.24682495819349187
40b5bbe546ff,-1.6435414121756087
12cf00e591df,0.5409785540622004
17fee8c4877e,-0.6857127586454229
450b02514854,-0.6839247897510083
cfca28dd84a1,-0.5008850654090203
597034723441,2.782289054731036
7bb686feeee4,-0.34292200408222057
3dfb30cfbf94,-0.1092757877461682
a589fcdd20c3,-0.4559309693470533
e442d3011c84,0.6097269896885984
8a1b39ea6d27,-0.42436513063550085
1c06eafb5529,0.8184064937215634
9aa43d7afbc3,-0.6597093133081084
8d49bd00d997,-0.6130948738301412
d7fc88562db7,-0.5302739934841789
0df9e9079feb,-0.5739654002988065
bf6c6b248ca0,-0.5287888598077345
355587576e43,-0.4262472791159837
ed6d8b6e4e64,-0.4181326299980467
c4a0a4374bd5,2.0341096711428963
4c850d1e4063,-0.7068007642218022
4243edf0d1b8,-0.452296908673474
c7c9142e1848,-0.4074433134102412
bb6c74b404b5,-0.665824615011619
4585e2734cf1,0.8383309038937401
1deebfc5cb66,-0.31732819573883997
d20a5fb65134,-0.7997958873413094
dfe76e9b89ac,1.8502178782824141
e03efd8b2184,-0.6575887733386527
86c66f932077,-0.6716088177132471
c9b413c3c01f,0.9054838677229261
f67ab3a42d2e,2.487340504207644
b233c841f973,-0.06089869230771492
dd18c7aa6ab9,-0.6338858944466113
70b161ed42fe,-0.8160815191298373
9b490c6d747d,0.9638220307666505
1bfe2e1255cb,-0.569045823457449
42dac3047465,-0.6811428147969588
446c13f5909d,-0.5062926852872218
00e5c64290a0,0.23989861778047278
93c6c1383eec,-0.4473639152696208
3249a792fe64,-0.45176650018373155
1933318d9856,1.1218404639081208
528dcb2cd9b2,-0.5616395395260855
6be5a111f5df,-0.40993344837130496
81678b4e142b,-0.6959904497941594
68b1daf39f1f,-0.41165359721392847
ff2a523a1392,1.4295187898888202
fbfaf7b71cfa,-0.6430439178793445
444655e35ba5,-0.7002344149046712
32ae06d9da46,2.2386156702536666
d83f3758169e,-0.4683491409077608
665835a57916,-0.5745377251671695
741f2e654246,-0.7100204121630548
30d48f7b0179,-0.5368069631284873
99579961c8be,1.0650659960338655
e43fe07b842b,-0.5200632080179226
fd8dd8de5f4e,-0.24057160509984088
4e39465fe563,-0.6322744916187947
9d3baba14369,2.4492036055556863
c160c4245dfe,-0.5498348029040052
01b7602c9d38,1.1378903824881437
14844fba68cd,-0.3835124817814769
192a0c3b4429,-0.5045382941969426
91725561244e,-0.486586530305451
32919066f610,2.6710824576403702
808826fc4a65,-0.40406243292540883
ead2e2777f14,0.8141879989988182
c83c95a0d8cf,-0.5796975619696951
608b84bf7a5b,-0.48694369324031933
c3a670269d2f,-0.43228719030190144
c6553c098c31,0.9732432238298304
08f7a05cce19,-0.49675829378043135
243339a090f5,-0.6105088904922278
81e93cdb1531,-0.4222085803632907
fa1456d628d5,-0.5394605070902931
e20400563605,-0.4168854354456538
3cacd16caeff,-0.35925007107512047
e7574136aa82,-0.5099565648287663
416bfdbcee15,2.57338263402825
1bcedcb9a051,-0.7465474624280788
6af669f92609,0.9622507422993477
3331576ec448,-0.5490965237647157
dc32e8ec0889,-0.6321300362290521
99e64566ef25,-0.193944183052495
80baa38f3b96,-0.5570090711266
8a178aec5c4d,-0.5524809300113827
b6e560916beb,0.981666901634268
e2cc294c7ea4,-0.6709782835717261
6fc98c160168,-0.5624516701602955
32fb68d78995,0.36222325771247743
7d86b470dcb7,2.3237858563010176
11b5d252e2c0,-0.7598971289836998
615e2505179d,-0.618368818439837
5e89ce3ee652,-0.6417875544837044
5b273a666b85,0.9079665645415868
6b7c28ac3e5d,-0.44521295589517085
62e6475c2659,-0.5839446908527622
c719a53b1898,-0.5831456510113532
9124abf687e8,1.2718110748434663
4b82299c6fe2,-0.43808976900878216
f3b6645cc892,1.3689335827181237
eb5c0bed78bf,-0.07937740666457471
84ff33fb5735,2.670737228110291
b45bd3465c3c,-0.5967500235092278
80f877a9da6b,-0.5399446647431969
7d3a606172fa,-0.4698133733759879
99abf54a817d,-0.5668946365183091
24a208309362,-0.5040771377777938
810f0ef2bec9,-0.43468631030632676
4211aa783efc,-0.029210635632801674
ea2e2796d13d,-0.38082685329141397
6ca3cb366812,-0.5496685702480848
5a4f8a607702,2.056152476147114
25018566665d,-0.7002573040704813
3b35e4800bff,-0.37797154115180553
9f5d30f167dc,0.8756586008192174
ec1b2167e09f,-0.5427813543358229
5ab698b0c4c7,-0.399443502735382
379fe1a549de,-0.6785507805438591
6289f5adc61f,-0.4452065807648106
a6126871dfed,-0.31025145213857896
5251574b4dd8,-0.7412166323070166
4d81d5a2ce38,1.8135366413295102
43062f3b040e,-0.4751784192989501
7ae4d5a4e0cf,1.0257710303940724
c106fc31e059,2.660210399679057
7023202e9c3f,-0.4007993891979221
ce6c56d8718b,-0.5503186427884015
e6bd4134ffe6,-0.5156135733143041
dedf2d89ff69,-0.4674301062796483
269b24e79d04,-0.5356217283154363
f6ef84917296,-0.49536777420306516
e13a467ecce0,-0.4744358121467479
a5e9b9dfcf13,0.7880202356075802
901b5db6ca6a,-0.5592362201362348
7ee093392481,-0.3890780031827475
0da7feb6603c,1.3797620235835188
874b46504b14,-0.04758539515864915
4e4708c5abf1,-0.3944264639927217
9d2027cd600a,-0.9479525330306914
86e0ba230907,-0.6881024444553366
e53c09447054,1.3416002913630383
a2148c8b7554,-1.2753653095580777
f55f1eac7f09,-1.353695409093499
3132fa8597ab,0.521683252559225
0c2c82d82bf7,0.7064133529593908
6d8761679ecc,1.1467466380065499
2137d3ac8b37,-0.06083957750585531
7be07b5f6ec3,-0.014109511643279804
4e27e312e6c6,0.05493051771597369
9d7bc4562a8d,-0.33803959473471284
4374b5a9beba,-0.22623828248030076
1e365c5772ef,-0.8020229070314866
e9d7bfcae0c2,-0.610379991244882
88aa9ba3c261,-0.21021396504474732
95ddb17118b4,-0.30580225132686906
482f259c7e73,-0.4927610724668531
fe9df538559c,-0.062452058311863165
c18c789272a2,3.067928694074876
2f7cb32176df,-0.42141282636095395
b22d56b08d66,-0.3170620499739516
91880a81cd7c,0.8183287928862053
01947d6ae205,-1.099664114878314
dc0a8cb1c941,0.12271758276989803
6654b3291393,-0.4854080671934123
bfcd5a85d68a,-0.14492135435620196
375d237feca8,-1.01232308323341
317e45787e8f,2.1918434790223627
d4808047b8dd,0.3653373707644666
d0ed7305c5bf,-1.1408683051575508
0b4f76003235,1.1234325757108627
d3f82211a183,2.6076854966218517
4355d5f08b20,-0.48056781480217126
4053ad79a25f,-0.2302377687791435
7a4d8496e8a4,-0.5502952519026922
194aa06298b3,-0.48588967976149533
3c94961f6f21,-0.5725969990906183
ef7f1a8601f5,-0.4636812736081321
07e4281342b9,0.8144810381757712
ebf2701a2b81,-0.37325027756273005
520cb04f4af9,-0.7119673282313339
22a9ed0ca65a,-0.6162945667594769
bc95461e22a1,1.062614425700171
3bf5cc863a54,-0.5473581472770905
25ca8cf924d7,-0.29181953273256883
bcb4ef22338f,-0.5226239116009663
f239db1645c1,-0.48033812570408024
79589144fbb7,-0.22990819646136554
4b918500efe9,0.3122569439745979
ac93ccd6dd23,2.8419704824491903
9728f4202325,-0.6288070878206747
50b221d25b66,-0.3352305189987122
7b5f777459bb,-0.6292423746509147
e72701e42d28,-0.3804364204055293
3801cd230882,0.8915368892281145
e52ea0c391f7,0.7843672825463086
940721c928aa,-0.6109423848356282
4a00a6565d70,-0.48055889869913027
8c0f99ad3acc,-0.5613695980842707
7c1ab3ba97ee,-0.5011232227071583
cf9713796f89,2.5870968454167786
9dad0f8ff93a,-0.5933632539660559
cb6097cc5fa5,-0.3159153005263663
9f9101907c59,-0.4989733236774916
9f1365bc1260,-0.5076390296641453
bf5e9cd6cff6,-0.45428537167350863
45301609995b,1.1527062558706678
c7b857618b8c,-0.3279270270112691
eb28e5a2ef2d,-0.7191756855987361
90762b54aa43,-0.5820936787681668
3df8d1989400,-0.6005342078745756
1dde1665114c,-0.666763872401241
ebe5aade7d5e,-0.5464038401840113
10ed2a8f167b,0.08567144047487898
292edbc3827b,-0.6592772176219905
cb0d6056c848,1.0233731737459115
20d8c16d4a1c,2.5370843364672484
570c586b9862,0.8946425358105211
7d8d14d0cca1,-0.43859595703856974
66d5148899fc,0.5693963477121087
72645d099f5d,-1.084120417380993
9bb24754014f,0.8648003152657708
e0c250dc04a5,-1.0303846577497453
dcbe30632e87,-1.0049821119188618
4da306025434,-1.0441846191695945
018d4c4f12f3,0.08335770733891343
4517e736d068,0.6961346626090112
e812e8c905f7,0.17953217224604373
127b53600171,0.6437811004348428
f5a721003793,-0.8443863776523007
30a9fdfd1355,1.971055878264805
c7083df92304,0.574593174281715
cd9ed73c7521,-0.8701218186253319
f1c041ec3ed0,1.0472946771051612
71b96acb2365,0.6385310205419049
c7f2e66bdf18,-0.09913364791403112
82037d638a1e,-0.5651406059040118
f8a9233480fc,-0.6469345110991249
ab0838f2ff12,-1.0466177259001646
7b7d60980430,-0.7270012606882965
61b4a7f235eb,2.2995667376514404
4ce56fa5a5ec,0.21242398416418515
cc735dd8874c,-0.8174600236134456
f8aa50cf69bc,1.1964598488145723
a889454e97c0,0.9974669675329436
661e464f4aa8,-1.245283917033932
a9daa3a458a6,-0.9222811385260401
a373f1d42958,-0.4800084370582443
0f2a9a0afe60,-1.044026985710179
cde0cef5c21e,-0.7573438724920883
bbc2f0c8f34e,0.9535619043184438
b2c2244ad4fc,-0.6961814197874118
5619afe6818a,-0.28896714389481215
c73096ed87ec,1.0899011962985516
bc403c78c9d6,1.1967029975381962
c2e618513283,0.8196471689151063
2afc4ab3d5c8,0.9765461924769311
465f3e02336b,0.5331788046548314
79b696a23f63,-0.7810205700321932
f5a833412461,-1.6892521801803884
2e5663ee53d6,0.7790628161523889
78bb35303724,-1.941234662857989
47529b467087,-0.1409036868861826
4447adcd2099,-0.16207494926301175
c7ba88fd70fc,0.5680309509660249
a0a16b4ace5e,0.3804000672415877
230363b0f1bb,0.6576200488128948
fe5a094f5e8b,-0.3489904848395983
0e87dfc72f88,-0.7017619496264329
910b7d0b5a84,2.783177619851009
25590407463a,-0.37500380519071663
32d61426e710,0.7510248452559056
568aa45708b7,0.7010492116265755
09bdbb31895d,-0.531178532877699
26c37f42731b,-0.4101135108404823
5757bf41a9ad,-0.1952403071157512
19c1705d08b4,-0.6263671721264581
55147d74eb0e,-0.5879400039870852
fc94f1b4fd88,-0.45865591012926654
0f1c1d85debc,-0.5352213103748182
d15eae06cfa4,-0.26198551699716277
3fe8653bcefb,-0.5857420441197209
196aaa6fd543,-0.25255350998903286
f46ff3c2cf73,0.6006096396327939
ed35f9174f08,0.6485785299134802
3178efb16a8f,-0.7776193619917686
f490f47c231f,-0.23009781318538114
1081b6ec4011,-0.559665215617149
dde57c6fe8f9,-0.26900911852137743
f76ddf101fbd,-0.6108534997737751
01680319d7c0,2.833559221023912
e650e584961c,-0.3968776309442485
3f8bc0865e68,-0.7177760963745203
6bdb782f6e87,-0.2830893611777635
cd4c304be746,-0.32587770693501833
72fbef92eb61,1.3718943137137711
a7820a0a49f9,-0.5772555656037607
8e057723148a,-0.6980062832217236
e653eab5bf53,-0.6171387396624922
14e3dbf2d853,0.8189949051681344
1e9714b263af,2.409491971343693
c3faa104843c,-0.6905300287226523
400622cd745e,-0.2938297775834192
35747f7e133f,1.0712683991608003
cf5e78f666ad,-0.7463809711760089
14a30caecb8d,-1.6229904269084625
b71f42ed7acc,1.2050153980128955
6d111c1fc075,-1.3679133310682408
ef18d8f662ee,0.9718686753647179
15f97d5f32c6,-0.25246035777284204
c65c87dddb52,0.1957327782371408
18a16d184732,0.2988248750546116
352333411872,-1.0734416782733662
a6df5d601d55,0.6623302062727504
05f59d326a60,0.6581464330960041
4830de7519fd,-0.14469828370567983
9e91374606aa,0.3436191496627994
97e9a318e7cd,-0.14414039707152115
c50c545b47f2,-0.7698932406713845
e04d0678ae9d,-0.13590689702547204
5064d896152a,2.2803599183902876
0627cfbc0c92,-0.7277537146404075
0453c6ff41a2,0.21907527235323704
f702d4255847,0.960133080025687
5b6db59c140b,-0.21973239958407906
e942f4395084,0.14235513468499716
c02d021b9020,-1.8034176224184637
7f4a01eef179,1.3300990943923228
58de22fa5ec9,-0.8775451376510145
eb44a414640e,1.6513621801346534
56ff3d41fbec,-1.0328204051567942
04758a32c861,-0.9352779650031577
683654d098e2,0.007345976154994613
9f9a4b16beb9,0.9684949526003344
7afc277c981c,0.9822751188183688
7c51c165e20d,-0.7903625398544682
9c3f35937f7e,-0.8065971604755968
fc463a34d504,0.2257438782500506
e944d355c493,-0.7227179922096935
9206e9d804a6,-0.5465480662950045
e84ccb8072cf,-0.4992595078923192
420c5b4ffd03,-0.3734512394991819
74d7d2538590,-0.5280206294098505
b07ca7d5ed5b,-0.47034361906395306
cac31fe4eb8c,-0.45857813508249234
0dfd675d6c6d,-0.4891693831260694
06f0192c9468,-0.5088820858979336
bdcf839ec61f,-0.5152836891474829
31af6318fe3e,1.2153508619364608
87e7e9e06ff3,0.5111481673549858
2992ce7fd36b,2.66303732612284
ddd61df218b3,-0.32102792936670255
e135a60cd600,-0.6023275654645783
75e11075a2ec,-0.3505172726283191
9801aa19a293,1.152415256601277
114523230443,-0.6558215519473451
b7def373db9e,-0.43391691166075574
897623feeb3d,2.5283724482443146
79b727d6709c,-0.4917362531402489
6186cd63e658,-0.6585339757577633
e29348ef8e38,-0.4703685764503956
614f18283634,0.9004335365095938
aaeaf00fe0af,-0.5969712049390767
492711fb5d47,-0.7314142295321175
dbddef5b4bef,-0.5843427627883341
0013ac552464,2.1489387628097885
d67643ffe50b,-0.5793740889885542
e3698aa6de79,1.2198832906040742
cef5849868b7,-0.621803295403293
b19dea2ab07f,1.450908022641509
099abe7a697b,-0.4740366302974827
1778998903bb,-0.6172163403268706
e1735dbf8485,-0.538734549773475
b8970b437e86,-0.5035250939572081
63580355b70d,-0.16928308498803607
3f9e854d2a9b,-0.6244008397769656
1821231d92e6,-0.8028700156124322
84c29ff1b577,-0.3294140436479622
59f33c10e5ae,-0.7354604111717555
d572e9d3ce0d,-0.550606923709538
cb3604327295,-0.6557920195496876
e8db37e6979b,0.012773154326535445
a634f999ef52,1.02761296552293
636e782a5c1a,-0.5932923523789972
176cfe3477c9,2.3484944570161566
9c072b828dd0,-0.3325794286414772
095ade0917ad,1.235535457623194
95c1fd2f212e,-0.42658850635326545
8ce8bc049a5b,-0.49162064153238255
0005e0c48a89,-0.7212487457088579
c83b4f273593,1.4409021116333511
bea4f181a127,-0.44075895162913015
c47579e428e7,-0.6299936962974125
11de190ae26a,-0.4191928765687445
02514b468eab,-0.4014452686604976
bf42b7710dd3,-0.5760429083909685
61f256e1d02e,2.201731892759335
25a47985f328,-0.7022605224100809
2bb7be363125,1.1665181131586537
1b77bb1d4351,-0.32833468154189593
024da956d058,-0.6150156328427684
da73c6f5cf57,2.6305265280940238
84b81f7f0d7d,-0.4844858917034422
446fe019f2bc,-0.49143264100577216
270bc960eb00,-0.6125753773343823
868a4bde5326,-0.43622683896238734
4e8d193b2cd8,-0.5034352646256665
ea21308d9edc,1.026928172940856
173d36d539a5,-0.4503570940217116
22f258ad578c,-0.5749071690267676
3321acc362b9,0.8393158900299144
8ebc760f6cde,-0.2950222603799096
743694101893,-0.28932010151195037
4c73b8aae8cc,1.2107869005658205
db32e7a26a6d,-0.6330374782916227
5eeaddb8a007,-0.6577626026564408
09a2d5f4a35b,-0.48808657144948947
d550b22e287b,0.42972178382019427
f136ab378fb3,-0.6632028207280397
2e911b736bff,-0.22682137151483273
7487a00090dc,2.6548143319453748
22c2c4529ef9,-0.5112809737200562
e0714198dc6a,-0.5307888360790481
d8cdd31f99bb,-0.5300038208612248
6ca154043b06,-0.6019761921591225
41576ccaa91c,-0.527312649049871
5214ddf89156,-0.5619530421688892
863804a2adf1,1.0082745465664726
e1edf7d676af,-0.4272835870224345
4b2093d3e240,2.5721744751129414
0e46082e12b1,-0.5757133510982803
8e31a52af0c1,-0.5229069626025739
3966ad8d2ef0,0.9909358492290601
d80d811a87a7,-0.3196439668339211
cc4da6343f49,-0.504591299112157
82f026d70945,0.07491870792781875
f53528ae752d,-0.9339798944515411
501dec65ffe8,-0.48482252989142366
1d63a366f013,0.7034528021051704
1c044051a640,-0.4828265631818553
9f57e5c1f95b,-0.36847581198904167
ae9257486e9c,-0.5200817890535978
7326942889f5,0.842229687838592
910b773c3bdc,-0.5537190300667372
d52406ed6971,2.6574086820144323
31dbbefb3aff,-0.13619197359932073
abcaef891e3e,-0.7979122876524959
147d7299d859,-0.08627646708062078
57ec85172e53,-0.1959875050493088
835b351723c4,-0.8806238520808192
1f88d533dda8,-0.6079578902693693
1268e5677288,-0.18696588778834278
4369cdc0e635,-0.30935667257012356
18776d2134ee,-0.18547972563416815
b7cd11ea7d69,-0.5907905125655972
d1b49527cc00,1.1710586984618105
9cd3a7b4b171,2.713671208393291
696e59c383d5,-0.11326463412818068
27204432bc76,-0.7280267596885707
17b20ed0ba02,0.08980144591644397
8e9ca513f324,-0.6067161670528166
1d9b6b66e58d,0.6535584601192407
e6815c7cdf55,-0.6719588297493951
792de6daf045,2.527398237914399
364cad970148,-0.6524848599725175
4a79378abda4,-0.6796989425935424
8eb8f3477839,0.17833663845190315
33b848f87cf1,-0.6113457906427902
ddccfaf73e8b,-0.7145052330169662
55556a6f54c0,-0.5996053974100495
6c1802c76dd0,1.0872204380360904
9e41435b44ce,-0.5229035251930118
384746d168b3,-0.47843881044588177
f9bc8cf99b19,-0.41716651331875343
2f623ec8756b,2.872257471118526
9157985e266e,-0.40061059694904005
116ceda65b0c,-0.4394300767125851
6885c4338611,0.9948245059024353
bc52ae7253f3,-0.38540212326886936
fc7a87af041f,-0.5546995191418926
5a818e18f417,-0.17490756046054035
13ffeec66349,-0.06892519902303124
09b262437c6b,-0.424598052507356
7d554fcc835a,-1.059388018757693
1d1ddb485628,-0.21795389700100992
1725c2da3e52,-1.241008815230415
c3544d2a26ed,-0.049712469766981474
8eb4e719d337,0.5853688994586551
b3b88aa8165a,-0.7127523762005448
6fc2159dd6df,-0.06916408478643889
e3531725e9ab,-1.2194970185282614
5859bea09703,0.2849010042829476
60ae1a5420a1,1.5876696923384488
d976bd9e15fa,0.3203616134113566
70acc030dd52,1.7911754707799372
2f1f802096d0,-0.4524330816786553
38c2db04cd3c,-0.5683133351885324
7273bc2f83ce,-0.5201155972187111
11d8a2c53ee1,-0.49364901224244273
75dee0997ea8,1.0857276619812872
af63dfbfdcfe,-0.47687135177988066
8ac2345cd478,-0.37270287832421534
fda424b0c2eb,2.6241143669006615
dec5549ccf99,-0.4460452579133586
66e9da38cd48,0.7927646740063291
9b05ab6d71fd,-0.6118351007718064
095a2d1dd33c,-0.5606410877706753
0ed5af4b6b94,-0.7307010574556008
3593fd8e54c5,0.3913413120904814
e7345af4f83b,0.014189204236704691
1ed12a8154ca,-0.5922639569160462
e01930520f08,0.38259218728187905
a50966496078,-0.592236842412291
82c1dda6865d,-0.03430354179739587
6238069c9617,-0.6991509961059483
eb886f98ac2d,-0.7003010216352923
b467b0d56205,0.2920967703040778
1f1465f2b5ce,-0.5711580353710137
8b30849de7de,2.8398959777804453
3cfb9192e6a9,0.05993736289323587
706583722a05,-0.30510267803841473
95930751c4f3,-0.4883164387039409
52011ed2dea9,-0.3785684319729024
a504af71e99e,0.22042386337772668
8c41cba5a75e,-0.36534167723732314
7e0b3af2b3d1,-0.8616182528173939
0f4045082273,-0.05823945833115339
a1393dd06cca,0.3044970229349998
407068fd5433,-0.3012135057551774
e5ea473e079a,-0.7861819176823099
c89c7fdc9220,2.9597241113326533
841878ace299,-0.39764738967488567
08e6ea151587,-0.6077900217434423
9889e4ceb7b8,-0.2755422083035302
aca63a9f4ad6,-0.4424872570714014
81c3ae9273bc,-0.22569275584589799
2bba527247f2,-0.557099916343909
3c119e27c6ec,-0.5128416248817314
1806df2e3a60,0.5529437081042718
147596df0c4a,-0.6066156627982107
d13cb4366042,0.7420524926837669
fa0429c46bde,-0.5107777733655986
0b691f5cd623,2.841498409240568
dfdc7870186d,-0.3808878421588693
164a430e1a3f,-0.2090935503497395
1667d5293c7b,0.9573235689327482
527723b5e1af,-0.34900651527612014
4fbadfce9bc2,-0.8762841128967127
9912359f18c1,-0.638983009799657
7b46e4d5ba3f,-0.3370884036107697
1cb4cd6a83a4,0.7525954875957567
a98d4487613f,-0.3857976523808509
36a046458a7a,-0.830720219712535
edfbed6ed2c2,-0.33595008955773237
85922fd071eb,2.633892339214482
f9f47f982d01,-0.672729713009901
b1beda92c96d,1.4654851812994616
afc182b6998c,-0.5817916910968969
ca27d23904b4,-0.6284806730266786
bf7f221b8678,-0.6519322940426908
8172a07c02c5,-0.1386476650619299
697d7d321d18,0.9526446871484491
f5919c87af9c,-0.5842153997922384
e19666d43bb0,-0.5673979157297226
f36fee2733e6,-0.39493560562124436
6d892d2a24b9,-0.48522402667893083
6db6907ac646,2.2872251156123227
112940f1636e,-0.6827883248911042
c51ac8dba8e6,-0.5469355144276266
e594a51770fd,-0.6576507771802558
bbf351e98b65,0.7907435382958219
5ae3aa11ba01,0.3671196865272863
4ca9c86dcc91,-0.6789460131652615
51125fedc3b7,-0.43387188560184864
c11d72646b2e,1.3853602317722271
2908f89f7369,-0.5745019641235738
13969cb0d3da,-0.6171960039698555
271a7bb34b6a,-0.6473470513380777
730c8ce44277,2.2960140781022678
00283638da9c,-0.18988850811963487
e059d253dfde,-0.7106132613728575
757e3ece6c45,-0.11390775472963063
c679500cfd44,-0.787605521895134
d3d105447cbf,-0.32684579427398364
41f03a883433,-0.595545570256371
756378fcc6b2,0.4322736944337178
3a1eda049438,-0.18934225919968756
d329e5d9887c,-0.7896217153322962
feaaba9c5c3c,0.7636436635195637
e3a9fc70785d,-0.2909111233467271
5c12c6ec1e5a,2.7983641505730406
bcfa9a00bdf6,-0.5978732872146229
17dd5288828c,2.5813680982212786
bd663cbcd712,-0.40578922324875666
11828e649ed9,-0.5209403356822405
decade63dc23,-0.4786355210759417
d2475c1636c7,-0.5427303070263578
22eb81c57c6e,0.9954152117488848
78c842c428c4,-0.4545713559004883
debe28d68460,0.9948644612991295
4fab67e9ecf0,-0.5405660797077811
802c0669932c,-0.4834778546105045
363ea9a720b8,-0.5470638068025989
7f369220eb2d,-0.4730643201693305
d8204bfa4fdf,-0.45932588788232764
ed45dd287058,-0.48468193629353584
812cc88fca8e,-0.63596759170891
cc4acb38ebd2,-0.5240438865910609
189a1e16aede,-0.18819461477581453
eedc55057ac5,1.1035758993140845
dc68f2a2ec46,0.6864827817597476
ced35347c86b,-0.5959384448777427
7c0c3bfd3d95,-0.5047356437866547
af8da43c6a7c,-0.5675102342482798
59659882032a,2.6434038792598247
9cf09685ebeb,2.2571916415321422
bf1310547d3c,-1.2066370025305486
a9267755313b,-0.35388603245839884
155ec3708cc9,0.5341446651545734
15cf527fec9c,-0.09949307459265776
a30c85e62d9a,-0.5217837481359711
9c786083bca5,-0.3774831338596395
6f88b0040c62,-0.9341040777211395
99c691afc218,-0.05924722253816176
820ce069fe35,0.4587329460854251
8a3960814cd3,-0.9387674905384737
be82de385374,1.2413325296028497
fe3daf89ac61,-0.5302871839255981
80aaf1ac1e02,-0.5139139202398515
ec1864be564f,-0.6365079660595957
607ca5495fd8,1.1661469276786778
1b0a8334043e,-0.4396644985342516
7b1cee817028,-0.2667133485031293
83a8b7f9a4a1,-0.4227219379541084
37a0923394ae,-0.5010417917243679
ccc7bb5e3470,2.5396743590191653
b0dde7354bf8,-0.6199118463937787
c9846d4d9bf4,-0.6380832618225469
46c08167a304,0.8630244684593853
14f8511454ae,0.3383666000636486
6de3ec25341b,-1.5003651432963663
ec7d86e59c8e,1.6915014847881207
0e030304f90f,-0.36465748597451536
cda4cf4c0b22,-1.4962604980094159
45f84556d44e,0.6305755651816564
a5c70b8115fc,0.979552444480464
7caf4fbd2ea8,0.5096893260343097
ee1fa2e23eec,0.195638315828306
46691284e76c,-0.12083107991635583
c46e9d8e3328,-1.1562870737901711
b3e91ae7ff71,0.29307754461032
c6daf689f030,-0.3500569212601531
235b730bd9ae,-0.07033479855881904
9ef3e1df5c46,-0.4826629880056431
a09249c8464b,-0.8684619761498008
1f81958c76ac,-1.4241222155024902
8344e55c477c,0.9986445501522809
7242def41125,1.1385855659921755
1070d2b0eee6,2.1166959342701994
a15414993dce,-0.10080198069429919
84b93d201d4c,0.0009666836014225119
683d7561ed3c,-0.9851695654906999
abdca3e30582,0.02671771164582616
5fe33de9c4d7,2.2346862454616483
6cf945f5c774,-0.4989129184852894
6bb6ddd39f0a,-0.3917038341643246
59d0fb02da5f,-0.7636699543558582
3266f72ca4d0,-0.39209877264275955
6f64bfa23ecc,-0.7570336230818113
5505972f5eb3,-0.6111276731240118
303ac894ddd6,-0.3459204579961676
aff82d722d26,0.7522817647452317
083099d44b62,-0.6057738161861654
82c201b7283b,-0.2652111869946984
650f08f80970,1.6444842268242064
2ee57fc2712d,0.002505678413155212
65d414fa8baa,-0.37116561642176565
e25a81dc4a06,-0.6548654985549007
283e24b584be,-0.35579823953477396
ccbbb833d453,3.0686277621922184
72368ff00586,0.22742130349371398
1f4db03947aa,-0.6012174112761852
38c90f480900,-0.25621501478293535
69321da23c86,0.0059677856807103784
c36fd12dc1f5,-0.26268214783903265
506721769c91,-0.47582250088470035
1d1b897d1a59,-0.32675610048550435
3f3b2678c3f6,0.16763603636341673
c33b67104a4e,2.5449516176494824
ad1af2f157e8,-0.04225520233588635
575b8dd3c197,-0.23905050165021646
4c5771e85cd9,-0.7351903365988974
3e21bf0d6ba6,-0.5654650933575691
5c32da2f24c9,-0.30604701211647134
aa42ee934a81,1.0135509959660567
c3817d1fd713,-0.8118828652432554
4b21f0dac62c,0.5393653489025654
b25f66521462,-0.7095116202776226
db22db3174f6,-0.8561013673016021
fb16ec9cc818,0.5518195677502908
b2f80331fb33,-0.18357070314979113
d7d5797a92a1,-0.9134291651915527
33abc5fe52f5,1.0679985862411956
5367ec08d3b2,-0.001036244533265368
455f8b3da459,0.9674457713015562
15900b27d7c3,-2.100381560528436
50bebbd03917,-1.3190333644592638
ce32be288a32,0.13349401783367176
5399f5da25fc,0.6873887360763262
f78702563426,0.6866238463331193
5f5d3b2abc17,0.42268051232614867
45a73896fd0e,-0.5718351997167949
db64af47349c,1.2086781512908948
1a03d85ff626,-0.4316913730555916
5a82d520b1f1,-0.7226724799851904
6fd2e5eedeb6,-0.29164270933206016
704a6ea88802,-0.5625773903074187
13bd8a99b8b1,-0.6189785283242272
4838ffbb2ee8,2.136361363218675
bc34980972d0,1.4305975879221835
9cae1a4ac90f,-0.6428157608655775
3713f8b12a48,-0.16315651866957837
2584f322c613,-0.770267142175314
a130c75b5fd9,-0.5454200556360618
f1d01b11a2b6,-0.6247240590219872
2aaeaca5efb1,0.23180914043266007
3f2bc48100eb,-0.8058007309167183
081c145efb5b,0.7277662555269697
2a17cea85bf5,2.5041495389330364
bce6f703fb00,-0.39462957600000975
8097c2c2fbc2,0.1256815156727966
93c97e3892d2,-0.7632920401662291
8728e43f0a23,-0.721420555960199
b89e691773b9,-0.7243646412107922
20866671967b,0.9902452083465344
93937bc19e77,0.4712137270013348
f2a88ebd6233,0.6277832763718677
41a5bbcfc4f0,-0.747904352486537
0eda98b5bcf9,-0.6828142952832811
7f06b60cf72b,-0.7401680414317122
ae8724fcfedf,0.5773445999293778
4e578f4ceb33,-0.8039613632701086
a264f45d95d3,-0.6989219499013432
4921b8672a9d,-0.745397862947014
ed3e17c663de,2.511050619970536
aa253c463ca5,0.5778240845965413
4d12de43eb4e,-0.3460484425496613
9c06d9870463,1.2753732972440135
2e181486fead,-0.42783201667433074
9f27ac22a145,2.1129748571739846
306ea7825e5f,-0.7224216700045223
7e2e1e4a80e1,0.06023321505619698
2de64bd8af9b,-1.0208890309230414
c4c342dec5ec,0.5157950231104786
73078d0ea1ad,-0.8839601591742686
769813fc0323,-1.006857483300122
bda061b77023,-0.7770883472391313
655d946b9bba,0.282180117295339
8e53fe73779c,0.5924921974354038
b3b1ea4e9a6a,-0.13060392631619747
b68cf95d3f72,-0.8600043267774482
9e408609a5a2,0.6822262854992472
17616b8821d5,-0.10025289026819022
7b4e835c777a,-0.939482418482542
ca6e668dfa18,0.31697832656864927
91d99fce80a8,-0.2671743592787162
114b599f0a39,-0.9454950955365958
4e0c19f9e34c,2.3827998737625933
56de5f3791f5,0.9616506647731194
65e0df72b9ec,-0.10573566074375082
d1d325e6e0dc,-0.9949064732001685
9f4d1a033a56,-0.6982883261983731
5fc378215a75,-0.720911226778324
df11fc12537e,0.6786621225997274
19f601c7238d,-0.6185968640640165
1e30718cff2f,0.12332896810282556
9f4d50a28315,1.3847751256487022
f5b75bd81955,-0.5361783753481304
4343cc723f1b,-0.41865118034240606
28660033b703,2.417114949444392
8bb21b292cde,-0.41422659318310917
17fb8bf1d234,-0.6781791663965698
f254ffaef921,-0.5188494334847179
78a828958e87,1.3343335047477318
6d07818d7ec4,-0.7151553258721302
036e31c5de90,1.7902937780258144
e39ae7a321c6,0.838859551840958
65a202b9edaf,-0.9185600628715859
b9aa90dc0f5f,-0.879766805953953
31c75bd5ff7f,-0.5067317012201693
075ea7e4f0a6,-1.0007608390557858
d21ca11e2b2b,-0.6154365961995562
132c00360f7a,0.6057427162252521
999197e6175b,-0.7168832436697188
d6da181358f4,0.7840650240031427
e433ea4afb8e,-0.15681686437059023
396f8267d66e,-0.5527687327736903
0401ebe92445,-0.43840007549785637
36c6f42f3aae,-0.15519243414659467
556653859e96,-0.5449368091833758
a1c9699a7e0d,-0.31564002930069035
036a36596695,-0.22594663979541316
c73cfbdc3055,-0.5251788620024358
a702d3c0bd76,2.8831731061459562
bfaca595d4be,-0.46997388386801786
588dadcf23de,-0.4741954189989228
b71a613f37bb,0.9758766437916311
df7b53167675,-0.817910768877593
486b7eb6378b,1.29485123928561
ae2d70b0b95d,0.14535572265351487
899f6e011987,0.25368182282515633
205a24587ef8,-1.2165882734657378
569205217e25,-1.0700909908667968
26b099338bc5,1.6830574927880957
87ff088aa519,-0.6372096504597761
a498b6c8b8e5,-0.7461059426540815
ac15962a7e10,-0.5019709037004724
c9e296ed3b84,0.3142543217027954
9985ead32343,1.2986759307692852
5bdcd1ef2e4d,-0.38298590713369135
4176c577e2b3,-0.5376855655406731
d97f0f88c3a9,0.9564376067691107
ef0b0b81536c,-0.6744190796521685
7adae4a78960,-0.47447102191808527
f6584ac4c6de,0.9264556275878082
9544c2050d37,-0.6435941772793499
a0c6e3bb8991,-0.4779748012749202
a2a12a91e20f,-0.2793972309148354
78975308eb54,-0.4317613730080665
c7ce484088fe,-0.5947559886782602
3a8912cbec57,2.6141519110431313
eb483840eb3d,0.8012645301358
66041555a7af,-0.25692975956756176
3cfd4f3afb04,-0.4854071412142833
3715a023d237,-0.17470171274209612
b40572bfccb0,-0.44899862646525646
a0bc3dff22a0,-0.5776492050076271
f41695036aad,-0.5848249616632302
7ad191ed91d7,-0.6564818093708135
cd92856826a5,-0.5681829773903438
6d75a29a7441,2.713865131675291
f162039cb403,-0.5841875330744194
98a06c61cc29,0.822234064684541
0607cd7cbbb5,1.018164733241647
066b019987f6,-0.8154820718543087
c2ad9a26f124,-0.9933950497323151
4ae1a89b5dcd,-1.2152640229086467
9b5e37f0214c,-0.8390807718704013
ee9328945a09,0.8054349718286421
870036f2fc27,-0.4434789704356071
487649c4503e,0.9254309266005707
c4ba397cba51,0.13701800101606348
01f004174723,0.9221661836673991
7e8af4df1eb4,1.4504693164851457
9023fecd2a91,-0.9519832460381887
1249d2b3eebb,-0.7117268299522693
709f5e37a090,-0.5241618214716569
072b8c0a90fd,-0.6931536037204864
a752a963c63a,-0.6317005155956203
6ec7b0ba2429,0.7847617541416431
69308e646ddd,-0.6686211397361177
5d876e470a18,-0.6414085454118655
853508f7fd07,2.2109922715372865
89a9aac55090,-0.1033163225210704
8e5f11729c74,0.3026600365239228
561d7c707ddd,-0.8073457028871722
4ea158bb4038,1.4830204190934055
5f73df85f5a1,-0.20770119311779017
2adfb43e41f6,-0.5850675522299833
6baf0d6da7db,1.0335602231830003
952cc1576e6c,-0.21456223851726886
43b03358fabd,-0.451746595152989
e0e2a92c2336,-0.5408473352002121
87dd26b0b3a3,-0.31744216705690925
c6a9ec9ab5e6,-0.734030977638632
d2fd22117044,0.23753416131687527
965324b48212,-0.49617674357080355
fc94064b1249,-0.5126116623258699
c972cc0dab04,2.7890920803105828
66d479357250,-0.4732727858486235
869e4928e959,0.8359817181690186
c58fc402848f,2.7512633752686706
d6992c9026f9,-0.3132874466308804
4f0afc50d5b8,-0.5115733718552039
c10693f8e8d4,-0.6387039967311425
c6e7fffae5bf,-0.5228254282359731
1446cc6fac6f,-0.4875717540711221
4c8d820c55df,-0.45660343355486527
2bf9592a0b7e,0.7517666893800361
04f58a7ac0da,-0.4965379859377146
bf94b5b9d914,-0.43863557995219976
5c7bec00f941,0.7573829711501039
615d5c16f4c9,0.6936515334258935
e853e7650264,0.7373223385408981
957ec8cf3869,-1.5356432170093304
7090bba9b60e,-0.35321649640309105
c30fc7b6839f,-0.9056407905619026
830ca6c0c4a4,0.878600161299595
5bcfa8e2338d,-1.9554469622507054
c0e6c07ee375,0.018668053147285618
385a649997fa,0.32004371473912363
bb04ea70a2d1,1.1160954440203157
35185ae506be,0.22818324990181454
caf6cbd629a7,-1.177962208498027
99b4014f5468,0.3959575909570926
9f2261c72712,-1.5147622520414417
0252f210ac05,-0.6595393640355381
a9f2d05285ce,-0.8396247557480025
745e40eb61f3,-0.6914838905979784
0bda08fe3b03,0.6688369671235065
723323532951,0.9700835199931372
3742a88b77dd,0.2028282802558644
d14bffcec111,0.20664654823021997
f924e9c56f8e,1.8027332838090449
5ecaefd4e7c1,0.6362862805521218
b7ab55a9c407,1.666605367386755
17c2c8f919e5,-0.048824100975967746
75b970f3be9d,1.2924160269444274
34fd9cf63f51,-0.5658460280335066
7473fc40bce1,-1.116948858910254
bf00c5ec8976,1.6120323257117648
1b3de40da1fc,-0.4903012288845878
881aa73e96cc,-0.40677021652432244
1e4ddad8a50c,-0.7855045181135615
e062bd6c172e,0.294591715972645
1e920de13fae,-0.4503142857266794
d6e260be89c1,-1.001136198846713
6d2c81e65a81,1.943654519480017
e4f9237eb463,-0.606680300702281
2224c3c54417,-0.057348814262331425
48d410d18fc0,-0.5897446620600972
d1b6d834bf1e,-0.6876317054822958
62b03336d9ba,-0.9844947541172389
6de04ed55a4c,-1.3914651734714154
f25e12abbd75,-0.15206231991215532
8a0d01b1382f,0.5718855901450723
f4a97ab3c2a1,1.4818431732656483
677ca7ceb971,0.6710869458956547
44d904401784,-0.19904249877857746
3f2fe214977c,0.3942460876040312
ad405ac98c9d,2.0829782160210617
d5def3ce8cc0,-0.921950761450451
91da1e6cee81,-1.258833985143398
afa68774fa84,0.17156577843416587
61826cee2af1,-0.9270573756997497
680847106195,-0.40676894158747945
985f2c9c9fc4,0.03739591051471369
bf84dae36199,-0.8264859768565089
7913650d90ba,-0.38468123657136893
70e51514b701,0.900809775080825
f6d6c7d8fdd0,1.1387825096541584
15a76ea7ae68,-0.5906699317068046
c5677af802e1,-0.5117587281961926
44bb8361dc92,2.781699437382624
132ed49f1123,-0.17707669882635724
14e786131b0e,-0.45808750244585883
d7401d19954c,-0.011391676293896195
b9a46b37fbef,-0.47685658101276424
a66003f00933,-0.5768238814688657
39ae95023070,-0.6197217944487379
3b80a6629f23,-0.7214914422660756
2d29b243e7e2,0.7240943259650106
06bf0eabf79b,0.6380844733179183
b6e6651b1f68,0.7396981628175474
2b9c90cb8b55,-1.2181954958638193
ae6b78af9232,-0.9158136543662643
bd47e8f3fbd8,1.1974081474376275
495abab70a37,-0.8304156761597344
ad9ac7db0e3c,0.8661735233354069
d2dd95c97546,-0.10985760506856584
8a80872c7bb0,-0.9857007044634463
8ffa6fa0cf2d,0.23360774001921855
f4f1fa569b3c,-1.1894755311353296
407634b05168,0.7559095880237077
998be1e53406,1.4566615054236511
9b5b7c773bf5,2.7033100626429634
312b460c0210,-0.26855108386577775
75fbff5919a8,-0.5160947587965975
38555da689ed,-0.4676792894378676
dff3a4daf691,-0.5832706604392291
3093b6aca31f,-0.4707701348015028
dcb801d6661b,-0.5484772439021248
f81c854bf79d,-0.5174427541319618
8af837d9df48,0.8320009341292732
84b9452504b6,0.8611387343638569
7bc476c49620,-0.38034934865263414
2dd8cfdcbd54,-0.6438144571083984
f41a7ad979bc,2.7867620465461833
5bf550cf03ce,-0.6070000522514997
980753dc2250,-0.41536463703879023
cf98f0420712,-0.4655088833730544
2899633d8b59,0.04962038591844472
d30abb3e4545,-0.4941361557057698
6e2f803e22e0,-0.41475506943902524
f2433e3e4308,-0.6501168313521178
d5e14cb879bd,-0.43425282422109146
4f0a8740fffb,1.1108066165659862
d27e080c525b,-0.0365580440672897
233d93da650e,-0.42949655158197597
0c402c75bcb9,-0.44419053864584257
85e56ea86db3,-0.7822453490701484
5fb17208d33b,1.9354159179010728
5a0c3f2db280,-0.5647204622466081
14f0330ee668,-0.7849822322404881
36b9ac14f145,1.4755820596778366
7ccfb2387e66,-0.6146955083426848
5530121872f8,-0.3325252915235933
df2a9371d85b,-0.5400029107039016
a211856d0e17,0.04765379429342522
da5a348ea053,-0.764456782538001
b7941542a4a2,1.369167303438933
a8cea6dd930b,-0.7476240734030235
43a609e39997,-0.7201385196988347
55cf15df1238,1.1861564599469738
95fc15f4ab99,0.17358918179993732
bc449f004c4b,2.1838629523860646
0e50cf4921fb,-0.5337559776673018
52443e7811d7,-0.6756206161762839
da22ef9d1e0d,1.3065157148556112
01ebb2937ba6,-0.5682812112196924
85dc881d28e7,-0.7330062936842153
9b398a8a1eb8,-0.5408396035553215
7cfabadbcf28,-0.3308580135839141
80d35b3ef111,-0.428819358997529
49b3d9095d2f,-0.4534587958285734
02e5576f25a2,-0.5495932225310638
c2bb4115f39c,-0.32345383536188366
0eb5f0636d1f,-0.4526921221323717
3731556000a3,1.0375219698224802
256042dc199d,-0.3694670009486816
3fac2988465a,-0.29166254133997527
d3efe0f32ef6,-0.5817232455431639
cf57727c365c,-0.3512386041870465
49a98a998508,-0.10280888730163867
089326b5f738,2.867395644349447
8dcf44250ab0,0.7812295906128959
5aa658268242,-0.878813821615062
6d511247e951,-1.153533121562838
d3e600961662,-1.1892615606946715
6e557646bbaa,0.37740826407037176
b65f16dfa3cd,-0.022064725406625563
c33f2a7b1d2d,-1.1693337354602593
84c67783d321,-0.34283390410566855
a6597fda5e02,0.27935423493228717
d225f60e156c,1.0332633895912862
a4af528b8cf5,0.29649171344257075
9e2d5d2910d5,1.9880936761957124
856248c3eef6,-0.5455238830188838
700973e63eb2,-0.5121860371379149
6f93ec441199,-0.5454616486322854
c96080ccbbe1,0.7363188719100201
80bef59d1d0a,-0.4596262476999796
e00f27578bfc,2.5946892560559753
dd58e6139fa1,-0.24834783758437834
df80887bf18e,-0.5657313986873356
8391b47017a0,1.1693870958083847
dffc081266f8,-0.45469899718128487
e9e719014d0d,-0.6173303072872645
939829ca7f6e,-0.5514888665450535
d394500f2aea,-0.6308963057119502
cd78c26d3458,-0.5188489186529492
0cb0cbdc9817,-0.7115362410730357
357a63d4c51e,-0.735900372708455
53d9509d9155,1.235171274014691
f262a63ada4c,-0.4449831234343922
3c8721a725a9,-0.4198863297995912
262538a315cc,-0.48203708473123313
2565cbe9349e,0.9925529592344418
3cf61ba80b35,-0.7115423962916024
9b3cd9b5a9b0,0.05246542063673701
7967c3e4e6a4,2.3754411185173394
a65b9161495d,1.399230191480444
86b4f9234340,-0.3417263254233682
2e4623ab97e0,0.10870525119271374
34b938c55fa8,1.7859663788391853
5e8c3fb12fd9,-0.3554002826733925
dc3e2d5f8197,-0.10772344103982111
aa2a8a345025,-1.3096415684772467
941135a0cf76,0.0864063390842915
f63e9f71f7bc,0.1347357493646754
b553b9589b21,-1.398751840014365
dbc3bcd246c4,0.9396201040563856
e84812e40662,-0.9414205563895024
db3908fa19a6,1.0161375270598574
315000a1bba2,-0.5038199722335839
35aabd22f559,1.115107190076197
e990a378634b,-0.6886559315474363
a8727b6a1d4d,-0.7983687357458866
550f618f06cf,2.4839186850280353
17d66f8c8db2,-0.5091254432116424
6b80a4810a22,-0.4736619657097224
523846eb6571,-0.40437838156243955
6514f31ce532,-0.4594106426708805
6f49916496b7,-0.4630872714087113
e25a62f6eea0,-0.3146550580737854
0e5884f6e235,-0.4264917895556137
d6bb3d33bae4,-0.5974809096315399
b64ee269fbd0,1.0389908209906933
ec7d6e96e2c0,-0.23580067625814055
dab77d06d42d,-0.5610884793076765
c2237eb337f2,-0.6496245244001092
89462cfcbf4c,-0.5121555427900634
337d10da0af4,0.9251104089989781
58cd89c9a8c2,-0.4950958111984666
4f4804638466,-0.4893328466629199
62c42530af82,-0.5740141318118044
f04d99656e74,2.576983481626663
40977ab4b452,1.4842585582498622
00f2252c5759,2.147024788542762
d3ed7627b688,-0.30705726664292743
992bfb41f462,0.15498212794467628
5f9043336130,-0.6430442429031884
d6d668549470,-0.783171084046098
48a9a721bfbb,-1.0106350163281907
04902fa8d3e0,0.6213610194119756
04aa6ce69bd8,-0.7770533637563187
478c1127dc31,-0.9079431430572134
df0f9f198162,0.26526892856209
01164422e613,-0.24399130597742885
d96b1d0d166c,0.3746485505442009
b07fbb21fdda,-0.44237159233434137
6e63a7ec8e62,-1.0072227382245855
4d5d6cca3e6a,-0.5847116904058451
8f2fe477f8b2,0.5780158994858625
78d63f9880e1,-0.10521041658674887
0b60b5cb1b17,-0.9366951095361989
2a65b26e86ff,2.1435059317469722
c7c87560f06a,-0.9314885921503897
507807d6063d,-0.6941706896376127
ab22b797dac3,0.18320171941759295
c1e9bceb6cf5,1.4224987276810943
8168240459a2,-0.3142574892585728
e1b018c01c9a,-0.42673922525715374
5751cebc2ca1,-0.6815457212563569
bcc40bc67682,-0.18279821839462856
35fb372f3bb2,1.0352336949578125
422b93f53b96,-0.6339365826522714
a35f09f51b08,-0.513166452735901
958025c73939,2.467503370520398
45b061de38de,-0.6250326555334117
1e6a5874bcfc,-0.6106428387314745
a6ae984a3f6e,1.103854873871407
0e4ddcb14d6e,-0.6184727555298472
7a63b7e690c1,0.4667111191621244
fc828b2e0e44,-0.17397354278752747
5b185cb50032,-0.7003471377397995
62f91b9edf21,-0.9626269385052308
b5b7e7b80576,-0.21179904016376278
b4c27a4050e8,1.2865038667767557
2f4c4995505a,-1.0238293397313825
47ddcf92b94b,-0.8240580281900267
1f8023467857,-0.8060997480981884
2a66e8548aab,0.04612396419939733
95e7a354f440,2.088440857834723
e3987e842686,0.8149539672429174
68aae4ffd86f,-0.7376768272639199
1ba696d05e37,-0.5978889940038838
d679889a533b,-0.470229757086986
9f1a4e79d4b4,2.4318947876051715
0e515adde224,0.27635227424065345
f804506ff819,-0.7037414748428078
6d28646d04a4,0.7368718090372763
a1908b46de29,-0.7942570185225787
54211a1e4adc,1.078193177625753
827100471773,-0.8161056986325779
7a3a4d4b0e96,-0.5822551462807328
9949070276de,0.17884286812463296
bb7241ecbc35,-0.5348893897952703
8d5a6c9c6843,-0.15224575786582148
fc254363ad7f,-0.5948878500284418
b29e53f0ed51,-0.7813224438301748
f46b7459b851,-0.3584498798441727
9b1ebf817fd5,2.2768608795994707
355ace5e8b49,-0.7204943646436242
01db7a5ec77e,-0.6098548229369387
adaf155018fa,-0.10049778085614908
da6340d8d165,1.519995580733667
95480842aa23,-0.7016456747747418
449595659bb1,0.7574315042421973
15e7fa40e431,0.8725560437238309
e2c3760b9f29,2.6640425485204577
5a75228b845a,-0.5506939959522941
daac6ca98429,-0.6508987933884827
8a87a2264cb2,-0.53679960467175
acc78dac0355,-0.29664146947166836
30f5bbe0bfc3,-0.5129423529608518
d5ee4656a926,-0.5289773980285467
6858350f21f9,-0.5148268569034282
a18f07127d27,-0.4092019032074706
2f0b745ec43c,-0.4578995495997396
d2eab4ddfbc1,0.9222833319399428
51d189c97626,-0.911732446049023
2759977dd9af,-0.9398375599271406
0e3601cf8ff7,-1.2584912499096126
101729b88b89,1.6653726125811383
337fc1cf7462,-0.18292201191319504
854476d6b2ab,0.16562930172319912
5bd4af54b2c8,-0.7356243208907451
8e9612c2abff,-1.1210552473769049
4336b95371f7,0.7074262794522256
16a273ce6836,0.7092181127675118
40f331a67dfa,1.1949156619100985
f6e7bf6fe2f9,0.7071008676324483
49dfcfc5f2c8,1.6601846556661852
52d70d1af1f5,-0.573520816385561
b6f2607ddb56,0.1666517598606844
279d7f7b6a35,1.6228557139999655
7af36c676b1b,-1.4184919877282411
b526b2781502,-1.4178544779921387
ec4d297b7068,0.09467532463502908
8169e443889c,-0.5271282496258515
c7b5307cc326,-0.03292412357824288
6c41307e473f,0.2230165163191527
ae5e6c786e23,0.7136211220117493
2251eaf2f9ce,-0.511085437182731
40db4db414b7,1.1543475962609229
83a5a36673df,-0.5455133191204153
44c32d61de96,-0.5618688011040869
0188984541f0,-0.20825075676949262
7f253f6d219a,-0.5202556482059678
d2328cf6810f,-0.40599815458113264
8747a6c311ed,0.29510033470338115
685aebe6a1dc,-0.5105787102378325
144032b7cbcb,2.740351986471052
c2440861d396,-0.5603212140081096
00bd5ea01b7c,-0.5106238009522048
4461e026e1cd,-0.36638951245611395
81c9d3c4e718,-0.48553991253724527
47292d5441ac,-0.5794382332418488
5cbd62ae5038,0.8799794554419399
1f135aa955f8,-0.472194429507564
480084e703df,-0.511746076701609
2823eb258cb0,-0.5595752091814836
10b1a70dcfdd,-0.32424967280538664
0bfc8e21096e,-0.4494416965739601
0cc6c0450506,0.47413343067020575
aad3681b5a14,2.8252553586975573
f0fff6bd4d61,-0.467815233257714
1cd1a26ec3a9,-0.3293677810028911
b51ae8d223e4,-0.374419905710562
1ca0d6023528,-0.5314256589740171
4198fa8475a6,-0.3203005450972441
d8d347d8818d,-0.6504079825496595
3b4710bb0ec4,2.7481889443366163
b2fb36bad7f3,-0.636189777850571
a1191d121847,-0.4756368114489851
1b9e3899257a,-0.46564468087323696
d4923b979725,-0.4024097883605185
0688d09b09ed,-0.475258784646868
be57b0dc9c75,0.732193821926473
f864a4de8bf2,0.8513111692485724
71a34a5c9308,-0.3281395325828805
55dc66419bb7,-0.4948699586076082
99d7c0a89617,0.731019962315223
61af51ab8ddb,1.3302547670416511
c4535b07abbf,-0.3100028018171365
e4d02481f23f,-0.4746189879622782
b3009eda148b,-0.6521656678211025
e0769af57578,-0.6209205035474452
262408a71de4,-0.6450370411799149
cb3f456a2ded,2.489295019553183
baff3176c923,-0.3441625142113544
f619fa167d3e,-0.680652741180336
a16dc2901660,0.9742202887957568
68916d248bcc,-0.6536051324153352
01415036673b,-0.6009058394092492
6f0eaefed45e,-0.5559922487024879
b6045c9ecb98,-0.36099128730055585
cc6eb4cb528d,-0.32678921662321797
f9500cca9763,-0.254768388156942
49cc7a929c1f,-0.5784439287546244
d7098d93cfa6,-0.5932846077810344
6a2d28055085,1.0053027413086117
71fef5d7f8dc,-0.616635333852548
c79c3096129d,2.5618929528916263
edae4a44b7dc,-0.5618911387416731
292c411e3292,-0.3372326828445808
6bdc7c067a87,-0.46381574505700557
de7610ef0368,-0.5844921370564794
ba663a9e8eaf,-0.3048629672431742
9bdbb01586ee,-0.5495161569784711
af8e722f7cfd,1.0504365462873309
794258a0b65d,-0.6207497380550574
29c2f274ea7a,2.5760996231662388
4c77aa61920b,-0.5932840037686624
09c1bc4f93d7,-0.5321496977019098
5a1bedd9c9bf,0.9214580979934435
fdcaf8a67e1c,-0.5607430554879616
77416f844370,-0.5644269070351834
3574cb32c9c2,2.4070959106310132
382b81f8c0f2,-0.45240522599568245
fb7058533aac,0.47928182774910416
b2d61ef91e3e,1.628061877960029
b7c22ee5ebde,-0.6000182551836769
be4c285a301d,-0.41315612354099923
6557d90bb7dc,-0.5846477909988064
9565757d80bc,-0.4801667652959577
8874d312d879,-0.40689589366213436
ab128eb8dc37,-0.45197959913974467
9afebd205a7a,-0.4675674687158026
73d30994e755,0.12773412104154042
ff485dfeaded,1.7218051920962878
a410f1577395,-0.8203121126026425
6f8add3593f0,-0.634282089402374
7a8c489b7bdc,0.6566505575306825
cb3bc643a9ee,-0.35048376858045827
3341c3d999d4,-1.3901140770377225
e80f7bfdc9e3,0.5043102238023861
ab221d428345,1.657838423708359
36876e19a59e,-0.0994539033362704
6806bb20279b,-0.9061250985039854
81a0d7c4f9c1,0.7478883820840343
14a37390e5ac,-0.7652484622189817
727a45e603ff,-0.6438378597694661
30e0e62878a9,2.73613972695911
43c4356d09a0,-0.5673117054818064
184ccf93dec5,-0.36076989739684134
e01a2e5d979d,-0.5203997014284429
352c5471b7ad,-0.6593817712341925
f18e46bd3933,-3.2658115496922435e-05
48b478b7b306,0.6144647316219588
ebe4423c0f69,-0.6313941909313807
de6f77c10005,0.04988340591150556
4e2c1d76c3bd,-0.6708442935876825
7ab29218ccf7,-0.4379392714807086
824d12ca737d,-0.5894590542633477
4aa1570a0dd8,2.6439626020833424
6a2ef8ddb483,-0.6274677378244927
07c3c15bae80,0.9291185221301179
80e929c01f57,-0.5521376990094137
3ad0097404e6,-0.5600773029534899
0e4dbc624572,0.8260401510986587
c4f12b2180c3,-0.5044242118460819
4142aeda1acd,-0.4310088037584095
c417603f9bcc,-0.02576290058849258
5ef95b96bae1,0.9152594876418345
f71eb2612a30,-0.44549754362235344
a0dc0097c51e,-0.3510121477869448
56e8b6a8ad45,-0.5076366171912758
1118c03a3c50,-0.6152335374824144
37648e5ffbdb,-0.46693454771730336
8623057a6f0b,2.741863017902401
9b98662fdb1b,-0.3726588038127797
7b49ed0904e0,-0.47714125544965225
0c8123b89cd5,0.6746073098992157
69e8a374b4ee,-0.4206685647663516
afc239de9411,-0.6749467976143756
1d0c57a720d5,-0.5272875284961156
a05fe8aa6018,-0.42957035016533957
b63e3458d0db,0.7990855640061636
769eab906353,-0.642941601839156
e4aca67a0844,-0.2900769049190258
4a659a2195d9,2.6409136697750526
6dbfc4207dae,-0.34093964310415875
2acf536cdc2a,-0.5279676763318962
ecf9b724f86e,-0.5993529566702727
1b90627bfc3a,-0.5368754194569005
3b9f8e6ca46f,-0.5704481458883192
5b11977cd4b0,1.025460993089968
d4b1b1ec0db3,0.09751837738457025
00d7f9d96ee9,-1.0075513955500355
b2b51417b747,-0.6305441859635323
3c68ede2cfa5,0.13502393622142242
8c024bba192d,-0.8921687713456999
207360067be7,-0.8847106390874953
2300ef25716a,0.6305122174698495
c61bb546fba2,0.11052092918172046
9c4cfae01bcc,0.746376723121501
38168542b03f,2.385592890666846
422bafe66521,0.38390262316778134
60681e5019b0,-1.0744727052669278
7ef9a7620ab5,0.45367118548836716
45da2ef717d3,1.2269617441714666
ab74d3fd10d4,-0.5632112701530082
b9d7d81ff151,-0.9901597532991253
7d46a5d33a21,-0.4504391584369894
462a01185fbe,-1.038860297472577
16114d59152d,-0.5216825714279405
cd62fe28c45f,1.379370198490262
320da8b40e10,-0.6083525887648437
e2be6fde4284,-1.0660341143073178
f2ae2d4b3f9d,0.5345971239564141
ce25558166d0,1.6441395017552922
1c023a7f24f5,0.22257824856322983
967f8a2d8b18,-0.5482393160349348
9a628722ed1d,-0.58885708488887
6bebc93d1f1b,0.32972086435788117
787bd9fffa92,-0.5815281839897022
9b50f2fc0378,0.12081092417782736
972439922dd5,-0.32620604778225337
5492af194140,-0.6089603735285446
2602eb62b31a,-0.5108665508331534
c9f6e8e0a41c,0.25546988911887564
91246adc206d,-0.6869440978991779
14507ec7b9be,2.923021728738822
513680b121b2,-0.38356982673021467
afb486761f87,-0.37806664474751084
a403fc809e35,-0.7108289373159252
c5469adccf07,-0.6913622377757657
52945b39e8a9,1.125362961828248
5b577cc50126,-0.4865075035118105
b5bf6016053c,-0.7012582175587805
bb8c2c3c369d,1.1160883604281018
4d65edd3b633,2.4196804239895506
71f2f5ec6bd0,-0.330955715603065
785b77fd12a1,-0.5960109765726106
7319d9de8723,-0.38257168643021666
3e8dc7f63230,0.060485622597784325
dd520d49f544,0.1127485547172801
be0200379725,-0.022713462944534763
f39252d32de4,-0.5235548855106689
51a5045ff169,-0.4836363204554306
a2b56c27d630,-0.5970889632700024
84c986ff770b,-0.5217838699467968
466ad9d5b572,-0.6815464969233981
15afac5cbe08,3.0287985800353168
8008afd6c275,-0.34884423018438804
2b3a8ad015c1,-0.11666543327952206
24502f7be1b1,0.0938009051643608
f856fa015592,-0.601421143005732
7badcd387b26,-0.5946269826259056
4bda10818197,1.6944506016402088
e6eaa0538899,-0.7473534726618665
8c27d3338f5b,-0.41757380153806267
308155e5b41e,-0.4962270584392328
9884c809594d,1.5792031014550594
0004d078cc6f,-0.6122368039087234
92be773f81ec,1.663680067236701
ef03ddeaa356,-0.3984964171255924
5ef46faeedfc,-0.5672584178015573
6c3300a92b87,-0.5021396732252963
cc7b463ceb1d,-0.04687316343966963
62bd62412c1d,-0.0006858490517403018
da186f30d0d0,-0.8784368491529528
8ad0f52f74d2,-0.05067686208712215
f3cc7f512eb1,-0.8385950082490152
5193a650c5c2,0.11119828018127385
5cd4534a7e9e,-0.00014833231199332456
f96fb3f6402d,2.967793316124387
ccbae8d0b551,-0.47815830459102193
63341cc07b1d,-0.6628853813996705
764a5a986b66,0.013045770691330689
b8c0f3e50249,-0.135577616713806
6dce8b184690,0.4152604594059272
5689ed47c57e,1.1749781347720059
9dd3e488bb65,0.7039483291949702
b5f589e591ad,-0.6884718436905992
9da20daf3514,-0.8182058832972694
77afff4e8e57,-0.653342219389019
f2cdc9e75c70,-0.7728688983690938
ae01ebcefa7a,0.3070021875524448
b2ea8f937253,-0.7671364454805667
26e76c4edcb7,-0.6248527441855516
b2b17d8ec852,-0.5838684389419794
c6470ae6c247,2.3075573624287316
47f0bbfe0626,-0.3529975038687041
fd5ce29970dd,2.83820247929424
6985c42dba7a,-0.2022982531860597
fa332ce67951,-0.4011956477519663
9ded9dbc9c54,-0.590869327240928
deff65bb95f7,-0.4434162668077713
e13b4c9f6fd0,-0.4567260089744346
fcbf316ab0a2,-0.48360762949003805
8124933f1753,0.1891768480229676
640cc816f9f0,-0.448980809813401
c494615a0ba2,-0.6372844160668997
33d57ea20048,0.9899965358829945
4f159fe3165e,-0.8934943372478303
fa3465fb510d,0.6216507553535796
b04b5947e3a3,0.8870090048330354
1034cba65c6e,-0.2861686714551287
de29665c7689,0.12505691911917777
72111151cdbf,0.27148627376625367
85807e1b1cc8,2.1889700904204163
f73dd3f65942,0.5355614198750305
338881e508e2,-1.4405332924325809
1e1d7a078292,-0.5447721022979416
c43e30a8e31a,-0.8229897187875888
c54f7a6e2055,-0.6417763411464238
418b148ba392,0.12834820254934567
ff3f244abb5f,0.0021041647401601332
44bad5596a79,-0.5216018232104696
664b949b1dbd,-0.4072114020100056
20b3d157f501,-0.3266607846326956
7243a5902a54,3.0341948624983837
3be7d8b34f2d,-0.268818478771218
0c92ea921a8e,-0.6856715065711656
f51627bdb201,-0.7614630085739206
2310b41a935a,-0.18725481550594747
9d97c67b1324,-0.09890370403636449
06b1fefcea99,0.09293829352389764
e9a79dc7a403,-0.6763414513763621
4ac4e00591dc,-0.43949371014003175
8d0b727a3bf8,-0.7423972898092608
5b494ebfae58,-0.03090564368983572
390342ad3a06,1.3786096444251634
d0f069e7fa12,0.048449767918797154
a3ffb4a9230f,-0.685877413991563
f6f3c0821347,-0.7103442994524359
24782b658a25,-0.6454099884260204
692f5e851ece,2.545591669558363
84811cc6f5b7,-0.08105755389120448
5c16271c68a9,0.03917626887439084
0e8357303a6d,-0.5163692814006633
a3645b03f7f3,-0.30419182730757305
c34a15eb0e57,2.5834950851555574
df4c3f47cbb4,-0.6082716423590282
784a40ba58a2,-0.1568118634478624
4d0a084c1492,-0.354618414878087
34f7ea8fa724,-0.7657054121874936
79d0ff7af24b,-0.574091898509509
c14202a8be7a,0.8858239925065535
d9f0c934f46e,0.9997721530468447
f28e81a3ec43,-0.47384867900458205
71c2f268bd56,-0.7151822116141566
344483cad2da,2.684024723884851
559bf0043bb5,-0.6583874887691354
79aeb65741aa,-0.5254619405150796
f2d8b681042b,-0.4838151361687378
b51ecce0bb12,-0.21645682039484315
d8dd028963bd,1.0344156297792813
88d944035ecd,-0.556079779956529
2677226e3370,-0.17438287491468502
6b97d83ee8b9,-0.691050794982525
9c94098a64a8,-0.5679121959706244
ebee23fc9561,-0.4542187131504175
3134f58809b2,0.6093253911584449
daa272861187,2.6673186493521115
2b517e7bb3f0,-0.4104150309170483
21f5a056ce7c,-0.49947179247707196
7d9a03eaff6b,-0.6090539321614581
57de047cdb87,-0.6137175713385317
2b70dacad34e,-0.5245697990547236
839d7bba519e,-0.34099703945160004
1ec05e8dd2dd,-0.4198567630804527
906cea3e682a,1.0798338864177648
419ac942fd5e,0.668777412931295
456261647222,-0.6177599699226224
822afcf4e3be,-0.38008805029766296
9705d8768354,-0.6211429401631707
48c6ce9ab74c,-0.3207847055296458
bb6bab0de10d,2.8190440175817453
0bf4398fd326,-0.4863857960378915
8b857aa9e6aa,0.6854298496474374
e25f57cb4a54,-0.6171077298861101
4ad8f6ac346d,-0.51687783446894
30898acc6fc3,-0.41745181777027224
ccddf62fc8c6,-0.29333295105711865
e0a273653085,0.7059627758600315
6455797e3d56,-0.4677296267959098
eea867d7a287,-0.4696232413801552
92d0e4b72285,-0.343811035164703
112e549a4075,-0.7135221678308011
aa1ec10dff7b,2.6082506817335664
ef61f0b6faaf,-0.5317228692259308
d59bdf78ed24,0.8695527063074989
444226e734ae,-0.5755341902822475
51da09aa7829,-0.452062743546557
9eb8f40e957a,-0.35465273952334453
9e2209ea2b8f,0.7837710438200727
1cdd0cb5c64c,-0.7645895822147519
4f0422d55433,0.2411934456318678
9ca577c14e5e,-0.7668725497046697
4090b1d6f013,-0.028683574514629624
89b7c8414649,0.7100526062568991
d4342b8083d6,-0.3495672610123632
11c95050e4fb,2.4789200997264818
0fccc9b29840,-0.6898417927062502
1e19a7ac0fb9,1.2603518290194287
7cb45c480049,-0.4094672368860139
7cc252b1800c,-0.6251253648836578
803d4d88dfc8,-0.5568502989609948
4dd9363cd981,-0.5615985711564244
5b6e813ed4ec,-0.6438456305830746
e2d6880649f7,-0.5843448042994006
9ececb63c045,2.4730515215900444
7cb0ebb7a29b,-0.47506847336624597
1cdaa809b023,-1.4019714575239708
8c80270dc8e5,-0.05733977474105288
7ac1e9722b74,-0.49027799392950344
4105fdb807db,-0.3272646566990034
9fbed6e46135,0.05031338264624291
b0ec0d564a49,-0.43754525539332684
f25ec31c6ba3,-0.3978968120243485
f452eac084c5,1.2209576804970492
7c4358763645,-0.486225291621973
e2d6881f60d0,0.32926713056608814
667f83d8f807,-0.22997704624207166
7e347ed07075,-0.6402563770352332
4599fb9df12f,-0.49096417445999674
06dcd83ba3dd,-0.36465549079987397
12133b599d7a,2.9022659676150377
a56500454409,-0.3614334747300969
18bcb2b60fac,-0.637388413858027
c6e679c8b862,0.04081101949250758
b7c4dea807d7,-0.4261142540787587
d6f630a9a311,-0.2580507852510716
7cf35d03607f,0.8725557435637914
a404850b0b2d,-0.4067927142162074
d31638e4e82c,-0.4975489858232341
64c897963c85,-0.7527613339663425
dc3c8da8bcc5,0.8526658805324047
03fb947053b3,-0.4719930173316619
c6324be4b23a,-0.6464033141721969
d9ae37f07b74,0.6609250537194011
3fd20fc54dcc,-0.5787081113800092
7c0456c10a40,0.24845025615314928
a971cf661727,-0.596995964091766
3f14239d3a19,-0.46573193263975665
b9e6b27c3a80,-0.4372236554845309
48131ba1c585,2.6853251244845433
372018eed321,-0.15873220023446352
715bcd2b8dce,-0.7369401731533778
acdbf9097555,0.36057664307830245
6e52c640a79e,1.5841284115919558
c628bcf9e563,-0.23059679821937734
12c48f9c7963,-0.7061961161260768
6410c95b4755,1.3530432804644386
e7f23fb0f45b,-1.8061990639158494
92c07d0c67bc,1.077933506281779
c684ee9502b6,0.36524931875529165
42a85783b562,-0.5769879011923277
8276c5ed9155,-0.5252789073302958
eb7bb0c945b7,-0.5886097516365217
089ef81c85bd,0.94842381796722
1e295d0957f3,-0.4041360605133882
9592404bb53e,-0.47055490914473697
46d1f9278d5a,0.9343093138497596
fb04080b3da9,-0.5162068171786491
8ee4da5a6692,-0.5881906049143334
760fa4653325,-0.42772296520391473
be70a25f10f2,-0.691641121211686
e4a90e422de5,-0.5271813161058503
a9cab606a2e6,2.6188615312326653
8cde40fbd774,-0.2873511171405645
efd1404963ff,-0.29456003426756716
ff028db68f42,-0.4966757549450984
0c17e7a73428,-0.25485564375797765
af8ba68400fb,-0.5106893685326298
91785b1e0f48,-0.2209333418229551
ca454b072b1d,-0.06627370095633578
894a6041dac7,-0.607160958527815
a3056f528cd1,-0.125731853185108
ebc55c96c524,-0.25656933308951435
e24147ab180b,-0.5915048277181534
5e552e259175,0.3774250492409503
a8bb42696506,3.0475297675622044
1144a6abf08c,0.46955768801636155
301c77906f12,-0.1957166567383957
b68f3e127d4d,-0.6089428715699081
3966b807f287,-1.1270292718422412
47118f6cd703,-0.2870392743198216
1792d2465d1a,1.1226933279526683
0e81e26948fc,-0.5763300029221323
454d3234755d,-1.2680257354687576
72e87940a722,0.08359913340750863
74b36621f82b,0.6124698974744975
e0a72b634d92,2.253793346877189
0cfee21cd3ba,-0.47902958086696834
2f953510831a,-0.5860185264784115
e3435655b94e,-0.5867478186057604
f7c98921c8a0,-0.4911851336902775
d81b685efacb,-0.4998538087757081
c609138bc8e3,2.4170792502501506
1611e8785c88,0.8952160249825422
98ff4cccb0ab,1.374776780528019
79b1ea77eae6,-0.5309330123223435
5ad2e983cc1f,-0.5537035494398119
d0b4b444b982,-0.4419830615728376
96faca93d161,-0.5272881965974815
4aa855d02de4,-0.46935894827808
fed1b8260cb5,-0.5061565554168421
53b00e46848a,2.650982985285804
6f4aa3ae534c,-0.29132765199547084
c1252acaad8c,-0.5763714787833513
5b47cad92794,-0.4891237672352046
861192a64cda,-0.5139973176391718
66e3a5bba0d4,-0.44289147657934247
98ba07f196bd,0.47509045298050967
399f2481190d,-0.5138154209673877
60020733f95a,-0.6217445782690458
636ff80f1eb1,-0.41323862914820153
1db236dac051,1.2425934377677048
6d897f29c9ab,0.02350866705521156
8a3395907c13,-0.644203007275501
cbdca0c52698,-0.6625800236937073
64bbd6e0c4a3,-0.02654436802019218
de914fc4ee96,-0.05063391101118051
6dac106c42e9,0.8707977266819884
5746f70620da,-0.6799731519320025
db428691a1f7,-0.6331238160702196
9d4952459a4b,-0.4506588585042183
875f3283a49b,2.8179146414366407
e40f254bec63,0.02127875792702308
7d5b998cc084,-0.5857826565938422
64814b69fb4d,1.2600336855279664
9a030a6868ad,-1.118092919935626
ca228d511da2,-1.2128503854025423
7df1ac9cc0bb,-1.4273413181677785
162c68393266,0.3440402697812894
8391a0fd2230,0.22635874569535283
e26f87a52ab4,0.5773312055390215
8550533dc873,-1.2813165447994452
2ba3292f8e65,0.9836804395329637
1dffce55bcaf,0.9641793770973426
e5b8d428c5aa,0.016793604571169254
d2550fbcdd04,0.667183840560286
ad74d16a5979,0.2372106685719625
9c8e734d5219,-0.8813985534199441
df634cacdc3a,-0.2216059826365907
c157029e0bb6,0.3398085263554654
cf970b6365c6,0.9474320495442161
6c2b32a27e5b,-0.7766383300605384
088bd2d2444f,-0.8468693555176539
e5be888d2362,-0.888012525033431
c2a28c03dd81,-0.945178657191749
f7111ce637d1,2.307884222749351
96a8275809bc,-0.12070425820025439
d12c7408d622,0.8480721948391667
0ad6d563d22f,-0.46522405824252244
4bdc2d05dc40,-0.529747333988801
a139bc021642,-0.7256660430124748
8f4f6ee20f31,1.186368226760134
03f196eabacc,-0.4715198259037532
c195b8c7a891,-0.5644169794391884
792ad32dfc4c,-0.36012959884213325
fb916f455f8a,0.9490881466593621
e2d008e9ecc9,-0.6398584974635547
263d54858bc6,2.4895517330381347
925c50814cac,-0.483242593561674
ace4a32d974a,-0.3852031760035285
187cd8fc7431,2.5174252909079446
23e510492afa,-0.4028983293058965
72e313f99e0f,-0.7001185116517091
1549d449e53e,-0.43409009655697456
a9b99e002b2a,-0.7377371247126658
538fbd546809,-0.4514501025199288
5e89e37ece01,-0.43741351319659677
23135b79c9ef,-0.42382545254585846
f5b9f8684b9e,1.2026646019978633
a73b2e3e2140,-0.6197892320248484
ef7b34e1ab85,-0.36372161906748424
6692f74f548a,0.8509540886761544
98f34b9937c0,-0.924228557258494
36b6dec9251c,-0.81836251416176
90b3a3654816,-0.5170793747606093
df90ca364127,0.5572956361162396
f399afc07cbb,0.8821177925862737
898e599d9117,-0.7840813206884633
c85c72ca9515,1.9801168132719176
52a78db77d9b,-0.5672291041591885
74459e1486e2,1.4552858035400607
d72f072b53e6,0.18812180150340296
2e5e34f34c3c,-0.7498151773836081
8cc567d69ec5,-0.7021417986057715
268151980fe7,0.8773107129413444
56d837508c05,2.591741453675262
0509a8aac9e3,-0.519780172566415
8cdb67634db4,-0.5992031224480202
599a0ab5cc42,1.0744225816301436
0b9efbfa3d6a,-0.6257786966364736
95fe488eb5b1,-0.3870925580799047
55767a9c20f1,-0.5549942662323919
c54b44bfb16b,-0.5495331409744671
cc4944b4a64b,-0.43713793899823034
a6bd0de72c62,-0.3958037330555818
77bba8ac1eb8,-0.4741511192552653
8bd481b014fe,-0.3775304965158234
ffc938881082,-0.521946168232091
8394556996f4,-0.1220526123612975
d0e2f84f6fcc,3.0080546483452597
b4e9e4c6fac5,-0.10057570011477485
4f7c168d16a7,0.5173730674265571
3d271b03585a,-0.5647747484411558
335f9a3eb4a9,-0.42395331687523136
94e8a9862fb2,-0.6057793383462133
b786adcd61cc,0.012931423986296077
c093880ebc14,-0.5284257175496727
ea41e7785fe4,-0.29332104132185266
4fc2d59669c2,-0.7008704927315264
1fce8b7d8a0b,-0.5220437862418805
becdb2241571,-0.5900456520158974
31f4bf15996f,-0.7463860338666345
354ae09c1212,-0.43298404894968195
089c859d057c,0.2566969191313916
564ce876ffa6,2.6913349451098125
5a015f22a635,1.0152836208448777
6161826e90de,0.3672710127868268
4efb715a9225,-0.441745733601988
b2b5b9ff4cdf,-0.6170984821680411
4d2f631efd0b,-0.2794122682972587
5e09e8057d9a,-0.30781368295982214
214320b50044,-0.6239714425413675
4cb6d0ba6a06,-0.6804141129907878
9d216363d290,1.0574689465808604
75685f0dc9e6,0.8676439629518156
9d12c55ab73a,-0.611042709916723
2a55b65c1812,-0.4491128926305806
e0255ca4f44b,-0.6307643706974412
09d032ae6f99,-0.4485856391681105
fca3b0dd3857,2.5857694931419837
2f6645a61b66,-0.2848714493323896
b74bc7150d7d,-0.4743061024374371
16a5265b8e0a,-0.37644005571955275
de7c0b5e66bf,-0.8365789895972554
3f881573730d,-0.3115970853963018
35ccddf0131d,-0.47458030330880707
8955044420b6,-0.3533210562099681
43ec7139b8b0,-0.6217627074916883
08320a722e4d,1.4355196010415394
c931e725f7b5,-0.6529286701134085
2dcd8b8d6b57,0.29649680220730107
18aa936ff8e7,-0.2981026592912733
ae2fffe9e29f,-0.3541196189031902
ca1345dd7037,2.547414742782605
f8f981c2cb12,-0.40361865932344576
a56caf92cca1,-0.3633801298174389
49bbaba1413c,-0.4631278363983603
fd5e5b810e20,-0.5778822343610117
14bc37587426,-0.6083031434846741
7ff1b1afd80e,-0.6783521849242227
383a11264f02,2.6394773551373127
34098ff46709,0.994595734428163
04a649d62a60,-0.5707810797424941
43528e5bcfeb,-0.5063734451723509
bc4a5f46af9a,0.8331196381265928
0074d08e66e7,-0.2953740144680699
777e7d13fe2b,-0.552685975617028
906697f9f30e,-0.4482022082217817
9c4ababe47d2,-0.4608805823619644
60ba9885eb64,2.873398320747472
a54f24b25b7c,-0.18035028436862643
945f7c8522ff,-0.21471037036392832
860fcb2cd654,-0.4723070780221975
0efc450b282b,-0.6531453489955747
a7a65fa4305a,0.9524297889180617
43460c02546a,-0.11316018485136582
9d4558bf82e5,-0.571138999706016
18d12ae1cf52,-0.1592470771570509
8227d122ae3d,2.8845492031323845
40dbcf03a012,-0.37128237760832417
f08623bb9507,-0.3240735238831425
e3fba086c411,-0.412385395605694
06cb78ee8aaa,-0.006544119803734108
8134dcb80715,-0.3445854162092857
ec5ab5e6d492,-0.5876294709985286
be20ed2e6709,0.9303237777868157
4c6711124aa3,-0.39423261057050607
9a13821e32d6,-0.15612767186057558
9b22013417b2,-0.6528652590046223
f22caa4f27d2,-0.5651471353747872
d9d6b1c55bb4,-0.6297234598559435
11fc162b1f42,-0.4912133308511809
fbb6617e4e7f,-0.3735974984681454
c924166cb990,-0.43740305820325087
345152f370ed,2.4561259551578893
11b860e37ded,-0.5269542371917735
46e42f92fe69,1.0112604269450864
5aa7e69d0214,-0.5020585519929333
6dcf6cda2901,-0.5091793493910914
c2967a3e4bc0,-0.6432631843681423
69d4ce93d7d9,-0.5586665933116897
6e1edf05a026,1.2046728815311751
9aee7f31548c,-0.302075312821812
1482c1bf181a,1.0383511359499904
8c8e1dab59f9,2.546180119092032
9cda19711ac0,-0.6220873531557923
f0cba63cac54,-0.5095785504780264
6ea22f113a3a,-0.5940428098934677
7c46f61c8b2f,-0.48564000295616394
877175241a85,1.0069527551816613
3361a2f7b870,-0.5319384788019144
d2e530f05a4d,-0.5510718906063304
2840dfa3fc08,-0.4388175125132929
da9e20ad7809,-0.5562320989968833
444484b90af9,-0.40235034916609497
f5debd37bfb2,-0.6683745481294106
0945a58ab07a,-0.5341727965939086
f2d4909d85d9,-0.6778986306472545
30474ba117dd,-0.0053101243480936115
bd1e3ad620ea,-0.5620064679058903
d65422d1991f,1.0137334375004812
4453ba3a8f34,0.940197272556432
22973977eba3,-0.4456257301732064
42b2c95e0a48,2.5456821257984688
f92deac7fdde,-0.6405070441076017
c8bd94a1bf53,-0.5633671447839211
73ad8006c402,0.389371469291696
646481f05104,0.42980177736771974
f58aeaf0810b,0.1685312026306442
512c9c00dc1d,0.7395943582651541
e6fc93786f4c,-1.3553577608908671
8ad826f4142e,-2.005010300381179
307910528df6,1.5066785048823461
2dc3d8cc2a2b,0.12731647028073165
c92585af7459,-0.16524718717903863
7131ade027dd,0.42602664177770105
f37988e76245,0.7293777225880428
8d73fad4e8cf,-0.9910828986329507
1b547b535c0d,-0.09525559724018232
9f80e11b0897,-0.9138880561972068
65584e0528fc,-0.0682662945918364
5828a153bc26,0.8037310930534287
19aac189cfb0,-0.668934994950101
83efd16179ce,0.3891301881570148
48117055962b,-0.4462431436943111
8db1b31c4800,0.2639506654988104
c76f570c734a,-0.174212599145004
0e57b80eef09,-1.1032063398659453
fda7277e8cee,-0.6057698560782748
20c409b83349,2.618964935053608
81b16d6dcd4a,-0.40664790127827033
13c1c96d2f59,-0.6610343229920129
d8a4b01caf96,0.7824327939002202
e5bab5e901ce,-0.5726644704339969
0d2dd41df400,-0.8379454707823958
53b79480d3a5,-0.5645134259575
16f90984d3ab,1.0416959491194533
0c02e648f39e,-0.29428497394962033
06177b1dda40,-0.5268580265064833
3be948613860,2.609145514857252
5ef24798506b,-0.2331579189919511
9198ead7c901,-0.33616774698469487
e1b46178bf81,1.8269498537175166
1a5e2682ee99,-0.38506291452462865
597696c3c797,0.14612755197891897
fe8ae977c9b7,-1.060309515732289
f595bd089c5b,1.5516027027437398
524c547a75c2,0.13588355605850963
458dae3d11db,-0.6434540882700195
56ad5299db6b,-0.5157852086285792
f718312a5276,-1.182716611434783
156eb10ebf5e,0.07476999259581416
dc731bab671d,0.9751103014420379
15da9efae07f,-0.9231156199462378
b37d8e6e3d99,-0.6543404713418799
73dd4111a208,1.3597076069778478
beee33f504b2,-0.5316445559499151
807e906c4cb3,-0.697577845287326
aa6ef20ab086,-0.6118529004284377
69d8f87b5ca5,-0.5561104974789794
b69546774deb,-0.5444117608524779
e15c33c70a67,-0.5852619293619394
a2173d6937b8,0.14985105475162946
e6655d3090d3,1.7204148162121449
6779febd0e02,-0.7727848851228253
d1ef9725683a,1.7240113678821578
8500872f76b8,-0.6550825626719103
9e70739a3acc,-0.4139501452695362
b096f82dd9ca,1.0897455879002051
c19f0d1a14a6,2.5522220074331297
97a97577644b,-0.5521207804855335
7675ea111243,-0.6979203765455507
ed5c1b913d08,-0.4119173750582596
37b204e94322,0.8550385736516442
c42d2fc0f4dc,-0.26447135976659386
0647812c7ee5,-0.17721553853831284
28371d7e2005,-0.7361306471966738
4f6947e21fdb,-0.5881973834526081
95cc90a0b824,-0.7147626587894412
d984da947514,-0.3891175468556351
9fe5ff42d4a6,-0.14778462153321414
c7d0599c315e,1.1142090702976999
8cc7a498a3b1,-0.8996629381684416
830ecd39a3c1,2.1993785046879433
3975954eda0e,-0.8456612182603089
9476a729d239,-1.0010052632738713
56048dadb244,-0.7306056436766938
36e922d2309b,0.3735025661065311
711dd2869da8,0.10744438757678984
ef8a99ea586a,0.9340653618886412
92c567f9c486,-0.013259535059271473
0e1be08d2490,-0.4068364473157826
32d4c1a7a95f,-0.07363863500148712
06197c231d21,3.077430391020879
ac2cfecab7ad,-0.45085223107390515
372721ae8e75,-0.858466002793778
c207cfd2bf76,0.061748401458454096
208094cc08bf,-0.21394014728535507
f3f609e9e5c4,-0.2470045217246245
1db7696b3a97,-0.18379652331576696
7eb826eea5a4,-0.44468401689495557
45eef1f4015d,-0.24670073201440623
1c1243d3dc61,0.5365785559662474
831a6302e800,-1.11031857757179
c625dca4df14,-1.2114549075004617
f2bad6776c22,-0.11716977051097335
615804c8634d,0.6041135414631454
7138b26c8d1b,-1.086289728156504
1d059700bd96,1.200605711863608
88c286bebaa8,-0.6634002954154065
c0327ede6265,-0.9819305076623924
5240065a9388,1.6087194982962667
65084d225c65,0.27763544768331533
f1d474108936,0.9429110315449456
74d67be2074a,-0.6325129215411698
53a0004ab906,-0.4378314442029822
f9573cb4fb9d,-0.6777922176986506
4555ccf2c2ce,0.25527117279865386
fb0d17ab759e,-0.6625292962082696
d8e849d34def,-0.5982807679573364
aa3f730993c4,-0.4856454272877733
0def533a0855,2.4991118163379835
782af58dea9e,0.9440739568062104
12b3f3b0c9ee,-0.4865819079215128
5afdefa3179e,-0.6979960778994816
b5b5b3e7a8dd,0.9807131147743288
3087392c8f2b,-0.5879988690440296
a7c63f226fb6,-0.458894513378345
20f716c63e2d,-0.5067408849545325
8ad4ffb40bf4,1.0441123900944524
cf37c50c2817,0.9154070312000465
aaf459612555,-0.5852120838110475
96eb78f6aa2b,-0.4618393768441406
f9de749a1389,-0.5845390030456862
166f49fbcdb9,-0.6223066191228176
2100196cbca2,2.5847524782768723
5e3f32a2a58a,-0.4438831392330058
dca16efe4d37,-0.2928574101377665
7c12e541f817,-0.47508457531721826
c5a22702b09c,0.18217662837042597
18e78eaff19e,-0.569322881214739
68612932f444,1.0069608156886274
1dc707f42017,2.80005308560512
d1ee34042c09,-0.5105753752601409
d2bd8953d1a3,-0.7100679653794746
d5ae20c2e1a4,-0.2717467164027428
f5b45b54ba22,-0.43711266908581553
fd297c7f08d1,-0.02322337838629391
0172a0a26ba8,-0.3837637380881054
00fd83874da9,-0.6082932305296433
c170c11ccf8a,3.0235177172510146
c623c6657f6f,0.2790113715445369
49299cbf7037,-0.42830311901332446
e89173c6e729,-0.36887037172873566
ca018fc8d418,0.3212560454910998
02d4e934a026,-0.6764747407096796
dfaf1ac143e9,-0.43252177017039145
98da25ae2d13,-0.3148618747896651
b6899336e77b,-0.5813180206809384
0ec0489667f7,-0.34683497418196024
6b46286ea072,-0.12108689045587373
bf64565a67bc,-0.35351337255608273
1b446703a1bc,1.0716504688825026
e162fdf6da8a,-0.10954515076758767
c729c86cd5b1,-2.025472415283907
054073fdf45f,-0.6040946605798005
d4a19649281c,-0.34102417914990685
1c3593c93474,0.29438343038016496
8db9187cb71c,0.6862041902485604
7277d5288dcd,0.5320885879508399
39b815168ffb,-0.5037273226899432
443e1172dd9b,1.6452514778491711
f1d28bc80260,-1.0247256636336097
156db8cf2458,0.37901123679351506
5915d7b890e1,-0.6475430814776517
a12689d173ad,0.24362502938506664
45989f554a44,-0.4044895775653238
2fe3bc8e8341,-0.8536327222599661
dc15231e5a7e,-0.8244795255713517
a28db697425c,-0.8469704951137305
19975a595552,0.6227906507102353
4a75adc43aba,0.7788580371643286
30d5ea1c0732,-0.734253461874675
1e13f56e37a2,2.423810438734057
3f174451fb01,-0.5023629606955049
ce7a642a64a3,0.744647668564516
0a1ece987a61,0.5623759033196339
9c37da6a4326,-0.6798321328771775
74e486d39424,0.5437916765016574
572ca389e3a0,-0.24431019536447177
d0c32005a02a,0.26283517394290346
fb8173483a66,-2.166052349441801
4add74ce99b0,-0.6609221138740172
46a9651f5a02,0.41543477953249935
e87820c9c327,-0.0460089528360206
a01b86d8925f,1.9333553136241164
ed5461938686,0.42371414985646944
478f37bec171,-0.34438125238379175
c5b462bbcb50,-0.6518229415443956
66e85987ab82,0.894359829044637
a52e0e4d92b9,-0.6516804235789355
96aedadb8369,-0.5720468498928775
339b94bc6903,0.9430878016038743
84c83931c64b,0.023843214251073684
2a3dc0c9dff9,2.6008527158316777
88bfca479928,-0.5472212049233859
9b7625756ee0,-0.5453435907964259
17b3c9fcc336,-0.45911110950156486
8dca8ca597f2,-0.6193891388323595
228c9e0ef306,-0.41552830166131793
313fe0069dd0,1.346783547469433
a13e1621b209,-1.0535048902603343
c3c55eea3bd9,1.2067092772906962
f4cb938b2a83,-0.0686297012103266
6961ea7282a4,1.6224642701010898
be3f67dc94d4,-0.9435334486630836
74757e07fa49,-0.07357594454582683
20307ce161a6,-0.23494133138550122
ca76ec73e9ec,0.6982937745424236
75aaea446b33,-1.1811942035537004
333a7081b3d6,-0.42474833845240106
f055203ad859,-0.894123011332469
e1035f655c5c,-0.27523622809731374
7033f523dbf0,2.753266401496294
a49d773f5a2d,-0.5852306168064119
eb0f74205516,-0.4047328284061589
5b7984ed2a10,-0.6267493702719492
fc44e121fa1a,0.6491315265899787
bae1f144a905,-0.6364482192359361
1531b3ae22ef,-0.677523231069967
384285f2e614,-0.33022848222864476
7f17a0257073,0.8729086253063086
0b0024d07c86,-0.42661004565710436
d39b2b7acb43,-0.31254753161909526
af3f068ec002,2.1015199889111527
eb0dd245b4f2,0.6625437433548218
a165f179e91d,-1.0366741529223633
3b205ec0f054,-0.559504775789732
c1e23b58e8ed,-0.7746537653196002
46cfc0911287,1.2324118741951642
d895190b5b33,0.12284286705253938
f79e136cb739,-0.7215553592668688
5a12734fa05b,0.6325172730560823
45a06af16398,-0.9785018834850372
96d7d6e6c537,0.12269603855401254
a801ac5f1661,-0.8036418483401714
fbad32671634,-0.5506323591739652
243dc8331289,-0.5589059443746951
20ab42f4aa78,0.9330671469652894
f9d8d5d26067,2.6050858776762347
ffdf4a1a8b2e,-0.6008756544516085
1e887926af97,-0.6107942004208908
7c20d8d90de9,-0.32411968725119356
8df4a6a2fc3b,0.9749985128247816
c0e734fc386d,-0.43118384202933985
1e4d84427c4a,-0.29251796967997606
90c10c38b59b,-0.6291616798235204
cfc286ef8fad,-0.5149602002611164
6b5ab1f0378b,-0.5947048871311348
2fa74249f4f2,-0.3935768511671461
3c4c745eed50,3.0521099106057443
27ea72fc7e78,-0.5032616794500077
b0517c73d7b6,-0.0791792000583785
442c97d4e1fb,0.3503063773358248
731aaa0996a8,-0.11205416372022968
41afc7e68de5,-0.6623152410853388
9b65083fd514,-0.29549113064201976
a49f3428300a,-0.281062749107763
7c6486b28f10,-0.08525998647180695
286ea954b2a0,-0.3955103991077442
6ed20b7bb196,-0.12741968269271736
54aaa61aecad,3.0386587984556597
1bce38ea1d10,-0.4604700002972496
c831f7753b48,-0.3079347193545997
e5cec9ed95a1,-0.4879922553543893
e1a75c866cf5,-0.29750240334167277
d0a8297bcb4d,-0.3457796644615553
0e98f8b1d7f3,-0.10419963680451777
50591c597d6c,-0.42318763321276753
57c86b45aa69,0.462139952026003
0509bdf32c32,-0.2156541896317663
2e6d653e2c03,-0.7306585653304272
6a057e50e9e3,1.5162842836851238
6f799789cc71,0.041472106791247146
cbccfc7f53f6,-0.031203495557688685
86fec478b892,0.6445868566157622
9df4da0edc12,-0.33709071952406117
6ee63203d2c3,-1.6709886299856218
5aaba6be6a0c,-0.9943716318938824
edb381f07135,-0.022159338488829117
8b93b36eb316,1.6549711483988438
a0485a5c46c9,-0.6135133476230822
cb501714fb1b,-0.7032001654695085
59a3cbd4050d,0.5152129330516965
6a170b5f7d46,-0.45208230278265193
6c5b5b74183b,-0.3702634099603882
9b24d9f6b4b3,1.0259127685064344
5d3b1206b102,-0.5783494222382718
765b9fb040ca,-0.6129091038784231
51ff2100b6ee,-0.4226112677828318
55858832028d,2.399515949346583
8a32d3dfaae9,-0.5127547938165028
d5599bd42c3e,1.2848450465264556
c681c5bb2ae8,-0.5921347569900781
343a64f647a7,-0.6142151773871749
e28bdad2572d,-0.5549535295431502
5693be4c2ed6,0.7388519471174102
ce84bbf06842,-0.4817638966616548
87597d57eb27,-0.5802504595454939
eb207eb55199,-0.4849704536528877
7a3295588946,-0.4900632853450529
dc562e03c070,0.7438663254335625
e30cda2923ff,-0.33004145276614894
dff9b749d110,-0.3737145405695666
8aeea0d7c90d,-0.47907417467206925
6a07f97bb4a4,-0.5316368588130355
cfd4cc425b79,-0.5270517174561974
44fae4c4e537,2.795848566931135
6f388a9a2fdf,2.2276809374087883
70591234b70d,-0.34514238060877866
7eea7e8182ab,1.0783292889312672
d25d64079d97,-0.9023489719276645
52c258809043,-0.4351363918272438
6554d3a4eb5a,-1.1169630130213803
8ce4791e8c7c,-0.13840142493387828
8313c3f721b5,-1.2941103842572643
857c9fe45b79,-0.04435606222189194
dcbc0f6f8ce9,0.5092294397067925
011179de7b53,0.5518247807813265
8362bee6a96b,-0.09060581803007253
d6f4610446da,0.03302257507849974
aedb81b21c78,-0.40969243721153037
a8b9604e204a,-0.4408360446286859
6a103a109258,0.1560011327542494
382559f11e43,-0.0804403564956426
6f3d44cdecc0,-0.7884809189829599
d78bf7f28983,-0.7791892743006877
7dd033500c34,-0.4834065443061836
0ce7b43de9cf,-0.7293612860459725
3c961d96794d,-0.1716818028186349
80430b1fa70c,0.9109546713264685
cf25e7ae3e6c,2.7831102856310803
e84c7d9bf700,0.15964934159474087
fa5e941ca627,0.7396647194376926
4d6fad5710cc,-0.7943967741430378
4403fa7342f4,1.4257469281730302
498c54038228,-1.051095809166212
89f7718a55cb,-0.7195031571981062
f1d74ce70673,-1.2569190192768844
6c21f581f1fa,1.9361940412182586
aadda6ba9668,0.3434532384684323
9b91f3d81661,0.0358733286115411
be42b3d47467,-0.5431955569444854
2abce39141c6,-0.27547128077496985
6684a5ffc3ef,-0.37065242084344596
18191cd1d086,-0.4819302959881098
2760c526fe80,-0.23453402000509968
99ece27dcaa6,-0.40103959011238766
e117befd0e37,-0.3703974788055841
ae68824732f7,-0.6688902111124156
efd94da6d167,-0.656557140990925
e5a5ad1bbe2f,-0.6510920672273524
b56874f80d75,-0.2238774542284445
ab0d9b814e4b,0.5181394211981589
d4a8ba488fbe,0.6791035719697689
e7977f414509,2.861727686145837
ae853ec5c226,-0.5022496945541014
9fb93c83e978,-0.5438874432269827
f0a6a100b447,2.6078929302784597
0e6511988cfb,-0.6082333231917924
a17142369202,-0.40900906833128475
c88b5c06ee70,1.131761240844845
83cd6894a8ae,0.7698781613408614
ab19a5036680,-0.36541457399378696
2de92779765d,-0.6035639391401912
9bd7273f0226,-0.4657080728759858
5d9db4b72afe,-0.509536580753054
3e7daa7618e7,-0.5019296363969868
6b9b91085e83,-0.5405712182183804
acf58bf70616,-0.35592029891668425
77d4c12d9288,0.7523816107775014
0f50b03e6983,-0.5229939623172973
ac00a5519b3d,-0.6389346178115123
764abd34fe16,-0.3010549482807474
33bdc3d081ed,-0.4969891880630172
2c711713514e,-0.5881742876316906
4fc9ee01f1ea,-0.5365487660457975
3bc2c6d4a784,1.2186988798514686
ce712ae8c9bc,-0.5501867704220963
522ca648c482,2.560293567078253
b79f47e398d0,-0.3305145818779959
cb9384c413d4,-0.29742585064801763
10290a7eaeef,-0.6881476961640293
dad24461f96c,-0.31157676513078364
9707f44bc7b5,-0.6607984108817764
c6bc6630181f,-0.7258079194806965
976e22a78d2d,-0.1623047356957645
a3cbefa85152,-0.01218419868889987
3164ed649aad,2.41433752887557
b70373e55771,-0.18304519229706756
ac5c6df12ae4,-0.7288214806393339
6c4b2ea0f482,1.6862893026287953
b5a4420dd815,-0.13212221186967651
4b248126dde0,3.1096119884055486
4ce16f56d348,-0.08455276087464578
d11b542069f2,-0.42715450966562085
60f7ab304ebf,-0.12261037863668107
472227037063,-0.2458509902143397
9156084e4c50,-0.31718729414369007
822404918679,-0.5185988634984164
32ae655d39fd,-0.18728867231014235
09fbf3247f5a,-0.22427262673510462
c188c553df46,-0.7536552892170518
57e4c1751886,-0.0963183912401795
4dac52be9924,2.2015315294812186
3f2d42116f3e,-0.7187582293659204
9fcb0fa9d50a,0.4375520408273821
2bcd54e1141d,-0.22891372376526364
f627c2cc0811,-0.8647106421678274
ac3fad365c81,-0.9620095815277853
4d55beae3b08,-0.6548900331857553
d95b9aedc491,0.3062923842395477
778b5e1ee5df,1.496857748326255
4fca6d138b9f,0.17067670044865985
9b535b1b2362,-0.6723916430668953
a5812672d990,-0.5112365502436166
1db2cb903202,-0.46095090863669996
9f90b2382821,1.0776459482200544
5ad10aec2a57,-0.5222332537079402
64284ad2acba,-0.5301024891748117
8bd9c25c0555,-0.46495121858074495
2e7a6522e077,-0.5378701252666304
b10254aaec89,-0.4978758181547504
ff97e004aa2f,-0.5050313361342111
d55bd3059ecd,-0.41939705350567325
bf9a097897fd,-0.5289192697730398
72b00fe158dd,0.7304170268307693
b63e7fb4ab50,2.6592684978836783
5390bf5e81fa,0.030744101096047513
cede80f8d3be,0.695081057255201
29ca93827258,-0.13624335563341056
366e64393bb2,0.02584740415422181
458767679591,-0.7087607688797654
d3f18740a250,-0.03519784461456427
bf785b2f35d2,-0.7428391507224186
7b5f858e2e40,2.8719930027732143
1eb40ab7b059,-0.5194961069490049
2a11de51d345,-0.7140546546869259
a18bb4011b9e,-0.14566128538809378
62ba08d7e182,-0.6214123984045015
6b34d149b621,0.8557774347356552
1f9f587b135e,-0.539862517504572
2d2c3359cf74,-0.3958317236483475
18d0f6ec4feb,0.8256626109996366
af09a0469600,2.7095294986611655
0c0c977e47d4,-0.6312329412765088
f39e37bf7682,-0.535471351388267
33715839cc5a,-0.3854871621070613
176dc5164615,-0.4615746137718516
5de31445f007,-0.42367934930718165
1078b9348502,-0.6398868624056803
7ea37ce1e82d,-0.37794302298698657
c6c522d63dcf,-0.5666000496787985
dfac65b53fcc,-0.5668428607560119
300cce1eb311,-0.5399094094822755
d87fb4914a4a,-0.6110617258567925
a2e2bc6a2901,1.147776190896107
b108e6d62915,-0.4668891373328141
b41b39824033,1.3099635625095196
8ec85431b168,-0.613356744014291
3b10f17034db,2.319338881288608
5edfdb75a506,-0.49274837185561093
45d8bf055b01,-0.4773146529931394
2e8d42ce49b1,-0.442355682724501
8e1cda0aa5d0,-0.4373094695965279
f122cab1fd41,0.7391932953072724
fa62848846e7,-0.5473203099817734
ae6c6db827a0,-0.4203740487218459
859221bb8159,1.0819683079197526
afccf2e3b193,-0.6060753834566172
5b93e302eb04,2.6506292959291264
59220a47ad21,-0.4747705174576591
e9b79e261950,-0.5125062153151759
cdc2e8bee168,-0.529162999150775
20aac6ae184f,-0.47318736419559004
0b7fcf585a7d,-0.47108459128018704
340cf62f1200,-0.46300577427281897
d90f0ba4fe79,-0.5460781790683013
c7a61229ba54,2.565236104318343
e57591e3770e,-0.5267134646310052
a0c6cddbbdf2,1.034585934834086
560249683dd7,-0.5475605965108261
df1dfd6d5c79,-0.665126618751677
42d7ec800470,-0.5746042931740408
6fe76374b19e,-0.3295170155254544
6fc72c7d295c,-0.4468667464163544
a4689065ab3d,-0.47463465346293543
a385f75ce7ba,0.9742853026609851
e60e5f4b4ed0,-0.5542809182059235
d52e7de8c936,-0.4921933367416065
13795caee332,-0.37771451937903266
fbcdce44c270,-0.44290641879617315
a36a6b2c30f1,-0.6012868293991581
c35820569373,-0.4568785319601405
b4ab9904600f,-0.6143675077122875
b0bcc6b60fae,1.240946037473351
b61a90d2de7f,-0.6592828343439976
8e35f4a2621a,2.521191603323941
b02ea28c187e,-0.38471072452837285
ff8e1025bcfe,0.8214839802694002
8b7ac35edaa9,0.11038996636105614
dae2f0eee249,-0.10187450563806333
84849b450629,0.9942428415597928
880d24d9ff17,-0.5429888425143405
99109d04cf76,-0.5544148665900697
5b95dfbc82df,-0.421339308004153
0471613f9059,-0.38996657229244736
091e9679bcfa,2.8315573278136674
b6be774c64df,-0.576781762775922
32ad20c261f1,-0.22795380790325134
1776f26c6966,-0.6459566538093156
616be8320e98,-0.47491381620695305
3459b22599c5,0.5384873568289468
02df88aa75f7,1.2693465766831435
cff3ab99c43e,0.523812573600503
f8d2c5a840c0,-1.5455514116285474
d48537ffd492,-0.13002227088881385
e371bd40820b,-2.122054683101747
b014ab6500f0,0.07129007830437263
a841ea5e2fe0,1.108649535244989
fb156594f491,-0.11710713217252586
026a5790bf89,0.18981296041114357
cc81f47d79c6,0.1317583871085726
eee2cea38ba0,0.0815780296099637
85b4af36d6f1,-0.573837604989217
8c631bb9f74c,-0.482356908343508
52c7ee7d20f5,0.9126784968342601
956ef7d5e67a,2.5759435991294586
339d415092f2,-0.5163008603172857
eba56edc6409,-0.5880034792570277
8419a316db82,-0.5515882309022367
bfd7170b63cb,-0.3286697206055438
4ae50886b3e0,-0.45553205977849437
37fd05542644,-0.45571776489151844
a2ea40baa290,-0.6092269435713885
eeb6a029b788,1.0726114766925015
5fea1b3eb63c,-0.6057752532647971
966ce0d7383a,0.7416927720140292
4bd2348f4daf,-0.7935733287267452
8cb279c24802,-0.2374924604410534
e499f53366a5,-0.18445835631385235
b4642ed58d9e,-0.6289640951149225
c500f0cd0596,-0.4210949443639387
fd1338f7f66b,-0.500252240430457
e895d4ee4d8c,2.625647375857
f604a673de86,1.0275743744420023
e248e6417b0c,-0.6767662076525323
794d2fe8ce7c,-0.3465376360047331
70a6005ca289,0.8844857125681178
def88cece5dd,-1.182034344133702
3daac0977e18,-0.5400781100813314
6e3b2c5b6416,1.7880114733401236
a250d2c350e0,-0.5088314288096715
d097c1a5dd5b,-0.6921884859481569
141971d54d91,-0.9398373510827315
c18f28eada80,0.37817886092778247
9f33c02daff2,-0.23832175446159135
5ee253960584,0.3057956414808446
4292863735ef,1.5726463491815976
18ecc1701e60,-0.8278265629812814
39a03647d059,-0.3311510914690584
9b0153c49f23,-0.29284942571190975
c8e1e6c3c51c,2.91117984605672
c639ef623aac,-0.4067188731084265
54db50975fc2,-0.5304967974745124
1a302fb71677,-0.41772615919057293
01c8768a87ba,0.9273298012642832
2fd7ac2b1ad0,-0.22204508019767552
a9a68a4ad282,-0.5149170460722732
0d83bb13d2c1,-0.21282489630495086
999afdb3d65b,-0.47614226979195834
e59067146aca,-0.4336380079996655
0dacaca56bae,-0.4905648589567989
9b7aa73c53de,-0.4703324399164648
1af6318fcd8c,-0.4460742715135331
bc5d4e05cf4a,-0.520818140927582
ebd53309dfe5,-0.4530943260475388
7eb87944ce93,-0.6392759933386036
f26399b98d89,2.748816064742296
dc5a3e6d75bf,-0.22731815661197702
a4b3f3b21a26,-0.4849880624012993
486a9de5542f,0.7385210681742049
ae6b657a4f1f,-0.5924726119846984
49db6b271745,0.8376017287819943
4cde623877d2,0.5841292337162091
44d4a041835e,-0.5255119162148745
e82909950b49,-0.5177326811011804
cf4125ae3f07,-0.4923717018590745
122fd1364cc4,2.594001670118663
0bc5548bf1c8,-0.40661440564837154
b06d3079527e,-0.531657407504974
8399f9728668,1.289199825356374
25e1ef229a4e,-0.5484556859607251
9be2baf2b0c7,-0.3758319876072898
b72dd7da7f25,-0.6110416724151398
39d407742ef9,-0.45811327087961595
6cf6256027be,-0.26500635829030866
678aedf77e4f,-0.7248946869510222
2208748a1c9f,-0.25777757129356405
9a78a669e11f,-0.3656652824781258
a7f4728b941e,-0.6978314055728942
37654f4c43fd,0.664036232097526
aecdd708ca93,-0.6391899248492088
120b6eaf8f24,2.7376541303529667
733fe644eaa7,-0.21269263291078916
040eec95c6b0,-0.5334766234852706
e1d8094bd9bc,-0.550743998648928
84366837ee10,0.8455881220296184
285337827f16,2.867150414873106
2ee3e721668c,-0.09088658403815489
f6b4eb447ec2,0.029301950990368007
5944594d8f20,-0.5080780716003044
4c687ca6ee7e,-0.6513373073226928
bf82da025f76,-0.33516028964099
906832e88c86,-0.27802205388647727
9cdaa9cc46ce,-0.5044450922324605
6e4b1947d49e,-0.4331075032251702
c5a02d91336b,-0.8297030900736425
65863a017fbc,-0.1052654196670601
7804a38b7cc0,0.8395530458234777
0cacca48eb34,-0.5208996495496513
9532297a350e,-0.45020569071043876
53646b695c8c,0.9040824007626036
d90760685f79,2.74645601443366
16ebe758714d,-0.5720702169164732
e35b929135ba,-0.6321326438722722
f2e838ea7516,-0.49714368412385285
565b3f50469d,-0.6154793877947945
285fed87659d,-0.47170140273882305
b0fb62f3c5af,-0.5021049887044293
ff792f3a2092,0.03900877985046112
4f4c2513c5bb,0.5721904693640103
5b5e5b9ce392,-0.5694053954085804
fac2f0446194,-0.6672225077346905
d251390d86fd,0.04825829334148726
336d0f86876e,-0.4456441754086858
c8e8e3874392,-0.5372105552892261
267d235961fa,0.6685787125891937
082458f7c95b,-0.6208159750702534
bcf0b104f673,2.6720397297367113
277a584c4d3f,0.9677199794393083
9c127f4e644b,-0.6726509924196324
f5d40d8bcf22,-0.3996879746356491
64bea67ef73c,-0.4439591391399828
8182be2ba95c,-0.41643922170378517
cdcbd1d0a0b4,1.5366511390265138
a171906fe23c,-1.1066844275427974
db47e5b8acd7,-0.9070989001653385
8643640c4999,-1.0811302717065485
11e5d4901231,0.5019805034378872
5815ebe5179f,-1.1567517634940492
7d4fa31672cf,0.23659215509840537
f92cd2ca2900,0.40516653729934593
3468679da44d,0.8659722537873931
3741a8fa75fa,-0.42138587084644985
1d151b1220d8,1.5431278668094233
228d2a48795d,-0.5196104196919875
1d4c4121572b,-0.5209647471605849
e344d1bde9f0,-0.5179989686900897
65fd4213c204,-0.4236894364443924
707e48360645,1.5804302893294466
7c47943d21f0,-0.43850978350016784
5bbab7cc6b6b,-0.48743322161917524
dafbbf926b8b,-0.7622622358461766
e75ec51d4c97,0.5701410893098829
e841cb91087d,2.3999904544718382
df1c2e516f64,-0.5098357148065426
44354d203b43,-0.3702573053520511
9ef81b1bd828,0.2015521410623496
6ad126a8dd42,-0.09158307431282228
f3f06e081688,-0.50696868921239
49c1a2476768,-0.16692534825799016
dd41e70fcff1,-1.0241849411738533
7b4a8e64af75,-0.3626278914330682
943c62b82f6c,-0.7630655306913404
7be2143185ef,-0.6804332751674357
d520ba4d69e3,1.6960592449849368
0a071d148150,1.328882520720138
6d730c6245fe,-1.1551933923979236
f9a40ecc4611,1.5244882358793992
57fa8a1c62d1,-0.5876223468578651
89939a7f0c89,-0.6459442490005644
aecef9a63871,-0.5978696281800274
390f8a790129,-0.42293631405127713
7dc0d192fe22,-0.6973418846345677
76ca19ca1f0f,-0.6226866401251328
fe95a10a97e7,-0.24854470223379382
0f07f8cd7466,-0.10066844219992684
54f058ca0282,1.0299209233956668
47930455151d,-0.5134456781630892
685f648d039e,0.8077280307957857
112baaaf61cb,2.5994109312547913
7e4f5f777662,1.6510118681569539
febca889f1b6,1.96513825275424
2bf85a1579e9,-0.4675188202008039
b8fe93def90d,0.9481726729693277
3e402a19553f,-0.316232659293589
55873147f458,-0.7223599306892888
f3ae2afc2ad4,-0.6647634175199582
9e0d14b0abdb,-1.3251627515260318
8682723f4eb3,-0.2808543411006679
d4403ed10774,-0.43299676002749266
26815e684fa8,-0.16421621779151052
6520052b774e,-0.1902178957311788
817bc90e7d82,-0.48912703835968996
09252afb4ec2,-0.5589016305670527
e6e0be61250c,2.6141529191260697
61f6fe24998c,-0.42642072374719386
5141bbc42aa2,-0.5218953988843889
87d02cb07fa8,-0.4369796255646713
c1ef0b4ac2f2,-0.5598808728558198
8f4c65b4bfbe,-0.4302890247578731
72a40cb13e78,0.970137774036114
2fab1b7e199a,-0.352641605653241
ecadff6b34aa,-0.7352547500499691
f41c79250af5,0.9270999772777159
81b876ed7d2c,-0.5397498800342588
b8aaeaf15680,-0.5927474450443345
cb24ee3878e1,-0.6461293563195906
69cac473ce4d,0.8336037656048602
9b7319c877f8,2.0510160015150647
903102e20c33,-0.44362314620889914
1a1944853d8d,-0.5391751937103046
e7d561a582cf,-0.5944309967109713
3286fdb04dbe,0.07455735422986239
690f33a120f7,1.776732872094951
023ad5d500a1,-0.7539569076347112
72455311a30a,-0.6260970677816683
38673fbfe6c2,0.011612936609622196
49c3d742d28f,-0.13163609842717233
05e7dc0b4131,-0.441587597347994
2b63b990ee0d,-0.2093441481151711
97bb3f631fd1,3.074355874674024
73ee4b152f52,-0.06137597796500962
66076d68f550,-0.1929065610638825
272d55a91f99,-0.7694617445393439
e75760cbafa2,-0.13409819559477154
5628ff41ae5c,-0.6022552911129877
15ad465fc1b3,-0.07495899311648938
5aef7711f129,-0.4683442040008245
bfd24bd910e8,-0.0808536923534034
4d1a0022dc39,-0.7103885768262291
006fc80aeceb,-0.5551216664574865
19dc63aa46ad,0.1606987811470626
bdf72222bebf,-0.7575763591553073
e7d1d89cb83e,-1.4288816749171036
d9a694835a41,1.2015881590656279
17d58c94caef,2.226105610517248
651d8ba2bff9,0.5254477316634437
ccc68a0c056d,0.3806173855731298
948f92d112f4,-0.530509437472646
84d4640515cc,-0.43112626078433613
fbce6282cf34,-0.44410289919047147
24a6f47fb140,-0.5313405849073176
11dec45809f0,-0.4420697542381118
566f2b0a1463,-0.4237545796245814
67b077a037d5,-0.5797887222333941
88e25c29658f,-0.46687154012018783
3badfc0a1a0d,-0.5233319206473928
71412526aebf,-0.6784403411522996
ef35750f8caa,1.068799940378302
48e54c3cd0de,1.1063641966992077
016dece3a66c,-0.567629759748461
967e191e952c,2.4821659647847074
822a3d2b7354,1.0767084300364849
c5ae65fc4f39,-0.3492107025019309
ea979137617e,-0.6153551847081966
efcc87eee974,-0.27266762337126604
17a25a402015,-0.655830429795614
fa9e2428d25b,-0.46710262356461374
6735c6ded4aa,-0.5325941843043467
4eaf28e9f0b9,2.5607245491429222
82f490efc396,-0.5820793019800943
457469426520,-0.5863640896377824
199b220540e6,-0.4895020074952622
8a0478aaadc1,0.9132731681797006
11049233a06e,0.27651787892753427
0a38b5e3b330,-0.1841278697157675
15ef6748ebfb,-0.7013501708481549
4b822c65d6b7,-0.8821186928533974
273c5dd6e35d,-0.8219491303344473
2ed9e5da7642,2.4482178686111906
252ede632433,-0.7932900242509814
7f80fe99a7e4,1.1508833334991846
13b92162f7c3,-0.20779897751610144
3c465550cbe3,0.6504026343636655
fc41fd7ec97c,-0.28463934527777435
97231bcfde6f,-0.6507475046049507
4dc71f6a48b5,-0.3993397804643326
eea9f1f7c4ea,-0.24289235173446194
0f9afadf4c82,-0.38559703347178986
dc77f6cb89f5,-0.5513313428125151
d6e7e304685a,-0.7748586977563332
6296cb4046d6,-0.12821566775828291
bed9e911e159,0.7358646661545181
86d7d25292f6,-0.5867898869077046
dd145540c6fe,-0.6879574462409527
e8dc2e25ba09,2.721581683968961
102e49aa6ead,0.8169610933374898
acf4ed2ad636,-0.5174252363145962
c04042c4573c,0.008452183706535887
35574517730f,-0.7171675408700579
131257edc954,0.847156944437338
6378c8f2c903,2.197601047588292
1aeb0ebfe62a,0.11547517107537103
3a7d0aa95509,-0.14137284467984343
2414051ad9b8,-0.8473563936011017
2f3a1c3d8f4e,1.4322149161112638
99656679b7c9,-0.707818962390928
28b95e494138,-0.7845091964718421
5e3cae68a6b0,-0.7730816186407579
050a0812f0c6,-0.6295937062642699
f4356738121f,-0.6372890261330258
e60ea5c4d656,0.9028064470821173
15cce4fefdba,0.13601633138079308
0a918f92e5b4,-0.014290127030237701
87dbcc9542f8,-0.5574991255828841
8e205209a4c5,0.7332328563371531
78fb3cca8c89,-0.9193202996070002
155c1c96ddd3,2.1070757510147082
46f51a9b855f,-0.4296090405262248
e4e50ae84e5e,-1.0610195428307228
9162fe2b7ee4,0.9190177714895418
8926d73835d3,-1.1791219955942185
68436cd24cf5,-0.6831143275225342
c61a3427c94b,-0.5765948402112478
31f3631fc33d,-0.44835675747681325
7414b698a746,2.4769300465970385
a66d73ed3dec,-0.36341145533476477
4a308b736311,-0.3055032798756228
520284ef31c6,0.26080351536767205
15c7221eb13e,1.604237584209238
79de65caa200,-0.44802565988792653
0c5c56991d4c,-0.5703393551929231
36291efb8d35,-0.4778710608662359
9c92e04ef25c,-0.4687544098058803
35344145c14b,-0.6630533990704539
acc5dfcf794b,-0.5374388611365699
eed308b5137e,-0.5537337941587979
566364258b21,-0.5056866176166324
459fc01f63ea,-0.5351839328303638
1eb4bd660311,-0.5590940575138065
f833f55f9a08,0.736111847666302
21e28c1a6421,-0.39281306482884176
b2c230fbf4df,1.6358509567954898
4ef20a75658c,2.302106956024466
f088763dfacc,-0.4945814259431115
f0e620ed9274,-0.4324846073876803
7a6347e396b6,-0.56718382105212
910ec7e15a9f,-0.4172344724885408
4add87ba393c,-0.5306332285325326
573cb05d8acf,0.9688167096252721
000106a248ff,-0.5111938594509889
95ecbb10288d,-0.552693123845265
16a93f73f58c,-0.5227429681366126
af24ddcdb830,2.597538956846551
1e473ec76dcb,0.9850724311495564
927fbc7d3c6d,-0.5483391089505365
c0b2caa086e0,-0.5380371296784724
bf2e5befdd97,-0.3633703854863104
a84077346f49,-0.34654313745024623
1908c0cdfbb7,-0.4120266590793372
b7641fe3b18e,-0.10246570785298945
10cd2cb11d58,-0.4905840153347949
d8ffca48dbd8,-0.3117759176338917
00dcfa7712e6,-0.4748284198828466
3abaa9662034,-0.3192629927956986
e0f5bf680026,-0.35916427264977113
8fe49d027cb6,0.7795929678518967
41df1ffe988d,-0.5236881699077126
3789d366a0a1,-0.4138619973106187
51d7680e7e2a,2.9746083220460102
db2f6fcc2705,0.21930014474023066
640541a16563,2.6488741619596263
1fde2a59e677,0.11986271903255635
3cf4f7362cf3,-0.9634045507145406
74f605f44703,-0.3158843377985309
73c9d386c669,-0.9251923994805709
904c464a08ac,0.6890913477202345
0cabbf951388,0.516516709765799
104f7c5aa294,-0.5693586273962665
7a1432e382e6,-0.49027504393878324
1e51080f6b64,-0.36289248508037386
edd3a46e7f1a,-0.5666376388093809
46a634a8d8b3,-0.23747998357413064
47e18db2ea25,-0.6593117246015571
52d1acf436fe,2.61030193839474
061322eea321,-0.4628101587381301
13bd2548d359,-0.6419581670161311
8dab58dacedc,-0.47611863052458453
b991862c2010,-0.6117257845855475
cef2b5c4cd28,0.16192018626383925
9c93f1141a1f,-0.3891331137519747
123834e7cadd,-0.32017123850742624
cc47a12beed0,-0.3942035816538989
471e91f64e29,1.4206902582948016
ca999405a0fd,-0.6086484920965181
507138a87913,-0.5644285147320671
d926c60a4898,0.8906206983620216
69b347a58cb1,-0.5172347354196297
291dffd8c830,0.30886086448123284
42f917d3c1d3,1.1715779830068773
4c383fbdede7,2.4146388001556334
fbff4613cd0c,-0.6410337414574694
b89ff1fecaf3,-0.6631823907318388
e3de4135331f,-0.47179015869281665
6c05249d8035,-0.68044888547403
40ed7b951ada,-0.6389314274013955
39d08fbff81a,0.6859478552016612
a7b715fcd96f,-0.795964406499587
2cd945292664,-0.7434569639871089
56bbb6b7d335,-0.9541186987561198
d83a60b48177,1.7386011415902893
b78843628488,-0.10747436016207164
7718d30f7fad,1.0384519861933932
0ed0244f55f8,-1.0495459299548764
975f796b30da,-0.8743568107697649
3ee0eed482c2,-0.5813058636405749
ed2b90653380,1.3809137990884892
d605c36565ad,0.2623082516962696
5bad7291c611,-0.5454351306357283
7bfd5f8cdb4e,-0.6400810087145488
2cf21f5c41e0,-0.4700753835999382
5f159dbb6acc,0.8507710290209594
43f674bbbbf0,-0.5038303815914111
ba3092cc3843,-0.3005590315406698
054b03790b45,-0.541287860665796
8e4d26d906fb,-0.5728087038539547
b71d4e927503,2.657516561418229
13c7c272a8b4,-0.49924054004518315
91cc259a297f,-0.38426065141108956
0c1bd9d7b262,0.9492911016191306
479d30be0644,-0.17482805500165793
8098420f6abc,-0.43171668552408154
f376bebbcce2,-0.8157009690965
0edf5fb690c1,-0.49911383636354134
b14482695b20,-0.6284018846659745
c4e64f5db3fb,0.9146206629508877
75e345785395,-0.3284002966406524
9a1f72d19944,2.685396184974548
f1a472564fee,0.7006607088511079
a4263ee92ab4,-0.36761678520133056
0e68038b1fb1,-0.7575431397338501
ef53b2800cc6,-0.29735590454895505
6193e674f3c0,0.8909212665607591
9e06b01bf204,-0.4309283185965067
8d2158366f51,-0.6236409964008347
3a8cb6155b9c,-0.24040303520181328
f5c6749cab7d,-0.21197608198150053
fc654749c808,0.7712041053950878
51500ae4ebd2,-0.6420863521721784
c3c8e7c86cac,-0.6560963452959799
dcc1a7af8760,2.692183401409703
6d7086df4933,-0.4822054472693333
a44572fe66f3,-0.40143807211666505
1343bc16e165,-0.6655341243307371
1acc2748a3f8,-0.5632321542080163
f49f7f92f626,-0.7189006860847362
81c30103d0f8,-0.4442207001517112
12176ca3e0da,-0.6104651952535681
c48cd28e1113,-0.028231027577190277
1fdab0d49454,1.235889550768711
9b0d5594e3bc,-0.6518757296510959
4d260d20910d,-0.7202820134442852
fc48a1088aa6,-0.6835743356535285
6c81baa5dd15,2.2675666756708193
ff15b71c9f46,-0.26934723801690263
f2dcce05f5ce,1.186672853601504
24d22db42406,-0.7116576935946897
52c2daf92a3c,0.5695419392005093
0418f77c7818,-0.5570443702245405
1a35bd48f421,2.865101942867774
26d6c208b885,0.5393411671881085
20dfc342099e,-0.5120927044539425
d238060c4099,-0.34469392194385284
e1dcb53d1e09,-0.35676210423953275
0be78165aba4,-0.46335603072937304
89898905e536,-0.5380834750698532
b708084492a8,-0.5771659957406807
a544f824f89c,0.08687124674007403
665b725a1e30,1.8335119333044791
9685088c84fb,1.4219372728305006
4f3d782f488b,-0.5378758346274912
143f917817e2,-0.5671809652308208
05cad5438754,1.3079072006963572
0ce6c6d98b51,-1.0735183077324393
e8ada4f11290,0.03264271129676366
c565dd3bed5d,-0.9397431734839785
cc11e2d65ab5,-0.1723229562299316
afec350af47e,-0.8461130788416477
814ffa9da3cb,0.1541087313549223
43238dd6aeb7,-0.6133535333367139
757528c451db,-0.6962813883221939
af5905ab94f9,1.2794076761090054
e329b2c58a05,-0.16974513853177056
7072da93d6d6,0.120357530428342
3c28a357e640,-0.6465741373469989
c0c244f1bdbb,-0.4554051081829179
7e7676c14e93,-1.3422831318594055
e5df6a953a99,1.104061636724535
c010bc5a8537,-0.7219905139575996
e3e16a94863e,1.3130567249299099
5f734c04b70e,1.2527312134336224
d7a9f8a16e82,-1.037335363424528
4c32b80ef06b,-0.41462955541072477
43a2dc6b2ff8,-0.3566523181682374
f8ab6748b6e9,-0.6994883178492131
b8e000bc406e,-0.7841960458586602
9bcd5270decc,-0.5395403229326206
c7f3e6636d2b,-0.34888641126109243
f9205851eb34,-0.6201824365211193
6a8c48c9702b,1.270787577075767
0b32954e8132,0.9692912251471137
ee9cca30e7db,2.411536299161824
3aaaac71a69d,-0.3485277652690552
2f74c23c9adf,-0.5395119281139816
57f91d54acb6,2.5710590543468745
e940c46a9daf,1.1252137471817116
d5e82b3d22e7,-0.5269705191162858
478a2db9f82f,-0.5326747643279097
9981dface3d8,-0.42751729587995035
3c68f81381be,-0.579737074658754
91ea61f1962d,0.8680706873742534
f78a434b2e35,-0.46143360505909126
10586afad100,-0.5632257026438308
a607bf883cad,-0.36282435737933216
071a99dc7536,-0.5804574646497089
ec4fb4d0d7d4,-0.5295027051879764
6793e8cdf0ba,-0.5917331662415107
f8864c846db2,-0.39041096936416736
c12f97059d21,-0.5442720404503615
988eb4c99d16,-0.636596816828875
60e9ba388386,-0.4792855832422063
487817778a9c,-0.37362898751188045
70a23107fb32,-0.5325623509984075
7735c9646de8,-0.5445239642100077
6ddb5056b31e,1.1375724083743854
b6d5a37ee37d,-0.7609615809092509
4601713d1ba2,1.9129953089406935
930afdf12f68,1.8034077424415886
27e3d2aa4fd9,-0.46238308117460575
e0675f5e2921,-0.4919899328106061
b23ed5c2551e,-0.21093802250226026
26b6b5ad501d,0.8151696970086206
b4e8bb8bd50a,-0.2878435826160859
45984dd5b4d2,-0.2433784839547806
6959502346c0,-0.35186035857437764
b69910be753d,-0.669178133874224
5c3a4d700351,-0.6117564541874638
9c0aded5bc5b,2.94035355875519
6379686e8963,-0.21943811978340624
a62066d26d83,-0.20675708628600076
59029266997b,-0.4371371744809682
afd0dc9fcc50,-0.017641490137606075
8cbe00879fa9,-1.214534249543824
46e7d057a8ff,-0.08396108071403624
c84952a8b271,0.048622966280357484
d1353efdc754,-0.07511384961083442
46199d60f351,0.08407612085778378
2e3b215d6848,0.12780080842342784
61e93d2ebbf7,-0.660275547737361
7b8705a40335,-0.7234997012933355
96afbd4d093f,2.832002715409014
b234762f2961,0.11966048254738282
95efbd19f021,-0.650380063552318
ee99cc1328df,1.0943006801131994
7745f3a2e51c,-0.6079931379387093
96a9305dd4cd,2.415825964383512
f8242a36af9e,-0.04474256537950853
eda548af3345,1.1366526376397705
4c76ae18993c,-0.5724049302312266
27c0c74cb6db,-0.5744711458724684
99ef2a670705,-0.5331109033841547
28849b25a3e9,-0.607844315933446
b50243100870,-0.5282991049345415
0a7d98902e32,-0.527533114910109
c7146340bbe6,-0.6312525121725088
d79fd2ba5848,2.736094414521562
619190f24cba,-0.7769467375490456
6a9fc99e193b,-0.3423315910578928
b92748ec2a57,0.08039643965754231
06c9dd2158c0,-0.5690530765532763
252a6112e886,-0.7208409046698971
b25fb7dba3cb,-0.15557829442317175
a42f9be7bcba,0.08465079793279554
8c11cd2b89c1,-0.265741498773989
43be386a7f45,1.074690611370594
c7c896586b48,-0.5140876482827125
b20b76b75a6d,-0.6210601597569261
2d6d35e12bf8,0.8996441376427058
b32e1308dc9e,-0.7034199574171863
eacee2acf643,-0.4171170270735205
3df5debbd69e,-0.4988104647930326
333db07a25d9,-0.6632405147196079
528cb08f800e,-0.47439378020539136
cd04b5804b02,1.01725103219264
fa1ca8b6bcd0,-0.5926418301985477
15608e0fbc1c,-0.2623320770901519
2c511a608502,-0.26901600968505845
e50010e69275,2.585136651104077
70b4df99fe5d,-0.34273284232331797
c65722697e8f,-0.3760004432560121
c67ef3cfd311,-0.5744657665833408
e5df345f52a9,-0.6864189635993813
c1506badfc79,-0.45796568750749983
86053b216316,-0.7086314306799596
f64902ac9a95,-0.46927042433267985
ee5a814beada,-0.4118066847677266
3c3fc8cea839,-0.5245439095763733
677f2051181f,1.1662518601487342
4f3795a34594,0.837261649099058
e16d8f432584,2.548322643378499
e48740e9215a,-0.4272654790529695
f3e1d8fbb16a,2.798381073645054
038e539abdfb,-0.38641043874798503
0cb5ce6009f6,-0.4451040982455319
1d31012542a6,-0.1765344794388972
9f0c59690b5e,0.08842951481549634
ae0517937215,-0.5019936488178314
d5ae9a838632,-0.8281646735766011
dd75b1c35b3b,-0.3035871330572323
ce6b7a2872a4,-0.3933901915902776
78a32a6e5376,-0.4922890602381475
81b4380f6e59,1.0679286143049234
ed9bd969446a,1.9078778392290632
e6ccd7df7e97,-0.6950939662181871
70e6dd3bc8f1,-0.9740165002271255
fc4355f18387,0.059823982294238874
0da88fe56411,1.6939466678245165
04e4afe0a983,-1.0020429178486845
418edf911ee2,-0.39588784660602555
0dddd12259ea,-0.3208363054410511
0c47205748a5,-0.7025725335023963
60b560719f4c,0.5669371621711395
54371b5ecff7,-0.7212035558474581
01ab5df543a7,0.5830679741719698
e8f3cf257c6b,-0.526636351336266
cbfab421bb3b,-0.48719627824554573
129f0c347d70,-0.783862453320301
ff03cfb0f338,1.7096193456210513
ee134eb59931,-0.5575985063001988
b3e2cea42984,-0.6190858954392293
4330c4799d06,-0.5513712929576835
07291592b557,1.3839896609963653
c6f38c756a6d,1.7699624542680596
40634043bd19,-0.3593350326179722
472531aa89db,-0.673830738756855
4a3c69d2f621,-0.304654911911425
6c79df65d34f,-0.2550825359662319
f7adc78b560e,-0.478384107353241
588fd023f2de,0.7119963240335137
e1aae353371c,-0.3691044822308896
f3bbb84044b6,1.1367382468886382
908fa69377c9,-0.5696965138786914
84ab352ac888,-0.5101133779851712
276cbeb66d44,-0.5840456547875978
b027d7e99af0,-0.6734966424812809
2f7d769b64be,-0.26490064874520586
6b5b7af1bf87,-0.7421832215074456
681fdea9fa9e,2.598272614013604
349a245e2f19,0.293130835289959
b3c1c29afd00,-0.29996481741050324
aef3d3c91334,-0.28549497434630433
b0f23beabe43,-1.007197010783201
dd44048811e9,-2.0662307618982174
c6dcd69008a9,0.319363196224845
76c951de8a32,-0.1640098516881377
51cb4c7d4dbd,-0.07172327949680254
3ac55b0c61d6,1.3023429167565863
a9ec60fae7c0,0.3666970000795994
d1327350f86d,1.7740203992899164
e7f36bd29d78,-0.16093365201774018
926532f4e7fc,-0.09906204513914871
324db5cf4902,-0.5020833011101221
34c44f9d4887,0.7832740922590868
99d3054422de,2.1397876397487363
cf2f96a03e19,-0.6849845866927518
9ff9806037f4,-0.7715140425696931
12fc3dead205,-0.8383628395842786
1dbea335bf1e,1.5315359567263989
39fe838da0e1,-0.18986436745779167
5cbb388308f9,-0.8091942614406225
4cdff235de34,0.2382902544452481
27c9b2eb4eac,-0.7978224991850617
ef2d512bd86c,-0.44429105437655103
56e2b39f0d7c,-0.44130374987249343
c183347d0bab,0.9693946650226333
0a1c32ac5721,-0.533902959933901
9285e07aec80,-0.6346362931021307
3a98cc6a91cd,-0.5814114357613499
a795c2874560,-0.45554285414739937
db7e7a5f321b,2.655371191848506
4530cf425154,-0.4876635433359913
b9037b89051c,0.8553615407541814
837be427dcc1,-0.40444915313921903
00be017abd65,-0.49692635395628526
80081fbbe226,1.0391771978523456
63dd5fc1b7c8,-0.41221296334368557
e019a9f9c282,-0.483890404764569
df5069f31f9f,-0.44405680184776913
3d7c049f37fe,-0.6706272103446622
483bb7ef824f,-0.6070016663482827
961f03665e93,-0.5911460402637193
3db80242a562,-0.506424150240519
cd95f37e1366,-0.4709507117085021
ab7f26b4c9e9,0.9559174012915972
09b8359cde12,2.5710132769271024
80b9a1ed7888,-0.37979792720933647
fee30cd71603,1.013709554094069
94428c7e3ee2,-1.4177949381465826
fd2e6b7b45a1,1.6111997416810961
3041721ac017,-1.2093246715258095
9d0eab270758,-0.06370475146143917
c5db9e085c58,-0.39937137029747805
bbbe97a045c4,1.066604494385614
bb2329648e03,-0.9306593297638457
4ee4c3f26510,0.18608377950058666
30c3dcff283f,0.9809352784275869
bfb06e056804,-0.8047684932109797
2d50c420ffb7,-0.032909293682817795
43581d7ab5bb,-0.08651528794191829
55b2968a144e,0.0015144090222049197
82f1dfcdd88e,-0.5113518629597701
78f126905510,-0.10682034748617403
f01ea7541265,-0.8652851217623926
522baf00f641,-0.024013778096318657
fa7c16583a67,1.060275935676772
fe1b7e7e1d5f,-0.368606379643888
5815bd8c192a,-0.8480766136474572
1decb2ae6378,2.6741985401112283
b754c50548c7,-0.018065718095813935
af01ce6b46ef,-0.9072537751764727
1e54e6403dea,-0.22739797707882178
4a2a5b79cd19,-0.48294385050624433
6828beb3588d,-0.4623264686612573
23e66355b01a,1.084884101014045
818ae242b9e8,-0.4565036911770184
586d4e3f4c2a,2.854431088080746
78bfd9a5a385,-0.42665880432808406
409d55387264,-0.477081141987205
305473ff3f9b,-0.3999127922895725
f77a48fdcda2,-0.43793312812867413
5ff3d0cac93c,-0.1969971827332812
94a15def148b,-0.3715601522046329
c2d3eadf4121,-0.4311061845862766
263028033a18,-0.4359503001909042
3a511c09b4f0,-0.41843814698379644
6d98711faa60,-0.4935072907343928
c7a1fddf9626,-0.6281515396835635
04eec8f9e7ff,2.8813310955163103
afc25b786a7e,-0.5363957017758316
e2606c947052,0.6708549708954893
e80173426a5c,-0.30842288195731915
db621fc1aeab,0.5070457293217115
2e75ae817947,-0.5892202824715927
c8343d6afb02,-0.21803946734983384
725e5c71d710,-0.39881097988345776
7c90f4f6f74e,-0.5216910488781513
fd84b96c3569,-0.4872930895289831
ea2cf1bdd5ee,-0.6077158864978989
9a69b397682b,0.822323930886901
05819ce8cb45,-0.570075821317382
321293890900,-0.42795031427109187
a556888efeea,-0.43944670698633864
172147dcddc8,2.7077074025756045
96e78b499b7a,-0.3609768509508849
8229ff47c329,-0.5897551397619668
2047eb667c03,0.8736845046136499
71cd5183d6bf,0.24880352520756785
c06de2d76ecf,-0.38116651530436346
5158554a3128,0.6707535655834287
974aeca98c18,-0.39178969281741993
561f5544be7a,0.020331165671582385
1f928b93beb1,0.8888234127379631
4f1ba7129e1e,-1.1246113269065106
ba25e51629f4,-0.4019372151095919
8553e0c2ae61,0.9449667493386325
0405f9b7c9af,-2.0375170426703315
b929377ff536,1.679218466793975
867ac9f77cd3,-0.11587509252493157
3ce7ef2ef320,-0.5950908986633294
a092393c6b32,-0.5093350235925461
bc8ebe18545b,-0.4075368213149739
8daa10726ae1,-0.5570022476581273
af5d2ffa098e,2.378665086803268
ae973568c0b4,-0.5312212448856948
47d286535b3d,-0.5003464705077171
e211ce9b6198,0.8976082927175598
ad8f8613bec5,1.4316346140689256
3b059bf0ac30,-0.507128584707506
9f89a56641a1,-0.5410636138838918
939a5dde3531,-0.5591830883759662
859671e9fdaf,-0.5851815577207552
a27c9d300a0b,-0.6568641058939767
e9b67e722b80,-0.5631607452252962
e8f03d214dc0,-0.2266861355470419
690f745aeb6d,-0.4492644336566319
86af112e7ccb,0.7036238322453232
156a2c3453bb,2.617938271646968
1fbc570c3328,-0.5583017357849153
abc6dc65ce7b,1.129722145395189
2f4c2ea5c8cb,-0.478734909414497
d22bba7754f8,-0.598301516332098
2cf20dbee0b7,-0.33478910971226805
ea36851f2272,0.4796469467144319
bf4c2ba6969b,-0.38101773473757927
b5656cd59890,-0.6168421284026121
cc1928cca90c,-0.5592404107007719
ea6c13f0efaa,-0.5928527512422469
663974b26507,2.6875121626499774
52e71f9c8aea,1.1734499663612619
1494b3f3863a,-0.46368727455156555
1afa80e5c990,-0.48808904352597327
8470c2b7e2e4,-0.3673761724685375
a43e536fc160,-0.4604406483057555
592d2d5f152a,-0.41106291179062915
12cd84325108,-0.5104793981643782
0a096f424d01,0.6341909813392677
39208d09b5eb,-0.5688468775510912
977b7eb5b7e5,-0.23314728107983299
e295c109ef26,-0.7004561506742292
6f445a7170d7,0.9618552906587815
04a2b7ca8829,-0.3252490372928903
5e0e75c36944,-0.668455988720691
c19dcaa7b9a2,2.696173063034504
1374547da022,-0.4967536781325852
d222a60fa0ca,-0.1360775974237776
679ea8046628,-0.6527533259930771
6702a9b0ea7a,0.8255735111438868
a8920ceda679,2.8426180792062112
2ffbab1992ee,-0.427327622579437
2f9710e577b7,-0.47144206399595495
fe4dbf1b2bb1,-0.42563034148325396
67b2dc26d9d2,-0.44173937160340354
9a9e83f66451,-0.5044960517596566
0911cdd2b480,-0.3857139704993932
d1b89efdb605,-0.4680857628211014
114a96b4f355,-0.5119354582343016
9885078d53dc,0.5128645106994301
721d40add79f,-0.544685458073026
df1a8069ef2b,0.8002846963994523
84d05c29f77c,-0.6239573856051788
22cc402e45c0,-0.17785320170101326
5a21aceb9867,-0.34135146817017814
55c51d49adb7,-0.6226088071175344
fb713f0d69e6,-0.6711948587580613
24f4501deb51,0.9713351799943943
31ab64664b8a,-0.6534485682888018
70fac95be05e,-0.6307997725287059
0abfac019e74,-0.5601061207475027
aab3b9eb7b75,2.6223046397194802
9b7d7ecf2c69,-0.11260433319635085
3b0bfa117f8f,-0.3532898828841344
9c3540479433,-0.31579587508819634
637b8b653c21,-0.4744395462862282
674991071dd7,-0.6646526884762942
a8b8be58dd56,-0.6513880505503962
2a59a07f08d4,-0.5459661845551385
0b504af5d942,-0.5206248653608788
e3ba12c7f72b,-0.5024941514646406
cff3aa13133c,-0.5036313925301702
c9dd07715d19,0.9372198073159317
971d350885c2,1.0034764568040115
d37312bf5131,2.5915863730761344
63fbb80840bf,1.4063557728165685
0482d6049150,-0.23885325026318988
b6f2b04a9f01,-0.05984341918924896
1318db116146,-1.0758040581198265
3edddf7b4060,-0.7709069046983049
da0c5eeedc11,2.045228665731473
144bbf30e3d2,-1.1223957860615192
5087af1033d0,0.7266690278000503
c80c0acc30be,0.6104373498111277
72e368e43106,-0.4444701165890639
45fed33f100d,-0.4097147338519456
dfdb2504df5e,-0.66670254738612
9ba4f85af5f2,-0.5642597331290701
703ee9d49fb4,-0.47677565406690026
a190fef7d8e4,2.416518447436364
bcdafaf4e8a8,-0.5241005027491046
9b7c1fddd354,-0.6196062035950293
bf5b35ebd222,-0.49242479067654016
5a5f281f4753,-0.673821837721053
361c3e814ca2,-0.4055022225675401
df6c245f2203,-0.40404703382078894
1e1b187a2336,-0.4299062545003373
75aae9b841be,0.6640721812699543
5e9c8b5e1397,1.5098536041200452
536cc60b2b83,-0.6547112437118752
bd5842dff934,-0.41104055762813807
381fd553d9b0,-0.6049883775546668
d47a56bd6e46,-0.6011540152307725
792e863dde6f,-0.4093520298791519
fe44194fe9b2,1.0783532038932908
988b3fcbc7a0,-0.4625893998757298
2e858652764c,1.318741694836379
72891f1705bb,-0.49543550541594994
7d7c1ab5db74,2.3465781212581183
39a84bd8df2a,-0.5894014310054471
c3dc05ecdfa3,-0.5150004596860566
88d8cefbd905,-0.7339520189634245
98fab14a0c02,-0.6897876702024026
877a56f1bce7,0.9249778045962218
28276f7b7d96,-0.8258038848461757
efb99240d17c,-0.9951995283441931
e60dd19d51b6,0.7152697122237408
b0822c81116e,2.1206938738196994
d274bfb0c260,-0.8102923939671075
0bdb30025efa,-0.40944083697730177
1b75467a17b2,-0.14296525080828126
96fe3d5aa528,1.2038242673069868
9c78dbbbbaa0,-0.3573240738377617
de6a0b0c8b58,1.4896408782328565
fa51b5186969,-1.064445689780827
cd70ac80e487,1.7440870821147691
398232beadc0,-0.5106713173287282
b2dadd1fe614,-1.0214477763415513
dc766240ee05,-0.2666971497009522
a50050004ad2,-1.1928654693171368
0300b5dea9a9,-0.3181311770651408
45613b427875,0.2534402181583383
61097682ccc8,-0.5228127726515979
32f83b44538c,1.0991425181298202
f8b1f5ebb9db,0.31076065555014976
8894cb75b4ca,-0.5493222730733678
c00df5f7fa70,1.0196745632794912
e976ae202dd0,-0.6718870468481702
0ca09c3ebbc1,2.5847588831145054
9ff325593822,-0.5378868142214581
3fca072ecedd,-0.5010313758167408
ce8de0445e9e,-0.4513863927165019
b002c945a453,-0.5215943252734325
7eb70e540ffd,-0.38727456723966475
e28289a64e7a,-0.47549788376239277
e3a9d1c62577,0.9524402984602891
ac817acfeb9b,-0.460993065902557
4c1e1def0304,0.7379108577294378
e4a27f121878,-0.7514957033430243
9f452783553e,-0.7008584256457012
acf1b5acbe80,-0.6249188480564178
177c2af48b83,0.9064667446745502
12d9bf310b0b,-0.8040522601057233
1c3d3183d946,-0.04700136650018798
f8c5125798de,-0.8689676694315177
333b232e7eeb,0.36391707811767504
45c1a616ac7e,-0.189564513616354
407154e9629e,-0.506665159018845
93d9447fcd28,2.485229265196108
ad54e9aca283,1.0186590249342695
7b976a090664,-0.08406225503351275
a49753a9b642,-1.4930304672359074
621950146af9,-1.072335438121808
48303f1220e5,0.2009219282467419
eb7c5c3c3505,0.9182323058181565
7f8c5506f962,-0.920012358769863
c75d91d1f17e,-1.4789534627482264
35a981f7c356,0.5517095056001184
73b867a8f5ca,1.240700131216404
ffdc8edf8aa3,0.8012556733196274
30a1c3a30f82,0.3169154127739993
4da871b04b60,0.6548116151460768
ae1c57c44ae4,0.853587304205447
8290a73cbd37,-1.5167429705818727
85cdea1f1b95,-1.3854377322367077
b8028e43ad00,0.43970521224181713
c09abf9570f4,0.9493951269566969
ed28081774c7,0.06009611185023608
70340d0d18d5,0.6169775388447483
436f130c5b75,-1.1125774413600433
945209cb4c01,0.40588294211268183
1c7c1cd51ed5,1.1407231255033485
e02be66ec8f8,-1.1064208326824299
6a0c2cc7b4a6,-0.47665716330118857
2e13cdb3adb9,0.8254568366501891
153c9a066f59,-1.3671733729747912
d96e04419569,0.11321039429563998
5c5d54fe16d1,-0.06717812938617154
7efecb00e01b,-0.4281461443588638
241366de3705,-1.2133682412129083
903a1de482f4,0.8124271873654987
3087e28e6b9c,-0.06398096014216995
9201135e92dc,-0.7895372970271858
5e23c90c8d7e,0.43547786188666854
650932766f76,2.219469028205283
011c7fab329f,-0.4309672691930861
56f6beb7e98f,-0.4799491417586698
4b8a0d33a4ad,-0.6655002814712011
d5e3f32cf4d4,-0.2885708231242167
a4d4c2884395,0.4214832317238914
630b7d432b69,-0.37641009425627153
2958b69c4e60,-0.6446728146979236
ca531377600f,0.9155818441676222
bb14cf9a0e55,-0.04200779008559308
6093dbf2a78b,-0.41485310218419774
baecfbe33009,-0.7691957582475393
47bbf83d83e5,2.7750619991271854
8c4a971e9e8d,0.017637493939827036
08a4c3450a85,-0.9163477870288954
abb01365f1cb,1.3877669780684292
d4bf846fb32d,-1.2074397330651228
d37ce4defbef,-0.4509330747299175
af72721f993a,0.6527447558956933
ce42c5b7b2f0,-1.268928017633908
521b1ab415f7,1.4671031108474646
04177d47bdee,-1.0018147128638524
2d37d1f61344,-0.25578195675675974
1d887eee518c,0.6650693709859253
e9853285fbb8,0.9109235723411166
e935e6a3f6f2,-0.40033881711093683
552ced626772,-0.760889453215049
b92dcd402cc0,2.554379093037895
400b0e5f6910,-0.5152641786038054
81b53132ef16,-0.5999027256957629
ad45a31d26cf,-0.4038648931253486
c9942f497556,-0.3936048622659535
938ebc8f0578,-0.3440939551631817
1b99b4d7ec24,1.172412513976864
42d2d9f568f1,-0.6846886164803334
d685b033320d,-0.42346699018540945
cfc1cda3defc,0.7993228848310218
82b0ec9a2ccd,-1.0227873410565638
2b02c905f732,0.041857231139390515
8bc283df8b95,0.8154122170975893
2ed8c8e33755,0.6443588817290067
ac3adedb95e5,-0.2514411294317636
3b9c7e30e99a,-0.2695355593259814
f42cfce88ea8,-0.4965639052497528
83e13b0efe3e,-1.4000214309487027
aa9af5c988b0,-0.346238341374444
4354fda52679,-0.47815192417353747
3db3f801c931,2.433386014827443
7cbafa8cc6ad,0.329725286767316
d1a69b713a0c,1.842692545125825
693babb3c80d,-1.1815306764914748
75372cc7c72b,-1.4388001238843313
6a651872b587,0.25066568039723
1603ea3c9615,0.12547474355775773
2a035ef780d0,-1.2522823738636892
6e3e4240891a,-0.5688328922747857
296345e7dbf5,0.1280540554407813
e4f0d9a50841,1.1740424523453363
5fb9e43d631c,0.6403728061018943
5c404675ef73,0.4917339955011867
e3c1801323eb,-0.21159021195572955
3326deb69ac5,2.6365335933911433
8fa56337ed7f,-0.273108316332169
c13d6c7e4872,-0.2767345599810048
5733c46c53c5,-0.5414249677193556
21908b7c4866,-0.6700165238413198
bc8a53535f64,0.9211108196144424
3ba38ca65f82,-0.5537281011840836
a3cccbe09f65,-0.5366166246090855
997a6bf8f2f1,-0.5284517824005122
80cf42a191ed,0.9083045346500143
cc429e547da8,-0.4550578901644383
56579f0d79bf,-0.6308101814236315
c6ab547f10dc,-0.5959707573517492
a970a6ea9478,-0.5723575844614279
5efc7ef853b5,-0.5563011011335304
a1a0d48c2777,-0.654951326184851
da262e5934e1,-0.5766243721120572
105a1408ee80,2.5021324803681404
02723a6afb76,0.8869297660126922
8a984b33073f,-0.6614050814304613
517695104b7e,0.2542768318703528
3d8fd103fdc7,-0.5251067792023156
e52e0f669d9b,-0.5544737279829457
7789bdfa31c1,1.0538516516081529
1cfc37c6c7b3,-0.9285956591642298
0f8ece4b67ed,2.1978441419428782
8549c924325d,-0.6799948018039293
b2dbbcd92449,0.15465999509592507
ecaf4e322c83,-0.8190909087009244
d7589acd5b6d,-0.2251381627580693
380b8a38e104,0.847539045787718
eddacfa6fde2,-1.4512280824982462
7960208fd0a1,0.09148959439710985
d26dddf3be33,0.958772928613409
458143a195f0,-0.011120876304056032
52bf4844f98c,-0.13513721460758457
0062f5e79ba2,-0.3738412074876966
ae02904b916b,-0.6385843934879152
74bc3b18b9af,0.9147012225720806
1773914d2676,-0.2568491044370244
53937e1abed1,-0.5486816376037543
847e2f6d119b,2.5258103222941317
25a18d4ee894,-0.8124577896535725
356bb9093f12,-0.06459598649551493
bad81ad24b4d,-0.5892097197795543
ca2684270015,-0.6084620657570103
6c2eb6e2dafe,-0.6023133664466787
89a669b5112d,1.0544837262825084
cb925261d1d2,2.2433069558024386
b03a0e02be96,-0.3777009755183689
19cd2507b8d7,-0.6537501134701352
7db3cc1ab49a,-0.13437196508132648
742e24756a7f,-0.7089265662086822
d39019ae7d88,1.4870237724898652
a2185ba65b6e,-0.5689776844395363
0a380ae481be,-0.6053906078904758
0312334e55ad,-0.5831810827136942
44cbd699c902,-0.546362098208516
e8b697ea704f,-0.5557230511471479
16862b5165a0,1.0040534163855797
69c178c1f484,-0.4949755368364653
6c389745030b,-0.5113563361013492
aca1db389c11,-0.42783330400398345
082b89652481,2.5789595239116494
caf54958790f,-0.5585804023825897
bc25c370d498,-0.5343728913002012
3f2fa87bf884,0.7930063491071663
45e2c70a702a,-0.49569261543195403
dad0689f0a91,-0.43957693489752603
35c46994cf9b,-0.355877454129955
dfdb5d9170fb,-0.7155350051108742
3a43ce1bd2af,1.1618346071760826
4381daea6f17,-0.46419965435418786
2e8deccde714,-0.7373091858890913
9c066344b2c2,-0.5084907151571526
297963c01988,-0.347663141515899
d3f98926804f,-0.6201814687321996
8ec482f4b7ad,-0.7328894197261064
c8a036ad48c1,-0.47082301238946045
d5241827ec52,1.2175518820448914
50cecdd10f01,-0.5408632719000434
4dcdbd7d3ccf,1.1517551658658365
2997d3cb6ac8,-0.2943274454070609
3a3145b8ec5c,2.347440267160474
ae5e80f153d1,0.016481960582423023
601a97986642,-0.6138330450303779
3d3879e73447,0.11453335351578639
d606b7b833f1,-0.24919089483416496
aebe420f1230,0.08854464852333319
48583f0f9d6f,-0.5331341651379148
16fb943cf0f9,0.019468198989487248
475571e3c0a5,-0.6572215697427505
f69ee55a3919,0.19029382581008392
a325358d4c45,-0.7171184054931341
41f4a271279f,-0.6345921222295595
86e8d3f50cfd,2.975768215046788
5739459c7b8e,-0.1685301353049384
75a9f5d586b7,2.887227800782552
f54114a62f57,-0.40061425998442757
edce5ce9a312,-0.7195700213138609
5279e85d60d0,-0.3830150185967007
90697f0b4468,-0.414742482119692
acea6035d147,-0.4126300273008332
49d5f4e5a687,-0.28045838400209355
b2e46262fce8,0.9207882641643869
7db4df64537d,-0.25338517727324317
2f79126d8b98,-0.10296244635048617
d85fb0b00f41,-0.6721081127006635
5e8271bf2f9c,0.21919631829952918
d24790930c69,1.071340126021337
804dc7a6d3e9,-1.6137595203781185
ed59dbdeb2dd,0.4807662949509715
b41b012c43cf,-1.4443317159018518
b8d954bdabcb,0.09729727327111379
53bacaecf1db,-1.2566400651075291
9d105db961be,0.3337842350331959
e99ff7ad3392,1.7114903199202542
7f477b6707fc,0.1895918516310059
8c940a1ab09b,-0.08206460045749657
018e4716d2b5,0.2933294827175893
a6e76e063594,-0.21241433625218745
9bf85c5df7c0,-0.6149382654329257
9ee0b6bc426b,-0.6238096859531295
401eaca5dd7c,-0.45414154786144906
65cd198d5987,-0.4213278966918764
61f264198066,-0.564938786064876
d24ec72f704d,1.1281744689370468
7a2c06a8fc94,0.6970561459521013
ab8232216a23,-0.6210066021276842
de3a1de3a201,-0.33882420876269725
d51a8f9a22da,2.62056722627451
2cc6c3254a19,-0.5943965120168332
e7c2caed445f,0.07150027411271824
0b99d160c79b,0.4162670705761917
71e3c8cc7207,1.098670238959233
87671e078294,1.2484357806516542
cf5ac6c391e6,-0.04587568414272437
a102a6c871f8,-1.481663183339131
1a030d3ecf1f,-2.0137545377829795
3c2aa7a2a67d,-0.046936527828021664
718c02fd384e,0.8579987819794923
e5190be9be90,-0.2938931211138691
36c300eb4ee5,0.7155316383199353
39463b21f0a5,-0.5262807303924993
32bea94501d4,-0.5580086829312916
07bc45f81377,-0.5305587339157165
c130c5637a0c,-0.3623047573903482
4cd5d1a0a95e,0.006186358079553825
31f75d63a806,-0.02050564945670285
94cdc3527c05,-0.38226486583079783
4cdab21b22d9,2.8753401130654495
d96e05402687,0.038814585340447044
4c32a379ea4f,-1.0539615875345598
9a6f33651889,-0.45753443255658416
e8466253689a,0.527075670915922
bebcd627d534,-0.08227801778537093
78696ff0b3f5,-0.32826715294951114
122c81861f2d,-0.46951198952883877
77e0f79917cf,2.7387779114763378
263395a79c1e,0.7700026824116811
150842410637,-0.620268143708597
5b6536c095a0,-0.383848409681202
965435bb3be6,-0.4849226233280706
e0a509a22d74,-0.7498831126600506
d4cfacd0fe8d,-0.5406860251796902
d99dd99daf24,-0.2859770600888927
a774d61aaac3,0.8071139278085662
9b15affa79a4,-0.4525300045717323
fd3f329046f0,-0.3068777781434659
341933994ea5,-0.5102541481920309
9e72436645f4,0.9313920545418399
dc30d54e0073,1.102551886029557
77c65afe87d8,-0.6200497178308506
01a01ff7df50,-0.66112053892163
c813660479a8,-0.7193825700106857
1676c1ab43a3,-0.6367468702440701
a029784965b9,-0.6283546182531927
5e7b3f2ce097,-0.4151173712145922
f05c8fe9ab78,2.4983464871261107
1e155ce03242,-0.034386814886989504
346d7f059a12,-1.1756431729216728
56f34009da55,0.2404649778827091
0ce8cb1eb0dd,-1.195818808486491
a84fc5d76e04,0.39271845065995187
b058598e7172,1.1470454301481547
a04fd0542373,0.4128050179600987
647716c06bd5,-1.402069091383779
cccb5f0c0845,1.4933468730138972
0de4b399ea6e,0.4670474296108413
0fcaec7da3aa,0.9335526589785981
22537f6e3c2f,-0.9622633106530966
c18c5482951d,-0.35118645480921185
f1093f8a3460,-0.4151313110096791
e02564126078,-0.4879190604403966
0c21033ca1ac,-0.5083737755294997
e2a1d8a38ce8,-0.6328720694094163
c5ac109fc074,0.8607265432061855
b112277994d7,-0.47667209442074454
86b84c5187db,2.646033037700961
8fa083ed2529,-0.37535268549812867
eee32dc32668,-0.47605354985451687
a53dce8452d3,-0.6655180878039186
b661c225bfd6,-0.4396938965896673
c81a8e2ed289,0.9708269496488214
b2a8eddf65d3,-0.7236102691424926
f81432de1e33,1.0754452671568087
e5414fc481b6,-0.48267784855679874
eb94cf3dc4bf,-0.6912892006577183
1b361965b79d,2.5768457426610403
3643688e7e52,-0.6469356787162639
a673f8ccfcaf,-0.06813124817667024
e2b688db2223,-0.3294887205843139
be5b8d315042,0.7441227799027754
601dc2b7ec19,-0.6557010201139989
9fc35266ed26,-0.15473128024636754
e13173602e98,-0.6438485235260001
f5fbcf9f1ca1,-0.983734273936224
69b029e6113e,0.8378728867933046
6ed3e00b84d1,1.01448423370509
f43fd9c60e65,-0.9286458093222619
95ce5a7f60b7,-1.0082589131080988
0d272deb2ba7,0.8253629573748301
67f1fe7d90d1,-0.5163484210385128
69ea731d0670,-0.954919007490601
8348d592fa7d,-0.7529362139021802
3f977a67f4ed,1.9478024206109807
af104bddb147,0.1531470887401356
8a35dadec380,0.3661730515735374
e8f446b7b224,-0.20792677000752588
4f218243026e,-0.45864725208237733
cab8ec3eb008,-0.36819697570998905
155ef17f9f9d,-0.4940334971213141
a2c21cc32dcb,1.0775094015104674
d43a24f94138,1.1512239635777544
8b7214b793d1,2.3904732173366137
c77767dd104c,-0.4005636430963843
b44b99749fe2,-0.7230323262979075
aafe5f7804a0,-0.7863947162389133
a495a74ff47a,-0.8731483981116065
56dd79ca6bcc,-0.3072630037588185
27d329830b5e,-0.43715992285789085
4ac9fd3a0bfc,-0.5165518365679557
115f865f1fd4,-0.5744694305005144
e4f1c734f380,0.8369631044343186
4a8b2eea8078,-0.583389942268659
f8f456225139,-0.5674114652489373
71a13d840c6c,-0.3296501324569084
3c70e523c7d7,1.2468320149721346
2c6abd98afc7,-0.48118208818432817
1390410be8ca,-0.552798230797901
0b29a5498a27,2.515914619572942
2b4eb738a933,-0.5570966900963006
95705f1fc24f,0.759801754138032
b2e44a125e6b,-0.35460511123172245
630428b5c5bb,-0.710493711340079
3e8d3dee1ca1,-0.6590579020098818
d97e19912b02,-0.5403390601348909
c5325234fe65,-0.5383328431177808
40c69fe1d7b6,-0.5772210718350566
afc1c0dbe85d,1.4817185496186709
725268ddef1d,-0.49797065671991025
825dbf8d5f7e,-0.6484644253852857
240897387258,-0.07275436431621418
93dcd9abf6be,2.357718842334119
2c3fd06c28b8,0.3761385657522889
74dcd338ce2f,0.9385767009964877
b706190bc33e,-0.8744334358077164
5dfe9b79f676,-1.2678846569374052
07c42c40f6f5,-1.3677786226598203
b80a5b6c8ba6,-1.1335341237011962
180005271cb0,-0.3660288414443972
4b028ba4248a,0.549700725020241
21ef1a524a91,0.9647304925917556
87e1b646a102,0.860700006464169
a79e9f0e041c,-0.14569548213821423
ed44528db5d9,1.4655086718638068
a9bfa56b979e,-0.4715680663326592
1b169195a002,2.5856435966372127
a958e35f8047,-0.4163496055196922
c18ecc30088d,-0.27125594176736173
93ed02337ad7,-0.6136282511089257
4c8f92a187c6,0.8726565382915152
5b80eb6cdb9b,-0.6325354795045087
93d4b5dcf35b,-0.6383910667969223
a4975360cce6,-0.5295368199822119
604c4151e12f,1.0674024236580553
95ce2f1836a0,-0.38698412022903567
2a819d0ba6ec,-0.5654532073454659
50619725d191,-0.5723340616043118
1a978f169324,1.5770099808880342
e6c3c40fa644,-0.4741147605426163
7123f12b42f9,-0.819337891043113
f741d98c66b9,0.3409255699232024
b391a9165304,0.11531842839016648
7989d9f0a9fd,-0.9088825718021225
f9f83288d1b3,-0.21309213996348392
4c6253fbaa09,-0.20930988587358615
47821fddd655,-0.33397121988848666
d5b81716bd18,-0.7794972569113736
551456754bdf,2.277285808427691
aee7e9302096,0.7644309160052883
88ab96de9d5f,2.687077129441227
14d658744501,-0.5430957992308343
1b827bd93d05,-0.5497464701817414
549ab2e61cc8,-0.547138382663609
3cb9a9d4b4b7,-0.5118728791887087
b03845f22e09,-0.505057214037546
9457916cf2e8,0.9818317199090801
e744168b8503,-0.38766076088685614
4f85c04f3062,-0.41166053625446264
2342f8c27ca4,-0.4105135294128333
48b41504c1fa,-0.5665941934990044
6409db1c28f6,-0.1521505720327968
8cc2f6b46455,-0.11216293709838247
59bce27e34d6,-0.37649859473667396
d248755df1b6,-0.6309116481174434
daf74c441163,-0.04133124993696609
eb9264b297c1,-0.7866892402645168
7a3707768151,2.8487838831536667
2852cf03c354,-0.6822551319058681
3571b4f6adcc,-0.39465850539478564
1bac05242d59,-0.5625814633730604
3eac7c157e34,0.027067946130256093
ce32bbd4a949,0.8633875135765715
052f5db68da8,2.7263347726740084
785114b7f6e9,-0.5460151832492254
f4b3c34c23ab,-0.4568185673989123
46ad333664a4,-0.5129036522184056
2a4035410ba5,-0.5062721902938021
7244178d3c45,-0.42417403233100803
1d3bc7bcef65,-0.5493749916821404
9498963d8d54,-0.43038457655328727
431fb8fd81b5,0.8554799930753446
291e5e67faf9,0.8063402873507567
9bad8c06c241,-0.3804842028320744
75b53aff6ad7,-0.5817276565412542
383c6b1fdbc7,-0.45327075384699517
e78925e63b62,0.9657475043895991
c44d1f7293e5,-0.2754101684584241
5ae438a5eca7,-0.7538943006007836
0b0c258b74a4,0.6191169690306083
5ca84318a24c,-0.5453404520442952
8f2044df78a6,-0.31499378125998273
a272e7d47278,-0.6073239444800441
2dbc9211cf27,-0.4770186712406184
e11a6aca74ff,-0.33663816893556553
80d7ee8be134,-0.5452689499369803
ecf859326d2b,2.724294717383482
e51e4f634c06,-0.20207192703909324
cce169581909,-1.0940838203495178
b2e2299a9934,0.3505898941737941
6a86bfc82601,-0.671311686335904
3f24a151a965,0.2153333900933035
0b47aaad91c3,-1.050960531498915
6057089f77b0,0.7021220959849499
aeea49a2c730,2.2355577176604857
37df76c7ae6f,-0.46191425428850424
a9ad4fd542fa,1.1821311323490484
53de825693b3,-0.8567651776177414
74b9bca57c56,-0.3486268331319054
c4ae4562fd1f,1.021325865986022
1a95f9b38e33,-0.5747079526905239
639449df45df,-0.5023183827557837
e319fd61cb3a,2.5980073047377306
793dce589dad,-0.48467606960690757
7f3d4d1f84f0,-0.34761694675405397
7562e3d587d7,-0.6964234243586769
988c7521a2b9,-0.5390373178761317
b28914c96224,-0.6097454503955657
ff8f90d6b8e0,0.9002345771259419
7d874a70ca99,-0.32005302603298297
8295d6fdba93,-0.4449891773790683
3d824ed8ece8,-0.688381805570063
61097720d66b,0.25149262312556914
b88f16a52b15,-0.3517098660111353
c1a1424a3dd0,-0.8114331270391186
21b2f749ec57,1.7382131392097289
2189d4f4150f,-1.0976431839550722
4574a1aafebf,1.3615004706607572
74c3b4e5c104,-0.8769843095015211
41bf1b13690d,-0.7613672958287245
e16603096726,-0.25057840971380735
9be0d82950c1,1.2476411312310172
c39f2e24513b,0.23925063339236996
1750609b3e9d,-0.6455162577330638
4887c3556775,-0.5288768560036422
59df575c065a,1.6148430218193717
18430c1e53ac,-0.5683970958788307
a31331f213b1,2.101709498919898
13ae0b4bb31b,-0.6031133224097236
5d48328fd803,-0.44721135877580054
86aed0f3e63c,1.1424158280449523
21fc6392a7c5,-0.5160070505524416
17ae6e178157,-0.5430708382218452
2496b2a9419f,-0.5366798784181402
fb87ed2713cd,-0.4700956907907338
ee69395a0143,0.030146157371256393
78c0df4c91fc,-0.044739358797994004
006a61e91286,-0.6163993290076144
ace1f209263a,1.9355467584852142
d9a886a1fadd,0.0860825679009009
dc58cbd27ced,-2.0732180162411398
d6baa91844b4,-0.06975733738452303
7ef7e8da0633,-0.7599031869859865
e6d26842cdb0,-0.12483505932811001
4a4dfa2a91be,0.5011389277656709
ad6aae78ad58,-0.1259995459309248
6330fad3abe5,1.2619374221532496
