act_id,parents_json
act_003695,"[-1,0,0,0,0,0,0,6,6,6,6,6,6,6,6,6,6,6,6,6,6,6,6,6,6,6,6,6,6,6,6,6,0,0,0]"
act_003382,"[-1,0,1,1,1,1,1,1,1,1,1,1,0,-1,13,13,13,13,17,17,17,17,21,21,13]"
act_003444,"[-1,0,0,0,0,0,0,0,0,0,0,0,-1,12,-1,14,14,16,16,16,14,14,14,14]"
act_001963,"[-1,-1,-1,-1,-1,4,4]"
act_004826,"[-1,0,0,0,0,0,0,0,0,0,0,0,0,0,0,0,0,0,17,18,18,18,18,18,18,18,18,18,18,18,18,18,18,18,18,18,18,18,17,0,0,0,0,0,0,0,0,0,0,0,0,0,51,51,0,0,0,0,-1,-1,-1]"
act_002891,"[-1,0,-1,2]"
act_002553,"[-1,-1,-1,2]"
act_002915,"[-1,-1,-1,-1,-1,-1,-1,-1,-1,-1,-1,-1,-1,-1,-1,14,14,14,14,14,14,14,14,14,14,14,-1]"
act_004897,"[-1,-1,-1,-1,-1,-1,-1,-1,-1,-1,-1,-1,-1,-1,-1,-1,-1]"
act_004138,"[-1,-1,-1,-1,3,-1]"
act_005047,"[-1,-1,-1,-1,-1,-1,-1,6,6,6,6]"
act_000067,"[-1,-1,1,1,1,1,1,-1,-1]"
act_001981,"[-1,0,-1,-1,-1]"
act_002945,"[-1,0,0,0,0,0,0,0]"
act_004407,"[-1,0,0,0,0,0,0,0,0,0,0,0,0,0,0,0,0,0,0,0,0,0,0,0,0,0,0,0,0,0,0,0,0,0,0,0,0,-1]"
act_003683,"[-1,0,-1,-1,-1,-1,5,6,6,6,-1,-1,-1,-1,-1,14,14,14,14,14,14,14,14,22,22,14,25,14,14,14,14,30,30,30,30,30,14,14,14,14,14,-1,41,41,41,44,41,46,41,41,41,41,41,52,52,52,52,52,52,41,41,41,41]"
act_000496,"[-1,-1,-1,2,2,2,2,-1,-1,-1,-1,-1,-1,-1,-1]"
act_003603,"[-1,0,0,0,0,0,-1,6]"
act_000104,"[-1,-1,-1,-1,-1,-1,-1,-1,-1,-1,-1,-1,-1,-1,-1,-1,-1,-1,-1,18,18,18,18,18,18,18,18,18,18,18,18,18,18,18,18,18,18,18,18,18,18,18,18,18,18,18,18,18,18,18,18,18,18,18,-1,-1,-1,-1,-1]"
act_001452,"[-1,0,0,0,-1]"
act_003903,"[-1,-1,-1,-1,-1,-1,-1,-1,-1,8,-1,-1]"
act_000806,"[-1,-1,1,-1,3,3,3,3,-1,-1,-1]"
act_002497,"[-1,-1,-1,2,2,2,2]"
act_003487,"[-1,0,-1,-1,-1]"
act_003932,"[-1,0,0,0,0,0,-1,6,-1]"
act_003978,"[-1,0,0,0,0,0,0,-1,-1,-1,-1,-1]"
act_000130,"[-1,0,0,0,0,0,0,0,0,0,-1,10,10,10,10,10,-1,-1,17,17,17,17,17,17,17,17,17,17,17,17,17,17,17,17,17,17,17,17,17,17,17,17,17,17,17,17,17,17,17,17,17,-1,-1,-1,-1,-1]"
act_000122,"[-1,-1,-1,-1,-1,-1,-1,-1,-1,8,8,-1,-1,12,12,12,12,12,12,12,12,12,12,12,12,12,-1]"
act_001910,"[-1,-1,-1,-1,-1,-1,-1,-1,-1,-1,-1,-1,-1,-1,-1,-1,-1,-1,-1,-1,-1,-1,-1,-1,-1,-1,-1,26,26,26,-1,-1,-1,-1,-1,-1,-1,-1,-1,-1,-1,-1,-1,-1,-1,44,44,44,44,44,44,44,44,52,52,52,52,52,52,44,-1,-1,-1]"
act_005166,"[-1,-1,1,1,1,-1,-1,-1,-1,-1,-1,-1]"
act_000338,"[-1,-1,1,1,3,3,3,1,1,-1,-1,-1,-1,12,12,12,15,15,15,15,15,12,21,12,12,12,12,12,12,12,12,-1,-1,-1]"
act_002967,"[-1,-1,-1,-1,-1,-1,-1,6,6,-1,-1,-1,-1,-1,-1,-1,-1,-1,-1,-1,-1,-1,-1,-1]"
act_002466,"[-1,0,0,0,0,-1]"
act_002907,"[-1,-1,1,1,-1,-1,-1]"
act_001497,"[-1,0,0,0,0,0]"
act_004438,"[-1,0,0,0,-1,-1,-1]"
act_001276,"[-1,0,0,0,-1]"
act_000055,"[-1,0,0,0,0,0,0,0,0,0,0,0,0,0,-1,-1,-1,16,16,16,16,16,16,16,16,16,16,-1,-1,-1,-1]"
act_001908,"[-1,-1,1,1,1,1,1,1,1,1,1,-1,-1,-1,-1]"
act_003663,"[-1,-1,-1,-1,-1,-1,-1,6,7,7,7,6,6,6,6,-1,-1,-1,-1,-1,19,19,-1,-1]"
act_002247,"[-1,-1,1,1,1,1,1,1,1,-1,-1,-1,-1,-1,-1,-1,-1,16,16,-1]"
act_004359,"[-1,-1,-1,-1,3,-1,-1]"
act_002047,"[-1,0,-1,2]"
act_000183,"[-1,0,0,0,0]"
act_003276,"[-1,-1,-1,-1,-1,-1,-1,-1,-1,-1,-1,-1,-1,-1,-1,-1,-1,-1,-1,-1,-1,-1,-1,-1,-1,-1,25,25,-1,-1,-1,-1,-1,-1,-1,-1,-1,-1,-1,-1,-1,-1,-1,-1,-1,-1,-1,-1,-1,-1,-1,-1]"
act_003087,"[-1,-1,-1,-1,-1,-1,-1]"
act_004853,"[-1,-1,-1,-1,-1,-1,-1,-1,-1,-1,-1,-1,-1,-1,-1,-1,-1,-1,-1,18,18,18,18,18,18,18,-1,-1]"
act_000577,"[-1,-1,-1,-1,-1,-1,5,5,5,5,5,5,5,5,5,-1,-1,16,16,16,16,16,16,-1,23,23,-1,26,26,26,26,26,-1,-1,-1,-1,-1,-1,-1]"
act_001914,"[-1,-1,1,1,1,1,1,6,6,1,9,9,9,9,9,9,9,9,9,9,9,9,9,9,9,9,9,9,9,9,9,9,9,9,9,9,9,9,1,1]"
act_003941,"[-1,-1,-1,-1,-1,-1,5,5,5,5,5,-1,11,11,11,11,11,-1]"
act_000199,"[-1,-1,-1,2,-1,-1,-1,6,-1]"
act_004931,"[-1,-1,-1,2,3,3,2,6,6,6,6,6,2,12,2,-1,-1,-1,17,18,18,18,-1,22,-1,24,24,24,-1,28,-1,30,-1,32,32,34,34,34,34,34,-1,-1,41,-1,-1,-1,45,46,46,46,-1,50,50]"
act_001888,"[-1,0,0,-1,3]"
act_003141,"[-1,-1,-1,2,2,2,2,2,2,2,2,-1,-1,-1,-1,14,14,16,16,16,14,14,-1,-1,23,-1,-1,26,27,27,26,26,26,32,32,26,26,36,37,37,36,36,41,42,42,42,42,41,41,41,26,50,26,26,26,26,55,55,55,26,59,26,26,62,63,63,62,62,26,26,69,69,26,26,26]"
act_000693,"[-1,0,-1,-1]"
act_002169,"[-1,-1,1,1,-1,-1,5,5,-1]"
act_005003,"[-1,0,-1,2,2,2]"
act_003469,"[-1,0,0,0,0,4,4]"
act_004992,"[-1,0,0,0,-1,-1,-1,6,6,-1,9,-1,11,-1]"
act_004559,"[-1,0,-1,2,2,-1,5]"
act_004082,"[-1,0,-1,2,-1]"
act_000474,"[-1,-1,-1,-1,3,-1,-1,6,-1,8,8,8,-1,-1,-1]"
act_005276,"[-1,-1,-1,-1,-1,-1,-1,6,-1]"
act_003581,"[-1,-1,-1,-1,-1,-1,-1,6,6,6,-1]"
act_003964,"[-1,0,0,0,0,0,0]"
act_000872,"[-1,-1,1,1,1,-1,-1,-1,7,7,7,7,7,7,-1,-1,-1,16,16,16,16,16,-1]"
act_003611,"[-1,0,0,0,0]"
act_004436,"[-1,0,0,0,0,0,0,-1,7,8,8,7,7,12,12,7,7]"
act_004366,"[-1,-1,-1,-1,-1,4]"
act_001442,"[-1,0,0,-1,-1,4,4,4,7,8,8,8,8,8,8,8,8,8,8,8,7,7,7,7,7,7,7,7,7,7,7,7,7,32,32,4,4,4,4,38,38]"
act_002870,"[-1,-1,-1,2]"
act_000939,"[-1,-1,-1,2,2,2,2,-1,-1,-1,-1,-1,-1,-1,-1,-1,-1,-1,17,17,17,17,-1,-1,-1,24,24,24,24,24,24,24,24,-1,33,33,-1]"
act_004542,"[-1,0,0,0,0,0,-1,-1,-1,-1,9,9,9,-1,-1,-1,-1]"
act_000516,"[-1,-1,-1,-1,3,3]"
act_003199,"[-1,-1,1,1,1,1,1,1,7,7,1,10,10,1,13,13,13,13,1,18,18,18,18,18,18,18,18,1,1,-1,29,30,30,29,29,29,29,29,29,38,38,29,29,42,29]"
act_004981,"[-1,-1,1,1,1,1,-1]"
act_003478,"[-1,0,0,0,0,-1,-1,-1,-1,-1]"
act_002296,"[-1,0,0,0,0,-1,-1,6,6,6,6,6,-1,12,12,12,-1,-1,-1,-1,-1,-1,-1,-1,-1,-1,-1,26,26,-1,-1,-1,-1,-1]"
act_003738,"[-1,-1,1,-1,3,-1,5,-1,-1,8,-1,-1,11,11,11,11,11,11,-1]"
act_001241,"[-1,-1,-1,2,2,2,2,2,2,2,2,2,2,2,2,2,2,2,2,2,2,2,2,-1,-1,-1,-1,26,26,-1,-1,-1,-1,-1]"
act_002731,"[-1,0,0,0,3,3,3,0,7,7,7,0,0,-1,-1,-1,-1,16,16,18,18,16,21,21,21,21,21,21,16,16]"
act_005211,"[-1,0,0,0]"
act_003946,"[-1,0,0,-1,-1,-1,-1]"
act_003310,"[-1,0,0,2,2,0,0,0,0,0,0,0,0,0,0,0,0,0,0,0,0,0,0,0,-1,-1,-1,-1]"
act_002701,"[-1,-1,1,1,1,1,1,1,1,1,1,1,1,1,1,1,1,1,1,1,1,1,1,1,1,1,-1,-1,-1,28,28,-1,-1,-1]"
act_003731,"[-1,0,0,-1]"
act_005139,"[-1,-1,-1,-1,-1,-1,-1,-1,-1,-1,-1,-1,-1,12,12,12,12,12,12,-1,-1,-1,-1]"
act_003386,"[-1,0,0,0,0,4,0,0,0,0,0,0,11,0,0,-1,15,15,15,15,15,15,15,15,15,15,25,25,25,25,25,25,25,15,15,34,34,-1,37,37,-1,-1,41,41,43,43,43,41]"
act_000307,"[-1,0,0,0,-1,4,4,4,4,-1,-1,-1,-1]"
act_004823,"[-1,-1,-1,2,2,2,2,2,7,2,2,2,2,2,-1]"
act_001597,"[-1,-1,1,1,1,1,1,1,1,1,1,1,1,1,1,1,15,1,1,1,19,-1]"
act_002468,"[-1,-1,-1,-1,-1,4,4,4,-1,-1,-1,-1,-1,-1,-1,-1,-1,16,16]"
act_003288,"[-1,-1,1,-1,3,3,-1,6,6,-1,9,9,-1,12,12,-1,-1,16,16,16]"
act_003560,"[-1,-1,-1,-1,-1,-1,5,5,5,5,-1,-1,-1,-1,-1,-1]"
act_000952,"[-1,-1,-1,-1,-1,-1,-1,-1,7,-1,-1,-1,11,11,11,11,11,-1,17,-1,-1,-1]"
act_003194,"[-1,-1,1,1,1,-1,5,5,5,5,5,5,5,12,12,12,12,5]"
act_001705,"[-1,-1,-1,-1,-1,4,4,4,-1,-1,-1,-1,-1,-1,-1]"
act_004090,"[-1,-1,-1,-1,-1,-1,-1,6,6,6,6,6]"
act_004172,"[-1,0,0,2,0,0,0,0,0,0,0]"
act_002964,"[-1,-1,1,1,-1,-1,5,5,5,-1]"
act_004944,"[-1,0,-1,-1,3,3,3,6,6,6,6,3,3,12,12,3,3,3]"
act_004055,"[-1,0,-1,2]"
act_004009,"[-1,0,0,0,0,0,0,0,0,0,0,0,0,0,0,0,0,0,0,0,0,0,0,0,0,0,0,0,0,0,0,0,0,0,0,0,0,-1]"
act_004570,"[-1,-1,-1,-1,3,3,-1,-1,-1]"
act_000026,"[-1,-1,-1,-1,3,3,3,3,3,3,3,3,3,3,3,3,3,3,3,3,3,3,3,3,3,3,-1,-1,-1,-1,29,29,-1,-1,-1]"
act_005244,"[-1,0,0,0,0,0,0]"
act_001122,"[-1,0,0,0]"
act_002936,"[-1,0,1,1,1,1,1,1,0,-1,-1]"
act_003440,"[-1,0,0,0,0,0,0]"
act_001402,"[-1,-1,1,-1,3,-1,5,-1,7,7,9,9,9,7,13,14,14,14,13,18,18,18,18,18,18,18,18,13,13,13,-1,30,30,30,-1,-1]"
act_001366,"[-1,0,0,0,-1,-1,-1,6,-1,8,-1,10,-1,12,12]"
act_003284,"[-1,0,0,2,0,0,0,0,0,0,0,0,0,0,0,0,0,0,0,0]"
act_004803,"[-1,0,0,0]"
act_001653,"[-1,0,0,2,2,0,0,0,0,8,8,0,0,0,-1,-1]"
act_003973,"[-1,0,0,0,0,-1,-1,-1,-1,-1]"
act_004011,"[-1,0,0,0,-1,-1,-1,-1]"
act_002212,"[-1,-1,1,1,1,1,1,1,-1,-1]"
act_002401,"[-1,0,-1,-1]"
act_003299,"[-1,0,0,-1,3,3,3,-1,-1]"
act_000379,"[-1,0,0,0,0]"
act_002512,"[-1,0,0,-1,3,3,3,3,3,3,3,-1,11,11]"
act_003441,"[-1,-1,-1,-1,-1,-1,-1,-1,-1,8,8,8,8,8,8,8,8,8,8,8,19,19,-1,-1,-1,24,24,24,24,-1,-1,-1,-1,-1,-1,-1,-1,-1,-1,-1,-1,-1,-1,-1,-1,-1,45,45,45,45]"
act_003848,"[-1,0,0,-1,3,3,3,3,3,3,3,3,3,3,3,3,3,16,16,3,3]"
act_004163,"[-1,-1,-1,-1,-1,-1,-1,-1,-1,8,8,8,8,-1,-1,-1]"
act_003900,"[-1,-1,-1,-1,3,3,5,5,5,3,3,-1,-1,12]"
act_000086,"[-1,-1,-1,2,2,2,2,6,6,2,-1]"
act_000899,"[-1,0,-1,-1,3,-1]"
act_001076,"[-1,0,0,0,0,0,0,-1,-1]"
act_002888,"[-1,0,0,0,0,0,0]"
act_002585,"[-1,0,0,2,2,0,5,5,5,0,0,0]"
act_000533,"[-1,0,0,0,0,0,-1,-1,-1,-1,-1,-1,-1,-1,-1,-1,-1,-1,-1,-1]"
act_001012,"[-1,-1,-1,-1,-1,-1,-1,-1,-1,-1,-1,-1,-1,-1,-1,-1,-1,16,-1,18,-1,-1,-1,-1]"
act_001658,"[-1,0,0,0,0,0,0]"
act_002514,"[-1,-1,-1,2,2,2,2,2,2,2,2,2,2,2,-1,-1,-1,-1,-1]"
act_000999,"[-1,-1,-1,2,2,-1,-1,-1,-1,-1,-1]"
act_000569,"[-1,0,-1,2,2]"
act_000668,"[-1,0,0,0,0]"
act_004683,"[-1,0,0,0,0,0,0,0,0,-1,9,9,-1,12,13,13,13,13,13,-1,-1,20,21,21,21,20,20,-1,-1,28,-1,30,-1]"
act_000570,"[-1,0,0,0,0,0,0,0,0,0,0,-1]"
act_000832,"[-1,-1,-1,2]"
act_003882,"[-1,0,-1,-1]"
act_000074,"[-1,0,0,0,0,0,0,0,-1]"
act_003039,"[-1,0,0,0,0]"
act_004485,"[-1,0,0,2,2,-1,-1,6,6]"
act_004495,"[-1,0,0,-1,-1,4,4,4,4,4,4,4,4,4,4,-1,15,15,17,17,17,17,15,22,22,22,-1,-1,-1,-1]"
act_003949,"[-1,-1,1,1,-1,-1,-1,-1,-1,-1,-1,-1,11,11,11,11,11,-1,-1,-1]"
act_002495,"[-1,0,0,0,0,0,0,0,-1]"
act_000576,"[-1,-1,-1,-1,3,-1]"
act_000092,"[-1,-1,-1,2,-1,-1,-1,-1,-1,-1,-1,-1,-1,12,-1,-1,15,15,15,-1,19,19,19,-1,23,-1,-1,26,26,28,28,28,28,-1,-1,34,-1]"
act_001061,"[-1,-1,1,1,1]"
act_001952,"[-1,0,0,0,0,0,5]"
act_004770,"[-1,-1,1,1,1,1,-1,-1,-1]"
act_003818,"[-1,-1,1,1,-1,4,-1,6,-1,-1]"
act_005202,"[-1,-1,-1,2,2,2,-1,-1,7,-1,-1,-1,-1,12,-1,14,14,14,14,-1,19,19,19,19,19,19,-1,-1,-1,28,-1]"
act_001565,"[-1,-1,-1,-1,-1,-1,-1,-1,-1,-1,-1,-1,-1,-1,-1,-1,-1]"
act_004879,"[-1,0,-1,2,-1,4,-1,6,-1,8,-1,10,-1,-1,-1]"
act_004603,"[-1,-1,1,2,2,2,2,1,1,1,1,1,1,1,1,1,1,1,1,1,19,1,1,1,23,1,1,1,1,-1,-1,-1,-1,-1,-1,-1,-1,-1,-1,-1,-1,40,40,40,40,40,40,40,40]"
act_002299,"[-1,-1,1,1,1,1]"
act_003113,"[-1,0,0,-1]"
act_003088,"[-1,-1,1,1,1,1,1,1,1,-1,9,9,9,9,9,9,9,-1,17,18,18,18,21,21,21,21,21,18,27,27,18,18,18,18,33,33,33,18,18,18,18,18,18,18,18,18,18,18,18,18,17,17,17,52,52,52,17,-1]"
act_004030,"[-1,0,-1,2,-1,4,-1,6]"
act_002405,"[-1,0,0,0,0]"
act_000057,"[-1,-1,-1,-1,-1,4,4]"
act_001081,"[-1,0,0,2,2]"
act_004454,"[-1,-1,-1,2,2,2,5,5,5,5,5,5,5,5,5,5,5,5,5,5,5,5,2,-1,23,-1,-1,-1,-1]"
act_002122,"[-1,-1,-1,-1,-1,-1,-1,6,6,6,6,6,6,6,6,6,6,6,6,-1,-1,-1,-1,-1,-1,24,24,-1,-1,-1,-1,-1,-1,-1,-1,-1,35,35,35,35,35,35,35,-1,-1,-1,-1,-1]"
act_002360,"[-1,-1,1,1,1,1,1,1,1,1,1,10,10,10,10,10,1,-1,-1,-1,-1,-1,-1,-1]"
act_004859,"[-1,0,1,1,1,0,5,5,5,5,0,0,0,-1,-1,-1]"
act_004868,"[-1,-1,-1,-1,3,3,3,-1,-1,-1,9]"
act_003995,"[-1,-1,-1,2,2,2,-1,-1,7,-1,9,-1,11,11,-1]"
act_004630,"[-1,0,0,2,0,4]"
act_004865,"[-1,-1,1,1,1,1,1,1,1,1,1,1,1,1,1,14,14,1,1,1,1,1,1,1,1,1,1,1,1,1,1,1,1,1,1,1,1,-1,-1,-1,39,39,-1,-1,-1,44,45]"
act_000317,"[-1,-1,-1,2,-1]"
act_004502,"[-1,0,0,-1]"
act_003073,"[-1,0,0,0,0,0,0,0,0,0,0,0,0,0,0,0,0,0,0,0,0,0,0,0,0,0,0,0,0,0,-1,-1,-1,-1]"
act_000225,"[-1,-1,-1,2,2,2,2,-1,-1,8]"
act_002925,"[-1,-1,-1,-1,3,3]"
act_000019,"[-1,-1,1,2,2,2,2,2,2,2,2,2,2,2,2,2,2,2,2,2,2,2,2,2,2,2,2,2,2,2,2,2,2,2,2,2,2,2,2,2,2,2,2,2,2,2,2,1,1,1,1,1,1,-1,-1,-1,-1]"
act_003191,"[-1,0,-1,2,-1,4,-1]"
act_004658,"[-1,0,0,0,-1,-1,5,5,7,7,5,10,10,10,10,5,15]"
act_002008,"[-1,-1,-1,-1,3,3,3,3,3,-1,-1,10,10,10,10,10,10,10,10,10,10,10,10,10,10,10,10,10,10,10,-1,-1,-1]"
act_004441,"[-1,-1,-1,-1,-1,-1,-1,-1,-1,-1,-1,-1,-1,-1,-1,-1,15,-1]"
act_004262,"[-1,0,0,0,0,-1]"
act_003656,"[-1,0,0,0,0,0,-1]"
act_001051,"[-1,0,-1,2,3,3,3,3,3,2,2]"
act_003879,"[-1,0,0,-1,3,3,3,-1,7,-1,9,-1,11,-1]"
act_000721,"[-1,0,0,0,-1,-1,5]"
act_003357,"[-1,-1,-1,-1,3,3,3,6,6,6,6,-1,-1,12,12,12,-1,-1,-1]"
act_001005,"[-1,0,0,0,0,4,4]"
act_003816,"[-1,-1,-1,-1,3,-1]"
act_000609,"[-1,0,-1,2]"
act_003984,"[-1,0,-1,2,2,2,2,-1,7,7,-1,10,-1,-1,-1,14,-1]"
act_003135,"[-1,0,-1,2,3,3,-1,6,-1]"
act_004156,"[-1,-1,1,1,1,-1,5,-1]"
act_001605,"[-1,0,-1,2]"
act_001439,"[-1,-1,1,1,1,1,5,5,5,5,5,5,5,5,5,5,1,1,1,-1,-1,-1,-1]"
act_004018,"[-1,-1,-1,2,-1,-1,5]"
act_004815,"[-1,0,0,0,0,-1,5,6,6,-1,-1,10,10]"
act_003910,"[-1,-1,-1,-1,-1,-1,5,-1,7,8,8,8,8,8,8,8,8,7,7,7,7,7,7,7,7,7,25,25,25,25,25,7,7,7,7,7,7,-1,-1,38,-1,-1,-1,-1]"
act_004831,"[-1,-1,-1,2,-1]"
act_000586,"[-1,-1,1,1,1,1,1]"
act_001363,"[-1,-1,1,1,1,-1,-1]"
act_003664,"[-1,0,0,0]"
act_002267,"[-1,0,0,-1,3,3,3,3,3,8,-1,-1,11,11,13,-1,-1]"
act_000433,"[-1,-1,-1,2]"
act_001263,"[-1,0,-1,2,-1]"
act_005309,"[-1,-1,-1,-1,-1,4]"
act_002605,"[-1,0,0,-1,3,3,3,-1,-1,-1,-1,-1,-1]"
act_004096,"[-1,0,0,0,3,3,3,0,0,0,0,0,0,0,0,0,0,0,0,0,0,0,-1,-1]"
act_001203,"[-1,0,0,0,0,-1,5,-1,7,-1,9,-1,11,11,11,-1,15,15,15,-1,19,19,19]"
act_004467,"[-1,-1,-1,-1,-1,-1,-1,-1,-1,8,8,-1,11,11]"
act_002926,"[-1,0,-1,2,3,3,3,3,3,3,2,2]"
act_001275,"[-1,0,0,0,0,4,4,0,0,0,0]"
act_005060,"[-1,0,0,0,0,-1]"
act_002682,"[-1,0,0,2,2,0]"
act_002344,"[-1,0,0,0,0,0,0,0,0,0,0,0,0,0,0,0,0,0,0,0,0,0,-1,-1,-1,24,24,24,24,-1,-1,-1,-1]"
act_000284,"[-1,0,0,0,0,0,0]"
act_001918,"[-1,0,-1,2,-1]"
act_005077,"[-1,-1,1,-1]"
act_001052,"[-1,0,0,0,0,0,0,-1,-1,8,8,8,8,8,8,8,8,8,8,8,8,8,-1,22,-1,-1,25]"
act_002273,"[-1,0,-1,2]"
act_005066,"[-1,-1,-1,-1,-1,-1,-1,-1,-1,-1,-1,-1]"
act_004772,"[-1,-1,1,1,1,1,1,1,1,1,1,1,1,1,1,1,1,-1,17,17,17,-1]"
act_001742,"[-1,-1,1,1,1,1,1,1,1,1,1,1,1,1,1,1,1,1,1,1,1,1,1,1,1,1,1,1,1,1,1,1,-1,-1,-1,-1,35,35,-1,-1,-1]"
act_004124,"[-1,0,0,0,0,0]"
act_004092,"[-1,-1,-1,-1,-1,-1,-1,6,6,6,6,6,6,6,6,6,-1,16,16,-1,-1,-1,-1]"
act_002804,"[-1,0,0,0,0,0,0,0,0,0,0,0,0,0,0,0,0,0,0,0,0,0,0,0,-1]"
act_000374,"[-1,0,-1,-1]"
act_000471,"[-1,0,0,0,0,0,0,0,0,0,0,10,0,0,-1]"
act_004610,"[-1,-1,1,1,-1,4]"
act_005224,"[-1,-1,1,1,1,1,-1,-1,-1,-1,-1,10,10,10,10,10,10,-1]"
act_004611,"[-1,0,0,0,0,0,0,0,0,0,0,0,0,-1]"
act_003768,"[-1,0,0,0]"
act_003427,"[-1,0,0,0,0,0,0,0,0,0,-1,-1,-1,12,12,12,12,12,12,12,12,12]"
act_002484,"[-1,-1,-1,2,-1]"
act_002859,"[-1,0,0,0,0,-1,-1,6,6,6,6,-1,11,-1,13,13]"
act_004414,"[-1,0,0,0,-1,-1]"
act_005149,"[-1,0,0,-1,3,3,3,-1,-1]"
act_002575,"[-1,0,-1,2,3,3,2,2,2,2,-1]"
act_001610,"[-1,0,-1,2,-1]"
act_003447,"[-1,0,0,0,0,-1,-1,-1,7,-1,-1,-1,-1,-1,-1,14,-1,16,16,16,-1,20,20,20,20,20,20,20,20,-1,29,-1,31,31,31,31,31,31,31,-1,39,39,39,39,43,39,45,39,39,39,39,-1,51,-1,-1,54,-1,-1,-1,58,-1,60,-1,-1,-1,64,64,64,67,64,69,64,64,64,64,64]"
act_004278,"[-1,0,0,-1]"
act_004774,"[-1,0,-1,2,-1]"
act_003895,"[-1,0,0,0,0,0,0,0,0,0,0,0,0,0,0,14,14,0,0,0,19,19,0,0,0,0,0,0,0,0,29,29,29,29,29,29,29,29,29,0,0,0,0,0,0,0,0,0,0,0]"
act_003011,"[-1,0,1,1,1,0,0,0,0,0,-1,-1]"
act_003336,"[-1,0,0,0,-1,-1,-1,-1]"
act_001183,"[-1,-1,-1,-1,-1,-1,-1,-1,-1,-1,-1,-1,-1,12,13,13,12,12,12,12,12,12,12,12,12,12,12,12,12,12,12,12,12,12,12,12,12,-1]"
act_004220,"[-1,-1,1,1,1,1,5,5,1,8,1,1,1,1,1,1]"
act_001087,"[-1,0,-1,-1,3,-1,-1,-1,-1,8,8,8,8,12,8,-1]"
act_003894,"[-1,-1,1,1,1,1,1,-1,-1,-1,-1,-1,-1]"
act_001734,"[-1,-1,1,1,-1,-1,-1,-1]"
act_004435,"[-1,0,0,0,0,4,4,4,0,0,0,0,0,0,-1,-1]"
act_005157,"[-1,0,0,0,0,-1]"
act_003983,"[-1,0,0,0,-1,-1]"
act_003627,"[-1,0,0,0,0,0]"
act_003117,"[-1,-1,-1,-1,-1,-1,-1,6,6,6,6,6,-1,-1]"
act_004250,"[-1,0,0,0,0,0,0,0,0,0,0,0,0,0,0,0,-1,16,16,16,16,16,16,16,-1,-1,-1]"
act_003045,"[-1,-1,-1,-1,-1,-1,-1,-1,-1,-1,-1,10,10,10,10,-1,-1,-1,-1,-1,-1,-1,-1,-1]"
act_001725,"[-1,0,0,0,0,0,-1,-1]"
act_003206,"[-1,0,1,1,1,1,0,0,0,0,9,9,9,9,9,9,9,9,0,0,0,20,20,0,23,23,25,25,25,25,25,23,23,23,23,23,23,23,23,23,23,23,23,0,0,0,45,45,0,0,-1]"
act_002820,"[-1,0,0,0,0,-1,5,-1,-1,-1,-1,-1,-1,-1,-1,-1,-1,16,16,16,16,-1,21,21,-1,-1,25,25,-1,28,28,-1,31,-1,-1,-1,-1,36,36,36,39,39,36,36,36,36,36,46,36,-1]"
act_000518,"[-1,-1,-1,-1,-1,-1,-1,-1,-1,-1,-1,-1,-1,12,12,12,-1,-1,-1,18,18,18,18,18,18,18,18,18,18,18,18,18,31,31,18,18,35,35,35,35,35,35,35,35,35,-1]"
act_003255,"[-1,0,0,0,0,0,0,-1]"
act_005176,"[-1,-1,-1,2]"
act_004101,"[-1,-1,-1,-1,-1]"
act_000163,"[-1,0,0,0,0,0,-1,-1,-1]"
act_004990,"[-1,-1,1,1,-1]"
act_001904,"[-1,-1,1,-1,3,-1,5,-1,7,-1,9,-1,11,-1,-1,-1,15,-1,17,-1,19,-1]"
act_001464,"[-1,0,0,-1,-1]"
act_000613,"[-1,-1,-1,-1,-1,4,4,4,4,4,4,4,4,-1]"
act_005204,"[-1,0,0,0,0,0,0,0,0,-1,-1]"
act_001180,"[-1,-1,-1,2,2,2,-1]"
act_001577,"[-1,-1,-1,-1,-1,-1,5,5,5,5,5,5,5,5,5,5,-1]"
act_005287,"[-1,0,0,0,0,0,0,0,0,0,0,0,0,0,0,0,0,0,0,0,0,0,-1,-1,-1,24,-1,26,26,-1]"
act_001740,"[-1,0,0,-1]"
act_002023,"[-1,0,-1,-1,-1,4,-1,-1,7,-1,-1,-1,-1]"
act_001900,"[-1,0,0,0,3,3,3,3,3,0,0,0,0]"
act_003391,"[-1,0,0,2,0,0,0,6]"
act_004516,"[-1,-1,-1,2,2,-1,5,5,5,5,5,-1]"
act_003359,"[-1,0,-1,2]"
act_002767,"[-1,0,0,-1,3,-1,5,6,6,5]"
act_002318,"[-1,0,0,-1,-1,4,-1,6,-1,-1,-1,-1,-1,12,-1,14,-1,-1,-1,-1,-1,-1,-1,-1,23,23,23,23,-1,-1,29,29,29,29,29,29,29,29,29,29,29,29,29,29,29,29,29,46,46,46,46,-1,51,51,51,-1,-1,-1,-1,58,-1]"
act_001345,"[-1,0,0,0,0,-1]"
act_004245,"[-1,0,0,0,-1,-1,-1]"
act_003091,"[-1,-1,-1,-1,-1,-1,-1,-1,-1,-1,-1,10,10,10,10,10,10,10,10,10,10,10,10,10,10,10,10,10,10,10,10,10,10,10,10,10,10,10,10,38,38,38,38,10,43,43,10,10,10,10,10,10,10,10,10,10,10,10,10,10,10,10,10,10,10,10,-1,-1,-1]"
act_004718,"[-1,0,-1,2,2]"
act_004481,"[-1,0,0,0]"
act_002961,"[-1,-1,-1,-1,-1,-1,-1,-1,7,7,-1,-1,-1,-1]"
act_003797,"[-1,0,1,1,1,1,5,5,5,5,5,5,1,1,1,14,14,1,1,1,1,1,1,1,1,1,0,0,0,0,0,0,0,0,0,0,0,0,0,0,0,0,0,0,0,0,0,0,0,0,0,0,0,0,53,53,53,53,53,53,53,0,-1,-1]"
act_002284,"[-1,0,0,0,0,4,4,4,4,0,0,10,10,10,10,0,-1]"
act_003652,"[-1,0,-1,-1,-1,4,-1,6,6,-1,9,9,9,-1]"
act_004659,"[-1,0,0,0,0,0,0,0,0,8,8,0,0,0,0,0,-1]"
act_001129,"[-1,-1,1,-1,-1]"
act_004013,"[-1,0,0,0,0,4,4,4,4,0,0,0,0,12,12,0,15,15,15,15,0,0,21,21,21,21,21,0,0,28,28,28,28,0,0,0,0,-1,37,37]"
act_002192,"[-1,0,0,-1,-1,4,4,4,7,7,7,4]"
act_000892,"[-1,-1,-1,-1,-1,4,4,4,4,-1,9,9,9,9,9,-1,-1,16,-1,18,18,18,18,18,18,18,18,18,18,18,18,18,-1,32,32,32,32,32]"
act_003361,"[-1,0,0,0,0,0,0,0,-1,-1,-1]"
act_002810,"[-1,0,0,-1]"
act_000325,"[-1,0,0,0,0]"
act_003270,"[-1,0,0,-1]"
act_000256,"[-1,0,0,-1]"
act_000065,"[-1,-1,-1,-1,-1,-1,-1,-1]"
act_003572,"[-1,-1,1,1,1,-1,-1,-1,-1,-1,-1,10,10,10,10,10,-1,-1]"
act_001791,"[-1,-1,1,-1]"
act_001566,"[-1,-1,1,1,1,1,-1,6,6,-1,-1]"
act_001775,"[-1,-1,1,1,1,1,1,1,1,1,1,1,1]"
act_000013,"[-1,0,-1,2,2,2,2,2,2,8,8,8,2,-1,13,13,15,13,13,18,13,-1,-1,22,22,22,-1,-1,27,-1,29,-1,-1,32,-1,34,-1,-1,37,-1,39,-1,41,-1,43,-1,45,45,45,45,45,-1]"
act_000891,"[-1,-1,-1,-1,3]"
act_003217,"[-1,-1,1,1,1,1,5,5,5,5,5,5,5,5,5,5,5,5,5,5,5,20,20,5,23,23,23,5,5,28,5,30,30,30,30,30,30,30,30,5,1]"
act_002244,"[-1,0,1,2,2,2,2,2,2,1,1,1,1,1,0,14,14,-1]"
act_000422,"[-1,0,0,-1]"
act_001811,"[-1,-1,1,1,1,-1]"
act_003238,"[-1,-1,-1,-1,-1,-1,-1,-1,-1,-1,-1,10,-1,-1,-1,-1,-1,-1]"
act_001270,"[-1,-1,-1,-1,-1,-1,-1,-1,-1,-1,-1,-1,11,11,-1,-1,-1,-1,-1,-1,-1,-1,-1,-1,-1,-1,-1,-1,-1,-1,-1,-1,-1,-1,-1,-1,-1,-1]"
act_001297,"[-1,0,0,0,0,0,0,0,0,-1,-1,10,11,11,11,11,11,11,11,10,10,10,10,10,23,23,23,23,23,23,23,23,23,23,10,10,10,10,10,10,10,10,10,10,10,10,10,10,10,10,10,10,10,10,10,10,10,10,10,10,10,60,60,10,-1]"
act_003371,"[-1,-1,-1,2,2,-1]"
act_000815,"[-1,-1,1,1,1,-1,-1,-1,-1]"
act_002740,"[-1,0,-1,2]"
act_002394,"[-1,-1,1,1,1,-1,-1,-1,-1,-1,-1,10,-1]"
act_002773,"[-1,0,0,0,0,0,0,0,0,0,0,0,-1,-1]"
act_002327,"[-1,0,0,0,0,0,0,0,0,0,0,0,11,0,0,14,0,0,0,0,0,0,0,22,0,0,0]"
act_000012,"[-1,-1,1,1,-1,-1]"
act_004162,"[-1,-1,-1,-1,-1,-1,-1,6,6,-1,-1,10,10,10,10,-1,-1]"
act_000884,"[-1,0,0,0,0,0,-1,6,6,6,6,6,6,6,13,13,13,16,16,16,16,16,16,16,16,16,16,16,16,13,29,29,13,6,6,-1,-1,36,36,36,-1,-1]"
act_001321,"[-1,-1,1,1,1,1,1,1,1,1,1,1,1,1,1,1,1,1,1,1,1,1,1,1,1,1,1,1,1,-1,-1,-1,-1,32,32,-1,-1,-1,-1]"
act_004609,"[-1,-1,-1,-1,-1,-1,-1,6,6,6,6]"
act_004629,"[-1,-1,-1,-1,-1,-1,-1,-1,7,7,7,7,7]"
act_002040,"[-1,0,0,0,0,0,0,0,0,0,0,0,0,0,0]"
act_004152,"[-1,0,0,0,0,0,0,-1,-1,-1,-1,-1]"
act_004088,"[-1,0,0,-1,-1]"
act_005281,"[-1,-1,1,1,1]"
act_001197,"[-1,0,-1,-1,3,-1,5,-1,7,7,9,7,11,7,13,7,15,7,-1,18,-1,-1,21,-1,23,-1,-1,26,26,-1,29,-1,31,-1,33]"
act_000107,"[-1,-1,1,-1,3]"
act_002142,"[-1,-1,-1,-1,3,3,-1]"
act_004318,"[-1,0,-1,2,-1,4,-1,6]"
act_000420,"[-1,0,0,0]"
act_000987,"[-1,0,0,0,0,0,0,0,0,0,0,0,-1]"
act_004674,"[-1,0,0,2,2,2,2,0,0,0,0,0,0,-1,-1,-1,-1,-1,-1]"
act_003158,"[-1,0,0,0,0,0,5,0,-1]"
act_000099,"[-1,0,0,0,0,0]"
act_000346,"[-1,-1,-1,2,-1]"
act_004523,"[-1,0,0,0,-1]"
act_002665,"[-1,-1,-1,-1,-1,-1,-1,6,6,6,6,6,6,6,6,6,6,6,6,6,6,6,6,6,23,23,23,-1,-1,-1,-1,-1,31,31,31,31,31,-1,-1,-1,-1,-1,41,41,-1,-1]"
act_001260,"[-1,0,0,0,0,0,0,-1]"
act_001850,"[-1,0,-1,-1]"
act_005146,"[-1,0,0,0,0,0,0,0,0,8,8,8,8,0,0,14,14,14,14,14,14,0,0,0,0,0,0,0,27,27,0,0,0,0,0,34,34,34,34,34,34,34,34,34,34,34,34,34,34,34,34,34,34,34,0,-1,-1,56,56,56]"
act_003380,"[-1,0,0,0,0,-1,-1,-1,-1,-1,9,9,-1,-1]"
act_000658,"[-1,0,0,0,0,0,0,0,0,0,0,-1,11,-1,-1,14,-1,-1]"
act_000439,"[-1,0,0,0,0,0,0]"
act_003933,"[-1,0,0,-1]"
act_005096,"[-1,0,0,0,0,-1]"
act_000742,"[-1,0,0,0,0]"
act_005136,"[-1,0,0,-1]"
act_002473,"[-1,0,0,0,0,0,0]"
act_002141,"[-1,0,-1,-1,-1,4,4,4,-1,-1,-1,10,-1,12,12,12,12,-1,-1,-1]"
act_001631,"[-1,-1,1,1,-1,4,4,4,4,4,4,-1,11,-1,-1,-1]"
act_002349,"[-1,-1,1,1,1,1,5,5,5,5,1]"
act_004109,"[-1,0,-1,-1,-1,-1]"
act_000972,"[-1,0,0,0,0,0,0,6,6,6,6,6,6,6,0,14,14,14,14,14,14,14,0,0,0,0,0,26,26,26,26,26,26,26,26,26,26,0,0,-1,-1,-1,-1,-1,-1,44,44,44,-1,48,48,48,48,48,53,53,53,53,53,53,53,53,53,53,48,-1,65,65,-1,-1]"
act_001803,"[-1,-1,-1,2,-1,-1]"
act_005304,"[-1,-1,-1,2,-1,4,4,6,4,4,9,9,4,4,4,14,14,14,14,-1,19,-1,21]"
act_000634,"[-1,-1,1,-1]"
act_004079,"[-1,-1,-1,-1,-1,-1,5,5,5,-1,-1,-1,-1,-1,-1,-1,-1,-1,-1,18,18,18,18,18,18,18,18,18,18]"
act_004240,"[-1,0,0,0,0,0]"
act_002842,"[-1,0,0,-1,-1,-1]"
act_003708,"[-1,0,-1,2]"
act_004142,"[-1,0,0,0,0,0,0,0,0,0,0,0,0,0,13,13,13,13,17,17,17,17,17,17,17,17,13,26,26,13,13,13,13,13,13,13,13,0,-1,38,39,39,38,38,-1]"
act_002166,"[-1,0,-1,-1,3,3,3,3,3,3,9,9,9,9,9,-1,-1,-1,-1]"
act_004647,"[-1,0,0,-1,-1]"
act_000434,"[-1,-1,-1,-1,-1,-1,-1,6,-1,8,-1,10,-1,-1,-1,14,-1,16,16,16,16,16,16,16,16,24,16,26,16,16,16,16,16,16,-1,-1,35,36,36,35,35,-1]"
act_002599,"[-1,0,-1,2,-1,4,-1,6]"
act_000719,"[-1,0,0,-1,-1]"
act_002716,"[-1,0,0,0,0,0,-1,-1,-1,-1,9,9,9,9,9,9,-1]"
act_002490,"[-1,0,0,0,0,0,0,0,0,0,0,0,0,0,0,0,0,0,0,0,0,0,0,0,0,0,0,0,27,27,27,27,0,0,0,0,0,0,37,37,0,0,0,0,0,0,0,0,0,0,0,0,-1,-1,-1,-1,-1,56,56,56,56,-1,-1,-1,-1]"
act_000789,"[-1,0,0,2,2,-1]"
act_003573,"[-1,-1,-1,-1,-1,-1,-1,6,6,6,6]"
act_002483,"[-1,0,0,0,0,0,0,0,0,0,0,0,0,0,0,0,0,-1]"
act_000799,"[-1,0,0,2,2,2,2,0,0,0,0,10,10,10,10,10,10,10,10,10,0,0,0]"
act_003856,"[-1,0,0,0,0,-1]"
act_002252,"[-1,0,0,0,0,0,0,0,0,0]"
act_004787,"[-1,0,0,0,0]"
act_001793,"[-1,0,0,0,0,4,4,4,4,4,4,4,4,4,4,14,14,0,17,17,0,0,0,-1,23,24,24,24,27,27,27,27,27,27,27,27,27,27,27,27,24,24,24,42,42,24,24,46,46,48,48,24,24,24,23,54,54,23,57,57,57,23,23,23,63,63]"
act_000497,"[-1,-1,1,1,1,4,4,4,1,1,-1,10,10,10,10,-1,15,16,16,16,16,16,16,-1,-1,-1]"
act_003314,"[-1,0,0,0,0,0,0,-1,-1,-1]"
act_002203,"[-1,-1,-1,2,2,2,2,2,2,2,2,2,2,2,2,2,2,2,2,2,2,2,2,2,2,2,2,-1,-1,-1,-1,-1,-1,32,32,-1,-1,-1,-1]"
act_001848,"[-1,-1,1,1,1,1,-1,-1,7,7,7,-1,-1]"
act_000399,"[-1,-1,1,2,2,2,5,5,5,5,2,2,2,2,2,2,2,2,1,18,18,1,1,1,23,1,25,25,25,25,25,25,25,25,1,34,1,36,1,1,1,1,41,41,41,41,1,1,1,48,48,48,48,48,48,48,1,1,57,57,1,1,1,1,1,1]"
act_001765,"[-1,0,-1,2,-1,-1,5,-1,7,7,7,-1]"
act_000169,"[-1,0,0,0,0,-1,-1,6]"
act_001199,"[-1,0,0,0,0,0,-1,-1,-1,-1,-1,-1]"
act_001054,"[-1,-1,-1,2,-1,-1,5,-1,-1,8,-1,10,10,12,12,12,12,12,10,18,-1,-1,-1,22]"
act_004785,"[-1,0,-1,2]"
act_003313,"[-1,-1,-1,-1,-1,-1,-1,-1,-1,-1,-1,-1,-1,-1,-1,-1,-1,-1,-1,-1,-1,20,20,20,20,-1,-1,-1,-1,28,-1,-1]"
act_003474,"[-1,0,0,0,-1]"
act_000070,"[-1,-1,-1,2,2,2,-1,-1,-1,-1,-1,-1,-1,-1,-1]"
act_003179,"[-1,-1,-1,-1,-1,-1,-1,-1,-1,-1,-1,-1,-1,-1,-1,-1,-1,-1,-1,18,-1,-1]"
act_004264,"[-1,0,1,1,1,1,1,1,1,1,1,1,1,1,1,1,1,1,1,1,0,20,20,20,20,20,20,20,20,20,0,0,0]"
act_001702,"[-1,-1,-1,2,2,2,2,2,2,2,2,2,2,2,2,2,2,2,2,2,2,2,-1,-1,-1,-1,25,25,-1,-1,-1,-1,-1]"
act_001309,"[-1,-1,1,1,1,1,1,1,1,1,1,1,1,12,12,12,-1,-1,-1,-1,-1,-1,-1]"
act_000631,"[-1,-1,1,1,1]"
act_001020,"[-1,-1,-1,2,-1,-1,-1,6,-1,-1,-1,-1,-1,12,-1,-1]"
act_005187,"[-1,0,0,0,0,4,4,4,0,0,0,0,0,0,0,-1,-1]"
act_003142,"[-1,0,0,-1,-1,-1]"
act_000637,"[-1,0,1,1,1,0,-1]"
act_002269,"[-1,0,0,0,0,0,0,-1]"
act_002343,"[-1,0,-1,2,2,2,2,2,2,2,-1,-1,11,11,11,-1,-1]"
act_000549,"[-1,0,0,0,-1,-1,-1]"
act_001344,"[-1,0,0,0,3,3,-1,6,6,6,6,6,6,6,6,6,-1]"
act_004850,"[-1,0,0,0,0,0,-1,-1,-1,-1,-1,-1]"
act_005071,"[-1,0,1,1,0,0,0,6,6,0,0,0,0,0,0,0,0,0,0,0,0,0,0,0,0,0,0,0,0,28,28,0,0,0,0,0,0,0,0,0,0,0,0,0,0,0,-1,-1,-1,48,48]"
act_001817,"[-1,0,0,0,3,0,-1,6,6,8,6,6,6,6,6,6,15,6,6,18,6,6,6,6,6,6,6,-1]"
act_000560,"[-1,0,0,-1,3,3,-1,-1,7,-1,-1,10,10,10,10,-1,15,-1,-1,-1,-1,20,20,20,-1,-1]"
act_001528,"[-1,-1,-1,-1,-1,-1,-1,-1,-1,-1,-1,-1,-1,-1,13,13,13,13,13,13,13,13,-1,-1,-1,-1,-1]"
act_001660,"[-1,0,0,2,2,2,2,2,-1,8,8,8]"
act_001302,"[-1,0,0,-1]"
act_003881,"[-1,0,-1,2,-1]"
act_004210,"[-1,-1,-1,2,2,2,2,2,-1,-1,9,9,9,9,9,9,9,-1,-1]"
act_000281,"[-1,-1,-1,-1,-1,-1,-1,6,6,6,-1,-1,11,11,11,11,11,11,11,11,11,11,11,11,11,11,11,11,11,11,11,11,11,11,11,11,11,11,11,11,11,-1]"
act_004518,"[-1,0,0,0,0,0,0,0,0,-1,-1]"
act_002704,"[-1,-1,-1,2,2,-1,-1,6,6,6,6,6,6,-1,13,13,13,13,13,13,13,-1,21,21,21,21,21,21,21,21,21,21,21,21,21,34,34,21,21,21,21,-1]"
act_003859,"[-1,0,0,-1,-1]"
act_004394,"[-1,-1,1,1,1,1,1,1,1,1,1,1,1,1,1,1,1,1,1,1,1,1,1,1,1,1,-1,-1,-1,-1,29,29,-1,-1,-1,-1]"
act_002037,"[-1,0,0,-1,3]"
act_002135,"[-1,0,0,0,0,0,5,5,0,0,0,0,0,0,0,0,0,0,17,17,17,17,17,17,17,17,17,17,17,17,17,17,17,17,17,17,17,17,0,0,0,40,40,40,40,40,40,40,40,40,0,0,0,-1,-1,-1,-1,-1,-1]"
act_001247,"[-1,-1,-1,-1,-1,-1,5,5,-1,-1,9,9,9]"
act_001248,"[-1,-1,-1,-1,-1,-1,-1,6,6,6,6,6,11,11,6,-1,-1,16,17,17,16,-1,21,21,23,23,21,21,27,28,28,28,21,21]"
act_004593,"[-1,0,0,0,0,4,4,6,6,6,6,6,6,6,6,0,15,16,16,16,16,15,0,0,0,0,25,25,0,0,0,30,30,30,0,34,34,34,-1,38,39,39,38]"
act_002766,"[-1,0,0,0,-1,4,4,4,4,4,4,4,4,4,4,-1,15,15,15,15,15,15,15,-1,-1,-1,25,-1,27,27,27,27,27,27,27,27,-1,-1]"
act_001310,"[-1,0,0,0,-1,-1,-1,6,6,-1,-1,10,-1,-1,13,-1,-1]"
act_002972,"[-1,-1,-1,-1,-1,-1,-1,-1,7,7,7,7]"
act_000499,"[-1,0,-1,2,2,2,2,2,7,7,7,-1,-1,12,-1,-1]"
act_004108,"[-1,-1,-1,2,2,-1]"
act_001218,"[-1,0,0,0,0,0,0,-1,-1,-1,-1]"
act_002879,"[-1,-1,-1,-1,3,3,3,3]"
act_001983,"[-1,-1,1,1,-1]"
act_003445,"[-1,0,0,0,0,0,0,-1,-1,-1]"
act_002995,"[-1,-1,-1,-1,-1,-1,-1,-1,-1,-1,-1,-1,11,11,-1,-1,15,15,-1,-1,19,19,19,19,19,19,-1,-1,27,27,27,30,30,30]"
act_003658,"[-1,-1,1,1,1,1,1,1,1,1,-1,-1,-1,-1]"
act_002886,"[-1,0,0,0]"
act_001115,"[-1,-1,1,-1,-1,-1]"
act_001360,"[-1,-1,-1,2,2,-1,-1,-1,-1,-1]"
act_000907,"[-1,0,1,1,1,1,1,1,1,1,0,-1,11,-1,-1,-1,15,15,17,17,17,17,17,17,17,17,15,-1,27,27,27,27,27,-1,33,33,-1,36,36,38,38,38,38,36,36,36,45,36,47,-1,-1]"
act_001085,"[-1,-1,1,1,1,-1,-1,-1]"
act_002775,"[-1,0,-1,2,2,-1,5,5]"
act_003837,"[-1,0,-1,2,-1,4,-1,6,6]"
act_000923,"[-1,0,0,-1]"
act_003815,"[-1,-1,1,-1,-1,4,4,4]"
act_003775,"[-1,0,0,0,0,0,0,-1,-1]"
act_004177,"[-1,0,0,0,0,0,0]"
act_001421,"[-1,0,0,0,0,0,0,0,0,0,0,0,11,11,11,11,11,11,11,11,11,11,11,11,0,0,0,0,0,28,28,28,28,28,28,28,28,28,28,28,28,28,28,0,0,0,0,0,0,0,0,0,0,0,0,54,54,54,54,54,54,54,54,54,54,54,0,0,0,0,-1,-1,-1,-1,-1]"
act_003583,"[-1,-1,1,2,1,1,5,1,7,7,7,7,1,12,1,14,1,1,1,18,1,-1,21,-1,-1,-1,-1,-1,-1,-1,-1,-1]"
act_003997,"[-1,0,0,-1,-1,-1]"
act_003161,"[-1,0,-1,2,2,2,5,-1]"
act_000966,"[-1,0,0,0]"
act_004189,"[-1,0,0,0,0,-1,-1,-1,7,7,-1]"
act_001410,"[-1,0,0,2,2,2,2,2,2,2,2,2,2,2,2,2,2,2,2,2,2,2,2,2,0,0,0,0,27,0,29,0,0,0,0,34,34,34,34,34,34,34,34,34,34,34,34,34,34,34,34,34,34,34,34,34,34,34,34,-1,-1,-1,-1]"
act_004553,"[-1,0,0,-1,3,-1,5,-1,-1]"
act_001426,"[-1,0,0,0,-1]"
act_004237,"[-1,0,0,0,0,0,0,0]"
act_002174,"[-1,-1,-1,-1,-1,-1,-1,6,6,-1,-1,-1,-1,-1,-1,-1,-1]"
act_001881,"[-1,0,0,0,0,0,5,5,5,5,5,5,0,0,13,13,13,13,0,-1,-1,-1,-1,-1,-1,-1,-1,-1,-1]"
act_003914,"[-1,-1,1,2,2,2,1,1,-1,-1,-1,-1,-1]"
act_001505,"[-1,-1,1,-1,-1,4,-1,6,-1,8,-1,-1,-1,12,-1,14]"
act_004343,"[-1,-1,1,-1,3,3,3]"
act_005049,"[-1,-1,1,1,1,1,1,1,1,1,1,1,1,1,1,1,1,1,1,1,1,1,1,1,1,1,-1,-1,-1,-1,-1,-1,-1,-1]"
act_001621,"[-1,-1,1,1,1,1,1,1,1,1,1,1,1,1,1,1,1,1,1,1,1,1,1,1,1,1,1,-1,-1,-1,-1,30,30,-1,-1,-1,-1]"
act_003874,"[-1,0,0,0,0,0]"
act_002588,"[-1,0,0,-1]"
act_003808,"[-1,-1,-1,-1,-1,4,-1,-1,7,-1,-1,-1]"
act_002423,"[-1,-1,-1,-1,-1,-1,-1,-1,-1,-1,-1,10,10,10,-1,-1,-1,-1,-1,-1,-1,-1,-1,-1,-1,-1,-1,-1,-1,-1,-1,-1,-1,-1,-1,-1,-1,-1,-1,-1,-1,-1,-1]"
act_004822,"[-1,0,-1,2,2,2,-1,-1,7,7,-1,-1,11,11,11,11,11,11,11,11,19,19,21,21,21,21,21,21,21,21,21,21,21,21,21,19,19,19,19,19,11,11,11,42,11,44,11,46,47,46,46,46,51,51]"
act_002494,"[-1,0,1,1,1,1,1,1,1,1,1,1,1,0]"
act_002520,"[-1,0,0,0,0,0,0,0,0,0,-1,-1,-1,-1,-1]"
act_000904,"[-1,-1,-1,2,3,3,2,2,2,8,8,2,2,2]"
act_003786,"[-1,0,0,-1,-1,-1,-1,-1,7,7,7,7,-1,-1,-1,-1]"
act_001761,"[-1,-1,-1,-1,3,-1,5,-1,7,-1,-1,10,-1,12,-1]"
act_002711,"[-1,0,-1,2]"
act_001928,"[-1,0,-1,2,-1,-1,5]"
act_002783,"[-1,0,0,0,0,0,0,0,0,0,0,0,0,0,0,14,14,0,0,0,0,0,0,0,0,0,0,0,0,0,0,0,0,0,0,0,0,0,37,37,37,0,0,0,0,0,0,0,0,0,0]"
act_005137,"[-1,0,0,0,0,0,0,0,0]"
act_001330,"[-1,-1,-1,2,2,2,-1]"
act_000251,"[-1,0,-1,2,-1,-1,-1,6,6,6,-1]"
act_004532,"[-1,-1,1,-1]"
act_000661,"[-1,-1,-1,-1,3,3,5,5,5,3,3,3,3,3,3,3,3,3,-1,-1,-1,-1,-1,-1,-1,24,24,24,24,24,24,24,-1,-1,-1,34,34,-1]"
act_001145,"[-1,-1,-1,2,2,2,-1]"
act_004279,"[-1,0,0,-1,3,3,3]"
act_001486,"[-1,0,0,0,0,0,0,0,0,8,8,8,8,8,8,8,8,8,8,8,0,0,21,21,21,21,21,21,21,21,21,21,21,21,21,21,21,21,21,21,21,21,21,21,0,0,45,45,0,0,0,0,0,0,0,0,0,0,0,0,0,0,0,0,0,64,64,64,64,0,0,0,71,71,71,71,71,0,0]"
act_005294,"[-1,0,0,0]"
act_001721,"[-1,0,0,0,3,0,5,5,7,7,7,7,7,5,5,0,0,0,0,18,18,0,0,22,22,22,0,0,0,0,0,30,30,30,30,0,0,0,0,0,39,39,39,39,0,44,0,0,0]"
act_003343,"[-1,-1,1,1,-1,-1,-1,-1,-1]"
act_000881,"[-1,-1,-1,-1]"
act_001389,"[-1,0,1,1,1,1,5,5,5,0,9,0,0,0,0,0,-1]"
act_002314,"[-1,0,0,0,0,0,0,0,0,0,-1,-1,-1,-1,13,13,13,13,13,13,13,13,13,13,13,13,13,13,-1,-1]"
act_003827,"[-1,0,-1,2,-1,4,4,4,4,4,-1,10,-1]"
act_005311,"[-1,-1,-1,2,2,2,2,2,2,2,2,-1,-1,-1,-1,-1]"
act_002079,"[-1,0,0,-1,-1]"
act_004945,"[-1,0,-1,-1,-1]"
act_000447,"[-1,0,0,0,0,0,0,0,0,0,0,-1]"
act_003213,"[-1,-1,-1,2,2,2,2,2,2,-1,-1,10,10,10]"
act_000677,"[-1,0,0,0,3,3,3,0,0,0,-1,-1]"
act_002336,"[-1,0,0,0,0,0,0,0,0,0,-1,10,10,10,10,10,10,10,10,10,10,10,10,10,10,10,10,10,10,10,10,-1,-1,-1,-1,-1,-1,-1,37,37,-1,-1,-1,-1]"
act_003668,"[-1,-1,-1,2,2,2,2,-1,7,7,7,10,10,10,10,10,7,7,-1,-1,19]"
act_002206,"[-1,0,0,0,0,0,0,0,0,0,0,0,0,0,0,0,0,16,16,16,16,16,16,16,16,16,16,16,16,16,16,16,16,16,16,16,0,-1,37,37,37,37,37,37,37,37,37,37,37,37]"
act_004615,"[-1,0,-1,2,2,-1,5,5,5,-1,9]"
act_003381,"[-1,-1,-1,-1,-1,-1,5,5,-1,-1,-1,-1,-1,-1,-1,-1,-1,-1,-1,-1,-1,-1]"
act_001771,"[-1,0,0,0]"
act_004381,"[-1,0,0,0,0,0,0,6,6,6,6,6,0,0,0,0,0,0,-1,-1,19,19,19,19,19,19,19,19,27,27,27,27,19,19,19,-1,-1,36,36,-1,-1,-1,-1,-1,-1,-1,-1,-1]"
act_000602,"[-1,-1,1,1,1,1,1,-1,-1,-1,-1,-1]"
act_003805,"[-1,0,-1,-1,3,3,3,3,3,-1]"
act_003952,"[-1,-1,-1,-1,-1,4,4,-1]"
act_000367,"[-1,0,0,0,0,0,0,0,0,0,-1,10,11,11,10,10,15,15,15,15,15,10,10,10]"
act_004843,"[-1,-1,-1,-1,-1,-1,-1,-1,-1,-1,-1,-1,-1,-1,-1,-1,-1,16,16,16,16,16,16,16,16,-1,25,-1,-1,28,28,28,-1,-1,-1,34,35,34,37,37,37,37,34,34,34,34,34,46,34,-1]"
act_005272,"[-1,0,0,0,0,0,0,0,0,0,0,-1,11,11,11,11,11,11,11,11,-1,20,-1,-1,-1,-1,25,-1,-1,-1,29,29,-1]"
act_001240,"[-1,-1,-1,-1,3,3]"
act_001395,"[-1,0,0,0,0]"
act_004317,"[-1,0,-1,-1,-1,4,4,4,4,4,4,-1,-1,-1]"
act_004123,"[-1,0,1,1,0,-1,-1]"
act_002042,"[-1,0,0,0,3,3,3,3,3,3,3,0,11,11,0,0,0,0,0,-1,19,19,19,-1,23,24,24,24,23,28,28,28,28,28,23,23,23,23,23]"
act_004007,"[-1,0,0,0,0,-1,-1,-1,-1,-1,-1]"
act_001669,"[-1,0,0,0,3,3,3,3,7,7,7,3,3,3,3,3,0,16,16,16,16,16,0,22,22,22,22,22,22,0,0,0,0,0,33,33,33,36,36,36,36,33,33,42,42,33,33,33,33,0,49,0,51,0,0,0,0,0,0,0,59,59,61,61,61,61,0,66]"
act_000540,"[-1,0,0,0,0,0,0,0,0,8,8,8,8,8,8,8,8,0,0,0,0,0,21,21,21,21,21,21,21,0,0,0,0,0,0,0,0,0,0,0,0,-1]"
act_003961,"[-1,-1,1,1,1,1,1,1,-1,8,-1,-1]"
act_000340,"[-1,-1,-1,2,2,2,2,6,6,-1]"
act_002020,"[-1,0,0,-1]"
act_002805,"[-1,0,-1,2,-1,4,-1,6,-1,-1,9,9,9,9,-1,-1,-1,16,16,-1,-1,20,20,-1,23,23,25,25,25,25,25,25,25,25,-1,34,-1,-1,-1,38,38,38,38,38,38,-1,45,-1,47,-1,49,-1,-1,52,-1,-1,55,55,55,55,55]"
act_003353,"[-1,-1,1,-1,-1]"
act_002161,"[-1,-1,-1,2,2,2,2,2,-1,-1]"
act_001676,"[-1,-1,1,1,1,1,1,1,1,8,8,8,8,-1]"
act_003235,"[-1,-1,-1,-1,3,-1,-1,-1,-1,8,-1,10,-1,-1,13,-1,15,15,-1]"
act_003966,"[-1,0,0,0,0,0,0,0]"
act_002043,"[-1,-1,-1,-1,-1,4,4,4,4,4,4,4,4,4,4,-1]"
act_001465,"[-1,0,-1,-1,3]"
act_002980,"[-1,-1,1,2,2,2,2,1,1,1]"
act_003669,"[-1,0,-1,2,-1]"
act_001885,"[-1,0,0,0,0,-1,5,5,-1,-1,9]"
act_004241,"[-1,0,-1,2]"
act_000287,"[-1,-1,-1,-1,3,3,3,-1,-1,-1]"
act_003942,"[-1,0,0,0,0,0,0]"
act_002544,"[-1,0,0,0,-1,4,4,4,4,4,4,-1]"
act_000242,"[-1,-1,-1,-1,3,3,-1,6,6,6,6]"
act_003132,"[-1,0,0,0,-1]"
act_005308,"[-1,0,0,0,0,0,0,0,-1,-1,-1,-1,11,11,-1,-1,-1]"
act_003451,"[-1,0,0,-1,3,3,-1]"
act_001131,"[-1,-1,-1,2,2]"
act_004869,"[-1,0,0,0,0,0,0,0,0,0,0,0,0,0,0,0,0,0,0,0,0,0,0,0,0,0,0,0,-1]"
act_002012,"[-1,0,0,0,-1,-1]"
act_001662,"[-1,-1,-1,-1,3,3,-1,-1,-1]"
act_002778,"[-1,0,-1,2,-1,4,4]"
act_004845,"[-1,-1,1,1,1,1,-1,-1,-1,8,8,-1,-1,-1,-1]"
act_001862,"[-1,-1,-1,-1,-1,-1,-1,-1,-1,-1,-1,10,10,10,10,10,-1,-1,-1,-1,-1,20,20,20,20,20,20,26,26,26,20,20,20,20,20,20,20,20,20,20,20,-1,-1,-1,-1,-1,-1,-1]"
act_001940,"[-1,-1,1,1,3,3,3,1,1,1,1,1,11,11,11,1,1,1,1,1,1,1,1,1,1,1,1,1,1,1,1,-1]"
act_004713,"[-1,-1,-1,-1,-1,-1,-1,-1,-1,-1,9,9,9,9,9,9,-1,-1,-1,18,18,18,18,18,-1,-1,-1,26,26,-1,-1,-1,-1,-1,-1,34,-1]"
act_003026,"[-1,0,0,0,0,0,-1,-1,-1,-1,9,9,9]"
act_004326,"[-1,0,0,0,-1,-1,-1,-1,-1]"
act_002245,"[-1,0,-1,2]"
act_002414,"[-1,0,0,-1]"
act_000732,"[-1,0,-1,-1,-1,-1,-1,-1,-1,-1,-1,10,-1]"
act_003635,"[-1,-1,-1,2,-1]"
act_001100,"[-1,0,0,-1,3,3]"
act_001560,"[-1,-1,-1,-1,3,-1,-1,-1,-1,-1]"
act_001643,"[-1,-1,1,1,1,1,-1,6,6,-1,-1,-1,-1,-1,-1,-1,-1,16,16]"
act_004926,"[-1,0,0,0,-1,-1]"
act_003578,"[-1,0,0,-1,3,4,4,4,4,4,4,4,4,4,4,3,3,3,3,3,3,20,20,20,23,23,23,23,23,23,23,20,20,20,20,20,20,20,20,20,20,20,20,20,20,20,20,20,20,20,20,20,20,20,20,54,54,20,20,-1,59,59,61,59,59,59]"
act_002392,"[-1,-1,-1,-1,-1,-1,5,5,5,5,5,5,5,-1,-1,14,14,14,14,-1,-1,-1]"
act_001447,"[-1,0,0,0,0,0,0,0,0,0,0,0,0,-1,-1]"
act_003789,"[-1,0,1,1,0,4,5,5,5,5,5,5,5,5,5,4,15,15,4,4,19,19,4,4,4,4,4,4,4,4,4,0,31,31,31,31,31,36,36,31,31,0,0,42,42,42,42,0,47,47,47,47,51,47,0,-1,55,55,55,55,55,55,55,55,55,64,55]"
act_002256,"[-1,-1,-1,2,2,2,5,2]"
act_005219,"[-1,0,0,-1,-1,-1,-1,-1,7,7,7,7,7,-1,-1,-1,-1]"
act_001956,"[-1,0,0,0,0,0,-1,6,6,6,-1,-1,-1,-1,-1,14,14,16,14,14,19,14,21,21,21,21,14,26,26,26,-1,30,30,30,30,30,-1,36,36,36,36,40,36,42,42,42,42,42,42,42,36]"
act_004576,"[-1,0,-1,2,-1,-1,-1,6,6,-1]"
act_002511,"[-1,0,1,1,0,0,0,0,0,0]"
act_000596,"[-1,0,0,-1,3,-1,5,6,6,6,5,10,10,5,13,13,5,16,5,5,19,19,5,5,5,5,-1,-1,27,27,27,27,31,27]"
act_001202,"[-1,0,0,0,0,0,0,0,0,0,0,10,0,0,-1,-1,15,15]"
act_004434,"[-1,-1,-1,-1,-1,-1,-1,-1,-1,-1,-1,-1,-1,12,12,12,12]"
act_000102,"[-1,-1,-1,-1,-1,-1,-1,-1,7,7,7,10,10,10,10,7,-1,-1,17,17,17,17,17,17,17,17,17,17,-1]"
act_003329,"[-1,-1,-1,-1,-1,-1,-1,6,6,6,6]"
act_003979,"[-1,0,0,0,0,0,0,0,0,0,-1,-1]"
act_003153,"[-1,0,1,1,1,1,1,1]"
act_003681,"[-1,0,0,0,0,0,0,0,7,0,9,9,9,12,0,0,0,16,0,18,0,0,0,0,0,-1,25,25,25,-1,-1,30,30,30,-1,-1,-1,36,37,37,37,37,37,37,37,37,36,36,36,36,36]"
act_002816,"[-1,0,0,0,0,0,0,0,0,0,0,0,0,0,0,0,0,0,17,17,-1,-1]"
act_001472,"[-1,0,0,2,0,4,0,6,6,6,6,6,0,0,13,13,13,0,-1,18,19,19,18,22,22,18,25,18,27,18,18,18,18,18,33,34,34,34,33,18,18,40,41,41,41,40,40,40,40,40,40,18,51,52,52,52,51,18,18,58,59,59,59,59,59,59,59,59,59,58,18,70,18,72,72,-1,75,-1]"
act_001305,"[-1,-1,1,1,1,1,1,1,-1,-1,-1]"
act_000414,"[-1,0,-1,2,-1,-1,-1,-1,-1,8,8,10,8,-1,13,13,13,13,13,-1,-1,20,20,20,-1,24,24,24,24,-1,-1,30,30,32,32,32,30,30,30,38,38,30,41,41,41,44,30,30,47,30,-1,-1,-1,-1,-1]"
act_003561,"[-1,0,0,0,0,0,0,0,0,0,0,0,0,0,0,-1,-1,-1,-1,-1]"
act_001797,"[-1,0,-1,2,-1,4,-1,-1,7,-1,9,-1,11,11,-1,14,14,-1,17,17,17,17,17,17,17,17,17,17,17,-1,29,-1,-1,-1,33,33,33,-1,37,37,-1,40,-1,42,-1,44,-1,46,47,47,47,47,46,46,46,46,46,46,-1]"
act_004114,"[-1,0,0,0,0,0,0,0]"
act_005147,"[-1,0,0,-1]"
act_000585,"[-1,-1,-1,-1,-1,4,-1,6]"
act_002000,"[-1,0,-1,2,-1,4,-1]"
act_001932,"[-1,0,1,1,1,0,0,0,0,0,0,-1]"
act_003598,"[-1,0,-1,2,-1,4,-1,-1]"
act_002049,"[-1,-1,1,1,1,1,1,1,1,1,9,9,9,12,12,1,-1,16,16,16,16,16,21,21,16,16,16,26,26,26,26,16,16,32,32,32,16,36,36,38,38,36,36,42,42,42,36,16,16,16,49]"
act_004120,"[-1,0,0,-1,-1,-1,5]"
act_004967,"[-1,-1,1,1,1,1,1,1,7,7,7,7,7,7,7,7,7,7,1,1,1,1,1,1,1,1,25,25,25,25,25,25,25,25,25,25,25,25,1,38,38,38,38,1,1,1,45,45,45,45,45,45,45,45,1,1,1,1,1,1,59,59,59,1,1,1,1,-1]"
act_005315,"[-1,-1,-1,-1,-1,4,4,4,4,8,4,4,4,-1,-1,-1,-1,16,-1,18,18,18,18,18,18,18,18,18,18,18,18,18,18,32,18,18,35,35,35,35,18,18,41,41,-1,-1]"
act_002798,"[-1,-1,-1,-1,-1,4,-1,6,6,6,6,6,6,12,-1,14,-1,16,16,-1,19,19,21,19,19,24,24,19,19,-1,-1,30,-1,-1,33,-1,35,-1,-1,-1,39,39,39,-1,-1,44,44,46,-1,48,-1,50,50,50,-1,54,54,-1,-1]"
act_004071,"[-1,0,0,-1,3,3,-1,6,-1,-1]"
act_003119,"[-1,-1,1,-1,3,3,3,3,3,3,-1,-1,-1,-1]"
act_003174,"[-1,-1,-1,-1,-1,-1,-1,-1,-1,-1,9,9,9]"
act_004554,"[-1,-1,1,1,1,1,1,1,1,1,1,1,1,1,1,1,1,1,1,18,18,18,18,18,1,1,1,1,1,1,1,1,1,1,1,1,1,1,1,1,1,1,1,1,1,1,1,-1,-1,-1,-1,50,50,-1,53,53,53,53,-1]"
act_003631,"[-1,0,0,2,2,0,0,0,0,-1]"
act_002851,"[-1,-1,-1,-1,-1,-1,-1,-1,-1,-1,-1,-1,11,11,11,11,11,11,11,11,11,11,11,11,11,11,11,11,11,11,11,11,11,11,11,-1,-1,-1,-1]"
act_002241,"[-1,-1,1,1,1,1,1,1,1,1,1,-1]"
act_003281,"[-1,0,0,0,0,0,-1,-1,7,7,7,7,7,-1]"
act_002278,"[-1,0,0,0,0,0,0,0,0,0,9,9,-1]"
act_001099,"[-1,0,0,0,-1,-1]"
act_002857,"[-1,0,0,0,0,0,0,0,0,0,0,0,0,-1,13,13,13,13,13,13,13,13,13,13,-1,24,24,24,24,24,24,-1,31,31,-1,34,34,34,34,-1,39,39,41,41,41,41,41,39,39,39,49,49,49,39,39,39,55,55,55,55,55,55,55,55,39,39,65,39,67,39,39,70,39,-1,-1]"
act_004337,"[-1,-1,1,1,-1]"
act_003450,"[-1,0,-1,-1,3,3]"
act_001023,"[-1,-1,-1,-1,-1,-1,-1,6,7,6,6,6,6,6,6,6,6,16,6,6,6,6,6,6,-1,24,25,25,25,25,25,24,31,31,24,24,24]"
act_003870,"[-1,0,0,0,0,0,0,0,0,0,0,0,0,0,0,0,0,0,0]"
act_000726,"[-1,0,-1,2,-1,4,4,4,4,4,4,-1,-1,-1,13,13,13,13,13,13,13,13,13,13,-1,24,24,24,24,24,24,-1,31,-1,33,33,35,33,33,-1,-1]"
act_005019,"[-1,-1,-1,-1,-1,-1,-1,6,6]"
act_000118,"[-1,0,0,-1,3]"
act_003604,"[-1,0,0,0,-1,-1,-1,-1,-1,8,8,8,8,8,-1,-1,-1]"
act_002348,"[-1,-1,-1,-1,3,-1,5,-1,7]"
act_001595,"[-1,0,0,0,0,0,0,0,0,0]"
act_002056,"[-1,0,0,0,0,0,5,5,0,0,0,0,11,11,11,0,15,15,15,15,15,15,15,15,15,15,15,15,15,15,15,15,15,15,15,15,15,15,0,0,0,0,0,0,0,0,0,0,0,0,0,0,0,-1,-1]"
act_004006,"[-1,-1,-1,2,2,2,2,2,-1,8,8,8,8,-1,-1,-1,-1,-1,-1,-1]"
act_000333,"[-1,0,-1,2,2]"
act_002796,"[-1,0,0,0,0,0,0]"
act_003244,"[-1,0,0,0,0,-1]"
act_002776,"[-1,0,0,0,0,0,0,0,0,0,0,-1]"
act_002425,"[-1,-1,-1,-1,-1,4,-1,-1,-1,-1,-1,-1,11,11,11,11,11,11,11,11,11,11,11,11,11,24,-1,-1,27,28,28,27,-1,-1,-1,-1,-1,-1,37,37,37,37,37,37,43,37,37,37,37,37,37,37,37,37,37,37,37,37,37,-1,59,59,59,59,63,-1,-1,-1,-1,-1,69,69,69,69,69,69,69]"
act_001815,"[-1,-1,-1,-1,3,3,-1]"
act_003934,"[-1,0,1,0,0,0,5,-1,-1,8,8,8,8,-1,-1,14,-1,-1,17,17,17,17,-1,22,-1,24,24,24,24,28,28,24,24,24,24,34,-1,-1,-1,38,38,38,41,41,41,38,38,38,38,-1,-1,-1]"
act_005242,"[-1,-1,-1,2,2,4,4,4,4,2,-1]"
act_002802,"[-1,0,0,0,0,0,0,0,0,0,0,0,11,11,11,11,11,11,11,11,0,0,0,0,0,0,0,0,0,0,0,0,0,0,0,0,0,0,0,0,0,0,0,0,0,0,0,0,0,0,0,0,51,51,51,51,51,51,51,0,0,0,0,0,0,0,0,0,0,0,0,0,0,-1,-1,-1,-1]"
act_001481,"[-1,0,0,0,0,-1,-1,-1,-1]"
act_003776,"[-1,0,0,0,-1]"
act_000100,"[-1,-1,-1,2,2,2,-1]"
act_004568,"[-1,0,1,1,1]"
act_002126,"[-1,-1,-1,-1,-1,-1,5,6,6]"
act_003846,"[-1,-1,1,-1,3,-1,-1]"
act_001991,"[-1,0,-1,2]"
act_000085,"[-1,0,0,0,0]"
act_001731,"[-1,0,-1,2]"
act_000501,"[-1,0,0,-1]"
act_000605,"[-1,-1,-1,-1,-1,-1,-1,6,6,6,6,6,6,6,6,6,6,6,-1,-1,-1,-1,21,21,21,21,21,21,21,21,21,21,21,21,33,33,33,33,33,-1,39,-1,41,-1,-1,-1,45,45,45,-1,-1,-1,-1,-1,-1,54,-1,-1,57,57,-1]"
act_000947,"[-1,0,0,0,0,0,0,0,0,0,0,0,11,11,11,11,11,11,0,18,18,18,0,0,23,23,23,23,23,23,23,23,23,23,23,23,23,23,23,23,23,23,23,42,42,42,23,23,23,23,0,0,0,52,52,52,52,52,52,52,52,52,52,62,62,62,52,0,0,0,0,0,0,0,0,-1]"
act_003610,"[-1,-1,1,1,1,1,1,1,1,1,1,1,1,1,1,1,1,1,1,-1]"
act_000381,"[-1,0,0,0,0,0,0,-1,-1]"
act_003994,"[-1,0,0,0,0,-1,-1,-1]"
act_001425,"[-1,-1,-1,-1,-1,-1,-1,-1,-1,-1,-1,-1,-1,12,12,12,12,-1,-1,-1,-1,-1,-1,-1,-1,-1,-1,-1,-1,-1,-1,-1,-1,-1,-1,-1,-1,-1,-1,-1,-1,40,40,-1,-1,-1,-1,-1,-1,-1]"
act_004444,"[-1,-1,1,1,1,1,5,5,1,8,-1,10,10,10,-1,14,14,16,16,-1,19,19,19]"
act_003316,"[-1,-1,1,1,1,1,1,1,1,1,1,1,1,1,1,1,1,1,1,1,1,-1,-1,-1,-1,-1,-1,26,26,26,26,26,26,26,26,26,26,-1,-1]"
act_002479,"[-1,0,0,0,-1,4,-1]"
act_000387,"[-1,0,-1,-1]"
act_005168,"[-1,0,0,0,0,0,-1]"
act_002354,"[-1,0,0,0,0,0,0,0,0,0,0,0,0,0,0,0,0,0,0,-1,-1]"
act_004613,"[-1,-1,-1,2,2,2,2,6,2,-1]"
act_004194,"[-1,-1,1,1,3,3,1,1,1,1,1,1,1,1,1,1,1,1,1,1,1,1,-1,-1,-1]"
act_003127,"[-1,0,0,0,0,4,4,4,4,0,0,0,0,0,13,13,13,13,13,0,0,0,0,0,23,0,0,0,0,0,0,0,0,0,0,0,0,0,0,-1,-1,40,40,-1,-1]"
act_001683,"[-1,0,0,0]"
act_003606,"[-1,0,0,0,0,0,0,0,-1,-1,-1,-1]"
act_001134,"[-1,-1,-1,2,2,2,2,2,-1,8,8,8,8,12,8,14,8,16,8,18,8,8,8,8,8,8,8,8,8,8,29,8,31,8]"
act_003122,"[-1,0,0,0,0,0,0,0,-1,-1,9,9,-1,-1,13,13,13,13,13]"
act_002822,"[-1,-1,-1,-1,-1,-1,-1,-1,-1,-1,-1,-1,-1,-1,-1,14,14,-1,-1]"
act_002739,"[-1,0,0,0,0,0,0,0,0,0,0,0,0,0,-1,14,15,15,15,-1,19,19,19,19,19,19,19,19,27,27,27,27,19,-1,33,33,33,-1,-1,-1,-1,40,-1,42,-1,44,-1,46,46,46,46,46,46]"
act_000914,"[-1,-1,1,1,1,1,1,6,6,6,6,1]"
act_004533,"[-1,0,0,-1,-1,4,-1,-1,7]"
act_000274,"[-1,0,-1,2,2,-1,-1]"
act_005295,"[-1,0,1,1,1]"
act_005108,"[-1,0,1,1,1]"
act_004100,"[-1,0,1,1,1]"
act_001162,"[-1,0,1,1,1]"
act_003251,"[-1,0,1,1,1]"
act_002875,"[-1,-1,-1,2]"
act_002355,"[-1,-1,-1,-1,-1,4,4,4,4,4,4,10,11,11,11,10,10,10,10,4,19,4,4,4,4,4,4,26,4,4,29,4,-1,-1,33,33,33,33,33,33,33,33,33,33]"
act_001492,"[-1,-1,-1,-1,3,3,5,5,3,3,3,-1]"
act_003778,"[-1,-1,1,2,2,1,1,1,-1,-1,-1]"
act_005058,"[-1,-1,1,1,3,3,-1]"
act_001752,"[-1,-1,1,1,1,1,1,1,1,1,1,1,-1,-1]"
act_003899,"[-1,0,0,0,-1,4,-1,-1,-1,-1,-1,-1,11,-1]"
act_000059,"[-1,-1,-1,2,-1,-1]"
act_000239,"[-1,-1,-1,2,2,2,2,2,2,2,2,-1]"
act_002817,"[-1,0,0,0,0,0]"
act_002146,"[-1,-1,1,-1]"
act_004247,"[-1,0,0,0,3,3,3,3,3,3,3,3,3,3,3,0,15,15,15,18,18,0,21,21,-1]"
act_004357,"[-1,0,-1,-1,3,-1]"
act_001289,"[-1,0,-1,2,2,-1,5,-1,-1,8,-1,-1,-1,-1,-1,-1,15,15,15,15,15,15,15,15,15,-1,-1]"
act_004390,"[-1,-1,-1,-1,3]"
act_004874,"[-1,-1,1,1,1,1,5,5,5,5,5,5,5,5,5,5,5,5,5,1,1,1,1,22,22,22,22,1,1,1,1,1,-1,-1]"
act_000467,"[-1,-1,1,1,3,-1]"
act_001002,"[-1,0,0,-1,-1,-1,-1]"
act_001437,"[-1,0,1,1,1,1,1,1,7,7,7,1,1,1,1,1,1,1,0,0,0,20,20,20,20,20,20,20,20,20,20,20,20,20,20,20,20,20,20,20,0,0,0,0,-1,-1]"
act_005164,"[-1,0,0,0,-1,4,4,4,4,-1]"
act_002695,"[-1,0,0,0,0,4,4,4,4,0,-1,10,-1,-1,-1,14,14,14,14]"
act_000629,"[-1,-1,-1,-1,3,3,3,3,3,3,3,3,3,-1]"
act_001576,"[-1,0,0,-1,-1]"
act_004377,"[-1,0,0,0,0,0,-1,-1,-1,-1]"
act_003339,"[-1,-1,-1,-1,-1,-1,-1,-1,-1,-1,-1,-1,-1,-1,-1,-1,-1,16,16,16,-1,-1,-1,22,22,22,-1,-1,-1]"
act_005252,"[-1,0,1,1,1]"
act_002385,"[-1,0,0,-1,3,3,3,3,3,3,3,-1,11,11,-1,-1,15,15,15,15,15,-1,-1,22,-1]"
act_004873,"[-1,-1,-1,-1,-1,-1,-1,-1,7,7,7,7,7,7,7,7,7,-1]"
act_003662,"[-1,0,1,1,1]"
act_000951,"[-1,-1,1,1,1,1,1,1,1,1,1,1,1,1,1,1,1,1,1,-1,-1,-1,-1,-1,-1,-1,-1,-1,-1,-1,-1,-1,-1]"
act_003340,"[-1,0,-1,-1,-1]"
act_000323,"[-1,0,1,1,1]"
act_003502,"[-1,0,1,1,1]"
act_002480,"[-1,0,1,1,1]"
act_004335,"[-1,0,1,1,1]"
act_004665,"[-1,0,1,1,1]"
act_001205,"[-1,0,1,1,1]"
act_002556,"[-1,0,1,1,1]"
act_003227,"[-1,-1,1,-1]"
act_005030,"[-1,-1,1,-1,3,3,-1,6,-1,8,-1]"
act_002429,"[-1,-1,-1,-1,-1,-1,5,-1]"
act_002993,"[-1,-1,-1,-1,-1,-1,-1,-1,-1,8,8,-1,-1]"
act_004848,"[-1,-1,-1,2,2,-1,-1,-1]"
act_001727,"[-1,0,0,0,0,0,0,-1,7,-1,9,9,9,9,9,9,-1,-1,17,17,17,17,17,-1,23,-1,-1]"
act_000444,"[-1,0,0,0,0,0,0,0,0,0,9,9,9,9,9,9,0,0,0,0,0,0,0,0,0,0,0,0,0,0,0,0,0,0,0,0,0,0,-1,38,38,-1,-1]"
act_001383,"[-1,0,-1,2,-1]"
act_000589,"[-1,0,0,0,0,0,0,0,0,0,0,0,0,12,12,12,12,12,12,0,0,-1]"
act_000876,"[-1,0,0,0,-1,4,4,4,4,-1,9,9,-1,12,-1,14,-1,16,-1,18,-1,-1,-1,22,22,-1,25,-1]"
act_002846,"[-1,0,0,0]"
act_000400,"[-1,0,0,-1,-1,4,4,4,4,4,4,4,4,-1,-1,-1,-1]"
act_005122,"[-1,0,0,0,0,0,0,0,0,0,9,9,0,0,0,0,0,0]"
act_000692,"[-1,0,-1,-1]"
act_001784,"[-1,-1,-1,-1,-1,-1,5,5,5,-1,-1,-1,-1,-1,-1,-1,-1,16,17,17,17,17,17,16,-1,-1,-1]"
act_002632,"[-1,-1,1,1,1,1,1]"
act_001219,"[-1,-1,-1,2,2,2,2,-1,-1]"
act_001065,"[-1,-1,-1,2,2,2,-1]"
act_004179,"[-1,-1,-1,-1,3,3,5,5,5,8,5,3,3,-1]"
act_001825,"[-1,0,0,-1,-1,-1]"
act_001931,"[-1,-1,1,-1,-1]"
act_003981,"[-1,-1,1,1,1,1,-1,-1]"
act_004276,"[-1,0,0,0,0,0,0,0,0,0,0,0,0,0,0,0,0,0,0,0,0,0,0,0,0,0,0,0,0,28,0,0,0,0,33,0,0,0,0,-1,-1,40,-1,42,42,42,42,42,42,42,49,49,42,52,52,52,52,52,42,-1,-1,60,-1,-1,63,-1,-1,-1]"
act_004035,"[-1,0,0,0,0,0,0,0,-1,-1,-1,-1,-1,-1]"
act_001507,"[-1,0,0,0,0,0,0,0,-1]"
act_001582,"[-1,-1,-1,2,2,-1,5,-1,-1,-1,-1,-1,11,11,-1]"
act_005013,"[-1,-1,1,-1,-1]"
act_000990,"[-1,0,1,1,1,0]"
act_004863,"[-1,-1,-1,-1,3,3,3,-1]"
act_004947,"[-1,-1,1,1,1,1]"
act_002938,"[-1,0,0,2,2,2,2,2,2,-1,-1,10,10,12,10,10,10,10,10,-1,-1,20,20,20,20,20,-1,-1,-1,28,28,28,28,28,28,28,28,28,28,28,28,28,41]"
act_001175,"[-1,0,0,0]"
act_003285,"[-1,0,0,0,-1,-1]"
act_001820,"[-1,0,0,0,-1,4,-1,-1,-1,-1,9,-1]"
act_004204,"[-1,0,0,-1,-1]"
act_002953,"[-1,0,0,0,0,4,5,5,5,5,5,5,5,5,5,4,4,4,4,4,19,19,4,4,4,4,4,4,4,4,29,29,29,29,29,29,29,29,29,4,4,40,40,0,43,43,0,0,0,48,48,48,0,0,53,53,53,0,0,0,59,0,61]"
act_003378,"[-1,-1,-1,-1,3,3,5,5,3,3,3,-1,-1,-1,-1,14,14,14,14,14,14,14,21,21,21,21,14,14,-1,28,28,-1,31,31,31,31,-1,-1]"
act_004251,"[-1,0,0,-1]"
act_000258,"[-1,-1,-1,-1,-1,4,4,4,4,4,-1,-1,11,11,11,11,11,11,11,-1,-1,-1,21,-1]"
act_003639,"[-1,-1,-1,-1,3,3,-1,-1,-1,-1,-1,-1,-1]"
act_005317,"[-1,0,-1,2,2,2,-1,6]"
act_003548,"[-1,-1,1,2,2,2,1,1,1,1]"
act_001384,"[-1,-1,-1,2,2,2,2,2,-1,-1,-1,-1,-1,-1,-1,-1]"
act_005045,"[-1,-1,-1,2,3,3,3,3,3,3,2,-1,11,12,12,12,12,12,12,11,11,20,20,22,22,20,11,11,11,28,28,11,11]"
act_004919,"[-1,-1,1,1,1,1,1,1,1,1,1,1,1,1,13,13,13,13,13,13,13,13,13,13,13,1,25,25,25,1,1,30,30,1,33,33,33,33,1,1,1,40,40,40,40,-1,-1,46,47,47,47,47,47,47,47,46,46]"
act_002956,"[-1,0,0,0,0,0,0,-1,7,7,7,7,7,7,7,7,-1,-1,-1,-1,-1,20,20,20,20,20,20,20,20,20,20,20,20,-1,-1,-1,-1,36,37,37,-1,40,40,-1,43,-1,45,45,45,45,45,45,45,52,52,45,45,56,56,56,56,56,56,56,56,56,45,45,-1,68,-1,-1,71,-1,-1,-1]"
act_000513,"[-1,0,0,0,0,0,0,0,0,0,0,0,0,0,0,0,0,0,17,-1,-1,-1]"
act_000188,"[-1,-1,1,1,1,4,4,6,6,6,6,1]"
act_002312,"[-1,0,-1,2,-1,4,4,6,6,6,6,6,4]"
act_000607,"[-1,0,0,0,0,0,0,0,0,0]"
act_001277,"[-1,-1,1,1]"
act_001860,"[-1,0,0,0,0,0,-1,6,6,-1,-1,-1,-1,-1,-1]"
act_001349,"[-1,0,0,0,0,0,0,0,0]"
act_004792,"[-1,0,0,0,0,4,4,4,4,4,4,4,4,0,0,0,0,0,0,18,18,0,0,0,0,0,0,0,0,0,0,0,0]"
act_005327,"[-1,-1,1,1,1,-1,-1,-1,-1,-1,-1,-1,-1,-1,-1,-1]"
act_004482,"[-1,-1,-1,2,2,2,2,6,-1,8,8,8,11,11,11,11,11,11,8,8,8,20,20,8,23,8,-1,26,26,26,26,26,26]"
act_004328,"[-1,-1,-1,-1,-1,-1,-1,-1,-1,-1,-1,-1,-1,-1,13,13,13,13,13,13,13,13,13,13,13,13,-1]"
act_000648,"[-1,-1,-1,-1,-1,-1,-1,-1,-1,-1,-1,-1,-1,12,12,14,14]"
act_001119,"[-1,0,-1,2]"
act_004704,"[-1,-1,-1,2,-1,-1,-1,-1,-1,-1]"
act_004389,"[-1,-1,1,1,1,4,-1,-1,7,7,9,7,7,12,12,12,-1,-1]"
act_001346,"[-1,-1,1,2,2,2,1,1,1,1,1,1,1,1,1,-1,15,15,15,15,19,19,15,22,22,22,22,15,27,27,27,15,15,32,32,34,34,15,37,37,37,37,15,15]"
act_000224,"[-1,0,0,0,0,0,0,6,6,6,-1,-1,-1]"
act_002038,"[-1,0,0,0,0,0,0,0,-1,-1,-1,-1,-1,-1,-1,-1,15,15,15,-1,-1]"
act_001460,"[-1,-1,-1,-1,-1,-1,-1,-1,-1,-1,-1,-1,-1,-1,-1,-1,-1,-1,-1,-1,-1,-1,-1,-1,-1,-1,25,25,-1,-1,29,-1,-1]"
act_000537,"[-1,0,-1,-1,3,-1,5,6,7,7,7,7,5]"
act_000688,"[-1,-1,1,-1,3,-1]"
act_002417,"[-1,-1,1,1,1,1,1,1,1,1,1,-1,11,11,11,11,11,11,11,11,11,11,11,-1,23,23,25,25,25,25,25,25,25,25,25,25,25,25,23,23,23,23,23,23,23,23,-1]"
act_005249,"[-1,-1,1,-1,-1]"
act_002434,"[-1,0,0,0,0,0,-1,6,6,6,6,6,6,6,6,6,6,6,6,6,6,6,6,6,6,6,6,-1,-1,-1]"
act_004975,"[-1,0,0,0,-1]"
act_002108,"[-1,-1,-1,-1,3,3,3,3,3,3,3,3,3,3,3,3,-1,-1,-1,-1]"
act_004607,"[-1,-1,-1,-1,-1,-1,-1,-1,-1,-1,-1,-1,-1]"
act_002529,"[-1,0,1,0,3,-1,5,5,5,5,5,5,5,5,5,14,14,5,5,5,5,-1,-1,22,22,22,-1,26,26,28,28,28,28,28,26,26,26,36,36,36,36,36,36,-1,43,-1,45,45,45,48,48,48,48,48,48,45,55,55,55,58,45,-1,61,61,61,61,61,61,67,-1,69,69]"
act_003072,"[-1,0,0,0,0,4,4,4,4,4,0,0,0,0,13,13,13,13,0,0,0,0,0,22,22,0,0,0,0,-1,-1]"
act_004128,"[-1,0,-1,2,-1,4,-1,-1,-1,8,-1,10,-1,12,-1,-1,-1,16,-1,18,-1,20,-1,-1,-1]"
act_000955,"[-1,-1,-1,-1,-1,-1,5,5,5,5,5,-1,11,11,-1]"
act_001066,"[-1,0,0,0,-1]"
act_001294,"[-1,0,0,0]"
act_003009,"[-1,-1,1,1,1,-1,-1,-1,-1]"
act_000750,"[-1,-1,1,1,1,1,1,1,1,1,1,1,11,11,1,1,1,1,1,1,-1,20,20,20,20,24,24,24,24,24,24,24,20,20,20,20,20,-1,-1,-1,-1,-1,-1,-1,-1]"
act_001673,"[-1,-1,-1,-1,-1,4,-1,-1,-1,-1,-1,-1,-1,-1,-1,14,-1,-1,-1,18,18,18]"
act_001494,"[-1,-1,-1,-1,-1,-1,-1,-1,-1,-1,-1,-1,-1,12,12,12,12,-1,-1,-1,-1,-1,-1,-1,-1,-1,-1,-1,-1,-1,-1,-1,-1,-1,-1,-1,-1,-1,-1,-1,39,39,-1,-1,-1,-1,-1,-1,-1,-1,-1]"
act_003550,"[-1,0,0,0,0,0,0,0]"
act_001694,"[-1,-1,1,1,1,1,5,-1]"
act_004993,"[-1,-1,1,1,1,1,1,1,1,-1,-1,10,10,10,10,10,10,10,10,10,10,10,10,10,10,10,10,10,10,10,10,10,10,10,33,33,33,33,33,33,10,10,10,10,10,10,10,10,10,10,10,-1,-1,-1,-1,-1]"
act_003504,"[-1,-1,-1,2,2,2,2,2,2,2,2,2,2,12,2,-1]"
act_002032,"[-1,0,0,2,2,4,4,2,0,8,9,9,9,9,9,9,8,8,8,8,0]"
act_000316,"[-1,0,0,0,0,0,0,-1,-1,8,8,8,8,-1,-1,-1,-1,-1,-1,-1,19,19,19,19,19,19]"
act_002151,"[-1,-1,1,1,1,1,1,1,1,1,1,1,11,11,11,1,-1]"
act_004370,"[-1,-1,1,1,-1,4,4,4,-1,-1,-1,10]"
act_004037,"[-1,-1,-1,2,-1,-1,-1,6,-1,-1,-1,-1,11,-1,-1]"
act_000981,"[-1,0,0,0,0,0,0,0,0]"
act_003759,"[-1,-1,1,1,-1,4,-1,6,6,6]"
act_004450,"[-1,0,0,0,0,-1,-1,-1]"
act_003443,"[-1,0,0,-1,-1,-1]"
act_004462,"[-1,-1,1,-1,-1,4,4,4,-1,8,-1,10,10,10,10,10,-1,16,-1]"
act_002784,"[-1,0,0,2,2,0,0,6,6,0,0,0,0,0,13,13,13,13,13,13,13,13,13,13,13,13,13,0,27,27,27,27,0,0,0,0,0,0,0,-1,-1,-1,-1,-1,-1]"
act_004456,"[-1,0,0,-1,3,3,-1,6]"
act_003974,"[-1,-1,1,1,1,1,1,1,-1,-1,9,9,9,-1,13,-1,-1,-1,-1,18]"
act_003042,"[-1,0,0,0,0,-1,5,5,5,5,5,5,5,5,5,5,5,5,5,5,-1,-1,-1,-1,-1]"
act_004551,"[-1,-1,-1,2,2,-1]"
act_001433,"[-1,-1,-1,-1,-1,-1,-1,-1,-1,-1,-1,-1,11,11,-1,-1,-1]"
act_002089,"[-1,0,0,0,-1]"
act_002640,"[-1,-1,-1,-1,-1,-1,-1,-1,-1,-1,-1,-1,-1,-1,-1,-1,15,15,15,15,15,15,15,15,15,15,15,15,15,-1,29,29,29,29,29,29,29,36,-1,-1,-1,40,40,40,40,-1,-1]"
act_002785,"[-1,-1,-1,-1,3,3,3,-1,-1,8,8,8,-1,12,12,12,12,12,17,17,-1,-1]"
act_004840,"[-1,0,1,1,1,0,5,5,0,0,-1]"
act_002615,"[-1,0,0,0,3,-1,-1,6,-1,8,-1,-1,-1,-1,-1,14,14,-1,17,17,17,17,17,17,17,-1,25,-1,27,27]"
act_001234,"[-1,-1,1,-1,-1,4,4,4,4,4,-1,10,-1,12,12,12,12,12,17,18,18,17,17,17]"
act_003884,"[-1,-1,-1,2,-1,-1,5,5,-1,8,8,8,11,11,11,11,11,11,11,11,8,8,8,8,23,8,25,8,8,8,-1,-1]"
act_000309,"[-1,-1,-1,-1,-1,4,-1,-1,7,-1,-1,10,-1,-1,13,-1]"
act_004651,"[-1,0,0,0,0,0,0,0,0,0,0,-1,-1,-1,-1,-1,-1,-1,-1,-1,-1]"
act_001737,"[-1,-1,1,-1]"
act_003545,"[-1,0,0,0,3,3,3,0,7,7,7,7,7,7,7,7,7,7,0,18,18,18,21,0,0,0,0,0,0,0]"
act_004907,"[-1,-1,-1,-1,3]"
act_004818,"[-1,0,0,2,2,2,2,-1,-1]"
act_001264,"[-1,-1,-1,-1,3,3,-1,-1,7,7,-1,-1,-1,12,12,-1]"
act_003360,"[-1,0,0,0,0]"
act_002658,"[-1,0,1,1,0,0,5,5,5,5,5,5,11,5,5,0,0,16,16,16,0,0,21,0,0,0,0,26,26,0,0,-1]"
act_001475,"[-1,-1,-1,-1,-1,-1,-1,-1,-1,8,8,8]"
act_002635,"[-1,0,0,0,0,0,5,5,5,5,5,5,0,0,0,0,0,16,16,16,16,16,0,0,23,23,0,26,26,26,0,30,30,30,30,30,30,30,30,30,0,0,0,0]"
act_002240,"[-1,-1,-1,2,2,4,2,6,6,6,9,2,2,-1]"
act_001478,"[-1,0,0,0,0,0,0,0,0,0,0,0,0,0,0,0,-1,-1,-1,-1]"
act_001036,"[-1,0,0,0,0,0,0,0,0,-1]"
act_005199,"[-1,-1,-1,-1,-1,-1,-1,-1,-1,-1,-1,-1,-1,-1,-1,-1,15,15,15]"
act_003177,"[-1,0,-1,2]"
act_000559,"[-1,0,0,0,0,0,0,0,0,0,0,-1,11,11,11,11,11,11,11,11,11,11,11,11,11,11,11,11,11,11,11,11,11,11,11,11,11,11,11,11,11,40,-1,42,42,42,42]"
act_000278,"[-1,-1,-1,-1,3,3,3,3]"
act_002214,"[-1,0,0,0,-1,-1,-1,-1,-1,8,8,8,-1,-1,13,14,13,13,17,17,17,13,21,21,13,-1,25,25,27,25,29,29,25,25,25,-1,-1,36,36,38,38,36]"
act_004459,"[-1,0,0,0,3,3,3,-1,7,7,7,-1,-1,-1,-1,14,14,-1]"
act_003650,"[-1,-1,-1,-1,-1,-1,-1,-1,-1,-1,-1,-1,-1,-1,-1,-1,-1,-1,-1,-1,-1,-1,-1,-1,-1,24,24]"
act_001746,"[-1,-1,1,1,3,3,3,3,3,3,3,3,3,-1,13,13,15,15,15,15,15,15,15,15,15,15,15,15,15,15,15,15,13,32,32,32,32,32,32,32,13,13,13,13,13,13,45]"
act_002384,"[-1,0,0,0]"
act_004003,"[-1,-1,-1,-1,3,3,3,-1]"
act_000628,"[-1,0,0,0,0]"
act_004395,"[-1,0,0,0,0,0,0,0,0,0,0,0,0,0,0,0,0,0,0,0,0,0,0,0,0,0,0,0,0,0]"
act_003205,"[-1,0,1,0,0,4,4,4,4,4,4,4,4,4,4,4,4,4,4,4,4,4,0,0,0,24,0,0,0,0,29,0,31,31,-1,34,34,34,34,34,34,34,34,34,34,34,-1,46,-1,-1]"
act_000949,"[-1,-1,-1,2,2,-1]"
act_005091,"[-1,-1,-1,2,2,2,5]"
act_001053,"[-1,0,0,-1,-1,4,5,5,4,8,8,-1,-1,12,12,12,-1,16,-1,-1,-1,20,20,20,20,20,20,20,-1]"
act_001068,"[-1,-1,1,1,3,1]"
act_000081,"[-1,-1,1,1,3,1,1,6,1,1,1,1,11,1,1,1,1,1,-1,18,18,18,18,18]"
act_002880,"[-1,0,0,0,0,0,0,0,0,0,0,0,0,0,0,0,0,0,0,0,0,0,0,0,0,0,0,0,0,0,0,0,0,0,0,0,0,0,0,0,0,0,0,0,0,0,0,0,47,47,47,47,0,-1,-1,-1,-1,-1,-1]"
act_002218,"[-1,-1,1,-1,3,-1,5]"
act_005110,"[-1,0,0,0,0]"
act_000649,"[-1,-1,1,-1,3,-1,5,5,5,5,5,10,10,10,5,5,-1,16,17,16,-1,-1]"
act_001188,"[-1,0,0,0,0,0,0,0,-1,8,-1,10,10,10,10,10]"
act_002374,"[-1,-1,1,1,1,-1,-1]"
act_001806,"[-1,-1,1,1,-1,4,4,4,7,7,7,4,11,11,11,11,11,11,11,11,11,11,11,11,11,11,11,11,11,11,11,11,11,11,11,11,11,11,11,11,11,11,11,11,11,11,11,4,4]"
act_000298,"[-1,-1,-1,2,2,-1,-1,-1,7,7,7]"
act_002534,"[-1,0,0,0,0,0,5,5,5,5,0,10,10,10,10,10,10,10,10,10,10,10,10,10,10,10,10,10,10,10,10,10,10,10,10,10,10,10,10,10,10,10,10,10,10,10,10,10,10,10,10,10,10,10,10,10,10,10,10,10,10,10,0,0,63,63,0,0,0,68]"
act_000641,"[-1,-1,1,-1,-1,-1]"
act_003500,"[-1,0,0,0,3,0,0,-1,-1,8,-1,10,-1,12,12,12,-1,16,-1,18,-1,20,-1,22,-1,24,-1,26,-1,28,-1,30,-1,32,-1,34]"
act_000341,"[-1,0,0,0,3,3,3,3,7,7,0]"
act_005156,"[-1,0,0,0,-1]"
act_002692,"[-1,-1,-1,2,2,2,2,2,-1,-1,-1,-1,-1,-1,-1,-1,-1,-1,-1,-1,-1,-1,-1,-1,-1]"
act_002382,"[-1,0,0,-1]"
act_002070,"[-1,-1,1,1,1,1,1,1,7,7,1,-1,11,12,-1,-1,-1,16,16,16,16,16,16,-1,23,-1,25,-1,27,27,27,27,-1,-1,33,33,-1,36,36,36,36,36,36,36,36,36,36,36,36,36,36,36,36,52,52,52,52,52,52,36,36,-1,61,-1,63,64,63,63,63,63,69,63,-1,72,72,72,72,72,72,72]"
act_000654,"[-1,0,0,0,-1]"
act_000686,"[-1,-1,-1,-1,-1,-1,-1,6,6,6]"
act_001028,"[-1,-1,1,1,1,1,1,1,7,7,7,7,7,1,1,14,14,14,14,14,14,14,14,14,14,14,14,14,14,14,14,14,31,31,31,1]"
act_002977,"[-1,-1,1,1]"
act_003909,"[-1,-1,-1,2,2,2]"
act_000162,"[-1,-1,1,1,1,-1]"
act_004329,"[-1,0,0,0,0,0,0,0,0,0,0,0,0,0,0,0,0,0,0,0,0,0,21,21,0,0,-1,-1,-1,-1,-1,-1,-1,-1,33,33,-1]"
act_000235,"[-1,-1,1,1,1,1,1,1,1,8,8,8,1,1,1,1,1,1,1,1,1,1,1,1,-1,-1]"
act_003041,"[-1,0,0,0,0,0,-1]"
act_004645,"[-1,-1,1,2,2,2,1,6,6,6,6,6,6,6,6,6,6,6,6,6,6,6,6,6,6,6,6,6,6,6,6,6,6,6,6,1,-1,36,36,36,36,36,36,36,36,36,36,46,-1,-1,-1,50,50,50,50]"
act_001891,"[-1,0,-1,2]"
act_004793,"[-1,-1,-1,2,2,2]"
act_004924,"[-1,0,0,-1,-1,-1]"
act_000733,"[-1,-1,-1,-1]"
act_003522,"[-1,0,0,0,0,0,0,0,0,0,0,0,0,0,0,0,0,0,0,0,0,0,0,0,0,-1,-1,-1,-1,-1,-1,-1,-1,-1,-1,-1,-1,-1,-1,-1]"
act_004466,"[-1,0,0,0,3,0,0,-1,7,-1,-1,-1,11,11,11,11,11]"
act_000156,"[-1,-1,1,1,1,1,1,1,1,8,8,1,11,11,11,11,11,11,11,11,11,11,11,11,-1,-1,-1,26,-1,-1,-1]"
act_004047,"[-1,-1,-1,-1,-1,-1,5,5,5,5,5,5,-1,-1,-1,-1,15,15,-1,18,18,18,18,18,18,18,18,18,27,27,18,-1,31,31,31,31,31,31,31,31,31,31,31,31,31,31,31,31,31,31,31,-1,51,51,51,51,51,51,57,57,51,51,-1,-1,63,63,-1,-1]"
act_004125,"[-1,-1,-1,2,3,2,-1,-1,-1,-1,-1,-1,-1,-1,-1,-1,-1,-1,-1,18,19,19,19,19,19,19,-1,-1,-1,-1,-1,-1,-1,-1,-1,-1,-1,-1,-1,-1,-1,-1,41,41,41,44,44,44,44,41,-1,50,50,50,50,50,-1,56,56,56,56,-1]"
act_004387,"[-1,0,0,0,0,0,-1]"
act_004654,"[-1,0,0,0,0,0,0,0,7,8,8,7,7,0,0]"
act_003595,"[-1,-1,-1,2,2,2,2,-1,-1]"
act_003724,"[-1,0,1,1,1,1,1,1,1,1,-1,-1,-1]"
act_003626,"[-1,-1,1,1,1,1,1,1,1,1,1,10,10,10,10,14,14,14,14,14,14,10,10,10,10,10,10,10,10,10,10,10,10,10,1,1,35,35,1,1,1,1,1,42,43,43,1,1,1,1,1,1,1,1]"
act_003432,"[-1,0,1,1,0,0,5,5,5,5,0,0,11,11,0,14,14,0,0,18,18,18,18,18,18,18,18,18,18,18,29,29,18,0,-1,34,35,35,35,35,35,35,34,34,43,43,34,34,34,34,49,49,49,49,53,49,34,56,56,34,34,60,34,62,62,62,62,66,34,34,34,-1,71,71,71,74,74,71]"
act_000636,"[-1,-1,1,2,2,1,1,1,1,1,1,10,10,1,1,1,1,1,1,18,18,1,1,1,23,23,23,23,23,23,23,23,23,23,23,23,23,23,23,1,1,1,1,1,1,44,44,44,1,1,1]"
act_000926,"[-1,-1,-1,-1,-1,-1,-1,6,6,6,6,6,6,6,6,6,6,6,6,6,6,-1,21,21,23,23,23,21,-1,-1,29,29,-1,-1,-1,-1,-1,-1,-1,-1,39,39,39]"
act_001604,"[-1,-1,-1,-1,3,3,3,3,3,3,3,3,-1,-1,13,13,13,16,13,13,13,13,21,13,23,13,13,13,27,13,13,13,31,31,13,13,35,13,13,38,13,13,41,13,13,13,13,13,13,13,13,13,13,13,-1,54,-1,-1,-1,58,58,58,58,58,-1]"
act_003403,"[-1,-1,1,1,-1,4,-1,-1,7,7,7,7,7,-1]"
act_002657,"[-1,-1,1,1,1,1,1,6,6,6,6,6,6]"
act_002215,"[-1,0,0,-1,3,3,-1,6,6]"
act_004086,"[-1,-1,1,1,-1,-1,-1]"
act_003210,"[-1,-1,-1,-1,-1,4,4,-1,7,-1,-1,-1,-1,-1,-1,14,14,14,14]"
act_000515,"[-1,0,1,1,1,0,0,6,6,0,0,0,0,0,0,0,0,0,0]"
act_003460,"[-1,0,0,0,0,-1,-1]"
act_004672,"[-1,-1,1,1,1,1,1,1,7]"
act_005034,"[-1,-1,-1,-1,-1,-1,-1,-1,-1,-1,-1,-1,-1,-1,-1,-1,-1,-1,-1,-1,19,20,20,-1,-1,-1,-1,-1,-1,-1]"
act_002521,"[-1,-1,1,-1,-1,-1,-1]"
act_003419,"[-1,0,0,0,-1,-1,5,5,5,5,5,5,11,11,5]"
act_002749,"[-1,-1,-1,-1,-1,-1,-1,-1,-1,-1,-1,-1,-1,12,12,12,12,-1,-1,-1,-1,-1,-1,-1,-1,-1,-1,-1,-1,-1,-1,-1,-1,-1,-1,-1,-1,-1,-1,38,38,-1,-1,-1,-1,-1,-1,-1,-1,-1,-1,-1,-1,-1,-1,-1,-1,-1,-1,-1,-1,-1,-1,-1,-1,-1,-1,-1]"
act_002068,"[-1,-1,-1,-1,3,3,3,6,6,6,6,6,3,3,3]"
act_000088,"[-1,-1,1,1,-1,-1,5,5,5,-1]"
act_000331,"[-1,-1,-1,-1,-1,-1,-1,-1,-1,-1,-1,-1,-1,-1,-1,-1,-1,-1,-1,-1,-1,-1,-1,-1,-1,-1,-1,26,26,26,-1]"
act_004601,"[-1,0,0,0,0,0,0,0,0,0,9,9,9,9,9,9,9,9,0,0,0,0,21,21,-1,-1,25,25,25,25,25,25,25,32,32,32,32,25,37,37,37,37,37,37,37,25,25,25,25,48,48,48,48,48,48,48,48,25,25,25,25,25,61,61,61,25,25,25,25,25,69,69,69,69,69,25,-1,-1]"
act_000445,"[-1,-1,-1,-1,3,3,3,3,7,7]"
act_001179,"[-1,0,0,-1,-1,4,4,4,4,4,-1,10,10,-1]"
act_005280,"[-1,-1,-1,2,2,-1,-1,-1,-1,8,8,10,-1]"
act_002734,"[-1,-1,1,1,-1,-1,5,5]"
act_001922,"[-1,0,-1,-1,-1]"
act_003424,"[-1,-1,-1,2,3,3,3,2,2,2,2,2,-1,-1,-1,-1,15,-1,17]"
act_003596,"[-1,-1,1,1,1,1,1,1,1,8,8,1,11,1,13,13,1,16,16,16,-1,20,-1,22,22,22]"
act_004925,"[-1,0,0,0,3,3,3,0,0,0,0,0,11,11,0,0,15,15,15,15,15,15,15,15,15,0,0,0,0,0,0,0,0,0,33,33,0,0,0,0,0,-1,-1,-1,-1]"
act_001449,"[-1,-1,-1,-1,-1,-1,5,-1]"
act_004497,"[-1,-1,-1,2,-1,-1,-1,6,6,6,6,-1,11,12,12,12,12,11]"
act_002136,"[-1,-1,-1,-1,3,3,-1,-1,-1,-1,-1,10,10,10,10,10,15,15,10,18,18,18,18,18,10,10,10,10,10,10,10,10,10,10,10,-1,-1,36,36,36,-1]"
act_004987,"[-1,0,0,0,0,0,5,5]"
act_001679,"[-1,0,-1,-1,-1]"
act_002216,"[-1,0,0,0,3,3,3,3,3,0,0,0,-1,12,12,14,14,12,12,18,12,12,12,12,23,23,23,26,23,12,12,30,30,30,12,-1,35,36,36,36,35,40,35,42,35]"
act_003457,"[-1,-1,-1,2,2,2,2,-1,-1,-1]"
act_001108,"[-1,0,0,0,0,-1,-1]"
act_001074,"[-1,0,0,0,0,0,0,0]"
act_003047,"[-1,0,0,0,0,0,0,0,0,0,0,0,0,12,12,12,12,12,0,0,0,0,0,0,0,-1,25,25,25,25,25,25,25,25,25,25,25,25,25,38,38,38,38,38,25,-1,45,45,45,45,45,45,45]"
act_000653,"[-1,-1,1,1,1,1]"
act_000305,"[-1,0,0,0,0,4,4,0,0,0,0,0,0,12,-1,14,14,14,14,18,-1,-1]"
act_000558,"[-1,-1,-1,-1,-1,4,4,-1,-1,-1,-1,10,10,10,10,10,10,10,10,-1]"
act_002963,"[-1,-1,1,1,3,3,3,1,1,1,1,1,1,1,1,1,-1,16,16,16,-1,20,-1,-1]"
act_002253,"[-1,0,0,0,0,-1,-1,6,6,6,6,6,6,6,6,14,14,14,14,14,14,20,20,14,14,14,14,14,14,14,14,6,6,6,6,34]"
act_001540,"[-1,0,1,1,1,0,5,5,5,5,5,5,5,5,5,5,5,5,5,5,5,0,21]"
act_003425,"[-1,-1,-1,-1,-1,-1,-1,6,6,6,6,6,6,6,-1,14,14,14,-1,18,19,19,19,19,19,-1,25,25,-1,28,28,28,28,28,28]"
act_005329,"[-1,-1,-1,-1,3,3,3,3,3,3,3,3,3,3,-1,-1,-1,16]"
act_003822,"[-1,-1,-1,2,2]"
act_003988,"[-1,0,0,0,0,0,0,0,0,-1]"
act_004895,"[-1,-1,-1,-1,-1,-1,-1,-1,-1,-1,-1,-1,-1,12,12,12,-1,-1,-1,-1,-1,-1,-1,-1,-1,-1,-1,26,26,-1]"
act_001287,"[-1,-1,1,1,1,4,4,4]"
act_004721,"[-1,0,0,0,0,0,5,0,0,0,-1,10,10,10,10,10,10,10,-1,-1,-1,-1,-1,-1,-1,-1,-1,-1,-1,28,-1,-1,31,31,31,-1]"
act_003406,"[-1,-1,1,1,1,1,-1]"
act_001917,"[-1,0,1,1,1,1,0,0,7,7,0,10,10,10,10,10,15,15,15,10,19,19,10,22,22,10,25,25,10,10,10,30,30,30,30,30,10,10,37,37,37,37,37,0,0,0,0,0,0,0,0,0,51,51,51,51,51,51,51,0,59,59,61,61,61,0]"
act_003254,"[-1,-1,-1,-1,-1,4,4,4,-1,-1,-1]"
act_003862,"[-1,-1,-1,-1,-1,-1,-1,-1,-1,-1,-1,-1,-1,-1,-1,-1,15,15,15,15,15,15,15,-1,23,23,23,23,23,23,-1,-1,-1,-1,-1,34,34,34,-1]"
act_004864,"[-1,0,0,0,3,0,0,0,7,7,7,7,7,0,13,13,13,13,13,13,13,13,13,13,13,0,25,25,25,28,25,0,31,31,0,34,35,35,34,38,34,40,40,34,43,43,0,0,0,0,49,49,49,49,53,0,0,0,57,57,-1]"
act_003539,"[-1,0,0,0,3,3,3,3,7,3,3,0,11,11,0,14,14,0,0]"
act_004333,"[-1,-1,1,1,1,1,-1,-1,-1,-1,-1,-1,-1,-1,-1,-1,-1]"
act_005264,"[-1,-1,-1,2,-1,4,-1,6,6,8,6,6]"
act_003374,"[-1,0,1,2,2,0,0,0,7,7,7,7,7,7,7,7,7,7,7,7,7,7,7,7,7,7,0,0,0,0,0,0,0,32,32,0,35,35,35,38,0,0,41,41,41,41,41,41,41,41,0,0,0,52,53,53,53,53,53,53,0,0,-1,62,62,64,-1,66,66,66,66,66]"
act_002569,"[-1,-1,-1,2,2,2,2,2,2,-1,-1,-1,-1,-1,13,13,13,13,17,17,17,17,-1]"
act_002121,"[-1,0,0,0,0,0,0,0,0,0,9,9,9,9,9,9,9,9,9,9,9,9,21,21,21,21,21,21,21,21,9,30,30,9,9,0,0,36,36,36,36,36,36,36,43,36,36,46,46,0]"
act_003271,"[-1,0,0,0,0,0,5,5,5,0,0,0,0,0,0,0,0,0,0,-1,-1,-1,-1,22,22,-1]"
act_001866,"[-1,0,-1,2,-1,-1,-1,-1,-1,-1,-1,-1,-1,12,-1,14,-1]"
act_003820,"[-1,0,0,0,0,0,0,0,0,0,0,10,10,10,10,10,10,10,10,10,0,0,21,21,21,21,21,21,21,21,29,0,0,32,32,32,32,32,32,0,0,0,41,41,41,41,41,41,41,41,41,41,0,0]"
act_003297,"[-1,0,0,0,-1,-1,5,5,5,5,5,5,5,5,5,5,5,16,-1,-1,19,20,19]"
act_000846,"[-1,0,1,1,1,1,1,1,1,-1,-1,10,10,10,13,10,10,10,17,10,10,10,21,-1,23,24,24,26,26,24,24,24,24,24,23,34,34,23,23,-1,39,39,39,39,43,43,39,39,39]"
act_003164,"[-1,0,0,-1,-1,-1]"
act_004934,"[-1,0,0,0,0,0,0,0,0,0,0,0,0,12,12,12,12,0,0,0,0,0,0,0,0,0,0,26,26,0,0,30,30,30,0,0,0,0,0,0,0,0,0,0,0,0,0,0,0,0,0,0,51,51,0,-1,-1,56,56,56,56,56,56,56,-1,-1,-1]"
act_004837,"[-1,-1,-1,2,2,-1,5,5,-1]"
act_000344,"[-1,-1,1,1,1,4,4]"
act_002532,"[-1,-1,-1,-1,-1,-1,-1,6,6,6,-1,-1,-1,-1,-1,-1,-1,-1,-1,18,18,18,-1,-1,23,-1,-1,-1,-1,-1,-1,-1,-1,-1,-1,-1,-1,-1,-1,-1,-1,-1,41,41,41,44,41,41]"
act_001858,"[-1,-1,-1,2,2,2,2,2,2,2,2,2,2,-1,13]"
act_000032,"[-1,-1,1,1,1,1,5,1,1,1,9,9,9,9,9,9,9,9,9,9,1,20,1,22,1,24,1,26,26,26,29,29,1,32,1,1,35,1,1,1,39,1,1,1,43,43,43,-1,47,47,47,50,50,50,50,50,50,47,57,57,57,57,57,57,57,57,57,57,57,57,57,70,70,57,73,73,73,47,47,47]"
act_001187,"[-1,0,0,0,0,0,0,0,0,0,0,0,0,-1,-1,-1,-1,-1,17,17,17,17,-1]"
act_003256,"[-1,0,0,2,2,2,2,2,2,2,-1,10,10,10,10,10,15,10,10,18,18,18,18,10,10,10,25,10,27,10,29,10,31,10,33,33,33,10,-1,-1,-1,-1,-1,-1]"
act_000451,"[-1,0,0,-1,-1,-1,5,-1,-1,8,8,-1,11,11,11]"
act_004620,"[-1,-1,-1,-1,3,3,3,3,3,3,3,3,3,3,3,3,3,3,3,3,3,3,-1,22,22,22,22,22,22,22,22,22,31,22,-1,-1,35,35]"
act_004623,"[-1,0,0,0,0,0,5,5,5,0,9,9,9,0,0]"
act_004087,"[-1,-1,-1,-1,-1,4,4,4,-1,-1,-1,-1]"
act_001552,"[-1,0,0,0,0,0,0,0,0,0,0,-1,-1,-1,13]"
act_004252,"[-1,-1,-1,-1,-1,-1,-1,-1,-1,-1,-1,-1,-1,-1,-1,-1,-1,-1]"
act_003055,"[-1,-1,-1,-1,-1,-1,-1,-1,7,7,7,7,-1,-1]"
act_002051,"[-1,-1,-1,-1,-1,-1,-1,-1,-1,-1,-1,-1,-1,-1,-1,14,14,14,-1,-1,-1,-1,-1,-1,-1,-1,-1,-1,-1,-1,-1,-1,-1,-1,-1,-1,-1,-1,-1,-1,-1,-1,-1,-1,-1,-1,-1,-1,-1,-1,-1,-1,-1,-1,-1,-1,55,55,-1,-1,-1,-1,-1,-1,-1,-1,-1,-1,-1,-1,69,70,70,70,-1,-1,-1,-1]"
act_003144,"[-1,-1,1,1,1,1,1,1,1,1,1,10,10,10,10,10,10,10,17,17,10,1,1,1,23,1,1,1,1,28,28,28,28,28,28,28,28,36,36,36,36,1,1,1,1,1,45,45,45,45,49,49,49,49,49,49,49,49,49,49,49,49,45,45,1,64,1,1,67,67,67,-1,71,71,71]"
act_003659,"[-1,-1,1,-1,3,3,3,3,7,-1,-1,10,10,10,13,13,13,13,13,13,10,10,10,10,-1,-1,-1,26,26,-1,29,29,29,32,32,32,32,32,29,38,38,38,38,38,38,38,29,46,46,46,-1,50,-1,52,-1,54,55,55,55,55,55,54]"
act_004556,"[-1,0,0,0,0,0,5,5,5,5,9,5,0,0,0,-1]"
act_002592,"[-1,-1,-1,-1,3,3,-1]"
act_000454,"[-1,0,0,0,-1]"
act_005236,"[-1,0,0,0,0,4,4,0,-1,-1,-1,10,10,10,10,10,10,10,10,18,18,18,18,10,10,10,10,10,27,27,27,27,27,27,10]"
act_001041,"[-1,-1,1,1,-1,-1,-1,-1,-1,-1,-1,-1,11,-1,-1,-1,-1]"
act_005017,"[-1,0,0,-1]"
act_000786,"[-1,0,0,-1,3,3,3,3,3,3,3,3,11,11,13,11,11,-1,17,18,18,18,18,17]"
act_001861,"[-1,0,-1,-1,-1,-1,-1,-1,-1,8,8,8,8,8,8,8,8,-1]"
act_002669,"[-1,0,0,0]"
act_000364,"[-1,0,0,0,0,0,0,0,0]"
act_002302,"[-1,0,0,0,0,0,0,0,0,0,0,0,0,12,12,12,12,12,12,12,0,0,0,22,22,22,22,0,0,0,0,0,0,0,33,33,33,33,33,0,0,0,41,41,41,41,41,0,0,0,-1]"
act_004344,"[-1,-1,1,2,2,2,1,1,1,1,1,1,1,1,1,1,1,1,1]"
act_005293,"[-1,-1,-1,-1,-1,-1,5,6,6,6,6,5,11]"
act_001532,"[-1,-1,-1,-1,3,3,3,3,3,3,3,3,3,3,3]"
act_003623,"[-1,-1,1,-1,-1,4,-1,-1,7,-1,9,-1,11,-1]"
act_005031,"[-1,-1,1,1,-1,-1]"
act_004911,"[-1,-1,1,-1,-1,-1,5,-1,-1,-1,-1,10,-1,-1,-1,-1,-1,-1,17,17,17,-1,-1,22,22,22,-1,-1,27,27,27,27,-1,-1,-1,-1,-1,-1,-1,-1,-1,-1,-1,-1,-1,-1,-1]"
act_000408,"[-1,-1,1,1,1,-1,5,5,5,5,5,-1,11,11,11,11,11,11,11,11,11,11,11,11,11,11,25,11,27,27,11,11,31,11,33,33,11,11,11,38,-1,40,41,41,40,40,40,40,47,47,40,40,40,40,40,40,40,40,40,40,40]"
act_000924,"[-1,-1,-1,-1,-1,-1,-1,-1,-1,-1,-1,-1,-1,12,12,12,12,12,12,12,-1,-1,-1,-1,-1,-1,-1,-1,-1,-1,-1,-1,31,31,31,-1,-1]"
act_003479,"[-1,-1,1,1,3,3,3,3,3,3,3,1,1,1,1,1,1,1,1,18,18,18,18,1,23,23,1]"
act_003622,"[-1,0,0,0,-1,4]"
act_000398,"[-1,-1,-1,2,-1,-1,5,-1]"
act_002387,"[-1,0,1,1,0,4,4,4,4,4,4,4,4,0,13,13,13,0,0,0,0,0,0,0,23,23]"
act_003701,"[-1,0,0,-1,-1,-1]"
act_002378,"[-1,0,1,1,0,4,4,4,4,0,0,10,10,0,0,0]"
act_002612,"[-1,0,0,-1,-1,-1]"
act_004224,"[-1,-1,-1,-1,-1,-1,5,5,-1,-1]"
act_005059,"[-1,0,0,-1,-1,-1,-1,6,6,6]"
act_000685,"[-1,0,0,0,3,0,0,6,6,6,6,10,0,12,13,13,12,12,12,18,12,12,12,0,23,23,23,0,27,27,27,27,0,32,32,32,-1,36,36,36,36,40,40,40,36,36,45,36,36]"
act_003085,"[-1,-1,1,2,2,2,2,2,7,7,7,7,7,7,7,7,2,2,2,2,19,19,19,19,19,19,-1,-1,27,27,27,30,30,30,30,27,35,36,35,35,39,39,39,39,35,-1,45,45,45,-1,-1]"
act_005297,"[-1,0,0,0,0,0,0,0,0,0,0,0,0,0,13,13,13,13,13,13,13,13,13,13,0,0,25,25,25,25,0,-1,-1,32,32,32,32,32,32,32,32,32,-1]"
act_004046,"[-1,0,0,0,0,0,0,0,0,0,0,0,0,12,12,12,12,12,12,12,12,12,12,12,23,23,23,12,27,27,27,27,27,27,27,27,27,27,0,38,38,38,0]"
act_003102,"[-1,0,0,0,0,0,0,0,0,0,0,-1,-1,-1,-1]"
act_003593,"[-1,0,0,-1]"
act_000690,"[-1,0,0,0,0,0,5,5,5,5,9,9,9,5,5,5,5,5,0,0,19,19,19,19,0,0,0,26,0,0,0,0,0,0,0,0,35,35,35,35,0]"
act_000729,"[-1,-1,1,1,1,4,1,6,6,6,6,6,11,11,11,11,11,11,11,11,11,1,1,22,1,24,24,1,1,28,28,30,30,30,28,34,34,28,-1,38,38,-1,41,41,41,41,41,41,41]"
act_003591,"[-1,0,0,0,0,0,0,0,0,0,0,0,0,0,0,0,0,0,0,0,0,0,0,0,0,0,0,-1,-1,-1,-1,-1,-1,-1,-1,-1,35,35,35,35,39,40,40,39,39,39,39,35,35,35,35,35,51,52,52,52,51,56,56,56,56]"
act_000983,"[-1,-1,-1,-1,-1,-1,-1,-1,-1,-1,-1,10,10,10,-1,-1,-1,-1,-1,-1,-1,-1,-1,-1,-1,-1,-1]"
act_004567,"[-1,-1,-1,-1,-1,-1,-1,-1,-1,-1,-1,10,10,12,12,12,-1,-1,-1,18,18,-1,-1,-1,23,23,-1,-1,-1,-1,-1,-1,-1,-1,-1,34,35,35,34,34,34,34,34,34,34,34,34,34,-1,-1,-1,50,50,-1]"
act_004588,"[-1,-1,1,2,2,2,1,1,7,7,7,1,1]"
act_001375,"[-1,0,0,2,0,0,0,0,7,7,0,-1,-1]"
act_002019,"[-1,0,1,1,1,1,1,1,1,1,1,0,0,0,0,0,0,0,17,0,19,19,0,22,22,22]"
act_002751,"[-1,0,0,0,3,4,4,4,0,8,8,8,0,12,12,0,15,15,15,0,0,0,0,0,0,-1,-1,26,-1,-1,-1,30,30,30,-1,34,34,34,34,-1,39,40,40,40,40,39,39,-1,47,-1,-1,-1,51,51,51,51,-1,56,-1,58,58,58,58,58,63,58,-1,66,66,66,66,66]"
act_002885,"[-1,0,0,0,0,-1,5,5,5,5,-1,10,10,-1,13,13,-1,-1,17,17,17,17,17,17,17,17,25,25,25,25,17,-1,31,32,31,31,35,35,35,35,35,40,40,40,40,40,40,35,35,35,35,35,35,35,53,31,31,-1,-1,58,-1]"
act_002506,"[-1,0,0,0,0,0,0,0,0,0,0,0,0,0,0,14,14,0,0,0,0,0,0,0,0,24,24,0,27,27,0,30,30,0,-1]"
act_002924,"[-1,-1,1,-1,-1,4,-1,6,7,7,6,6,-1,12,13,13,13,13,-1]"
act_004534,"[-1,0,0,0,0,0,0,0,0,8,9,9,9,9,9,9,9,8,17,17,17,17,17,17,17,8,25,25,25,25,25,25,8,8,8,8,8,8,0,0,0,0,0,42,42,42,45,45,45,42,42,42,42,42,42,0,0,56,0,-1]"
act_004893,"[-1,0,1,1,1,1,0,0,0,0,0,10,10,10,0,0,0,0,0,0,0,0,0,0,0,0,25,25,25,25,0,0,0]"
act_004422,"[-1,0,0,0,0,0,0,0,0,0,0,0,11,-1]"
act_004834,"[-1,-1,-1,-1,-1,-1,-1,6,6,6,6,6,-1,-1,-1,-1,-1,-1,-1]"
act_002270,"[-1,-1,1,1,3,3,3,3,1,1,1,1,1,1,1,1,1,16,16,16,16,16,16,16,16,16,16,16,-1]"
act_002276,"[-1,0,0,-1]"
act_001428,"[-1,0,0,-1,-1]"
act_005200,"[-1,-1,-1,-1,-1,-1,-1,-1,-1,8,8,8,11,11,11,11,8,8,17,17,17,17,8,8,23,8,8,-1,-1,-1,-1]"
act_002463,"[-1,0,0,0,0,0,0,0,0,0,9,9,9,9,-1,14,14,14,17,17,17,17,17,17,23,23,23,23,23,23,23,17,17,32,32,32,32,32,17,17,-1,-1]"
act_004558,"[-1,-1,1,2,2,-1,5,-1,7,7,7,7,7,12,12,14,14,14,14,14,14,14,12,22,22,22,22,22,7,7,7,30,30,30,30,30,30,7,7,38,7,40,40,7,43,43,43,43,7,7,7,50,7,52,52,52,52,7,57,57,57,57,57,7,7]"
act_000191,"[-1,-1,-1,2,2,2,2,2,2,2,2,2,-1,-1,-1,14,-1,16,-1,-1,-1,-1,-1,-1,-1,-1,-1,-1,27,27,27,27,27,27,27,27,27,-1,-1]"
act_003168,"[-1,-1,1,2,2,1,5,5,5,5,9,9,9,9,9,5,1,16,16,16,16,16,16,16,16,16,16,16,16,1,29,1,31,31,31,31,1,-1,-1]"
act_003185,"[-1,0,0,0,3,3,3,0,0,-1,-1,-1,-1]"
act_001773,"[-1,0,0,0,0,4,4,0,0,0,0]"
act_001709,"[-1,-1,-1,2,2,2,-1,6,6,-1,-1,-1,-1,-1,-1,-1,-1,-1,-1,-1,-1,20,20,20,20,20,-1,26]"
act_002843,"[-1,0,0,0,-1]"
act_002892,"[-1,0,0,0,0,4,4,6,6,6,6,0,11,11,11,11,11,0,0,0,19,19,19,0,0,0,0,0,27,27,0]"
act_001520,"[-1,0,1,1,3,3,3,3,3,1,1,1,1,1,13,13,13,13,13,13,13,1,1,0,0,24,24,24,24,24,24,24,24,24,24,24]"
act_000765,"[-1,0,0,2,0,0,0,0,0,0,-1,10,10,10,-1,14,14,14,14,14]"
act_000492,"[-1,-1,-1,-1,3,3,-1,6,6,6,6,6,11,11,6,6,6,-1,-1,18,18,18,18,18,23,23,23,18,18,18,18,30,-1,-1,-1,-1,35,35,-1,38,38,38,38]"
act_001160,"[-1,-1,-1,-1,-1,-1,-1,-1,-1,-1,-1,-1,-1,-1,-1,-1,-1,-1,-1,-1,-1,20,21,21,20,-1]"
act_002687,"[-1,-1,-1,-1,-1,-1,5,5,5,5,-1]"
act_003533,"[-1,-1,-1,-1,3,3,-1,-1]"
act_003713,"[-1,-1,-1,-1,-1,-1,-1,-1,-1,-1,-1,-1,-1,-1,-1,-1,-1,-1,-1,-1,-1,-1,-1,-1,-1,-1,-1,-1,-1,-1,-1,-1,-1,-1,-1,34,34]"
act_003832,"[-1,-1,1,1,1,1,-1,-1,-1,-1,-1]"
act_002411,"[-1,-1,-1,2,2,4,4,4,4,4,-1,10,10,10,10,10,10,10,17,17,17,17,17,17,10,24,24,24,24,10,10,30,30,30,30,30,30,30,10,10,10,10,41,41,41,41,41,41,41,41,41,50,50,50,50,50,41,41,57,57,57,57,57,57,41,10,10,-1,-1,68,68,68]"
act_001293,"[-1,0,0,-1,-1,-1,-1,-1,7,-1,9,9,9,9,13,13,13,13,9,9,9,20,-1,22,22,-1,25,25,-1,-1,29,29,-1,-1]"
act_005173,"[-1,-1,1,-1,3,3,3,3,3,8,8,8,8,3,3,3,3,3,3,3,3,3,3,3,3,24,24,24,24,24,3,3,31,31,3,3,3,36,36,36,36,36,36,36,3,3,45,3,3,3,3,3,3,3,3,54,54,54,54,54,54,54,54,54,3,3,3,3,3,3,3]"
act_004421,"[-1,0,0,0,-1,-1,5,-1,7,7,-1,10,10]"
act_000680,"[-1,0,0,-1,-1,4,5,5,5,4,-1]"
act_002285,"[-1,0,0,0,0,0,0,0,-1,8,8,8,8,12,12,8,8,8,8,8,8,8,8,8,8,-1,25,25,25,-1,29,29,29,29,29,34,34,34,34,29,-1,-1]"
act_000812,"[-1,-1,1,1,-1,-1,5,5,-1,8,-1,10,10,10,13,13,13,13,10]"
act_000588,"[-1,0,-1,-1,-1,-1,-1,6,6,-1,-1]"
act_003495,"[-1,0,0,0,0,0,-1,-1]"
act_004800,"[-1,0,0,0]"
act_002282,"[-1,-1,-1,2,2,-1,5,5]"
act_000567,"[-1,0,1,1,1,1,1,6,6,6,0,-1]"
act_001313,"[-1,-1,1,1,-1]"
act_002651,"[-1,-1,-1,2,2,-1,5,5]"
act_000556,"[-1,0,0,0,0,0,-1,-1,-1,8,8,8,8]"
act_000811,"[-1,0,0,0,0,0,0,0,0,0,0,0,0,0,0,0,0,0,0,0,0,0,0,0,0,0,0,0,0,0,0,0,0,0,0,0,0,36,36,36,36,0,0,42,42,42,42,42,42,0,0,0,0,0,53,53,53,53,53,0,0,0,61,61,0]"
act_003465,"[-1,-1,-1,-1,-1,-1,-1,-1,7,7,7,7,7,7,7,7,7,7,7,7,7,7,-1]"
act_004638,"[-1,0,-1,2,2,2,2,2,2,-1]"
act_001581,"[-1,-1,1,1,1,1,1,6,6,6,6,6,6,6,6,6,6,6,1,1,1,-1,21,-1,-1]"
act_000129,"[-1,-1,1,1,1,1]"
act_005186,"[-1,-1,-1,-1,-1,-1,-1,-1,-1,-1,-1,-1,-1,12,12,12,12,12,-1,-1,-1,-1,21,21,21,21,21,21,21,28,28,-1,31,31,31,31,31,31,31,31,31,31,31,31,31,31,-1,-1,-1,-1,-1,-1,-1,-1,-1,-1,-1,-1,-1]"
act_000763,"[-1,0,0,0,3,0,0,0,0,0,9,10,10,10,10,10,10,10,10,10,10,10,10,10,10,10,9,9,9,0,29,29,29,0,0,0,-1,36,36,-1,-1]"
act_000791,"[-1,0,0,2,2,2,0,-1,7,7,7,-1,-1,12,13,13,-1,16,16,18,18,18,18,18,18,16,16,16,16]"
act_005213,"[-1,0,1,0,0,0,5,5,5,8,5,10,5,0,13,13,13,13,13,13,13,13,13,0,23,0,0,0,0,28,0,30,30,30,0,0,0,0,37,37,37,40,40,37,37,37,37,0,0,0,0,0,0,0,0,0,0,56,56,56,56,56,56,0,63,63,63,63,63,63,69,69,69,69,69,63]"
act_002865,"[-1,0,-1,-1]"
act_003294,"[-1,0,0,0,0,0,0,0,7,7,7,0,0,0,0,0,0,0,0,0,0,0,0,0,0]"
act_002106,"[-1,0,0,0,0,0,0]"
act_004460,"[-1,-1,-1,2,2,2,2,6,6,8,2,-1,11,-1,13,13,13,-1,17,17,19,19,19,19,-1,24,24,24,24,24,24,24,24,24,24,34,24,24,37,37,37,24,24,24,24,44,24,46,46,24,49,49,24,24,24]"
act_004528,"[-1,-1,1,1,1,1,1,1,1,1,1,1,1,1,1,1,-1,-1,-1]"
act_001852,"[-1,-1,-1,-1,-1,-1,-1,-1,-1,-1,-1,-1,-1,-1,-1,-1,-1,-1,-1,-1,-1,-1,-1]"
act_004273,"[-1,0,0,2,0,-1,5,5,5,5,5,5,11,11,11,11,11,16,16,16,16,16,16,16,11,5]"
act_002941,"[-1,0,0,0,0,0,0,-1,-1,-1,-1,-1,-1,-1,-1,-1,-1,-1,-1,-1,-1,-1,-1,-1,-1,-1,-1,-1,-1,-1,-1,-1,-1,-1,-1,-1,-1,-1,-1,-1,-1,-1]"
act_001594,"[-1,-1,-1,-1,-1,-1,-1,-1,-1,-1,-1,-1,-1,-1]"
act_002908,"[-1,-1,-1,-1,-1,-1,-1,-1,-1,-1,-1,10,-1,-1,-1,-1,-1,-1,-1,-1,-1,-1,-1,-1,-1,-1,-1,-1]"
act_001073,"[-1,0,0,0,-1,4,4,-1,7,7,-1]"
act_000941,"[-1,-1,1,1,1]"
act_003802,"[-1,0,0,0,3]"
act_002488,"[-1,-1,-1,2,2,-1,5,5,5,5,5,5,5,-1,-1,14,-1,-1,-1,-1,-1,20,-1,-1,-1,-1,-1,26,26,26,26,-1,-1,-1,-1,-1,-1,36,36,36,36,36,36,-1,43,-1,-1,-1,47,47,47,-1,-1,-1,-1,-1,-1,-1,-1,58,58,58,58,62,62,62,62]"
act_004476,"[-1,-1,1,1,1,1,1,1,1,1,1,1,1,1,1]"
act_004135,"[-1,-1,-1,2,2,2,-1]"
act_004274,"[-1,0,1,1,1,1,1,-1,-1]"
act_001795,"[-1,-1,1,1,1,1,1,1,7,7,7,1,1,1,1,14,14,14,14,14,1,20,20,1,1,24,24,26,-1,28,28,30,30,28,28,28]"
act_002689,"[-1,0,-1,2,2]"
act_003114,"[-1,0,0,0]"
act_002732,"[-1,0,1,1,1,1,1,1,0,0,9,9,9,0,13,13,13,0,0,0,0,20,20,20,20,20,20,20,20,20,20,20,20,20,0,0,35,35,35,35,35,35,35,35,35,35,0,0,0,-1,49,49,49,49,53,53,53,53,49,58,58,58,49,49,-1]"
act_002976,"[-1,-1,1,1,-1,-1,-1]"
act_003326,"[-1,0,0,0,0,0,0,0,0,-1,-1,-1,-1,-1,-1,-1,-1,-1]"
act_004916,"[-1,0,0,2,2,2,2,2,7,7,7,7,0]"
act_005235,"[-1,0,0,0,0,0,0]"
act_002808,"[-1,-1,1,1,1,4,4,-1]"
act_003675,"[-1,0,0,0,-1,-1]"
act_003366,"[-1,0,0,0,0]"
act_005155,"[-1,0,0,0,3,3]"
act_005029,"[-1,-1,1,1,1,1,1,1,1,-1,9,9,-1]"
act_004154,"[-1,-1,-1,-1,-1,-1,-1,6,6,6,6,6,6,6,6,6,15,15,15,18,18,18,15,15,23,23,23,15,6,6,6,-1,31,-1,33,33,35,35,35,35,35,35,35,35,-1,-1]"
act_002727,"[-1,0,0,0,0,0,0,0,0,0,9,9,9,9,0,0,0,0,0,0,19,19,0,0,23,23,23,0,27,27,27,0,0,0,0,0,0,0,0,0,0,0,0,0,0,0,45,45,45,0,0,0,51,51,51,51,51,51,-1,58,58,58,58,58]"
act_004014,"[-1,-1,-1,-1,-1,4,4,4,4,4,4,4,4,4,-1]"
act_000105,"[-1,0,-1,-1,-1,-1,-1,-1,-1,8,9,9,8]"
act_002589,"[-1,0,0,0,3,3,3,3,3,8,0]"
act_002872,"[-1,0,0,2,2,2,-1,-1,7,7,7,7,7,7,7,14,15,15,15,15,15,7,-1,22,22,-1,25,25,27,27,27,27,25,25,25,-1,35,35,35]"
act_000230,"[-1,-1,-1,-1,-1,4,-1,-1,7,7,-1,10,10,-1,-1]"
act_003760,"[-1,0,0,0,0,0,0,0,0,0,0,10,10,0,13,13,15,15,15,15,15,15,0,22,23,23,23,23,23,22,29,29,22,22,22,22,22,0,37,37,37,37,37,0,43,43,43,46,46,46,43,43,51,51,43,-1,-1,-1]"
act_003104,"[-1,-1,1,1,1,1,-1,6,7,7,7,7,7,7,6,14,14,14,14,6,19,19,19,19,19,19,19,6,6,6,6,6,-1,32,-1,34,34,34,34,34,34,34,41,-1,43,44,44,44,44,44,44,43,43,43,43]"
act_000655,"[-1,0,0,0,0,0,0,0,0,8,8,8,8,0,0,0,0,0,17,17,17,17,17,0,0,0,0,0,0,-1,-1]"
act_000769,"[-1,-1,1,1,1]"
act_003388,"[-1,0,0,0,0,-1,5,6,6,5,9,9,9,9,5,14,14,14,14,5]"
act_005302,"[-1,0,0,0,0,0,0,0,0,-1,9,9,11,11,11,9,9,9,9,9,9,9,9,-1,-1,24,24,-1,-1,-1,-1,-1,-1]"
act_003187,"[-1,-1,-1,2,2]"
act_005303,"[-1,0,0,0,0,0,0,0,0,0,-1,-1,11,11]"
act_001124,"[-1,0,0,-1,-1,-1,5,5,-1]"
act_003980,"[-1,-1,-1,2,-1,-1,-1]"
act_002638,"[-1,-1,-1,-1,-1,-1,-1,-1,7,7,-1,-1,11,11,-1,14,14,-1]"
act_004133,"[-1,0,0,-1,3,3,3,3,3,3,3,-1,-1]"
act_002437,"[-1,-1,-1,-1,-1,4,4,4,-1,-1,9,9,-1,-1,-1,-1,15,15,15,18,15,-1,-1,-1,-1,24,25,25,-1,28,29,29,29,29,29,29,29,-1,37,-1,-1,40,40,40,40,40,-1,46,46,46,46,46,-1]"
act_003384,"[-1,0,0,0,0,0,0,0,7,0,0,10,0,0,0,14,-1,16,16,16,16,16,16,-1,-1]"
act_000980,"[-1,0,0,0,0,0,0,0,0,0,0]"
act_001084,"[-1,-1,-1,-1,3,3,-1,6,6,6,-1,-1,-1,-1,13,13,-1,16,16,-1,-1,-1,-1,-1,-1,-1,25,25]"
act_003481,"[-1,0,1,1,0,0,5,5,0,0,-1,-1,-1,-1,-1,-1,-1,16,16,16,-1,-1,-1,-1,-1,-1,-1,-1,-1,-1,-1,-1,-1,-1]"
act_002066,"[-1,-1,-1,-1,-1,-1,-1,-1,-1,-1,-1,-1,-1,-1,-1,-1,-1,-1,-1,-1,-1,-1,-1,-1,-1,-1,-1,26,26,26,26,30,30,30,30,30,26,36,36,26,26,26,26,42,42,42,-1]"
act_001518,"[-1,0,1,2,2,2,2,2,2,2,1,1,0]"
act_002707,"[-1,-1,-1,-1,3,3,3,3,-1,-1,-1,10]"
act_003953,"[-1,-1,1,1,1,-1]"
act_001238,"[-1,0,0,0,-1]"
act_002579,"[-1,0,0,0]"
act_002806,"[-1,0,0,0,0,-1,-1]"
act_000859,"[-1,0,0,0,0,0,-1,6,6,6,6,6,6,6,-1,-1,-1,16,17,17,16,16,16,16,-1]"
act_000897,"[-1,-1,-1,2,3,3,3,3,3,2,2,2,2,2,2,2]"
act_000935,"[-1,0,0,0,0,0,0,0,7,7,7,7,7,7,7,7,0,0,0,18,18,18,18,18,0,0,0,0,27,27,0,0,0,0,0,0,0,0,0,38,38,38,38,0,0,0,0,-1,-1,48,-1,50,-1,52,52,52]"
act_000011,"[-1,0,0,-1,-1,4,4,6,6,4,4,10,10,12,12,12,12,12,12,12,12,12,12,12,4,4]"
act_003725,"[-1,0,0,0,0,-1,5,6,6,5,5,5,5,5]"
act_003633,"[-1,-1,1,1,1,4,4]"
act_001232,"[-1,-1,-1,2,2]"
act_004193,"[-1,0,1,0,3,0,0,0,0,-1]"
act_003842,"[-1,0,0,0]"
act_001864,"[-1,0,0,0,-1,-1,-1,-1,-1,-1,-1,10,10,10,-1,14,14,14,14,14,14,14,-1,-1]"
act_004070,"[-1,-1,1,-1,3,-1]"
act_003674,"[-1,0,0,0]"
act_005203,"[-1,0,0,0,0,0,0,0,7,7,7,7,7,7,7,7,7,7,7,7,0,0,0,0,0,0,0,0,0,0,0,0,0,0,0,0,0,36,36,0,0,-1]"
act_003337,"[-1,0,1,0]"
act_001642,"[-1,0,1,1,1,1,1,1,1,1,1,10,10,10,10,10,10,10,10,10,10,10,1,0,23,0,0,0,27,-1]"
act_002286,"[-1,0,0,0,0,0,0,0,0,-1,-1]"
act_003512,"[-1,0,0,0,0,4,4,4,4,4,4,0,0,0,0,0,0]"
act_001834,"[-1,0,0,0,0,4,4,0,0,0,0,0,0,0,0,0,0,0,0,0,0,0,0,0,0,0,25,25]"
act_004228,"[-1,0,0,0,0,4,4,4,0,0,0,10,10,10,10,0,0,0,0,0,0,0,0,0,0,0,0,0,0,0,29,29,0,-1,-1]"
act_000093,"[-1,0,1,1]"
act_000597,"[-1,0,0,0,0,0,0,0,0,0,0,0,0,12,12,12,12,0,17,17,17,17,17,17,17,17,17,0,27,27,27,27,0,0,33,33,0,36,36,36,36,36,36,36,36,0,45,45,45,45,45,0,0,0,0,54,54,-1,-1,-1,-1,60,60,60,-1,-1,65,65]"
act_004437,"[-1,-1,1,2,1,4,4,4,1,1,9,10,11,11,11,11,10,16,16,16,16,16,10,10,10,10,10,10,10,9,29,29,29,29,29,29,29,29,9,9,9,9,41,41,41,41,-1,-1,-1,48,48,48,48,48,48,48,48,48,48,48,48,48,48,48,48,-1]"
act_004758,"[-1,0,0,0,0,0,0,0,0,0,9,9,0,0,0,0,0,-1,17,17,19,19,17,17,17]"
act_004445,"[-1,0,0,0,0,4,0,0,7,7,9,10,10,10,10,7,0,16,16,0,-1,20,21,21,21,21,-1,26,27,28,28,26,31,31,26,34,26,26,37,26,39,26,-1,42,43,43,43,43,43,43,43,43,43,43,43,43,-1]"
act_005284,"[-1,0,1,1,3,3,0,0,7,-1,9,10,10,10,10,10,9,9]"
act_005239,"[-1,-1,1,2,2,1,1,1,7,1,1,1,-1,-1,-1,-1,15,16,16,16,16,15,15,-1,23,24,24,23,27,27,27,27,27,23,33,33,23,23,23,-1,39,40,40,42,42,42,40,46,46,40,40,39,51,-1,53,53,53,56,53,58,58,53,61,53]"
act_000006,"[-1,0,0,0,0,0,0,0,0,0,0,0,0,12,12,12,12,12,12,12,0,0,0,0,0,0,0,0,0,28,28,28,28,0,0,34,0,-1,37,37,37,37,37,37,37,37,37,37,37,37,37,37,37,37,37,54,54,54,37,-1,59,59,59,-1,-1,64,64,64,64,64,64,64,64,72,72,64,64,64,-1]"
act_002475,"[-1,-1,-1,-1,-1,-1,-1,-1,-1,-1,9,9]"
act_000850,"[-1,0,0,0,0,0,0,0,0,0,0,0]"
act_002400,"[-1,-1,1,1,1,-1,-1]"
act_004041,"[-1,-1,1,1,1,4,4,1,1]"
act_003455,"[-1,0,0,0,3,0,0,0,7,-1]"
act_002190,"[-1,0,0,2,0,0,0,-1,7]"
act_002678,"[-1,0,0,0,3,3,3,0,0,8,8,-1]"
act_003259,"[-1,0,1,1,0,4,4,4,4,4,4,4,4,4,4,4,4,4,4,4,4,4,4,4,4,4,4,0,0,0]"
act_001769,"[-1,-1,-1,-1,-1,4,4,4,4,4,4,4,4,4,-1,-1,-1,-1,-1,-1,-1,-1,-1,-1,-1,-1,-1,-1,-1,-1,-1,-1,-1,-1]"
act_002458,"[-1,0,1,1,1,1,1,1,1,1,0,0,0,12,12,12,12,12,12,12,12,12,12,12,12,12,12,12,27,27,27,27,12,0,0,0,0,0,0,38,38,38,38,0,0,0,0,0,0,0,0,0,0,52,52,54,54,54,54,54,54,52,52,52,52,64,64,64,52,-1,-1]"
act_002493,"[-1,0,1,2,2,0,0,0,7,7,7,7,7,7,0,0]"
act_000264,"[-1,0,0,-1,-1,-1,-1,-1,-1,-1,-1,-1,-1,-1,-1]"
act_001000,"[-1,0,1,1,1,1,1,1,0,8,8,8,8,8,8,8,15,15,0,18,18,20,20,20,20,20,0,26,26,26,26,26,0,32,32,32,0,-1,37,37,37,-1,41,41,-1]"
act_003095,"[-1,0,0,0,0,0,0,0,0,0,0,0]"
act_003468,"[-1,0,1,1,0,0,5,5,5,0,0,0,11,0,0,14,14,14,14,14,19,19,-1,-1,-1,-1,-1,26,26,26,-1,-1,-1,-1,-1,-1,-1,-1,-1,-1,-1,-1,41,41,41,-1,-1,-1,-1,-1,-1,-1,-1,-1,-1,54,54,54,54,54,54,54,54,54,-1,64,64]"
act_001387,"[-1,0,0,-1]"
act_004315,"[-1,0,0,0,0,-1,-1,-1,-1,-1,-1,-1,-1,-1,-1,-1]"
act_000468,"[-1,0,0,2,-1,4,4,4,4,8,9,9,4,4,4,4]"
act_001995,"[-1,0,0,0,3,3,0,0,7,7,0,0,0,0,-1,14,14,14,14,18,18,14,14,14,14,14,25,25,25,25,14]"
act_000361,"[-1,0,0,0,0,0,0,6,6,6,6]"
act_002191,"[-1,0,0,0,0,0,0,0,0,0,0,0,0,0,0,0,0,0,0,0,0,20,20,0,0,0,0,0,0,28,28,28,0,0,0,0,35,35,35,0,39,39,39,39,39,39,39,39,0,0,0,50,50,50,50,50,50,0,0,58,58,0,0,0,0,0,65,65,65,65,0,70,70,70,70,70,70]"
act_002555,"[-1,-1,1,1,1,1,1,-1,-1,-1,-1]"
act_002786,"[-1,0,0,0,0,0,0,0,0,0,0,0,0,-1]"
act_000986,"[-1,-1,1,1,1,1,1,1,1,8,8,1,1,1,1,1,1,-1,-1]"
act_002882,"[-1,0,0,0,3,4,4,3,3,3,9,10,10,10,10,10,10,9,9,9,9,9,9,9,23,23,23,9,9,9,29,29,29,29,9,9,9,3,3,38,38,38,38,38,38,3,3,3,3,3,49,49,3,3,0]"
act_004091,"[-1,0,0,0]"
act_005241,"[-1,-1,-1,-1,3,3,3,3,3,8,-1,-1]"
act_005044,"[-1,0,0,0,0,0,0,0,0,0,0,0,0,0,0,0,0,0,17,17,17,17,17,17,0,0,-1]"
act_002503,"[-1,0,0,0,-1,-1,-1,-1,-1,-1,-1,-1,-1,-1,-1,14,14,14,14,18,14,-1,-1,-1,-1,-1,-1,-1,-1,-1,-1,30,30,30,30,30,-1,-1,-1,-1,-1,-1,-1,-1,-1,-1,-1,-1,-1,-1,-1,-1,-1,-1,53,53,53,53,53]"
act_004483,"[-1,0,0,2,2,2,2,2,2,2,2,2,2,2,2,2,2,2,2,2,2,0,0,0,0]"
act_004081,"[-1,-1,1,1,1]"
act_001876,"[-1,-1,1,1,3,3,1,-1,7,-1]"
act_001829,"[-1,0,1,1,1,1,1,1,0,0,9,9,0,12,12,0,15,15,0,0,0,20,0,0,0,0]"
act_004118,"[-1,0,0,0,0,-1,-1]"
act_004790,"[-1,0,0,2,0,4,0,0,7,7,7,7,11,7,7,7,7,16,16,0,19,0,-1,-1,23,24,24,24,24,24,24,23,23,-1,33,33,33,33,37,37,37,37,33,42,42,42,33,33,47,33,49,49,49,49,49,33]"
act_002266,"[-1,0,0,0]"
act_000946,"[-1,0,0,0,0,0,0,0,0,0,0,0,0,0,0,0,0,0,0,0,0,0,0,0]"
act_003937,"[-1,0,0,0,0,0,0,0,7,7,7,7,7,0,0,0,15,15,15,15,19,15,15,15,15,15,15,15,27,27,15,30,30,30,0,34,34,34,-1]"
act_003175,"[-1,-1,1,1,1,4,4,4,4,4,4,1,1]"
act_000575,"[-1,0,0,0,0,0,-1,6,6,6,6,6,6,6,6,6,6,6,17,17,17,17,17,-1,-1]"
act_002030,"[-1,-1,-1,-1,-1,-1,-1,-1,7,-1,9,9,9,-1,13,-1,-1,16,16]"
act_003163,"[-1,-1,1,1,1,1,5,5,5,5]"
act_004169,"[-1,0,0,0,0,0,0,0,0,8,8,8,8,8,8,8,8,8,8,8,0,0,0,0,0,0,0,0,0,0,0,0,0,0,0,0,0,0,0,0,0,0,0,0,0,0]"
act_001674,"[-1,0,0,0,0,0,0,0,0,0,0,0,0,0,0,0,0,0,0,0,-1]"
act_000407,"[-1,-1,-1,-1,-1,-1,-1,-1,-1,-1,-1,10,10]"
act_002238,"[-1,0,1,1]"
act_003150,"[-1,0,0,0,0,0,0,0,0,-1,9,9,9,9,9,9,9,9,17,18,18,18,9,9,9,9,9,9,9]"
act_000555,"[-1,-1,-1,-1,-1,-1,-1,-1,-1,-1,-1,-1,-1,-1,-1,14,14]"
act_003999,"[-1,-1,1,1,1,4,-1,-1,-1,-1,-1,-1,-1,-1]"
act_005041,"[-1,-1,-1,-1,-1,-1,-1,-1,-1,-1,9,9]"
act_002922,"[-1,-1,1,1,1,1,1,-1,7,7,7,7,7,7,13,14,14,14,14,14,14,14,14,14,13,13,13,13,13,28,28,28,28,28,28,28,28,28,13,13,13,13,7,42,42,42,42,42,7,7,49,49,7,7,7,7,55,-1,-1,-1,59,60,60,60,60,60,60,60,59,68,-1]"
act_000619,"[-1,-1,-1,-1,-1,-1,5,5,5,8,8,8,8,8,8,14,8,8,-1,-1,19,19,19,19,-1]"
act_000978,"[-1,-1,1,1,3,3,1,1,1,1,1,1,1,1,-1,14,14,-1,17,17,17,-1,21,21,21,21,21,21,21,21,-1,-1,-1,-1,-1,-1,-1,-1,-1,-1,39,39,39,39,39,39,39,39,39,39,39,39,51,51,51,39,55,55,39,39,39,39,-1,62,62,62,62,62,62,62,62,-1,-1,-1,-1,-1,-1,-1]"
act_001682,"[-1,0,0,-1,-1]"
act_004067,"[-1,0,0,-1]"
act_001698,"[-1,-1,-1,-1,-1,-1,-1,-1,-1,-1,-1,-1,-1,-1,13,13]"
act_001451,"[-1,0,0,0,0,0,0,0,0,8,8,8,8,8,0]"
act_002905,"[-1,0,0,0]"
act_000746,"[-1,0,0,0,0,0,0,0,0,0,0,0,0,0,13,13,15,15,15,15,15,15,15,13,23,23,23,23,0,0,29,29,29,29,29,29,29,29,29,38,38,29,0,0,0]"
act_004065,"[-1,-1,-1,-1,-1,-1,-1,-1,-1,-1,-1,-1,-1,-1,-1,-1,-1,-1,-1,-1,-1,-1,-1,-1,-1,24,24,24,24]"
act_000037,"[-1,-1,-1,-1,-1,-1,-1,6,6,6,-1,-1,-1]"
act_003404,"[-1,-1,1,1,1,-1,5,5,5,-1]"
act_003535,"[-1,-1,1,1,3,3,3,3,3,1,1,10,10,10,10,1,1,16,16,18,18,18,18,18,18,16,16,16]"
act_000927,"[-1,-1,1,1,-1,-1,5,5,-1,-1]"
act_000583,"[-1,0,0,0,0,0,0,6,6,6,0,10,10,0,0,14,14,14,14,0,19,19,19,19,19,19,19,19,19,19,0,0,0,0,0,34,34,34,34,34,34,34,34,0,-1,44,44,44,44,44,-1,50,51,51,50,50,50,50]"
act_003431,"[-1,0,1,2,2,2,2,2,2,2,2,1,1,12,12,12,12,12,1,1,1,20,20,20,20,20,20,20,20,20,20,20,1,1,1,1,1,36,36,36,36,36,36,1,1,1,1,46,46,46,46,46,1,1,53,53,0,0,0,0,0]"
act_003600,"[-1,0,0,0,0,0,5,5,5,5,5,0,0,0,0,0,15,15,15,0,19,19,19,19,0,0,0,26,26,26,29,29,29,0,33,33,33,33,33,33,33,33,33,33,33,-1]"
act_000712,"[-1,0,0,0]"
act_005286,"[-1,0,0,0,0,0,0,0,7,7,0,0,0,0,0,0,0,0,0,0,0,0,0,0,0,0,0,0,0,0,0,0,0,0,0,34,34,34,34,34,34,0,0,0,0,0,0,0,0,0,0,0,0,0,0,0,0,0,0,0,0,-1]"
act_001641,"[-1,0,0,0]"
act_001659,"[-1,0,0,-1]"
act_005277,"[-1,-1,-1,-1,3,3,3,-1,-1,-1,-1,10,10,-1]"
act_002306,"[-1,-1,-1,2,2,2]"
act_003106,"[-1,0,0,0,0,4,4,4,0,0]"
act_001448,"[-1,0,0,0,3,3,0,-1,-1,8,8,-1,11,11,11,11,11,11,11,18,18,11,21,21,11]"
act_002600,"[-1,-1,1,1,1,1,1,1,1,1,1,1,11,11,11,11,1,1,1,1,1,1,1,1,1,24,24,1,1,1,1,-1,-1]"
act_002157,"[-1,0,0,0,0,0,0,0,0,0,0]"
act_003017,"[-1,-1,1,1,1,1,5,5,5,1,-1,-1,-1,-1,-1,-1,-1,16,16]"
act_003577,"[-1,0,0,0,0,0,0,0,0,0,0,0,0,0,0,0,0,0,0,0,0,0,0,0,0,0,0,0,0,0,0,30,30,30]"
act_002623,"[-1,0,1,2,2,2,1,0,0,0,0,10,10,0,0,14,14,16,16,16,16,16,14,14,23,23,23,23,23,23,23,14,14,14,14,14,14,36,14,38,38,38,41,41,0,0,45,45,0,0,0,0]"
act_000971,"[-1,-1,1,1,1,-1,5,5,-1,8,8,10,10,10,10,10,10,10,8,8,8,8,8,8,8,-1]"
act_003896,"[-1,0,0,-1]"
act_001392,"[-1,-1,-1,2,2,2,2,2,2,2,2,2,2,2,2,2,2,2,2]"
act_002770,"[-1,0,0,0,3,0,5,0,0,0,0,10,0,12,13,14,14,14,14,14,14,14,14,14,14,14,14,14,13,13,29,29,29,29,29,29,29,29,13,13,13,13,13,13,13,13,13,13,12,12,0,0,51,51,51,0,55,55,55,55,55]"
act_003579,"[-1,0,0,0,0,0,0,6,6,0,0,0,0,0,0,0,0,0,0,0,19,19,0,0]"
act_004539,"[-1,-1,-1,-1,3,3,3,3,3,-1,9]"
act_000078,"[-1,-1,-1,2,3,3,3,3,3,3,3,3]"
act_002181,"[-1,-1,1,1,1,1,1,1,1,1,-1,10,10,10,13,14,14,10,10,10,10,10,10,-1,-1,24,24,24,24,24,24,30,30,30,24,24,24,24,37,24,24,24,24,24,24,44,44,24,47,47,47,50,50,47,47,47,24,24,24,58,58,58,58,24,24,-1,65,66,66]"
act_000864,"[-1,0,0,2,2,0,-1]"
act_002681,"[-1,-1,1,1,3,3,-1,6,6,6,6,6,6,-1,-1,-1,15,15,15,15,15,15,15,15,15,-1]"
act_005197,"[-1,0,0,2,0]"
act_000921,"[-1,-1,1,1,-1,4,4,-1,-1,-1,9,9,9,9,9,9,9,9,9,18,18,18,18,18,9,24,24,9,9,9,9,9,-1,32,32,32,32]"
act_000373,"[-1,-1,-1,-1,-1,-1,-1,-1,-1,8,8,8,8,8,8,8]"
act_005234,"[-1,0,1,2,2,0,0,0,7,7,7,7,0,12,12,0,0,0,0,0,0,0,0,0,0,0,0]"
act_004731,"[-1,0,0,0,0,0,0,0,0,0,0,0,0,0,0,0,0,0,0,18,18,18,18,0,23,23,23,23,0,0,29,29,-1,-1]"
act_002010,"[-1,0,0,-1]"
act_001193,"[-1,0,0,-1,3,3,3,6,6,3,-1,10,10,10,10,10,10,10,10,10,10,10,10,10,10,10,10,10,10,10,10,10,10,32,32,32,10,10]"
act_003764,"[-1,-1,-1,-1,-1,-1,-1,6,-1,8,8,-1,11,11,-1]"
act_003376,"[-1,0,0,2,0,4,4,4,4,4,4,10,10,10,10,10,10,0,17,17,17,17,17,22,22,0,0,26,26,0,0,0,0,0,0,0]"
act_004512,"[-1,0,1,2,2,1]"
act_001082,"[-1,-1,-1,2,2,2,2,-1,-1,-1,-1,-1,-1,-1,-1,-1,-1,-1,-1,-1,-1,-1,21,21,21,-1,-1]"
act_000329,"[-1,0,0,-1]"
act_004806,"[-1,0,0,0,0,0,0,0,0,8,8,-1,11,12,12,12,12,12,12,12,12,11,11,22,22,11,11,11,27,27,29,29,29,29,29,29,29,29,29,27,27,27,27,27,11,11,11,11,11,48,48,48,11,11,11,54,54,11,11,11,11,11,11,62,62,11,11,11,-1,-1]"
act_004994,"[-1,0,1,1,3,3,3,1,1,1,1,1,1,1,1,1,1,1,1,0,0,20,20,20,20,20,0,0,0,28,28,28,-1]"
act_003666,"[-1,0,0,0,0,0,0,0,7,7,7,7,0,0,0,0,15,15,15,15,15,15,0,0,0,0,0,26,26,26,26,26,26,26,26,26,26,26,0]"
act_002738,"[-1,0,0,0,0,4,4,0,0,0,9,9,9,9,9,0,0,0,0,18,18,18,0,22,22,0,0,26,26,26,0,0]"
act_004671,"[-1,0,0,0,0,0,0,0,7,7,0,10,10,10,10,10,0,16,16,0,19,19,19,0,0,24,24,24,0,-1]"
act_004814,"[-1,-1,1,2,1,1,5]"
act_005015,"[-1,0,0,0,0,0,-1,-1,-1]"
act_000831,"[-1,0,0,0,0,-1,-1,-1,7,-1,-1]"
act_000351,"[-1,0,0,-1]"
act_002610,"[-1,0,0,0,0,0,5,5,5,5,5,5,5,0,0,14,14,14,14,18,14,14,14,14,14,24,0,0,0,28,28,0,31,31,0,0]"
act_001667,"[-1,0,0,0,0,0,5,5,5,5,0,10,10,0,13,13,13,16,13,18,13,13,13,13,23,0,0,0,27,27,-1,30,30,30,-1,34,34,34]"
act_004979,"[-1,0,1,1,3,3,0,0,7,7,7,0,0,0,0,0,0,0,0,0,0,0,0,0,-1]"
act_005214,"[-1,0,0,0,0,0,0,0,0,0,0,0,0,0,0,0,0,0,0,0,0,20,20,20,0,0]"
act_000827,"[-1,-1,-1,-1,-1,-1,5,5,5,5,-1]"
act_004293,"[-1,0,1,2,2,2,2,2,2,2,1,10,10,10,10,1,1,16,16,16,16,16,16,16,16,16,16,16,27,27,27,1]"
act_001854,"[-1,-1,1,2,2,2,2,2,2,2,2,2,2,2,2,2,1,16,1,18,1,20,1,22,1,24,1,26,1,28,-1,30]"
act_001537,"[-1,0,0,0,0,0,0,6,6,0]"
act_003739,"[-1,0,1,1]"
act_003747,"[-1,-1,-1,-1,-1,-1,-1,-1,-1,-1,-1]"
act_001637,"[-1,0,0,2,2,0,0,0,0,0,0,0,0,0,0,14,14,0,0,0,19,19,-1]"
act_001172,"[-1,0,1,0,3,3,3,3]"
act_004888,"[-1,0,1,1,1,1,1,0,-1,8,9,8,8]"
act_004423,"[-1,0,0,0,0,0,0,0,7,0,0,0,11,12,12,12,11,16,16,16,16,16,0,22,23,23,23,23,23,23,22,22,31,31,22,34,34,22,22,22,22,22,41,22,0,0,0,0,47,47,47,47,47,47,47,0,55,55,57,55,55,0,0,0,0,64,64,64,64,64,0,0]"
act_001154,"[-1,0,0,2,2,0,0]"
act_000041,"[-1,0,0,0,0,0,5,5,5,0,0,0,0,0,0,14,14,14,14,14,19,19,14,0,23,23,23,23,0,0,0,-1,31,31,-1,-1,-1,-1,37,37,39,39,39,37,37,37,37]"
act_001626,"[-1,0,0,0,0,0,0,0,0,0,0,0,0,0,0,0,-1,16,16,16,16,16,16,16,16,16,16,16,16,16,16,16,16,16,16,-1]"
act_001378,"[-1,0,0,0,3,3,3,3,3,3,3,3,3,3,3,3,3,3,3,3,0,20,20,0,0,0,0,-1,27,28,29,29,27,27,27]"
act_001163,"[-1,0,1,1,1,1,1,6,7,6,9,6,11]"
act_001377,"[-1,0,0,0,3,3,3,6,3,3,3]"
act_004053,"[-1,-1,-1,-1,3,3,-1,6,-1,-1,9,9,9,12,12]"
act_003541,"[-1,0,0,0,3,3,0,0,7,7]"
act_000007,"[-1,-1,-1,-1,3,3,5,5,5]"
act_003570,"[-1,-1,-1,2]"
act_003497,"[-1,-1,1,1,1,4,-1]"
act_001785,"[-1,0,0,0,3,3,5,5,3,3,3,10,10,10,10,10,3,16,3,18,18,3,3,3,3,0,0,26,-1]"
act_001271,"[-1,-1,1,2,2,4,4,2,2,2,9,9,9,9,9,9,2,2,17,17,2,2,2,-1,23,23,23,23,23,23,23,23]"
act_002706,"[-1,-1,1,1,1,1,5,5,1]"
act_001285,"[-1,0,-1,-1,-1,-1,-1,-1]"
act_003875,"[-1,0,0,0,0,4,4,0,7,0,9,9,9,9,9,9,9,9,9,9,9,9,21,21,9,9,9,9,9,9,9,9,9,9,9,34,34,9,9,9,9,9,41,41,41,41,0]"
act_004511,"[-1,0,0,0,0,-1]"
act_002641,"[-1,-1,1,1,-1]"
act_000048,"[-1,0,0,0,0,0,0,0,0,0,0,0,0,0,0,14,14,16,16,14,19,19,19,19,19,14,14,0,27,27,27,27,27,27,27,27,27,36,27,27]"
act_000171,"[-1,0,1,1,1,1,1,6,1,1,9,0,11,11,11,-1,15,15,15,18,18,18,18,18,18,18,18,18,18,18,-1,30,30,30,33,33,33,33,33,33,33,30,30,30,30,44,44,30]"
act_002943,"[-1,0,0,0,0,0,5,0,0,0,0,0,11]"
act_004549,"[-1,0,1,0,0,0,5,-1]"
act_000435,"[-1,-1,1,1,1,1,1,1,1,1,1,1,1,1,1,1,1,1,1,1,1,1,1,1,1,1,1,1,1,1,1,1,1,1,1,1,1,1,1,1,1,1,1,1,1,1,1,1,1,1,1,1,1,1,1,1,1,1,1,1,1,1]"
act_003198,"[-1,-1,1,1,1,1,1,1,1,1,1,1,1,1,1,1,1,1,1,1,1,1,1,1,1,1,1,1,1,1,1,1,1,1,1,1,1,1,1,1,1,1,1,1,1,1,1,1,1,1,1,1,1,1,1,1,1,1,1,1,1,1,1,1,1,1,1,1,1,1]"
act_003697,"[-1,0,1,1,0,4,4,0,0,8,9,8,11,12,12,0,0,16,16,0,0,0,0,0,0,0,0]"
act_000144,"[-1,-1,1,1,-1,-1,-1,-1,-1,-1,-1,-1,-1,-1,-1,-1,15,16,15,18,18,18,21,21,21,18,18,26,18,28,28,28,18,32,18,34,34,34,34,34,34,34,34,18,18,18,45,46,46,46,45,45,45,18,18,18,18]"
act_000703,"[-1,0,1,1,0,0,0,6,6,6,6,6,0]"
act_003458,"[-1,-1,1,1,-1]"
act_005233,"[-1,0,1,1,1,1,1,1,1,0,-1]"
act_002523,"[-1,0,0,0,0,0,5,5,5,5,5,5,5,5,0,0,0,0,0,18,18,18,18,18,18,18,18]"
act_004034,"[-1,0,0,0,3,3,-1]"
act_003033,"[-1,0,1,1,0,4,4,0,0,8,9,8,0,0,0,14,14,0,0,0,0,0,0,0,0,-1,25,-1,27,-1,29,-1]"
act_004808,"[-1,-1,-1,-1,-1,-1,5,5,5,5,5,5,-1]"
act_002566,"[-1,0,1,2,2]"
act_002323,"[-1,0,0,2,0,4,4,0]"
act_002931,"[-1,0,0,0,0,0,5,5,5,0,9,9,9,9,9,9]"
act_002690,"[-1,-1,-1,-1,3,3,5,5,5,-1,9,9,-1]"
act_003247,"[-1,0,0,0,0,0,0,0,0,0,-1,-1,-1,12,12,12,-1]"
act_001083,"[-1,0,1,1,0,0]"
act_003795,"[-1,0,0,2,2,2,2,6,0]"
act_000193,"[-1,0,0,0]"
act_003813,"[-1,-1,-1,-1,-1,-1,-1,-1,-1,-1,-1,-1,-1,12,12,-1,-1,16,16,16,16]"
act_001403,"[-1,0,1,1,1,1,0,6,6,6,6,6,6,6,6,6,6,6,6,6]"
act_005324,"[-1,0,0,0,3]"
act_004733,"[-1,0,0,0,3,3,3,3,3,0,9,9]"
act_002104,"[-1,0,0,0,0,0]"
act_001340,"[-1,0,0,0,0,0,0,-1,-1,-1,-1,-1]"
act_003785,"[-1,-1,1,1,1,1,1,1,1,1,1,1,1,1,1,1,1,1,1,1,19,19,19]"
act_003408,"[-1,0,0,0,0,-1]"
act_001514,"[-1,0,1,1]"
act_004110,"[-1,0,0,0,0]"
act_001225,"[-1,0,0,0,0,0,0]"
act_002087,"[-1,-1,1,-1,3,3,5,3,3]"
act_002947,"[-1,0,1,1,1,1]"
act_000380,"[-1,0,0,2,3,3,3,3,3,3,0,10,10,10,10,10,0,16]"
act_001385,"[-1,-1,1,1,1,1,5,5,5,5,5,5,5,-1,13,14,14,14,14,14,14,14,14,22,14,24,14]"
act_001915,"[-1,-1,-1,-1,-1,-1,-1,-1,-1,-1,-1,-1,-1,-1,-1,-1]"
act_002427,"[-1,0,0,0,0,0,0,0,0,0,0,0,0,0,0,0]"
act_004222,"[-1,0,0,0,0,0,0,0,7,7,7,0,0,12,12,12,12,0,17,17,17,17,0,22,22,22,22,22,0,0,0,30,30,30,-1]"
act_003956,"[-1,0,1,1,1,1,1,1,1,0,9,9,0,-1,-1]"
act_002440,"[-1,0,0,0,0,0,0,0,0,0,0,0,0,0,0,0,0,0,0,0,0,0,0,0,23,23,23,23,23,23,23,23,23,23,23,23,23,23,23,23,23,23,23,23,23,23,23,23,23,23,23,23,23,23,23,23,23,23,23,-1]"
act_004195,"[-1,0,0,0,0,0,0,0,0,0,-1,10,10,10,10,10,15,10]"
act_005256,"[-1,-1,1,1,1,1,1,1,-1,-1,9,9,9,-1,-1,-1,15,15,15,15,15,15,21,21,21,15,15,15,15,15,15,15,15,15,15,15,15,36,36,36,36,36,36,36,36,15,15,15,15,15,15,15,-1,-1,53,53,53,53,53,58,58,58,58,58,-1,-1]"
act_004331,"[-1,-1,1,1,1,4,4,4,7,7,4,4,4,4,4,14,4,4,4,4,4,4,4,4,4,1,1]"
act_001123,"[-1,0,0,0,0,0]"
act_002858,"[-1,0,1,2,2,2,5,5,2,2,2,2,1,1,1,1,1,1,1,18,18,1,1,1,1,1,1,1,1,1,1,1,1,1,1,1,-1]"
act_004784,"[-1,0,0,0,3,3,3,3,3,0,0,0,0,12,12,12,12,16,16,16,16,16,16,16,16,16,12,12,12,12,12,30,30,12,12,12,0,36,36,36]"
act_005126,"[-1,0,1,1]"
act_002759,"[-1,0,1,1,1,1,1,1,1,1,9,9,9,-1,13,13,15,15,15,15,13,20,21,21,21,20,20,20,27,27,27,20,31,31,31,31,31,31,31,20,20,20,41,41,41,41,41,41,41,20,20,20,20,13,53,53,53,53,53,-1]"
act_001726,"[-1,0,0,0,0,0,5,5,5,5,5,5]"
act_000836,"[-1,0,1,1,0,0,5,0,0,8,8,0,0,0,0]"
act_000566,"[-1,0,0,0,3,0,0,0,0,8,0,0,11,11,11,11,11,11,11,-1,19]"
act_000190,"[-1,0,0,-1,3,3,3,3,7,7,-1,10,10,10,-1]"
act_003829,"[-1,0,0,0,0,0,0,0,0,0,0,0,0,0,0,0,0,0,0,0,0,0,0,0,23,23,23,23,23,23,23,23,31,31,23,23,23,23,23,23,23,23,41,41,23,23,23,23,23,23]"
act_002960,"[-1,-1,1,1,1,1,1,6,6,6,1]"
act_004828,"[-1,0,0,2,0,4,4,0,7,0,9,9]"
act_001315,"[-1,0,0,2,2,0,0,0,0,-1]"
act_004960,"[-1,0,0,2,0,4,4,0,0,0,0,0,-1,12,12,12,12,-1]"
act_003677,"[-1,0,0,0,0,0,5,5,5,5,5,5,5,5,5,5,5,5,5,5,0]"
act_000203,"[-1,0,0,0,0,0,0,0,0,0,0,10,10,10,10,10,10,0,0,0,19,19,19,19,19,0,0,0,27,27,0,30,30,30,30,30,0,0,0,0,0]"
act_002220,"[-1,0,0,0,0,0,0,6,6,6,6,6,6,6,6,6,6,6,6,18,18,18,6,6,6,6,6,6,6,0,-1]"
act_000215,"[-1,0,0,0]"
act_005097,"[-1,0,0,0,-1,4,4,4,4]"
act_001774,"[-1,0,1,1,3,0,0,6,7,7,7,7,7,6,13,13,6,16,16,16,16,0,0,22,22,24,24,24,24,22,22,30,30,30,30,30,30,30,30,30,22,0,41,41,41,41,41,41,0,0,0,0,0,0,53,53,53,53,53]"
act_004166,"[-1,-1,1,1,1,1,-1,-1,-1,-1,-1]"
act_004849,"[-1,0,1,1,1,1,0,0,0,0,0,10,10,0,0,0,15,-1]"
act_003096,"[-1,0,0,0,0,0,0,6,6,6,6,6,6,6,0,14,14,14,14,14,14,14,14]"
act_003064,"[-1,0,1,1,3,3,3,3,3]"
act_003393,"[-1,0,0,0,3,3,3,3]"
act_004520,"[-1,0,1,1,3,3,3,3,3,3,3,1,1,12,12,1,1,1,17,17,1,20,20,20,20,20,20,20,20,1]"
act_002292,"[-1,0,1,1,1,1,1,1,1,0,9,9,9,0,13,13,13,13,13,13,13,13,21,21,21,21,13,13]"
act_000905,"[-1,0,0,0,0,0]"
act_001390,"[-1,0,0,2,2,2,2,2,2,0,0,0,0,0,0,14,14,14,17,17,17,17,17]"
act_003000,"[-1,0,1,2,2,2,2,2,2,2,2,1,1,12,1,14,1,0,17,17,17,0,21,21,21,21,21,21,27,21,21,0,31,31,31,34,34,34,31,31,31,-1,-1]"
act_003632,"[-1,0,0,0,3,3,3,3,3,3,3,0,0,12,13,13,13,13,12,12,19,19,19,19,19,19,19,19,19,19,19,19,19,19,12,34,34,34,34,34,34,34,34,34,34,12,12,12,12,0,0,0,0,52,52,52,52,52,52,52,0,0,0,0,0,0,0,0,0,0,69,69,69,69,69,69,69,69]"
act_002237,"[-1,0,0,0,0,0,0,0,0,0,0,10,10]"
act_001034,"[-1,0,0,0,0,4,4,4,4,4,4,4,4,4,0,14,14,0,0,18,18,18,21,21,18,18,18,0]"
act_004192,"[-1,0,0,0,0,-1]"
act_005160,"[-1,0,1,1,1,1,1,1,7,7,0,0,0,0,0,0]"
act_005215,"[-1,-1,-1,-1,3,3,-1,6,-1]"
act_002455,"[-1,0,0,2,2,2,2,2,7,7,7,2,0,12,13,13,12,16,16,16,16,16,12,12,0,0]"
act_001592,"[-1,0,1,1,1,1,1,1,1,1,1,1,1,1,1,14,14,14,14,14,14,14,1,22,22,22,22,22,22,1,0,0,31,31,31,31,31,31,31,31,31,31,31,0,0,0,45,45,45,45,45,0,51,51,51,0,0,0,57,57,0,0,0,0]"
act_001365,"[-1,-1,1,1,1,4,4,4,4,8,8,8,4,4,4,14,14,14,14,14,14,14,14,14,14,14]"
act_002698,"[-1,0,0,0]"
act_004661,"[-1,0,0,0,0,4,4,0]"
act_001887,"[-1,0,0,2,2,2,2,2,-1,8,8,8,8]"
act_003101,"[-1,0,0,0,0,0,0,0,7,7,7,0,0,0]"
act_000339,"[-1,0,0,0,3,3,5,5,5,5,5,5,5,5,3,14,14,14,14,14,3,3,0]"
act_003501,"[-1,0,0,0,0,4]"
act_001916,"[-1,0,1,1,1,1,1,0,0,-1]"
act_003736,"[-1,0,0,0,3,0]"
act_002099,"[-1,-1,1,1,1,1,5,5,5,5,5,1,1,12,13,13,12,1,1,1,1,1,1,1,1,1,1,1,1,1,1,1,1,32,32,32,1,-1,-1]"
act_002144,"[-1,0,1,2,2,1,1,1,1,1,1,10,10,10,10,10,10,1,1,1,1,0,0,0]"
act_001555,"[-1,0,0,2,3,3,3,3,3,3,0,0]"
act_004884,"[-1,0,0,0,0,0,0,0,0]"
act_004531,"[-1,0,0,0,3,0,0,6,0,0]"
act_003704,"[-1,0,0,0,3,3,3,0,0,0,0,10,10,10,10,10,0,0,0,0,0,0,0,0,23,23,0,26,26,0,29,29,29,29,29,29,29,29,29,29,29,29,41,41,29,29,29,29,29,29,29,29,29,29,29,29,0,0,0,0,0,0,0,0,0,64,64,64,0,0,0,0,-1,72,72]"
act_002594,"[-1,-1,1,1,1,1,1,1,1,1,1,1,1,1,1,1,-1,-1,17,17,17,17,17,17,17,24,24,24,24,17,17,17,31,31,31,31,31,31,31,17,39,39,39,39,39,39,17,46,46,46,17,17,17,17,53,53,-1,56,56]"
act_000498,"[-1,-1,1,1,1,1,1,1,7,7,7,7,7,7,1,14,15,14,14,18,18,18,18,14,14,1,1,26,26,26,26,26,26,26]"
act_004320,"[-1,0,0,0,0,0,0,0,0,0,9,9,9,0,13,13,15,13,13,18,13,0,0,22,22,22,22,22,22,22,22]"
act_001467,"[-1,0,0,0,0,0,0,0,0,0,0,0,11,11,11,11,11,11,11,11,0,0,0,0,23,23,23,23,23,23,0,0,0,0,0,0,0,36,36,36,0,40,40,40,40,40,40,40,40,40,0,0,0,0]"
act_004905,"[-1,0,0,0,0,4,4,0,7,7,0,10,10]"
act_003740,"[-1,0,0,2,3,3,3,3,3,3,3,3,3,3,2,2,15,15,15,15,15,15,15,15,15,15,15,15,15,2,29,29,29,29,29,29,2,2,2,2]"
act_003531,"[-1,-1,1,1,3,3,3,3,3,3,3,3,3,12,12,12,12,12,3,1,1,1]"
act_001798,"[-1,0,0,0,0,0,0,0,0,0,0,0,0]"
act_005114,"[-1,0,0,0,3,3,0,0,7,7,7,-1]"
act_003311,"[-1,0,1,2,2,2,2,1,1,8,8,1,1,12,12,12,0,16,16,16,16,16,16,22,0,0]"
act_000650,"[-1,0,0,0,0,0,0,0]"
act_004161,"[-1,0,1,1,3,3,1,1,1,1,1,0,0,-1,13,13]"
act_001432,"[-1,0,0,0,0,4,0,0,7,7,7,7,7,7,13,7,7,7,7,18,7,0]"
act_003171,"[-1,0,0,0,0,0,-1]"
act_003019,"[-1,0,0,0,3,3]"
act_001567,"[-1,-1,1,1,1,4,4,1,1,8,8,1,1,1,1,1,1,1,1,1,1,1,21,21,1,1,1,1,1,1,29,29,1,1,33,33,1,1,1,1,1,1,41,41,1,1,1,1,1,48,48,48,48,1,1,54,54,1,1,1]"
act_002833,"[-1,0,0,0,3,3,0,0]"
act_003475,"[-1,0,0,0,3,0,5,0,0,0]"
act_000770,"[-1,0,1,1,1,0,0]"
act_003891,"[-1,-1,1,1,3,1,5,5,5,8,5,5,5,1,1,1,1,1,17,-1,19,20,19,22,22,22,19,26,19,19,19,30,-1,32,32,32,32,32,32,32,39,39,39,42,42,42,42,42,42,42,42,42,42,42,42,42,39,39,57,57,39,39,61,32,-1,64,64,64,67,64,69,69,69,69,73,73,73,-1]"
act_003428,"[-1,0,1,1,1]"
act_003471,"[-1,0,0,0,0,0,0,0,7,7]"
act_003607,"[-1,0,0,0,0,4,5,5,4,4,4,0,-1,12,12,12,12,16,16,18,12,20,20,20,-1,24,25,25,25,25,25,25,25,25]"
act_005106,"[-1,0,0,0,0,4,4,4,0,0,0,0,11,11,11,11,0,0]"
act_000370,"[-1,0,1,1,1,1,1,1,1,1,1,0]"
act_003292,"[-1,-1,-1,2,2,2,2,2,7,7,7,7,7,7,2,2]"
act_000168,"[-1,0,1,1,1,1,5,5,5,5,5,1,1,1,1,0,15,15,15,15,15,15,15,15,0,0,0]"
act_001533,"[-1,0,0,0]"
act_000016,"[-1,0,1,1,1,0,0,6,6,6,9,9,9,9,9,6,0,16,16,0,0,20,20,20,23,23,0,26,27,27,26,26,26,26,0,0,0,36,36,0,39,39,39,39,39,44,44,44,44,0,0,50,50,52,52,52,0,56,56,0]"
act_004767,"[-1,0,1,0]"
act_000061,"[-1,0,0,0,0,-1,-1,6,6,6,6]"
act_001095,"[-1,0,0,2,2,0,0,6,6,0,9,9,9,9,9,9,9,9,9,9,-1]"
act_003807,"[-1,0,1,1,0]"
act_005131,"[-1,0,1,1,1,1,1,1,1,1,1,1,0,12,12,12,0,16,16,16,16,16,16,16,16,16,16]"
act_003913,"[-1,0,1,0,3,3]"
act_002485,"[-1,0,1,1,1,1,1,0,0,-1]"
act_000318,"[-1,0,1,0]"
act_002083,"[-1,0,1,1,1,1,1,1,7,7,7,1,11,0,0,0,15,15,15,15,15,15,15,15,23,15,15,15,15,15,15,30,30,30,15,34,34,34,15,15,39,39,15,42,42,42,15,46,46,15,15,0,51,51,51,51,51,51,51,0,0,0,0]"
act_001098,"[-1,0,0,0,0,0,5,5,5,0,-1,10,10,10]"
act_003192,"[-1,-1,1,1,1,1,1,1,1,1,1,1,1,1,1,1,1,1,1,1,19,19,19,1,23,23,23,23,23,23,23]"
act_002543,"[-1,0,0,0,0,0,0,6,6,6,6,6,6,6,6,6,6,0,0,0,0,0,21,21,21,21,0,26,26,26,29,29,29,29,29,29,0,36,36,36,36,36,0]"
act_004075,"[-1,0,1,1,1,4,0,0]"
act_000101,"[-1,0,0,0,0,0,0,0,0,0,0,0,0,0,0,0,0,-1,17,17]"
act_002365,"[-1,-1,1,1,1,4]"
act_004820,"[-1,0,0,0,3,3,0,6,6,6,6,6,6,12,6,14,14,6,6,6,6,6,6,6,6,24,24,24,6,6,29,29,29,6,33,33,33,33,0]"
act_003858,"[-1,0,0,0,0,0,5,5,0,0,0,0,0,0,0,14,14,14,14,14,14,14,14,0,0,0,0,26,26,0,0,0,0,32,32,32,32,0,37,37,37,0,0,42,42,-1,-1]"
act_000663,"[-1,0,0,0,3,0,0,0,7,0,0,0,0,0,13,13,0,0,0,18]"
act_000858,"[-1,-1,1,1,1,1,5,5,5,1,1,1,1,1,13,13,13,13,13,13,13,13,13,13,13,13,13,13,13,1,1,1,31,31,31,31,31,1,37,37,1,1,1,42,42,1,1,1,-1,-1,49,49,49,49,49]"
act_005009,"[-1,0,0,2,3,3,3,2,2,2,2,2,2,2,0,14,14,0,17,17,17,0,0,22,22,22,22,22,0,0,29,29,29,29,29,29,0,0,0,0]"
act_003793,"[-1,0,0,0,0,0,0,0,0,0,0,0,0,0,0,0,0,0,0,0,0,0,0,0,23,23,0,0,0,28,28,-1,31,31]"
act_003004,"[-1,0,1,1,1,4,4,4,4,4,4,4,1,1,1,14,14,0,-1]"
act_001655,"[-1,0,1,1,1,1,1,1,0,8,8,8,8,8,8,8,8,8,8,8,8,8,8,8,8,8,8,8,8,8,8,8,8,8,8,8,8,8,8,8,8,8,8,8,43,43,0,-1]"
act_002685,"[-1,0,0,0,0,4,4,4,4,0,0,0,11,11,0,0,0,0,0]"
act_004725,"[-1,0,0,0,0,0,5]"
act_005223,"[-1,0,1,2,2,2,2,0,7,7,7,0,11,11,11,11,11,11,0]"
act_003887,"[-1,-1,1,1,1,1,5,5,5,5,5,5,11,11,11,5,1,16,16,18,18,18,18,18,18,18,18,18,18,18,18,18,18,18,16,16,35,35,35,35,35,35,35,35,35,35,35,35,35,35,35,35,16,52,52,52,52,52,16,16,16,1,1,62,62,1,-1]"
act_004738,"[-1,-1,-1,-1,3,4,4,3,3,3,9,9,9,3,13,13,3,3,3,18,3,3,21,21,21,21,21,21,21,3,3,30,31,31,31,31,31,31,30,30,39,39,41,41,39,3,45,45,45,45,3]"
act_002045,"[-1,0,1,1,1,1,1,1,1,1,1,0]"
act_003139,"[-1,0,1,1,0,0,0,6,0,8,8,8,8,8,8,8,8,8,8,8]"
act_003908,"[-1,0,0,0,0,4,4,4,4,4,4,4,4,0,0,0,0,0]"
act_002655,"[-1,0,0,0,0,0,0,0,0,0,0,0,0,0,0,0,0,0,0,0,0,0]"
act_003751,"[-1,-1,1,1,1]"
act_002250,"[-1,0,0,0,3,4,4,4,3,8,3,10,3,3,13]"
act_005025,"[-1,-1,-1,2,2]"
act_004552,"[-1,0,1,1,1,1,1,0,0,8,9,9,9,8,8,14,14,14,8,8,8,20,20,20,8,8,8,8]"
act_001220,"[-1,0,0,0,0,0,0,0,0,0,0,0,0,0,0,0,0,0,0,-1,19,19,19,19]"
act_001466,"[-1,0,0,0,3,3,5,5,5,5,5,3,3,3,3,3,3,3,0,18,18,0,0,22,22,22,22,22,22,22,22,22,22,-1,33,33,33,36,37,37,37,37]"
act_002464,"[-1,-1,-1,2,2,2,2]"
act_003840,"[-1,0,0,0,0,0,0,0,0,0,9,9,9,9,9,9,9,9,9,9,19,19,19,19,19,19,19,9,9,9,0,0,0,0,0,0,-1]"
act_001376,"[-1,-1,-1,-1,3,3,-1,-1,-1]"
act_001987,"[-1,0,1,1]"
act_003890,"[-1,0,0,0,3,3,0,0,0,8,8,0,0,12,12,0,15,15,15,15,15,20,15,22,15,24,24,15,27,15,29,15]"
act_001882,"[-1,-1,-1,-1,-1,-1,-1,-1,-1,-1,-1,-1,11,11,11,11,11,11,11,11,11,11,11,11,11,11,25,25,25,25,25,25,31,11,33,-1,-1,-1,-1,-1,-1,-1,-1,-1,-1,-1,-1,-1,-1,48,48]"
act_002155,"[-1,-1,-1,2,2,-1,-1,-1,7,7]"
act_002524,"[-1,0,0,0,0,4,4,6,4,8,0,10,10,12,0,0]"
act_000517,"[-1,0,1,0]"
act_004268,"[-1,0,1,2,2]"
act_001329,"[-1,0,0,0,0,0,0,0,0,0,0,0,0,0,13,13,0,0,0,18,18,18,18,18,18,0,0,0,27,27,27,0,31,31,0,34,34,0,0,0,-1]"
act_004102,"[-1,0,0,0,0,0,0,0,0,0,0,0,0,0,0,0]"
act_002799,"[-1,0,0,0,0,4,4,4,0,0,0,0,0,0,0,0,0,0,0,0,0,0,0,0,0,0,0,0,0,0,0,0,0,0,0,0,0,0,0,38,38,38,38,38,38,38,38,0,0]"
act_005099,"[-1,0,0,0,0,0,5,5,5,5,5,5,5,0,13,13,13,13,13,13,13,13,13,13]"
act_003034,"[-1,-1,1,1]"
act_003543,"[-1,0,0,0,0,0,-1,6,6,-1,-1,-1]"
act_001334,"[-1,0,0,2,2,2,2,2,2,2,2,0,0,12,12,0,15,15,15]"
act_000269,"[-1,0,0,0,0,0,0,0,0,0,0,0,11,11,11,11,11,0,17,17,17,0,0]"
act_000530,"[-1,-1,-1,2,2,2,5,5,2,2,2,2,2,2,2,2,2,2,2,2,2,2,2,-1,-1,-1,-1,-1,27,27,29,29,29,27,33,33,33,36,36,27,39,39,27,27,43,43,43,43,27,27,49,49]"
act_002297,"[-1,-1,-1,-1,-1,-1,-1,-1]"
act_001542,"[-1,0,0,2,2,2,2,6,6,2]"
act_003077,"[-1,-1,-1,2,2,2,2,2,2,2,2,2,2,2,2,14,14,14,2,18,18,18,2,22,22]"
act_001524,"[-1,0,0,2,2,2,5,5,2,2,2,2,2,12,0,14,14,14,14,18,14,14,21,14,14,24,24,14,14,28,28,0,31,0,33,33,0,-1,-1]"
act_002058,"[-1,0,0,0,0,0,-1,6,6,6,6,6]"
act_001756,"[-1,0,0,0,0]"
act_000406,"[-1,0,1,1,1,1]"
act_001713,"[-1,0,0,0,0,4,4,0,7,7,7,7,7]"
act_003345,"[-1,-1,-1,2,-1,-1,-1,6,6,6,6,6,11,11,-1,14,14,-1,-1]"
act_003190,"[-1,0,0,0,0,0,5,5,5,5,5,5,5,5,5,5,0,16,16,18,18,18,18,18,18,18,18,18,18,18,18,18,18,18,18,18,16,16,16,16,0,40,40,40,40,40,40,40,40,40,40,40,40,40,40,0,0]"
act_001911,"[-1,0,0,2,2]"
act_000378,"[-1,0,0,2,2,4,4,4,4,8,8,8,8,8,0]"
act_002837,"[-1,0,1,0,3]"
act_004535,"[-1,0,0,0,0,0,0,0,0,0,0,0,0,0,0,0,0,0,0,0,19,19,19,19,19,19,0,0,0,28,28,28,28,28,0,0,0,36,36,36,0,40,40,40,40,40,0,0,0,0,0,0,-1]"
act_004983,"[-1,0,0,0,0,0,0,6,6,6,6,0,0,0,0,0,0,0,17,17,17,17,17,17,17,17,17,17,17,17,0,30,30,0,0,34,35,35,34,34,34]"
act_001444,"[-1,0,1,2,2,2,0,0,7,7]"
act_003654,"[-1,0,1,1,0,4,4,4,4,4,4,10,4,12,12,12,15,15,15,12,12,0,0,0,23,0,25,-1,27,27,27,27,-1]"
act_003098,"[-1,0,0,0,0]"
act_004239,"[-1,0,0,0,0,0,5,5,5,0]"
act_005064,"[-1,0,0,0,0,0,0,6,6,6,0,0,0,0,0,0,0,0,17,17,0,0,0,0]"
act_000931,"[-1,0,1,1,1,0,0,6,6,6,6,6,6,6,6,6,6,0,0,0,0,0]"
act_000995,"[-1,0,1,1,1,1,1,0,0,-1]"
act_001147,"[-1,0,1,1,1,1,1,1,1,1,1,1,1,1,0,0,0,16,16,16,0,20,20,0,23,24,24,24,23,23]"
act_003888,"[-1,0,0,0,0,0,0,0,0,0,0,0,0,0]"
act_003571,"[-1,0,0,0,3,0,0,0]"
act_000353,"[-1,0,0,0,0,0,5]"
act_001794,"[-1,-1,-1,-1,3,3,3,-1,-1,-1]"
act_003035,"[-1,0,0,0,0,0,0,0,0,8,0]"
act_001840,"[-1,0,0,0,3,3,0,6,6,0,9,9,9,9,9,0,15,16,16,18,18,15,15,22,22,15,0,26,26,26,26,30,30,30,30,0,35,35,35,35,35,35,35,35,35,35,35,35,35,0,49,49,49,49,49,0,0,56,56,56,56,0,0,62,62,0,0,66,66,0,0]"
act_000415,"[-1,0,1,2,2,2,2,1,7,7,7,0,0]"
act_001333,"[-1,0,0,0,3,3,3,0,0,0,0,0,0,0,0,0,0,0,17,17,17,17,17,0,23,23]"
act_001770,"[-1,0,1,1,1,1,1,1,1,0]"
act_003694,"[-1,0,0,0,0,0,0,0,0,0,9,9,9,9,0,0,0,0,0,0,0,0,21,21,0,24,24,24,24,24,24,24,24,24,0,34,34]"
act_000764,"[-1,-1,-1,-1,-1,4,4,4,7,8,7,4,11,11,-1,14,-1,16,16,16,16,16]"
act_001338,"[-1,0,0,2,3,3,3,3,3,3,3,3,2]"
act_001268,"[-1,0,0,0,0,0,0,0,0,8,9,9,0,0,13,13,0,0,0,0,0,0,0,22,22,22,22,26,26,22,22,30,22,22,22,22,35,35,35,35,22,40,40,40,40,40,40,22,47,47,22,22,51,51,22,22,22,22,22,22,22,0,61]"
act_001562,"[-1,0,0,0,0,0,0,0,0,0,0,10,10,0,0,0,0,0,0,0,19,19,19,19,19,0]"
act_003058,"[-1,-1,-1,-1,-1,-1,5,6,6,6,6,6,6,6,6,6,-1,-1,17,17,17,17,17,17,17,17,17,17,17,17,-1,-1,31,31,31,31,-1,-1,-1,38,38,38,38,38,38,44,44,46,44,44,44,44,44,44,53,38,38,38,57,-1,-1,-1,-1,-1,63,63,63]"
act_002582,"[-1,-1,1,1,-1]"
act_004145,"[-1,0,1,2,2,2,2,2,2,2,2,2,2,2,2,1,1,-1,-1]"
act_005285,"[-1,-1,-1,2,2,2,-1,-1,-1,-1,9,9,9,9,9,-1]"
act_001779,"[-1,-1,1,1,1,4,4,4,-1]"
act_002133,"[-1,0,0,2,2,2,2,2,0,0,0,10,10,0,13,14,14,14,14,14,14,14,14,14,0,0,0,0,0,28,28,28,28,28,28,28,28,28,28,28,28,0]"
act_001745,"[-1,0,0,0,0,0,0,0,0,0,0,0,0,0,0,-1]"
act_003327,"[-1,0,0,0,0,0,0,0,0,0,0,0,0,0,13,13,13,13,13,13,13,13,13,13,23,23,23,13,13,13,13,13,13,13,13,0]"
act_001607,"[-1,-1,1,1,1,1,-1]"
act_001454,"[-1,0,0,0,0]"
act_004085,"[-1,-1,-1,2,2,-1,5,5,5,5,5,-1,-1,-1,-1,14,14,14,17,17,17]"
act_002719,"[-1,0,0,0,0,0,0,0,0,0,0,0,11,11,0,0,0,0,0,18,18,18,0,22,22,0,0,0,0,28,28,28,28,28,28,28,28,28,28,0,39,39,0]"
act_001959,"[-1,0,0,0,0,0,0,0,0,0,0,0,0,0,13,13,13,0,0,18,18,18,18,18,18,0,0,0,0,0]"
act_002883,"[-1,-1,1,1]"
act_002436,"[-1,0,0,0,0,4,4,4,0,0,9,9,0,0,13,0,0,0,17,17,17,17,17,17,0,0,25,25,0]"
act_002581,"[-1,0,0,0,0,0,0,0,0,0,9,9,9,0,0,0,0,0,17,17,17,0,21,21,21,0,25,25,25,25,25,30,30,30,30,30,30,30,25,25,25,25,25,25,25,25,25,25,25,25,25,25,51,51,51,51,51,51,0,0]"
act_005312,"[-1,-1,-1,-1,-1,-1,-1,-1,-1,-1,-1,-1,-1,-1,-1,-1,-1,-1,-1,-1,-1,-1,-1,-1,-1,-1,-1,-1,-1,-1,-1,30,30,-1,-1,-1,-1]"
act_001867,"[-1,0,0,0,0,0,0,0,0]"
act_002057,"[-1,0,0,2,2,2,2,2,2,2,2,2,2,2,13,13,13,13,13,13,13,2,2,22,22,22,22,2,2,2,2,0,0,0,0,0,35,35,35,0,-1,40,40,-1,-1,44]"
act_004617,"[-1,0,1,1,1,1,1,1,1,1,1,1,1,1,1,1,1,1,1,1,1,1,1,1,1,1]"
act_004529,"[-1,0,1,1,1,0,5,5,5,5,5,5,5,5,5,5,0,0,0,0,0,0,0,0,23,23,0,0,0,28,28,28,28,28,28,28,28,28,28,28,0,0,0,42,42,0,0,0,0,0]"
act_000888,"[-1,0,0,0,0,4,5,5,5,5,5,5,5,5,5,5,5,4,4,18,18,-1]"
act_003886,"[-1,0,1,2,2,2,2,2,7,7,2,1,11,11,11,11,1,1,0,0]"
act_003774,"[-1,0,0,2,2,0,0,0,0,0,0,0,0,0,13,13,15,15,15,15,15,15,13,13,13,24,24,24,24,24,24,24,24,24,24,24,24,24,24,24,13,13,13,13,13,13,0,46,46,46,46,46,46,-1]"
act_000226,"[-1,0,0,0,0,0,5,5,5,8,5,5,11,11,11,11,5,5,5,18,18,18,18,5,5,5,5,0,0,0,0,0,0,0,0]"
act_001843,"[-1,0,0,0,0,0,0,0,0,0,9,9,9,9,9,9,0,0,0,18,18,18,18,18,0,0,25,25,25,0,29,29,29,29,29,0,0,0,0,0]"
act_000639,"[-1,0,0,0,0,0,0,0,0,0,0,0,0,0,0,0,0,0,0,18,18,18,18,18,18,0,0,26,27,27,27,27,27,0,0,0,35,35,35,0,39,39,41,41,41,0,45,45,0,0,0]"
act_005042,"[-1,-1,1,1,3,4,4,3,3,3,9,9,9,3,3,14,14,14,14,1]"
act_000143,"[-1,0,0,0,3,3,0]"
act_002326,"[-1,0,1,1,1,1]"
act_002590,"[-1,0,0,0,0,4,4,6,6,4,4,4,11,11,11,11,4,16,16,16,4,4,0]"
act_004866,"[-1,0,1,1,1,1,1,1,1,1,1,1,1,1,1,1,1,1,1,1,1]"
act_002163,"[-1,0,0,0,3,3,3,3,3,3,3,3,3,3,3,3,3,3]"
act_004393,"[-1,0,0,0,0,0,0,6,6,0,0,0,0,0,0,0,15,15,15,15,15,15,0,0,0,0,25,25,25,25,25,25,25,25,25,25,25,25,25,-1,39,39,39,42,42,42,42,42,42,39,39]"
act_000996,"[-1,0,0,0,0,0,0,0,0,0,0,0,0,0,0,0,-1]"
act_001869,"[-1,0,0,0,0,0,0,0,0,0,0,0,0,0,0,0,0,0,0,0,0,0,0,0,0,0]"
act_003436,"[-1,-1,-1,-1,3,3,5,3,3,3,3,3,3,3,3,3,3,3,3,3,3,3,3,-1,23,23,23,23,-1,28,28,28,28,28,28,28,28,28,28,28,28,28,28,28,-1,-1,45,45,45,45,45,45,45,45,45,45,45,45,45,45,59,59,59,59,59,59,59,59,45,45,45,45,45,-1]"
act_000747,"[-1,0,1,1,0,0,0,0,0,8,8,8,8,0,0,-1,-1]"
act_004399,"[-1,0,0,2,0,0,-1,6,6,6,-1,10,10,12,12,12,12,12,12,12,12,12,12,12,12,12,12,12,12,28,10,10,31]"
act_000480,"[-1,-1,1,1,1,1,1,1,1,1,1,1,1,1]"
act_001894,"[-1,-1,1,1,3,3,3,3,3,1,9,10,10]"
act_000656,"[-1,0,0,0,3,-1,5,6,6,6,6,6,6,6,6,6,6,6,6,6,19,19,19,19,19,19,19,19,6,28,28,28,28,28,28,28,28,6,6,6,6,6,6,42,42,6,6,46,46,46,49,49,49,6,5]"
act_002439,"[-1,0,0,0,0,0,0,0,0,8,8,8,11,11,11,0,0,0,0,0,0]"
act_001158,"[-1,0,0,0,0,0,5,5,5,5,0,0,0,0]"
act_004858,"[-1,-1,1,2,2,1,1,6,6,6,6,6,6,6,6]"
act_003130,"[-1,0,0,0,0,-1,-1]"
act_004714,"[-1,0,0,2,2,0,0,6,7,7,7,7,7,6,13,14,14,14,14,13,0,0,21,21,21,21,21,0,27,27,27,-1]"
act_002979,"[-1,0,1,1,1,1,1,1,1,1,9,1,1,1,1,1,-1]"
act_001556,"[-1,0,0,0,0,0,0,0,0,0,0,0,0,0,0,0,0,16,16,0,0,0,0,0,-1]"
act_004932,"[-1,0,0,0,0,0,0,6,7,6,6,6,6,6,6,6,6,16,16,16,16,6,0,0]"
act_001730,"[-1,0,0,0,3,3,3,3,0,0,9,9,9,9,9,9,9,9,9,9,9,0,0,0,23,23,23,23,23,23,23,23,23,23,23,23,23,0,37,37,0,0,0,0]"
act_004966,"[-1,0,0,0,3,4,4,4,4,0,0,10,10,-1,13,13,13,13,13,13,13,20,20,20,20,20,20,26,26,26,26,26,20,13,13,34,34,34,34,34,34,34,34,34,34,34,45,45,34,34,34,50,50,50,50,50,50,34,34,34,34,34,61,61,61,61,34,66,66,66,66,34,71,71,71,71,71,13,13]"
act_001424,"[-1,-1,-1,-1,-1,-1,5,5]"
act_003791,"[-1,0,1,1,1,1,1,1,1,1,1,1,1,1,1,1,1,1,1,1,-1,20,20,20,20,20,20,26,26,26,26,26,26,26,33,33,33,33,26,26,26,26,26,26,26,26,26,26]"
act_003893,"[-1,0,0,0,3,3,3,3,3,0,9,9,9,9,9,9,9,9,9,9,9,9,9,9,9]"
act_003821,"[-1,-1,-1,-1,3,3,3,6,6,3,3,3,-1,-1,-1,14,-1,-1,17,17,17,-1,21,21,21,24,-1,26,26,26,29,29,29,29,29,29,29]"
act_000835,"[-1,0,1,1,0,0,0,0,7,7,7,7,7,7,-1]"
act_003317,"[-1,0,0,0,0,0,0,0,7,0,9,10,10,9,9,9,9,9,9,9,9,0,0,22,22,22,22,22,22,22,29,29,0,32,32,0]"
act_000591,"[-1,0,0,0,0,0,0,0,0,0,0,0,0,0,0,0,0,0,0,0,0,0,0]"
act_004267,"[-1,0,1,1,1,1,5,5,5,5,5,5,5,5,5,5,1,1,1,1,0,20,20,0,0,0,0,0,0,0]"
act_002958,"[-1,0,0,0,0,0,0,0,0]"
act_002370,"[-1,0,0,0,3]"
act_003972,"[-1,0,0,0,0,4,0,0,7,7,7,7,11,11,11]"
act_002966,"[-1,-1,1,1]"
act_005073,"[-1,0,0,0,3,0,0,0,7,0,0,0,0,12,0,0,15,15]"
act_004360,"[-1,0,0,0,3,0]"
act_000868,"[-1,-1,-1,2,2,4,4,4,2,-1,-1,-1,-1,-1,-1,-1,-1,16,-1,-1,-1,20,-1,-1,-1,-1,-1,-1,-1,-1,-1,-1,-1,-1,33,34,33,-1,37,-1,39,-1,41,42,42,41,41,41,41,41,41,41]"
