id,answer_json
music_8e27bf57c4e1d1,"{""events"":[{""duration_tick"":2,""onset_tick"":0,""pitch"":67,""tie"":""none"",""voice_token"":""voice_bf2e2c""},{""duration_tick"":2,""onset_tick"":2,""pitch"":69,""tie"":""none"",""voice_token"":""voice_bf2e2c""},{""duration_tick"":2,""onset_tick"":4,""pitch"":66,""tie"":""none"",""voice_token"":""voice_bf2e2c""},{""duration_tick"":3,""onset_tick"":6,""pitch"":62,""tie"":""none"",""voice_token"":""voice_bf2e2c""},{""duration_tick"":1,""onset_tick"":9,""pitch"":64,""tie"":""none"",""voice_token"":""voice_bf2e2c""}]}"
music_c4b55f5668de52,"{""events"":[{""duration_tick"":3,""onset_tick"":0,""pitch"":64,""tie"":""none"",""voice_token"":""voice_adeebf""},{""duration_tick"":1,""onset_tick"":3,""pitch"":62,""tie"":""none"",""voice_token"":""voice_adeebf""},{""duration_tick"":4,""onset_tick"":4,""pitch"":67,""tie"":""none"",""voice_token"":""voice_adeebf""},{""duration_tick"":4,""onset_tick"":8,""pitch"":65,""tie"":""none"",""voice_token"":""voice_adeebf""},{""duration_tick"":4,""onset_tick"":12,""pitch"":62,""tie"":""none"",""voice_token"":""voice_adeebf""},{""duration_tick"":1,""onset_tick"":16,""pitch"":64,""tie"":""none"",""voice_token"":""voice_adeebf""}]}"
music_a000feac2349ea,"{""events"":[{""duration_tick"":12,""onset_tick"":0,""pitch"":49,""tie"":""none"",""voice_token"":""voice_bdd9b1""},{""duration_tick"":12,""onset_tick"":12,""pitch"":49,""tie"":""none"",""voice_token"":""voice_bdd9b1""},{""duration_tick"":12,""onset_tick"":24,""pitch"":61,""tie"":""none"",""voice_token"":""voice_bdd9b1""},{""duration_tick"":4,""onset_tick"":36,""pitch"":61,""tie"":""none"",""voice_token"":""voice_bdd9b1""},{""duration_tick"":6,""onset_tick"":40,""pitch"":64,""tie"":""none"",""voice_token"":""voice_bdd9b1""},{""duration_tick"":2,""onset_tick"":46,""pitch"":64,""tie"":""none"",""voice_token"":""voice_bdd9b1""},{""duration_tick"":6,""onset_tick"":48,""pitch"":67,""tie"":""none"",""voice_token"":""voice_bdd9b1""}]}"
music_f75e10195da196,"{""events"":[{""duration_tick"":2,""onset_tick"":0,""pitch"":66,""tie"":""none"",""voice_token"":""voice_adeebf""},{""duration_tick"":2,""onset_tick"":2,""pitch"":66,""tie"":""none"",""voice_token"":""voice_adeebf""},{""duration_tick"":2,""onset_tick"":4,""pitch"":67,""tie"":""none"",""voice_token"":""voice_adeebf""},{""duration_tick"":1,""onset_tick"":6,""pitch"":67,""tie"":""none"",""voice_token"":""voice_adeebf""},{""duration_tick"":1,""onset_tick"":7,""pitch"":67,""tie"":""none"",""voice_token"":""voice_adeebf""},{""duration_tick"":2,""onset_tick"":8,""pitch"":66,""tie"":""none"",""voice_token"":""voice_adeebf""},{""duration_tick"":2,""onset_tick"":10,""pitch"":66,""tie"":""none"",""voice_token"":""voice_adeebf""}]}"
music_fef4467c6e04c1,"{""events"":[{""duration_tick"":4,""onset_tick"":0,""pitch"":70,""tie"":""none"",""voice_token"":""voice_adeebf""},{""duration_tick"":2,""onset_tick"":4,""pitch"":70,""tie"":""none"",""voice_token"":""voice_adeebf""},{""duration_tick"":4,""onset_tick"":6,""pitch"":70,""tie"":""none"",""voice_token"":""voice_adeebf""},{""duration_tick"":2,""onset_tick"":10,""pitch"":72,""tie"":""none"",""voice_token"":""voice_adeebf""},{""duration_tick"":2,""onset_tick"":12,""pitch"":73,""tie"":""none"",""voice_token"":""voice_adeebf""},{""duration_tick"":2,""onset_tick"":14,""pitch"":74,""tie"":""none"",""voice_token"":""voice_adeebf""},{""duration_tick"":2,""onset_tick"":16,""pitch"":73,""tie"":""none"",""voice_token"":""voice_adeebf""}]}"
music_84ac09e3c411e9,"{""events"":[{""duration_tick"":2,""onset_tick"":0,""pitch"":72,""tie"":""none"",""voice_token"":""voice_adeebf""},{""duration_tick"":2,""onset_tick"":2,""pitch"":69,""tie"":""none"",""voice_token"":""voice_adeebf""},{""duration_tick"":4,""onset_tick"":4,""pitch"":65,""tie"":""none"",""voice_token"":""voice_adeebf""},{""duration_tick"":2,""onset_tick"":8,""pitch"":67,""tie"":""none"",""voice_token"":""voice_adeebf""},{""duration_tick"":2,""onset_tick"":10,""pitch"":69,""tie"":""none"",""voice_token"":""voice_adeebf""},{""duration_tick"":2,""onset_tick"":12,""pitch"":72,""tie"":""none"",""voice_token"":""voice_adeebf""},{""duration_tick"":12,""onset_tick"":14,""pitch"":-1,""tie"":""none"",""voice_token"":""voice_adeebf""}]}"
music_750df9cb0f8cf5,"{""events"":[{""duration_tick"":2,""onset_tick"":0,""pitch"":71,""tie"":""none"",""voice_token"":""voice_0331f8""},{""duration_tick"":2,""onset_tick"":2,""pitch"":69,""tie"":""none"",""voice_token"":""voice_0331f8""},{""duration_tick"":2,""onset_tick"":4,""pitch"":69,""tie"":""none"",""voice_token"":""voice_0331f8""},{""duration_tick"":2,""onset_tick"":6,""pitch"":71,""tie"":""none"",""voice_token"":""voice_0331f8""},{""duration_tick"":2,""onset_tick"":8,""pitch"":69,""tie"":""none"",""voice_token"":""voice_0331f8""}]}"
music_e47aea4feda235,"{""events"":[{""duration_tick"":6,""onset_tick"":0,""pitch"":71,""tie"":""none"",""voice_token"":""voice_58b2be""},{""duration_tick"":4,""onset_tick"":6,""pitch"":70,""tie"":""none"",""voice_token"":""voice_58b2be""},{""duration_tick"":2,""onset_tick"":10,""pitch"":71,""tie"":""none"",""voice_token"":""voice_58b2be""},{""duration_tick"":4,""onset_tick"":12,""pitch"":70,""tie"":""none"",""voice_token"":""voice_58b2be""},{""duration_tick"":2,""onset_tick"":16,""pitch"":71,""tie"":""none"",""voice_token"":""voice_58b2be""},{""duration_tick"":4,""onset_tick"":18,""pitch"":70,""tie"":""none"",""voice_token"":""voice_58b2be""},{""duration_tick"":2,""onset_tick"":22,""pitch"":71,""tie"":""none"",""voice_token"":""voice_58b2be""}]}"
music_c344f6e306981a,"{""events"":[{""duration_tick"":4,""onset_tick"":0,""pitch"":69,""tie"":""none"",""voice_token"":""voice_adeebf""},{""duration_tick"":2,""onset_tick"":4,""pitch"":69,""tie"":""none"",""voice_token"":""voice_adeebf""},{""duration_tick"":2,""onset_tick"":6,""pitch"":72,""tie"":""none"",""voice_token"":""voice_adeebf""},{""duration_tick"":8,""onset_tick"":8,""pitch"":74,""tie"":""none"",""voice_token"":""voice_adeebf""},{""duration_tick"":8,""onset_tick"":16,""pitch"":77,""tie"":""start"",""voice_token"":""voice_adeebf""}]}"
music_38453ed7615a7c,"{""events"":[{""duration_tick"":1,""onset_tick"":0,""pitch"":70,""tie"":""none"",""voice_token"":""voice_adeebf""},{""duration_tick"":3,""onset_tick"":1,""pitch"":69,""tie"":""none"",""voice_token"":""voice_adeebf""},{""duration_tick"":3,""onset_tick"":4,""pitch"":75,""tie"":""none"",""voice_token"":""voice_adeebf""},{""duration_tick"":1,""onset_tick"":7,""pitch"":75,""tie"":""none"",""voice_token"":""voice_adeebf""},{""duration_tick"":1,""onset_tick"":8,""pitch"":74,""tie"":""none"",""voice_token"":""voice_adeebf""},{""duration_tick"":1,""onset_tick"":9,""pitch"":77,""tie"":""none"",""voice_token"":""voice_adeebf""}]}"
music_d70bcf8ff9c32c,"{""events"":[{""duration_tick"":6,""onset_tick"":0,""pitch"":74,""tie"":""none"",""voice_token"":""voice_adeebf""},{""duration_tick"":4,""onset_tick"":6,""pitch"":74,""tie"":""none"",""voice_token"":""voice_adeebf""},{""duration_tick"":2,""onset_tick"":10,""pitch"":72,""tie"":""none"",""voice_token"":""voice_adeebf""},{""duration_tick"":6,""onset_tick"":12,""pitch"":72,""tie"":""none"",""voice_token"":""voice_adeebf""},{""duration_tick"":6,""onset_tick"":18,""pitch"":72,""tie"":""none"",""voice_token"":""voice_adeebf""},{""duration_tick"":4,""onset_tick"":24,""pitch"":72,""tie"":""none"",""voice_token"":""voice_adeebf""},{""duration_tick"":2,""onset_tick"":28,""pitch"":72,""tie"":""none"",""voice_token"":""voice_adeebf""}]}"
music_cc30c5c65371b9,"{""events"":[{""duration_tick"":4,""onset_tick"":0,""pitch"":68,""tie"":""none"",""voice_token"":""voice_adeebf""},{""duration_tick"":4,""onset_tick"":4,""pitch"":67,""tie"":""none"",""voice_token"":""voice_adeebf""},{""duration_tick"":4,""onset_tick"":8,""pitch"":72,""tie"":""none"",""voice_token"":""voice_adeebf""},{""duration_tick"":4,""onset_tick"":12,""pitch"":64,""tie"":""none"",""voice_token"":""voice_adeebf""}]}"
music_b9973485fe900b,"{""events"":[{""duration_tick"":2,""onset_tick"":0,""pitch"":74,""tie"":""none"",""voice_token"":""voice_bf2e2c""},{""duration_tick"":2,""onset_tick"":2,""pitch"":72,""tie"":""none"",""voice_token"":""voice_bf2e2c""},{""duration_tick"":2,""onset_tick"":4,""pitch"":69,""tie"":""none"",""voice_token"":""voice_bf2e2c""},{""duration_tick"":2,""onset_tick"":6,""pitch"":69,""tie"":""none"",""voice_token"":""voice_bf2e2c""}]}"
music_4b72d9926f0ccf,"{""events"":[{""duration_tick"":4,""onset_tick"":0,""pitch"":66,""tie"":""none"",""voice_token"":""voice_bf2e2c""},{""duration_tick"":4,""onset_tick"":4,""pitch"":62,""tie"":""none"",""voice_token"":""voice_bf2e2c""},{""duration_tick"":4,""onset_tick"":8,""pitch"":66,""tie"":""none"",""voice_token"":""voice_bf2e2c""},{""duration_tick"":4,""onset_tick"":12,""pitch"":68,""tie"":""none"",""voice_token"":""voice_bf2e2c""},{""duration_tick"":4,""onset_tick"":16,""pitch"":66,""tie"":""none"",""voice_token"":""voice_bf2e2c""},{""duration_tick"":2,""onset_tick"":20,""pitch"":68,""tie"":""none"",""voice_token"":""voice_bf2e2c""}]}"
music_09ce2f39518ca8,"{""events"":[{""duration_tick"":4,""onset_tick"":0,""pitch"":76,""tie"":""none"",""voice_token"":""voice_755b18""},{""duration_tick"":4,""onset_tick"":4,""pitch"":74,""tie"":""none"",""voice_token"":""voice_755b18""},{""duration_tick"":4,""onset_tick"":8,""pitch"":74,""tie"":""none"",""voice_token"":""voice_755b18""},{""duration_tick"":4,""onset_tick"":12,""pitch"":74,""tie"":""none"",""voice_token"":""voice_755b18""},{""duration_tick"":4,""onset_tick"":16,""pitch"":73,""tie"":""none"",""voice_token"":""voice_755b18""},{""duration_tick"":4,""onset_tick"":20,""pitch"":73,""tie"":""none"",""voice_token"":""voice_755b18""},{""duration_tick"":4,""onset_tick"":24,""pitch"":74,""tie"":""none"",""voice_token"":""voice_755b18""}]}"
music_9765a2e4cc1f73,"{""events"":[{""duration_tick"":2,""onset_tick"":0,""pitch"":65,""tie"":""none"",""voice_token"":""voice_adeebf""},{""duration_tick"":2,""onset_tick"":2,""pitch"":65,""tie"":""none"",""voice_token"":""voice_adeebf""},{""duration_tick"":4,""onset_tick"":4,""pitch"":65,""tie"":""none"",""voice_token"":""voice_adeebf""},{""duration_tick"":2,""onset_tick"":8,""pitch"":60,""tie"":""none"",""voice_token"":""voice_adeebf""},{""duration_tick"":2,""onset_tick"":10,""pitch"":62,""tie"":""none"",""voice_token"":""voice_adeebf""}]}"
music_ec2f90898bd6f5,"{""events"":[{""duration_tick"":6,""onset_tick"":0,""pitch"":78,""tie"":""none"",""voice_token"":""voice_adeebf""},{""duration_tick"":6,""onset_tick"":6,""pitch"":78,""tie"":""none"",""voice_token"":""voice_adeebf""},{""duration_tick"":6,""onset_tick"":12,""pitch"":73,""tie"":""none"",""voice_token"":""voice_adeebf""},{""duration_tick"":4,""onset_tick"":18,""pitch"":-1,""tie"":""none"",""voice_token"":""voice_adeebf""}]}"
music_3b8a634d86f21a,"{""events"":[{""duration_tick"":2,""onset_tick"":0,""pitch"":57,""tie"":""none"",""voice_token"":""voice_bf2e2c""},{""duration_tick"":2,""onset_tick"":2,""pitch"":62,""tie"":""none"",""voice_token"":""voice_bf2e2c""},{""duration_tick"":2,""onset_tick"":4,""pitch"":62,""tie"":""none"",""voice_token"":""voice_bf2e2c""},{""duration_tick"":4,""onset_tick"":6,""pitch"":62,""tie"":""none"",""voice_token"":""voice_bf2e2c""},{""duration_tick"":4,""onset_tick"":10,""pitch"":62,""tie"":""none"",""voice_token"":""voice_bf2e2c""},{""duration_tick"":4,""onset_tick"":14,""pitch"":61,""tie"":""none"",""voice_token"":""voice_bf2e2c""}]}"
music_c9881745037c58,"{""events"":[{""duration_tick"":4,""onset_tick"":0,""pitch"":67,""tie"":""none"",""voice_token"":""voice_adeebf""},{""duration_tick"":12,""onset_tick"":4,""pitch"":67,""tie"":""none"",""voice_token"":""voice_adeebf""},{""duration_tick"":8,""onset_tick"":16,""pitch"":70,""tie"":""none"",""voice_token"":""voice_adeebf""},{""duration_tick"":4,""onset_tick"":24,""pitch"":70,""tie"":""none"",""voice_token"":""voice_adeebf""},{""duration_tick"":4,""onset_tick"":28,""pitch"":67,""tie"":""none"",""voice_token"":""voice_adeebf""},{""duration_tick"":4,""onset_tick"":32,""pitch"":66,""tie"":""none"",""voice_token"":""voice_adeebf""},{""duration_tick"":4,""onset_tick"":36,""pitch"":70,""tie"":""none"",""voice_token"":""voice_adeebf""}]}"
music_5802d978178228,"{""events"":[{""duration_tick"":4,""onset_tick"":0,""pitch"":69,""tie"":""none"",""voice_token"":""voice_bf2e2c""},{""duration_tick"":2,""onset_tick"":4,""pitch"":69,""tie"":""none"",""voice_token"":""voice_bf2e2c""},{""duration_tick"":4,""onset_tick"":6,""pitch"":74,""tie"":""none"",""voice_token"":""voice_bf2e2c""},{""duration_tick"":2,""onset_tick"":10,""pitch"":74,""tie"":""none"",""voice_token"":""voice_bf2e2c""},{""duration_tick"":3,""onset_tick"":12,""pitch"":74,""tie"":""none"",""voice_token"":""voice_bf2e2c""}]}"
music_2d65fbd855d267,"{""events"":[{""duration_tick"":2,""onset_tick"":0,""pitch"":70,""tie"":""none"",""voice_token"":""voice_adeebf""},{""duration_tick"":4,""onset_tick"":2,""pitch"":70,""tie"":""none"",""voice_token"":""voice_adeebf""},{""duration_tick"":2,""onset_tick"":6,""pitch"":68,""tie"":""none"",""voice_token"":""voice_adeebf""},{""duration_tick"":2,""onset_tick"":8,""pitch"":66,""tie"":""none"",""voice_token"":""voice_adeebf""},{""duration_tick"":4,""onset_tick"":10,""pitch"":66,""tie"":""none"",""voice_token"":""voice_adeebf""}]}"
music_feeb0993201539,"{""events"":[{""duration_tick"":1,""onset_tick"":0,""pitch"":65,""tie"":""none"",""voice_token"":""voice_bf2e2c""},{""duration_tick"":1,""onset_tick"":1,""pitch"":63,""tie"":""none"",""voice_token"":""voice_bf2e2c""},{""duration_tick"":1,""onset_tick"":2,""pitch"":67,""tie"":""none"",""voice_token"":""voice_bf2e2c""},{""duration_tick"":2,""onset_tick"":3,""pitch"":67,""tie"":""none"",""voice_token"":""voice_bf2e2c""},{""duration_tick"":2,""onset_tick"":5,""pitch"":67,""tie"":""none"",""voice_token"":""voice_bf2e2c""},{""duration_tick"":2,""onset_tick"":7,""pitch"":65,""tie"":""none"",""voice_token"":""voice_bf2e2c""}]}"
music_4595880625b192,"{""events"":[{""duration_tick"":4,""onset_tick"":0,""pitch"":67,""tie"":""none"",""voice_token"":""voice_adeebf""},{""duration_tick"":4,""onset_tick"":4,""pitch"":67,""tie"":""none"",""voice_token"":""voice_adeebf""},{""duration_tick"":4,""onset_tick"":8,""pitch"":67,""tie"":""none"",""voice_token"":""voice_adeebf""},{""duration_tick"":4,""onset_tick"":12,""pitch"":67,""tie"":""none"",""voice_token"":""voice_adeebf""},{""duration_tick"":4,""onset_tick"":16,""pitch"":-1,""tie"":""none"",""voice_token"":""voice_adeebf""},{""duration_tick"":4,""onset_tick"":20,""pitch"":-1,""tie"":""none"",""voice_token"":""voice_adeebf""},{""duration_tick"":12,""onset_tick"":24,""pitch"":-1,""tie"":""none"",""voice_token"":""voice_adeebf""}]}"
music_721474b6ae68c3,"{""events"":[{""duration_tick"":6,""onset_tick"":0,""pitch"":77,""tie"":""none"",""voice_token"":""voice_bf2e2c""},{""duration_tick"":4,""onset_tick"":6,""pitch"":76,""tie"":""none"",""voice_token"":""voice_bf2e2c""},{""duration_tick"":2,""onset_tick"":10,""pitch"":74,""tie"":""none"",""voice_token"":""voice_bf2e2c""},{""duration_tick"":4,""onset_tick"":12,""pitch"":72,""tie"":""none"",""voice_token"":""voice_bf2e2c""}]}"
music_6603c153df1097,"{""events"":[{""duration_tick"":4,""onset_tick"":0,""pitch"":70,""tie"":""none"",""voice_token"":""voice_adeebf""},{""duration_tick"":2,""onset_tick"":4,""pitch"":65,""tie"":""none"",""voice_token"":""voice_adeebf""},{""duration_tick"":4,""onset_tick"":6,""pitch"":62,""tie"":""none"",""voice_token"":""voice_adeebf""},{""duration_tick"":2,""onset_tick"":10,""pitch"":60,""tie"":""none"",""voice_token"":""voice_adeebf""}]}"
music_be2de497cee08a,"{""events"":[{""duration_tick"":2,""onset_tick"":0,""pitch"":71,""tie"":""none"",""voice_token"":""voice_7574bc""},{""duration_tick"":2,""onset_tick"":2,""pitch"":74,""tie"":""none"",""voice_token"":""voice_7574bc""},{""duration_tick"":4,""onset_tick"":4,""pitch"":71,""tie"":""none"",""voice_token"":""voice_7574bc""},{""duration_tick"":2,""onset_tick"":8,""pitch"":69,""tie"":""none"",""voice_token"":""voice_7574bc""},{""duration_tick"":2,""onset_tick"":10,""pitch"":74,""tie"":""none"",""voice_token"":""voice_7574bc""},{""duration_tick"":2,""onset_tick"":12,""pitch"":74,""tie"":""none"",""voice_token"":""voice_7574bc""},{""duration_tick"":2,""onset_tick"":14,""pitch"":72,""tie"":""none"",""voice_token"":""voice_7574bc""}]}"
music_cc14dc4b59cfc3,"{""events"":[{""duration_tick"":4,""onset_tick"":0,""pitch"":74,""tie"":""none"",""voice_token"":""voice_7574bc""},{""duration_tick"":4,""onset_tick"":4,""pitch"":69,""tie"":""none"",""voice_token"":""voice_7574bc""},{""duration_tick"":4,""onset_tick"":8,""pitch"":67,""tie"":""none"",""voice_token"":""voice_7574bc""},{""duration_tick"":2,""onset_tick"":12,""pitch"":67,""tie"":""none"",""voice_token"":""voice_7574bc""},{""duration_tick"":2,""onset_tick"":14,""pitch"":67,""tie"":""none"",""voice_token"":""voice_7574bc""},{""duration_tick"":4,""onset_tick"":16,""pitch"":71,""tie"":""none"",""voice_token"":""voice_7574bc""},{""duration_tick"":1,""onset_tick"":20,""pitch"":69,""tie"":""none"",""voice_token"":""voice_7574bc""}]}"
music_a25b2016ad3f6a,"{""events"":[{""duration_tick"":2,""onset_tick"":0,""pitch"":70,""tie"":""none"",""voice_token"":""voice_adeebf""},{""duration_tick"":3,""onset_tick"":2,""pitch"":70,""tie"":""none"",""voice_token"":""voice_adeebf""},{""duration_tick"":1,""onset_tick"":5,""pitch"":67,""tie"":""none"",""voice_token"":""voice_adeebf""},{""duration_tick"":3,""onset_tick"":6,""pitch"":65,""tie"":""none"",""voice_token"":""voice_adeebf""}]}"
music_d8bf222c17dca7,"{""events"":[{""duration_tick"":2,""onset_tick"":0,""pitch"":69,""tie"":""none"",""voice_token"":""voice_e81f41""},{""duration_tick"":3,""onset_tick"":2,""pitch"":69,""tie"":""none"",""voice_token"":""voice_e81f41""},{""duration_tick"":1,""onset_tick"":5,""pitch"":67,""tie"":""none"",""voice_token"":""voice_e81f41""},{""duration_tick"":2,""onset_tick"":6,""pitch"":69,""tie"":""none"",""voice_token"":""voice_e81f41""},{""duration_tick"":4,""onset_tick"":8,""pitch"":71,""tie"":""none"",""voice_token"":""voice_e81f41""},{""duration_tick"":2,""onset_tick"":12,""pitch"":67,""tie"":""none"",""voice_token"":""voice_e81f41""}]}"
music_7259c57215e46b,"{""events"":[{""duration_tick"":6,""onset_tick"":0,""pitch"":55,""tie"":""none"",""voice_token"":""voice_bdd9b1""},{""duration_tick"":2,""onset_tick"":6,""pitch"":59,""tie"":""none"",""voice_token"":""voice_bdd9b1""},{""duration_tick"":4,""onset_tick"":8,""pitch"":60,""tie"":""none"",""voice_token"":""voice_bdd9b1""},{""duration_tick"":4,""onset_tick"":12,""pitch"":64,""tie"":""none"",""voice_token"":""voice_bdd9b1""}]}"
music_882358fbcd3aae,"{""events"":[{""duration_tick"":4,""onset_tick"":0,""pitch"":71,""tie"":""none"",""voice_token"":""voice_bf2e2c""},{""duration_tick"":4,""onset_tick"":4,""pitch"":71,""tie"":""none"",""voice_token"":""voice_bf2e2c""},{""duration_tick"":4,""onset_tick"":8,""pitch"":71,""tie"":""none"",""voice_token"":""voice_bf2e2c""},{""duration_tick"":4,""onset_tick"":12,""pitch"":70,""tie"":""none"",""voice_token"":""voice_bf2e2c""},{""duration_tick"":3,""onset_tick"":16,""pitch"":70,""tie"":""none"",""voice_token"":""voice_bf2e2c""}]}"
music_7227b7b5a3f64a,"{""events"":[{""duration_tick"":2,""onset_tick"":0,""pitch"":72,""tie"":""none"",""voice_token"":""voice_0284f7""},{""duration_tick"":6,""onset_tick"":2,""pitch"":73,""tie"":""none"",""voice_token"":""voice_0284f7""},{""duration_tick"":2,""onset_tick"":8,""pitch"":70,""tie"":""none"",""voice_token"":""voice_0284f7""},{""duration_tick"":1,""onset_tick"":10,""pitch"":68,""tie"":""none"",""voice_token"":""voice_0284f7""},{""duration_tick"":1,""onset_tick"":11,""pitch"":67,""tie"":""none"",""voice_token"":""voice_0284f7""},{""duration_tick"":1,""onset_tick"":12,""pitch"":67,""tie"":""none"",""voice_token"":""voice_0284f7""}]}"
music_99c72843b9fe1e,"{""events"":[{""duration_tick"":1,""onset_tick"":0,""pitch"":67,""tie"":""none"",""voice_token"":""voice_adeebf""},{""duration_tick"":4,""onset_tick"":1,""pitch"":71,""tie"":""none"",""voice_token"":""voice_adeebf""},{""duration_tick"":4,""onset_tick"":5,""pitch"":70,""tie"":""none"",""voice_token"":""voice_adeebf""},{""duration_tick"":2,""onset_tick"":9,""pitch"":69,""tie"":""none"",""voice_token"":""voice_adeebf""},{""duration_tick"":1,""onset_tick"":11,""pitch"":69,""tie"":""none"",""voice_token"":""voice_adeebf""}]}"
music_6b9a933be7140b,"{""events"":[{""duration_tick"":1,""onset_tick"":0,""pitch"":69,""tie"":""none"",""voice_token"":""voice_e81f41""},{""duration_tick"":1,""onset_tick"":1,""pitch"":70,""tie"":""none"",""voice_token"":""voice_e81f41""},{""duration_tick"":2,""onset_tick"":2,""pitch"":70,""tie"":""none"",""voice_token"":""voice_e81f41""},{""duration_tick"":1,""onset_tick"":4,""pitch"":70,""tie"":""none"",""voice_token"":""voice_e81f41""},{""duration_tick"":1,""onset_tick"":5,""pitch"":79,""tie"":""none"",""voice_token"":""voice_e81f41""},{""duration_tick"":1,""onset_tick"":6,""pitch"":77,""tie"":""none"",""voice_token"":""voice_e81f41""},{""duration_tick"":1,""onset_tick"":7,""pitch"":75,""tie"":""none"",""voice_token"":""voice_e81f41""}]}"
music_27e374a92c621b,"{""events"":[{""duration_tick"":7,""onset_tick"":0,""pitch"":69,""tie"":""stop"",""voice_token"":""voice_0284f7""},{""duration_tick"":20,""onset_tick"":7,""pitch"":67,""tie"":""none"",""voice_token"":""voice_0284f7""},{""duration_tick"":20,""onset_tick"":27,""pitch"":-1,""tie"":""none"",""voice_token"":""voice_0284f7""},{""duration_tick"":20,""onset_tick"":47,""pitch"":-1,""tie"":""none"",""voice_token"":""voice_0284f7""},{""duration_tick"":5,""onset_tick"":67,""pitch"":-1,""tie"":""none"",""voice_token"":""voice_0284f7""}]}"
music_1bee539b2b78a5,"{""events"":[{""duration_tick"":2,""onset_tick"":0,""pitch"":66,""tie"":""none"",""voice_token"":""voice_e88425""},{""duration_tick"":2,""onset_tick"":2,""pitch"":66,""tie"":""none"",""voice_token"":""voice_e88425""},{""duration_tick"":2,""onset_tick"":4,""pitch"":63,""tie"":""none"",""voice_token"":""voice_e88425""},{""duration_tick"":2,""onset_tick"":6,""pitch"":68,""tie"":""none"",""voice_token"":""voice_e88425""},{""duration_tick"":2,""onset_tick"":8,""pitch"":68,""tie"":""none"",""voice_token"":""voice_e88425""},{""duration_tick"":2,""onset_tick"":10,""pitch"":68,""tie"":""none"",""voice_token"":""voice_e88425""}]}"
music_2881721a4c78f7,"{""events"":[{""duration_tick"":2,""onset_tick"":0,""pitch"":73,""tie"":""none"",""voice_token"":""voice_bf2e2c""},{""duration_tick"":2,""onset_tick"":2,""pitch"":73,""tie"":""none"",""voice_token"":""voice_bf2e2c""},{""duration_tick"":2,""onset_tick"":4,""pitch"":71,""tie"":""none"",""voice_token"":""voice_bf2e2c""},{""duration_tick"":2,""onset_tick"":6,""pitch"":71,""tie"":""none"",""voice_token"":""voice_bf2e2c""},{""duration_tick"":4,""onset_tick"":8,""pitch"":74,""tie"":""none"",""voice_token"":""voice_bf2e2c""},{""duration_tick"":2,""onset_tick"":12,""pitch"":74,""tie"":""none"",""voice_token"":""voice_bf2e2c""},{""duration_tick"":2,""onset_tick"":14,""pitch"":71,""tie"":""start"",""voice_token"":""voice_bf2e2c""}]}"
music_d40d19282e5f9c,"{""events"":[{""duration_tick"":2,""onset_tick"":0,""pitch"":73,""tie"":""none"",""voice_token"":""voice_0331f8""},{""duration_tick"":4,""onset_tick"":2,""pitch"":71,""tie"":""none"",""voice_token"":""voice_0331f8""},{""duration_tick"":2,""onset_tick"":6,""pitch"":71,""tie"":""none"",""voice_token"":""voice_0331f8""},{""duration_tick"":2,""onset_tick"":8,""pitch"":71,""tie"":""none"",""voice_token"":""voice_0331f8""},{""duration_tick"":2,""onset_tick"":10,""pitch"":73,""tie"":""none"",""voice_token"":""voice_0331f8""}]}"
music_78bb9817647680,"{""events"":[{""duration_tick"":12,""onset_tick"":0,""pitch"":62,""tie"":""none"",""voice_token"":""voice_0331f8""},{""duration_tick"":4,""onset_tick"":12,""pitch"":-1,""tie"":""none"",""voice_token"":""voice_0331f8""},{""duration_tick"":4,""onset_tick"":16,""pitch"":-1,""tie"":""none"",""voice_token"":""voice_0331f8""},{""duration_tick"":2,""onset_tick"":20,""pitch"":72,""tie"":""none"",""voice_token"":""voice_0331f8""}]}"
music_7121e9da4b4579,"{""events"":[{""duration_tick"":2,""onset_tick"":0,""pitch"":75,""tie"":""none"",""voice_token"":""voice_0331f8""},{""duration_tick"":2,""onset_tick"":2,""pitch"":72,""tie"":""none"",""voice_token"":""voice_0331f8""},{""duration_tick"":4,""onset_tick"":4,""pitch"":73,""tie"":""none"",""voice_token"":""voice_0331f8""},{""duration_tick"":4,""onset_tick"":8,""pitch"":74,""tie"":""none"",""voice_token"":""voice_0331f8""},{""duration_tick"":2,""onset_tick"":12,""pitch"":71,""tie"":""none"",""voice_token"":""voice_0331f8""},{""duration_tick"":2,""onset_tick"":14,""pitch"":71,""tie"":""start"",""voice_token"":""voice_0331f8""}]}"
music_56a42028b136fe,"{""events"":[{""duration_tick"":2,""onset_tick"":0,""pitch"":69,""tie"":""none"",""voice_token"":""voice_bf2e2c""},{""duration_tick"":2,""onset_tick"":2,""pitch"":70,""tie"":""none"",""voice_token"":""voice_bf2e2c""},{""duration_tick"":2,""onset_tick"":4,""pitch"":70,""tie"":""none"",""voice_token"":""voice_bf2e2c""},{""duration_tick"":4,""onset_tick"":6,""pitch"":72,""tie"":""none"",""voice_token"":""voice_bf2e2c""}]}"
music_6c93b4573df992,"{""events"":[{""duration_tick"":2,""onset_tick"":0,""pitch"":-1,""tie"":""none"",""voice_token"":""voice_0284f7""},{""duration_tick"":2,""onset_tick"":2,""pitch"":72,""tie"":""none"",""voice_token"":""voice_0284f7""},{""duration_tick"":2,""onset_tick"":4,""pitch"":72,""tie"":""none"",""voice_token"":""voice_0284f7""},{""duration_tick"":4,""onset_tick"":6,""pitch"":71,""tie"":""none"",""voice_token"":""voice_0284f7""},{""duration_tick"":4,""onset_tick"":10,""pitch"":71,""tie"":""none"",""voice_token"":""voice_0284f7""},{""duration_tick"":4,""onset_tick"":14,""pitch"":69,""tie"":""none"",""voice_token"":""voice_0284f7""}]}"
music_8b215cbeac0368,"{""events"":[{""duration_tick"":2,""onset_tick"":0,""pitch"":67,""tie"":""none"",""voice_token"":""voice_0284f7""},{""duration_tick"":2,""onset_tick"":2,""pitch"":70,""tie"":""none"",""voice_token"":""voice_0284f7""},{""duration_tick"":2,""onset_tick"":4,""pitch"":75,""tie"":""none"",""voice_token"":""voice_0284f7""},{""duration_tick"":12,""onset_tick"":6,""pitch"":75,""tie"":""none"",""voice_token"":""voice_0284f7""},{""duration_tick"":2,""onset_tick"":18,""pitch"":73,""tie"":""none"",""voice_token"":""voice_0284f7""},{""duration_tick"":2,""onset_tick"":20,""pitch"":72,""tie"":""none"",""voice_token"":""voice_0284f7""}]}"
music_f57166433a0af7,"{""events"":[{""duration_tick"":2,""onset_tick"":0,""pitch"":71,""tie"":""none"",""voice_token"":""voice_0331f8""},{""duration_tick"":6,""onset_tick"":2,""pitch"":73,""tie"":""none"",""voice_token"":""voice_0331f8""},{""duration_tick"":4,""onset_tick"":8,""pitch"":-1,""tie"":""none"",""voice_token"":""voice_0331f8""},{""duration_tick"":2,""onset_tick"":12,""pitch"":-1,""tie"":""none"",""voice_token"":""voice_0331f8""},{""duration_tick"":2,""onset_tick"":14,""pitch"":73,""tie"":""none"",""voice_token"":""voice_0331f8""},{""duration_tick"":2,""onset_tick"":16,""pitch"":73,""tie"":""none"",""voice_token"":""voice_0331f8""},{""duration_tick"":2,""onset_tick"":18,""pitch"":73,""tie"":""none"",""voice_token"":""voice_0331f8""}]}"
music_618656197a0c38,"{""events"":[{""duration_tick"":2,""onset_tick"":0,""pitch"":74,""tie"":""none"",""voice_token"":""voice_bf2e2c""},{""duration_tick"":2,""onset_tick"":2,""pitch"":72,""tie"":""none"",""voice_token"":""voice_bf2e2c""},{""duration_tick"":2,""onset_tick"":4,""pitch"":70,""tie"":""none"",""voice_token"":""voice_bf2e2c""},{""duration_tick"":2,""onset_tick"":6,""pitch"":70,""tie"":""none"",""voice_token"":""voice_bf2e2c""},{""duration_tick"":2,""onset_tick"":8,""pitch"":70,""tie"":""none"",""voice_token"":""voice_bf2e2c""},{""duration_tick"":4,""onset_tick"":10,""pitch"":69,""tie"":""none"",""voice_token"":""voice_bf2e2c""},{""duration_tick"":2,""onset_tick"":14,""pitch"":67,""tie"":""none"",""voice_token"":""voice_bf2e2c""}]}"
music_ee0e068e297bd1,"{""events"":[{""duration_tick"":2,""onset_tick"":0,""pitch"":68,""tie"":""none"",""voice_token"":""voice_adeebf""},{""duration_tick"":2,""onset_tick"":2,""pitch"":68,""tie"":""none"",""voice_token"":""voice_adeebf""},{""duration_tick"":2,""onset_tick"":4,""pitch"":66,""tie"":""none"",""voice_token"":""voice_adeebf""},{""duration_tick"":2,""onset_tick"":6,""pitch"":64,""tie"":""none"",""voice_token"":""voice_adeebf""},{""duration_tick"":1,""onset_tick"":8,""pitch"":66,""tie"":""none"",""voice_token"":""voice_adeebf""},{""duration_tick"":1,""onset_tick"":9,""pitch"":66,""tie"":""none"",""voice_token"":""voice_adeebf""}]}"
music_69ab312fda0e55,"{""events"":[{""duration_tick"":2,""onset_tick"":0,""pitch"":70,""tie"":""none"",""voice_token"":""voice_adeebf""},{""duration_tick"":4,""onset_tick"":2,""pitch"":70,""tie"":""none"",""voice_token"":""voice_adeebf""},{""duration_tick"":4,""onset_tick"":6,""pitch"":63,""tie"":""none"",""voice_token"":""voice_adeebf""},{""duration_tick"":4,""onset_tick"":10,""pitch"":65,""tie"":""none"",""voice_token"":""voice_adeebf""},{""duration_tick"":4,""onset_tick"":14,""pitch"":67,""tie"":""none"",""voice_token"":""voice_adeebf""},{""duration_tick"":4,""onset_tick"":18,""pitch"":68,""tie"":""none"",""voice_token"":""voice_adeebf""}]}"
music_17143252b0bc6f,"{""events"":[{""duration_tick"":1,""onset_tick"":0,""pitch"":70,""tie"":""none"",""voice_token"":""voice_0331f8""},{""duration_tick"":1,""onset_tick"":1,""pitch"":70,""tie"":""none"",""voice_token"":""voice_0331f8""},{""duration_tick"":1,""onset_tick"":2,""pitch"":70,""tie"":""none"",""voice_token"":""voice_0331f8""},{""duration_tick"":1,""onset_tick"":3,""pitch"":70,""tie"":""none"",""voice_token"":""voice_0331f8""},{""duration_tick"":3,""onset_tick"":4,""pitch"":70,""tie"":""none"",""voice_token"":""voice_0331f8""}]}"
music_74fc339722a1a8,"{""events"":[{""duration_tick"":4,""onset_tick"":0,""pitch"":-1,""tie"":""none"",""voice_token"":""voice_bf2e2c""},{""duration_tick"":4,""onset_tick"":4,""pitch"":66,""tie"":""none"",""voice_token"":""voice_bf2e2c""},{""duration_tick"":4,""onset_tick"":8,""pitch"":66,""tie"":""none"",""voice_token"":""voice_bf2e2c""},{""duration_tick"":4,""onset_tick"":12,""pitch"":67,""tie"":""none"",""voice_token"":""voice_bf2e2c""},{""duration_tick"":4,""onset_tick"":16,""pitch"":69,""tie"":""none"",""voice_token"":""voice_bf2e2c""},{""duration_tick"":4,""onset_tick"":20,""pitch"":-1,""tie"":""none"",""voice_token"":""voice_bf2e2c""},{""duration_tick"":4,""onset_tick"":24,""pitch"":-1,""tie"":""none"",""voice_token"":""voice_bf2e2c""}]}"
music_c0a9bb9be87318,"{""events"":[{""duration_tick"":8,""onset_tick"":0,""pitch"":-1,""tie"":""none"",""voice_token"":""voice_bf2e2c""},{""duration_tick"":4,""onset_tick"":8,""pitch"":-1,""tie"":""none"",""voice_token"":""voice_bf2e2c""},{""duration_tick"":2,""onset_tick"":12,""pitch"":-1,""tie"":""none"",""voice_token"":""voice_bf2e2c""},{""duration_tick"":6,""onset_tick"":14,""pitch"":-1,""tie"":""none"",""voice_token"":""voice_bf2e2c""},{""duration_tick"":2,""onset_tick"":20,""pitch"":64,""tie"":""none"",""voice_token"":""voice_bf2e2c""},{""duration_tick"":2,""onset_tick"":22,""pitch"":64,""tie"":""none"",""voice_token"":""voice_bf2e2c""},{""duration_tick"":2,""onset_tick"":24,""pitch"":64,""tie"":""none"",""voice_token"":""voice_bf2e2c""}]}"
music_6e14af5dbbdc9c,"{""events"":[{""duration_tick"":4,""onset_tick"":0,""pitch"":73,""tie"":""none"",""voice_token"":""voice_adeebf""},{""duration_tick"":4,""onset_tick"":4,""pitch"":71,""tie"":""none"",""voice_token"":""voice_adeebf""},{""duration_tick"":4,""onset_tick"":8,""pitch"":71,""tie"":""none"",""voice_token"":""voice_adeebf""},{""duration_tick"":2,""onset_tick"":12,""pitch"":68,""tie"":""none"",""voice_token"":""voice_adeebf""},{""duration_tick"":2,""onset_tick"":14,""pitch"":66,""tie"":""none"",""voice_token"":""voice_adeebf""}]}"
music_574d6f1bd0406c,"{""events"":[{""duration_tick"":1,""onset_tick"":0,""pitch"":73,""tie"":""none"",""voice_token"":""voice_adeebf""},{""duration_tick"":4,""onset_tick"":1,""pitch"":73,""tie"":""none"",""voice_token"":""voice_adeebf""},{""duration_tick"":2,""onset_tick"":5,""pitch"":73,""tie"":""none"",""voice_token"":""voice_adeebf""},{""duration_tick"":2,""onset_tick"":7,""pitch"":73,""tie"":""none"",""voice_token"":""voice_adeebf""},{""duration_tick"":4,""onset_tick"":9,""pitch"":73,""tie"":""none"",""voice_token"":""voice_adeebf""}]}"
music_1da90281c873fe,"{""events"":[{""duration_tick"":4,""onset_tick"":0,""pitch"":54,""tie"":""none"",""voice_token"":""voice_e41d18""},{""duration_tick"":1,""onset_tick"":4,""pitch"":52,""tie"":""none"",""voice_token"":""voice_e41d18""},{""duration_tick"":1,""onset_tick"":5,""pitch"":54,""tie"":""none"",""voice_token"":""voice_e41d18""},{""duration_tick"":1,""onset_tick"":6,""pitch"":58,""tie"":""none"",""voice_token"":""voice_e41d18""},{""duration_tick"":1,""onset_tick"":7,""pitch"":54,""tie"":""none"",""voice_token"":""voice_e41d18""}]}"
music_14dd3f0ca150dc,"{""events"":[{""duration_tick"":6,""onset_tick"":0,""pitch"":77,""tie"":""none"",""voice_token"":""voice_adeebf""},{""duration_tick"":2,""onset_tick"":6,""pitch"":76,""tie"":""none"",""voice_token"":""voice_adeebf""},{""duration_tick"":2,""onset_tick"":8,""pitch"":74,""tie"":""none"",""voice_token"":""voice_adeebf""},{""duration_tick"":16,""onset_tick"":10,""pitch"":77,""tie"":""none"",""voice_token"":""voice_adeebf""}]}"
music_3f1ded64e4c959,"{""events"":[{""duration_tick"":4,""onset_tick"":0,""pitch"":70,""tie"":""none"",""voice_token"":""voice_adeebf""},{""duration_tick"":4,""onset_tick"":4,""pitch"":68,""tie"":""none"",""voice_token"":""voice_adeebf""},{""duration_tick"":2,""onset_tick"":8,""pitch"":68,""tie"":""none"",""voice_token"":""voice_adeebf""},{""duration_tick"":2,""onset_tick"":10,""pitch"":68,""tie"":""none"",""voice_token"":""voice_adeebf""},{""duration_tick"":4,""onset_tick"":12,""pitch"":68,""tie"":""none"",""voice_token"":""voice_adeebf""}]}"
music_8d4aaf6e5f551d,"{""events"":[{""duration_tick"":2,""onset_tick"":0,""pitch"":71,""tie"":""none"",""voice_token"":""voice_0331f8""},{""duration_tick"":2,""onset_tick"":2,""pitch"":71,""tie"":""none"",""voice_token"":""voice_0331f8""},{""duration_tick"":8,""onset_tick"":4,""pitch"":72,""tie"":""none"",""voice_token"":""voice_0331f8""},{""duration_tick"":4,""onset_tick"":12,""pitch"":72,""tie"":""none"",""voice_token"":""voice_0331f8""},{""duration_tick"":4,""onset_tick"":16,""pitch"":73,""tie"":""none"",""voice_token"":""voice_0331f8""},{""duration_tick"":4,""onset_tick"":20,""pitch"":73,""tie"":""none"",""voice_token"":""voice_0331f8""},{""duration_tick"":2,""onset_tick"":24,""pitch"":73,""tie"":""none"",""voice_token"":""voice_0331f8""}]}"
music_b460ef972b16d8,"{""events"":[{""duration_tick"":4,""onset_tick"":0,""pitch"":66,""tie"":""none"",""voice_token"":""voice_bf2e2c""},{""duration_tick"":2,""onset_tick"":4,""pitch"":67,""tie"":""none"",""voice_token"":""voice_bf2e2c""},{""duration_tick"":2,""onset_tick"":6,""pitch"":67,""tie"":""none"",""voice_token"":""voice_bf2e2c""},{""duration_tick"":4,""onset_tick"":8,""pitch"":67,""tie"":""none"",""voice_token"":""voice_bf2e2c""},{""duration_tick"":1,""onset_tick"":12,""pitch"":67,""tie"":""none"",""voice_token"":""voice_bf2e2c""},{""duration_tick"":1,""onset_tick"":13,""pitch"":71,""tie"":""none"",""voice_token"":""voice_bf2e2c""}]}"
music_af83ff8c144c11,"{""events"":[{""duration_tick"":4,""onset_tick"":0,""pitch"":66,""tie"":""none"",""voice_token"":""voice_bf2e2c""},{""duration_tick"":4,""onset_tick"":4,""pitch"":66,""tie"":""none"",""voice_token"":""voice_bf2e2c""},{""duration_tick"":4,""onset_tick"":8,""pitch"":64,""tie"":""none"",""voice_token"":""voice_bf2e2c""},{""duration_tick"":4,""onset_tick"":12,""pitch"":66,""tie"":""none"",""voice_token"":""voice_bf2e2c""},{""duration_tick"":8,""onset_tick"":16,""pitch"":66,""tie"":""none"",""voice_token"":""voice_bf2e2c""},{""duration_tick"":8,""onset_tick"":24,""pitch"":68,""tie"":""none"",""voice_token"":""voice_bf2e2c""}]}"
music_4d308bbb460f26,"{""events"":[{""duration_tick"":2,""onset_tick"":0,""pitch"":-1,""tie"":""none"",""voice_token"":""voice_adeebf""},{""duration_tick"":2,""onset_tick"":2,""pitch"":62,""tie"":""none"",""voice_token"":""voice_adeebf""},{""duration_tick"":2,""onset_tick"":4,""pitch"":64,""tie"":""none"",""voice_token"":""voice_adeebf""},{""duration_tick"":2,""onset_tick"":6,""pitch"":63,""tie"":""none"",""voice_token"":""voice_adeebf""},{""duration_tick"":1,""onset_tick"":8,""pitch"":64,""tie"":""none"",""voice_token"":""voice_adeebf""}]}"
music_2ee72e1f9e8e52,"{""events"":[{""duration_tick"":4,""onset_tick"":0,""pitch"":-1,""tie"":""none"",""voice_token"":""voice_0331f8""},{""duration_tick"":2,""onset_tick"":4,""pitch"":74,""tie"":""none"",""voice_token"":""voice_0331f8""},{""duration_tick"":2,""onset_tick"":6,""pitch"":74,""tie"":""none"",""voice_token"":""voice_0331f8""},{""duration_tick"":2,""onset_tick"":8,""pitch"":75,""tie"":""none"",""voice_token"":""voice_0331f8""},{""duration_tick"":2,""onset_tick"":10,""pitch"":75,""tie"":""none"",""voice_token"":""voice_0331f8""}]}"
music_98ea7f397ea1a9,"{""events"":[{""duration_tick"":1,""onset_tick"":0,""pitch"":69,""tie"":""none"",""voice_token"":""voice_adeebf""},{""duration_tick"":3,""onset_tick"":1,""pitch"":67,""tie"":""none"",""voice_token"":""voice_adeebf""},{""duration_tick"":1,""onset_tick"":4,""pitch"":65,""tie"":""none"",""voice_token"":""voice_adeebf""},{""duration_tick"":3,""onset_tick"":5,""pitch"":62,""tie"":""none"",""voice_token"":""voice_adeebf""},{""duration_tick"":1,""onset_tick"":8,""pitch"":65,""tie"":""none"",""voice_token"":""voice_adeebf""},{""duration_tick"":3,""onset_tick"":9,""pitch"":67,""tie"":""none"",""voice_token"":""voice_adeebf""},{""duration_tick"":1,""onset_tick"":12,""pitch"":64,""tie"":""none"",""voice_token"":""voice_adeebf""}]}"
music_5ce308d5a6a9d2,"{""events"":[{""duration_tick"":2,""onset_tick"":0,""pitch"":70,""tie"":""none"",""voice_token"":""voice_adeebf""},{""duration_tick"":2,""onset_tick"":2,""pitch"":70,""tie"":""none"",""voice_token"":""voice_adeebf""},{""duration_tick"":6,""onset_tick"":4,""pitch"":70,""tie"":""none"",""voice_token"":""voice_adeebf""},{""duration_tick"":2,""onset_tick"":10,""pitch"":70,""tie"":""none"",""voice_token"":""voice_adeebf""},{""duration_tick"":2,""onset_tick"":12,""pitch"":70,""tie"":""none"",""voice_token"":""voice_adeebf""},{""duration_tick"":2,""onset_tick"":14,""pitch"":70,""tie"":""none"",""voice_token"":""voice_adeebf""},{""duration_tick"":2,""onset_tick"":16,""pitch"":70,""tie"":""none"",""voice_token"":""voice_adeebf""}]}"
music_202eed177ae850,"{""events"":[{""duration_tick"":4,""onset_tick"":0,""pitch"":69,""tie"":""none"",""voice_token"":""voice_adeebf""},{""duration_tick"":4,""onset_tick"":4,""pitch"":65,""tie"":""none"",""voice_token"":""voice_adeebf""},{""duration_tick"":4,""onset_tick"":8,""pitch"":65,""tie"":""none"",""voice_token"":""voice_adeebf""},{""duration_tick"":2,""onset_tick"":12,""pitch"":65,""tie"":""none"",""voice_token"":""voice_adeebf""},{""duration_tick"":2,""onset_tick"":14,""pitch"":65,""tie"":""none"",""voice_token"":""voice_adeebf""},{""duration_tick"":6,""onset_tick"":16,""pitch"":60,""tie"":""none"",""voice_token"":""voice_adeebf""},{""duration_tick"":2,""onset_tick"":22,""pitch"":60,""tie"":""start"",""voice_token"":""voice_adeebf""}]}"
music_fbb6a7ce2dc349,"{""events"":[{""duration_tick"":6,""onset_tick"":0,""pitch"":72,""tie"":""none"",""voice_token"":""voice_adeebf""},{""duration_tick"":2,""onset_tick"":6,""pitch"":74,""tie"":""none"",""voice_token"":""voice_adeebf""},{""duration_tick"":2,""onset_tick"":8,""pitch"":71,""tie"":""none"",""voice_token"":""voice_adeebf""},{""duration_tick"":2,""onset_tick"":10,""pitch"":74,""tie"":""none"",""voice_token"":""voice_adeebf""}]}"
music_101786cb49903d,"{""events"":[{""duration_tick"":2,""onset_tick"":0,""pitch"":75,""tie"":""none"",""voice_token"":""voice_bf2e2c""},{""duration_tick"":2,""onset_tick"":2,""pitch"":75,""tie"":""none"",""voice_token"":""voice_bf2e2c""},{""duration_tick"":2,""onset_tick"":4,""pitch"":75,""tie"":""none"",""voice_token"":""voice_bf2e2c""},{""duration_tick"":4,""onset_tick"":6,""pitch"":75,""tie"":""none"",""voice_token"":""voice_bf2e2c""},{""duration_tick"":2,""onset_tick"":10,""pitch"":75,""tie"":""none"",""voice_token"":""voice_bf2e2c""},{""duration_tick"":2,""onset_tick"":12,""pitch"":75,""tie"":""none"",""voice_token"":""voice_bf2e2c""},{""duration_tick"":4,""onset_tick"":14,""pitch"":76,""tie"":""none"",""voice_token"":""voice_bf2e2c""}]}"
music_d84352ea1bc014,"{""events"":[{""duration_tick"":2,""onset_tick"":0,""pitch"":76,""tie"":""none"",""voice_token"":""voice_0331f8""},{""duration_tick"":12,""onset_tick"":2,""pitch"":72,""tie"":""none"",""voice_token"":""voice_0331f8""},{""duration_tick"":8,""onset_tick"":14,""pitch"":72,""tie"":""none"",""voice_token"":""voice_0331f8""},{""duration_tick"":2,""onset_tick"":22,""pitch"":-1,""tie"":""none"",""voice_token"":""voice_0331f8""}]}"
music_9ba40817d8d958,"{""events"":[{""duration_tick"":4,""onset_tick"":0,""pitch"":68,""tie"":""stop"",""voice_token"":""voice_0284f7""},{""duration_tick"":2,""onset_tick"":4,""pitch"":68,""tie"":""none"",""voice_token"":""voice_0284f7""},{""duration_tick"":2,""onset_tick"":6,""pitch"":68,""tie"":""none"",""voice_token"":""voice_0284f7""},{""duration_tick"":2,""onset_tick"":8,""pitch"":68,""tie"":""none"",""voice_token"":""voice_0284f7""},{""duration_tick"":2,""onset_tick"":10,""pitch"":68,""tie"":""none"",""voice_token"":""voice_0284f7""}]}"
music_1eaa623d96e6e7,"{""events"":[{""duration_tick"":1,""onset_tick"":0,""pitch"":71,""tie"":""none"",""voice_token"":""voice_adeebf""},{""duration_tick"":1,""onset_tick"":1,""pitch"":70,""tie"":""none"",""voice_token"":""voice_adeebf""},{""duration_tick"":1,""onset_tick"":2,""pitch"":65,""tie"":""none"",""voice_token"":""voice_adeebf""},{""duration_tick"":2,""onset_tick"":3,""pitch"":65,""tie"":""none"",""voice_token"":""voice_adeebf""}]}"
music_8cb246d436a5b1,"{""events"":[{""duration_tick"":2,""onset_tick"":0,""pitch"":-1,""tie"":""none"",""voice_token"":""voice_bf2e2c""},{""duration_tick"":2,""onset_tick"":2,""pitch"":68,""tie"":""none"",""voice_token"":""voice_bf2e2c""},{""duration_tick"":3,""onset_tick"":4,""pitch"":77,""tie"":""none"",""voice_token"":""voice_bf2e2c""},{""duration_tick"":1,""onset_tick"":7,""pitch"":75,""tie"":""none"",""voice_token"":""voice_bf2e2c""},{""duration_tick"":2,""onset_tick"":8,""pitch"":73,""tie"":""none"",""voice_token"":""voice_bf2e2c""},{""duration_tick"":2,""onset_tick"":10,""pitch"":77,""tie"":""none"",""voice_token"":""voice_bf2e2c""},{""duration_tick"":2,""onset_tick"":12,""pitch"":75,""tie"":""none"",""voice_token"":""voice_bf2e2c""}]}"
music_55073b15f912c8,"{""events"":[{""duration_tick"":2,""onset_tick"":0,""pitch"":75,""tie"":""none"",""voice_token"":""voice_adeebf""},{""duration_tick"":2,""onset_tick"":2,""pitch"":70,""tie"":""none"",""voice_token"":""voice_adeebf""},{""duration_tick"":4,""onset_tick"":4,""pitch"":68,""tie"":""none"",""voice_token"":""voice_adeebf""},{""duration_tick"":4,""onset_tick"":8,""pitch"":68,""tie"":""none"",""voice_token"":""voice_adeebf""},{""duration_tick"":2,""onset_tick"":12,""pitch"":66,""tie"":""none"",""voice_token"":""voice_adeebf""}]}"
music_4c85ad08e1b13d,"{""events"":[{""duration_tick"":2,""onset_tick"":0,""pitch"":-1,""tie"":""none"",""voice_token"":""voice_0331f8""},{""duration_tick"":1,""onset_tick"":2,""pitch"":74,""tie"":""none"",""voice_token"":""voice_0331f8""},{""duration_tick"":2,""onset_tick"":3,""pitch"":68,""tie"":""none"",""voice_token"":""voice_0331f8""},{""duration_tick"":1,""onset_tick"":5,""pitch"":65,""tie"":""none"",""voice_token"":""voice_0331f8""}]}"
music_5d4f4108e21984,"{""events"":[{""duration_tick"":1,""onset_tick"":0,""pitch"":72,""tie"":""none"",""voice_token"":""voice_385a97""},{""duration_tick"":1,""onset_tick"":1,""pitch"":71,""tie"":""none"",""voice_token"":""voice_385a97""},{""duration_tick"":1,""onset_tick"":2,""pitch"":69,""tie"":""none"",""voice_token"":""voice_385a97""},{""duration_tick"":1,""onset_tick"":3,""pitch"":73,""tie"":""none"",""voice_token"":""voice_385a97""},{""duration_tick"":1,""onset_tick"":4,""pitch"":72,""tie"":""none"",""voice_token"":""voice_385a97""}]}"
music_39c790f6bcb44a,"{""events"":[{""duration_tick"":4,""onset_tick"":0,""pitch"":64,""tie"":""none"",""voice_token"":""voice_bf2e2c""},{""duration_tick"":4,""onset_tick"":4,""pitch"":69,""tie"":""none"",""voice_token"":""voice_bf2e2c""},{""duration_tick"":2,""onset_tick"":8,""pitch"":69,""tie"":""none"",""voice_token"":""voice_bf2e2c""},{""duration_tick"":2,""onset_tick"":10,""pitch"":-1,""tie"":""none"",""voice_token"":""voice_bf2e2c""},{""duration_tick"":2,""onset_tick"":12,""pitch"":-1,""tie"":""none"",""voice_token"":""voice_bf2e2c""},{""duration_tick"":2,""onset_tick"":14,""pitch"":-1,""tie"":""none"",""voice_token"":""voice_bf2e2c""},{""duration_tick"":3,""onset_tick"":16,""pitch"":76,""tie"":""none"",""voice_token"":""voice_bf2e2c""}]}"
music_bcba169711d111,"{""events"":[{""duration_tick"":2,""onset_tick"":0,""pitch"":74,""tie"":""none"",""voice_token"":""voice_0284f7""},{""duration_tick"":2,""onset_tick"":2,""pitch"":72,""tie"":""none"",""voice_token"":""voice_0284f7""},{""duration_tick"":6,""onset_tick"":4,""pitch"":75,""tie"":""none"",""voice_token"":""voice_0284f7""},{""duration_tick"":2,""onset_tick"":10,""pitch"":77,""tie"":""none"",""voice_token"":""voice_0284f7""},{""duration_tick"":2,""onset_tick"":12,""pitch"":75,""tie"":""none"",""voice_token"":""voice_0284f7""},{""duration_tick"":2,""onset_tick"":14,""pitch"":72,""tie"":""none"",""voice_token"":""voice_0284f7""}]}"
music_e9acfa79c3a040,"{""events"":[{""duration_tick"":4,""onset_tick"":0,""pitch"":68,""tie"":""none"",""voice_token"":""voice_adeebf""},{""duration_tick"":4,""onset_tick"":4,""pitch"":65,""tie"":""none"",""voice_token"":""voice_adeebf""},{""duration_tick"":8,""onset_tick"":8,""pitch"":63,""tie"":""none"",""voice_token"":""voice_adeebf""},{""duration_tick"":4,""onset_tick"":16,""pitch"":-1,""tie"":""none"",""voice_token"":""voice_adeebf""},{""duration_tick"":12,""onset_tick"":20,""pitch"":-1,""tie"":""none"",""voice_token"":""voice_adeebf""},{""duration_tick"":12,""onset_tick"":32,""pitch"":-1,""tie"":""none"",""voice_token"":""voice_adeebf""}]}"
music_1aae62bf11cd6a,"{""events"":[{""duration_tick"":2,""onset_tick"":0,""pitch"":68,""tie"":""none"",""voice_token"":""voice_adeebf""},{""duration_tick"":2,""onset_tick"":2,""pitch"":68,""tie"":""none"",""voice_token"":""voice_adeebf""},{""duration_tick"":2,""onset_tick"":4,""pitch"":68,""tie"":""none"",""voice_token"":""voice_adeebf""},{""duration_tick"":2,""onset_tick"":6,""pitch"":68,""tie"":""none"",""voice_token"":""voice_adeebf""}]}"
music_610de3d21a0d4e,"{""events"":[{""duration_tick"":8,""onset_tick"":0,""pitch"":76,""tie"":""stop"",""voice_token"":""voice_bf2e2c""},{""duration_tick"":4,""onset_tick"":8,""pitch"":76,""tie"":""none"",""voice_token"":""voice_bf2e2c""},{""duration_tick"":4,""onset_tick"":12,""pitch"":76,""tie"":""none"",""voice_token"":""voice_bf2e2c""},{""duration_tick"":4,""onset_tick"":16,""pitch"":74,""tie"":""none"",""voice_token"":""voice_bf2e2c""}]}"
music_84c2572a49f371,"{""events"":[{""duration_tick"":2,""onset_tick"":0,""pitch"":74,""tie"":""none"",""voice_token"":""voice_adeebf""},{""duration_tick"":2,""onset_tick"":2,""pitch"":72,""tie"":""none"",""voice_token"":""voice_adeebf""},{""duration_tick"":2,""onset_tick"":4,""pitch"":71,""tie"":""none"",""voice_token"":""voice_adeebf""},{""duration_tick"":2,""onset_tick"":6,""pitch"":68,""tie"":""none"",""voice_token"":""voice_adeebf""},{""duration_tick"":1,""onset_tick"":8,""pitch"":69,""tie"":""none"",""voice_token"":""voice_adeebf""},{""duration_tick"":1,""onset_tick"":9,""pitch"":71,""tie"":""none"",""voice_token"":""voice_adeebf""},{""duration_tick"":1,""onset_tick"":10,""pitch"":69,""tie"":""none"",""voice_token"":""voice_adeebf""}]}"
music_693300ba5f6533,"{""events"":[{""duration_tick"":8,""onset_tick"":0,""pitch"":67,""tie"":""none"",""voice_token"":""voice_adeebf""},{""duration_tick"":4,""onset_tick"":8,""pitch"":69,""tie"":""none"",""voice_token"":""voice_adeebf""},{""duration_tick"":8,""onset_tick"":12,""pitch"":66,""tie"":""none"",""voice_token"":""voice_adeebf""},{""duration_tick"":4,""onset_tick"":20,""pitch"":69,""tie"":""none"",""voice_token"":""voice_adeebf""},{""duration_tick"":4,""onset_tick"":24,""pitch"":71,""tie"":""none"",""voice_token"":""voice_adeebf""},{""duration_tick"":4,""onset_tick"":28,""pitch"":69,""tie"":""none"",""voice_token"":""voice_adeebf""},{""duration_tick"":4,""onset_tick"":32,""pitch"":67,""tie"":""none"",""voice_token"":""voice_adeebf""}]}"
music_0340fa348b26d3,"{""events"":[{""duration_tick"":6,""onset_tick"":0,""pitch"":-1,""tie"":""none"",""voice_token"":""voice_adeebf""},{""duration_tick"":4,""onset_tick"":6,""pitch"":67,""tie"":""none"",""voice_token"":""voice_adeebf""},{""duration_tick"":2,""onset_tick"":10,""pitch"":67,""tie"":""none"",""voice_token"":""voice_adeebf""},{""duration_tick"":6,""onset_tick"":12,""pitch"":67,""tie"":""none"",""voice_token"":""voice_adeebf""}]}"
music_74cfd8a914c7db,"{""events"":[{""duration_tick"":2,""onset_tick"":0,""pitch"":60,""tie"":""none"",""voice_token"":""voice_adeebf""},{""duration_tick"":4,""onset_tick"":2,""pitch"":62,""tie"":""none"",""voice_token"":""voice_adeebf""},{""duration_tick"":2,""onset_tick"":6,""pitch"":67,""tie"":""none"",""voice_token"":""voice_adeebf""},{""duration_tick"":4,""onset_tick"":8,""pitch"":67,""tie"":""none"",""voice_token"":""voice_adeebf""},{""duration_tick"":2,""onset_tick"":12,""pitch"":70,""tie"":""none"",""voice_token"":""voice_adeebf""},{""duration_tick"":8,""onset_tick"":14,""pitch"":70,""tie"":""none"",""voice_token"":""voice_adeebf""}]}"
music_200805e866775e,"{""events"":[{""duration_tick"":6,""onset_tick"":0,""pitch"":-1,""tie"":""none"",""voice_token"":""voice_381ded""},{""duration_tick"":12,""onset_tick"":6,""pitch"":-1,""tie"":""none"",""voice_token"":""voice_381ded""},{""duration_tick"":4,""onset_tick"":18,""pitch"":-1,""tie"":""none"",""voice_token"":""voice_381ded""},{""duration_tick"":2,""onset_tick"":22,""pitch"":70,""tie"":""none"",""voice_token"":""voice_381ded""},{""duration_tick"":24,""onset_tick"":24,""pitch"":-1,""tie"":""none"",""voice_token"":""voice_381ded""},{""duration_tick"":24,""onset_tick"":48,""pitch"":70,""tie"":""none"",""voice_token"":""voice_381ded""}]}"
music_f90940f1708264,"{""events"":[{""duration_tick"":2,""onset_tick"":0,""pitch"":68,""tie"":""none"",""voice_token"":""voice_adeebf""},{""duration_tick"":4,""onset_tick"":2,""pitch"":70,""tie"":""none"",""voice_token"":""voice_adeebf""},{""duration_tick"":2,""onset_tick"":6,""pitch"":73,""tie"":""none"",""voice_token"":""voice_adeebf""},{""duration_tick"":3,""onset_tick"":8,""pitch"":75,""tie"":""none"",""voice_token"":""voice_adeebf""},{""duration_tick"":1,""onset_tick"":11,""pitch"":77,""tie"":""none"",""voice_token"":""voice_adeebf""},{""duration_tick"":2,""onset_tick"":12,""pitch"":79,""tie"":""none"",""voice_token"":""voice_adeebf""}]}"
music_1057270820fdd3,"{""events"":[{""duration_tick"":6,""onset_tick"":0,""pitch"":66,""tie"":""none"",""voice_token"":""voice_1628af""},{""duration_tick"":4,""onset_tick"":6,""pitch"":69,""tie"":""none"",""voice_token"":""voice_1628af""},{""duration_tick"":2,""onset_tick"":10,""pitch"":69,""tie"":""none"",""voice_token"":""voice_1628af""},{""duration_tick"":6,""onset_tick"":12,""pitch"":66,""tie"":""none"",""voice_token"":""voice_1628af""},{""duration_tick"":4,""onset_tick"":18,""pitch"":66,""tie"":""none"",""voice_token"":""voice_1628af""},{""duration_tick"":2,""onset_tick"":22,""pitch"":66,""tie"":""none"",""voice_token"":""voice_1628af""}]}"
music_db1406d71a9bdb,"{""events"":[{""duration_tick"":4,""onset_tick"":0,""pitch"":71,""tie"":""none"",""voice_token"":""voice_0331f8""},{""duration_tick"":4,""onset_tick"":4,""pitch"":75,""tie"":""none"",""voice_token"":""voice_0331f8""},{""duration_tick"":4,""onset_tick"":8,""pitch"":75,""tie"":""none"",""voice_token"":""voice_0331f8""},{""duration_tick"":4,""onset_tick"":12,""pitch"":75,""tie"":""start"",""voice_token"":""voice_0331f8""}]}"
music_9e70cc1112c084,"{""events"":[{""duration_tick"":3,""onset_tick"":0,""pitch"":73,""tie"":""none"",""voice_token"":""voice_bf2e2c""},{""duration_tick"":1,""onset_tick"":3,""pitch"":69,""tie"":""none"",""voice_token"":""voice_bf2e2c""},{""duration_tick"":4,""onset_tick"":4,""pitch"":71,""tie"":""none"",""voice_token"":""voice_bf2e2c""},{""duration_tick"":4,""onset_tick"":8,""pitch"":74,""tie"":""none"",""voice_token"":""voice_bf2e2c""},{""duration_tick"":3,""onset_tick"":12,""pitch"":71,""tie"":""none"",""voice_token"":""voice_bf2e2c""},{""duration_tick"":1,""onset_tick"":15,""pitch"":71,""tie"":""none"",""voice_token"":""voice_bf2e2c""},{""duration_tick"":4,""onset_tick"":16,""pitch"":69,""tie"":""none"",""voice_token"":""voice_bf2e2c""}]}"
music_d387b222723285,"{""events"":[{""duration_tick"":8,""onset_tick"":0,""pitch"":64,""tie"":""none"",""voice_token"":""voice_adeebf""},{""duration_tick"":4,""onset_tick"":8,""pitch"":64,""tie"":""none"",""voice_token"":""voice_adeebf""},{""duration_tick"":2,""onset_tick"":12,""pitch"":64,""tie"":""none"",""voice_token"":""voice_adeebf""},{""duration_tick"":2,""onset_tick"":14,""pitch"":64,""tie"":""none"",""voice_token"":""voice_adeebf""},{""duration_tick"":2,""onset_tick"":16,""pitch"":64,""tie"":""none"",""voice_token"":""voice_adeebf""},{""duration_tick"":2,""onset_tick"":18,""pitch"":64,""tie"":""none"",""voice_token"":""voice_adeebf""},{""duration_tick"":2,""onset_tick"":20,""pitch"":66,""tie"":""none"",""voice_token"":""voice_adeebf""}]}"
music_80b34f7757b404,"{""events"":[{""duration_tick"":4,""onset_tick"":0,""pitch"":69,""tie"":""none"",""voice_token"":""voice_bf2e2c""},{""duration_tick"":4,""onset_tick"":4,""pitch"":69,""tie"":""none"",""voice_token"":""voice_bf2e2c""},{""duration_tick"":4,""onset_tick"":8,""pitch"":69,""tie"":""none"",""voice_token"":""voice_bf2e2c""},{""duration_tick"":8,""onset_tick"":12,""pitch"":68,""tie"":""none"",""voice_token"":""voice_bf2e2c""}]}"
music_d4b4b3d0dbda91,"{""events"":[{""duration_tick"":2,""onset_tick"":0,""pitch"":70,""tie"":""none"",""voice_token"":""voice_5ee09e""},{""duration_tick"":4,""onset_tick"":2,""pitch"":71,""tie"":""none"",""voice_token"":""voice_5ee09e""},{""duration_tick"":4,""onset_tick"":6,""pitch"":71,""tie"":""none"",""voice_token"":""voice_5ee09e""},{""duration_tick"":4,""onset_tick"":10,""pitch"":71,""tie"":""none"",""voice_token"":""voice_5ee09e""},{""duration_tick"":4,""onset_tick"":14,""pitch"":-1,""tie"":""none"",""voice_token"":""voice_5ee09e""},{""duration_tick"":2,""onset_tick"":18,""pitch"":-1,""tie"":""none"",""voice_token"":""voice_5ee09e""}]}"
music_9c3d4b641fe052,"{""events"":[{""duration_tick"":6,""onset_tick"":0,""pitch"":-1,""tie"":""none"",""voice_token"":""voice_bf2e2c""},{""duration_tick"":2,""onset_tick"":6,""pitch"":70,""tie"":""none"",""voice_token"":""voice_bf2e2c""},{""duration_tick"":2,""onset_tick"":8,""pitch"":72,""tie"":""none"",""voice_token"":""voice_bf2e2c""},{""duration_tick"":2,""onset_tick"":10,""pitch"":70,""tie"":""none"",""voice_token"":""voice_bf2e2c""},{""duration_tick"":1,""onset_tick"":12,""pitch"":67,""tie"":""none"",""voice_token"":""voice_bf2e2c""},{""duration_tick"":1,""onset_tick"":13,""pitch"":70,""tie"":""none"",""voice_token"":""voice_bf2e2c""}]}"
music_b9de0b329a25a5,"{""events"":[{""duration_tick"":4,""onset_tick"":0,""pitch"":69,""tie"":""none"",""voice_token"":""voice_adeebf""},{""duration_tick"":4,""onset_tick"":4,""pitch"":69,""tie"":""none"",""voice_token"":""voice_adeebf""},{""duration_tick"":4,""onset_tick"":8,""pitch"":68,""tie"":""none"",""voice_token"":""voice_adeebf""},{""duration_tick"":4,""onset_tick"":12,""pitch"":69,""tie"":""none"",""voice_token"":""voice_adeebf""},{""duration_tick"":4,""onset_tick"":16,""pitch"":69,""tie"":""none"",""voice_token"":""voice_adeebf""},{""duration_tick"":2,""onset_tick"":20,""pitch"":69,""tie"":""none"",""voice_token"":""voice_adeebf""}]}"
music_60050172084856,"{""events"":[{""duration_tick"":4,""onset_tick"":0,""pitch"":64,""tie"":""none"",""voice_token"":""voice_7574bc""},{""duration_tick"":4,""onset_tick"":4,""pitch"":61,""tie"":""none"",""voice_token"":""voice_7574bc""},{""duration_tick"":4,""onset_tick"":8,""pitch"":61,""tie"":""none"",""voice_token"":""voice_7574bc""},{""duration_tick"":8,""onset_tick"":12,""pitch"":61,""tie"":""none"",""voice_token"":""voice_7574bc""},{""duration_tick"":4,""onset_tick"":20,""pitch"":62,""tie"":""none"",""voice_token"":""voice_7574bc""},{""duration_tick"":8,""onset_tick"":24,""pitch"":69,""tie"":""none"",""voice_token"":""voice_7574bc""},{""duration_tick"":4,""onset_tick"":32,""pitch"":69,""tie"":""none"",""voice_token"":""voice_7574bc""}]}"
music_6c80b417961b16,"{""events"":[{""duration_tick"":2,""onset_tick"":0,""pitch"":76,""tie"":""none"",""voice_token"":""voice_0284f7""},{""duration_tick"":2,""onset_tick"":2,""pitch"":74,""tie"":""none"",""voice_token"":""voice_0284f7""},{""duration_tick"":2,""onset_tick"":4,""pitch"":70,""tie"":""none"",""voice_token"":""voice_0284f7""},{""duration_tick"":2,""onset_tick"":6,""pitch"":69,""tie"":""none"",""voice_token"":""voice_0284f7""},{""duration_tick"":8,""onset_tick"":8,""pitch"":67,""tie"":""none"",""voice_token"":""voice_0284f7""},{""duration_tick"":8,""onset_tick"":16,""pitch"":67,""tie"":""none"",""voice_token"":""voice_0284f7""}]}"
music_e7e4bf39e0d38a,"{""events"":[{""duration_tick"":2,""onset_tick"":0,""pitch"":60,""tie"":""none"",""voice_token"":""voice_adeebf""},{""duration_tick"":2,""onset_tick"":2,""pitch"":58,""tie"":""none"",""voice_token"":""voice_adeebf""},{""duration_tick"":2,""onset_tick"":4,""pitch"":-1,""tie"":""none"",""voice_token"":""voice_adeebf""},{""duration_tick"":2,""onset_tick"":6,""pitch"":70,""tie"":""none"",""voice_token"":""voice_adeebf""},{""duration_tick"":2,""onset_tick"":8,""pitch"":70,""tie"":""none"",""voice_token"":""voice_adeebf""},{""duration_tick"":2,""onset_tick"":10,""pitch"":72,""tie"":""none"",""voice_token"":""voice_adeebf""},{""duration_tick"":1,""onset_tick"":12,""pitch"":70,""tie"":""none"",""voice_token"":""voice_adeebf""}]}"
music_af4467fcfaec7a,"{""events"":[{""duration_tick"":2,""onset_tick"":0,""pitch"":62,""tie"":""none"",""voice_token"":""voice_adeebf""},{""duration_tick"":4,""onset_tick"":2,""pitch"":67,""tie"":""none"",""voice_token"":""voice_adeebf""},{""duration_tick"":4,""onset_tick"":6,""pitch"":67,""tie"":""none"",""voice_token"":""voice_adeebf""},{""duration_tick"":2,""onset_tick"":10,""pitch"":67,""tie"":""none"",""voice_token"":""voice_adeebf""},{""duration_tick"":2,""onset_tick"":12,""pitch"":67,""tie"":""none"",""voice_token"":""voice_adeebf""}]}"
music_41d93498a60508,"{""events"":[{""duration_tick"":4,""onset_tick"":0,""pitch"":74,""tie"":""none"",""voice_token"":""voice_bf2e2c""},{""duration_tick"":4,""onset_tick"":4,""pitch"":67,""tie"":""none"",""voice_token"":""voice_bf2e2c""},{""duration_tick"":2,""onset_tick"":8,""pitch"":69,""tie"":""none"",""voice_token"":""voice_bf2e2c""},{""duration_tick"":1,""onset_tick"":10,""pitch"":69,""tie"":""none"",""voice_token"":""voice_bf2e2c""}]}"
music_2e8fc3f53f34d2,"{""events"":[{""duration_tick"":2,""onset_tick"":0,""pitch"":73,""tie"":""none"",""voice_token"":""voice_0284f7""},{""duration_tick"":2,""onset_tick"":2,""pitch"":70,""tie"":""none"",""voice_token"":""voice_0284f7""},{""duration_tick"":4,""onset_tick"":4,""pitch"":68,""tie"":""none"",""voice_token"":""voice_0284f7""},{""duration_tick"":4,""onset_tick"":8,""pitch"":65,""tie"":""none"",""voice_token"":""voice_0284f7""},{""duration_tick"":4,""onset_tick"":12,""pitch"":63,""tie"":""none"",""voice_token"":""voice_0284f7""},{""duration_tick"":16,""onset_tick"":16,""pitch"":-1,""tie"":""none"",""voice_token"":""voice_0284f7""}]}"
music_62c9b8098e7fb6,"{""events"":[{""duration_tick"":4,""onset_tick"":0,""pitch"":63,""tie"":""none"",""voice_token"":""voice_bf2e2c""},{""duration_tick"":2,""onset_tick"":4,""pitch"":63,""tie"":""none"",""voice_token"":""voice_bf2e2c""},{""duration_tick"":2,""onset_tick"":6,""pitch"":63,""tie"":""none"",""voice_token"":""voice_bf2e2c""},{""duration_tick"":2,""onset_tick"":8,""pitch"":63,""tie"":""none"",""voice_token"":""voice_bf2e2c""}]}"
music_a18407dd661d5c,"{""events"":[{""duration_tick"":2,""onset_tick"":0,""pitch"":74,""tie"":""none"",""voice_token"":""voice_bf2e2c""},{""duration_tick"":2,""onset_tick"":2,""pitch"":76,""tie"":""none"",""voice_token"":""voice_bf2e2c""},{""duration_tick"":2,""onset_tick"":4,""pitch"":74,""tie"":""none"",""voice_token"":""voice_bf2e2c""},{""duration_tick"":2,""onset_tick"":6,""pitch"":73,""tie"":""none"",""voice_token"":""voice_bf2e2c""}]}"
music_39357baa4466a4,"{""events"":[{""duration_tick"":4,""onset_tick"":0,""pitch"":75,""tie"":""none"",""voice_token"":""voice_bf2e2c""},{""duration_tick"":4,""onset_tick"":4,""pitch"":78,""tie"":""none"",""voice_token"":""voice_bf2e2c""},{""duration_tick"":4,""onset_tick"":8,""pitch"":75,""tie"":""none"",""voice_token"":""voice_bf2e2c""},{""duration_tick"":4,""onset_tick"":12,""pitch"":78,""tie"":""none"",""voice_token"":""voice_bf2e2c""},{""duration_tick"":4,""onset_tick"":16,""pitch"":75,""tie"":""none"",""voice_token"":""voice_bf2e2c""}]}"
music_20c60997d3860e,"{""events"":[{""duration_tick"":2,""onset_tick"":0,""pitch"":64,""tie"":""none"",""voice_token"":""voice_0331f8""},{""duration_tick"":2,""onset_tick"":2,""pitch"":75,""tie"":""none"",""voice_token"":""voice_0331f8""},{""duration_tick"":2,""onset_tick"":4,""pitch"":66,""tie"":""none"",""voice_token"":""voice_0331f8""},{""duration_tick"":2,""onset_tick"":6,""pitch"":70,""tie"":""none"",""voice_token"":""voice_0331f8""},{""duration_tick"":2,""onset_tick"":8,""pitch"":73,""tie"":""none"",""voice_token"":""voice_0331f8""},{""duration_tick"":2,""onset_tick"":10,""pitch"":75,""tie"":""none"",""voice_token"":""voice_0331f8""},{""duration_tick"":2,""onset_tick"":12,""pitch"":78,""tie"":""none"",""voice_token"":""voice_0331f8""}]}"
music_b97d3afe844803,"{""events"":[{""duration_tick"":16,""onset_tick"":0,""pitch"":-1,""tie"":""none"",""voice_token"":""voice_0284f7""},{""duration_tick"":16,""onset_tick"":16,""pitch"":-1,""tie"":""none"",""voice_token"":""voice_0284f7""},{""duration_tick"":2,""onset_tick"":32,""pitch"":72,""tie"":""none"",""voice_token"":""voice_0284f7""},{""duration_tick"":2,""onset_tick"":34,""pitch"":72,""tie"":""none"",""voice_token"":""voice_0284f7""},{""duration_tick"":2,""onset_tick"":36,""pitch"":72,""tie"":""none"",""voice_token"":""voice_0284f7""}]}"
music_ee48ee6a2bdda5,"{""events"":[{""duration_tick"":6,""onset_tick"":0,""pitch"":74,""tie"":""none"",""voice_token"":""voice_bf2e2c""},{""duration_tick"":4,""onset_tick"":6,""pitch"":69,""tie"":""none"",""voice_token"":""voice_bf2e2c""},{""duration_tick"":2,""onset_tick"":10,""pitch"":71,""tie"":""none"",""voice_token"":""voice_bf2e2c""},{""duration_tick"":6,""onset_tick"":12,""pitch"":69,""tie"":""none"",""voice_token"":""voice_bf2e2c""}]}"
music_45daa1a215325c,"{""events"":[{""duration_tick"":4,""onset_tick"":0,""pitch"":68,""tie"":""none"",""voice_token"":""voice_adeebf""},{""duration_tick"":2,""onset_tick"":4,""pitch"":69,""tie"":""none"",""voice_token"":""voice_adeebf""},{""duration_tick"":2,""onset_tick"":6,""pitch"":70,""tie"":""none"",""voice_token"":""voice_adeebf""},{""duration_tick"":4,""onset_tick"":8,""pitch"":72,""tie"":""none"",""voice_token"":""voice_adeebf""},{""duration_tick"":2,""onset_tick"":12,""pitch"":72,""tie"":""none"",""voice_token"":""voice_adeebf""}]}"
music_ee327db0871054,"{""events"":[{""duration_tick"":2,""onset_tick"":0,""pitch"":76,""tie"":""none"",""voice_token"":""voice_adeebf""},{""duration_tick"":3,""onset_tick"":2,""pitch"":74,""tie"":""none"",""voice_token"":""voice_adeebf""},{""duration_tick"":1,""onset_tick"":5,""pitch"":77,""tie"":""none"",""voice_token"":""voice_adeebf""},{""duration_tick"":3,""onset_tick"":6,""pitch"":76,""tie"":""none"",""voice_token"":""voice_adeebf""}]}"
music_66e174b1debee4,"{""events"":[{""duration_tick"":1,""onset_tick"":0,""pitch"":74,""tie"":""none"",""voice_token"":""voice_adeebf""},{""duration_tick"":6,""onset_tick"":1,""pitch"":77,""tie"":""none"",""voice_token"":""voice_adeebf""},{""duration_tick"":2,""onset_tick"":7,""pitch"":77,""tie"":""none"",""voice_token"":""voice_adeebf""},{""duration_tick"":2,""onset_tick"":9,""pitch"":74,""tie"":""none"",""voice_token"":""voice_adeebf""},{""duration_tick"":2,""onset_tick"":11,""pitch"":72,""tie"":""none"",""voice_token"":""voice_adeebf""},{""duration_tick"":2,""onset_tick"":13,""pitch"":75,""tie"":""none"",""voice_token"":""voice_adeebf""},{""duration_tick"":2,""onset_tick"":15,""pitch"":78,""tie"":""none"",""voice_token"":""voice_adeebf""}]}"
music_ed8929336b1631,"{""events"":[{""duration_tick"":2,""onset_tick"":0,""pitch"":67,""tie"":""none"",""voice_token"":""voice_1628af""},{""duration_tick"":2,""onset_tick"":2,""pitch"":66,""tie"":""none"",""voice_token"":""voice_1628af""},{""duration_tick"":2,""onset_tick"":4,""pitch"":69,""tie"":""none"",""voice_token"":""voice_1628af""},{""duration_tick"":4,""onset_tick"":6,""pitch"":69,""tie"":""none"",""voice_token"":""voice_1628af""},{""duration_tick"":4,""onset_tick"":10,""pitch"":67,""tie"":""none"",""voice_token"":""voice_1628af""}]}"
music_40cdab7138fd84,"{""events"":[{""duration_tick"":6,""onset_tick"":0,""pitch"":73,""tie"":""none"",""voice_token"":""voice_adeebf""},{""duration_tick"":2,""onset_tick"":6,""pitch"":66,""tie"":""none"",""voice_token"":""voice_adeebf""},{""duration_tick"":2,""onset_tick"":8,""pitch"":69,""tie"":""none"",""voice_token"":""voice_adeebf""},{""duration_tick"":2,""onset_tick"":10,""pitch"":74,""tie"":""none"",""voice_token"":""voice_adeebf""},{""duration_tick"":4,""onset_tick"":12,""pitch"":78,""tie"":""none"",""voice_token"":""voice_adeebf""},{""duration_tick"":2,""onset_tick"":16,""pitch"":78,""tie"":""none"",""voice_token"":""voice_adeebf""},{""duration_tick"":6,""onset_tick"":18,""pitch"":79,""tie"":""start"",""voice_token"":""voice_adeebf""}]}"
music_40015649776337,"{""events"":[{""duration_tick"":6,""onset_tick"":0,""pitch"":64,""tie"":""none"",""voice_token"":""voice_bf2e2c""},{""duration_tick"":6,""onset_tick"":6,""pitch"":66,""tie"":""none"",""voice_token"":""voice_bf2e2c""},{""duration_tick"":6,""onset_tick"":12,""pitch"":68,""tie"":""none"",""voice_token"":""voice_bf2e2c""},{""duration_tick"":4,""onset_tick"":18,""pitch"":68,""tie"":""none"",""voice_token"":""voice_bf2e2c""},{""duration_tick"":2,""onset_tick"":22,""pitch"":-1,""tie"":""none"",""voice_token"":""voice_bf2e2c""},{""duration_tick"":4,""onset_tick"":24,""pitch"":-1,""tie"":""none"",""voice_token"":""voice_bf2e2c""}]}"
music_7d5f8ba5304b9c,"{""events"":[{""duration_tick"":2,""onset_tick"":0,""pitch"":69,""tie"":""none"",""voice_token"":""voice_adeebf""},{""duration_tick"":4,""onset_tick"":2,""pitch"":70,""tie"":""none"",""voice_token"":""voice_adeebf""},{""duration_tick"":2,""onset_tick"":6,""pitch"":72,""tie"":""none"",""voice_token"":""voice_adeebf""},{""duration_tick"":2,""onset_tick"":8,""pitch"":74,""tie"":""none"",""voice_token"":""voice_adeebf""},{""duration_tick"":2,""onset_tick"":10,""pitch"":72,""tie"":""none"",""voice_token"":""voice_adeebf""}]}"
music_f944fb1f9162d5,"{""events"":[{""duration_tick"":2,""onset_tick"":0,""pitch"":68,""tie"":""none"",""voice_token"":""voice_0284f7""},{""duration_tick"":2,""onset_tick"":2,""pitch"":66,""tie"":""none"",""voice_token"":""voice_0284f7""},{""duration_tick"":2,""onset_tick"":4,""pitch"":66,""tie"":""none"",""voice_token"":""voice_0284f7""},{""duration_tick"":2,""onset_tick"":6,""pitch"":66,""tie"":""none"",""voice_token"":""voice_0284f7""}]}"
music_23349790919d80,"{""events"":[{""duration_tick"":2,""onset_tick"":0,""pitch"":69,""tie"":""none"",""voice_token"":""voice_bf2e2c""},{""duration_tick"":2,""onset_tick"":2,""pitch"":67,""tie"":""none"",""voice_token"":""voice_bf2e2c""},{""duration_tick"":2,""onset_tick"":4,""pitch"":65,""tie"":""none"",""voice_token"":""voice_bf2e2c""},{""duration_tick"":2,""onset_tick"":6,""pitch"":65,""tie"":""none"",""voice_token"":""voice_bf2e2c""},{""duration_tick"":2,""onset_tick"":8,""pitch"":65,""tie"":""none"",""voice_token"":""voice_bf2e2c""},{""duration_tick"":2,""onset_tick"":10,""pitch"":65,""tie"":""none"",""voice_token"":""voice_bf2e2c""}]}"
music_acc47cc4376f77,"{""events"":[{""duration_tick"":2,""onset_tick"":0,""pitch"":75,""tie"":""none"",""voice_token"":""voice_adeebf""},{""duration_tick"":2,""onset_tick"":2,""pitch"":74,""tie"":""none"",""voice_token"":""voice_adeebf""},{""duration_tick"":4,""onset_tick"":4,""pitch"":72,""tie"":""none"",""voice_token"":""voice_adeebf""},{""duration_tick"":4,""onset_tick"":8,""pitch"":72,""tie"":""none"",""voice_token"":""voice_adeebf""}]}"
music_2d73834a7ae974,"{""events"":[{""duration_tick"":4,""onset_tick"":0,""pitch"":74,""tie"":""none"",""voice_token"":""voice_adeebf""},{""duration_tick"":2,""onset_tick"":4,""pitch"":74,""tie"":""none"",""voice_token"":""voice_adeebf""},{""duration_tick"":2,""onset_tick"":6,""pitch"":72,""tie"":""none"",""voice_token"":""voice_adeebf""},{""duration_tick"":4,""onset_tick"":8,""pitch"":69,""tie"":""none"",""voice_token"":""voice_adeebf""},{""duration_tick"":4,""onset_tick"":12,""pitch"":67,""tie"":""none"",""voice_token"":""voice_adeebf""},{""duration_tick"":4,""onset_tick"":16,""pitch"":62,""tie"":""none"",""voice_token"":""voice_adeebf""}]}"
music_530363633c92e7,"{""events"":[{""duration_tick"":4,""onset_tick"":0,""pitch"":66,""tie"":""none"",""voice_token"":""voice_bf2e2c""},{""duration_tick"":2,""onset_tick"":4,""pitch"":67,""tie"":""none"",""voice_token"":""voice_bf2e2c""},{""duration_tick"":2,""onset_tick"":6,""pitch"":67,""tie"":""none"",""voice_token"":""voice_bf2e2c""},{""duration_tick"":2,""onset_tick"":8,""pitch"":67,""tie"":""none"",""voice_token"":""voice_bf2e2c""},{""duration_tick"":2,""onset_tick"":10,""pitch"":70,""tie"":""none"",""voice_token"":""voice_bf2e2c""},{""duration_tick"":4,""onset_tick"":12,""pitch"":70,""tie"":""none"",""voice_token"":""voice_bf2e2c""},{""duration_tick"":4,""onset_tick"":16,""pitch"":70,""tie"":""none"",""voice_token"":""voice_bf2e2c""}]}"
music_73fbadee70f886,"{""events"":[{""duration_tick"":8,""onset_tick"":0,""pitch"":66,""tie"":""none"",""voice_token"":""voice_adeebf""},{""duration_tick"":4,""onset_tick"":8,""pitch"":63,""tie"":""none"",""voice_token"":""voice_adeebf""},{""duration_tick"":4,""onset_tick"":12,""pitch"":65,""tie"":""none"",""voice_token"":""voice_adeebf""},{""duration_tick"":4,""onset_tick"":16,""pitch"":70,""tie"":""none"",""voice_token"":""voice_adeebf""},{""duration_tick"":2,""onset_tick"":20,""pitch"":67,""tie"":""none"",""voice_token"":""voice_adeebf""}]}"
music_df11683b65c65d,"{""events"":[{""duration_tick"":6,""onset_tick"":0,""pitch"":67,""tie"":""none"",""voice_token"":""voice_bf2e2c""},{""duration_tick"":2,""onset_tick"":6,""pitch"":72,""tie"":""none"",""voice_token"":""voice_bf2e2c""},{""duration_tick"":4,""onset_tick"":8,""pitch"":74,""tie"":""none"",""voice_token"":""voice_bf2e2c""},{""duration_tick"":3,""onset_tick"":12,""pitch"":79,""tie"":""none"",""voice_token"":""voice_bf2e2c""},{""duration_tick"":1,""onset_tick"":15,""pitch"":76,""tie"":""none"",""voice_token"":""voice_bf2e2c""}]}"
music_c1043b252c42f5,"{""events"":[{""duration_tick"":2,""onset_tick"":0,""pitch"":73,""tie"":""none"",""voice_token"":""voice_8c73be""},{""duration_tick"":2,""onset_tick"":2,""pitch"":73,""tie"":""none"",""voice_token"":""voice_8c73be""},{""duration_tick"":2,""onset_tick"":4,""pitch"":69,""tie"":""none"",""voice_token"":""voice_8c73be""},{""duration_tick"":2,""onset_tick"":6,""pitch"":73,""tie"":""none"",""voice_token"":""voice_8c73be""},{""duration_tick"":2,""onset_tick"":8,""pitch"":69,""tie"":""none"",""voice_token"":""voice_8c73be""}]}"
music_2af593eb33ef39,"{""events"":[{""duration_tick"":2,""onset_tick"":0,""pitch"":70,""tie"":""none"",""voice_token"":""voice_adeebf""},{""duration_tick"":4,""onset_tick"":2,""pitch"":69,""tie"":""none"",""voice_token"":""voice_adeebf""},{""duration_tick"":2,""onset_tick"":6,""pitch"":69,""tie"":""none"",""voice_token"":""voice_adeebf""},{""duration_tick"":2,""onset_tick"":8,""pitch"":69,""tie"":""none"",""voice_token"":""voice_adeebf""},{""duration_tick"":2,""onset_tick"":10,""pitch"":67,""tie"":""none"",""voice_token"":""voice_adeebf""},{""duration_tick"":2,""onset_tick"":12,""pitch"":67,""tie"":""none"",""voice_token"":""voice_adeebf""},{""duration_tick"":2,""onset_tick"":14,""pitch"":67,""tie"":""none"",""voice_token"":""voice_adeebf""}]}"
music_4c94ea2600a66a,"{""events"":[{""duration_tick"":2,""onset_tick"":0,""pitch"":73,""tie"":""none"",""voice_token"":""voice_adeebf""},{""duration_tick"":2,""onset_tick"":2,""pitch"":73,""tie"":""none"",""voice_token"":""voice_adeebf""},{""duration_tick"":4,""onset_tick"":4,""pitch"":77,""tie"":""none"",""voice_token"":""voice_adeebf""},{""duration_tick"":4,""onset_tick"":8,""pitch"":75,""tie"":""none"",""voice_token"":""voice_adeebf""},{""duration_tick"":4,""onset_tick"":12,""pitch"":75,""tie"":""none"",""voice_token"":""voice_adeebf""}]}"
music_f2244e89297e99,"{""events"":[{""duration_tick"":2,""onset_tick"":0,""pitch"":69,""tie"":""none"",""voice_token"":""voice_7574bc""},{""duration_tick"":4,""onset_tick"":2,""pitch"":69,""tie"":""none"",""voice_token"":""voice_7574bc""},{""duration_tick"":2,""onset_tick"":6,""pitch"":70,""tie"":""none"",""voice_token"":""voice_7574bc""},{""duration_tick"":2,""onset_tick"":8,""pitch"":62,""tie"":""none"",""voice_token"":""voice_7574bc""}]}"
music_4c653c21756e18,"{""events"":[{""duration_tick"":1,""onset_tick"":0,""pitch"":63,""tie"":""none"",""voice_token"":""voice_adeebf""},{""duration_tick"":4,""onset_tick"":1,""pitch"":66,""tie"":""none"",""voice_token"":""voice_adeebf""},{""duration_tick"":2,""onset_tick"":5,""pitch"":65,""tie"":""none"",""voice_token"":""voice_adeebf""},{""duration_tick"":4,""onset_tick"":7,""pitch"":64,""tie"":""none"",""voice_token"":""voice_adeebf""},{""duration_tick"":2,""onset_tick"":11,""pitch"":64,""tie"":""none"",""voice_token"":""voice_adeebf""},{""duration_tick"":6,""onset_tick"":13,""pitch"":67,""tie"":""none"",""voice_token"":""voice_adeebf""}]}"
music_97c130ad21053f,"{""events"":[{""duration_tick"":4,""onset_tick"":0,""pitch"":68,""tie"":""none"",""voice_token"":""voice_adeebf""},{""duration_tick"":2,""onset_tick"":4,""pitch"":68,""tie"":""none"",""voice_token"":""voice_adeebf""},{""duration_tick"":3,""onset_tick"":6,""pitch"":68,""tie"":""none"",""voice_token"":""voice_adeebf""},{""duration_tick"":1,""onset_tick"":9,""pitch"":69,""tie"":""none"",""voice_token"":""voice_adeebf""},{""duration_tick"":2,""onset_tick"":10,""pitch"":71,""tie"":""none"",""voice_token"":""voice_adeebf""},{""duration_tick"":2,""onset_tick"":12,""pitch"":69,""tie"":""none"",""voice_token"":""voice_adeebf""},{""duration_tick"":2,""onset_tick"":14,""pitch"":73,""tie"":""none"",""voice_token"":""voice_adeebf""}]}"
music_4c86c5049689a7,"{""events"":[{""duration_tick"":2,""onset_tick"":0,""pitch"":71,""tie"":""none"",""voice_token"":""voice_0284f7""},{""duration_tick"":2,""onset_tick"":2,""pitch"":71,""tie"":""none"",""voice_token"":""voice_0284f7""},{""duration_tick"":2,""onset_tick"":4,""pitch"":71,""tie"":""none"",""voice_token"":""voice_0284f7""},{""duration_tick"":2,""onset_tick"":6,""pitch"":74,""tie"":""none"",""voice_token"":""voice_0284f7""}]}"
music_ef9dc9250e6d7d,"{""events"":[{""duration_tick"":2,""onset_tick"":0,""pitch"":69,""tie"":""none"",""voice_token"":""voice_bf2e2c""},{""duration_tick"":8,""onset_tick"":2,""pitch"":71,""tie"":""none"",""voice_token"":""voice_bf2e2c""},{""duration_tick"":2,""onset_tick"":10,""pitch"":71,""tie"":""none"",""voice_token"":""voice_bf2e2c""},{""duration_tick"":2,""onset_tick"":12,""pitch"":71,""tie"":""none"",""voice_token"":""voice_bf2e2c""},{""duration_tick"":12,""onset_tick"":14,""pitch"":74,""tie"":""none"",""voice_token"":""voice_bf2e2c""}]}"
music_5f89b0742b799f,"{""events"":[{""duration_tick"":2,""onset_tick"":0,""pitch"":67,""tie"":""none"",""voice_token"":""voice_0331f8""},{""duration_tick"":2,""onset_tick"":2,""pitch"":69,""tie"":""none"",""voice_token"":""voice_0331f8""},{""duration_tick"":2,""onset_tick"":4,""pitch"":67,""tie"":""none"",""voice_token"":""voice_0331f8""},{""duration_tick"":2,""onset_tick"":6,""pitch"":69,""tie"":""none"",""voice_token"":""voice_0331f8""},{""duration_tick"":2,""onset_tick"":8,""pitch"":-1,""tie"":""none"",""voice_token"":""voice_0331f8""},{""duration_tick"":2,""onset_tick"":10,""pitch"":73,""tie"":""none"",""voice_token"":""voice_0331f8""}]}"
music_2c578d4bb76aeb,"{""events"":[{""duration_tick"":3,""onset_tick"":0,""pitch"":70,""tie"":""none"",""voice_token"":""voice_e81f41""},{""duration_tick"":1,""onset_tick"":3,""pitch"":67,""tie"":""none"",""voice_token"":""voice_e81f41""},{""duration_tick"":3,""onset_tick"":4,""pitch"":69,""tie"":""none"",""voice_token"":""voice_e81f41""},{""duration_tick"":1,""onset_tick"":7,""pitch"":65,""tie"":""none"",""voice_token"":""voice_e81f41""},{""duration_tick"":3,""onset_tick"":8,""pitch"":67,""tie"":""none"",""voice_token"":""voice_e81f41""}]}"
music_b1bb57662d5ffc,"{""events"":[{""duration_tick"":4,""onset_tick"":0,""pitch"":59,""tie"":""none"",""voice_token"":""voice_bf2e2c""},{""duration_tick"":8,""onset_tick"":4,""pitch"":59,""tie"":""none"",""voice_token"":""voice_bf2e2c""},{""duration_tick"":4,""onset_tick"":12,""pitch"":59,""tie"":""none"",""voice_token"":""voice_bf2e2c""},{""duration_tick"":2,""onset_tick"":16,""pitch"":66,""tie"":""none"",""voice_token"":""voice_bf2e2c""},{""duration_tick"":2,""onset_tick"":18,""pitch"":64,""tie"":""none"",""voice_token"":""voice_bf2e2c""},{""duration_tick"":6,""onset_tick"":20,""pitch"":61,""tie"":""none"",""voice_token"":""voice_bf2e2c""},{""duration_tick"":2,""onset_tick"":26,""pitch"":59,""tie"":""start"",""voice_token"":""voice_bf2e2c""}]}"
music_a6823d6fddcdc3,"{""events"":[{""duration_tick"":2,""onset_tick"":0,""pitch"":74,""tie"":""none"",""voice_token"":""voice_bf2e2c""},{""duration_tick"":4,""onset_tick"":2,""pitch"":71,""tie"":""none"",""voice_token"":""voice_bf2e2c""},{""duration_tick"":4,""onset_tick"":6,""pitch"":69,""tie"":""none"",""voice_token"":""voice_bf2e2c""},{""duration_tick"":4,""onset_tick"":10,""pitch"":69,""tie"":""none"",""voice_token"":""voice_bf2e2c""},{""duration_tick"":4,""onset_tick"":14,""pitch"":69,""tie"":""none"",""voice_token"":""voice_bf2e2c""}]}"
music_b5db67a49569b3,"{""events"":[{""duration_tick"":4,""onset_tick"":0,""pitch"":70,""tie"":""none"",""voice_token"":""voice_adeebf""},{""duration_tick"":4,""onset_tick"":4,""pitch"":70,""tie"":""none"",""voice_token"":""voice_adeebf""},{""duration_tick"":2,""onset_tick"":8,""pitch"":67,""tie"":""none"",""voice_token"":""voice_adeebf""},{""duration_tick"":1,""onset_tick"":10,""pitch"":65,""tie"":""none"",""voice_token"":""voice_adeebf""}]}"
music_81323f12f4f670,"{""events"":[{""duration_tick"":2,""onset_tick"":0,""pitch"":66,""tie"":""none"",""voice_token"":""voice_bf2e2c""},{""duration_tick"":2,""onset_tick"":2,""pitch"":68,""tie"":""none"",""voice_token"":""voice_bf2e2c""},{""duration_tick"":2,""onset_tick"":4,""pitch"":71,""tie"":""none"",""voice_token"":""voice_bf2e2c""},{""duration_tick"":2,""onset_tick"":6,""pitch"":71,""tie"":""none"",""voice_token"":""voice_bf2e2c""},{""duration_tick"":2,""onset_tick"":8,""pitch"":71,""tie"":""none"",""voice_token"":""voice_bf2e2c""},{""duration_tick"":4,""onset_tick"":10,""pitch"":71,""tie"":""none"",""voice_token"":""voice_bf2e2c""},{""duration_tick"":4,""onset_tick"":14,""pitch"":71,""tie"":""none"",""voice_token"":""voice_bf2e2c""}]}"
music_529a3ca8479c02,"{""events"":[{""duration_tick"":2,""onset_tick"":0,""pitch"":67,""tie"":""none"",""voice_token"":""voice_004d81""},{""duration_tick"":2,""onset_tick"":2,""pitch"":67,""tie"":""none"",""voice_token"":""voice_004d81""},{""duration_tick"":2,""onset_tick"":4,""pitch"":70,""tie"":""none"",""voice_token"":""voice_004d81""},{""duration_tick"":2,""onset_tick"":6,""pitch"":69,""tie"":""none"",""voice_token"":""voice_004d81""},{""duration_tick"":2,""onset_tick"":8,""pitch"":67,""tie"":""none"",""voice_token"":""voice_004d81""}]}"
music_b1a3a7fe4a99a1,"{""events"":[{""duration_tick"":2,""onset_tick"":0,""pitch"":69,""tie"":""none"",""voice_token"":""voice_adeebf""},{""duration_tick"":2,""onset_tick"":2,""pitch"":70,""tie"":""none"",""voice_token"":""voice_adeebf""},{""duration_tick"":2,""onset_tick"":4,""pitch"":70,""tie"":""none"",""voice_token"":""voice_adeebf""},{""duration_tick"":2,""onset_tick"":6,""pitch"":72,""tie"":""none"",""voice_token"":""voice_adeebf""},{""duration_tick"":2,""onset_tick"":8,""pitch"":72,""tie"":""none"",""voice_token"":""voice_adeebf""}]}"
music_019b9d59d2badf,"{""events"":[{""duration_tick"":2,""onset_tick"":0,""pitch"":69,""tie"":""none"",""voice_token"":""voice_bf2e2c""},{""duration_tick"":2,""onset_tick"":2,""pitch"":67,""tie"":""none"",""voice_token"":""voice_bf2e2c""},{""duration_tick"":2,""onset_tick"":4,""pitch"":72,""tie"":""none"",""voice_token"":""voice_bf2e2c""},{""duration_tick"":3,""onset_tick"":6,""pitch"":70,""tie"":""none"",""voice_token"":""voice_bf2e2c""},{""duration_tick"":1,""onset_tick"":9,""pitch"":69,""tie"":""none"",""voice_token"":""voice_bf2e2c""},{""duration_tick"":4,""onset_tick"":10,""pitch"":74,""tie"":""none"",""voice_token"":""voice_bf2e2c""},{""duration_tick"":4,""onset_tick"":14,""pitch"":74,""tie"":""none"",""voice_token"":""voice_bf2e2c""}]}"
music_95e38a1b442237,"{""events"":[{""duration_tick"":1,""onset_tick"":0,""pitch"":73,""tie"":""none"",""voice_token"":""voice_adeebf""},{""duration_tick"":6,""onset_tick"":1,""pitch"":73,""tie"":""none"",""voice_token"":""voice_adeebf""},{""duration_tick"":2,""onset_tick"":7,""pitch"":72,""tie"":""none"",""voice_token"":""voice_adeebf""},{""duration_tick"":6,""onset_tick"":9,""pitch"":69,""tie"":""none"",""voice_token"":""voice_adeebf""},{""duration_tick"":2,""onset_tick"":15,""pitch"":68,""tie"":""none"",""voice_token"":""voice_adeebf""},{""duration_tick"":4,""onset_tick"":17,""pitch"":68,""tie"":""none"",""voice_token"":""voice_adeebf""},{""duration_tick"":4,""onset_tick"":21,""pitch"":66,""tie"":""none"",""voice_token"":""voice_adeebf""}]}"
music_bd90162cdd2a50,"{""events"":[{""duration_tick"":2,""onset_tick"":0,""pitch"":68,""tie"":""none"",""voice_token"":""voice_0331f8""},{""duration_tick"":2,""onset_tick"":2,""pitch"":73,""tie"":""none"",""voice_token"":""voice_0331f8""},{""duration_tick"":2,""onset_tick"":4,""pitch"":75,""tie"":""none"",""voice_token"":""voice_0331f8""},{""duration_tick"":2,""onset_tick"":6,""pitch"":72,""tie"":""none"",""voice_token"":""voice_0331f8""}]}"
music_01c404f802b57b,"{""events"":[{""duration_tick"":2,""onset_tick"":0,""pitch"":73,""tie"":""none"",""voice_token"":""voice_adeebf""},{""duration_tick"":6,""onset_tick"":2,""pitch"":76,""tie"":""none"",""voice_token"":""voice_adeebf""},{""duration_tick"":2,""onset_tick"":8,""pitch"":73,""tie"":""none"",""voice_token"":""voice_adeebf""},{""duration_tick"":2,""onset_tick"":10,""pitch"":70,""tie"":""none"",""voice_token"":""voice_adeebf""},{""duration_tick"":2,""onset_tick"":12,""pitch"":73,""tie"":""none"",""voice_token"":""voice_adeebf""}]}"
music_6dcbceb5f43eed,"{""events"":[{""duration_tick"":4,""onset_tick"":0,""pitch"":64,""tie"":""none"",""voice_token"":""voice_7574bc""},{""duration_tick"":4,""onset_tick"":4,""pitch"":64,""tie"":""none"",""voice_token"":""voice_7574bc""},{""duration_tick"":4,""onset_tick"":8,""pitch"":67,""tie"":""none"",""voice_token"":""voice_7574bc""},{""duration_tick"":4,""onset_tick"":12,""pitch"":72,""tie"":""none"",""voice_token"":""voice_7574bc""},{""duration_tick"":2,""onset_tick"":16,""pitch"":72,""tie"":""none"",""voice_token"":""voice_7574bc""}]}"
music_4a99459545f9dc,"{""events"":[{""duration_tick"":4,""onset_tick"":0,""pitch"":73,""tie"":""none"",""voice_token"":""voice_adeebf""},{""duration_tick"":2,""onset_tick"":4,""pitch"":72,""tie"":""none"",""voice_token"":""voice_adeebf""},{""duration_tick"":4,""onset_tick"":6,""pitch"":75,""tie"":""none"",""voice_token"":""voice_adeebf""},{""duration_tick"":2,""onset_tick"":10,""pitch"":72,""tie"":""none"",""voice_token"":""voice_adeebf""},{""duration_tick"":4,""onset_tick"":12,""pitch"":68,""tie"":""none"",""voice_token"":""voice_adeebf""},{""duration_tick"":2,""onset_tick"":16,""pitch"":66,""tie"":""none"",""voice_token"":""voice_adeebf""},{""duration_tick"":3,""onset_tick"":18,""pitch"":65,""tie"":""none"",""voice_token"":""voice_adeebf""}]}"
music_fbdcfa1f061c45,"{""events"":[{""duration_tick"":2,""onset_tick"":0,""pitch"":71,""tie"":""none"",""voice_token"":""voice_bf2e2c""},{""duration_tick"":2,""onset_tick"":2,""pitch"":71,""tie"":""none"",""voice_token"":""voice_bf2e2c""},{""duration_tick"":1,""onset_tick"":4,""pitch"":74,""tie"":""none"",""voice_token"":""voice_bf2e2c""},{""duration_tick"":1,""onset_tick"":5,""pitch"":72,""tie"":""none"",""voice_token"":""voice_bf2e2c""}]}"
music_8a1054e5991d1a,"{""events"":[{""duration_tick"":2,""onset_tick"":0,""pitch"":72,""tie"":""none"",""voice_token"":""voice_bf2e2c""},{""duration_tick"":2,""onset_tick"":2,""pitch"":72,""tie"":""none"",""voice_token"":""voice_bf2e2c""},{""duration_tick"":2,""onset_tick"":4,""pitch"":72,""tie"":""none"",""voice_token"":""voice_bf2e2c""},{""duration_tick"":2,""onset_tick"":6,""pitch"":72,""tie"":""none"",""voice_token"":""voice_bf2e2c""},{""duration_tick"":4,""onset_tick"":8,""pitch"":73,""tie"":""none"",""voice_token"":""voice_bf2e2c""},{""duration_tick"":2,""onset_tick"":12,""pitch"":73,""tie"":""none"",""voice_token"":""voice_bf2e2c""}]}"
music_bc8bb5cdcedd0a,"{""events"":[{""duration_tick"":2,""onset_tick"":0,""pitch"":67,""tie"":""none"",""voice_token"":""voice_bf2e2c""},{""duration_tick"":2,""onset_tick"":2,""pitch"":68,""tie"":""none"",""voice_token"":""voice_bf2e2c""},{""duration_tick"":2,""onset_tick"":4,""pitch"":70,""tie"":""none"",""voice_token"":""voice_bf2e2c""},{""duration_tick"":2,""onset_tick"":6,""pitch"":70,""tie"":""none"",""voice_token"":""voice_bf2e2c""}]}"
music_99d90bf595924b,"{""events"":[{""duration_tick"":12,""onset_tick"":0,""pitch"":72,""tie"":""none"",""voice_token"":""voice_adeebf""},{""duration_tick"":4,""onset_tick"":12,""pitch"":73,""tie"":""none"",""voice_token"":""voice_adeebf""},{""duration_tick"":8,""onset_tick"":16,""pitch"":71,""tie"":""none"",""voice_token"":""voice_adeebf""},{""duration_tick"":4,""onset_tick"":24,""pitch"":-1,""tie"":""none"",""voice_token"":""voice_adeebf""},{""duration_tick"":4,""onset_tick"":28,""pitch"":-1,""tie"":""none"",""voice_token"":""voice_adeebf""},{""duration_tick"":4,""onset_tick"":32,""pitch"":-1,""tie"":""none"",""voice_token"":""voice_adeebf""},{""duration_tick"":4,""onset_tick"":36,""pitch"":-1,""tie"":""none"",""voice_token"":""voice_adeebf""}]}"
music_430d39d904dc1f,"{""events"":[{""duration_tick"":4,""onset_tick"":0,""pitch"":72,""tie"":""none"",""voice_token"":""voice_bf2e2c""},{""duration_tick"":4,""onset_tick"":4,""pitch"":75,""tie"":""none"",""voice_token"":""voice_bf2e2c""},{""duration_tick"":4,""onset_tick"":8,""pitch"":73,""tie"":""none"",""voice_token"":""voice_bf2e2c""},{""duration_tick"":3,""onset_tick"":12,""pitch"":73,""tie"":""none"",""voice_token"":""voice_bf2e2c""}]}"
music_f8bf71b3cdb33c,"{""events"":[{""duration_tick"":4,""onset_tick"":0,""pitch"":74,""tie"":""none"",""voice_token"":""voice_adeebf""},{""duration_tick"":4,""onset_tick"":4,""pitch"":69,""tie"":""none"",""voice_token"":""voice_adeebf""},{""duration_tick"":4,""onset_tick"":8,""pitch"":67,""tie"":""none"",""voice_token"":""voice_adeebf""},{""duration_tick"":4,""onset_tick"":12,""pitch"":62,""tie"":""none"",""voice_token"":""voice_adeebf""},{""duration_tick"":4,""onset_tick"":16,""pitch"":67,""tie"":""none"",""voice_token"":""voice_adeebf""}]}"
music_3a001d33704434,"{""events"":[{""duration_tick"":3,""onset_tick"":0,""pitch"":76,""tie"":""none"",""voice_token"":""voice_adeebf""},{""duration_tick"":1,""onset_tick"":3,""pitch"":73,""tie"":""none"",""voice_token"":""voice_adeebf""},{""duration_tick"":4,""onset_tick"":4,""pitch"":71,""tie"":""none"",""voice_token"":""voice_adeebf""},{""duration_tick"":4,""onset_tick"":8,""pitch"":73,""tie"":""none"",""voice_token"":""voice_adeebf""},{""duration_tick"":4,""onset_tick"":12,""pitch"":71,""tie"":""none"",""voice_token"":""voice_adeebf""},{""duration_tick"":2,""onset_tick"":16,""pitch"":71,""tie"":""none"",""voice_token"":""voice_adeebf""},{""duration_tick"":2,""onset_tick"":18,""pitch"":69,""tie"":""none"",""voice_token"":""voice_adeebf""}]}"
music_47402c837d9853,"{""events"":[{""duration_tick"":8,""onset_tick"":0,""pitch"":71,""tie"":""none"",""voice_token"":""voice_0331f8""},{""duration_tick"":2,""onset_tick"":8,""pitch"":73,""tie"":""none"",""voice_token"":""voice_0331f8""},{""duration_tick"":4,""onset_tick"":10,""pitch"":74,""tie"":""none"",""voice_token"":""voice_0331f8""},{""duration_tick"":2,""onset_tick"":14,""pitch"":73,""tie"":""none"",""voice_token"":""voice_0331f8""},{""duration_tick"":8,""onset_tick"":16,""pitch"":74,""tie"":""none"",""voice_token"":""voice_0331f8""},{""duration_tick"":4,""onset_tick"":24,""pitch"":73,""tie"":""none"",""voice_token"":""voice_0331f8""}]}"
music_da157009b72fd9,"{""events"":[{""duration_tick"":2,""onset_tick"":0,""pitch"":74,""tie"":""none"",""voice_token"":""voice_adeebf""},{""duration_tick"":3,""onset_tick"":2,""pitch"":76,""tie"":""none"",""voice_token"":""voice_adeebf""},{""duration_tick"":1,""onset_tick"":5,""pitch"":72,""tie"":""none"",""voice_token"":""voice_adeebf""},{""duration_tick"":4,""onset_tick"":6,""pitch"":76,""tie"":""none"",""voice_token"":""voice_adeebf""},{""duration_tick"":2,""onset_tick"":10,""pitch"":76,""tie"":""none"",""voice_token"":""voice_adeebf""},{""duration_tick"":2,""onset_tick"":12,""pitch"":72,""tie"":""none"",""voice_token"":""voice_adeebf""}]}"
music_04edf9d923b255,"{""events"":[{""duration_tick"":12,""onset_tick"":0,""pitch"":76,""tie"":""none"",""voice_token"":""voice_adeebf""},{""duration_tick"":12,""onset_tick"":12,""pitch"":71,""tie"":""none"",""voice_token"":""voice_adeebf""},{""duration_tick"":8,""onset_tick"":24,""pitch"":71,""tie"":""none"",""voice_token"":""voice_adeebf""},{""duration_tick"":4,""onset_tick"":32,""pitch"":71,""tie"":""none"",""voice_token"":""voice_adeebf""}]}"
music_4156314527b6e3,"{""events"":[{""duration_tick"":6,""onset_tick"":0,""pitch"":73,""tie"":""none"",""voice_token"":""voice_58b2be""},{""duration_tick"":4,""onset_tick"":6,""pitch"":68,""tie"":""none"",""voice_token"":""voice_58b2be""},{""duration_tick"":2,""onset_tick"":10,""pitch"":71,""tie"":""none"",""voice_token"":""voice_58b2be""},{""duration_tick"":4,""onset_tick"":12,""pitch"":71,""tie"":""none"",""voice_token"":""voice_58b2be""}]}"
music_ffdefa6ba94734,"{""events"":[{""duration_tick"":2,""onset_tick"":0,""pitch"":62,""tie"":""none"",""voice_token"":""voice_8c73be""},{""duration_tick"":2,""onset_tick"":2,""pitch"":62,""tie"":""none"",""voice_token"":""voice_8c73be""},{""duration_tick"":2,""onset_tick"":4,""pitch"":62,""tie"":""none"",""voice_token"":""voice_8c73be""},{""duration_tick"":4,""onset_tick"":6,""pitch"":61,""tie"":""none"",""voice_token"":""voice_8c73be""},{""duration_tick"":4,""onset_tick"":10,""pitch"":61,""tie"":""none"",""voice_token"":""voice_8c73be""},{""duration_tick"":8,""onset_tick"":14,""pitch"":65,""tie"":""none"",""voice_token"":""voice_8c73be""}]}"
music_2d1a13181235d0,"{""events"":[{""duration_tick"":4,""onset_tick"":0,""pitch"":68,""tie"":""none"",""voice_token"":""voice_adeebf""},{""duration_tick"":2,""onset_tick"":4,""pitch"":67,""tie"":""none"",""voice_token"":""voice_adeebf""},{""duration_tick"":2,""onset_tick"":6,""pitch"":-1,""tie"":""none"",""voice_token"":""voice_adeebf""},{""duration_tick"":2,""onset_tick"":8,""pitch"":-1,""tie"":""none"",""voice_token"":""voice_adeebf""},{""duration_tick"":2,""onset_tick"":10,""pitch"":-1,""tie"":""none"",""voice_token"":""voice_adeebf""},{""duration_tick"":4,""onset_tick"":12,""pitch"":67,""tie"":""none"",""voice_token"":""voice_adeebf""},{""duration_tick"":2,""onset_tick"":16,""pitch"":68,""tie"":""none"",""voice_token"":""voice_adeebf""}]}"
music_db5a87183925ba,"{""events"":[{""duration_tick"":2,""onset_tick"":0,""pitch"":73,""tie"":""none"",""voice_token"":""voice_bf2e2c""},{""duration_tick"":4,""onset_tick"":2,""pitch"":73,""tie"":""none"",""voice_token"":""voice_bf2e2c""},{""duration_tick"":4,""onset_tick"":6,""pitch"":72,""tie"":""none"",""voice_token"":""voice_bf2e2c""},{""duration_tick"":3,""onset_tick"":10,""pitch"":72,""tie"":""none"",""voice_token"":""voice_bf2e2c""},{""duration_tick"":1,""onset_tick"":13,""pitch"":63,""tie"":""none"",""voice_token"":""voice_bf2e2c""}]}"
music_35af6c33d73bcc,"{""events"":[{""duration_tick"":6,""onset_tick"":0,""pitch"":68,""tie"":""none"",""voice_token"":""voice_adeebf""},{""duration_tick"":4,""onset_tick"":6,""pitch"":65,""tie"":""none"",""voice_token"":""voice_adeebf""},{""duration_tick"":4,""onset_tick"":10,""pitch"":66,""tie"":""none"",""voice_token"":""voice_adeebf""},{""duration_tick"":12,""onset_tick"":14,""pitch"":70,""tie"":""none"",""voice_token"":""voice_adeebf""},{""duration_tick"":4,""onset_tick"":26,""pitch"":69,""tie"":""none"",""voice_token"":""voice_adeebf""},{""duration_tick"":8,""onset_tick"":30,""pitch"":65,""tie"":""none"",""voice_token"":""voice_adeebf""},{""duration_tick"":2,""onset_tick"":38,""pitch"":65,""tie"":""none"",""voice_token"":""voice_adeebf""}]}"
music_2b71a970f670fc,"{""events"":[{""duration_tick"":2,""onset_tick"":0,""pitch"":77,""tie"":""none"",""voice_token"":""voice_0284f7""},{""duration_tick"":4,""onset_tick"":2,""pitch"":75,""tie"":""none"",""voice_token"":""voice_0284f7""},{""duration_tick"":2,""onset_tick"":6,""pitch"":74,""tie"":""none"",""voice_token"":""voice_0284f7""},{""duration_tick"":2,""onset_tick"":8,""pitch"":70,""tie"":""none"",""voice_token"":""voice_0284f7""},{""duration_tick"":2,""onset_tick"":10,""pitch"":70,""tie"":""none"",""voice_token"":""voice_0284f7""},{""duration_tick"":2,""onset_tick"":12,""pitch"":70,""tie"":""none"",""voice_token"":""voice_0284f7""}]}"
music_ee7e2fad064438,"{""events"":[{""duration_tick"":7,""onset_tick"":0,""pitch"":69,""tie"":""none"",""voice_token"":""voice_adeebf""},{""duration_tick"":1,""onset_tick"":7,""pitch"":66,""tie"":""none"",""voice_token"":""voice_adeebf""},{""duration_tick"":1,""onset_tick"":8,""pitch"":70,""tie"":""none"",""voice_token"":""voice_adeebf""},{""duration_tick"":1,""onset_tick"":9,""pitch"":71,""tie"":""none"",""voice_token"":""voice_adeebf""},{""duration_tick"":1,""onset_tick"":10,""pitch"":71,""tie"":""none"",""voice_token"":""voice_adeebf""},{""duration_tick"":1,""onset_tick"":11,""pitch"":73,""tie"":""none"",""voice_token"":""voice_adeebf""}]}"
music_f615f2453175ba,"{""events"":[{""duration_tick"":4,""onset_tick"":0,""pitch"":72,""tie"":""none"",""voice_token"":""voice_adeebf""},{""duration_tick"":4,""onset_tick"":4,""pitch"":74,""tie"":""none"",""voice_token"":""voice_adeebf""},{""duration_tick"":4,""onset_tick"":8,""pitch"":72,""tie"":""none"",""voice_token"":""voice_adeebf""},{""duration_tick"":2,""onset_tick"":12,""pitch"":71,""tie"":""none"",""voice_token"":""voice_adeebf""},{""duration_tick"":2,""onset_tick"":14,""pitch"":69,""tie"":""none"",""voice_token"":""voice_adeebf""}]}"
music_d6df648a289a34,"{""events"":[{""duration_tick"":2,""onset_tick"":0,""pitch"":67,""tie"":""none"",""voice_token"":""voice_7574bc""},{""duration_tick"":2,""onset_tick"":2,""pitch"":65,""tie"":""none"",""voice_token"":""voice_7574bc""},{""duration_tick"":2,""onset_tick"":4,""pitch"":65,""tie"":""none"",""voice_token"":""voice_7574bc""},{""duration_tick"":2,""onset_tick"":6,""pitch"":65,""tie"":""none"",""voice_token"":""voice_7574bc""},{""duration_tick"":2,""onset_tick"":8,""pitch"":69,""tie"":""none"",""voice_token"":""voice_7574bc""},{""duration_tick"":2,""onset_tick"":10,""pitch"":69,""tie"":""none"",""voice_token"":""voice_7574bc""},{""duration_tick"":2,""onset_tick"":12,""pitch"":70,""tie"":""none"",""voice_token"":""voice_7574bc""}]}"
music_275459464bd120,"{""events"":[{""duration_tick"":2,""onset_tick"":0,""pitch"":69,""tie"":""none"",""voice_token"":""voice_c979c0""},{""duration_tick"":2,""onset_tick"":2,""pitch"":71,""tie"":""none"",""voice_token"":""voice_c979c0""},{""duration_tick"":2,""onset_tick"":4,""pitch"":67,""tie"":""none"",""voice_token"":""voice_c979c0""},{""duration_tick"":2,""onset_tick"":6,""pitch"":66,""tie"":""none"",""voice_token"":""voice_c979c0""},{""duration_tick"":2,""onset_tick"":8,""pitch"":66,""tie"":""none"",""voice_token"":""voice_c979c0""},{""duration_tick"":2,""onset_tick"":10,""pitch"":67,""tie"":""none"",""voice_token"":""voice_c979c0""},{""duration_tick"":2,""onset_tick"":12,""pitch"":67,""tie"":""none"",""voice_token"":""voice_c979c0""}]}"
music_06d2eef2831599,"{""events"":[{""duration_tick"":4,""onset_tick"":0,""pitch"":71,""tie"":""none"",""voice_token"":""voice_0284f7""},{""duration_tick"":4,""onset_tick"":4,""pitch"":71,""tie"":""none"",""voice_token"":""voice_0284f7""},{""duration_tick"":4,""onset_tick"":8,""pitch"":67,""tie"":""none"",""voice_token"":""voice_0284f7""},{""duration_tick"":4,""onset_tick"":12,""pitch"":68,""tie"":""none"",""voice_token"":""voice_0284f7""},{""duration_tick"":4,""onset_tick"":16,""pitch"":67,""tie"":""none"",""voice_token"":""voice_0284f7""},{""duration_tick"":4,""onset_tick"":20,""pitch"":66,""tie"":""none"",""voice_token"":""voice_0284f7""}]}"
music_b9302c8a7d26a2,"{""events"":[{""duration_tick"":2,""onset_tick"":0,""pitch"":68,""tie"":""none"",""voice_token"":""voice_adeebf""},{""duration_tick"":4,""onset_tick"":2,""pitch"":69,""tie"":""none"",""voice_token"":""voice_adeebf""},{""duration_tick"":2,""onset_tick"":6,""pitch"":66,""tie"":""none"",""voice_token"":""voice_adeebf""},{""duration_tick"":2,""onset_tick"":8,""pitch"":68,""tie"":""none"",""voice_token"":""voice_adeebf""},{""duration_tick"":2,""onset_tick"":10,""pitch"":71,""tie"":""none"",""voice_token"":""voice_adeebf""},{""duration_tick"":2,""onset_tick"":12,""pitch"":73,""tie"":""start"",""voice_token"":""voice_adeebf""}]}"
music_8d7bc236ea77b2,"{""events"":[{""duration_tick"":4,""onset_tick"":0,""pitch"":69,""tie"":""none"",""voice_token"":""voice_8c73be""},{""duration_tick"":4,""onset_tick"":4,""pitch"":67,""tie"":""none"",""voice_token"":""voice_8c73be""},{""duration_tick"":4,""onset_tick"":8,""pitch"":65,""tie"":""none"",""voice_token"":""voice_8c73be""},{""duration_tick"":8,""onset_tick"":12,""pitch"":63,""tie"":""none"",""voice_token"":""voice_8c73be""},{""duration_tick"":4,""onset_tick"":20,""pitch"":64,""tie"":""none"",""voice_token"":""voice_8c73be""}]}"
music_22181baff89611,"{""events"":[{""duration_tick"":1,""onset_tick"":0,""pitch"":72,""tie"":""none"",""voice_token"":""voice_adeebf""},{""duration_tick"":2,""onset_tick"":1,""pitch"":71,""tie"":""none"",""voice_token"":""voice_adeebf""},{""duration_tick"":2,""onset_tick"":3,""pitch"":68,""tie"":""none"",""voice_token"":""voice_adeebf""},{""duration_tick"":4,""onset_tick"":5,""pitch"":69,""tie"":""none"",""voice_token"":""voice_adeebf""}]}"
music_ea7469b15e3513,"{""events"":[{""duration_tick"":4,""onset_tick"":0,""pitch"":68,""tie"":""none"",""voice_token"":""voice_bf2e2c""},{""duration_tick"":4,""onset_tick"":4,""pitch"":68,""tie"":""none"",""voice_token"":""voice_bf2e2c""},{""duration_tick"":4,""onset_tick"":8,""pitch"":68,""tie"":""none"",""voice_token"":""voice_bf2e2c""},{""duration_tick"":4,""onset_tick"":12,""pitch"":68,""tie"":""none"",""voice_token"":""voice_bf2e2c""},{""duration_tick"":4,""onset_tick"":16,""pitch"":68,""tie"":""none"",""voice_token"":""voice_bf2e2c""},{""duration_tick"":4,""onset_tick"":20,""pitch"":68,""tie"":""none"",""voice_token"":""voice_bf2e2c""}]}"
music_130a102dc08466,"{""events"":[{""duration_tick"":4,""onset_tick"":0,""pitch"":55,""tie"":""none"",""voice_token"":""voice_bf4e1e""},{""duration_tick"":4,""onset_tick"":4,""pitch"":52,""tie"":""none"",""voice_token"":""voice_bf4e1e""},{""duration_tick"":8,""onset_tick"":8,""pitch"":54,""tie"":""none"",""voice_token"":""voice_bf4e1e""},{""duration_tick"":8,""onset_tick"":16,""pitch"":55,""tie"":""none"",""voice_token"":""voice_bf4e1e""}]}"
music_2edb4b55cd8ae9,"{""events"":[{""duration_tick"":1,""onset_tick"":0,""pitch"":-1,""tie"":""none"",""voice_token"":""voice_381ded""},{""duration_tick"":1,""onset_tick"":1,""pitch"":66,""tie"":""none"",""voice_token"":""voice_381ded""},{""duration_tick"":1,""onset_tick"":2,""pitch"":68,""tie"":""none"",""voice_token"":""voice_381ded""},{""duration_tick"":1,""onset_tick"":3,""pitch"":69,""tie"":""none"",""voice_token"":""voice_381ded""},{""duration_tick"":1,""onset_tick"":4,""pitch"":68,""tie"":""none"",""voice_token"":""voice_381ded""},{""duration_tick"":1,""onset_tick"":5,""pitch"":69,""tie"":""none"",""voice_token"":""voice_381ded""},{""duration_tick"":1,""onset_tick"":6,""pitch"":68,""tie"":""none"",""voice_token"":""voice_381ded""}]}"
music_0767b7b113eb09,"{""events"":[{""duration_tick"":2,""onset_tick"":0,""pitch"":57,""tie"":""none"",""voice_token"":""voice_bdd9b1""},{""duration_tick"":6,""onset_tick"":2,""pitch"":57,""tie"":""none"",""voice_token"":""voice_bdd9b1""},{""duration_tick"":4,""onset_tick"":8,""pitch"":59,""tie"":""none"",""voice_token"":""voice_bdd9b1""},{""duration_tick"":2,""onset_tick"":12,""pitch"":59,""tie"":""none"",""voice_token"":""voice_bdd9b1""},{""duration_tick"":4,""onset_tick"":14,""pitch"":61,""tie"":""none"",""voice_token"":""voice_bdd9b1""},{""duration_tick"":2,""onset_tick"":18,""pitch"":59,""tie"":""none"",""voice_token"":""voice_bdd9b1""}]}"
music_b66cfaff387d96,"{""events"":[{""duration_tick"":2,""onset_tick"":0,""pitch"":72,""tie"":""none"",""voice_token"":""voice_adeebf""},{""duration_tick"":2,""onset_tick"":2,""pitch"":72,""tie"":""none"",""voice_token"":""voice_adeebf""},{""duration_tick"":4,""onset_tick"":4,""pitch"":73,""tie"":""none"",""voice_token"":""voice_adeebf""},{""duration_tick"":2,""onset_tick"":8,""pitch"":73,""tie"":""none"",""voice_token"":""voice_adeebf""},{""duration_tick"":2,""onset_tick"":10,""pitch"":73,""tie"":""none"",""voice_token"":""voice_adeebf""},{""duration_tick"":2,""onset_tick"":12,""pitch"":73,""tie"":""none"",""voice_token"":""voice_adeebf""}]}"
music_84e5df9785da43,"{""events"":[{""duration_tick"":4,""onset_tick"":0,""pitch"":74,""tie"":""none"",""voice_token"":""voice_adeebf""},{""duration_tick"":2,""onset_tick"":4,""pitch"":74,""tie"":""none"",""voice_token"":""voice_adeebf""},{""duration_tick"":2,""onset_tick"":6,""pitch"":72,""tie"":""none"",""voice_token"":""voice_adeebf""},{""duration_tick"":2,""onset_tick"":8,""pitch"":72,""tie"":""none"",""voice_token"":""voice_adeebf""},{""duration_tick"":2,""onset_tick"":10,""pitch"":78,""tie"":""none"",""voice_token"":""voice_adeebf""},{""duration_tick"":3,""onset_tick"":12,""pitch"":71,""tie"":""none"",""voice_token"":""voice_adeebf""},{""duration_tick"":1,""onset_tick"":15,""pitch"":71,""tie"":""none"",""voice_token"":""voice_adeebf""}]}"
music_eb1873b27f20d5,"{""events"":[{""duration_tick"":2,""onset_tick"":0,""pitch"":-1,""tie"":""none"",""voice_token"":""voice_bf2e2c""},{""duration_tick"":4,""onset_tick"":2,""pitch"":69,""tie"":""none"",""voice_token"":""voice_bf2e2c""},{""duration_tick"":2,""onset_tick"":6,""pitch"":69,""tie"":""none"",""voice_token"":""voice_bf2e2c""},{""duration_tick"":4,""onset_tick"":8,""pitch"":71,""tie"":""none"",""voice_token"":""voice_bf2e2c""},{""duration_tick"":2,""onset_tick"":12,""pitch"":64,""tie"":""none"",""voice_token"":""voice_bf2e2c""},{""duration_tick"":2,""onset_tick"":14,""pitch"":66,""tie"":""none"",""voice_token"":""voice_bf2e2c""},{""duration_tick"":2,""onset_tick"":16,""pitch"":71,""tie"":""none"",""voice_token"":""voice_bf2e2c""}]}"
music_bae100be306135,"{""events"":[{""duration_tick"":4,""onset_tick"":0,""pitch"":62,""tie"":""none"",""voice_token"":""voice_bdd9b1""},{""duration_tick"":4,""onset_tick"":4,""pitch"":59,""tie"":""none"",""voice_token"":""voice_bdd9b1""},{""duration_tick"":4,""onset_tick"":8,""pitch"":57,""tie"":""none"",""voice_token"":""voice_bdd9b1""},{""duration_tick"":6,""onset_tick"":12,""pitch"":59,""tie"":""none"",""voice_token"":""voice_bdd9b1""},{""duration_tick"":2,""onset_tick"":18,""pitch"":57,""tie"":""none"",""voice_token"":""voice_bdd9b1""},{""duration_tick"":4,""onset_tick"":20,""pitch"":57,""tie"":""none"",""voice_token"":""voice_bdd9b1""}]}"
music_5f702a2aae5373,"{""events"":[{""duration_tick"":1,""onset_tick"":0,""pitch"":65,""tie"":""none"",""voice_token"":""voice_bf2e2c""},{""duration_tick"":2,""onset_tick"":1,""pitch"":65,""tie"":""none"",""voice_token"":""voice_bf2e2c""},{""duration_tick"":3,""onset_tick"":3,""pitch"":66,""tie"":""none"",""voice_token"":""voice_bf2e2c""},{""duration_tick"":1,""onset_tick"":6,""pitch"":68,""tie"":""none"",""voice_token"":""voice_bf2e2c""},{""duration_tick"":2,""onset_tick"":7,""pitch"":70,""tie"":""none"",""voice_token"":""voice_bf2e2c""},{""duration_tick"":12,""onset_tick"":9,""pitch"":-1,""tie"":""none"",""voice_token"":""voice_bf2e2c""},{""duration_tick"":3,""onset_tick"":21,""pitch"":73,""tie"":""none"",""voice_token"":""voice_bf2e2c""}]}"
music_563ed2bdb8f452,"{""events"":[{""duration_tick"":6,""onset_tick"":0,""pitch"":73,""tie"":""none"",""voice_token"":""voice_adeebf""},{""duration_tick"":6,""onset_tick"":6,""pitch"":73,""tie"":""none"",""voice_token"":""voice_adeebf""},{""duration_tick"":2,""onset_tick"":12,""pitch"":70,""tie"":""none"",""voice_token"":""voice_adeebf""},{""duration_tick"":4,""onset_tick"":14,""pitch"":71,""tie"":""none"",""voice_token"":""voice_adeebf""}]}"
music_b23b467738297d,"{""events"":[{""duration_tick"":6,""onset_tick"":0,""pitch"":69,""tie"":""none"",""voice_token"":""voice_adeebf""},{""duration_tick"":2,""onset_tick"":6,""pitch"":68,""tie"":""none"",""voice_token"":""voice_adeebf""},{""duration_tick"":2,""onset_tick"":8,""pitch"":69,""tie"":""none"",""voice_token"":""voice_adeebf""},{""duration_tick"":1,""onset_tick"":10,""pitch"":69,""tie"":""none"",""voice_token"":""voice_adeebf""},{""duration_tick"":1,""onset_tick"":11,""pitch"":66,""tie"":""none"",""voice_token"":""voice_adeebf""}]}"
music_a3cdaff49bd210,"{""events"":[{""duration_tick"":8,""onset_tick"":0,""pitch"":-1,""tie"":""none"",""voice_token"":""voice_0331f8""},{""duration_tick"":4,""onset_tick"":8,""pitch"":66,""tie"":""none"",""voice_token"":""voice_0331f8""},{""duration_tick"":8,""onset_tick"":12,""pitch"":66,""tie"":""none"",""voice_token"":""voice_0331f8""},{""duration_tick"":4,""onset_tick"":20,""pitch"":75,""tie"":""none"",""voice_token"":""voice_0331f8""},{""duration_tick"":4,""onset_tick"":24,""pitch"":78,""tie"":""none"",""voice_token"":""voice_0331f8""},{""duration_tick"":4,""onset_tick"":28,""pitch"":75,""tie"":""none"",""voice_token"":""voice_0331f8""}]}"
music_5311877a187374,"{""events"":[{""duration_tick"":4,""onset_tick"":0,""pitch"":62,""tie"":""none"",""voice_token"":""voice_0331f8""},{""duration_tick"":8,""onset_tick"":4,""pitch"":69,""tie"":""none"",""voice_token"":""voice_0331f8""},{""duration_tick"":4,""onset_tick"":12,""pitch"":71,""tie"":""none"",""voice_token"":""voice_0331f8""},{""duration_tick"":2,""onset_tick"":16,""pitch"":69,""tie"":""none"",""voice_token"":""voice_0331f8""}]}"
music_9568992099bd31,"{""events"":[{""duration_tick"":2,""onset_tick"":0,""pitch"":66,""tie"":""none"",""voice_token"":""voice_1628af""},{""duration_tick"":2,""onset_tick"":2,""pitch"":66,""tie"":""none"",""voice_token"":""voice_1628af""},{""duration_tick"":2,""onset_tick"":4,""pitch"":64,""tie"":""none"",""voice_token"":""voice_1628af""},{""duration_tick"":6,""onset_tick"":6,""pitch"":66,""tie"":""none"",""voice_token"":""voice_1628af""}]}"
music_ae69724e4e49a4,"{""events"":[{""duration_tick"":2,""onset_tick"":0,""pitch"":64,""tie"":""none"",""voice_token"":""voice_0331f8""},{""duration_tick"":2,""onset_tick"":2,""pitch"":66,""tie"":""none"",""voice_token"":""voice_0331f8""},{""duration_tick"":2,""onset_tick"":4,""pitch"":66,""tie"":""none"",""voice_token"":""voice_0331f8""},{""duration_tick"":2,""onset_tick"":6,""pitch"":66,""tie"":""none"",""voice_token"":""voice_0331f8""},{""duration_tick"":2,""onset_tick"":8,""pitch"":67,""tie"":""none"",""voice_token"":""voice_0331f8""},{""duration_tick"":2,""onset_tick"":10,""pitch"":66,""tie"":""none"",""voice_token"":""voice_0331f8""},{""duration_tick"":4,""onset_tick"":12,""pitch"":66,""tie"":""start"",""voice_token"":""voice_0331f8""}]}"
music_903be5aa4a659f,"{""events"":[{""duration_tick"":1,""onset_tick"":0,""pitch"":64,""tie"":""none"",""voice_token"":""voice_bf2e2c""},{""duration_tick"":1,""onset_tick"":1,""pitch"":64,""tie"":""none"",""voice_token"":""voice_bf2e2c""},{""duration_tick"":4,""onset_tick"":2,""pitch"":64,""tie"":""none"",""voice_token"":""voice_bf2e2c""},{""duration_tick"":4,""onset_tick"":6,""pitch"":67,""tie"":""none"",""voice_token"":""voice_bf2e2c""}]}"
music_e471e1145b4217,"{""events"":[{""duration_tick"":4,""onset_tick"":0,""pitch"":76,""tie"":""none"",""voice_token"":""voice_bf2e2c""},{""duration_tick"":4,""onset_tick"":4,""pitch"":76,""tie"":""none"",""voice_token"":""voice_bf2e2c""},{""duration_tick"":4,""onset_tick"":8,""pitch"":76,""tie"":""none"",""voice_token"":""voice_bf2e2c""},{""duration_tick"":4,""onset_tick"":12,""pitch"":76,""tie"":""none"",""voice_token"":""voice_bf2e2c""},{""duration_tick"":4,""onset_tick"":16,""pitch"":76,""tie"":""none"",""voice_token"":""voice_bf2e2c""},{""duration_tick"":4,""onset_tick"":20,""pitch"":76,""tie"":""none"",""voice_token"":""voice_bf2e2c""},{""duration_tick"":4,""onset_tick"":24,""pitch"":76,""tie"":""none"",""voice_token"":""voice_bf2e2c""}]}"
music_c1a0ef58753ce7,"{""events"":[{""duration_tick"":1,""onset_tick"":0,""pitch"":74,""tie"":""none"",""voice_token"":""voice_bf2e2c""},{""duration_tick"":2,""onset_tick"":1,""pitch"":73,""tie"":""none"",""voice_token"":""voice_bf2e2c""},{""duration_tick"":2,""onset_tick"":3,""pitch"":71,""tie"":""none"",""voice_token"":""voice_bf2e2c""},{""duration_tick"":2,""onset_tick"":5,""pitch"":69,""tie"":""none"",""voice_token"":""voice_bf2e2c""}]}"
music_251fa393a8418b,"{""events"":[{""duration_tick"":4,""onset_tick"":0,""pitch"":74,""tie"":""none"",""voice_token"":""voice_adeebf""},{""duration_tick"":4,""onset_tick"":4,""pitch"":71,""tie"":""none"",""voice_token"":""voice_adeebf""},{""duration_tick"":2,""onset_tick"":8,""pitch"":74,""tie"":""none"",""voice_token"":""voice_adeebf""},{""duration_tick"":2,""onset_tick"":10,""pitch"":74,""tie"":""none"",""voice_token"":""voice_adeebf""}]}"
music_7f47abcc703361,"{""events"":[{""duration_tick"":4,""onset_tick"":0,""pitch"":65,""tie"":""none"",""voice_token"":""voice_adeebf""},{""duration_tick"":4,""onset_tick"":4,""pitch"":63,""tie"":""none"",""voice_token"":""voice_adeebf""},{""duration_tick"":4,""onset_tick"":8,""pitch"":61,""tie"":""none"",""voice_token"":""voice_adeebf""},{""duration_tick"":4,""onset_tick"":12,""pitch"":68,""tie"":""none"",""voice_token"":""voice_adeebf""},{""duration_tick"":12,""onset_tick"":16,""pitch"":68,""tie"":""none"",""voice_token"":""voice_adeebf""},{""duration_tick"":8,""onset_tick"":28,""pitch"":67,""tie"":""none"",""voice_token"":""voice_adeebf""}]}"
music_fc3b0d1bb0450b,"{""events"":[{""duration_tick"":4,""onset_tick"":0,""pitch"":65,""tie"":""none"",""voice_token"":""voice_bf2e2c""},{""duration_tick"":1,""onset_tick"":4,""pitch"":65,""tie"":""none"",""voice_token"":""voice_bf2e2c""},{""duration_tick"":1,""onset_tick"":5,""pitch"":65,""tie"":""none"",""voice_token"":""voice_bf2e2c""},{""duration_tick"":1,""onset_tick"":6,""pitch"":65,""tie"":""none"",""voice_token"":""voice_bf2e2c""},{""duration_tick"":1,""onset_tick"":7,""pitch"":65,""tie"":""none"",""voice_token"":""voice_bf2e2c""}]}"
music_8fc3f7adf26606,"{""events"":[{""duration_tick"":4,""onset_tick"":0,""pitch"":75,""tie"":""none"",""voice_token"":""voice_adeebf""},{""duration_tick"":8,""onset_tick"":4,""pitch"":72,""tie"":""none"",""voice_token"":""voice_adeebf""},{""duration_tick"":4,""onset_tick"":12,""pitch"":63,""tie"":""none"",""voice_token"":""voice_adeebf""},{""duration_tick"":4,""onset_tick"":16,""pitch"":65,""tie"":""none"",""voice_token"":""voice_adeebf""}]}"
music_4c335131375143,"{""events"":[{""duration_tick"":4,""onset_tick"":0,""pitch"":66,""tie"":""none"",""voice_token"":""voice_adeebf""},{""duration_tick"":8,""onset_tick"":4,""pitch"":69,""tie"":""none"",""voice_token"":""voice_adeebf""},{""duration_tick"":4,""onset_tick"":12,""pitch"":67,""tie"":""none"",""voice_token"":""voice_adeebf""},{""duration_tick"":4,""onset_tick"":16,""pitch"":66,""tie"":""none"",""voice_token"":""voice_adeebf""},{""duration_tick"":12,""onset_tick"":20,""pitch"":64,""tie"":""none"",""voice_token"":""voice_adeebf""},{""duration_tick"":4,""onset_tick"":32,""pitch"":64,""tie"":""start"",""voice_token"":""voice_adeebf""}]}"
music_5fcc894f17f06b,"{""events"":[{""duration_tick"":2,""onset_tick"":0,""pitch"":65,""tie"":""none"",""voice_token"":""voice_58b2be""},{""duration_tick"":2,""onset_tick"":2,""pitch"":63,""tie"":""none"",""voice_token"":""voice_58b2be""},{""duration_tick"":2,""onset_tick"":4,""pitch"":63,""tie"":""none"",""voice_token"":""voice_58b2be""},{""duration_tick"":6,""onset_tick"":6,""pitch"":63,""tie"":""none"",""voice_token"":""voice_58b2be""},{""duration_tick"":2,""onset_tick"":12,""pitch"":62,""tie"":""none"",""voice_token"":""voice_58b2be""}]}"
music_9922bed1e843c8,"{""events"":[{""duration_tick"":2,""onset_tick"":0,""pitch"":67,""tie"":""none"",""voice_token"":""voice_adeebf""},{""duration_tick"":4,""onset_tick"":2,""pitch"":68,""tie"":""none"",""voice_token"":""voice_adeebf""},{""duration_tick"":4,""onset_tick"":6,""pitch"":67,""tie"":""none"",""voice_token"":""voice_adeebf""},{""duration_tick"":2,""onset_tick"":10,""pitch"":74,""tie"":""none"",""voice_token"":""voice_adeebf""},{""duration_tick"":2,""onset_tick"":12,""pitch"":70,""tie"":""none"",""voice_token"":""voice_adeebf""}]}"
music_d9c57ccb6b5ddf,"{""events"":[{""duration_tick"":16,""onset_tick"":0,""pitch"":72,""tie"":""none"",""voice_token"":""voice_bf2e2c""},{""duration_tick"":8,""onset_tick"":16,""pitch"":70,""tie"":""none"",""voice_token"":""voice_bf2e2c""},{""duration_tick"":4,""onset_tick"":24,""pitch"":63,""tie"":""none"",""voice_token"":""voice_bf2e2c""},{""duration_tick"":4,""onset_tick"":28,""pitch"":70,""tie"":""none"",""voice_token"":""voice_bf2e2c""}]}"
music_3372c5dffd773d,"{""events"":[{""duration_tick"":4,""onset_tick"":0,""pitch"":68,""tie"":""none"",""voice_token"":""voice_adeebf""},{""duration_tick"":2,""onset_tick"":4,""pitch"":66,""tie"":""none"",""voice_token"":""voice_adeebf""},{""duration_tick"":2,""onset_tick"":6,""pitch"":64,""tie"":""none"",""voice_token"":""voice_adeebf""},{""duration_tick"":2,""onset_tick"":8,""pitch"":66,""tie"":""none"",""voice_token"":""voice_adeebf""}]}"
music_ffe3fe296552e2,"{""events"":[{""duration_tick"":2,""onset_tick"":0,""pitch"":76,""tie"":""none"",""voice_token"":""voice_adeebf""},{""duration_tick"":2,""onset_tick"":2,""pitch"":78,""tie"":""none"",""voice_token"":""voice_adeebf""},{""duration_tick"":2,""onset_tick"":4,""pitch"":76,""tie"":""none"",""voice_token"":""voice_adeebf""},{""duration_tick"":2,""onset_tick"":6,""pitch"":74,""tie"":""none"",""voice_token"":""voice_adeebf""},{""duration_tick"":1,""onset_tick"":8,""pitch"":75,""tie"":""none"",""voice_token"":""voice_adeebf""},{""duration_tick"":1,""onset_tick"":9,""pitch"":75,""tie"":""none"",""voice_token"":""voice_adeebf""}]}"
music_6fcaab224208e9,"{""events"":[{""duration_tick"":4,""onset_tick"":0,""pitch"":-1,""tie"":""none"",""voice_token"":""voice_0331f8""},{""duration_tick"":4,""onset_tick"":4,""pitch"":-1,""tie"":""none"",""voice_token"":""voice_0331f8""},{""duration_tick"":4,""onset_tick"":8,""pitch"":-1,""tie"":""none"",""voice_token"":""voice_0331f8""},{""duration_tick"":4,""onset_tick"":12,""pitch"":-1,""tie"":""none"",""voice_token"":""voice_0331f8""},{""duration_tick"":4,""onset_tick"":16,""pitch"":-1,""tie"":""none"",""voice_token"":""voice_0331f8""},{""duration_tick"":2,""onset_tick"":20,""pitch"":-1,""tie"":""none"",""voice_token"":""voice_0331f8""},{""duration_tick"":2,""onset_tick"":22,""pitch"":-1,""tie"":""none"",""voice_token"":""voice_0331f8""}]}"
music_1ca34f5672417b,"{""events"":[{""duration_tick"":4,""onset_tick"":0,""pitch"":66,""tie"":""none"",""voice_token"":""voice_adeebf""},{""duration_tick"":8,""onset_tick"":4,""pitch"":68,""tie"":""none"",""voice_token"":""voice_adeebf""},{""duration_tick"":8,""onset_tick"":12,""pitch"":70,""tie"":""none"",""voice_token"":""voice_adeebf""},{""duration_tick"":16,""onset_tick"":20,""pitch"":72,""tie"":""none"",""voice_token"":""voice_adeebf""},{""duration_tick"":8,""onset_tick"":36,""pitch"":73,""tie"":""none"",""voice_token"":""voice_adeebf""},{""duration_tick"":4,""onset_tick"":44,""pitch"":72,""tie"":""none"",""voice_token"":""voice_adeebf""}]}"
music_c8ab983dfdf637,"{""events"":[{""duration_tick"":2,""onset_tick"":0,""pitch"":68,""tie"":""none"",""voice_token"":""voice_8c73be""},{""duration_tick"":4,""onset_tick"":2,""pitch"":69,""tie"":""none"",""voice_token"":""voice_8c73be""},{""duration_tick"":2,""onset_tick"":6,""pitch"":69,""tie"":""none"",""voice_token"":""voice_8c73be""},{""duration_tick"":4,""onset_tick"":8,""pitch"":69,""tie"":""none"",""voice_token"":""voice_8c73be""},{""duration_tick"":2,""onset_tick"":12,""pitch"":69,""tie"":""none"",""voice_token"":""voice_8c73be""}]}"
music_e16ad4ef611e0d,"{""events"":[{""duration_tick"":8,""onset_tick"":0,""pitch"":-1,""tie"":""none"",""voice_token"":""voice_381ded""},{""duration_tick"":8,""onset_tick"":8,""pitch"":-1,""tie"":""none"",""voice_token"":""voice_381ded""},{""duration_tick"":4,""onset_tick"":16,""pitch"":-1,""tie"":""none"",""voice_token"":""voice_381ded""},{""duration_tick"":4,""onset_tick"":20,""pitch"":-1,""tie"":""none"",""voice_token"":""voice_381ded""},{""duration_tick"":16,""onset_tick"":24,""pitch"":-1,""tie"":""none"",""voice_token"":""voice_381ded""},{""duration_tick"":16,""onset_tick"":40,""pitch"":-1,""tie"":""none"",""voice_token"":""voice_381ded""}]}"
music_25fc8e2dc6bb0d,"{""events"":[{""duration_tick"":1,""onset_tick"":0,""pitch"":72,""tie"":""none"",""voice_token"":""voice_adeebf""},{""duration_tick"":4,""onset_tick"":1,""pitch"":74,""tie"":""none"",""voice_token"":""voice_adeebf""},{""duration_tick"":4,""onset_tick"":5,""pitch"":74,""tie"":""none"",""voice_token"":""voice_adeebf""},{""duration_tick"":8,""onset_tick"":9,""pitch"":-1,""tie"":""none"",""voice_token"":""voice_adeebf""},{""duration_tick"":16,""onset_tick"":17,""pitch"":-1,""tie"":""none"",""voice_token"":""voice_adeebf""},{""duration_tick"":16,""onset_tick"":33,""pitch"":-1,""tie"":""none"",""voice_token"":""voice_adeebf""}]}"
music_9b14d5f0732759,"{""events"":[{""duration_tick"":2,""onset_tick"":0,""pitch"":74,""tie"":""none"",""voice_token"":""voice_adeebf""},{""duration_tick"":6,""onset_tick"":2,""pitch"":74,""tie"":""none"",""voice_token"":""voice_adeebf""},{""duration_tick"":6,""onset_tick"":8,""pitch"":74,""tie"":""none"",""voice_token"":""voice_adeebf""},{""duration_tick"":12,""onset_tick"":14,""pitch"":74,""tie"":""none"",""voice_token"":""voice_adeebf""},{""duration_tick"":4,""onset_tick"":26,""pitch"":74,""tie"":""none"",""voice_token"":""voice_adeebf""},{""duration_tick"":2,""onset_tick"":30,""pitch"":74,""tie"":""start"",""voice_token"":""voice_adeebf""}]}"
music_71997c55cf8a19,"{""events"":[{""duration_tick"":2,""onset_tick"":0,""pitch"":69,""tie"":""none"",""voice_token"":""voice_bf2e2c""},{""duration_tick"":2,""onset_tick"":2,""pitch"":72,""tie"":""none"",""voice_token"":""voice_bf2e2c""},{""duration_tick"":1,""onset_tick"":4,""pitch"":65,""tie"":""none"",""voice_token"":""voice_bf2e2c""},{""duration_tick"":1,""onset_tick"":5,""pitch"":67,""tie"":""none"",""voice_token"":""voice_bf2e2c""},{""duration_tick"":1,""onset_tick"":6,""pitch"":69,""tie"":""none"",""voice_token"":""voice_bf2e2c""}]}"
music_9fdaa41b0c27e4,"{""events"":[{""duration_tick"":2,""onset_tick"":0,""pitch"":-1,""tie"":""none"",""voice_token"":""voice_bf2e2c""},{""duration_tick"":2,""onset_tick"":2,""pitch"":66,""tie"":""none"",""voice_token"":""voice_bf2e2c""},{""duration_tick"":6,""onset_tick"":4,""pitch"":66,""tie"":""none"",""voice_token"":""voice_bf2e2c""},{""duration_tick"":4,""onset_tick"":10,""pitch"":69,""tie"":""none"",""voice_token"":""voice_bf2e2c""},{""duration_tick"":2,""onset_tick"":14,""pitch"":69,""tie"":""none"",""voice_token"":""voice_bf2e2c""},{""duration_tick"":6,""onset_tick"":16,""pitch"":71,""tie"":""start"",""voice_token"":""voice_bf2e2c""}]}"
music_862b43d8b3f0aa,"{""events"":[{""duration_tick"":2,""onset_tick"":0,""pitch"":76,""tie"":""none"",""voice_token"":""voice_adeebf""},{""duration_tick"":2,""onset_tick"":2,""pitch"":74,""tie"":""none"",""voice_token"":""voice_adeebf""},{""duration_tick"":2,""onset_tick"":4,""pitch"":74,""tie"":""none"",""voice_token"":""voice_adeebf""},{""duration_tick"":4,""onset_tick"":6,""pitch"":72,""tie"":""none"",""voice_token"":""voice_adeebf""},{""duration_tick"":4,""onset_tick"":10,""pitch"":70,""tie"":""none"",""voice_token"":""voice_adeebf""},{""duration_tick"":2,""onset_tick"":14,""pitch"":72,""tie"":""none"",""voice_token"":""voice_adeebf""},{""duration_tick"":4,""onset_tick"":16,""pitch"":69,""tie"":""none"",""voice_token"":""voice_adeebf""}]}"
music_9decb9dc5f2649,"{""events"":[{""duration_tick"":2,""onset_tick"":0,""pitch"":68,""tie"":""none"",""voice_token"":""voice_0331f8""},{""duration_tick"":2,""onset_tick"":2,""pitch"":70,""tie"":""none"",""voice_token"":""voice_0331f8""},{""duration_tick"":2,""onset_tick"":4,""pitch"":68,""tie"":""none"",""voice_token"":""voice_0331f8""},{""duration_tick"":2,""onset_tick"":6,""pitch"":66,""tie"":""none"",""voice_token"":""voice_0331f8""},{""duration_tick"":2,""onset_tick"":8,""pitch"":66,""tie"":""none"",""voice_token"":""voice_0331f8""}]}"
music_574203f520c6e2,"{""events"":[{""duration_tick"":1,""onset_tick"":0,""pitch"":68,""tie"":""none"",""voice_token"":""voice_bf2e2c""},{""duration_tick"":1,""onset_tick"":1,""pitch"":65,""tie"":""none"",""voice_token"":""voice_bf2e2c""},{""duration_tick"":2,""onset_tick"":2,""pitch"":66,""tie"":""none"",""voice_token"":""voice_bf2e2c""},{""duration_tick"":2,""onset_tick"":4,""pitch"":68,""tie"":""none"",""voice_token"":""voice_bf2e2c""},{""duration_tick"":2,""onset_tick"":6,""pitch"":66,""tie"":""none"",""voice_token"":""voice_bf2e2c""}]}"
music_7250f1f9fb8414,"{""events"":[{""duration_tick"":4,""onset_tick"":0,""pitch"":74,""tie"":""none"",""voice_token"":""voice_bf2e2c""},{""duration_tick"":8,""onset_tick"":4,""pitch"":72,""tie"":""none"",""voice_token"":""voice_bf2e2c""},{""duration_tick"":4,""onset_tick"":12,""pitch"":69,""tie"":""none"",""voice_token"":""voice_bf2e2c""},{""duration_tick"":8,""onset_tick"":16,""pitch"":70,""tie"":""none"",""voice_token"":""voice_bf2e2c""}]}"
music_45a23f4ca3d897,"{""events"":[{""duration_tick"":4,""onset_tick"":0,""pitch"":61,""tie"":""none"",""voice_token"":""voice_adeebf""},{""duration_tick"":4,""onset_tick"":4,""pitch"":61,""tie"":""none"",""voice_token"":""voice_adeebf""},{""duration_tick"":4,""onset_tick"":8,""pitch"":61,""tie"":""none"",""voice_token"":""voice_adeebf""},{""duration_tick"":4,""onset_tick"":12,""pitch"":61,""tie"":""none"",""voice_token"":""voice_adeebf""},{""duration_tick"":4,""onset_tick"":16,""pitch"":61,""tie"":""none"",""voice_token"":""voice_adeebf""}]}"
music_86a0f2e1c65f15,"{""events"":[{""duration_tick"":2,""onset_tick"":0,""pitch"":73,""tie"":""none"",""voice_token"":""voice_bf2e2c""},{""duration_tick"":2,""onset_tick"":2,""pitch"":70,""tie"":""none"",""voice_token"":""voice_bf2e2c""},{""duration_tick"":2,""onset_tick"":4,""pitch"":70,""tie"":""none"",""voice_token"":""voice_bf2e2c""},{""duration_tick"":4,""onset_tick"":6,""pitch"":70,""tie"":""none"",""voice_token"":""voice_bf2e2c""}]}"
music_701a5fdc7a13e9,"{""events"":[{""duration_tick"":2,""onset_tick"":0,""pitch"":72,""tie"":""none"",""voice_token"":""voice_bf2e2c""},{""duration_tick"":4,""onset_tick"":2,""pitch"":70,""tie"":""none"",""voice_token"":""voice_bf2e2c""},{""duration_tick"":4,""onset_tick"":6,""pitch"":68,""tie"":""none"",""voice_token"":""voice_bf2e2c""},{""duration_tick"":2,""onset_tick"":10,""pitch"":69,""tie"":""none"",""voice_token"":""voice_bf2e2c""},{""duration_tick"":2,""onset_tick"":12,""pitch"":69,""tie"":""none"",""voice_token"":""voice_bf2e2c""}]}"
music_37b8243226947b,"{""events"":[{""duration_tick"":4,""onset_tick"":0,""pitch"":65,""tie"":""none"",""voice_token"":""voice_7574bc""},{""duration_tick"":3,""onset_tick"":4,""pitch"":67,""tie"":""none"",""voice_token"":""voice_7574bc""},{""duration_tick"":1,""onset_tick"":7,""pitch"":67,""tie"":""none"",""voice_token"":""voice_7574bc""},{""duration_tick"":1,""onset_tick"":8,""pitch"":67,""tie"":""none"",""voice_token"":""voice_7574bc""},{""duration_tick"":1,""onset_tick"":9,""pitch"":69,""tie"":""none"",""voice_token"":""voice_7574bc""},{""duration_tick"":2,""onset_tick"":10,""pitch"":67,""tie"":""none"",""voice_token"":""voice_7574bc""}]}"
music_312b05b304533b,"{""events"":[{""duration_tick"":2,""onset_tick"":0,""pitch"":72,""tie"":""none"",""voice_token"":""voice_adeebf""},{""duration_tick"":2,""onset_tick"":2,""pitch"":72,""tie"":""none"",""voice_token"":""voice_adeebf""},{""duration_tick"":2,""onset_tick"":4,""pitch"":72,""tie"":""none"",""voice_token"":""voice_adeebf""},{""duration_tick"":2,""onset_tick"":6,""pitch"":72,""tie"":""none"",""voice_token"":""voice_adeebf""}]}"
music_e3228d0bb9f7e3,"{""events"":[{""duration_tick"":4,""onset_tick"":0,""pitch"":66,""tie"":""none"",""voice_token"":""voice_adeebf""},{""duration_tick"":4,""onset_tick"":4,""pitch"":67,""tie"":""none"",""voice_token"":""voice_adeebf""},{""duration_tick"":2,""onset_tick"":8,""pitch"":67,""tie"":""none"",""voice_token"":""voice_adeebf""},{""duration_tick"":2,""onset_tick"":10,""pitch"":67,""tie"":""none"",""voice_token"":""voice_adeebf""},{""duration_tick"":2,""onset_tick"":12,""pitch"":66,""tie"":""none"",""voice_token"":""voice_adeebf""},{""duration_tick"":2,""onset_tick"":14,""pitch"":66,""tie"":""none"",""voice_token"":""voice_adeebf""},{""duration_tick"":2,""onset_tick"":16,""pitch"":66,""tie"":""none"",""voice_token"":""voice_adeebf""}]}"
music_47d2fb8d194018,"{""events"":[{""duration_tick"":4,""onset_tick"":0,""pitch"":-1,""tie"":""none"",""voice_token"":""voice_bf2e2c""},{""duration_tick"":4,""onset_tick"":4,""pitch"":70,""tie"":""none"",""voice_token"":""voice_bf2e2c""},{""duration_tick"":4,""onset_tick"":8,""pitch"":70,""tie"":""none"",""voice_token"":""voice_bf2e2c""},{""duration_tick"":4,""onset_tick"":12,""pitch"":70,""tie"":""none"",""voice_token"":""voice_bf2e2c""},{""duration_tick"":4,""onset_tick"":16,""pitch"":72,""tie"":""none"",""voice_token"":""voice_bf2e2c""},{""duration_tick"":8,""onset_tick"":20,""pitch"":72,""tie"":""none"",""voice_token"":""voice_bf2e2c""},{""duration_tick"":4,""onset_tick"":28,""pitch"":70,""tie"":""start"",""voice_token"":""voice_bf2e2c""}]}"
music_3e75d7a927e9bd,"{""events"":[{""duration_tick"":4,""onset_tick"":0,""pitch"":60,""tie"":""none"",""voice_token"":""voice_adeebf""},{""duration_tick"":4,""onset_tick"":4,""pitch"":65,""tie"":""none"",""voice_token"":""voice_adeebf""},{""duration_tick"":4,""onset_tick"":8,""pitch"":65,""tie"":""none"",""voice_token"":""voice_adeebf""},{""duration_tick"":4,""onset_tick"":12,""pitch"":65,""tie"":""none"",""voice_token"":""voice_adeebf""},{""duration_tick"":8,""onset_tick"":16,""pitch"":64,""tie"":""none"",""voice_token"":""voice_adeebf""},{""duration_tick"":8,""onset_tick"":24,""pitch"":-1,""tie"":""none"",""voice_token"":""voice_adeebf""}]}"
music_e093535c8d8b18,"{""events"":[{""duration_tick"":2,""onset_tick"":0,""pitch"":70,""tie"":""none"",""voice_token"":""voice_bf2e2c""},{""duration_tick"":1,""onset_tick"":2,""pitch"":71,""tie"":""none"",""voice_token"":""voice_bf2e2c""},{""duration_tick"":1,""onset_tick"":3,""pitch"":73,""tie"":""none"",""voice_token"":""voice_bf2e2c""},{""duration_tick"":1,""onset_tick"":4,""pitch"":75,""tie"":""none"",""voice_token"":""voice_bf2e2c""},{""duration_tick"":1,""onset_tick"":5,""pitch"":73,""tie"":""none"",""voice_token"":""voice_bf2e2c""},{""duration_tick"":1,""onset_tick"":6,""pitch"":73,""tie"":""none"",""voice_token"":""voice_bf2e2c""}]}"
music_0aa1d6cf972dc9,"{""events"":[{""duration_tick"":2,""onset_tick"":0,""pitch"":75,""tie"":""none"",""voice_token"":""voice_bf2e2c""},{""duration_tick"":2,""onset_tick"":2,""pitch"":75,""tie"":""none"",""voice_token"":""voice_bf2e2c""},{""duration_tick"":2,""onset_tick"":4,""pitch"":74,""tie"":""none"",""voice_token"":""voice_bf2e2c""},{""duration_tick"":2,""onset_tick"":6,""pitch"":73,""tie"":""none"",""voice_token"":""voice_bf2e2c""},{""duration_tick"":4,""onset_tick"":8,""pitch"":74,""tie"":""none"",""voice_token"":""voice_bf2e2c""},{""duration_tick"":2,""onset_tick"":12,""pitch"":72,""tie"":""none"",""voice_token"":""voice_bf2e2c""},{""duration_tick"":1,""onset_tick"":14,""pitch"":72,""tie"":""none"",""voice_token"":""voice_bf2e2c""}]}"
music_1e6821f22e374a,"{""events"":[{""duration_tick"":1,""onset_tick"":0,""pitch"":72,""tie"":""none"",""voice_token"":""voice_385a97""},{""duration_tick"":1,""onset_tick"":1,""pitch"":71,""tie"":""none"",""voice_token"":""voice_385a97""},{""duration_tick"":1,""onset_tick"":2,""pitch"":69,""tie"":""none"",""voice_token"":""voice_385a97""},{""duration_tick"":1,""onset_tick"":3,""pitch"":73,""tie"":""none"",""voice_token"":""voice_385a97""}]}"
music_103de63b5f792a,"{""events"":[{""duration_tick"":4,""onset_tick"":0,""pitch"":76,""tie"":""none"",""voice_token"":""voice_755b18""},{""duration_tick"":4,""onset_tick"":4,""pitch"":74,""tie"":""none"",""voice_token"":""voice_755b18""},{""duration_tick"":4,""onset_tick"":8,""pitch"":74,""tie"":""none"",""voice_token"":""voice_755b18""},{""duration_tick"":4,""onset_tick"":12,""pitch"":74,""tie"":""none"",""voice_token"":""voice_755b18""},{""duration_tick"":4,""onset_tick"":16,""pitch"":73,""tie"":""none"",""voice_token"":""voice_755b18""},{""duration_tick"":4,""onset_tick"":20,""pitch"":73,""tie"":""none"",""voice_token"":""voice_755b18""}]}"
music_a8eb65978f1e90,"{""events"":[{""duration_tick"":4,""onset_tick"":0,""pitch"":62,""tie"":""none"",""voice_token"":""voice_adeebf""},{""duration_tick"":4,""onset_tick"":4,""pitch"":62,""tie"":""none"",""voice_token"":""voice_adeebf""},{""duration_tick"":2,""onset_tick"":8,""pitch"":65,""tie"":""none"",""voice_token"":""voice_adeebf""},{""duration_tick"":2,""onset_tick"":10,""pitch"":69,""tie"":""none"",""voice_token"":""voice_adeebf""},{""duration_tick"":2,""onset_tick"":12,""pitch"":69,""tie"":""none"",""voice_token"":""voice_adeebf""}]}"
music_407a07cffc26b4,"{""events"":[{""duration_tick"":2,""onset_tick"":0,""pitch"":66,""tie"":""none"",""voice_token"":""voice_bf2e2c""},{""duration_tick"":4,""onset_tick"":2,""pitch"":63,""tie"":""none"",""voice_token"":""voice_bf2e2c""},{""duration_tick"":2,""onset_tick"":6,""pitch"":64,""tie"":""none"",""voice_token"":""voice_bf2e2c""},{""duration_tick"":2,""onset_tick"":8,""pitch"":64,""tie"":""none"",""voice_token"":""voice_bf2e2c""},{""duration_tick"":2,""onset_tick"":10,""pitch"":63,""tie"":""none"",""voice_token"":""voice_bf2e2c""}]}"
music_bb46929ab981ec,"{""events"":[{""duration_tick"":2,""onset_tick"":0,""pitch"":67,""tie"":""none"",""voice_token"":""voice_adeebf""},{""duration_tick"":2,""onset_tick"":2,""pitch"":67,""tie"":""none"",""voice_token"":""voice_adeebf""},{""duration_tick"":2,""onset_tick"":4,""pitch"":67,""tie"":""none"",""voice_token"":""voice_adeebf""},{""duration_tick"":2,""onset_tick"":6,""pitch"":67,""tie"":""none"",""voice_token"":""voice_adeebf""},{""duration_tick"":2,""onset_tick"":8,""pitch"":65,""tie"":""none"",""voice_token"":""voice_adeebf""},{""duration_tick"":2,""onset_tick"":10,""pitch"":67,""tie"":""none"",""voice_token"":""voice_adeebf""}]}"
music_d03cab6df2fffd,"{""events"":[{""duration_tick"":2,""onset_tick"":0,""pitch"":77,""tie"":""none"",""voice_token"":""voice_adeebf""},{""duration_tick"":2,""onset_tick"":2,""pitch"":76,""tie"":""none"",""voice_token"":""voice_adeebf""},{""duration_tick"":4,""onset_tick"":4,""pitch"":76,""tie"":""none"",""voice_token"":""voice_adeebf""},{""duration_tick"":2,""onset_tick"":8,""pitch"":72,""tie"":""none"",""voice_token"":""voice_adeebf""}]}"
music_7d1bacb82195d2,"{""events"":[{""duration_tick"":4,""onset_tick"":0,""pitch"":69,""tie"":""none"",""voice_token"":""voice_e8cd7c""},{""duration_tick"":4,""onset_tick"":4,""pitch"":71,""tie"":""none"",""voice_token"":""voice_e8cd7c""},{""duration_tick"":8,""onset_tick"":8,""pitch"":69,""tie"":""none"",""voice_token"":""voice_e8cd7c""},{""duration_tick"":4,""onset_tick"":16,""pitch"":-1,""tie"":""none"",""voice_token"":""voice_e8cd7c""},{""duration_tick"":8,""onset_tick"":20,""pitch"":-1,""tie"":""none"",""voice_token"":""voice_e8cd7c""}]}"
music_d914ce857878e6,"{""events"":[{""duration_tick"":4,""onset_tick"":0,""pitch"":71,""tie"":""none"",""voice_token"":""voice_adeebf""},{""duration_tick"":2,""onset_tick"":4,""pitch"":72,""tie"":""none"",""voice_token"":""voice_adeebf""},{""duration_tick"":2,""onset_tick"":6,""pitch"":72,""tie"":""none"",""voice_token"":""voice_adeebf""},{""duration_tick"":4,""onset_tick"":8,""pitch"":69,""tie"":""none"",""voice_token"":""voice_adeebf""},{""duration_tick"":2,""onset_tick"":12,""pitch"":69,""tie"":""none"",""voice_token"":""voice_adeebf""},{""duration_tick"":2,""onset_tick"":14,""pitch"":74,""tie"":""none"",""voice_token"":""voice_adeebf""}]}"
music_d2a703b955f875,"{""events"":[{""duration_tick"":2,""onset_tick"":0,""pitch"":79,""tie"":""none"",""voice_token"":""voice_bf2e2c""},{""duration_tick"":4,""onset_tick"":2,""pitch"":79,""tie"":""none"",""voice_token"":""voice_bf2e2c""},{""duration_tick"":4,""onset_tick"":6,""pitch"":79,""tie"":""none"",""voice_token"":""voice_bf2e2c""},{""duration_tick"":4,""onset_tick"":10,""pitch"":77,""tie"":""none"",""voice_token"":""voice_bf2e2c""},{""duration_tick"":4,""onset_tick"":14,""pitch"":76,""tie"":""none"",""voice_token"":""voice_bf2e2c""},{""duration_tick"":6,""onset_tick"":18,""pitch"":76,""tie"":""none"",""voice_token"":""voice_bf2e2c""}]}"
music_a26aa693135c93,"{""events"":[{""duration_tick"":2,""onset_tick"":0,""pitch"":72,""tie"":""none"",""voice_token"":""voice_bf2e2c""},{""duration_tick"":2,""onset_tick"":2,""pitch"":67,""tie"":""none"",""voice_token"":""voice_bf2e2c""},{""duration_tick"":2,""onset_tick"":4,""pitch"":67,""tie"":""none"",""voice_token"":""voice_bf2e2c""},{""duration_tick"":2,""onset_tick"":6,""pitch"":72,""tie"":""none"",""voice_token"":""voice_bf2e2c""},{""duration_tick"":2,""onset_tick"":8,""pitch"":67,""tie"":""none"",""voice_token"":""voice_bf2e2c""},{""duration_tick"":1,""onset_tick"":10,""pitch"":65,""tie"":""none"",""voice_token"":""voice_bf2e2c""}]}"
music_d1b5a6fb8570be,"{""events"":[{""duration_tick"":4,""onset_tick"":0,""pitch"":73,""tie"":""none"",""voice_token"":""voice_047f34""},{""duration_tick"":4,""onset_tick"":4,""pitch"":71,""tie"":""none"",""voice_token"":""voice_047f34""},{""duration_tick"":4,""onset_tick"":8,""pitch"":73,""tie"":""none"",""voice_token"":""voice_047f34""},{""duration_tick"":4,""onset_tick"":12,""pitch"":71,""tie"":""none"",""voice_token"":""voice_047f34""},{""duration_tick"":12,""onset_tick"":16,""pitch"":76,""tie"":""none"",""voice_token"":""voice_047f34""}]}"
music_2354364bef01b5,"{""events"":[{""duration_tick"":6,""onset_tick"":0,""pitch"":74,""tie"":""none"",""voice_token"":""voice_adeebf""},{""duration_tick"":2,""onset_tick"":6,""pitch"":72,""tie"":""none"",""voice_token"":""voice_adeebf""},{""duration_tick"":6,""onset_tick"":8,""pitch"":72,""tie"":""none"",""voice_token"":""voice_adeebf""},{""duration_tick"":2,""onset_tick"":14,""pitch"":72,""tie"":""none"",""voice_token"":""voice_adeebf""},{""duration_tick"":4,""onset_tick"":16,""pitch"":72,""tie"":""none"",""voice_token"":""voice_adeebf""},{""duration_tick"":2,""onset_tick"":20,""pitch"":72,""tie"":""none"",""voice_token"":""voice_adeebf""}]}"
music_d454efeb630fc5,"{""events"":[{""duration_tick"":4,""onset_tick"":0,""pitch"":71,""tie"":""none"",""voice_token"":""voice_7574bc""},{""duration_tick"":4,""onset_tick"":4,""pitch"":68,""tie"":""none"",""voice_token"":""voice_7574bc""},{""duration_tick"":3,""onset_tick"":8,""pitch"":68,""tie"":""none"",""voice_token"":""voice_7574bc""},{""duration_tick"":1,""onset_tick"":11,""pitch"":71,""tie"":""none"",""voice_token"":""voice_7574bc""}]}"
music_bff457ac99995a,"{""events"":[{""duration_tick"":2,""onset_tick"":0,""pitch"":67,""tie"":""none"",""voice_token"":""voice_0284f7""},{""duration_tick"":2,""onset_tick"":2,""pitch"":66,""tie"":""none"",""voice_token"":""voice_0284f7""},{""duration_tick"":2,""onset_tick"":4,""pitch"":66,""tie"":""none"",""voice_token"":""voice_0284f7""},{""duration_tick"":2,""onset_tick"":6,""pitch"":66,""tie"":""none"",""voice_token"":""voice_0284f7""},{""duration_tick"":2,""onset_tick"":8,""pitch"":66,""tie"":""none"",""voice_token"":""voice_0284f7""},{""duration_tick"":2,""onset_tick"":10,""pitch"":67,""tie"":""none"",""voice_token"":""voice_0284f7""},{""duration_tick"":2,""onset_tick"":12,""pitch"":67,""tie"":""none"",""voice_token"":""voice_0284f7""}]}"
music_0dec62c63c30eb,"{""events"":[{""duration_tick"":1,""onset_tick"":0,""pitch"":71,""tie"":""none"",""voice_token"":""voice_bf2e2c""},{""duration_tick"":1,""onset_tick"":1,""pitch"":71,""tie"":""none"",""voice_token"":""voice_bf2e2c""},{""duration_tick"":1,""onset_tick"":2,""pitch"":71,""tie"":""none"",""voice_token"":""voice_bf2e2c""},{""duration_tick"":1,""onset_tick"":3,""pitch"":71,""tie"":""none"",""voice_token"":""voice_bf2e2c""},{""duration_tick"":1,""onset_tick"":4,""pitch"":71,""tie"":""none"",""voice_token"":""voice_bf2e2c""}]}"
music_03533c95cd675f,"{""events"":[{""duration_tick"":4,""onset_tick"":0,""pitch"":63,""tie"":""none"",""voice_token"":""voice_bf2e2c""},{""duration_tick"":4,""onset_tick"":4,""pitch"":65,""tie"":""none"",""voice_token"":""voice_bf2e2c""},{""duration_tick"":4,""onset_tick"":8,""pitch"":65,""tie"":""none"",""voice_token"":""voice_bf2e2c""},{""duration_tick"":4,""onset_tick"":12,""pitch"":-1,""tie"":""none"",""voice_token"":""voice_bf2e2c""},{""duration_tick"":4,""onset_tick"":16,""pitch"":-1,""tie"":""none"",""voice_token"":""voice_bf2e2c""},{""duration_tick"":3,""onset_tick"":20,""pitch"":73,""tie"":""none"",""voice_token"":""voice_bf2e2c""}]}"
music_ff667146d18443,"{""events"":[{""duration_tick"":4,""onset_tick"":0,""pitch"":71,""tie"":""none"",""voice_token"":""voice_bf2e2c""},{""duration_tick"":4,""onset_tick"":4,""pitch"":64,""tie"":""none"",""voice_token"":""voice_bf2e2c""},{""duration_tick"":4,""onset_tick"":8,""pitch"":66,""tie"":""none"",""voice_token"":""voice_bf2e2c""},{""duration_tick"":4,""onset_tick"":12,""pitch"":66,""tie"":""none"",""voice_token"":""voice_bf2e2c""}]}"
music_a81313b6b4b323,"{""events"":[{""duration_tick"":2,""onset_tick"":0,""pitch"":71,""tie"":""none"",""voice_token"":""voice_adeebf""},{""duration_tick"":2,""onset_tick"":2,""pitch"":69,""tie"":""none"",""voice_token"":""voice_adeebf""},{""duration_tick"":8,""onset_tick"":4,""pitch"":69,""tie"":""none"",""voice_token"":""voice_adeebf""},{""duration_tick"":2,""onset_tick"":12,""pitch"":-1,""tie"":""none"",""voice_token"":""voice_adeebf""}]}"
music_d125e9e2114096,"{""events"":[{""duration_tick"":4,""onset_tick"":0,""pitch"":62,""tie"":""none"",""voice_token"":""voice_bf2e2c""},{""duration_tick"":4,""onset_tick"":4,""pitch"":64,""tie"":""none"",""voice_token"":""voice_bf2e2c""},{""duration_tick"":4,""onset_tick"":8,""pitch"":64,""tie"":""none"",""voice_token"":""voice_bf2e2c""},{""duration_tick"":4,""onset_tick"":12,""pitch"":64,""tie"":""none"",""voice_token"":""voice_bf2e2c""}]}"
music_e516dcce5ebef8,"{""events"":[{""duration_tick"":4,""onset_tick"":0,""pitch"":69,""tie"":""none"",""voice_token"":""voice_adeebf""},{""duration_tick"":2,""onset_tick"":4,""pitch"":67,""tie"":""none"",""voice_token"":""voice_adeebf""},{""duration_tick"":6,""onset_tick"":6,""pitch"":75,""tie"":""none"",""voice_token"":""voice_adeebf""},{""duration_tick"":4,""onset_tick"":12,""pitch"":74,""tie"":""none"",""voice_token"":""voice_adeebf""},{""duration_tick"":2,""onset_tick"":16,""pitch"":72,""tie"":""none"",""voice_token"":""voice_adeebf""}]}"
music_4e1683a31bd2a2,"{""events"":[{""duration_tick"":2,""onset_tick"":0,""pitch"":70,""tie"":""none"",""voice_token"":""voice_bf2e2c""},{""duration_tick"":2,""onset_tick"":2,""pitch"":69,""tie"":""none"",""voice_token"":""voice_bf2e2c""},{""duration_tick"":4,""onset_tick"":4,""pitch"":70,""tie"":""none"",""voice_token"":""voice_bf2e2c""},{""duration_tick"":2,""onset_tick"":8,""pitch"":70,""tie"":""none"",""voice_token"":""voice_bf2e2c""},{""duration_tick"":6,""onset_tick"":10,""pitch"":67,""tie"":""none"",""voice_token"":""voice_bf2e2c""},{""duration_tick"":3,""onset_tick"":16,""pitch"":74,""tie"":""none"",""voice_token"":""voice_bf2e2c""}]}"
music_ddb57bad029ad4,"{""events"":[{""duration_tick"":1,""onset_tick"":0,""pitch"":82,""tie"":""none"",""voice_token"":""voice_54ffbf""},{""duration_tick"":1,""onset_tick"":1,""pitch"":82,""tie"":""none"",""voice_token"":""voice_54ffbf""},{""duration_tick"":1,""onset_tick"":2,""pitch"":75,""tie"":""none"",""voice_token"":""voice_54ffbf""},{""duration_tick"":1,""onset_tick"":3,""pitch"":73,""tie"":""none"",""voice_token"":""voice_54ffbf""},{""duration_tick"":1,""onset_tick"":4,""pitch"":75,""tie"":""none"",""voice_token"":""voice_54ffbf""},{""duration_tick"":1,""onset_tick"":5,""pitch"":73,""tie"":""none"",""voice_token"":""voice_54ffbf""},{""duration_tick"":1,""onset_tick"":6,""pitch"":75,""tie"":""none"",""voice_token"":""voice_54ffbf""}]}"
music_94b994cd16b4cb,"{""events"":[{""duration_tick"":4,""onset_tick"":0,""pitch"":-1,""tie"":""none"",""voice_token"":""voice_adeebf""},{""duration_tick"":4,""onset_tick"":4,""pitch"":63,""tie"":""none"",""voice_token"":""voice_adeebf""},{""duration_tick"":4,""onset_tick"":8,""pitch"":67,""tie"":""none"",""voice_token"":""voice_adeebf""},{""duration_tick"":4,""onset_tick"":12,""pitch"":67,""tie"":""none"",""voice_token"":""voice_adeebf""},{""duration_tick"":2,""onset_tick"":16,""pitch"":65,""tie"":""none"",""voice_token"":""voice_adeebf""},{""duration_tick"":2,""onset_tick"":18,""pitch"":67,""tie"":""none"",""voice_token"":""voice_adeebf""}]}"
music_0ca860837cd95d,"{""events"":[{""duration_tick"":2,""onset_tick"":0,""pitch"":69,""tie"":""none"",""voice_token"":""voice_adeebf""},{""duration_tick"":2,""onset_tick"":2,""pitch"":67,""tie"":""none"",""voice_token"":""voice_adeebf""},{""duration_tick"":2,""onset_tick"":4,""pitch"":64,""tie"":""none"",""voice_token"":""voice_adeebf""},{""duration_tick"":2,""onset_tick"":6,""pitch"":62,""tie"":""none"",""voice_token"":""voice_adeebf""}]}"
music_c30656d43b31f5,"{""events"":[{""duration_tick"":12,""onset_tick"":0,""pitch"":68,""tie"":""none"",""voice_token"":""voice_0284f7""},{""duration_tick"":8,""onset_tick"":12,""pitch"":70,""tie"":""none"",""voice_token"":""voice_0284f7""},{""duration_tick"":4,""onset_tick"":20,""pitch"":68,""tie"":""none"",""voice_token"":""voice_0284f7""},{""duration_tick"":4,""onset_tick"":24,""pitch"":73,""tie"":""none"",""voice_token"":""voice_0284f7""},{""duration_tick"":4,""onset_tick"":28,""pitch"":70,""tie"":""none"",""voice_token"":""voice_0284f7""}]}"
music_8e14509fa703a2,"{""events"":[{""duration_tick"":8,""onset_tick"":0,""pitch"":69,""tie"":""none"",""voice_token"":""voice_adeebf""},{""duration_tick"":4,""onset_tick"":8,""pitch"":73,""tie"":""none"",""voice_token"":""voice_adeebf""},{""duration_tick"":4,""onset_tick"":12,""pitch"":-1,""tie"":""none"",""voice_token"":""voice_adeebf""},{""duration_tick"":16,""onset_tick"":16,""pitch"":-1,""tie"":""none"",""voice_token"":""voice_adeebf""},{""duration_tick"":16,""onset_tick"":32,""pitch"":-1,""tie"":""none"",""voice_token"":""voice_adeebf""},{""duration_tick"":16,""onset_tick"":48,""pitch"":-1,""tie"":""none"",""voice_token"":""voice_adeebf""}]}"
music_d6423177b61682,"{""events"":[{""duration_tick"":2,""onset_tick"":0,""pitch"":68,""tie"":""none"",""voice_token"":""voice_adeebf""},{""duration_tick"":2,""onset_tick"":2,""pitch"":68,""tie"":""none"",""voice_token"":""voice_adeebf""},{""duration_tick"":4,""onset_tick"":4,""pitch"":70,""tie"":""none"",""voice_token"":""voice_adeebf""},{""duration_tick"":4,""onset_tick"":8,""pitch"":68,""tie"":""none"",""voice_token"":""voice_adeebf""},{""duration_tick"":4,""onset_tick"":12,""pitch"":-1,""tie"":""none"",""voice_token"":""voice_adeebf""},{""duration_tick"":24,""onset_tick"":16,""pitch"":-1,""tie"":""none"",""voice_token"":""voice_adeebf""}]}"
music_05cde2f06a0102,"{""events"":[{""duration_tick"":6,""onset_tick"":0,""pitch"":61,""tie"":""none"",""voice_token"":""voice_adeebf""},{""duration_tick"":4,""onset_tick"":6,""pitch"":61,""tie"":""none"",""voice_token"":""voice_adeebf""},{""duration_tick"":2,""onset_tick"":10,""pitch"":61,""tie"":""none"",""voice_token"":""voice_adeebf""},{""duration_tick"":2,""onset_tick"":12,""pitch"":61,""tie"":""none"",""voice_token"":""voice_adeebf""},{""duration_tick"":2,""onset_tick"":14,""pitch"":61,""tie"":""none"",""voice_token"":""voice_adeebf""}]}"
music_ddd547fe621366,"{""events"":[{""duration_tick"":2,""onset_tick"":0,""pitch"":70,""tie"":""none"",""voice_token"":""voice_bf2e2c""},{""duration_tick"":2,""onset_tick"":2,""pitch"":70,""tie"":""none"",""voice_token"":""voice_bf2e2c""},{""duration_tick"":1,""onset_tick"":4,""pitch"":68,""tie"":""none"",""voice_token"":""voice_bf2e2c""},{""duration_tick"":1,""onset_tick"":5,""pitch"":70,""tie"":""none"",""voice_token"":""voice_bf2e2c""}]}"
music_9381951984e64b,"{""events"":[{""duration_tick"":2,""onset_tick"":0,""pitch"":66,""tie"":""none"",""voice_token"":""voice_adeebf""},{""duration_tick"":2,""onset_tick"":2,""pitch"":69,""tie"":""none"",""voice_token"":""voice_adeebf""},{""duration_tick"":2,""onset_tick"":4,""pitch"":69,""tie"":""none"",""voice_token"":""voice_adeebf""},{""duration_tick"":4,""onset_tick"":6,""pitch"":69,""tie"":""none"",""voice_token"":""voice_adeebf""},{""duration_tick"":6,""onset_tick"":10,""pitch"":68,""tie"":""none"",""voice_token"":""voice_adeebf""}]}"
music_780160d2a31fc3,"{""events"":[{""duration_tick"":2,""onset_tick"":0,""pitch"":70,""tie"":""none"",""voice_token"":""voice_bf2e2c""},{""duration_tick"":2,""onset_tick"":2,""pitch"":70,""tie"":""none"",""voice_token"":""voice_bf2e2c""},{""duration_tick"":2,""onset_tick"":4,""pitch"":70,""tie"":""none"",""voice_token"":""voice_bf2e2c""},{""duration_tick"":2,""onset_tick"":6,""pitch"":70,""tie"":""none"",""voice_token"":""voice_bf2e2c""}]}"
music_66688f29560adf,"{""events"":[{""duration_tick"":4,""onset_tick"":0,""pitch"":64,""tie"":""none"",""voice_token"":""voice_0331f8""},{""duration_tick"":2,""onset_tick"":4,""pitch"":64,""tie"":""none"",""voice_token"":""voice_0331f8""},{""duration_tick"":2,""onset_tick"":6,""pitch"":64,""tie"":""none"",""voice_token"":""voice_0331f8""},{""duration_tick"":4,""onset_tick"":8,""pitch"":64,""tie"":""none"",""voice_token"":""voice_0331f8""},{""duration_tick"":4,""onset_tick"":12,""pitch"":64,""tie"":""none"",""voice_token"":""voice_0331f8""},{""duration_tick"":4,""onset_tick"":16,""pitch"":69,""tie"":""none"",""voice_token"":""voice_0331f8""},{""duration_tick"":4,""onset_tick"":20,""pitch"":69,""tie"":""none"",""voice_token"":""voice_0331f8""}]}"
music_1e91ae976deb34,"{""events"":[{""duration_tick"":3,""onset_tick"":0,""pitch"":70,""tie"":""none"",""voice_token"":""voice_adeebf""},{""duration_tick"":1,""onset_tick"":3,""pitch"":70,""tie"":""none"",""voice_token"":""voice_adeebf""},{""duration_tick"":4,""onset_tick"":4,""pitch"":72,""tie"":""none"",""voice_token"":""voice_adeebf""},{""duration_tick"":2,""onset_tick"":8,""pitch"":65,""tie"":""none"",""voice_token"":""voice_adeebf""},{""duration_tick"":2,""onset_tick"":10,""pitch"":63,""tie"":""none"",""voice_token"":""voice_adeebf""}]}"
music_30b9043183d0b4,"{""events"":[{""duration_tick"":1,""onset_tick"":0,""pitch"":69,""tie"":""none"",""voice_token"":""voice_adeebf""},{""duration_tick"":2,""onset_tick"":1,""pitch"":71,""tie"":""none"",""voice_token"":""voice_adeebf""},{""duration_tick"":2,""onset_tick"":3,""pitch"":69,""tie"":""none"",""voice_token"":""voice_adeebf""},{""duration_tick"":4,""onset_tick"":5,""pitch"":69,""tie"":""none"",""voice_token"":""voice_adeebf""}]}"
music_5911d3ede75c01,"{""events"":[{""duration_tick"":4,""onset_tick"":0,""pitch"":70,""tie"":""none"",""voice_token"":""voice_adeebf""},{""duration_tick"":8,""onset_tick"":4,""pitch"":66,""tie"":""none"",""voice_token"":""voice_adeebf""},{""duration_tick"":4,""onset_tick"":12,""pitch"":68,""tie"":""none"",""voice_token"":""voice_adeebf""},{""duration_tick"":4,""onset_tick"":16,""pitch"":68,""tie"":""none"",""voice_token"":""voice_adeebf""},{""duration_tick"":2,""onset_tick"":20,""pitch"":66,""tie"":""none"",""voice_token"":""voice_adeebf""}]}"
music_043a229c99371c,"{""events"":[{""duration_tick"":8,""onset_tick"":0,""pitch"":71,""tie"":""none"",""voice_token"":""voice_bf2e2c""},{""duration_tick"":4,""onset_tick"":8,""pitch"":71,""tie"":""none"",""voice_token"":""voice_bf2e2c""},{""duration_tick"":4,""onset_tick"":12,""pitch"":75,""tie"":""none"",""voice_token"":""voice_bf2e2c""},{""duration_tick"":4,""onset_tick"":16,""pitch"":76,""tie"":""none"",""voice_token"":""voice_bf2e2c""},{""duration_tick"":4,""onset_tick"":20,""pitch"":76,""tie"":""none"",""voice_token"":""voice_bf2e2c""},{""duration_tick"":4,""onset_tick"":24,""pitch"":73,""tie"":""none"",""voice_token"":""voice_bf2e2c""}]}"
music_8c97a0bf9f43a9,"{""events"":[{""duration_tick"":2,""onset_tick"":0,""pitch"":69,""tie"":""none"",""voice_token"":""voice_bf2e2c""},{""duration_tick"":2,""onset_tick"":2,""pitch"":67,""tie"":""none"",""voice_token"":""voice_bf2e2c""},{""duration_tick"":2,""onset_tick"":4,""pitch"":69,""tie"":""none"",""voice_token"":""voice_bf2e2c""},{""duration_tick"":2,""onset_tick"":6,""pitch"":67,""tie"":""none"",""voice_token"":""voice_bf2e2c""},{""duration_tick"":2,""onset_tick"":8,""pitch"":67,""tie"":""none"",""voice_token"":""voice_bf2e2c""},{""duration_tick"":2,""onset_tick"":10,""pitch"":67,""tie"":""none"",""voice_token"":""voice_bf2e2c""},{""duration_tick"":2,""onset_tick"":12,""pitch"":67,""tie"":""none"",""voice_token"":""voice_bf2e2c""}]}"
music_6f7c87683e86bf,"{""events"":[{""duration_tick"":4,""onset_tick"":0,""pitch"":76,""tie"":""none"",""voice_token"":""voice_7574bc""},{""duration_tick"":4,""onset_tick"":4,""pitch"":76,""tie"":""none"",""voice_token"":""voice_7574bc""},{""duration_tick"":2,""onset_tick"":8,""pitch"":69,""tie"":""none"",""voice_token"":""voice_7574bc""},{""duration_tick"":2,""onset_tick"":10,""pitch"":74,""tie"":""none"",""voice_token"":""voice_7574bc""},{""duration_tick"":2,""onset_tick"":12,""pitch"":74,""tie"":""none"",""voice_token"":""voice_7574bc""},{""duration_tick"":2,""onset_tick"":14,""pitch"":72,""tie"":""none"",""voice_token"":""voice_7574bc""}]}"
music_1d295d0dc7637b,"{""events"":[{""duration_tick"":4,""onset_tick"":0,""pitch"":62,""tie"":""none"",""voice_token"":""voice_adeebf""},{""duration_tick"":3,""onset_tick"":4,""pitch"":66,""tie"":""none"",""voice_token"":""voice_adeebf""},{""duration_tick"":1,""onset_tick"":7,""pitch"":66,""tie"":""none"",""voice_token"":""voice_adeebf""},{""duration_tick"":3,""onset_tick"":8,""pitch"":62,""tie"":""none"",""voice_token"":""voice_adeebf""},{""duration_tick"":1,""onset_tick"":11,""pitch"":66,""tie"":""none"",""voice_token"":""voice_adeebf""},{""duration_tick"":4,""onset_tick"":12,""pitch"":66,""tie"":""none"",""voice_token"":""voice_adeebf""},{""duration_tick"":4,""onset_tick"":16,""pitch"":64,""tie"":""none"",""voice_token"":""voice_adeebf""}]}"
music_c4ddf3376d4d75,"{""events"":[{""duration_tick"":2,""onset_tick"":0,""pitch"":70,""tie"":""none"",""voice_token"":""voice_0331f8""},{""duration_tick"":2,""onset_tick"":2,""pitch"":68,""tie"":""none"",""voice_token"":""voice_0331f8""},{""duration_tick"":1,""onset_tick"":4,""pitch"":68,""tie"":""none"",""voice_token"":""voice_0331f8""},{""duration_tick"":1,""onset_tick"":5,""pitch"":68,""tie"":""none"",""voice_token"":""voice_0331f8""}]}"
music_79163fb3880a3b,"{""events"":[{""duration_tick"":2,""onset_tick"":0,""pitch"":71,""tie"":""none"",""voice_token"":""voice_0331f8""},{""duration_tick"":8,""onset_tick"":2,""pitch"":73,""tie"":""none"",""voice_token"":""voice_0331f8""},{""duration_tick"":4,""onset_tick"":10,""pitch"":75,""tie"":""none"",""voice_token"":""voice_0331f8""},{""duration_tick"":8,""onset_tick"":14,""pitch"":77,""tie"":""none"",""voice_token"":""voice_0331f8""},{""duration_tick"":4,""onset_tick"":22,""pitch"":77,""tie"":""none"",""voice_token"":""voice_0331f8""},{""duration_tick"":4,""onset_tick"":26,""pitch"":78,""tie"":""none"",""voice_token"":""voice_0331f8""},{""duration_tick"":4,""onset_tick"":30,""pitch"":78,""tie"":""none"",""voice_token"":""voice_0331f8""}]}"
music_730969cfcfc78b,"{""events"":[{""duration_tick"":2,""onset_tick"":0,""pitch"":72,""tie"":""none"",""voice_token"":""voice_adeebf""},{""duration_tick"":2,""onset_tick"":2,""pitch"":75,""tie"":""none"",""voice_token"":""voice_adeebf""},{""duration_tick"":2,""onset_tick"":4,""pitch"":72,""tie"":""none"",""voice_token"":""voice_adeebf""},{""duration_tick"":2,""onset_tick"":6,""pitch"":67,""tie"":""none"",""voice_token"":""voice_adeebf""},{""duration_tick"":2,""onset_tick"":8,""pitch"":67,""tie"":""none"",""voice_token"":""voice_adeebf""},{""duration_tick"":6,""onset_tick"":10,""pitch"":67,""tie"":""none"",""voice_token"":""voice_adeebf""},{""duration_tick"":3,""onset_tick"":16,""pitch"":64,""tie"":""none"",""voice_token"":""voice_adeebf""}]}"
music_f48c2fdc1d6324,"{""events"":[{""duration_tick"":4,""onset_tick"":0,""pitch"":69,""tie"":""stop"",""voice_token"":""voice_adeebf""},{""duration_tick"":2,""onset_tick"":4,""pitch"":67,""tie"":""none"",""voice_token"":""voice_adeebf""},{""duration_tick"":4,""onset_tick"":6,""pitch"":69,""tie"":""none"",""voice_token"":""voice_adeebf""},{""duration_tick"":2,""onset_tick"":10,""pitch"":67,""tie"":""none"",""voice_token"":""voice_adeebf""}]}"
music_3a2c8e58e8ba0c,"{""events"":[{""duration_tick"":2,""onset_tick"":0,""pitch"":67,""tie"":""none"",""voice_token"":""voice_adeebf""},{""duration_tick"":4,""onset_tick"":2,""pitch"":69,""tie"":""none"",""voice_token"":""voice_adeebf""},{""duration_tick"":2,""onset_tick"":6,""pitch"":67,""tie"":""none"",""voice_token"":""voice_adeebf""},{""duration_tick"":4,""onset_tick"":8,""pitch"":69,""tie"":""none"",""voice_token"":""voice_adeebf""},{""duration_tick"":2,""onset_tick"":12,""pitch"":69,""tie"":""none"",""voice_token"":""voice_adeebf""}]}"
music_a5c16efe6c3225,"{""events"":[{""duration_tick"":2,""onset_tick"":0,""pitch"":68,""tie"":""none"",""voice_token"":""voice_0331f8""},{""duration_tick"":2,""onset_tick"":2,""pitch"":69,""tie"":""none"",""voice_token"":""voice_0331f8""},{""duration_tick"":1,""onset_tick"":4,""pitch"":68,""tie"":""none"",""voice_token"":""voice_0331f8""},{""duration_tick"":1,""onset_tick"":5,""pitch"":68,""tie"":""none"",""voice_token"":""voice_0331f8""},{""duration_tick"":2,""onset_tick"":6,""pitch"":66,""tie"":""none"",""voice_token"":""voice_0331f8""}]}"
music_02906c31676868,"{""events"":[{""duration_tick"":2,""onset_tick"":0,""pitch"":72,""tie"":""none"",""voice_token"":""voice_adeebf""},{""duration_tick"":2,""onset_tick"":2,""pitch"":76,""tie"":""none"",""voice_token"":""voice_adeebf""},{""duration_tick"":4,""onset_tick"":4,""pitch"":77,""tie"":""none"",""voice_token"":""voice_adeebf""},{""duration_tick"":2,""onset_tick"":8,""pitch"":79,""tie"":""none"",""voice_token"":""voice_adeebf""}]}"
music_65841268191e9b,"{""events"":[{""duration_tick"":8,""onset_tick"":0,""pitch"":59,""tie"":""none"",""voice_token"":""voice_bdd9b1""},{""duration_tick"":8,""onset_tick"":8,""pitch"":59,""tie"":""none"",""voice_token"":""voice_bdd9b1""},{""duration_tick"":8,""onset_tick"":16,""pitch"":61,""tie"":""none"",""voice_token"":""voice_bdd9b1""},{""duration_tick"":8,""onset_tick"":24,""pitch"":59,""tie"":""none"",""voice_token"":""voice_bdd9b1""},{""duration_tick"":8,""onset_tick"":32,""pitch"":-1,""tie"":""none"",""voice_token"":""voice_bdd9b1""}]}"
music_c0e2db5226b3af,"{""events"":[{""duration_tick"":4,""onset_tick"":0,""pitch"":71,""tie"":""none"",""voice_token"":""voice_adeebf""},{""duration_tick"":4,""onset_tick"":4,""pitch"":72,""tie"":""none"",""voice_token"":""voice_adeebf""},{""duration_tick"":4,""onset_tick"":8,""pitch"":71,""tie"":""none"",""voice_token"":""voice_adeebf""},{""duration_tick"":4,""onset_tick"":12,""pitch"":67,""tie"":""none"",""voice_token"":""voice_adeebf""}]}"
music_ea796b71f66b8b,"{""events"":[{""duration_tick"":1,""onset_tick"":0,""pitch"":68,""tie"":""none"",""voice_token"":""voice_bf2e2c""},{""duration_tick"":8,""onset_tick"":1,""pitch"":68,""tie"":""none"",""voice_token"":""voice_bf2e2c""},{""duration_tick"":4,""onset_tick"":9,""pitch"":68,""tie"":""none"",""voice_token"":""voice_bf2e2c""},{""duration_tick"":2,""onset_tick"":13,""pitch"":65,""tie"":""none"",""voice_token"":""voice_bf2e2c""}]}"
music_57953aee9f9405,"{""events"":[{""duration_tick"":4,""onset_tick"":0,""pitch"":77,""tie"":""none"",""voice_token"":""voice_adeebf""},{""duration_tick"":4,""onset_tick"":4,""pitch"":70,""tie"":""none"",""voice_token"":""voice_adeebf""},{""duration_tick"":4,""onset_tick"":8,""pitch"":70,""tie"":""none"",""voice_token"":""voice_adeebf""},{""duration_tick"":2,""onset_tick"":12,""pitch"":69,""tie"":""none"",""voice_token"":""voice_adeebf""}]}"
music_330b0109541afe,"{""events"":[{""duration_tick"":4,""onset_tick"":0,""pitch"":73,""tie"":""none"",""voice_token"":""voice_0331f8""},{""duration_tick"":4,""onset_tick"":4,""pitch"":75,""tie"":""none"",""voice_token"":""voice_0331f8""},{""duration_tick"":4,""onset_tick"":8,""pitch"":73,""tie"":""none"",""voice_token"":""voice_0331f8""},{""duration_tick"":8,""onset_tick"":12,""pitch"":73,""tie"":""none"",""voice_token"":""voice_0331f8""},{""duration_tick"":16,""onset_tick"":20,""pitch"":-1,""tie"":""none"",""voice_token"":""voice_0331f8""},{""duration_tick"":8,""onset_tick"":36,""pitch"":-1,""tie"":""none"",""voice_token"":""voice_0331f8""},{""duration_tick"":4,""onset_tick"":44,""pitch"":-1,""tie"":""none"",""voice_token"":""voice_0331f8""}]}"
music_becf22e4a0df50,"{""events"":[{""duration_tick"":2,""onset_tick"":0,""pitch"":71,""tie"":""none"",""voice_token"":""voice_adeebf""},{""duration_tick"":2,""onset_tick"":2,""pitch"":68,""tie"":""none"",""voice_token"":""voice_adeebf""},{""duration_tick"":2,""onset_tick"":4,""pitch"":66,""tie"":""none"",""voice_token"":""voice_adeebf""},{""duration_tick"":2,""onset_tick"":6,""pitch"":64,""tie"":""none"",""voice_token"":""voice_adeebf""},{""duration_tick"":2,""onset_tick"":8,""pitch"":63,""tie"":""none"",""voice_token"":""voice_adeebf""},{""duration_tick"":6,""onset_tick"":10,""pitch"":66,""tie"":""none"",""voice_token"":""voice_adeebf""}]}"
music_f827c2c973d24c,"{""events"":[{""duration_tick"":4,""onset_tick"":0,""pitch"":72,""tie"":""none"",""voice_token"":""voice_adeebf""},{""duration_tick"":4,""onset_tick"":4,""pitch"":72,""tie"":""none"",""voice_token"":""voice_adeebf""},{""duration_tick"":4,""onset_tick"":8,""pitch"":70,""tie"":""none"",""voice_token"":""voice_adeebf""},{""duration_tick"":4,""onset_tick"":12,""pitch"":70,""tie"":""none"",""voice_token"":""voice_adeebf""},{""duration_tick"":4,""onset_tick"":16,""pitch"":72,""tie"":""none"",""voice_token"":""voice_adeebf""}]}"
music_f7799d79697287,"{""events"":[{""duration_tick"":3,""onset_tick"":0,""pitch"":68,""tie"":""none"",""voice_token"":""voice_adeebf""},{""duration_tick"":1,""onset_tick"":3,""pitch"":71,""tie"":""none"",""voice_token"":""voice_adeebf""},{""duration_tick"":1,""onset_tick"":4,""pitch"":73,""tie"":""none"",""voice_token"":""voice_adeebf""},{""duration_tick"":1,""onset_tick"":5,""pitch"":73,""tie"":""none"",""voice_token"":""voice_adeebf""},{""duration_tick"":1,""onset_tick"":6,""pitch"":75,""tie"":""none"",""voice_token"":""voice_adeebf""}]}"
music_ec26e06100bcf9,"{""events"":[{""duration_tick"":2,""onset_tick"":0,""pitch"":71,""tie"":""none"",""voice_token"":""voice_0284f7""},{""duration_tick"":1,""onset_tick"":2,""pitch"":69,""tie"":""none"",""voice_token"":""voice_0284f7""},{""duration_tick"":1,""onset_tick"":3,""pitch"":68,""tie"":""none"",""voice_token"":""voice_0284f7""},{""duration_tick"":2,""onset_tick"":4,""pitch"":69,""tie"":""none"",""voice_token"":""voice_0284f7""}]}"
music_85e810e77aeed5,"{""events"":[{""duration_tick"":1,""onset_tick"":0,""pitch"":64,""tie"":""none"",""voice_token"":""voice_adeebf""},{""duration_tick"":2,""onset_tick"":1,""pitch"":64,""tie"":""none"",""voice_token"":""voice_adeebf""},{""duration_tick"":2,""onset_tick"":3,""pitch"":64,""tie"":""none"",""voice_token"":""voice_adeebf""},{""duration_tick"":2,""onset_tick"":5,""pitch"":72,""tie"":""none"",""voice_token"":""voice_adeebf""},{""duration_tick"":2,""onset_tick"":7,""pitch"":74,""tie"":""none"",""voice_token"":""voice_adeebf""}]}"
music_cb6684c022a3cf,"{""events"":[{""duration_tick"":4,""onset_tick"":0,""pitch"":60,""tie"":""none"",""voice_token"":""voice_bdd9b1""},{""duration_tick"":8,""onset_tick"":4,""pitch"":60,""tie"":""none"",""voice_token"":""voice_bdd9b1""},{""duration_tick"":4,""onset_tick"":12,""pitch"":64,""tie"":""none"",""voice_token"":""voice_bdd9b1""},{""duration_tick"":4,""onset_tick"":16,""pitch"":-1,""tie"":""none"",""voice_token"":""voice_bdd9b1""},{""duration_tick"":4,""onset_tick"":20,""pitch"":-1,""tie"":""none"",""voice_token"":""voice_bdd9b1""},{""duration_tick"":4,""onset_tick"":24,""pitch"":-1,""tie"":""none"",""voice_token"":""voice_bdd9b1""},{""duration_tick"":4,""onset_tick"":28,""pitch"":-1,""tie"":""none"",""voice_token"":""voice_bdd9b1""}]}"
music_0d72cf7eb0fa67,"{""events"":[{""duration_tick"":4,""onset_tick"":0,""pitch"":76,""tie"":""none"",""voice_token"":""voice_adeebf""},{""duration_tick"":2,""onset_tick"":4,""pitch"":74,""tie"":""none"",""voice_token"":""voice_adeebf""},{""duration_tick"":2,""onset_tick"":6,""pitch"":74,""tie"":""none"",""voice_token"":""voice_adeebf""},{""duration_tick"":4,""onset_tick"":8,""pitch"":74,""tie"":""none"",""voice_token"":""voice_adeebf""}]}"
music_c7801529f791b7,"{""events"":[{""duration_tick"":4,""onset_tick"":0,""pitch"":71,""tie"":""none"",""voice_token"":""voice_0331f8""},{""duration_tick"":4,""onset_tick"":4,""pitch"":69,""tie"":""none"",""voice_token"":""voice_0331f8""},{""duration_tick"":4,""onset_tick"":8,""pitch"":68,""tie"":""none"",""voice_token"":""voice_0331f8""},{""duration_tick"":2,""onset_tick"":12,""pitch"":68,""tie"":""none"",""voice_token"":""voice_0331f8""},{""duration_tick"":2,""onset_tick"":14,""pitch"":68,""tie"":""none"",""voice_token"":""voice_0331f8""},{""duration_tick"":3,""onset_tick"":16,""pitch"":68,""tie"":""none"",""voice_token"":""voice_0331f8""}]}"
music_638dd67080556e,"{""events"":[{""duration_tick"":2,""onset_tick"":0,""pitch"":70,""tie"":""none"",""voice_token"":""voice_0c1db5""},{""duration_tick"":4,""onset_tick"":2,""pitch"":68,""tie"":""none"",""voice_token"":""voice_0c1db5""},{""duration_tick"":4,""onset_tick"":6,""pitch"":72,""tie"":""none"",""voice_token"":""voice_0c1db5""},{""duration_tick"":4,""onset_tick"":10,""pitch"":68,""tie"":""none"",""voice_token"":""voice_0c1db5""},{""duration_tick"":4,""onset_tick"":14,""pitch"":70,""tie"":""none"",""voice_token"":""voice_0c1db5""}]}"
music_18aa4a774edf64,"{""events"":[{""duration_tick"":12,""onset_tick"":0,""pitch"":73,""tie"":""none"",""voice_token"":""voice_0331f8""},{""duration_tick"":8,""onset_tick"":12,""pitch"":74,""tie"":""none"",""voice_token"":""voice_0331f8""},{""duration_tick"":4,""onset_tick"":20,""pitch"":75,""tie"":""none"",""voice_token"":""voice_0331f8""},{""duration_tick"":4,""onset_tick"":24,""pitch"":77,""tie"":""none"",""voice_token"":""voice_0331f8""},{""duration_tick"":4,""onset_tick"":28,""pitch"":79,""tie"":""none"",""voice_token"":""voice_0331f8""},{""duration_tick"":4,""onset_tick"":32,""pitch"":79,""tie"":""start"",""voice_token"":""voice_0331f8""}]}"
music_5404f4bba068e0,"{""events"":[{""duration_tick"":4,""onset_tick"":0,""pitch"":74,""tie"":""none"",""voice_token"":""voice_0331f8""},{""duration_tick"":4,""onset_tick"":4,""pitch"":74,""tie"":""none"",""voice_token"":""voice_0331f8""},{""duration_tick"":4,""onset_tick"":8,""pitch"":74,""tie"":""none"",""voice_token"":""voice_0331f8""},{""duration_tick"":4,""onset_tick"":12,""pitch"":72,""tie"":""none"",""voice_token"":""voice_0331f8""},{""duration_tick"":12,""onset_tick"":16,""pitch"":76,""tie"":""none"",""voice_token"":""voice_0331f8""},{""duration_tick"":8,""onset_tick"":28,""pitch"":74,""tie"":""none"",""voice_token"":""voice_0331f8""}]}"
music_217dc8ba53f700,"{""events"":[{""duration_tick"":2,""onset_tick"":0,""pitch"":64,""tie"":""none"",""voice_token"":""voice_bf2e2c""},{""duration_tick"":2,""onset_tick"":2,""pitch"":64,""tie"":""none"",""voice_token"":""voice_bf2e2c""},{""duration_tick"":2,""onset_tick"":4,""pitch"":64,""tie"":""none"",""voice_token"":""voice_bf2e2c""},{""duration_tick"":2,""onset_tick"":6,""pitch"":59,""tie"":""none"",""voice_token"":""voice_bf2e2c""}]}"
music_27fe7baa450df1,"{""events"":[{""duration_tick"":2,""onset_tick"":0,""pitch"":73,""tie"":""none"",""voice_token"":""voice_bf2e2c""},{""duration_tick"":4,""onset_tick"":2,""pitch"":71,""tie"":""none"",""voice_token"":""voice_bf2e2c""},{""duration_tick"":2,""onset_tick"":6,""pitch"":76,""tie"":""none"",""voice_token"":""voice_bf2e2c""},{""duration_tick"":2,""onset_tick"":8,""pitch"":73,""tie"":""none"",""voice_token"":""voice_bf2e2c""}]}"
music_58a626d4adbc0a,"{""events"":[{""duration_tick"":2,""onset_tick"":0,""pitch"":-1,""tie"":""none"",""voice_token"":""voice_bf2e2c""},{""duration_tick"":2,""onset_tick"":2,""pitch"":73,""tie"":""none"",""voice_token"":""voice_bf2e2c""},{""duration_tick"":4,""onset_tick"":4,""pitch"":70,""tie"":""none"",""voice_token"":""voice_bf2e2c""},{""duration_tick"":2,""onset_tick"":8,""pitch"":70,""tie"":""none"",""voice_token"":""voice_bf2e2c""},{""duration_tick"":2,""onset_tick"":10,""pitch"":70,""tie"":""none"",""voice_token"":""voice_bf2e2c""}]}"
music_531fe93deef753,"{""events"":[{""duration_tick"":2,""onset_tick"":0,""pitch"":70,""tie"":""none"",""voice_token"":""voice_adeebf""},{""duration_tick"":2,""onset_tick"":2,""pitch"":70,""tie"":""none"",""voice_token"":""voice_adeebf""},{""duration_tick"":2,""onset_tick"":4,""pitch"":70,""tie"":""none"",""voice_token"":""voice_adeebf""},{""duration_tick"":2,""onset_tick"":6,""pitch"":70,""tie"":""none"",""voice_token"":""voice_adeebf""}]}"
music_d53f3eb77e9e22,"{""events"":[{""duration_tick"":3,""onset_tick"":0,""pitch"":75,""tie"":""none"",""voice_token"":""voice_bf2e2c""},{""duration_tick"":1,""onset_tick"":3,""pitch"":74,""tie"":""none"",""voice_token"":""voice_bf2e2c""},{""duration_tick"":4,""onset_tick"":4,""pitch"":75,""tie"":""none"",""voice_token"":""voice_bf2e2c""},{""duration_tick"":4,""onset_tick"":8,""pitch"":70,""tie"":""none"",""voice_token"":""voice_bf2e2c""},{""duration_tick"":4,""onset_tick"":12,""pitch"":72,""tie"":""none"",""voice_token"":""voice_bf2e2c""},{""duration_tick"":4,""onset_tick"":16,""pitch"":72,""tie"":""none"",""voice_token"":""voice_bf2e2c""}]}"
music_ef7129dc5c4a0b,"{""events"":[{""duration_tick"":12,""onset_tick"":0,""pitch"":65,""tie"":""none"",""voice_token"":""voice_adeebf""},{""duration_tick"":4,""onset_tick"":12,""pitch"":68,""tie"":""none"",""voice_token"":""voice_adeebf""},{""duration_tick"":4,""onset_tick"":16,""pitch"":67,""tie"":""none"",""voice_token"":""voice_adeebf""},{""duration_tick"":4,""onset_tick"":20,""pitch"":65,""tie"":""none"",""voice_token"":""voice_adeebf""},{""duration_tick"":4,""onset_tick"":24,""pitch"":68,""tie"":""none"",""voice_token"":""voice_adeebf""},{""duration_tick"":4,""onset_tick"":28,""pitch"":67,""tie"":""none"",""voice_token"":""voice_adeebf""},{""duration_tick"":8,""onset_tick"":32,""pitch"":-1,""tie"":""none"",""voice_token"":""voice_adeebf""}]}"
music_56109d69378912,"{""events"":[{""duration_tick"":2,""onset_tick"":0,""pitch"":60,""tie"":""none"",""voice_token"":""voice_adeebf""},{""duration_tick"":2,""onset_tick"":2,""pitch"":62,""tie"":""none"",""voice_token"":""voice_adeebf""},{""duration_tick"":2,""onset_tick"":4,""pitch"":65,""tie"":""none"",""voice_token"":""voice_adeebf""},{""duration_tick"":2,""onset_tick"":6,""pitch"":67,""tie"":""none"",""voice_token"":""voice_adeebf""},{""duration_tick"":2,""onset_tick"":8,""pitch"":67,""tie"":""none"",""voice_token"":""voice_adeebf""},{""duration_tick"":2,""onset_tick"":10,""pitch"":69,""tie"":""none"",""voice_token"":""voice_adeebf""},{""duration_tick"":2,""onset_tick"":12,""pitch"":72,""tie"":""none"",""voice_token"":""voice_adeebf""}]}"
music_6956c3c23cac56,"{""events"":[{""duration_tick"":2,""onset_tick"":0,""pitch"":66,""tie"":""none"",""voice_token"":""voice_adeebf""},{""duration_tick"":4,""onset_tick"":2,""pitch"":65,""tie"":""none"",""voice_token"":""voice_adeebf""},{""duration_tick"":2,""onset_tick"":6,""pitch"":68,""tie"":""none"",""voice_token"":""voice_adeebf""},{""duration_tick"":2,""onset_tick"":8,""pitch"":70,""tie"":""none"",""voice_token"":""voice_adeebf""},{""duration_tick"":1,""onset_tick"":10,""pitch"":70,""tie"":""none"",""voice_token"":""voice_adeebf""}]}"
music_e21dff9ed066b7,"{""events"":[{""duration_tick"":2,""onset_tick"":0,""pitch"":69,""tie"":""none"",""voice_token"":""voice_bf2e2c""},{""duration_tick"":4,""onset_tick"":2,""pitch"":69,""tie"":""none"",""voice_token"":""voice_bf2e2c""},{""duration_tick"":2,""onset_tick"":6,""pitch"":68,""tie"":""none"",""voice_token"":""voice_bf2e2c""},{""duration_tick"":4,""onset_tick"":8,""pitch"":68,""tie"":""none"",""voice_token"":""voice_bf2e2c""},{""duration_tick"":2,""onset_tick"":12,""pitch"":-1,""tie"":""none"",""voice_token"":""voice_bf2e2c""},{""duration_tick"":2,""onset_tick"":14,""pitch"":75,""tie"":""none"",""voice_token"":""voice_bf2e2c""},{""duration_tick"":3,""onset_tick"":16,""pitch"":75,""tie"":""none"",""voice_token"":""voice_bf2e2c""}]}"
music_e78887fefe56d2,"{""events"":[{""duration_tick"":4,""onset_tick"":0,""pitch"":74,""tie"":""none"",""voice_token"":""voice_adeebf""},{""duration_tick"":4,""onset_tick"":4,""pitch"":70,""tie"":""none"",""voice_token"":""voice_adeebf""},{""duration_tick"":4,""onset_tick"":8,""pitch"":69,""tie"":""none"",""voice_token"":""voice_adeebf""},{""duration_tick"":4,""onset_tick"":12,""pitch"":67,""tie"":""none"",""voice_token"":""voice_adeebf""},{""duration_tick"":4,""onset_tick"":16,""pitch"":70,""tie"":""none"",""voice_token"":""voice_adeebf""}]}"
music_259a22170b971b,"{""events"":[{""duration_tick"":6,""onset_tick"":0,""pitch"":68,""tie"":""none"",""voice_token"":""voice_bf2e2c""},{""duration_tick"":12,""onset_tick"":6,""pitch"":68,""tie"":""none"",""voice_token"":""voice_bf2e2c""},{""duration_tick"":12,""onset_tick"":18,""pitch"":68,""tie"":""none"",""voice_token"":""voice_bf2e2c""},{""duration_tick"":6,""onset_tick"":30,""pitch"":66,""tie"":""none"",""voice_token"":""voice_bf2e2c""},{""duration_tick"":4,""onset_tick"":36,""pitch"":71,""tie"":""none"",""voice_token"":""voice_bf2e2c""},{""duration_tick"":2,""onset_tick"":40,""pitch"":73,""tie"":""none"",""voice_token"":""voice_bf2e2c""}]}"
music_f6a646c39364d6,"{""events"":[{""duration_tick"":4,""onset_tick"":0,""pitch"":72,""tie"":""none"",""voice_token"":""voice_bf2e2c""},{""duration_tick"":4,""onset_tick"":4,""pitch"":70,""tie"":""none"",""voice_token"":""voice_bf2e2c""},{""duration_tick"":4,""onset_tick"":8,""pitch"":68,""tie"":""none"",""voice_token"":""voice_bf2e2c""},{""duration_tick"":4,""onset_tick"":12,""pitch"":67,""tie"":""none"",""voice_token"":""voice_bf2e2c""},{""duration_tick"":4,""onset_tick"":16,""pitch"":68,""tie"":""none"",""voice_token"":""voice_bf2e2c""}]}"
music_bb6f704e7ee62d,"{""events"":[{""duration_tick"":1,""onset_tick"":0,""pitch"":74,""tie"":""none"",""voice_token"":""voice_adeebf""},{""duration_tick"":2,""onset_tick"":1,""pitch"":78,""tie"":""none"",""voice_token"":""voice_adeebf""},{""duration_tick"":2,""onset_tick"":3,""pitch"":77,""tie"":""none"",""voice_token"":""voice_adeebf""},{""duration_tick"":2,""onset_tick"":5,""pitch"":76,""tie"":""none"",""voice_token"":""voice_adeebf""},{""duration_tick"":2,""onset_tick"":7,""pitch"":76,""tie"":""none"",""voice_token"":""voice_adeebf""}]}"
music_241ac0525805f2,"{""events"":[{""duration_tick"":1,""onset_tick"":0,""pitch"":66,""tie"":""none"",""voice_token"":""voice_adeebf""},{""duration_tick"":8,""onset_tick"":1,""pitch"":67,""tie"":""none"",""voice_token"":""voice_adeebf""},{""duration_tick"":4,""onset_tick"":9,""pitch"":66,""tie"":""none"",""voice_token"":""voice_adeebf""},{""duration_tick"":4,""onset_tick"":13,""pitch"":66,""tie"":""none"",""voice_token"":""voice_adeebf""},{""duration_tick"":4,""onset_tick"":17,""pitch"":69,""tie"":""none"",""voice_token"":""voice_adeebf""},{""duration_tick"":4,""onset_tick"":21,""pitch"":69,""tie"":""none"",""voice_token"":""voice_adeebf""},{""duration_tick"":8,""onset_tick"":25,""pitch"":68,""tie"":""none"",""voice_token"":""voice_adeebf""}]}"
music_b7092db468f9ae,"{""events"":[{""duration_tick"":8,""onset_tick"":0,""pitch"":67,""tie"":""stop"",""voice_token"":""voice_bf2e2c""},{""duration_tick"":4,""onset_tick"":8,""pitch"":66,""tie"":""none"",""voice_token"":""voice_bf2e2c""},{""duration_tick"":12,""onset_tick"":12,""pitch"":66,""tie"":""none"",""voice_token"":""voice_bf2e2c""},{""duration_tick"":12,""onset_tick"":24,""pitch"":65,""tie"":""none"",""voice_token"":""voice_bf2e2c""},{""duration_tick"":12,""onset_tick"":36,""pitch"":66,""tie"":""none"",""voice_token"":""voice_bf2e2c""},{""duration_tick"":8,""onset_tick"":48,""pitch"":66,""tie"":""none"",""voice_token"":""voice_bf2e2c""}]}"
music_66559a43cd7c02,"{""events"":[{""duration_tick"":6,""onset_tick"":0,""pitch"":76,""tie"":""none"",""voice_token"":""voice_0284f7""},{""duration_tick"":4,""onset_tick"":6,""pitch"":78,""tie"":""none"",""voice_token"":""voice_0284f7""},{""duration_tick"":2,""onset_tick"":10,""pitch"":79,""tie"":""none"",""voice_token"":""voice_0284f7""},{""duration_tick"":4,""onset_tick"":12,""pitch"":79,""tie"":""none"",""voice_token"":""voice_0284f7""},{""duration_tick"":2,""onset_tick"":16,""pitch"":76,""tie"":""none"",""voice_token"":""voice_0284f7""},{""duration_tick"":4,""onset_tick"":18,""pitch"":76,""tie"":""none"",""voice_token"":""voice_0284f7""},{""duration_tick"":2,""onset_tick"":22,""pitch"":76,""tie"":""none"",""voice_token"":""voice_0284f7""}]}"
music_b816af9a958947,"{""events"":[{""duration_tick"":4,""onset_tick"":0,""pitch"":68,""tie"":""none"",""voice_token"":""voice_bf2e2c""},{""duration_tick"":12,""onset_tick"":4,""pitch"":67,""tie"":""none"",""voice_token"":""voice_bf2e2c""},{""duration_tick"":4,""onset_tick"":16,""pitch"":68,""tie"":""none"",""voice_token"":""voice_bf2e2c""},{""duration_tick"":4,""onset_tick"":20,""pitch"":67,""tie"":""none"",""voice_token"":""voice_bf2e2c""},{""duration_tick"":4,""onset_tick"":24,""pitch"":74,""tie"":""none"",""voice_token"":""voice_bf2e2c""},{""duration_tick"":4,""onset_tick"":28,""pitch"":75,""tie"":""none"",""voice_token"":""voice_bf2e2c""}]}"
music_260b41bc2fcb4f,"{""events"":[{""duration_tick"":2,""onset_tick"":0,""pitch"":72,""tie"":""none"",""voice_token"":""voice_0284f7""},{""duration_tick"":4,""onset_tick"":2,""pitch"":72,""tie"":""none"",""voice_token"":""voice_0284f7""},{""duration_tick"":2,""onset_tick"":6,""pitch"":72,""tie"":""none"",""voice_token"":""voice_0284f7""},{""duration_tick"":4,""onset_tick"":8,""pitch"":72,""tie"":""none"",""voice_token"":""voice_0284f7""},{""duration_tick"":2,""onset_tick"":12,""pitch"":71,""tie"":""none"",""voice_token"":""voice_0284f7""}]}"
music_ba6538922229fb,"{""events"":[{""duration_tick"":4,""onset_tick"":0,""pitch"":64,""tie"":""none"",""voice_token"":""voice_bf2e2c""},{""duration_tick"":2,""onset_tick"":4,""pitch"":69,""tie"":""none"",""voice_token"":""voice_bf2e2c""},{""duration_tick"":2,""onset_tick"":6,""pitch"":67,""tie"":""none"",""voice_token"":""voice_bf2e2c""},{""duration_tick"":4,""onset_tick"":8,""pitch"":66,""tie"":""none"",""voice_token"":""voice_bf2e2c""},{""duration_tick"":4,""onset_tick"":12,""pitch"":66,""tie"":""none"",""voice_token"":""voice_bf2e2c""}]}"
music_99b277bd6f0a4a,"{""events"":[{""duration_tick"":8,""onset_tick"":0,""pitch"":65,""tie"":""none"",""voice_token"":""voice_adeebf""},{""duration_tick"":4,""onset_tick"":8,""pitch"":60,""tie"":""none"",""voice_token"":""voice_adeebf""},{""duration_tick"":12,""onset_tick"":12,""pitch"":65,""tie"":""none"",""voice_token"":""voice_adeebf""},{""duration_tick"":6,""onset_tick"":24,""pitch"":65,""tie"":""none"",""voice_token"":""voice_adeebf""},{""duration_tick"":2,""onset_tick"":30,""pitch"":65,""tie"":""none"",""voice_token"":""voice_adeebf""},{""duration_tick"":2,""onset_tick"":32,""pitch"":70,""tie"":""none"",""voice_token"":""voice_adeebf""},{""duration_tick"":2,""onset_tick"":34,""pitch"":70,""tie"":""none"",""voice_token"":""voice_adeebf""}]}"
music_59e4d90040a72a,"{""events"":[{""duration_tick"":2,""onset_tick"":0,""pitch"":69,""tie"":""none"",""voice_token"":""voice_adeebf""},{""duration_tick"":2,""onset_tick"":2,""pitch"":64,""tie"":""none"",""voice_token"":""voice_adeebf""},{""duration_tick"":2,""onset_tick"":4,""pitch"":62,""tie"":""none"",""voice_token"":""voice_adeebf""},{""duration_tick"":4,""onset_tick"":6,""pitch"":63,""tie"":""none"",""voice_token"":""voice_adeebf""},{""duration_tick"":2,""onset_tick"":10,""pitch"":63,""tie"":""none"",""voice_token"":""voice_adeebf""},{""duration_tick"":2,""onset_tick"":12,""pitch"":64,""tie"":""none"",""voice_token"":""voice_adeebf""},{""duration_tick"":2,""onset_tick"":14,""pitch"":64,""tie"":""none"",""voice_token"":""voice_adeebf""}]}"
music_11c0139983f1f5,"{""events"":[{""duration_tick"":1,""onset_tick"":0,""pitch"":74,""tie"":""none"",""voice_token"":""voice_0331f8""},{""duration_tick"":6,""onset_tick"":1,""pitch"":72,""tie"":""none"",""voice_token"":""voice_0331f8""},{""duration_tick"":6,""onset_tick"":7,""pitch"":69,""tie"":""none"",""voice_token"":""voice_0331f8""},{""duration_tick"":6,""onset_tick"":13,""pitch"":68,""tie"":""none"",""voice_token"":""voice_0331f8""},{""duration_tick"":2,""onset_tick"":19,""pitch"":67,""tie"":""none"",""voice_token"":""voice_0331f8""},{""duration_tick"":2,""onset_tick"":21,""pitch"":70,""tie"":""none"",""voice_token"":""voice_0331f8""},{""duration_tick"":1,""onset_tick"":23,""pitch"":69,""tie"":""none"",""voice_token"":""voice_0331f8""}]}"
music_3cbb4b22a0f7b7,"{""events"":[{""duration_tick"":2,""onset_tick"":0,""pitch"":73,""tie"":""none"",""voice_token"":""voice_adeebf""},{""duration_tick"":4,""onset_tick"":2,""pitch"":71,""tie"":""none"",""voice_token"":""voice_adeebf""},{""duration_tick"":2,""onset_tick"":6,""pitch"":70,""tie"":""none"",""voice_token"":""voice_adeebf""},{""duration_tick"":2,""onset_tick"":8,""pitch"":71,""tie"":""none"",""voice_token"":""voice_adeebf""},{""duration_tick"":4,""onset_tick"":10,""pitch"":71,""tie"":""none"",""voice_token"":""voice_adeebf""},{""duration_tick"":4,""onset_tick"":14,""pitch"":71,""tie"":""none"",""voice_token"":""voice_adeebf""}]}"
music_5549b171a3175b,"{""events"":[{""duration_tick"":8,""onset_tick"":0,""pitch"":68,""tie"":""none"",""voice_token"":""voice_adeebf""},{""duration_tick"":4,""onset_tick"":8,""pitch"":68,""tie"":""none"",""voice_token"":""voice_adeebf""},{""duration_tick"":8,""onset_tick"":12,""pitch"":68,""tie"":""none"",""voice_token"":""voice_adeebf""},{""duration_tick"":4,""onset_tick"":20,""pitch"":67,""tie"":""none"",""voice_token"":""voice_adeebf""}]}"
music_633343052f939e,"{""events"":[{""duration_tick"":4,""onset_tick"":0,""pitch"":74,""tie"":""stop"",""voice_token"":""voice_0284f7""},{""duration_tick"":4,""onset_tick"":4,""pitch"":74,""tie"":""none"",""voice_token"":""voice_0284f7""},{""duration_tick"":4,""onset_tick"":8,""pitch"":74,""tie"":""none"",""voice_token"":""voice_0284f7""},{""duration_tick"":4,""onset_tick"":12,""pitch"":80,""tie"":""none"",""voice_token"":""voice_0284f7""},{""duration_tick"":8,""onset_tick"":16,""pitch"":79,""tie"":""none"",""voice_token"":""voice_0284f7""}]}"
music_7ef27f41885778,"{""events"":[{""duration_tick"":1,""onset_tick"":0,""pitch"":71,""tie"":""none"",""voice_token"":""voice_0331f8""},{""duration_tick"":1,""onset_tick"":1,""pitch"":72,""tie"":""none"",""voice_token"":""voice_0331f8""},{""duration_tick"":1,""onset_tick"":2,""pitch"":71,""tie"":""none"",""voice_token"":""voice_0331f8""},{""duration_tick"":2,""onset_tick"":3,""pitch"":69,""tie"":""none"",""voice_token"":""voice_0331f8""},{""duration_tick"":2,""onset_tick"":5,""pitch"":69,""tie"":""none"",""voice_token"":""voice_0331f8""},{""duration_tick"":2,""onset_tick"":7,""pitch"":76,""tie"":""none"",""voice_token"":""voice_0331f8""}]}"
music_a5febac2f930c2,"{""events"":[{""duration_tick"":2,""onset_tick"":0,""pitch"":66,""tie"":""none"",""voice_token"":""voice_bf2e2c""},{""duration_tick"":2,""onset_tick"":2,""pitch"":66,""tie"":""none"",""voice_token"":""voice_bf2e2c""},{""duration_tick"":2,""onset_tick"":4,""pitch"":66,""tie"":""none"",""voice_token"":""voice_bf2e2c""},{""duration_tick"":2,""onset_tick"":6,""pitch"":66,""tie"":""none"",""voice_token"":""voice_bf2e2c""},{""duration_tick"":2,""onset_tick"":8,""pitch"":66,""tie"":""none"",""voice_token"":""voice_bf2e2c""},{""duration_tick"":2,""onset_tick"":10,""pitch"":66,""tie"":""none"",""voice_token"":""voice_bf2e2c""}]}"
music_32c0e242893fc5,"{""events"":[{""duration_tick"":2,""onset_tick"":0,""pitch"":75,""tie"":""none"",""voice_token"":""voice_0284f7""},{""duration_tick"":2,""onset_tick"":2,""pitch"":75,""tie"":""none"",""voice_token"":""voice_0284f7""},{""duration_tick"":4,""onset_tick"":4,""pitch"":80,""tie"":""none"",""voice_token"":""voice_0284f7""},{""duration_tick"":4,""onset_tick"":8,""pitch"":68,""tie"":""none"",""voice_token"":""voice_0284f7""},{""duration_tick"":4,""onset_tick"":12,""pitch"":68,""tie"":""none"",""voice_token"":""voice_0284f7""},{""duration_tick"":4,""onset_tick"":16,""pitch"":75,""tie"":""none"",""voice_token"":""voice_0284f7""}]}"
music_fb480f03592376,"{""events"":[{""duration_tick"":4,""onset_tick"":0,""pitch"":71,""tie"":""none"",""voice_token"":""voice_adeebf""},{""duration_tick"":8,""onset_tick"":4,""pitch"":70,""tie"":""none"",""voice_token"":""voice_adeebf""},{""duration_tick"":4,""onset_tick"":12,""pitch"":71,""tie"":""none"",""voice_token"":""voice_adeebf""},{""duration_tick"":4,""onset_tick"":16,""pitch"":68,""tie"":""none"",""voice_token"":""voice_adeebf""},{""duration_tick"":8,""onset_tick"":20,""pitch"":71,""tie"":""none"",""voice_token"":""voice_adeebf""},{""duration_tick"":16,""onset_tick"":28,""pitch"":69,""tie"":""none"",""voice_token"":""voice_adeebf""}]}"
music_835de0fc71bbdf,"{""events"":[{""duration_tick"":2,""onset_tick"":0,""pitch"":61,""tie"":""none"",""voice_token"":""voice_7574bc""},{""duration_tick"":2,""onset_tick"":2,""pitch"":61,""tie"":""none"",""voice_token"":""voice_7574bc""},{""duration_tick"":2,""onset_tick"":4,""pitch"":65,""tie"":""none"",""voice_token"":""voice_7574bc""},{""duration_tick"":2,""onset_tick"":6,""pitch"":65,""tie"":""none"",""voice_token"":""voice_7574bc""},{""duration_tick"":2,""onset_tick"":8,""pitch"":65,""tie"":""none"",""voice_token"":""voice_7574bc""},{""duration_tick"":2,""onset_tick"":10,""pitch"":65,""tie"":""none"",""voice_token"":""voice_7574bc""}]}"
music_7feb7b5799dcc3,"{""events"":[{""duration_tick"":2,""onset_tick"":0,""pitch"":60,""tie"":""none"",""voice_token"":""voice_1628af""},{""duration_tick"":2,""onset_tick"":2,""pitch"":60,""tie"":""none"",""voice_token"":""voice_1628af""},{""duration_tick"":6,""onset_tick"":4,""pitch"":67,""tie"":""none"",""voice_token"":""voice_1628af""},{""duration_tick"":2,""onset_tick"":10,""pitch"":65,""tie"":""none"",""voice_token"":""voice_1628af""}]}"
music_6b9851c09c38e9,"{""events"":[{""duration_tick"":2,""onset_tick"":0,""pitch"":67,""tie"":""none"",""voice_token"":""voice_bf2e2c""},{""duration_tick"":2,""onset_tick"":2,""pitch"":64,""tie"":""none"",""voice_token"":""voice_bf2e2c""},{""duration_tick"":4,""onset_tick"":4,""pitch"":67,""tie"":""none"",""voice_token"":""voice_bf2e2c""},{""duration_tick"":2,""onset_tick"":8,""pitch"":67,""tie"":""none"",""voice_token"":""voice_bf2e2c""},{""duration_tick"":2,""onset_tick"":10,""pitch"":69,""tie"":""none"",""voice_token"":""voice_bf2e2c""},{""duration_tick"":4,""onset_tick"":12,""pitch"":67,""tie"":""none"",""voice_token"":""voice_bf2e2c""}]}"
music_e0fd46f5eef569,"{""events"":[{""duration_tick"":2,""onset_tick"":0,""pitch"":70,""tie"":""none"",""voice_token"":""voice_bf2e2c""},{""duration_tick"":2,""onset_tick"":2,""pitch"":70,""tie"":""none"",""voice_token"":""voice_bf2e2c""},{""duration_tick"":2,""onset_tick"":4,""pitch"":70,""tie"":""none"",""voice_token"":""voice_bf2e2c""},{""duration_tick"":2,""onset_tick"":6,""pitch"":74,""tie"":""none"",""voice_token"":""voice_bf2e2c""},{""duration_tick"":2,""onset_tick"":8,""pitch"":74,""tie"":""none"",""voice_token"":""voice_bf2e2c""},{""duration_tick"":2,""onset_tick"":10,""pitch"":-1,""tie"":""none"",""voice_token"":""voice_bf2e2c""},{""duration_tick"":2,""onset_tick"":12,""pitch"":-1,""tie"":""none"",""voice_token"":""voice_bf2e2c""}]}"
music_ed0c7469e602bd,"{""events"":[{""duration_tick"":1,""onset_tick"":0,""pitch"":80,""tie"":""none"",""voice_token"":""voice_54ffbf""},{""duration_tick"":1,""onset_tick"":1,""pitch"":78,""tie"":""none"",""voice_token"":""voice_54ffbf""},{""duration_tick"":2,""onset_tick"":2,""pitch"":76,""tie"":""none"",""voice_token"":""voice_54ffbf""},{""duration_tick"":2,""onset_tick"":4,""pitch"":76,""tie"":""none"",""voice_token"":""voice_54ffbf""},{""duration_tick"":2,""onset_tick"":6,""pitch"":75,""tie"":""none"",""voice_token"":""voice_54ffbf""},{""duration_tick"":2,""onset_tick"":8,""pitch"":76,""tie"":""none"",""voice_token"":""voice_54ffbf""}]}"
music_36086ebd2ef9e5,"{""events"":[{""duration_tick"":1,""onset_tick"":0,""pitch"":68,""tie"":""none"",""voice_token"":""voice_381ded""},{""duration_tick"":1,""onset_tick"":1,""pitch"":69,""tie"":""none"",""voice_token"":""voice_381ded""},{""duration_tick"":1,""onset_tick"":2,""pitch"":68,""tie"":""none"",""voice_token"":""voice_381ded""},{""duration_tick"":1,""onset_tick"":3,""pitch"":69,""tie"":""none"",""voice_token"":""voice_381ded""},{""duration_tick"":1,""onset_tick"":4,""pitch"":68,""tie"":""none"",""voice_token"":""voice_381ded""},{""duration_tick"":1,""onset_tick"":5,""pitch"":69,""tie"":""none"",""voice_token"":""voice_381ded""}]}"
music_045ea933d952cf,"{""events"":[{""duration_tick"":2,""onset_tick"":0,""pitch"":67,""tie"":""none"",""voice_token"":""voice_bf2e2c""},{""duration_tick"":2,""onset_tick"":2,""pitch"":65,""tie"":""none"",""voice_token"":""voice_bf2e2c""},{""duration_tick"":2,""onset_tick"":4,""pitch"":65,""tie"":""none"",""voice_token"":""voice_bf2e2c""},{""duration_tick"":2,""onset_tick"":6,""pitch"":65,""tie"":""none"",""voice_token"":""voice_bf2e2c""},{""duration_tick"":2,""onset_tick"":8,""pitch"":61,""tie"":""none"",""voice_token"":""voice_bf2e2c""}]}"
music_8aa5aab894e2ba,"{""events"":[{""duration_tick"":2,""onset_tick"":0,""pitch"":67,""tie"":""none"",""voice_token"":""voice_adeebf""},{""duration_tick"":4,""onset_tick"":2,""pitch"":67,""tie"":""none"",""voice_token"":""voice_adeebf""},{""duration_tick"":2,""onset_tick"":6,""pitch"":67,""tie"":""none"",""voice_token"":""voice_adeebf""},{""duration_tick"":2,""onset_tick"":8,""pitch"":65,""tie"":""none"",""voice_token"":""voice_adeebf""},{""duration_tick"":2,""onset_tick"":10,""pitch"":65,""tie"":""none"",""voice_token"":""voice_adeebf""}]}"
music_b9888d6e60580b,"{""events"":[{""duration_tick"":4,""onset_tick"":0,""pitch"":70,""tie"":""none"",""voice_token"":""voice_adeebf""},{""duration_tick"":8,""onset_tick"":4,""pitch"":72,""tie"":""none"",""voice_token"":""voice_adeebf""},{""duration_tick"":8,""onset_tick"":12,""pitch"":72,""tie"":""none"",""voice_token"":""voice_adeebf""},{""duration_tick"":8,""onset_tick"":20,""pitch"":77,""tie"":""none"",""voice_token"":""voice_adeebf""},{""duration_tick"":4,""onset_tick"":28,""pitch"":74,""tie"":""none"",""voice_token"":""voice_adeebf""}]}"
music_e6e934b8254c7c,"{""events"":[{""duration_tick"":4,""onset_tick"":0,""pitch"":71,""tie"":""none"",""voice_token"":""voice_adeebf""},{""duration_tick"":4,""onset_tick"":4,""pitch"":68,""tie"":""none"",""voice_token"":""voice_adeebf""},{""duration_tick"":8,""onset_tick"":8,""pitch"":68,""tie"":""none"",""voice_token"":""voice_adeebf""},{""duration_tick"":4,""onset_tick"":16,""pitch"":68,""tie"":""none"",""voice_token"":""voice_adeebf""},{""duration_tick"":2,""onset_tick"":20,""pitch"":65,""tie"":""none"",""voice_token"":""voice_adeebf""},{""duration_tick"":2,""onset_tick"":22,""pitch"":68,""tie"":""none"",""voice_token"":""voice_adeebf""},{""duration_tick"":4,""onset_tick"":24,""pitch"":68,""tie"":""none"",""voice_token"":""voice_adeebf""}]}"
music_51ee53c9fa7cec,"{""events"":[{""duration_tick"":2,""onset_tick"":0,""pitch"":63,""tie"":""none"",""voice_token"":""voice_adeebf""},{""duration_tick"":2,""onset_tick"":2,""pitch"":65,""tie"":""none"",""voice_token"":""voice_adeebf""},{""duration_tick"":2,""onset_tick"":4,""pitch"":63,""tie"":""none"",""voice_token"":""voice_adeebf""},{""duration_tick"":2,""onset_tick"":6,""pitch"":65,""tie"":""none"",""voice_token"":""voice_adeebf""},{""duration_tick"":8,""onset_tick"":8,""pitch"":70,""tie"":""none"",""voice_token"":""voice_adeebf""},{""duration_tick"":4,""onset_tick"":16,""pitch"":72,""tie"":""none"",""voice_token"":""voice_adeebf""},{""duration_tick"":2,""onset_tick"":20,""pitch"":72,""tie"":""none"",""voice_token"":""voice_adeebf""}]}"
music_89c219b8d1b964,"{""events"":[{""duration_tick"":2,""onset_tick"":0,""pitch"":71,""tie"":""none"",""voice_token"":""voice_adeebf""},{""duration_tick"":2,""onset_tick"":2,""pitch"":71,""tie"":""none"",""voice_token"":""voice_adeebf""},{""duration_tick"":2,""onset_tick"":4,""pitch"":75,""tie"":""none"",""voice_token"":""voice_adeebf""},{""duration_tick"":2,""onset_tick"":6,""pitch"":71,""tie"":""none"",""voice_token"":""voice_adeebf""}]}"
music_617510211ccdba,"{""events"":[{""duration_tick"":2,""onset_tick"":0,""pitch"":61,""tie"":""none"",""voice_token"":""voice_8612ca""},{""duration_tick"":6,""onset_tick"":2,""pitch"":66,""tie"":""none"",""voice_token"":""voice_8612ca""},{""duration_tick"":2,""onset_tick"":8,""pitch"":69,""tie"":""none"",""voice_token"":""voice_8612ca""},{""duration_tick"":2,""onset_tick"":10,""pitch"":68,""tie"":""none"",""voice_token"":""voice_8612ca""}]}"
music_94e4b7fc56c143,"{""events"":[{""duration_tick"":4,""onset_tick"":0,""pitch"":70,""tie"":""none"",""voice_token"":""voice_adeebf""},{""duration_tick"":4,""onset_tick"":4,""pitch"":70,""tie"":""none"",""voice_token"":""voice_adeebf""},{""duration_tick"":4,""onset_tick"":8,""pitch"":70,""tie"":""none"",""voice_token"":""voice_adeebf""},{""duration_tick"":8,""onset_tick"":12,""pitch"":70,""tie"":""none"",""voice_token"":""voice_adeebf""},{""duration_tick"":16,""onset_tick"":20,""pitch"":-1,""tie"":""none"",""voice_token"":""voice_adeebf""}]}"
music_444df6636f847c,"{""events"":[{""duration_tick"":4,""onset_tick"":0,""pitch"":70,""tie"":""none"",""voice_token"":""voice_bf2e2c""},{""duration_tick"":2,""onset_tick"":4,""pitch"":69,""tie"":""none"",""voice_token"":""voice_bf2e2c""},{""duration_tick"":2,""onset_tick"":6,""pitch"":67,""tie"":""none"",""voice_token"":""voice_bf2e2c""},{""duration_tick"":8,""onset_tick"":8,""pitch"":69,""tie"":""none"",""voice_token"":""voice_bf2e2c""},{""duration_tick"":8,""onset_tick"":16,""pitch"":74,""tie"":""none"",""voice_token"":""voice_bf2e2c""},{""duration_tick"":8,""onset_tick"":24,""pitch"":73,""tie"":""none"",""voice_token"":""voice_bf2e2c""}]}"
music_1c6cf81947178d,"{""events"":[{""duration_tick"":2,""onset_tick"":0,""pitch"":64,""tie"":""none"",""voice_token"":""voice_0284f7""},{""duration_tick"":3,""onset_tick"":2,""pitch"":62,""tie"":""none"",""voice_token"":""voice_0284f7""},{""duration_tick"":1,""onset_tick"":5,""pitch"":62,""tie"":""none"",""voice_token"":""voice_0284f7""},{""duration_tick"":1,""onset_tick"":6,""pitch"":62,""tie"":""none"",""voice_token"":""voice_0284f7""},{""duration_tick"":1,""onset_tick"":7,""pitch"":63,""tie"":""none"",""voice_token"":""voice_0284f7""},{""duration_tick"":2,""onset_tick"":8,""pitch"":63,""tie"":""none"",""voice_token"":""voice_0284f7""}]}"
music_398af13407fd05,"{""events"":[{""duration_tick"":4,""onset_tick"":0,""pitch"":74,""tie"":""none"",""voice_token"":""voice_0331f8""},{""duration_tick"":2,""onset_tick"":4,""pitch"":72,""tie"":""none"",""voice_token"":""voice_0331f8""},{""duration_tick"":6,""onset_tick"":6,""pitch"":74,""tie"":""none"",""voice_token"":""voice_0331f8""},{""duration_tick"":4,""onset_tick"":12,""pitch"":74,""tie"":""none"",""voice_token"":""voice_0331f8""}]}"
music_fe99c580eb329e,"{""events"":[{""duration_tick"":2,""onset_tick"":0,""pitch"":68,""tie"":""none"",""voice_token"":""voice_adeebf""},{""duration_tick"":2,""onset_tick"":2,""pitch"":68,""tie"":""none"",""voice_token"":""voice_adeebf""},{""duration_tick"":2,""onset_tick"":4,""pitch"":68,""tie"":""none"",""voice_token"":""voice_adeebf""},{""duration_tick"":4,""onset_tick"":6,""pitch"":67,""tie"":""none"",""voice_token"":""voice_adeebf""},{""duration_tick"":2,""onset_tick"":10,""pitch"":67,""tie"":""none"",""voice_token"":""voice_adeebf""},{""duration_tick"":2,""onset_tick"":12,""pitch"":67,""tie"":""none"",""voice_token"":""voice_adeebf""},{""duration_tick"":2,""onset_tick"":14,""pitch"":70,""tie"":""none"",""voice_token"":""voice_adeebf""}]}"
music_c7798d4e2e930b,"{""events"":[{""duration_tick"":4,""onset_tick"":0,""pitch"":76,""tie"":""none"",""voice_token"":""voice_e81f41""},{""duration_tick"":4,""onset_tick"":4,""pitch"":76,""tie"":""none"",""voice_token"":""voice_e81f41""},{""duration_tick"":4,""onset_tick"":8,""pitch"":72,""tie"":""none"",""voice_token"":""voice_e81f41""},{""duration_tick"":3,""onset_tick"":12,""pitch"":72,""tie"":""none"",""voice_token"":""voice_e81f41""},{""duration_tick"":1,""onset_tick"":15,""pitch"":75,""tie"":""none"",""voice_token"":""voice_e81f41""},{""duration_tick"":3,""onset_tick"":16,""pitch"":72,""tie"":""none"",""voice_token"":""voice_e81f41""},{""duration_tick"":1,""onset_tick"":19,""pitch"":75,""tie"":""none"",""voice_token"":""voice_e81f41""}]}"
music_5fb7863c28d0dd,"{""events"":[{""duration_tick"":4,""onset_tick"":0,""pitch"":75,""tie"":""none"",""voice_token"":""voice_bf2e2c""},{""duration_tick"":4,""onset_tick"":4,""pitch"":75,""tie"":""none"",""voice_token"":""voice_bf2e2c""},{""duration_tick"":4,""onset_tick"":8,""pitch"":70,""tie"":""none"",""voice_token"":""voice_bf2e2c""},{""duration_tick"":4,""onset_tick"":12,""pitch"":70,""tie"":""none"",""voice_token"":""voice_bf2e2c""}]}"
music_86d118c8ab9bb1,"{""events"":[{""duration_tick"":2,""onset_tick"":0,""pitch"":74,""tie"":""none"",""voice_token"":""voice_adeebf""},{""duration_tick"":4,""onset_tick"":2,""pitch"":72,""tie"":""none"",""voice_token"":""voice_adeebf""},{""duration_tick"":2,""onset_tick"":6,""pitch"":70,""tie"":""none"",""voice_token"":""voice_adeebf""},{""duration_tick"":2,""onset_tick"":8,""pitch"":72,""tie"":""none"",""voice_token"":""voice_adeebf""}]}"
music_464b6043ddea75,"{""events"":[{""duration_tick"":6,""onset_tick"":0,""pitch"":70,""tie"":""none"",""voice_token"":""voice_adeebf""},{""duration_tick"":4,""onset_tick"":6,""pitch"":68,""tie"":""none"",""voice_token"":""voice_adeebf""},{""duration_tick"":2,""onset_tick"":10,""pitch"":70,""tie"":""none"",""voice_token"":""voice_adeebf""},{""duration_tick"":4,""onset_tick"":12,""pitch"":68,""tie"":""none"",""voice_token"":""voice_adeebf""},{""duration_tick"":2,""onset_tick"":16,""pitch"":65,""tie"":""none"",""voice_token"":""voice_adeebf""},{""duration_tick"":2,""onset_tick"":18,""pitch"":66,""tie"":""none"",""voice_token"":""voice_adeebf""}]}"
music_ec8dc080ac5b13,"{""events"":[{""duration_tick"":2,""onset_tick"":0,""pitch"":67,""tie"":""none"",""voice_token"":""voice_adeebf""},{""duration_tick"":2,""onset_tick"":2,""pitch"":66,""tie"":""none"",""voice_token"":""voice_adeebf""},{""duration_tick"":1,""onset_tick"":4,""pitch"":66,""tie"":""none"",""voice_token"":""voice_adeebf""},{""duration_tick"":1,""onset_tick"":5,""pitch"":69,""tie"":""none"",""voice_token"":""voice_adeebf""},{""duration_tick"":3,""onset_tick"":6,""pitch"":67,""tie"":""none"",""voice_token"":""voice_adeebf""}]}"
music_4aa0c889d99831,"{""events"":[{""duration_tick"":2,""onset_tick"":0,""pitch"":68,""tie"":""none"",""voice_token"":""voice_0331f8""},{""duration_tick"":2,""onset_tick"":2,""pitch"":70,""tie"":""none"",""voice_token"":""voice_0331f8""},{""duration_tick"":2,""onset_tick"":4,""pitch"":70,""tie"":""none"",""voice_token"":""voice_0331f8""},{""duration_tick"":4,""onset_tick"":6,""pitch"":70,""tie"":""none"",""voice_token"":""voice_0331f8""},{""duration_tick"":4,""onset_tick"":10,""pitch"":70,""tie"":""none"",""voice_token"":""voice_0331f8""}]}"
music_7d761264c2b59e,"{""events"":[{""duration_tick"":12,""onset_tick"":0,""pitch"":68,""tie"":""none"",""voice_token"":""voice_0284f7""},{""duration_tick"":8,""onset_tick"":12,""pitch"":70,""tie"":""none"",""voice_token"":""voice_0284f7""},{""duration_tick"":4,""onset_tick"":20,""pitch"":68,""tie"":""none"",""voice_token"":""voice_0284f7""},{""duration_tick"":4,""onset_tick"":24,""pitch"":73,""tie"":""none"",""voice_token"":""voice_0284f7""},{""duration_tick"":4,""onset_tick"":28,""pitch"":70,""tie"":""none"",""voice_token"":""voice_0284f7""},{""duration_tick"":4,""onset_tick"":32,""pitch"":66,""tie"":""none"",""voice_token"":""voice_0284f7""}]}"
music_79453adf8e1438,"{""events"":[{""duration_tick"":1,""onset_tick"":0,""pitch"":71,""tie"":""none"",""voice_token"":""voice_adeebf""},{""duration_tick"":4,""onset_tick"":1,""pitch"":76,""tie"":""none"",""voice_token"":""voice_adeebf""},{""duration_tick"":4,""onset_tick"":5,""pitch"":76,""tie"":""none"",""voice_token"":""voice_adeebf""},{""duration_tick"":4,""onset_tick"":9,""pitch"":78,""tie"":""none"",""voice_token"":""voice_adeebf""},{""duration_tick"":4,""onset_tick"":13,""pitch"":76,""tie"":""none"",""voice_token"":""voice_adeebf""},{""duration_tick"":2,""onset_tick"":17,""pitch"":74,""tie"":""none"",""voice_token"":""voice_adeebf""},{""duration_tick"":2,""onset_tick"":19,""pitch"":71,""tie"":""none"",""voice_token"":""voice_adeebf""}]}"
music_c45ad89e25cb68,"{""events"":[{""duration_tick"":2,""onset_tick"":0,""pitch"":65,""tie"":""none"",""voice_token"":""voice_bf2e2c""},{""duration_tick"":2,""onset_tick"":2,""pitch"":63,""tie"":""none"",""voice_token"":""voice_bf2e2c""},{""duration_tick"":4,""onset_tick"":4,""pitch"":65,""tie"":""none"",""voice_token"":""voice_bf2e2c""},{""duration_tick"":2,""onset_tick"":8,""pitch"":65,""tie"":""none"",""voice_token"":""voice_bf2e2c""}]}"
music_01a2c0e9067f48,"{""events"":[{""duration_tick"":2,""onset_tick"":0,""pitch"":65,""tie"":""none"",""voice_token"":""voice_bf2e2c""},{""duration_tick"":4,""onset_tick"":2,""pitch"":66,""tie"":""none"",""voice_token"":""voice_bf2e2c""},{""duration_tick"":2,""onset_tick"":6,""pitch"":66,""tie"":""none"",""voice_token"":""voice_bf2e2c""},{""duration_tick"":3,""onset_tick"":8,""pitch"":65,""tie"":""none"",""voice_token"":""voice_bf2e2c""}]}"
music_bae3fea06173b2,"{""events"":[{""duration_tick"":2,""onset_tick"":0,""pitch"":67,""tie"":""none"",""voice_token"":""voice_e88425""},{""duration_tick"":4,""onset_tick"":2,""pitch"":66,""tie"":""none"",""voice_token"":""voice_e88425""},{""duration_tick"":4,""onset_tick"":6,""pitch"":65,""tie"":""none"",""voice_token"":""voice_e88425""},{""duration_tick"":4,""onset_tick"":10,""pitch"":68,""tie"":""none"",""voice_token"":""voice_e88425""}]}"
music_f1c10acb34b3a1,"{""events"":[{""duration_tick"":2,""onset_tick"":0,""pitch"":66,""tie"":""none"",""voice_token"":""voice_7574bc""},{""duration_tick"":2,""onset_tick"":2,""pitch"":66,""tie"":""none"",""voice_token"":""voice_7574bc""},{""duration_tick"":2,""onset_tick"":4,""pitch"":66,""tie"":""none"",""voice_token"":""voice_7574bc""},{""duration_tick"":2,""onset_tick"":6,""pitch"":66,""tie"":""none"",""voice_token"":""voice_7574bc""},{""duration_tick"":4,""onset_tick"":8,""pitch"":73,""tie"":""none"",""voice_token"":""voice_7574bc""},{""duration_tick"":4,""onset_tick"":12,""pitch"":72,""tie"":""none"",""voice_token"":""voice_7574bc""},{""duration_tick"":4,""onset_tick"":16,""pitch"":71,""tie"":""none"",""voice_token"":""voice_7574bc""}]}"
music_bcd84c04bea173,"{""events"":[{""duration_tick"":1,""onset_tick"":0,""pitch"":70,""tie"":""none"",""voice_token"":""voice_adeebf""},{""duration_tick"":1,""onset_tick"":1,""pitch"":72,""tie"":""none"",""voice_token"":""voice_adeebf""},{""duration_tick"":2,""onset_tick"":2,""pitch"":72,""tie"":""none"",""voice_token"":""voice_adeebf""},{""duration_tick"":2,""onset_tick"":4,""pitch"":70,""tie"":""none"",""voice_token"":""voice_adeebf""},{""duration_tick"":2,""onset_tick"":6,""pitch"":70,""tie"":""none"",""voice_token"":""voice_adeebf""}]}"
music_0b4d03f1e4cf75,"{""events"":[{""duration_tick"":2,""onset_tick"":0,""pitch"":69,""tie"":""none"",""voice_token"":""voice_adeebf""},{""duration_tick"":2,""onset_tick"":2,""pitch"":68,""tie"":""none"",""voice_token"":""voice_adeebf""},{""duration_tick"":2,""onset_tick"":4,""pitch"":70,""tie"":""none"",""voice_token"":""voice_adeebf""},{""duration_tick"":1,""onset_tick"":6,""pitch"":68,""tie"":""none"",""voice_token"":""voice_adeebf""}]}"
music_c4471a464695dd,"{""events"":[{""duration_tick"":4,""onset_tick"":0,""pitch"":63,""tie"":""none"",""voice_token"":""voice_adeebf""},{""duration_tick"":4,""onset_tick"":4,""pitch"":68,""tie"":""none"",""voice_token"":""voice_adeebf""},{""duration_tick"":4,""onset_tick"":8,""pitch"":-1,""tie"":""none"",""voice_token"":""voice_adeebf""},{""duration_tick"":2,""onset_tick"":12,""pitch"":67,""tie"":""none"",""voice_token"":""voice_adeebf""},{""duration_tick"":2,""onset_tick"":14,""pitch"":67,""tie"":""none"",""voice_token"":""voice_adeebf""},{""duration_tick"":4,""onset_tick"":16,""pitch"":65,""tie"":""none"",""voice_token"":""voice_adeebf""},{""duration_tick"":2,""onset_tick"":20,""pitch"":70,""tie"":""none"",""voice_token"":""voice_adeebf""}]}"
music_ec5d27a6779da7,"{""events"":[{""duration_tick"":2,""onset_tick"":0,""pitch"":74,""tie"":""none"",""voice_token"":""voice_0331f8""},{""duration_tick"":2,""onset_tick"":2,""pitch"":75,""tie"":""none"",""voice_token"":""voice_0331f8""},{""duration_tick"":2,""onset_tick"":4,""pitch"":69,""tie"":""none"",""voice_token"":""voice_0331f8""},{""duration_tick"":2,""onset_tick"":6,""pitch"":75,""tie"":""none"",""voice_token"":""voice_0331f8""},{""duration_tick"":4,""onset_tick"":8,""pitch"":75,""tie"":""none"",""voice_token"":""voice_0331f8""},{""duration_tick"":8,""onset_tick"":12,""pitch"":75,""tie"":""none"",""voice_token"":""voice_0331f8""}]}"
music_c9d6a22b66614d,"{""events"":[{""duration_tick"":2,""onset_tick"":0,""pitch"":62,""tie"":""none"",""voice_token"":""voice_0853df""},{""duration_tick"":16,""onset_tick"":2,""pitch"":55,""tie"":""none"",""voice_token"":""voice_0853df""},{""duration_tick"":6,""onset_tick"":18,""pitch"":55,""tie"":""none"",""voice_token"":""voice_0853df""},{""duration_tick"":2,""onset_tick"":24,""pitch"":55,""tie"":""none"",""voice_token"":""voice_0853df""},{""duration_tick"":6,""onset_tick"":26,""pitch"":55,""tie"":""none"",""voice_token"":""voice_0853df""},{""duration_tick"":6,""onset_tick"":32,""pitch"":-1,""tie"":""none"",""voice_token"":""voice_0853df""}]}"
music_46be63799c5bda,"{""events"":[{""duration_tick"":4,""onset_tick"":0,""pitch"":70,""tie"":""none"",""voice_token"":""voice_adeebf""},{""duration_tick"":2,""onset_tick"":4,""pitch"":67,""tie"":""none"",""voice_token"":""voice_adeebf""},{""duration_tick"":4,""onset_tick"":6,""pitch"":65,""tie"":""none"",""voice_token"":""voice_adeebf""},{""duration_tick"":2,""onset_tick"":10,""pitch"":63,""tie"":""none"",""voice_token"":""voice_adeebf""},{""duration_tick"":4,""onset_tick"":12,""pitch"":65,""tie"":""none"",""voice_token"":""voice_adeebf""},{""duration_tick"":2,""onset_tick"":16,""pitch"":65,""tie"":""none"",""voice_token"":""voice_adeebf""}]}"
music_3499a8814b9cc6,"{""events"":[{""duration_tick"":2,""onset_tick"":0,""pitch"":66,""tie"":""none"",""voice_token"":""voice_adeebf""},{""duration_tick"":2,""onset_tick"":2,""pitch"":69,""tie"":""none"",""voice_token"":""voice_adeebf""},{""duration_tick"":2,""onset_tick"":4,""pitch"":68,""tie"":""none"",""voice_token"":""voice_adeebf""},{""duration_tick"":4,""onset_tick"":6,""pitch"":67,""tie"":""none"",""voice_token"":""voice_adeebf""}]}"
music_aa1372e2c1f39e,"{""events"":[{""duration_tick"":2,""onset_tick"":0,""pitch"":67,""tie"":""none"",""voice_token"":""voice_0284f7""},{""duration_tick"":4,""onset_tick"":2,""pitch"":64,""tie"":""none"",""voice_token"":""voice_0284f7""},{""duration_tick"":2,""onset_tick"":6,""pitch"":64,""tie"":""none"",""voice_token"":""voice_0284f7""},{""duration_tick"":2,""onset_tick"":8,""pitch"":-1,""tie"":""none"",""voice_token"":""voice_0284f7""}]}"
music_950afed9e01fff,"{""events"":[{""duration_tick"":2,""onset_tick"":0,""pitch"":67,""tie"":""none"",""voice_token"":""voice_adeebf""},{""duration_tick"":4,""onset_tick"":2,""pitch"":72,""tie"":""none"",""voice_token"":""voice_adeebf""},{""duration_tick"":4,""onset_tick"":6,""pitch"":72,""tie"":""none"",""voice_token"":""voice_adeebf""},{""duration_tick"":4,""onset_tick"":10,""pitch"":69,""tie"":""none"",""voice_token"":""voice_adeebf""}]}"
music_7365b66418cd42,"{""events"":[{""duration_tick"":2,""onset_tick"":0,""pitch"":73,""tie"":""none"",""voice_token"":""voice_adeebf""},{""duration_tick"":2,""onset_tick"":2,""pitch"":71,""tie"":""none"",""voice_token"":""voice_adeebf""},{""duration_tick"":2,""onset_tick"":4,""pitch"":66,""tie"":""none"",""voice_token"":""voice_adeebf""},{""duration_tick"":4,""onset_tick"":6,""pitch"":66,""tie"":""none"",""voice_token"":""voice_adeebf""},{""duration_tick"":4,""onset_tick"":10,""pitch"":63,""tie"":""none"",""voice_token"":""voice_adeebf""}]}"
music_917d76ced2f9b0,"{""events"":[{""duration_tick"":1,""onset_tick"":0,""pitch"":72,""tie"":""none"",""voice_token"":""voice_adeebf""},{""duration_tick"":2,""onset_tick"":1,""pitch"":70,""tie"":""none"",""voice_token"":""voice_adeebf""},{""duration_tick"":2,""onset_tick"":3,""pitch"":70,""tie"":""none"",""voice_token"":""voice_adeebf""},{""duration_tick"":2,""onset_tick"":5,""pitch"":70,""tie"":""none"",""voice_token"":""voice_adeebf""},{""duration_tick"":2,""onset_tick"":7,""pitch"":70,""tie"":""none"",""voice_token"":""voice_adeebf""}]}"
music_7069366c0fd125,"{""events"":[{""duration_tick"":2,""onset_tick"":0,""pitch"":67,""tie"":""none"",""voice_token"":""voice_adeebf""},{""duration_tick"":2,""onset_tick"":2,""pitch"":66,""tie"":""none"",""voice_token"":""voice_adeebf""},{""duration_tick"":4,""onset_tick"":4,""pitch"":79,""tie"":""none"",""voice_token"":""voice_adeebf""},{""duration_tick"":1,""onset_tick"":8,""pitch"":78,""tie"":""none"",""voice_token"":""voice_adeebf""},{""duration_tick"":1,""onset_tick"":9,""pitch"":76,""tie"":""none"",""voice_token"":""voice_adeebf""},{""duration_tick"":4,""onset_tick"":10,""pitch"":74,""tie"":""none"",""voice_token"":""voice_adeebf""},{""duration_tick"":2,""onset_tick"":14,""pitch"":76,""tie"":""none"",""voice_token"":""voice_adeebf""}]}"
music_3b4bc86db25f62,"{""events"":[{""duration_tick"":8,""onset_tick"":0,""pitch"":62,""tie"":""none"",""voice_token"":""voice_bf2e2c""},{""duration_tick"":4,""onset_tick"":8,""pitch"":65,""tie"":""none"",""voice_token"":""voice_bf2e2c""},{""duration_tick"":4,""onset_tick"":12,""pitch"":64,""tie"":""none"",""voice_token"":""voice_bf2e2c""},{""duration_tick"":4,""onset_tick"":16,""pitch"":65,""tie"":""none"",""voice_token"":""voice_bf2e2c""},{""duration_tick"":4,""onset_tick"":20,""pitch"":69,""tie"":""none"",""voice_token"":""voice_bf2e2c""},{""duration_tick"":4,""onset_tick"":24,""pitch"":70,""tie"":""none"",""voice_token"":""voice_bf2e2c""},{""duration_tick"":4,""onset_tick"":28,""pitch"":69,""tie"":""none"",""voice_token"":""voice_bf2e2c""}]}"
music_932b5666bb16c2,"{""events"":[{""duration_tick"":1,""onset_tick"":0,""pitch"":70,""tie"":""none"",""voice_token"":""voice_adeebf""},{""duration_tick"":1,""onset_tick"":1,""pitch"":69,""tie"":""none"",""voice_token"":""voice_adeebf""},{""duration_tick"":2,""onset_tick"":2,""pitch"":72,""tie"":""none"",""voice_token"":""voice_adeebf""},{""duration_tick"":2,""onset_tick"":4,""pitch"":67,""tie"":""none"",""voice_token"":""voice_adeebf""},{""duration_tick"":2,""onset_tick"":6,""pitch"":64,""tie"":""none"",""voice_token"":""voice_adeebf""},{""duration_tick"":2,""onset_tick"":8,""pitch"":65,""tie"":""none"",""voice_token"":""voice_adeebf""}]}"
music_718208fe5c3d53,"{""events"":[{""duration_tick"":4,""onset_tick"":0,""pitch"":67,""tie"":""none"",""voice_token"":""voice_bf2e2c""},{""duration_tick"":2,""onset_tick"":4,""pitch"":67,""tie"":""none"",""voice_token"":""voice_bf2e2c""},{""duration_tick"":2,""onset_tick"":6,""pitch"":67,""tie"":""none"",""voice_token"":""voice_bf2e2c""},{""duration_tick"":4,""onset_tick"":8,""pitch"":66,""tie"":""none"",""voice_token"":""voice_bf2e2c""},{""duration_tick"":4,""onset_tick"":12,""pitch"":-1,""tie"":""none"",""voice_token"":""voice_bf2e2c""}]}"
music_8f5cd9c9756015,"{""events"":[{""duration_tick"":2,""onset_tick"":0,""pitch"":76,""tie"":""none"",""voice_token"":""voice_bf2e2c""},{""duration_tick"":2,""onset_tick"":2,""pitch"":74,""tie"":""none"",""voice_token"":""voice_bf2e2c""},{""duration_tick"":8,""onset_tick"":4,""pitch"":73,""tie"":""none"",""voice_token"":""voice_bf2e2c""},{""duration_tick"":4,""onset_tick"":12,""pitch"":71,""tie"":""none"",""voice_token"":""voice_bf2e2c""},{""duration_tick"":4,""onset_tick"":16,""pitch"":69,""tie"":""none"",""voice_token"":""voice_bf2e2c""}]}"
music_abf47bdeb5bc12,"{""events"":[{""duration_tick"":4,""onset_tick"":0,""pitch"":63,""tie"":""none"",""voice_token"":""voice_adeebf""},{""duration_tick"":2,""onset_tick"":4,""pitch"":68,""tie"":""none"",""voice_token"":""voice_adeebf""},{""duration_tick"":2,""onset_tick"":6,""pitch"":67,""tie"":""none"",""voice_token"":""voice_adeebf""},{""duration_tick"":4,""onset_tick"":8,""pitch"":65,""tie"":""none"",""voice_token"":""voice_adeebf""},{""duration_tick"":2,""onset_tick"":12,""pitch"":70,""tie"":""none"",""voice_token"":""voice_adeebf""},{""duration_tick"":2,""onset_tick"":14,""pitch"":68,""tie"":""none"",""voice_token"":""voice_adeebf""},{""duration_tick"":2,""onset_tick"":16,""pitch"":67,""tie"":""none"",""voice_token"":""voice_adeebf""}]}"
music_3f4c0f6ead780d,"{""events"":[{""duration_tick"":2,""onset_tick"":0,""pitch"":63,""tie"":""none"",""voice_token"":""voice_adeebf""},{""duration_tick"":2,""onset_tick"":2,""pitch"":70,""tie"":""none"",""voice_token"":""voice_adeebf""},{""duration_tick"":2,""onset_tick"":4,""pitch"":70,""tie"":""none"",""voice_token"":""voice_adeebf""},{""duration_tick"":4,""onset_tick"":6,""pitch"":70,""tie"":""none"",""voice_token"":""voice_adeebf""},{""duration_tick"":2,""onset_tick"":10,""pitch"":72,""tie"":""none"",""voice_token"":""voice_adeebf""}]}"
music_136a33e72c509d,"{""events"":[{""duration_tick"":2,""onset_tick"":0,""pitch"":69,""tie"":""none"",""voice_token"":""voice_adeebf""},{""duration_tick"":2,""onset_tick"":2,""pitch"":69,""tie"":""none"",""voice_token"":""voice_adeebf""},{""duration_tick"":4,""onset_tick"":4,""pitch"":65,""tie"":""none"",""voice_token"":""voice_adeebf""},{""duration_tick"":2,""onset_tick"":8,""pitch"":65,""tie"":""none"",""voice_token"":""voice_adeebf""},{""duration_tick"":2,""onset_tick"":10,""pitch"":-1,""tie"":""none"",""voice_token"":""voice_adeebf""}]}"
music_70b05e5cb7abf7,"{""events"":[{""duration_tick"":4,""onset_tick"":0,""pitch"":54,""tie"":""none"",""voice_token"":""voice_e41d18""},{""duration_tick"":4,""onset_tick"":4,""pitch"":54,""tie"":""none"",""voice_token"":""voice_e41d18""},{""duration_tick"":4,""onset_tick"":8,""pitch"":54,""tie"":""none"",""voice_token"":""voice_e41d18""},{""duration_tick"":4,""onset_tick"":12,""pitch"":54,""tie"":""none"",""voice_token"":""voice_e41d18""},{""duration_tick"":4,""onset_tick"":16,""pitch"":54,""tie"":""none"",""voice_token"":""voice_e41d18""}]}"
music_49dda5bfcb3fe2,"{""events"":[{""duration_tick"":2,""onset_tick"":0,""pitch"":69,""tie"":""none"",""voice_token"":""voice_bf2e2c""},{""duration_tick"":2,""onset_tick"":2,""pitch"":69,""tie"":""none"",""voice_token"":""voice_bf2e2c""},{""duration_tick"":2,""onset_tick"":4,""pitch"":69,""tie"":""none"",""voice_token"":""voice_bf2e2c""},{""duration_tick"":2,""onset_tick"":6,""pitch"":69,""tie"":""none"",""voice_token"":""voice_bf2e2c""},{""duration_tick"":2,""onset_tick"":8,""pitch"":71,""tie"":""none"",""voice_token"":""voice_bf2e2c""},{""duration_tick"":2,""onset_tick"":10,""pitch"":67,""tie"":""none"",""voice_token"":""voice_bf2e2c""}]}"
music_7de94b063ba403,"{""events"":[{""duration_tick"":2,""onset_tick"":0,""pitch"":60,""tie"":""none"",""voice_token"":""voice_bf2e2c""},{""duration_tick"":2,""onset_tick"":2,""pitch"":63,""tie"":""none"",""voice_token"":""voice_bf2e2c""},{""duration_tick"":4,""onset_tick"":4,""pitch"":63,""tie"":""none"",""voice_token"":""voice_bf2e2c""},{""duration_tick"":4,""onset_tick"":8,""pitch"":64,""tie"":""none"",""voice_token"":""voice_bf2e2c""},{""duration_tick"":4,""onset_tick"":12,""pitch"":64,""tie"":""none"",""voice_token"":""voice_bf2e2c""},{""duration_tick"":4,""onset_tick"":16,""pitch"":63,""tie"":""none"",""voice_token"":""voice_bf2e2c""}]}"
music_358603aacb8caa,"{""events"":[{""duration_tick"":2,""onset_tick"":0,""pitch"":-1,""tie"":""none"",""voice_token"":""voice_0331f8""},{""duration_tick"":2,""onset_tick"":2,""pitch"":71,""tie"":""none"",""voice_token"":""voice_0331f8""},{""duration_tick"":2,""onset_tick"":4,""pitch"":69,""tie"":""none"",""voice_token"":""voice_0331f8""},{""duration_tick"":2,""onset_tick"":6,""pitch"":69,""tie"":""none"",""voice_token"":""voice_0331f8""},{""duration_tick"":2,""onset_tick"":8,""pitch"":78,""tie"":""none"",""voice_token"":""voice_0331f8""}]}"
music_92c5e1fe8e07dc,"{""events"":[{""duration_tick"":2,""onset_tick"":0,""pitch"":69,""tie"":""none"",""voice_token"":""voice_adeebf""},{""duration_tick"":4,""onset_tick"":2,""pitch"":67,""tie"":""none"",""voice_token"":""voice_adeebf""},{""duration_tick"":2,""onset_tick"":6,""pitch"":72,""tie"":""none"",""voice_token"":""voice_adeebf""},{""duration_tick"":2,""onset_tick"":8,""pitch"":69,""tie"":""none"",""voice_token"":""voice_adeebf""},{""duration_tick"":2,""onset_tick"":10,""pitch"":71,""tie"":""none"",""voice_token"":""voice_adeebf""},{""duration_tick"":2,""onset_tick"":12,""pitch"":67,""tie"":""none"",""voice_token"":""voice_adeebf""},{""duration_tick"":3,""onset_tick"":14,""pitch"":69,""tie"":""none"",""voice_token"":""voice_adeebf""}]}"
music_7a16dfe19ea774,"{""events"":[{""duration_tick"":1,""onset_tick"":0,""pitch"":69,""tie"":""none"",""voice_token"":""voice_bf2e2c""},{""duration_tick"":4,""onset_tick"":1,""pitch"":71,""tie"":""none"",""voice_token"":""voice_bf2e2c""},{""duration_tick"":12,""onset_tick"":5,""pitch"":71,""tie"":""none"",""voice_token"":""voice_bf2e2c""},{""duration_tick"":4,""onset_tick"":17,""pitch"":74,""tie"":""none"",""voice_token"":""voice_bf2e2c""}]}"
music_86e8df58fbb2fb,"{""events"":[{""duration_tick"":2,""onset_tick"":0,""pitch"":61,""tie"":""none"",""voice_token"":""voice_bdd9b1""},{""duration_tick"":2,""onset_tick"":2,""pitch"":62,""tie"":""none"",""voice_token"":""voice_bdd9b1""},{""duration_tick"":2,""onset_tick"":4,""pitch"":62,""tie"":""none"",""voice_token"":""voice_bdd9b1""},{""duration_tick"":2,""onset_tick"":6,""pitch"":61,""tie"":""none"",""voice_token"":""voice_bdd9b1""}]}"
music_baee1c4d4f06d2,"{""events"":[{""duration_tick"":6,""onset_tick"":0,""pitch"":72,""tie"":""stop"",""voice_token"":""voice_bf2e2c""},{""duration_tick"":6,""onset_tick"":6,""pitch"":71,""tie"":""none"",""voice_token"":""voice_bf2e2c""},{""duration_tick"":2,""onset_tick"":12,""pitch"":74,""tie"":""none"",""voice_token"":""voice_bf2e2c""},{""duration_tick"":2,""onset_tick"":14,""pitch"":74,""tie"":""none"",""voice_token"":""voice_bf2e2c""},{""duration_tick"":2,""onset_tick"":16,""pitch"":74,""tie"":""none"",""voice_token"":""voice_bf2e2c""},{""duration_tick"":6,""onset_tick"":18,""pitch"":74,""tie"":""start"",""voice_token"":""voice_bf2e2c""}]}"
music_b74cfce8fa617b,"{""events"":[{""duration_tick"":2,""onset_tick"":0,""pitch"":68,""tie"":""none"",""voice_token"":""voice_bf2e2c""},{""duration_tick"":2,""onset_tick"":2,""pitch"":65,""tie"":""none"",""voice_token"":""voice_bf2e2c""},{""duration_tick"":2,""onset_tick"":4,""pitch"":68,""tie"":""none"",""voice_token"":""voice_bf2e2c""},{""duration_tick"":2,""onset_tick"":6,""pitch"":70,""tie"":""none"",""voice_token"":""voice_bf2e2c""},{""duration_tick"":2,""onset_tick"":8,""pitch"":70,""tie"":""none"",""voice_token"":""voice_bf2e2c""}]}"
music_11be99b8a272b2,"{""events"":[{""duration_tick"":6,""onset_tick"":0,""pitch"":68,""tie"":""none"",""voice_token"":""voice_bf2e2c""},{""duration_tick"":4,""onset_tick"":6,""pitch"":71,""tie"":""none"",""voice_token"":""voice_bf2e2c""},{""duration_tick"":2,""onset_tick"":10,""pitch"":71,""tie"":""none"",""voice_token"":""voice_bf2e2c""},{""duration_tick"":4,""onset_tick"":12,""pitch"":71,""tie"":""none"",""voice_token"":""voice_bf2e2c""},{""duration_tick"":2,""onset_tick"":16,""pitch"":71,""tie"":""none"",""voice_token"":""voice_bf2e2c""}]}"
music_8c63af5ef533a3,"{""events"":[{""duration_tick"":1,""onset_tick"":0,""pitch"":67,""tie"":""none"",""voice_token"":""voice_adeebf""},{""duration_tick"":2,""onset_tick"":1,""pitch"":68,""tie"":""none"",""voice_token"":""voice_adeebf""},{""duration_tick"":2,""onset_tick"":3,""pitch"":65,""tie"":""none"",""voice_token"":""voice_adeebf""},{""duration_tick"":4,""onset_tick"":5,""pitch"":63,""tie"":""none"",""voice_token"":""voice_adeebf""},{""duration_tick"":8,""onset_tick"":9,""pitch"":72,""tie"":""none"",""voice_token"":""voice_adeebf""},{""duration_tick"":4,""onset_tick"":17,""pitch"":72,""tie"":""none"",""voice_token"":""voice_adeebf""}]}"
music_dc1a241ec95b35,"{""events"":[{""duration_tick"":4,""onset_tick"":0,""pitch"":68,""tie"":""none"",""voice_token"":""voice_adeebf""},{""duration_tick"":2,""onset_tick"":4,""pitch"":73,""tie"":""none"",""voice_token"":""voice_adeebf""},{""duration_tick"":4,""onset_tick"":6,""pitch"":73,""tie"":""none"",""voice_token"":""voice_adeebf""},{""duration_tick"":2,""onset_tick"":10,""pitch"":73,""tie"":""none"",""voice_token"":""voice_adeebf""},{""duration_tick"":2,""onset_tick"":12,""pitch"":71,""tie"":""none"",""voice_token"":""voice_adeebf""}]}"
music_745f935819babb,"{""events"":[{""duration_tick"":2,""onset_tick"":0,""pitch"":74,""tie"":""none"",""voice_token"":""voice_0331f8""},{""duration_tick"":2,""onset_tick"":2,""pitch"":71,""tie"":""none"",""voice_token"":""voice_0331f8""},{""duration_tick"":2,""onset_tick"":4,""pitch"":72,""tie"":""none"",""voice_token"":""voice_0331f8""},{""duration_tick"":1,""onset_tick"":6,""pitch"":74,""tie"":""none"",""voice_token"":""voice_0331f8""}]}"
music_feb78fd92be2cb,"{""events"":[{""duration_tick"":2,""onset_tick"":0,""pitch"":68,""tie"":""none"",""voice_token"":""voice_7574bc""},{""duration_tick"":4,""onset_tick"":2,""pitch"":71,""tie"":""none"",""voice_token"":""voice_7574bc""},{""duration_tick"":2,""onset_tick"":6,""pitch"":71,""tie"":""none"",""voice_token"":""voice_7574bc""},{""duration_tick"":2,""onset_tick"":8,""pitch"":71,""tie"":""none"",""voice_token"":""voice_7574bc""},{""duration_tick"":2,""onset_tick"":10,""pitch"":69,""tie"":""none"",""voice_token"":""voice_7574bc""},{""duration_tick"":2,""onset_tick"":12,""pitch"":-1,""tie"":""none"",""voice_token"":""voice_7574bc""},{""duration_tick"":4,""onset_tick"":14,""pitch"":-1,""tie"":""none"",""voice_token"":""voice_7574bc""}]}"
music_45cd1889d86575,"{""events"":[{""duration_tick"":1,""onset_tick"":0,""pitch"":68,""tie"":""none"",""voice_token"":""voice_adeebf""},{""duration_tick"":1,""onset_tick"":1,""pitch"":68,""tie"":""none"",""voice_token"":""voice_adeebf""},{""duration_tick"":1,""onset_tick"":2,""pitch"":68,""tie"":""none"",""voice_token"":""voice_adeebf""},{""duration_tick"":6,""onset_tick"":3,""pitch"":71,""tie"":""none"",""voice_token"":""voice_adeebf""},{""duration_tick"":4,""onset_tick"":9,""pitch"":71,""tie"":""none"",""voice_token"":""voice_adeebf""},{""duration_tick"":2,""onset_tick"":13,""pitch"":68,""tie"":""none"",""voice_token"":""voice_adeebf""},{""duration_tick"":4,""onset_tick"":15,""pitch"":72,""tie"":""none"",""voice_token"":""voice_adeebf""}]}"
music_49b15ecefe2a5d,"{""events"":[{""duration_tick"":2,""onset_tick"":0,""pitch"":75,""tie"":""none"",""voice_token"":""voice_adeebf""},{""duration_tick"":1,""onset_tick"":2,""pitch"":74,""tie"":""none"",""voice_token"":""voice_adeebf""},{""duration_tick"":1,""onset_tick"":3,""pitch"":74,""tie"":""none"",""voice_token"":""voice_adeebf""},{""duration_tick"":2,""onset_tick"":4,""pitch"":72,""tie"":""none"",""voice_token"":""voice_adeebf""},{""duration_tick"":2,""onset_tick"":6,""pitch"":72,""tie"":""none"",""voice_token"":""voice_adeebf""}]}"
music_5ff9ab7c707734,"{""events"":[{""duration_tick"":1,""onset_tick"":0,""pitch"":64,""tie"":""none"",""voice_token"":""voice_0331f8""},{""duration_tick"":1,""onset_tick"":1,""pitch"":62,""tie"":""none"",""voice_token"":""voice_0331f8""},{""duration_tick"":1,""onset_tick"":2,""pitch"":62,""tie"":""none"",""voice_token"":""voice_0331f8""},{""duration_tick"":1,""onset_tick"":3,""pitch"":60,""tie"":""none"",""voice_token"":""voice_0331f8""},{""duration_tick"":1,""onset_tick"":4,""pitch"":62,""tie"":""none"",""voice_token"":""voice_0331f8""},{""duration_tick"":1,""onset_tick"":5,""pitch"":60,""tie"":""none"",""voice_token"":""voice_0331f8""}]}"
music_4460d6eb99cf8e,"{""events"":[{""duration_tick"":2,""onset_tick"":0,""pitch"":71,""tie"":""none"",""voice_token"":""voice_7574bc""},{""duration_tick"":2,""onset_tick"":2,""pitch"":71,""tie"":""none"",""voice_token"":""voice_7574bc""},{""duration_tick"":2,""onset_tick"":4,""pitch"":74,""tie"":""none"",""voice_token"":""voice_7574bc""},{""duration_tick"":2,""onset_tick"":6,""pitch"":74,""tie"":""none"",""voice_token"":""voice_7574bc""},{""duration_tick"":4,""onset_tick"":8,""pitch"":69,""tie"":""none"",""voice_token"":""voice_7574bc""}]}"
music_68fb32f2119743,"{""events"":[{""duration_tick"":4,""onset_tick"":0,""pitch"":-1,""tie"":""none"",""voice_token"":""voice_bf2e2c""},{""duration_tick"":4,""onset_tick"":4,""pitch"":-1,""tie"":""none"",""voice_token"":""voice_bf2e2c""},{""duration_tick"":4,""onset_tick"":8,""pitch"":-1,""tie"":""none"",""voice_token"":""voice_bf2e2c""},{""duration_tick"":2,""onset_tick"":12,""pitch"":74,""tie"":""none"",""voice_token"":""voice_bf2e2c""},{""duration_tick"":2,""onset_tick"":14,""pitch"":74,""tie"":""none"",""voice_token"":""voice_bf2e2c""},{""duration_tick"":2,""onset_tick"":16,""pitch"":74,""tie"":""none"",""voice_token"":""voice_bf2e2c""},{""duration_tick"":2,""onset_tick"":18,""pitch"":74,""tie"":""none"",""voice_token"":""voice_bf2e2c""}]}"
music_f5f0e174528e2c,"{""events"":[{""duration_tick"":4,""onset_tick"":0,""pitch"":72,""tie"":""none"",""voice_token"":""voice_7574bc""},{""duration_tick"":4,""onset_tick"":4,""pitch"":72,""tie"":""none"",""voice_token"":""voice_7574bc""},{""duration_tick"":4,""onset_tick"":8,""pitch"":71,""tie"":""none"",""voice_token"":""voice_7574bc""},{""duration_tick"":2,""onset_tick"":12,""pitch"":71,""tie"":""none"",""voice_token"":""voice_7574bc""},{""duration_tick"":2,""onset_tick"":14,""pitch"":72,""tie"":""none"",""voice_token"":""voice_7574bc""}]}"
music_d0c793cc9a8e59,"{""events"":[{""duration_tick"":1,""onset_tick"":0,""pitch"":74,""tie"":""none"",""voice_token"":""voice_adeebf""},{""duration_tick"":3,""onset_tick"":1,""pitch"":73,""tie"":""none"",""voice_token"":""voice_adeebf""},{""duration_tick"":1,""onset_tick"":4,""pitch"":71,""tie"":""none"",""voice_token"":""voice_adeebf""},{""duration_tick"":4,""onset_tick"":5,""pitch"":67,""tie"":""none"",""voice_token"":""voice_adeebf""},{""duration_tick"":2,""onset_tick"":9,""pitch"":65,""tie"":""none"",""voice_token"":""voice_adeebf""}]}"
music_3414127f52acf4,"{""events"":[{""duration_tick"":1,""onset_tick"":0,""pitch"":69,""tie"":""none"",""voice_token"":""voice_adeebf""},{""duration_tick"":4,""onset_tick"":1,""pitch"":70,""tie"":""none"",""voice_token"":""voice_adeebf""},{""duration_tick"":4,""onset_tick"":5,""pitch"":74,""tie"":""none"",""voice_token"":""voice_adeebf""},{""duration_tick"":4,""onset_tick"":9,""pitch"":72,""tie"":""none"",""voice_token"":""voice_adeebf""},{""duration_tick"":4,""onset_tick"":13,""pitch"":69,""tie"":""none"",""voice_token"":""voice_adeebf""},{""duration_tick"":2,""onset_tick"":17,""pitch"":69,""tie"":""none"",""voice_token"":""voice_adeebf""}]}"
music_774a285f790945,"{""events"":[{""duration_tick"":2,""onset_tick"":0,""pitch"":60,""tie"":""none"",""voice_token"":""voice_adeebf""},{""duration_tick"":2,""onset_tick"":2,""pitch"":60,""tie"":""none"",""voice_token"":""voice_adeebf""},{""duration_tick"":4,""onset_tick"":4,""pitch"":62,""tie"":""none"",""voice_token"":""voice_adeebf""},{""duration_tick"":2,""onset_tick"":8,""pitch"":65,""tie"":""none"",""voice_token"":""voice_adeebf""},{""duration_tick"":1,""onset_tick"":10,""pitch"":67,""tie"":""none"",""voice_token"":""voice_adeebf""},{""duration_tick"":1,""onset_tick"":11,""pitch"":65,""tie"":""none"",""voice_token"":""voice_adeebf""}]}"
music_d54e8c3893d152,"{""events"":[{""duration_tick"":4,""onset_tick"":0,""pitch"":66,""tie"":""none"",""voice_token"":""voice_adeebf""},{""duration_tick"":4,""onset_tick"":4,""pitch"":67,""tie"":""none"",""voice_token"":""voice_adeebf""},{""duration_tick"":2,""onset_tick"":8,""pitch"":66,""tie"":""none"",""voice_token"":""voice_adeebf""},{""duration_tick"":2,""onset_tick"":10,""pitch"":72,""tie"":""none"",""voice_token"":""voice_adeebf""}]}"
music_e3fd16ec0279fc,"{""events"":[{""duration_tick"":2,""onset_tick"":0,""pitch"":74,""tie"":""none"",""voice_token"":""voice_bf2e2c""},{""duration_tick"":2,""onset_tick"":2,""pitch"":72,""tie"":""none"",""voice_token"":""voice_bf2e2c""},{""duration_tick"":1,""onset_tick"":4,""pitch"":71,""tie"":""none"",""voice_token"":""voice_bf2e2c""},{""duration_tick"":1,""onset_tick"":5,""pitch"":71,""tie"":""none"",""voice_token"":""voice_bf2e2c""},{""duration_tick"":2,""onset_tick"":6,""pitch"":69,""tie"":""none"",""voice_token"":""voice_bf2e2c""}]}"
music_0323187e3ad78a,"{""events"":[{""duration_tick"":2,""onset_tick"":0,""pitch"":75,""tie"":""none"",""voice_token"":""voice_0331f8""},{""duration_tick"":2,""onset_tick"":2,""pitch"":77,""tie"":""none"",""voice_token"":""voice_0331f8""},{""duration_tick"":2,""onset_tick"":4,""pitch"":70,""tie"":""none"",""voice_token"":""voice_0331f8""},{""duration_tick"":2,""onset_tick"":6,""pitch"":70,""tie"":""none"",""voice_token"":""voice_0331f8""},{""duration_tick"":2,""onset_tick"":8,""pitch"":70,""tie"":""none"",""voice_token"":""voice_0331f8""},{""duration_tick"":2,""onset_tick"":10,""pitch"":75,""tie"":""none"",""voice_token"":""voice_0331f8""},{""duration_tick"":2,""onset_tick"":12,""pitch"":73,""tie"":""none"",""voice_token"":""voice_0331f8""}]}"
music_dc86ec5c4ef136,"{""events"":[{""duration_tick"":2,""onset_tick"":0,""pitch"":70,""tie"":""none"",""voice_token"":""voice_0284f7""},{""duration_tick"":2,""onset_tick"":2,""pitch"":68,""tie"":""none"",""voice_token"":""voice_0284f7""},{""duration_tick"":2,""onset_tick"":4,""pitch"":64,""tie"":""none"",""voice_token"":""voice_0284f7""},{""duration_tick"":8,""onset_tick"":6,""pitch"":68,""tie"":""none"",""voice_token"":""voice_0284f7""},{""duration_tick"":2,""onset_tick"":14,""pitch"":68,""tie"":""none"",""voice_token"":""voice_0284f7""}]}"
music_b5dca943d88c26,"{""events"":[{""duration_tick"":2,""onset_tick"":0,""pitch"":71,""tie"":""none"",""voice_token"":""voice_adeebf""},{""duration_tick"":2,""onset_tick"":2,""pitch"":71,""tie"":""none"",""voice_token"":""voice_adeebf""},{""duration_tick"":2,""onset_tick"":4,""pitch"":76,""tie"":""none"",""voice_token"":""voice_adeebf""},{""duration_tick"":2,""onset_tick"":6,""pitch"":78,""tie"":""none"",""voice_token"":""voice_adeebf""},{""duration_tick"":2,""onset_tick"":8,""pitch"":79,""tie"":""none"",""voice_token"":""voice_adeebf""},{""duration_tick"":2,""onset_tick"":10,""pitch"":78,""tie"":""none"",""voice_token"":""voice_adeebf""}]}"
music_b2138cb5458ed0,"{""events"":[{""duration_tick"":2,""onset_tick"":0,""pitch"":71,""tie"":""none"",""voice_token"":""voice_bf2e2c""},{""duration_tick"":4,""onset_tick"":2,""pitch"":71,""tie"":""none"",""voice_token"":""voice_bf2e2c""},{""duration_tick"":2,""onset_tick"":6,""pitch"":71,""tie"":""none"",""voice_token"":""voice_bf2e2c""},{""duration_tick"":2,""onset_tick"":8,""pitch"":71,""tie"":""none"",""voice_token"":""voice_bf2e2c""},{""duration_tick"":2,""onset_tick"":10,""pitch"":71,""tie"":""none"",""voice_token"":""voice_bf2e2c""},{""duration_tick"":2,""onset_tick"":12,""pitch"":67,""tie"":""none"",""voice_token"":""voice_bf2e2c""},{""duration_tick"":4,""onset_tick"":14,""pitch"":67,""tie"":""none"",""voice_token"":""voice_bf2e2c""}]}"
music_5b2f3c224791d6,"{""events"":[{""duration_tick"":4,""onset_tick"":0,""pitch"":76,""tie"":""none"",""voice_token"":""voice_8c73be""},{""duration_tick"":8,""onset_tick"":4,""pitch"":74,""tie"":""none"",""voice_token"":""voice_8c73be""},{""duration_tick"":8,""onset_tick"":12,""pitch"":74,""tie"":""none"",""voice_token"":""voice_8c73be""},{""duration_tick"":8,""onset_tick"":20,""pitch"":74,""tie"":""none"",""voice_token"":""voice_8c73be""},{""duration_tick"":8,""onset_tick"":28,""pitch"":74,""tie"":""none"",""voice_token"":""voice_8c73be""},{""duration_tick"":4,""onset_tick"":36,""pitch"":74,""tie"":""none"",""voice_token"":""voice_8c73be""},{""duration_tick"":4,""onset_tick"":40,""pitch"":74,""tie"":""none"",""voice_token"":""voice_8c73be""}]}"
music_66e9a07320740f,"{""events"":[{""duration_tick"":2,""onset_tick"":0,""pitch"":69,""tie"":""none"",""voice_token"":""voice_0331f8""},{""duration_tick"":2,""onset_tick"":2,""pitch"":71,""tie"":""none"",""voice_token"":""voice_0331f8""},{""duration_tick"":4,""onset_tick"":4,""pitch"":74,""tie"":""none"",""voice_token"":""voice_0331f8""},{""duration_tick"":2,""onset_tick"":8,""pitch"":66,""tie"":""none"",""voice_token"":""voice_0331f8""},{""duration_tick"":2,""onset_tick"":10,""pitch"":69,""tie"":""none"",""voice_token"":""voice_0331f8""}]}"
music_6185e3635094be,"{""events"":[{""duration_tick"":8,""onset_tick"":0,""pitch"":70,""tie"":""none"",""voice_token"":""voice_e88425""},{""duration_tick"":4,""onset_tick"":8,""pitch"":67,""tie"":""none"",""voice_token"":""voice_e88425""},{""duration_tick"":4,""onset_tick"":12,""pitch"":63,""tie"":""none"",""voice_token"":""voice_e88425""},{""duration_tick"":6,""onset_tick"":16,""pitch"":63,""tie"":""none"",""voice_token"":""voice_e88425""}]}"
music_e96ca2c9081c85,"{""events"":[{""duration_tick"":2,""onset_tick"":0,""pitch"":74,""tie"":""none"",""voice_token"":""voice_adeebf""},{""duration_tick"":4,""onset_tick"":2,""pitch"":74,""tie"":""none"",""voice_token"":""voice_adeebf""},{""duration_tick"":4,""onset_tick"":6,""pitch"":74,""tie"":""none"",""voice_token"":""voice_adeebf""},{""duration_tick"":4,""onset_tick"":10,""pitch"":67,""tie"":""none"",""voice_token"":""voice_adeebf""},{""duration_tick"":4,""onset_tick"":14,""pitch"":74,""tie"":""none"",""voice_token"":""voice_adeebf""}]}"
music_af57b8b1782102,"{""events"":[{""duration_tick"":4,""onset_tick"":0,""pitch"":70,""tie"":""none"",""voice_token"":""voice_adeebf""},{""duration_tick"":4,""onset_tick"":4,""pitch"":69,""tie"":""none"",""voice_token"":""voice_adeebf""},{""duration_tick"":2,""onset_tick"":8,""pitch"":69,""tie"":""none"",""voice_token"":""voice_adeebf""},{""duration_tick"":2,""onset_tick"":10,""pitch"":67,""tie"":""none"",""voice_token"":""voice_adeebf""},{""duration_tick"":4,""onset_tick"":12,""pitch"":65,""tie"":""none"",""voice_token"":""voice_adeebf""},{""duration_tick"":4,""onset_tick"":16,""pitch"":67,""tie"":""none"",""voice_token"":""voice_adeebf""},{""duration_tick"":4,""onset_tick"":20,""pitch"":65,""tie"":""none"",""voice_token"":""voice_adeebf""}]}"
music_a9bcf31fbac210,"{""events"":[{""duration_tick"":2,""onset_tick"":0,""pitch"":75,""tie"":""none"",""voice_token"":""voice_adeebf""},{""duration_tick"":2,""onset_tick"":2,""pitch"":73,""tie"":""none"",""voice_token"":""voice_adeebf""},{""duration_tick"":2,""onset_tick"":4,""pitch"":73,""tie"":""none"",""voice_token"":""voice_adeebf""},{""duration_tick"":2,""onset_tick"":6,""pitch"":69,""tie"":""none"",""voice_token"":""voice_adeebf""},{""duration_tick"":2,""onset_tick"":8,""pitch"":67,""tie"":""none"",""voice_token"":""voice_adeebf""}]}"
music_fceaa46dbe8615,"{""events"":[{""duration_tick"":2,""onset_tick"":0,""pitch"":74,""tie"":""none"",""voice_token"":""voice_0284f7""},{""duration_tick"":4,""onset_tick"":2,""pitch"":74,""tie"":""none"",""voice_token"":""voice_0284f7""},{""duration_tick"":2,""onset_tick"":6,""pitch"":73,""tie"":""none"",""voice_token"":""voice_0284f7""},{""duration_tick"":2,""onset_tick"":8,""pitch"":71,""tie"":""none"",""voice_token"":""voice_0284f7""},{""duration_tick"":8,""onset_tick"":10,""pitch"":71,""tie"":""none"",""voice_token"":""voice_0284f7""},{""duration_tick"":4,""onset_tick"":18,""pitch"":70,""tie"":""none"",""voice_token"":""voice_0284f7""},{""duration_tick"":2,""onset_tick"":22,""pitch"":76,""tie"":""none"",""voice_token"":""voice_0284f7""}]}"
music_68e1952e7c60e6,"{""events"":[{""duration_tick"":2,""onset_tick"":0,""pitch"":67,""tie"":""none"",""voice_token"":""voice_adeebf""},{""duration_tick"":2,""onset_tick"":2,""pitch"":67,""tie"":""none"",""voice_token"":""voice_adeebf""},{""duration_tick"":2,""onset_tick"":4,""pitch"":67,""tie"":""none"",""voice_token"":""voice_adeebf""},{""duration_tick"":2,""onset_tick"":6,""pitch"":67,""tie"":""none"",""voice_token"":""voice_adeebf""}]}"
music_49287e42149c55,"{""events"":[{""duration_tick"":2,""onset_tick"":0,""pitch"":69,""tie"":""none"",""voice_token"":""voice_bf2e2c""},{""duration_tick"":2,""onset_tick"":2,""pitch"":69,""tie"":""none"",""voice_token"":""voice_bf2e2c""},{""duration_tick"":4,""onset_tick"":4,""pitch"":67,""tie"":""none"",""voice_token"":""voice_bf2e2c""},{""duration_tick"":3,""onset_tick"":8,""pitch"":62,""tie"":""none"",""voice_token"":""voice_bf2e2c""},{""duration_tick"":1,""onset_tick"":11,""pitch"":62,""tie"":""none"",""voice_token"":""voice_bf2e2c""}]}"
music_2621dbcc0a999d,"{""events"":[{""duration_tick"":6,""onset_tick"":0,""pitch"":62,""tie"":""none"",""voice_token"":""voice_adeebf""},{""duration_tick"":2,""onset_tick"":6,""pitch"":69,""tie"":""none"",""voice_token"":""voice_adeebf""},{""duration_tick"":6,""onset_tick"":8,""pitch"":69,""tie"":""none"",""voice_token"":""voice_adeebf""},{""duration_tick"":2,""onset_tick"":14,""pitch"":69,""tie"":""none"",""voice_token"":""voice_adeebf""},{""duration_tick"":4,""onset_tick"":16,""pitch"":76,""tie"":""none"",""voice_token"":""voice_adeebf""},{""duration_tick"":2,""onset_tick"":20,""pitch"":76,""tie"":""none"",""voice_token"":""voice_adeebf""}]}"
music_687431c70e05c0,"{""events"":[{""duration_tick"":6,""onset_tick"":0,""pitch"":62,""tie"":""none"",""voice_token"":""voice_1628af""},{""duration_tick"":2,""onset_tick"":6,""pitch"":67,""tie"":""none"",""voice_token"":""voice_1628af""},{""duration_tick"":2,""onset_tick"":8,""pitch"":66,""tie"":""none"",""voice_token"":""voice_1628af""},{""duration_tick"":2,""onset_tick"":10,""pitch"":69,""tie"":""none"",""voice_token"":""voice_1628af""},{""duration_tick"":4,""onset_tick"":12,""pitch"":69,""tie"":""none"",""voice_token"":""voice_1628af""},{""duration_tick"":4,""onset_tick"":16,""pitch"":67,""tie"":""none"",""voice_token"":""voice_1628af""}]}"
music_25c9c3ea26bb48,"{""events"":[{""duration_tick"":4,""onset_tick"":0,""pitch"":64,""tie"":""none"",""voice_token"":""voice_adeebf""},{""duration_tick"":4,""onset_tick"":4,""pitch"":66,""tie"":""none"",""voice_token"":""voice_adeebf""},{""duration_tick"":4,""onset_tick"":8,""pitch"":69,""tie"":""none"",""voice_token"":""voice_adeebf""},{""duration_tick"":2,""onset_tick"":12,""pitch"":66,""tie"":""none"",""voice_token"":""voice_adeebf""},{""duration_tick"":2,""onset_tick"":14,""pitch"":68,""tie"":""none"",""voice_token"":""voice_adeebf""},{""duration_tick"":4,""onset_tick"":16,""pitch"":69,""tie"":""none"",""voice_token"":""voice_adeebf""}]}"
music_270ae15311ed15,"{""events"":[{""duration_tick"":2,""onset_tick"":0,""pitch"":67,""tie"":""none"",""voice_token"":""voice_adeebf""},{""duration_tick"":2,""onset_tick"":2,""pitch"":67,""tie"":""none"",""voice_token"":""voice_adeebf""},{""duration_tick"":2,""onset_tick"":4,""pitch"":67,""tie"":""none"",""voice_token"":""voice_adeebf""},{""duration_tick"":4,""onset_tick"":6,""pitch"":67,""tie"":""none"",""voice_token"":""voice_adeebf""}]}"
music_5e9e913d6e5a0c,"{""events"":[{""duration_tick"":2,""onset_tick"":0,""pitch"":69,""tie"":""none"",""voice_token"":""voice_adeebf""},{""duration_tick"":4,""onset_tick"":2,""pitch"":64,""tie"":""none"",""voice_token"":""voice_adeebf""},{""duration_tick"":4,""onset_tick"":6,""pitch"":66,""tie"":""none"",""voice_token"":""voice_adeebf""},{""duration_tick"":4,""onset_tick"":10,""pitch"":74,""tie"":""none"",""voice_token"":""voice_adeebf""}]}"
music_d6c6e8185b18e4,"{""events"":[{""duration_tick"":2,""onset_tick"":0,""pitch"":73,""tie"":""none"",""voice_token"":""voice_adeebf""},{""duration_tick"":4,""onset_tick"":2,""pitch"":77,""tie"":""none"",""voice_token"":""voice_adeebf""},{""duration_tick"":4,""onset_tick"":6,""pitch"":77,""tie"":""none"",""voice_token"":""voice_adeebf""},{""duration_tick"":2,""onset_tick"":10,""pitch"":73,""tie"":""none"",""voice_token"":""voice_adeebf""},{""duration_tick"":2,""onset_tick"":12,""pitch"":73,""tie"":""none"",""voice_token"":""voice_adeebf""}]}"
music_eb089ca3210198,"{""events"":[{""duration_tick"":4,""onset_tick"":0,""pitch"":55,""tie"":""none"",""voice_token"":""voice_bdd9b1""},{""duration_tick"":4,""onset_tick"":4,""pitch"":57,""tie"":""none"",""voice_token"":""voice_bdd9b1""},{""duration_tick"":4,""onset_tick"":8,""pitch"":66,""tie"":""none"",""voice_token"":""voice_bdd9b1""},{""duration_tick"":4,""onset_tick"":12,""pitch"":64,""tie"":""none"",""voice_token"":""voice_bdd9b1""},{""duration_tick"":4,""onset_tick"":16,""pitch"":62,""tie"":""none"",""voice_token"":""voice_bdd9b1""}]}"
music_e62da881548b92,"{""events"":[{""duration_tick"":4,""onset_tick"":0,""pitch"":72,""tie"":""none"",""voice_token"":""voice_adeebf""},{""duration_tick"":4,""onset_tick"":4,""pitch"":72,""tie"":""none"",""voice_token"":""voice_adeebf""},{""duration_tick"":4,""onset_tick"":8,""pitch"":70,""tie"":""none"",""voice_token"":""voice_adeebf""},{""duration_tick"":2,""onset_tick"":12,""pitch"":70,""tie"":""none"",""voice_token"":""voice_adeebf""},{""duration_tick"":4,""onset_tick"":14,""pitch"":70,""tie"":""none"",""voice_token"":""voice_adeebf""},{""duration_tick"":2,""onset_tick"":18,""pitch"":72,""tie"":""none"",""voice_token"":""voice_adeebf""},{""duration_tick"":2,""onset_tick"":20,""pitch"":72,""tie"":""none"",""voice_token"":""voice_adeebf""}]}"
music_7f61168a8d63cc,"{""events"":[{""duration_tick"":1,""onset_tick"":0,""pitch"":70,""tie"":""none"",""voice_token"":""voice_0331f8""},{""duration_tick"":1,""onset_tick"":1,""pitch"":70,""tie"":""none"",""voice_token"":""voice_0331f8""},{""duration_tick"":2,""onset_tick"":2,""pitch"":72,""tie"":""none"",""voice_token"":""voice_0331f8""},{""duration_tick"":1,""onset_tick"":4,""pitch"":74,""tie"":""none"",""voice_token"":""voice_0331f8""},{""duration_tick"":1,""onset_tick"":5,""pitch"":74,""tie"":""none"",""voice_token"":""voice_0331f8""},{""duration_tick"":2,""onset_tick"":6,""pitch"":76,""tie"":""none"",""voice_token"":""voice_0331f8""},{""duration_tick"":2,""onset_tick"":8,""pitch"":74,""tie"":""none"",""voice_token"":""voice_0331f8""}]}"
music_574246deed8f49,"{""events"":[{""duration_tick"":4,""onset_tick"":0,""pitch"":72,""tie"":""none"",""voice_token"":""voice_0284f7""},{""duration_tick"":2,""onset_tick"":4,""pitch"":72,""tie"":""none"",""voice_token"":""voice_0284f7""},{""duration_tick"":2,""onset_tick"":6,""pitch"":69,""tie"":""none"",""voice_token"":""voice_0284f7""},{""duration_tick"":3,""onset_tick"":8,""pitch"":67,""tie"":""none"",""voice_token"":""voice_0284f7""},{""duration_tick"":1,""onset_tick"":11,""pitch"":71,""tie"":""none"",""voice_token"":""voice_0284f7""},{""duration_tick"":4,""onset_tick"":12,""pitch"":72,""tie"":""none"",""voice_token"":""voice_0284f7""},{""duration_tick"":2,""onset_tick"":16,""pitch"":72,""tie"":""none"",""voice_token"":""voice_0284f7""}]}"
music_1497e833a16415,"{""events"":[{""duration_tick"":2,""onset_tick"":0,""pitch"":69,""tie"":""none"",""voice_token"":""voice_7574bc""},{""duration_tick"":2,""onset_tick"":2,""pitch"":67,""tie"":""none"",""voice_token"":""voice_7574bc""},{""duration_tick"":4,""onset_tick"":4,""pitch"":65,""tie"":""none"",""voice_token"":""voice_7574bc""},{""duration_tick"":6,""onset_tick"":8,""pitch"":70,""tie"":""none"",""voice_token"":""voice_7574bc""},{""duration_tick"":2,""onset_tick"":14,""pitch"":69,""tie"":""none"",""voice_token"":""voice_7574bc""},{""duration_tick"":2,""onset_tick"":16,""pitch"":72,""tie"":""none"",""voice_token"":""voice_7574bc""},{""duration_tick"":2,""onset_tick"":18,""pitch"":72,""tie"":""none"",""voice_token"":""voice_7574bc""}]}"
music_5464fea24992e3,"{""events"":[{""duration_tick"":4,""onset_tick"":0,""pitch"":74,""tie"":""none"",""voice_token"":""voice_adeebf""},{""duration_tick"":4,""onset_tick"":4,""pitch"":-1,""tie"":""none"",""voice_token"":""voice_adeebf""},{""duration_tick"":4,""onset_tick"":8,""pitch"":-1,""tie"":""none"",""voice_token"":""voice_adeebf""},{""duration_tick"":4,""onset_tick"":12,""pitch"":-1,""tie"":""none"",""voice_token"":""voice_adeebf""},{""duration_tick"":4,""onset_tick"":16,""pitch"":-1,""tie"":""none"",""voice_token"":""voice_adeebf""},{""duration_tick"":4,""onset_tick"":20,""pitch"":-1,""tie"":""none"",""voice_token"":""voice_adeebf""},{""duration_tick"":2,""onset_tick"":24,""pitch"":71,""tie"":""none"",""voice_token"":""voice_adeebf""}]}"
music_ffd05d339d11e3,"{""events"":[{""duration_tick"":4,""onset_tick"":0,""pitch"":74,""tie"":""none"",""voice_token"":""voice_adeebf""},{""duration_tick"":2,""onset_tick"":4,""pitch"":76,""tie"":""none"",""voice_token"":""voice_adeebf""},{""duration_tick"":2,""onset_tick"":6,""pitch"":71,""tie"":""none"",""voice_token"":""voice_adeebf""},{""duration_tick"":2,""onset_tick"":8,""pitch"":69,""tie"":""none"",""voice_token"":""voice_adeebf""}]}"
music_9e999c714f90a7,"{""events"":[{""duration_tick"":4,""onset_tick"":0,""pitch"":71,""tie"":""none"",""voice_token"":""voice_adeebf""},{""duration_tick"":4,""onset_tick"":4,""pitch"":71,""tie"":""none"",""voice_token"":""voice_adeebf""},{""duration_tick"":2,""onset_tick"":8,""pitch"":71,""tie"":""none"",""voice_token"":""voice_adeebf""},{""duration_tick"":2,""onset_tick"":10,""pitch"":71,""tie"":""none"",""voice_token"":""voice_adeebf""},{""duration_tick"":4,""onset_tick"":12,""pitch"":71,""tie"":""none"",""voice_token"":""voice_adeebf""}]}"
music_05e262d1bb3c23,"{""events"":[{""duration_tick"":3,""onset_tick"":0,""pitch"":72,""tie"":""none"",""voice_token"":""voice_adeebf""},{""duration_tick"":4,""onset_tick"":3,""pitch"":72,""tie"":""none"",""voice_token"":""voice_adeebf""},{""duration_tick"":4,""onset_tick"":7,""pitch"":69,""tie"":""none"",""voice_token"":""voice_adeebf""},{""duration_tick"":4,""onset_tick"":11,""pitch"":69,""tie"":""none"",""voice_token"":""voice_adeebf""},{""duration_tick"":4,""onset_tick"":15,""pitch"":69,""tie"":""none"",""voice_token"":""voice_adeebf""},{""duration_tick"":4,""onset_tick"":19,""pitch"":67,""tie"":""none"",""voice_token"":""voice_adeebf""},{""duration_tick"":3,""onset_tick"":23,""pitch"":60,""tie"":""start"",""voice_token"":""voice_adeebf""}]}"
music_7d261d619a9a94,"{""events"":[{""duration_tick"":1,""onset_tick"":0,""pitch"":66,""tie"":""none"",""voice_token"":""voice_bf2e2c""},{""duration_tick"":4,""onset_tick"":1,""pitch"":68,""tie"":""none"",""voice_token"":""voice_bf2e2c""},{""duration_tick"":4,""onset_tick"":5,""pitch"":66,""tie"":""none"",""voice_token"":""voice_bf2e2c""},{""duration_tick"":4,""onset_tick"":9,""pitch"":71,""tie"":""none"",""voice_token"":""voice_bf2e2c""}]}"
music_92d7f7173568cf,"{""events"":[{""duration_tick"":2,""onset_tick"":0,""pitch"":67,""tie"":""none"",""voice_token"":""voice_adeebf""},{""duration_tick"":4,""onset_tick"":2,""pitch"":69,""tie"":""none"",""voice_token"":""voice_adeebf""},{""duration_tick"":2,""onset_tick"":6,""pitch"":69,""tie"":""none"",""voice_token"":""voice_adeebf""},{""duration_tick"":3,""onset_tick"":8,""pitch"":67,""tie"":""none"",""voice_token"":""voice_adeebf""}]}"
music_6630ff97bb96da,"{""events"":[{""duration_tick"":6,""onset_tick"":0,""pitch"":74,""tie"":""none"",""voice_token"":""voice_adeebf""},{""duration_tick"":2,""onset_tick"":6,""pitch"":74,""tie"":""none"",""voice_token"":""voice_adeebf""},{""duration_tick"":8,""onset_tick"":8,""pitch"":75,""tie"":""none"",""voice_token"":""voice_adeebf""},{""duration_tick"":6,""onset_tick"":16,""pitch"":72,""tie"":""none"",""voice_token"":""voice_adeebf""},{""duration_tick"":2,""onset_tick"":22,""pitch"":72,""tie"":""none"",""voice_token"":""voice_adeebf""},{""duration_tick"":6,""onset_tick"":24,""pitch"":70,""tie"":""none"",""voice_token"":""voice_adeebf""},{""duration_tick"":2,""onset_tick"":30,""pitch"":70,""tie"":""none"",""voice_token"":""voice_adeebf""}]}"
music_f658ac7ed5a6d0,"{""events"":[{""duration_tick"":1,""onset_tick"":0,""pitch"":77,""tie"":""none"",""voice_token"":""voice_adeebf""},{""duration_tick"":1,""onset_tick"":1,""pitch"":76,""tie"":""none"",""voice_token"":""voice_adeebf""},{""duration_tick"":1,""onset_tick"":2,""pitch"":77,""tie"":""none"",""voice_token"":""voice_adeebf""},{""duration_tick"":1,""onset_tick"":3,""pitch"":79,""tie"":""none"",""voice_token"":""voice_adeebf""}]}"
music_5a1f8cd3332d69,"{""events"":[{""duration_tick"":2,""onset_tick"":0,""pitch"":66,""tie"":""none"",""voice_token"":""voice_bf2e2c""},{""duration_tick"":4,""onset_tick"":2,""pitch"":66,""tie"":""none"",""voice_token"":""voice_bf2e2c""},{""duration_tick"":2,""onset_tick"":6,""pitch"":66,""tie"":""none"",""voice_token"":""voice_bf2e2c""},{""duration_tick"":2,""onset_tick"":8,""pitch"":66,""tie"":""none"",""voice_token"":""voice_bf2e2c""},{""duration_tick"":2,""onset_tick"":10,""pitch"":64,""tie"":""none"",""voice_token"":""voice_bf2e2c""},{""duration_tick"":2,""onset_tick"":12,""pitch"":64,""tie"":""none"",""voice_token"":""voice_bf2e2c""}]}"
music_10a1bda892cde4,"{""events"":[{""duration_tick"":2,""onset_tick"":0,""pitch"":77,""tie"":""none"",""voice_token"":""voice_adeebf""},{""duration_tick"":4,""onset_tick"":2,""pitch"":74,""tie"":""none"",""voice_token"":""voice_adeebf""},{""duration_tick"":2,""onset_tick"":6,""pitch"":74,""tie"":""none"",""voice_token"":""voice_adeebf""},{""duration_tick"":4,""onset_tick"":8,""pitch"":74,""tie"":""none"",""voice_token"":""voice_adeebf""},{""duration_tick"":2,""onset_tick"":12,""pitch"":70,""tie"":""start"",""voice_token"":""voice_adeebf""}]}"
music_7c8e1fa64bffc9,"{""events"":[{""duration_tick"":1,""onset_tick"":0,""pitch"":70,""tie"":""none"",""voice_token"":""voice_0284f7""},{""duration_tick"":2,""onset_tick"":1,""pitch"":69,""tie"":""none"",""voice_token"":""voice_0284f7""},{""duration_tick"":2,""onset_tick"":3,""pitch"":67,""tie"":""none"",""voice_token"":""voice_0284f7""},{""duration_tick"":2,""onset_tick"":5,""pitch"":67,""tie"":""none"",""voice_token"":""voice_0284f7""},{""duration_tick"":2,""onset_tick"":7,""pitch"":69,""tie"":""none"",""voice_token"":""voice_0284f7""}]}"
music_13adceb0d64d7e,"{""events"":[{""duration_tick"":6,""onset_tick"":0,""pitch"":68,""tie"":""none"",""voice_token"":""voice_bf2e2c""},{""duration_tick"":2,""onset_tick"":6,""pitch"":73,""tie"":""none"",""voice_token"":""voice_bf2e2c""},{""duration_tick"":2,""onset_tick"":8,""pitch"":73,""tie"":""none"",""voice_token"":""voice_bf2e2c""},{""duration_tick"":2,""onset_tick"":10,""pitch"":73,""tie"":""none"",""voice_token"":""voice_bf2e2c""},{""duration_tick"":6,""onset_tick"":12,""pitch"":73,""tie"":""none"",""voice_token"":""voice_bf2e2c""}]}"
music_ba1fdab58a1a0d,"{""events"":[{""duration_tick"":6,""onset_tick"":0,""pitch"":68,""tie"":""none"",""voice_token"":""voice_bf2e2c""},{""duration_tick"":6,""onset_tick"":6,""pitch"":68,""tie"":""none"",""voice_token"":""voice_bf2e2c""},{""duration_tick"":6,""onset_tick"":12,""pitch"":67,""tie"":""none"",""voice_token"":""voice_bf2e2c""},{""duration_tick"":6,""onset_tick"":18,""pitch"":67,""tie"":""none"",""voice_token"":""voice_bf2e2c""},{""duration_tick"":6,""onset_tick"":24,""pitch"":68,""tie"":""none"",""voice_token"":""voice_bf2e2c""},{""duration_tick"":4,""onset_tick"":30,""pitch"":-1,""tie"":""none"",""voice_token"":""voice_bf2e2c""},{""duration_tick"":2,""onset_tick"":34,""pitch"":-1,""tie"":""none"",""voice_token"":""voice_bf2e2c""}]}"
music_b5b3dd42f2e3ad,"{""events"":[{""duration_tick"":2,""onset_tick"":0,""pitch"":77,""tie"":""none"",""voice_token"":""voice_0331f8""},{""duration_tick"":2,""onset_tick"":2,""pitch"":76,""tie"":""none"",""voice_token"":""voice_0331f8""},{""duration_tick"":2,""onset_tick"":4,""pitch"":74,""tie"":""none"",""voice_token"":""voice_0331f8""},{""duration_tick"":2,""onset_tick"":6,""pitch"":74,""tie"":""none"",""voice_token"":""voice_0331f8""}]}"
music_54d59521ff1344,"{""events"":[{""duration_tick"":16,""onset_tick"":0,""pitch"":-1,""tie"":""none"",""voice_token"":""voice_381ded""},{""duration_tick"":24,""onset_tick"":16,""pitch"":-1,""tie"":""none"",""voice_token"":""voice_381ded""},{""duration_tick"":24,""onset_tick"":40,""pitch"":-1,""tie"":""none"",""voice_token"":""voice_381ded""},{""duration_tick"":24,""onset_tick"":64,""pitch"":-1,""tie"":""none"",""voice_token"":""voice_381ded""},{""duration_tick"":24,""onset_tick"":88,""pitch"":-1,""tie"":""none"",""voice_token"":""voice_381ded""},{""duration_tick"":32,""onset_tick"":112,""pitch"":-1,""tie"":""none"",""voice_token"":""voice_381ded""}]}"
music_01bc5866edd4b0,"{""events"":[{""duration_tick"":4,""onset_tick"":0,""pitch"":65,""tie"":""none"",""voice_token"":""voice_adeebf""},{""duration_tick"":4,""onset_tick"":4,""pitch"":66,""tie"":""none"",""voice_token"":""voice_adeebf""},{""duration_tick"":4,""onset_tick"":8,""pitch"":68,""tie"":""none"",""voice_token"":""voice_adeebf""},{""duration_tick"":4,""onset_tick"":12,""pitch"":68,""tie"":""none"",""voice_token"":""voice_adeebf""},{""duration_tick"":4,""onset_tick"":16,""pitch"":66,""tie"":""none"",""voice_token"":""voice_adeebf""},{""duration_tick"":4,""onset_tick"":20,""pitch"":65,""tie"":""none"",""voice_token"":""voice_adeebf""},{""duration_tick"":4,""onset_tick"":24,""pitch"":68,""tie"":""none"",""voice_token"":""voice_adeebf""}]}"
music_4471149ccb4463,"{""events"":[{""duration_tick"":2,""onset_tick"":0,""pitch"":66,""tie"":""none"",""voice_token"":""voice_bf2e2c""},{""duration_tick"":2,""onset_tick"":2,""pitch"":67,""tie"":""none"",""voice_token"":""voice_bf2e2c""},{""duration_tick"":2,""onset_tick"":4,""pitch"":69,""tie"":""none"",""voice_token"":""voice_bf2e2c""},{""duration_tick"":2,""onset_tick"":6,""pitch"":66,""tie"":""none"",""voice_token"":""voice_bf2e2c""},{""duration_tick"":2,""onset_tick"":8,""pitch"":69,""tie"":""none"",""voice_token"":""voice_bf2e2c""},{""duration_tick"":2,""onset_tick"":10,""pitch"":69,""tie"":""none"",""voice_token"":""voice_bf2e2c""},{""duration_tick"":2,""onset_tick"":12,""pitch"":66,""tie"":""none"",""voice_token"":""voice_bf2e2c""}]}"
music_bd2680536e5299,"{""events"":[{""duration_tick"":4,""onset_tick"":0,""pitch"":76,""tie"":""none"",""voice_token"":""voice_bf2e2c""},{""duration_tick"":4,""onset_tick"":4,""pitch"":75,""tie"":""none"",""voice_token"":""voice_bf2e2c""},{""duration_tick"":4,""onset_tick"":8,""pitch"":69,""tie"":""none"",""voice_token"":""voice_bf2e2c""},{""duration_tick"":4,""onset_tick"":12,""pitch"":75,""tie"":""none"",""voice_token"":""voice_bf2e2c""},{""duration_tick"":2,""onset_tick"":16,""pitch"":73,""tie"":""none"",""voice_token"":""voice_bf2e2c""}]}"
music_4cd16e4f4c179b,"{""events"":[{""duration_tick"":4,""onset_tick"":0,""pitch"":-1,""tie"":""none"",""voice_token"":""voice_bf2e2c""},{""duration_tick"":4,""onset_tick"":4,""pitch"":-1,""tie"":""none"",""voice_token"":""voice_bf2e2c""},{""duration_tick"":4,""onset_tick"":8,""pitch"":-1,""tie"":""none"",""voice_token"":""voice_bf2e2c""},{""duration_tick"":4,""onset_tick"":12,""pitch"":-1,""tie"":""none"",""voice_token"":""voice_bf2e2c""},{""duration_tick"":4,""onset_tick"":16,""pitch"":63,""tie"":""none"",""voice_token"":""voice_bf2e2c""},{""duration_tick"":4,""onset_tick"":20,""pitch"":65,""tie"":""none"",""voice_token"":""voice_bf2e2c""},{""duration_tick"":4,""onset_tick"":24,""pitch"":65,""tie"":""none"",""voice_token"":""voice_bf2e2c""}]}"
music_dc57c5df8a7248,"{""events"":[{""duration_tick"":2,""onset_tick"":0,""pitch"":70,""tie"":""none"",""voice_token"":""voice_0284f7""},{""duration_tick"":2,""onset_tick"":2,""pitch"":72,""tie"":""none"",""voice_token"":""voice_0284f7""},{""duration_tick"":2,""onset_tick"":4,""pitch"":71,""tie"":""none"",""voice_token"":""voice_0284f7""},{""duration_tick"":2,""onset_tick"":6,""pitch"":69,""tie"":""none"",""voice_token"":""voice_0284f7""},{""duration_tick"":2,""onset_tick"":8,""pitch"":68,""tie"":""none"",""voice_token"":""voice_0284f7""},{""duration_tick"":3,""onset_tick"":10,""pitch"":69,""tie"":""none"",""voice_token"":""voice_0284f7""},{""duration_tick"":1,""onset_tick"":13,""pitch"":69,""tie"":""none"",""voice_token"":""voice_0284f7""}]}"
music_756495de4951b6,"{""events"":[{""duration_tick"":2,""onset_tick"":0,""pitch"":68,""tie"":""none"",""voice_token"":""voice_adeebf""},{""duration_tick"":2,""onset_tick"":2,""pitch"":68,""tie"":""none"",""voice_token"":""voice_adeebf""},{""duration_tick"":2,""onset_tick"":4,""pitch"":68,""tie"":""none"",""voice_token"":""voice_adeebf""},{""duration_tick"":2,""onset_tick"":6,""pitch"":68,""tie"":""none"",""voice_token"":""voice_adeebf""},{""duration_tick"":2,""onset_tick"":8,""pitch"":68,""tie"":""none"",""voice_token"":""voice_adeebf""},{""duration_tick"":1,""onset_tick"":10,""pitch"":68,""tie"":""none"",""voice_token"":""voice_adeebf""}]}"
music_8d78120d41d182,"{""events"":[{""duration_tick"":4,""onset_tick"":0,""pitch"":68,""tie"":""none"",""voice_token"":""voice_adeebf""},{""duration_tick"":12,""onset_tick"":4,""pitch"":70,""tie"":""none"",""voice_token"":""voice_adeebf""},{""duration_tick"":8,""onset_tick"":16,""pitch"":70,""tie"":""none"",""voice_token"":""voice_adeebf""},{""duration_tick"":2,""onset_tick"":24,""pitch"":70,""tie"":""none"",""voice_token"":""voice_adeebf""},{""duration_tick"":2,""onset_tick"":26,""pitch"":65,""tie"":""none"",""voice_token"":""voice_adeebf""}]}"
music_176fc9834b3765,"{""events"":[{""duration_tick"":8,""onset_tick"":0,""pitch"":61,""tie"":""stop"",""voice_token"":""voice_0331f8""},{""duration_tick"":8,""onset_tick"":8,""pitch"":-1,""tie"":""none"",""voice_token"":""voice_0331f8""},{""duration_tick"":2,""onset_tick"":16,""pitch"":-1,""tie"":""none"",""voice_token"":""voice_0331f8""},{""duration_tick"":2,""onset_tick"":18,""pitch"":-1,""tie"":""none"",""voice_token"":""voice_0331f8""},{""duration_tick"":2,""onset_tick"":20,""pitch"":-1,""tie"":""none"",""voice_token"":""voice_0331f8""},{""duration_tick"":2,""onset_tick"":22,""pitch"":64,""tie"":""none"",""voice_token"":""voice_0331f8""},{""duration_tick"":2,""onset_tick"":24,""pitch"":64,""tie"":""none"",""voice_token"":""voice_0331f8""}]}"
music_0b095b1e7f73eb,"{""events"":[{""duration_tick"":2,""onset_tick"":0,""pitch"":76,""tie"":""none"",""voice_token"":""voice_adeebf""},{""duration_tick"":2,""onset_tick"":2,""pitch"":74,""tie"":""none"",""voice_token"":""voice_adeebf""},{""duration_tick"":2,""onset_tick"":4,""pitch"":76,""tie"":""none"",""voice_token"":""voice_adeebf""},{""duration_tick"":2,""onset_tick"":6,""pitch"":76,""tie"":""none"",""voice_token"":""voice_adeebf""},{""duration_tick"":4,""onset_tick"":8,""pitch"":74,""tie"":""none"",""voice_token"":""voice_adeebf""},{""duration_tick"":4,""onset_tick"":12,""pitch"":69,""tie"":""none"",""voice_token"":""voice_adeebf""},{""duration_tick"":4,""onset_tick"":16,""pitch"":70,""tie"":""none"",""voice_token"":""voice_adeebf""}]}"
music_9c4b5340de337e,"{""events"":[{""duration_tick"":1,""onset_tick"":0,""pitch"":63,""tie"":""none"",""voice_token"":""voice_adeebf""},{""duration_tick"":2,""onset_tick"":1,""pitch"":61,""tie"":""none"",""voice_token"":""voice_adeebf""},{""duration_tick"":2,""onset_tick"":3,""pitch"":63,""tie"":""none"",""voice_token"":""voice_adeebf""},{""duration_tick"":2,""onset_tick"":5,""pitch"":66,""tie"":""none"",""voice_token"":""voice_adeebf""},{""duration_tick"":16,""onset_tick"":7,""pitch"":68,""tie"":""none"",""voice_token"":""voice_adeebf""}]}"
music_f840cf36f19be5,"{""events"":[{""duration_tick"":4,""onset_tick"":0,""pitch"":67,""tie"":""none"",""voice_token"":""voice_adeebf""},{""duration_tick"":2,""onset_tick"":4,""pitch"":67,""tie"":""none"",""voice_token"":""voice_adeebf""},{""duration_tick"":4,""onset_tick"":6,""pitch"":67,""tie"":""none"",""voice_token"":""voice_adeebf""},{""duration_tick"":2,""onset_tick"":10,""pitch"":67,""tie"":""none"",""voice_token"":""voice_adeebf""},{""duration_tick"":2,""onset_tick"":12,""pitch"":-1,""tie"":""none"",""voice_token"":""voice_adeebf""},{""duration_tick"":2,""onset_tick"":14,""pitch"":62,""tie"":""none"",""voice_token"":""voice_adeebf""}]}"
music_9f997c6793b17e,"{""events"":[{""duration_tick"":2,""onset_tick"":0,""pitch"":73,""tie"":""none"",""voice_token"":""voice_adeebf""},{""duration_tick"":4,""onset_tick"":2,""pitch"":71,""tie"":""none"",""voice_token"":""voice_adeebf""},{""duration_tick"":4,""onset_tick"":6,""pitch"":71,""tie"":""none"",""voice_token"":""voice_adeebf""},{""duration_tick"":4,""onset_tick"":10,""pitch"":69,""tie"":""none"",""voice_token"":""voice_adeebf""},{""duration_tick"":2,""onset_tick"":14,""pitch"":68,""tie"":""none"",""voice_token"":""voice_adeebf""}]}"
music_aacd84dc1db535,"{""events"":[{""duration_tick"":2,""onset_tick"":0,""pitch"":66,""tie"":""none"",""voice_token"":""voice_bf2e2c""},{""duration_tick"":12,""onset_tick"":2,""pitch"":66,""tie"":""none"",""voice_token"":""voice_bf2e2c""},{""duration_tick"":4,""onset_tick"":14,""pitch"":64,""tie"":""none"",""voice_token"":""voice_bf2e2c""},{""duration_tick"":2,""onset_tick"":18,""pitch"":64,""tie"":""none"",""voice_token"":""voice_bf2e2c""},{""duration_tick"":2,""onset_tick"":20,""pitch"":69,""tie"":""none"",""voice_token"":""voice_bf2e2c""}]}"
music_b1867f680131c8,"{""events"":[{""duration_tick"":2,""onset_tick"":0,""pitch"":70,""tie"":""none"",""voice_token"":""voice_bf2e2c""},{""duration_tick"":4,""onset_tick"":2,""pitch"":68,""tie"":""none"",""voice_token"":""voice_bf2e2c""},{""duration_tick"":4,""onset_tick"":6,""pitch"":70,""tie"":""none"",""voice_token"":""voice_bf2e2c""},{""duration_tick"":4,""onset_tick"":10,""pitch"":68,""tie"":""none"",""voice_token"":""voice_bf2e2c""},{""duration_tick"":2,""onset_tick"":14,""pitch"":73,""tie"":""none"",""voice_token"":""voice_bf2e2c""},{""duration_tick"":2,""onset_tick"":16,""pitch"":75,""tie"":""none"",""voice_token"":""voice_bf2e2c""},{""duration_tick"":4,""onset_tick"":18,""pitch"":70,""tie"":""none"",""voice_token"":""voice_bf2e2c""}]}"
music_668f49d86f38c9,"{""events"":[{""duration_tick"":4,""onset_tick"":0,""pitch"":72,""tie"":""none"",""voice_token"":""voice_adeebf""},{""duration_tick"":4,""onset_tick"":4,""pitch"":74,""tie"":""none"",""voice_token"":""voice_adeebf""},{""duration_tick"":4,""onset_tick"":8,""pitch"":72,""tie"":""none"",""voice_token"":""voice_adeebf""},{""duration_tick"":2,""onset_tick"":12,""pitch"":71,""tie"":""none"",""voice_token"":""voice_adeebf""},{""duration_tick"":2,""onset_tick"":14,""pitch"":69,""tie"":""none"",""voice_token"":""voice_adeebf""}]}"
music_327eb2060c5cf7,"{""events"":[{""duration_tick"":2,""onset_tick"":0,""pitch"":73,""tie"":""none"",""voice_token"":""voice_adeebf""},{""duration_tick"":2,""onset_tick"":2,""pitch"":69,""tie"":""none"",""voice_token"":""voice_adeebf""},{""duration_tick"":2,""onset_tick"":4,""pitch"":73,""tie"":""none"",""voice_token"":""voice_adeebf""},{""duration_tick"":2,""onset_tick"":6,""pitch"":69,""tie"":""none"",""voice_token"":""voice_adeebf""},{""duration_tick"":2,""onset_tick"":8,""pitch"":73,""tie"":""none"",""voice_token"":""voice_adeebf""},{""duration_tick"":2,""onset_tick"":10,""pitch"":69,""tie"":""none"",""voice_token"":""voice_adeebf""},{""duration_tick"":3,""onset_tick"":12,""pitch"":69,""tie"":""none"",""voice_token"":""voice_adeebf""}]}"
music_ef03352ffb00e8,"{""events"":[{""duration_tick"":1,""onset_tick"":0,""pitch"":70,""tie"":""none"",""voice_token"":""voice_adeebf""},{""duration_tick"":1,""onset_tick"":1,""pitch"":70,""tie"":""none"",""voice_token"":""voice_adeebf""},{""duration_tick"":1,""onset_tick"":2,""pitch"":72,""tie"":""none"",""voice_token"":""voice_adeebf""},{""duration_tick"":2,""onset_tick"":3,""pitch"":70,""tie"":""none"",""voice_token"":""voice_adeebf""},{""duration_tick"":2,""onset_tick"":5,""pitch"":70,""tie"":""none"",""voice_token"":""voice_adeebf""},{""duration_tick"":2,""onset_tick"":7,""pitch"":72,""tie"":""none"",""voice_token"":""voice_adeebf""},{""duration_tick"":2,""onset_tick"":9,""pitch"":70,""tie"":""none"",""voice_token"":""voice_adeebf""}]}"
music_bcf08016b2e617,"{""events"":[{""duration_tick"":2,""onset_tick"":0,""pitch"":75,""tie"":""none"",""voice_token"":""voice_adeebf""},{""duration_tick"":2,""onset_tick"":2,""pitch"":73,""tie"":""none"",""voice_token"":""voice_adeebf""},{""duration_tick"":4,""onset_tick"":4,""pitch"":73,""tie"":""none"",""voice_token"":""voice_adeebf""},{""duration_tick"":2,""onset_tick"":8,""pitch"":71,""tie"":""none"",""voice_token"":""voice_adeebf""},{""duration_tick"":2,""onset_tick"":10,""pitch"":71,""tie"":""none"",""voice_token"":""voice_adeebf""},{""duration_tick"":2,""onset_tick"":12,""pitch"":69,""tie"":""none"",""voice_token"":""voice_adeebf""}]}"
music_87ac285510f58c,"{""events"":[{""duration_tick"":2,""onset_tick"":0,""pitch"":68,""tie"":""none"",""voice_token"":""voice_6ba146""},{""duration_tick"":2,""onset_tick"":2,""pitch"":68,""tie"":""none"",""voice_token"":""voice_6ba146""},{""duration_tick"":2,""onset_tick"":4,""pitch"":67,""tie"":""none"",""voice_token"":""voice_6ba146""},{""duration_tick"":2,""onset_tick"":6,""pitch"":68,""tie"":""none"",""voice_token"":""voice_6ba146""},{""duration_tick"":2,""onset_tick"":8,""pitch"":68,""tie"":""none"",""voice_token"":""voice_6ba146""},{""duration_tick"":2,""onset_tick"":10,""pitch"":68,""tie"":""none"",""voice_token"":""voice_6ba146""}]}"
music_ccd84a01fb4387,"{""events"":[{""duration_tick"":2,""onset_tick"":0,""pitch"":66,""tie"":""none"",""voice_token"":""voice_0284f7""},{""duration_tick"":2,""onset_tick"":2,""pitch"":67,""tie"":""none"",""voice_token"":""voice_0284f7""},{""duration_tick"":4,""onset_tick"":4,""pitch"":67,""tie"":""none"",""voice_token"":""voice_0284f7""},{""duration_tick"":2,""onset_tick"":8,""pitch"":66,""tie"":""none"",""voice_token"":""voice_0284f7""},{""duration_tick"":1,""onset_tick"":10,""pitch"":69,""tie"":""none"",""voice_token"":""voice_0284f7""}]}"
music_903774ade117aa,"{""events"":[{""duration_tick"":4,""onset_tick"":0,""pitch"":77,""tie"":""none"",""voice_token"":""voice_bf2e2c""},{""duration_tick"":12,""onset_tick"":4,""pitch"":77,""tie"":""none"",""voice_token"":""voice_bf2e2c""},{""duration_tick"":4,""onset_tick"":16,""pitch"":76,""tie"":""none"",""voice_token"":""voice_bf2e2c""},{""duration_tick"":8,""onset_tick"":20,""pitch"":74,""tie"":""none"",""voice_token"":""voice_bf2e2c""},{""duration_tick"":8,""onset_tick"":28,""pitch"":74,""tie"":""none"",""voice_token"":""voice_bf2e2c""}]}"
music_fe4945b53b48c1,"{""events"":[{""duration_tick"":4,""onset_tick"":0,""pitch"":67,""tie"":""stop"",""voice_token"":""voice_7574bc""},{""duration_tick"":2,""onset_tick"":4,""pitch"":67,""tie"":""none"",""voice_token"":""voice_7574bc""},{""duration_tick"":4,""onset_tick"":6,""pitch"":71,""tie"":""none"",""voice_token"":""voice_7574bc""},{""duration_tick"":2,""onset_tick"":10,""pitch"":72,""tie"":""none"",""voice_token"":""voice_7574bc""},{""duration_tick"":2,""onset_tick"":12,""pitch"":71,""tie"":""none"",""voice_token"":""voice_7574bc""},{""duration_tick"":1,""onset_tick"":14,""pitch"":72,""tie"":""none"",""voice_token"":""voice_7574bc""}]}"
music_efe01e36983c0a,"{""events"":[{""duration_tick"":1,""onset_tick"":0,""pitch"":73,""tie"":""none"",""voice_token"":""voice_0331f8""},{""duration_tick"":8,""onset_tick"":1,""pitch"":75,""tie"":""none"",""voice_token"":""voice_0331f8""},{""duration_tick"":4,""onset_tick"":9,""pitch"":75,""tie"":""none"",""voice_token"":""voice_0331f8""},{""duration_tick"":2,""onset_tick"":13,""pitch"":73,""tie"":""none"",""voice_token"":""voice_0331f8""},{""duration_tick"":2,""onset_tick"":15,""pitch"":71,""tie"":""none"",""voice_token"":""voice_0331f8""},{""duration_tick"":2,""onset_tick"":17,""pitch"":73,""tie"":""none"",""voice_token"":""voice_0331f8""},{""duration_tick"":2,""onset_tick"":19,""pitch"":71,""tie"":""none"",""voice_token"":""voice_0331f8""}]}"
music_139e7cf6e994ef,"{""events"":[{""duration_tick"":2,""onset_tick"":0,""pitch"":65,""tie"":""none"",""voice_token"":""voice_004d81""},{""duration_tick"":2,""onset_tick"":2,""pitch"":65,""tie"":""none"",""voice_token"":""voice_004d81""},{""duration_tick"":2,""onset_tick"":4,""pitch"":68,""tie"":""none"",""voice_token"":""voice_004d81""},{""duration_tick"":4,""onset_tick"":6,""pitch"":65,""tie"":""none"",""voice_token"":""voice_004d81""}]}"
music_86d64e678ff379,"{""events"":[{""duration_tick"":2,""onset_tick"":0,""pitch"":69,""tie"":""none"",""voice_token"":""voice_8c73be""},{""duration_tick"":2,""onset_tick"":2,""pitch"":74,""tie"":""none"",""voice_token"":""voice_8c73be""},{""duration_tick"":4,""onset_tick"":4,""pitch"":74,""tie"":""none"",""voice_token"":""voice_8c73be""},{""duration_tick"":4,""onset_tick"":8,""pitch"":74,""tie"":""none"",""voice_token"":""voice_8c73be""}]}"
music_43e4048cd41980,"{""events"":[{""duration_tick"":4,""onset_tick"":0,""pitch"":72,""tie"":""none"",""voice_token"":""voice_adeebf""},{""duration_tick"":2,""onset_tick"":4,""pitch"":70,""tie"":""none"",""voice_token"":""voice_adeebf""},{""duration_tick"":2,""onset_tick"":6,""pitch"":67,""tie"":""none"",""voice_token"":""voice_adeebf""},{""duration_tick"":8,""onset_tick"":8,""pitch"":70,""tie"":""none"",""voice_token"":""voice_adeebf""},{""duration_tick"":4,""onset_tick"":16,""pitch"":72,""tie"":""none"",""voice_token"":""voice_adeebf""}]}"
music_403f9665869f89,"{""events"":[{""duration_tick"":1,""onset_tick"":0,""pitch"":75,""tie"":""none"",""voice_token"":""voice_bf2e2c""},{""duration_tick"":4,""onset_tick"":1,""pitch"":76,""tie"":""none"",""voice_token"":""voice_bf2e2c""},{""duration_tick"":4,""onset_tick"":5,""pitch"":77,""tie"":""none"",""voice_token"":""voice_bf2e2c""},{""duration_tick"":3,""onset_tick"":9,""pitch"":77,""tie"":""none"",""voice_token"":""voice_bf2e2c""},{""duration_tick"":1,""onset_tick"":12,""pitch"":75,""tie"":""none"",""voice_token"":""voice_bf2e2c""},{""duration_tick"":1,""onset_tick"":13,""pitch"":73,""tie"":""none"",""voice_token"":""voice_bf2e2c""}]}"
music_f5ced384248611,"{""events"":[{""duration_tick"":2,""onset_tick"":0,""pitch"":73,""tie"":""none"",""voice_token"":""voice_adeebf""},{""duration_tick"":2,""onset_tick"":2,""pitch"":74,""tie"":""none"",""voice_token"":""voice_adeebf""},{""duration_tick"":2,""onset_tick"":4,""pitch"":69,""tie"":""none"",""voice_token"":""voice_adeebf""},{""duration_tick"":2,""onset_tick"":6,""pitch"":72,""tie"":""none"",""voice_token"":""voice_adeebf""},{""duration_tick"":2,""onset_tick"":8,""pitch"":71,""tie"":""none"",""voice_token"":""voice_adeebf""},{""duration_tick"":4,""onset_tick"":10,""pitch"":71,""tie"":""none"",""voice_token"":""voice_adeebf""}]}"
music_fc7f30d53910dd,"{""events"":[{""duration_tick"":2,""onset_tick"":0,""pitch"":69,""tie"":""none"",""voice_token"":""voice_adeebf""},{""duration_tick"":2,""onset_tick"":2,""pitch"":66,""tie"":""none"",""voice_token"":""voice_adeebf""},{""duration_tick"":2,""onset_tick"":4,""pitch"":66,""tie"":""none"",""voice_token"":""voice_adeebf""},{""duration_tick"":8,""onset_tick"":6,""pitch"":71,""tie"":""none"",""voice_token"":""voice_adeebf""},{""duration_tick"":4,""onset_tick"":14,""pitch"":73,""tie"":""none"",""voice_token"":""voice_adeebf""}]}"
music_02b39f6aa51b64,"{""events"":[{""duration_tick"":12,""onset_tick"":0,""pitch"":59,""tie"":""none"",""voice_token"":""voice_7a7cab""},{""duration_tick"":4,""onset_tick"":12,""pitch"":61,""tie"":""none"",""voice_token"":""voice_7a7cab""},{""duration_tick"":4,""onset_tick"":16,""pitch"":59,""tie"":""none"",""voice_token"":""voice_7a7cab""},{""duration_tick"":4,""onset_tick"":20,""pitch"":57,""tie"":""none"",""voice_token"":""voice_7a7cab""},{""duration_tick"":4,""onset_tick"":24,""pitch"":59,""tie"":""none"",""voice_token"":""voice_7a7cab""},{""duration_tick"":4,""onset_tick"":28,""pitch"":61,""tie"":""none"",""voice_token"":""voice_7a7cab""}]}"
music_458b5eeb9bd627,"{""events"":[{""duration_tick"":1,""onset_tick"":0,""pitch"":68,""tie"":""none"",""voice_token"":""voice_539b94""},{""duration_tick"":1,""onset_tick"":1,""pitch"":67,""tie"":""none"",""voice_token"":""voice_539b94""},{""duration_tick"":1,""onset_tick"":2,""pitch"":68,""tie"":""none"",""voice_token"":""voice_539b94""},{""duration_tick"":1,""onset_tick"":3,""pitch"":64,""tie"":""none"",""voice_token"":""voice_539b94""},{""duration_tick"":1,""onset_tick"":4,""pitch"":64,""tie"":""none"",""voice_token"":""voice_539b94""},{""duration_tick"":1,""onset_tick"":5,""pitch"":64,""tie"":""none"",""voice_token"":""voice_539b94""},{""duration_tick"":1,""onset_tick"":5,""pitch"":64,""tie"":""none"",""voice_token"":""voice_539b94""}]}"
music_db67720058ca82,"{""events"":[{""duration_tick"":4,""onset_tick"":0,""pitch"":76,""tie"":""none"",""voice_token"":""voice_bf2e2c""},{""duration_tick"":4,""onset_tick"":4,""pitch"":76,""tie"":""none"",""voice_token"":""voice_bf2e2c""},{""duration_tick"":4,""onset_tick"":8,""pitch"":76,""tie"":""none"",""voice_token"":""voice_bf2e2c""},{""duration_tick"":4,""onset_tick"":12,""pitch"":71,""tie"":""none"",""voice_token"":""voice_bf2e2c""},{""duration_tick"":4,""onset_tick"":16,""pitch"":71,""tie"":""none"",""voice_token"":""voice_bf2e2c""},{""duration_tick"":4,""onset_tick"":20,""pitch"":71,""tie"":""none"",""voice_token"":""voice_bf2e2c""}]}"
music_8615e6cfc45ef9,"{""events"":[{""duration_tick"":2,""onset_tick"":0,""pitch"":73,""tie"":""none"",""voice_token"":""voice_adeebf""},{""duration_tick"":2,""onset_tick"":2,""pitch"":75,""tie"":""none"",""voice_token"":""voice_adeebf""},{""duration_tick"":2,""onset_tick"":4,""pitch"":75,""tie"":""none"",""voice_token"":""voice_adeebf""},{""duration_tick"":2,""onset_tick"":6,""pitch"":75,""tie"":""none"",""voice_token"":""voice_adeebf""},{""duration_tick"":2,""onset_tick"":8,""pitch"":75,""tie"":""none"",""voice_token"":""voice_adeebf""},{""duration_tick"":2,""onset_tick"":10,""pitch"":73,""tie"":""none"",""voice_token"":""voice_adeebf""}]}"
music_cc16d7e0a83fcb,"{""events"":[{""duration_tick"":4,""onset_tick"":0,""pitch"":74,""tie"":""none"",""voice_token"":""voice_0331f8""},{""duration_tick"":4,""onset_tick"":4,""pitch"":71,""tie"":""none"",""voice_token"":""voice_0331f8""},{""duration_tick"":4,""onset_tick"":8,""pitch"":71,""tie"":""none"",""voice_token"":""voice_0331f8""},{""duration_tick"":2,""onset_tick"":12,""pitch"":70,""tie"":""none"",""voice_token"":""voice_0331f8""}]}"
music_4a8191156400c7,"{""events"":[{""duration_tick"":2,""onset_tick"":0,""pitch"":-1,""tie"":""none"",""voice_token"":""voice_bf2e2c""},{""duration_tick"":2,""onset_tick"":2,""pitch"":76,""tie"":""none"",""voice_token"":""voice_bf2e2c""},{""duration_tick"":6,""onset_tick"":4,""pitch"":71,""tie"":""none"",""voice_token"":""voice_bf2e2c""},{""duration_tick"":6,""onset_tick"":10,""pitch"":71,""tie"":""none"",""voice_token"":""voice_bf2e2c""},{""duration_tick"":2,""onset_tick"":16,""pitch"":73,""tie"":""none"",""voice_token"":""voice_bf2e2c""},{""duration_tick"":2,""onset_tick"":18,""pitch"":71,""tie"":""none"",""voice_token"":""voice_bf2e2c""},{""duration_tick"":2,""onset_tick"":20,""pitch"":71,""tie"":""none"",""voice_token"":""voice_bf2e2c""}]}"
music_2a9b4bcb64d83b,"{""events"":[{""duration_tick"":4,""onset_tick"":0,""pitch"":62,""tie"":""none"",""voice_token"":""voice_0331f8""},{""duration_tick"":4,""onset_tick"":4,""pitch"":67,""tie"":""none"",""voice_token"":""voice_0331f8""},{""duration_tick"":8,""onset_tick"":8,""pitch"":67,""tie"":""none"",""voice_token"":""voice_0331f8""},{""duration_tick"":4,""onset_tick"":16,""pitch"":67,""tie"":""none"",""voice_token"":""voice_0331f8""},{""duration_tick"":4,""onset_tick"":20,""pitch"":67,""tie"":""none"",""voice_token"":""voice_0331f8""},{""duration_tick"":4,""onset_tick"":24,""pitch"":67,""tie"":""none"",""voice_token"":""voice_0331f8""},{""duration_tick"":4,""onset_tick"":28,""pitch"":67,""tie"":""none"",""voice_token"":""voice_0331f8""}]}"
music_7e6ee747ffd6cd,"{""events"":[{""duration_tick"":1,""onset_tick"":0,""pitch"":67,""tie"":""none"",""voice_token"":""voice_adeebf""},{""duration_tick"":1,""onset_tick"":1,""pitch"":68,""tie"":""none"",""voice_token"":""voice_adeebf""},{""duration_tick"":2,""onset_tick"":2,""pitch"":70,""tie"":""none"",""voice_token"":""voice_adeebf""},{""duration_tick"":2,""onset_tick"":4,""pitch"":70,""tie"":""none"",""voice_token"":""voice_adeebf""},{""duration_tick"":2,""onset_tick"":6,""pitch"":72,""tie"":""none"",""voice_token"":""voice_adeebf""}]}"
music_21f18ab0943460,"{""events"":[{""duration_tick"":4,""onset_tick"":0,""pitch"":76,""tie"":""none"",""voice_token"":""voice_6ba146""},{""duration_tick"":2,""onset_tick"":4,""pitch"":71,""tie"":""none"",""voice_token"":""voice_6ba146""},{""duration_tick"":2,""onset_tick"":6,""pitch"":71,""tie"":""none"",""voice_token"":""voice_6ba146""},{""duration_tick"":2,""onset_tick"":8,""pitch"":75,""tie"":""none"",""voice_token"":""voice_6ba146""},{""duration_tick"":2,""onset_tick"":10,""pitch"":75,""tie"":""none"",""voice_token"":""voice_6ba146""}]}"
music_78e10635e6a0e7,"{""events"":[{""duration_tick"":2,""onset_tick"":0,""pitch"":66,""tie"":""none"",""voice_token"":""voice_755b18""},{""duration_tick"":2,""onset_tick"":2,""pitch"":68,""tie"":""none"",""voice_token"":""voice_755b18""},{""duration_tick"":4,""onset_tick"":4,""pitch"":66,""tie"":""none"",""voice_token"":""voice_755b18""},{""duration_tick"":8,""onset_tick"":8,""pitch"":66,""tie"":""none"",""voice_token"":""voice_755b18""},{""duration_tick"":4,""onset_tick"":16,""pitch"":-1,""tie"":""none"",""voice_token"":""voice_755b18""},{""duration_tick"":4,""onset_tick"":20,""pitch"":-1,""tie"":""none"",""voice_token"":""voice_755b18""}]}"
music_9adc43fb255042,"{""events"":[{""duration_tick"":2,""onset_tick"":0,""pitch"":69,""tie"":""none"",""voice_token"":""voice_0331f8""},{""duration_tick"":2,""onset_tick"":2,""pitch"":64,""tie"":""none"",""voice_token"":""voice_0331f8""},{""duration_tick"":2,""onset_tick"":4,""pitch"":68,""tie"":""none"",""voice_token"":""voice_0331f8""},{""duration_tick"":6,""onset_tick"":6,""pitch"":69,""tie"":""none"",""voice_token"":""voice_0331f8""},{""duration_tick"":4,""onset_tick"":12,""pitch"":-1,""tie"":""none"",""voice_token"":""voice_0331f8""}]}"
music_5cee2d46203462,"{""events"":[{""duration_tick"":1,""onset_tick"":0,""pitch"":72,""tie"":""none"",""voice_token"":""voice_adeebf""},{""duration_tick"":2,""onset_tick"":1,""pitch"":70,""tie"":""none"",""voice_token"":""voice_adeebf""},{""duration_tick"":2,""onset_tick"":3,""pitch"":70,""tie"":""none"",""voice_token"":""voice_adeebf""},{""duration_tick"":4,""onset_tick"":5,""pitch"":70,""tie"":""none"",""voice_token"":""voice_adeebf""},{""duration_tick"":2,""onset_tick"":9,""pitch"":69,""tie"":""none"",""voice_token"":""voice_adeebf""},{""duration_tick"":2,""onset_tick"":11,""pitch"":69,""tie"":""none"",""voice_token"":""voice_adeebf""}]}"
music_10147462ae91e0,"{""events"":[{""duration_tick"":2,""onset_tick"":0,""pitch"":69,""tie"":""none"",""voice_token"":""voice_bf2e2c""},{""duration_tick"":2,""onset_tick"":2,""pitch"":70,""tie"":""none"",""voice_token"":""voice_bf2e2c""},{""duration_tick"":2,""onset_tick"":4,""pitch"":70,""tie"":""none"",""voice_token"":""voice_bf2e2c""},{""duration_tick"":4,""onset_tick"":6,""pitch"":72,""tie"":""none"",""voice_token"":""voice_bf2e2c""},{""duration_tick"":2,""onset_tick"":10,""pitch"":69,""tie"":""none"",""voice_token"":""voice_bf2e2c""},{""duration_tick"":2,""onset_tick"":12,""pitch"":69,""tie"":""none"",""voice_token"":""voice_bf2e2c""}]}"
music_e04224e2c27603,"{""events"":[{""duration_tick"":4,""onset_tick"":0,""pitch"":69,""tie"":""none"",""voice_token"":""voice_adeebf""},{""duration_tick"":4,""onset_tick"":4,""pitch"":68,""tie"":""none"",""voice_token"":""voice_adeebf""},{""duration_tick"":4,""onset_tick"":8,""pitch"":63,""tie"":""none"",""voice_token"":""voice_adeebf""},{""duration_tick"":4,""onset_tick"":12,""pitch"":61,""tie"":""none"",""voice_token"":""voice_adeebf""}]}"
music_d53a953074f555,"{""events"":[{""duration_tick"":2,""onset_tick"":0,""pitch"":68,""tie"":""none"",""voice_token"":""voice_755b18""},{""duration_tick"":2,""onset_tick"":2,""pitch"":68,""tie"":""none"",""voice_token"":""voice_755b18""},{""duration_tick"":2,""onset_tick"":4,""pitch"":73,""tie"":""none"",""voice_token"":""voice_755b18""},{""duration_tick"":2,""onset_tick"":6,""pitch"":68,""tie"":""none"",""voice_token"":""voice_755b18""},{""duration_tick"":2,""onset_tick"":8,""pitch"":65,""tie"":""none"",""voice_token"":""voice_755b18""},{""duration_tick"":2,""onset_tick"":10,""pitch"":68,""tie"":""none"",""voice_token"":""voice_755b18""}]}"
music_fa97d228727ffb,"{""events"":[{""duration_tick"":4,""onset_tick"":0,""pitch"":77,""tie"":""none"",""voice_token"":""voice_bf2e2c""},{""duration_tick"":8,""onset_tick"":4,""pitch"":77,""tie"":""none"",""voice_token"":""voice_bf2e2c""},{""duration_tick"":8,""onset_tick"":12,""pitch"":77,""tie"":""none"",""voice_token"":""voice_bf2e2c""},{""duration_tick"":4,""onset_tick"":20,""pitch"":68,""tie"":""none"",""voice_token"":""voice_bf2e2c""},{""duration_tick"":4,""onset_tick"":24,""pitch"":-1,""tie"":""none"",""voice_token"":""voice_bf2e2c""},{""duration_tick"":16,""onset_tick"":28,""pitch"":-1,""tie"":""none"",""voice_token"":""voice_bf2e2c""}]}"
music_aa2a799554bf3e,"{""events"":[{""duration_tick"":4,""onset_tick"":0,""pitch"":72,""tie"":""none"",""voice_token"":""voice_0331f8""},{""duration_tick"":4,""onset_tick"":4,""pitch"":69,""tie"":""none"",""voice_token"":""voice_0331f8""},{""duration_tick"":6,""onset_tick"":8,""pitch"":69,""tie"":""none"",""voice_token"":""voice_0331f8""},{""duration_tick"":2,""onset_tick"":14,""pitch"":72,""tie"":""none"",""voice_token"":""voice_0331f8""}]}"
music_c0ad25cc18d9d4,"{""events"":[{""duration_tick"":2,""onset_tick"":0,""pitch"":68,""tie"":""none"",""voice_token"":""voice_adeebf""},{""duration_tick"":2,""onset_tick"":2,""pitch"":72,""tie"":""none"",""voice_token"":""voice_adeebf""},{""duration_tick"":2,""onset_tick"":4,""pitch"":70,""tie"":""none"",""voice_token"":""voice_adeebf""},{""duration_tick"":2,""onset_tick"":6,""pitch"":72,""tie"":""none"",""voice_token"":""voice_adeebf""},{""duration_tick"":2,""onset_tick"":8,""pitch"":72,""tie"":""none"",""voice_token"":""voice_adeebf""}]}"
music_3e9bc7e6d9bfb5,"{""events"":[{""duration_tick"":2,""onset_tick"":0,""pitch"":65,""tie"":""none"",""voice_token"":""voice_adeebf""},{""duration_tick"":4,""onset_tick"":2,""pitch"":67,""tie"":""none"",""voice_token"":""voice_adeebf""},{""duration_tick"":2,""onset_tick"":6,""pitch"":65,""tie"":""none"",""voice_token"":""voice_adeebf""},{""duration_tick"":2,""onset_tick"":8,""pitch"":63,""tie"":""none"",""voice_token"":""voice_adeebf""},{""duration_tick"":2,""onset_tick"":10,""pitch"":62,""tie"":""none"",""voice_token"":""voice_adeebf""},{""duration_tick"":2,""onset_tick"":12,""pitch"":60,""tie"":""none"",""voice_token"":""voice_adeebf""}]}"
music_c994ccf8af9d55,"{""events"":[{""duration_tick"":2,""onset_tick"":0,""pitch"":69,""tie"":""none"",""voice_token"":""voice_adeebf""},{""duration_tick"":4,""onset_tick"":2,""pitch"":67,""tie"":""none"",""voice_token"":""voice_adeebf""},{""duration_tick"":8,""onset_tick"":6,""pitch"":66,""tie"":""none"",""voice_token"":""voice_adeebf""},{""duration_tick"":4,""onset_tick"":14,""pitch"":65,""tie"":""none"",""voice_token"":""voice_adeebf""}]}"
music_eb12d78d02ce9e,"{""events"":[{""duration_tick"":4,""onset_tick"":0,""pitch"":74,""tie"":""none"",""voice_token"":""voice_adeebf""},{""duration_tick"":2,""onset_tick"":4,""pitch"":74,""tie"":""none"",""voice_token"":""voice_adeebf""},{""duration_tick"":2,""onset_tick"":6,""pitch"":74,""tie"":""none"",""voice_token"":""voice_adeebf""},{""duration_tick"":4,""onset_tick"":8,""pitch"":78,""tie"":""none"",""voice_token"":""voice_adeebf""},{""duration_tick"":1,""onset_tick"":12,""pitch"":81,""tie"":""none"",""voice_token"":""voice_adeebf""}]}"
music_4e5c9d5398fc45,"{""events"":[{""duration_tick"":2,""onset_tick"":0,""pitch"":71,""tie"":""none"",""voice_token"":""voice_0331f8""},{""duration_tick"":2,""onset_tick"":2,""pitch"":70,""tie"":""none"",""voice_token"":""voice_0331f8""},{""duration_tick"":2,""onset_tick"":4,""pitch"":68,""tie"":""none"",""voice_token"":""voice_0331f8""},{""duration_tick"":2,""onset_tick"":6,""pitch"":71,""tie"":""none"",""voice_token"":""voice_0331f8""},{""duration_tick"":2,""onset_tick"":8,""pitch"":72,""tie"":""none"",""voice_token"":""voice_0331f8""}]}"
music_0f61de227f26e0,"{""events"":[{""duration_tick"":4,""onset_tick"":0,""pitch"":71,""tie"":""none"",""voice_token"":""voice_adeebf""},{""duration_tick"":8,""onset_tick"":4,""pitch"":69,""tie"":""none"",""voice_token"":""voice_adeebf""},{""duration_tick"":4,""onset_tick"":12,""pitch"":71,""tie"":""none"",""voice_token"":""voice_adeebf""},{""duration_tick"":4,""onset_tick"":16,""pitch"":72,""tie"":""none"",""voice_token"":""voice_adeebf""},{""duration_tick"":4,""onset_tick"":20,""pitch"":71,""tie"":""none"",""voice_token"":""voice_adeebf""},{""duration_tick"":4,""onset_tick"":24,""pitch"":69,""tie"":""none"",""voice_token"":""voice_adeebf""}]}"
music_83300c83b69bc6,"{""events"":[{""duration_tick"":2,""onset_tick"":0,""pitch"":70,""tie"":""none"",""voice_token"":""voice_bf2e2c""},{""duration_tick"":4,""onset_tick"":2,""pitch"":68,""tie"":""none"",""voice_token"":""voice_bf2e2c""},{""duration_tick"":4,""onset_tick"":6,""pitch"":65,""tie"":""none"",""voice_token"":""voice_bf2e2c""},{""duration_tick"":4,""onset_tick"":10,""pitch"":75,""tie"":""none"",""voice_token"":""voice_bf2e2c""},{""duration_tick"":4,""onset_tick"":14,""pitch"":75,""tie"":""none"",""voice_token"":""voice_bf2e2c""},{""duration_tick"":4,""onset_tick"":18,""pitch"":78,""tie"":""none"",""voice_token"":""voice_bf2e2c""}]}"
music_459551482e7b54,"{""events"":[{""duration_tick"":2,""onset_tick"":0,""pitch"":69,""tie"":""none"",""voice_token"":""voice_adeebf""},{""duration_tick"":2,""onset_tick"":2,""pitch"":72,""tie"":""none"",""voice_token"":""voice_adeebf""},{""duration_tick"":2,""onset_tick"":4,""pitch"":72,""tie"":""none"",""voice_token"":""voice_adeebf""},{""duration_tick"":2,""onset_tick"":6,""pitch"":76,""tie"":""none"",""voice_token"":""voice_adeebf""},{""duration_tick"":4,""onset_tick"":8,""pitch"":77,""tie"":""none"",""voice_token"":""voice_adeebf""}]}"
music_3e791378043894,"{""events"":[{""duration_tick"":2,""onset_tick"":0,""pitch"":71,""tie"":""none"",""voice_token"":""voice_adeebf""},{""duration_tick"":2,""onset_tick"":2,""pitch"":71,""tie"":""none"",""voice_token"":""voice_adeebf""},{""duration_tick"":2,""onset_tick"":4,""pitch"":72,""tie"":""none"",""voice_token"":""voice_adeebf""},{""duration_tick"":2,""onset_tick"":6,""pitch"":72,""tie"":""none"",""voice_token"":""voice_adeebf""}]}"
music_1962d65ab8434c,"{""events"":[{""duration_tick"":2,""onset_tick"":0,""pitch"":56,""tie"":""none"",""voice_token"":""voice_bdd9b1""},{""duration_tick"":4,""onset_tick"":2,""pitch"":56,""tie"":""none"",""voice_token"":""voice_bdd9b1""},{""duration_tick"":4,""onset_tick"":6,""pitch"":56,""tie"":""none"",""voice_token"":""voice_bdd9b1""},{""duration_tick"":4,""onset_tick"":10,""pitch"":61,""tie"":""none"",""voice_token"":""voice_bdd9b1""},{""duration_tick"":4,""onset_tick"":14,""pitch"":61,""tie"":""none"",""voice_token"":""voice_bdd9b1""},{""duration_tick"":4,""onset_tick"":18,""pitch"":61,""tie"":""none"",""voice_token"":""voice_bdd9b1""}]}"
music_ad48b27aa65da2,"{""events"":[{""duration_tick"":2,""onset_tick"":0,""pitch"":67,""tie"":""none"",""voice_token"":""voice_bf2e2c""},{""duration_tick"":2,""onset_tick"":2,""pitch"":74,""tie"":""none"",""voice_token"":""voice_bf2e2c""},{""duration_tick"":6,""onset_tick"":4,""pitch"":72,""tie"":""none"",""voice_token"":""voice_bf2e2c""},{""duration_tick"":2,""onset_tick"":10,""pitch"":71,""tie"":""none"",""voice_token"":""voice_bf2e2c""},{""duration_tick"":2,""onset_tick"":12,""pitch"":69,""tie"":""none"",""voice_token"":""voice_bf2e2c""},{""duration_tick"":2,""onset_tick"":14,""pitch"":71,""tie"":""none"",""voice_token"":""voice_bf2e2c""}]}"
music_b85512c4667454,"{""events"":[{""duration_tick"":4,""onset_tick"":0,""pitch"":70,""tie"":""none"",""voice_token"":""voice_adeebf""},{""duration_tick"":4,""onset_tick"":4,""pitch"":72,""tie"":""none"",""voice_token"":""voice_adeebf""},{""duration_tick"":4,""onset_tick"":8,""pitch"":72,""tie"":""none"",""voice_token"":""voice_adeebf""},{""duration_tick"":4,""onset_tick"":12,""pitch"":67,""tie"":""none"",""voice_token"":""voice_adeebf""},{""duration_tick"":4,""onset_tick"":16,""pitch"":67,""tie"":""none"",""voice_token"":""voice_adeebf""}]}"
music_d15a5a47f6192e,"{""events"":[{""duration_tick"":1,""onset_tick"":0,""pitch"":67,""tie"":""none"",""voice_token"":""voice_0284f7""},{""duration_tick"":2,""onset_tick"":1,""pitch"":65,""tie"":""none"",""voice_token"":""voice_0284f7""},{""duration_tick"":2,""onset_tick"":3,""pitch"":66,""tie"":""none"",""voice_token"":""voice_0284f7""},{""duration_tick"":1,""onset_tick"":5,""pitch"":68,""tie"":""none"",""voice_token"":""voice_0284f7""},{""duration_tick"":1,""onset_tick"":6,""pitch"":69,""tie"":""none"",""voice_token"":""voice_0284f7""}]}"
music_dd80831b5381f2,"{""events"":[{""duration_tick"":4,""onset_tick"":0,""pitch"":50,""tie"":""none"",""voice_token"":""voice_bf4e1e""},{""duration_tick"":4,""onset_tick"":4,""pitch"":49,""tie"":""none"",""voice_token"":""voice_bf4e1e""},{""duration_tick"":8,""onset_tick"":8,""pitch"":47,""tie"":""none"",""voice_token"":""voice_bf4e1e""},{""duration_tick"":4,""onset_tick"":16,""pitch"":49,""tie"":""none"",""voice_token"":""voice_bf4e1e""},{""duration_tick"":12,""onset_tick"":20,""pitch"":47,""tie"":""none"",""voice_token"":""voice_bf4e1e""},{""duration_tick"":12,""onset_tick"":32,""pitch"":47,""tie"":""none"",""voice_token"":""voice_bf4e1e""},{""duration_tick"":4,""onset_tick"":44,""pitch"":45,""tie"":""none"",""voice_token"":""voice_bf4e1e""}]}"
music_6078b1d8ad6746,"{""events"":[{""duration_tick"":4,""onset_tick"":0,""pitch"":65,""tie"":""none"",""voice_token"":""voice_adeebf""},{""duration_tick"":4,""onset_tick"":4,""pitch"":70,""tie"":""none"",""voice_token"":""voice_adeebf""},{""duration_tick"":4,""onset_tick"":8,""pitch"":72,""tie"":""none"",""voice_token"":""voice_adeebf""},{""duration_tick"":4,""onset_tick"":12,""pitch"":70,""tie"":""none"",""voice_token"":""voice_adeebf""},{""duration_tick"":4,""onset_tick"":16,""pitch"":63,""tie"":""none"",""voice_token"":""voice_adeebf""},{""duration_tick"":8,""onset_tick"":20,""pitch"":68,""tie"":""none"",""voice_token"":""voice_adeebf""},{""duration_tick"":4,""onset_tick"":28,""pitch"":67,""tie"":""none"",""voice_token"":""voice_adeebf""}]}"
music_6faae940998f7b,"{""events"":[{""duration_tick"":2,""onset_tick"":0,""pitch"":73,""tie"":""stop"",""voice_token"":""voice_adeebf""},{""duration_tick"":6,""onset_tick"":2,""pitch"":70,""tie"":""none"",""voice_token"":""voice_adeebf""},{""duration_tick"":2,""onset_tick"":8,""pitch"":66,""tie"":""none"",""voice_token"":""voice_adeebf""},{""duration_tick"":2,""onset_tick"":10,""pitch"":69,""tie"":""none"",""voice_token"":""voice_adeebf""},{""duration_tick"":2,""onset_tick"":12,""pitch"":66,""tie"":""none"",""voice_token"":""voice_adeebf""}]}"
music_395c50410d86cb,"{""events"":[{""duration_tick"":4,""onset_tick"":0,""pitch"":77,""tie"":""none"",""voice_token"":""voice_adeebf""},{""duration_tick"":8,""onset_tick"":4,""pitch"":70,""tie"":""none"",""voice_token"":""voice_adeebf""},{""duration_tick"":4,""onset_tick"":12,""pitch"":74,""tie"":""none"",""voice_token"":""voice_adeebf""},{""duration_tick"":8,""onset_tick"":16,""pitch"":72,""tie"":""none"",""voice_token"":""voice_adeebf""},{""duration_tick"":8,""onset_tick"":24,""pitch"":68,""tie"":""none"",""voice_token"":""voice_adeebf""},{""duration_tick"":4,""onset_tick"":32,""pitch"":67,""tie"":""none"",""voice_token"":""voice_adeebf""}]}"
music_ca178322ce6adb,"{""events"":[{""duration_tick"":1,""onset_tick"":0,""pitch"":65,""tie"":""none"",""voice_token"":""voice_adeebf""},{""duration_tick"":4,""onset_tick"":1,""pitch"":67,""tie"":""none"",""voice_token"":""voice_adeebf""},{""duration_tick"":2,""onset_tick"":5,""pitch"":67,""tie"":""none"",""voice_token"":""voice_adeebf""},{""duration_tick"":2,""onset_tick"":7,""pitch"":65,""tie"":""none"",""voice_token"":""voice_adeebf""}]}"
music_0bbc7db914328f,"{""events"":[{""duration_tick"":8,""onset_tick"":0,""pitch"":-1,""tie"":""none"",""voice_token"":""voice_adeebf""},{""duration_tick"":8,""onset_tick"":8,""pitch"":-1,""tie"":""none"",""voice_token"":""voice_adeebf""},{""duration_tick"":8,""onset_tick"":16,""pitch"":-1,""tie"":""none"",""voice_token"":""voice_adeebf""},{""duration_tick"":4,""onset_tick"":24,""pitch"":76,""tie"":""none"",""voice_token"":""voice_adeebf""},{""duration_tick"":4,""onset_tick"":28,""pitch"":73,""tie"":""none"",""voice_token"":""voice_adeebf""},{""duration_tick"":4,""onset_tick"":32,""pitch"":73,""tie"":""none"",""voice_token"":""voice_adeebf""},{""duration_tick"":4,""onset_tick"":36,""pitch"":72,""tie"":""none"",""voice_token"":""voice_adeebf""}]}"
music_d2116c0e362b54,"{""events"":[{""duration_tick"":2,""onset_tick"":0,""pitch"":-1,""tie"":""none"",""voice_token"":""voice_adeebf""},{""duration_tick"":4,""onset_tick"":2,""pitch"":76,""tie"":""none"",""voice_token"":""voice_adeebf""},{""duration_tick"":2,""onset_tick"":6,""pitch"":76,""tie"":""none"",""voice_token"":""voice_adeebf""},{""duration_tick"":2,""onset_tick"":8,""pitch"":76,""tie"":""none"",""voice_token"":""voice_adeebf""},{""duration_tick"":3,""onset_tick"":10,""pitch"":73,""tie"":""none"",""voice_token"":""voice_adeebf""}]}"
music_927cfe12c1423f,"{""events"":[{""duration_tick"":8,""onset_tick"":0,""pitch"":68,""tie"":""none"",""voice_token"":""voice_0284f7""},{""duration_tick"":4,""onset_tick"":8,""pitch"":73,""tie"":""none"",""voice_token"":""voice_0284f7""},{""duration_tick"":2,""onset_tick"":12,""pitch"":68,""tie"":""none"",""voice_token"":""voice_0284f7""},{""duration_tick"":2,""onset_tick"":14,""pitch"":66,""tie"":""none"",""voice_token"":""voice_0284f7""},{""duration_tick"":2,""onset_tick"":16,""pitch"":72,""tie"":""none"",""voice_token"":""voice_0284f7""},{""duration_tick"":2,""onset_tick"":18,""pitch"":73,""tie"":""none"",""voice_token"":""voice_0284f7""},{""duration_tick"":6,""onset_tick"":20,""pitch"":71,""tie"":""none"",""voice_token"":""voice_0284f7""}]}"
music_3edde4990ea657,"{""events"":[{""duration_tick"":2,""onset_tick"":0,""pitch"":71,""tie"":""none"",""voice_token"":""voice_adeebf""},{""duration_tick"":2,""onset_tick"":2,""pitch"":71,""tie"":""none"",""voice_token"":""voice_adeebf""},{""duration_tick"":2,""onset_tick"":4,""pitch"":73,""tie"":""none"",""voice_token"":""voice_adeebf""},{""duration_tick"":2,""onset_tick"":6,""pitch"":73,""tie"":""none"",""voice_token"":""voice_adeebf""}]}"
music_e65f19373b8426,"{""events"":[{""duration_tick"":4,""onset_tick"":0,""pitch"":70,""tie"":""none"",""voice_token"":""voice_bf2e2c""},{""duration_tick"":2,""onset_tick"":4,""pitch"":68,""tie"":""none"",""voice_token"":""voice_bf2e2c""},{""duration_tick"":2,""onset_tick"":6,""pitch"":68,""tie"":""none"",""voice_token"":""voice_bf2e2c""},{""duration_tick"":2,""onset_tick"":8,""pitch"":73,""tie"":""none"",""voice_token"":""voice_bf2e2c""},{""duration_tick"":2,""onset_tick"":10,""pitch"":71,""tie"":""none"",""voice_token"":""voice_bf2e2c""},{""duration_tick"":4,""onset_tick"":12,""pitch"":70,""tie"":""none"",""voice_token"":""voice_bf2e2c""}]}"
music_ec7a89d8eee51d,"{""events"":[{""duration_tick"":2,""onset_tick"":0,""pitch"":66,""tie"":""stop"",""voice_token"":""voice_0331f8""},{""duration_tick"":2,""onset_tick"":2,""pitch"":65,""tie"":""none"",""voice_token"":""voice_0331f8""},{""duration_tick"":4,""onset_tick"":4,""pitch"":66,""tie"":""none"",""voice_token"":""voice_0331f8""},{""duration_tick"":4,""onset_tick"":8,""pitch"":66,""tie"":""none"",""voice_token"":""voice_0331f8""}]}"
music_21d6f7b3b41c5f,"{""events"":[{""duration_tick"":2,""onset_tick"":0,""pitch"":73,""tie"":""none"",""voice_token"":""voice_adeebf""},{""duration_tick"":4,""onset_tick"":2,""pitch"":73,""tie"":""none"",""voice_token"":""voice_adeebf""},{""duration_tick"":4,""onset_tick"":6,""pitch"":70,""tie"":""none"",""voice_token"":""voice_adeebf""},{""duration_tick"":8,""onset_tick"":10,""pitch"":73,""tie"":""none"",""voice_token"":""voice_adeebf""},{""duration_tick"":4,""onset_tick"":18,""pitch"":77,""tie"":""none"",""voice_token"":""voice_adeebf""},{""duration_tick"":2,""onset_tick"":22,""pitch"":77,""tie"":""none"",""voice_token"":""voice_adeebf""}]}"
music_504405c517e089,"{""events"":[{""duration_tick"":2,""onset_tick"":0,""pitch"":71,""tie"":""none"",""voice_token"":""voice_adeebf""},{""duration_tick"":2,""onset_tick"":2,""pitch"":71,""tie"":""none"",""voice_token"":""voice_adeebf""},{""duration_tick"":2,""onset_tick"":4,""pitch"":71,""tie"":""none"",""voice_token"":""voice_adeebf""},{""duration_tick"":2,""onset_tick"":6,""pitch"":69,""tie"":""none"",""voice_token"":""voice_adeebf""},{""duration_tick"":2,""onset_tick"":8,""pitch"":69,""tie"":""none"",""voice_token"":""voice_adeebf""}]}"
music_e1dfb1b9234ee8,"{""events"":[{""duration_tick"":6,""onset_tick"":0,""pitch"":64,""tie"":""none"",""voice_token"":""voice_adeebf""},{""duration_tick"":2,""onset_tick"":6,""pitch"":64,""tie"":""none"",""voice_token"":""voice_adeebf""},{""duration_tick"":4,""onset_tick"":8,""pitch"":64,""tie"":""none"",""voice_token"":""voice_adeebf""},{""duration_tick"":4,""onset_tick"":12,""pitch"":66,""tie"":""none"",""voice_token"":""voice_adeebf""},{""duration_tick"":6,""onset_tick"":16,""pitch"":71,""tie"":""none"",""voice_token"":""voice_adeebf""},{""duration_tick"":2,""onset_tick"":22,""pitch"":71,""tie"":""none"",""voice_token"":""voice_adeebf""}]}"
music_0d397b5332e8e0,"{""events"":[{""duration_tick"":2,""onset_tick"":0,""pitch"":70,""tie"":""none"",""voice_token"":""voice_bf2e2c""},{""duration_tick"":2,""onset_tick"":2,""pitch"":70,""tie"":""none"",""voice_token"":""voice_bf2e2c""},{""duration_tick"":12,""onset_tick"":4,""pitch"":68,""tie"":""none"",""voice_token"":""voice_bf2e2c""},{""duration_tick"":4,""onset_tick"":16,""pitch"":67,""tie"":""none"",""voice_token"":""voice_bf2e2c""},{""duration_tick"":2,""onset_tick"":20,""pitch"":65,""tie"":""none"",""voice_token"":""voice_bf2e2c""},{""duration_tick"":2,""onset_tick"":22,""pitch"":63,""tie"":""none"",""voice_token"":""voice_bf2e2c""},{""duration_tick"":2,""onset_tick"":24,""pitch"":65,""tie"":""none"",""voice_token"":""voice_bf2e2c""}]}"
music_1468d53f5e4411,"{""events"":[{""duration_tick"":4,""onset_tick"":0,""pitch"":70,""tie"":""none"",""voice_token"":""voice_adeebf""},{""duration_tick"":4,""onset_tick"":4,""pitch"":70,""tie"":""none"",""voice_token"":""voice_adeebf""},{""duration_tick"":4,""onset_tick"":8,""pitch"":70,""tie"":""none"",""voice_token"":""voice_adeebf""},{""duration_tick"":4,""onset_tick"":12,""pitch"":70,""tie"":""none"",""voice_token"":""voice_adeebf""},{""duration_tick"":4,""onset_tick"":16,""pitch"":69,""tie"":""none"",""voice_token"":""voice_adeebf""}]}"
music_ce9e97f273cada,"{""events"":[{""duration_tick"":4,""onset_tick"":0,""pitch"":70,""tie"":""none"",""voice_token"":""voice_adeebf""},{""duration_tick"":4,""onset_tick"":4,""pitch"":72,""tie"":""none"",""voice_token"":""voice_adeebf""},{""duration_tick"":4,""onset_tick"":8,""pitch"":77,""tie"":""none"",""voice_token"":""voice_adeebf""},{""duration_tick"":2,""onset_tick"":12,""pitch"":75,""tie"":""none"",""voice_token"":""voice_adeebf""}]}"
music_15c52436bd8560,"{""events"":[{""duration_tick"":4,""onset_tick"":0,""pitch"":65,""tie"":""none"",""voice_token"":""voice_bf2e2c""},{""duration_tick"":4,""onset_tick"":4,""pitch"":65,""tie"":""none"",""voice_token"":""voice_bf2e2c""},{""duration_tick"":4,""onset_tick"":8,""pitch"":69,""tie"":""none"",""voice_token"":""voice_bf2e2c""},{""duration_tick"":4,""onset_tick"":12,""pitch"":70,""tie"":""none"",""voice_token"":""voice_bf2e2c""},{""duration_tick"":4,""onset_tick"":16,""pitch"":70,""tie"":""none"",""voice_token"":""voice_bf2e2c""},{""duration_tick"":6,""onset_tick"":20,""pitch"":70,""tie"":""none"",""voice_token"":""voice_bf2e2c""}]}"
music_282f7e5e493931,"{""events"":[{""duration_tick"":4,""onset_tick"":0,""pitch"":75,""tie"":""none"",""voice_token"":""voice_0284f7""},{""duration_tick"":4,""onset_tick"":4,""pitch"":73,""tie"":""none"",""voice_token"":""voice_0284f7""},{""duration_tick"":4,""onset_tick"":8,""pitch"":77,""tie"":""none"",""voice_token"":""voice_0284f7""},{""duration_tick"":4,""onset_tick"":12,""pitch"":76,""tie"":""none"",""voice_token"":""voice_0284f7""},{""duration_tick"":4,""onset_tick"":16,""pitch"":75,""tie"":""none"",""voice_token"":""voice_0284f7""},{""duration_tick"":16,""onset_tick"":20,""pitch"":73,""tie"":""none"",""voice_token"":""voice_0284f7""}]}"
music_b93d0ab7afc7ab,"{""events"":[{""duration_tick"":4,""onset_tick"":0,""pitch"":67,""tie"":""none"",""voice_token"":""voice_bf2e2c""},{""duration_tick"":2,""onset_tick"":4,""pitch"":69,""tie"":""none"",""voice_token"":""voice_bf2e2c""},{""duration_tick"":2,""onset_tick"":6,""pitch"":67,""tie"":""none"",""voice_token"":""voice_bf2e2c""},{""duration_tick"":4,""onset_tick"":8,""pitch"":67,""tie"":""none"",""voice_token"":""voice_bf2e2c""},{""duration_tick"":8,""onset_tick"":12,""pitch"":70,""tie"":""none"",""voice_token"":""voice_bf2e2c""},{""duration_tick"":8,""onset_tick"":20,""pitch"":69,""tie"":""none"",""voice_token"":""voice_bf2e2c""}]}"
music_ebe1fe6635db5c,"{""events"":[{""duration_tick"":2,""onset_tick"":0,""pitch"":76,""tie"":""none"",""voice_token"":""voice_adeebf""},{""duration_tick"":2,""onset_tick"":2,""pitch"":77,""tie"":""none"",""voice_token"":""voice_adeebf""},{""duration_tick"":2,""onset_tick"":4,""pitch"":74,""tie"":""none"",""voice_token"":""voice_adeebf""},{""duration_tick"":2,""onset_tick"":6,""pitch"":74,""tie"":""none"",""voice_token"":""voice_adeebf""},{""duration_tick"":8,""onset_tick"":8,""pitch"":71,""tie"":""none"",""voice_token"":""voice_adeebf""},{""duration_tick"":8,""onset_tick"":16,""pitch"":72,""tie"":""none"",""voice_token"":""voice_adeebf""},{""duration_tick"":8,""onset_tick"":24,""pitch"":72,""tie"":""none"",""voice_token"":""voice_adeebf""}]}"
music_f1c037b2306feb,"{""events"":[{""duration_tick"":2,""onset_tick"":0,""pitch"":70,""tie"":""none"",""voice_token"":""voice_adeebf""},{""duration_tick"":6,""onset_tick"":2,""pitch"":70,""tie"":""none"",""voice_token"":""voice_adeebf""},{""duration_tick"":6,""onset_tick"":8,""pitch"":77,""tie"":""none"",""voice_token"":""voice_adeebf""},{""duration_tick"":3,""onset_tick"":14,""pitch"":70,""tie"":""none"",""voice_token"":""voice_adeebf""},{""duration_tick"":1,""onset_tick"":17,""pitch"":73,""tie"":""none"",""voice_token"":""voice_adeebf""},{""duration_tick"":2,""onset_tick"":18,""pitch"":73,""tie"":""none"",""voice_token"":""voice_adeebf""}]}"
music_1fef320b107185,"{""events"":[{""duration_tick"":2,""onset_tick"":0,""pitch"":69,""tie"":""none"",""voice_token"":""voice_1628af""},{""duration_tick"":2,""onset_tick"":2,""pitch"":71,""tie"":""none"",""voice_token"":""voice_1628af""},{""duration_tick"":2,""onset_tick"":4,""pitch"":72,""tie"":""none"",""voice_token"":""voice_1628af""},{""duration_tick"":2,""onset_tick"":6,""pitch"":69,""tie"":""none"",""voice_token"":""voice_1628af""},{""duration_tick"":2,""onset_tick"":8,""pitch"":64,""tie"":""none"",""voice_token"":""voice_1628af""},{""duration_tick"":2,""onset_tick"":10,""pitch"":69,""tie"":""none"",""voice_token"":""voice_1628af""},{""duration_tick"":2,""onset_tick"":12,""pitch"":71,""tie"":""none"",""voice_token"":""voice_1628af""}]}"
music_0381f0b7445722,"{""events"":[{""duration_tick"":4,""onset_tick"":0,""pitch"":65,""tie"":""none"",""voice_token"":""voice_bf2e2c""},{""duration_tick"":4,""onset_tick"":4,""pitch"":65,""tie"":""none"",""voice_token"":""voice_bf2e2c""},{""duration_tick"":4,""onset_tick"":8,""pitch"":65,""tie"":""none"",""voice_token"":""voice_bf2e2c""},{""duration_tick"":4,""onset_tick"":12,""pitch"":69,""tie"":""none"",""voice_token"":""voice_bf2e2c""},{""duration_tick"":4,""onset_tick"":16,""pitch"":70,""tie"":""none"",""voice_token"":""voice_bf2e2c""},{""duration_tick"":4,""onset_tick"":20,""pitch"":70,""tie"":""none"",""voice_token"":""voice_bf2e2c""}]}"
music_6c927b8717549b,"{""events"":[{""duration_tick"":4,""onset_tick"":0,""pitch"":-1,""tie"":""none"",""voice_token"":""voice_adeebf""},{""duration_tick"":4,""onset_tick"":4,""pitch"":76,""tie"":""none"",""voice_token"":""voice_adeebf""},{""duration_tick"":2,""onset_tick"":8,""pitch"":76,""tie"":""none"",""voice_token"":""voice_adeebf""},{""duration_tick"":2,""onset_tick"":10,""pitch"":76,""tie"":""none"",""voice_token"":""voice_adeebf""},{""duration_tick"":2,""onset_tick"":12,""pitch"":76,""tie"":""none"",""voice_token"":""voice_adeebf""},{""duration_tick"":2,""onset_tick"":14,""pitch"":76,""tie"":""none"",""voice_token"":""voice_adeebf""}]}"
music_a6540dc54dc16a,"{""events"":[{""duration_tick"":4,""onset_tick"":0,""pitch"":65,""tie"":""none"",""voice_token"":""voice_7574bc""},{""duration_tick"":4,""onset_tick"":4,""pitch"":65,""tie"":""none"",""voice_token"":""voice_7574bc""},{""duration_tick"":4,""onset_tick"":8,""pitch"":65,""tie"":""none"",""voice_token"":""voice_7574bc""},{""duration_tick"":4,""onset_tick"":12,""pitch"":65,""tie"":""none"",""voice_token"":""voice_7574bc""},{""duration_tick"":4,""onset_tick"":16,""pitch"":63,""tie"":""none"",""voice_token"":""voice_7574bc""}]}"
music_983c57e6469c5c,"{""events"":[{""duration_tick"":2,""onset_tick"":0,""pitch"":68,""tie"":""none"",""voice_token"":""voice_bf2e2c""},{""duration_tick"":6,""onset_tick"":2,""pitch"":72,""tie"":""none"",""voice_token"":""voice_bf2e2c""},{""duration_tick"":2,""onset_tick"":8,""pitch"":72,""tie"":""none"",""voice_token"":""voice_bf2e2c""},{""duration_tick"":2,""onset_tick"":10,""pitch"":69,""tie"":""none"",""voice_token"":""voice_bf2e2c""},{""duration_tick"":2,""onset_tick"":12,""pitch"":71,""tie"":""none"",""voice_token"":""voice_bf2e2c""},{""duration_tick"":6,""onset_tick"":14,""pitch"":69,""tie"":""none"",""voice_token"":""voice_bf2e2c""}]}"
music_3c3e4d21df78e4,"{""events"":[{""duration_tick"":2,""onset_tick"":0,""pitch"":74,""tie"":""none"",""voice_token"":""voice_0331f8""},{""duration_tick"":2,""onset_tick"":2,""pitch"":71,""tie"":""none"",""voice_token"":""voice_0331f8""},{""duration_tick"":2,""onset_tick"":4,""pitch"":71,""tie"":""none"",""voice_token"":""voice_0331f8""},{""duration_tick"":4,""onset_tick"":6,""pitch"":69,""tie"":""none"",""voice_token"":""voice_0331f8""},{""duration_tick"":2,""onset_tick"":10,""pitch"":73,""tie"":""none"",""voice_token"":""voice_0331f8""}]}"
music_7d17fd95bfe66d,"{""events"":[{""duration_tick"":1,""onset_tick"":0,""pitch"":69,""tie"":""none"",""voice_token"":""voice_adeebf""},{""duration_tick"":2,""onset_tick"":1,""pitch"":67,""tie"":""none"",""voice_token"":""voice_adeebf""},{""duration_tick"":2,""onset_tick"":3,""pitch"":67,""tie"":""none"",""voice_token"":""voice_adeebf""},{""duration_tick"":6,""onset_tick"":5,""pitch"":63,""tie"":""none"",""voice_token"":""voice_adeebf""},{""duration_tick"":2,""onset_tick"":11,""pitch"":64,""tie"":""none"",""voice_token"":""voice_adeebf""}]}"
music_40723419e0636c,"{""events"":[{""duration_tick"":4,""onset_tick"":0,""pitch"":73,""tie"":""none"",""voice_token"":""voice_bf2e2c""},{""duration_tick"":4,""onset_tick"":4,""pitch"":75,""tie"":""none"",""voice_token"":""voice_bf2e2c""},{""duration_tick"":2,""onset_tick"":8,""pitch"":72,""tie"":""none"",""voice_token"":""voice_bf2e2c""},{""duration_tick"":2,""onset_tick"":10,""pitch"":72,""tie"":""none"",""voice_token"":""voice_bf2e2c""},{""duration_tick"":4,""onset_tick"":12,""pitch"":73,""tie"":""none"",""voice_token"":""voice_bf2e2c""}]}"
music_03a878b2be8435,"{""events"":[{""duration_tick"":2,""onset_tick"":0,""pitch"":71,""tie"":""none"",""voice_token"":""voice_0284f7""},{""duration_tick"":2,""onset_tick"":2,""pitch"":72,""tie"":""none"",""voice_token"":""voice_0284f7""},{""duration_tick"":2,""onset_tick"":4,""pitch"":69,""tie"":""none"",""voice_token"":""voice_0284f7""},{""duration_tick"":8,""onset_tick"":6,""pitch"":67,""tie"":""none"",""voice_token"":""voice_0284f7""},{""duration_tick"":8,""onset_tick"":14,""pitch"":74,""tie"":""none"",""voice_token"":""voice_0284f7""},{""duration_tick"":4,""onset_tick"":22,""pitch"":74,""tie"":""start"",""voice_token"":""voice_0284f7""}]}"
music_a9ea27b5fd847f,"{""events"":[{""duration_tick"":2,""onset_tick"":0,""pitch"":68,""tie"":""none"",""voice_token"":""voice_004d81""},{""duration_tick"":2,""onset_tick"":2,""pitch"":68,""tie"":""none"",""voice_token"":""voice_004d81""},{""duration_tick"":2,""onset_tick"":4,""pitch"":67,""tie"":""none"",""voice_token"":""voice_004d81""},{""duration_tick"":2,""onset_tick"":6,""pitch"":67,""tie"":""none"",""voice_token"":""voice_004d81""},{""duration_tick"":2,""onset_tick"":8,""pitch"":65,""tie"":""none"",""voice_token"":""voice_004d81""},{""duration_tick"":2,""onset_tick"":10,""pitch"":63,""tie"":""none"",""voice_token"":""voice_004d81""},{""duration_tick"":2,""onset_tick"":12,""pitch"":65,""tie"":""none"",""voice_token"":""voice_004d81""}]}"
music_8bcc89abc3b08e,"{""events"":[{""duration_tick"":4,""onset_tick"":0,""pitch"":68,""tie"":""none"",""voice_token"":""voice_adeebf""},{""duration_tick"":8,""onset_tick"":4,""pitch"":68,""tie"":""none"",""voice_token"":""voice_adeebf""},{""duration_tick"":4,""onset_tick"":12,""pitch"":-1,""tie"":""none"",""voice_token"":""voice_adeebf""},{""duration_tick"":4,""onset_tick"":16,""pitch"":-1,""tie"":""none"",""voice_token"":""voice_adeebf""}]}"
music_a170d9891acdc3,"{""events"":[{""duration_tick"":4,""onset_tick"":0,""pitch"":61,""tie"":""none"",""voice_token"":""voice_385a97""},{""duration_tick"":4,""onset_tick"":4,""pitch"":61,""tie"":""none"",""voice_token"":""voice_385a97""},{""duration_tick"":16,""onset_tick"":8,""pitch"":64,""tie"":""none"",""voice_token"":""voice_385a97""},{""duration_tick"":16,""onset_tick"":24,""pitch"":-1,""tie"":""none"",""voice_token"":""voice_385a97""},{""duration_tick"":12,""onset_tick"":40,""pitch"":64,""tie"":""none"",""voice_token"":""voice_385a97""}]}"
music_7efb43236063fb,"{""events"":[{""duration_tick"":1,""onset_tick"":0,""pitch"":74,""tie"":""none"",""voice_token"":""voice_bf2e2c""},{""duration_tick"":4,""onset_tick"":1,""pitch"":75,""tie"":""none"",""voice_token"":""voice_bf2e2c""},{""duration_tick"":4,""onset_tick"":5,""pitch"":69,""tie"":""none"",""voice_token"":""voice_bf2e2c""},{""duration_tick"":4,""onset_tick"":9,""pitch"":70,""tie"":""none"",""voice_token"":""voice_bf2e2c""},{""duration_tick"":2,""onset_tick"":13,""pitch"":70,""tie"":""none"",""voice_token"":""voice_bf2e2c""}]}"
music_ad5d8c59c5d7ec,"{""events"":[{""duration_tick"":2,""onset_tick"":0,""pitch"":73,""tie"":""none"",""voice_token"":""voice_bf2e2c""},{""duration_tick"":6,""onset_tick"":2,""pitch"":72,""tie"":""none"",""voice_token"":""voice_bf2e2c""},{""duration_tick"":4,""onset_tick"":8,""pitch"":69,""tie"":""none"",""voice_token"":""voice_bf2e2c""},{""duration_tick"":2,""onset_tick"":12,""pitch"":72,""tie"":""none"",""voice_token"":""voice_bf2e2c""},{""duration_tick"":12,""onset_tick"":14,""pitch"":71,""tie"":""none"",""voice_token"":""voice_bf2e2c""},{""duration_tick"":12,""onset_tick"":26,""pitch"":71,""tie"":""none"",""voice_token"":""voice_bf2e2c""}]}"
music_5291c379159406,"{""events"":[{""duration_tick"":4,""onset_tick"":0,""pitch"":69,""tie"":""none"",""voice_token"":""voice_adeebf""},{""duration_tick"":4,""onset_tick"":4,""pitch"":68,""tie"":""none"",""voice_token"":""voice_adeebf""},{""duration_tick"":4,""onset_tick"":8,""pitch"":64,""tie"":""none"",""voice_token"":""voice_adeebf""},{""duration_tick"":4,""onset_tick"":12,""pitch"":69,""tie"":""none"",""voice_token"":""voice_adeebf""},{""duration_tick"":4,""onset_tick"":16,""pitch"":69,""tie"":""none"",""voice_token"":""voice_adeebf""}]}"
music_17a17f9ee3a405,"{""events"":[{""duration_tick"":2,""onset_tick"":0,""pitch"":74,""tie"":""none"",""voice_token"":""voice_bf2e2c""},{""duration_tick"":2,""onset_tick"":2,""pitch"":73,""tie"":""none"",""voice_token"":""voice_bf2e2c""},{""duration_tick"":2,""onset_tick"":4,""pitch"":71,""tie"":""none"",""voice_token"":""voice_bf2e2c""},{""duration_tick"":4,""onset_tick"":6,""pitch"":71,""tie"":""none"",""voice_token"":""voice_bf2e2c""}]}"
music_6409b64a463af5,"{""events"":[{""duration_tick"":4,""onset_tick"":0,""pitch"":62,""tie"":""none"",""voice_token"":""voice_0331f8""},{""duration_tick"":4,""onset_tick"":4,""pitch"":62,""tie"":""none"",""voice_token"":""voice_0331f8""},{""duration_tick"":8,""onset_tick"":8,""pitch"":62,""tie"":""none"",""voice_token"":""voice_0331f8""},{""duration_tick"":4,""onset_tick"":16,""pitch"":62,""tie"":""none"",""voice_token"":""voice_0331f8""}]}"
music_e03b56b5a0111d,"{""events"":[{""duration_tick"":2,""onset_tick"":0,""pitch"":63,""tie"":""none"",""voice_token"":""voice_adeebf""},{""duration_tick"":4,""onset_tick"":2,""pitch"":67,""tie"":""none"",""voice_token"":""voice_adeebf""},{""duration_tick"":2,""onset_tick"":6,""pitch"":65,""tie"":""none"",""voice_token"":""voice_adeebf""},{""duration_tick"":2,""onset_tick"":8,""pitch"":63,""tie"":""none"",""voice_token"":""voice_adeebf""},{""duration_tick"":2,""onset_tick"":10,""pitch"":68,""tie"":""none"",""voice_token"":""voice_adeebf""},{""duration_tick"":2,""onset_tick"":12,""pitch"":70,""tie"":""none"",""voice_token"":""voice_adeebf""},{""duration_tick"":4,""onset_tick"":14,""pitch"":72,""tie"":""none"",""voice_token"":""voice_adeebf""}]}"
music_a2c0f08b676e3a,"{""events"":[{""duration_tick"":2,""onset_tick"":0,""pitch"":72,""tie"":""none"",""voice_token"":""voice_bf2e2c""},{""duration_tick"":4,""onset_tick"":2,""pitch"":67,""tie"":""none"",""voice_token"":""voice_bf2e2c""},{""duration_tick"":4,""onset_tick"":6,""pitch"":68,""tie"":""none"",""voice_token"":""voice_bf2e2c""},{""duration_tick"":2,""onset_tick"":10,""pitch"":73,""tie"":""none"",""voice_token"":""voice_bf2e2c""},{""duration_tick"":2,""onset_tick"":12,""pitch"":73,""tie"":""none"",""voice_token"":""voice_bf2e2c""},{""duration_tick"":2,""onset_tick"":14,""pitch"":72,""tie"":""none"",""voice_token"":""voice_bf2e2c""},{""duration_tick"":2,""onset_tick"":16,""pitch"":70,""tie"":""none"",""voice_token"":""voice_bf2e2c""}]}"
music_432cbf49370048,"{""events"":[{""duration_tick"":8,""onset_tick"":0,""pitch"":67,""tie"":""none"",""voice_token"":""voice_adeebf""},{""duration_tick"":8,""onset_tick"":8,""pitch"":69,""tie"":""none"",""voice_token"":""voice_adeebf""},{""duration_tick"":8,""onset_tick"":16,""pitch"":69,""tie"":""none"",""voice_token"":""voice_adeebf""},{""duration_tick"":8,""onset_tick"":24,""pitch"":69,""tie"":""none"",""voice_token"":""voice_adeebf""},{""duration_tick"":4,""onset_tick"":32,""pitch"":74,""tie"":""none"",""voice_token"":""voice_adeebf""}]}"
music_ae6352638d08d9,"{""events"":[{""duration_tick"":8,""onset_tick"":0,""pitch"":74,""tie"":""none"",""voice_token"":""voice_bf2e2c""},{""duration_tick"":8,""onset_tick"":8,""pitch"":76,""tie"":""none"",""voice_token"":""voice_bf2e2c""},{""duration_tick"":8,""onset_tick"":16,""pitch"":74,""tie"":""none"",""voice_token"":""voice_bf2e2c""},{""duration_tick"":8,""onset_tick"":24,""pitch"":72,""tie"":""none"",""voice_token"":""voice_bf2e2c""}]}"
music_060d85e280126d,"{""events"":[{""duration_tick"":2,""onset_tick"":0,""pitch"":69,""tie"":""none"",""voice_token"":""voice_0331f8""},{""duration_tick"":2,""onset_tick"":2,""pitch"":70,""tie"":""none"",""voice_token"":""voice_0331f8""},{""duration_tick"":2,""onset_tick"":4,""pitch"":70,""tie"":""none"",""voice_token"":""voice_0331f8""},{""duration_tick"":2,""onset_tick"":6,""pitch"":70,""tie"":""none"",""voice_token"":""voice_0331f8""},{""duration_tick"":6,""onset_tick"":8,""pitch"":69,""tie"":""none"",""voice_token"":""voice_0331f8""},{""duration_tick"":6,""onset_tick"":14,""pitch"":67,""tie"":""none"",""voice_token"":""voice_0331f8""},{""duration_tick"":2,""onset_tick"":20,""pitch"":67,""tie"":""none"",""voice_token"":""voice_0331f8""}]}"
music_add41330cdd99a,"{""events"":[{""duration_tick"":4,""onset_tick"":0,""pitch"":65,""tie"":""none"",""voice_token"":""voice_adeebf""},{""duration_tick"":4,""onset_tick"":4,""pitch"":65,""tie"":""none"",""voice_token"":""voice_adeebf""},{""duration_tick"":2,""onset_tick"":8,""pitch"":65,""tie"":""none"",""voice_token"":""voice_adeebf""},{""duration_tick"":4,""onset_tick"":10,""pitch"":65,""tie"":""none"",""voice_token"":""voice_adeebf""},{""duration_tick"":2,""onset_tick"":14,""pitch"":65,""tie"":""none"",""voice_token"":""voice_adeebf""}]}"
music_499fe81db653d7,"{""events"":[{""duration_tick"":1,""onset_tick"":0,""pitch"":65,""tie"":""none"",""voice_token"":""voice_7574bc""},{""duration_tick"":6,""onset_tick"":1,""pitch"":65,""tie"":""none"",""voice_token"":""voice_7574bc""},{""duration_tick"":2,""onset_tick"":7,""pitch"":69,""tie"":""none"",""voice_token"":""voice_7574bc""},{""duration_tick"":2,""onset_tick"":9,""pitch"":70,""tie"":""none"",""voice_token"":""voice_7574bc""}]}"
music_4ee4d1118a12f6,"{""events"":[{""duration_tick"":4,""onset_tick"":0,""pitch"":76,""tie"":""none"",""voice_token"":""voice_bf2e2c""},{""duration_tick"":2,""onset_tick"":4,""pitch"":74,""tie"":""none"",""voice_token"":""voice_bf2e2c""},{""duration_tick"":2,""onset_tick"":6,""pitch"":72,""tie"":""none"",""voice_token"":""voice_bf2e2c""},{""duration_tick"":4,""onset_tick"":8,""pitch"":71,""tie"":""none"",""voice_token"":""voice_bf2e2c""},{""duration_tick"":4,""onset_tick"":12,""pitch"":71,""tie"":""none"",""voice_token"":""voice_bf2e2c""},{""duration_tick"":2,""onset_tick"":16,""pitch"":72,""tie"":""none"",""voice_token"":""voice_bf2e2c""}]}"
music_0c49af6f8d42bb,"{""events"":[{""duration_tick"":4,""onset_tick"":0,""pitch"":69,""tie"":""none"",""voice_token"":""voice_0331f8""},{""duration_tick"":4,""onset_tick"":4,""pitch"":69,""tie"":""none"",""voice_token"":""voice_0331f8""},{""duration_tick"":4,""onset_tick"":8,""pitch"":69,""tie"":""none"",""voice_token"":""voice_0331f8""},{""duration_tick"":4,""onset_tick"":12,""pitch"":69,""tie"":""none"",""voice_token"":""voice_0331f8""}]}"
music_96fee8ff58f4b0,"{""events"":[{""duration_tick"":2,""onset_tick"":0,""pitch"":-1,""tie"":""none"",""voice_token"":""voice_adeebf""},{""duration_tick"":2,""onset_tick"":2,""pitch"":71,""tie"":""none"",""voice_token"":""voice_adeebf""},{""duration_tick"":4,""onset_tick"":4,""pitch"":71,""tie"":""none"",""voice_token"":""voice_adeebf""},{""duration_tick"":2,""onset_tick"":8,""pitch"":71,""tie"":""none"",""voice_token"":""voice_adeebf""},{""duration_tick"":2,""onset_tick"":10,""pitch"":71,""tie"":""none"",""voice_token"":""voice_adeebf""}]}"
music_89dde14efcfbe5,"{""events"":[{""duration_tick"":4,""onset_tick"":0,""pitch"":66,""tie"":""stop"",""voice_token"":""voice_1628af""},{""duration_tick"":2,""onset_tick"":4,""pitch"":64,""tie"":""none"",""voice_token"":""voice_1628af""},{""duration_tick"":6,""onset_tick"":6,""pitch"":62,""tie"":""none"",""voice_token"":""voice_1628af""},{""duration_tick"":2,""onset_tick"":12,""pitch"":62,""tie"":""none"",""voice_token"":""voice_1628af""},{""duration_tick"":2,""onset_tick"":14,""pitch"":62,""tie"":""none"",""voice_token"":""voice_1628af""},{""duration_tick"":2,""onset_tick"":16,""pitch"":62,""tie"":""none"",""voice_token"":""voice_1628af""},{""duration_tick"":6,""onset_tick"":18,""pitch"":62,""tie"":""none"",""voice_token"":""voice_1628af""}]}"
music_4de8b43bd49338,"{""events"":[{""duration_tick"":4,""onset_tick"":0,""pitch"":64,""tie"":""none"",""voice_token"":""voice_0284f7""},{""duration_tick"":2,""onset_tick"":4,""pitch"":65,""tie"":""none"",""voice_token"":""voice_0284f7""},{""duration_tick"":24,""onset_tick"":6,""pitch"":67,""tie"":""none"",""voice_token"":""voice_0284f7""},{""duration_tick"":4,""onset_tick"":30,""pitch"":72,""tie"":""none"",""voice_token"":""voice_0284f7""},{""duration_tick"":2,""onset_tick"":34,""pitch"":70,""tie"":""none"",""voice_token"":""voice_0284f7""}]}"
music_0e34a44c74acaf,"{""events"":[{""duration_tick"":2,""onset_tick"":0,""pitch"":74,""tie"":""none"",""voice_token"":""voice_adeebf""},{""duration_tick"":2,""onset_tick"":2,""pitch"":72,""tie"":""none"",""voice_token"":""voice_adeebf""},{""duration_tick"":6,""onset_tick"":4,""pitch"":71,""tie"":""none"",""voice_token"":""voice_adeebf""},{""duration_tick"":2,""onset_tick"":10,""pitch"":69,""tie"":""none"",""voice_token"":""voice_adeebf""},{""duration_tick"":2,""onset_tick"":12,""pitch"":76,""tie"":""none"",""voice_token"":""voice_adeebf""},{""duration_tick"":2,""onset_tick"":14,""pitch"":76,""tie"":""none"",""voice_token"":""voice_adeebf""},{""duration_tick"":2,""onset_tick"":16,""pitch"":74,""tie"":""none"",""voice_token"":""voice_adeebf""}]}"
music_933e24640ef22f,"{""events"":[{""duration_tick"":2,""onset_tick"":0,""pitch"":72,""tie"":""none"",""voice_token"":""voice_adeebf""},{""duration_tick"":2,""onset_tick"":2,""pitch"":74,""tie"":""none"",""voice_token"":""voice_adeebf""},{""duration_tick"":4,""onset_tick"":4,""pitch"":72,""tie"":""none"",""voice_token"":""voice_adeebf""},{""duration_tick"":4,""onset_tick"":8,""pitch"":71,""tie"":""none"",""voice_token"":""voice_adeebf""},{""duration_tick"":2,""onset_tick"":12,""pitch"":74,""tie"":""none"",""voice_token"":""voice_adeebf""}]}"
music_5d57d6f4f731b5,"{""events"":[{""duration_tick"":2,""onset_tick"":0,""pitch"":73,""tie"":""none"",""voice_token"":""voice_adeebf""},{""duration_tick"":8,""onset_tick"":2,""pitch"":75,""tie"":""none"",""voice_token"":""voice_adeebf""},{""duration_tick"":4,""onset_tick"":10,""pitch"":68,""tie"":""none"",""voice_token"":""voice_adeebf""},{""duration_tick"":2,""onset_tick"":14,""pitch"":68,""tie"":""none"",""voice_token"":""voice_adeebf""},{""duration_tick"":2,""onset_tick"":16,""pitch"":72,""tie"":""none"",""voice_token"":""voice_adeebf""},{""duration_tick"":8,""onset_tick"":18,""pitch"":70,""tie"":""none"",""voice_token"":""voice_adeebf""}]}"
music_1f85626c72b329,"{""events"":[{""duration_tick"":4,""onset_tick"":0,""pitch"":74,""tie"":""none"",""voice_token"":""voice_0331f8""},{""duration_tick"":2,""onset_tick"":4,""pitch"":72,""tie"":""none"",""voice_token"":""voice_0331f8""},{""duration_tick"":2,""onset_tick"":6,""pitch"":74,""tie"":""none"",""voice_token"":""voice_0331f8""},{""duration_tick"":2,""onset_tick"":8,""pitch"":75,""tie"":""none"",""voice_token"":""voice_0331f8""},{""duration_tick"":2,""onset_tick"":10,""pitch"":-1,""tie"":""none"",""voice_token"":""voice_0331f8""},{""duration_tick"":4,""onset_tick"":12,""pitch"":74,""tie"":""none"",""voice_token"":""voice_0331f8""},{""duration_tick"":2,""onset_tick"":16,""pitch"":73,""tie"":""none"",""voice_token"":""voice_0331f8""}]}"
music_af18ba47cb1930,"{""events"":[{""duration_tick"":1,""onset_tick"":0,""pitch"":67,""tie"":""none"",""voice_token"":""voice_adeebf""},{""duration_tick"":2,""onset_tick"":1,""pitch"":74,""tie"":""none"",""voice_token"":""voice_adeebf""},{""duration_tick"":2,""onset_tick"":3,""pitch"":72,""tie"":""none"",""voice_token"":""voice_adeebf""},{""duration_tick"":8,""onset_tick"":5,""pitch"":72,""tie"":""none"",""voice_token"":""voice_adeebf""},{""duration_tick"":2,""onset_tick"":13,""pitch"":72,""tie"":""none"",""voice_token"":""voice_adeebf""},{""duration_tick"":2,""onset_tick"":15,""pitch"":72,""tie"":""none"",""voice_token"":""voice_adeebf""},{""duration_tick"":2,""onset_tick"":17,""pitch"":74,""tie"":""none"",""voice_token"":""voice_adeebf""}]}"
music_887f7c3ca2c112,"{""events"":[{""duration_tick"":2,""onset_tick"":0,""pitch"":64,""tie"":""none"",""voice_token"":""voice_bf2e2c""},{""duration_tick"":2,""onset_tick"":2,""pitch"":64,""tie"":""none"",""voice_token"":""voice_bf2e2c""},{""duration_tick"":2,""onset_tick"":4,""pitch"":66,""tie"":""none"",""voice_token"":""voice_bf2e2c""},{""duration_tick"":12,""onset_tick"":6,""pitch"":71,""tie"":""none"",""voice_token"":""voice_bf2e2c""},{""duration_tick"":4,""onset_tick"":18,""pitch"":71,""tie"":""none"",""voice_token"":""voice_bf2e2c""},{""duration_tick"":2,""onset_tick"":22,""pitch"":71,""tie"":""none"",""voice_token"":""voice_bf2e2c""}]}"
music_efff55d9afea40,"{""events"":[{""duration_tick"":4,""onset_tick"":0,""pitch"":78,""tie"":""none"",""voice_token"":""voice_bf2e2c""},{""duration_tick"":2,""onset_tick"":4,""pitch"":75,""tie"":""none"",""voice_token"":""voice_bf2e2c""},{""duration_tick"":2,""onset_tick"":6,""pitch"":71,""tie"":""none"",""voice_token"":""voice_bf2e2c""},{""duration_tick"":4,""onset_tick"":8,""pitch"":71,""tie"":""none"",""voice_token"":""voice_bf2e2c""},{""duration_tick"":4,""onset_tick"":12,""pitch"":71,""tie"":""none"",""voice_token"":""voice_bf2e2c""}]}"
music_8926983002a007,"{""events"":[{""duration_tick"":2,""onset_tick"":0,""pitch"":73,""tie"":""none"",""voice_token"":""voice_adeebf""},{""duration_tick"":2,""onset_tick"":2,""pitch"":68,""tie"":""none"",""voice_token"":""voice_adeebf""},{""duration_tick"":3,""onset_tick"":4,""pitch"":70,""tie"":""none"",""voice_token"":""voice_adeebf""},{""duration_tick"":1,""onset_tick"":7,""pitch"":66,""tie"":""none"",""voice_token"":""voice_adeebf""}]}"
music_1ee950c50813b2,"{""events"":[{""duration_tick"":2,""onset_tick"":0,""pitch"":68,""tie"":""none"",""voice_token"":""voice_bf2e2c""},{""duration_tick"":2,""onset_tick"":2,""pitch"":67,""tie"":""none"",""voice_token"":""voice_bf2e2c""},{""duration_tick"":4,""onset_tick"":4,""pitch"":67,""tie"":""none"",""voice_token"":""voice_bf2e2c""},{""duration_tick"":1,""onset_tick"":8,""pitch"":72,""tie"":""none"",""voice_token"":""voice_bf2e2c""},{""duration_tick"":1,""onset_tick"":9,""pitch"":70,""tie"":""none"",""voice_token"":""voice_bf2e2c""},{""duration_tick"":4,""onset_tick"":10,""pitch"":68,""tie"":""none"",""voice_token"":""voice_bf2e2c""}]}"
music_3386cf2fa4483f,"{""events"":[{""duration_tick"":4,""onset_tick"":0,""pitch"":65,""tie"":""none"",""voice_token"":""voice_8c73be""},{""duration_tick"":4,""onset_tick"":4,""pitch"":65,""tie"":""none"",""voice_token"":""voice_8c73be""},{""duration_tick"":8,""onset_tick"":8,""pitch"":64,""tie"":""none"",""voice_token"":""voice_8c73be""},{""duration_tick"":8,""onset_tick"":16,""pitch"":62,""tie"":""none"",""voice_token"":""voice_8c73be""},{""duration_tick"":8,""onset_tick"":24,""pitch"":-1,""tie"":""none"",""voice_token"":""voice_8c73be""}]}"
music_70ec5fdd819025,"{""events"":[{""duration_tick"":2,""onset_tick"":0,""pitch"":66,""tie"":""none"",""voice_token"":""voice_0284f7""},{""duration_tick"":2,""onset_tick"":2,""pitch"":71,""tie"":""none"",""voice_token"":""voice_0284f7""},{""duration_tick"":4,""onset_tick"":4,""pitch"":71,""tie"":""none"",""voice_token"":""voice_0284f7""},{""duration_tick"":2,""onset_tick"":8,""pitch"":70,""tie"":""none"",""voice_token"":""voice_0284f7""},{""duration_tick"":4,""onset_tick"":10,""pitch"":71,""tie"":""none"",""voice_token"":""voice_0284f7""}]}"
music_5ef8887d0e3543,"{""events"":[{""duration_tick"":6,""onset_tick"":0,""pitch"":71,""tie"":""stop"",""voice_token"":""voice_adeebf""},{""duration_tick"":2,""onset_tick"":6,""pitch"":72,""tie"":""none"",""voice_token"":""voice_adeebf""},{""duration_tick"":2,""onset_tick"":8,""pitch"":69,""tie"":""none"",""voice_token"":""voice_adeebf""},{""duration_tick"":2,""onset_tick"":10,""pitch"":66,""tie"":""none"",""voice_token"":""voice_adeebf""},{""duration_tick"":2,""onset_tick"":12,""pitch"":69,""tie"":""none"",""voice_token"":""voice_adeebf""},{""duration_tick"":2,""onset_tick"":14,""pitch"":66,""tie"":""none"",""voice_token"":""voice_adeebf""},{""duration_tick"":2,""onset_tick"":16,""pitch"":66,""tie"":""none"",""voice_token"":""voice_adeebf""}]}"
music_7fe24bbc3e9ef7,"{""events"":[{""duration_tick"":4,""onset_tick"":0,""pitch"":73,""tie"":""none"",""voice_token"":""voice_bf2e2c""},{""duration_tick"":4,""onset_tick"":4,""pitch"":73,""tie"":""none"",""voice_token"":""voice_bf2e2c""},{""duration_tick"":4,""onset_tick"":8,""pitch"":73,""tie"":""none"",""voice_token"":""voice_bf2e2c""},{""duration_tick"":4,""onset_tick"":12,""pitch"":73,""tie"":""none"",""voice_token"":""voice_bf2e2c""},{""duration_tick"":4,""onset_tick"":16,""pitch"":69,""tie"":""none"",""voice_token"":""voice_bf2e2c""},{""duration_tick"":4,""onset_tick"":20,""pitch"":69,""tie"":""none"",""voice_token"":""voice_bf2e2c""},{""duration_tick"":4,""onset_tick"":24,""pitch"":69,""tie"":""none"",""voice_token"":""voice_bf2e2c""}]}"
music_f5f1a76ce4ab43,"{""events"":[{""duration_tick"":2,""onset_tick"":0,""pitch"":67,""tie"":""none"",""voice_token"":""voice_adeebf""},{""duration_tick"":2,""onset_tick"":2,""pitch"":69,""tie"":""none"",""voice_token"":""voice_adeebf""},{""duration_tick"":1,""onset_tick"":4,""pitch"":71,""tie"":""none"",""voice_token"":""voice_adeebf""},{""duration_tick"":1,""onset_tick"":5,""pitch"":71,""tie"":""none"",""voice_token"":""voice_adeebf""},{""duration_tick"":1,""onset_tick"":6,""pitch"":69,""tie"":""none"",""voice_token"":""voice_adeebf""}]}"
music_c8b8a0cac1c50d,"{""events"":[{""duration_tick"":4,""onset_tick"":0,""pitch"":64,""tie"":""none"",""voice_token"":""voice_adeebf""},{""duration_tick"":2,""onset_tick"":4,""pitch"":61,""tie"":""none"",""voice_token"":""voice_adeebf""},{""duration_tick"":8,""onset_tick"":6,""pitch"":64,""tie"":""none"",""voice_token"":""voice_adeebf""},{""duration_tick"":8,""onset_tick"":14,""pitch"":69,""tie"":""none"",""voice_token"":""voice_adeebf""},{""duration_tick"":4,""onset_tick"":22,""pitch"":69,""tie"":""start"",""voice_token"":""voice_adeebf""}]}"
music_f2f1199a537fbf,"{""events"":[{""duration_tick"":4,""onset_tick"":0,""pitch"":73,""tie"":""none"",""voice_token"":""voice_adeebf""},{""duration_tick"":4,""onset_tick"":4,""pitch"":76,""tie"":""none"",""voice_token"":""voice_adeebf""},{""duration_tick"":4,""onset_tick"":8,""pitch"":75,""tie"":""none"",""voice_token"":""voice_adeebf""},{""duration_tick"":4,""onset_tick"":12,""pitch"":73,""tie"":""none"",""voice_token"":""voice_adeebf""},{""duration_tick"":4,""onset_tick"":16,""pitch"":74,""tie"":""none"",""voice_token"":""voice_adeebf""}]}"
music_4b1fab4990be58,"{""events"":[{""duration_tick"":2,""onset_tick"":0,""pitch"":71,""tie"":""stop"",""voice_token"":""voice_bf2e2c""},{""duration_tick"":1,""onset_tick"":2,""pitch"":71,""tie"":""none"",""voice_token"":""voice_bf2e2c""},{""duration_tick"":1,""onset_tick"":3,""pitch"":71,""tie"":""none"",""voice_token"":""voice_bf2e2c""},{""duration_tick"":2,""onset_tick"":4,""pitch"":67,""tie"":""none"",""voice_token"":""voice_bf2e2c""},{""duration_tick"":2,""onset_tick"":6,""pitch"":67,""tie"":""none"",""voice_token"":""voice_bf2e2c""}]}"
music_9e1929c1ef2c04,"{""events"":[{""duration_tick"":4,""onset_tick"":0,""pitch"":65,""tie"":""none"",""voice_token"":""voice_7574bc""},{""duration_tick"":4,""onset_tick"":4,""pitch"":63,""tie"":""none"",""voice_token"":""voice_7574bc""},{""duration_tick"":4,""onset_tick"":8,""pitch"":63,""tie"":""none"",""voice_token"":""voice_7574bc""},{""duration_tick"":1,""onset_tick"":12,""pitch"":65,""tie"":""none"",""voice_token"":""voice_7574bc""},{""duration_tick"":1,""onset_tick"":13,""pitch"":63,""tie"":""none"",""voice_token"":""voice_7574bc""},{""duration_tick"":1,""onset_tick"":14,""pitch"":63,""tie"":""none"",""voice_token"":""voice_7574bc""}]}"
music_f31084c57c0be2,"{""events"":[{""duration_tick"":4,""onset_tick"":0,""pitch"":64,""tie"":""stop"",""voice_token"":""voice_0331f8""},{""duration_tick"":4,""onset_tick"":4,""pitch"":64,""tie"":""none"",""voice_token"":""voice_0331f8""},{""duration_tick"":4,""onset_tick"":8,""pitch"":65,""tie"":""none"",""voice_token"":""voice_0331f8""},{""duration_tick"":2,""onset_tick"":12,""pitch"":64,""tie"":""none"",""voice_token"":""voice_0331f8""},{""duration_tick"":2,""onset_tick"":14,""pitch"":69,""tie"":""none"",""voice_token"":""voice_0331f8""},{""duration_tick"":2,""onset_tick"":16,""pitch"":69,""tie"":""none"",""voice_token"":""voice_0331f8""},{""duration_tick"":4,""onset_tick"":18,""pitch"":69,""tie"":""none"",""voice_token"":""voice_0331f8""}]}"
music_f3fa17e7649694,"{""events"":[{""duration_tick"":4,""onset_tick"":0,""pitch"":65,""tie"":""none"",""voice_token"":""voice_adeebf""},{""duration_tick"":4,""onset_tick"":4,""pitch"":65,""tie"":""none"",""voice_token"":""voice_adeebf""},{""duration_tick"":4,""onset_tick"":8,""pitch"":-1,""tie"":""none"",""voice_token"":""voice_adeebf""},{""duration_tick"":4,""onset_tick"":12,""pitch"":-1,""tie"":""none"",""voice_token"":""voice_adeebf""},{""duration_tick"":4,""onset_tick"":16,""pitch"":-1,""tie"":""none"",""voice_token"":""voice_adeebf""},{""duration_tick"":4,""onset_tick"":20,""pitch"":-1,""tie"":""none"",""voice_token"":""voice_adeebf""}]}"
music_c0b733453a28f1,"{""events"":[{""duration_tick"":2,""onset_tick"":0,""pitch"":64,""tie"":""none"",""voice_token"":""voice_1628af""},{""duration_tick"":4,""onset_tick"":2,""pitch"":65,""tie"":""none"",""voice_token"":""voice_1628af""},{""duration_tick"":4,""onset_tick"":6,""pitch"":60,""tie"":""none"",""voice_token"":""voice_1628af""},{""duration_tick"":2,""onset_tick"":10,""pitch"":60,""tie"":""none"",""voice_token"":""voice_1628af""},{""duration_tick"":2,""onset_tick"":12,""pitch"":60,""tie"":""none"",""voice_token"":""voice_1628af""}]}"
music_15f30e71d36de6,"{""events"":[{""duration_tick"":4,""onset_tick"":0,""pitch"":72,""tie"":""none"",""voice_token"":""voice_0284f7""},{""duration_tick"":4,""onset_tick"":4,""pitch"":73,""tie"":""none"",""voice_token"":""voice_0284f7""},{""duration_tick"":4,""onset_tick"":8,""pitch"":73,""tie"":""none"",""voice_token"":""voice_0284f7""},{""duration_tick"":4,""onset_tick"":12,""pitch"":71,""tie"":""none"",""voice_token"":""voice_0284f7""},{""duration_tick"":2,""onset_tick"":16,""pitch"":-1,""tie"":""none"",""voice_token"":""voice_0284f7""},{""duration_tick"":4,""onset_tick"":18,""pitch"":-1,""tie"":""none"",""voice_token"":""voice_0284f7""}]}"
music_30c1b46ee67b30,"{""events"":[{""duration_tick"":2,""onset_tick"":0,""pitch"":67,""tie"":""none"",""voice_token"":""voice_adeebf""},{""duration_tick"":2,""onset_tick"":2,""pitch"":67,""tie"":""none"",""voice_token"":""voice_adeebf""},{""duration_tick"":4,""onset_tick"":4,""pitch"":67,""tie"":""none"",""voice_token"":""voice_adeebf""},{""duration_tick"":4,""onset_tick"":8,""pitch"":72,""tie"":""none"",""voice_token"":""voice_adeebf""},{""duration_tick"":2,""onset_tick"":12,""pitch"":67,""tie"":""none"",""voice_token"":""voice_adeebf""}]}"
music_757a342f2706fc,"{""events"":[{""duration_tick"":8,""onset_tick"":0,""pitch"":75,""tie"":""none"",""voice_token"":""voice_bf2e2c""},{""duration_tick"":4,""onset_tick"":8,""pitch"":75,""tie"":""none"",""voice_token"":""voice_bf2e2c""},{""duration_tick"":8,""onset_tick"":12,""pitch"":74,""tie"":""none"",""voice_token"":""voice_bf2e2c""},{""duration_tick"":4,""onset_tick"":20,""pitch"":74,""tie"":""none"",""voice_token"":""voice_bf2e2c""},{""duration_tick"":8,""onset_tick"":24,""pitch"":74,""tie"":""none"",""voice_token"":""voice_bf2e2c""}]}"
music_3699c43cb55ddc,"{""events"":[{""duration_tick"":2,""onset_tick"":0,""pitch"":65,""tie"":""none"",""voice_token"":""voice_adeebf""},{""duration_tick"":2,""onset_tick"":2,""pitch"":64,""tie"":""none"",""voice_token"":""voice_adeebf""},{""duration_tick"":6,""onset_tick"":4,""pitch"":62,""tie"":""none"",""voice_token"":""voice_adeebf""},{""duration_tick"":2,""onset_tick"":10,""pitch"":67,""tie"":""none"",""voice_token"":""voice_adeebf""},{""duration_tick"":2,""onset_tick"":12,""pitch"":69,""tie"":""none"",""voice_token"":""voice_adeebf""},{""duration_tick"":2,""onset_tick"":14,""pitch"":67,""tie"":""none"",""voice_token"":""voice_adeebf""}]}"
music_e251ab583056db,"{""events"":[{""duration_tick"":4,""onset_tick"":0,""pitch"":-1,""tie"":""none"",""voice_token"":""voice_adeebf""},{""duration_tick"":2,""onset_tick"":4,""pitch"":63,""tie"":""none"",""voice_token"":""voice_adeebf""},{""duration_tick"":2,""onset_tick"":6,""pitch"":63,""tie"":""none"",""voice_token"":""voice_adeebf""},{""duration_tick"":4,""onset_tick"":8,""pitch"":67,""tie"":""none"",""voice_token"":""voice_adeebf""},{""duration_tick"":2,""onset_tick"":12,""pitch"":70,""tie"":""none"",""voice_token"":""voice_adeebf""},{""duration_tick"":2,""onset_tick"":14,""pitch"":68,""tie"":""none"",""voice_token"":""voice_adeebf""}]}"
music_793ada7dcf4180,"{""events"":[{""duration_tick"":2,""onset_tick"":0,""pitch"":73,""tie"":""none"",""voice_token"":""voice_adeebf""},{""duration_tick"":2,""onset_tick"":2,""pitch"":71,""tie"":""none"",""voice_token"":""voice_adeebf""},{""duration_tick"":2,""onset_tick"":4,""pitch"":71,""tie"":""none"",""voice_token"":""voice_adeebf""},{""duration_tick"":4,""onset_tick"":6,""pitch"":71,""tie"":""none"",""voice_token"":""voice_adeebf""},{""duration_tick"":4,""onset_tick"":10,""pitch"":71,""tie"":""none"",""voice_token"":""voice_adeebf""},{""duration_tick"":4,""onset_tick"":14,""pitch"":-1,""tie"":""none"",""voice_token"":""voice_adeebf""},{""duration_tick"":4,""onset_tick"":18,""pitch"":-1,""tie"":""none"",""voice_token"":""voice_adeebf""}]}"
music_f835ef7fb304a7,"{""events"":[{""duration_tick"":2,""onset_tick"":0,""pitch"":69,""tie"":""none"",""voice_token"":""voice_bf2e2c""},{""duration_tick"":2,""onset_tick"":2,""pitch"":69,""tie"":""none"",""voice_token"":""voice_bf2e2c""},{""duration_tick"":2,""onset_tick"":4,""pitch"":69,""tie"":""none"",""voice_token"":""voice_bf2e2c""},{""duration_tick"":4,""onset_tick"":6,""pitch"":74,""tie"":""none"",""voice_token"":""voice_bf2e2c""},{""duration_tick"":2,""onset_tick"":10,""pitch"":71,""tie"":""none"",""voice_token"":""voice_bf2e2c""},{""duration_tick"":2,""onset_tick"":12,""pitch"":71,""tie"":""none"",""voice_token"":""voice_bf2e2c""},{""duration_tick"":2,""onset_tick"":14,""pitch"":71,""tie"":""none"",""voice_token"":""voice_bf2e2c""}]}"
music_8dfa868f290235,"{""events"":[{""duration_tick"":2,""onset_tick"":0,""pitch"":59,""tie"":""none"",""voice_token"":""voice_adeebf""},{""duration_tick"":2,""onset_tick"":2,""pitch"":63,""tie"":""none"",""voice_token"":""voice_adeebf""},{""duration_tick"":2,""onset_tick"":4,""pitch"":64,""tie"":""none"",""voice_token"":""voice_adeebf""},{""duration_tick"":2,""onset_tick"":6,""pitch"":67,""tie"":""none"",""voice_token"":""voice_adeebf""},{""duration_tick"":4,""onset_tick"":8,""pitch"":67,""tie"":""none"",""voice_token"":""voice_adeebf""},{""duration_tick"":8,""onset_tick"":12,""pitch"":69,""tie"":""none"",""voice_token"":""voice_adeebf""},{""duration_tick"":4,""onset_tick"":20,""pitch"":74,""tie"":""none"",""voice_token"":""voice_adeebf""}]}"
music_bea6b62c61d22e,"{""events"":[{""duration_tick"":4,""onset_tick"":0,""pitch"":73,""tie"":""none"",""voice_token"":""voice_adeebf""},{""duration_tick"":8,""onset_tick"":4,""pitch"":75,""tie"":""none"",""voice_token"":""voice_adeebf""},{""duration_tick"":8,""onset_tick"":12,""pitch"":75,""tie"":""none"",""voice_token"":""voice_adeebf""},{""duration_tick"":8,""onset_tick"":20,""pitch"":75,""tie"":""none"",""voice_token"":""voice_adeebf""},{""duration_tick"":8,""onset_tick"":28,""pitch"":75,""tie"":""none"",""voice_token"":""voice_adeebf""},{""duration_tick"":8,""onset_tick"":36,""pitch"":76,""tie"":""none"",""voice_token"":""voice_adeebf""}]}"
music_a82208febfd59b,"{""events"":[{""duration_tick"":2,""onset_tick"":0,""pitch"":68,""tie"":""none"",""voice_token"":""voice_7574bc""},{""duration_tick"":4,""onset_tick"":2,""pitch"":66,""tie"":""none"",""voice_token"":""voice_7574bc""},{""duration_tick"":4,""onset_tick"":6,""pitch"":66,""tie"":""none"",""voice_token"":""voice_7574bc""},{""duration_tick"":4,""onset_tick"":10,""pitch"":70,""tie"":""none"",""voice_token"":""voice_7574bc""},{""duration_tick"":4,""onset_tick"":14,""pitch"":70,""tie"":""none"",""voice_token"":""voice_7574bc""}]}"
music_117633e3bc12c0,"{""events"":[{""duration_tick"":2,""onset_tick"":0,""pitch"":77,""tie"":""none"",""voice_token"":""voice_bf2e2c""},{""duration_tick"":4,""onset_tick"":2,""pitch"":74,""tie"":""none"",""voice_token"":""voice_bf2e2c""},{""duration_tick"":2,""onset_tick"":6,""pitch"":76,""tie"":""none"",""voice_token"":""voice_bf2e2c""},{""duration_tick"":4,""onset_tick"":8,""pitch"":-1,""tie"":""none"",""voice_token"":""voice_bf2e2c""}]}"
music_d3c2fecb97ebc9,"{""events"":[{""duration_tick"":4,""onset_tick"":0,""pitch"":67,""tie"":""none"",""voice_token"":""voice_bf2e2c""},{""duration_tick"":4,""onset_tick"":4,""pitch"":67,""tie"":""none"",""voice_token"":""voice_bf2e2c""},{""duration_tick"":4,""onset_tick"":8,""pitch"":73,""tie"":""none"",""voice_token"":""voice_bf2e2c""},{""duration_tick"":3,""onset_tick"":12,""pitch"":74,""tie"":""none"",""voice_token"":""voice_bf2e2c""},{""duration_tick"":1,""onset_tick"":15,""pitch"":69,""tie"":""none"",""voice_token"":""voice_bf2e2c""},{""duration_tick"":4,""onset_tick"":16,""pitch"":72,""tie"":""none"",""voice_token"":""voice_bf2e2c""}]}"
music_ef58c1ca8d5a35,"{""events"":[{""duration_tick"":4,""onset_tick"":0,""pitch"":71,""tie"":""none"",""voice_token"":""voice_adeebf""},{""duration_tick"":4,""onset_tick"":4,""pitch"":71,""tie"":""none"",""voice_token"":""voice_adeebf""},{""duration_tick"":4,""onset_tick"":8,""pitch"":71,""tie"":""none"",""voice_token"":""voice_adeebf""},{""duration_tick"":2,""onset_tick"":12,""pitch"":71,""tie"":""none"",""voice_token"":""voice_adeebf""}]}"
music_e44089bdf91ced,"{""events"":[{""duration_tick"":1,""onset_tick"":0,""pitch"":66,""tie"":""none"",""voice_token"":""voice_adeebf""},{""duration_tick"":4,""onset_tick"":1,""pitch"":71,""tie"":""none"",""voice_token"":""voice_adeebf""},{""duration_tick"":2,""onset_tick"":5,""pitch"":69,""tie"":""none"",""voice_token"":""voice_adeebf""},{""duration_tick"":4,""onset_tick"":7,""pitch"":68,""tie"":""none"",""voice_token"":""voice_adeebf""}]}"
music_34b917279fd9ae,"{""events"":[{""duration_tick"":2,""onset_tick"":0,""pitch"":72,""tie"":""none"",""voice_token"":""voice_adeebf""},{""duration_tick"":2,""onset_tick"":2,""pitch"":72,""tie"":""none"",""voice_token"":""voice_adeebf""},{""duration_tick"":2,""onset_tick"":4,""pitch"":74,""tie"":""none"",""voice_token"":""voice_adeebf""},{""duration_tick"":2,""onset_tick"":6,""pitch"":71,""tie"":""none"",""voice_token"":""voice_adeebf""}]}"
music_f8b7a511224f43,"{""events"":[{""duration_tick"":4,""onset_tick"":0,""pitch"":68,""tie"":""none"",""voice_token"":""voice_adeebf""},{""duration_tick"":6,""onset_tick"":4,""pitch"":69,""tie"":""none"",""voice_token"":""voice_adeebf""},{""duration_tick"":2,""onset_tick"":10,""pitch"":71,""tie"":""none"",""voice_token"":""voice_adeebf""},{""duration_tick"":4,""onset_tick"":12,""pitch"":73,""tie"":""none"",""voice_token"":""voice_adeebf""},{""duration_tick"":4,""onset_tick"":16,""pitch"":74,""tie"":""none"",""voice_token"":""voice_adeebf""},{""duration_tick"":2,""onset_tick"":20,""pitch"":73,""tie"":""none"",""voice_token"":""voice_adeebf""}]}"
music_b43c1224b0a8b4,"{""events"":[{""duration_tick"":4,""onset_tick"":0,""pitch"":70,""tie"":""none"",""voice_token"":""voice_bf2e2c""},{""duration_tick"":4,""onset_tick"":4,""pitch"":70,""tie"":""none"",""voice_token"":""voice_bf2e2c""},{""duration_tick"":2,""onset_tick"":8,""pitch"":70,""tie"":""none"",""voice_token"":""voice_bf2e2c""},{""duration_tick"":2,""onset_tick"":10,""pitch"":70,""tie"":""none"",""voice_token"":""voice_bf2e2c""},{""duration_tick"":2,""onset_tick"":12,""pitch"":70,""tie"":""none"",""voice_token"":""voice_bf2e2c""}]}"
music_5d1529ec501d31,"{""events"":[{""duration_tick"":8,""onset_tick"":0,""pitch"":57,""tie"":""none"",""voice_token"":""voice_bf4e1e""},{""duration_tick"":4,""onset_tick"":8,""pitch"":55,""tie"":""none"",""voice_token"":""voice_bf4e1e""},{""duration_tick"":4,""onset_tick"":12,""pitch"":54,""tie"":""none"",""voice_token"":""voice_bf4e1e""},{""duration_tick"":8,""onset_tick"":16,""pitch"":52,""tie"":""none"",""voice_token"":""voice_bf4e1e""}]}"
music_1e9e448dbc750e,"{""events"":[{""duration_tick"":1,""onset_tick"":0,""pitch"":69,""tie"":""none"",""voice_token"":""voice_e8cd7c""},{""duration_tick"":1,""onset_tick"":1,""pitch"":69,""tie"":""none"",""voice_token"":""voice_e8cd7c""},{""duration_tick"":1,""onset_tick"":2,""pitch"":74,""tie"":""none"",""voice_token"":""voice_e8cd7c""},{""duration_tick"":1,""onset_tick"":3,""pitch"":69,""tie"":""none"",""voice_token"":""voice_e8cd7c""},{""duration_tick"":1,""onset_tick"":4,""pitch"":69,""tie"":""none"",""voice_token"":""voice_e8cd7c""},{""duration_tick"":1,""onset_tick"":5,""pitch"":69,""tie"":""none"",""voice_token"":""voice_e8cd7c""},{""duration_tick"":1,""onset_tick"":6,""pitch"":72,""tie"":""none"",""voice_token"":""voice_e8cd7c""}]}"
music_bcc1bf895a090c,"{""events"":[{""duration_tick"":2,""onset_tick"":0,""pitch"":61,""tie"":""none"",""voice_token"":""voice_385a97""},{""duration_tick"":4,""onset_tick"":2,""pitch"":61,""tie"":""none"",""voice_token"":""voice_385a97""},{""duration_tick"":16,""onset_tick"":6,""pitch"":64,""tie"":""none"",""voice_token"":""voice_385a97""},{""duration_tick"":16,""onset_tick"":22,""pitch"":-1,""tie"":""none"",""voice_token"":""voice_385a97""},{""duration_tick"":16,""onset_tick"":38,""pitch"":-1,""tie"":""none"",""voice_token"":""voice_385a97""}]}"
music_2fde0906aba257,"{""events"":[{""duration_tick"":4,""onset_tick"":0,""pitch"":78,""tie"":""stop"",""voice_token"":""voice_bf2e2c""},{""duration_tick"":4,""onset_tick"":4,""pitch"":73,""tie"":""none"",""voice_token"":""voice_bf2e2c""},{""duration_tick"":2,""onset_tick"":8,""pitch"":73,""tie"":""none"",""voice_token"":""voice_bf2e2c""},{""duration_tick"":2,""onset_tick"":10,""pitch"":73,""tie"":""none"",""voice_token"":""voice_bf2e2c""},{""duration_tick"":2,""onset_tick"":12,""pitch"":68,""tie"":""none"",""voice_token"":""voice_bf2e2c""},{""duration_tick"":2,""onset_tick"":14,""pitch"":68,""tie"":""none"",""voice_token"":""voice_bf2e2c""}]}"
music_deda6dab1f318f,"{""events"":[{""duration_tick"":2,""onset_tick"":0,""pitch"":68,""tie"":""none"",""voice_token"":""voice_adeebf""},{""duration_tick"":8,""onset_tick"":2,""pitch"":71,""tie"":""none"",""voice_token"":""voice_adeebf""},{""duration_tick"":4,""onset_tick"":10,""pitch"":76,""tie"":""none"",""voice_token"":""voice_adeebf""},{""duration_tick"":4,""onset_tick"":14,""pitch"":75,""tie"":""none"",""voice_token"":""voice_adeebf""},{""duration_tick"":6,""onset_tick"":18,""pitch"":74,""tie"":""none"",""voice_token"":""voice_adeebf""}]}"
music_d6fb77ceb0c743,"{""events"":[{""duration_tick"":2,""onset_tick"":0,""pitch"":68,""tie"":""none"",""voice_token"":""voice_bf2e2c""},{""duration_tick"":2,""onset_tick"":2,""pitch"":73,""tie"":""none"",""voice_token"":""voice_bf2e2c""},{""duration_tick"":2,""onset_tick"":4,""pitch"":73,""tie"":""none"",""voice_token"":""voice_bf2e2c""},{""duration_tick"":4,""onset_tick"":6,""pitch"":73,""tie"":""none"",""voice_token"":""voice_bf2e2c""},{""duration_tick"":4,""onset_tick"":10,""pitch"":70,""tie"":""none"",""voice_token"":""voice_bf2e2c""},{""duration_tick"":2,""onset_tick"":14,""pitch"":65,""tie"":""none"",""voice_token"":""voice_bf2e2c""},{""duration_tick"":2,""onset_tick"":16,""pitch"":65,""tie"":""none"",""voice_token"":""voice_bf2e2c""}]}"
music_5f779061152a42,"{""events"":[{""duration_tick"":2,""onset_tick"":0,""pitch"":76,""tie"":""none"",""voice_token"":""voice_0331f8""},{""duration_tick"":2,""onset_tick"":2,""pitch"":74,""tie"":""none"",""voice_token"":""voice_0331f8""},{""duration_tick"":4,""onset_tick"":4,""pitch"":74,""tie"":""none"",""voice_token"":""voice_0331f8""},{""duration_tick"":2,""onset_tick"":8,""pitch"":74,""tie"":""none"",""voice_token"":""voice_0331f8""},{""duration_tick"":2,""onset_tick"":10,""pitch"":76,""tie"":""none"",""voice_token"":""voice_0331f8""}]}"
music_2babc077c37e20,"{""events"":[{""duration_tick"":8,""onset_tick"":0,""pitch"":69,""tie"":""none"",""voice_token"":""voice_adeebf""},{""duration_tick"":2,""onset_tick"":8,""pitch"":69,""tie"":""none"",""voice_token"":""voice_adeebf""},{""duration_tick"":1,""onset_tick"":10,""pitch"":71,""tie"":""none"",""voice_token"":""voice_adeebf""},{""duration_tick"":1,""onset_tick"":11,""pitch"":74,""tie"":""none"",""voice_token"":""voice_adeebf""},{""duration_tick"":1,""onset_tick"":12,""pitch"":76,""tie"":""none"",""voice_token"":""voice_adeebf""},{""duration_tick"":1,""onset_tick"":13,""pitch"":73,""tie"":""none"",""voice_token"":""voice_adeebf""},{""duration_tick"":1,""onset_tick"":14,""pitch"":73,""tie"":""none"",""voice_token"":""voice_adeebf""}]}"
music_837261633c9868,"{""events"":[{""duration_tick"":4,""onset_tick"":0,""pitch"":69,""tie"":""none"",""voice_token"":""voice_bf2e2c""},{""duration_tick"":4,""onset_tick"":4,""pitch"":68,""tie"":""none"",""voice_token"":""voice_bf2e2c""},{""duration_tick"":4,""onset_tick"":8,""pitch"":66,""tie"":""none"",""voice_token"":""voice_bf2e2c""},{""duration_tick"":4,""onset_tick"":12,""pitch"":64,""tie"":""none"",""voice_token"":""voice_bf2e2c""}]}"
music_187e5b1afc4f19,"{""events"":[{""duration_tick"":4,""onset_tick"":0,""pitch"":71,""tie"":""none"",""voice_token"":""voice_adeebf""},{""duration_tick"":8,""onset_tick"":4,""pitch"":76,""tie"":""none"",""voice_token"":""voice_adeebf""},{""duration_tick"":4,""onset_tick"":12,""pitch"":75,""tie"":""none"",""voice_token"":""voice_adeebf""},{""duration_tick"":4,""onset_tick"":16,""pitch"":-1,""tie"":""none"",""voice_token"":""voice_adeebf""},{""duration_tick"":4,""onset_tick"":20,""pitch"":-1,""tie"":""none"",""voice_token"":""voice_adeebf""},{""duration_tick"":4,""onset_tick"":24,""pitch"":-1,""tie"":""none"",""voice_token"":""voice_adeebf""}]}"
music_7860e6b41f463a,"{""events"":[{""duration_tick"":4,""onset_tick"":0,""pitch"":66,""tie"":""none"",""voice_token"":""voice_adeebf""},{""duration_tick"":2,""onset_tick"":4,""pitch"":67,""tie"":""none"",""voice_token"":""voice_adeebf""},{""duration_tick"":2,""onset_tick"":6,""pitch"":62,""tie"":""none"",""voice_token"":""voice_adeebf""},{""duration_tick"":2,""onset_tick"":8,""pitch"":71,""tie"":""none"",""voice_token"":""voice_adeebf""},{""duration_tick"":2,""onset_tick"":10,""pitch"":69,""tie"":""none"",""voice_token"":""voice_adeebf""}]}"
music_251b2613dff952,"{""events"":[{""duration_tick"":4,""onset_tick"":0,""pitch"":75,""tie"":""none"",""voice_token"":""voice_adeebf""},{""duration_tick"":2,""onset_tick"":4,""pitch"":74,""tie"":""none"",""voice_token"":""voice_adeebf""},{""duration_tick"":2,""onset_tick"":6,""pitch"":72,""tie"":""none"",""voice_token"":""voice_adeebf""},{""duration_tick"":4,""onset_tick"":8,""pitch"":70,""tie"":""none"",""voice_token"":""voice_adeebf""},{""duration_tick"":6,""onset_tick"":12,""pitch"":72,""tie"":""none"",""voice_token"":""voice_adeebf""},{""duration_tick"":4,""onset_tick"":18,""pitch"":72,""tie"":""none"",""voice_token"":""voice_adeebf""},{""duration_tick"":2,""onset_tick"":22,""pitch"":74,""tie"":""none"",""voice_token"":""voice_adeebf""}]}"
music_2a0b07c5d36d9a,"{""events"":[{""duration_tick"":2,""onset_tick"":0,""pitch"":67,""tie"":""none"",""voice_token"":""voice_adeebf""},{""duration_tick"":2,""onset_tick"":2,""pitch"":70,""tie"":""none"",""voice_token"":""voice_adeebf""},{""duration_tick"":2,""onset_tick"":4,""pitch"":67,""tie"":""none"",""voice_token"":""voice_adeebf""},{""duration_tick"":2,""onset_tick"":6,""pitch"":70,""tie"":""none"",""voice_token"":""voice_adeebf""},{""duration_tick"":2,""onset_tick"":8,""pitch"":65,""tie"":""none"",""voice_token"":""voice_adeebf""},{""duration_tick"":2,""onset_tick"":10,""pitch"":65,""tie"":""none"",""voice_token"":""voice_adeebf""},{""duration_tick"":4,""onset_tick"":12,""pitch"":69,""tie"":""none"",""voice_token"":""voice_adeebf""}]}"
music_bcf9f55d2a40ff,"{""events"":[{""duration_tick"":2,""onset_tick"":0,""pitch"":69,""tie"":""none"",""voice_token"":""voice_0331f8""},{""duration_tick"":2,""onset_tick"":2,""pitch"":67,""tie"":""none"",""voice_token"":""voice_0331f8""},{""duration_tick"":4,""onset_tick"":4,""pitch"":67,""tie"":""none"",""voice_token"":""voice_0331f8""},{""duration_tick"":4,""onset_tick"":8,""pitch"":-1,""tie"":""none"",""voice_token"":""voice_0331f8""},{""duration_tick"":2,""onset_tick"":12,""pitch"":-1,""tie"":""none"",""voice_token"":""voice_0331f8""}]}"
music_4d6610a20b0c0e,"{""events"":[{""duration_tick"":2,""onset_tick"":0,""pitch"":72,""tie"":""none"",""voice_token"":""voice_adeebf""},{""duration_tick"":2,""onset_tick"":2,""pitch"":70,""tie"":""none"",""voice_token"":""voice_adeebf""},{""duration_tick"":4,""onset_tick"":4,""pitch"":69,""tie"":""none"",""voice_token"":""voice_adeebf""},{""duration_tick"":4,""onset_tick"":8,""pitch"":66,""tie"":""none"",""voice_token"":""voice_adeebf""},{""duration_tick"":4,""onset_tick"":12,""pitch"":69,""tie"":""none"",""voice_token"":""voice_adeebf""},{""duration_tick"":4,""onset_tick"":16,""pitch"":69,""tie"":""none"",""voice_token"":""voice_adeebf""}]}"
music_e4175309138589,"{""events"":[{""duration_tick"":4,""onset_tick"":0,""pitch"":73,""tie"":""none"",""voice_token"":""voice_0331f8""},{""duration_tick"":4,""onset_tick"":4,""pitch"":73,""tie"":""none"",""voice_token"":""voice_0331f8""},{""duration_tick"":4,""onset_tick"":8,""pitch"":72,""tie"":""none"",""voice_token"":""voice_0331f8""},{""duration_tick"":4,""onset_tick"":12,""pitch"":-1,""tie"":""none"",""voice_token"":""voice_0331f8""},{""duration_tick"":8,""onset_tick"":16,""pitch"":-1,""tie"":""none"",""voice_token"":""voice_0331f8""}]}"
music_82906a0884620d,"{""events"":[{""duration_tick"":2,""onset_tick"":0,""pitch"":64,""tie"":""none"",""voice_token"":""voice_bf2e2c""},{""duration_tick"":2,""onset_tick"":2,""pitch"":64,""tie"":""none"",""voice_token"":""voice_bf2e2c""},{""duration_tick"":4,""onset_tick"":4,""pitch"":62,""tie"":""none"",""voice_token"":""voice_bf2e2c""},{""duration_tick"":4,""onset_tick"":8,""pitch"":64,""tie"":""none"",""voice_token"":""voice_bf2e2c""},{""duration_tick"":4,""onset_tick"":12,""pitch"":62,""tie"":""none"",""voice_token"":""voice_bf2e2c""},{""duration_tick"":4,""onset_tick"":16,""pitch"":61,""tie"":""none"",""voice_token"":""voice_bf2e2c""}]}"
music_0a35dd72cfdc0b,"{""events"":[{""duration_tick"":4,""onset_tick"":0,""pitch"":66,""tie"":""none"",""voice_token"":""voice_adeebf""},{""duration_tick"":4,""onset_tick"":4,""pitch"":66,""tie"":""none"",""voice_token"":""voice_adeebf""},{""duration_tick"":4,""onset_tick"":8,""pitch"":66,""tie"":""none"",""voice_token"":""voice_adeebf""},{""duration_tick"":4,""onset_tick"":12,""pitch"":66,""tie"":""none"",""voice_token"":""voice_adeebf""},{""duration_tick"":4,""onset_tick"":16,""pitch"":71,""tie"":""none"",""voice_token"":""voice_adeebf""},{""duration_tick"":4,""onset_tick"":20,""pitch"":71,""tie"":""none"",""voice_token"":""voice_adeebf""}]}"
music_da6f2322fc0eb5,"{""events"":[{""duration_tick"":2,""onset_tick"":0,""pitch"":62,""tie"":""none"",""voice_token"":""voice_bdd9b1""},{""duration_tick"":2,""onset_tick"":2,""pitch"":64,""tie"":""none"",""voice_token"":""voice_bdd9b1""},{""duration_tick"":2,""onset_tick"":4,""pitch"":66,""tie"":""none"",""voice_token"":""voice_bdd9b1""},{""duration_tick"":2,""onset_tick"":6,""pitch"":61,""tie"":""none"",""voice_token"":""voice_bdd9b1""}]}"
music_bac5de531ba3f0,"{""events"":[{""duration_tick"":2,""onset_tick"":0,""pitch"":75,""tie"":""none"",""voice_token"":""voice_0284f7""},{""duration_tick"":2,""onset_tick"":2,""pitch"":70,""tie"":""none"",""voice_token"":""voice_0284f7""},{""duration_tick"":2,""onset_tick"":4,""pitch"":70,""tie"":""none"",""voice_token"":""voice_0284f7""},{""duration_tick"":4,""onset_tick"":6,""pitch"":77,""tie"":""none"",""voice_token"":""voice_0284f7""},{""duration_tick"":8,""onset_tick"":10,""pitch"":75,""tie"":""none"",""voice_token"":""voice_0284f7""},{""duration_tick"":4,""onset_tick"":18,""pitch"":70,""tie"":""none"",""voice_token"":""voice_0284f7""},{""duration_tick"":2,""onset_tick"":22,""pitch"":75,""tie"":""none"",""voice_token"":""voice_0284f7""}]}"
music_a075cc06bd0052,"{""events"":[{""duration_tick"":4,""onset_tick"":0,""pitch"":73,""tie"":""none"",""voice_token"":""voice_adeebf""},{""duration_tick"":4,""onset_tick"":4,""pitch"":69,""tie"":""none"",""voice_token"":""voice_adeebf""},{""duration_tick"":8,""onset_tick"":8,""pitch"":67,""tie"":""none"",""voice_token"":""voice_adeebf""},{""duration_tick"":4,""onset_tick"":16,""pitch"":69,""tie"":""none"",""voice_token"":""voice_adeebf""},{""duration_tick"":8,""onset_tick"":20,""pitch"":66,""tie"":""none"",""voice_token"":""voice_adeebf""}]}"
music_de936fe10c37f4,"{""events"":[{""duration_tick"":8,""onset_tick"":0,""pitch"":64,""tie"":""none"",""voice_token"":""voice_adeebf""},{""duration_tick"":4,""onset_tick"":8,""pitch"":66,""tie"":""none"",""voice_token"":""voice_adeebf""},{""duration_tick"":2,""onset_tick"":12,""pitch"":69,""tie"":""none"",""voice_token"":""voice_adeebf""},{""duration_tick"":4,""onset_tick"":14,""pitch"":71,""tie"":""none"",""voice_token"":""voice_adeebf""},{""duration_tick"":2,""onset_tick"":18,""pitch"":73,""tie"":""none"",""voice_token"":""voice_adeebf""}]}"
music_e9faddeadd45de,"{""events"":[{""duration_tick"":4,""onset_tick"":0,""pitch"":74,""tie"":""none"",""voice_token"":""voice_da44cf""},{""duration_tick"":4,""onset_tick"":4,""pitch"":74,""tie"":""none"",""voice_token"":""voice_da44cf""},{""duration_tick"":4,""onset_tick"":8,""pitch"":74,""tie"":""none"",""voice_token"":""voice_da44cf""},{""duration_tick"":2,""onset_tick"":12,""pitch"":65,""tie"":""none"",""voice_token"":""voice_da44cf""},{""duration_tick"":2,""onset_tick"":14,""pitch"":71,""tie"":""none"",""voice_token"":""voice_da44cf""}]}"
music_3e108ba220cec7,"{""events"":[{""duration_tick"":4,""onset_tick"":0,""pitch"":60,""tie"":""none"",""voice_token"":""voice_adeebf""},{""duration_tick"":4,""onset_tick"":4,""pitch"":67,""tie"":""none"",""voice_token"":""voice_adeebf""},{""duration_tick"":4,""onset_tick"":8,""pitch"":62,""tie"":""none"",""voice_token"":""voice_adeebf""},{""duration_tick"":4,""onset_tick"":12,""pitch"":63,""tie"":""none"",""voice_token"":""voice_adeebf""},{""duration_tick"":8,""onset_tick"":16,""pitch"":67,""tie"":""none"",""voice_token"":""voice_adeebf""},{""duration_tick"":2,""onset_tick"":24,""pitch"":67,""tie"":""none"",""voice_token"":""voice_adeebf""}]}"
music_763b982eaf7e03,"{""events"":[{""duration_tick"":1,""onset_tick"":0,""pitch"":69,""tie"":""none"",""voice_token"":""voice_0331f8""},{""duration_tick"":1,""onset_tick"":1,""pitch"":67,""tie"":""none"",""voice_token"":""voice_0331f8""},{""duration_tick"":4,""onset_tick"":2,""pitch"":72,""tie"":""none"",""voice_token"":""voice_0331f8""},{""duration_tick"":4,""onset_tick"":6,""pitch"":69,""tie"":""none"",""voice_token"":""voice_0331f8""},{""duration_tick"":4,""onset_tick"":10,""pitch"":72,""tie"":""none"",""voice_token"":""voice_0331f8""},{""duration_tick"":2,""onset_tick"":14,""pitch"":69,""tie"":""none"",""voice_token"":""voice_0331f8""}]}"
music_ed234257c14428,"{""events"":[{""duration_tick"":2,""onset_tick"":0,""pitch"":69,""tie"":""none"",""voice_token"":""voice_adeebf""},{""duration_tick"":4,""onset_tick"":2,""pitch"":67,""tie"":""none"",""voice_token"":""voice_adeebf""},{""duration_tick"":4,""onset_tick"":6,""pitch"":67,""tie"":""none"",""voice_token"":""voice_adeebf""},{""duration_tick"":4,""onset_tick"":10,""pitch"":67,""tie"":""none"",""voice_token"":""voice_adeebf""},{""duration_tick"":2,""onset_tick"":14,""pitch"":67,""tie"":""none"",""voice_token"":""voice_adeebf""}]}"
music_47697f16d08095,"{""events"":[{""duration_tick"":4,""onset_tick"":0,""pitch"":55,""tie"":""none"",""voice_token"":""voice_bdd9b1""},{""duration_tick"":4,""onset_tick"":4,""pitch"":57,""tie"":""none"",""voice_token"":""voice_bdd9b1""},{""duration_tick"":4,""onset_tick"":8,""pitch"":57,""tie"":""none"",""voice_token"":""voice_bdd9b1""},{""duration_tick"":4,""onset_tick"":12,""pitch"":62,""tie"":""none"",""voice_token"":""voice_bdd9b1""},{""duration_tick"":4,""onset_tick"":16,""pitch"":62,""tie"":""none"",""voice_token"":""voice_bdd9b1""},{""duration_tick"":4,""onset_tick"":20,""pitch"":60,""tie"":""none"",""voice_token"":""voice_bdd9b1""},{""duration_tick"":4,""onset_tick"":24,""pitch"":55,""tie"":""none"",""voice_token"":""voice_bdd9b1""}]}"
music_c930a65866d105,"{""events"":[{""duration_tick"":4,""onset_tick"":0,""pitch"":68,""tie"":""none"",""voice_token"":""voice_0331f8""},{""duration_tick"":4,""onset_tick"":4,""pitch"":69,""tie"":""none"",""voice_token"":""voice_0331f8""},{""duration_tick"":4,""onset_tick"":8,""pitch"":68,""tie"":""none"",""voice_token"":""voice_0331f8""},{""duration_tick"":4,""onset_tick"":12,""pitch"":69,""tie"":""none"",""voice_token"":""voice_0331f8""},{""duration_tick"":4,""onset_tick"":16,""pitch"":69,""tie"":""none"",""voice_token"":""voice_0331f8""},{""duration_tick"":4,""onset_tick"":20,""pitch"":67,""tie"":""none"",""voice_token"":""voice_0331f8""},{""duration_tick"":4,""onset_tick"":24,""pitch"":79,""tie"":""none"",""voice_token"":""voice_0331f8""}]}"
music_fb7205fac04cf2,"{""events"":[{""duration_tick"":16,""onset_tick"":0,""pitch"":-1,""tie"":""none"",""voice_token"":""voice_5c966a""},{""duration_tick"":24,""onset_tick"":16,""pitch"":-1,""tie"":""none"",""voice_token"":""voice_5c966a""},{""duration_tick"":24,""onset_tick"":40,""pitch"":-1,""tie"":""none"",""voice_token"":""voice_5c966a""},{""duration_tick"":24,""onset_tick"":64,""pitch"":-1,""tie"":""none"",""voice_token"":""voice_5c966a""},{""duration_tick"":24,""onset_tick"":88,""pitch"":-1,""tie"":""none"",""voice_token"":""voice_5c966a""},{""duration_tick"":8,""onset_tick"":112,""pitch"":-1,""tie"":""none"",""voice_token"":""voice_5c966a""},{""duration_tick"":2,""onset_tick"":120,""pitch"":71,""tie"":""none"",""voice_token"":""voice_5c966a""}]}"
music_fff5c01fb761ac,"{""events"":[{""duration_tick"":4,""onset_tick"":0,""pitch"":60,""tie"":""none"",""voice_token"":""voice_bdd9b1""},{""duration_tick"":16,""onset_tick"":4,""pitch"":62,""tie"":""none"",""voice_token"":""voice_bdd9b1""},{""duration_tick"":8,""onset_tick"":20,""pitch"":60,""tie"":""none"",""voice_token"":""voice_bdd9b1""},{""duration_tick"":8,""onset_tick"":28,""pitch"":55,""tie"":""none"",""voice_token"":""voice_bdd9b1""},{""duration_tick"":8,""onset_tick"":36,""pitch"":58,""tie"":""none"",""voice_token"":""voice_bdd9b1""}]}"
music_16ebd2924d6c60,"{""events"":[{""duration_tick"":6,""onset_tick"":0,""pitch"":64,""tie"":""none"",""voice_token"":""voice_adeebf""},{""duration_tick"":4,""onset_tick"":6,""pitch"":71,""tie"":""none"",""voice_token"":""voice_adeebf""},{""duration_tick"":2,""onset_tick"":10,""pitch"":69,""tie"":""none"",""voice_token"":""voice_adeebf""},{""duration_tick"":4,""onset_tick"":12,""pitch"":66,""tie"":""none"",""voice_token"":""voice_adeebf""},{""duration_tick"":2,""onset_tick"":16,""pitch"":69,""tie"":""none"",""voice_token"":""voice_adeebf""}]}"
music_08210b3ba67732,"{""events"":[{""duration_tick"":2,""onset_tick"":0,""pitch"":70,""tie"":""none"",""voice_token"":""voice_bf2e2c""},{""duration_tick"":4,""onset_tick"":2,""pitch"":73,""tie"":""none"",""voice_token"":""voice_bf2e2c""},{""duration_tick"":2,""onset_tick"":6,""pitch"":73,""tie"":""none"",""voice_token"":""voice_bf2e2c""},{""duration_tick"":6,""onset_tick"":8,""pitch"":68,""tie"":""start"",""voice_token"":""voice_bf2e2c""}]}"
music_084f9d55c3afea,"{""events"":[{""duration_tick"":6,""onset_tick"":0,""pitch"":64,""tie"":""none"",""voice_token"":""voice_adeebf""},{""duration_tick"":2,""onset_tick"":6,""pitch"":66,""tie"":""none"",""voice_token"":""voice_adeebf""},{""duration_tick"":2,""onset_tick"":8,""pitch"":69,""tie"":""none"",""voice_token"":""voice_adeebf""},{""duration_tick"":2,""onset_tick"":10,""pitch"":68,""tie"":""none"",""voice_token"":""voice_adeebf""}]}"
music_5ce881ac339da6,"{""events"":[{""duration_tick"":2,""onset_tick"":0,""pitch"":69,""tie"":""none"",""voice_token"":""voice_bf2e2c""},{""duration_tick"":2,""onset_tick"":2,""pitch"":70,""tie"":""none"",""voice_token"":""voice_bf2e2c""},{""duration_tick"":6,""onset_tick"":4,""pitch"":72,""tie"":""none"",""voice_token"":""voice_bf2e2c""},{""duration_tick"":4,""onset_tick"":10,""pitch"":69,""tie"":""none"",""voice_token"":""voice_bf2e2c""}]}"
music_1eac552eab8c91,"{""events"":[{""duration_tick"":4,""onset_tick"":0,""pitch"":78,""tie"":""none"",""voice_token"":""voice_adeebf""},{""duration_tick"":2,""onset_tick"":4,""pitch"":76,""tie"":""none"",""voice_token"":""voice_adeebf""},{""duration_tick"":4,""onset_tick"":6,""pitch"":75,""tie"":""none"",""voice_token"":""voice_adeebf""},{""duration_tick"":2,""onset_tick"":10,""pitch"":73,""tie"":""none"",""voice_token"":""voice_adeebf""},{""duration_tick"":6,""onset_tick"":12,""pitch"":72,""tie"":""start"",""voice_token"":""voice_adeebf""}]}"
music_9da59e28a39235,"{""events"":[{""duration_tick"":2,""onset_tick"":0,""pitch"":75,""tie"":""none"",""voice_token"":""voice_adeebf""},{""duration_tick"":2,""onset_tick"":2,""pitch"":75,""tie"":""none"",""voice_token"":""voice_adeebf""},{""duration_tick"":2,""onset_tick"":4,""pitch"":74,""tie"":""none"",""voice_token"":""voice_adeebf""},{""duration_tick"":4,""onset_tick"":6,""pitch"":73,""tie"":""none"",""voice_token"":""voice_adeebf""},{""duration_tick"":4,""onset_tick"":10,""pitch"":76,""tie"":""none"",""voice_token"":""voice_adeebf""},{""duration_tick"":4,""onset_tick"":14,""pitch"":76,""tie"":""none"",""voice_token"":""voice_adeebf""},{""duration_tick"":6,""onset_tick"":18,""pitch"":79,""tie"":""none"",""voice_token"":""voice_adeebf""}]}"
music_4215d6625b8b25,"{""events"":[{""duration_tick"":4,""onset_tick"":0,""pitch"":69,""tie"":""none"",""voice_token"":""voice_de3898""},{""duration_tick"":4,""onset_tick"":4,""pitch"":64,""tie"":""none"",""voice_token"":""voice_de3898""},{""duration_tick"":2,""onset_tick"":8,""pitch"":71,""tie"":""none"",""voice_token"":""voice_de3898""},{""duration_tick"":4,""onset_tick"":10,""pitch"":64,""tie"":""none"",""voice_token"":""voice_de3898""},{""duration_tick"":2,""onset_tick"":14,""pitch"":69,""tie"":""none"",""voice_token"":""voice_de3898""},{""duration_tick"":1,""onset_tick"":16,""pitch"":66,""tie"":""none"",""voice_token"":""voice_de3898""}]}"
music_87ea1928b97373,"{""events"":[{""duration_tick"":1,""onset_tick"":0,""pitch"":70,""tie"":""none"",""voice_token"":""voice_adeebf""},{""duration_tick"":1,""onset_tick"":1,""pitch"":67,""tie"":""none"",""voice_token"":""voice_adeebf""},{""duration_tick"":2,""onset_tick"":2,""pitch"":63,""tie"":""none"",""voice_token"":""voice_adeebf""},{""duration_tick"":2,""onset_tick"":4,""pitch"":63,""tie"":""none"",""voice_token"":""voice_adeebf""},{""duration_tick"":2,""onset_tick"":6,""pitch"":60,""tie"":""none"",""voice_token"":""voice_adeebf""},{""duration_tick"":2,""onset_tick"":8,""pitch"":58,""tie"":""none"",""voice_token"":""voice_adeebf""}]}"
music_78878fb4d4e217,"{""events"":[{""duration_tick"":2,""onset_tick"":0,""pitch"":72,""tie"":""none"",""voice_token"":""voice_adeebf""},{""duration_tick"":4,""onset_tick"":2,""pitch"":75,""tie"":""none"",""voice_token"":""voice_adeebf""},{""duration_tick"":2,""onset_tick"":6,""pitch"":72,""tie"":""none"",""voice_token"":""voice_adeebf""},{""duration_tick"":2,""onset_tick"":8,""pitch"":73,""tie"":""none"",""voice_token"":""voice_adeebf""}]}"
music_44b331dd63f58d,"{""events"":[{""duration_tick"":2,""onset_tick"":0,""pitch"":66,""tie"":""none"",""voice_token"":""voice_bf2e2c""},{""duration_tick"":2,""onset_tick"":2,""pitch"":67,""tie"":""none"",""voice_token"":""voice_bf2e2c""},{""duration_tick"":2,""onset_tick"":4,""pitch"":71,""tie"":""none"",""voice_token"":""voice_bf2e2c""},{""duration_tick"":2,""onset_tick"":6,""pitch"":69,""tie"":""none"",""voice_token"":""voice_bf2e2c""},{""duration_tick"":2,""onset_tick"":8,""pitch"":67,""tie"":""none"",""voice_token"":""voice_bf2e2c""}]}"
music_a19e4470573ecc,"{""events"":[{""duration_tick"":2,""onset_tick"":0,""pitch"":66,""tie"":""none"",""voice_token"":""voice_0331f8""},{""duration_tick"":2,""onset_tick"":2,""pitch"":69,""tie"":""none"",""voice_token"":""voice_0331f8""},{""duration_tick"":2,""onset_tick"":4,""pitch"":70,""tie"":""none"",""voice_token"":""voice_0331f8""},{""duration_tick"":3,""onset_tick"":6,""pitch"":69,""tie"":""none"",""voice_token"":""voice_0331f8""}]}"
music_d31e29907e4cc5,"{""events"":[{""duration_tick"":2,""onset_tick"":0,""pitch"":69,""tie"":""none"",""voice_token"":""voice_adeebf""},{""duration_tick"":4,""onset_tick"":2,""pitch"":66,""tie"":""none"",""voice_token"":""voice_adeebf""},{""duration_tick"":4,""onset_tick"":6,""pitch"":69,""tie"":""none"",""voice_token"":""voice_adeebf""},{""duration_tick"":4,""onset_tick"":10,""pitch"":74,""tie"":""none"",""voice_token"":""voice_adeebf""},{""duration_tick"":4,""onset_tick"":14,""pitch"":76,""tie"":""none"",""voice_token"":""voice_adeebf""},{""duration_tick"":4,""onset_tick"":18,""pitch"":78,""tie"":""none"",""voice_token"":""voice_adeebf""},{""duration_tick"":4,""onset_tick"":22,""pitch"":71,""tie"":""none"",""voice_token"":""voice_adeebf""}]}"
music_2aac4a400a1d3a,"{""events"":[{""duration_tick"":2,""onset_tick"":0,""pitch"":72,""tie"":""none"",""voice_token"":""voice_adeebf""},{""duration_tick"":2,""onset_tick"":2,""pitch"":72,""tie"":""none"",""voice_token"":""voice_adeebf""},{""duration_tick"":2,""onset_tick"":4,""pitch"":73,""tie"":""none"",""voice_token"":""voice_adeebf""},{""duration_tick"":8,""onset_tick"":6,""pitch"":71,""tie"":""none"",""voice_token"":""voice_adeebf""},{""duration_tick"":8,""onset_tick"":14,""pitch"":67,""tie"":""none"",""voice_token"":""voice_adeebf""},{""duration_tick"":8,""onset_tick"":22,""pitch"":67,""tie"":""none"",""voice_token"":""voice_adeebf""},{""duration_tick"":8,""onset_tick"":30,""pitch"":67,""tie"":""none"",""voice_token"":""voice_adeebf""}]}"
music_bf6f1f9880c272,"{""events"":[{""duration_tick"":1,""onset_tick"":0,""pitch"":69,""tie"":""none"",""voice_token"":""voice_0284f7""},{""duration_tick"":1,""onset_tick"":1,""pitch"":71,""tie"":""none"",""voice_token"":""voice_0284f7""},{""duration_tick"":1,""onset_tick"":2,""pitch"":69,""tie"":""none"",""voice_token"":""voice_0284f7""},{""duration_tick"":1,""onset_tick"":3,""pitch"":67,""tie"":""none"",""voice_token"":""voice_0284f7""}]}"
music_78cbfd6153f2a6,"{""events"":[{""duration_tick"":2,""onset_tick"":0,""pitch"":70,""tie"":""none"",""voice_token"":""voice_6ba146""},{""duration_tick"":2,""onset_tick"":2,""pitch"":70,""tie"":""none"",""voice_token"":""voice_6ba146""},{""duration_tick"":2,""onset_tick"":4,""pitch"":67,""tie"":""none"",""voice_token"":""voice_6ba146""},{""duration_tick"":2,""onset_tick"":6,""pitch"":68,""tie"":""none"",""voice_token"":""voice_6ba146""}]}"
music_931a1d7bfce0f8,"{""events"":[{""duration_tick"":12,""onset_tick"":0,""pitch"":-1,""tie"":""none"",""voice_token"":""voice_adeebf""},{""duration_tick"":12,""onset_tick"":12,""pitch"":-1,""tie"":""none"",""voice_token"":""voice_adeebf""},{""duration_tick"":2,""onset_tick"":24,""pitch"":72,""tie"":""none"",""voice_token"":""voice_adeebf""},{""duration_tick"":2,""onset_tick"":26,""pitch"":70,""tie"":""none"",""voice_token"":""voice_adeebf""},{""duration_tick"":2,""onset_tick"":28,""pitch"":68,""tie"":""none"",""voice_token"":""voice_adeebf""},{""duration_tick"":4,""onset_tick"":30,""pitch"":70,""tie"":""none"",""voice_token"":""voice_adeebf""}]}"
music_9df3ad64b585f8,"{""events"":[{""duration_tick"":2,""onset_tick"":0,""pitch"":66,""tie"":""none"",""voice_token"":""voice_7574bc""},{""duration_tick"":2,""onset_tick"":2,""pitch"":64,""tie"":""none"",""voice_token"":""voice_7574bc""},{""duration_tick"":2,""onset_tick"":4,""pitch"":64,""tie"":""none"",""voice_token"":""voice_7574bc""},{""duration_tick"":4,""onset_tick"":6,""pitch"":64,""tie"":""none"",""voice_token"":""voice_7574bc""},{""duration_tick"":2,""onset_tick"":10,""pitch"":64,""tie"":""none"",""voice_token"":""voice_7574bc""},{""duration_tick"":2,""onset_tick"":12,""pitch"":64,""tie"":""none"",""voice_token"":""voice_7574bc""}]}"
music_87f4aed16e319b,"{""events"":[{""duration_tick"":2,""onset_tick"":0,""pitch"":71,""tie"":""none"",""voice_token"":""voice_adeebf""},{""duration_tick"":2,""onset_tick"":2,""pitch"":72,""tie"":""none"",""voice_token"":""voice_adeebf""},{""duration_tick"":2,""onset_tick"":4,""pitch"":68,""tie"":""none"",""voice_token"":""voice_adeebf""},{""duration_tick"":2,""onset_tick"":6,""pitch"":68,""tie"":""none"",""voice_token"":""voice_adeebf""},{""duration_tick"":6,""onset_tick"":8,""pitch"":68,""tie"":""none"",""voice_token"":""voice_adeebf""},{""duration_tick"":4,""onset_tick"":14,""pitch"":68,""tie"":""none"",""voice_token"":""voice_adeebf""}]}"
music_756a15c257bffa,"{""events"":[{""duration_tick"":16,""onset_tick"":0,""pitch"":72,""tie"":""none"",""voice_token"":""voice_adeebf""},{""duration_tick"":16,""onset_tick"":16,""pitch"":-1,""tie"":""none"",""voice_token"":""voice_adeebf""},{""duration_tick"":4,""onset_tick"":32,""pitch"":-1,""tie"":""none"",""voice_token"":""voice_adeebf""},{""duration_tick"":4,""onset_tick"":36,""pitch"":-1,""tie"":""none"",""voice_token"":""voice_adeebf""},{""duration_tick"":8,""onset_tick"":40,""pitch"":-1,""tie"":""none"",""voice_token"":""voice_adeebf""},{""duration_tick"":4,""onset_tick"":48,""pitch"":-1,""tie"":""none"",""voice_token"":""voice_adeebf""}]}"
music_53a1cd5bd6149f,"{""events"":[{""duration_tick"":2,""onset_tick"":0,""pitch"":61,""tie"":""none"",""voice_token"":""voice_bf2e2c""},{""duration_tick"":2,""onset_tick"":2,""pitch"":64,""tie"":""none"",""voice_token"":""voice_bf2e2c""},{""duration_tick"":2,""onset_tick"":4,""pitch"":68,""tie"":""none"",""voice_token"":""voice_bf2e2c""},{""duration_tick"":4,""onset_tick"":6,""pitch"":73,""tie"":""none"",""voice_token"":""voice_bf2e2c""},{""duration_tick"":2,""onset_tick"":10,""pitch"":73,""tie"":""none"",""voice_token"":""voice_bf2e2c""},{""duration_tick"":2,""onset_tick"":12,""pitch"":71,""tie"":""none"",""voice_token"":""voice_bf2e2c""},{""duration_tick"":2,""onset_tick"":14,""pitch"":71,""tie"":""none"",""voice_token"":""voice_bf2e2c""}]}"
music_d4e75bf56eb272,"{""events"":[{""duration_tick"":2,""onset_tick"":0,""pitch"":70,""tie"":""none"",""voice_token"":""voice_e81f41""},{""duration_tick"":2,""onset_tick"":2,""pitch"":70,""tie"":""none"",""voice_token"":""voice_e81f41""},{""duration_tick"":3,""onset_tick"":4,""pitch"":70,""tie"":""none"",""voice_token"":""voice_e81f41""},{""duration_tick"":1,""onset_tick"":7,""pitch"":70,""tie"":""none"",""voice_token"":""voice_e81f41""},{""duration_tick"":4,""onset_tick"":8,""pitch"":70,""tie"":""none"",""voice_token"":""voice_e81f41""},{""duration_tick"":2,""onset_tick"":12,""pitch"":70,""tie"":""none"",""voice_token"":""voice_e81f41""}]}"
music_11b6fc8742f83a,"{""events"":[{""duration_tick"":4,""onset_tick"":0,""pitch"":74,""tie"":""none"",""voice_token"":""voice_adeebf""},{""duration_tick"":2,""onset_tick"":4,""pitch"":73,""tie"":""none"",""voice_token"":""voice_adeebf""},{""duration_tick"":4,""onset_tick"":6,""pitch"":71,""tie"":""none"",""voice_token"":""voice_adeebf""},{""duration_tick"":2,""onset_tick"":10,""pitch"":70,""tie"":""none"",""voice_token"":""voice_adeebf""},{""duration_tick"":6,""onset_tick"":12,""pitch"":71,""tie"":""none"",""voice_token"":""voice_adeebf""},{""duration_tick"":4,""onset_tick"":18,""pitch"":71,""tie"":""none"",""voice_token"":""voice_adeebf""},{""duration_tick"":2,""onset_tick"":22,""pitch"":73,""tie"":""none"",""voice_token"":""voice_adeebf""}]}"
music_29f013c034489b,"{""events"":[{""duration_tick"":2,""onset_tick"":0,""pitch"":62,""tie"":""none"",""voice_token"":""voice_adeebf""},{""duration_tick"":2,""onset_tick"":2,""pitch"":62,""tie"":""none"",""voice_token"":""voice_adeebf""},{""duration_tick"":2,""onset_tick"":4,""pitch"":66,""tie"":""none"",""voice_token"":""voice_adeebf""},{""duration_tick"":2,""onset_tick"":6,""pitch"":64,""tie"":""none"",""voice_token"":""voice_adeebf""},{""duration_tick"":3,""onset_tick"":8,""pitch"":62,""tie"":""none"",""voice_token"":""voice_adeebf""}]}"
music_a993d3de99484c,"{""events"":[{""duration_tick"":4,""onset_tick"":0,""pitch"":-1,""tie"":""none"",""voice_token"":""voice_bf2e2c""},{""duration_tick"":4,""onset_tick"":4,""pitch"":75,""tie"":""none"",""voice_token"":""voice_bf2e2c""},{""duration_tick"":8,""onset_tick"":8,""pitch"":75,""tie"":""none"",""voice_token"":""voice_bf2e2c""},{""duration_tick"":4,""onset_tick"":16,""pitch"":73,""tie"":""none"",""voice_token"":""voice_bf2e2c""},{""duration_tick"":4,""onset_tick"":20,""pitch"":72,""tie"":""none"",""voice_token"":""voice_bf2e2c""},{""duration_tick"":2,""onset_tick"":24,""pitch"":72,""tie"":""none"",""voice_token"":""voice_bf2e2c""}]}"
music_3e0189f6561d53,"{""events"":[{""duration_tick"":1,""onset_tick"":0,""pitch"":70,""tie"":""none"",""voice_token"":""voice_c979c0""},{""duration_tick"":1,""onset_tick"":1,""pitch"":74,""tie"":""none"",""voice_token"":""voice_c979c0""},{""duration_tick"":1,""onset_tick"":2,""pitch"":70,""tie"":""none"",""voice_token"":""voice_c979c0""},{""duration_tick"":1,""onset_tick"":3,""pitch"":74,""tie"":""none"",""voice_token"":""voice_c979c0""},{""duration_tick"":1,""onset_tick"":4,""pitch"":67,""tie"":""none"",""voice_token"":""voice_c979c0""},{""duration_tick"":4,""onset_tick"":5,""pitch"":70,""tie"":""none"",""voice_token"":""voice_c979c0""},{""duration_tick"":1,""onset_tick"":9,""pitch"":67,""tie"":""none"",""voice_token"":""voice_c979c0""}]}"
music_49650c07404bde,"{""events"":[{""duration_tick"":4,""onset_tick"":0,""pitch"":69,""tie"":""none"",""voice_token"":""voice_0331f8""},{""duration_tick"":2,""onset_tick"":4,""pitch"":69,""tie"":""none"",""voice_token"":""voice_0331f8""},{""duration_tick"":2,""onset_tick"":6,""pitch"":69,""tie"":""none"",""voice_token"":""voice_0331f8""},{""duration_tick"":2,""onset_tick"":8,""pitch"":74,""tie"":""none"",""voice_token"":""voice_0331f8""},{""duration_tick"":2,""onset_tick"":10,""pitch"":69,""tie"":""none"",""voice_token"":""voice_0331f8""},{""duration_tick"":3,""onset_tick"":12,""pitch"":69,""tie"":""none"",""voice_token"":""voice_0331f8""}]}"
music_e067dd376cd428,"{""events"":[{""duration_tick"":2,""onset_tick"":0,""pitch"":69,""tie"":""none"",""voice_token"":""voice_adeebf""},{""duration_tick"":2,""onset_tick"":2,""pitch"":71,""tie"":""none"",""voice_token"":""voice_adeebf""},{""duration_tick"":2,""onset_tick"":4,""pitch"":71,""tie"":""none"",""voice_token"":""voice_adeebf""},{""duration_tick"":2,""onset_tick"":6,""pitch"":71,""tie"":""none"",""voice_token"":""voice_adeebf""}]}"
music_1da7138128384b,"{""events"":[{""duration_tick"":2,""onset_tick"":0,""pitch"":75,""tie"":""none"",""voice_token"":""voice_adeebf""},{""duration_tick"":2,""onset_tick"":2,""pitch"":72,""tie"":""none"",""voice_token"":""voice_adeebf""},{""duration_tick"":2,""onset_tick"":4,""pitch"":74,""tie"":""none"",""voice_token"":""voice_adeebf""},{""duration_tick"":2,""onset_tick"":6,""pitch"":72,""tie"":""none"",""voice_token"":""voice_adeebf""}]}"
music_4473a9b057ff9a,"{""events"":[{""duration_tick"":1,""onset_tick"":0,""pitch"":68,""tie"":""none"",""voice_token"":""voice_0331f8""},{""duration_tick"":2,""onset_tick"":1,""pitch"":68,""tie"":""none"",""voice_token"":""voice_0331f8""},{""duration_tick"":4,""onset_tick"":3,""pitch"":73,""tie"":""none"",""voice_token"":""voice_0331f8""},{""duration_tick"":2,""onset_tick"":7,""pitch"":64,""tie"":""none"",""voice_token"":""voice_0331f8""},{""duration_tick"":2,""onset_tick"":9,""pitch"":65,""tie"":""none"",""voice_token"":""voice_0331f8""},{""duration_tick"":8,""onset_tick"":11,""pitch"":67,""tie"":""none"",""voice_token"":""voice_0331f8""}]}"
music_26faab74543068,"{""events"":[{""duration_tick"":4,""onset_tick"":0,""pitch"":74,""tie"":""none"",""voice_token"":""voice_bf2e2c""},{""duration_tick"":4,""onset_tick"":4,""pitch"":74,""tie"":""none"",""voice_token"":""voice_bf2e2c""},{""duration_tick"":4,""onset_tick"":8,""pitch"":74,""tie"":""none"",""voice_token"":""voice_bf2e2c""},{""duration_tick"":4,""onset_tick"":12,""pitch"":75,""tie"":""none"",""voice_token"":""voice_bf2e2c""},{""duration_tick"":4,""onset_tick"":16,""pitch"":-1,""tie"":""none"",""voice_token"":""voice_bf2e2c""},{""duration_tick"":4,""onset_tick"":20,""pitch"":-1,""tie"":""none"",""voice_token"":""voice_bf2e2c""}]}"
music_3397adc5a967e2,"{""events"":[{""duration_tick"":4,""onset_tick"":0,""pitch"":66,""tie"":""none"",""voice_token"":""voice_adeebf""},{""duration_tick"":4,""onset_tick"":4,""pitch"":67,""tie"":""none"",""voice_token"":""voice_adeebf""},{""duration_tick"":2,""onset_tick"":8,""pitch"":62,""tie"":""none"",""voice_token"":""voice_adeebf""},{""duration_tick"":2,""onset_tick"":10,""pitch"":67,""tie"":""none"",""voice_token"":""voice_adeebf""},{""duration_tick"":2,""onset_tick"":12,""pitch"":69,""tie"":""none"",""voice_token"":""voice_adeebf""}]}"
music_c1edd3a88e3d90,"{""events"":[{""duration_tick"":1,""onset_tick"":0,""pitch"":71,""tie"":""none"",""voice_token"":""voice_0331f8""},{""duration_tick"":1,""onset_tick"":1,""pitch"":71,""tie"":""none"",""voice_token"":""voice_0331f8""},{""duration_tick"":4,""onset_tick"":2,""pitch"":68,""tie"":""none"",""voice_token"":""voice_0331f8""},{""duration_tick"":2,""onset_tick"":6,""pitch"":67,""tie"":""none"",""voice_token"":""voice_0331f8""},{""duration_tick"":2,""onset_tick"":8,""pitch"":63,""tie"":""none"",""voice_token"":""voice_0331f8""},{""duration_tick"":2,""onset_tick"":10,""pitch"":61,""tie"":""none"",""voice_token"":""voice_0331f8""},{""duration_tick"":1,""onset_tick"":12,""pitch"":63,""tie"":""none"",""voice_token"":""voice_0331f8""}]}"
music_1fa394a72c3086,"{""events"":[{""duration_tick"":4,""onset_tick"":0,""pitch"":77,""tie"":""none"",""voice_token"":""voice_0284f7""},{""duration_tick"":4,""onset_tick"":4,""pitch"":73,""tie"":""none"",""voice_token"":""voice_0284f7""},{""duration_tick"":4,""onset_tick"":8,""pitch"":73,""tie"":""none"",""voice_token"":""voice_0284f7""},{""duration_tick"":2,""onset_tick"":12,""pitch"":78,""tie"":""none"",""voice_token"":""voice_0284f7""}]}"
music_027d28f6d8cc74,"{""events"":[{""duration_tick"":1,""onset_tick"":0,""pitch"":72,""tie"":""none"",""voice_token"":""voice_bf2e2c""},{""duration_tick"":6,""onset_tick"":1,""pitch"":72,""tie"":""none"",""voice_token"":""voice_bf2e2c""},{""duration_tick"":2,""onset_tick"":7,""pitch"":69,""tie"":""none"",""voice_token"":""voice_bf2e2c""},{""duration_tick"":3,""onset_tick"":9,""pitch"":74,""tie"":""none"",""voice_token"":""voice_bf2e2c""},{""duration_tick"":1,""onset_tick"":12,""pitch"":74,""tie"":""none"",""voice_token"":""voice_bf2e2c""},{""duration_tick"":2,""onset_tick"":13,""pitch"":74,""tie"":""start"",""voice_token"":""voice_bf2e2c""}]}"
music_5c14980d2cc9a7,"{""events"":[{""duration_tick"":4,""onset_tick"":0,""pitch"":-1,""tie"":""none"",""voice_token"":""voice_381ded""},{""duration_tick"":16,""onset_tick"":4,""pitch"":-1,""tie"":""none"",""voice_token"":""voice_381ded""},{""duration_tick"":16,""onset_tick"":20,""pitch"":-1,""tie"":""none"",""voice_token"":""voice_381ded""},{""duration_tick"":16,""onset_tick"":36,""pitch"":-1,""tie"":""none"",""voice_token"":""voice_381ded""},{""duration_tick"":16,""onset_tick"":52,""pitch"":-1,""tie"":""none"",""voice_token"":""voice_381ded""},{""duration_tick"":16,""onset_tick"":68,""pitch"":-1,""tie"":""none"",""voice_token"":""voice_381ded""},{""duration_tick"":12,""onset_tick"":84,""pitch"":-1,""tie"":""none"",""voice_token"":""voice_381ded""}]}"
music_ebabbfaeb7bd15,"{""events"":[{""duration_tick"":1,""onset_tick"":0,""pitch"":71,""tie"":""none"",""voice_token"":""voice_bf2e2c""},{""duration_tick"":2,""onset_tick"":1,""pitch"":70,""tie"":""none"",""voice_token"":""voice_bf2e2c""},{""duration_tick"":1,""onset_tick"":3,""pitch"":68,""tie"":""none"",""voice_token"":""voice_bf2e2c""},{""duration_tick"":1,""onset_tick"":4,""pitch"":66,""tie"":""none"",""voice_token"":""voice_bf2e2c""}]}"
music_20e0c137150968,"{""events"":[{""duration_tick"":2,""onset_tick"":0,""pitch"":78,""tie"":""stop"",""voice_token"":""voice_adeebf""},{""duration_tick"":2,""onset_tick"":2,""pitch"":76,""tie"":""none"",""voice_token"":""voice_adeebf""},{""duration_tick"":2,""onset_tick"":4,""pitch"":74,""tie"":""none"",""voice_token"":""voice_adeebf""},{""duration_tick"":2,""onset_tick"":6,""pitch"":73,""tie"":""none"",""voice_token"":""voice_adeebf""},{""duration_tick"":2,""onset_tick"":8,""pitch"":71,""tie"":""none"",""voice_token"":""voice_adeebf""}]}"
music_024837abdb0590,"{""events"":[{""duration_tick"":2,""onset_tick"":0,""pitch"":69,""tie"":""none"",""voice_token"":""voice_adeebf""},{""duration_tick"":6,""onset_tick"":2,""pitch"":67,""tie"":""none"",""voice_token"":""voice_adeebf""},{""duration_tick"":2,""onset_tick"":8,""pitch"":67,""tie"":""none"",""voice_token"":""voice_adeebf""},{""duration_tick"":2,""onset_tick"":10,""pitch"":65,""tie"":""none"",""voice_token"":""voice_adeebf""},{""duration_tick"":2,""onset_tick"":12,""pitch"":67,""tie"":""none"",""voice_token"":""voice_adeebf""}]}"
music_18bcc037c23083,"{""events"":[{""duration_tick"":2,""onset_tick"":0,""pitch"":-1,""tie"":""none"",""voice_token"":""voice_bf2e2c""},{""duration_tick"":2,""onset_tick"":2,""pitch"":69,""tie"":""none"",""voice_token"":""voice_bf2e2c""},{""duration_tick"":1,""onset_tick"":4,""pitch"":69,""tie"":""none"",""voice_token"":""voice_bf2e2c""},{""duration_tick"":1,""onset_tick"":5,""pitch"":69,""tie"":""none"",""voice_token"":""voice_bf2e2c""},{""duration_tick"":1,""onset_tick"":6,""pitch"":69,""tie"":""none"",""voice_token"":""voice_bf2e2c""}]}"
music_32415eac214b75,"{""events"":[{""duration_tick"":8,""onset_tick"":0,""pitch"":66,""tie"":""none"",""voice_token"":""voice_5ee09e""},{""duration_tick"":4,""onset_tick"":8,""pitch"":68,""tie"":""none"",""voice_token"":""voice_5ee09e""},{""duration_tick"":4,""onset_tick"":12,""pitch"":68,""tie"":""none"",""voice_token"":""voice_5ee09e""},{""duration_tick"":4,""onset_tick"":16,""pitch"":68,""tie"":""none"",""voice_token"":""voice_5ee09e""},{""duration_tick"":2,""onset_tick"":20,""pitch"":73,""tie"":""none"",""voice_token"":""voice_5ee09e""}]}"
music_d5f7df90bf7ff3,"{""events"":[{""duration_tick"":8,""onset_tick"":0,""pitch"":71,""tie"":""none"",""voice_token"":""voice_bf2e2c""},{""duration_tick"":8,""onset_tick"":8,""pitch"":74,""tie"":""none"",""voice_token"":""voice_bf2e2c""},{""duration_tick"":4,""onset_tick"":16,""pitch"":74,""tie"":""none"",""voice_token"":""voice_bf2e2c""},{""duration_tick"":2,""onset_tick"":20,""pitch"":69,""tie"":""none"",""voice_token"":""voice_bf2e2c""}]}"
music_988af2e2565107,"{""events"":[{""duration_tick"":2,""onset_tick"":0,""pitch"":67,""tie"":""none"",""voice_token"":""voice_bf2e2c""},{""duration_tick"":2,""onset_tick"":2,""pitch"":67,""tie"":""none"",""voice_token"":""voice_bf2e2c""},{""duration_tick"":2,""onset_tick"":4,""pitch"":65,""tie"":""none"",""voice_token"":""voice_bf2e2c""},{""duration_tick"":2,""onset_tick"":6,""pitch"":63,""tie"":""none"",""voice_token"":""voice_bf2e2c""}]}"
music_313c1b6025d95e,"{""events"":[{""duration_tick"":4,""onset_tick"":0,""pitch"":67,""tie"":""none"",""voice_token"":""voice_adeebf""},{""duration_tick"":2,""onset_tick"":4,""pitch"":65,""tie"":""none"",""voice_token"":""voice_adeebf""},{""duration_tick"":4,""onset_tick"":6,""pitch"":65,""tie"":""none"",""voice_token"":""voice_adeebf""},{""duration_tick"":2,""onset_tick"":10,""pitch"":67,""tie"":""none"",""voice_token"":""voice_adeebf""},{""duration_tick"":4,""onset_tick"":12,""pitch"":70,""tie"":""none"",""voice_token"":""voice_adeebf""},{""duration_tick"":2,""onset_tick"":16,""pitch"":74,""tie"":""start"",""voice_token"":""voice_adeebf""}]}"
music_78f5a535049809,"{""events"":[{""duration_tick"":2,""onset_tick"":0,""pitch"":70,""tie"":""none"",""voice_token"":""voice_adeebf""},{""duration_tick"":2,""onset_tick"":2,""pitch"":70,""tie"":""none"",""voice_token"":""voice_adeebf""},{""duration_tick"":2,""onset_tick"":4,""pitch"":68,""tie"":""none"",""voice_token"":""voice_adeebf""},{""duration_tick"":4,""onset_tick"":6,""pitch"":70,""tie"":""none"",""voice_token"":""voice_adeebf""},{""duration_tick"":4,""onset_tick"":10,""pitch"":72,""tie"":""none"",""voice_token"":""voice_adeebf""},{""duration_tick"":4,""onset_tick"":14,""pitch"":72,""tie"":""none"",""voice_token"":""voice_adeebf""}]}"
music_4902d5c641903c,"{""events"":[{""duration_tick"":2,""onset_tick"":0,""pitch"":72,""tie"":""none"",""voice_token"":""voice_adeebf""},{""duration_tick"":2,""onset_tick"":2,""pitch"":70,""tie"":""none"",""voice_token"":""voice_adeebf""},{""duration_tick"":2,""onset_tick"":4,""pitch"":68,""tie"":""none"",""voice_token"":""voice_adeebf""},{""duration_tick"":4,""onset_tick"":6,""pitch"":70,""tie"":""none"",""voice_token"":""voice_adeebf""},{""duration_tick"":4,""onset_tick"":10,""pitch"":68,""tie"":""none"",""voice_token"":""voice_adeebf""},{""duration_tick"":4,""onset_tick"":14,""pitch"":73,""tie"":""none"",""voice_token"":""voice_adeebf""}]}"
music_5e0b90f164a28e,"{""events"":[{""duration_tick"":2,""onset_tick"":0,""pitch"":70,""tie"":""none"",""voice_token"":""voice_0331f8""},{""duration_tick"":2,""onset_tick"":2,""pitch"":69,""tie"":""none"",""voice_token"":""voice_0331f8""},{""duration_tick"":4,""onset_tick"":4,""pitch"":68,""tie"":""none"",""voice_token"":""voice_0331f8""},{""duration_tick"":8,""onset_tick"":8,""pitch"":74,""tie"":""none"",""voice_token"":""voice_0331f8""},{""duration_tick"":4,""onset_tick"":16,""pitch"":75,""tie"":""none"",""voice_token"":""voice_0331f8""},{""duration_tick"":2,""onset_tick"":20,""pitch"":75,""tie"":""none"",""voice_token"":""voice_0331f8""},{""duration_tick"":2,""onset_tick"":22,""pitch"":74,""tie"":""none"",""voice_token"":""voice_0331f8""}]}"
music_ad91b5249b02d2,"{""events"":[{""duration_tick"":2,""onset_tick"":0,""pitch"":71,""tie"":""none"",""voice_token"":""voice_0331f8""},{""duration_tick"":2,""onset_tick"":2,""pitch"":71,""tie"":""none"",""voice_token"":""voice_0331f8""},{""duration_tick"":2,""onset_tick"":4,""pitch"":71,""tie"":""none"",""voice_token"":""voice_0331f8""},{""duration_tick"":2,""onset_tick"":6,""pitch"":67,""tie"":""none"",""voice_token"":""voice_0331f8""},{""duration_tick"":2,""onset_tick"":8,""pitch"":67,""tie"":""none"",""voice_token"":""voice_0331f8""}]}"
music_301e957484cea6,"{""events"":[{""duration_tick"":8,""onset_tick"":0,""pitch"":68,""tie"":""none"",""voice_token"":""voice_58b2be""},{""duration_tick"":2,""onset_tick"":8,""pitch"":68,""tie"":""none"",""voice_token"":""voice_58b2be""},{""duration_tick"":2,""onset_tick"":10,""pitch"":65,""tie"":""none"",""voice_token"":""voice_58b2be""},{""duration_tick"":4,""onset_tick"":12,""pitch"":70,""tie"":""none"",""voice_token"":""voice_58b2be""},{""duration_tick"":2,""onset_tick"":16,""pitch"":68,""tie"":""none"",""voice_token"":""voice_58b2be""},{""duration_tick"":2,""onset_tick"":18,""pitch"":70,""tie"":""start"",""voice_token"":""voice_58b2be""}]}"
music_51b2bc7e4858a6,"{""events"":[{""duration_tick"":2,""onset_tick"":0,""pitch"":71,""tie"":""none"",""voice_token"":""voice_adeebf""},{""duration_tick"":2,""onset_tick"":2,""pitch"":72,""tie"":""none"",""voice_token"":""voice_adeebf""},{""duration_tick"":3,""onset_tick"":4,""pitch"":74,""tie"":""none"",""voice_token"":""voice_adeebf""},{""duration_tick"":1,""onset_tick"":7,""pitch"":72,""tie"":""none"",""voice_token"":""voice_adeebf""},{""duration_tick"":2,""onset_tick"":8,""pitch"":71,""tie"":""none"",""voice_token"":""voice_adeebf""}]}"
music_7bd33174302602,"{""events"":[{""duration_tick"":4,""onset_tick"":0,""pitch"":59,""tie"":""none"",""voice_token"":""voice_bf2e2c""},{""duration_tick"":4,""onset_tick"":4,""pitch"":63,""tie"":""none"",""voice_token"":""voice_bf2e2c""},{""duration_tick"":4,""onset_tick"":8,""pitch"":63,""tie"":""none"",""voice_token"":""voice_bf2e2c""},{""duration_tick"":4,""onset_tick"":12,""pitch"":63,""tie"":""none"",""voice_token"":""voice_bf2e2c""}]}"
music_beb0f11bbeb16d,"{""events"":[{""duration_tick"":2,""onset_tick"":0,""pitch"":72,""tie"":""none"",""voice_token"":""voice_0331f8""},{""duration_tick"":2,""onset_tick"":2,""pitch"":67,""tie"":""none"",""voice_token"":""voice_0331f8""},{""duration_tick"":2,""onset_tick"":4,""pitch"":64,""tie"":""none"",""voice_token"":""voice_0331f8""},{""duration_tick"":6,""onset_tick"":6,""pitch"":62,""tie"":""none"",""voice_token"":""voice_0331f8""},{""duration_tick"":4,""onset_tick"":12,""pitch"":60,""tie"":""none"",""voice_token"":""voice_0331f8""},{""duration_tick"":2,""onset_tick"":16,""pitch"":60,""tie"":""none"",""voice_token"":""voice_0331f8""}]}"
music_70de12a55c2406,"{""events"":[{""duration_tick"":2,""onset_tick"":0,""pitch"":74,""tie"":""none"",""voice_token"":""voice_0331f8""},{""duration_tick"":4,""onset_tick"":2,""pitch"":76,""tie"":""none"",""voice_token"":""voice_0331f8""},{""duration_tick"":4,""onset_tick"":6,""pitch"":69,""tie"":""none"",""voice_token"":""voice_0331f8""},{""duration_tick"":1,""onset_tick"":10,""pitch"":67,""tie"":""none"",""voice_token"":""voice_0331f8""},{""duration_tick"":1,""onset_tick"":11,""pitch"":64,""tie"":""none"",""voice_token"":""voice_0331f8""},{""duration_tick"":2,""onset_tick"":12,""pitch"":64,""tie"":""none"",""voice_token"":""voice_0331f8""}]}"
music_a0dddd4e7395f7,"{""events"":[{""duration_tick"":4,""onset_tick"":0,""pitch"":62,""tie"":""none"",""voice_token"":""voice_bdd9b1""},{""duration_tick"":4,""onset_tick"":4,""pitch"":61,""tie"":""none"",""voice_token"":""voice_bdd9b1""},{""duration_tick"":4,""onset_tick"":8,""pitch"":59,""tie"":""none"",""voice_token"":""voice_bdd9b1""},{""duration_tick"":4,""onset_tick"":12,""pitch"":59,""tie"":""none"",""voice_token"":""voice_bdd9b1""},{""duration_tick"":4,""onset_tick"":16,""pitch"":61,""tie"":""none"",""voice_token"":""voice_bdd9b1""},{""duration_tick"":2,""onset_tick"":20,""pitch"":61,""tie"":""none"",""voice_token"":""voice_bdd9b1""},{""duration_tick"":2,""onset_tick"":22,""pitch"":59,""tie"":""none"",""voice_token"":""voice_bdd9b1""}]}"
music_f263c5df92e5a5,"{""events"":[{""duration_tick"":2,""onset_tick"":0,""pitch"":69,""tie"":""none"",""voice_token"":""voice_adeebf""},{""duration_tick"":4,""onset_tick"":2,""pitch"":69,""tie"":""none"",""voice_token"":""voice_adeebf""},{""duration_tick"":2,""onset_tick"":6,""pitch"":73,""tie"":""none"",""voice_token"":""voice_adeebf""},{""duration_tick"":6,""onset_tick"":8,""pitch"":76,""tie"":""none"",""voice_token"":""voice_adeebf""},{""duration_tick"":4,""onset_tick"":14,""pitch"":76,""tie"":""none"",""voice_token"":""voice_adeebf""},{""duration_tick"":2,""onset_tick"":18,""pitch"":74,""tie"":""none"",""voice_token"":""voice_adeebf""},{""duration_tick"":4,""onset_tick"":20,""pitch"":73,""tie"":""none"",""voice_token"":""voice_adeebf""}]}"
music_be07e4a80fdca2,"{""events"":[{""duration_tick"":4,""onset_tick"":0,""pitch"":75,""tie"":""stop"",""voice_token"":""voice_adeebf""},{""duration_tick"":4,""onset_tick"":4,""pitch"":75,""tie"":""none"",""voice_token"":""voice_adeebf""},{""duration_tick"":2,""onset_tick"":8,""pitch"":70,""tie"":""none"",""voice_token"":""voice_adeebf""},{""duration_tick"":4,""onset_tick"":10,""pitch"":65,""tie"":""none"",""voice_token"":""voice_adeebf""},{""duration_tick"":4,""onset_tick"":14,""pitch"":65,""tie"":""none"",""voice_token"":""voice_adeebf""},{""duration_tick"":2,""onset_tick"":18,""pitch"":65,""tie"":""none"",""voice_token"":""voice_adeebf""}]}"
music_cf0e9886e1c75a,"{""events"":[{""duration_tick"":2,""onset_tick"":0,""pitch"":74,""tie"":""none"",""voice_token"":""voice_adeebf""},{""duration_tick"":4,""onset_tick"":2,""pitch"":77,""tie"":""none"",""voice_token"":""voice_adeebf""},{""duration_tick"":2,""onset_tick"":6,""pitch"":74,""tie"":""none"",""voice_token"":""voice_adeebf""},{""duration_tick"":12,""onset_tick"":8,""pitch"":77,""tie"":""none"",""voice_token"":""voice_adeebf""},{""duration_tick"":3,""onset_tick"":20,""pitch"":76,""tie"":""none"",""voice_token"":""voice_adeebf""}]}"
music_ce3234fe83ca82,"{""events"":[{""duration_tick"":1,""onset_tick"":0,""pitch"":67,""tie"":""none"",""voice_token"":""voice_0331f8""},{""duration_tick"":1,""onset_tick"":1,""pitch"":64,""tie"":""none"",""voice_token"":""voice_0331f8""},{""duration_tick"":2,""onset_tick"":2,""pitch"":64,""tie"":""none"",""voice_token"":""voice_0331f8""},{""duration_tick"":2,""onset_tick"":4,""pitch"":67,""tie"":""none"",""voice_token"":""voice_0331f8""}]}"
music_126de07ca157ee,"{""events"":[{""duration_tick"":4,""onset_tick"":0,""pitch"":-1,""tie"":""none"",""voice_token"":""voice_bf2e2c""},{""duration_tick"":4,""onset_tick"":4,""pitch"":68,""tie"":""none"",""voice_token"":""voice_bf2e2c""},{""duration_tick"":4,""onset_tick"":8,""pitch"":71,""tie"":""none"",""voice_token"":""voice_bf2e2c""},{""duration_tick"":3,""onset_tick"":12,""pitch"":68,""tie"":""none"",""voice_token"":""voice_bf2e2c""},{""duration_tick"":1,""onset_tick"":15,""pitch"":66,""tie"":""none"",""voice_token"":""voice_bf2e2c""},{""duration_tick"":1,""onset_tick"":16,""pitch"":64,""tie"":""none"",""voice_token"":""voice_bf2e2c""}]}"
music_8192d855483296,"{""events"":[{""duration_tick"":8,""onset_tick"":0,""pitch"":72,""tie"":""none"",""voice_token"":""voice_bf2e2c""},{""duration_tick"":4,""onset_tick"":8,""pitch"":65,""tie"":""none"",""voice_token"":""voice_bf2e2c""},{""duration_tick"":2,""onset_tick"":12,""pitch"":65,""tie"":""none"",""voice_token"":""voice_bf2e2c""},{""duration_tick"":2,""onset_tick"":14,""pitch"":65,""tie"":""none"",""voice_token"":""voice_bf2e2c""},{""duration_tick"":6,""onset_tick"":16,""pitch"":70,""tie"":""none"",""voice_token"":""voice_bf2e2c""},{""duration_tick"":2,""onset_tick"":22,""pitch"":68,""tie"":""none"",""voice_token"":""voice_bf2e2c""}]}"
music_5f76685a5265e4,"{""events"":[{""duration_tick"":2,""onset_tick"":0,""pitch"":66,""tie"":""none"",""voice_token"":""voice_bf2e2c""},{""duration_tick"":2,""onset_tick"":2,""pitch"":69,""tie"":""none"",""voice_token"":""voice_bf2e2c""},{""duration_tick"":2,""onset_tick"":4,""pitch"":65,""tie"":""none"",""voice_token"":""voice_bf2e2c""},{""duration_tick"":2,""onset_tick"":6,""pitch"":69,""tie"":""none"",""voice_token"":""voice_bf2e2c""},{""duration_tick"":4,""onset_tick"":8,""pitch"":69,""tie"":""none"",""voice_token"":""voice_bf2e2c""},{""duration_tick"":2,""onset_tick"":12,""pitch"":69,""tie"":""none"",""voice_token"":""voice_bf2e2c""}]}"
music_ecd929bea5a005,"{""events"":[{""duration_tick"":2,""onset_tick"":0,""pitch"":73,""tie"":""none"",""voice_token"":""voice_adeebf""},{""duration_tick"":4,""onset_tick"":2,""pitch"":73,""tie"":""none"",""voice_token"":""voice_adeebf""},{""duration_tick"":4,""onset_tick"":6,""pitch"":78,""tie"":""none"",""voice_token"":""voice_adeebf""},{""duration_tick"":4,""onset_tick"":10,""pitch"":80,""tie"":""none"",""voice_token"":""voice_adeebf""},{""duration_tick"":4,""onset_tick"":14,""pitch"":80,""tie"":""none"",""voice_token"":""voice_adeebf""},{""duration_tick"":6,""onset_tick"":18,""pitch"":80,""tie"":""none"",""voice_token"":""voice_adeebf""},{""duration_tick"":2,""onset_tick"":24,""pitch"":80,""tie"":""none"",""voice_token"":""voice_adeebf""}]}"
music_099aa3f1ec4f6d,"{""events"":[{""duration_tick"":2,""onset_tick"":0,""pitch"":65,""tie"":""none"",""voice_token"":""voice_adeebf""},{""duration_tick"":2,""onset_tick"":2,""pitch"":64,""tie"":""none"",""voice_token"":""voice_adeebf""},{""duration_tick"":2,""onset_tick"":4,""pitch"":64,""tie"":""none"",""voice_token"":""voice_adeebf""},{""duration_tick"":4,""onset_tick"":6,""pitch"":65,""tie"":""none"",""voice_token"":""voice_adeebf""}]}"
music_15ac19fd7674a3,"{""events"":[{""duration_tick"":6,""onset_tick"":0,""pitch"":71,""tie"":""none"",""voice_token"":""voice_bf2e2c""},{""duration_tick"":4,""onset_tick"":6,""pitch"":71,""tie"":""none"",""voice_token"":""voice_bf2e2c""},{""duration_tick"":2,""onset_tick"":10,""pitch"":71,""tie"":""none"",""voice_token"":""voice_bf2e2c""},{""duration_tick"":4,""onset_tick"":12,""pitch"":71,""tie"":""none"",""voice_token"":""voice_bf2e2c""},{""duration_tick"":2,""onset_tick"":16,""pitch"":71,""tie"":""none"",""voice_token"":""voice_bf2e2c""},{""duration_tick"":6,""onset_tick"":18,""pitch"":73,""tie"":""start"",""voice_token"":""voice_bf2e2c""}]}"
music_3a5cc63b3e3ed6,"{""events"":[{""duration_tick"":3,""onset_tick"":0,""pitch"":80,""tie"":""none"",""voice_token"":""voice_0284f7""},{""duration_tick"":1,""onset_tick"":3,""pitch"":79,""tie"":""none"",""voice_token"":""voice_0284f7""},{""duration_tick"":4,""onset_tick"":4,""pitch"":79,""tie"":""none"",""voice_token"":""voice_0284f7""},{""duration_tick"":4,""onset_tick"":8,""pitch"":79,""tie"":""none"",""voice_token"":""voice_0284f7""},{""duration_tick"":2,""onset_tick"":12,""pitch"":80,""tie"":""none"",""voice_token"":""voice_0284f7""},{""duration_tick"":2,""onset_tick"":14,""pitch"":75,""tie"":""none"",""voice_token"":""voice_0284f7""}]}"
music_d1c33f9657c96c,"{""events"":[{""duration_tick"":4,""onset_tick"":0,""pitch"":-1,""tie"":""none"",""voice_token"":""voice_0331f8""},{""duration_tick"":2,""onset_tick"":4,""pitch"":73,""tie"":""none"",""voice_token"":""voice_0331f8""},{""duration_tick"":2,""onset_tick"":6,""pitch"":73,""tie"":""none"",""voice_token"":""voice_0331f8""},{""duration_tick"":4,""onset_tick"":8,""pitch"":74,""tie"":""none"",""voice_token"":""voice_0331f8""},{""duration_tick"":2,""onset_tick"":12,""pitch"":73,""tie"":""none"",""voice_token"":""voice_0331f8""},{""duration_tick"":2,""onset_tick"":14,""pitch"":73,""tie"":""none"",""voice_token"":""voice_0331f8""}]}"
music_2bfcbe9133b273,"{""events"":[{""duration_tick"":4,""onset_tick"":0,""pitch"":72,""tie"":""none"",""voice_token"":""voice_adeebf""},{""duration_tick"":4,""onset_tick"":4,""pitch"":70,""tie"":""none"",""voice_token"":""voice_adeebf""},{""duration_tick"":6,""onset_tick"":8,""pitch"":72,""tie"":""none"",""voice_token"":""voice_adeebf""},{""duration_tick"":2,""onset_tick"":14,""pitch"":67,""tie"":""none"",""voice_token"":""voice_adeebf""}]}"
music_f19124742d3328,"{""events"":[{""duration_tick"":4,""onset_tick"":0,""pitch"":-1,""tie"":""none"",""voice_token"":""voice_adeebf""},{""duration_tick"":4,""onset_tick"":4,""pitch"":73,""tie"":""none"",""voice_token"":""voice_adeebf""},{""duration_tick"":4,""onset_tick"":8,""pitch"":72,""tie"":""none"",""voice_token"":""voice_adeebf""},{""duration_tick"":4,""onset_tick"":12,""pitch"":73,""tie"":""none"",""voice_token"":""voice_adeebf""}]}"
music_7b5dcdc37527d1,"{""events"":[{""duration_tick"":2,""onset_tick"":0,""pitch"":67,""tie"":""none"",""voice_token"":""voice_bf2e2c""},{""duration_tick"":2,""onset_tick"":2,""pitch"":67,""tie"":""none"",""voice_token"":""voice_bf2e2c""},{""duration_tick"":2,""onset_tick"":4,""pitch"":69,""tie"":""none"",""voice_token"":""voice_bf2e2c""},{""duration_tick"":2,""onset_tick"":6,""pitch"":69,""tie"":""none"",""voice_token"":""voice_bf2e2c""}]}"
music_dfe4793c178c03,"{""events"":[{""duration_tick"":2,""onset_tick"":0,""pitch"":67,""tie"":""none"",""voice_token"":""voice_adeebf""},{""duration_tick"":6,""onset_tick"":2,""pitch"":67,""tie"":""none"",""voice_token"":""voice_adeebf""},{""duration_tick"":6,""onset_tick"":8,""pitch"":67,""tie"":""none"",""voice_token"":""voice_adeebf""},{""duration_tick"":6,""onset_tick"":14,""pitch"":67,""tie"":""none"",""voice_token"":""voice_adeebf""},{""duration_tick"":2,""onset_tick"":20,""pitch"":67,""tie"":""none"",""voice_token"":""voice_adeebf""},{""duration_tick"":6,""onset_tick"":22,""pitch"":62,""tie"":""none"",""voice_token"":""voice_adeebf""},{""duration_tick"":2,""onset_tick"":28,""pitch"":62,""tie"":""start"",""voice_token"":""voice_adeebf""}]}"
music_cb0c7dd6e72e8c,"{""events"":[{""duration_tick"":2,""onset_tick"":0,""pitch"":64,""tie"":""none"",""voice_token"":""voice_adeebf""},{""duration_tick"":6,""onset_tick"":2,""pitch"":64,""tie"":""none"",""voice_token"":""voice_adeebf""},{""duration_tick"":4,""onset_tick"":8,""pitch"":73,""tie"":""none"",""voice_token"":""voice_adeebf""},{""duration_tick"":2,""onset_tick"":12,""pitch"":73,""tie"":""none"",""voice_token"":""voice_adeebf""},{""duration_tick"":2,""onset_tick"":14,""pitch"":71,""tie"":""none"",""voice_token"":""voice_adeebf""},{""duration_tick"":2,""onset_tick"":16,""pitch"":71,""tie"":""none"",""voice_token"":""voice_adeebf""},{""duration_tick"":2,""onset_tick"":18,""pitch"":69,""tie"":""none"",""voice_token"":""voice_adeebf""}]}"
music_29cd300c6f94a8,"{""events"":[{""duration_tick"":1,""onset_tick"":0,""pitch"":67,""tie"":""none"",""voice_token"":""voice_adeebf""},{""duration_tick"":4,""onset_tick"":1,""pitch"":67,""tie"":""none"",""voice_token"":""voice_adeebf""},{""duration_tick"":2,""onset_tick"":5,""pitch"":64,""tie"":""none"",""voice_token"":""voice_adeebf""},{""duration_tick"":4,""onset_tick"":7,""pitch"":65,""tie"":""none"",""voice_token"":""voice_adeebf""},{""duration_tick"":2,""onset_tick"":11,""pitch"":65,""tie"":""none"",""voice_token"":""voice_adeebf""},{""duration_tick"":4,""onset_tick"":13,""pitch"":-1,""tie"":""none"",""voice_token"":""voice_adeebf""}]}"
music_d285c43c28ecbb,"{""events"":[{""duration_tick"":4,""onset_tick"":0,""pitch"":69,""tie"":""none"",""voice_token"":""voice_bf2e2c""},{""duration_tick"":4,""onset_tick"":4,""pitch"":66,""tie"":""none"",""voice_token"":""voice_bf2e2c""},{""duration_tick"":4,""onset_tick"":8,""pitch"":66,""tie"":""none"",""voice_token"":""voice_bf2e2c""},{""duration_tick"":4,""onset_tick"":12,""pitch"":64,""tie"":""none"",""voice_token"":""voice_bf2e2c""},{""duration_tick"":4,""onset_tick"":16,""pitch"":62,""tie"":""none"",""voice_token"":""voice_bf2e2c""},{""duration_tick"":8,""onset_tick"":20,""pitch"":62,""tie"":""none"",""voice_token"":""voice_bf2e2c""},{""duration_tick"":16,""onset_tick"":28,""pitch"":-1,""tie"":""none"",""voice_token"":""voice_bf2e2c""}]}"
music_953ee69f9a93c9,"{""events"":[{""duration_tick"":2,""onset_tick"":0,""pitch"":72,""tie"":""none"",""voice_token"":""voice_0331f8""},{""duration_tick"":4,""onset_tick"":2,""pitch"":70,""tie"":""none"",""voice_token"":""voice_0331f8""},{""duration_tick"":2,""onset_tick"":6,""pitch"":74,""tie"":""none"",""voice_token"":""voice_0331f8""},{""duration_tick"":4,""onset_tick"":8,""pitch"":72,""tie"":""none"",""voice_token"":""voice_0331f8""},{""duration_tick"":2,""onset_tick"":12,""pitch"":70,""tie"":""none"",""voice_token"":""voice_0331f8""},{""duration_tick"":2,""onset_tick"":14,""pitch"":74,""tie"":""none"",""voice_token"":""voice_0331f8""}]}"
music_21852f89488d54,"{""events"":[{""duration_tick"":1,""onset_tick"":0,""pitch"":66,""tie"":""none"",""voice_token"":""voice_7574bc""},{""duration_tick"":1,""onset_tick"":1,""pitch"":69,""tie"":""none"",""voice_token"":""voice_7574bc""},{""duration_tick"":1,""onset_tick"":2,""pitch"":69,""tie"":""none"",""voice_token"":""voice_7574bc""},{""duration_tick"":1,""onset_tick"":3,""pitch"":71,""tie"":""none"",""voice_token"":""voice_7574bc""}]}"
music_a55f0c7b122e73,"{""events"":[{""duration_tick"":1,""onset_tick"":0,""pitch"":74,""tie"":""none"",""voice_token"":""voice_bf2e2c""},{""duration_tick"":1,""onset_tick"":1,""pitch"":72,""tie"":""none"",""voice_token"":""voice_bf2e2c""},{""duration_tick"":1,""onset_tick"":2,""pitch"":70,""tie"":""none"",""voice_token"":""voice_bf2e2c""},{""duration_tick"":1,""onset_tick"":3,""pitch"":74,""tie"":""none"",""voice_token"":""voice_bf2e2c""}]}"
music_5f58caabf2a511,"{""events"":[{""duration_tick"":4,""onset_tick"":0,""pitch"":60,""tie"":""none"",""voice_token"":""voice_bdd9b1""},{""duration_tick"":16,""onset_tick"":4,""pitch"":62,""tie"":""none"",""voice_token"":""voice_bdd9b1""},{""duration_tick"":4,""onset_tick"":20,""pitch"":62,""tie"":""none"",""voice_token"":""voice_bdd9b1""},{""duration_tick"":4,""onset_tick"":24,""pitch"":65,""tie"":""none"",""voice_token"":""voice_bdd9b1""}]}"
music_985c24d8b71ed1,"{""events"":[{""duration_tick"":2,""onset_tick"":0,""pitch"":70,""tie"":""none"",""voice_token"":""voice_bf2e2c""},{""duration_tick"":1,""onset_tick"":2,""pitch"":68,""tie"":""none"",""voice_token"":""voice_bf2e2c""},{""duration_tick"":1,""onset_tick"":3,""pitch"":68,""tie"":""none"",""voice_token"":""voice_bf2e2c""},{""duration_tick"":1,""onset_tick"":4,""pitch"":68,""tie"":""none"",""voice_token"":""voice_bf2e2c""},{""duration_tick"":1,""onset_tick"":5,""pitch"":70,""tie"":""none"",""voice_token"":""voice_bf2e2c""}]}"
music_718d94ae198184,"{""events"":[{""duration_tick"":2,""onset_tick"":0,""pitch"":71,""tie"":""stop"",""voice_token"":""voice_698645""},{""duration_tick"":2,""onset_tick"":2,""pitch"":68,""tie"":""none"",""voice_token"":""voice_698645""},{""duration_tick"":4,""onset_tick"":4,""pitch"":68,""tie"":""none"",""voice_token"":""voice_698645""},{""duration_tick"":2,""onset_tick"":8,""pitch"":69,""tie"":""none"",""voice_token"":""voice_698645""},{""duration_tick"":2,""onset_tick"":10,""pitch"":68,""tie"":""none"",""voice_token"":""voice_698645""},{""duration_tick"":2,""onset_tick"":12,""pitch"":68,""tie"":""none"",""voice_token"":""voice_698645""}]}"
music_1a7a2a7718e1be,"{""events"":[{""duration_tick"":4,""onset_tick"":0,""pitch"":66,""tie"":""none"",""voice_token"":""voice_adeebf""},{""duration_tick"":2,""onset_tick"":4,""pitch"":65,""tie"":""none"",""voice_token"":""voice_adeebf""},{""duration_tick"":2,""onset_tick"":6,""pitch"":68,""tie"":""none"",""voice_token"":""voice_adeebf""},{""duration_tick"":8,""onset_tick"":8,""pitch"":73,""tie"":""none"",""voice_token"":""voice_adeebf""},{""duration_tick"":4,""onset_tick"":16,""pitch"":70,""tie"":""none"",""voice_token"":""voice_adeebf""},{""duration_tick"":2,""onset_tick"":20,""pitch"":67,""tie"":""none"",""voice_token"":""voice_adeebf""},{""duration_tick"":2,""onset_tick"":22,""pitch"":70,""tie"":""none"",""voice_token"":""voice_adeebf""}]}"
music_22aeafb180e47b,"{""events"":[{""duration_tick"":4,""onset_tick"":0,""pitch"":-1,""tie"":""none"",""voice_token"":""voice_0331f8""},{""duration_tick"":2,""onset_tick"":4,""pitch"":73,""tie"":""none"",""voice_token"":""voice_0331f8""},{""duration_tick"":2,""onset_tick"":6,""pitch"":73,""tie"":""none"",""voice_token"":""voice_0331f8""},{""duration_tick"":2,""onset_tick"":8,""pitch"":71,""tie"":""none"",""voice_token"":""voice_0331f8""},{""duration_tick"":2,""onset_tick"":10,""pitch"":71,""tie"":""none"",""voice_token"":""voice_0331f8""},{""duration_tick"":2,""onset_tick"":12,""pitch"":71,""tie"":""start"",""voice_token"":""voice_0331f8""}]}"
music_cabd77fad59420,"{""events"":[{""duration_tick"":4,""onset_tick"":0,""pitch"":65,""tie"":""none"",""voice_token"":""voice_0331f8""},{""duration_tick"":4,""onset_tick"":4,""pitch"":66,""tie"":""none"",""voice_token"":""voice_0331f8""},{""duration_tick"":4,""onset_tick"":8,""pitch"":69,""tie"":""none"",""voice_token"":""voice_0331f8""},{""duration_tick"":4,""onset_tick"":12,""pitch"":69,""tie"":""none"",""voice_token"":""voice_0331f8""},{""duration_tick"":4,""onset_tick"":16,""pitch"":69,""tie"":""none"",""voice_token"":""voice_0331f8""},{""duration_tick"":4,""onset_tick"":20,""pitch"":69,""tie"":""none"",""voice_token"":""voice_0331f8""},{""duration_tick"":4,""onset_tick"":24,""pitch"":69,""tie"":""none"",""voice_token"":""voice_0331f8""}]}"
music_38d8d89382b8c0,"{""events"":[{""duration_tick"":2,""onset_tick"":0,""pitch"":72,""tie"":""none"",""voice_token"":""voice_adeebf""},{""duration_tick"":4,""onset_tick"":2,""pitch"":72,""tie"":""none"",""voice_token"":""voice_adeebf""},{""duration_tick"":2,""onset_tick"":6,""pitch"":74,""tie"":""none"",""voice_token"":""voice_adeebf""},{""duration_tick"":4,""onset_tick"":8,""pitch"":72,""tie"":""none"",""voice_token"":""voice_adeebf""},{""duration_tick"":2,""onset_tick"":12,""pitch"":72,""tie"":""none"",""voice_token"":""voice_adeebf""},{""duration_tick"":4,""onset_tick"":14,""pitch"":72,""tie"":""none"",""voice_token"":""voice_adeebf""},{""duration_tick"":4,""onset_tick"":18,""pitch"":72,""tie"":""none"",""voice_token"":""voice_adeebf""}]}"
music_1c71574f8dde1e,"{""events"":[{""duration_tick"":4,""onset_tick"":0,""pitch"":65,""tie"":""none"",""voice_token"":""voice_0284f7""},{""duration_tick"":4,""onset_tick"":4,""pitch"":67,""tie"":""none"",""voice_token"":""voice_0284f7""},{""duration_tick"":4,""onset_tick"":8,""pitch"":69,""tie"":""none"",""voice_token"":""voice_0284f7""},{""duration_tick"":4,""onset_tick"":12,""pitch"":67,""tie"":""none"",""voice_token"":""voice_0284f7""}]}"
music_5db7d900ea920a,"{""events"":[{""duration_tick"":2,""onset_tick"":0,""pitch"":71,""tie"":""none"",""voice_token"":""voice_0331f8""},{""duration_tick"":6,""onset_tick"":2,""pitch"":71,""tie"":""none"",""voice_token"":""voice_0331f8""},{""duration_tick"":4,""onset_tick"":8,""pitch"":71,""tie"":""none"",""voice_token"":""voice_0331f8""},{""duration_tick"":4,""onset_tick"":12,""pitch"":71,""tie"":""none"",""voice_token"":""voice_0331f8""}]}"
music_6997de929b2c47,"{""events"":[{""duration_tick"":4,""onset_tick"":0,""pitch"":68,""tie"":""none"",""voice_token"":""voice_adeebf""},{""duration_tick"":16,""onset_tick"":4,""pitch"":73,""tie"":""none"",""voice_token"":""voice_adeebf""},{""duration_tick"":12,""onset_tick"":20,""pitch"":73,""tie"":""none"",""voice_token"":""voice_adeebf""},{""duration_tick"":4,""onset_tick"":32,""pitch"":73,""tie"":""none"",""voice_token"":""voice_adeebf""},{""duration_tick"":8,""onset_tick"":36,""pitch"":72,""tie"":""none"",""voice_token"":""voice_adeebf""}]}"
music_8fe6a146386bc8,"{""events"":[{""duration_tick"":2,""onset_tick"":0,""pitch"":67,""tie"":""none"",""voice_token"":""voice_0331f8""},{""duration_tick"":6,""onset_tick"":2,""pitch"":76,""tie"":""none"",""voice_token"":""voice_0331f8""},{""duration_tick"":6,""onset_tick"":8,""pitch"":75,""tie"":""none"",""voice_token"":""voice_0331f8""},{""duration_tick"":2,""onset_tick"":14,""pitch"":70,""tie"":""none"",""voice_token"":""voice_0331f8""},{""duration_tick"":2,""onset_tick"":16,""pitch"":68,""tie"":""none"",""voice_token"":""voice_0331f8""},{""duration_tick"":2,""onset_tick"":18,""pitch"":-1,""tie"":""none"",""voice_token"":""voice_0331f8""},{""duration_tick"":6,""onset_tick"":20,""pitch"":-1,""tie"":""none"",""voice_token"":""voice_0331f8""}]}"
music_02b7e2163841b5,"{""events"":[{""duration_tick"":8,""onset_tick"":0,""pitch"":59,""tie"":""none"",""voice_token"":""voice_bdd9b1""},{""duration_tick"":4,""onset_tick"":8,""pitch"":61,""tie"":""none"",""voice_token"":""voice_bdd9b1""},{""duration_tick"":4,""onset_tick"":12,""pitch"":63,""tie"":""none"",""voice_token"":""voice_bdd9b1""},{""duration_tick"":8,""onset_tick"":16,""pitch"":64,""tie"":""none"",""voice_token"":""voice_bdd9b1""}]}"
music_849c414e638097,"{""events"":[{""duration_tick"":2,""onset_tick"":0,""pitch"":68,""tie"":""none"",""voice_token"":""voice_adeebf""},{""duration_tick"":2,""onset_tick"":2,""pitch"":64,""tie"":""none"",""voice_token"":""voice_adeebf""},{""duration_tick"":2,""onset_tick"":4,""pitch"":68,""tie"":""none"",""voice_token"":""voice_adeebf""},{""duration_tick"":2,""onset_tick"":6,""pitch"":68,""tie"":""none"",""voice_token"":""voice_adeebf""},{""duration_tick"":2,""onset_tick"":8,""pitch"":70,""tie"":""none"",""voice_token"":""voice_adeebf""},{""duration_tick"":2,""onset_tick"":10,""pitch"":68,""tie"":""none"",""voice_token"":""voice_adeebf""},{""duration_tick"":2,""onset_tick"":12,""pitch"":68,""tie"":""none"",""voice_token"":""voice_adeebf""}]}"
music_833efd690499d4,"{""events"":[{""duration_tick"":2,""onset_tick"":0,""pitch"":76,""tie"":""none"",""voice_token"":""voice_e88425""},{""duration_tick"":2,""onset_tick"":2,""pitch"":71,""tie"":""none"",""voice_token"":""voice_e88425""},{""duration_tick"":1,""onset_tick"":4,""pitch"":66,""tie"":""none"",""voice_token"":""voice_e88425""},{""duration_tick"":1,""onset_tick"":5,""pitch"":69,""tie"":""none"",""voice_token"":""voice_e88425""},{""duration_tick"":1,""onset_tick"":6,""pitch"":66,""tie"":""none"",""voice_token"":""voice_e88425""}]}"
music_b0affdb2dbeb07,"{""events"":[{""duration_tick"":4,""onset_tick"":0,""pitch"":65,""tie"":""none"",""voice_token"":""voice_7574bc""},{""duration_tick"":4,""onset_tick"":4,""pitch"":65,""tie"":""none"",""voice_token"":""voice_7574bc""},{""duration_tick"":4,""onset_tick"":8,""pitch"":69,""tie"":""none"",""voice_token"":""voice_7574bc""},{""duration_tick"":8,""onset_tick"":12,""pitch"":65,""tie"":""none"",""voice_token"":""voice_7574bc""},{""duration_tick"":2,""onset_tick"":20,""pitch"":63,""tie"":""none"",""voice_token"":""voice_7574bc""}]}"
music_fed381fa791df1,"{""events"":[{""duration_tick"":16,""onset_tick"":0,""pitch"":-1,""tie"":""none"",""voice_token"":""voice_2d672c""},{""duration_tick"":4,""onset_tick"":16,""pitch"":72,""tie"":""none"",""voice_token"":""voice_2d672c""},{""duration_tick"":2,""onset_tick"":20,""pitch"":70,""tie"":""none"",""voice_token"":""voice_2d672c""},{""duration_tick"":4,""onset_tick"":22,""pitch"":68,""tie"":""none"",""voice_token"":""voice_2d672c""}]}"
music_812b08e4c940c2,"{""events"":[{""duration_tick"":4,""onset_tick"":0,""pitch"":66,""tie"":""none"",""voice_token"":""voice_bf2e2c""},{""duration_tick"":4,""onset_tick"":4,""pitch"":66,""tie"":""none"",""voice_token"":""voice_bf2e2c""},{""duration_tick"":4,""onset_tick"":8,""pitch"":65,""tie"":""none"",""voice_token"":""voice_bf2e2c""},{""duration_tick"":8,""onset_tick"":12,""pitch"":-1,""tie"":""none"",""voice_token"":""voice_bf2e2c""},{""duration_tick"":16,""onset_tick"":20,""pitch"":-1,""tie"":""none"",""voice_token"":""voice_bf2e2c""}]}"
music_0993f055903b09,"{""events"":[{""duration_tick"":4,""onset_tick"":0,""pitch"":72,""tie"":""none"",""voice_token"":""voice_adeebf""},{""duration_tick"":12,""onset_tick"":4,""pitch"":70,""tie"":""none"",""voice_token"":""voice_adeebf""},{""duration_tick"":4,""onset_tick"":16,""pitch"":70,""tie"":""none"",""voice_token"":""voice_adeebf""},{""duration_tick"":4,""onset_tick"":20,""pitch"":70,""tie"":""none"",""voice_token"":""voice_adeebf""},{""duration_tick"":4,""onset_tick"":24,""pitch"":70,""tie"":""none"",""voice_token"":""voice_adeebf""},{""duration_tick"":4,""onset_tick"":28,""pitch"":-1,""tie"":""none"",""voice_token"":""voice_adeebf""},{""duration_tick"":4,""onset_tick"":32,""pitch"":-1,""tie"":""none"",""voice_token"":""voice_adeebf""}]}"
music_a4f5ed32241883,"{""events"":[{""duration_tick"":1,""onset_tick"":0,""pitch"":63,""tie"":""none"",""voice_token"":""voice_bf2e2c""},{""duration_tick"":2,""onset_tick"":1,""pitch"":65,""tie"":""none"",""voice_token"":""voice_bf2e2c""},{""duration_tick"":1,""onset_tick"":3,""pitch"":67,""tie"":""none"",""voice_token"":""voice_bf2e2c""},{""duration_tick"":1,""onset_tick"":4,""pitch"":68,""tie"":""none"",""voice_token"":""voice_bf2e2c""}]}"
music_e1812655d90787,"{""events"":[{""duration_tick"":3,""onset_tick"":0,""pitch"":77,""tie"":""none"",""voice_token"":""voice_0284f7""},{""duration_tick"":4,""onset_tick"":3,""pitch"":72,""tie"":""none"",""voice_token"":""voice_0284f7""},{""duration_tick"":4,""onset_tick"":7,""pitch"":71,""tie"":""none"",""voice_token"":""voice_0284f7""},{""duration_tick"":8,""onset_tick"":11,""pitch"":70,""tie"":""none"",""voice_token"":""voice_0284f7""},{""duration_tick"":1,""onset_tick"":19,""pitch"":72,""tie"":""none"",""voice_token"":""voice_0284f7""},{""duration_tick"":8,""onset_tick"":20,""pitch"":74,""tie"":""none"",""voice_token"":""voice_0284f7""}]}"
music_e3747724c754ce,"{""events"":[{""duration_tick"":4,""onset_tick"":0,""pitch"":75,""tie"":""none"",""voice_token"":""voice_adeebf""},{""duration_tick"":4,""onset_tick"":4,""pitch"":73,""tie"":""none"",""voice_token"":""voice_adeebf""},{""duration_tick"":12,""onset_tick"":8,""pitch"":72,""tie"":""none"",""voice_token"":""voice_adeebf""},{""duration_tick"":4,""onset_tick"":20,""pitch"":72,""tie"":""none"",""voice_token"":""voice_adeebf""}]}"
music_ff5c9550ee1275,"{""events"":[{""duration_tick"":8,""onset_tick"":0,""pitch"":75,""tie"":""none"",""voice_token"":""voice_0c1db5""},{""duration_tick"":8,""onset_tick"":8,""pitch"":77,""tie"":""none"",""voice_token"":""voice_0c1db5""},{""duration_tick"":8,""onset_tick"":16,""pitch"":73,""tie"":""none"",""voice_token"":""voice_0c1db5""},{""duration_tick"":2,""onset_tick"":24,""pitch"":75,""tie"":""none"",""voice_token"":""voice_0c1db5""}]}"
music_0669044c62c320,"{""events"":[{""duration_tick"":4,""onset_tick"":0,""pitch"":-1,""tie"":""none"",""voice_token"":""voice_adeebf""},{""duration_tick"":2,""onset_tick"":4,""pitch"":-1,""tie"":""none"",""voice_token"":""voice_adeebf""},{""duration_tick"":6,""onset_tick"":6,""pitch"":-1,""tie"":""none"",""voice_token"":""voice_adeebf""},{""duration_tick"":4,""onset_tick"":12,""pitch"":-1,""tie"":""none"",""voice_token"":""voice_adeebf""},{""duration_tick"":2,""onset_tick"":16,""pitch"":72,""tie"":""none"",""voice_token"":""voice_adeebf""},{""duration_tick"":4,""onset_tick"":18,""pitch"":72,""tie"":""none"",""voice_token"":""voice_adeebf""},{""duration_tick"":2,""onset_tick"":22,""pitch"":72,""tie"":""none"",""voice_token"":""voice_adeebf""}]}"
music_9a07bb9805e444,"{""events"":[{""duration_tick"":2,""onset_tick"":0,""pitch"":66,""tie"":""none"",""voice_token"":""voice_bf2e2c""},{""duration_tick"":2,""onset_tick"":2,""pitch"":66,""tie"":""none"",""voice_token"":""voice_bf2e2c""},{""duration_tick"":2,""onset_tick"":4,""pitch"":67,""tie"":""none"",""voice_token"":""voice_bf2e2c""},{""duration_tick"":3,""onset_tick"":6,""pitch"":69,""tie"":""none"",""voice_token"":""voice_bf2e2c""},{""duration_tick"":1,""onset_tick"":9,""pitch"":64,""tie"":""none"",""voice_token"":""voice_bf2e2c""},{""duration_tick"":3,""onset_tick"":10,""pitch"":66,""tie"":""none"",""voice_token"":""voice_bf2e2c""},{""duration_tick"":1,""onset_tick"":13,""pitch"":67,""tie"":""none"",""voice_token"":""voice_bf2e2c""}]}"
music_d220ffa72fae72,"{""events"":[{""duration_tick"":4,""onset_tick"":0,""pitch"":73,""tie"":""none"",""voice_token"":""voice_0284f7""},{""duration_tick"":4,""onset_tick"":4,""pitch"":75,""tie"":""none"",""voice_token"":""voice_0284f7""},{""duration_tick"":4,""onset_tick"":8,""pitch"":75,""tie"":""none"",""voice_token"":""voice_0284f7""},{""duration_tick"":4,""onset_tick"":12,""pitch"":76,""tie"":""none"",""voice_token"":""voice_0284f7""},{""duration_tick"":2,""onset_tick"":16,""pitch"":76,""tie"":""none"",""voice_token"":""voice_0284f7""}]}"
music_c21402730a2d70,"{""events"":[{""duration_tick"":4,""onset_tick"":0,""pitch"":68,""tie"":""none"",""voice_token"":""voice_adeebf""},{""duration_tick"":4,""onset_tick"":4,""pitch"":73,""tie"":""none"",""voice_token"":""voice_adeebf""},{""duration_tick"":4,""onset_tick"":8,""pitch"":73,""tie"":""none"",""voice_token"":""voice_adeebf""},{""duration_tick"":2,""onset_tick"":12,""pitch"":71,""tie"":""none"",""voice_token"":""voice_adeebf""},{""duration_tick"":2,""onset_tick"":14,""pitch"":71,""tie"":""none"",""voice_token"":""voice_adeebf""}]}"
music_e4cfc3dac976e0,"{""events"":[{""duration_tick"":4,""onset_tick"":0,""pitch"":73,""tie"":""none"",""voice_token"":""voice_0284f7""},{""duration_tick"":2,""onset_tick"":4,""pitch"":73,""tie"":""none"",""voice_token"":""voice_0284f7""},{""duration_tick"":2,""onset_tick"":6,""pitch"":71,""tie"":""none"",""voice_token"":""voice_0284f7""},{""duration_tick"":2,""onset_tick"":8,""pitch"":68,""tie"":""none"",""voice_token"":""voice_0284f7""},{""duration_tick"":2,""onset_tick"":10,""pitch"":71,""tie"":""none"",""voice_token"":""voice_0284f7""},{""duration_tick"":4,""onset_tick"":12,""pitch"":69,""tie"":""none"",""voice_token"":""voice_0284f7""}]}"
music_f9237930ac4b04,"{""events"":[{""duration_tick"":1,""onset_tick"":0,""pitch"":71,""tie"":""none"",""voice_token"":""voice_adeebf""},{""duration_tick"":2,""onset_tick"":1,""pitch"":74,""tie"":""none"",""voice_token"":""voice_adeebf""},{""duration_tick"":2,""onset_tick"":3,""pitch"":73,""tie"":""none"",""voice_token"":""voice_adeebf""},{""duration_tick"":2,""onset_tick"":5,""pitch"":68,""tie"":""none"",""voice_token"":""voice_adeebf""},{""duration_tick"":2,""onset_tick"":7,""pitch"":67,""tie"":""none"",""voice_token"":""voice_adeebf""},{""duration_tick"":2,""onset_tick"":9,""pitch"":75,""tie"":""none"",""voice_token"":""voice_adeebf""}]}"
music_4ebb9407de8a11,"{""events"":[{""duration_tick"":4,""onset_tick"":0,""pitch"":78,""tie"":""none"",""voice_token"":""voice_bf2e2c""},{""duration_tick"":2,""onset_tick"":4,""pitch"":76,""tie"":""none"",""voice_token"":""voice_bf2e2c""},{""duration_tick"":4,""onset_tick"":6,""pitch"":74,""tie"":""none"",""voice_token"":""voice_bf2e2c""},{""duration_tick"":2,""onset_tick"":10,""pitch"":72,""tie"":""none"",""voice_token"":""voice_bf2e2c""},{""duration_tick"":2,""onset_tick"":12,""pitch"":71,""tie"":""none"",""voice_token"":""voice_bf2e2c""},{""duration_tick"":2,""onset_tick"":14,""pitch"":69,""tie"":""none"",""voice_token"":""voice_bf2e2c""}]}"
music_88304c932b2435,"{""events"":[{""duration_tick"":2,""onset_tick"":0,""pitch"":-1,""tie"":""none"",""voice_token"":""voice_adeebf""},{""duration_tick"":2,""onset_tick"":2,""pitch"":66,""tie"":""none"",""voice_token"":""voice_adeebf""},{""duration_tick"":2,""onset_tick"":4,""pitch"":69,""tie"":""none"",""voice_token"":""voice_adeebf""},{""duration_tick"":2,""onset_tick"":6,""pitch"":68,""tie"":""none"",""voice_token"":""voice_adeebf""},{""duration_tick"":2,""onset_tick"":8,""pitch"":69,""tie"":""none"",""voice_token"":""voice_adeebf""},{""duration_tick"":1,""onset_tick"":10,""pitch"":73,""tie"":""none"",""voice_token"":""voice_adeebf""},{""duration_tick"":1,""onset_tick"":11,""pitch"":75,""tie"":""none"",""voice_token"":""voice_adeebf""}]}"
music_17530b7dd07788,"{""events"":[{""duration_tick"":2,""onset_tick"":0,""pitch"":72,""tie"":""none"",""voice_token"":""voice_0284f7""},{""duration_tick"":6,""onset_tick"":2,""pitch"":71,""tie"":""none"",""voice_token"":""voice_0284f7""},{""duration_tick"":6,""onset_tick"":8,""pitch"":72,""tie"":""none"",""voice_token"":""voice_0284f7""},{""duration_tick"":6,""onset_tick"":14,""pitch"":72,""tie"":""none"",""voice_token"":""voice_0284f7""},{""duration_tick"":2,""onset_tick"":20,""pitch"":70,""tie"":""none"",""voice_token"":""voice_0284f7""},{""duration_tick"":2,""onset_tick"":22,""pitch"":68,""tie"":""none"",""voice_token"":""voice_0284f7""},{""duration_tick"":2,""onset_tick"":24,""pitch"":70,""tie"":""none"",""voice_token"":""voice_0284f7""}]}"
music_d47e19a9345671,"{""events"":[{""duration_tick"":2,""onset_tick"":0,""pitch"":74,""tie"":""none"",""voice_token"":""voice_adeebf""},{""duration_tick"":12,""onset_tick"":2,""pitch"":74,""tie"":""none"",""voice_token"":""voice_adeebf""},{""duration_tick"":4,""onset_tick"":14,""pitch"":72,""tie"":""none"",""voice_token"":""voice_adeebf""},{""duration_tick"":2,""onset_tick"":18,""pitch"":67,""tie"":""none"",""voice_token"":""voice_adeebf""},{""duration_tick"":2,""onset_tick"":20,""pitch"":69,""tie"":""none"",""voice_token"":""voice_adeebf""},{""duration_tick"":4,""onset_tick"":22,""pitch"":70,""tie"":""none"",""voice_token"":""voice_adeebf""},{""duration_tick"":4,""onset_tick"":26,""pitch"":70,""tie"":""none"",""voice_token"":""voice_adeebf""}]}"
music_ba87a6a815868c,"{""events"":[{""duration_tick"":4,""onset_tick"":0,""pitch"":71,""tie"":""none"",""voice_token"":""voice_bf2e2c""},{""duration_tick"":4,""onset_tick"":4,""pitch"":71,""tie"":""none"",""voice_token"":""voice_bf2e2c""},{""duration_tick"":4,""onset_tick"":8,""pitch"":71,""tie"":""none"",""voice_token"":""voice_bf2e2c""},{""duration_tick"":2,""onset_tick"":12,""pitch"":71,""tie"":""none"",""voice_token"":""voice_bf2e2c""},{""duration_tick"":2,""onset_tick"":14,""pitch"":71,""tie"":""none"",""voice_token"":""voice_bf2e2c""}]}"
music_726cab0fa581d9,"{""events"":[{""duration_tick"":4,""onset_tick"":0,""pitch"":64,""tie"":""none"",""voice_token"":""voice_adeebf""},{""duration_tick"":2,""onset_tick"":4,""pitch"":64,""tie"":""none"",""voice_token"":""voice_adeebf""},{""duration_tick"":2,""onset_tick"":6,""pitch"":66,""tie"":""none"",""voice_token"":""voice_adeebf""},{""duration_tick"":2,""onset_tick"":8,""pitch"":64,""tie"":""none"",""voice_token"":""voice_adeebf""},{""duration_tick"":2,""onset_tick"":10,""pitch"":66,""tie"":""none"",""voice_token"":""voice_adeebf""},{""duration_tick"":3,""onset_tick"":12,""pitch"":64,""tie"":""none"",""voice_token"":""voice_adeebf""}]}"
music_544380d60c8df9,"{""events"":[{""duration_tick"":2,""onset_tick"":0,""pitch"":69,""tie"":""none"",""voice_token"":""voice_adeebf""},{""duration_tick"":2,""onset_tick"":2,""pitch"":69,""tie"":""none"",""voice_token"":""voice_adeebf""},{""duration_tick"":2,""onset_tick"":4,""pitch"":71,""tie"":""none"",""voice_token"":""voice_adeebf""},{""duration_tick"":2,""onset_tick"":6,""pitch"":71,""tie"":""none"",""voice_token"":""voice_adeebf""},{""duration_tick"":2,""onset_tick"":8,""pitch"":71,""tie"":""none"",""voice_token"":""voice_adeebf""}]}"
music_cc18630fc65677,"{""events"":[{""duration_tick"":4,""onset_tick"":0,""pitch"":69,""tie"":""none"",""voice_token"":""voice_bf2e2c""},{""duration_tick"":12,""onset_tick"":4,""pitch"":69,""tie"":""none"",""voice_token"":""voice_bf2e2c""},{""duration_tick"":6,""onset_tick"":16,""pitch"":69,""tie"":""none"",""voice_token"":""voice_bf2e2c""},{""duration_tick"":2,""onset_tick"":22,""pitch"":67,""tie"":""none"",""voice_token"":""voice_bf2e2c""},{""duration_tick"":2,""onset_tick"":24,""pitch"":69,""tie"":""none"",""voice_token"":""voice_bf2e2c""},{""duration_tick"":2,""onset_tick"":26,""pitch"":66,""tie"":""none"",""voice_token"":""voice_bf2e2c""},{""duration_tick"":2,""onset_tick"":28,""pitch"":69,""tie"":""none"",""voice_token"":""voice_bf2e2c""}]}"
music_b385f872cd6e8d,"{""events"":[{""duration_tick"":2,""onset_tick"":0,""pitch"":66,""tie"":""none"",""voice_token"":""voice_bf2e2c""},{""duration_tick"":2,""onset_tick"":2,""pitch"":66,""tie"":""none"",""voice_token"":""voice_bf2e2c""},{""duration_tick"":4,""onset_tick"":4,""pitch"":68,""tie"":""none"",""voice_token"":""voice_bf2e2c""},{""duration_tick"":4,""onset_tick"":8,""pitch"":68,""tie"":""none"",""voice_token"":""voice_bf2e2c""},{""duration_tick"":2,""onset_tick"":12,""pitch"":71,""tie"":""none"",""voice_token"":""voice_bf2e2c""},{""duration_tick"":2,""onset_tick"":14,""pitch"":71,""tie"":""none"",""voice_token"":""voice_bf2e2c""}]}"
music_4586b727c77fe2,"{""events"":[{""duration_tick"":2,""onset_tick"":0,""pitch"":69,""tie"":""none"",""voice_token"":""voice_0331f8""},{""duration_tick"":8,""onset_tick"":2,""pitch"":67,""tie"":""none"",""voice_token"":""voice_0331f8""},{""duration_tick"":8,""onset_tick"":10,""pitch"":66,""tie"":""none"",""voice_token"":""voice_0331f8""},{""duration_tick"":4,""onset_tick"":18,""pitch"":69,""tie"":""none"",""voice_token"":""voice_0331f8""},{""duration_tick"":4,""onset_tick"":22,""pitch"":69,""tie"":""none"",""voice_token"":""voice_0331f8""},{""duration_tick"":3,""onset_tick"":26,""pitch"":71,""tie"":""none"",""voice_token"":""voice_0331f8""}]}"
music_bec1adbc1759bb,"{""events"":[{""duration_tick"":2,""onset_tick"":0,""pitch"":69,""tie"":""stop"",""voice_token"":""voice_adeebf""},{""duration_tick"":4,""onset_tick"":2,""pitch"":71,""tie"":""none"",""voice_token"":""voice_adeebf""},{""duration_tick"":2,""onset_tick"":6,""pitch"":72,""tie"":""none"",""voice_token"":""voice_adeebf""},{""duration_tick"":4,""onset_tick"":8,""pitch"":71,""tie"":""none"",""voice_token"":""voice_adeebf""},{""duration_tick"":2,""onset_tick"":12,""pitch"":69,""tie"":""none"",""voice_token"":""voice_adeebf""},{""duration_tick"":4,""onset_tick"":14,""pitch"":64,""tie"":""none"",""voice_token"":""voice_adeebf""}]}"
music_4854404f3f4533,"{""events"":[{""duration_tick"":4,""onset_tick"":0,""pitch"":64,""tie"":""none"",""voice_token"":""voice_bdd9b1""},{""duration_tick"":4,""onset_tick"":4,""pitch"":62,""tie"":""none"",""voice_token"":""voice_bdd9b1""},{""duration_tick"":4,""onset_tick"":8,""pitch"":60,""tie"":""none"",""voice_token"":""voice_bdd9b1""},{""duration_tick"":16,""onset_tick"":12,""pitch"":59,""tie"":""start"",""voice_token"":""voice_bdd9b1""}]}"
music_f1ee89cdd047df,"{""events"":[{""duration_tick"":6,""onset_tick"":0,""pitch"":67,""tie"":""none"",""voice_token"":""voice_bf2e2c""},{""duration_tick"":2,""onset_tick"":6,""pitch"":69,""tie"":""none"",""voice_token"":""voice_bf2e2c""},{""duration_tick"":8,""onset_tick"":8,""pitch"":67,""tie"":""none"",""voice_token"":""voice_bf2e2c""},{""duration_tick"":4,""onset_tick"":16,""pitch"":69,""tie"":""none"",""voice_token"":""voice_bf2e2c""},{""duration_tick"":2,""onset_tick"":20,""pitch"":71,""tie"":""none"",""voice_token"":""voice_bf2e2c""},{""duration_tick"":1,""onset_tick"":22,""pitch"":71,""tie"":""none"",""voice_token"":""voice_bf2e2c""}]}"
music_84a24830b001cb,"{""events"":[{""duration_tick"":1,""onset_tick"":0,""pitch"":67,""tie"":""none"",""voice_token"":""voice_0331f8""},{""duration_tick"":4,""onset_tick"":1,""pitch"":67,""tie"":""none"",""voice_token"":""voice_0331f8""},{""duration_tick"":4,""onset_tick"":5,""pitch"":66,""tie"":""none"",""voice_token"":""voice_0331f8""},{""duration_tick"":4,""onset_tick"":9,""pitch"":67,""tie"":""none"",""voice_token"":""voice_0331f8""},{""duration_tick"":4,""onset_tick"":13,""pitch"":-1,""tie"":""none"",""voice_token"":""voice_0331f8""},{""duration_tick"":4,""onset_tick"":17,""pitch"":-1,""tie"":""none"",""voice_token"":""voice_0331f8""},{""duration_tick"":4,""onset_tick"":21,""pitch"":-1,""tie"":""none"",""voice_token"":""voice_0331f8""}]}"
music_d0900a4fad945f,"{""events"":[{""duration_tick"":4,""onset_tick"":0,""pitch"":74,""tie"":""none"",""voice_token"":""voice_adeebf""},{""duration_tick"":2,""onset_tick"":4,""pitch"":74,""tie"":""none"",""voice_token"":""voice_adeebf""},{""duration_tick"":4,""onset_tick"":6,""pitch"":73,""tie"":""none"",""voice_token"":""voice_adeebf""},{""duration_tick"":2,""onset_tick"":10,""pitch"":73,""tie"":""none"",""voice_token"":""voice_adeebf""},{""duration_tick"":4,""onset_tick"":12,""pitch"":73,""tie"":""none"",""voice_token"":""voice_adeebf""},{""duration_tick"":2,""onset_tick"":16,""pitch"":71,""tie"":""none"",""voice_token"":""voice_adeebf""}]}"
music_1dfaba89b4e042,"{""events"":[{""duration_tick"":4,""onset_tick"":0,""pitch"":71,""tie"":""none"",""voice_token"":""voice_0331f8""},{""duration_tick"":2,""onset_tick"":4,""pitch"":71,""tie"":""none"",""voice_token"":""voice_0331f8""},{""duration_tick"":2,""onset_tick"":6,""pitch"":71,""tie"":""none"",""voice_token"":""voice_0331f8""},{""duration_tick"":4,""onset_tick"":8,""pitch"":71,""tie"":""none"",""voice_token"":""voice_0331f8""}]}"
music_a4fd24a95a1c68,"{""events"":[{""duration_tick"":2,""onset_tick"":0,""pitch"":73,""tie"":""none"",""voice_token"":""voice_0331f8""},{""duration_tick"":4,""onset_tick"":2,""pitch"":68,""tie"":""none"",""voice_token"":""voice_0331f8""},{""duration_tick"":8,""onset_tick"":6,""pitch"":76,""tie"":""none"",""voice_token"":""voice_0331f8""},{""duration_tick"":4,""onset_tick"":14,""pitch"":75,""tie"":""none"",""voice_token"":""voice_0331f8""},{""duration_tick"":2,""onset_tick"":18,""pitch"":75,""tie"":""none"",""voice_token"":""voice_0331f8""},{""duration_tick"":2,""onset_tick"":20,""pitch"":74,""tie"":""none"",""voice_token"":""voice_0331f8""}]}"
music_57cf673ff95999,"{""events"":[{""duration_tick"":6,""onset_tick"":0,""pitch"":69,""tie"":""none"",""voice_token"":""voice_58b2be""},{""duration_tick"":2,""onset_tick"":6,""pitch"":65,""tie"":""none"",""voice_token"":""voice_58b2be""},{""duration_tick"":4,""onset_tick"":8,""pitch"":69,""tie"":""none"",""voice_token"":""voice_58b2be""},{""duration_tick"":4,""onset_tick"":12,""pitch"":70,""tie"":""none"",""voice_token"":""voice_58b2be""},{""duration_tick"":2,""onset_tick"":16,""pitch"":65,""tie"":""none"",""voice_token"":""voice_58b2be""},{""duration_tick"":2,""onset_tick"":18,""pitch"":62,""tie"":""none"",""voice_token"":""voice_58b2be""},{""duration_tick"":3,""onset_tick"":20,""pitch"":63,""tie"":""none"",""voice_token"":""voice_58b2be""}]}"
music_addbd4fbe279e7,"{""events"":[{""duration_tick"":4,""onset_tick"":0,""pitch"":73,""tie"":""none"",""voice_token"":""voice_bf2e2c""},{""duration_tick"":4,""onset_tick"":4,""pitch"":73,""tie"":""none"",""voice_token"":""voice_bf2e2c""},{""duration_tick"":4,""onset_tick"":8,""pitch"":73,""tie"":""none"",""voice_token"":""voice_bf2e2c""},{""duration_tick"":4,""onset_tick"":12,""pitch"":72,""tie"":""none"",""voice_token"":""voice_bf2e2c""},{""duration_tick"":16,""onset_tick"":16,""pitch"":70,""tie"":""none"",""voice_token"":""voice_bf2e2c""},{""duration_tick"":4,""onset_tick"":32,""pitch"":73,""tie"":""none"",""voice_token"":""voice_bf2e2c""},{""duration_tick"":4,""onset_tick"":36,""pitch"":73,""tie"":""start"",""voice_token"":""voice_bf2e2c""}]}"
music_66665114c216a6,"{""events"":[{""duration_tick"":12,""onset_tick"":0,""pitch"":70,""tie"":""none"",""voice_token"":""voice_bf2e2c""},{""duration_tick"":4,""onset_tick"":12,""pitch"":68,""tie"":""none"",""voice_token"":""voice_bf2e2c""},{""duration_tick"":4,""onset_tick"":16,""pitch"":67,""tie"":""none"",""voice_token"":""voice_bf2e2c""},{""duration_tick"":4,""onset_tick"":20,""pitch"":65,""tie"":""none"",""voice_token"":""voice_bf2e2c""},{""duration_tick"":12,""onset_tick"":24,""pitch"":75,""tie"":""none"",""voice_token"":""voice_bf2e2c""},{""duration_tick"":4,""onset_tick"":36,""pitch"":72,""tie"":""none"",""voice_token"":""voice_bf2e2c""}]}"
music_30ac8d103e067f,"{""events"":[{""duration_tick"":8,""onset_tick"":0,""pitch"":74,""tie"":""none"",""voice_token"":""voice_0331f8""},{""duration_tick"":4,""onset_tick"":8,""pitch"":74,""tie"":""none"",""voice_token"":""voice_0331f8""},{""duration_tick"":4,""onset_tick"":12,""pitch"":74,""tie"":""none"",""voice_token"":""voice_0331f8""},{""duration_tick"":4,""onset_tick"":16,""pitch"":74,""tie"":""none"",""voice_token"":""voice_0331f8""},{""duration_tick"":4,""onset_tick"":20,""pitch"":74,""tie"":""none"",""voice_token"":""voice_0331f8""},{""duration_tick"":2,""onset_tick"":24,""pitch"":74,""tie"":""none"",""voice_token"":""voice_0331f8""},{""duration_tick"":2,""onset_tick"":26,""pitch"":74,""tie"":""start"",""voice_token"":""voice_0331f8""}]}"
music_4efc834da809a4,"{""events"":[{""duration_tick"":2,""onset_tick"":0,""pitch"":72,""tie"":""none"",""voice_token"":""voice_bf2e2c""},{""duration_tick"":2,""onset_tick"":2,""pitch"":73,""tie"":""none"",""voice_token"":""voice_bf2e2c""},{""duration_tick"":2,""onset_tick"":4,""pitch"":72,""tie"":""none"",""voice_token"":""voice_bf2e2c""},{""duration_tick"":2,""onset_tick"":6,""pitch"":77,""tie"":""none"",""voice_token"":""voice_bf2e2c""},{""duration_tick"":2,""onset_tick"":8,""pitch"":75,""tie"":""none"",""voice_token"":""voice_bf2e2c""}]}"
music_eb44c6929d8b35,"{""events"":[{""duration_tick"":2,""onset_tick"":0,""pitch"":66,""tie"":""none"",""voice_token"":""voice_adeebf""},{""duration_tick"":2,""onset_tick"":2,""pitch"":66,""tie"":""none"",""voice_token"":""voice_adeebf""},{""duration_tick"":2,""onset_tick"":4,""pitch"":66,""tie"":""none"",""voice_token"":""voice_adeebf""},{""duration_tick"":2,""onset_tick"":6,""pitch"":71,""tie"":""none"",""voice_token"":""voice_adeebf""},{""duration_tick"":2,""onset_tick"":8,""pitch"":71,""tie"":""none"",""voice_token"":""voice_adeebf""}]}"
music_c21c5f20eec1c2,"{""events"":[{""duration_tick"":3,""onset_tick"":0,""pitch"":70,""tie"":""none"",""voice_token"":""voice_adeebf""},{""duration_tick"":1,""onset_tick"":3,""pitch"":70,""tie"":""none"",""voice_token"":""voice_adeebf""},{""duration_tick"":4,""onset_tick"":4,""pitch"":75,""tie"":""none"",""voice_token"":""voice_adeebf""},{""duration_tick"":1,""onset_tick"":8,""pitch"":75,""tie"":""none"",""voice_token"":""voice_adeebf""},{""duration_tick"":2,""onset_tick"":9,""pitch"":70,""tie"":""none"",""voice_token"":""voice_adeebf""},{""duration_tick"":1,""onset_tick"":11,""pitch"":70,""tie"":""none"",""voice_token"":""voice_adeebf""}]}"
music_2976327c043f09,"{""events"":[{""duration_tick"":2,""onset_tick"":0,""pitch"":77,""tie"":""none"",""voice_token"":""voice_bf2e2c""},{""duration_tick"":2,""onset_tick"":2,""pitch"":74,""tie"":""none"",""voice_token"":""voice_bf2e2c""},{""duration_tick"":3,""onset_tick"":4,""pitch"":72,""tie"":""none"",""voice_token"":""voice_bf2e2c""},{""duration_tick"":1,""onset_tick"":7,""pitch"":72,""tie"":""none"",""voice_token"":""voice_bf2e2c""}]}"
music_31c90c58ced019,"{""events"":[{""duration_tick"":2,""onset_tick"":0,""pitch"":68,""tie"":""none"",""voice_token"":""voice_0331f8""},{""duration_tick"":4,""onset_tick"":2,""pitch"":65,""tie"":""none"",""voice_token"":""voice_0331f8""},{""duration_tick"":2,""onset_tick"":6,""pitch"":67,""tie"":""none"",""voice_token"":""voice_0331f8""},{""duration_tick"":2,""onset_tick"":8,""pitch"":68,""tie"":""none"",""voice_token"":""voice_0331f8""},{""duration_tick"":2,""onset_tick"":10,""pitch"":65,""tie"":""none"",""voice_token"":""voice_0331f8""}]}"
music_e4d9796ff09b90,"{""events"":[{""duration_tick"":4,""onset_tick"":0,""pitch"":68,""tie"":""none"",""voice_token"":""voice_adeebf""},{""duration_tick"":4,""onset_tick"":4,""pitch"":67,""tie"":""none"",""voice_token"":""voice_adeebf""},{""duration_tick"":8,""onset_tick"":8,""pitch"":68,""tie"":""none"",""voice_token"":""voice_adeebf""},{""duration_tick"":4,""onset_tick"":16,""pitch"":68,""tie"":""none"",""voice_token"":""voice_adeebf""},{""duration_tick"":4,""onset_tick"":20,""pitch"":75,""tie"":""start"",""voice_token"":""voice_adeebf""}]}"
music_0f67f8c706c08a,"{""events"":[{""duration_tick"":2,""onset_tick"":0,""pitch"":65,""tie"":""none"",""voice_token"":""voice_0284f7""},{""duration_tick"":2,""onset_tick"":2,""pitch"":67,""tie"":""none"",""voice_token"":""voice_0284f7""},{""duration_tick"":2,""onset_tick"":4,""pitch"":67,""tie"":""none"",""voice_token"":""voice_0284f7""},{""duration_tick"":2,""onset_tick"":6,""pitch"":72,""tie"":""none"",""voice_token"":""voice_0284f7""},{""duration_tick"":6,""onset_tick"":8,""pitch"":72,""tie"":""none"",""voice_token"":""voice_0284f7""},{""duration_tick"":2,""onset_tick"":14,""pitch"":70,""tie"":""none"",""voice_token"":""voice_0284f7""}]}"
music_f878adb630137a,"{""events"":[{""duration_tick"":4,""onset_tick"":0,""pitch"":74,""tie"":""none"",""voice_token"":""voice_adeebf""},{""duration_tick"":2,""onset_tick"":4,""pitch"":73,""tie"":""none"",""voice_token"":""voice_adeebf""},{""duration_tick"":6,""onset_tick"":6,""pitch"":74,""tie"":""none"",""voice_token"":""voice_adeebf""},{""duration_tick"":4,""onset_tick"":12,""pitch"":-1,""tie"":""none"",""voice_token"":""voice_adeebf""},{""duration_tick"":2,""onset_tick"":16,""pitch"":-1,""tie"":""none"",""voice_token"":""voice_adeebf""},{""duration_tick"":12,""onset_tick"":18,""pitch"":-1,""tie"":""none"",""voice_token"":""voice_adeebf""},{""duration_tick"":12,""onset_tick"":30,""pitch"":-1,""tie"":""none"",""voice_token"":""voice_adeebf""}]}"
music_af26ae4cfe9532,"{""events"":[{""duration_tick"":1,""onset_tick"":0,""pitch"":69,""tie"":""none"",""voice_token"":""voice_adeebf""},{""duration_tick"":2,""onset_tick"":1,""pitch"":69,""tie"":""none"",""voice_token"":""voice_adeebf""},{""duration_tick"":3,""onset_tick"":3,""pitch"":70,""tie"":""none"",""voice_token"":""voice_adeebf""},{""duration_tick"":1,""onset_tick"":6,""pitch"":70,""tie"":""none"",""voice_token"":""voice_adeebf""},{""duration_tick"":3,""onset_tick"":7,""pitch"":69,""tie"":""none"",""voice_token"":""voice_adeebf""},{""duration_tick"":1,""onset_tick"":10,""pitch"":69,""tie"":""none"",""voice_token"":""voice_adeebf""},{""duration_tick"":4,""onset_tick"":11,""pitch"":67,""tie"":""none"",""voice_token"":""voice_adeebf""}]}"
music_39e061f1e0efcd,"{""events"":[{""duration_tick"":4,""onset_tick"":0,""pitch"":78,""tie"":""none"",""voice_token"":""voice_adeebf""},{""duration_tick"":4,""onset_tick"":4,""pitch"":75,""tie"":""none"",""voice_token"":""voice_adeebf""},{""duration_tick"":4,""onset_tick"":8,""pitch"":75,""tie"":""none"",""voice_token"":""voice_adeebf""},{""duration_tick"":4,""onset_tick"":12,""pitch"":75,""tie"":""none"",""voice_token"":""voice_adeebf""}]}"
music_2a7a5cecc5c427,"{""events"":[{""duration_tick"":4,""onset_tick"":0,""pitch"":74,""tie"":""none"",""voice_token"":""voice_bf2e2c""},{""duration_tick"":2,""onset_tick"":4,""pitch"":74,""tie"":""none"",""voice_token"":""voice_bf2e2c""},{""duration_tick"":6,""onset_tick"":6,""pitch"":74,""tie"":""none"",""voice_token"":""voice_bf2e2c""},{""duration_tick"":4,""onset_tick"":12,""pitch"":70,""tie"":""none"",""voice_token"":""voice_bf2e2c""},{""duration_tick"":2,""onset_tick"":16,""pitch"":69,""tie"":""none"",""voice_token"":""voice_bf2e2c""},{""duration_tick"":3,""onset_tick"":18,""pitch"":74,""tie"":""none"",""voice_token"":""voice_bf2e2c""},{""duration_tick"":1,""onset_tick"":21,""pitch"":74,""tie"":""none"",""voice_token"":""voice_bf2e2c""}]}"
music_d273edd5c1bdf1,"{""events"":[{""duration_tick"":2,""onset_tick"":0,""pitch"":61,""tie"":""none"",""voice_token"":""voice_adeebf""},{""duration_tick"":2,""onset_tick"":2,""pitch"":61,""tie"":""none"",""voice_token"":""voice_adeebf""},{""duration_tick"":8,""onset_tick"":4,""pitch"":61,""tie"":""none"",""voice_token"":""voice_adeebf""},{""duration_tick"":16,""onset_tick"":12,""pitch"":61,""tie"":""none"",""voice_token"":""voice_adeebf""},{""duration_tick"":6,""onset_tick"":28,""pitch"":61,""tie"":""none"",""voice_token"":""voice_adeebf""},{""duration_tick"":2,""onset_tick"":34,""pitch"":61,""tie"":""none"",""voice_token"":""voice_adeebf""}]}"
music_9174621c9c0b3c,"{""events"":[{""duration_tick"":4,""onset_tick"":0,""pitch"":69,""tie"":""none"",""voice_token"":""voice_1628af""},{""duration_tick"":4,""onset_tick"":4,""pitch"":65,""tie"":""none"",""voice_token"":""voice_1628af""},{""duration_tick"":4,""onset_tick"":8,""pitch"":66,""tie"":""none"",""voice_token"":""voice_1628af""},{""duration_tick"":4,""onset_tick"":12,""pitch"":72,""tie"":""none"",""voice_token"":""voice_1628af""}]}"
music_75c198d9476b22,"{""events"":[{""duration_tick"":4,""onset_tick"":0,""pitch"":71,""tie"":""none"",""voice_token"":""voice_adeebf""},{""duration_tick"":2,""onset_tick"":4,""pitch"":69,""tie"":""none"",""voice_token"":""voice_adeebf""},{""duration_tick"":2,""onset_tick"":6,""pitch"":64,""tie"":""none"",""voice_token"":""voice_adeebf""},{""duration_tick"":2,""onset_tick"":8,""pitch"":66,""tie"":""none"",""voice_token"":""voice_adeebf""},{""duration_tick"":2,""onset_tick"":10,""pitch"":66,""tie"":""none"",""voice_token"":""voice_adeebf""}]}"
music_88b1d1c3d59f11,"{""events"":[{""duration_tick"":4,""onset_tick"":0,""pitch"":74,""tie"":""none"",""voice_token"":""voice_adeebf""},{""duration_tick"":4,""onset_tick"":4,""pitch"":72,""tie"":""none"",""voice_token"":""voice_adeebf""},{""duration_tick"":4,""onset_tick"":8,""pitch"":68,""tie"":""none"",""voice_token"":""voice_adeebf""},{""duration_tick"":4,""onset_tick"":12,""pitch"":72,""tie"":""none"",""voice_token"":""voice_adeebf""}]}"
music_571fdc265b78cc,"{""events"":[{""duration_tick"":3,""onset_tick"":0,""pitch"":67,""tie"":""none"",""voice_token"":""voice_bf2e2c""},{""duration_tick"":1,""onset_tick"":3,""pitch"":66,""tie"":""none"",""voice_token"":""voice_bf2e2c""},{""duration_tick"":4,""onset_tick"":4,""pitch"":67,""tie"":""none"",""voice_token"":""voice_bf2e2c""},{""duration_tick"":2,""onset_tick"":8,""pitch"":67,""tie"":""none"",""voice_token"":""voice_bf2e2c""},{""duration_tick"":2,""onset_tick"":10,""pitch"":-1,""tie"":""none"",""voice_token"":""voice_bf2e2c""}]}"
music_2b3ec8cd494f43,"{""events"":[{""duration_tick"":2,""onset_tick"":0,""pitch"":-1,""tie"":""none"",""voice_token"":""voice_bf2e2c""},{""duration_tick"":2,""onset_tick"":2,""pitch"":74,""tie"":""none"",""voice_token"":""voice_bf2e2c""},{""duration_tick"":3,""onset_tick"":4,""pitch"":72,""tie"":""none"",""voice_token"":""voice_bf2e2c""},{""duration_tick"":1,""onset_tick"":7,""pitch"":72,""tie"":""none"",""voice_token"":""voice_bf2e2c""},{""duration_tick"":3,""onset_tick"":8,""pitch"":70,""tie"":""none"",""voice_token"":""voice_bf2e2c""},{""duration_tick"":1,""onset_tick"":11,""pitch"":70,""tie"":""none"",""voice_token"":""voice_bf2e2c""},{""duration_tick"":3,""onset_tick"":12,""pitch"":72,""tie"":""none"",""voice_token"":""voice_bf2e2c""}]}"
music_8633cde7d696af,"{""events"":[{""duration_tick"":2,""onset_tick"":0,""pitch"":64,""tie"":""none"",""voice_token"":""voice_adeebf""},{""duration_tick"":2,""onset_tick"":2,""pitch"":69,""tie"":""none"",""voice_token"":""voice_adeebf""},{""duration_tick"":2,""onset_tick"":4,""pitch"":68,""tie"":""none"",""voice_token"":""voice_adeebf""},{""duration_tick"":3,""onset_tick"":6,""pitch"":69,""tie"":""none"",""voice_token"":""voice_adeebf""}]}"
music_f01b32c3ba53d1,"{""events"":[{""duration_tick"":1,""onset_tick"":0,""pitch"":64,""tie"":""none"",""voice_token"":""voice_adeebf""},{""duration_tick"":2,""onset_tick"":1,""pitch"":62,""tie"":""none"",""voice_token"":""voice_adeebf""},{""duration_tick"":2,""onset_tick"":3,""pitch"":64,""tie"":""none"",""voice_token"":""voice_adeebf""},{""duration_tick"":2,""onset_tick"":5,""pitch"":64,""tie"":""none"",""voice_token"":""voice_adeebf""},{""duration_tick"":2,""onset_tick"":7,""pitch"":62,""tie"":""none"",""voice_token"":""voice_adeebf""}]}"
music_5ad84656de5086,"{""events"":[{""duration_tick"":4,""onset_tick"":0,""pitch"":75,""tie"":""none"",""voice_token"":""voice_bf2e2c""},{""duration_tick"":4,""onset_tick"":4,""pitch"":75,""tie"":""none"",""voice_token"":""voice_bf2e2c""},{""duration_tick"":4,""onset_tick"":8,""pitch"":75,""tie"":""none"",""voice_token"":""voice_bf2e2c""},{""duration_tick"":4,""onset_tick"":12,""pitch"":73,""tie"":""none"",""voice_token"":""voice_bf2e2c""},{""duration_tick"":4,""onset_tick"":16,""pitch"":73,""tie"":""none"",""voice_token"":""voice_bf2e2c""}]}"
music_d7759d309680f3,"{""events"":[{""duration_tick"":1,""onset_tick"":0,""pitch"":72,""tie"":""none"",""voice_token"":""voice_0331f8""},{""duration_tick"":2,""onset_tick"":1,""pitch"":74,""tie"":""none"",""voice_token"":""voice_0331f8""},{""duration_tick"":2,""onset_tick"":3,""pitch"":74,""tie"":""none"",""voice_token"":""voice_0331f8""},{""duration_tick"":2,""onset_tick"":5,""pitch"":76,""tie"":""none"",""voice_token"":""voice_0331f8""},{""duration_tick"":2,""onset_tick"":7,""pitch"":76,""tie"":""none"",""voice_token"":""voice_0331f8""},{""duration_tick"":2,""onset_tick"":9,""pitch"":76,""tie"":""none"",""voice_token"":""voice_0331f8""}]}"
music_1e2fcedb93f060,"{""events"":[{""duration_tick"":4,""onset_tick"":0,""pitch"":68,""tie"":""none"",""voice_token"":""voice_adeebf""},{""duration_tick"":2,""onset_tick"":4,""pitch"":70,""tie"":""none"",""voice_token"":""voice_adeebf""},{""duration_tick"":2,""onset_tick"":6,""pitch"":70,""tie"":""none"",""voice_token"":""voice_adeebf""},{""duration_tick"":2,""onset_tick"":8,""pitch"":71,""tie"":""none"",""voice_token"":""voice_adeebf""},{""duration_tick"":2,""onset_tick"":10,""pitch"":71,""tie"":""none"",""voice_token"":""voice_adeebf""},{""duration_tick"":4,""onset_tick"":12,""pitch"":-1,""tie"":""none"",""voice_token"":""voice_adeebf""},{""duration_tick"":3,""onset_tick"":16,""pitch"":69,""tie"":""none"",""voice_token"":""voice_adeebf""}]}"
music_5dc2ea7dbbafb6,"{""events"":[{""duration_tick"":6,""onset_tick"":0,""pitch"":62,""tie"":""none"",""voice_token"":""voice_adeebf""},{""duration_tick"":2,""onset_tick"":6,""pitch"":62,""tie"":""none"",""voice_token"":""voice_adeebf""},{""duration_tick"":2,""onset_tick"":8,""pitch"":67,""tie"":""none"",""voice_token"":""voice_adeebf""},{""duration_tick"":2,""onset_tick"":10,""pitch"":67,""tie"":""none"",""voice_token"":""voice_adeebf""},{""duration_tick"":2,""onset_tick"":12,""pitch"":67,""tie"":""none"",""voice_token"":""voice_adeebf""}]}"
music_171c4e38003cc9,"{""events"":[{""duration_tick"":4,""onset_tick"":0,""pitch"":69,""tie"":""none"",""voice_token"":""voice_a0c26a""},{""duration_tick"":2,""onset_tick"":4,""pitch"":69,""tie"":""none"",""voice_token"":""voice_a0c26a""},{""duration_tick"":4,""onset_tick"":6,""pitch"":67,""tie"":""none"",""voice_token"":""voice_a0c26a""},{""duration_tick"":2,""onset_tick"":10,""pitch"":67,""tie"":""none"",""voice_token"":""voice_a0c26a""},{""duration_tick"":2,""onset_tick"":12,""pitch"":72,""tie"":""none"",""voice_token"":""voice_a0c26a""},{""duration_tick"":2,""onset_tick"":14,""pitch"":69,""tie"":""none"",""voice_token"":""voice_a0c26a""}]}"
music_a06a3a7a6e76ef,"{""events"":[{""duration_tick"":2,""onset_tick"":0,""pitch"":73,""tie"":""none"",""voice_token"":""voice_0284f7""},{""duration_tick"":4,""onset_tick"":2,""pitch"":74,""tie"":""none"",""voice_token"":""voice_0284f7""},{""duration_tick"":4,""onset_tick"":6,""pitch"":72,""tie"":""none"",""voice_token"":""voice_0284f7""},{""duration_tick"":2,""onset_tick"":10,""pitch"":74,""tie"":""none"",""voice_token"":""voice_0284f7""}]}"
music_1c84f62b3b19f3,"{""events"":[{""duration_tick"":2,""onset_tick"":0,""pitch"":73,""tie"":""none"",""voice_token"":""voice_8c73be""},{""duration_tick"":4,""onset_tick"":2,""pitch"":73,""tie"":""none"",""voice_token"":""voice_8c73be""},{""duration_tick"":4,""onset_tick"":6,""pitch"":72,""tie"":""none"",""voice_token"":""voice_8c73be""},{""duration_tick"":8,""onset_tick"":10,""pitch"":71,""tie"":""none"",""voice_token"":""voice_8c73be""}]}"
music_6e01c06f6f9172,"{""events"":[{""duration_tick"":2,""onset_tick"":0,""pitch"":72,""tie"":""none"",""voice_token"":""voice_bf2e2c""},{""duration_tick"":4,""onset_tick"":2,""pitch"":67,""tie"":""none"",""voice_token"":""voice_bf2e2c""},{""duration_tick"":4,""onset_tick"":6,""pitch"":67,""tie"":""none"",""voice_token"":""voice_bf2e2c""},{""duration_tick"":4,""onset_tick"":10,""pitch"":67,""tie"":""none"",""voice_token"":""voice_bf2e2c""},{""duration_tick"":4,""onset_tick"":14,""pitch"":67,""tie"":""none"",""voice_token"":""voice_bf2e2c""},{""duration_tick"":4,""onset_tick"":18,""pitch"":67,""tie"":""none"",""voice_token"":""voice_bf2e2c""},{""duration_tick"":12,""onset_tick"":22,""pitch"":67,""tie"":""none"",""voice_token"":""voice_bf2e2c""}]}"
music_f0d1fc29366be6,"{""events"":[{""duration_tick"":4,""onset_tick"":0,""pitch"":65,""tie"":""none"",""voice_token"":""voice_adeebf""},{""duration_tick"":2,""onset_tick"":4,""pitch"":66,""tie"":""none"",""voice_token"":""voice_adeebf""},{""duration_tick"":2,""onset_tick"":6,""pitch"":68,""tie"":""none"",""voice_token"":""voice_adeebf""},{""duration_tick"":2,""onset_tick"":8,""pitch"":75,""tie"":""none"",""voice_token"":""voice_adeebf""}]}"
music_caa8d649f893b2,"{""events"":[{""duration_tick"":4,""onset_tick"":0,""pitch"":70,""tie"":""none"",""voice_token"":""voice_0331f8""},{""duration_tick"":2,""onset_tick"":4,""pitch"":67,""tie"":""none"",""voice_token"":""voice_0331f8""},{""duration_tick"":2,""onset_tick"":6,""pitch"":67,""tie"":""none"",""voice_token"":""voice_0331f8""},{""duration_tick"":2,""onset_tick"":8,""pitch"":70,""tie"":""none"",""voice_token"":""voice_0331f8""},{""duration_tick"":2,""onset_tick"":10,""pitch"":74,""tie"":""none"",""voice_token"":""voice_0331f8""}]}"
music_7f520b2423424a,"{""events"":[{""duration_tick"":2,""onset_tick"":0,""pitch"":65,""tie"":""none"",""voice_token"":""voice_adeebf""},{""duration_tick"":2,""onset_tick"":2,""pitch"":65,""tie"":""none"",""voice_token"":""voice_adeebf""},{""duration_tick"":2,""onset_tick"":4,""pitch"":65,""tie"":""none"",""voice_token"":""voice_adeebf""},{""duration_tick"":2,""onset_tick"":6,""pitch"":65,""tie"":""none"",""voice_token"":""voice_adeebf""},{""duration_tick"":4,""onset_tick"":8,""pitch"":67,""tie"":""none"",""voice_token"":""voice_adeebf""},{""duration_tick"":2,""onset_tick"":12,""pitch"":67,""tie"":""none"",""voice_token"":""voice_adeebf""},{""duration_tick"":2,""onset_tick"":14,""pitch"":63,""tie"":""none"",""voice_token"":""voice_adeebf""}]}"
music_827de860d81c81,"{""events"":[{""duration_tick"":8,""onset_tick"":0,""pitch"":67,""tie"":""none"",""voice_token"":""voice_adeebf""},{""duration_tick"":8,""onset_tick"":8,""pitch"":70,""tie"":""none"",""voice_token"":""voice_adeebf""},{""duration_tick"":8,""onset_tick"":16,""pitch"":69,""tie"":""none"",""voice_token"":""voice_adeebf""},{""duration_tick"":2,""onset_tick"":24,""pitch"":67,""tie"":""none"",""voice_token"":""voice_adeebf""},{""duration_tick"":2,""onset_tick"":26,""pitch"":67,""tie"":""none"",""voice_token"":""voice_adeebf""},{""duration_tick"":2,""onset_tick"":28,""pitch"":67,""tie"":""none"",""voice_token"":""voice_adeebf""},{""duration_tick"":1,""onset_tick"":30,""pitch"":67,""tie"":""none"",""voice_token"":""voice_adeebf""}]}"
music_7bb2d632e43ce9,"{""events"":[{""duration_tick"":2,""onset_tick"":0,""pitch"":66,""tie"":""none"",""voice_token"":""voice_bf2e2c""},{""duration_tick"":2,""onset_tick"":2,""pitch"":66,""tie"":""none"",""voice_token"":""voice_bf2e2c""},{""duration_tick"":2,""onset_tick"":4,""pitch"":66,""tie"":""none"",""voice_token"":""voice_bf2e2c""},{""duration_tick"":2,""onset_tick"":6,""pitch"":66,""tie"":""none"",""voice_token"":""voice_bf2e2c""},{""duration_tick"":2,""onset_tick"":8,""pitch"":64,""tie"":""none"",""voice_token"":""voice_bf2e2c""},{""duration_tick"":2,""onset_tick"":10,""pitch"":67,""tie"":""none"",""voice_token"":""voice_bf2e2c""},{""duration_tick"":2,""onset_tick"":12,""pitch"":67,""tie"":""none"",""voice_token"":""voice_bf2e2c""}]}"
music_899506d0f8eb87,"{""events"":[{""duration_tick"":2,""onset_tick"":0,""pitch"":74,""tie"":""none"",""voice_token"":""voice_adeebf""},{""duration_tick"":4,""onset_tick"":2,""pitch"":72,""tie"":""none"",""voice_token"":""voice_adeebf""},{""duration_tick"":4,""onset_tick"":6,""pitch"":66,""tie"":""none"",""voice_token"":""voice_adeebf""},{""duration_tick"":4,""onset_tick"":10,""pitch"":66,""tie"":""none"",""voice_token"":""voice_adeebf""},{""duration_tick"":4,""onset_tick"":14,""pitch"":66,""tie"":""none"",""voice_token"":""voice_adeebf""},{""duration_tick"":4,""onset_tick"":18,""pitch"":71,""tie"":""none"",""voice_token"":""voice_adeebf""},{""duration_tick"":4,""onset_tick"":22,""pitch"":67,""tie"":""none"",""voice_token"":""voice_adeebf""}]}"
music_74fa533afd5080,"{""events"":[{""duration_tick"":4,""onset_tick"":0,""pitch"":69,""tie"":""none"",""voice_token"":""voice_8c73be""},{""duration_tick"":4,""onset_tick"":4,""pitch"":69,""tie"":""none"",""voice_token"":""voice_8c73be""},{""duration_tick"":4,""onset_tick"":8,""pitch"":69,""tie"":""none"",""voice_token"":""voice_8c73be""},{""duration_tick"":8,""onset_tick"":12,""pitch"":69,""tie"":""none"",""voice_token"":""voice_8c73be""},{""duration_tick"":4,""onset_tick"":20,""pitch"":69,""tie"":""none"",""voice_token"":""voice_8c73be""}]}"
music_d43fbad703db63,"{""events"":[{""duration_tick"":4,""onset_tick"":0,""pitch"":76,""tie"":""none"",""voice_token"":""voice_bf2e2c""},{""duration_tick"":4,""onset_tick"":4,""pitch"":75,""tie"":""none"",""voice_token"":""voice_bf2e2c""},{""duration_tick"":2,""onset_tick"":8,""pitch"":71,""tie"":""none"",""voice_token"":""voice_bf2e2c""},{""duration_tick"":4,""onset_tick"":10,""pitch"":73,""tie"":""none"",""voice_token"":""voice_bf2e2c""},{""duration_tick"":2,""onset_tick"":14,""pitch"":73,""tie"":""none"",""voice_token"":""voice_bf2e2c""},{""duration_tick"":2,""onset_tick"":16,""pitch"":73,""tie"":""none"",""voice_token"":""voice_bf2e2c""},{""duration_tick"":1,""onset_tick"":18,""pitch"":71,""tie"":""none"",""voice_token"":""voice_bf2e2c""}]}"
music_a9fac02ea8dc20,"{""events"":[{""duration_tick"":4,""onset_tick"":0,""pitch"":71,""tie"":""none"",""voice_token"":""voice_adeebf""},{""duration_tick"":4,""onset_tick"":4,""pitch"":73,""tie"":""none"",""voice_token"":""voice_adeebf""},{""duration_tick"":4,""onset_tick"":8,""pitch"":73,""tie"":""none"",""voice_token"":""voice_adeebf""},{""duration_tick"":4,""onset_tick"":12,""pitch"":73,""tie"":""none"",""voice_token"":""voice_adeebf""},{""duration_tick"":4,""onset_tick"":16,""pitch"":69,""tie"":""none"",""voice_token"":""voice_adeebf""},{""duration_tick"":4,""onset_tick"":20,""pitch"":69,""tie"":""none"",""voice_token"":""voice_adeebf""},{""duration_tick"":2,""onset_tick"":24,""pitch"":71,""tie"":""none"",""voice_token"":""voice_adeebf""}]}"
music_aa6723c69aa243,"{""events"":[{""duration_tick"":4,""onset_tick"":0,""pitch"":74,""tie"":""none"",""voice_token"":""voice_adeebf""},{""duration_tick"":2,""onset_tick"":4,""pitch"":74,""tie"":""none"",""voice_token"":""voice_adeebf""},{""duration_tick"":3,""onset_tick"":6,""pitch"":72,""tie"":""none"",""voice_token"":""voice_adeebf""},{""duration_tick"":1,""onset_tick"":9,""pitch"":71,""tie"":""none"",""voice_token"":""voice_adeebf""},{""duration_tick"":2,""onset_tick"":10,""pitch"":67,""tie"":""none"",""voice_token"":""voice_adeebf""},{""duration_tick"":3,""onset_tick"":12,""pitch"":67,""tie"":""none"",""voice_token"":""voice_adeebf""},{""duration_tick"":1,""onset_tick"":15,""pitch"":70,""tie"":""none"",""voice_token"":""voice_adeebf""}]}"
music_0b127baf97262c,"{""events"":[{""duration_tick"":8,""onset_tick"":0,""pitch"":71,""tie"":""none"",""voice_token"":""voice_bf2e2c""},{""duration_tick"":2,""onset_tick"":8,""pitch"":73,""tie"":""none"",""voice_token"":""voice_bf2e2c""},{""duration_tick"":2,""onset_tick"":10,""pitch"":74,""tie"":""none"",""voice_token"":""voice_bf2e2c""},{""duration_tick"":2,""onset_tick"":12,""pitch"":73,""tie"":""none"",""voice_token"":""voice_bf2e2c""},{""duration_tick"":6,""onset_tick"":14,""pitch"":69,""tie"":""none"",""voice_token"":""voice_bf2e2c""}]}"
music_08d855f80b3f58,"{""events"":[{""duration_tick"":1,""onset_tick"":0,""pitch"":69,""tie"":""none"",""voice_token"":""voice_0284f7""},{""duration_tick"":1,""onset_tick"":1,""pitch"":71,""tie"":""none"",""voice_token"":""voice_0284f7""},{""duration_tick"":2,""onset_tick"":2,""pitch"":69,""tie"":""none"",""voice_token"":""voice_0284f7""},{""duration_tick"":1,""onset_tick"":4,""pitch"":66,""tie"":""none"",""voice_token"":""voice_0284f7""},{""duration_tick"":1,""onset_tick"":5,""pitch"":69,""tie"":""none"",""voice_token"":""voice_0284f7""},{""duration_tick"":1,""onset_tick"":6,""pitch"":71,""tie"":""none"",""voice_token"":""voice_0284f7""}]}"
music_cc1922214c8c17,"{""events"":[{""duration_tick"":1,""onset_tick"":0,""pitch"":66,""tie"":""none"",""voice_token"":""voice_539b94""},{""duration_tick"":1,""onset_tick"":1,""pitch"":59,""tie"":""none"",""voice_token"":""voice_539b94""},{""duration_tick"":1,""onset_tick"":2,""pitch"":59,""tie"":""none"",""voice_token"":""voice_539b94""},{""duration_tick"":1,""onset_tick"":3,""pitch"":54,""tie"":""none"",""voice_token"":""voice_539b94""},{""duration_tick"":2,""onset_tick"":4,""pitch"":47,""tie"":""none"",""voice_token"":""voice_539b94""}]}"
music_6ac0959c59d4ae,"{""events"":[{""duration_tick"":4,""onset_tick"":0,""pitch"":57,""tie"":""none"",""voice_token"":""voice_adeebf""},{""duration_tick"":4,""onset_tick"":4,""pitch"":59,""tie"":""none"",""voice_token"":""voice_adeebf""},{""duration_tick"":4,""onset_tick"":8,""pitch"":62,""tie"":""none"",""voice_token"":""voice_adeebf""},{""duration_tick"":8,""onset_tick"":12,""pitch"":62,""tie"":""none"",""voice_token"":""voice_adeebf""}]}"
music_deb0a88bf979bb,"{""events"":[{""duration_tick"":2,""onset_tick"":0,""pitch"":-1,""tie"":""none"",""voice_token"":""voice_adeebf""},{""duration_tick"":2,""onset_tick"":2,""pitch"":67,""tie"":""none"",""voice_token"":""voice_adeebf""},{""duration_tick"":2,""onset_tick"":4,""pitch"":65,""tie"":""none"",""voice_token"":""voice_adeebf""},{""duration_tick"":4,""onset_tick"":6,""pitch"":66,""tie"":""none"",""voice_token"":""voice_adeebf""},{""duration_tick"":4,""onset_tick"":10,""pitch"":67,""tie"":""none"",""voice_token"":""voice_adeebf""},{""duration_tick"":4,""onset_tick"":14,""pitch"":66,""tie"":""none"",""voice_token"":""voice_adeebf""}]}"
music_4780720ea3cccd,"{""events"":[{""duration_tick"":6,""onset_tick"":0,""pitch"":70,""tie"":""none"",""voice_token"":""voice_0284f7""},{""duration_tick"":4,""onset_tick"":6,""pitch"":70,""tie"":""none"",""voice_token"":""voice_0284f7""},{""duration_tick"":2,""onset_tick"":10,""pitch"":72,""tie"":""none"",""voice_token"":""voice_0284f7""},{""duration_tick"":6,""onset_tick"":12,""pitch"":75,""tie"":""none"",""voice_token"":""voice_0284f7""},{""duration_tick"":2,""onset_tick"":18,""pitch"":74,""tie"":""none"",""voice_token"":""voice_0284f7""}]}"
music_1f41c835bf4e7a,"{""events"":[{""duration_tick"":2,""onset_tick"":0,""pitch"":67,""tie"":""none"",""voice_token"":""voice_adeebf""},{""duration_tick"":4,""onset_tick"":2,""pitch"":69,""tie"":""none"",""voice_token"":""voice_adeebf""},{""duration_tick"":4,""onset_tick"":6,""pitch"":66,""tie"":""none"",""voice_token"":""voice_adeebf""},{""duration_tick"":2,""onset_tick"":10,""pitch"":67,""tie"":""none"",""voice_token"":""voice_adeebf""}]}"
music_ec015834f3f3bb,"{""events"":[{""duration_tick"":2,""onset_tick"":0,""pitch"":65,""tie"":""none"",""voice_token"":""voice_adeebf""},{""duration_tick"":4,""onset_tick"":2,""pitch"":65,""tie"":""none"",""voice_token"":""voice_adeebf""},{""duration_tick"":4,""onset_tick"":6,""pitch"":63,""tie"":""none"",""voice_token"":""voice_adeebf""},{""duration_tick"":8,""onset_tick"":10,""pitch"":64,""tie"":""none"",""voice_token"":""voice_adeebf""},{""duration_tick"":4,""onset_tick"":18,""pitch"":65,""tie"":""none"",""voice_token"":""voice_adeebf""},{""duration_tick"":8,""onset_tick"":22,""pitch"":65,""tie"":""none"",""voice_token"":""voice_adeebf""},{""duration_tick"":4,""onset_tick"":30,""pitch"":65,""tie"":""none"",""voice_token"":""voice_adeebf""}]}"
music_1a129c8effb123,"{""events"":[{""duration_tick"":4,""onset_tick"":0,""pitch"":63,""tie"":""none"",""voice_token"":""voice_bf2e2c""},{""duration_tick"":4,""onset_tick"":4,""pitch"":67,""tie"":""none"",""voice_token"":""voice_bf2e2c""},{""duration_tick"":4,""onset_tick"":8,""pitch"":62,""tie"":""none"",""voice_token"":""voice_bf2e2c""},{""duration_tick"":4,""onset_tick"":12,""pitch"":63,""tie"":""none"",""voice_token"":""voice_bf2e2c""},{""duration_tick"":4,""onset_tick"":16,""pitch"":67,""tie"":""none"",""voice_token"":""voice_bf2e2c""},{""duration_tick"":4,""onset_tick"":20,""pitch"":70,""tie"":""none"",""voice_token"":""voice_bf2e2c""},{""duration_tick"":6,""onset_tick"":24,""pitch"":72,""tie"":""none"",""voice_token"":""voice_bf2e2c""}]}"
music_c0dd6aa758d95f,"{""events"":[{""duration_tick"":4,""onset_tick"":0,""pitch"":63,""tie"":""none"",""voice_token"":""voice_adeebf""},{""duration_tick"":2,""onset_tick"":4,""pitch"":70,""tie"":""none"",""voice_token"":""voice_adeebf""},{""duration_tick"":3,""onset_tick"":6,""pitch"":70,""tie"":""none"",""voice_token"":""voice_adeebf""},{""duration_tick"":1,""onset_tick"":9,""pitch"":66,""tie"":""none"",""voice_token"":""voice_adeebf""},{""duration_tick"":2,""onset_tick"":10,""pitch"":65,""tie"":""none"",""voice_token"":""voice_adeebf""},{""duration_tick"":4,""onset_tick"":12,""pitch"":63,""tie"":""none"",""voice_token"":""voice_adeebf""},{""duration_tick"":2,""onset_tick"":16,""pitch"":66,""tie"":""none"",""voice_token"":""voice_adeebf""}]}"
music_72ec6d806a60d9,"{""events"":[{""duration_tick"":1,""onset_tick"":0,""pitch"":66,""tie"":""none"",""voice_token"":""voice_adeebf""},{""duration_tick"":3,""onset_tick"":1,""pitch"":66,""tie"":""none"",""voice_token"":""voice_adeebf""},{""duration_tick"":1,""onset_tick"":4,""pitch"":64,""tie"":""none"",""voice_token"":""voice_adeebf""},{""duration_tick"":2,""onset_tick"":5,""pitch"":62,""tie"":""none"",""voice_token"":""voice_adeebf""},{""duration_tick"":1,""onset_tick"":7,""pitch"":62,""tie"":""none"",""voice_token"":""voice_adeebf""},{""duration_tick"":1,""onset_tick"":8,""pitch"":66,""tie"":""none"",""voice_token"":""voice_adeebf""},{""duration_tick"":3,""onset_tick"":9,""pitch"":66,""tie"":""none"",""voice_token"":""voice_adeebf""}]}"
music_3a0a5f63ea7b03,"{""events"":[{""duration_tick"":2,""onset_tick"":0,""pitch"":73,""tie"":""none"",""voice_token"":""voice_adeebf""},{""duration_tick"":2,""onset_tick"":2,""pitch"":71,""tie"":""none"",""voice_token"":""voice_adeebf""},{""duration_tick"":2,""onset_tick"":4,""pitch"":69,""tie"":""none"",""voice_token"":""voice_adeebf""},{""duration_tick"":2,""onset_tick"":6,""pitch"":66,""tie"":""none"",""voice_token"":""voice_adeebf""},{""duration_tick"":2,""onset_tick"":8,""pitch"":76,""tie"":""none"",""voice_token"":""voice_adeebf""},{""duration_tick"":2,""onset_tick"":10,""pitch"":75,""tie"":""none"",""voice_token"":""voice_adeebf""},{""duration_tick"":2,""onset_tick"":12,""pitch"":73,""tie"":""none"",""voice_token"":""voice_adeebf""}]}"
music_f46cb0fece3a1f,"{""events"":[{""duration_tick"":4,""onset_tick"":0,""pitch"":74,""tie"":""none"",""voice_token"":""voice_58b2be""},{""duration_tick"":2,""onset_tick"":4,""pitch"":71,""tie"":""none"",""voice_token"":""voice_58b2be""},{""duration_tick"":6,""onset_tick"":6,""pitch"":69,""tie"":""none"",""voice_token"":""voice_58b2be""},{""duration_tick"":4,""onset_tick"":12,""pitch"":69,""tie"":""none"",""voice_token"":""voice_58b2be""}]}"
music_a7166e8467e9ab,"{""events"":[{""duration_tick"":4,""onset_tick"":0,""pitch"":62,""tie"":""none"",""voice_token"":""voice_adeebf""},{""duration_tick"":8,""onset_tick"":4,""pitch"":67,""tie"":""none"",""voice_token"":""voice_adeebf""},{""duration_tick"":4,""onset_tick"":12,""pitch"":71,""tie"":""none"",""voice_token"":""voice_adeebf""},{""duration_tick"":2,""onset_tick"":16,""pitch"":72,""tie"":""none"",""voice_token"":""voice_adeebf""}]}"
music_45006f04350931,"{""events"":[{""duration_tick"":4,""onset_tick"":0,""pitch"":76,""tie"":""none"",""voice_token"":""voice_adeebf""},{""duration_tick"":4,""onset_tick"":4,""pitch"":72,""tie"":""none"",""voice_token"":""voice_adeebf""},{""duration_tick"":4,""onset_tick"":8,""pitch"":72,""tie"":""none"",""voice_token"":""voice_adeebf""},{""duration_tick"":8,""onset_tick"":12,""pitch"":75,""tie"":""none"",""voice_token"":""voice_adeebf""}]}"
music_ab20380e38997c,"{""events"":[{""duration_tick"":4,""onset_tick"":0,""pitch"":70,""tie"":""none"",""voice_token"":""voice_adeebf""},{""duration_tick"":2,""onset_tick"":4,""pitch"":70,""tie"":""none"",""voice_token"":""voice_adeebf""},{""duration_tick"":4,""onset_tick"":6,""pitch"":70,""tie"":""none"",""voice_token"":""voice_adeebf""},{""duration_tick"":2,""onset_tick"":10,""pitch"":68,""tie"":""none"",""voice_token"":""voice_adeebf""},{""duration_tick"":2,""onset_tick"":12,""pitch"":68,""tie"":""none"",""voice_token"":""voice_adeebf""},{""duration_tick"":2,""onset_tick"":14,""pitch"":68,""tie"":""none"",""voice_token"":""voice_adeebf""}]}"
music_ba5ef781ae4469,"{""events"":[{""duration_tick"":4,""onset_tick"":0,""pitch"":76,""tie"":""none"",""voice_token"":""voice_adeebf""},{""duration_tick"":4,""onset_tick"":4,""pitch"":74,""tie"":""none"",""voice_token"":""voice_adeebf""},{""duration_tick"":4,""onset_tick"":8,""pitch"":72,""tie"":""none"",""voice_token"":""voice_adeebf""},{""duration_tick"":4,""onset_tick"":12,""pitch"":72,""tie"":""none"",""voice_token"":""voice_adeebf""},{""duration_tick"":4,""onset_tick"":16,""pitch"":70,""tie"":""none"",""voice_token"":""voice_adeebf""}]}"
music_e696ddf18f0ed0,"{""events"":[{""duration_tick"":2,""onset_tick"":0,""pitch"":62,""tie"":""none"",""voice_token"":""voice_bdd9b1""},{""duration_tick"":4,""onset_tick"":2,""pitch"":64,""tie"":""none"",""voice_token"":""voice_bdd9b1""},{""duration_tick"":4,""onset_tick"":6,""pitch"":62,""tie"":""none"",""voice_token"":""voice_bdd9b1""},{""duration_tick"":4,""onset_tick"":10,""pitch"":60,""tie"":""none"",""voice_token"":""voice_bdd9b1""},{""duration_tick"":2,""onset_tick"":14,""pitch"":59,""tie"":""none"",""voice_token"":""voice_bdd9b1""}]}"
music_3768c2b5457505,"{""events"":[{""duration_tick"":2,""onset_tick"":0,""pitch"":68,""tie"":""none"",""voice_token"":""voice_bf2e2c""},{""duration_tick"":4,""onset_tick"":2,""pitch"":68,""tie"":""none"",""voice_token"":""voice_bf2e2c""},{""duration_tick"":2,""onset_tick"":6,""pitch"":68,""tie"":""none"",""voice_token"":""voice_bf2e2c""},{""duration_tick"":4,""onset_tick"":8,""pitch"":68,""tie"":""none"",""voice_token"":""voice_bf2e2c""},{""duration_tick"":2,""onset_tick"":12,""pitch"":68,""tie"":""none"",""voice_token"":""voice_bf2e2c""},{""duration_tick"":2,""onset_tick"":14,""pitch"":73,""tie"":""none"",""voice_token"":""voice_bf2e2c""},{""duration_tick"":2,""onset_tick"":16,""pitch"":73,""tie"":""none"",""voice_token"":""voice_bf2e2c""}]}"
music_823db07090f8b2,"{""events"":[{""duration_tick"":16,""onset_tick"":0,""pitch"":-1,""tie"":""none"",""voice_token"":""voice_018cca""},{""duration_tick"":16,""onset_tick"":16,""pitch"":-1,""tie"":""none"",""voice_token"":""voice_018cca""},{""duration_tick"":16,""onset_tick"":32,""pitch"":63,""tie"":""none"",""voice_token"":""voice_018cca""},{""duration_tick"":16,""onset_tick"":48,""pitch"":63,""tie"":""none"",""voice_token"":""voice_018cca""},{""duration_tick"":16,""onset_tick"":64,""pitch"":63,""tie"":""none"",""voice_token"":""voice_018cca""},{""duration_tick"":16,""onset_tick"":80,""pitch"":63,""tie"":""none"",""voice_token"":""voice_018cca""},{""duration_tick"":8,""onset_tick"":96,""pitch"":63,""tie"":""none"",""voice_token"":""voice_018cca""}]}"
music_7a58ccca21e2a3,"{""events"":[{""duration_tick"":2,""onset_tick"":0,""pitch"":73,""tie"":""none"",""voice_token"":""voice_7574bc""},{""duration_tick"":2,""onset_tick"":2,""pitch"":73,""tie"":""none"",""voice_token"":""voice_7574bc""},{""duration_tick"":2,""onset_tick"":4,""pitch"":70,""tie"":""none"",""voice_token"":""voice_7574bc""},{""duration_tick"":6,""onset_tick"":6,""pitch"":71,""tie"":""none"",""voice_token"":""voice_7574bc""},{""duration_tick"":4,""onset_tick"":12,""pitch"":71,""tie"":""none"",""voice_token"":""voice_7574bc""},{""duration_tick"":2,""onset_tick"":16,""pitch"":71,""tie"":""none"",""voice_token"":""voice_7574bc""}]}"
music_cd17906d49c140,"{""events"":[{""duration_tick"":1,""onset_tick"":0,""pitch"":62,""tie"":""none"",""voice_token"":""voice_bf2e2c""},{""duration_tick"":1,""onset_tick"":1,""pitch"":60,""tie"":""none"",""voice_token"":""voice_bf2e2c""},{""duration_tick"":1,""onset_tick"":2,""pitch"":66,""tie"":""none"",""voice_token"":""voice_bf2e2c""},{""duration_tick"":2,""onset_tick"":3,""pitch"":67,""tie"":""none"",""voice_token"":""voice_bf2e2c""},{""duration_tick"":1,""onset_tick"":5,""pitch"":67,""tie"":""none"",""voice_token"":""voice_bf2e2c""},{""duration_tick"":1,""onset_tick"":6,""pitch"":69,""tie"":""none"",""voice_token"":""voice_bf2e2c""}]}"
music_1d193deb1f6ad5,"{""events"":[{""duration_tick"":1,""onset_tick"":0,""pitch"":61,""tie"":""none"",""voice_token"":""voice_adeebf""},{""duration_tick"":2,""onset_tick"":1,""pitch"":64,""tie"":""none"",""voice_token"":""voice_adeebf""},{""duration_tick"":6,""onset_tick"":3,""pitch"":63,""tie"":""none"",""voice_token"":""voice_adeebf""},{""duration_tick"":2,""onset_tick"":9,""pitch"":68,""tie"":""none"",""voice_token"":""voice_adeebf""},{""duration_tick"":2,""onset_tick"":11,""pitch"":66,""tie"":""none"",""voice_token"":""voice_adeebf""}]}"
music_44ebe19f588939,"{""events"":[{""duration_tick"":4,""onset_tick"":0,""pitch"":73,""tie"":""none"",""voice_token"":""voice_bf2e2c""},{""duration_tick"":4,""onset_tick"":4,""pitch"":70,""tie"":""none"",""voice_token"":""voice_bf2e2c""},{""duration_tick"":4,""onset_tick"":8,""pitch"":70,""tie"":""none"",""voice_token"":""voice_bf2e2c""},{""duration_tick"":8,""onset_tick"":12,""pitch"":70,""tie"":""none"",""voice_token"":""voice_bf2e2c""}]}"
music_6e033b32c3cc88,"{""events"":[{""duration_tick"":2,""onset_tick"":0,""pitch"":73,""tie"":""none"",""voice_token"":""voice_adeebf""},{""duration_tick"":2,""onset_tick"":2,""pitch"":73,""tie"":""none"",""voice_token"":""voice_adeebf""},{""duration_tick"":2,""onset_tick"":4,""pitch"":75,""tie"":""none"",""voice_token"":""voice_adeebf""},{""duration_tick"":4,""onset_tick"":6,""pitch"":71,""tie"":""none"",""voice_token"":""voice_adeebf""},{""duration_tick"":2,""onset_tick"":10,""pitch"":64,""tie"":""none"",""voice_token"":""voice_adeebf""},{""duration_tick"":2,""onset_tick"":12,""pitch"":66,""tie"":""none"",""voice_token"":""voice_adeebf""}]}"
music_29445b49ba17c0,"{""events"":[{""duration_tick"":2,""onset_tick"":0,""pitch"":76,""tie"":""none"",""voice_token"":""voice_adeebf""},{""duration_tick"":2,""onset_tick"":2,""pitch"":74,""tie"":""none"",""voice_token"":""voice_adeebf""},{""duration_tick"":6,""onset_tick"":4,""pitch"":72,""tie"":""none"",""voice_token"":""voice_adeebf""},{""duration_tick"":4,""onset_tick"":10,""pitch"":75,""tie"":""none"",""voice_token"":""voice_adeebf""}]}"
music_98588ed5bd3611,"{""events"":[{""duration_tick"":6,""onset_tick"":0,""pitch"":62,""tie"":""none"",""voice_token"":""voice_adeebf""},{""duration_tick"":2,""onset_tick"":6,""pitch"":62,""tie"":""none"",""voice_token"":""voice_adeebf""},{""duration_tick"":6,""onset_tick"":8,""pitch"":62,""tie"":""none"",""voice_token"":""voice_adeebf""},{""duration_tick"":2,""onset_tick"":14,""pitch"":62,""tie"":""none"",""voice_token"":""voice_adeebf""}]}"
music_8d022247406cd3,"{""events"":[{""duration_tick"":2,""onset_tick"":0,""pitch"":72,""tie"":""none"",""voice_token"":""voice_bf2e2c""},{""duration_tick"":2,""onset_tick"":2,""pitch"":70,""tie"":""none"",""voice_token"":""voice_bf2e2c""},{""duration_tick"":2,""onset_tick"":4,""pitch"":70,""tie"":""none"",""voice_token"":""voice_bf2e2c""},{""duration_tick"":2,""onset_tick"":6,""pitch"":70,""tie"":""none"",""voice_token"":""voice_bf2e2c""},{""duration_tick"":1,""onset_tick"":8,""pitch"":70,""tie"":""none"",""voice_token"":""voice_bf2e2c""}]}"
music_6d84fbf4f1169a,"{""events"":[{""duration_tick"":2,""onset_tick"":0,""pitch"":71,""tie"":""none"",""voice_token"":""voice_0284f7""},{""duration_tick"":2,""onset_tick"":2,""pitch"":68,""tie"":""none"",""voice_token"":""voice_0284f7""},{""duration_tick"":4,""onset_tick"":4,""pitch"":66,""tie"":""none"",""voice_token"":""voice_0284f7""},{""duration_tick"":2,""onset_tick"":8,""pitch"":64,""tie"":""none"",""voice_token"":""voice_0284f7""}]}"
music_af2d5591673cf1,"{""events"":[{""duration_tick"":2,""onset_tick"":0,""pitch"":65,""tie"":""none"",""voice_token"":""voice_7574bc""},{""duration_tick"":2,""onset_tick"":2,""pitch"":65,""tie"":""none"",""voice_token"":""voice_7574bc""},{""duration_tick"":2,""onset_tick"":4,""pitch"":65,""tie"":""none"",""voice_token"":""voice_7574bc""},{""duration_tick"":4,""onset_tick"":6,""pitch"":-1,""tie"":""none"",""voice_token"":""voice_7574bc""}]}"
music_b15b7e4d21fed0,"{""events"":[{""duration_tick"":2,""onset_tick"":0,""pitch"":62,""tie"":""none"",""voice_token"":""voice_adeebf""},{""duration_tick"":2,""onset_tick"":2,""pitch"":64,""tie"":""none"",""voice_token"":""voice_adeebf""},{""duration_tick"":2,""onset_tick"":4,""pitch"":65,""tie"":""none"",""voice_token"":""voice_adeebf""},{""duration_tick"":2,""onset_tick"":6,""pitch"":61,""tie"":""none"",""voice_token"":""voice_adeebf""},{""duration_tick"":2,""onset_tick"":8,""pitch"":-1,""tie"":""none"",""voice_token"":""voice_adeebf""},{""duration_tick"":2,""onset_tick"":10,""pitch"":64,""tie"":""none"",""voice_token"":""voice_adeebf""},{""duration_tick"":2,""onset_tick"":12,""pitch"":65,""tie"":""none"",""voice_token"":""voice_adeebf""}]}"
music_291984918d09ed,"{""events"":[{""duration_tick"":4,""onset_tick"":0,""pitch"":67,""tie"":""none"",""voice_token"":""voice_adeebf""},{""duration_tick"":4,""onset_tick"":4,""pitch"":70,""tie"":""none"",""voice_token"":""voice_adeebf""},{""duration_tick"":4,""onset_tick"":8,""pitch"":68,""tie"":""none"",""voice_token"":""voice_adeebf""},{""duration_tick"":4,""onset_tick"":12,""pitch"":69,""tie"":""none"",""voice_token"":""voice_adeebf""},{""duration_tick"":4,""onset_tick"":16,""pitch"":69,""tie"":""none"",""voice_token"":""voice_adeebf""}]}"
music_a8cc297f9e777b,"{""events"":[{""duration_tick"":1,""onset_tick"":0,""pitch"":73,""tie"":""none"",""voice_token"":""voice_0284f7""},{""duration_tick"":1,""onset_tick"":1,""pitch"":71,""tie"":""none"",""voice_token"":""voice_0284f7""},{""duration_tick"":1,""onset_tick"":2,""pitch"":69,""tie"":""none"",""voice_token"":""voice_0284f7""},{""duration_tick"":1,""onset_tick"":3,""pitch"":69,""tie"":""none"",""voice_token"":""voice_0284f7""},{""duration_tick"":1,""onset_tick"":4,""pitch"":69,""tie"":""none"",""voice_token"":""voice_0284f7""},{""duration_tick"":1,""onset_tick"":5,""pitch"":71,""tie"":""none"",""voice_token"":""voice_0284f7""},{""duration_tick"":1,""onset_tick"":6,""pitch"":69,""tie"":""none"",""voice_token"":""voice_0284f7""}]}"
music_2117e927357c64,"{""events"":[{""duration_tick"":4,""onset_tick"":0,""pitch"":68,""tie"":""none"",""voice_token"":""voice_adeebf""},{""duration_tick"":4,""onset_tick"":4,""pitch"":68,""tie"":""none"",""voice_token"":""voice_adeebf""},{""duration_tick"":4,""onset_tick"":8,""pitch"":72,""tie"":""none"",""voice_token"":""voice_adeebf""},{""duration_tick"":4,""onset_tick"":12,""pitch"":73,""tie"":""none"",""voice_token"":""voice_adeebf""},{""duration_tick"":8,""onset_tick"":16,""pitch"":73,""tie"":""none"",""voice_token"":""voice_adeebf""}]}"
music_3e07dfc56a7974,"{""events"":[{""duration_tick"":2,""onset_tick"":0,""pitch"":73,""tie"":""none"",""voice_token"":""voice_adeebf""},{""duration_tick"":2,""onset_tick"":2,""pitch"":70,""tie"":""none"",""voice_token"":""voice_adeebf""},{""duration_tick"":8,""onset_tick"":4,""pitch"":68,""tie"":""none"",""voice_token"":""voice_adeebf""},{""duration_tick"":8,""onset_tick"":12,""pitch"":66,""tie"":""none"",""voice_token"":""voice_adeebf""},{""duration_tick"":4,""onset_tick"":20,""pitch"":75,""tie"":""none"",""voice_token"":""voice_adeebf""}]}"
music_188ce6ec562f21,"{""events"":[{""duration_tick"":2,""onset_tick"":0,""pitch"":74,""tie"":""stop"",""voice_token"":""voice_0284f7""},{""duration_tick"":1,""onset_tick"":2,""pitch"":72,""tie"":""none"",""voice_token"":""voice_0284f7""},{""duration_tick"":1,""onset_tick"":3,""pitch"":71,""tie"":""none"",""voice_token"":""voice_0284f7""},{""duration_tick"":2,""onset_tick"":4,""pitch"":71,""tie"":""none"",""voice_token"":""voice_0284f7""},{""duration_tick"":2,""onset_tick"":6,""pitch"":71,""tie"":""none"",""voice_token"":""voice_0284f7""},{""duration_tick"":2,""onset_tick"":8,""pitch"":71,""tie"":""none"",""voice_token"":""voice_0284f7""}]}"
music_acf769e720e370,"{""events"":[{""duration_tick"":4,""onset_tick"":0,""pitch"":68,""tie"":""none"",""voice_token"":""voice_adeebf""},{""duration_tick"":4,""onset_tick"":4,""pitch"":68,""tie"":""none"",""voice_token"":""voice_adeebf""},{""duration_tick"":2,""onset_tick"":8,""pitch"":70,""tie"":""none"",""voice_token"":""voice_adeebf""},{""duration_tick"":2,""onset_tick"":10,""pitch"":72,""tie"":""none"",""voice_token"":""voice_adeebf""}]}"
music_f8e498efa6429b,"{""events"":[{""duration_tick"":2,""onset_tick"":0,""pitch"":67,""tie"":""none"",""voice_token"":""voice_adeebf""},{""duration_tick"":2,""onset_tick"":2,""pitch"":66,""tie"":""none"",""voice_token"":""voice_adeebf""},{""duration_tick"":2,""onset_tick"":4,""pitch"":67,""tie"":""none"",""voice_token"":""voice_adeebf""},{""duration_tick"":6,""onset_tick"":6,""pitch"":74,""tie"":""start"",""voice_token"":""voice_adeebf""}]}"
music_2a7cccc141c1d4,"{""events"":[{""duration_tick"":2,""onset_tick"":0,""pitch"":79,""tie"":""none"",""voice_token"":""voice_adeebf""},{""duration_tick"":2,""onset_tick"":2,""pitch"":71,""tie"":""none"",""voice_token"":""voice_adeebf""},{""duration_tick"":2,""onset_tick"":4,""pitch"":69,""tie"":""none"",""voice_token"":""voice_adeebf""},{""duration_tick"":2,""onset_tick"":6,""pitch"":74,""tie"":""none"",""voice_token"":""voice_adeebf""},{""duration_tick"":2,""onset_tick"":8,""pitch"":69,""tie"":""none"",""voice_token"":""voice_adeebf""}]}"
music_2b28c605813799,"{""events"":[{""duration_tick"":2,""onset_tick"":0,""pitch"":73,""tie"":""none"",""voice_token"":""voice_0331f8""},{""duration_tick"":2,""onset_tick"":2,""pitch"":77,""tie"":""none"",""voice_token"":""voice_0331f8""},{""duration_tick"":2,""onset_tick"":4,""pitch"":74,""tie"":""none"",""voice_token"":""voice_0331f8""},{""duration_tick"":3,""onset_tick"":6,""pitch"":72,""tie"":""none"",""voice_token"":""voice_0331f8""}]}"
music_a538b4874cba9e,"{""events"":[{""duration_tick"":4,""onset_tick"":0,""pitch"":64,""tie"":""none"",""voice_token"":""voice_adeebf""},{""duration_tick"":4,""onset_tick"":4,""pitch"":64,""tie"":""none"",""voice_token"":""voice_adeebf""},{""duration_tick"":4,""onset_tick"":8,""pitch"":67,""tie"":""none"",""voice_token"":""voice_adeebf""},{""duration_tick"":4,""onset_tick"":12,""pitch"":70,""tie"":""none"",""voice_token"":""voice_adeebf""},{""duration_tick"":4,""onset_tick"":16,""pitch"":69,""tie"":""none"",""voice_token"":""voice_adeebf""},{""duration_tick"":4,""onset_tick"":20,""pitch"":67,""tie"":""none"",""voice_token"":""voice_adeebf""},{""duration_tick"":4,""onset_tick"":24,""pitch"":69,""tie"":""none"",""voice_token"":""voice_adeebf""}]}"
music_41576d49d8bb79,"{""events"":[{""duration_tick"":8,""onset_tick"":0,""pitch"":75,""tie"":""none"",""voice_token"":""voice_0331f8""},{""duration_tick"":4,""onset_tick"":8,""pitch"":75,""tie"":""none"",""voice_token"":""voice_0331f8""},{""duration_tick"":4,""onset_tick"":12,""pitch"":73,""tie"":""none"",""voice_token"":""voice_0331f8""},{""duration_tick"":4,""onset_tick"":16,""pitch"":73,""tie"":""none"",""voice_token"":""voice_0331f8""},{""duration_tick"":1,""onset_tick"":20,""pitch"":73,""tie"":""none"",""voice_token"":""voice_0331f8""}]}"
music_fb98b0526fd236,"{""events"":[{""duration_tick"":2,""onset_tick"":0,""pitch"":71,""tie"":""none"",""voice_token"":""voice_adeebf""},{""duration_tick"":2,""onset_tick"":2,""pitch"":71,""tie"":""none"",""voice_token"":""voice_adeebf""},{""duration_tick"":2,""onset_tick"":4,""pitch"":71,""tie"":""none"",""voice_token"":""voice_adeebf""},{""duration_tick"":2,""onset_tick"":6,""pitch"":69,""tie"":""none"",""voice_token"":""voice_adeebf""},{""duration_tick"":4,""onset_tick"":8,""pitch"":71,""tie"":""none"",""voice_token"":""voice_adeebf""},{""duration_tick"":4,""onset_tick"":12,""pitch"":71,""tie"":""none"",""voice_token"":""voice_adeebf""},{""duration_tick"":4,""onset_tick"":16,""pitch"":69,""tie"":""none"",""voice_token"":""voice_adeebf""}]}"
music_416725e29e46ad,"{""events"":[{""duration_tick"":4,""onset_tick"":0,""pitch"":75,""tie"":""none"",""voice_token"":""voice_adeebf""},{""duration_tick"":8,""onset_tick"":4,""pitch"":77,""tie"":""none"",""voice_token"":""voice_adeebf""},{""duration_tick"":4,""onset_tick"":12,""pitch"":75,""tie"":""none"",""voice_token"":""voice_adeebf""},{""duration_tick"":4,""onset_tick"":16,""pitch"":75,""tie"":""none"",""voice_token"":""voice_adeebf""},{""duration_tick"":4,""onset_tick"":20,""pitch"":75,""tie"":""none"",""voice_token"":""voice_adeebf""},{""duration_tick"":4,""onset_tick"":24,""pitch"":75,""tie"":""none"",""voice_token"":""voice_adeebf""}]}"
music_151dfa92229b4c,"{""events"":[{""duration_tick"":1,""onset_tick"":0,""pitch"":70,""tie"":""none"",""voice_token"":""voice_adeebf""},{""duration_tick"":1,""onset_tick"":1,""pitch"":70,""tie"":""none"",""voice_token"":""voice_adeebf""},{""duration_tick"":1,""onset_tick"":2,""pitch"":72,""tie"":""none"",""voice_token"":""voice_adeebf""},{""duration_tick"":1,""onset_tick"":3,""pitch"":70,""tie"":""none"",""voice_token"":""voice_adeebf""},{""duration_tick"":2,""onset_tick"":4,""pitch"":70,""tie"":""none"",""voice_token"":""voice_adeebf""},{""duration_tick"":2,""onset_tick"":6,""pitch"":72,""tie"":""none"",""voice_token"":""voice_adeebf""},{""duration_tick"":2,""onset_tick"":8,""pitch"":70,""tie"":""none"",""voice_token"":""voice_adeebf""}]}"
music_c1a4cf1b0eb76a,"{""events"":[{""duration_tick"":4,""onset_tick"":0,""pitch"":69,""tie"":""none"",""voice_token"":""voice_8c73be""},{""duration_tick"":2,""onset_tick"":4,""pitch"":71,""tie"":""none"",""voice_token"":""voice_8c73be""},{""duration_tick"":6,""onset_tick"":6,""pitch"":71,""tie"":""none"",""voice_token"":""voice_8c73be""},{""duration_tick"":4,""onset_tick"":12,""pitch"":69,""tie"":""none"",""voice_token"":""voice_8c73be""},{""duration_tick"":2,""onset_tick"":16,""pitch"":69,""tie"":""none"",""voice_token"":""voice_8c73be""},{""duration_tick"":4,""onset_tick"":18,""pitch"":69,""tie"":""none"",""voice_token"":""voice_8c73be""},{""duration_tick"":2,""onset_tick"":22,""pitch"":69,""tie"":""none"",""voice_token"":""voice_8c73be""}]}"
music_3be12b40d4209a,"{""events"":[{""duration_tick"":1,""onset_tick"":0,""pitch"":64,""tie"":""none"",""voice_token"":""voice_0331f8""},{""duration_tick"":1,""onset_tick"":1,""pitch"":67,""tie"":""none"",""voice_token"":""voice_0331f8""},{""duration_tick"":3,""onset_tick"":2,""pitch"":67,""tie"":""none"",""voice_token"":""voice_0331f8""},{""duration_tick"":1,""onset_tick"":5,""pitch"":69,""tie"":""none"",""voice_token"":""voice_0331f8""},{""duration_tick"":3,""onset_tick"":6,""pitch"":67,""tie"":""none"",""voice_token"":""voice_0331f8""},{""duration_tick"":1,""onset_tick"":9,""pitch"":67,""tie"":""none"",""voice_token"":""voice_0331f8""}]}"
music_e24986d8b0aa4c,"{""events"":[{""duration_tick"":2,""onset_tick"":0,""pitch"":66,""tie"":""none"",""voice_token"":""voice_adeebf""},{""duration_tick"":2,""onset_tick"":2,""pitch"":66,""tie"":""none"",""voice_token"":""voice_adeebf""},{""duration_tick"":2,""onset_tick"":4,""pitch"":63,""tie"":""none"",""voice_token"":""voice_adeebf""},{""duration_tick"":4,""onset_tick"":6,""pitch"":64,""tie"":""none"",""voice_token"":""voice_adeebf""}]}"
music_c40453da283118,"{""events"":[{""duration_tick"":2,""onset_tick"":0,""pitch"":73,""tie"":""none"",""voice_token"":""voice_0284f7""},{""duration_tick"":2,""onset_tick"":2,""pitch"":71,""tie"":""none"",""voice_token"":""voice_0284f7""},{""duration_tick"":1,""onset_tick"":4,""pitch"":71,""tie"":""none"",""voice_token"":""voice_0284f7""},{""duration_tick"":1,""onset_tick"":5,""pitch"":71,""tie"":""none"",""voice_token"":""voice_0284f7""},{""duration_tick"":2,""onset_tick"":6,""pitch"":71,""tie"":""none"",""voice_token"":""voice_0284f7""}]}"
music_dea6cd4a6e0c03,"{""events"":[{""duration_tick"":2,""onset_tick"":0,""pitch"":64,""tie"":""none"",""voice_token"":""voice_adeebf""},{""duration_tick"":2,""onset_tick"":2,""pitch"":65,""tie"":""none"",""voice_token"":""voice_adeebf""},{""duration_tick"":2,""onset_tick"":4,""pitch"":65,""tie"":""none"",""voice_token"":""voice_adeebf""},{""duration_tick"":2,""onset_tick"":6,""pitch"":65,""tie"":""none"",""voice_token"":""voice_adeebf""},{""duration_tick"":4,""onset_tick"":8,""pitch"":67,""tie"":""none"",""voice_token"":""voice_adeebf""},{""duration_tick"":2,""onset_tick"":12,""pitch"":67,""tie"":""none"",""voice_token"":""voice_adeebf""},{""duration_tick"":3,""onset_tick"":14,""pitch"":69,""tie"":""none"",""voice_token"":""voice_adeebf""}]}"
music_42b3f15f17c2fe,"{""events"":[{""duration_tick"":8,""onset_tick"":0,""pitch"":-1,""tie"":""none"",""voice_token"":""voice_0853df""},{""duration_tick"":4,""onset_tick"":8,""pitch"":50,""tie"":""none"",""voice_token"":""voice_0853df""},{""duration_tick"":4,""onset_tick"":12,""pitch"":50,""tie"":""none"",""voice_token"":""voice_0853df""},{""duration_tick"":4,""onset_tick"":16,""pitch"":50,""tie"":""none"",""voice_token"":""voice_0853df""},{""duration_tick"":8,""onset_tick"":20,""pitch"":50,""tie"":""none"",""voice_token"":""voice_0853df""}]}"
music_19743964706982,"{""events"":[{""duration_tick"":2,""onset_tick"":0,""pitch"":70,""tie"":""none"",""voice_token"":""voice_adeebf""},{""duration_tick"":2,""onset_tick"":2,""pitch"":70,""tie"":""none"",""voice_token"":""voice_adeebf""},{""duration_tick"":4,""onset_tick"":4,""pitch"":70,""tie"":""none"",""voice_token"":""voice_adeebf""},{""duration_tick"":2,""onset_tick"":8,""pitch"":69,""tie"":""none"",""voice_token"":""voice_adeebf""},{""duration_tick"":2,""onset_tick"":10,""pitch"":69,""tie"":""none"",""voice_token"":""voice_adeebf""},{""duration_tick"":2,""onset_tick"":12,""pitch"":69,""tie"":""none"",""voice_token"":""voice_adeebf""},{""duration_tick"":2,""onset_tick"":14,""pitch"":69,""tie"":""none"",""voice_token"":""voice_adeebf""}]}"
music_7460a1e3c0de92,"{""events"":[{""duration_tick"":2,""onset_tick"":0,""pitch"":64,""tie"":""none"",""voice_token"":""voice_adeebf""},{""duration_tick"":2,""onset_tick"":2,""pitch"":64,""tie"":""none"",""voice_token"":""voice_adeebf""},{""duration_tick"":2,""onset_tick"":4,""pitch"":71,""tie"":""none"",""voice_token"":""voice_adeebf""},{""duration_tick"":4,""onset_tick"":6,""pitch"":69,""tie"":""none"",""voice_token"":""voice_adeebf""},{""duration_tick"":2,""onset_tick"":10,""pitch"":67,""tie"":""none"",""voice_token"":""voice_adeebf""},{""duration_tick"":2,""onset_tick"":12,""pitch"":69,""tie"":""none"",""voice_token"":""voice_adeebf""}]}"
music_44858cffbe28fd,"{""events"":[{""duration_tick"":2,""onset_tick"":0,""pitch"":72,""tie"":""none"",""voice_token"":""voice_adeebf""},{""duration_tick"":8,""onset_tick"":2,""pitch"":72,""tie"":""none"",""voice_token"":""voice_adeebf""},{""duration_tick"":4,""onset_tick"":10,""pitch"":72,""tie"":""none"",""voice_token"":""voice_adeebf""},{""duration_tick"":4,""onset_tick"":14,""pitch"":70,""tie"":""none"",""voice_token"":""voice_adeebf""},{""duration_tick"":4,""onset_tick"":18,""pitch"":65,""tie"":""none"",""voice_token"":""voice_adeebf""},{""duration_tick"":4,""onset_tick"":22,""pitch"":64,""tie"":""none"",""voice_token"":""voice_adeebf""}]}"
music_1dad88613f2aa3,"{""events"":[{""duration_tick"":2,""onset_tick"":0,""pitch"":70,""tie"":""none"",""voice_token"":""voice_bf2e2c""},{""duration_tick"":2,""onset_tick"":2,""pitch"":68,""tie"":""none"",""voice_token"":""voice_bf2e2c""},{""duration_tick"":2,""onset_tick"":4,""pitch"":65,""tie"":""none"",""voice_token"":""voice_bf2e2c""},{""duration_tick"":2,""onset_tick"":6,""pitch"":63,""tie"":""none"",""voice_token"":""voice_bf2e2c""},{""duration_tick"":2,""onset_tick"":8,""pitch"":63,""tie"":""none"",""voice_token"":""voice_bf2e2c""},{""duration_tick"":2,""onset_tick"":10,""pitch"":61,""tie"":""none"",""voice_token"":""voice_bf2e2c""},{""duration_tick"":2,""onset_tick"":12,""pitch"":-1,""tie"":""none"",""voice_token"":""voice_bf2e2c""}]}"
music_bf982b4cee2e18,"{""events"":[{""duration_tick"":2,""onset_tick"":0,""pitch"":71,""tie"":""none"",""voice_token"":""voice_0331f8""},{""duration_tick"":4,""onset_tick"":2,""pitch"":71,""tie"":""none"",""voice_token"":""voice_0331f8""},{""duration_tick"":2,""onset_tick"":6,""pitch"":76,""tie"":""none"",""voice_token"":""voice_0331f8""},{""duration_tick"":4,""onset_tick"":8,""pitch"":74,""tie"":""none"",""voice_token"":""voice_0331f8""},{""duration_tick"":2,""onset_tick"":12,""pitch"":71,""tie"":""none"",""voice_token"":""voice_0331f8""}]}"
music_045e95e4d8d8ad,"{""events"":[{""duration_tick"":4,""onset_tick"":0,""pitch"":62,""tie"":""none"",""voice_token"":""voice_018cca""},{""duration_tick"":8,""onset_tick"":4,""pitch"":67,""tie"":""none"",""voice_token"":""voice_018cca""},{""duration_tick"":8,""onset_tick"":12,""pitch"":67,""tie"":""none"",""voice_token"":""voice_018cca""},{""duration_tick"":4,""onset_tick"":20,""pitch"":69,""tie"":""none"",""voice_token"":""voice_018cca""},{""duration_tick"":4,""onset_tick"":24,""pitch"":67,""tie"":""none"",""voice_token"":""voice_018cca""},{""duration_tick"":8,""onset_tick"":28,""pitch"":65,""tie"":""none"",""voice_token"":""voice_018cca""},{""duration_tick"":8,""onset_tick"":36,""pitch"":62,""tie"":""none"",""voice_token"":""voice_018cca""}]}"
music_2a6b5bc5469ec8,"{""events"":[{""duration_tick"":4,""onset_tick"":0,""pitch"":79,""tie"":""none"",""voice_token"":""voice_0331f8""},{""duration_tick"":2,""onset_tick"":4,""pitch"":77,""tie"":""none"",""voice_token"":""voice_0331f8""},{""duration_tick"":2,""onset_tick"":6,""pitch"":79,""tie"":""none"",""voice_token"":""voice_0331f8""},{""duration_tick"":1,""onset_tick"":8,""pitch"":77,""tie"":""none"",""voice_token"":""voice_0331f8""}]}"
music_54a13fa125e6b6,"{""events"":[{""duration_tick"":1,""onset_tick"":0,""pitch"":64,""tie"":""none"",""voice_token"":""voice_adeebf""},{""duration_tick"":1,""onset_tick"":1,""pitch"":64,""tie"":""none"",""voice_token"":""voice_adeebf""},{""duration_tick"":1,""onset_tick"":2,""pitch"":66,""tie"":""none"",""voice_token"":""voice_adeebf""},{""duration_tick"":1,""onset_tick"":3,""pitch"":69,""tie"":""none"",""voice_token"":""voice_adeebf""}]}"
music_702e2409372588,"{""events"":[{""duration_tick"":4,""onset_tick"":0,""pitch"":79,""tie"":""none"",""voice_token"":""voice_0331f8""},{""duration_tick"":2,""onset_tick"":4,""pitch"":74,""tie"":""none"",""voice_token"":""voice_0331f8""},{""duration_tick"":2,""onset_tick"":6,""pitch"":74,""tie"":""none"",""voice_token"":""voice_0331f8""},{""duration_tick"":16,""onset_tick"":8,""pitch"":76,""tie"":""none"",""voice_token"":""voice_0331f8""},{""duration_tick"":8,""onset_tick"":24,""pitch"":72,""tie"":""none"",""voice_token"":""voice_0331f8""},{""duration_tick"":4,""onset_tick"":32,""pitch"":77,""tie"":""start"",""voice_token"":""voice_0331f8""}]}"
music_eac438d5d05a41,"{""events"":[{""duration_tick"":4,""onset_tick"":0,""pitch"":72,""tie"":""none"",""voice_token"":""voice_bf2e2c""},{""duration_tick"":4,""onset_tick"":4,""pitch"":74,""tie"":""none"",""voice_token"":""voice_bf2e2c""},{""duration_tick"":4,""onset_tick"":8,""pitch"":72,""tie"":""none"",""voice_token"":""voice_bf2e2c""},{""duration_tick"":4,""onset_tick"":12,""pitch"":71,""tie"":""none"",""voice_token"":""voice_bf2e2c""},{""duration_tick"":4,""onset_tick"":16,""pitch"":77,""tie"":""none"",""voice_token"":""voice_bf2e2c""}]}"
music_f4bffb990836cc,"{""events"":[{""duration_tick"":2,""onset_tick"":0,""pitch"":72,""tie"":""stop"",""voice_token"":""voice_0331f8""},{""duration_tick"":2,""onset_tick"":2,""pitch"":72,""tie"":""none"",""voice_token"":""voice_0331f8""},{""duration_tick"":2,""onset_tick"":4,""pitch"":76,""tie"":""none"",""voice_token"":""voice_0331f8""},{""duration_tick"":2,""onset_tick"":6,""pitch"":72,""tie"":""none"",""voice_token"":""voice_0331f8""},{""duration_tick"":6,""onset_tick"":8,""pitch"":72,""tie"":""none"",""voice_token"":""voice_0331f8""},{""duration_tick"":2,""onset_tick"":14,""pitch"":-1,""tie"":""none"",""voice_token"":""voice_0331f8""},{""duration_tick"":16,""onset_tick"":16,""pitch"":-1,""tie"":""none"",""voice_token"":""voice_0331f8""}]}"
music_a309126078237e,"{""events"":[{""duration_tick"":4,""onset_tick"":0,""pitch"":69,""tie"":""none"",""voice_token"":""voice_0284f7""},{""duration_tick"":2,""onset_tick"":4,""pitch"":69,""tie"":""none"",""voice_token"":""voice_0284f7""},{""duration_tick"":4,""onset_tick"":6,""pitch"":68,""tie"":""none"",""voice_token"":""voice_0284f7""},{""duration_tick"":2,""onset_tick"":10,""pitch"":68,""tie"":""none"",""voice_token"":""voice_0284f7""}]}"
music_fa64591757bc5b,"{""events"":[{""duration_tick"":4,""onset_tick"":0,""pitch"":75,""tie"":""none"",""voice_token"":""voice_bf2e2c""},{""duration_tick"":4,""onset_tick"":4,""pitch"":75,""tie"":""none"",""voice_token"":""voice_bf2e2c""},{""duration_tick"":2,""onset_tick"":8,""pitch"":70,""tie"":""none"",""voice_token"":""voice_bf2e2c""},{""duration_tick"":2,""onset_tick"":10,""pitch"":67,""tie"":""none"",""voice_token"":""voice_bf2e2c""},{""duration_tick"":4,""onset_tick"":12,""pitch"":-1,""tie"":""none"",""voice_token"":""voice_bf2e2c""}]}"
music_949f49775d6578,"{""events"":[{""duration_tick"":12,""onset_tick"":0,""pitch"":76,""tie"":""none"",""voice_token"":""voice_adeebf""},{""duration_tick"":12,""onset_tick"":12,""pitch"":73,""tie"":""none"",""voice_token"":""voice_adeebf""},{""duration_tick"":6,""onset_tick"":24,""pitch"":76,""tie"":""none"",""voice_token"":""voice_adeebf""},{""duration_tick"":2,""onset_tick"":30,""pitch"":73,""tie"":""none"",""voice_token"":""voice_adeebf""},{""duration_tick"":2,""onset_tick"":32,""pitch"":71,""tie"":""none"",""voice_token"":""voice_adeebf""},{""duration_tick"":2,""onset_tick"":34,""pitch"":71,""tie"":""none"",""voice_token"":""voice_adeebf""},{""duration_tick"":6,""onset_tick"":36,""pitch"":73,""tie"":""none"",""voice_token"":""voice_adeebf""}]}"
music_0a67783167ab18,"{""events"":[{""duration_tick"":4,""onset_tick"":0,""pitch"":74,""tie"":""none"",""voice_token"":""voice_0284f7""},{""duration_tick"":4,""onset_tick"":4,""pitch"":74,""tie"":""none"",""voice_token"":""voice_0284f7""},{""duration_tick"":2,""onset_tick"":8,""pitch"":72,""tie"":""none"",""voice_token"":""voice_0284f7""},{""duration_tick"":2,""onset_tick"":10,""pitch"":71,""tie"":""none"",""voice_token"":""voice_0284f7""},{""duration_tick"":2,""onset_tick"":12,""pitch"":72,""tie"":""none"",""voice_token"":""voice_0284f7""}]}"
music_6322d045e5156b,"{""events"":[{""duration_tick"":4,""onset_tick"":0,""pitch"":66,""tie"":""none"",""voice_token"":""voice_bf2e2c""},{""duration_tick"":4,""onset_tick"":4,""pitch"":66,""tie"":""none"",""voice_token"":""voice_bf2e2c""},{""duration_tick"":4,""onset_tick"":8,""pitch"":66,""tie"":""none"",""voice_token"":""voice_bf2e2c""},{""duration_tick"":4,""onset_tick"":12,""pitch"":66,""tie"":""none"",""voice_token"":""voice_bf2e2c""},{""duration_tick"":8,""onset_tick"":16,""pitch"":66,""tie"":""none"",""voice_token"":""voice_bf2e2c""},{""duration_tick"":8,""onset_tick"":24,""pitch"":66,""tie"":""none"",""voice_token"":""voice_bf2e2c""},{""duration_tick"":8,""onset_tick"":32,""pitch"":68,""tie"":""none"",""voice_token"":""voice_bf2e2c""}]}"
music_499bee6e4fa50c,"{""events"":[{""duration_tick"":1,""onset_tick"":0,""pitch"":73,""tie"":""none"",""voice_token"":""voice_adeebf""},{""duration_tick"":8,""onset_tick"":1,""pitch"":72,""tie"":""none"",""voice_token"":""voice_adeebf""},{""duration_tick"":4,""onset_tick"":9,""pitch"":-1,""tie"":""none"",""voice_token"":""voice_adeebf""},{""duration_tick"":4,""onset_tick"":13,""pitch"":-1,""tie"":""none"",""voice_token"":""voice_adeebf""},{""duration_tick"":12,""onset_tick"":17,""pitch"":-1,""tie"":""none"",""voice_token"":""voice_adeebf""},{""duration_tick"":12,""onset_tick"":29,""pitch"":73,""tie"":""none"",""voice_token"":""voice_adeebf""},{""duration_tick"":4,""onset_tick"":41,""pitch"":72,""tie"":""none"",""voice_token"":""voice_adeebf""}]}"
music_b08d4c5e9e6e10,"{""events"":[{""duration_tick"":2,""onset_tick"":0,""pitch"":70,""tie"":""none"",""voice_token"":""voice_bf2e2c""},{""duration_tick"":4,""onset_tick"":2,""pitch"":70,""tie"":""none"",""voice_token"":""voice_bf2e2c""},{""duration_tick"":2,""onset_tick"":6,""pitch"":70,""tie"":""none"",""voice_token"":""voice_bf2e2c""},{""duration_tick"":4,""onset_tick"":8,""pitch"":70,""tie"":""none"",""voice_token"":""voice_bf2e2c""},{""duration_tick"":2,""onset_tick"":12,""pitch"":70,""tie"":""none"",""voice_token"":""voice_bf2e2c""},{""duration_tick"":4,""onset_tick"":14,""pitch"":70,""tie"":""none"",""voice_token"":""voice_bf2e2c""},{""duration_tick"":2,""onset_tick"":18,""pitch"":70,""tie"":""none"",""voice_token"":""voice_bf2e2c""}]}"
music_02b0ba8543c946,"{""events"":[{""duration_tick"":6,""onset_tick"":0,""pitch"":63,""tie"":""stop"",""voice_token"":""voice_0284f7""},{""duration_tick"":4,""onset_tick"":6,""pitch"":66,""tie"":""none"",""voice_token"":""voice_0284f7""},{""duration_tick"":2,""onset_tick"":10,""pitch"":68,""tie"":""none"",""voice_token"":""voice_0284f7""},{""duration_tick"":6,""onset_tick"":12,""pitch"":71,""tie"":""none"",""voice_token"":""voice_0284f7""},{""duration_tick"":4,""onset_tick"":18,""pitch"":71,""tie"":""none"",""voice_token"":""voice_0284f7""}]}"
music_b93b19bb79050f,"{""events"":[{""duration_tick"":4,""onset_tick"":0,""pitch"":60,""tie"":""none"",""voice_token"":""voice_adeebf""},{""duration_tick"":4,""onset_tick"":4,""pitch"":70,""tie"":""none"",""voice_token"":""voice_adeebf""},{""duration_tick"":4,""onset_tick"":8,""pitch"":72,""tie"":""none"",""voice_token"":""voice_adeebf""},{""duration_tick"":4,""onset_tick"":12,""pitch"":75,""tie"":""none"",""voice_token"":""voice_adeebf""},{""duration_tick"":4,""onset_tick"":16,""pitch"":68,""tie"":""none"",""voice_token"":""voice_adeebf""},{""duration_tick"":4,""onset_tick"":20,""pitch"":72,""tie"":""none"",""voice_token"":""voice_adeebf""},{""duration_tick"":4,""onset_tick"":24,""pitch"":77,""tie"":""none"",""voice_token"":""voice_adeebf""}]}"
music_77ce1c7996f15e,"{""events"":[{""duration_tick"":2,""onset_tick"":0,""pitch"":73,""tie"":""none"",""voice_token"":""voice_0331f8""},{""duration_tick"":4,""onset_tick"":2,""pitch"":72,""tie"":""none"",""voice_token"":""voice_0331f8""},{""duration_tick"":8,""onset_tick"":6,""pitch"":70,""tie"":""none"",""voice_token"":""voice_0331f8""},{""duration_tick"":4,""onset_tick"":14,""pitch"":70,""tie"":""none"",""voice_token"":""voice_0331f8""}]}"
music_b9b9b13f2e828f,"{""events"":[{""duration_tick"":24,""onset_tick"":0,""pitch"":-1,""tie"":""none"",""voice_token"":""voice_5c966a""},{""duration_tick"":32,""onset_tick"":24,""pitch"":-1,""tie"":""none"",""voice_token"":""voice_5c966a""},{""duration_tick"":32,""onset_tick"":56,""pitch"":-1,""tie"":""none"",""voice_token"":""voice_5c966a""},{""duration_tick"":24,""onset_tick"":88,""pitch"":-1,""tie"":""none"",""voice_token"":""voice_5c966a""},{""duration_tick"":4,""onset_tick"":112,""pitch"":-1,""tie"":""none"",""voice_token"":""voice_5c966a""}]}"
music_096a0b2af19ffe,"{""events"":[{""duration_tick"":2,""onset_tick"":0,""pitch"":64,""tie"":""none"",""voice_token"":""voice_0284f7""},{""duration_tick"":1,""onset_tick"":2,""pitch"":64,""tie"":""none"",""voice_token"":""voice_0284f7""},{""duration_tick"":1,""onset_tick"":3,""pitch"":64,""tie"":""none"",""voice_token"":""voice_0284f7""},{""duration_tick"":4,""onset_tick"":4,""pitch"":64,""tie"":""none"",""voice_token"":""voice_0284f7""},{""duration_tick"":1,""onset_tick"":8,""pitch"":64,""tie"":""none"",""voice_token"":""voice_0284f7""}]}"
music_5d210033063ddf,"{""events"":[{""duration_tick"":2,""onset_tick"":0,""pitch"":64,""tie"":""none"",""voice_token"":""voice_adeebf""},{""duration_tick"":2,""onset_tick"":2,""pitch"":66,""tie"":""none"",""voice_token"":""voice_adeebf""},{""duration_tick"":2,""onset_tick"":4,""pitch"":73,""tie"":""none"",""voice_token"":""voice_adeebf""},{""duration_tick"":2,""onset_tick"":6,""pitch"":73,""tie"":""none"",""voice_token"":""voice_adeebf""}]}"
music_a86ff21c1f3c99,"{""events"":[{""duration_tick"":12,""onset_tick"":0,""pitch"":-1,""tie"":""none"",""voice_token"":""voice_adeebf""},{""duration_tick"":4,""onset_tick"":12,""pitch"":-1,""tie"":""none"",""voice_token"":""voice_adeebf""},{""duration_tick"":4,""onset_tick"":16,""pitch"":-1,""tie"":""none"",""voice_token"":""voice_adeebf""},{""duration_tick"":4,""onset_tick"":20,""pitch"":-1,""tie"":""none"",""voice_token"":""voice_adeebf""},{""duration_tick"":4,""onset_tick"":24,""pitch"":-1,""tie"":""none"",""voice_token"":""voice_adeebf""},{""duration_tick"":4,""onset_tick"":28,""pitch"":69,""tie"":""none"",""voice_token"":""voice_adeebf""}]}"
music_c494415df52eb2,"{""events"":[{""duration_tick"":4,""onset_tick"":0,""pitch"":69,""tie"":""none"",""voice_token"":""voice_adeebf""},{""duration_tick"":4,""onset_tick"":4,""pitch"":68,""tie"":""none"",""voice_token"":""voice_adeebf""},{""duration_tick"":4,""onset_tick"":8,""pitch"":66,""tie"":""none"",""voice_token"":""voice_adeebf""},{""duration_tick"":4,""onset_tick"":12,""pitch"":-1,""tie"":""none"",""voice_token"":""voice_adeebf""}]}"
music_2ee7673d05a0a6,"{""events"":[{""duration_tick"":2,""onset_tick"":0,""pitch"":75,""tie"":""none"",""voice_token"":""voice_0c1db5""},{""duration_tick"":2,""onset_tick"":2,""pitch"":72,""tie"":""none"",""voice_token"":""voice_0c1db5""},{""duration_tick"":2,""onset_tick"":4,""pitch"":70,""tie"":""none"",""voice_token"":""voice_0c1db5""},{""duration_tick"":2,""onset_tick"":6,""pitch"":70,""tie"":""none"",""voice_token"":""voice_0c1db5""},{""duration_tick"":4,""onset_tick"":8,""pitch"":73,""tie"":""none"",""voice_token"":""voice_0c1db5""},{""duration_tick"":4,""onset_tick"":12,""pitch"":73,""tie"":""none"",""voice_token"":""voice_0c1db5""},{""duration_tick"":4,""onset_tick"":16,""pitch"":73,""tie"":""none"",""voice_token"":""voice_0c1db5""}]}"
music_06df7986aa0d9a,"{""events"":[{""duration_tick"":2,""onset_tick"":0,""pitch"":71,""tie"":""none"",""voice_token"":""voice_bf2e2c""},{""duration_tick"":2,""onset_tick"":2,""pitch"":64,""tie"":""none"",""voice_token"":""voice_bf2e2c""},{""duration_tick"":4,""onset_tick"":4,""pitch"":64,""tie"":""none"",""voice_token"":""voice_bf2e2c""},{""duration_tick"":4,""onset_tick"":8,""pitch"":66,""tie"":""none"",""voice_token"":""voice_bf2e2c""},{""duration_tick"":3,""onset_tick"":12,""pitch"":66,""tie"":""none"",""voice_token"":""voice_bf2e2c""}]}"
music_4a14292d446b67,"{""events"":[{""duration_tick"":4,""onset_tick"":0,""pitch"":72,""tie"":""none"",""voice_token"":""voice_adeebf""},{""duration_tick"":4,""onset_tick"":4,""pitch"":70,""tie"":""none"",""voice_token"":""voice_adeebf""},{""duration_tick"":4,""onset_tick"":8,""pitch"":68,""tie"":""none"",""voice_token"":""voice_adeebf""},{""duration_tick"":4,""onset_tick"":12,""pitch"":63,""tie"":""none"",""voice_token"":""voice_adeebf""},{""duration_tick"":4,""onset_tick"":16,""pitch"":61,""tie"":""none"",""voice_token"":""voice_adeebf""},{""duration_tick"":2,""onset_tick"":20,""pitch"":60,""tie"":""none"",""voice_token"":""voice_adeebf""},{""duration_tick"":2,""onset_tick"":22,""pitch"":63,""tie"":""none"",""voice_token"":""voice_adeebf""}]}"
music_35f1fb32ff343c,"{""events"":[{""duration_tick"":2,""onset_tick"":0,""pitch"":66,""tie"":""none"",""voice_token"":""voice_bf2e2c""},{""duration_tick"":2,""onset_tick"":2,""pitch"":63,""tie"":""none"",""voice_token"":""voice_bf2e2c""},{""duration_tick"":4,""onset_tick"":4,""pitch"":65,""tie"":""none"",""voice_token"":""voice_bf2e2c""},{""duration_tick"":4,""onset_tick"":8,""pitch"":65,""tie"":""none"",""voice_token"":""voice_bf2e2c""}]}"
music_34424cddd702ac,"{""events"":[{""duration_tick"":4,""onset_tick"":0,""pitch"":65,""tie"":""none"",""voice_token"":""voice_adeebf""},{""duration_tick"":4,""onset_tick"":4,""pitch"":65,""tie"":""none"",""voice_token"":""voice_adeebf""},{""duration_tick"":4,""onset_tick"":8,""pitch"":67,""tie"":""none"",""voice_token"":""voice_adeebf""},{""duration_tick"":4,""onset_tick"":12,""pitch"":65,""tie"":""none"",""voice_token"":""voice_adeebf""},{""duration_tick"":4,""onset_tick"":16,""pitch"":70,""tie"":""none"",""voice_token"":""voice_adeebf""},{""duration_tick"":2,""onset_tick"":20,""pitch"":70,""tie"":""none"",""voice_token"":""voice_adeebf""},{""duration_tick"":2,""onset_tick"":22,""pitch"":70,""tie"":""none"",""voice_token"":""voice_adeebf""}]}"
music_2debf62d067f24,"{""events"":[{""duration_tick"":24,""onset_tick"":0,""pitch"":-1,""tie"":""none"",""voice_token"":""voice_5c966a""},{""duration_tick"":24,""onset_tick"":24,""pitch"":-1,""tie"":""none"",""voice_token"":""voice_5c966a""},{""duration_tick"":24,""onset_tick"":48,""pitch"":-1,""tie"":""none"",""voice_token"":""voice_5c966a""},{""duration_tick"":32,""onset_tick"":72,""pitch"":-1,""tie"":""none"",""voice_token"":""voice_5c966a""},{""duration_tick"":14,""onset_tick"":104,""pitch"":-1,""tie"":""none"",""voice_token"":""voice_5c966a""}]}"
music_5445b4d168854d,"{""events"":[{""duration_tick"":4,""onset_tick"":0,""pitch"":67,""tie"":""none"",""voice_token"":""voice_0284f7""},{""duration_tick"":2,""onset_tick"":4,""pitch"":69,""tie"":""none"",""voice_token"":""voice_0284f7""},{""duration_tick"":6,""onset_tick"":6,""pitch"":70,""tie"":""none"",""voice_token"":""voice_0284f7""},{""duration_tick"":6,""onset_tick"":12,""pitch"":67,""tie"":""none"",""voice_token"":""voice_0284f7""},{""duration_tick"":12,""onset_tick"":18,""pitch"":69,""tie"":""none"",""voice_token"":""voice_0284f7""}]}"
music_a423738e7c8acd,"{""events"":[{""duration_tick"":2,""onset_tick"":0,""pitch"":71,""tie"":""none"",""voice_token"":""voice_adeebf""},{""duration_tick"":2,""onset_tick"":2,""pitch"":69,""tie"":""none"",""voice_token"":""voice_adeebf""},{""duration_tick"":2,""onset_tick"":4,""pitch"":69,""tie"":""none"",""voice_token"":""voice_adeebf""},{""duration_tick"":4,""onset_tick"":6,""pitch"":69,""tie"":""none"",""voice_token"":""voice_adeebf""},{""duration_tick"":4,""onset_tick"":10,""pitch"":67,""tie"":""none"",""voice_token"":""voice_adeebf""},{""duration_tick"":2,""onset_tick"":14,""pitch"":-1,""tie"":""none"",""voice_token"":""voice_adeebf""},{""duration_tick"":2,""onset_tick"":16,""pitch"":-1,""tie"":""none"",""voice_token"":""voice_adeebf""}]}"
music_913bd8cb8f64ab,"{""events"":[{""duration_tick"":4,""onset_tick"":0,""pitch"":62,""tie"":""none"",""voice_token"":""voice_7574bc""},{""duration_tick"":8,""onset_tick"":4,""pitch"":66,""tie"":""none"",""voice_token"":""voice_7574bc""},{""duration_tick"":4,""onset_tick"":12,""pitch"":71,""tie"":""none"",""voice_token"":""voice_7574bc""},{""duration_tick"":8,""onset_tick"":16,""pitch"":66,""tie"":""none"",""voice_token"":""voice_7574bc""},{""duration_tick"":4,""onset_tick"":24,""pitch"":71,""tie"":""none"",""voice_token"":""voice_7574bc""},{""duration_tick"":4,""onset_tick"":28,""pitch"":-1,""tie"":""none"",""voice_token"":""voice_7574bc""},{""duration_tick"":4,""onset_tick"":32,""pitch"":-1,""tie"":""none"",""voice_token"":""voice_7574bc""}]}"
music_bf2b06c0a79875,"{""events"":[{""duration_tick"":3,""onset_tick"":0,""pitch"":64,""tie"":""none"",""voice_token"":""voice_adeebf""},{""duration_tick"":1,""onset_tick"":3,""pitch"":63,""tie"":""none"",""voice_token"":""voice_adeebf""},{""duration_tick"":3,""onset_tick"":4,""pitch"":64,""tie"":""none"",""voice_token"":""voice_adeebf""},{""duration_tick"":1,""onset_tick"":7,""pitch"":65,""tie"":""none"",""voice_token"":""voice_adeebf""},{""duration_tick"":1,""onset_tick"":8,""pitch"":66,""tie"":""none"",""voice_token"":""voice_adeebf""}]}"
music_2ec8b9fb97d292,"{""events"":[{""duration_tick"":2,""onset_tick"":0,""pitch"":69,""tie"":""none"",""voice_token"":""voice_bf2e2c""},{""duration_tick"":2,""onset_tick"":2,""pitch"":67,""tie"":""none"",""voice_token"":""voice_bf2e2c""},{""duration_tick"":2,""onset_tick"":4,""pitch"":66,""tie"":""none"",""voice_token"":""voice_bf2e2c""},{""duration_tick"":2,""onset_tick"":6,""pitch"":67,""tie"":""none"",""voice_token"":""voice_bf2e2c""},{""duration_tick"":2,""onset_tick"":8,""pitch"":74,""tie"":""none"",""voice_token"":""voice_bf2e2c""},{""duration_tick"":2,""onset_tick"":10,""pitch"":72,""tie"":""none"",""voice_token"":""voice_bf2e2c""}]}"
music_6bfca52cc8dc28,"{""events"":[{""duration_tick"":2,""onset_tick"":0,""pitch"":64,""tie"":""none"",""voice_token"":""voice_adeebf""},{""duration_tick"":2,""onset_tick"":2,""pitch"":62,""tie"":""none"",""voice_token"":""voice_adeebf""},{""duration_tick"":2,""onset_tick"":4,""pitch"":65,""tie"":""none"",""voice_token"":""voice_adeebf""},{""duration_tick"":2,""onset_tick"":6,""pitch"":65,""tie"":""none"",""voice_token"":""voice_adeebf""},{""duration_tick"":2,""onset_tick"":8,""pitch"":67,""tie"":""none"",""voice_token"":""voice_adeebf""},{""duration_tick"":3,""onset_tick"":10,""pitch"":69,""tie"":""none"",""voice_token"":""voice_adeebf""}]}"
music_b4f04a32863252,"{""events"":[{""duration_tick"":2,""onset_tick"":0,""pitch"":61,""tie"":""none"",""voice_token"":""voice_8612ca""},{""duration_tick"":6,""onset_tick"":2,""pitch"":63,""tie"":""none"",""voice_token"":""voice_8612ca""},{""duration_tick"":2,""onset_tick"":8,""pitch"":63,""tie"":""none"",""voice_token"":""voice_8612ca""},{""duration_tick"":4,""onset_tick"":10,""pitch"":-1,""tie"":""none"",""voice_token"":""voice_8612ca""}]}"
music_7af225736788ea,"{""events"":[{""duration_tick"":1,""onset_tick"":0,""pitch"":70,""tie"":""none"",""voice_token"":""voice_bf2e2c""},{""duration_tick"":1,""onset_tick"":1,""pitch"":67,""tie"":""none"",""voice_token"":""voice_bf2e2c""},{""duration_tick"":2,""onset_tick"":2,""pitch"":68,""tie"":""none"",""voice_token"":""voice_bf2e2c""},{""duration_tick"":2,""onset_tick"":4,""pitch"":65,""tie"":""none"",""voice_token"":""voice_bf2e2c""},{""duration_tick"":2,""onset_tick"":6,""pitch"":63,""tie"":""none"",""voice_token"":""voice_bf2e2c""}]}"
music_c50bad7a16e38f,"{""events"":[{""duration_tick"":4,""onset_tick"":0,""pitch"":69,""tie"":""none"",""voice_token"":""voice_adeebf""},{""duration_tick"":2,""onset_tick"":4,""pitch"":69,""tie"":""none"",""voice_token"":""voice_adeebf""},{""duration_tick"":4,""onset_tick"":6,""pitch"":71,""tie"":""none"",""voice_token"":""voice_adeebf""},{""duration_tick"":2,""onset_tick"":10,""pitch"":71,""tie"":""none"",""voice_token"":""voice_adeebf""},{""duration_tick"":4,""onset_tick"":12,""pitch"":73,""tie"":""none"",""voice_token"":""voice_adeebf""},{""duration_tick"":2,""onset_tick"":16,""pitch"":73,""tie"":""none"",""voice_token"":""voice_adeebf""}]}"
music_75c3f946d32051,"{""events"":[{""duration_tick"":4,""onset_tick"":0,""pitch"":65,""tie"":""none"",""voice_token"":""voice_adeebf""},{""duration_tick"":2,""onset_tick"":4,""pitch"":67,""tie"":""none"",""voice_token"":""voice_adeebf""},{""duration_tick"":2,""onset_tick"":6,""pitch"":67,""tie"":""none"",""voice_token"":""voice_adeebf""},{""duration_tick"":2,""onset_tick"":8,""pitch"":68,""tie"":""none"",""voice_token"":""voice_adeebf""}]}"
music_b6b343d857b053,"{""events"":[{""duration_tick"":2,""onset_tick"":0,""pitch"":70,""tie"":""none"",""voice_token"":""voice_adeebf""},{""duration_tick"":4,""onset_tick"":2,""pitch"":70,""tie"":""none"",""voice_token"":""voice_adeebf""},{""duration_tick"":12,""onset_tick"":6,""pitch"":70,""tie"":""none"",""voice_token"":""voice_adeebf""},{""duration_tick"":4,""onset_tick"":18,""pitch"":70,""tie"":""none"",""voice_token"":""voice_adeebf""}]}"
music_de1d52b86f21fc,"{""events"":[{""duration_tick"":2,""onset_tick"":0,""pitch"":67,""tie"":""none"",""voice_token"":""voice_bf2e2c""},{""duration_tick"":3,""onset_tick"":2,""pitch"":74,""tie"":""none"",""voice_token"":""voice_bf2e2c""},{""duration_tick"":1,""onset_tick"":5,""pitch"":72,""tie"":""none"",""voice_token"":""voice_bf2e2c""},{""duration_tick"":4,""onset_tick"":6,""pitch"":70,""tie"":""none"",""voice_token"":""voice_bf2e2c""},{""duration_tick"":4,""onset_tick"":10,""pitch"":69,""tie"":""none"",""voice_token"":""voice_bf2e2c""},{""duration_tick"":3,""onset_tick"":14,""pitch"":67,""tie"":""none"",""voice_token"":""voice_bf2e2c""}]}"
music_e285ac90d4d4c3,"{""events"":[{""duration_tick"":1,""onset_tick"":0,""pitch"":72,""tie"":""none"",""voice_token"":""voice_7574bc""},{""duration_tick"":2,""onset_tick"":1,""pitch"":67,""tie"":""none"",""voice_token"":""voice_7574bc""},{""duration_tick"":6,""onset_tick"":3,""pitch"":69,""tie"":""none"",""voice_token"":""voice_7574bc""},{""duration_tick"":2,""onset_tick"":9,""pitch"":69,""tie"":""none"",""voice_token"":""voice_7574bc""},{""duration_tick"":2,""onset_tick"":11,""pitch"":71,""tie"":""none"",""voice_token"":""voice_7574bc""},{""duration_tick"":2,""onset_tick"":13,""pitch"":69,""tie"":""none"",""voice_token"":""voice_7574bc""},{""duration_tick"":6,""onset_tick"":15,""pitch"":67,""tie"":""none"",""voice_token"":""voice_7574bc""}]}"
music_00e02595f1933f,"{""events"":[{""duration_tick"":4,""onset_tick"":0,""pitch"":75,""tie"":""none"",""voice_token"":""voice_adeebf""},{""duration_tick"":4,""onset_tick"":4,""pitch"":73,""tie"":""none"",""voice_token"":""voice_adeebf""},{""duration_tick"":4,""onset_tick"":8,""pitch"":71,""tie"":""none"",""voice_token"":""voice_adeebf""},{""duration_tick"":4,""onset_tick"":12,""pitch"":70,""tie"":""none"",""voice_token"":""voice_adeebf""}]}"
music_3c4f8bfccd627c,"{""events"":[{""duration_tick"":12,""onset_tick"":0,""pitch"":70,""tie"":""none"",""voice_token"":""voice_0331f8""},{""duration_tick"":8,""onset_tick"":12,""pitch"":70,""tie"":""none"",""voice_token"":""voice_0331f8""},{""duration_tick"":4,""onset_tick"":20,""pitch"":68,""tie"":""none"",""voice_token"":""voice_0331f8""},{""duration_tick"":4,""onset_tick"":24,""pitch"":73,""tie"":""none"",""voice_token"":""voice_0331f8""}]}"
music_600c0803bb6123,"{""events"":[{""duration_tick"":4,""onset_tick"":0,""pitch"":71,""tie"":""none"",""voice_token"":""voice_adeebf""},{""duration_tick"":2,""onset_tick"":4,""pitch"":75,""tie"":""none"",""voice_token"":""voice_adeebf""},{""duration_tick"":2,""onset_tick"":6,""pitch"":74,""tie"":""none"",""voice_token"":""voice_adeebf""},{""duration_tick"":2,""onset_tick"":8,""pitch"":75,""tie"":""none"",""voice_token"":""voice_adeebf""},{""duration_tick"":2,""onset_tick"":10,""pitch"":74,""tie"":""none"",""voice_token"":""voice_adeebf""},{""duration_tick"":2,""onset_tick"":12,""pitch"":75,""tie"":""none"",""voice_token"":""voice_adeebf""},{""duration_tick"":1,""onset_tick"":14,""pitch"":75,""tie"":""none"",""voice_token"":""voice_adeebf""}]}"
music_ac80baf63937dd,"{""events"":[{""duration_tick"":2,""onset_tick"":0,""pitch"":65,""tie"":""none"",""voice_token"":""voice_0331f8""},{""duration_tick"":6,""onset_tick"":2,""pitch"":65,""tie"":""none"",""voice_token"":""voice_0331f8""},{""duration_tick"":6,""onset_tick"":8,""pitch"":70,""tie"":""none"",""voice_token"":""voice_0331f8""},{""duration_tick"":6,""onset_tick"":14,""pitch"":69,""tie"":""none"",""voice_token"":""voice_0331f8""}]}"
music_7720c0df3dd585,"{""events"":[{""duration_tick"":2,""onset_tick"":0,""pitch"":69,""tie"":""none"",""voice_token"":""voice_0284f7""},{""duration_tick"":2,""onset_tick"":2,""pitch"":64,""tie"":""none"",""voice_token"":""voice_0284f7""},{""duration_tick"":2,""onset_tick"":4,""pitch"":66,""tie"":""none"",""voice_token"":""voice_0284f7""},{""duration_tick"":1,""onset_tick"":6,""pitch"":66,""tie"":""none"",""voice_token"":""voice_0284f7""},{""duration_tick"":1,""onset_tick"":7,""pitch"":66,""tie"":""none"",""voice_token"":""voice_0284f7""},{""duration_tick"":1,""onset_tick"":8,""pitch"":68,""tie"":""none"",""voice_token"":""voice_0284f7""},{""duration_tick"":1,""onset_tick"":9,""pitch"":68,""tie"":""none"",""voice_token"":""voice_0284f7""}]}"
music_a79de4ac39ec74,"{""events"":[{""duration_tick"":4,""onset_tick"":0,""pitch"":67,""tie"":""none"",""voice_token"":""voice_bf2e2c""},{""duration_tick"":3,""onset_tick"":4,""pitch"":67,""tie"":""none"",""voice_token"":""voice_bf2e2c""},{""duration_tick"":1,""onset_tick"":7,""pitch"":69,""tie"":""none"",""voice_token"":""voice_bf2e2c""},{""duration_tick"":4,""onset_tick"":8,""pitch"":70,""tie"":""none"",""voice_token"":""voice_bf2e2c""},{""duration_tick"":2,""onset_tick"":12,""pitch"":74,""tie"":""none"",""voice_token"":""voice_bf2e2c""},{""duration_tick"":2,""onset_tick"":14,""pitch"":74,""tie"":""none"",""voice_token"":""voice_bf2e2c""}]}"
music_ea4fb81722b4d7,"{""events"":[{""duration_tick"":4,""onset_tick"":0,""pitch"":-1,""tie"":""none"",""voice_token"":""voice_0284f7""},{""duration_tick"":4,""onset_tick"":4,""pitch"":68,""tie"":""none"",""voice_token"":""voice_0284f7""},{""duration_tick"":4,""onset_tick"":8,""pitch"":68,""tie"":""none"",""voice_token"":""voice_0284f7""},{""duration_tick"":4,""onset_tick"":12,""pitch"":68,""tie"":""none"",""voice_token"":""voice_0284f7""},{""duration_tick"":4,""onset_tick"":16,""pitch"":68,""tie"":""none"",""voice_token"":""voice_0284f7""}]}"
music_268bcef123d4d9,"{""events"":[{""duration_tick"":4,""onset_tick"":0,""pitch"":69,""tie"":""none"",""voice_token"":""voice_adeebf""},{""duration_tick"":4,""onset_tick"":4,""pitch"":71,""tie"":""none"",""voice_token"":""voice_adeebf""},{""duration_tick"":8,""onset_tick"":8,""pitch"":72,""tie"":""none"",""voice_token"":""voice_adeebf""},{""duration_tick"":6,""onset_tick"":16,""pitch"":69,""tie"":""none"",""voice_token"":""voice_adeebf""}]}"
music_7b01e79f6cbec7,"{""events"":[{""duration_tick"":1,""onset_tick"":0,""pitch"":73,""tie"":""none"",""voice_token"":""voice_adeebf""},{""duration_tick"":6,""onset_tick"":1,""pitch"":76,""tie"":""none"",""voice_token"":""voice_adeebf""},{""duration_tick"":2,""onset_tick"":7,""pitch"":73,""tie"":""none"",""voice_token"":""voice_adeebf""},{""duration_tick"":6,""onset_tick"":9,""pitch"":71,""tie"":""none"",""voice_token"":""voice_adeebf""},{""duration_tick"":2,""onset_tick"":15,""pitch"":73,""tie"":""none"",""voice_token"":""voice_adeebf""},{""duration_tick"":2,""onset_tick"":17,""pitch"":74,""tie"":""none"",""voice_token"":""voice_adeebf""},{""duration_tick"":2,""onset_tick"":19,""pitch"":73,""tie"":""none"",""voice_token"":""voice_adeebf""}]}"
music_36d1aafd2ed28a,"{""events"":[{""duration_tick"":2,""onset_tick"":0,""pitch"":74,""tie"":""none"",""voice_token"":""voice_0331f8""},{""duration_tick"":2,""onset_tick"":2,""pitch"":74,""tie"":""none"",""voice_token"":""voice_0331f8""},{""duration_tick"":2,""onset_tick"":4,""pitch"":74,""tie"":""none"",""voice_token"":""voice_0331f8""},{""duration_tick"":4,""onset_tick"":6,""pitch"":71,""tie"":""none"",""voice_token"":""voice_0331f8""},{""duration_tick"":4,""onset_tick"":10,""pitch"":69,""tie"":""none"",""voice_token"":""voice_0331f8""},{""duration_tick"":2,""onset_tick"":14,""pitch"":67,""tie"":""none"",""voice_token"":""voice_0331f8""}]}"
music_28af2c71a9b476,"{""events"":[{""duration_tick"":2,""onset_tick"":0,""pitch"":72,""tie"":""none"",""voice_token"":""voice_0284f7""},{""duration_tick"":2,""onset_tick"":2,""pitch"":70,""tie"":""none"",""voice_token"":""voice_0284f7""},{""duration_tick"":2,""onset_tick"":4,""pitch"":68,""tie"":""none"",""voice_token"":""voice_0284f7""},{""duration_tick"":2,""onset_tick"":6,""pitch"":75,""tie"":""none"",""voice_token"":""voice_0284f7""},{""duration_tick"":2,""onset_tick"":8,""pitch"":78,""tie"":""none"",""voice_token"":""voice_0284f7""},{""duration_tick"":2,""onset_tick"":10,""pitch"":78,""tie"":""none"",""voice_token"":""voice_0284f7""},{""duration_tick"":2,""onset_tick"":12,""pitch"":78,""tie"":""none"",""voice_token"":""voice_0284f7""}]}"
music_a52bc565ee0f1c,"{""events"":[{""duration_tick"":4,""onset_tick"":0,""pitch"":65,""tie"":""none"",""voice_token"":""voice_7574bc""},{""duration_tick"":4,""onset_tick"":4,""pitch"":65,""tie"":""none"",""voice_token"":""voice_7574bc""},{""duration_tick"":4,""onset_tick"":8,""pitch"":67,""tie"":""none"",""voice_token"":""voice_7574bc""},{""duration_tick"":4,""onset_tick"":12,""pitch"":65,""tie"":""none"",""voice_token"":""voice_7574bc""},{""duration_tick"":4,""onset_tick"":16,""pitch"":67,""tie"":""none"",""voice_token"":""voice_7574bc""}]}"
music_355b323a88fca4,"{""events"":[{""duration_tick"":4,""onset_tick"":0,""pitch"":71,""tie"":""none"",""voice_token"":""voice_8c73be""},{""duration_tick"":2,""onset_tick"":4,""pitch"":66,""tie"":""none"",""voice_token"":""voice_8c73be""},{""duration_tick"":4,""onset_tick"":6,""pitch"":67,""tie"":""none"",""voice_token"":""voice_8c73be""},{""duration_tick"":2,""onset_tick"":10,""pitch"":69,""tie"":""none"",""voice_token"":""voice_8c73be""},{""duration_tick"":4,""onset_tick"":12,""pitch"":71,""tie"":""none"",""voice_token"":""voice_8c73be""},{""duration_tick"":2,""onset_tick"":16,""pitch"":69,""tie"":""none"",""voice_token"":""voice_8c73be""}]}"
music_3cfaa27a13fadd,"{""events"":[{""duration_tick"":2,""onset_tick"":0,""pitch"":73,""tie"":""none"",""voice_token"":""voice_0331f8""},{""duration_tick"":2,""onset_tick"":2,""pitch"":71,""tie"":""none"",""voice_token"":""voice_0331f8""},{""duration_tick"":2,""onset_tick"":4,""pitch"":71,""tie"":""none"",""voice_token"":""voice_0331f8""},{""duration_tick"":1,""onset_tick"":6,""pitch"":71,""tie"":""none"",""voice_token"":""voice_0331f8""},{""duration_tick"":1,""onset_tick"":7,""pitch"":68,""tie"":""none"",""voice_token"":""voice_0331f8""},{""duration_tick"":1,""onset_tick"":8,""pitch"":71,""tie"":""none"",""voice_token"":""voice_0331f8""}]}"
music_7c80be417dcfc2,"{""events"":[{""duration_tick"":2,""onset_tick"":0,""pitch"":-1,""tie"":""none"",""voice_token"":""voice_adeebf""},{""duration_tick"":2,""onset_tick"":2,""pitch"":-1,""tie"":""none"",""voice_token"":""voice_adeebf""},{""duration_tick"":2,""onset_tick"":4,""pitch"":75,""tie"":""none"",""voice_token"":""voice_adeebf""},{""duration_tick"":4,""onset_tick"":6,""pitch"":75,""tie"":""none"",""voice_token"":""voice_adeebf""},{""duration_tick"":2,""onset_tick"":10,""pitch"":75,""tie"":""none"",""voice_token"":""voice_adeebf""},{""duration_tick"":2,""onset_tick"":12,""pitch"":79,""tie"":""none"",""voice_token"":""voice_adeebf""},{""duration_tick"":2,""onset_tick"":14,""pitch"":79,""tie"":""none"",""voice_token"":""voice_adeebf""}]}"
music_9ce684b8907d1d,"{""events"":[{""duration_tick"":3,""onset_tick"":0,""pitch"":73,""tie"":""none"",""voice_token"":""voice_adeebf""},{""duration_tick"":1,""onset_tick"":3,""pitch"":71,""tie"":""none"",""voice_token"":""voice_adeebf""},{""duration_tick"":2,""onset_tick"":4,""pitch"":70,""tie"":""none"",""voice_token"":""voice_adeebf""},{""duration_tick"":2,""onset_tick"":6,""pitch"":71,""tie"":""none"",""voice_token"":""voice_adeebf""},{""duration_tick"":2,""onset_tick"":8,""pitch"":66,""tie"":""none"",""voice_token"":""voice_adeebf""}]}"
music_a2355d2a0668a4,"{""events"":[{""duration_tick"":2,""onset_tick"":0,""pitch"":75,""tie"":""none"",""voice_token"":""voice_bf2e2c""},{""duration_tick"":2,""onset_tick"":2,""pitch"":71,""tie"":""none"",""voice_token"":""voice_bf2e2c""},{""duration_tick"":2,""onset_tick"":4,""pitch"":71,""tie"":""none"",""voice_token"":""voice_bf2e2c""},{""duration_tick"":6,""onset_tick"":6,""pitch"":73,""tie"":""none"",""voice_token"":""voice_bf2e2c""},{""duration_tick"":2,""onset_tick"":12,""pitch"":75,""tie"":""none"",""voice_token"":""voice_bf2e2c""},{""duration_tick"":2,""onset_tick"":14,""pitch"":76,""tie"":""none"",""voice_token"":""voice_bf2e2c""}]}"
music_b148aa6b4ea439,"{""events"":[{""duration_tick"":2,""onset_tick"":0,""pitch"":72,""tie"":""none"",""voice_token"":""voice_0284f7""},{""duration_tick"":2,""onset_tick"":2,""pitch"":69,""tie"":""none"",""voice_token"":""voice_0284f7""},{""duration_tick"":2,""onset_tick"":4,""pitch"":67,""tie"":""none"",""voice_token"":""voice_0284f7""},{""duration_tick"":8,""onset_tick"":6,""pitch"":65,""tie"":""none"",""voice_token"":""voice_0284f7""},{""duration_tick"":8,""onset_tick"":14,""pitch"":-1,""tie"":""none"",""voice_token"":""voice_0284f7""},{""duration_tick"":3,""onset_tick"":22,""pitch"":-1,""tie"":""none"",""voice_token"":""voice_0284f7""}]}"
music_6c1224a9793ecd,"{""events"":[{""duration_tick"":2,""onset_tick"":0,""pitch"":77,""tie"":""stop"",""voice_token"":""voice_0284f7""},{""duration_tick"":2,""onset_tick"":2,""pitch"":77,""tie"":""none"",""voice_token"":""voice_0284f7""},{""duration_tick"":2,""onset_tick"":4,""pitch"":74,""tie"":""none"",""voice_token"":""voice_0284f7""},{""duration_tick"":2,""onset_tick"":6,""pitch"":74,""tie"":""none"",""voice_token"":""voice_0284f7""},{""duration_tick"":4,""onset_tick"":8,""pitch"":72,""tie"":""none"",""voice_token"":""voice_0284f7""},{""duration_tick"":4,""onset_tick"":12,""pitch"":70,""tie"":""none"",""voice_token"":""voice_0284f7""},{""duration_tick"":4,""onset_tick"":16,""pitch"":67,""tie"":""none"",""voice_token"":""voice_0284f7""}]}"
music_e17087ef021da1,"{""events"":[{""duration_tick"":2,""onset_tick"":0,""pitch"":72,""tie"":""none"",""voice_token"":""voice_adeebf""},{""duration_tick"":2,""onset_tick"":2,""pitch"":70,""tie"":""none"",""voice_token"":""voice_adeebf""},{""duration_tick"":2,""onset_tick"":4,""pitch"":67,""tie"":""none"",""voice_token"":""voice_adeebf""},{""duration_tick"":2,""onset_tick"":6,""pitch"":69,""tie"":""none"",""voice_token"":""voice_adeebf""},{""duration_tick"":2,""onset_tick"":8,""pitch"":74,""tie"":""none"",""voice_token"":""voice_adeebf""},{""duration_tick"":2,""onset_tick"":10,""pitch"":72,""tie"":""none"",""voice_token"":""voice_adeebf""},{""duration_tick"":12,""onset_tick"":12,""pitch"":72,""tie"":""start"",""voice_token"":""voice_adeebf""}]}"
music_77df799eb084cf,"{""events"":[{""duration_tick"":4,""onset_tick"":0,""pitch"":74,""tie"":""none"",""voice_token"":""voice_adeebf""},{""duration_tick"":4,""onset_tick"":4,""pitch"":71,""tie"":""none"",""voice_token"":""voice_adeebf""},{""duration_tick"":4,""onset_tick"":8,""pitch"":71,""tie"":""none"",""voice_token"":""voice_adeebf""},{""duration_tick"":4,""onset_tick"":12,""pitch"":76,""tie"":""none"",""voice_token"":""voice_adeebf""},{""duration_tick"":4,""onset_tick"":16,""pitch"":73,""tie"":""none"",""voice_token"":""voice_adeebf""},{""duration_tick"":4,""onset_tick"":20,""pitch"":73,""tie"":""none"",""voice_token"":""voice_adeebf""}]}"
music_cf40887951c3d7,"{""events"":[{""duration_tick"":2,""onset_tick"":0,""pitch"":69,""tie"":""none"",""voice_token"":""voice_adeebf""},{""duration_tick"":2,""onset_tick"":2,""pitch"":67,""tie"":""none"",""voice_token"":""voice_adeebf""},{""duration_tick"":2,""onset_tick"":4,""pitch"":71,""tie"":""none"",""voice_token"":""voice_adeebf""},{""duration_tick"":12,""onset_tick"":6,""pitch"":72,""tie"":""none"",""voice_token"":""voice_adeebf""},{""duration_tick"":4,""onset_tick"":18,""pitch"":71,""tie"":""none"",""voice_token"":""voice_adeebf""},{""duration_tick"":2,""onset_tick"":22,""pitch"":67,""tie"":""none"",""voice_token"":""voice_adeebf""},{""duration_tick"":2,""onset_tick"":24,""pitch"":64,""tie"":""none"",""voice_token"":""voice_adeebf""}]}"
music_dc0a7524248eda,"{""events"":[{""duration_tick"":8,""onset_tick"":0,""pitch"":73,""tie"":""none"",""voice_token"":""voice_adeebf""},{""duration_tick"":4,""onset_tick"":8,""pitch"":66,""tie"":""none"",""voice_token"":""voice_adeebf""},{""duration_tick"":4,""onset_tick"":12,""pitch"":68,""tie"":""none"",""voice_token"":""voice_adeebf""},{""duration_tick"":4,""onset_tick"":16,""pitch"":-1,""tie"":""none"",""voice_token"":""voice_adeebf""}]}"
music_5a0c5be9934ded,"{""events"":[{""duration_tick"":2,""onset_tick"":0,""pitch"":62,""tie"":""none"",""voice_token"":""voice_adeebf""},{""duration_tick"":2,""onset_tick"":2,""pitch"":67,""tie"":""none"",""voice_token"":""voice_adeebf""},{""duration_tick"":2,""onset_tick"":4,""pitch"":71,""tie"":""none"",""voice_token"":""voice_adeebf""},{""duration_tick"":2,""onset_tick"":6,""pitch"":62,""tie"":""none"",""voice_token"":""voice_adeebf""}]}"
music_3fb509ff390495,"{""events"":[{""duration_tick"":2,""onset_tick"":0,""pitch"":72,""tie"":""none"",""voice_token"":""voice_bf2e2c""},{""duration_tick"":2,""onset_tick"":2,""pitch"":70,""tie"":""none"",""voice_token"":""voice_bf2e2c""},{""duration_tick"":2,""onset_tick"":4,""pitch"":72,""tie"":""none"",""voice_token"":""voice_bf2e2c""},{""duration_tick"":2,""onset_tick"":6,""pitch"":72,""tie"":""none"",""voice_token"":""voice_bf2e2c""},{""duration_tick"":4,""onset_tick"":8,""pitch"":72,""tie"":""none"",""voice_token"":""voice_bf2e2c""},{""duration_tick"":2,""onset_tick"":12,""pitch"":72,""tie"":""none"",""voice_token"":""voice_bf2e2c""},{""duration_tick"":2,""onset_tick"":14,""pitch"":-1,""tie"":""none"",""voice_token"":""voice_bf2e2c""}]}"
music_5ec332e3026e2c,"{""events"":[{""duration_tick"":4,""onset_tick"":0,""pitch"":69,""tie"":""none"",""voice_token"":""voice_adeebf""},{""duration_tick"":2,""onset_tick"":4,""pitch"":73,""tie"":""none"",""voice_token"":""voice_adeebf""},{""duration_tick"":2,""onset_tick"":6,""pitch"":70,""tie"":""none"",""voice_token"":""voice_adeebf""},{""duration_tick"":2,""onset_tick"":8,""pitch"":70,""tie"":""none"",""voice_token"":""voice_adeebf""}]}"
music_527660e47b1cc1,"{""events"":[{""duration_tick"":4,""onset_tick"":0,""pitch"":73,""tie"":""none"",""voice_token"":""voice_bf2e2c""},{""duration_tick"":4,""onset_tick"":4,""pitch"":70,""tie"":""none"",""voice_token"":""voice_bf2e2c""},{""duration_tick"":3,""onset_tick"":8,""pitch"":73,""tie"":""none"",""voice_token"":""voice_bf2e2c""},{""duration_tick"":1,""onset_tick"":11,""pitch"":70,""tie"":""none"",""voice_token"":""voice_bf2e2c""},{""duration_tick"":3,""onset_tick"":12,""pitch"":77,""tie"":""none"",""voice_token"":""voice_bf2e2c""},{""duration_tick"":1,""onset_tick"":15,""pitch"":68,""tie"":""none"",""voice_token"":""voice_bf2e2c""},{""duration_tick"":2,""onset_tick"":16,""pitch"":73,""tie"":""none"",""voice_token"":""voice_bf2e2c""}]}"
music_7e97c823213215,"{""events"":[{""duration_tick"":4,""onset_tick"":0,""pitch"":76,""tie"":""none"",""voice_token"":""voice_0331f8""},{""duration_tick"":4,""onset_tick"":4,""pitch"":76,""tie"":""none"",""voice_token"":""voice_0331f8""},{""duration_tick"":4,""onset_tick"":8,""pitch"":77,""tie"":""none"",""voice_token"":""voice_0331f8""},{""duration_tick"":4,""onset_tick"":12,""pitch"":77,""tie"":""none"",""voice_token"":""voice_0331f8""},{""duration_tick"":16,""onset_tick"":16,""pitch"":77,""tie"":""none"",""voice_token"":""voice_0331f8""},{""duration_tick"":4,""onset_tick"":32,""pitch"":77,""tie"":""none"",""voice_token"":""voice_0331f8""}]}"
music_906313b1fff6c1,"{""events"":[{""duration_tick"":1,""onset_tick"":0,""pitch"":67,""tie"":""none"",""voice_token"":""voice_adeebf""},{""duration_tick"":2,""onset_tick"":1,""pitch"":69,""tie"":""none"",""voice_token"":""voice_adeebf""},{""duration_tick"":4,""onset_tick"":3,""pitch"":67,""tie"":""none"",""voice_token"":""voice_adeebf""},{""duration_tick"":4,""onset_tick"":7,""pitch"":67,""tie"":""none"",""voice_token"":""voice_adeebf""},{""duration_tick"":8,""onset_tick"":11,""pitch"":-1,""tie"":""none"",""voice_token"":""voice_adeebf""},{""duration_tick"":16,""onset_tick"":19,""pitch"":-1,""tie"":""none"",""voice_token"":""voice_adeebf""},{""duration_tick"":16,""onset_tick"":35,""pitch"":-1,""tie"":""none"",""voice_token"":""voice_adeebf""}]}"
music_4d182486f272e0,"{""events"":[{""duration_tick"":4,""onset_tick"":0,""pitch"":67,""tie"":""none"",""voice_token"":""voice_da44cf""},{""duration_tick"":2,""onset_tick"":4,""pitch"":69,""tie"":""none"",""voice_token"":""voice_da44cf""},{""duration_tick"":2,""onset_tick"":6,""pitch"":72,""tie"":""none"",""voice_token"":""voice_da44cf""},{""duration_tick"":2,""onset_tick"":8,""pitch"":70,""tie"":""none"",""voice_token"":""voice_da44cf""},{""duration_tick"":2,""onset_tick"":10,""pitch"":69,""tie"":""none"",""voice_token"":""voice_da44cf""},{""duration_tick"":4,""onset_tick"":12,""pitch"":69,""tie"":""none"",""voice_token"":""voice_da44cf""},{""duration_tick"":2,""onset_tick"":16,""pitch"":67,""tie"":""none"",""voice_token"":""voice_da44cf""}]}"
music_821d5c1ea7bb14,"{""events"":[{""duration_tick"":2,""onset_tick"":0,""pitch"":75,""tie"":""none"",""voice_token"":""voice_adeebf""},{""duration_tick"":2,""onset_tick"":2,""pitch"":68,""tie"":""none"",""voice_token"":""voice_adeebf""},{""duration_tick"":2,""onset_tick"":4,""pitch"":68,""tie"":""none"",""voice_token"":""voice_adeebf""},{""duration_tick"":2,""onset_tick"":6,""pitch"":72,""tie"":""none"",""voice_token"":""voice_adeebf""}]}"
music_6beca9c1d8e531,"{""events"":[{""duration_tick"":4,""onset_tick"":0,""pitch"":74,""tie"":""none"",""voice_token"":""voice_e13020""},{""duration_tick"":4,""onset_tick"":4,""pitch"":74,""tie"":""none"",""voice_token"":""voice_e13020""},{""duration_tick"":4,""onset_tick"":8,""pitch"":72,""tie"":""none"",""voice_token"":""voice_e13020""},{""duration_tick"":4,""onset_tick"":12,""pitch"":72,""tie"":""none"",""voice_token"":""voice_e13020""},{""duration_tick"":4,""onset_tick"":16,""pitch"":72,""tie"":""none"",""voice_token"":""voice_e13020""}]}"
music_6eac4b568cfce3,"{""events"":[{""duration_tick"":4,""onset_tick"":0,""pitch"":75,""tie"":""none"",""voice_token"":""voice_bf2e2c""},{""duration_tick"":4,""onset_tick"":4,""pitch"":75,""tie"":""none"",""voice_token"":""voice_bf2e2c""},{""duration_tick"":4,""onset_tick"":8,""pitch"":75,""tie"":""none"",""voice_token"":""voice_bf2e2c""},{""duration_tick"":2,""onset_tick"":12,""pitch"":72,""tie"":""none"",""voice_token"":""voice_bf2e2c""}]}"
music_605e49f83f7723,"{""events"":[{""duration_tick"":2,""onset_tick"":0,""pitch"":70,""tie"":""none"",""voice_token"":""voice_bf2e2c""},{""duration_tick"":2,""onset_tick"":2,""pitch"":70,""tie"":""none"",""voice_token"":""voice_bf2e2c""},{""duration_tick"":4,""onset_tick"":4,""pitch"":73,""tie"":""none"",""voice_token"":""voice_bf2e2c""},{""duration_tick"":2,""onset_tick"":8,""pitch"":73,""tie"":""none"",""voice_token"":""voice_bf2e2c""},{""duration_tick"":6,""onset_tick"":10,""pitch"":73,""tie"":""none"",""voice_token"":""voice_bf2e2c""},{""duration_tick"":4,""onset_tick"":16,""pitch"":-1,""tie"":""none"",""voice_token"":""voice_bf2e2c""}]}"
music_97801cf2b3aa62,"{""events"":[{""duration_tick"":2,""onset_tick"":0,""pitch"":69,""tie"":""none"",""voice_token"":""voice_bf2e2c""},{""duration_tick"":2,""onset_tick"":2,""pitch"":69,""tie"":""none"",""voice_token"":""voice_bf2e2c""},{""duration_tick"":2,""onset_tick"":4,""pitch"":69,""tie"":""none"",""voice_token"":""voice_bf2e2c""},{""duration_tick"":2,""onset_tick"":6,""pitch"":69,""tie"":""none"",""voice_token"":""voice_bf2e2c""},{""duration_tick"":2,""onset_tick"":8,""pitch"":69,""tie"":""none"",""voice_token"":""voice_bf2e2c""},{""duration_tick"":2,""onset_tick"":10,""pitch"":69,""tie"":""none"",""voice_token"":""voice_bf2e2c""}]}"
music_2dee56d9eb6fe2,"{""events"":[{""duration_tick"":2,""onset_tick"":0,""pitch"":67,""tie"":""none"",""voice_token"":""voice_bf2e2c""},{""duration_tick"":2,""onset_tick"":2,""pitch"":67,""tie"":""none"",""voice_token"":""voice_bf2e2c""},{""duration_tick"":2,""onset_tick"":4,""pitch"":74,""tie"":""none"",""voice_token"":""voice_bf2e2c""},{""duration_tick"":2,""onset_tick"":6,""pitch"":71,""tie"":""none"",""voice_token"":""voice_bf2e2c""},{""duration_tick"":2,""onset_tick"":8,""pitch"":69,""tie"":""none"",""voice_token"":""voice_bf2e2c""}]}"
music_3f138577c71101,"{""events"":[{""duration_tick"":2,""onset_tick"":0,""pitch"":72,""tie"":""none"",""voice_token"":""voice_adeebf""},{""duration_tick"":2,""onset_tick"":2,""pitch"":72,""tie"":""none"",""voice_token"":""voice_adeebf""},{""duration_tick"":2,""onset_tick"":4,""pitch"":72,""tie"":""none"",""voice_token"":""voice_adeebf""},{""duration_tick"":2,""onset_tick"":6,""pitch"":72,""tie"":""none"",""voice_token"":""voice_adeebf""}]}"
music_2565f30dd9f55b,"{""events"":[{""duration_tick"":2,""onset_tick"":0,""pitch"":69,""tie"":""none"",""voice_token"":""voice_0331f8""},{""duration_tick"":4,""onset_tick"":2,""pitch"":74,""tie"":""none"",""voice_token"":""voice_0331f8""},{""duration_tick"":2,""onset_tick"":6,""pitch"":69,""tie"":""none"",""voice_token"":""voice_0331f8""},{""duration_tick"":8,""onset_tick"":8,""pitch"":74,""tie"":""none"",""voice_token"":""voice_0331f8""}]}"
music_a7a4bab5cb1401,"{""events"":[{""duration_tick"":2,""onset_tick"":0,""pitch"":66,""tie"":""none"",""voice_token"":""voice_8c73be""},{""duration_tick"":2,""onset_tick"":2,""pitch"":64,""tie"":""none"",""voice_token"":""voice_8c73be""},{""duration_tick"":2,""onset_tick"":4,""pitch"":64,""tie"":""none"",""voice_token"":""voice_8c73be""},{""duration_tick"":2,""onset_tick"":6,""pitch"":63,""tie"":""none"",""voice_token"":""voice_8c73be""},{""duration_tick"":4,""onset_tick"":8,""pitch"":64,""tie"":""none"",""voice_token"":""voice_8c73be""},{""duration_tick"":2,""onset_tick"":12,""pitch"":-1,""tie"":""none"",""voice_token"":""voice_8c73be""},{""duration_tick"":2,""onset_tick"":14,""pitch"":72,""tie"":""none"",""voice_token"":""voice_8c73be""}]}"
music_363d21c061906c,"{""events"":[{""duration_tick"":1,""onset_tick"":0,""pitch"":70,""tie"":""none"",""voice_token"":""voice_0284f7""},{""duration_tick"":1,""onset_tick"":1,""pitch"":71,""tie"":""none"",""voice_token"":""voice_0284f7""},{""duration_tick"":1,""onset_tick"":2,""pitch"":74,""tie"":""none"",""voice_token"":""voice_0284f7""},{""duration_tick"":1,""onset_tick"":3,""pitch"":78,""tie"":""none"",""voice_token"":""voice_0284f7""},{""duration_tick"":2,""onset_tick"":4,""pitch"":78,""tie"":""none"",""voice_token"":""voice_0284f7""}]}"
music_df74751a550307,"{""events"":[{""duration_tick"":1,""onset_tick"":0,""pitch"":74,""tie"":""none"",""voice_token"":""voice_adeebf""},{""duration_tick"":4,""onset_tick"":1,""pitch"":77,""tie"":""none"",""voice_token"":""voice_adeebf""},{""duration_tick"":4,""onset_tick"":5,""pitch"":77,""tie"":""none"",""voice_token"":""voice_adeebf""},{""duration_tick"":4,""onset_tick"":9,""pitch"":78,""tie"":""none"",""voice_token"":""voice_adeebf""},{""duration_tick"":6,""onset_tick"":13,""pitch"":74,""tie"":""none"",""voice_token"":""voice_adeebf""},{""duration_tick"":2,""onset_tick"":19,""pitch"":74,""tie"":""none"",""voice_token"":""voice_adeebf""}]}"
music_53b578fe2bb68f,"{""events"":[{""duration_tick"":4,""onset_tick"":0,""pitch"":62,""tie"":""none"",""voice_token"":""voice_0331f8""},{""duration_tick"":4,""onset_tick"":4,""pitch"":62,""tie"":""none"",""voice_token"":""voice_0331f8""},{""duration_tick"":8,""onset_tick"":8,""pitch"":66,""tie"":""none"",""voice_token"":""voice_0331f8""},{""duration_tick"":4,""onset_tick"":16,""pitch"":66,""tie"":""none"",""voice_token"":""voice_0331f8""},{""duration_tick"":2,""onset_tick"":20,""pitch"":66,""tie"":""none"",""voice_token"":""voice_0331f8""}]}"
music_660bb0b3b9c0fe,"{""events"":[{""duration_tick"":2,""onset_tick"":0,""pitch"":69,""tie"":""none"",""voice_token"":""voice_bf2e2c""},{""duration_tick"":2,""onset_tick"":2,""pitch"":69,""tie"":""none"",""voice_token"":""voice_bf2e2c""},{""duration_tick"":2,""onset_tick"":4,""pitch"":69,""tie"":""none"",""voice_token"":""voice_bf2e2c""},{""duration_tick"":2,""onset_tick"":6,""pitch"":72,""tie"":""none"",""voice_token"":""voice_bf2e2c""},{""duration_tick"":2,""onset_tick"":8,""pitch"":71,""tie"":""none"",""voice_token"":""voice_bf2e2c""}]}"
music_9bb940d65b9670,"{""events"":[{""duration_tick"":4,""onset_tick"":0,""pitch"":-1,""tie"":""none"",""voice_token"":""voice_adeebf""},{""duration_tick"":2,""onset_tick"":4,""pitch"":70,""tie"":""none"",""voice_token"":""voice_adeebf""},{""duration_tick"":2,""onset_tick"":6,""pitch"":67,""tie"":""none"",""voice_token"":""voice_adeebf""},{""duration_tick"":2,""onset_tick"":8,""pitch"":63,""tie"":""none"",""voice_token"":""voice_adeebf""},{""duration_tick"":2,""onset_tick"":10,""pitch"":67,""tie"":""none"",""voice_token"":""voice_adeebf""}]}"
music_b5e35ebfdfb545,"{""events"":[{""duration_tick"":1,""onset_tick"":0,""pitch"":65,""tie"":""none"",""voice_token"":""voice_adeebf""},{""duration_tick"":2,""onset_tick"":1,""pitch"":66,""tie"":""none"",""voice_token"":""voice_adeebf""},{""duration_tick"":2,""onset_tick"":3,""pitch"":75,""tie"":""none"",""voice_token"":""voice_adeebf""},{""duration_tick"":2,""onset_tick"":5,""pitch"":75,""tie"":""none"",""voice_token"":""voice_adeebf""}]}"
music_5df99af0403676,"{""events"":[{""duration_tick"":8,""onset_tick"":0,""pitch"":75,""tie"":""none"",""voice_token"":""voice_adeebf""},{""duration_tick"":4,""onset_tick"":8,""pitch"":77,""tie"":""none"",""voice_token"":""voice_adeebf""},{""duration_tick"":4,""onset_tick"":12,""pitch"":77,""tie"":""none"",""voice_token"":""voice_adeebf""},{""duration_tick"":4,""onset_tick"":16,""pitch"":73,""tie"":""none"",""voice_token"":""voice_adeebf""},{""duration_tick"":4,""onset_tick"":20,""pitch"":72,""tie"":""none"",""voice_token"":""voice_adeebf""},{""duration_tick"":4,""onset_tick"":24,""pitch"":71,""tie"":""none"",""voice_token"":""voice_adeebf""}]}"
music_1d7c341b064a72,"{""events"":[{""duration_tick"":8,""onset_tick"":0,""pitch"":69,""tie"":""none"",""voice_token"":""voice_adeebf""},{""duration_tick"":4,""onset_tick"":8,""pitch"":67,""tie"":""none"",""voice_token"":""voice_adeebf""},{""duration_tick"":8,""onset_tick"":12,""pitch"":72,""tie"":""none"",""voice_token"":""voice_adeebf""},{""duration_tick"":4,""onset_tick"":20,""pitch"":72,""tie"":""none"",""voice_token"":""voice_adeebf""},{""duration_tick"":8,""onset_tick"":24,""pitch"":71,""tie"":""none"",""voice_token"":""voice_adeebf""},{""duration_tick"":4,""onset_tick"":32,""pitch"":69,""tie"":""none"",""voice_token"":""voice_adeebf""},{""duration_tick"":4,""onset_tick"":36,""pitch"":72,""tie"":""none"",""voice_token"":""voice_adeebf""}]}"
music_66271e60a2691e,"{""events"":[{""duration_tick"":2,""onset_tick"":0,""pitch"":62,""tie"":""none"",""voice_token"":""voice_adeebf""},{""duration_tick"":4,""onset_tick"":2,""pitch"":60,""tie"":""none"",""voice_token"":""voice_adeebf""},{""duration_tick"":4,""onset_tick"":6,""pitch"":63,""tie"":""none"",""voice_token"":""voice_adeebf""},{""duration_tick"":8,""onset_tick"":10,""pitch"":68,""tie"":""none"",""voice_token"":""voice_adeebf""},{""duration_tick"":16,""onset_tick"":18,""pitch"":65,""tie"":""none"",""voice_token"":""voice_adeebf""}]}"
music_5d2a77f32f8337,"{""events"":[{""duration_tick"":4,""onset_tick"":0,""pitch"":68,""tie"":""none"",""voice_token"":""voice_adeebf""},{""duration_tick"":2,""onset_tick"":4,""pitch"":70,""tie"":""none"",""voice_token"":""voice_adeebf""},{""duration_tick"":2,""onset_tick"":6,""pitch"":67,""tie"":""none"",""voice_token"":""voice_adeebf""},{""duration_tick"":2,""onset_tick"":8,""pitch"":67,""tie"":""none"",""voice_token"":""voice_adeebf""},{""duration_tick"":2,""onset_tick"":10,""pitch"":68,""tie"":""none"",""voice_token"":""voice_adeebf""},{""duration_tick"":2,""onset_tick"":12,""pitch"":70,""tie"":""none"",""voice_token"":""voice_adeebf""}]}"
music_10c5932dad7ab5,"{""events"":[{""duration_tick"":2,""onset_tick"":0,""pitch"":75,""tie"":""none"",""voice_token"":""voice_adeebf""},{""duration_tick"":3,""onset_tick"":2,""pitch"":77,""tie"":""none"",""voice_token"":""voice_adeebf""},{""duration_tick"":1,""onset_tick"":5,""pitch"":75,""tie"":""none"",""voice_token"":""voice_adeebf""},{""duration_tick"":4,""onset_tick"":6,""pitch"":74,""tie"":""none"",""voice_token"":""voice_adeebf""},{""duration_tick"":4,""onset_tick"":10,""pitch"":74,""tie"":""none"",""voice_token"":""voice_adeebf""}]}"
music_401a55c036aa2f,"{""events"":[{""duration_tick"":2,""onset_tick"":0,""pitch"":65,""tie"":""none"",""voice_token"":""voice_bf2e2c""},{""duration_tick"":2,""onset_tick"":2,""pitch"":62,""tie"":""none"",""voice_token"":""voice_bf2e2c""},{""duration_tick"":2,""onset_tick"":4,""pitch"":62,""tie"":""none"",""voice_token"":""voice_bf2e2c""},{""duration_tick"":2,""onset_tick"":6,""pitch"":67,""tie"":""none"",""voice_token"":""voice_bf2e2c""},{""duration_tick"":2,""onset_tick"":8,""pitch"":68,""tie"":""none"",""voice_token"":""voice_bf2e2c""},{""duration_tick"":2,""onset_tick"":10,""pitch"":68,""tie"":""none"",""voice_token"":""voice_bf2e2c""},{""duration_tick"":4,""onset_tick"":12,""pitch"":-1,""tie"":""none"",""voice_token"":""voice_bf2e2c""}]}"
music_23915ef593edf2,"{""events"":[{""duration_tick"":2,""onset_tick"":0,""pitch"":-1,""tie"":""none"",""voice_token"":""voice_adeebf""},{""duration_tick"":2,""onset_tick"":2,""pitch"":75,""tie"":""none"",""voice_token"":""voice_adeebf""},{""duration_tick"":4,""onset_tick"":4,""pitch"":76,""tie"":""none"",""voice_token"":""voice_adeebf""},{""duration_tick"":4,""onset_tick"":8,""pitch"":75,""tie"":""none"",""voice_token"":""voice_adeebf""},{""duration_tick"":4,""onset_tick"":12,""pitch"":73,""tie"":""none"",""voice_token"":""voice_adeebf""},{""duration_tick"":4,""onset_tick"":16,""pitch"":72,""tie"":""none"",""voice_token"":""voice_adeebf""}]}"
music_0db7cddcfddb6a,"{""events"":[{""duration_tick"":2,""onset_tick"":0,""pitch"":67,""tie"":""none"",""voice_token"":""voice_adeebf""},{""duration_tick"":2,""onset_tick"":2,""pitch"":68,""tie"":""none"",""voice_token"":""voice_adeebf""},{""duration_tick"":2,""onset_tick"":4,""pitch"":68,""tie"":""none"",""voice_token"":""voice_adeebf""},{""duration_tick"":2,""onset_tick"":6,""pitch"":68,""tie"":""none"",""voice_token"":""voice_adeebf""},{""duration_tick"":2,""onset_tick"":8,""pitch"":68,""tie"":""none"",""voice_token"":""voice_adeebf""},{""duration_tick"":2,""onset_tick"":10,""pitch"":-1,""tie"":""none"",""voice_token"":""voice_adeebf""},{""duration_tick"":2,""onset_tick"":12,""pitch"":-1,""tie"":""none"",""voice_token"":""voice_adeebf""}]}"
music_d4d454a6e93cb7,"{""events"":[{""duration_tick"":2,""onset_tick"":0,""pitch"":73,""tie"":""none"",""voice_token"":""voice_da44cf""},{""duration_tick"":2,""onset_tick"":2,""pitch"":71,""tie"":""none"",""voice_token"":""voice_da44cf""},{""duration_tick"":4,""onset_tick"":4,""pitch"":71,""tie"":""none"",""voice_token"":""voice_da44cf""},{""duration_tick"":4,""onset_tick"":8,""pitch"":70,""tie"":""none"",""voice_token"":""voice_da44cf""},{""duration_tick"":4,""onset_tick"":12,""pitch"":76,""tie"":""none"",""voice_token"":""voice_da44cf""},{""duration_tick"":2,""onset_tick"":16,""pitch"":75,""tie"":""none"",""voice_token"":""voice_da44cf""}]}"
music_e7f6a9a1e0a183,"{""events"":[{""duration_tick"":1,""onset_tick"":0,""pitch"":72,""tie"":""none"",""voice_token"":""voice_0284f7""},{""duration_tick"":2,""onset_tick"":1,""pitch"":73,""tie"":""none"",""voice_token"":""voice_0284f7""},{""duration_tick"":2,""onset_tick"":3,""pitch"":64,""tie"":""none"",""voice_token"":""voice_0284f7""},{""duration_tick"":2,""onset_tick"":5,""pitch"":75,""tie"":""none"",""voice_token"":""voice_0284f7""},{""duration_tick"":2,""onset_tick"":7,""pitch"":71,""tie"":""none"",""voice_token"":""voice_0284f7""}]}"
music_99416cca0357fa,"{""events"":[{""duration_tick"":4,""onset_tick"":0,""pitch"":76,""tie"":""none"",""voice_token"":""voice_adeebf""},{""duration_tick"":2,""onset_tick"":4,""pitch"":76,""tie"":""none"",""voice_token"":""voice_adeebf""},{""duration_tick"":2,""onset_tick"":6,""pitch"":76,""tie"":""none"",""voice_token"":""voice_adeebf""},{""duration_tick"":4,""onset_tick"":8,""pitch"":74,""tie"":""none"",""voice_token"":""voice_adeebf""},{""duration_tick"":2,""onset_tick"":12,""pitch"":71,""tie"":""none"",""voice_token"":""voice_adeebf""},{""duration_tick"":2,""onset_tick"":14,""pitch"":72,""tie"":""none"",""voice_token"":""voice_adeebf""}]}"
music_b46b34151ad3f7,"{""events"":[{""duration_tick"":4,""onset_tick"":0,""pitch"":55,""tie"":""none"",""voice_token"":""voice_bf4e1e""},{""duration_tick"":4,""onset_tick"":4,""pitch"":55,""tie"":""none"",""voice_token"":""voice_bf4e1e""},{""duration_tick"":4,""onset_tick"":8,""pitch"":55,""tie"":""none"",""voice_token"":""voice_bf4e1e""},{""duration_tick"":4,""onset_tick"":12,""pitch"":55,""tie"":""none"",""voice_token"":""voice_bf4e1e""},{""duration_tick"":4,""onset_tick"":16,""pitch"":55,""tie"":""none"",""voice_token"":""voice_bf4e1e""},{""duration_tick"":2,""onset_tick"":20,""pitch"":55,""tie"":""none"",""voice_token"":""voice_bf4e1e""},{""duration_tick"":2,""onset_tick"":22,""pitch"":52,""tie"":""none"",""voice_token"":""voice_bf4e1e""}]}"
music_9e91cc13269bf5,"{""events"":[{""duration_tick"":2,""onset_tick"":0,""pitch"":59,""tie"":""none"",""voice_token"":""voice_0331f8""},{""duration_tick"":2,""onset_tick"":2,""pitch"":61,""tie"":""none"",""voice_token"":""voice_0331f8""},{""duration_tick"":2,""onset_tick"":4,""pitch"":64,""tie"":""none"",""voice_token"":""voice_0331f8""},{""duration_tick"":4,""onset_tick"":6,""pitch"":65,""tie"":""none"",""voice_token"":""voice_0331f8""},{""duration_tick"":2,""onset_tick"":10,""pitch"":72,""tie"":""none"",""voice_token"":""voice_0331f8""},{""duration_tick"":2,""onset_tick"":12,""pitch"":69,""tie"":""none"",""voice_token"":""voice_0331f8""},{""duration_tick"":2,""onset_tick"":14,""pitch"":74,""tie"":""none"",""voice_token"":""voice_0331f8""}]}"
music_25d9a6264262be,"{""events"":[{""duration_tick"":4,""onset_tick"":0,""pitch"":-1,""tie"":""none"",""voice_token"":""voice_698645""},{""duration_tick"":4,""onset_tick"":4,""pitch"":-1,""tie"":""none"",""voice_token"":""voice_698645""},{""duration_tick"":4,""onset_tick"":8,""pitch"":-1,""tie"":""none"",""voice_token"":""voice_698645""},{""duration_tick"":2,""onset_tick"":12,""pitch"":75,""tie"":""none"",""voice_token"":""voice_698645""},{""duration_tick"":2,""onset_tick"":14,""pitch"":64,""tie"":""none"",""voice_token"":""voice_698645""},{""duration_tick"":4,""onset_tick"":16,""pitch"":69,""tie"":""none"",""voice_token"":""voice_698645""},{""duration_tick"":2,""onset_tick"":20,""pitch"":71,""tie"":""none"",""voice_token"":""voice_698645""}]}"
music_06e589ba5791ed,"{""events"":[{""duration_tick"":4,""onset_tick"":0,""pitch"":69,""tie"":""none"",""voice_token"":""voice_0331f8""},{""duration_tick"":4,""onset_tick"":4,""pitch"":69,""tie"":""none"",""voice_token"":""voice_0331f8""},{""duration_tick"":2,""onset_tick"":8,""pitch"":69,""tie"":""none"",""voice_token"":""voice_0331f8""},{""duration_tick"":2,""onset_tick"":10,""pitch"":69,""tie"":""none"",""voice_token"":""voice_0331f8""},{""duration_tick"":4,""onset_tick"":12,""pitch"":69,""tie"":""none"",""voice_token"":""voice_0331f8""},{""duration_tick"":4,""onset_tick"":16,""pitch"":74,""tie"":""none"",""voice_token"":""voice_0331f8""},{""duration_tick"":4,""onset_tick"":20,""pitch"":74,""tie"":""none"",""voice_token"":""voice_0331f8""}]}"
music_a1c123bf942b72,"{""events"":[{""duration_tick"":2,""onset_tick"":0,""pitch"":68,""tie"":""none"",""voice_token"":""voice_0331f8""},{""duration_tick"":2,""onset_tick"":2,""pitch"":73,""tie"":""none"",""voice_token"":""voice_0331f8""},{""duration_tick"":4,""onset_tick"":4,""pitch"":68,""tie"":""none"",""voice_token"":""voice_0331f8""},{""duration_tick"":2,""onset_tick"":8,""pitch"":68,""tie"":""none"",""voice_token"":""voice_0331f8""},{""duration_tick"":2,""onset_tick"":10,""pitch"":72,""tie"":""none"",""voice_token"":""voice_0331f8""},{""duration_tick"":1,""onset_tick"":12,""pitch"":72,""tie"":""none"",""voice_token"":""voice_0331f8""}]}"
music_5f1a93dd914a2e,"{""events"":[{""duration_tick"":4,""onset_tick"":0,""pitch"":-1,""tie"":""none"",""voice_token"":""voice_adeebf""},{""duration_tick"":2,""onset_tick"":4,""pitch"":74,""tie"":""none"",""voice_token"":""voice_adeebf""},{""duration_tick"":2,""onset_tick"":6,""pitch"":74,""tie"":""none"",""voice_token"":""voice_adeebf""},{""duration_tick"":4,""onset_tick"":8,""pitch"":72,""tie"":""none"",""voice_token"":""voice_adeebf""}]}"
music_65e7fcafcc96e3,"{""events"":[{""duration_tick"":2,""onset_tick"":0,""pitch"":-1,""tie"":""none"",""voice_token"":""voice_2d672c""},{""duration_tick"":4,""onset_tick"":2,""pitch"":72,""tie"":""none"",""voice_token"":""voice_2d672c""},{""duration_tick"":4,""onset_tick"":6,""pitch"":73,""tie"":""none"",""voice_token"":""voice_2d672c""},{""duration_tick"":4,""onset_tick"":10,""pitch"":73,""tie"":""none"",""voice_token"":""voice_2d672c""}]}"
music_5d60f645f9827c,"{""events"":[{""duration_tick"":1,""onset_tick"":0,""pitch"":67,""tie"":""none"",""voice_token"":""voice_0331f8""},{""duration_tick"":1,""onset_tick"":1,""pitch"":65,""tie"":""none"",""voice_token"":""voice_0331f8""},{""duration_tick"":4,""onset_tick"":2,""pitch"":67,""tie"":""none"",""voice_token"":""voice_0331f8""},{""duration_tick"":4,""onset_tick"":6,""pitch"":67,""tie"":""none"",""voice_token"":""voice_0331f8""}]}"
music_934fc73e5ffdbb,"{""events"":[{""duration_tick"":4,""onset_tick"":0,""pitch"":72,""tie"":""none"",""voice_token"":""voice_adeebf""},{""duration_tick"":8,""onset_tick"":4,""pitch"":72,""tie"":""none"",""voice_token"":""voice_adeebf""},{""duration_tick"":4,""onset_tick"":12,""pitch"":69,""tie"":""none"",""voice_token"":""voice_adeebf""},{""duration_tick"":4,""onset_tick"":16,""pitch"":72,""tie"":""none"",""voice_token"":""voice_adeebf""},{""duration_tick"":4,""onset_tick"":20,""pitch"":77,""tie"":""none"",""voice_token"":""voice_adeebf""},{""duration_tick"":4,""onset_tick"":24,""pitch"":70,""tie"":""none"",""voice_token"":""voice_adeebf""}]}"
music_83783bf21c5617,"{""events"":[{""duration_tick"":4,""onset_tick"":0,""pitch"":64,""tie"":""none"",""voice_token"":""voice_bf2e2c""},{""duration_tick"":2,""onset_tick"":4,""pitch"":64,""tie"":""none"",""voice_token"":""voice_bf2e2c""},{""duration_tick"":2,""onset_tick"":6,""pitch"":64,""tie"":""none"",""voice_token"":""voice_bf2e2c""},{""duration_tick"":4,""onset_tick"":8,""pitch"":65,""tie"":""none"",""voice_token"":""voice_bf2e2c""}]}"
music_18d0da812751e8,"{""events"":[{""duration_tick"":1,""onset_tick"":0,""pitch"":71,""tie"":""none"",""voice_token"":""voice_0284f7""},{""duration_tick"":6,""onset_tick"":1,""pitch"":73,""tie"":""none"",""voice_token"":""voice_0284f7""},{""duration_tick"":2,""onset_tick"":7,""pitch"":73,""tie"":""none"",""voice_token"":""voice_0284f7""},{""duration_tick"":3,""onset_tick"":9,""pitch"":75,""tie"":""none"",""voice_token"":""voice_0284f7""}]}"
music_57560b50f186f9,"{""events"":[{""duration_tick"":2,""onset_tick"":0,""pitch"":75,""tie"":""none"",""voice_token"":""voice_adeebf""},{""duration_tick"":4,""onset_tick"":2,""pitch"":72,""tie"":""none"",""voice_token"":""voice_adeebf""},{""duration_tick"":2,""onset_tick"":6,""pitch"":69,""tie"":""none"",""voice_token"":""voice_adeebf""},{""duration_tick"":4,""onset_tick"":8,""pitch"":70,""tie"":""none"",""voice_token"":""voice_adeebf""},{""duration_tick"":2,""onset_tick"":12,""pitch"":70,""tie"":""none"",""voice_token"":""voice_adeebf""},{""duration_tick"":2,""onset_tick"":14,""pitch"":72,""tie"":""none"",""voice_token"":""voice_adeebf""}]}"
music_457584fbe357b5,"{""events"":[{""duration_tick"":2,""onset_tick"":0,""pitch"":73,""tie"":""none"",""voice_token"":""voice_0284f7""},{""duration_tick"":2,""onset_tick"":2,""pitch"":71,""tie"":""none"",""voice_token"":""voice_0284f7""},{""duration_tick"":8,""onset_tick"":4,""pitch"":71,""tie"":""none"",""voice_token"":""voice_0284f7""},{""duration_tick"":4,""onset_tick"":12,""pitch"":70,""tie"":""none"",""voice_token"":""voice_0284f7""}]}"
music_6027054c592c35,"{""events"":[{""duration_tick"":2,""onset_tick"":0,""pitch"":68,""tie"":""none"",""voice_token"":""voice_adeebf""},{""duration_tick"":6,""onset_tick"":2,""pitch"":70,""tie"":""none"",""voice_token"":""voice_adeebf""},{""duration_tick"":4,""onset_tick"":8,""pitch"":70,""tie"":""none"",""voice_token"":""voice_adeebf""},{""duration_tick"":2,""onset_tick"":12,""pitch"":70,""tie"":""none"",""voice_token"":""voice_adeebf""},{""duration_tick"":4,""onset_tick"":14,""pitch"":77,""tie"":""none"",""voice_token"":""voice_adeebf""},{""duration_tick"":2,""onset_tick"":18,""pitch"":76,""tie"":""none"",""voice_token"":""voice_adeebf""},{""duration_tick"":4,""onset_tick"":20,""pitch"":74,""tie"":""none"",""voice_token"":""voice_adeebf""}]}"
music_5887c5c22fea31,"{""events"":[{""duration_tick"":2,""onset_tick"":0,""pitch"":65,""tie"":""none"",""voice_token"":""voice_adeebf""},{""duration_tick"":4,""onset_tick"":2,""pitch"":63,""tie"":""none"",""voice_token"":""voice_adeebf""},{""duration_tick"":2,""onset_tick"":6,""pitch"":68,""tie"":""none"",""voice_token"":""voice_adeebf""},{""duration_tick"":2,""onset_tick"":8,""pitch"":68,""tie"":""none"",""voice_token"":""voice_adeebf""},{""duration_tick"":4,""onset_tick"":10,""pitch"":67,""tie"":""none"",""voice_token"":""voice_adeebf""},{""duration_tick"":8,""onset_tick"":14,""pitch"":63,""tie"":""none"",""voice_token"":""voice_adeebf""}]}"
music_c30a855bbd6d43,"{""events"":[{""duration_tick"":4,""onset_tick"":0,""pitch"":68,""tie"":""none"",""voice_token"":""voice_bf2e2c""},{""duration_tick"":2,""onset_tick"":4,""pitch"":69,""tie"":""none"",""voice_token"":""voice_bf2e2c""},{""duration_tick"":2,""onset_tick"":6,""pitch"":68,""tie"":""none"",""voice_token"":""voice_bf2e2c""},{""duration_tick"":2,""onset_tick"":8,""pitch"":69,""tie"":""none"",""voice_token"":""voice_bf2e2c""},{""duration_tick"":2,""onset_tick"":10,""pitch"":66,""tie"":""none"",""voice_token"":""voice_bf2e2c""},{""duration_tick"":8,""onset_tick"":12,""pitch"":69,""tie"":""none"",""voice_token"":""voice_bf2e2c""}]}"
music_f6ec130eba5a67,"{""events"":[{""duration_tick"":1,""onset_tick"":0,""pitch"":76,""tie"":""none"",""voice_token"":""voice_de3898""},{""duration_tick"":2,""onset_tick"":1,""pitch"":74,""tie"":""none"",""voice_token"":""voice_de3898""},{""duration_tick"":6,""onset_tick"":3,""pitch"":71,""tie"":""none"",""voice_token"":""voice_de3898""},{""duration_tick"":6,""onset_tick"":9,""pitch"":69,""tie"":""none"",""voice_token"":""voice_de3898""},{""duration_tick"":4,""onset_tick"":15,""pitch"":-1,""tie"":""none"",""voice_token"":""voice_de3898""}]}"
music_b645c817a28714,"{""events"":[{""duration_tick"":4,""onset_tick"":0,""pitch"":70,""tie"":""none"",""voice_token"":""voice_bf2e2c""},{""duration_tick"":4,""onset_tick"":4,""pitch"":70,""tie"":""none"",""voice_token"":""voice_bf2e2c""},{""duration_tick"":4,""onset_tick"":8,""pitch"":71,""tie"":""none"",""voice_token"":""voice_bf2e2c""},{""duration_tick"":4,""onset_tick"":12,""pitch"":71,""tie"":""none"",""voice_token"":""voice_bf2e2c""},{""duration_tick"":6,""onset_tick"":16,""pitch"":75,""tie"":""none"",""voice_token"":""voice_bf2e2c""},{""duration_tick"":2,""onset_tick"":22,""pitch"":74,""tie"":""none"",""voice_token"":""voice_bf2e2c""},{""duration_tick"":4,""onset_tick"":24,""pitch"":72,""tie"":""none"",""voice_token"":""voice_bf2e2c""}]}"
music_67c97d656ed851,"{""events"":[{""duration_tick"":2,""onset_tick"":0,""pitch"":68,""tie"":""stop"",""voice_token"":""voice_0284f7""},{""duration_tick"":2,""onset_tick"":2,""pitch"":72,""tie"":""none"",""voice_token"":""voice_0284f7""},{""duration_tick"":2,""onset_tick"":4,""pitch"":68,""tie"":""none"",""voice_token"":""voice_0284f7""},{""duration_tick"":2,""onset_tick"":6,""pitch"":72,""tie"":""none"",""voice_token"":""voice_0284f7""}]}"
music_9b60bf9b87fbeb,"{""events"":[{""duration_tick"":6,""onset_tick"":0,""pitch"":75,""tie"":""none"",""voice_token"":""voice_bf2e2c""},{""duration_tick"":2,""onset_tick"":6,""pitch"":74,""tie"":""none"",""voice_token"":""voice_bf2e2c""},{""duration_tick"":4,""onset_tick"":8,""pitch"":72,""tie"":""none"",""voice_token"":""voice_bf2e2c""},{""duration_tick"":4,""onset_tick"":12,""pitch"":70,""tie"":""none"",""voice_token"":""voice_bf2e2c""}]}"
music_9e31d34db855a7,"{""events"":[{""duration_tick"":2,""onset_tick"":0,""pitch"":65,""tie"":""none"",""voice_token"":""voice_adeebf""},{""duration_tick"":4,""onset_tick"":2,""pitch"":68,""tie"":""none"",""voice_token"":""voice_adeebf""},{""duration_tick"":4,""onset_tick"":6,""pitch"":70,""tie"":""none"",""voice_token"":""voice_adeebf""},{""duration_tick"":4,""onset_tick"":10,""pitch"":73,""tie"":""none"",""voice_token"":""voice_adeebf""},{""duration_tick"":4,""onset_tick"":14,""pitch"":72,""tie"":""none"",""voice_token"":""voice_adeebf""},{""duration_tick"":4,""onset_tick"":18,""pitch"":72,""tie"":""none"",""voice_token"":""voice_adeebf""}]}"
music_8bf915f2332b2c,"{""events"":[{""duration_tick"":2,""onset_tick"":0,""pitch"":71,""tie"":""none"",""voice_token"":""voice_bf2e2c""},{""duration_tick"":2,""onset_tick"":2,""pitch"":69,""tie"":""none"",""voice_token"":""voice_bf2e2c""},{""duration_tick"":6,""onset_tick"":4,""pitch"":69,""tie"":""none"",""voice_token"":""voice_bf2e2c""},{""duration_tick"":2,""onset_tick"":10,""pitch"":76,""tie"":""none"",""voice_token"":""voice_bf2e2c""},{""duration_tick"":8,""onset_tick"":12,""pitch"":76,""tie"":""none"",""voice_token"":""voice_bf2e2c""}]}"
music_571842f1082aef,"{""events"":[{""duration_tick"":4,""onset_tick"":0,""pitch"":67,""tie"":""none"",""voice_token"":""voice_adeebf""},{""duration_tick"":2,""onset_tick"":4,""pitch"":66,""tie"":""none"",""voice_token"":""voice_adeebf""},{""duration_tick"":2,""onset_tick"":6,""pitch"":66,""tie"":""none"",""voice_token"":""voice_adeebf""},{""duration_tick"":2,""onset_tick"":8,""pitch"":66,""tie"":""none"",""voice_token"":""voice_adeebf""},{""duration_tick"":2,""onset_tick"":10,""pitch"":66,""tie"":""none"",""voice_token"":""voice_adeebf""},{""duration_tick"":2,""onset_tick"":12,""pitch"":66,""tie"":""none"",""voice_token"":""voice_adeebf""},{""duration_tick"":2,""onset_tick"":14,""pitch"":66,""tie"":""none"",""voice_token"":""voice_adeebf""}]}"
music_54f83721653c96,"{""events"":[{""duration_tick"":2,""onset_tick"":0,""pitch"":67,""tie"":""none"",""voice_token"":""voice_bf2e2c""},{""duration_tick"":1,""onset_tick"":2,""pitch"":67,""tie"":""none"",""voice_token"":""voice_bf2e2c""},{""duration_tick"":1,""onset_tick"":3,""pitch"":67,""tie"":""none"",""voice_token"":""voice_bf2e2c""},{""duration_tick"":4,""onset_tick"":4,""pitch"":69,""tie"":""none"",""voice_token"":""voice_bf2e2c""},{""duration_tick"":4,""onset_tick"":8,""pitch"":69,""tie"":""none"",""voice_token"":""voice_bf2e2c""},{""duration_tick"":4,""onset_tick"":12,""pitch"":67,""tie"":""none"",""voice_token"":""voice_bf2e2c""}]}"
music_e36f166a626f1e,"{""events"":[{""duration_tick"":2,""onset_tick"":0,""pitch"":64,""tie"":""none"",""voice_token"":""voice_0284f7""},{""duration_tick"":2,""onset_tick"":2,""pitch"":66,""tie"":""none"",""voice_token"":""voice_0284f7""},{""duration_tick"":2,""onset_tick"":4,""pitch"":66,""tie"":""none"",""voice_token"":""voice_0284f7""},{""duration_tick"":1,""onset_tick"":6,""pitch"":68,""tie"":""none"",""voice_token"":""voice_0284f7""},{""duration_tick"":1,""onset_tick"":7,""pitch"":68,""tie"":""none"",""voice_token"":""voice_0284f7""},{""duration_tick"":2,""onset_tick"":8,""pitch"":69,""tie"":""none"",""voice_token"":""voice_0284f7""},{""duration_tick"":2,""onset_tick"":10,""pitch"":69,""tie"":""none"",""voice_token"":""voice_0284f7""}]}"
music_30427617a5e018,"{""events"":[{""duration_tick"":2,""onset_tick"":0,""pitch"":69,""tie"":""stop"",""voice_token"":""voice_adeebf""},{""duration_tick"":2,""onset_tick"":2,""pitch"":70,""tie"":""none"",""voice_token"":""voice_adeebf""},{""duration_tick"":2,""onset_tick"":4,""pitch"":74,""tie"":""none"",""voice_token"":""voice_adeebf""},{""duration_tick"":2,""onset_tick"":6,""pitch"":74,""tie"":""none"",""voice_token"":""voice_adeebf""},{""duration_tick"":2,""onset_tick"":8,""pitch"":74,""tie"":""none"",""voice_token"":""voice_adeebf""},{""duration_tick"":2,""onset_tick"":10,""pitch"":74,""tie"":""none"",""voice_token"":""voice_adeebf""}]}"
music_6bfd345d0c92ca,"{""events"":[{""duration_tick"":8,""onset_tick"":0,""pitch"":76,""tie"":""none"",""voice_token"":""voice_bf2e2c""},{""duration_tick"":4,""onset_tick"":8,""pitch"":75,""tie"":""none"",""voice_token"":""voice_bf2e2c""},{""duration_tick"":12,""onset_tick"":12,""pitch"":75,""tie"":""none"",""voice_token"":""voice_bf2e2c""},{""duration_tick"":12,""onset_tick"":24,""pitch"":75,""tie"":""none"",""voice_token"":""voice_bf2e2c""}]}"
music_b53bac258df6db,"{""events"":[{""duration_tick"":4,""onset_tick"":0,""pitch"":67,""tie"":""none"",""voice_token"":""voice_bf2e2c""},{""duration_tick"":4,""onset_tick"":4,""pitch"":67,""tie"":""none"",""voice_token"":""voice_bf2e2c""},{""duration_tick"":4,""onset_tick"":8,""pitch"":68,""tie"":""none"",""voice_token"":""voice_bf2e2c""},{""duration_tick"":2,""onset_tick"":12,""pitch"":68,""tie"":""none"",""voice_token"":""voice_bf2e2c""},{""duration_tick"":2,""onset_tick"":14,""pitch"":68,""tie"":""none"",""voice_token"":""voice_bf2e2c""}]}"
music_4f536be1851cf6,"{""events"":[{""duration_tick"":2,""onset_tick"":0,""pitch"":74,""tie"":""none"",""voice_token"":""voice_bf2e2c""},{""duration_tick"":4,""onset_tick"":2,""pitch"":74,""tie"":""none"",""voice_token"":""voice_bf2e2c""},{""duration_tick"":8,""onset_tick"":6,""pitch"":72,""tie"":""none"",""voice_token"":""voice_bf2e2c""},{""duration_tick"":4,""onset_tick"":14,""pitch"":72,""tie"":""none"",""voice_token"":""voice_bf2e2c""},{""duration_tick"":8,""onset_tick"":18,""pitch"":77,""tie"":""none"",""voice_token"":""voice_bf2e2c""},{""duration_tick"":4,""onset_tick"":26,""pitch"":77,""tie"":""none"",""voice_token"":""voice_bf2e2c""},{""duration_tick"":4,""onset_tick"":30,""pitch"":77,""tie"":""none"",""voice_token"":""voice_bf2e2c""}]}"
music_9b3972bfe432ce,"{""events"":[{""duration_tick"":4,""onset_tick"":0,""pitch"":65,""tie"":""none"",""voice_token"":""voice_bf2e2c""},{""duration_tick"":4,""onset_tick"":4,""pitch"":65,""tie"":""none"",""voice_token"":""voice_bf2e2c""},{""duration_tick"":4,""onset_tick"":8,""pitch"":65,""tie"":""none"",""voice_token"":""voice_bf2e2c""},{""duration_tick"":12,""onset_tick"":12,""pitch"":64,""tie"":""none"",""voice_token"":""voice_bf2e2c""},{""duration_tick"":12,""onset_tick"":24,""pitch"":-1,""tie"":""none"",""voice_token"":""voice_bf2e2c""},{""duration_tick"":12,""onset_tick"":36,""pitch"":-1,""tie"":""none"",""voice_token"":""voice_bf2e2c""},{""duration_tick"":12,""onset_tick"":48,""pitch"":-1,""tie"":""none"",""voice_token"":""voice_bf2e2c""}]}"
music_a7daf4757d0439,"{""events"":[{""duration_tick"":2,""onset_tick"":0,""pitch"":67,""tie"":""none"",""voice_token"":""voice_0284f7""},{""duration_tick"":2,""onset_tick"":2,""pitch"":67,""tie"":""none"",""voice_token"":""voice_0284f7""},{""duration_tick"":2,""onset_tick"":4,""pitch"":66,""tie"":""none"",""voice_token"":""voice_0284f7""},{""duration_tick"":2,""onset_tick"":6,""pitch"":65,""tie"":""none"",""voice_token"":""voice_0284f7""},{""duration_tick"":2,""onset_tick"":8,""pitch"":66,""tie"":""none"",""voice_token"":""voice_0284f7""},{""duration_tick"":2,""onset_tick"":10,""pitch"":68,""tie"":""none"",""voice_token"":""voice_0284f7""}]}"
music_6279146a29c0d6,"{""events"":[{""duration_tick"":2,""onset_tick"":0,""pitch"":69,""tie"":""none"",""voice_token"":""voice_bf2e2c""},{""duration_tick"":2,""onset_tick"":2,""pitch"":63,""tie"":""none"",""voice_token"":""voice_bf2e2c""},{""duration_tick"":4,""onset_tick"":4,""pitch"":64,""tie"":""none"",""voice_token"":""voice_bf2e2c""},{""duration_tick"":4,""onset_tick"":8,""pitch"":64,""tie"":""none"",""voice_token"":""voice_bf2e2c""},{""duration_tick"":4,""onset_tick"":12,""pitch"":71,""tie"":""none"",""voice_token"":""voice_bf2e2c""},{""duration_tick"":4,""onset_tick"":16,""pitch"":72,""tie"":""none"",""voice_token"":""voice_bf2e2c""}]}"
music_82cb4c2dcf6d4b,"{""events"":[{""duration_tick"":6,""onset_tick"":0,""pitch"":69,""tie"":""stop"",""voice_token"":""voice_bf2e2c""},{""duration_tick"":4,""onset_tick"":6,""pitch"":73,""tie"":""none"",""voice_token"":""voice_bf2e2c""},{""duration_tick"":2,""onset_tick"":10,""pitch"":73,""tie"":""none"",""voice_token"":""voice_bf2e2c""},{""duration_tick"":6,""onset_tick"":12,""pitch"":73,""tie"":""none"",""voice_token"":""voice_bf2e2c""},{""duration_tick"":6,""onset_tick"":18,""pitch"":73,""tie"":""start"",""voice_token"":""voice_bf2e2c""}]}"
music_1efdb4dea222f8,"{""events"":[{""duration_tick"":2,""onset_tick"":0,""pitch"":74,""tie"":""none"",""voice_token"":""voice_bf2e2c""},{""duration_tick"":2,""onset_tick"":2,""pitch"":72,""tie"":""none"",""voice_token"":""voice_bf2e2c""},{""duration_tick"":4,""onset_tick"":4,""pitch"":74,""tie"":""none"",""voice_token"":""voice_bf2e2c""},{""duration_tick"":2,""onset_tick"":8,""pitch"":76,""tie"":""none"",""voice_token"":""voice_bf2e2c""}]}"
music_de33690ae6f818,"{""events"":[{""duration_tick"":12,""onset_tick"":0,""pitch"":-1,""tie"":""none"",""voice_token"":""voice_bf2e2c""},{""duration_tick"":4,""onset_tick"":12,""pitch"":75,""tie"":""none"",""voice_token"":""voice_bf2e2c""},{""duration_tick"":4,""onset_tick"":16,""pitch"":75,""tie"":""none"",""voice_token"":""voice_bf2e2c""},{""duration_tick"":4,""onset_tick"":20,""pitch"":75,""tie"":""none"",""voice_token"":""voice_bf2e2c""},{""duration_tick"":4,""onset_tick"":24,""pitch"":75,""tie"":""none"",""voice_token"":""voice_bf2e2c""},{""duration_tick"":4,""onset_tick"":28,""pitch"":74,""tie"":""none"",""voice_token"":""voice_bf2e2c""}]}"
music_f77b58591a8b08,"{""events"":[{""duration_tick"":2,""onset_tick"":0,""pitch"":75,""tie"":""none"",""voice_token"":""voice_0331f8""},{""duration_tick"":2,""onset_tick"":2,""pitch"":73,""tie"":""none"",""voice_token"":""voice_0331f8""},{""duration_tick"":6,""onset_tick"":4,""pitch"":73,""tie"":""none"",""voice_token"":""voice_0331f8""},{""duration_tick"":4,""onset_tick"":10,""pitch"":73,""tie"":""none"",""voice_token"":""voice_0331f8""},{""duration_tick"":2,""onset_tick"":14,""pitch"":73,""tie"":""none"",""voice_token"":""voice_0331f8""},{""duration_tick"":6,""onset_tick"":16,""pitch"":72,""tie"":""none"",""voice_token"":""voice_0331f8""},{""duration_tick"":2,""onset_tick"":22,""pitch"":72,""tie"":""none"",""voice_token"":""voice_0331f8""}]}"
music_51fc9d79af10cc,"{""events"":[{""duration_tick"":4,""onset_tick"":0,""pitch"":67,""tie"":""none"",""voice_token"":""voice_bf2e2c""},{""duration_tick"":4,""onset_tick"":4,""pitch"":67,""tie"":""none"",""voice_token"":""voice_bf2e2c""},{""duration_tick"":8,""onset_tick"":8,""pitch"":67,""tie"":""none"",""voice_token"":""voice_bf2e2c""},{""duration_tick"":8,""onset_tick"":16,""pitch"":72,""tie"":""none"",""voice_token"":""voice_bf2e2c""}]}"
music_056b2dc8e85283,"{""events"":[{""duration_tick"":2,""onset_tick"":0,""pitch"":69,""tie"":""none"",""voice_token"":""voice_0331f8""},{""duration_tick"":2,""onset_tick"":2,""pitch"":71,""tie"":""none"",""voice_token"":""voice_0331f8""},{""duration_tick"":4,""onset_tick"":4,""pitch"":76,""tie"":""none"",""voice_token"":""voice_0331f8""},{""duration_tick"":2,""onset_tick"":8,""pitch"":74,""tie"":""none"",""voice_token"":""voice_0331f8""},{""duration_tick"":4,""onset_tick"":10,""pitch"":69,""tie"":""none"",""voice_token"":""voice_0331f8""},{""duration_tick"":2,""onset_tick"":14,""pitch"":71,""tie"":""none"",""voice_token"":""voice_0331f8""},{""duration_tick"":4,""onset_tick"":16,""pitch"":76,""tie"":""none"",""voice_token"":""voice_0331f8""}]}"
music_58123dd9004e83,"{""events"":[{""duration_tick"":2,""onset_tick"":0,""pitch"":65,""tie"":""none"",""voice_token"":""voice_bf2e2c""},{""duration_tick"":4,""onset_tick"":2,""pitch"":65,""tie"":""none"",""voice_token"":""voice_bf2e2c""},{""duration_tick"":4,""onset_tick"":6,""pitch"":65,""tie"":""none"",""voice_token"":""voice_bf2e2c""},{""duration_tick"":4,""onset_tick"":10,""pitch"":65,""tie"":""none"",""voice_token"":""voice_bf2e2c""}]}"
music_334130cc429ccf,"{""events"":[{""duration_tick"":4,""onset_tick"":0,""pitch"":73,""tie"":""none"",""voice_token"":""voice_bf2e2c""},{""duration_tick"":4,""onset_tick"":4,""pitch"":73,""tie"":""none"",""voice_token"":""voice_bf2e2c""},{""duration_tick"":4,""onset_tick"":8,""pitch"":73,""tie"":""none"",""voice_token"":""voice_bf2e2c""},{""duration_tick"":8,""onset_tick"":12,""pitch"":75,""tie"":""none"",""voice_token"":""voice_bf2e2c""},{""duration_tick"":4,""onset_tick"":20,""pitch"":73,""tie"":""none"",""voice_token"":""voice_bf2e2c""},{""duration_tick"":3,""onset_tick"":24,""pitch"":73,""tie"":""none"",""voice_token"":""voice_bf2e2c""}]}"
music_8bdb801c3ea428,"{""events"":[{""duration_tick"":4,""onset_tick"":0,""pitch"":72,""tie"":""none"",""voice_token"":""voice_adeebf""},{""duration_tick"":4,""onset_tick"":4,""pitch"":67,""tie"":""none"",""voice_token"":""voice_adeebf""},{""duration_tick"":4,""onset_tick"":8,""pitch"":67,""tie"":""none"",""voice_token"":""voice_adeebf""},{""duration_tick"":4,""onset_tick"":12,""pitch"":67,""tie"":""none"",""voice_token"":""voice_adeebf""},{""duration_tick"":4,""onset_tick"":16,""pitch"":69,""tie"":""none"",""voice_token"":""voice_adeebf""}]}"
music_1bac37508d1635,"{""events"":[{""duration_tick"":6,""onset_tick"":0,""pitch"":71,""tie"":""none"",""voice_token"":""voice_bf2e2c""},{""duration_tick"":2,""onset_tick"":6,""pitch"":74,""tie"":""none"",""voice_token"":""voice_bf2e2c""},{""duration_tick"":2,""onset_tick"":8,""pitch"":74,""tie"":""none"",""voice_token"":""voice_bf2e2c""},{""duration_tick"":2,""onset_tick"":10,""pitch"":73,""tie"":""none"",""voice_token"":""voice_bf2e2c""},{""duration_tick"":4,""onset_tick"":12,""pitch"":73,""tie"":""none"",""voice_token"":""voice_bf2e2c""},{""duration_tick"":4,""onset_tick"":16,""pitch"":73,""tie"":""none"",""voice_token"":""voice_bf2e2c""}]}"
music_72ed41ee01b822,"{""events"":[{""duration_tick"":2,""onset_tick"":0,""pitch"":69,""tie"":""none"",""voice_token"":""voice_c979c0""},{""duration_tick"":2,""onset_tick"":2,""pitch"":69,""tie"":""none"",""voice_token"":""voice_c979c0""},{""duration_tick"":2,""onset_tick"":4,""pitch"":69,""tie"":""none"",""voice_token"":""voice_c979c0""},{""duration_tick"":2,""onset_tick"":6,""pitch"":69,""tie"":""none"",""voice_token"":""voice_c979c0""},{""duration_tick"":2,""onset_tick"":8,""pitch"":69,""tie"":""none"",""voice_token"":""voice_c979c0""},{""duration_tick"":2,""onset_tick"":10,""pitch"":69,""tie"":""none"",""voice_token"":""voice_c979c0""}]}"
music_fb86a2aff63fa2,"{""events"":[{""duration_tick"":2,""onset_tick"":0,""pitch"":71,""tie"":""none"",""voice_token"":""voice_adeebf""},{""duration_tick"":4,""onset_tick"":2,""pitch"":71,""tie"":""none"",""voice_token"":""voice_adeebf""},{""duration_tick"":6,""onset_tick"":6,""pitch"":71,""tie"":""none"",""voice_token"":""voice_adeebf""},{""duration_tick"":2,""onset_tick"":12,""pitch"":71,""tie"":""none"",""voice_token"":""voice_adeebf""},{""duration_tick"":4,""onset_tick"":14,""pitch"":-1,""tie"":""none"",""voice_token"":""voice_adeebf""},{""duration_tick"":2,""onset_tick"":18,""pitch"":71,""tie"":""none"",""voice_token"":""voice_adeebf""}]}"
music_57c26df52d2653,"{""events"":[{""duration_tick"":4,""onset_tick"":0,""pitch"":62,""tie"":""none"",""voice_token"":""voice_0331f8""},{""duration_tick"":4,""onset_tick"":4,""pitch"":64,""tie"":""none"",""voice_token"":""voice_0331f8""},{""duration_tick"":4,""onset_tick"":8,""pitch"":67,""tie"":""none"",""voice_token"":""voice_0331f8""},{""duration_tick"":12,""onset_tick"":12,""pitch"":74,""tie"":""none"",""voice_token"":""voice_0331f8""}]}"
music_e3c2151a75c6e0,"{""events"":[{""duration_tick"":2,""onset_tick"":0,""pitch"":74,""tie"":""none"",""voice_token"":""voice_bf2e2c""},{""duration_tick"":2,""onset_tick"":2,""pitch"":73,""tie"":""none"",""voice_token"":""voice_bf2e2c""},{""duration_tick"":2,""onset_tick"":4,""pitch"":71,""tie"":""none"",""voice_token"":""voice_bf2e2c""},{""duration_tick"":2,""onset_tick"":6,""pitch"":73,""tie"":""none"",""voice_token"":""voice_bf2e2c""},{""duration_tick"":3,""onset_tick"":8,""pitch"":74,""tie"":""none"",""voice_token"":""voice_bf2e2c""},{""duration_tick"":1,""onset_tick"":11,""pitch"":76,""tie"":""none"",""voice_token"":""voice_bf2e2c""},{""duration_tick"":4,""onset_tick"":12,""pitch"":78,""tie"":""start"",""voice_token"":""voice_bf2e2c""}]}"
music_6aae20b68ef36c,"{""events"":[{""duration_tick"":1,""onset_tick"":0,""pitch"":77,""tie"":""none"",""voice_token"":""voice_adeebf""},{""duration_tick"":2,""onset_tick"":1,""pitch"":79,""tie"":""none"",""voice_token"":""voice_adeebf""},{""duration_tick"":2,""onset_tick"":3,""pitch"":71,""tie"":""none"",""voice_token"":""voice_adeebf""},{""duration_tick"":2,""onset_tick"":5,""pitch"":72,""tie"":""none"",""voice_token"":""voice_adeebf""},{""duration_tick"":2,""onset_tick"":7,""pitch"":72,""tie"":""none"",""voice_token"":""voice_adeebf""}]}"
music_440be259ed6219,"{""events"":[{""duration_tick"":4,""onset_tick"":0,""pitch"":70,""tie"":""none"",""voice_token"":""voice_adeebf""},{""duration_tick"":4,""onset_tick"":4,""pitch"":70,""tie"":""none"",""voice_token"":""voice_adeebf""},{""duration_tick"":4,""onset_tick"":8,""pitch"":72,""tie"":""none"",""voice_token"":""voice_adeebf""},{""duration_tick"":4,""onset_tick"":12,""pitch"":72,""tie"":""none"",""voice_token"":""voice_adeebf""},{""duration_tick"":3,""onset_tick"":16,""pitch"":73,""tie"":""none"",""voice_token"":""voice_adeebf""},{""duration_tick"":1,""onset_tick"":19,""pitch"":70,""tie"":""none"",""voice_token"":""voice_adeebf""}]}"
music_6d6457dd8580a9,"{""events"":[{""duration_tick"":2,""onset_tick"":0,""pitch"":72,""tie"":""none"",""voice_token"":""voice_adeebf""},{""duration_tick"":4,""onset_tick"":2,""pitch"":70,""tie"":""none"",""voice_token"":""voice_adeebf""},{""duration_tick"":8,""onset_tick"":6,""pitch"":72,""tie"":""none"",""voice_token"":""voice_adeebf""},{""duration_tick"":4,""onset_tick"":14,""pitch"":67,""tie"":""none"",""voice_token"":""voice_adeebf""},{""duration_tick"":6,""onset_tick"":18,""pitch"":63,""tie"":""none"",""voice_token"":""voice_adeebf""}]}"
music_01aeba2ae5896a,"{""events"":[{""duration_tick"":4,""onset_tick"":0,""pitch"":71,""tie"":""none"",""voice_token"":""voice_adeebf""},{""duration_tick"":4,""onset_tick"":4,""pitch"":68,""tie"":""none"",""voice_token"":""voice_adeebf""},{""duration_tick"":8,""onset_tick"":8,""pitch"":70,""tie"":""none"",""voice_token"":""voice_adeebf""},{""duration_tick"":4,""onset_tick"":16,""pitch"":74,""tie"":""none"",""voice_token"":""voice_adeebf""},{""duration_tick"":2,""onset_tick"":20,""pitch"":74,""tie"":""none"",""voice_token"":""voice_adeebf""}]}"
music_1ceda39fcb220b,"{""events"":[{""duration_tick"":4,""onset_tick"":0,""pitch"":74,""tie"":""none"",""voice_token"":""voice_e13020""},{""duration_tick"":4,""onset_tick"":4,""pitch"":74,""tie"":""none"",""voice_token"":""voice_e13020""},{""duration_tick"":4,""onset_tick"":8,""pitch"":76,""tie"":""none"",""voice_token"":""voice_e13020""},{""duration_tick"":4,""onset_tick"":12,""pitch"":76,""tie"":""none"",""voice_token"":""voice_e13020""},{""duration_tick"":4,""onset_tick"":16,""pitch"":76,""tie"":""none"",""voice_token"":""voice_e13020""},{""duration_tick"":4,""onset_tick"":20,""pitch"":74,""tie"":""none"",""voice_token"":""voice_e13020""}]}"
music_41d77dbc4f8a2d,"{""events"":[{""duration_tick"":4,""onset_tick"":0,""pitch"":66,""tie"":""none"",""voice_token"":""voice_7574bc""},{""duration_tick"":8,""onset_tick"":4,""pitch"":69,""tie"":""none"",""voice_token"":""voice_7574bc""},{""duration_tick"":4,""onset_tick"":12,""pitch"":64,""tie"":""none"",""voice_token"":""voice_7574bc""},{""duration_tick"":2,""onset_tick"":16,""pitch"":64,""tie"":""none"",""voice_token"":""voice_7574bc""}]}"
music_440fb38ced2a39,"{""events"":[{""duration_tick"":6,""onset_tick"":0,""pitch"":67,""tie"":""none"",""voice_token"":""voice_adeebf""},{""duration_tick"":6,""onset_tick"":6,""pitch"":65,""tie"":""none"",""voice_token"":""voice_adeebf""},{""duration_tick"":6,""onset_tick"":12,""pitch"":69,""tie"":""none"",""voice_token"":""voice_adeebf""},{""duration_tick"":6,""onset_tick"":18,""pitch"":67,""tie"":""none"",""voice_token"":""voice_adeebf""},{""duration_tick"":6,""onset_tick"":24,""pitch"":65,""tie"":""none"",""voice_token"":""voice_adeebf""},{""duration_tick"":6,""onset_tick"":30,""pitch"":65,""tie"":""start"",""voice_token"":""voice_adeebf""}]}"
music_a47fea7fecde2f,"{""events"":[{""duration_tick"":4,""onset_tick"":0,""pitch"":72,""tie"":""none"",""voice_token"":""voice_0331f8""},{""duration_tick"":2,""onset_tick"":4,""pitch"":72,""tie"":""none"",""voice_token"":""voice_0331f8""},{""duration_tick"":4,""onset_tick"":6,""pitch"":74,""tie"":""none"",""voice_token"":""voice_0331f8""},{""duration_tick"":2,""onset_tick"":10,""pitch"":74,""tie"":""none"",""voice_token"":""voice_0331f8""},{""duration_tick"":4,""onset_tick"":12,""pitch"":72,""tie"":""none"",""voice_token"":""voice_0331f8""}]}"
music_16ffca509bf421,"{""events"":[{""duration_tick"":2,""onset_tick"":0,""pitch"":70,""tie"":""none"",""voice_token"":""voice_bf2e2c""},{""duration_tick"":2,""onset_tick"":2,""pitch"":70,""tie"":""none"",""voice_token"":""voice_bf2e2c""},{""duration_tick"":2,""onset_tick"":4,""pitch"":70,""tie"":""none"",""voice_token"":""voice_bf2e2c""},{""duration_tick"":4,""onset_tick"":6,""pitch"":70,""tie"":""none"",""voice_token"":""voice_bf2e2c""},{""duration_tick"":4,""onset_tick"":10,""pitch"":71,""tie"":""none"",""voice_token"":""voice_bf2e2c""},{""duration_tick"":2,""onset_tick"":14,""pitch"":71,""tie"":""none"",""voice_token"":""voice_bf2e2c""},{""duration_tick"":2,""onset_tick"":16,""pitch"":71,""tie"":""none"",""voice_token"":""voice_bf2e2c""}]}"
music_c4df278ec42fef,"{""events"":[{""duration_tick"":2,""onset_tick"":0,""pitch"":65,""tie"":""none"",""voice_token"":""voice_adeebf""},{""duration_tick"":2,""onset_tick"":2,""pitch"":65,""tie"":""none"",""voice_token"":""voice_adeebf""},{""duration_tick"":6,""onset_tick"":4,""pitch"":65,""tie"":""none"",""voice_token"":""voice_adeebf""},{""duration_tick"":2,""onset_tick"":10,""pitch"":65,""tie"":""none"",""voice_token"":""voice_adeebf""},{""duration_tick"":2,""onset_tick"":12,""pitch"":65,""tie"":""none"",""voice_token"":""voice_adeebf""},{""duration_tick"":2,""onset_tick"":14,""pitch"":-1,""tie"":""none"",""voice_token"":""voice_adeebf""},{""duration_tick"":4,""onset_tick"":16,""pitch"":-1,""tie"":""none"",""voice_token"":""voice_adeebf""}]}"
music_4c44cadafd427e,"{""events"":[{""duration_tick"":2,""onset_tick"":0,""pitch"":75,""tie"":""none"",""voice_token"":""voice_adeebf""},{""duration_tick"":6,""onset_tick"":2,""pitch"":77,""tie"":""none"",""voice_token"":""voice_adeebf""},{""duration_tick"":4,""onset_tick"":8,""pitch"":77,""tie"":""none"",""voice_token"":""voice_adeebf""},{""duration_tick"":2,""onset_tick"":12,""pitch"":77,""tie"":""none"",""voice_token"":""voice_adeebf""}]}"
music_a9a4b64e37bbc9,"{""events"":[{""duration_tick"":4,""onset_tick"":0,""pitch"":74,""tie"":""none"",""voice_token"":""voice_0284f7""},{""duration_tick"":4,""onset_tick"":4,""pitch"":72,""tie"":""none"",""voice_token"":""voice_0284f7""},{""duration_tick"":4,""onset_tick"":8,""pitch"":72,""tie"":""none"",""voice_token"":""voice_0284f7""},{""duration_tick"":4,""onset_tick"":12,""pitch"":72,""tie"":""none"",""voice_token"":""voice_0284f7""},{""duration_tick"":4,""onset_tick"":16,""pitch"":72,""tie"":""none"",""voice_token"":""voice_0284f7""}]}"
music_a2ce89dd3129b6,"{""events"":[{""duration_tick"":2,""onset_tick"":0,""pitch"":64,""tie"":""none"",""voice_token"":""voice_adeebf""},{""duration_tick"":2,""onset_tick"":2,""pitch"":64,""tie"":""none"",""voice_token"":""voice_adeebf""},{""duration_tick"":2,""onset_tick"":4,""pitch"":66,""tie"":""none"",""voice_token"":""voice_adeebf""},{""duration_tick"":2,""onset_tick"":6,""pitch"":66,""tie"":""none"",""voice_token"":""voice_adeebf""},{""duration_tick"":6,""onset_tick"":8,""pitch"":66,""tie"":""none"",""voice_token"":""voice_adeebf""},{""duration_tick"":2,""onset_tick"":14,""pitch"":69,""tie"":""none"",""voice_token"":""voice_adeebf""}]}"
music_99167cedeefa3a,"{""events"":[{""duration_tick"":8,""onset_tick"":0,""pitch"":61,""tie"":""none"",""voice_token"":""voice_e2ce84""},{""duration_tick"":8,""onset_tick"":8,""pitch"":61,""tie"":""none"",""voice_token"":""voice_e2ce84""},{""duration_tick"":8,""onset_tick"":16,""pitch"":61,""tie"":""none"",""voice_token"":""voice_e2ce84""},{""duration_tick"":8,""onset_tick"":24,""pitch"":61,""tie"":""none"",""voice_token"":""voice_e2ce84""}]}"
music_e093550d4b48f7,"{""events"":[{""duration_tick"":4,""onset_tick"":0,""pitch"":65,""tie"":""none"",""voice_token"":""voice_0331f8""},{""duration_tick"":8,""onset_tick"":4,""pitch"":65,""tie"":""none"",""voice_token"":""voice_0331f8""},{""duration_tick"":4,""onset_tick"":12,""pitch"":67,""tie"":""none"",""voice_token"":""voice_0331f8""},{""duration_tick"":8,""onset_tick"":16,""pitch"":68,""tie"":""none"",""voice_token"":""voice_0331f8""},{""duration_tick"":8,""onset_tick"":24,""pitch"":68,""tie"":""none"",""voice_token"":""voice_0331f8""},{""duration_tick"":4,""onset_tick"":32,""pitch"":72,""tie"":""start"",""voice_token"":""voice_0331f8""}]}"
music_6821b10f1c9fe2,"{""events"":[{""duration_tick"":4,""onset_tick"":0,""pitch"":-1,""tie"":""none"",""voice_token"":""voice_adeebf""},{""duration_tick"":2,""onset_tick"":4,""pitch"":61,""tie"":""none"",""voice_token"":""voice_adeebf""},{""duration_tick"":2,""onset_tick"":6,""pitch"":62,""tie"":""none"",""voice_token"":""voice_adeebf""},{""duration_tick"":2,""onset_tick"":8,""pitch"":61,""tie"":""none"",""voice_token"":""voice_adeebf""},{""duration_tick"":2,""onset_tick"":10,""pitch"":63,""tie"":""none"",""voice_token"":""voice_adeebf""},{""duration_tick"":3,""onset_tick"":12,""pitch"":67,""tie"":""none"",""voice_token"":""voice_adeebf""},{""duration_tick"":1,""onset_tick"":15,""pitch"":66,""tie"":""none"",""voice_token"":""voice_adeebf""}]}"
music_9fcf9b145ba06f,"{""events"":[{""duration_tick"":2,""onset_tick"":0,""pitch"":67,""tie"":""none"",""voice_token"":""voice_adeebf""},{""duration_tick"":2,""onset_tick"":2,""pitch"":62,""tie"":""none"",""voice_token"":""voice_adeebf""},{""duration_tick"":2,""onset_tick"":4,""pitch"":67,""tie"":""none"",""voice_token"":""voice_adeebf""},{""duration_tick"":6,""onset_tick"":6,""pitch"":67,""tie"":""none"",""voice_token"":""voice_adeebf""},{""duration_tick"":4,""onset_tick"":12,""pitch"":67,""tie"":""none"",""voice_token"":""voice_adeebf""}]}"
music_929f4e27bf3dc8,"{""events"":[{""duration_tick"":4,""onset_tick"":0,""pitch"":73,""tie"":""none"",""voice_token"":""voice_0331f8""},{""duration_tick"":4,""onset_tick"":4,""pitch"":73,""tie"":""none"",""voice_token"":""voice_0331f8""},{""duration_tick"":4,""onset_tick"":8,""pitch"":69,""tie"":""none"",""voice_token"":""voice_0331f8""},{""duration_tick"":4,""onset_tick"":12,""pitch"":68,""tie"":""none"",""voice_token"":""voice_0331f8""},{""duration_tick"":2,""onset_tick"":16,""pitch"":68,""tie"":""none"",""voice_token"":""voice_0331f8""}]}"
music_243c4f7b990b5b,"{""events"":[{""duration_tick"":4,""onset_tick"":0,""pitch"":-1,""tie"":""none"",""voice_token"":""voice_bf2e2c""},{""duration_tick"":2,""onset_tick"":4,""pitch"":64,""tie"":""none"",""voice_token"":""voice_bf2e2c""},{""duration_tick"":4,""onset_tick"":6,""pitch"":64,""tie"":""none"",""voice_token"":""voice_bf2e2c""},{""duration_tick"":2,""onset_tick"":10,""pitch"":64,""tie"":""none"",""voice_token"":""voice_bf2e2c""},{""duration_tick"":3,""onset_tick"":12,""pitch"":73,""tie"":""none"",""voice_token"":""voice_bf2e2c""},{""duration_tick"":1,""onset_tick"":15,""pitch"":73,""tie"":""none"",""voice_token"":""voice_bf2e2c""},{""duration_tick"":2,""onset_tick"":16,""pitch"":73,""tie"":""none"",""voice_token"":""voice_bf2e2c""}]}"
music_fe265b53d946e7,"{""events"":[{""duration_tick"":2,""onset_tick"":0,""pitch"":66,""tie"":""none"",""voice_token"":""voice_bf2e2c""},{""duration_tick"":2,""onset_tick"":2,""pitch"":68,""tie"":""none"",""voice_token"":""voice_bf2e2c""},{""duration_tick"":2,""onset_tick"":4,""pitch"":68,""tie"":""none"",""voice_token"":""voice_bf2e2c""},{""duration_tick"":2,""onset_tick"":6,""pitch"":68,""tie"":""none"",""voice_token"":""voice_bf2e2c""},{""duration_tick"":2,""onset_tick"":8,""pitch"":68,""tie"":""none"",""voice_token"":""voice_bf2e2c""}]}"
music_059d3da144eba5,"{""events"":[{""duration_tick"":2,""onset_tick"":0,""pitch"":62,""tie"":""none"",""voice_token"":""voice_adeebf""},{""duration_tick"":2,""onset_tick"":2,""pitch"":67,""tie"":""none"",""voice_token"":""voice_adeebf""},{""duration_tick"":2,""onset_tick"":4,""pitch"":67,""tie"":""none"",""voice_token"":""voice_adeebf""},{""duration_tick"":2,""onset_tick"":6,""pitch"":67,""tie"":""none"",""voice_token"":""voice_adeebf""}]}"
music_dd61eb56d986d9,"{""events"":[{""duration_tick"":4,""onset_tick"":0,""pitch"":66,""tie"":""none"",""voice_token"":""voice_adeebf""},{""duration_tick"":4,""onset_tick"":4,""pitch"":66,""tie"":""none"",""voice_token"":""voice_adeebf""},{""duration_tick"":4,""onset_tick"":8,""pitch"":74,""tie"":""none"",""voice_token"":""voice_adeebf""},{""duration_tick"":4,""onset_tick"":12,""pitch"":74,""tie"":""none"",""voice_token"":""voice_adeebf""},{""duration_tick"":4,""onset_tick"":16,""pitch"":71,""tie"":""none"",""voice_token"":""voice_adeebf""},{""duration_tick"":4,""onset_tick"":20,""pitch"":69,""tie"":""none"",""voice_token"":""voice_adeebf""},{""duration_tick"":4,""onset_tick"":24,""pitch"":71,""tie"":""none"",""voice_token"":""voice_adeebf""}]}"
music_6362166acf68bb,"{""events"":[{""duration_tick"":1,""onset_tick"":0,""pitch"":66,""tie"":""none"",""voice_token"":""voice_bf2e2c""},{""duration_tick"":1,""onset_tick"":1,""pitch"":63,""tie"":""none"",""voice_token"":""voice_bf2e2c""},{""duration_tick"":1,""onset_tick"":2,""pitch"":64,""tie"":""none"",""voice_token"":""voice_bf2e2c""},{""duration_tick"":2,""onset_tick"":3,""pitch"":66,""tie"":""none"",""voice_token"":""voice_bf2e2c""},{""duration_tick"":4,""onset_tick"":5,""pitch"":63,""tie"":""none"",""voice_token"":""voice_bf2e2c""}]}"
music_616d1c62a40467,"{""events"":[{""duration_tick"":2,""onset_tick"":0,""pitch"":67,""tie"":""none"",""voice_token"":""voice_bf2e2c""},{""duration_tick"":2,""onset_tick"":2,""pitch"":67,""tie"":""none"",""voice_token"":""voice_bf2e2c""},{""duration_tick"":2,""onset_tick"":4,""pitch"":67,""tie"":""none"",""voice_token"":""voice_bf2e2c""},{""duration_tick"":2,""onset_tick"":6,""pitch"":67,""tie"":""none"",""voice_token"":""voice_bf2e2c""},{""duration_tick"":2,""onset_tick"":8,""pitch"":67,""tie"":""none"",""voice_token"":""voice_bf2e2c""}]}"
music_5dfae59450c1e2,"{""events"":[{""duration_tick"":4,""onset_tick"":0,""pitch"":73,""tie"":""none"",""voice_token"":""voice_755b18""},{""duration_tick"":4,""onset_tick"":4,""pitch"":71,""tie"":""none"",""voice_token"":""voice_755b18""},{""duration_tick"":4,""onset_tick"":8,""pitch"":73,""tie"":""none"",""voice_token"":""voice_755b18""},{""duration_tick"":4,""onset_tick"":12,""pitch"":71,""tie"":""none"",""voice_token"":""voice_755b18""}]}"
music_2ffad2adf06ba4,"{""events"":[{""duration_tick"":8,""onset_tick"":0,""pitch"":66,""tie"":""none"",""voice_token"":""voice_698645""},{""duration_tick"":2,""onset_tick"":8,""pitch"":64,""tie"":""none"",""voice_token"":""voice_698645""},{""duration_tick"":2,""onset_tick"":10,""pitch"":63,""tie"":""none"",""voice_token"":""voice_698645""},{""duration_tick"":2,""onset_tick"":12,""pitch"":64,""tie"":""none"",""voice_token"":""voice_698645""},{""duration_tick"":2,""onset_tick"":14,""pitch"":63,""tie"":""none"",""voice_token"":""voice_698645""},{""duration_tick"":2,""onset_tick"":16,""pitch"":61,""tie"":""none"",""voice_token"":""voice_698645""}]}"
music_70ae5785614188,"{""events"":[{""duration_tick"":4,""onset_tick"":0,""pitch"":65,""tie"":""none"",""voice_token"":""voice_adeebf""},{""duration_tick"":4,""onset_tick"":4,""pitch"":65,""tie"":""none"",""voice_token"":""voice_adeebf""},{""duration_tick"":2,""onset_tick"":8,""pitch"":65,""tie"":""none"",""voice_token"":""voice_adeebf""},{""duration_tick"":2,""onset_tick"":10,""pitch"":67,""tie"":""none"",""voice_token"":""voice_adeebf""},{""duration_tick"":4,""onset_tick"":12,""pitch"":67,""tie"":""none"",""voice_token"":""voice_adeebf""},{""duration_tick"":2,""onset_tick"":16,""pitch"":67,""tie"":""none"",""voice_token"":""voice_adeebf""},{""duration_tick"":2,""onset_tick"":18,""pitch"":-1,""tie"":""none"",""voice_token"":""voice_adeebf""}]}"
music_cbd6ab35849e3a,"{""events"":[{""duration_tick"":4,""onset_tick"":0,""pitch"":77,""tie"":""stop"",""voice_token"":""voice_adeebf""},{""duration_tick"":4,""onset_tick"":4,""pitch"":73,""tie"":""none"",""voice_token"":""voice_adeebf""},{""duration_tick"":2,""onset_tick"":8,""pitch"":72,""tie"":""none"",""voice_token"":""voice_adeebf""},{""duration_tick"":2,""onset_tick"":10,""pitch"":71,""tie"":""none"",""voice_token"":""voice_adeebf""},{""duration_tick"":4,""onset_tick"":12,""pitch"":70,""tie"":""none"",""voice_token"":""voice_adeebf""},{""duration_tick"":4,""onset_tick"":16,""pitch"":69,""tie"":""none"",""voice_token"":""voice_adeebf""},{""duration_tick"":4,""onset_tick"":20,""pitch"":70,""tie"":""none"",""voice_token"":""voice_adeebf""}]}"
music_33acb22f5f8efe,"{""events"":[{""duration_tick"":1,""onset_tick"":0,""pitch"":74,""tie"":""none"",""voice_token"":""voice_e8cd7c""},{""duration_tick"":1,""onset_tick"":1,""pitch"":70,""tie"":""none"",""voice_token"":""voice_e8cd7c""},{""duration_tick"":1,""onset_tick"":2,""pitch"":68,""tie"":""none"",""voice_token"":""voice_e8cd7c""},{""duration_tick"":1,""onset_tick"":3,""pitch"":70,""tie"":""none"",""voice_token"":""voice_e8cd7c""},{""duration_tick"":1,""onset_tick"":4,""pitch"":70,""tie"":""none"",""voice_token"":""voice_e8cd7c""},{""duration_tick"":1,""onset_tick"":5,""pitch"":70,""tie"":""none"",""voice_token"":""voice_e8cd7c""}]}"
music_b1e2018ae4214a,"{""events"":[{""duration_tick"":2,""onset_tick"":0,""pitch"":69,""tie"":""none"",""voice_token"":""voice_bf2e2c""},{""duration_tick"":4,""onset_tick"":2,""pitch"":68,""tie"":""none"",""voice_token"":""voice_bf2e2c""},{""duration_tick"":2,""onset_tick"":6,""pitch"":68,""tie"":""none"",""voice_token"":""voice_bf2e2c""},{""duration_tick"":4,""onset_tick"":8,""pitch"":71,""tie"":""none"",""voice_token"":""voice_bf2e2c""},{""duration_tick"":2,""onset_tick"":12,""pitch"":71,""tie"":""none"",""voice_token"":""voice_bf2e2c""},{""duration_tick"":2,""onset_tick"":14,""pitch"":72,""tie"":""none"",""voice_token"":""voice_bf2e2c""},{""duration_tick"":2,""onset_tick"":16,""pitch"":72,""tie"":""none"",""voice_token"":""voice_bf2e2c""}]}"
music_d91f51dc499660,"{""events"":[{""duration_tick"":2,""onset_tick"":0,""pitch"":70,""tie"":""none"",""voice_token"":""voice_adeebf""},{""duration_tick"":6,""onset_tick"":2,""pitch"":66,""tie"":""none"",""voice_token"":""voice_adeebf""},{""duration_tick"":6,""onset_tick"":8,""pitch"":66,""tie"":""none"",""voice_token"":""voice_adeebf""},{""duration_tick"":4,""onset_tick"":14,""pitch"":69,""tie"":""none"",""voice_token"":""voice_adeebf""}]}"
music_414f14542d9141,"{""events"":[{""duration_tick"":4,""onset_tick"":0,""pitch"":67,""tie"":""none"",""voice_token"":""voice_0331f8""},{""duration_tick"":3,""onset_tick"":4,""pitch"":69,""tie"":""none"",""voice_token"":""voice_0331f8""},{""duration_tick"":1,""onset_tick"":7,""pitch"":69,""tie"":""none"",""voice_token"":""voice_0331f8""},{""duration_tick"":1,""onset_tick"":8,""pitch"":67,""tie"":""none"",""voice_token"":""voice_0331f8""},{""duration_tick"":2,""onset_tick"":9,""pitch"":69,""tie"":""none"",""voice_token"":""voice_0331f8""},{""duration_tick"":1,""onset_tick"":11,""pitch"":67,""tie"":""none"",""voice_token"":""voice_0331f8""}]}"
music_49af7d14f3bc46,"{""events"":[{""duration_tick"":2,""onset_tick"":0,""pitch"":72,""tie"":""none"",""voice_token"":""voice_adeebf""},{""duration_tick"":2,""onset_tick"":2,""pitch"":72,""tie"":""none"",""voice_token"":""voice_adeebf""},{""duration_tick"":2,""onset_tick"":4,""pitch"":71,""tie"":""none"",""voice_token"":""voice_adeebf""},{""duration_tick"":2,""onset_tick"":6,""pitch"":70,""tie"":""none"",""voice_token"":""voice_adeebf""},{""duration_tick"":4,""onset_tick"":8,""pitch"":70,""tie"":""none"",""voice_token"":""voice_adeebf""},{""duration_tick"":4,""onset_tick"":12,""pitch"":73,""tie"":""none"",""voice_token"":""voice_adeebf""},{""duration_tick"":4,""onset_tick"":16,""pitch"":74,""tie"":""none"",""voice_token"":""voice_adeebf""}]}"
music_23d03d7d786d39,"{""events"":[{""duration_tick"":2,""onset_tick"":0,""pitch"":71,""tie"":""none"",""voice_token"":""voice_bf2e2c""},{""duration_tick"":2,""onset_tick"":2,""pitch"":68,""tie"":""none"",""voice_token"":""voice_bf2e2c""},{""duration_tick"":2,""onset_tick"":4,""pitch"":66,""tie"":""none"",""voice_token"":""voice_bf2e2c""},{""duration_tick"":3,""onset_tick"":6,""pitch"":66,""tie"":""none"",""voice_token"":""voice_bf2e2c""}]}"
music_9245893b62dd43,"{""events"":[{""duration_tick"":2,""onset_tick"":0,""pitch"":70,""tie"":""none"",""voice_token"":""voice_adeebf""},{""duration_tick"":2,""onset_tick"":2,""pitch"":70,""tie"":""none"",""voice_token"":""voice_adeebf""},{""duration_tick"":2,""onset_tick"":4,""pitch"":69,""tie"":""none"",""voice_token"":""voice_adeebf""},{""duration_tick"":2,""onset_tick"":6,""pitch"":73,""tie"":""none"",""voice_token"":""voice_adeebf""},{""duration_tick"":2,""onset_tick"":8,""pitch"":74,""tie"":""none"",""voice_token"":""voice_adeebf""},{""duration_tick"":2,""onset_tick"":10,""pitch"":73,""tie"":""none"",""voice_token"":""voice_adeebf""}]}"
music_4cad0f51ee1fad,"{""events"":[{""duration_tick"":2,""onset_tick"":0,""pitch"":73,""tie"":""none"",""voice_token"":""voice_0284f7""},{""duration_tick"":2,""onset_tick"":2,""pitch"":68,""tie"":""none"",""voice_token"":""voice_0284f7""},{""duration_tick"":2,""onset_tick"":4,""pitch"":65,""tie"":""none"",""voice_token"":""voice_0284f7""},{""duration_tick"":2,""onset_tick"":6,""pitch"":68,""tie"":""none"",""voice_token"":""voice_0284f7""},{""duration_tick"":2,""onset_tick"":8,""pitch"":68,""tie"":""none"",""voice_token"":""voice_0284f7""},{""duration_tick"":4,""onset_tick"":10,""pitch"":68,""tie"":""none"",""voice_token"":""voice_0284f7""}]}"
music_2de53af1a3b2e6,"{""events"":[{""duration_tick"":2,""onset_tick"":0,""pitch"":76,""tie"":""none"",""voice_token"":""voice_0284f7""},{""duration_tick"":2,""onset_tick"":2,""pitch"":76,""tie"":""none"",""voice_token"":""voice_0284f7""},{""duration_tick"":4,""onset_tick"":4,""pitch"":78,""tie"":""none"",""voice_token"":""voice_0284f7""},{""duration_tick"":4,""onset_tick"":8,""pitch"":80,""tie"":""none"",""voice_token"":""voice_0284f7""},{""duration_tick"":4,""onset_tick"":12,""pitch"":76,""tie"":""none"",""voice_token"":""voice_0284f7""},{""duration_tick"":4,""onset_tick"":16,""pitch"":75,""tie"":""none"",""voice_token"":""voice_0284f7""},{""duration_tick"":2,""onset_tick"":20,""pitch"":78,""tie"":""none"",""voice_token"":""voice_0284f7""}]}"
music_2c0ee5ef4be63f,"{""events"":[{""duration_tick"":2,""onset_tick"":0,""pitch"":61,""tie"":""none"",""voice_token"":""voice_0331f8""},{""duration_tick"":6,""onset_tick"":2,""pitch"":66,""tie"":""none"",""voice_token"":""voice_0331f8""},{""duration_tick"":2,""onset_tick"":8,""pitch"":61,""tie"":""none"",""voice_token"":""voice_0331f8""},{""duration_tick"":6,""onset_tick"":10,""pitch"":62,""tie"":""none"",""voice_token"":""voice_0331f8""}]}"
music_ad75090f0db579,"{""events"":[{""duration_tick"":4,""onset_tick"":0,""pitch"":71,""tie"":""none"",""voice_token"":""voice_0331f8""},{""duration_tick"":4,""onset_tick"":4,""pitch"":68,""tie"":""none"",""voice_token"":""voice_0331f8""},{""duration_tick"":3,""onset_tick"":8,""pitch"":68,""tie"":""none"",""voice_token"":""voice_0331f8""},{""duration_tick"":1,""onset_tick"":11,""pitch"":68,""tie"":""none"",""voice_token"":""voice_0331f8""},{""duration_tick"":3,""onset_tick"":12,""pitch"":68,""tie"":""none"",""voice_token"":""voice_0331f8""}]}"
music_1e93ba332cd68b,"{""events"":[{""duration_tick"":2,""onset_tick"":0,""pitch"":76,""tie"":""none"",""voice_token"":""voice_adeebf""},{""duration_tick"":2,""onset_tick"":2,""pitch"":73,""tie"":""none"",""voice_token"":""voice_adeebf""},{""duration_tick"":2,""onset_tick"":4,""pitch"":72,""tie"":""none"",""voice_token"":""voice_adeebf""},{""duration_tick"":2,""onset_tick"":6,""pitch"":70,""tie"":""none"",""voice_token"":""voice_adeebf""}]}"
music_fde01efd1a17e7,"{""events"":[{""duration_tick"":2,""onset_tick"":0,""pitch"":75,""tie"":""none"",""voice_token"":""voice_adeebf""},{""duration_tick"":4,""onset_tick"":2,""pitch"":75,""tie"":""none"",""voice_token"":""voice_adeebf""},{""duration_tick"":2,""onset_tick"":6,""pitch"":72,""tie"":""none"",""voice_token"":""voice_adeebf""},{""duration_tick"":4,""onset_tick"":8,""pitch"":72,""tie"":""none"",""voice_token"":""voice_adeebf""}]}"
music_27134719cea7ef,"{""events"":[{""duration_tick"":4,""onset_tick"":0,""pitch"":65,""tie"":""none"",""voice_token"":""voice_bf2e2c""},{""duration_tick"":4,""onset_tick"":4,""pitch"":65,""tie"":""none"",""voice_token"":""voice_bf2e2c""},{""duration_tick"":4,""onset_tick"":8,""pitch"":65,""tie"":""none"",""voice_token"":""voice_bf2e2c""},{""duration_tick"":6,""onset_tick"":12,""pitch"":67,""tie"":""none"",""voice_token"":""voice_bf2e2c""}]}"
music_285773e66e7d43,"{""events"":[{""duration_tick"":2,""onset_tick"":0,""pitch"":65,""tie"":""none"",""voice_token"":""voice_bf2e2c""},{""duration_tick"":2,""onset_tick"":2,""pitch"":65,""tie"":""none"",""voice_token"":""voice_bf2e2c""},{""duration_tick"":2,""onset_tick"":4,""pitch"":65,""tie"":""none"",""voice_token"":""voice_bf2e2c""},{""duration_tick"":4,""onset_tick"":6,""pitch"":65,""tie"":""none"",""voice_token"":""voice_bf2e2c""},{""duration_tick"":2,""onset_tick"":10,""pitch"":67,""tie"":""none"",""voice_token"":""voice_bf2e2c""}]}"
music_8249f00921274a,"{""events"":[{""duration_tick"":8,""onset_tick"":0,""pitch"":76,""tie"":""none"",""voice_token"":""voice_0284f7""},{""duration_tick"":4,""onset_tick"":8,""pitch"":76,""tie"":""none"",""voice_token"":""voice_0284f7""},{""duration_tick"":4,""onset_tick"":12,""pitch"":79,""tie"":""none"",""voice_token"":""voice_0284f7""},{""duration_tick"":2,""onset_tick"":16,""pitch"":79,""tie"":""none"",""voice_token"":""voice_0284f7""}]}"
music_02f11ffc6ec29d,"{""events"":[{""duration_tick"":1,""onset_tick"":0,""pitch"":69,""tie"":""stop"",""voice_token"":""voice_0331f8""},{""duration_tick"":2,""onset_tick"":1,""pitch"":70,""tie"":""none"",""voice_token"":""voice_0331f8""},{""duration_tick"":2,""onset_tick"":3,""pitch"":66,""tie"":""none"",""voice_token"":""voice_0331f8""},{""duration_tick"":4,""onset_tick"":5,""pitch"":70,""tie"":""none"",""voice_token"":""voice_0331f8""},{""duration_tick"":2,""onset_tick"":9,""pitch"":69,""tie"":""none"",""voice_token"":""voice_0331f8""},{""duration_tick"":2,""onset_tick"":11,""pitch"":65,""tie"":""none"",""voice_token"":""voice_0331f8""},{""duration_tick"":1,""onset_tick"":13,""pitch"":63,""tie"":""none"",""voice_token"":""voice_0331f8""}]}"
music_c3974be33ce5c6,"{""events"":[{""duration_tick"":2,""onset_tick"":0,""pitch"":68,""tie"":""none"",""voice_token"":""voice_adeebf""},{""duration_tick"":2,""onset_tick"":2,""pitch"":68,""tie"":""none"",""voice_token"":""voice_adeebf""},{""duration_tick"":2,""onset_tick"":4,""pitch"":69,""tie"":""none"",""voice_token"":""voice_adeebf""},{""duration_tick"":2,""onset_tick"":6,""pitch"":69,""tie"":""none"",""voice_token"":""voice_adeebf""},{""duration_tick"":4,""onset_tick"":8,""pitch"":68,""tie"":""start"",""voice_token"":""voice_adeebf""}]}"
music_42e35d71ea8959,"{""events"":[{""duration_tick"":2,""onset_tick"":0,""pitch"":79,""tie"":""none"",""voice_token"":""voice_0284f7""},{""duration_tick"":2,""onset_tick"":2,""pitch"":76,""tie"":""none"",""voice_token"":""voice_0284f7""},{""duration_tick"":2,""onset_tick"":4,""pitch"":76,""tie"":""none"",""voice_token"":""voice_0284f7""},{""duration_tick"":4,""onset_tick"":6,""pitch"":76,""tie"":""none"",""voice_token"":""voice_0284f7""},{""duration_tick"":4,""onset_tick"":10,""pitch"":74,""tie"":""none"",""voice_token"":""voice_0284f7""},{""duration_tick"":4,""onset_tick"":14,""pitch"":74,""tie"":""none"",""voice_token"":""voice_0284f7""}]}"
music_4c9afd942a2851,"{""events"":[{""duration_tick"":4,""onset_tick"":0,""pitch"":74,""tie"":""none"",""voice_token"":""voice_adeebf""},{""duration_tick"":4,""onset_tick"":4,""pitch"":70,""tie"":""none"",""voice_token"":""voice_adeebf""},{""duration_tick"":2,""onset_tick"":8,""pitch"":70,""tie"":""none"",""voice_token"":""voice_adeebf""},{""duration_tick"":2,""onset_tick"":10,""pitch"":70,""tie"":""none"",""voice_token"":""voice_adeebf""},{""duration_tick"":4,""onset_tick"":12,""pitch"":69,""tie"":""none"",""voice_token"":""voice_adeebf""},{""duration_tick"":2,""onset_tick"":16,""pitch"":65,""tie"":""none"",""voice_token"":""voice_adeebf""}]}"
music_239a67eaf2ed75,"{""events"":[{""duration_tick"":8,""onset_tick"":0,""pitch"":67,""tie"":""none"",""voice_token"":""voice_adeebf""},{""duration_tick"":8,""onset_tick"":8,""pitch"":67,""tie"":""none"",""voice_token"":""voice_adeebf""},{""duration_tick"":4,""onset_tick"":16,""pitch"":67,""tie"":""none"",""voice_token"":""voice_adeebf""},{""duration_tick"":4,""onset_tick"":20,""pitch"":64,""tie"":""none"",""voice_token"":""voice_adeebf""}]}"
music_5f2230ea6ea823,"{""events"":[{""duration_tick"":3,""onset_tick"":0,""pitch"":78,""tie"":""none"",""voice_token"":""voice_adeebf""},{""duration_tick"":1,""onset_tick"":3,""pitch"":78,""tie"":""none"",""voice_token"":""voice_adeebf""},{""duration_tick"":2,""onset_tick"":4,""pitch"":78,""tie"":""none"",""voice_token"":""voice_adeebf""},{""duration_tick"":3,""onset_tick"":6,""pitch"":78,""tie"":""none"",""voice_token"":""voice_adeebf""}]}"
music_af7bd263f4aa8c,"{""events"":[{""duration_tick"":2,""onset_tick"":0,""pitch"":61,""tie"":""none"",""voice_token"":""voice_adeebf""},{""duration_tick"":4,""onset_tick"":2,""pitch"":61,""tie"":""none"",""voice_token"":""voice_adeebf""},{""duration_tick"":2,""onset_tick"":6,""pitch"":61,""tie"":""none"",""voice_token"":""voice_adeebf""},{""duration_tick"":4,""onset_tick"":8,""pitch"":65,""tie"":""none"",""voice_token"":""voice_adeebf""},{""duration_tick"":6,""onset_tick"":12,""pitch"":61,""tie"":""none"",""voice_token"":""voice_adeebf""}]}"
music_3936cd117774a6,"{""events"":[{""duration_tick"":8,""onset_tick"":0,""pitch"":-1,""tie"":""none"",""voice_token"":""voice_0331f8""},{""duration_tick"":4,""onset_tick"":8,""pitch"":-1,""tie"":""none"",""voice_token"":""voice_0331f8""},{""duration_tick"":4,""onset_tick"":12,""pitch"":-1,""tie"":""none"",""voice_token"":""voice_0331f8""},{""duration_tick"":4,""onset_tick"":16,""pitch"":-1,""tie"":""none"",""voice_token"":""voice_0331f8""},{""duration_tick"":4,""onset_tick"":20,""pitch"":-1,""tie"":""none"",""voice_token"":""voice_0331f8""},{""duration_tick"":4,""onset_tick"":24,""pitch"":-1,""tie"":""none"",""voice_token"":""voice_0331f8""},{""duration_tick"":1,""onset_tick"":28,""pitch"":66,""tie"":""none"",""voice_token"":""voice_0331f8""}]}"
music_c3961546cc53ad,"{""events"":[{""duration_tick"":4,""onset_tick"":0,""pitch"":67,""tie"":""none"",""voice_token"":""voice_adeebf""},{""duration_tick"":4,""onset_tick"":4,""pitch"":71,""tie"":""none"",""voice_token"":""voice_adeebf""},{""duration_tick"":4,""onset_tick"":8,""pitch"":67,""tie"":""none"",""voice_token"":""voice_adeebf""},{""duration_tick"":4,""onset_tick"":12,""pitch"":69,""tie"":""none"",""voice_token"":""voice_adeebf""},{""duration_tick"":2,""onset_tick"":16,""pitch"":69,""tie"":""none"",""voice_token"":""voice_adeebf""}]}"
music_a386c44167441c,"{""events"":[{""duration_tick"":2,""onset_tick"":0,""pitch"":75,""tie"":""none"",""voice_token"":""voice_adeebf""},{""duration_tick"":2,""onset_tick"":2,""pitch"":75,""tie"":""none"",""voice_token"":""voice_adeebf""},{""duration_tick"":4,""onset_tick"":4,""pitch"":78,""tie"":""none"",""voice_token"":""voice_adeebf""},{""duration_tick"":2,""onset_tick"":8,""pitch"":76,""tie"":""none"",""voice_token"":""voice_adeebf""},{""duration_tick"":2,""onset_tick"":10,""pitch"":76,""tie"":""none"",""voice_token"":""voice_adeebf""}]}"
music_762e4f054eaf84,"{""events"":[{""duration_tick"":2,""onset_tick"":0,""pitch"":66,""tie"":""none"",""voice_token"":""voice_adeebf""},{""duration_tick"":2,""onset_tick"":2,""pitch"":63,""tie"":""none"",""voice_token"":""voice_adeebf""},{""duration_tick"":2,""onset_tick"":4,""pitch"":66,""tie"":""none"",""voice_token"":""voice_adeebf""},{""duration_tick"":1,""onset_tick"":6,""pitch"":66,""tie"":""none"",""voice_token"":""voice_adeebf""}]}"
music_271c15c6a5e15c,"{""events"":[{""duration_tick"":1,""onset_tick"":0,""pitch"":72,""tie"":""none"",""voice_token"":""voice_e81f41""},{""duration_tick"":1,""onset_tick"":1,""pitch"":70,""tie"":""none"",""voice_token"":""voice_e81f41""},{""duration_tick"":1,""onset_tick"":2,""pitch"":70,""tie"":""none"",""voice_token"":""voice_e81f41""},{""duration_tick"":1,""onset_tick"":3,""pitch"":69,""tie"":""none"",""voice_token"":""voice_e81f41""},{""duration_tick"":3,""onset_tick"":4,""pitch"":67,""tie"":""none"",""voice_token"":""voice_e81f41""},{""duration_tick"":1,""onset_tick"":7,""pitch"":67,""tie"":""none"",""voice_token"":""voice_e81f41""}]}"
music_b0d829ee6cc796,"{""events"":[{""duration_tick"":4,""onset_tick"":0,""pitch"":-1,""tie"":""none"",""voice_token"":""voice_adeebf""},{""duration_tick"":4,""onset_tick"":4,""pitch"":69,""tie"":""none"",""voice_token"":""voice_adeebf""},{""duration_tick"":2,""onset_tick"":8,""pitch"":67,""tie"":""none"",""voice_token"":""voice_adeebf""},{""duration_tick"":2,""onset_tick"":10,""pitch"":66,""tie"":""none"",""voice_token"":""voice_adeebf""},{""duration_tick"":4,""onset_tick"":12,""pitch"":76,""tie"":""none"",""voice_token"":""voice_adeebf""},{""duration_tick"":3,""onset_tick"":16,""pitch"":75,""tie"":""none"",""voice_token"":""voice_adeebf""},{""duration_tick"":1,""onset_tick"":19,""pitch"":72,""tie"":""none"",""voice_token"":""voice_adeebf""}]}"
music_0d9ab7ea8ac97a,"{""events"":[{""duration_tick"":2,""onset_tick"":0,""pitch"":68,""tie"":""none"",""voice_token"":""voice_adeebf""},{""duration_tick"":2,""onset_tick"":2,""pitch"":70,""tie"":""none"",""voice_token"":""voice_adeebf""},{""duration_tick"":2,""onset_tick"":4,""pitch"":72,""tie"":""none"",""voice_token"":""voice_adeebf""},{""duration_tick"":2,""onset_tick"":6,""pitch"":71,""tie"":""none"",""voice_token"":""voice_adeebf""},{""duration_tick"":2,""onset_tick"":8,""pitch"":70,""tie"":""none"",""voice_token"":""voice_adeebf""},{""duration_tick"":2,""onset_tick"":10,""pitch"":72,""tie"":""none"",""voice_token"":""voice_adeebf""},{""duration_tick"":2,""onset_tick"":12,""pitch"":75,""tie"":""none"",""voice_token"":""voice_adeebf""}]}"
music_3bd86c59495954,"{""events"":[{""duration_tick"":2,""onset_tick"":0,""pitch"":62,""tie"":""none"",""voice_token"":""voice_adeebf""},{""duration_tick"":2,""onset_tick"":2,""pitch"":60,""tie"":""none"",""voice_token"":""voice_adeebf""},{""duration_tick"":2,""onset_tick"":4,""pitch"":59,""tie"":""none"",""voice_token"":""voice_adeebf""},{""duration_tick"":2,""onset_tick"":6,""pitch"":60,""tie"":""none"",""voice_token"":""voice_adeebf""}]}"
music_33814f95fdb0b5,"{""events"":[{""duration_tick"":1,""onset_tick"":0,""pitch"":67,""tie"":""none"",""voice_token"":""voice_bf2e2c""},{""duration_tick"":1,""onset_tick"":1,""pitch"":69,""tie"":""none"",""voice_token"":""voice_bf2e2c""},{""duration_tick"":1,""onset_tick"":2,""pitch"":69,""tie"":""none"",""voice_token"":""voice_bf2e2c""},{""duration_tick"":1,""onset_tick"":3,""pitch"":67,""tie"":""none"",""voice_token"":""voice_bf2e2c""}]}"
music_7053134d4e8cee,"{""events"":[{""duration_tick"":2,""onset_tick"":0,""pitch"":71,""tie"":""none"",""voice_token"":""voice_adeebf""},{""duration_tick"":2,""onset_tick"":2,""pitch"":76,""tie"":""none"",""voice_token"":""voice_adeebf""},{""duration_tick"":2,""onset_tick"":4,""pitch"":73,""tie"":""none"",""voice_token"":""voice_adeebf""},{""duration_tick"":2,""onset_tick"":6,""pitch"":69,""tie"":""none"",""voice_token"":""voice_adeebf""},{""duration_tick"":2,""onset_tick"":8,""pitch"":71,""tie"":""none"",""voice_token"":""voice_adeebf""}]}"
music_9631de2918f427,"{""events"":[{""duration_tick"":4,""onset_tick"":0,""pitch"":68,""tie"":""none"",""voice_token"":""voice_adeebf""},{""duration_tick"":2,""onset_tick"":4,""pitch"":66,""tie"":""none"",""voice_token"":""voice_adeebf""},{""duration_tick"":2,""onset_tick"":6,""pitch"":65,""tie"":""none"",""voice_token"":""voice_adeebf""},{""duration_tick"":4,""onset_tick"":8,""pitch"":66,""tie"":""none"",""voice_token"":""voice_adeebf""},{""duration_tick"":4,""onset_tick"":12,""pitch"":65,""tie"":""none"",""voice_token"":""voice_adeebf""}]}"
music_32256675d6811c,"{""events"":[{""duration_tick"":2,""onset_tick"":0,""pitch"":59,""tie"":""none"",""voice_token"":""voice_bdd9b1""},{""duration_tick"":2,""onset_tick"":2,""pitch"":59,""tie"":""none"",""voice_token"":""voice_bdd9b1""},{""duration_tick"":2,""onset_tick"":4,""pitch"":59,""tie"":""none"",""voice_token"":""voice_bdd9b1""},{""duration_tick"":4,""onset_tick"":6,""pitch"":59,""tie"":""none"",""voice_token"":""voice_bdd9b1""},{""duration_tick"":4,""onset_tick"":10,""pitch"":56,""tie"":""none"",""voice_token"":""voice_bdd9b1""}]}"
music_21a103cf321907,"{""events"":[{""duration_tick"":2,""onset_tick"":0,""pitch"":67,""tie"":""none"",""voice_token"":""voice_adeebf""},{""duration_tick"":2,""onset_tick"":2,""pitch"":67,""tie"":""none"",""voice_token"":""voice_adeebf""},{""duration_tick"":2,""onset_tick"":4,""pitch"":67,""tie"":""none"",""voice_token"":""voice_adeebf""},{""duration_tick"":2,""onset_tick"":6,""pitch"":67,""tie"":""none"",""voice_token"":""voice_adeebf""}]}"
music_57803fed13ce8a,"{""events"":[{""duration_tick"":4,""onset_tick"":0,""pitch"":71,""tie"":""none"",""voice_token"":""voice_adeebf""},{""duration_tick"":2,""onset_tick"":4,""pitch"":68,""tie"":""none"",""voice_token"":""voice_adeebf""},{""duration_tick"":2,""onset_tick"":6,""pitch"":73,""tie"":""none"",""voice_token"":""voice_adeebf""},{""duration_tick"":2,""onset_tick"":8,""pitch"":70,""tie"":""none"",""voice_token"":""voice_adeebf""},{""duration_tick"":2,""onset_tick"":10,""pitch"":71,""tie"":""none"",""voice_token"":""voice_adeebf""}]}"
music_85c785d0eae617,"{""events"":[{""duration_tick"":4,""onset_tick"":0,""pitch"":72,""tie"":""none"",""voice_token"":""voice_0331f8""},{""duration_tick"":4,""onset_tick"":4,""pitch"":71,""tie"":""none"",""voice_token"":""voice_0331f8""},{""duration_tick"":2,""onset_tick"":8,""pitch"":72,""tie"":""none"",""voice_token"":""voice_0331f8""},{""duration_tick"":2,""onset_tick"":10,""pitch"":71,""tie"":""none"",""voice_token"":""voice_0331f8""},{""duration_tick"":4,""onset_tick"":12,""pitch"":-1,""tie"":""none"",""voice_token"":""voice_0331f8""},{""duration_tick"":4,""onset_tick"":16,""pitch"":-1,""tie"":""none"",""voice_token"":""voice_0331f8""},{""duration_tick"":4,""onset_tick"":20,""pitch"":-1,""tie"":""none"",""voice_token"":""voice_0331f8""}]}"
music_8ad6c06dc0f17b,"{""events"":[{""duration_tick"":4,""onset_tick"":0,""pitch"":75,""tie"":""none"",""voice_token"":""voice_adeebf""},{""duration_tick"":6,""onset_tick"":4,""pitch"":75,""tie"":""none"",""voice_token"":""voice_adeebf""},{""duration_tick"":4,""onset_tick"":10,""pitch"":75,""tie"":""none"",""voice_token"":""voice_adeebf""},{""duration_tick"":2,""onset_tick"":14,""pitch"":75,""tie"":""none"",""voice_token"":""voice_adeebf""}]}"
music_a3a797f3c89776,"{""events"":[{""duration_tick"":2,""onset_tick"":0,""pitch"":62,""tie"":""none"",""voice_token"":""voice_adeebf""},{""duration_tick"":2,""onset_tick"":2,""pitch"":62,""tie"":""none"",""voice_token"":""voice_adeebf""},{""duration_tick"":2,""onset_tick"":4,""pitch"":62,""tie"":""none"",""voice_token"":""voice_adeebf""},{""duration_tick"":2,""onset_tick"":6,""pitch"":62,""tie"":""none"",""voice_token"":""voice_adeebf""},{""duration_tick"":2,""onset_tick"":8,""pitch"":62,""tie"":""none"",""voice_token"":""voice_adeebf""},{""duration_tick"":2,""onset_tick"":10,""pitch"":62,""tie"":""none"",""voice_token"":""voice_adeebf""}]}"
music_3547086ff58635,"{""events"":[{""duration_tick"":2,""onset_tick"":0,""pitch"":74,""tie"":""none"",""voice_token"":""voice_0331f8""},{""duration_tick"":4,""onset_tick"":2,""pitch"":76,""tie"":""none"",""voice_token"":""voice_0331f8""},{""duration_tick"":4,""onset_tick"":6,""pitch"":78,""tie"":""none"",""voice_token"":""voice_0331f8""},{""duration_tick"":4,""onset_tick"":10,""pitch"":76,""tie"":""none"",""voice_token"":""voice_0331f8""}]}"
music_ab0dafd26ec139,"{""events"":[{""duration_tick"":1,""onset_tick"":0,""pitch"":71,""tie"":""none"",""voice_token"":""voice_0331f8""},{""duration_tick"":1,""onset_tick"":1,""pitch"":71,""tie"":""none"",""voice_token"":""voice_0331f8""},{""duration_tick"":1,""onset_tick"":2,""pitch"":73,""tie"":""none"",""voice_token"":""voice_0331f8""},{""duration_tick"":1,""onset_tick"":3,""pitch"":73,""tie"":""none"",""voice_token"":""voice_0331f8""},{""duration_tick"":2,""onset_tick"":4,""pitch"":66,""tie"":""none"",""voice_token"":""voice_0331f8""}]}"
music_1fe39231dcc155,"{""events"":[{""duration_tick"":8,""onset_tick"":0,""pitch"":56,""tie"":""none"",""voice_token"":""voice_e2ce84""},{""duration_tick"":8,""onset_tick"":8,""pitch"":56,""tie"":""none"",""voice_token"":""voice_e2ce84""},{""duration_tick"":8,""onset_tick"":16,""pitch"":56,""tie"":""none"",""voice_token"":""voice_e2ce84""},{""duration_tick"":8,""onset_tick"":24,""pitch"":-1,""tie"":""none"",""voice_token"":""voice_e2ce84""}]}"
music_97158b081b8f24,"{""events"":[{""duration_tick"":2,""onset_tick"":0,""pitch"":70,""tie"":""none"",""voice_token"":""voice_adeebf""},{""duration_tick"":4,""onset_tick"":2,""pitch"":71,""tie"":""none"",""voice_token"":""voice_adeebf""},{""duration_tick"":4,""onset_tick"":6,""pitch"":70,""tie"":""none"",""voice_token"":""voice_adeebf""},{""duration_tick"":2,""onset_tick"":10,""pitch"":70,""tie"":""none"",""voice_token"":""voice_adeebf""},{""duration_tick"":2,""onset_tick"":12,""pitch"":78,""tie"":""none"",""voice_token"":""voice_adeebf""},{""duration_tick"":2,""onset_tick"":14,""pitch"":75,""tie"":""none"",""voice_token"":""voice_adeebf""}]}"
music_ae9ff892312acb,"{""events"":[{""duration_tick"":2,""onset_tick"":0,""pitch"":72,""tie"":""none"",""voice_token"":""voice_bf2e2c""},{""duration_tick"":2,""onset_tick"":2,""pitch"":72,""tie"":""none"",""voice_token"":""voice_bf2e2c""},{""duration_tick"":3,""onset_tick"":4,""pitch"":67,""tie"":""none"",""voice_token"":""voice_bf2e2c""},{""duration_tick"":1,""onset_tick"":7,""pitch"":74,""tie"":""none"",""voice_token"":""voice_bf2e2c""},{""duration_tick"":1,""onset_tick"":8,""pitch"":72,""tie"":""none"",""voice_token"":""voice_bf2e2c""},{""duration_tick"":1,""onset_tick"":9,""pitch"":72,""tie"":""none"",""voice_token"":""voice_bf2e2c""},{""duration_tick"":2,""onset_tick"":10,""pitch"":72,""tie"":""none"",""voice_token"":""voice_bf2e2c""}]}"
music_d4754d27ff46c6,"{""events"":[{""duration_tick"":4,""onset_tick"":0,""pitch"":68,""tie"":""none"",""voice_token"":""voice_bf2e2c""},{""duration_tick"":2,""onset_tick"":4,""pitch"":73,""tie"":""none"",""voice_token"":""voice_bf2e2c""},{""duration_tick"":2,""onset_tick"":6,""pitch"":71,""tie"":""none"",""voice_token"":""voice_bf2e2c""},{""duration_tick"":2,""onset_tick"":8,""pitch"":70,""tie"":""none"",""voice_token"":""voice_bf2e2c""}]}"
music_fde1a1da49374f,"{""events"":[{""duration_tick"":2,""onset_tick"":0,""pitch"":71,""tie"":""none"",""voice_token"":""voice_e88425""},{""duration_tick"":2,""onset_tick"":2,""pitch"":70,""tie"":""none"",""voice_token"":""voice_e88425""},{""duration_tick"":2,""onset_tick"":4,""pitch"":70,""tie"":""none"",""voice_token"":""voice_e88425""},{""duration_tick"":2,""onset_tick"":6,""pitch"":66,""tie"":""none"",""voice_token"":""voice_e88425""},{""duration_tick"":2,""onset_tick"":8,""pitch"":70,""tie"":""none"",""voice_token"":""voice_e88425""},{""duration_tick"":12,""onset_tick"":10,""pitch"":68,""tie"":""none"",""voice_token"":""voice_e88425""}]}"
music_49b06b54d1d7d4,"{""events"":[{""duration_tick"":2,""onset_tick"":0,""pitch"":66,""tie"":""none"",""voice_token"":""voice_a0c26a""},{""duration_tick"":2,""onset_tick"":2,""pitch"":66,""tie"":""none"",""voice_token"":""voice_a0c26a""},{""duration_tick"":2,""onset_tick"":4,""pitch"":68,""tie"":""none"",""voice_token"":""voice_a0c26a""},{""duration_tick"":8,""onset_tick"":6,""pitch"":70,""tie"":""none"",""voice_token"":""voice_a0c26a""}]}"
music_eba02cd01f8380,"{""events"":[{""duration_tick"":2,""onset_tick"":0,""pitch"":67,""tie"":""none"",""voice_token"":""voice_adeebf""},{""duration_tick"":2,""onset_tick"":2,""pitch"":69,""tie"":""none"",""voice_token"":""voice_adeebf""},{""duration_tick"":2,""onset_tick"":4,""pitch"":69,""tie"":""none"",""voice_token"":""voice_adeebf""},{""duration_tick"":2,""onset_tick"":6,""pitch"":66,""tie"":""none"",""voice_token"":""voice_adeebf""},{""duration_tick"":2,""onset_tick"":8,""pitch"":65,""tie"":""none"",""voice_token"":""voice_adeebf""},{""duration_tick"":2,""onset_tick"":10,""pitch"":64,""tie"":""none"",""voice_token"":""voice_adeebf""}]}"
music_badcbe0d191336,"{""events"":[{""duration_tick"":1,""onset_tick"":0,""pitch"":67,""tie"":""none"",""voice_token"":""voice_0331f8""},{""duration_tick"":1,""onset_tick"":1,""pitch"":65,""tie"":""none"",""voice_token"":""voice_0331f8""},{""duration_tick"":1,""onset_tick"":2,""pitch"":67,""tie"":""none"",""voice_token"":""voice_0331f8""},{""duration_tick"":2,""onset_tick"":3,""pitch"":65,""tie"":""none"",""voice_token"":""voice_0331f8""},{""duration_tick"":1,""onset_tick"":5,""pitch"":67,""tie"":""none"",""voice_token"":""voice_0331f8""},{""duration_tick"":1,""onset_tick"":6,""pitch"":65,""tie"":""none"",""voice_token"":""voice_0331f8""},{""duration_tick"":1,""onset_tick"":7,""pitch"":63,""tie"":""none"",""voice_token"":""voice_0331f8""}]}"
music_c1376322daedee,"{""events"":[{""duration_tick"":2,""onset_tick"":0,""pitch"":76,""tie"":""none"",""voice_token"":""voice_0331f8""},{""duration_tick"":8,""onset_tick"":2,""pitch"":72,""tie"":""none"",""voice_token"":""voice_0331f8""},{""duration_tick"":4,""onset_tick"":10,""pitch"":71,""tie"":""none"",""voice_token"":""voice_0331f8""},{""duration_tick"":4,""onset_tick"":14,""pitch"":71,""tie"":""none"",""voice_token"":""voice_0331f8""}]}"
music_72d16a038221ae,"{""events"":[{""duration_tick"":1,""onset_tick"":0,""pitch"":72,""tie"":""none"",""voice_token"":""voice_6ba146""},{""duration_tick"":2,""onset_tick"":1,""pitch"":70,""tie"":""none"",""voice_token"":""voice_6ba146""},{""duration_tick"":1,""onset_tick"":3,""pitch"":70,""tie"":""none"",""voice_token"":""voice_6ba146""},{""duration_tick"":1,""onset_tick"":4,""pitch"":70,""tie"":""none"",""voice_token"":""voice_6ba146""},{""duration_tick"":2,""onset_tick"":5,""pitch"":68,""tie"":""none"",""voice_token"":""voice_6ba146""},{""duration_tick"":2,""onset_tick"":7,""pitch"":69,""tie"":""none"",""voice_token"":""voice_6ba146""},{""duration_tick"":2,""onset_tick"":9,""pitch"":70,""tie"":""none"",""voice_token"":""voice_6ba146""}]}"
music_55cad06128bfbe,"{""events"":[{""duration_tick"":4,""onset_tick"":0,""pitch"":76,""tie"":""none"",""voice_token"":""voice_de3898""},{""duration_tick"":4,""onset_tick"":4,""pitch"":78,""tie"":""none"",""voice_token"":""voice_de3898""},{""duration_tick"":4,""onset_tick"":8,""pitch"":78,""tie"":""none"",""voice_token"":""voice_de3898""},{""duration_tick"":2,""onset_tick"":12,""pitch"":76,""tie"":""none"",""voice_token"":""voice_de3898""},{""duration_tick"":2,""onset_tick"":14,""pitch"":74,""tie"":""none"",""voice_token"":""voice_de3898""}]}"
music_2d4d732be499bc,"{""events"":[{""duration_tick"":2,""onset_tick"":0,""pitch"":67,""tie"":""none"",""voice_token"":""voice_adeebf""},{""duration_tick"":2,""onset_tick"":2,""pitch"":72,""tie"":""none"",""voice_token"":""voice_adeebf""},{""duration_tick"":2,""onset_tick"":4,""pitch"":72,""tie"":""none"",""voice_token"":""voice_adeebf""},{""duration_tick"":2,""onset_tick"":6,""pitch"":70,""tie"":""none"",""voice_token"":""voice_adeebf""},{""duration_tick"":2,""onset_tick"":8,""pitch"":72,""tie"":""none"",""voice_token"":""voice_adeebf""}]}"
music_f47343598c5421,"{""events"":[{""duration_tick"":2,""onset_tick"":0,""pitch"":70,""tie"":""none"",""voice_token"":""voice_adeebf""},{""duration_tick"":4,""onset_tick"":2,""pitch"":67,""tie"":""none"",""voice_token"":""voice_adeebf""},{""duration_tick"":2,""onset_tick"":6,""pitch"":67,""tie"":""none"",""voice_token"":""voice_adeebf""},{""duration_tick"":4,""onset_tick"":8,""pitch"":68,""tie"":""none"",""voice_token"":""voice_adeebf""},{""duration_tick"":2,""onset_tick"":12,""pitch"":65,""tie"":""none"",""voice_token"":""voice_adeebf""},{""duration_tick"":4,""onset_tick"":14,""pitch"":65,""tie"":""none"",""voice_token"":""voice_adeebf""}]}"
music_921fa5b6fbfa55,"{""events"":[{""duration_tick"":2,""onset_tick"":0,""pitch"":74,""tie"":""none"",""voice_token"":""voice_adeebf""},{""duration_tick"":2,""onset_tick"":2,""pitch"":74,""tie"":""none"",""voice_token"":""voice_adeebf""},{""duration_tick"":2,""onset_tick"":4,""pitch"":74,""tie"":""none"",""voice_token"":""voice_adeebf""},{""duration_tick"":2,""onset_tick"":6,""pitch"":74,""tie"":""none"",""voice_token"":""voice_adeebf""}]}"
music_6644aeb3919b52,"{""events"":[{""duration_tick"":1,""onset_tick"":0,""pitch"":72,""tie"":""none"",""voice_token"":""voice_adeebf""},{""duration_tick"":1,""onset_tick"":1,""pitch"":71,""tie"":""none"",""voice_token"":""voice_adeebf""},{""duration_tick"":6,""onset_tick"":2,""pitch"":69,""tie"":""none"",""voice_token"":""voice_adeebf""},{""duration_tick"":2,""onset_tick"":8,""pitch"":69,""tie"":""none"",""voice_token"":""voice_adeebf""},{""duration_tick"":6,""onset_tick"":10,""pitch"":71,""tie"":""none"",""voice_token"":""voice_adeebf""},{""duration_tick"":2,""onset_tick"":16,""pitch"":74,""tie"":""none"",""voice_token"":""voice_adeebf""}]}"
music_987abb87c69e90,"{""events"":[{""duration_tick"":4,""onset_tick"":0,""pitch"":57,""tie"":""none"",""voice_token"":""voice_bf4e1e""},{""duration_tick"":8,""onset_tick"":4,""pitch"":58,""tie"":""none"",""voice_token"":""voice_bf4e1e""},{""duration_tick"":4,""onset_tick"":12,""pitch"":59,""tie"":""none"",""voice_token"":""voice_bf4e1e""},{""duration_tick"":4,""onset_tick"":16,""pitch"":52,""tie"":""none"",""voice_token"":""voice_bf4e1e""},{""duration_tick"":4,""onset_tick"":20,""pitch"":53,""tie"":""none"",""voice_token"":""voice_bf4e1e""},{""duration_tick"":4,""onset_tick"":24,""pitch"":52,""tie"":""none"",""voice_token"":""voice_bf4e1e""},{""duration_tick"":4,""onset_tick"":28,""pitch"":52,""tie"":""none"",""voice_token"":""voice_bf4e1e""}]}"
music_eabd6ceb51796a,"{""events"":[{""duration_tick"":2,""onset_tick"":0,""pitch"":71,""tie"":""none"",""voice_token"":""voice_0284f7""},{""duration_tick"":4,""onset_tick"":2,""pitch"":72,""tie"":""none"",""voice_token"":""voice_0284f7""},{""duration_tick"":4,""onset_tick"":6,""pitch"":72,""tie"":""none"",""voice_token"":""voice_0284f7""},{""duration_tick"":4,""onset_tick"":10,""pitch"":71,""tie"":""none"",""voice_token"":""voice_0284f7""},{""duration_tick"":4,""onset_tick"":14,""pitch"":71,""tie"":""none"",""voice_token"":""voice_0284f7""},{""duration_tick"":4,""onset_tick"":18,""pitch"":74,""tie"":""none"",""voice_token"":""voice_0284f7""}]}"
music_81648fc0afc7dc,"{""events"":[{""duration_tick"":2,""onset_tick"":0,""pitch"":67,""tie"":""none"",""voice_token"":""voice_adeebf""},{""duration_tick"":2,""onset_tick"":2,""pitch"":72,""tie"":""none"",""voice_token"":""voice_adeebf""},{""duration_tick"":2,""onset_tick"":4,""pitch"":70,""tie"":""none"",""voice_token"":""voice_adeebf""},{""duration_tick"":2,""onset_tick"":6,""pitch"":70,""tie"":""none"",""voice_token"":""voice_adeebf""},{""duration_tick"":2,""onset_tick"":8,""pitch"":70,""tie"":""none"",""voice_token"":""voice_adeebf""},{""duration_tick"":2,""onset_tick"":10,""pitch"":68,""tie"":""none"",""voice_token"":""voice_adeebf""},{""duration_tick"":2,""onset_tick"":12,""pitch"":70,""tie"":""none"",""voice_token"":""voice_adeebf""}]}"
music_9a793e5024d6e8,"{""events"":[{""duration_tick"":4,""onset_tick"":0,""pitch"":66,""tie"":""none"",""voice_token"":""voice_bf2e2c""},{""duration_tick"":4,""onset_tick"":4,""pitch"":63,""tie"":""none"",""voice_token"":""voice_bf2e2c""},{""duration_tick"":4,""onset_tick"":8,""pitch"":63,""tie"":""none"",""voice_token"":""voice_bf2e2c""},{""duration_tick"":4,""onset_tick"":12,""pitch"":65,""tie"":""none"",""voice_token"":""voice_bf2e2c""},{""duration_tick"":4,""onset_tick"":16,""pitch"":65,""tie"":""none"",""voice_token"":""voice_bf2e2c""}]}"
music_6b67012de11075,"{""events"":[{""duration_tick"":4,""onset_tick"":0,""pitch"":67,""tie"":""none"",""voice_token"":""voice_adeebf""},{""duration_tick"":4,""onset_tick"":4,""pitch"":65,""tie"":""none"",""voice_token"":""voice_adeebf""},{""duration_tick"":4,""onset_tick"":8,""pitch"":65,""tie"":""none"",""voice_token"":""voice_adeebf""},{""duration_tick"":2,""onset_tick"":12,""pitch"":70,""tie"":""none"",""voice_token"":""voice_adeebf""},{""duration_tick"":2,""onset_tick"":14,""pitch"":70,""tie"":""none"",""voice_token"":""voice_adeebf""}]}"
music_374f87263afd6e,"{""events"":[{""duration_tick"":4,""onset_tick"":0,""pitch"":72,""tie"":""none"",""voice_token"":""voice_adeebf""},{""duration_tick"":2,""onset_tick"":4,""pitch"":72,""tie"":""none"",""voice_token"":""voice_adeebf""},{""duration_tick"":2,""onset_tick"":6,""pitch"":72,""tie"":""none"",""voice_token"":""voice_adeebf""},{""duration_tick"":3,""onset_tick"":8,""pitch"":70,""tie"":""none"",""voice_token"":""voice_adeebf""}]}"
music_ddf7bd0c26dad2,"{""events"":[{""duration_tick"":2,""onset_tick"":0,""pitch"":71,""tie"":""none"",""voice_token"":""voice_adeebf""},{""duration_tick"":2,""onset_tick"":2,""pitch"":69,""tie"":""none"",""voice_token"":""voice_adeebf""},{""duration_tick"":2,""onset_tick"":4,""pitch"":69,""tie"":""none"",""voice_token"":""voice_adeebf""},{""duration_tick"":2,""onset_tick"":6,""pitch"":69,""tie"":""none"",""voice_token"":""voice_adeebf""}]}"
music_e9bbdc1f3fa54c,"{""events"":[{""duration_tick"":2,""onset_tick"":0,""pitch"":67,""tie"":""none"",""voice_token"":""voice_adeebf""},{""duration_tick"":4,""onset_tick"":2,""pitch"":70,""tie"":""none"",""voice_token"":""voice_adeebf""},{""duration_tick"":4,""onset_tick"":6,""pitch"":70,""tie"":""none"",""voice_token"":""voice_adeebf""},{""duration_tick"":8,""onset_tick"":10,""pitch"":70,""tie"":""none"",""voice_token"":""voice_adeebf""},{""duration_tick"":8,""onset_tick"":18,""pitch"":69,""tie"":""none"",""voice_token"":""voice_adeebf""},{""duration_tick"":8,""onset_tick"":26,""pitch"":67,""tie"":""none"",""voice_token"":""voice_adeebf""},{""duration_tick"":8,""onset_tick"":34,""pitch"":67,""tie"":""start"",""voice_token"":""voice_adeebf""}]}"
music_876d8bbf4b347a,"{""events"":[{""duration_tick"":2,""onset_tick"":0,""pitch"":74,""tie"":""none"",""voice_token"":""voice_adeebf""},{""duration_tick"":2,""onset_tick"":2,""pitch"":72,""tie"":""none"",""voice_token"":""voice_adeebf""},{""duration_tick"":2,""onset_tick"":4,""pitch"":71,""tie"":""none"",""voice_token"":""voice_adeebf""},{""duration_tick"":2,""onset_tick"":6,""pitch"":71,""tie"":""none"",""voice_token"":""voice_adeebf""},{""duration_tick"":2,""onset_tick"":8,""pitch"":71,""tie"":""none"",""voice_token"":""voice_adeebf""}]}"
music_bcd742ab452ccd,"{""events"":[{""duration_tick"":4,""onset_tick"":0,""pitch"":62,""tie"":""none"",""voice_token"":""voice_bf2e2c""},{""duration_tick"":4,""onset_tick"":4,""pitch"":62,""tie"":""none"",""voice_token"":""voice_bf2e2c""},{""duration_tick"":4,""onset_tick"":8,""pitch"":64,""tie"":""none"",""voice_token"":""voice_bf2e2c""},{""duration_tick"":4,""onset_tick"":12,""pitch"":64,""tie"":""none"",""voice_token"":""voice_bf2e2c""},{""duration_tick"":4,""onset_tick"":16,""pitch"":64,""tie"":""none"",""voice_token"":""voice_bf2e2c""}]}"
music_9ae3ee74f59833,"{""events"":[{""duration_tick"":2,""onset_tick"":0,""pitch"":64,""tie"":""none"",""voice_token"":""voice_0331f8""},{""duration_tick"":2,""onset_tick"":2,""pitch"":67,""tie"":""none"",""voice_token"":""voice_0331f8""},{""duration_tick"":2,""onset_tick"":4,""pitch"":64,""tie"":""none"",""voice_token"":""voice_0331f8""},{""duration_tick"":2,""onset_tick"":6,""pitch"":62,""tie"":""none"",""voice_token"":""voice_0331f8""},{""duration_tick"":2,""onset_tick"":8,""pitch"":66,""tie"":""none"",""voice_token"":""voice_0331f8""},{""duration_tick"":2,""onset_tick"":10,""pitch"":66,""tie"":""none"",""voice_token"":""voice_0331f8""}]}"
music_eabe79a6df3109,"{""events"":[{""duration_tick"":4,""onset_tick"":0,""pitch"":67,""tie"":""none"",""voice_token"":""voice_bf2e2c""},{""duration_tick"":2,""onset_tick"":4,""pitch"":67,""tie"":""none"",""voice_token"":""voice_bf2e2c""},{""duration_tick"":2,""onset_tick"":6,""pitch"":67,""tie"":""none"",""voice_token"":""voice_bf2e2c""},{""duration_tick"":2,""onset_tick"":8,""pitch"":67,""tie"":""none"",""voice_token"":""voice_bf2e2c""},{""duration_tick"":2,""onset_tick"":10,""pitch"":67,""tie"":""none"",""voice_token"":""voice_bf2e2c""},{""duration_tick"":4,""onset_tick"":12,""pitch"":67,""tie"":""none"",""voice_token"":""voice_bf2e2c""},{""duration_tick"":2,""onset_tick"":16,""pitch"":67,""tie"":""none"",""voice_token"":""voice_bf2e2c""}]}"
music_00f9ed32c38ffe,"{""events"":[{""duration_tick"":6,""onset_tick"":0,""pitch"":-1,""tie"":""none"",""voice_token"":""voice_e8cd7c""},{""duration_tick"":4,""onset_tick"":6,""pitch"":64,""tie"":""none"",""voice_token"":""voice_e8cd7c""},{""duration_tick"":2,""onset_tick"":10,""pitch"":-1,""tie"":""none"",""voice_token"":""voice_e8cd7c""},{""duration_tick"":6,""onset_tick"":12,""pitch"":-1,""tie"":""none"",""voice_token"":""voice_e8cd7c""},{""duration_tick"":4,""onset_tick"":18,""pitch"":-1,""tie"":""none"",""voice_token"":""voice_e8cd7c""},{""duration_tick"":2,""onset_tick"":22,""pitch"":-1,""tie"":""none"",""voice_token"":""voice_e8cd7c""}]}"
music_226f82639f87d9,"{""events"":[{""duration_tick"":2,""onset_tick"":0,""pitch"":74,""tie"":""none"",""voice_token"":""voice_adeebf""},{""duration_tick"":2,""onset_tick"":2,""pitch"":73,""tie"":""none"",""voice_token"":""voice_adeebf""},{""duration_tick"":2,""onset_tick"":4,""pitch"":73,""tie"":""none"",""voice_token"":""voice_adeebf""},{""duration_tick"":3,""onset_tick"":6,""pitch"":71,""tie"":""none"",""voice_token"":""voice_adeebf""}]}"
music_f51ce78e0416ce,"{""events"":[{""duration_tick"":4,""onset_tick"":0,""pitch"":72,""tie"":""none"",""voice_token"":""voice_adeebf""},{""duration_tick"":2,""onset_tick"":4,""pitch"":70,""tie"":""none"",""voice_token"":""voice_adeebf""},{""duration_tick"":2,""onset_tick"":6,""pitch"":69,""tie"":""none"",""voice_token"":""voice_adeebf""},{""duration_tick"":4,""onset_tick"":8,""pitch"":65,""tie"":""none"",""voice_token"":""voice_adeebf""},{""duration_tick"":4,""onset_tick"":12,""pitch"":67,""tie"":""none"",""voice_token"":""voice_adeebf""},{""duration_tick"":4,""onset_tick"":16,""pitch"":65,""tie"":""none"",""voice_token"":""voice_adeebf""},{""duration_tick"":4,""onset_tick"":20,""pitch"":67,""tie"":""none"",""voice_token"":""voice_adeebf""}]}"
music_f8b10c2546d3d7,"{""events"":[{""duration_tick"":1,""onset_tick"":0,""pitch"":65,""tie"":""none"",""voice_token"":""voice_adeebf""},{""duration_tick"":4,""onset_tick"":1,""pitch"":64,""tie"":""none"",""voice_token"":""voice_adeebf""},{""duration_tick"":8,""onset_tick"":5,""pitch"":63,""tie"":""none"",""voice_token"":""voice_adeebf""},{""duration_tick"":8,""onset_tick"":13,""pitch"":65,""tie"":""none"",""voice_token"":""voice_adeebf""},{""duration_tick"":4,""onset_tick"":21,""pitch"":68,""tie"":""none"",""voice_token"":""voice_adeebf""},{""duration_tick"":4,""onset_tick"":25,""pitch"":65,""tie"":""none"",""voice_token"":""voice_adeebf""},{""duration_tick"":4,""onset_tick"":29,""pitch"":67,""tie"":""start"",""voice_token"":""voice_adeebf""}]}"
music_48f152c6256362,"{""events"":[{""duration_tick"":4,""onset_tick"":0,""pitch"":74,""tie"":""none"",""voice_token"":""voice_7574bc""},{""duration_tick"":8,""onset_tick"":4,""pitch"":67,""tie"":""none"",""voice_token"":""voice_7574bc""},{""duration_tick"":4,""onset_tick"":12,""pitch"":67,""tie"":""none"",""voice_token"":""voice_7574bc""},{""duration_tick"":8,""onset_tick"":16,""pitch"":67,""tie"":""none"",""voice_token"":""voice_7574bc""}]}"
music_70764a396d834a,"{""events"":[{""duration_tick"":12,""onset_tick"":0,""pitch"":-1,""tie"":""none"",""voice_token"":""voice_8612ca""},{""duration_tick"":12,""onset_tick"":12,""pitch"":68,""tie"":""none"",""voice_token"":""voice_8612ca""},{""duration_tick"":4,""onset_tick"":24,""pitch"":70,""tie"":""none"",""voice_token"":""voice_8612ca""},{""duration_tick"":2,""onset_tick"":28,""pitch"":70,""tie"":""none"",""voice_token"":""voice_8612ca""},{""duration_tick"":4,""onset_tick"":30,""pitch"":70,""tie"":""none"",""voice_token"":""voice_8612ca""},{""duration_tick"":2,""onset_tick"":34,""pitch"":70,""tie"":""none"",""voice_token"":""voice_8612ca""}]}"
music_ce7960d9451082,"{""events"":[{""duration_tick"":3,""onset_tick"":0,""pitch"":69,""tie"":""none"",""voice_token"":""voice_adeebf""},{""duration_tick"":1,""onset_tick"":3,""pitch"":69,""tie"":""none"",""voice_token"":""voice_adeebf""},{""duration_tick"":4,""onset_tick"":4,""pitch"":73,""tie"":""none"",""voice_token"":""voice_adeebf""},{""duration_tick"":4,""onset_tick"":8,""pitch"":76,""tie"":""none"",""voice_token"":""voice_adeebf""},{""duration_tick"":4,""onset_tick"":12,""pitch"":74,""tie"":""none"",""voice_token"":""voice_adeebf""},{""duration_tick"":4,""onset_tick"":16,""pitch"":73,""tie"":""none"",""voice_token"":""voice_adeebf""},{""duration_tick"":4,""onset_tick"":20,""pitch"":71,""tie"":""none"",""voice_token"":""voice_adeebf""}]}"
music_8bcea611036ede,"{""events"":[{""duration_tick"":2,""onset_tick"":0,""pitch"":69,""tie"":""none"",""voice_token"":""voice_0284f7""},{""duration_tick"":2,""onset_tick"":2,""pitch"":74,""tie"":""none"",""voice_token"":""voice_0284f7""},{""duration_tick"":2,""onset_tick"":4,""pitch"":74,""tie"":""none"",""voice_token"":""voice_0284f7""},{""duration_tick"":4,""onset_tick"":6,""pitch"":73,""tie"":""none"",""voice_token"":""voice_0284f7""}]}"
music_2eab919c1c8348,"{""events"":[{""duration_tick"":2,""onset_tick"":0,""pitch"":72,""tie"":""none"",""voice_token"":""voice_0331f8""},{""duration_tick"":2,""onset_tick"":2,""pitch"":72,""tie"":""none"",""voice_token"":""voice_0331f8""},{""duration_tick"":4,""onset_tick"":4,""pitch"":65,""tie"":""none"",""voice_token"":""voice_0331f8""},{""duration_tick"":2,""onset_tick"":8,""pitch"":67,""tie"":""none"",""voice_token"":""voice_0331f8""},{""duration_tick"":1,""onset_tick"":10,""pitch"":72,""tie"":""none"",""voice_token"":""voice_0331f8""},{""duration_tick"":1,""onset_tick"":11,""pitch"":75,""tie"":""none"",""voice_token"":""voice_0331f8""}]}"
music_d4cc0c78c86ca6,"{""events"":[{""duration_tick"":2,""onset_tick"":0,""pitch"":70,""tie"":""none"",""voice_token"":""voice_0331f8""},{""duration_tick"":2,""onset_tick"":2,""pitch"":70,""tie"":""none"",""voice_token"":""voice_0331f8""},{""duration_tick"":2,""onset_tick"":4,""pitch"":70,""tie"":""none"",""voice_token"":""voice_0331f8""},{""duration_tick"":2,""onset_tick"":6,""pitch"":70,""tie"":""none"",""voice_token"":""voice_0331f8""}]}"
music_b5ded026fc6cb5,"{""events"":[{""duration_tick"":2,""onset_tick"":0,""pitch"":75,""tie"":""none"",""voice_token"":""voice_bf2e2c""},{""duration_tick"":4,""onset_tick"":2,""pitch"":73,""tie"":""none"",""voice_token"":""voice_bf2e2c""},{""duration_tick"":2,""onset_tick"":6,""pitch"":71,""tie"":""none"",""voice_token"":""voice_bf2e2c""},{""duration_tick"":4,""onset_tick"":8,""pitch"":73,""tie"":""none"",""voice_token"":""voice_bf2e2c""},{""duration_tick"":2,""onset_tick"":12,""pitch"":70,""tie"":""none"",""voice_token"":""voice_bf2e2c""},{""duration_tick"":6,""onset_tick"":14,""pitch"":73,""tie"":""start"",""voice_token"":""voice_bf2e2c""}]}"
music_1b2491a5c4ded4,"{""events"":[{""duration_tick"":2,""onset_tick"":0,""pitch"":64,""tie"":""none"",""voice_token"":""voice_bf2e2c""},{""duration_tick"":2,""onset_tick"":2,""pitch"":69,""tie"":""none"",""voice_token"":""voice_bf2e2c""},{""duration_tick"":2,""onset_tick"":4,""pitch"":69,""tie"":""none"",""voice_token"":""voice_bf2e2c""},{""duration_tick"":2,""onset_tick"":6,""pitch"":71,""tie"":""none"",""voice_token"":""voice_bf2e2c""},{""duration_tick"":4,""onset_tick"":8,""pitch"":72,""tie"":""none"",""voice_token"":""voice_bf2e2c""}]}"
music_f2aa78e6562340,"{""events"":[{""duration_tick"":1,""onset_tick"":0,""pitch"":70,""tie"":""none"",""voice_token"":""voice_adeebf""},{""duration_tick"":1,""onset_tick"":1,""pitch"":69,""tie"":""none"",""voice_token"":""voice_adeebf""},{""duration_tick"":3,""onset_tick"":2,""pitch"":69,""tie"":""none"",""voice_token"":""voice_adeebf""},{""duration_tick"":3,""onset_tick"":5,""pitch"":70,""tie"":""none"",""voice_token"":""voice_adeebf""},{""duration_tick"":1,""onset_tick"":8,""pitch"":70,""tie"":""none"",""voice_token"":""voice_adeebf""},{""duration_tick"":3,""onset_tick"":9,""pitch"":67,""tie"":""none"",""voice_token"":""voice_adeebf""}]}"
music_2416a840b08c9f,"{""events"":[{""duration_tick"":2,""onset_tick"":0,""pitch"":65,""tie"":""none"",""voice_token"":""voice_adeebf""},{""duration_tick"":2,""onset_tick"":2,""pitch"":67,""tie"":""none"",""voice_token"":""voice_adeebf""},{""duration_tick"":4,""onset_tick"":4,""pitch"":67,""tie"":""none"",""voice_token"":""voice_adeebf""},{""duration_tick"":4,""onset_tick"":8,""pitch"":63,""tie"":""none"",""voice_token"":""voice_adeebf""},{""duration_tick"":4,""onset_tick"":12,""pitch"":62,""tie"":""none"",""voice_token"":""voice_adeebf""}]}"
music_68b18728c3b327,"{""events"":[{""duration_tick"":1,""onset_tick"":0,""pitch"":73,""tie"":""none"",""voice_token"":""voice_adeebf""},{""duration_tick"":1,""onset_tick"":1,""pitch"":73,""tie"":""none"",""voice_token"":""voice_adeebf""},{""duration_tick"":6,""onset_tick"":2,""pitch"":74,""tie"":""none"",""voice_token"":""voice_adeebf""},{""duration_tick"":6,""onset_tick"":8,""pitch"":73,""tie"":""none"",""voice_token"":""voice_adeebf""},{""duration_tick"":2,""onset_tick"":14,""pitch"":66,""tie"":""none"",""voice_token"":""voice_adeebf""},{""duration_tick"":3,""onset_tick"":16,""pitch"":66,""tie"":""none"",""voice_token"":""voice_adeebf""}]}"
music_ff71a9792be35f,"{""events"":[{""duration_tick"":4,""onset_tick"":0,""pitch"":71,""tie"":""none"",""voice_token"":""voice_bf2e2c""},{""duration_tick"":2,""onset_tick"":4,""pitch"":71,""tie"":""none"",""voice_token"":""voice_bf2e2c""},{""duration_tick"":4,""onset_tick"":6,""pitch"":71,""tie"":""none"",""voice_token"":""voice_bf2e2c""},{""duration_tick"":2,""onset_tick"":10,""pitch"":71,""tie"":""none"",""voice_token"":""voice_bf2e2c""},{""duration_tick"":4,""onset_tick"":12,""pitch"":71,""tie"":""none"",""voice_token"":""voice_bf2e2c""},{""duration_tick"":2,""onset_tick"":16,""pitch"":79,""tie"":""none"",""voice_token"":""voice_bf2e2c""},{""duration_tick"":4,""onset_tick"":18,""pitch"":78,""tie"":""none"",""voice_token"":""voice_bf2e2c""}]}"
music_044d207a124eea,"{""events"":[{""duration_tick"":2,""onset_tick"":0,""pitch"":67,""tie"":""none"",""voice_token"":""voice_bf2e2c""},{""duration_tick"":6,""onset_tick"":2,""pitch"":65,""tie"":""none"",""voice_token"":""voice_bf2e2c""},{""duration_tick"":2,""onset_tick"":8,""pitch"":69,""tie"":""none"",""voice_token"":""voice_bf2e2c""},{""duration_tick"":2,""onset_tick"":10,""pitch"":69,""tie"":""none"",""voice_token"":""voice_bf2e2c""},{""duration_tick"":2,""onset_tick"":12,""pitch"":69,""tie"":""none"",""voice_token"":""voice_bf2e2c""},{""duration_tick"":4,""onset_tick"":14,""pitch"":69,""tie"":""none"",""voice_token"":""voice_bf2e2c""}]}"
music_65e52ebf063b6d,"{""events"":[{""duration_tick"":4,""onset_tick"":0,""pitch"":64,""tie"":""none"",""voice_token"":""voice_1628af""},{""duration_tick"":4,""onset_tick"":4,""pitch"":59,""tie"":""none"",""voice_token"":""voice_1628af""},{""duration_tick"":12,""onset_tick"":8,""pitch"":66,""tie"":""none"",""voice_token"":""voice_1628af""},{""duration_tick"":4,""onset_tick"":20,""pitch"":66,""tie"":""none"",""voice_token"":""voice_1628af""},{""duration_tick"":8,""onset_tick"":24,""pitch"":67,""tie"":""none"",""voice_token"":""voice_1628af""}]}"
music_53bd81d4f98e2d,"{""events"":[{""duration_tick"":2,""onset_tick"":0,""pitch"":66,""tie"":""none"",""voice_token"":""voice_8c73be""},{""duration_tick"":2,""onset_tick"":2,""pitch"":68,""tie"":""none"",""voice_token"":""voice_8c73be""},{""duration_tick"":4,""onset_tick"":4,""pitch"":66,""tie"":""none"",""voice_token"":""voice_8c73be""},{""duration_tick"":4,""onset_tick"":8,""pitch"":65,""tie"":""none"",""voice_token"":""voice_8c73be""}]}"
music_039bf405665796,"{""events"":[{""duration_tick"":2,""onset_tick"":0,""pitch"":76,""tie"":""none"",""voice_token"":""voice_bf2e2c""},{""duration_tick"":4,""onset_tick"":2,""pitch"":73,""tie"":""none"",""voice_token"":""voice_bf2e2c""},{""duration_tick"":4,""onset_tick"":6,""pitch"":75,""tie"":""none"",""voice_token"":""voice_bf2e2c""},{""duration_tick"":4,""onset_tick"":10,""pitch"":71,""tie"":""none"",""voice_token"":""voice_bf2e2c""}]}"
music_10de1db0c9fcfd,"{""events"":[{""duration_tick"":2,""onset_tick"":0,""pitch"":-1,""tie"":""none"",""voice_token"":""voice_adeebf""},{""duration_tick"":2,""onset_tick"":2,""pitch"":69,""tie"":""none"",""voice_token"":""voice_adeebf""},{""duration_tick"":2,""onset_tick"":4,""pitch"":69,""tie"":""none"",""voice_token"":""voice_adeebf""},{""duration_tick"":2,""onset_tick"":6,""pitch"":69,""tie"":""none"",""voice_token"":""voice_adeebf""}]}"
music_fbe2ecc0ce8a96,"{""events"":[{""duration_tick"":4,""onset_tick"":0,""pitch"":66,""tie"":""none"",""voice_token"":""voice_adeebf""},{""duration_tick"":4,""onset_tick"":4,""pitch"":66,""tie"":""none"",""voice_token"":""voice_adeebf""},{""duration_tick"":4,""onset_tick"":8,""pitch"":71,""tie"":""none"",""voice_token"":""voice_adeebf""},{""duration_tick"":4,""onset_tick"":12,""pitch"":66,""tie"":""none"",""voice_token"":""voice_adeebf""},{""duration_tick"":8,""onset_tick"":16,""pitch"":66,""tie"":""none"",""voice_token"":""voice_adeebf""},{""duration_tick"":4,""onset_tick"":24,""pitch"":-1,""tie"":""none"",""voice_token"":""voice_adeebf""}]}"
music_e08938ffa3f1a9,"{""events"":[{""duration_tick"":8,""onset_tick"":0,""pitch"":61,""tie"":""stop"",""voice_token"":""voice_0331f8""},{""duration_tick"":8,""onset_tick"":8,""pitch"":61,""tie"":""none"",""voice_token"":""voice_0331f8""},{""duration_tick"":4,""onset_tick"":16,""pitch"":-1,""tie"":""none"",""voice_token"":""voice_0331f8""},{""duration_tick"":4,""onset_tick"":20,""pitch"":-1,""tie"":""none"",""voice_token"":""voice_0331f8""},{""duration_tick"":2,""onset_tick"":24,""pitch"":71,""tie"":""none"",""voice_token"":""voice_0331f8""},{""duration_tick"":2,""onset_tick"":26,""pitch"":73,""tie"":""none"",""voice_token"":""voice_0331f8""},{""duration_tick"":2,""onset_tick"":28,""pitch"":71,""tie"":""none"",""voice_token"":""voice_0331f8""}]}"
music_a1ea5d7cb958cc,"{""events"":[{""duration_tick"":4,""onset_tick"":0,""pitch"":70,""tie"":""none"",""voice_token"":""voice_bf2e2c""},{""duration_tick"":4,""onset_tick"":4,""pitch"":72,""tie"":""none"",""voice_token"":""voice_bf2e2c""},{""duration_tick"":4,""onset_tick"":8,""pitch"":73,""tie"":""none"",""voice_token"":""voice_bf2e2c""},{""duration_tick"":4,""onset_tick"":12,""pitch"":61,""tie"":""none"",""voice_token"":""voice_bf2e2c""},{""duration_tick"":4,""onset_tick"":16,""pitch"":65,""tie"":""none"",""voice_token"":""voice_bf2e2c""},{""duration_tick"":4,""onset_tick"":20,""pitch"":63,""tie"":""none"",""voice_token"":""voice_bf2e2c""},{""duration_tick"":8,""onset_tick"":24,""pitch"":63,""tie"":""none"",""voice_token"":""voice_bf2e2c""}]}"
music_e144e00dcb61fd,"{""events"":[{""duration_tick"":2,""onset_tick"":0,""pitch"":78,""tie"":""none"",""voice_token"":""voice_e88425""},{""duration_tick"":2,""onset_tick"":2,""pitch"":76,""tie"":""none"",""voice_token"":""voice_e88425""},{""duration_tick"":2,""onset_tick"":4,""pitch"":71,""tie"":""none"",""voice_token"":""voice_e88425""},{""duration_tick"":2,""onset_tick"":6,""pitch"":71,""tie"":""none"",""voice_token"":""voice_e88425""},{""duration_tick"":1,""onset_tick"":8,""pitch"":69,""tie"":""none"",""voice_token"":""voice_e88425""},{""duration_tick"":1,""onset_tick"":9,""pitch"":73,""tie"":""none"",""voice_token"":""voice_e88425""},{""duration_tick"":2,""onset_tick"":10,""pitch"":66,""tie"":""start"",""voice_token"":""voice_e88425""}]}"
music_b7afcfc4464bbf,"{""events"":[{""duration_tick"":2,""onset_tick"":0,""pitch"":66,""tie"":""none"",""voice_token"":""voice_bf2e2c""},{""duration_tick"":2,""onset_tick"":2,""pitch"":67,""tie"":""none"",""voice_token"":""voice_bf2e2c""},{""duration_tick"":4,""onset_tick"":4,""pitch"":69,""tie"":""none"",""voice_token"":""voice_bf2e2c""},{""duration_tick"":4,""onset_tick"":8,""pitch"":62,""tie"":""none"",""voice_token"":""voice_bf2e2c""},{""duration_tick"":4,""onset_tick"":12,""pitch"":62,""tie"":""none"",""voice_token"":""voice_bf2e2c""}]}"
music_dd2d625195a2ca,"{""events"":[{""duration_tick"":2,""onset_tick"":0,""pitch"":-1,""tie"":""none"",""voice_token"":""voice_bf2e2c""},{""duration_tick"":2,""onset_tick"":2,""pitch"":76,""tie"":""none"",""voice_token"":""voice_bf2e2c""},{""duration_tick"":2,""onset_tick"":4,""pitch"":76,""tie"":""none"",""voice_token"":""voice_bf2e2c""},{""duration_tick"":2,""onset_tick"":6,""pitch"":76,""tie"":""none"",""voice_token"":""voice_bf2e2c""},{""duration_tick"":4,""onset_tick"":8,""pitch"":73,""tie"":""none"",""voice_token"":""voice_bf2e2c""},{""duration_tick"":2,""onset_tick"":12,""pitch"":73,""tie"":""none"",""voice_token"":""voice_bf2e2c""},{""duration_tick"":2,""onset_tick"":14,""pitch"":73,""tie"":""none"",""voice_token"":""voice_bf2e2c""}]}"
music_6d0d81ee9b6a2b,"{""events"":[{""duration_tick"":1,""onset_tick"":0,""pitch"":76,""tie"":""none"",""voice_token"":""voice_0331f8""},{""duration_tick"":4,""onset_tick"":1,""pitch"":76,""tie"":""none"",""voice_token"":""voice_0331f8""},{""duration_tick"":8,""onset_tick"":5,""pitch"":69,""tie"":""none"",""voice_token"":""voice_0331f8""},{""duration_tick"":4,""onset_tick"":13,""pitch"":73,""tie"":""none"",""voice_token"":""voice_0331f8""},{""duration_tick"":2,""onset_tick"":17,""pitch"":69,""tie"":""none"",""voice_token"":""voice_0331f8""},{""duration_tick"":2,""onset_tick"":19,""pitch"":69,""tie"":""none"",""voice_token"":""voice_0331f8""},{""duration_tick"":2,""onset_tick"":21,""pitch"":71,""tie"":""none"",""voice_token"":""voice_0331f8""}]}"
music_4fd822afe7184f,"{""events"":[{""duration_tick"":2,""onset_tick"":0,""pitch"":75,""tie"":""none"",""voice_token"":""voice_0331f8""},{""duration_tick"":2,""onset_tick"":2,""pitch"":75,""tie"":""none"",""voice_token"":""voice_0331f8""},{""duration_tick"":2,""onset_tick"":4,""pitch"":70,""tie"":""none"",""voice_token"":""voice_0331f8""},{""duration_tick"":2,""onset_tick"":6,""pitch"":75,""tie"":""none"",""voice_token"":""voice_0331f8""},{""duration_tick"":2,""onset_tick"":8,""pitch"":75,""tie"":""none"",""voice_token"":""voice_0331f8""},{""duration_tick"":2,""onset_tick"":10,""pitch"":68,""tie"":""none"",""voice_token"":""voice_0331f8""}]}"
music_0782aab7f09444,"{""events"":[{""duration_tick"":12,""onset_tick"":0,""pitch"":77,""tie"":""none"",""voice_token"":""voice_bf2e2c""},{""duration_tick"":4,""onset_tick"":12,""pitch"":76,""tie"":""none"",""voice_token"":""voice_bf2e2c""},{""duration_tick"":8,""onset_tick"":16,""pitch"":74,""tie"":""none"",""voice_token"":""voice_bf2e2c""},{""duration_tick"":8,""onset_tick"":24,""pitch"":74,""tie"":""none"",""voice_token"":""voice_bf2e2c""}]}"
music_dc038bd3a0e338,"{""events"":[{""duration_tick"":2,""onset_tick"":0,""pitch"":67,""tie"":""none"",""voice_token"":""voice_adeebf""},{""duration_tick"":2,""onset_tick"":2,""pitch"":69,""tie"":""none"",""voice_token"":""voice_adeebf""},{""duration_tick"":1,""onset_tick"":4,""pitch"":71,""tie"":""none"",""voice_token"":""voice_adeebf""},{""duration_tick"":1,""onset_tick"":5,""pitch"":72,""tie"":""none"",""voice_token"":""voice_adeebf""}]}"
music_4b12d93e7e299a,"{""events"":[{""duration_tick"":4,""onset_tick"":0,""pitch"":65,""tie"":""none"",""voice_token"":""voice_bf2e2c""},{""duration_tick"":2,""onset_tick"":4,""pitch"":65,""tie"":""none"",""voice_token"":""voice_bf2e2c""},{""duration_tick"":4,""onset_tick"":6,""pitch"":65,""tie"":""none"",""voice_token"":""voice_bf2e2c""},{""duration_tick"":2,""onset_tick"":10,""pitch"":63,""tie"":""none"",""voice_token"":""voice_bf2e2c""},{""duration_tick"":4,""onset_tick"":12,""pitch"":65,""tie"":""none"",""voice_token"":""voice_bf2e2c""}]}"
music_a73fb5e8345ac8,"{""events"":[{""duration_tick"":4,""onset_tick"":0,""pitch"":67,""tie"":""none"",""voice_token"":""voice_bf2e2c""},{""duration_tick"":3,""onset_tick"":4,""pitch"":67,""tie"":""none"",""voice_token"":""voice_bf2e2c""},{""duration_tick"":1,""onset_tick"":7,""pitch"":64,""tie"":""none"",""voice_token"":""voice_bf2e2c""},{""duration_tick"":2,""onset_tick"":8,""pitch"":66,""tie"":""none"",""voice_token"":""voice_bf2e2c""}]}"
music_5b0c6f738942f7,"{""events"":[{""duration_tick"":8,""onset_tick"":0,""pitch"":64,""tie"":""none"",""voice_token"":""voice_bdd9b1""},{""duration_tick"":4,""onset_tick"":8,""pitch"":60,""tie"":""none"",""voice_token"":""voice_bdd9b1""},{""duration_tick"":8,""onset_tick"":12,""pitch"":60,""tie"":""none"",""voice_token"":""voice_bdd9b1""},{""duration_tick"":2,""onset_tick"":20,""pitch"":57,""tie"":""none"",""voice_token"":""voice_bdd9b1""}]}"
music_e87081cbe2065c,"{""events"":[{""duration_tick"":4,""onset_tick"":0,""pitch"":75,""tie"":""none"",""voice_token"":""voice_0331f8""},{""duration_tick"":8,""onset_tick"":4,""pitch"":69,""tie"":""none"",""voice_token"":""voice_0331f8""},{""duration_tick"":2,""onset_tick"":12,""pitch"":71,""tie"":""none"",""voice_token"":""voice_0331f8""},{""duration_tick"":1,""onset_tick"":14,""pitch"":71,""tie"":""none"",""voice_token"":""voice_0331f8""},{""duration_tick"":1,""onset_tick"":15,""pitch"":71,""tie"":""none"",""voice_token"":""voice_0331f8""},{""duration_tick"":2,""onset_tick"":16,""pitch"":71,""tie"":""none"",""voice_token"":""voice_0331f8""}]}"
music_271f54e3e3e8b1,"{""events"":[{""duration_tick"":1,""onset_tick"":0,""pitch"":76,""tie"":""none"",""voice_token"":""voice_bf2e2c""},{""duration_tick"":4,""onset_tick"":1,""pitch"":74,""tie"":""none"",""voice_token"":""voice_bf2e2c""},{""duration_tick"":4,""onset_tick"":5,""pitch"":69,""tie"":""none"",""voice_token"":""voice_bf2e2c""},{""duration_tick"":3,""onset_tick"":9,""pitch"":66,""tie"":""none"",""voice_token"":""voice_bf2e2c""},{""duration_tick"":1,""onset_tick"":12,""pitch"":64,""tie"":""none"",""voice_token"":""voice_bf2e2c""}]}"
music_f3be7ad3a74697,"{""events"":[{""duration_tick"":4,""onset_tick"":0,""pitch"":73,""tie"":""none"",""voice_token"":""voice_bf2e2c""},{""duration_tick"":4,""onset_tick"":4,""pitch"":66,""tie"":""none"",""voice_token"":""voice_bf2e2c""},{""duration_tick"":4,""onset_tick"":8,""pitch"":73,""tie"":""none"",""voice_token"":""voice_bf2e2c""},{""duration_tick"":4,""onset_tick"":12,""pitch"":-1,""tie"":""none"",""voice_token"":""voice_bf2e2c""},{""duration_tick"":4,""onset_tick"":16,""pitch"":73,""tie"":""none"",""voice_token"":""voice_bf2e2c""},{""duration_tick"":4,""onset_tick"":20,""pitch"":-1,""tie"":""none"",""voice_token"":""voice_bf2e2c""},{""duration_tick"":4,""onset_tick"":24,""pitch"":73,""tie"":""none"",""voice_token"":""voice_bf2e2c""}]}"
music_c45c21bc5807d9,"{""events"":[{""duration_tick"":2,""onset_tick"":0,""pitch"":68,""tie"":""none"",""voice_token"":""voice_0284f7""},{""duration_tick"":2,""onset_tick"":2,""pitch"":70,""tie"":""none"",""voice_token"":""voice_0284f7""},{""duration_tick"":2,""onset_tick"":4,""pitch"":71,""tie"":""none"",""voice_token"":""voice_0284f7""},{""duration_tick"":2,""onset_tick"":6,""pitch"":71,""tie"":""none"",""voice_token"":""voice_0284f7""},{""duration_tick"":2,""onset_tick"":8,""pitch"":70,""tie"":""none"",""voice_token"":""voice_0284f7""},{""duration_tick"":4,""onset_tick"":10,""pitch"":71,""tie"":""none"",""voice_token"":""voice_0284f7""}]}"
music_8cdf749240ea66,"{""events"":[{""duration_tick"":2,""onset_tick"":0,""pitch"":66,""tie"":""none"",""voice_token"":""voice_bf2e2c""},{""duration_tick"":2,""onset_tick"":2,""pitch"":66,""tie"":""none"",""voice_token"":""voice_bf2e2c""},{""duration_tick"":2,""onset_tick"":4,""pitch"":71,""tie"":""none"",""voice_token"":""voice_bf2e2c""},{""duration_tick"":4,""onset_tick"":6,""pitch"":73,""tie"":""none"",""voice_token"":""voice_bf2e2c""},{""duration_tick"":2,""onset_tick"":10,""pitch"":73,""tie"":""none"",""voice_token"":""voice_bf2e2c""},{""duration_tick"":3,""onset_tick"":12,""pitch"":73,""tie"":""none"",""voice_token"":""voice_bf2e2c""}]}"
music_1f45b155a2f482,"{""events"":[{""duration_tick"":2,""onset_tick"":0,""pitch"":66,""tie"":""none"",""voice_token"":""voice_bf2e2c""},{""duration_tick"":2,""onset_tick"":2,""pitch"":65,""tie"":""none"",""voice_token"":""voice_bf2e2c""},{""duration_tick"":6,""onset_tick"":4,""pitch"":65,""tie"":""none"",""voice_token"":""voice_bf2e2c""},{""duration_tick"":2,""onset_tick"":10,""pitch"":63,""tie"":""none"",""voice_token"":""voice_bf2e2c""}]}"
music_0bbb1e9c7f0a44,"{""events"":[{""duration_tick"":4,""onset_tick"":0,""pitch"":56,""tie"":""none"",""voice_token"":""voice_bdd9b1""},{""duration_tick"":4,""onset_tick"":4,""pitch"":61,""tie"":""none"",""voice_token"":""voice_bdd9b1""},{""duration_tick"":12,""onset_tick"":8,""pitch"":61,""tie"":""none"",""voice_token"":""voice_bdd9b1""},{""duration_tick"":12,""onset_tick"":20,""pitch"":-1,""tie"":""none"",""voice_token"":""voice_bdd9b1""},{""duration_tick"":12,""onset_tick"":32,""pitch"":-1,""tie"":""none"",""voice_token"":""voice_bdd9b1""},{""duration_tick"":4,""onset_tick"":44,""pitch"":-1,""tie"":""none"",""voice_token"":""voice_bdd9b1""}]}"
music_b3b3b351d3e564,"{""events"":[{""duration_tick"":2,""onset_tick"":0,""pitch"":74,""tie"":""none"",""voice_token"":""voice_0284f7""},{""duration_tick"":4,""onset_tick"":2,""pitch"":78,""tie"":""none"",""voice_token"":""voice_0284f7""},{""duration_tick"":2,""onset_tick"":6,""pitch"":69,""tie"":""none"",""voice_token"":""voice_0284f7""},{""duration_tick"":2,""onset_tick"":8,""pitch"":69,""tie"":""none"",""voice_token"":""voice_0284f7""},{""duration_tick"":4,""onset_tick"":10,""pitch"":72,""tie"":""none"",""voice_token"":""voice_0284f7""},{""duration_tick"":4,""onset_tick"":14,""pitch"":72,""tie"":""none"",""voice_token"":""voice_0284f7""},{""duration_tick"":2,""onset_tick"":18,""pitch"":72,""tie"":""none"",""voice_token"":""voice_0284f7""}]}"
music_d2d61defe5a413,"{""events"":[{""duration_tick"":8,""onset_tick"":0,""pitch"":67,""tie"":""none"",""voice_token"":""voice_adeebf""},{""duration_tick"":8,""onset_tick"":8,""pitch"":66,""tie"":""none"",""voice_token"":""voice_adeebf""},{""duration_tick"":4,""onset_tick"":16,""pitch"":67,""tie"":""none"",""voice_token"":""voice_adeebf""},{""duration_tick"":4,""onset_tick"":20,""pitch"":67,""tie"":""none"",""voice_token"":""voice_adeebf""},{""duration_tick"":4,""onset_tick"":24,""pitch"":65,""tie"":""none"",""voice_token"":""voice_adeebf""},{""duration_tick"":2,""onset_tick"":28,""pitch"":65,""tie"":""none"",""voice_token"":""voice_adeebf""}]}"
music_21a53f47ed6db7,"{""events"":[{""duration_tick"":4,""onset_tick"":0,""pitch"":66,""tie"":""none"",""voice_token"":""voice_adeebf""},{""duration_tick"":2,""onset_tick"":4,""pitch"":65,""tie"":""none"",""voice_token"":""voice_adeebf""},{""duration_tick"":2,""onset_tick"":6,""pitch"":67,""tie"":""none"",""voice_token"":""voice_adeebf""},{""duration_tick"":2,""onset_tick"":8,""pitch"":69,""tie"":""none"",""voice_token"":""voice_adeebf""},{""duration_tick"":2,""onset_tick"":10,""pitch"":71,""tie"":""none"",""voice_token"":""voice_adeebf""},{""duration_tick"":2,""onset_tick"":12,""pitch"":67,""tie"":""none"",""voice_token"":""voice_adeebf""},{""duration_tick"":2,""onset_tick"":14,""pitch"":66,""tie"":""none"",""voice_token"":""voice_adeebf""}]}"
music_1f39753a4c05d9,"{""events"":[{""duration_tick"":1,""onset_tick"":0,""pitch"":72,""tie"":""none"",""voice_token"":""voice_54ffbf""},{""duration_tick"":1,""onset_tick"":1,""pitch"":73,""tie"":""none"",""voice_token"":""voice_54ffbf""},{""duration_tick"":1,""onset_tick"":2,""pitch"":76,""tie"":""none"",""voice_token"":""voice_54ffbf""},{""duration_tick"":1,""onset_tick"":3,""pitch"":76,""tie"":""none"",""voice_token"":""voice_54ffbf""},{""duration_tick"":1,""onset_tick"":3,""pitch"":76,""tie"":""none"",""voice_token"":""voice_54ffbf""},{""duration_tick"":1,""onset_tick"":4,""pitch"":76,""tie"":""none"",""voice_token"":""voice_54ffbf""}]}"
music_36e7be2af734d5,"{""events"":[{""duration_tick"":4,""onset_tick"":0,""pitch"":75,""tie"":""none"",""voice_token"":""voice_755b18""},{""duration_tick"":4,""onset_tick"":4,""pitch"":73,""tie"":""none"",""voice_token"":""voice_755b18""},{""duration_tick"":2,""onset_tick"":8,""pitch"":67,""tie"":""none"",""voice_token"":""voice_755b18""},{""duration_tick"":2,""onset_tick"":10,""pitch"":68,""tie"":""none"",""voice_token"":""voice_755b18""}]}"
music_a3633f1a7feeae,"{""events"":[{""duration_tick"":8,""onset_tick"":0,""pitch"":73,""tie"":""none"",""voice_token"":""voice_5ee09e""},{""duration_tick"":8,""onset_tick"":8,""pitch"":-1,""tie"":""none"",""voice_token"":""voice_5ee09e""},{""duration_tick"":4,""onset_tick"":16,""pitch"":73,""tie"":""none"",""voice_token"":""voice_5ee09e""},{""duration_tick"":4,""onset_tick"":20,""pitch"":73,""tie"":""none"",""voice_token"":""voice_5ee09e""},{""duration_tick"":8,""onset_tick"":24,""pitch"":68,""tie"":""none"",""voice_token"":""voice_5ee09e""},{""duration_tick"":4,""onset_tick"":32,""pitch"":66,""tie"":""none"",""voice_token"":""voice_5ee09e""},{""duration_tick"":2,""onset_tick"":36,""pitch"":66,""tie"":""none"",""voice_token"":""voice_5ee09e""}]}"
music_e592663a739210,"{""events"":[{""duration_tick"":2,""onset_tick"":0,""pitch"":68,""tie"":""none"",""voice_token"":""voice_adeebf""},{""duration_tick"":2,""onset_tick"":2,""pitch"":71,""tie"":""none"",""voice_token"":""voice_adeebf""},{""duration_tick"":2,""onset_tick"":4,""pitch"":71,""tie"":""none"",""voice_token"":""voice_adeebf""},{""duration_tick"":2,""onset_tick"":6,""pitch"":71,""tie"":""none"",""voice_token"":""voice_adeebf""},{""duration_tick"":6,""onset_tick"":8,""pitch"":73,""tie"":""none"",""voice_token"":""voice_adeebf""},{""duration_tick"":2,""onset_tick"":14,""pitch"":-1,""tie"":""none"",""voice_token"":""voice_adeebf""}]}"
music_ca884ac0bbf112,"{""events"":[{""duration_tick"":2,""onset_tick"":0,""pitch"":77,""tie"":""none"",""voice_token"":""voice_bf2e2c""},{""duration_tick"":2,""onset_tick"":2,""pitch"":74,""tie"":""none"",""voice_token"":""voice_bf2e2c""},{""duration_tick"":6,""onset_tick"":4,""pitch"":76,""tie"":""none"",""voice_token"":""voice_bf2e2c""},{""duration_tick"":3,""onset_tick"":10,""pitch"":76,""tie"":""none"",""voice_token"":""voice_bf2e2c""}]}"
music_78965213ba3cc3,"{""events"":[{""duration_tick"":8,""onset_tick"":0,""pitch"":63,""tie"":""none"",""voice_token"":""voice_adeebf""},{""duration_tick"":2,""onset_tick"":8,""pitch"":68,""tie"":""none"",""voice_token"":""voice_adeebf""},{""duration_tick"":4,""onset_tick"":10,""pitch"":70,""tie"":""none"",""voice_token"":""voice_adeebf""},{""duration_tick"":4,""onset_tick"":14,""pitch"":68,""tie"":""none"",""voice_token"":""voice_adeebf""}]}"
music_cc2f24afe31ce4,"{""events"":[{""duration_tick"":2,""onset_tick"":0,""pitch"":73,""tie"":""none"",""voice_token"":""voice_1628af""},{""duration_tick"":2,""onset_tick"":2,""pitch"":71,""tie"":""none"",""voice_token"":""voice_1628af""},{""duration_tick"":2,""onset_tick"":4,""pitch"":70,""tie"":""none"",""voice_token"":""voice_1628af""},{""duration_tick"":6,""onset_tick"":6,""pitch"":70,""tie"":""none"",""voice_token"":""voice_1628af""},{""duration_tick"":4,""onset_tick"":12,""pitch"":71,""tie"":""none"",""voice_token"":""voice_1628af""},{""duration_tick"":8,""onset_tick"":16,""pitch"":73,""tie"":""none"",""voice_token"":""voice_1628af""}]}"
music_707525216cea5c,"{""events"":[{""duration_tick"":12,""onset_tick"":0,""pitch"":74,""tie"":""none"",""voice_token"":""voice_0331f8""},{""duration_tick"":4,""onset_tick"":12,""pitch"":74,""tie"":""none"",""voice_token"":""voice_0331f8""},{""duration_tick"":4,""onset_tick"":16,""pitch"":74,""tie"":""none"",""voice_token"":""voice_0331f8""},{""duration_tick"":4,""onset_tick"":20,""pitch"":72,""tie"":""none"",""voice_token"":""voice_0331f8""}]}"
music_e4e2f5a4cf407b,"{""events"":[{""duration_tick"":1,""onset_tick"":0,""pitch"":71,""tie"":""none"",""voice_token"":""voice_bf2e2c""},{""duration_tick"":1,""onset_tick"":1,""pitch"":70,""tie"":""none"",""voice_token"":""voice_bf2e2c""},{""duration_tick"":1,""onset_tick"":2,""pitch"":75,""tie"":""none"",""voice_token"":""voice_bf2e2c""},{""duration_tick"":2,""onset_tick"":3,""pitch"":73,""tie"":""none"",""voice_token"":""voice_bf2e2c""}]}"
music_18412142512ffd,"{""events"":[{""duration_tick"":1,""onset_tick"":0,""pitch"":72,""tie"":""none"",""voice_token"":""voice_bf2e2c""},{""duration_tick"":2,""onset_tick"":1,""pitch"":72,""tie"":""none"",""voice_token"":""voice_bf2e2c""},{""duration_tick"":2,""onset_tick"":3,""pitch"":73,""tie"":""none"",""voice_token"":""voice_bf2e2c""},{""duration_tick"":3,""onset_tick"":5,""pitch"":72,""tie"":""none"",""voice_token"":""voice_bf2e2c""},{""duration_tick"":1,""onset_tick"":8,""pitch"":70,""tie"":""none"",""voice_token"":""voice_bf2e2c""},{""duration_tick"":4,""onset_tick"":9,""pitch"":68,""tie"":""none"",""voice_token"":""voice_bf2e2c""},{""duration_tick"":2,""onset_tick"":13,""pitch"":67,""tie"":""none"",""voice_token"":""voice_bf2e2c""}]}"
music_431fa05b28b093,"{""events"":[{""duration_tick"":2,""onset_tick"":0,""pitch"":70,""tie"":""none"",""voice_token"":""voice_bf2e2c""},{""duration_tick"":6,""onset_tick"":2,""pitch"":72,""tie"":""none"",""voice_token"":""voice_bf2e2c""},{""duration_tick"":2,""onset_tick"":8,""pitch"":69,""tie"":""none"",""voice_token"":""voice_bf2e2c""},{""duration_tick"":2,""onset_tick"":10,""pitch"":74,""tie"":""none"",""voice_token"":""voice_bf2e2c""},{""duration_tick"":2,""onset_tick"":12,""pitch"":70,""tie"":""none"",""voice_token"":""voice_bf2e2c""},{""duration_tick"":6,""onset_tick"":14,""pitch"":69,""tie"":""none"",""voice_token"":""voice_bf2e2c""}]}"
music_7c31330644b3d6,"{""events"":[{""duration_tick"":2,""onset_tick"":0,""pitch"":74,""tie"":""none"",""voice_token"":""voice_adeebf""},{""duration_tick"":2,""onset_tick"":2,""pitch"":73,""tie"":""none"",""voice_token"":""voice_adeebf""},{""duration_tick"":2,""onset_tick"":4,""pitch"":73,""tie"":""none"",""voice_token"":""voice_adeebf""},{""duration_tick"":2,""onset_tick"":6,""pitch"":75,""tie"":""none"",""voice_token"":""voice_adeebf""},{""duration_tick"":4,""onset_tick"":8,""pitch"":64,""tie"":""none"",""voice_token"":""voice_adeebf""},{""duration_tick"":2,""onset_tick"":12,""pitch"":64,""tie"":""none"",""voice_token"":""voice_adeebf""},{""duration_tick"":2,""onset_tick"":14,""pitch"":66,""tie"":""none"",""voice_token"":""voice_adeebf""}]}"
music_ff7378c05b11e2,"{""events"":[{""duration_tick"":4,""onset_tick"":0,""pitch"":64,""tie"":""none"",""voice_token"":""voice_bf2e2c""},{""duration_tick"":4,""onset_tick"":4,""pitch"":64,""tie"":""none"",""voice_token"":""voice_bf2e2c""},{""duration_tick"":4,""onset_tick"":8,""pitch"":64,""tie"":""none"",""voice_token"":""voice_bf2e2c""},{""duration_tick"":4,""onset_tick"":12,""pitch"":62,""tie"":""none"",""voice_token"":""voice_bf2e2c""},{""duration_tick"":2,""onset_tick"":16,""pitch"":62,""tie"":""none"",""voice_token"":""voice_bf2e2c""},{""duration_tick"":2,""onset_tick"":18,""pitch"":62,""tie"":""none"",""voice_token"":""voice_bf2e2c""}]}"
music_f549155cab5cb3,"{""events"":[{""duration_tick"":4,""onset_tick"":0,""pitch"":66,""tie"":""none"",""voice_token"":""voice_adeebf""},{""duration_tick"":4,""onset_tick"":4,""pitch"":66,""tie"":""none"",""voice_token"":""voice_adeebf""},{""duration_tick"":8,""onset_tick"":8,""pitch"":64,""tie"":""none"",""voice_token"":""voice_adeebf""},{""duration_tick"":8,""onset_tick"":16,""pitch"":64,""tie"":""none"",""voice_token"":""voice_adeebf""},{""duration_tick"":4,""onset_tick"":24,""pitch"":67,""tie"":""none"",""voice_token"":""voice_adeebf""},{""duration_tick"":4,""onset_tick"":28,""pitch"":70,""tie"":""none"",""voice_token"":""voice_adeebf""}]}"
music_2b5bd844ae6684,"{""events"":[{""duration_tick"":1,""onset_tick"":0,""pitch"":69,""tie"":""none"",""voice_token"":""voice_0331f8""},{""duration_tick"":1,""onset_tick"":1,""pitch"":69,""tie"":""none"",""voice_token"":""voice_0331f8""},{""duration_tick"":1,""onset_tick"":2,""pitch"":67,""tie"":""none"",""voice_token"":""voice_0331f8""},{""duration_tick"":1,""onset_tick"":3,""pitch"":67,""tie"":""none"",""voice_token"":""voice_0331f8""}]}"
music_4a7712ee174744,"{""events"":[{""duration_tick"":2,""onset_tick"":0,""pitch"":70,""tie"":""none"",""voice_token"":""voice_bf2e2c""},{""duration_tick"":2,""onset_tick"":2,""pitch"":75,""tie"":""none"",""voice_token"":""voice_bf2e2c""},{""duration_tick"":2,""onset_tick"":4,""pitch"":72,""tie"":""none"",""voice_token"":""voice_bf2e2c""},{""duration_tick"":6,""onset_tick"":6,""pitch"":74,""tie"":""none"",""voice_token"":""voice_bf2e2c""},{""duration_tick"":2,""onset_tick"":12,""pitch"":74,""tie"":""none"",""voice_token"":""voice_bf2e2c""},{""duration_tick"":4,""onset_tick"":14,""pitch"":-1,""tie"":""none"",""voice_token"":""voice_bf2e2c""},{""duration_tick"":4,""onset_tick"":18,""pitch"":-1,""tie"":""none"",""voice_token"":""voice_bf2e2c""}]}"
music_16ca7939696780,"{""events"":[{""duration_tick"":2,""onset_tick"":0,""pitch"":73,""tie"":""none"",""voice_token"":""voice_bf2e2c""},{""duration_tick"":2,""onset_tick"":2,""pitch"":73,""tie"":""none"",""voice_token"":""voice_bf2e2c""},{""duration_tick"":2,""onset_tick"":4,""pitch"":73,""tie"":""none"",""voice_token"":""voice_bf2e2c""},{""duration_tick"":2,""onset_tick"":6,""pitch"":73,""tie"":""none"",""voice_token"":""voice_bf2e2c""},{""duration_tick"":4,""onset_tick"":8,""pitch"":73,""tie"":""none"",""voice_token"":""voice_bf2e2c""},{""duration_tick"":2,""onset_tick"":12,""pitch"":73,""tie"":""none"",""voice_token"":""voice_bf2e2c""}]}"
music_4cddc72614c973,"{""events"":[{""duration_tick"":1,""onset_tick"":0,""pitch"":67,""tie"":""none"",""voice_token"":""voice_e8cd7c""},{""duration_tick"":1,""onset_tick"":1,""pitch"":70,""tie"":""none"",""voice_token"":""voice_e8cd7c""},{""duration_tick"":1,""onset_tick"":2,""pitch"":70,""tie"":""none"",""voice_token"":""voice_e8cd7c""},{""duration_tick"":1,""onset_tick"":3,""pitch"":75,""tie"":""none"",""voice_token"":""voice_e8cd7c""}]}"
music_5fcc2a89b2a871,"{""events"":[{""duration_tick"":4,""onset_tick"":0,""pitch"":76,""tie"":""none"",""voice_token"":""voice_bf2e2c""},{""duration_tick"":2,""onset_tick"":4,""pitch"":78,""tie"":""none"",""voice_token"":""voice_bf2e2c""},{""duration_tick"":12,""onset_tick"":6,""pitch"":76,""tie"":""none"",""voice_token"":""voice_bf2e2c""},{""duration_tick"":6,""onset_tick"":18,""pitch"":76,""tie"":""none"",""voice_token"":""voice_bf2e2c""}]}"
music_5110ccc1824801,"{""events"":[{""duration_tick"":4,""onset_tick"":0,""pitch"":71,""tie"":""none"",""voice_token"":""voice_adeebf""},{""duration_tick"":2,""onset_tick"":4,""pitch"":66,""tie"":""none"",""voice_token"":""voice_adeebf""},{""duration_tick"":2,""onset_tick"":6,""pitch"":68,""tie"":""none"",""voice_token"":""voice_adeebf""},{""duration_tick"":2,""onset_tick"":8,""pitch"":69,""tie"":""none"",""voice_token"":""voice_adeebf""},{""duration_tick"":2,""onset_tick"":10,""pitch"":69,""tie"":""none"",""voice_token"":""voice_adeebf""},{""duration_tick"":4,""onset_tick"":12,""pitch"":69,""tie"":""none"",""voice_token"":""voice_adeebf""}]}"
music_65393bddea90cd,"{""events"":[{""duration_tick"":4,""onset_tick"":0,""pitch"":70,""tie"":""none"",""voice_token"":""voice_bf2e2c""},{""duration_tick"":2,""onset_tick"":4,""pitch"":72,""tie"":""none"",""voice_token"":""voice_bf2e2c""},{""duration_tick"":2,""onset_tick"":6,""pitch"":73,""tie"":""none"",""voice_token"":""voice_bf2e2c""},{""duration_tick"":4,""onset_tick"":8,""pitch"":72,""tie"":""none"",""voice_token"":""voice_bf2e2c""}]}"
music_05264c6f29427a,"{""events"":[{""duration_tick"":4,""onset_tick"":0,""pitch"":66,""tie"":""none"",""voice_token"":""voice_0284f7""},{""duration_tick"":2,""onset_tick"":4,""pitch"":66,""tie"":""none"",""voice_token"":""voice_0284f7""},{""duration_tick"":2,""onset_tick"":6,""pitch"":67,""tie"":""none"",""voice_token"":""voice_0284f7""},{""duration_tick"":2,""onset_tick"":8,""pitch"":67,""tie"":""none"",""voice_token"":""voice_0284f7""},{""duration_tick"":1,""onset_tick"":10,""pitch"":65,""tie"":""none"",""voice_token"":""voice_0284f7""}]}"
music_eb2c4af99ed96f,"{""events"":[{""duration_tick"":12,""onset_tick"":0,""pitch"":62,""tie"":""none"",""voice_token"":""voice_bdd9b1""},{""duration_tick"":4,""onset_tick"":12,""pitch"":62,""tie"":""none"",""voice_token"":""voice_bdd9b1""},{""duration_tick"":8,""onset_tick"":16,""pitch"":60,""tie"":""none"",""voice_token"":""voice_bdd9b1""},{""duration_tick"":4,""onset_tick"":24,""pitch"":59,""tie"":""none"",""voice_token"":""voice_bdd9b1""}]}"
music_3d8ee2d1479875,"{""events"":[{""duration_tick"":2,""onset_tick"":0,""pitch"":63,""tie"":""none"",""voice_token"":""voice_bf2e2c""},{""duration_tick"":2,""onset_tick"":2,""pitch"":67,""tie"":""none"",""voice_token"":""voice_bf2e2c""},{""duration_tick"":2,""onset_tick"":4,""pitch"":67,""tie"":""none"",""voice_token"":""voice_bf2e2c""},{""duration_tick"":2,""onset_tick"":6,""pitch"":67,""tie"":""none"",""voice_token"":""voice_bf2e2c""}]}"
music_7ff401c461268f,"{""events"":[{""duration_tick"":8,""onset_tick"":0,""pitch"":65,""tie"":""none"",""voice_token"":""voice_bf2e2c""},{""duration_tick"":4,""onset_tick"":8,""pitch"":65,""tie"":""none"",""voice_token"":""voice_bf2e2c""},{""duration_tick"":12,""onset_tick"":12,""pitch"":66,""tie"":""none"",""voice_token"":""voice_bf2e2c""},{""duration_tick"":8,""onset_tick"":24,""pitch"":67,""tie"":""none"",""voice_token"":""voice_bf2e2c""},{""duration_tick"":4,""onset_tick"":32,""pitch"":67,""tie"":""none"",""voice_token"":""voice_bf2e2c""}]}"
music_f0a817f748e2b8,"{""events"":[{""duration_tick"":8,""onset_tick"":0,""pitch"":-1,""tie"":""none"",""voice_token"":""voice_381ded""},{""duration_tick"":24,""onset_tick"":8,""pitch"":-1,""tie"":""none"",""voice_token"":""voice_381ded""},{""duration_tick"":24,""onset_tick"":32,""pitch"":-1,""tie"":""none"",""voice_token"":""voice_381ded""},{""duration_tick"":32,""onset_tick"":56,""pitch"":-1,""tie"":""none"",""voice_token"":""voice_381ded""},{""duration_tick"":32,""onset_tick"":88,""pitch"":-1,""tie"":""none"",""voice_token"":""voice_381ded""},{""duration_tick"":32,""onset_tick"":120,""pitch"":-1,""tie"":""none"",""voice_token"":""voice_381ded""},{""duration_tick"":18,""onset_tick"":152,""pitch"":-1,""tie"":""none"",""voice_token"":""voice_381ded""}]}"
music_810ec8b675cc2f,"{""events"":[{""duration_tick"":2,""onset_tick"":0,""pitch"":67,""tie"":""none"",""voice_token"":""voice_adeebf""},{""duration_tick"":2,""onset_tick"":2,""pitch"":69,""tie"":""none"",""voice_token"":""voice_adeebf""},{""duration_tick"":2,""onset_tick"":4,""pitch"":69,""tie"":""none"",""voice_token"":""voice_adeebf""},{""duration_tick"":2,""onset_tick"":6,""pitch"":70,""tie"":""none"",""voice_token"":""voice_adeebf""}]}"
music_0266ebebf86c5e,"{""events"":[{""duration_tick"":4,""onset_tick"":0,""pitch"":75,""tie"":""none"",""voice_token"":""voice_adeebf""},{""duration_tick"":4,""onset_tick"":4,""pitch"":73,""tie"":""none"",""voice_token"":""voice_adeebf""},{""duration_tick"":6,""onset_tick"":8,""pitch"":73,""tie"":""none"",""voice_token"":""voice_adeebf""},{""duration_tick"":2,""onset_tick"":14,""pitch"":71,""tie"":""none"",""voice_token"":""voice_adeebf""},{""duration_tick"":4,""onset_tick"":16,""pitch"":68,""tie"":""none"",""voice_token"":""voice_adeebf""},{""duration_tick"":4,""onset_tick"":20,""pitch"":66,""tie"":""none"",""voice_token"":""voice_adeebf""}]}"
music_cb8d147fb195ae,"{""events"":[{""duration_tick"":8,""onset_tick"":0,""pitch"":76,""tie"":""none"",""voice_token"":""voice_adeebf""},{""duration_tick"":4,""onset_tick"":8,""pitch"":76,""tie"":""none"",""voice_token"":""voice_adeebf""},{""duration_tick"":2,""onset_tick"":12,""pitch"":76,""tie"":""none"",""voice_token"":""voice_adeebf""},{""duration_tick"":2,""onset_tick"":14,""pitch"":74,""tie"":""none"",""voice_token"":""voice_adeebf""},{""duration_tick"":2,""onset_tick"":16,""pitch"":72,""tie"":""none"",""voice_token"":""voice_adeebf""},{""duration_tick"":2,""onset_tick"":18,""pitch"":72,""tie"":""none"",""voice_token"":""voice_adeebf""}]}"
music_1c3cccb5913ffd,"{""events"":[{""duration_tick"":8,""onset_tick"":0,""pitch"":69,""tie"":""none"",""voice_token"":""voice_adeebf""},{""duration_tick"":4,""onset_tick"":8,""pitch"":74,""tie"":""none"",""voice_token"":""voice_adeebf""},{""duration_tick"":4,""onset_tick"":12,""pitch"":74,""tie"":""none"",""voice_token"":""voice_adeebf""},{""duration_tick"":4,""onset_tick"":16,""pitch"":74,""tie"":""none"",""voice_token"":""voice_adeebf""}]}"
music_c7099a0f0ce783,"{""events"":[{""duration_tick"":4,""onset_tick"":0,""pitch"":72,""tie"":""none"",""voice_token"":""voice_c979c0""},{""duration_tick"":1,""onset_tick"":4,""pitch"":69,""tie"":""none"",""voice_token"":""voice_c979c0""},{""duration_tick"":1,""onset_tick"":5,""pitch"":66,""tie"":""none"",""voice_token"":""voice_c979c0""},{""duration_tick"":1,""onset_tick"":6,""pitch"":69,""tie"":""none"",""voice_token"":""voice_c979c0""}]}"
music_f90de8680da067,"{""events"":[{""duration_tick"":2,""onset_tick"":0,""pitch"":71,""tie"":""none"",""voice_token"":""voice_adeebf""},{""duration_tick"":2,""onset_tick"":2,""pitch"":67,""tie"":""none"",""voice_token"":""voice_adeebf""},{""duration_tick"":2,""onset_tick"":4,""pitch"":71,""tie"":""none"",""voice_token"":""voice_adeebf""},{""duration_tick"":2,""onset_tick"":6,""pitch"":71,""tie"":""none"",""voice_token"":""voice_adeebf""},{""duration_tick"":2,""onset_tick"":8,""pitch"":71,""tie"":""none"",""voice_token"":""voice_adeebf""},{""duration_tick"":4,""onset_tick"":10,""pitch"":69,""tie"":""none"",""voice_token"":""voice_adeebf""},{""duration_tick"":6,""onset_tick"":14,""pitch"":69,""tie"":""none"",""voice_token"":""voice_adeebf""}]}"
music_0f4f624482f50d,"{""events"":[{""duration_tick"":2,""onset_tick"":0,""pitch"":51,""tie"":""none"",""voice_token"":""voice_539b94""},{""duration_tick"":1,""onset_tick"":2,""pitch"":51,""tie"":""none"",""voice_token"":""voice_539b94""},{""duration_tick"":1,""onset_tick"":3,""pitch"":53,""tie"":""none"",""voice_token"":""voice_539b94""},{""duration_tick"":3,""onset_tick"":4,""pitch"":51,""tie"":""none"",""voice_token"":""voice_539b94""}]}"
music_9e0ea8911833ac,"{""events"":[{""duration_tick"":4,""onset_tick"":0,""pitch"":69,""tie"":""stop"",""voice_token"":""voice_bf2e2c""},{""duration_tick"":4,""onset_tick"":4,""pitch"":69,""tie"":""none"",""voice_token"":""voice_bf2e2c""},{""duration_tick"":8,""onset_tick"":8,""pitch"":67,""tie"":""none"",""voice_token"":""voice_bf2e2c""},{""duration_tick"":4,""onset_tick"":16,""pitch"":73,""tie"":""none"",""voice_token"":""voice_bf2e2c""},{""duration_tick"":4,""onset_tick"":20,""pitch"":73,""tie"":""none"",""voice_token"":""voice_bf2e2c""},{""duration_tick"":4,""onset_tick"":24,""pitch"":73,""tie"":""none"",""voice_token"":""voice_bf2e2c""},{""duration_tick"":2,""onset_tick"":28,""pitch"":73,""tie"":""none"",""voice_token"":""voice_bf2e2c""}]}"
music_cfbf0f4f4418c1,"{""events"":[{""duration_tick"":4,""onset_tick"":0,""pitch"":63,""tie"":""none"",""voice_token"":""voice_adeebf""},{""duration_tick"":2,""onset_tick"":4,""pitch"":67,""tie"":""none"",""voice_token"":""voice_adeebf""},{""duration_tick"":2,""onset_tick"":6,""pitch"":70,""tie"":""none"",""voice_token"":""voice_adeebf""},{""duration_tick"":2,""onset_tick"":8,""pitch"":69,""tie"":""none"",""voice_token"":""voice_adeebf""}]}"
music_865cd7787ee86f,"{""events"":[{""duration_tick"":1,""onset_tick"":0,""pitch"":65,""tie"":""none"",""voice_token"":""voice_bf2e2c""},{""duration_tick"":1,""onset_tick"":1,""pitch"":63,""tie"":""none"",""voice_token"":""voice_bf2e2c""},{""duration_tick"":4,""onset_tick"":2,""pitch"":68,""tie"":""none"",""voice_token"":""voice_bf2e2c""},{""duration_tick"":4,""onset_tick"":6,""pitch"":78,""tie"":""none"",""voice_token"":""voice_bf2e2c""},{""duration_tick"":3,""onset_tick"":10,""pitch"":77,""tie"":""none"",""voice_token"":""voice_bf2e2c""}]}"
music_1bb4c30ae75b3a,"{""events"":[{""duration_tick"":4,""onset_tick"":0,""pitch"":62,""tie"":""none"",""voice_token"":""voice_adeebf""},{""duration_tick"":2,""onset_tick"":4,""pitch"":67,""tie"":""none"",""voice_token"":""voice_adeebf""},{""duration_tick"":4,""onset_tick"":6,""pitch"":67,""tie"":""none"",""voice_token"":""voice_adeebf""},{""duration_tick"":2,""onset_tick"":10,""pitch"":67,""tie"":""none"",""voice_token"":""voice_adeebf""}]}"
music_0e473f3692ab47,"{""events"":[{""duration_tick"":2,""onset_tick"":0,""pitch"":70,""tie"":""none"",""voice_token"":""voice_0331f8""},{""duration_tick"":4,""onset_tick"":2,""pitch"":67,""tie"":""none"",""voice_token"":""voice_0331f8""},{""duration_tick"":4,""onset_tick"":6,""pitch"":65,""tie"":""none"",""voice_token"":""voice_0331f8""},{""duration_tick"":4,""onset_tick"":10,""pitch"":67,""tie"":""none"",""voice_token"":""voice_0331f8""},{""duration_tick"":4,""onset_tick"":14,""pitch"":69,""tie"":""none"",""voice_token"":""voice_0331f8""},{""duration_tick"":4,""onset_tick"":18,""pitch"":67,""tie"":""none"",""voice_token"":""voice_0331f8""},{""duration_tick"":2,""onset_tick"":22,""pitch"":65,""tie"":""none"",""voice_token"":""voice_0331f8""}]}"
music_8b1db81a3a7361,"{""events"":[{""duration_tick"":4,""onset_tick"":0,""pitch"":-1,""tie"":""none"",""voice_token"":""voice_adeebf""},{""duration_tick"":4,""onset_tick"":4,""pitch"":62,""tie"":""none"",""voice_token"":""voice_adeebf""},{""duration_tick"":4,""onset_tick"":8,""pitch"":64,""tie"":""none"",""voice_token"":""voice_adeebf""},{""duration_tick"":4,""onset_tick"":12,""pitch"":64,""tie"":""none"",""voice_token"":""voice_adeebf""},{""duration_tick"":4,""onset_tick"":16,""pitch"":64,""tie"":""none"",""voice_token"":""voice_adeebf""},{""duration_tick"":4,""onset_tick"":20,""pitch"":64,""tie"":""start"",""voice_token"":""voice_adeebf""}]}"
music_ffc9995b6a5f9c,"{""events"":[{""duration_tick"":2,""onset_tick"":0,""pitch"":63,""tie"":""none"",""voice_token"":""voice_0331f8""},{""duration_tick"":8,""onset_tick"":2,""pitch"":69,""tie"":""none"",""voice_token"":""voice_0331f8""},{""duration_tick"":2,""onset_tick"":10,""pitch"":68,""tie"":""none"",""voice_token"":""voice_0331f8""},{""duration_tick"":2,""onset_tick"":12,""pitch"":63,""tie"":""none"",""voice_token"":""voice_0331f8""},{""duration_tick"":2,""onset_tick"":14,""pitch"":64,""tie"":""none"",""voice_token"":""voice_0331f8""},{""duration_tick"":2,""onset_tick"":16,""pitch"":64,""tie"":""none"",""voice_token"":""voice_0331f8""},{""duration_tick"":2,""onset_tick"":18,""pitch"":64,""tie"":""none"",""voice_token"":""voice_0331f8""}]}"
music_60f692d7df9259,"{""events"":[{""duration_tick"":2,""onset_tick"":0,""pitch"":66,""tie"":""none"",""voice_token"":""voice_8c73be""},{""duration_tick"":6,""onset_tick"":2,""pitch"":66,""tie"":""none"",""voice_token"":""voice_8c73be""},{""duration_tick"":4,""onset_tick"":8,""pitch"":67,""tie"":""none"",""voice_token"":""voice_8c73be""},{""duration_tick"":2,""onset_tick"":12,""pitch"":-1,""tie"":""none"",""voice_token"":""voice_8c73be""},{""duration_tick"":4,""onset_tick"":14,""pitch"":68,""tie"":""none"",""voice_token"":""voice_8c73be""}]}"
music_c34ef6b21b8440,"{""events"":[{""duration_tick"":4,""onset_tick"":0,""pitch"":77,""tie"":""none"",""voice_token"":""voice_0331f8""},{""duration_tick"":4,""onset_tick"":4,""pitch"":77,""tie"":""none"",""voice_token"":""voice_0331f8""},{""duration_tick"":4,""onset_tick"":8,""pitch"":77,""tie"":""none"",""voice_token"":""voice_0331f8""},{""duration_tick"":2,""onset_tick"":12,""pitch"":77,""tie"":""none"",""voice_token"":""voice_0331f8""},{""duration_tick"":2,""onset_tick"":14,""pitch"":77,""tie"":""none"",""voice_token"":""voice_0331f8""}]}"
music_cbc95584ccc8ea,"{""events"":[{""duration_tick"":2,""onset_tick"":0,""pitch"":72,""tie"":""none"",""voice_token"":""voice_adeebf""},{""duration_tick"":2,""onset_tick"":2,""pitch"":71,""tie"":""none"",""voice_token"":""voice_adeebf""},{""duration_tick"":2,""onset_tick"":4,""pitch"":71,""tie"":""none"",""voice_token"":""voice_adeebf""},{""duration_tick"":2,""onset_tick"":6,""pitch"":69,""tie"":""none"",""voice_token"":""voice_adeebf""},{""duration_tick"":4,""onset_tick"":8,""pitch"":66,""tie"":""none"",""voice_token"":""voice_adeebf""},{""duration_tick"":2,""onset_tick"":12,""pitch"":68,""tie"":""none"",""voice_token"":""voice_adeebf""},{""duration_tick"":1,""onset_tick"":14,""pitch"":68,""tie"":""none"",""voice_token"":""voice_adeebf""}]}"
music_003808608a0fe0,"{""events"":[{""duration_tick"":1,""onset_tick"":0,""pitch"":74,""tie"":""none"",""voice_token"":""voice_0284f7""},{""duration_tick"":2,""onset_tick"":1,""pitch"":73,""tie"":""none"",""voice_token"":""voice_0284f7""},{""duration_tick"":2,""onset_tick"":3,""pitch"":69,""tie"":""none"",""voice_token"":""voice_0284f7""},{""duration_tick"":2,""onset_tick"":5,""pitch"":67,""tie"":""none"",""voice_token"":""voice_0284f7""}]}"
music_4d850c749e82be,"{""events"":[{""duration_tick"":8,""onset_tick"":0,""pitch"":69,""tie"":""none"",""voice_token"":""voice_bf2e2c""},{""duration_tick"":4,""onset_tick"":8,""pitch"":77,""tie"":""none"",""voice_token"":""voice_bf2e2c""},{""duration_tick"":2,""onset_tick"":12,""pitch"":77,""tie"":""none"",""voice_token"":""voice_bf2e2c""},{""duration_tick"":2,""onset_tick"":14,""pitch"":76,""tie"":""none"",""voice_token"":""voice_bf2e2c""},{""duration_tick"":2,""onset_tick"":16,""pitch"":76,""tie"":""none"",""voice_token"":""voice_bf2e2c""}]}"
music_67a826039dfaa1,"{""events"":[{""duration_tick"":2,""onset_tick"":0,""pitch"":67,""tie"":""none"",""voice_token"":""voice_adeebf""},{""duration_tick"":2,""onset_tick"":2,""pitch"":68,""tie"":""none"",""voice_token"":""voice_adeebf""},{""duration_tick"":2,""onset_tick"":4,""pitch"":68,""tie"":""none"",""voice_token"":""voice_adeebf""},{""duration_tick"":1,""onset_tick"":6,""pitch"":69,""tie"":""none"",""voice_token"":""voice_adeebf""}]}"
music_2bbc75a10c0882,"{""events"":[{""duration_tick"":2,""onset_tick"":0,""pitch"":68,""tie"":""none"",""voice_token"":""voice_0284f7""},{""duration_tick"":2,""onset_tick"":2,""pitch"":71,""tie"":""none"",""voice_token"":""voice_0284f7""},{""duration_tick"":1,""onset_tick"":4,""pitch"":66,""tie"":""none"",""voice_token"":""voice_0284f7""},{""duration_tick"":1,""onset_tick"":5,""pitch"":71,""tie"":""none"",""voice_token"":""voice_0284f7""},{""duration_tick"":1,""onset_tick"":6,""pitch"":70,""tie"":""none"",""voice_token"":""voice_0284f7""}]}"
music_1d758e6cf224fc,"{""events"":[{""duration_tick"":2,""onset_tick"":0,""pitch"":67,""tie"":""none"",""voice_token"":""voice_bf2e2c""},{""duration_tick"":2,""onset_tick"":2,""pitch"":70,""tie"":""none"",""voice_token"":""voice_bf2e2c""},{""duration_tick"":4,""onset_tick"":4,""pitch"":70,""tie"":""none"",""voice_token"":""voice_bf2e2c""},{""duration_tick"":4,""onset_tick"":8,""pitch"":70,""tie"":""none"",""voice_token"":""voice_bf2e2c""},{""duration_tick"":4,""onset_tick"":12,""pitch"":75,""tie"":""none"",""voice_token"":""voice_bf2e2c""},{""duration_tick"":2,""onset_tick"":16,""pitch"":75,""tie"":""none"",""voice_token"":""voice_bf2e2c""}]}"
music_5374e8dba0f971,"{""events"":[{""duration_tick"":12,""onset_tick"":0,""pitch"":-1,""tie"":""none"",""voice_token"":""voice_58b2be""},{""duration_tick"":6,""onset_tick"":12,""pitch"":71,""tie"":""none"",""voice_token"":""voice_58b2be""},{""duration_tick"":4,""onset_tick"":18,""pitch"":69,""tie"":""none"",""voice_token"":""voice_58b2be""},{""duration_tick"":2,""onset_tick"":22,""pitch"":69,""tie"":""none"",""voice_token"":""voice_58b2be""},{""duration_tick"":6,""onset_tick"":24,""pitch"":68,""tie"":""none"",""voice_token"":""voice_58b2be""},{""duration_tick"":4,""onset_tick"":30,""pitch"":68,""tie"":""none"",""voice_token"":""voice_58b2be""}]}"
music_22b9d63ef42681,"{""events"":[{""duration_tick"":2,""onset_tick"":0,""pitch"":71,""tie"":""none"",""voice_token"":""voice_e8cd7c""},{""duration_tick"":4,""onset_tick"":2,""pitch"":71,""tie"":""none"",""voice_token"":""voice_e8cd7c""},{""duration_tick"":16,""onset_tick"":6,""pitch"":69,""tie"":""none"",""voice_token"":""voice_e8cd7c""},{""duration_tick"":16,""onset_tick"":22,""pitch"":71,""tie"":""none"",""voice_token"":""voice_e8cd7c""},{""duration_tick"":8,""onset_tick"":38,""pitch"":69,""tie"":""none"",""voice_token"":""voice_e8cd7c""},{""duration_tick"":8,""onset_tick"":46,""pitch"":66,""tie"":""none"",""voice_token"":""voice_e8cd7c""}]}"
music_40580eb6cbe49b,"{""events"":[{""duration_tick"":2,""onset_tick"":0,""pitch"":73,""tie"":""none"",""voice_token"":""voice_adeebf""},{""duration_tick"":2,""onset_tick"":2,""pitch"":71,""tie"":""none"",""voice_token"":""voice_adeebf""},{""duration_tick"":2,""onset_tick"":4,""pitch"":69,""tie"":""none"",""voice_token"":""voice_adeebf""},{""duration_tick"":2,""onset_tick"":6,""pitch"":69,""tie"":""none"",""voice_token"":""voice_adeebf""},{""duration_tick"":2,""onset_tick"":8,""pitch"":70,""tie"":""none"",""voice_token"":""voice_adeebf""},{""duration_tick"":2,""onset_tick"":10,""pitch"":70,""tie"":""none"",""voice_token"":""voice_adeebf""}]}"
music_99604f68797630,"{""events"":[{""duration_tick"":4,""onset_tick"":0,""pitch"":-1,""tie"":""none"",""voice_token"":""voice_adeebf""},{""duration_tick"":4,""onset_tick"":4,""pitch"":64,""tie"":""none"",""voice_token"":""voice_adeebf""},{""duration_tick"":8,""onset_tick"":8,""pitch"":66,""tie"":""none"",""voice_token"":""voice_adeebf""},{""duration_tick"":4,""onset_tick"":16,""pitch"":66,""tie"":""none"",""voice_token"":""voice_adeebf""},{""duration_tick"":2,""onset_tick"":20,""pitch"":66,""tie"":""none"",""voice_token"":""voice_adeebf""}]}"
music_3ab034f3528a2b,"{""events"":[{""duration_tick"":4,""onset_tick"":0,""pitch"":65,""tie"":""none"",""voice_token"":""voice_bf2e2c""},{""duration_tick"":2,""onset_tick"":4,""pitch"":77,""tie"":""none"",""voice_token"":""voice_bf2e2c""},{""duration_tick"":2,""onset_tick"":6,""pitch"":76,""tie"":""none"",""voice_token"":""voice_bf2e2c""},{""duration_tick"":2,""onset_tick"":8,""pitch"":76,""tie"":""none"",""voice_token"":""voice_bf2e2c""},{""duration_tick"":2,""onset_tick"":10,""pitch"":74,""tie"":""none"",""voice_token"":""voice_bf2e2c""},{""duration_tick"":2,""onset_tick"":12,""pitch"":74,""tie"":""none"",""voice_token"":""voice_bf2e2c""}]}"
music_5b4cc4cc54a568,"{""events"":[{""duration_tick"":2,""onset_tick"":0,""pitch"":62,""tie"":""none"",""voice_token"":""voice_adeebf""},{""duration_tick"":2,""onset_tick"":2,""pitch"":62,""tie"":""none"",""voice_token"":""voice_adeebf""},{""duration_tick"":2,""onset_tick"":4,""pitch"":62,""tie"":""none"",""voice_token"":""voice_adeebf""},{""duration_tick"":2,""onset_tick"":6,""pitch"":62,""tie"":""none"",""voice_token"":""voice_adeebf""},{""duration_tick"":2,""onset_tick"":8,""pitch"":62,""tie"":""none"",""voice_token"":""voice_adeebf""},{""duration_tick"":1,""onset_tick"":10,""pitch"":62,""tie"":""none"",""voice_token"":""voice_adeebf""}]}"
music_cb4c5fca527310,"{""events"":[{""duration_tick"":2,""onset_tick"":0,""pitch"":67,""tie"":""none"",""voice_token"":""voice_adeebf""},{""duration_tick"":2,""onset_tick"":2,""pitch"":67,""tie"":""none"",""voice_token"":""voice_adeebf""},{""duration_tick"":2,""onset_tick"":4,""pitch"":65,""tie"":""none"",""voice_token"":""voice_adeebf""},{""duration_tick"":2,""onset_tick"":6,""pitch"":65,""tie"":""none"",""voice_token"":""voice_adeebf""},{""duration_tick"":1,""onset_tick"":8,""pitch"":65,""tie"":""none"",""voice_token"":""voice_adeebf""},{""duration_tick"":1,""onset_tick"":9,""pitch"":65,""tie"":""none"",""voice_token"":""voice_adeebf""},{""duration_tick"":2,""onset_tick"":10,""pitch"":65,""tie"":""none"",""voice_token"":""voice_adeebf""}]}"
music_f293d48fb60560,"{""events"":[{""duration_tick"":2,""onset_tick"":0,""pitch"":66,""tie"":""none"",""voice_token"":""voice_adeebf""},{""duration_tick"":2,""onset_tick"":2,""pitch"":67,""tie"":""none"",""voice_token"":""voice_adeebf""},{""duration_tick"":2,""onset_tick"":4,""pitch"":68,""tie"":""none"",""voice_token"":""voice_adeebf""},{""duration_tick"":2,""onset_tick"":6,""pitch"":68,""tie"":""none"",""voice_token"":""voice_adeebf""}]}"
music_78cab7a70178dd,"{""events"":[{""duration_tick"":4,""onset_tick"":0,""pitch"":72,""tie"":""none"",""voice_token"":""voice_adeebf""},{""duration_tick"":4,""onset_tick"":4,""pitch"":69,""tie"":""none"",""voice_token"":""voice_adeebf""},{""duration_tick"":6,""onset_tick"":8,""pitch"":70,""tie"":""none"",""voice_token"":""voice_adeebf""},{""duration_tick"":2,""onset_tick"":14,""pitch"":65,""tie"":""none"",""voice_token"":""voice_adeebf""}]}"
music_01b1445a2dfcb1,"{""events"":[{""duration_tick"":2,""onset_tick"":0,""pitch"":69,""tie"":""none"",""voice_token"":""voice_e8cd7c""},{""duration_tick"":2,""onset_tick"":2,""pitch"":67,""tie"":""none"",""voice_token"":""voice_e8cd7c""},{""duration_tick"":6,""onset_tick"":4,""pitch"":72,""tie"":""none"",""voice_token"":""voice_e8cd7c""},{""duration_tick"":12,""onset_tick"":10,""pitch"":69,""tie"":""none"",""voice_token"":""voice_e8cd7c""},{""duration_tick"":12,""onset_tick"":22,""pitch"":67,""tie"":""none"",""voice_token"":""voice_e8cd7c""},{""duration_tick"":12,""onset_tick"":34,""pitch"":66,""tie"":""none"",""voice_token"":""voice_e8cd7c""},{""duration_tick"":4,""onset_tick"":46,""pitch"":67,""tie"":""none"",""voice_token"":""voice_e8cd7c""}]}"
music_26d9ed4c4d6578,"{""events"":[{""duration_tick"":4,""onset_tick"":0,""pitch"":73,""tie"":""none"",""voice_token"":""voice_adeebf""},{""duration_tick"":4,""onset_tick"":4,""pitch"":72,""tie"":""none"",""voice_token"":""voice_adeebf""},{""duration_tick"":4,""onset_tick"":8,""pitch"":70,""tie"":""none"",""voice_token"":""voice_adeebf""},{""duration_tick"":4,""onset_tick"":12,""pitch"":72,""tie"":""none"",""voice_token"":""voice_adeebf""}]}"
music_c3a7e8bf221cc7,"{""events"":[{""duration_tick"":2,""onset_tick"":0,""pitch"":69,""tie"":""none"",""voice_token"":""voice_adeebf""},{""duration_tick"":2,""onset_tick"":2,""pitch"":64,""tie"":""none"",""voice_token"":""voice_adeebf""},{""duration_tick"":2,""onset_tick"":4,""pitch"":64,""tie"":""none"",""voice_token"":""voice_adeebf""},{""duration_tick"":2,""onset_tick"":6,""pitch"":64,""tie"":""none"",""voice_token"":""voice_adeebf""}]}"
music_9da83a5418337e,"{""events"":[{""duration_tick"":4,""onset_tick"":0,""pitch"":70,""tie"":""none"",""voice_token"":""voice_adeebf""},{""duration_tick"":4,""onset_tick"":4,""pitch"":67,""tie"":""none"",""voice_token"":""voice_adeebf""},{""duration_tick"":4,""onset_tick"":8,""pitch"":69,""tie"":""none"",""voice_token"":""voice_adeebf""},{""duration_tick"":4,""onset_tick"":12,""pitch"":62,""tie"":""none"",""voice_token"":""voice_adeebf""},{""duration_tick"":4,""onset_tick"":16,""pitch"":64,""tie"":""none"",""voice_token"":""voice_adeebf""},{""duration_tick"":4,""onset_tick"":20,""pitch"":64,""tie"":""none"",""voice_token"":""voice_adeebf""},{""duration_tick"":2,""onset_tick"":24,""pitch"":62,""tie"":""none"",""voice_token"":""voice_adeebf""}]}"
music_1315f7b05a94d7,"{""events"":[{""duration_tick"":12,""onset_tick"":0,""pitch"":61,""tie"":""none"",""voice_token"":""voice_bf2e2c""},{""duration_tick"":8,""onset_tick"":12,""pitch"":65,""tie"":""none"",""voice_token"":""voice_bf2e2c""},{""duration_tick"":4,""onset_tick"":20,""pitch"":65,""tie"":""none"",""voice_token"":""voice_bf2e2c""},{""duration_tick"":8,""onset_tick"":24,""pitch"":65,""tie"":""none"",""voice_token"":""voice_bf2e2c""},{""duration_tick"":4,""onset_tick"":32,""pitch"":65,""tie"":""none"",""voice_token"":""voice_bf2e2c""},{""duration_tick"":8,""onset_tick"":36,""pitch"":65,""tie"":""none"",""voice_token"":""voice_bf2e2c""}]}"
music_4042808b8307e9,"{""events"":[{""duration_tick"":2,""onset_tick"":0,""pitch"":72,""tie"":""none"",""voice_token"":""voice_adeebf""},{""duration_tick"":2,""onset_tick"":2,""pitch"":70,""tie"":""none"",""voice_token"":""voice_adeebf""},{""duration_tick"":2,""onset_tick"":4,""pitch"":67,""tie"":""none"",""voice_token"":""voice_adeebf""},{""duration_tick"":2,""onset_tick"":6,""pitch"":69,""tie"":""none"",""voice_token"":""voice_adeebf""}]}"
music_ea6451fea075f9,"{""events"":[{""duration_tick"":4,""onset_tick"":0,""pitch"":60,""tie"":""none"",""voice_token"":""voice_bdd9b1""},{""duration_tick"":4,""onset_tick"":4,""pitch"":59,""tie"":""none"",""voice_token"":""voice_bdd9b1""},{""duration_tick"":4,""onset_tick"":8,""pitch"":59,""tie"":""none"",""voice_token"":""voice_bdd9b1""},{""duration_tick"":8,""onset_tick"":12,""pitch"":64,""tie"":""none"",""voice_token"":""voice_bdd9b1""},{""duration_tick"":4,""onset_tick"":20,""pitch"":62,""tie"":""none"",""voice_token"":""voice_bdd9b1""},{""duration_tick"":4,""onset_tick"":24,""pitch"":62,""tie"":""none"",""voice_token"":""voice_bdd9b1""}]}"
music_21908f21fe23b3,"{""events"":[{""duration_tick"":2,""onset_tick"":0,""pitch"":64,""tie"":""none"",""voice_token"":""voice_adeebf""},{""duration_tick"":2,""onset_tick"":2,""pitch"":73,""tie"":""none"",""voice_token"":""voice_adeebf""},{""duration_tick"":2,""onset_tick"":4,""pitch"":71,""tie"":""none"",""voice_token"":""voice_adeebf""},{""duration_tick"":1,""onset_tick"":6,""pitch"":73,""tie"":""none"",""voice_token"":""voice_adeebf""},{""duration_tick"":1,""onset_tick"":7,""pitch"":71,""tie"":""none"",""voice_token"":""voice_adeebf""},{""duration_tick"":3,""onset_tick"":8,""pitch"":69,""tie"":""none"",""voice_token"":""voice_adeebf""}]}"
music_432b4345d9830a,"{""events"":[{""duration_tick"":4,""onset_tick"":0,""pitch"":72,""tie"":""none"",""voice_token"":""voice_0331f8""},{""duration_tick"":2,""onset_tick"":4,""pitch"":74,""tie"":""none"",""voice_token"":""voice_0331f8""},{""duration_tick"":2,""onset_tick"":6,""pitch"":74,""tie"":""none"",""voice_token"":""voice_0331f8""},{""duration_tick"":2,""onset_tick"":8,""pitch"":73,""tie"":""none"",""voice_token"":""voice_0331f8""}]}"
music_fb7abf1282659b,"{""events"":[{""duration_tick"":1,""onset_tick"":0,""pitch"":64,""tie"":""none"",""voice_token"":""voice_adeebf""},{""duration_tick"":3,""onset_tick"":1,""pitch"":63,""tie"":""none"",""voice_token"":""voice_adeebf""},{""duration_tick"":1,""onset_tick"":4,""pitch"":63,""tie"":""none"",""voice_token"":""voice_adeebf""},{""duration_tick"":4,""onset_tick"":5,""pitch"":66,""tie"":""none"",""voice_token"":""voice_adeebf""}]}"
music_c73495f287c96c,"{""events"":[{""duration_tick"":4,""onset_tick"":0,""pitch"":64,""tie"":""none"",""voice_token"":""voice_adeebf""},{""duration_tick"":4,""onset_tick"":4,""pitch"":62,""tie"":""none"",""voice_token"":""voice_adeebf""},{""duration_tick"":4,""onset_tick"":8,""pitch"":60,""tie"":""none"",""voice_token"":""voice_adeebf""},{""duration_tick"":2,""onset_tick"":12,""pitch"":60,""tie"":""none"",""voice_token"":""voice_adeebf""}]}"
music_cbf024253e0587,"{""events"":[{""duration_tick"":4,""onset_tick"":0,""pitch"":-1,""tie"":""none"",""voice_token"":""voice_bf2e2c""},{""duration_tick"":4,""onset_tick"":4,""pitch"":70,""tie"":""none"",""voice_token"":""voice_bf2e2c""},{""duration_tick"":4,""onset_tick"":8,""pitch"":73,""tie"":""none"",""voice_token"":""voice_bf2e2c""},{""duration_tick"":4,""onset_tick"":12,""pitch"":73,""tie"":""none"",""voice_token"":""voice_bf2e2c""},{""duration_tick"":4,""onset_tick"":16,""pitch"":73,""tie"":""none"",""voice_token"":""voice_bf2e2c""},{""duration_tick"":4,""onset_tick"":20,""pitch"":73,""tie"":""none"",""voice_token"":""voice_bf2e2c""}]}"
music_a25c360a42d297,"{""events"":[{""duration_tick"":1,""onset_tick"":0,""pitch"":72,""tie"":""none"",""voice_token"":""voice_0331f8""},{""duration_tick"":1,""onset_tick"":1,""pitch"":70,""tie"":""none"",""voice_token"":""voice_0331f8""},{""duration_tick"":4,""onset_tick"":2,""pitch"":71,""tie"":""none"",""voice_token"":""voice_0331f8""},{""duration_tick"":4,""onset_tick"":6,""pitch"":71,""tie"":""none"",""voice_token"":""voice_0331f8""}]}"
music_0a8b7d3d927ce6,"{""events"":[{""duration_tick"":2,""onset_tick"":0,""pitch"":67,""tie"":""none"",""voice_token"":""voice_6ba146""},{""duration_tick"":2,""onset_tick"":2,""pitch"":67,""tie"":""none"",""voice_token"":""voice_6ba146""},{""duration_tick"":2,""onset_tick"":4,""pitch"":67,""tie"":""none"",""voice_token"":""voice_6ba146""},{""duration_tick"":4,""onset_tick"":6,""pitch"":64,""tie"":""none"",""voice_token"":""voice_6ba146""},{""duration_tick"":4,""onset_tick"":10,""pitch"":-1,""tie"":""none"",""voice_token"":""voice_6ba146""}]}"
music_f130d8323b3005,"{""events"":[{""duration_tick"":1,""onset_tick"":0,""pitch"":72,""tie"":""none"",""voice_token"":""voice_adeebf""},{""duration_tick"":4,""onset_tick"":1,""pitch"":74,""tie"":""none"",""voice_token"":""voice_adeebf""},{""duration_tick"":4,""onset_tick"":5,""pitch"":74,""tie"":""none"",""voice_token"":""voice_adeebf""},{""duration_tick"":6,""onset_tick"":9,""pitch"":75,""tie"":""none"",""voice_token"":""voice_adeebf""}]}"
music_2bdb041ae3d9f7,"{""events"":[{""duration_tick"":2,""onset_tick"":0,""pitch"":72,""tie"":""none"",""voice_token"":""voice_bf2e2c""},{""duration_tick"":2,""onset_tick"":2,""pitch"":72,""tie"":""none"",""voice_token"":""voice_bf2e2c""},{""duration_tick"":2,""onset_tick"":4,""pitch"":72,""tie"":""none"",""voice_token"":""voice_bf2e2c""},{""duration_tick"":2,""onset_tick"":6,""pitch"":67,""tie"":""none"",""voice_token"":""voice_bf2e2c""},{""duration_tick"":6,""onset_tick"":8,""pitch"":68,""tie"":""none"",""voice_token"":""voice_bf2e2c""}]}"
music_9d5f8760ca4457,"{""events"":[{""duration_tick"":4,""onset_tick"":0,""pitch"":70,""tie"":""none"",""voice_token"":""voice_bf2e2c""},{""duration_tick"":2,""onset_tick"":4,""pitch"":69,""tie"":""none"",""voice_token"":""voice_bf2e2c""},{""duration_tick"":4,""onset_tick"":6,""pitch"":70,""tie"":""none"",""voice_token"":""voice_bf2e2c""},{""duration_tick"":2,""onset_tick"":10,""pitch"":72,""tie"":""none"",""voice_token"":""voice_bf2e2c""},{""duration_tick"":4,""onset_tick"":12,""pitch"":74,""tie"":""none"",""voice_token"":""voice_bf2e2c""},{""duration_tick"":2,""onset_tick"":16,""pitch"":70,""tie"":""none"",""voice_token"":""voice_bf2e2c""},{""duration_tick"":2,""onset_tick"":18,""pitch"":69,""tie"":""none"",""voice_token"":""voice_bf2e2c""}]}"
music_5eaf31a950ddaf,"{""events"":[{""duration_tick"":6,""onset_tick"":0,""pitch"":67,""tie"":""none"",""voice_token"":""voice_adeebf""},{""duration_tick"":2,""onset_tick"":6,""pitch"":67,""tie"":""none"",""voice_token"":""voice_adeebf""},{""duration_tick"":6,""onset_tick"":8,""pitch"":65,""tie"":""none"",""voice_token"":""voice_adeebf""},{""duration_tick"":2,""onset_tick"":14,""pitch"":67,""tie"":""none"",""voice_token"":""voice_adeebf""},{""duration_tick"":4,""onset_tick"":16,""pitch"":69,""tie"":""none"",""voice_token"":""voice_adeebf""}]}"
music_a94ec735792455,"{""events"":[{""duration_tick"":4,""onset_tick"":0,""pitch"":62,""tie"":""none"",""voice_token"":""voice_bf2e2c""},{""duration_tick"":4,""onset_tick"":4,""pitch"":61,""tie"":""none"",""voice_token"":""voice_bf2e2c""},{""duration_tick"":4,""onset_tick"":8,""pitch"":66,""tie"":""none"",""voice_token"":""voice_bf2e2c""},{""duration_tick"":4,""onset_tick"":12,""pitch"":64,""tie"":""none"",""voice_token"":""voice_bf2e2c""},{""duration_tick"":4,""onset_tick"":16,""pitch"":62,""tie"":""none"",""voice_token"":""voice_bf2e2c""}]}"
music_91210d572bce6e,"{""events"":[{""duration_tick"":2,""onset_tick"":0,""pitch"":69,""tie"":""none"",""voice_token"":""voice_adeebf""},{""duration_tick"":2,""onset_tick"":2,""pitch"":69,""tie"":""none"",""voice_token"":""voice_adeebf""},{""duration_tick"":2,""onset_tick"":4,""pitch"":69,""tie"":""none"",""voice_token"":""voice_adeebf""},{""duration_tick"":4,""onset_tick"":6,""pitch"":72,""tie"":""none"",""voice_token"":""voice_adeebf""},{""duration_tick"":2,""onset_tick"":10,""pitch"":67,""tie"":""none"",""voice_token"":""voice_adeebf""}]}"
music_0dfd670b85888d,"{""events"":[{""duration_tick"":2,""onset_tick"":0,""pitch"":76,""tie"":""none"",""voice_token"":""voice_adeebf""},{""duration_tick"":2,""onset_tick"":2,""pitch"":76,""tie"":""none"",""voice_token"":""voice_adeebf""},{""duration_tick"":2,""onset_tick"":4,""pitch"":77,""tie"":""none"",""voice_token"":""voice_adeebf""},{""duration_tick"":1,""onset_tick"":6,""pitch"":76,""tie"":""none"",""voice_token"":""voice_adeebf""},{""duration_tick"":1,""onset_tick"":7,""pitch"":77,""tie"":""none"",""voice_token"":""voice_adeebf""},{""duration_tick"":2,""onset_tick"":8,""pitch"":77,""tie"":""none"",""voice_token"":""voice_adeebf""},{""duration_tick"":2,""onset_tick"":10,""pitch"":77,""tie"":""none"",""voice_token"":""voice_adeebf""}]}"
music_c2ea5d2f0f2146,"{""events"":[{""duration_tick"":1,""onset_tick"":0,""pitch"":72,""tie"":""none"",""voice_token"":""voice_adeebf""},{""duration_tick"":4,""onset_tick"":1,""pitch"":72,""tie"":""none"",""voice_token"":""voice_adeebf""},{""duration_tick"":4,""onset_tick"":5,""pitch"":70,""tie"":""none"",""voice_token"":""voice_adeebf""},{""duration_tick"":3,""onset_tick"":9,""pitch"":70,""tie"":""none"",""voice_token"":""voice_adeebf""},{""duration_tick"":1,""onset_tick"":12,""pitch"":70,""tie"":""none"",""voice_token"":""voice_adeebf""},{""duration_tick"":4,""onset_tick"":13,""pitch"":70,""tie"":""none"",""voice_token"":""voice_adeebf""}]}"
music_e8a49e634d4d19,"{""events"":[{""duration_tick"":3,""onset_tick"":0,""pitch"":72,""tie"":""none"",""voice_token"":""voice_adeebf""},{""duration_tick"":1,""onset_tick"":3,""pitch"":70,""tie"":""none"",""voice_token"":""voice_adeebf""},{""duration_tick"":1,""onset_tick"":4,""pitch"":70,""tie"":""none"",""voice_token"":""voice_adeebf""},{""duration_tick"":1,""onset_tick"":5,""pitch"":69,""tie"":""none"",""voice_token"":""voice_adeebf""}]}"
music_7e85dbf29c2a35,"{""events"":[{""duration_tick"":2,""onset_tick"":0,""pitch"":60,""tie"":""none"",""voice_token"":""voice_0331f8""},{""duration_tick"":1,""onset_tick"":2,""pitch"":65,""tie"":""none"",""voice_token"":""voice_0331f8""},{""duration_tick"":1,""onset_tick"":3,""pitch"":67,""tie"":""none"",""voice_token"":""voice_0331f8""},{""duration_tick"":1,""onset_tick"":4,""pitch"":66,""tie"":""none"",""voice_token"":""voice_0331f8""},{""duration_tick"":1,""onset_tick"":5,""pitch"":66,""tie"":""none"",""voice_token"":""voice_0331f8""},{""duration_tick"":1,""onset_tick"":6,""pitch"":65,""tie"":""none"",""voice_token"":""voice_0331f8""},{""duration_tick"":1,""onset_tick"":7,""pitch"":67,""tie"":""none"",""voice_token"":""voice_0331f8""}]}"
music_83e1cc62dee5bb,"{""events"":[{""duration_tick"":2,""onset_tick"":0,""pitch"":68,""tie"":""none"",""voice_token"":""voice_adeebf""},{""duration_tick"":2,""onset_tick"":2,""pitch"":68,""tie"":""none"",""voice_token"":""voice_adeebf""},{""duration_tick"":2,""onset_tick"":4,""pitch"":66,""tie"":""none"",""voice_token"":""voice_adeebf""},{""duration_tick"":2,""onset_tick"":6,""pitch"":68,""tie"":""none"",""voice_token"":""voice_adeebf""},{""duration_tick"":2,""onset_tick"":8,""pitch"":66,""tie"":""none"",""voice_token"":""voice_adeebf""},{""duration_tick"":2,""onset_tick"":10,""pitch"":65,""tie"":""none"",""voice_token"":""voice_adeebf""}]}"
music_4b6a492f6d42fe,"{""events"":[{""duration_tick"":2,""onset_tick"":0,""pitch"":63,""tie"":""none"",""voice_token"":""voice_adeebf""},{""duration_tick"":4,""onset_tick"":2,""pitch"":64,""tie"":""none"",""voice_token"":""voice_adeebf""},{""duration_tick"":4,""onset_tick"":6,""pitch"":66,""tie"":""none"",""voice_token"":""voice_adeebf""},{""duration_tick"":4,""onset_tick"":10,""pitch"":68,""tie"":""none"",""voice_token"":""voice_adeebf""},{""duration_tick"":4,""onset_tick"":14,""pitch"":68,""tie"":""none"",""voice_token"":""voice_adeebf""},{""duration_tick"":8,""onset_tick"":18,""pitch"":68,""tie"":""none"",""voice_token"":""voice_adeebf""}]}"
music_77a344aa92e682,"{""events"":[{""duration_tick"":2,""onset_tick"":0,""pitch"":68,""tie"":""none"",""voice_token"":""voice_adeebf""},{""duration_tick"":2,""onset_tick"":2,""pitch"":68,""tie"":""none"",""voice_token"":""voice_adeebf""},{""duration_tick"":4,""onset_tick"":4,""pitch"":68,""tie"":""none"",""voice_token"":""voice_adeebf""},{""duration_tick"":2,""onset_tick"":8,""pitch"":73,""tie"":""none"",""voice_token"":""voice_adeebf""}]}"
music_57d395df596dd0,"{""events"":[{""duration_tick"":4,""onset_tick"":0,""pitch"":70,""tie"":""none"",""voice_token"":""voice_adeebf""},{""duration_tick"":2,""onset_tick"":4,""pitch"":70,""tie"":""none"",""voice_token"":""voice_adeebf""},{""duration_tick"":2,""onset_tick"":6,""pitch"":70,""tie"":""none"",""voice_token"":""voice_adeebf""},{""duration_tick"":2,""onset_tick"":8,""pitch"":73,""tie"":""none"",""voice_token"":""voice_adeebf""}]}"
music_568c93240852f3,"{""events"":[{""duration_tick"":2,""onset_tick"":0,""pitch"":65,""tie"":""none"",""voice_token"":""voice_adeebf""},{""duration_tick"":4,""onset_tick"":2,""pitch"":67,""tie"":""none"",""voice_token"":""voice_adeebf""},{""duration_tick"":4,""onset_tick"":6,""pitch"":67,""tie"":""none"",""voice_token"":""voice_adeebf""},{""duration_tick"":2,""onset_tick"":10,""pitch"":68,""tie"":""none"",""voice_token"":""voice_adeebf""},{""duration_tick"":2,""onset_tick"":12,""pitch"":68,""tie"":""none"",""voice_token"":""voice_adeebf""},{""duration_tick"":2,""onset_tick"":14,""pitch"":68,""tie"":""none"",""voice_token"":""voice_adeebf""}]}"
music_70637df2a8a947,"{""events"":[{""duration_tick"":1,""onset_tick"":0,""pitch"":69,""tie"":""none"",""voice_token"":""voice_adeebf""},{""duration_tick"":2,""onset_tick"":1,""pitch"":70,""tie"":""none"",""voice_token"":""voice_adeebf""},{""duration_tick"":12,""onset_tick"":3,""pitch"":72,""tie"":""none"",""voice_token"":""voice_adeebf""},{""duration_tick"":8,""onset_tick"":15,""pitch"":72,""tie"":""none"",""voice_token"":""voice_adeebf""},{""duration_tick"":1,""onset_tick"":23,""pitch"":67,""tie"":""none"",""voice_token"":""voice_adeebf""}]}"
music_9408b04475e2d6,"{""events"":[{""duration_tick"":4,""onset_tick"":0,""pitch"":67,""tie"":""none"",""voice_token"":""voice_bf2e2c""},{""duration_tick"":4,""onset_tick"":4,""pitch"":67,""tie"":""none"",""voice_token"":""voice_bf2e2c""},{""duration_tick"":2,""onset_tick"":8,""pitch"":67,""tie"":""none"",""voice_token"":""voice_bf2e2c""},{""duration_tick"":2,""onset_tick"":10,""pitch"":66,""tie"":""none"",""voice_token"":""voice_bf2e2c""},{""duration_tick"":4,""onset_tick"":12,""pitch"":66,""tie"":""none"",""voice_token"":""voice_bf2e2c""}]}"
music_ec710066d3e4f8,"{""events"":[{""duration_tick"":8,""onset_tick"":0,""pitch"":71,""tie"":""none"",""voice_token"":""voice_e88425""},{""duration_tick"":4,""onset_tick"":8,""pitch"":70,""tie"":""none"",""voice_token"":""voice_e88425""},{""duration_tick"":2,""onset_tick"":12,""pitch"":71,""tie"":""none"",""voice_token"":""voice_e88425""},{""duration_tick"":2,""onset_tick"":14,""pitch"":70,""tie"":""none"",""voice_token"":""voice_e88425""},{""duration_tick"":12,""onset_tick"":16,""pitch"":68,""tie"":""none"",""voice_token"":""voice_e88425""},{""duration_tick"":2,""onset_tick"":28,""pitch"":66,""tie"":""none"",""voice_token"":""voice_e88425""},{""duration_tick"":2,""onset_tick"":30,""pitch"":66,""tie"":""none"",""voice_token"":""voice_e88425""}]}"
music_e43e3d3c9932eb,"{""events"":[{""duration_tick"":4,""onset_tick"":0,""pitch"":72,""tie"":""none"",""voice_token"":""voice_adeebf""},{""duration_tick"":6,""onset_tick"":4,""pitch"":69,""tie"":""none"",""voice_token"":""voice_adeebf""},{""duration_tick"":4,""onset_tick"":10,""pitch"":65,""tie"":""none"",""voice_token"":""voice_adeebf""},{""duration_tick"":2,""onset_tick"":14,""pitch"":65,""tie"":""none"",""voice_token"":""voice_adeebf""},{""duration_tick"":4,""onset_tick"":16,""pitch"":66,""tie"":""none"",""voice_token"":""voice_adeebf""}]}"
music_ded5f7032d531d,"{""events"":[{""duration_tick"":4,""onset_tick"":0,""pitch"":61,""tie"":""none"",""voice_token"":""voice_385a97""},{""duration_tick"":8,""onset_tick"":4,""pitch"":61,""tie"":""none"",""voice_token"":""voice_385a97""},{""duration_tick"":4,""onset_tick"":12,""pitch"":-1,""tie"":""none"",""voice_token"":""voice_385a97""},{""duration_tick"":8,""onset_tick"":16,""pitch"":-1,""tie"":""none"",""voice_token"":""voice_385a97""},{""duration_tick"":16,""onset_tick"":24,""pitch"":-1,""tie"":""none"",""voice_token"":""voice_385a97""},{""duration_tick"":16,""onset_tick"":40,""pitch"":-1,""tie"":""none"",""voice_token"":""voice_385a97""}]}"
music_8363a7fb1e5868,"{""events"":[{""duration_tick"":2,""onset_tick"":0,""pitch"":-1,""tie"":""none"",""voice_token"":""voice_bf2e2c""},{""duration_tick"":4,""onset_tick"":2,""pitch"":-1,""tie"":""none"",""voice_token"":""voice_bf2e2c""},{""duration_tick"":4,""onset_tick"":6,""pitch"":-1,""tie"":""none"",""voice_token"":""voice_bf2e2c""},{""duration_tick"":4,""onset_tick"":10,""pitch"":-1,""tie"":""none"",""voice_token"":""voice_bf2e2c""},{""duration_tick"":4,""onset_tick"":14,""pitch"":-1,""tie"":""none"",""voice_token"":""voice_bf2e2c""},{""duration_tick"":4,""onset_tick"":18,""pitch"":72,""tie"":""none"",""voice_token"":""voice_bf2e2c""},{""duration_tick"":4,""onset_tick"":22,""pitch"":72,""tie"":""none"",""voice_token"":""voice_bf2e2c""}]}"
music_a3c1673af564d9,"{""events"":[{""duration_tick"":1,""onset_tick"":0,""pitch"":73,""tie"":""none"",""voice_token"":""voice_bf2e2c""},{""duration_tick"":1,""onset_tick"":1,""pitch"":73,""tie"":""none"",""voice_token"":""voice_bf2e2c""},{""duration_tick"":1,""onset_tick"":2,""pitch"":68,""tie"":""none"",""voice_token"":""voice_bf2e2c""},{""duration_tick"":1,""onset_tick"":3,""pitch"":68,""tie"":""none"",""voice_token"":""voice_bf2e2c""},{""duration_tick"":1,""onset_tick"":4,""pitch"":68,""tie"":""none"",""voice_token"":""voice_bf2e2c""},{""duration_tick"":1,""onset_tick"":5,""pitch"":69,""tie"":""none"",""voice_token"":""voice_bf2e2c""}]}"
music_ed80b6848b173f,"{""events"":[{""duration_tick"":2,""onset_tick"":0,""pitch"":71,""tie"":""stop"",""voice_token"":""voice_0331f8""},{""duration_tick"":2,""onset_tick"":2,""pitch"":68,""tie"":""none"",""voice_token"":""voice_0331f8""},{""duration_tick"":2,""onset_tick"":4,""pitch"":68,""tie"":""none"",""voice_token"":""voice_0331f8""},{""duration_tick"":2,""onset_tick"":6,""pitch"":64,""tie"":""none"",""voice_token"":""voice_0331f8""}]}"
music_c91668ae00ac12,"{""events"":[{""duration_tick"":2,""onset_tick"":0,""pitch"":49,""tie"":""none"",""voice_token"":""voice_e41d18""},{""duration_tick"":2,""onset_tick"":2,""pitch"":52,""tie"":""none"",""voice_token"":""voice_e41d18""},{""duration_tick"":2,""onset_tick"":4,""pitch"":52,""tie"":""none"",""voice_token"":""voice_e41d18""},{""duration_tick"":2,""onset_tick"":6,""pitch"":49,""tie"":""none"",""voice_token"":""voice_e41d18""},{""duration_tick"":2,""onset_tick"":8,""pitch"":53,""tie"":""none"",""voice_token"":""voice_e41d18""},{""duration_tick"":2,""onset_tick"":10,""pitch"":58,""tie"":""none"",""voice_token"":""voice_e41d18""}]}"
music_963d2306140ba1,"{""events"":[{""duration_tick"":4,""onset_tick"":0,""pitch"":69,""tie"":""none"",""voice_token"":""voice_adeebf""},{""duration_tick"":4,""onset_tick"":4,""pitch"":71,""tie"":""none"",""voice_token"":""voice_adeebf""},{""duration_tick"":12,""onset_tick"":8,""pitch"":64,""tie"":""none"",""voice_token"":""voice_adeebf""},{""duration_tick"":4,""onset_tick"":20,""pitch"":64,""tie"":""none"",""voice_token"":""voice_adeebf""}]}"
music_2200c3d80c2e0e,"{""events"":[{""duration_tick"":12,""onset_tick"":0,""pitch"":68,""tie"":""none"",""voice_token"":""voice_bf2e2c""},{""duration_tick"":12,""onset_tick"":12,""pitch"":68,""tie"":""none"",""voice_token"":""voice_bf2e2c""},{""duration_tick"":4,""onset_tick"":24,""pitch"":71,""tie"":""none"",""voice_token"":""voice_bf2e2c""},{""duration_tick"":4,""onset_tick"":28,""pitch"":73,""tie"":""none"",""voice_token"":""voice_bf2e2c""}]}"
music_9dca4c09ed99f7,"{""events"":[{""duration_tick"":2,""onset_tick"":0,""pitch"":74,""tie"":""none"",""voice_token"":""voice_58b2be""},{""duration_tick"":6,""onset_tick"":2,""pitch"":77,""tie"":""none"",""voice_token"":""voice_58b2be""},{""duration_tick"":4,""onset_tick"":8,""pitch"":70,""tie"":""none"",""voice_token"":""voice_58b2be""},{""duration_tick"":2,""onset_tick"":12,""pitch"":68,""tie"":""none"",""voice_token"":""voice_58b2be""},{""duration_tick"":2,""onset_tick"":14,""pitch"":70,""tie"":""start"",""voice_token"":""voice_58b2be""}]}"
music_148a22c638c2c9,"{""events"":[{""duration_tick"":2,""onset_tick"":0,""pitch"":64,""tie"":""none"",""voice_token"":""voice_adeebf""},{""duration_tick"":6,""onset_tick"":2,""pitch"":65,""tie"":""none"",""voice_token"":""voice_adeebf""},{""duration_tick"":4,""onset_tick"":8,""pitch"":65,""tie"":""none"",""voice_token"":""voice_adeebf""},{""duration_tick"":2,""onset_tick"":12,""pitch"":67,""tie"":""none"",""voice_token"":""voice_adeebf""},{""duration_tick"":6,""onset_tick"":14,""pitch"":68,""tie"":""none"",""voice_token"":""voice_adeebf""},{""duration_tick"":4,""onset_tick"":20,""pitch"":70,""tie"":""none"",""voice_token"":""voice_adeebf""}]}"
music_b1cf00195e43c0,"{""events"":[{""duration_tick"":4,""onset_tick"":0,""pitch"":64,""tie"":""none"",""voice_token"":""voice_adeebf""},{""duration_tick"":3,""onset_tick"":4,""pitch"":62,""tie"":""none"",""voice_token"":""voice_adeebf""},{""duration_tick"":1,""onset_tick"":7,""pitch"":62,""tie"":""none"",""voice_token"":""voice_adeebf""},{""duration_tick"":4,""onset_tick"":8,""pitch"":66,""tie"":""none"",""voice_token"":""voice_adeebf""},{""duration_tick"":4,""onset_tick"":12,""pitch"":66,""tie"":""none"",""voice_token"":""voice_adeebf""}]}"
music_105cf995b42c41,"{""events"":[{""duration_tick"":4,""onset_tick"":0,""pitch"":-1,""tie"":""none"",""voice_token"":""voice_adeebf""},{""duration_tick"":4,""onset_tick"":4,""pitch"":71,""tie"":""none"",""voice_token"":""voice_adeebf""},{""duration_tick"":4,""onset_tick"":8,""pitch"":71,""tie"":""none"",""voice_token"":""voice_adeebf""},{""duration_tick"":4,""onset_tick"":12,""pitch"":71,""tie"":""none"",""voice_token"":""voice_adeebf""},{""duration_tick"":4,""onset_tick"":16,""pitch"":71,""tie"":""none"",""voice_token"":""voice_adeebf""}]}"
music_6e393f8a0d8ac1,"{""events"":[{""duration_tick"":3,""onset_tick"":0,""pitch"":66,""tie"":""none"",""voice_token"":""voice_adeebf""},{""duration_tick"":3,""onset_tick"":3,""pitch"":66,""tie"":""none"",""voice_token"":""voice_adeebf""},{""duration_tick"":1,""onset_tick"":6,""pitch"":68,""tie"":""none"",""voice_token"":""voice_adeebf""},{""duration_tick"":1,""onset_tick"":7,""pitch"":66,""tie"":""none"",""voice_token"":""voice_adeebf""}]}"
music_55a8fbcb659f38,"{""events"":[{""duration_tick"":4,""onset_tick"":0,""pitch"":69,""tie"":""none"",""voice_token"":""voice_bf2e2c""},{""duration_tick"":4,""onset_tick"":4,""pitch"":69,""tie"":""none"",""voice_token"":""voice_bf2e2c""},{""duration_tick"":4,""onset_tick"":8,""pitch"":67,""tie"":""none"",""voice_token"":""voice_bf2e2c""},{""duration_tick"":4,""onset_tick"":12,""pitch"":72,""tie"":""none"",""voice_token"":""voice_bf2e2c""},{""duration_tick"":4,""onset_tick"":16,""pitch"":71,""tie"":""none"",""voice_token"":""voice_bf2e2c""},{""duration_tick"":4,""onset_tick"":20,""pitch"":72,""tie"":""none"",""voice_token"":""voice_bf2e2c""},{""duration_tick"":16,""onset_tick"":24,""pitch"":-1,""tie"":""none"",""voice_token"":""voice_bf2e2c""}]}"
music_6c8a25d9eff621,"{""events"":[{""duration_tick"":1,""onset_tick"":0,""pitch"":69,""tie"":""none"",""voice_token"":""voice_bf2e2c""},{""duration_tick"":4,""onset_tick"":1,""pitch"":69,""tie"":""none"",""voice_token"":""voice_bf2e2c""},{""duration_tick"":4,""onset_tick"":5,""pitch"":69,""tie"":""none"",""voice_token"":""voice_bf2e2c""},{""duration_tick"":2,""onset_tick"":9,""pitch"":69,""tie"":""none"",""voice_token"":""voice_bf2e2c""}]}"
music_68c240bd27a127,"{""events"":[{""duration_tick"":2,""onset_tick"":0,""pitch"":75,""tie"":""none"",""voice_token"":""voice_bf2e2c""},{""duration_tick"":4,""onset_tick"":2,""pitch"":75,""tie"":""none"",""voice_token"":""voice_bf2e2c""},{""duration_tick"":4,""onset_tick"":6,""pitch"":70,""tie"":""none"",""voice_token"":""voice_bf2e2c""},{""duration_tick"":2,""onset_tick"":10,""pitch"":68,""tie"":""none"",""voice_token"":""voice_bf2e2c""},{""duration_tick"":2,""onset_tick"":12,""pitch"":70,""tie"":""none"",""voice_token"":""voice_bf2e2c""},{""duration_tick"":2,""onset_tick"":14,""pitch"":70,""tie"":""none"",""voice_token"":""voice_bf2e2c""},{""duration_tick"":2,""onset_tick"":16,""pitch"":-1,""tie"":""none"",""voice_token"":""voice_bf2e2c""}]}"
music_7d1f8c94a1fd57,"{""events"":[{""duration_tick"":2,""onset_tick"":0,""pitch"":61,""tie"":""none"",""voice_token"":""voice_0c5784""},{""duration_tick"":2,""onset_tick"":2,""pitch"":61,""tie"":""none"",""voice_token"":""voice_0c5784""},{""duration_tick"":2,""onset_tick"":4,""pitch"":49,""tie"":""none"",""voice_token"":""voice_0c5784""},{""duration_tick"":2,""onset_tick"":6,""pitch"":51,""tie"":""none"",""voice_token"":""voice_0c5784""},{""duration_tick"":2,""onset_tick"":8,""pitch"":49,""tie"":""none"",""voice_token"":""voice_0c5784""},{""duration_tick"":2,""onset_tick"":10,""pitch"":49,""tie"":""none"",""voice_token"":""voice_0c5784""}]}"
music_be311ea13e3f79,"{""events"":[{""duration_tick"":2,""onset_tick"":0,""pitch"":72,""tie"":""none"",""voice_token"":""voice_0284f7""},{""duration_tick"":4,""onset_tick"":2,""pitch"":72,""tie"":""none"",""voice_token"":""voice_0284f7""},{""duration_tick"":2,""onset_tick"":6,""pitch"":71,""tie"":""none"",""voice_token"":""voice_0284f7""},{""duration_tick"":2,""onset_tick"":8,""pitch"":71,""tie"":""none"",""voice_token"":""voice_0284f7""}]}"
music_af60de7a1d0d2b,"{""events"":[{""duration_tick"":2,""onset_tick"":0,""pitch"":72,""tie"":""none"",""voice_token"":""voice_0284f7""},{""duration_tick"":2,""onset_tick"":2,""pitch"":70,""tie"":""none"",""voice_token"":""voice_0284f7""},{""duration_tick"":2,""onset_tick"":4,""pitch"":70,""tie"":""none"",""voice_token"":""voice_0284f7""},{""duration_tick"":2,""onset_tick"":6,""pitch"":70,""tie"":""none"",""voice_token"":""voice_0284f7""},{""duration_tick"":2,""onset_tick"":8,""pitch"":70,""tie"":""none"",""voice_token"":""voice_0284f7""},{""duration_tick"":4,""onset_tick"":10,""pitch"":70,""tie"":""none"",""voice_token"":""voice_0284f7""},{""duration_tick"":2,""onset_tick"":14,""pitch"":69,""tie"":""none"",""voice_token"":""voice_0284f7""}]}"
music_0600cd52f58f29,"{""events"":[{""duration_tick"":4,""onset_tick"":0,""pitch"":70,""tie"":""none"",""voice_token"":""voice_bf2e2c""},{""duration_tick"":4,""onset_tick"":4,""pitch"":70,""tie"":""none"",""voice_token"":""voice_bf2e2c""},{""duration_tick"":4,""onset_tick"":8,""pitch"":70,""tie"":""none"",""voice_token"":""voice_bf2e2c""},{""duration_tick"":4,""onset_tick"":12,""pitch"":70,""tie"":""none"",""voice_token"":""voice_bf2e2c""}]}"
music_27820f04683815,"{""events"":[{""duration_tick"":2,""onset_tick"":0,""pitch"":-1,""tie"":""none"",""voice_token"":""voice_adeebf""},{""duration_tick"":4,""onset_tick"":2,""pitch"":67,""tie"":""none"",""voice_token"":""voice_adeebf""},{""duration_tick"":2,""onset_tick"":6,""pitch"":67,""tie"":""none"",""voice_token"":""voice_adeebf""},{""duration_tick"":4,""onset_tick"":8,""pitch"":67,""tie"":""none"",""voice_token"":""voice_adeebf""},{""duration_tick"":2,""onset_tick"":12,""pitch"":67,""tie"":""none"",""voice_token"":""voice_adeebf""},{""duration_tick"":2,""onset_tick"":14,""pitch"":66,""tie"":""none"",""voice_token"":""voice_adeebf""}]}"
music_5a9d16c9f89c84,"{""events"":[{""duration_tick"":1,""onset_tick"":0,""pitch"":62,""tie"":""none"",""voice_token"":""voice_adeebf""},{""duration_tick"":2,""onset_tick"":1,""pitch"":62,""tie"":""none"",""voice_token"":""voice_adeebf""},{""duration_tick"":1,""onset_tick"":3,""pitch"":63,""tie"":""none"",""voice_token"":""voice_adeebf""},{""duration_tick"":1,""onset_tick"":4,""pitch"":64,""tie"":""none"",""voice_token"":""voice_adeebf""}]}"
music_2816f97c79946f,"{""events"":[{""duration_tick"":2,""onset_tick"":0,""pitch"":72,""tie"":""none"",""voice_token"":""voice_0331f8""},{""duration_tick"":2,""onset_tick"":2,""pitch"":72,""tie"":""none"",""voice_token"":""voice_0331f8""},{""duration_tick"":2,""onset_tick"":4,""pitch"":74,""tie"":""none"",""voice_token"":""voice_0331f8""},{""duration_tick"":2,""onset_tick"":6,""pitch"":74,""tie"":""none"",""voice_token"":""voice_0331f8""},{""duration_tick"":4,""onset_tick"":8,""pitch"":76,""tie"":""none"",""voice_token"":""voice_0331f8""},{""duration_tick"":4,""onset_tick"":12,""pitch"":-1,""tie"":""none"",""voice_token"":""voice_0331f8""},{""duration_tick"":2,""onset_tick"":16,""pitch"":-1,""tie"":""none"",""voice_token"":""voice_0331f8""}]}"
music_fc6a771acc2ffa,"{""events"":[{""duration_tick"":2,""onset_tick"":0,""pitch"":70,""tie"":""none"",""voice_token"":""voice_bf2e2c""},{""duration_tick"":2,""onset_tick"":2,""pitch"":70,""tie"":""none"",""voice_token"":""voice_bf2e2c""},{""duration_tick"":2,""onset_tick"":4,""pitch"":73,""tie"":""none"",""voice_token"":""voice_bf2e2c""},{""duration_tick"":2,""onset_tick"":6,""pitch"":73,""tie"":""none"",""voice_token"":""voice_bf2e2c""}]}"
music_69b00dadc09431,"{""events"":[{""duration_tick"":2,""onset_tick"":0,""pitch"":69,""tie"":""none"",""voice_token"":""voice_0284f7""},{""duration_tick"":4,""onset_tick"":2,""pitch"":73,""tie"":""none"",""voice_token"":""voice_0284f7""},{""duration_tick"":2,""onset_tick"":6,""pitch"":73,""tie"":""none"",""voice_token"":""voice_0284f7""},{""duration_tick"":2,""onset_tick"":8,""pitch"":73,""tie"":""none"",""voice_token"":""voice_0284f7""},{""duration_tick"":1,""onset_tick"":10,""pitch"":73,""tie"":""none"",""voice_token"":""voice_0284f7""},{""duration_tick"":1,""onset_tick"":11,""pitch"":71,""tie"":""none"",""voice_token"":""voice_0284f7""}]}"
music_ce2f99b448e3be,"{""events"":[{""duration_tick"":8,""onset_tick"":0,""pitch"":67,""tie"":""none"",""voice_token"":""voice_bf2e2c""},{""duration_tick"":6,""onset_tick"":8,""pitch"":65,""tie"":""none"",""voice_token"":""voice_bf2e2c""},{""duration_tick"":6,""onset_tick"":14,""pitch"":65,""tie"":""none"",""voice_token"":""voice_bf2e2c""},{""duration_tick"":6,""onset_tick"":20,""pitch"":71,""tie"":""none"",""voice_token"":""voice_bf2e2c""},{""duration_tick"":2,""onset_tick"":26,""pitch"":72,""tie"":""none"",""voice_token"":""voice_bf2e2c""},{""duration_tick"":2,""onset_tick"":28,""pitch"":72,""tie"":""none"",""voice_token"":""voice_bf2e2c""},{""duration_tick"":2,""onset_tick"":30,""pitch"":72,""tie"":""none"",""voice_token"":""voice_bf2e2c""}]}"
music_094f146ec7a817,"{""events"":[{""duration_tick"":1,""onset_tick"":0,""pitch"":74,""tie"":""none"",""voice_token"":""voice_e8cd7c""},{""duration_tick"":1,""onset_tick"":1,""pitch"":70,""tie"":""none"",""voice_token"":""voice_e8cd7c""},{""duration_tick"":1,""onset_tick"":2,""pitch"":70,""tie"":""none"",""voice_token"":""voice_e8cd7c""},{""duration_tick"":1,""onset_tick"":3,""pitch"":70,""tie"":""none"",""voice_token"":""voice_e8cd7c""},{""duration_tick"":1,""onset_tick"":4,""pitch"":70,""tie"":""none"",""voice_token"":""voice_e8cd7c""}]}"
music_07f00bb0742ead,"{""events"":[{""duration_tick"":4,""onset_tick"":0,""pitch"":76,""tie"":""none"",""voice_token"":""voice_adeebf""},{""duration_tick"":2,""onset_tick"":4,""pitch"":74,""tie"":""none"",""voice_token"":""voice_adeebf""},{""duration_tick"":2,""onset_tick"":6,""pitch"":74,""tie"":""none"",""voice_token"":""voice_adeebf""},{""duration_tick"":2,""onset_tick"":8,""pitch"":72,""tie"":""none"",""voice_token"":""voice_adeebf""},{""duration_tick"":2,""onset_tick"":10,""pitch"":70,""tie"":""none"",""voice_token"":""voice_adeebf""},{""duration_tick"":2,""onset_tick"":12,""pitch"":69,""tie"":""none"",""voice_token"":""voice_adeebf""},{""duration_tick"":2,""onset_tick"":14,""pitch"":70,""tie"":""none"",""voice_token"":""voice_adeebf""}]}"
music_c84cfd3d8797a7,"{""events"":[{""duration_tick"":2,""onset_tick"":0,""pitch"":75,""tie"":""none"",""voice_token"":""voice_adeebf""},{""duration_tick"":2,""onset_tick"":2,""pitch"":75,""tie"":""none"",""voice_token"":""voice_adeebf""},{""duration_tick"":4,""onset_tick"":4,""pitch"":76,""tie"":""none"",""voice_token"":""voice_adeebf""},{""duration_tick"":1,""onset_tick"":8,""pitch"":72,""tie"":""none"",""voice_token"":""voice_adeebf""}]}"
music_2bdf99dbc4c782,"{""events"":[{""duration_tick"":4,""onset_tick"":0,""pitch"":69,""tie"":""none"",""voice_token"":""voice_bf2e2c""},{""duration_tick"":4,""onset_tick"":4,""pitch"":67,""tie"":""none"",""voice_token"":""voice_bf2e2c""},{""duration_tick"":4,""onset_tick"":8,""pitch"":69,""tie"":""none"",""voice_token"":""voice_bf2e2c""},{""duration_tick"":4,""onset_tick"":12,""pitch"":77,""tie"":""none"",""voice_token"":""voice_bf2e2c""}]}"
music_5440fe71dd26bd,"{""events"":[{""duration_tick"":2,""onset_tick"":0,""pitch"":70,""tie"":""none"",""voice_token"":""voice_adeebf""},{""duration_tick"":2,""onset_tick"":2,""pitch"":69,""tie"":""none"",""voice_token"":""voice_adeebf""},{""duration_tick"":2,""onset_tick"":4,""pitch"":70,""tie"":""none"",""voice_token"":""voice_adeebf""},{""duration_tick"":2,""onset_tick"":6,""pitch"":72,""tie"":""none"",""voice_token"":""voice_adeebf""}]}"
music_991e90831276c1,"{""events"":[{""duration_tick"":2,""onset_tick"":0,""pitch"":74,""tie"":""none"",""voice_token"":""voice_bf2e2c""},{""duration_tick"":1,""onset_tick"":2,""pitch"":73,""tie"":""none"",""voice_token"":""voice_bf2e2c""},{""duration_tick"":1,""onset_tick"":3,""pitch"":69,""tie"":""none"",""voice_token"":""voice_bf2e2c""},{""duration_tick"":2,""onset_tick"":4,""pitch"":66,""tie"":""none"",""voice_token"":""voice_bf2e2c""},{""duration_tick"":2,""onset_tick"":6,""pitch"":64,""tie"":""none"",""voice_token"":""voice_bf2e2c""},{""duration_tick"":2,""onset_tick"":8,""pitch"":69,""tie"":""none"",""voice_token"":""voice_bf2e2c""},{""duration_tick"":2,""onset_tick"":10,""pitch"":66,""tie"":""none"",""voice_token"":""voice_bf2e2c""}]}"
music_cfda3a9eae9e21,"{""events"":[{""duration_tick"":12,""onset_tick"":0,""pitch"":62,""tie"":""none"",""voice_token"":""voice_018cca""},{""duration_tick"":12,""onset_tick"":12,""pitch"":62,""tie"":""none"",""voice_token"":""voice_018cca""},{""duration_tick"":12,""onset_tick"":24,""pitch"":62,""tie"":""none"",""voice_token"":""voice_018cca""},{""duration_tick"":8,""onset_tick"":36,""pitch"":62,""tie"":""none"",""voice_token"":""voice_018cca""},{""duration_tick"":16,""onset_tick"":44,""pitch"":62,""tie"":""none"",""voice_token"":""voice_018cca""},{""duration_tick"":16,""onset_tick"":60,""pitch"":63,""tie"":""none"",""voice_token"":""voice_018cca""},{""duration_tick"":16,""onset_tick"":76,""pitch"":63,""tie"":""none"",""voice_token"":""voice_018cca""}]}"
music_7586800999aa26,"{""events"":[{""duration_tick"":4,""onset_tick"":0,""pitch"":73,""tie"":""none"",""voice_token"":""voice_0284f7""},{""duration_tick"":4,""onset_tick"":4,""pitch"":69,""tie"":""none"",""voice_token"":""voice_0284f7""},{""duration_tick"":3,""onset_tick"":8,""pitch"":69,""tie"":""none"",""voice_token"":""voice_0284f7""},{""duration_tick"":1,""onset_tick"":11,""pitch"":64,""tie"":""none"",""voice_token"":""voice_0284f7""},{""duration_tick"":4,""onset_tick"":12,""pitch"":66,""tie"":""none"",""voice_token"":""voice_0284f7""},{""duration_tick"":4,""onset_tick"":16,""pitch"":66,""tie"":""none"",""voice_token"":""voice_0284f7""},{""duration_tick"":4,""onset_tick"":20,""pitch"":-1,""tie"":""none"",""voice_token"":""voice_0284f7""}]}"
music_f9dd9136702ed5,"{""events"":[{""duration_tick"":4,""onset_tick"":0,""pitch"":72,""tie"":""none"",""voice_token"":""voice_0284f7""},{""duration_tick"":8,""onset_tick"":4,""pitch"":69,""tie"":""none"",""voice_token"":""voice_0284f7""},{""duration_tick"":4,""onset_tick"":12,""pitch"":69,""tie"":""none"",""voice_token"":""voice_0284f7""},{""duration_tick"":2,""onset_tick"":16,""pitch"":67,""tie"":""none"",""voice_token"":""voice_0284f7""}]}"
music_aae4fce96eec7b,"{""events"":[{""duration_tick"":1,""onset_tick"":0,""pitch"":71,""tie"":""none"",""voice_token"":""voice_adeebf""},{""duration_tick"":2,""onset_tick"":1,""pitch"":74,""tie"":""none"",""voice_token"":""voice_adeebf""},{""duration_tick"":4,""onset_tick"":3,""pitch"":70,""tie"":""none"",""voice_token"":""voice_adeebf""},{""duration_tick"":2,""onset_tick"":7,""pitch"":71,""tie"":""none"",""voice_token"":""voice_adeebf""},{""duration_tick"":2,""onset_tick"":9,""pitch"":75,""tie"":""none"",""voice_token"":""voice_adeebf""},{""duration_tick"":1,""onset_tick"":11,""pitch"":76,""tie"":""none"",""voice_token"":""voice_adeebf""}]}"
music_98c9ee71b22fce,"{""events"":[{""duration_tick"":4,""onset_tick"":0,""pitch"":72,""tie"":""none"",""voice_token"":""voice_adeebf""},{""duration_tick"":4,""onset_tick"":4,""pitch"":70,""tie"":""none"",""voice_token"":""voice_adeebf""},{""duration_tick"":2,""onset_tick"":8,""pitch"":70,""tie"":""none"",""voice_token"":""voice_adeebf""},{""duration_tick"":2,""onset_tick"":10,""pitch"":70,""tie"":""none"",""voice_token"":""voice_adeebf""}]}"
music_61d3ebea809a3e,"{""events"":[{""duration_tick"":4,""onset_tick"":0,""pitch"":66,""tie"":""none"",""voice_token"":""voice_adeebf""},{""duration_tick"":2,""onset_tick"":4,""pitch"":66,""tie"":""none"",""voice_token"":""voice_adeebf""},{""duration_tick"":6,""onset_tick"":6,""pitch"":65,""tie"":""none"",""voice_token"":""voice_adeebf""},{""duration_tick"":6,""onset_tick"":12,""pitch"":65,""tie"":""none"",""voice_token"":""voice_adeebf""},{""duration_tick"":6,""onset_tick"":18,""pitch"":70,""tie"":""none"",""voice_token"":""voice_adeebf""}]}"
music_7c00f366d01543,"{""events"":[{""duration_tick"":2,""onset_tick"":0,""pitch"":70,""tie"":""none"",""voice_token"":""voice_bf2e2c""},{""duration_tick"":4,""onset_tick"":2,""pitch"":68,""tie"":""none"",""voice_token"":""voice_bf2e2c""},{""duration_tick"":1,""onset_tick"":6,""pitch"":72,""tie"":""none"",""voice_token"":""voice_bf2e2c""},{""duration_tick"":1,""onset_tick"":7,""pitch"":68,""tie"":""none"",""voice_token"":""voice_bf2e2c""},{""duration_tick"":2,""onset_tick"":8,""pitch"":68,""tie"":""none"",""voice_token"":""voice_bf2e2c""},{""duration_tick"":2,""onset_tick"":10,""pitch"":67,""tie"":""none"",""voice_token"":""voice_bf2e2c""}]}"
music_cc013153851e99,"{""events"":[{""duration_tick"":2,""onset_tick"":0,""pitch"":73,""tie"":""none"",""voice_token"":""voice_bf2e2c""},{""duration_tick"":2,""onset_tick"":2,""pitch"":72,""tie"":""none"",""voice_token"":""voice_bf2e2c""},{""duration_tick"":2,""onset_tick"":4,""pitch"":72,""tie"":""none"",""voice_token"":""voice_bf2e2c""},{""duration_tick"":4,""onset_tick"":6,""pitch"":72,""tie"":""none"",""voice_token"":""voice_bf2e2c""},{""duration_tick"":4,""onset_tick"":10,""pitch"":70,""tie"":""none"",""voice_token"":""voice_bf2e2c""},{""duration_tick"":8,""onset_tick"":14,""pitch"":-1,""tie"":""none"",""voice_token"":""voice_bf2e2c""}]}"
music_3d33e782f5d95c,"{""events"":[{""duration_tick"":2,""onset_tick"":0,""pitch"":72,""tie"":""none"",""voice_token"":""voice_6ba146""},{""duration_tick"":2,""onset_tick"":2,""pitch"":73,""tie"":""none"",""voice_token"":""voice_6ba146""},{""duration_tick"":2,""onset_tick"":4,""pitch"":73,""tie"":""none"",""voice_token"":""voice_6ba146""},{""duration_tick"":2,""onset_tick"":6,""pitch"":71,""tie"":""none"",""voice_token"":""voice_6ba146""},{""duration_tick"":2,""onset_tick"":8,""pitch"":71,""tie"":""none"",""voice_token"":""voice_6ba146""},{""duration_tick"":2,""onset_tick"":10,""pitch"":70,""tie"":""none"",""voice_token"":""voice_6ba146""}]}"
music_2711f766cd281d,"{""events"":[{""duration_tick"":2,""onset_tick"":0,""pitch"":72,""tie"":""none"",""voice_token"":""voice_bf2e2c""},{""duration_tick"":4,""onset_tick"":2,""pitch"":71,""tie"":""none"",""voice_token"":""voice_bf2e2c""},{""duration_tick"":2,""onset_tick"":6,""pitch"":71,""tie"":""none"",""voice_token"":""voice_bf2e2c""},{""duration_tick"":4,""onset_tick"":8,""pitch"":71,""tie"":""none"",""voice_token"":""voice_bf2e2c""}]}"
music_b885aa9aadf78c,"{""events"":[{""duration_tick"":2,""onset_tick"":0,""pitch"":71,""tie"":""none"",""voice_token"":""voice_0331f8""},{""duration_tick"":2,""onset_tick"":2,""pitch"":69,""tie"":""none"",""voice_token"":""voice_0331f8""},{""duration_tick"":2,""onset_tick"":4,""pitch"":66,""tie"":""none"",""voice_token"":""voice_0331f8""},{""duration_tick"":2,""onset_tick"":6,""pitch"":69,""tie"":""none"",""voice_token"":""voice_0331f8""}]}"
music_b1cc04890de4fc,"{""events"":[{""duration_tick"":4,""onset_tick"":0,""pitch"":65,""tie"":""none"",""voice_token"":""voice_adeebf""},{""duration_tick"":8,""onset_tick"":4,""pitch"":70,""tie"":""none"",""voice_token"":""voice_adeebf""},{""duration_tick"":4,""onset_tick"":12,""pitch"":72,""tie"":""none"",""voice_token"":""voice_adeebf""},{""duration_tick"":4,""onset_tick"":16,""pitch"":70,""tie"":""none"",""voice_token"":""voice_adeebf""},{""duration_tick"":4,""onset_tick"":20,""pitch"":72,""tie"":""none"",""voice_token"":""voice_adeebf""}]}"
music_29289525547a91,"{""events"":[{""duration_tick"":2,""onset_tick"":0,""pitch"":57,""tie"":""none"",""voice_token"":""voice_7a7cab""},{""duration_tick"":2,""onset_tick"":2,""pitch"":57,""tie"":""none"",""voice_token"":""voice_7a7cab""},{""duration_tick"":2,""onset_tick"":4,""pitch"":57,""tie"":""none"",""voice_token"":""voice_7a7cab""},{""duration_tick"":4,""onset_tick"":6,""pitch"":57,""tie"":""none"",""voice_token"":""voice_7a7cab""},{""duration_tick"":8,""onset_tick"":10,""pitch"":-1,""tie"":""none"",""voice_token"":""voice_7a7cab""}]}"
music_dc5ffd2d9ade30,"{""events"":[{""duration_tick"":4,""onset_tick"":0,""pitch"":73,""tie"":""none"",""voice_token"":""voice_adeebf""},{""duration_tick"":4,""onset_tick"":4,""pitch"":72,""tie"":""none"",""voice_token"":""voice_adeebf""},{""duration_tick"":6,""onset_tick"":8,""pitch"":72,""tie"":""none"",""voice_token"":""voice_adeebf""},{""duration_tick"":2,""onset_tick"":14,""pitch"":70,""tie"":""none"",""voice_token"":""voice_adeebf""},{""duration_tick"":2,""onset_tick"":16,""pitch"":72,""tie"":""none"",""voice_token"":""voice_adeebf""}]}"
music_3b2791de7e505b,"{""events"":[{""duration_tick"":2,""onset_tick"":0,""pitch"":67,""tie"":""none"",""voice_token"":""voice_adeebf""},{""duration_tick"":2,""onset_tick"":2,""pitch"":67,""tie"":""none"",""voice_token"":""voice_adeebf""},{""duration_tick"":2,""onset_tick"":4,""pitch"":67,""tie"":""none"",""voice_token"":""voice_adeebf""},{""duration_tick"":1,""onset_tick"":6,""pitch"":67,""tie"":""none"",""voice_token"":""voice_adeebf""}]}"
music_8f8edf57874c98,"{""events"":[{""duration_tick"":2,""onset_tick"":0,""pitch"":75,""tie"":""none"",""voice_token"":""voice_bf2e2c""},{""duration_tick"":2,""onset_tick"":2,""pitch"":74,""tie"":""none"",""voice_token"":""voice_bf2e2c""},{""duration_tick"":2,""onset_tick"":4,""pitch"":72,""tie"":""none"",""voice_token"":""voice_bf2e2c""},{""duration_tick"":2,""onset_tick"":6,""pitch"":70,""tie"":""none"",""voice_token"":""voice_bf2e2c""},{""duration_tick"":2,""onset_tick"":8,""pitch"":70,""tie"":""none"",""voice_token"":""voice_bf2e2c""},{""duration_tick"":2,""onset_tick"":10,""pitch"":68,""tie"":""none"",""voice_token"":""voice_bf2e2c""}]}"
music_e2331cdb111f4f,"{""events"":[{""duration_tick"":2,""onset_tick"":0,""pitch"":70,""tie"":""none"",""voice_token"":""voice_bf2e2c""},{""duration_tick"":2,""onset_tick"":2,""pitch"":70,""tie"":""none"",""voice_token"":""voice_bf2e2c""},{""duration_tick"":6,""onset_tick"":4,""pitch"":68,""tie"":""none"",""voice_token"":""voice_bf2e2c""},{""duration_tick"":2,""onset_tick"":10,""pitch"":63,""tie"":""none"",""voice_token"":""voice_bf2e2c""}]}"
music_fed0aa7935b9b6,"{""events"":[{""duration_tick"":1,""onset_tick"":0,""pitch"":72,""tie"":""none"",""voice_token"":""voice_adeebf""},{""duration_tick"":1,""onset_tick"":1,""pitch"":70,""tie"":""none"",""voice_token"":""voice_adeebf""},{""duration_tick"":1,""onset_tick"":2,""pitch"":69,""tie"":""none"",""voice_token"":""voice_adeebf""},{""duration_tick"":1,""onset_tick"":3,""pitch"":70,""tie"":""none"",""voice_token"":""voice_adeebf""},{""duration_tick"":3,""onset_tick"":4,""pitch"":72,""tie"":""none"",""voice_token"":""voice_adeebf""},{""duration_tick"":1,""onset_tick"":7,""pitch"":70,""tie"":""none"",""voice_token"":""voice_adeebf""},{""duration_tick"":1,""onset_tick"":8,""pitch"":70,""tie"":""none"",""voice_token"":""voice_adeebf""}]}"
music_4dd41a8ec33833,"{""events"":[{""duration_tick"":2,""onset_tick"":0,""pitch"":68,""tie"":""none"",""voice_token"":""voice_0331f8""},{""duration_tick"":1,""onset_tick"":2,""pitch"":69,""tie"":""none"",""voice_token"":""voice_0331f8""},{""duration_tick"":1,""onset_tick"":3,""pitch"":69,""tie"":""none"",""voice_token"":""voice_0331f8""},{""duration_tick"":2,""onset_tick"":4,""pitch"":71,""tie"":""start"",""voice_token"":""voice_0331f8""}]}"
music_02b4b1990b60f3,"{""events"":[{""duration_tick"":1,""onset_tick"":0,""pitch"":70,""tie"":""none"",""voice_token"":""voice_0331f8""},{""duration_tick"":2,""onset_tick"":1,""pitch"":68,""tie"":""none"",""voice_token"":""voice_0331f8""},{""duration_tick"":2,""onset_tick"":3,""pitch"":68,""tie"":""none"",""voice_token"":""voice_0331f8""},{""duration_tick"":2,""onset_tick"":5,""pitch"":70,""tie"":""none"",""voice_token"":""voice_0331f8""},{""duration_tick"":1,""onset_tick"":7,""pitch"":66,""tie"":""none"",""voice_token"":""voice_0331f8""}]}"
music_6aa411eeecf993,"{""events"":[{""duration_tick"":2,""onset_tick"":0,""pitch"":67,""tie"":""none"",""voice_token"":""voice_adeebf""},{""duration_tick"":4,""onset_tick"":2,""pitch"":65,""tie"":""none"",""voice_token"":""voice_adeebf""},{""duration_tick"":2,""onset_tick"":6,""pitch"":62,""tie"":""none"",""voice_token"":""voice_adeebf""},{""duration_tick"":2,""onset_tick"":8,""pitch"":60,""tie"":""none"",""voice_token"":""voice_adeebf""},{""duration_tick"":2,""onset_tick"":10,""pitch"":65,""tie"":""none"",""voice_token"":""voice_adeebf""},{""duration_tick"":2,""onset_tick"":12,""pitch"":67,""tie"":""none"",""voice_token"":""voice_adeebf""},{""duration_tick"":4,""onset_tick"":14,""pitch"":65,""tie"":""none"",""voice_token"":""voice_adeebf""}]}"
music_9514677f2b173b,"{""events"":[{""duration_tick"":2,""onset_tick"":0,""pitch"":71,""tie"":""none"",""voice_token"":""voice_0331f8""},{""duration_tick"":2,""onset_tick"":2,""pitch"":71,""tie"":""none"",""voice_token"":""voice_0331f8""},{""duration_tick"":1,""onset_tick"":4,""pitch"":73,""tie"":""none"",""voice_token"":""voice_0331f8""},{""duration_tick"":1,""onset_tick"":5,""pitch"":71,""tie"":""none"",""voice_token"":""voice_0331f8""},{""duration_tick"":1,""onset_tick"":6,""pitch"":67,""tie"":""none"",""voice_token"":""voice_0331f8""},{""duration_tick"":1,""onset_tick"":7,""pitch"":69,""tie"":""none"",""voice_token"":""voice_0331f8""}]}"
music_0bfccd3e597735,"{""events"":[{""duration_tick"":4,""onset_tick"":0,""pitch"":73,""tie"":""none"",""voice_token"":""voice_bf2e2c""},{""duration_tick"":2,""onset_tick"":4,""pitch"":71,""tie"":""none"",""voice_token"":""voice_bf2e2c""},{""duration_tick"":1,""onset_tick"":6,""pitch"":73,""tie"":""none"",""voice_token"":""voice_bf2e2c""},{""duration_tick"":2,""onset_tick"":7,""pitch"":70,""tie"":""none"",""voice_token"":""voice_bf2e2c""}]}"
music_418db311f8a170,"{""events"":[{""duration_tick"":2,""onset_tick"":0,""pitch"":72,""tie"":""none"",""voice_token"":""voice_adeebf""},{""duration_tick"":2,""onset_tick"":2,""pitch"":74,""tie"":""none"",""voice_token"":""voice_adeebf""},{""duration_tick"":2,""onset_tick"":4,""pitch"":75,""tie"":""none"",""voice_token"":""voice_adeebf""},{""duration_tick"":6,""onset_tick"":6,""pitch"":75,""tie"":""none"",""voice_token"":""voice_adeebf""},{""duration_tick"":2,""onset_tick"":12,""pitch"":74,""tie"":""none"",""voice_token"":""voice_adeebf""}]}"
music_11136019042858,"{""events"":[{""duration_tick"":4,""onset_tick"":0,""pitch"":72,""tie"":""none"",""voice_token"":""voice_adeebf""},{""duration_tick"":4,""onset_tick"":4,""pitch"":77,""tie"":""none"",""voice_token"":""voice_adeebf""},{""duration_tick"":8,""onset_tick"":8,""pitch"":75,""tie"":""none"",""voice_token"":""voice_adeebf""},{""duration_tick"":4,""onset_tick"":16,""pitch"":73,""tie"":""none"",""voice_token"":""voice_adeebf""},{""duration_tick"":2,""onset_tick"":20,""pitch"":72,""tie"":""none"",""voice_token"":""voice_adeebf""}]}"
music_048c120e334a95,"{""events"":[{""duration_tick"":2,""onset_tick"":0,""pitch"":70,""tie"":""none"",""voice_token"":""voice_adeebf""},{""duration_tick"":2,""onset_tick"":2,""pitch"":70,""tie"":""none"",""voice_token"":""voice_adeebf""},{""duration_tick"":2,""onset_tick"":4,""pitch"":72,""tie"":""none"",""voice_token"":""voice_adeebf""},{""duration_tick"":2,""onset_tick"":6,""pitch"":70,""tie"":""none"",""voice_token"":""voice_adeebf""}]}"
music_1b24b937138d02,"{""events"":[{""duration_tick"":1,""onset_tick"":0,""pitch"":72,""tie"":""none"",""voice_token"":""voice_adeebf""},{""duration_tick"":1,""onset_tick"":1,""pitch"":71,""tie"":""none"",""voice_token"":""voice_adeebf""},{""duration_tick"":1,""onset_tick"":2,""pitch"":72,""tie"":""none"",""voice_token"":""voice_adeebf""},{""duration_tick"":1,""onset_tick"":3,""pitch"":74,""tie"":""none"",""voice_token"":""voice_adeebf""}]}"
music_d52dd9790759c4,"{""events"":[{""duration_tick"":4,""onset_tick"":0,""pitch"":59,""tie"":""none"",""voice_token"":""voice_0331f8""},{""duration_tick"":4,""onset_tick"":4,""pitch"":67,""tie"":""none"",""voice_token"":""voice_0331f8""},{""duration_tick"":4,""onset_tick"":8,""pitch"":65,""tie"":""none"",""voice_token"":""voice_0331f8""},{""duration_tick"":4,""onset_tick"":12,""pitch"":66,""tie"":""none"",""voice_token"":""voice_0331f8""},{""duration_tick"":4,""onset_tick"":16,""pitch"":69,""tie"":""start"",""voice_token"":""voice_0331f8""}]}"
music_d2560da73a3c68,"{""events"":[{""duration_tick"":6,""onset_tick"":0,""pitch"":74,""tie"":""none"",""voice_token"":""voice_adeebf""},{""duration_tick"":2,""onset_tick"":6,""pitch"":74,""tie"":""none"",""voice_token"":""voice_adeebf""},{""duration_tick"":8,""onset_tick"":8,""pitch"":75,""tie"":""none"",""voice_token"":""voice_adeebf""},{""duration_tick"":4,""onset_tick"":16,""pitch"":72,""tie"":""none"",""voice_token"":""voice_adeebf""},{""duration_tick"":2,""onset_tick"":20,""pitch"":70,""tie"":""none"",""voice_token"":""voice_adeebf""},{""duration_tick"":2,""onset_tick"":22,""pitch"":70,""tie"":""none"",""voice_token"":""voice_adeebf""}]}"
music_61484d98124c20,"{""events"":[{""duration_tick"":2,""onset_tick"":0,""pitch"":69,""tie"":""none"",""voice_token"":""voice_adeebf""},{""duration_tick"":2,""onset_tick"":2,""pitch"":67,""tie"":""none"",""voice_token"":""voice_adeebf""},{""duration_tick"":2,""onset_tick"":4,""pitch"":67,""tie"":""none"",""voice_token"":""voice_adeebf""},{""duration_tick"":2,""onset_tick"":6,""pitch"":67,""tie"":""none"",""voice_token"":""voice_adeebf""},{""duration_tick"":2,""onset_tick"":8,""pitch"":67,""tie"":""none"",""voice_token"":""voice_adeebf""}]}"
music_3fc43627c7cfea,"{""events"":[{""duration_tick"":2,""onset_tick"":0,""pitch"":74,""tie"":""none"",""voice_token"":""voice_adeebf""},{""duration_tick"":2,""onset_tick"":2,""pitch"":78,""tie"":""none"",""voice_token"":""voice_adeebf""},{""duration_tick"":4,""onset_tick"":4,""pitch"":74,""tie"":""none"",""voice_token"":""voice_adeebf""},{""duration_tick"":2,""onset_tick"":8,""pitch"":74,""tie"":""none"",""voice_token"":""voice_adeebf""},{""duration_tick"":2,""onset_tick"":10,""pitch"":74,""tie"":""none"",""voice_token"":""voice_adeebf""},{""duration_tick"":2,""onset_tick"":12,""pitch"":73,""tie"":""none"",""voice_token"":""voice_adeebf""}]}"
music_2f979f67255894,"{""events"":[{""duration_tick"":2,""onset_tick"":0,""pitch"":76,""tie"":""none"",""voice_token"":""voice_0331f8""},{""duration_tick"":2,""onset_tick"":2,""pitch"":67,""tie"":""none"",""voice_token"":""voice_0331f8""},{""duration_tick"":2,""onset_tick"":4,""pitch"":67,""tie"":""none"",""voice_token"":""voice_0331f8""},{""duration_tick"":2,""onset_tick"":6,""pitch"":67,""tie"":""none"",""voice_token"":""voice_0331f8""},{""duration_tick"":2,""onset_tick"":8,""pitch"":67,""tie"":""none"",""voice_token"":""voice_0331f8""},{""duration_tick"":2,""onset_tick"":10,""pitch"":67,""tie"":""none"",""voice_token"":""voice_0331f8""}]}"
music_7f62a4eecad572,"{""events"":[{""duration_tick"":2,""onset_tick"":0,""pitch"":69,""tie"":""none"",""voice_token"":""voice_bf2e2c""},{""duration_tick"":2,""onset_tick"":2,""pitch"":69,""tie"":""none"",""voice_token"":""voice_bf2e2c""},{""duration_tick"":2,""onset_tick"":4,""pitch"":64,""tie"":""none"",""voice_token"":""voice_bf2e2c""},{""duration_tick"":4,""onset_tick"":6,""pitch"":62,""tie"":""none"",""voice_token"":""voice_bf2e2c""},{""duration_tick"":3,""onset_tick"":10,""pitch"":69,""tie"":""none"",""voice_token"":""voice_bf2e2c""},{""duration_tick"":1,""onset_tick"":13,""pitch"":70,""tie"":""none"",""voice_token"":""voice_bf2e2c""},{""duration_tick"":2,""onset_tick"":14,""pitch"":69,""tie"":""none"",""voice_token"":""voice_bf2e2c""}]}"
music_6ec570ea9daa40,"{""events"":[{""duration_tick"":2,""onset_tick"":0,""pitch"":74,""tie"":""none"",""voice_token"":""voice_adeebf""},{""duration_tick"":2,""onset_tick"":2,""pitch"":72,""tie"":""none"",""voice_token"":""voice_adeebf""},{""duration_tick"":2,""onset_tick"":4,""pitch"":69,""tie"":""none"",""voice_token"":""voice_adeebf""},{""duration_tick"":2,""onset_tick"":6,""pitch"":70,""tie"":""none"",""voice_token"":""voice_adeebf""},{""duration_tick"":2,""onset_tick"":8,""pitch"":67,""tie"":""none"",""voice_token"":""voice_adeebf""},{""duration_tick"":2,""onset_tick"":10,""pitch"":69,""tie"":""none"",""voice_token"":""voice_adeebf""},{""duration_tick"":2,""onset_tick"":12,""pitch"":65,""tie"":""none"",""voice_token"":""voice_adeebf""}]}"
music_b382d6e51dd36c,"{""events"":[{""duration_tick"":2,""onset_tick"":0,""pitch"":70,""tie"":""none"",""voice_token"":""voice_adeebf""},{""duration_tick"":2,""onset_tick"":2,""pitch"":69,""tie"":""none"",""voice_token"":""voice_adeebf""},{""duration_tick"":2,""onset_tick"":4,""pitch"":69,""tie"":""none"",""voice_token"":""voice_adeebf""},{""duration_tick"":4,""onset_tick"":6,""pitch"":65,""tie"":""none"",""voice_token"":""voice_adeebf""},{""duration_tick"":2,""onset_tick"":10,""pitch"":67,""tie"":""none"",""voice_token"":""voice_adeebf""}]}"
music_3f212313c1c03f,"{""events"":[{""duration_tick"":2,""onset_tick"":0,""pitch"":69,""tie"":""none"",""voice_token"":""voice_0331f8""},{""duration_tick"":4,""onset_tick"":2,""pitch"":71,""tie"":""none"",""voice_token"":""voice_0331f8""},{""duration_tick"":2,""onset_tick"":6,""pitch"":73,""tie"":""none"",""voice_token"":""voice_0331f8""},{""duration_tick"":4,""onset_tick"":8,""pitch"":73,""tie"":""none"",""voice_token"":""voice_0331f8""},{""duration_tick"":2,""onset_tick"":12,""pitch"":73,""tie"":""none"",""voice_token"":""voice_0331f8""},{""duration_tick"":2,""onset_tick"":14,""pitch"":73,""tie"":""none"",""voice_token"":""voice_0331f8""},{""duration_tick"":2,""onset_tick"":16,""pitch"":71,""tie"":""none"",""voice_token"":""voice_0331f8""}]}"
music_50046454e3635f,"{""events"":[{""duration_tick"":2,""onset_tick"":0,""pitch"":74,""tie"":""none"",""voice_token"":""voice_adeebf""},{""duration_tick"":12,""onset_tick"":2,""pitch"":72,""tie"":""none"",""voice_token"":""voice_adeebf""},{""duration_tick"":4,""onset_tick"":14,""pitch"":-1,""tie"":""none"",""voice_token"":""voice_adeebf""},{""duration_tick"":4,""onset_tick"":18,""pitch"":-1,""tie"":""none"",""voice_token"":""voice_adeebf""},{""duration_tick"":4,""onset_tick"":22,""pitch"":-1,""tie"":""none"",""voice_token"":""voice_adeebf""},{""duration_tick"":4,""onset_tick"":26,""pitch"":72,""tie"":""none"",""voice_token"":""voice_adeebf""},{""duration_tick"":4,""onset_tick"":30,""pitch"":72,""tie"":""none"",""voice_token"":""voice_adeebf""}]}"
music_8789ab9b73f4ad,"{""events"":[{""duration_tick"":6,""onset_tick"":0,""pitch"":69,""tie"":""none"",""voice_token"":""voice_adeebf""},{""duration_tick"":6,""onset_tick"":6,""pitch"":69,""tie"":""none"",""voice_token"":""voice_adeebf""},{""duration_tick"":6,""onset_tick"":12,""pitch"":69,""tie"":""none"",""voice_token"":""voice_adeebf""},{""duration_tick"":6,""onset_tick"":18,""pitch"":71,""tie"":""none"",""voice_token"":""voice_adeebf""},{""duration_tick"":6,""onset_tick"":24,""pitch"":71,""tie"":""none"",""voice_token"":""voice_adeebf""},{""duration_tick"":6,""onset_tick"":30,""pitch"":73,""tie"":""none"",""voice_token"":""voice_adeebf""}]}"
music_264cca6f830a90,"{""events"":[{""duration_tick"":2,""onset_tick"":0,""pitch"":72,""tie"":""none"",""voice_token"":""voice_adeebf""},{""duration_tick"":2,""onset_tick"":2,""pitch"":70,""tie"":""none"",""voice_token"":""voice_adeebf""},{""duration_tick"":2,""onset_tick"":4,""pitch"":70,""tie"":""none"",""voice_token"":""voice_adeebf""},{""duration_tick"":2,""onset_tick"":6,""pitch"":72,""tie"":""none"",""voice_token"":""voice_adeebf""},{""duration_tick"":2,""onset_tick"":8,""pitch"":72,""tie"":""none"",""voice_token"":""voice_adeebf""},{""duration_tick"":2,""onset_tick"":10,""pitch"":74,""tie"":""none"",""voice_token"":""voice_adeebf""},{""duration_tick"":2,""onset_tick"":12,""pitch"":74,""tie"":""none"",""voice_token"":""voice_adeebf""}]}"
music_e34ed0c3e79e71,"{""events"":[{""duration_tick"":4,""onset_tick"":0,""pitch"":73,""tie"":""none"",""voice_token"":""voice_adeebf""},{""duration_tick"":2,""onset_tick"":4,""pitch"":76,""tie"":""none"",""voice_token"":""voice_adeebf""},{""duration_tick"":4,""onset_tick"":6,""pitch"":77,""tie"":""none"",""voice_token"":""voice_adeebf""},{""duration_tick"":2,""onset_tick"":10,""pitch"":77,""tie"":""none"",""voice_token"":""voice_adeebf""},{""duration_tick"":4,""onset_tick"":12,""pitch"":77,""tie"":""none"",""voice_token"":""voice_adeebf""},{""duration_tick"":2,""onset_tick"":16,""pitch"":77,""tie"":""none"",""voice_token"":""voice_adeebf""},{""duration_tick"":4,""onset_tick"":18,""pitch"":77,""tie"":""none"",""voice_token"":""voice_adeebf""}]}"
music_0f016ce4634ddf,"{""events"":[{""duration_tick"":4,""onset_tick"":0,""pitch"":71,""tie"":""none"",""voice_token"":""voice_bf2e2c""},{""duration_tick"":4,""onset_tick"":4,""pitch"":66,""tie"":""none"",""voice_token"":""voice_bf2e2c""},{""duration_tick"":4,""onset_tick"":8,""pitch"":67,""tie"":""none"",""voice_token"":""voice_bf2e2c""},{""duration_tick"":2,""onset_tick"":12,""pitch"":66,""tie"":""none"",""voice_token"":""voice_bf2e2c""},{""duration_tick"":2,""onset_tick"":14,""pitch"":64,""tie"":""none"",""voice_token"":""voice_bf2e2c""}]}"
music_b871ee085bd8ed,"{""events"":[{""duration_tick"":4,""onset_tick"":0,""pitch"":67,""tie"":""none"",""voice_token"":""voice_adeebf""},{""duration_tick"":8,""onset_tick"":4,""pitch"":67,""tie"":""none"",""voice_token"":""voice_adeebf""},{""duration_tick"":4,""onset_tick"":12,""pitch"":74,""tie"":""none"",""voice_token"":""voice_adeebf""},{""duration_tick"":4,""onset_tick"":16,""pitch"":72,""tie"":""none"",""voice_token"":""voice_adeebf""},{""duration_tick"":4,""onset_tick"":20,""pitch"":71,""tie"":""none"",""voice_token"":""voice_adeebf""},{""duration_tick"":4,""onset_tick"":24,""pitch"":72,""tie"":""none"",""voice_token"":""voice_adeebf""}]}"
music_9c691c3754e378,"{""events"":[{""duration_tick"":1,""onset_tick"":0,""pitch"":67,""tie"":""none"",""voice_token"":""voice_adeebf""},{""duration_tick"":2,""onset_tick"":1,""pitch"":65,""tie"":""none"",""voice_token"":""voice_adeebf""},{""duration_tick"":2,""onset_tick"":3,""pitch"":67,""tie"":""none"",""voice_token"":""voice_adeebf""},{""duration_tick"":2,""onset_tick"":5,""pitch"":65,""tie"":""none"",""voice_token"":""voice_adeebf""},{""duration_tick"":4,""onset_tick"":7,""pitch"":64,""tie"":""none"",""voice_token"":""voice_adeebf""},{""duration_tick"":4,""onset_tick"":11,""pitch"":72,""tie"":""none"",""voice_token"":""voice_adeebf""},{""duration_tick"":2,""onset_tick"":15,""pitch"":74,""tie"":""none"",""voice_token"":""voice_adeebf""}]}"
music_ff12357fee6e0f,"{""events"":[{""duration_tick"":8,""onset_tick"":0,""pitch"":69,""tie"":""none"",""voice_token"":""voice_bf2e2c""},{""duration_tick"":4,""onset_tick"":8,""pitch"":70,""tie"":""none"",""voice_token"":""voice_bf2e2c""},{""duration_tick"":8,""onset_tick"":12,""pitch"":72,""tie"":""none"",""voice_token"":""voice_bf2e2c""},{""duration_tick"":4,""onset_tick"":20,""pitch"":72,""tie"":""none"",""voice_token"":""voice_bf2e2c""},{""duration_tick"":8,""onset_tick"":24,""pitch"":74,""tie"":""none"",""voice_token"":""voice_bf2e2c""},{""duration_tick"":4,""onset_tick"":32,""pitch"":-1,""tie"":""none"",""voice_token"":""voice_bf2e2c""},{""duration_tick"":8,""onset_tick"":36,""pitch"":-1,""tie"":""none"",""voice_token"":""voice_bf2e2c""}]}"
music_aa4fe71a5a23e1,"{""events"":[{""duration_tick"":2,""onset_tick"":0,""pitch"":68,""tie"":""none"",""voice_token"":""voice_adeebf""},{""duration_tick"":2,""onset_tick"":2,""pitch"":70,""tie"":""none"",""voice_token"":""voice_adeebf""},{""duration_tick"":2,""onset_tick"":4,""pitch"":68,""tie"":""none"",""voice_token"":""voice_adeebf""},{""duration_tick"":2,""onset_tick"":6,""pitch"":70,""tie"":""none"",""voice_token"":""voice_adeebf""}]}"
music_5e7a7e597bfae3,"{""events"":[{""duration_tick"":6,""onset_tick"":0,""pitch"":59,""tie"":""none"",""voice_token"":""voice_bdd9b1""},{""duration_tick"":2,""onset_tick"":6,""pitch"":57,""tie"":""none"",""voice_token"":""voice_bdd9b1""},{""duration_tick"":4,""onset_tick"":8,""pitch"":62,""tie"":""none"",""voice_token"":""voice_bdd9b1""},{""duration_tick"":4,""onset_tick"":12,""pitch"":59,""tie"":""none"",""voice_token"":""voice_bdd9b1""},{""duration_tick"":6,""onset_tick"":16,""pitch"":67,""tie"":""none"",""voice_token"":""voice_bdd9b1""},{""duration_tick"":2,""onset_tick"":22,""pitch"":64,""tie"":""none"",""voice_token"":""voice_bdd9b1""},{""duration_tick"":4,""onset_tick"":24,""pitch"":62,""tie"":""none"",""voice_token"":""voice_bdd9b1""}]}"
music_39df545325b618,"{""events"":[{""duration_tick"":2,""onset_tick"":0,""pitch"":70,""tie"":""none"",""voice_token"":""voice_bf2e2c""},{""duration_tick"":2,""onset_tick"":2,""pitch"":73,""tie"":""none"",""voice_token"":""voice_bf2e2c""},{""duration_tick"":2,""onset_tick"":4,""pitch"":72,""tie"":""none"",""voice_token"":""voice_bf2e2c""},{""duration_tick"":2,""onset_tick"":6,""pitch"":73,""tie"":""none"",""voice_token"":""voice_bf2e2c""},{""duration_tick"":2,""onset_tick"":8,""pitch"":70,""tie"":""none"",""voice_token"":""voice_bf2e2c""}]}"
music_df9bd5fd7c662d,"{""events"":[{""duration_tick"":6,""onset_tick"":0,""pitch"":69,""tie"":""none"",""voice_token"":""voice_8c73be""},{""duration_tick"":4,""onset_tick"":6,""pitch"":67,""tie"":""none"",""voice_token"":""voice_8c73be""},{""duration_tick"":2,""onset_tick"":10,""pitch"":67,""tie"":""none"",""voice_token"":""voice_8c73be""},{""duration_tick"":2,""onset_tick"":12,""pitch"":67,""tie"":""none"",""voice_token"":""voice_8c73be""},{""duration_tick"":2,""onset_tick"":14,""pitch"":67,""tie"":""none"",""voice_token"":""voice_8c73be""}]}"
music_dd3809188a9efc,"{""events"":[{""duration_tick"":16,""onset_tick"":0,""pitch"":-1,""tie"":""none"",""voice_token"":""voice_381ded""},{""duration_tick"":16,""onset_tick"":16,""pitch"":-1,""tie"":""none"",""voice_token"":""voice_381ded""},{""duration_tick"":16,""onset_tick"":32,""pitch"":-1,""tie"":""none"",""voice_token"":""voice_381ded""},{""duration_tick"":16,""onset_tick"":48,""pitch"":-1,""tie"":""none"",""voice_token"":""voice_381ded""},{""duration_tick"":16,""onset_tick"":64,""pitch"":-1,""tie"":""none"",""voice_token"":""voice_381ded""}]}"
music_307d9e905ae4cd,"{""events"":[{""duration_tick"":4,""onset_tick"":0,""pitch"":-1,""tie"":""none"",""voice_token"":""voice_adeebf""},{""duration_tick"":4,""onset_tick"":4,""pitch"":-1,""tie"":""none"",""voice_token"":""voice_adeebf""},{""duration_tick"":4,""onset_tick"":8,""pitch"":-1,""tie"":""none"",""voice_token"":""voice_adeebf""},{""duration_tick"":4,""onset_tick"":12,""pitch"":76,""tie"":""none"",""voice_token"":""voice_adeebf""},{""duration_tick"":4,""onset_tick"":16,""pitch"":73,""tie"":""none"",""voice_token"":""voice_adeebf""},{""duration_tick"":4,""onset_tick"":20,""pitch"":76,""tie"":""none"",""voice_token"":""voice_adeebf""},{""duration_tick"":3,""onset_tick"":24,""pitch"":74,""tie"":""none"",""voice_token"":""voice_adeebf""}]}"
music_a9ec899c601170,"{""events"":[{""duration_tick"":4,""onset_tick"":0,""pitch"":71,""tie"":""none"",""voice_token"":""voice_adeebf""},{""duration_tick"":4,""onset_tick"":4,""pitch"":71,""tie"":""none"",""voice_token"":""voice_adeebf""},{""duration_tick"":3,""onset_tick"":8,""pitch"":73,""tie"":""none"",""voice_token"":""voice_adeebf""},{""duration_tick"":1,""onset_tick"":11,""pitch"":71,""tie"":""none"",""voice_token"":""voice_adeebf""}]}"
music_897fe4b648679c,"{""events"":[{""duration_tick"":4,""onset_tick"":0,""pitch"":62,""tie"":""none"",""voice_token"":""voice_0331f8""},{""duration_tick"":2,""onset_tick"":4,""pitch"":61,""tie"":""none"",""voice_token"":""voice_0331f8""},{""duration_tick"":4,""onset_tick"":6,""pitch"":61,""tie"":""none"",""voice_token"":""voice_0331f8""},{""duration_tick"":2,""onset_tick"":10,""pitch"":61,""tie"":""none"",""voice_token"":""voice_0331f8""},{""duration_tick"":4,""onset_tick"":12,""pitch"":62,""tie"":""none"",""voice_token"":""voice_0331f8""}]}"
music_17545ce40e3d7f,"{""events"":[{""duration_tick"":2,""onset_tick"":0,""pitch"":71,""tie"":""none"",""voice_token"":""voice_adeebf""},{""duration_tick"":2,""onset_tick"":2,""pitch"":70,""tie"":""none"",""voice_token"":""voice_adeebf""},{""duration_tick"":2,""onset_tick"":4,""pitch"":67,""tie"":""none"",""voice_token"":""voice_adeebf""},{""duration_tick"":2,""onset_tick"":6,""pitch"":68,""tie"":""none"",""voice_token"":""voice_adeebf""},{""duration_tick"":2,""onset_tick"":8,""pitch"":-1,""tie"":""none"",""voice_token"":""voice_adeebf""}]}"
music_b1782abe464ce3,"{""events"":[{""duration_tick"":3,""onset_tick"":0,""pitch"":66,""tie"":""none"",""voice_token"":""voice_0284f7""},{""duration_tick"":1,""onset_tick"":3,""pitch"":67,""tie"":""none"",""voice_token"":""voice_0284f7""},{""duration_tick"":3,""onset_tick"":4,""pitch"":67,""tie"":""none"",""voice_token"":""voice_0284f7""},{""duration_tick"":1,""onset_tick"":7,""pitch"":67,""tie"":""none"",""voice_token"":""voice_0284f7""},{""duration_tick"":2,""onset_tick"":8,""pitch"":69,""tie"":""none"",""voice_token"":""voice_0284f7""},{""duration_tick"":1,""onset_tick"":10,""pitch"":70,""tie"":""none"",""voice_token"":""voice_0284f7""}]}"
music_f25ff5182ca8ee,"{""events"":[{""duration_tick"":2,""onset_tick"":0,""pitch"":66,""tie"":""none"",""voice_token"":""voice_0331f8""},{""duration_tick"":4,""onset_tick"":2,""pitch"":68,""tie"":""none"",""voice_token"":""voice_0331f8""},{""duration_tick"":4,""onset_tick"":6,""pitch"":68,""tie"":""none"",""voice_token"":""voice_0331f8""},{""duration_tick"":4,""onset_tick"":10,""pitch"":68,""tie"":""none"",""voice_token"":""voice_0331f8""},{""duration_tick"":2,""onset_tick"":14,""pitch"":68,""tie"":""none"",""voice_token"":""voice_0331f8""}]}"
music_96c035da986751,"{""events"":[{""duration_tick"":2,""onset_tick"":0,""pitch"":74,""tie"":""none"",""voice_token"":""voice_0331f8""},{""duration_tick"":1,""onset_tick"":2,""pitch"":76,""tie"":""none"",""voice_token"":""voice_0331f8""},{""duration_tick"":1,""onset_tick"":3,""pitch"":74,""tie"":""none"",""voice_token"":""voice_0331f8""},{""duration_tick"":1,""onset_tick"":4,""pitch"":74,""tie"":""none"",""voice_token"":""voice_0331f8""},{""duration_tick"":1,""onset_tick"":5,""pitch"":76,""tie"":""none"",""voice_token"":""voice_0331f8""},{""duration_tick"":2,""onset_tick"":6,""pitch"":77,""tie"":""none"",""voice_token"":""voice_0331f8""},{""duration_tick"":2,""onset_tick"":8,""pitch"":77,""tie"":""none"",""voice_token"":""voice_0331f8""}]}"
music_200aec93ccb7bb,"{""events"":[{""duration_tick"":2,""onset_tick"":0,""pitch"":64,""tie"":""none"",""voice_token"":""voice_adeebf""},{""duration_tick"":2,""onset_tick"":2,""pitch"":66,""tie"":""none"",""voice_token"":""voice_adeebf""},{""duration_tick"":2,""onset_tick"":4,""pitch"":66,""tie"":""none"",""voice_token"":""voice_adeebf""},{""duration_tick"":4,""onset_tick"":6,""pitch"":64,""tie"":""none"",""voice_token"":""voice_adeebf""},{""duration_tick"":2,""onset_tick"":10,""pitch"":68,""tie"":""none"",""voice_token"":""voice_adeebf""}]}"
music_26ae9a0b861fd6,"{""events"":[{""duration_tick"":7,""onset_tick"":0,""pitch"":-1,""tie"":""none"",""voice_token"":""voice_adeebf""},{""duration_tick"":4,""onset_tick"":7,""pitch"":66,""tie"":""none"",""voice_token"":""voice_adeebf""},{""duration_tick"":4,""onset_tick"":11,""pitch"":66,""tie"":""none"",""voice_token"":""voice_adeebf""},{""duration_tick"":4,""onset_tick"":15,""pitch"":66,""tie"":""none"",""voice_token"":""voice_adeebf""},{""duration_tick"":4,""onset_tick"":19,""pitch"":66,""tie"":""none"",""voice_token"":""voice_adeebf""}]}"
music_e1247601b433ab,"{""events"":[{""duration_tick"":8,""onset_tick"":0,""pitch"":72,""tie"":""none"",""voice_token"":""voice_bf2e2c""},{""duration_tick"":4,""onset_tick"":8,""pitch"":72,""tie"":""none"",""voice_token"":""voice_bf2e2c""},{""duration_tick"":12,""onset_tick"":12,""pitch"":72,""tie"":""none"",""voice_token"":""voice_bf2e2c""},{""duration_tick"":4,""onset_tick"":24,""pitch"":-1,""tie"":""none"",""voice_token"":""voice_bf2e2c""}]}"
music_eefb0422a2d9c7,"{""events"":[{""duration_tick"":2,""onset_tick"":0,""pitch"":65,""tie"":""none"",""voice_token"":""voice_adeebf""},{""duration_tick"":4,""onset_tick"":2,""pitch"":67,""tie"":""none"",""voice_token"":""voice_adeebf""},{""duration_tick"":2,""onset_tick"":6,""pitch"":67,""tie"":""none"",""voice_token"":""voice_adeebf""},{""duration_tick"":2,""onset_tick"":8,""pitch"":72,""tie"":""none"",""voice_token"":""voice_adeebf""},{""duration_tick"":4,""onset_tick"":10,""pitch"":75,""tie"":""none"",""voice_token"":""voice_adeebf""},{""duration_tick"":2,""onset_tick"":14,""pitch"":75,""tie"":""none"",""voice_token"":""voice_adeebf""}]}"
music_4a50c407efca57,"{""events"":[{""duration_tick"":4,""onset_tick"":0,""pitch"":76,""tie"":""none"",""voice_token"":""voice_adeebf""},{""duration_tick"":4,""onset_tick"":4,""pitch"":74,""tie"":""none"",""voice_token"":""voice_adeebf""},{""duration_tick"":4,""onset_tick"":8,""pitch"":73,""tie"":""none"",""voice_token"":""voice_adeebf""},{""duration_tick"":4,""onset_tick"":12,""pitch"":74,""tie"":""none"",""voice_token"":""voice_adeebf""}]}"
music_a20cf06b126daa,"{""events"":[{""duration_tick"":12,""onset_tick"":0,""pitch"":66,""tie"":""none"",""voice_token"":""voice_adeebf""},{""duration_tick"":4,""onset_tick"":12,""pitch"":68,""tie"":""none"",""voice_token"":""voice_adeebf""},{""duration_tick"":4,""onset_tick"":16,""pitch"":72,""tie"":""none"",""voice_token"":""voice_adeebf""},{""duration_tick"":4,""onset_tick"":20,""pitch"":77,""tie"":""none"",""voice_token"":""voice_adeebf""},{""duration_tick"":8,""onset_tick"":24,""pitch"":75,""tie"":""none"",""voice_token"":""voice_adeebf""},{""duration_tick"":4,""onset_tick"":32,""pitch"":73,""tie"":""none"",""voice_token"":""voice_adeebf""},{""duration_tick"":2,""onset_tick"":36,""pitch"":72,""tie"":""none"",""voice_token"":""voice_adeebf""}]}"
music_bef772b4bc23bd,"{""events"":[{""duration_tick"":2,""onset_tick"":0,""pitch"":70,""tie"":""none"",""voice_token"":""voice_adeebf""},{""duration_tick"":2,""onset_tick"":2,""pitch"":70,""tie"":""none"",""voice_token"":""voice_adeebf""},{""duration_tick"":4,""onset_tick"":4,""pitch"":70,""tie"":""none"",""voice_token"":""voice_adeebf""},{""duration_tick"":2,""onset_tick"":8,""pitch"":70,""tie"":""none"",""voice_token"":""voice_adeebf""},{""duration_tick"":6,""onset_tick"":10,""pitch"":70,""tie"":""none"",""voice_token"":""voice_adeebf""},{""duration_tick"":3,""onset_tick"":16,""pitch"":72,""tie"":""none"",""voice_token"":""voice_adeebf""}]}"
music_5b121601701560,"{""events"":[{""duration_tick"":8,""onset_tick"":0,""pitch"":70,""tie"":""none"",""voice_token"":""voice_adeebf""},{""duration_tick"":4,""onset_tick"":8,""pitch"":69,""tie"":""none"",""voice_token"":""voice_adeebf""},{""duration_tick"":4,""onset_tick"":12,""pitch"":67,""tie"":""none"",""voice_token"":""voice_adeebf""},{""duration_tick"":4,""onset_tick"":16,""pitch"":65,""tie"":""none"",""voice_token"":""voice_adeebf""}]}"
music_955897b46e87d3,"{""events"":[{""duration_tick"":4,""onset_tick"":0,""pitch"":70,""tie"":""none"",""voice_token"":""voice_bf2e2c""},{""duration_tick"":2,""onset_tick"":4,""pitch"":70,""tie"":""none"",""voice_token"":""voice_bf2e2c""},{""duration_tick"":2,""onset_tick"":6,""pitch"":67,""tie"":""none"",""voice_token"":""voice_bf2e2c""},{""duration_tick"":4,""onset_tick"":8,""pitch"":74,""tie"":""none"",""voice_token"":""voice_bf2e2c""},{""duration_tick"":2,""onset_tick"":12,""pitch"":72,""tie"":""none"",""voice_token"":""voice_bf2e2c""}]}"
music_295c2ec0333bf6,"{""events"":[{""duration_tick"":2,""onset_tick"":0,""pitch"":65,""tie"":""none"",""voice_token"":""voice_adeebf""},{""duration_tick"":2,""onset_tick"":2,""pitch"":62,""tie"":""none"",""voice_token"":""voice_adeebf""},{""duration_tick"":2,""onset_tick"":4,""pitch"":67,""tie"":""none"",""voice_token"":""voice_adeebf""},{""duration_tick"":2,""onset_tick"":6,""pitch"":67,""tie"":""none"",""voice_token"":""voice_adeebf""},{""duration_tick"":2,""onset_tick"":8,""pitch"":65,""tie"":""none"",""voice_token"":""voice_adeebf""},{""duration_tick"":16,""onset_tick"":10,""pitch"":-1,""tie"":""none"",""voice_token"":""voice_adeebf""}]}"
music_cbb1b5e3628c87,"{""events"":[{""duration_tick"":2,""onset_tick"":0,""pitch"":65,""tie"":""none"",""voice_token"":""voice_adeebf""},{""duration_tick"":4,""onset_tick"":2,""pitch"":72,""tie"":""none"",""voice_token"":""voice_adeebf""},{""duration_tick"":2,""onset_tick"":6,""pitch"":74,""tie"":""none"",""voice_token"":""voice_adeebf""},{""duration_tick"":2,""onset_tick"":8,""pitch"":75,""tie"":""none"",""voice_token"":""voice_adeebf""},{""duration_tick"":2,""onset_tick"":10,""pitch"":74,""tie"":""none"",""voice_token"":""voice_adeebf""},{""duration_tick"":2,""onset_tick"":12,""pitch"":72,""tie"":""none"",""voice_token"":""voice_adeebf""},{""duration_tick"":6,""onset_tick"":14,""pitch"":74,""tie"":""none"",""voice_token"":""voice_adeebf""}]}"
music_b64e0fdb3977e6,"{""events"":[{""duration_tick"":2,""onset_tick"":0,""pitch"":63,""tie"":""none"",""voice_token"":""voice_0331f8""},{""duration_tick"":2,""onset_tick"":2,""pitch"":60,""tie"":""none"",""voice_token"":""voice_0331f8""},{""duration_tick"":2,""onset_tick"":4,""pitch"":63,""tie"":""none"",""voice_token"":""voice_0331f8""},{""duration_tick"":2,""onset_tick"":6,""pitch"":63,""tie"":""none"",""voice_token"":""voice_0331f8""},{""duration_tick"":2,""onset_tick"":8,""pitch"":63,""tie"":""none"",""voice_token"":""voice_0331f8""}]}"
music_df156ae3dc165f,"{""events"":[{""duration_tick"":2,""onset_tick"":0,""pitch"":72,""tie"":""none"",""voice_token"":""voice_adeebf""},{""duration_tick"":2,""onset_tick"":2,""pitch"":68,""tie"":""none"",""voice_token"":""voice_adeebf""},{""duration_tick"":2,""onset_tick"":4,""pitch"":72,""tie"":""none"",""voice_token"":""voice_adeebf""},{""duration_tick"":2,""onset_tick"":6,""pitch"":67,""tie"":""none"",""voice_token"":""voice_adeebf""}]}"
music_3a7f2e4ab38870,"{""events"":[{""duration_tick"":1,""onset_tick"":0,""pitch"":72,""tie"":""none"",""voice_token"":""voice_adeebf""},{""duration_tick"":4,""onset_tick"":1,""pitch"":74,""tie"":""none"",""voice_token"":""voice_adeebf""},{""duration_tick"":4,""onset_tick"":5,""pitch"":74,""tie"":""none"",""voice_token"":""voice_adeebf""},{""duration_tick"":4,""onset_tick"":9,""pitch"":74,""tie"":""none"",""voice_token"":""voice_adeebf""},{""duration_tick"":2,""onset_tick"":13,""pitch"":75,""tie"":""none"",""voice_token"":""voice_adeebf""}]}"
music_6ca7d997d606de,"{""events"":[{""duration_tick"":12,""onset_tick"":0,""pitch"":76,""tie"":""none"",""voice_token"":""voice_bf2e2c""},{""duration_tick"":12,""onset_tick"":12,""pitch"":-1,""tie"":""none"",""voice_token"":""voice_bf2e2c""},{""duration_tick"":12,""onset_tick"":24,""pitch"":-1,""tie"":""none"",""voice_token"":""voice_bf2e2c""},{""duration_tick"":12,""onset_tick"":36,""pitch"":-1,""tie"":""none"",""voice_token"":""voice_bf2e2c""},{""duration_tick"":8,""onset_tick"":48,""pitch"":-1,""tie"":""none"",""voice_token"":""voice_bf2e2c""},{""duration_tick"":4,""onset_tick"":56,""pitch"":-1,""tie"":""none"",""voice_token"":""voice_bf2e2c""},{""duration_tick"":4,""onset_tick"":60,""pitch"":-1,""tie"":""none"",""voice_token"":""voice_bf2e2c""}]}"
music_8544256c5e1c5b,"{""events"":[{""duration_tick"":6,""onset_tick"":0,""pitch"":69,""tie"":""none"",""voice_token"":""voice_adeebf""},{""duration_tick"":2,""onset_tick"":6,""pitch"":74,""tie"":""none"",""voice_token"":""voice_adeebf""},{""duration_tick"":4,""onset_tick"":8,""pitch"":69,""tie"":""none"",""voice_token"":""voice_adeebf""},{""duration_tick"":2,""onset_tick"":12,""pitch"":69,""tie"":""none"",""voice_token"":""voice_adeebf""},{""duration_tick"":2,""onset_tick"":14,""pitch"":71,""tie"":""none"",""voice_token"":""voice_adeebf""},{""duration_tick"":8,""onset_tick"":16,""pitch"":68,""tie"":""none"",""voice_token"":""voice_adeebf""}]}"
music_73515bb4e463a2,"{""events"":[{""duration_tick"":4,""onset_tick"":0,""pitch"":76,""tie"":""none"",""voice_token"":""voice_adeebf""},{""duration_tick"":4,""onset_tick"":4,""pitch"":74,""tie"":""none"",""voice_token"":""voice_adeebf""},{""duration_tick"":2,""onset_tick"":8,""pitch"":74,""tie"":""none"",""voice_token"":""voice_adeebf""},{""duration_tick"":2,""onset_tick"":10,""pitch"":74,""tie"":""none"",""voice_token"":""voice_adeebf""},{""duration_tick"":2,""onset_tick"":12,""pitch"":74,""tie"":""none"",""voice_token"":""voice_adeebf""}]}"
music_cac15c7f1b7ed3,"{""events"":[{""duration_tick"":2,""onset_tick"":0,""pitch"":78,""tie"":""stop"",""voice_token"":""voice_bf2e2c""},{""duration_tick"":2,""onset_tick"":2,""pitch"":78,""tie"":""none"",""voice_token"":""voice_bf2e2c""},{""duration_tick"":1,""onset_tick"":4,""pitch"":78,""tie"":""none"",""voice_token"":""voice_bf2e2c""},{""duration_tick"":1,""onset_tick"":5,""pitch"":68,""tie"":""none"",""voice_token"":""voice_bf2e2c""},{""duration_tick"":1,""onset_tick"":6,""pitch"":71,""tie"":""none"",""voice_token"":""voice_bf2e2c""},{""duration_tick"":1,""onset_tick"":7,""pitch"":74,""tie"":""none"",""voice_token"":""voice_bf2e2c""}]}"
music_1f7970458b1376,"{""events"":[{""duration_tick"":8,""onset_tick"":0,""pitch"":74,""tie"":""none"",""voice_token"":""voice_0331f8""},{""duration_tick"":4,""onset_tick"":8,""pitch"":-1,""tie"":""none"",""voice_token"":""voice_0331f8""},{""duration_tick"":8,""onset_tick"":12,""pitch"":-1,""tie"":""none"",""voice_token"":""voice_0331f8""},{""duration_tick"":24,""onset_tick"":20,""pitch"":-1,""tie"":""none"",""voice_token"":""voice_0331f8""}]}"
music_f1b2e278eb2736,"{""events"":[{""duration_tick"":8,""onset_tick"":0,""pitch"":70,""tie"":""none"",""voice_token"":""voice_adeebf""},{""duration_tick"":4,""onset_tick"":8,""pitch"":68,""tie"":""none"",""voice_token"":""voice_adeebf""},{""duration_tick"":4,""onset_tick"":12,""pitch"":68,""tie"":""none"",""voice_token"":""voice_adeebf""},{""duration_tick"":4,""onset_tick"":16,""pitch"":72,""tie"":""none"",""voice_token"":""voice_adeebf""},{""duration_tick"":2,""onset_tick"":20,""pitch"":70,""tie"":""none"",""voice_token"":""voice_adeebf""}]}"
music_0208ef658b034a,"{""events"":[{""duration_tick"":4,""onset_tick"":0,""pitch"":67,""tie"":""none"",""voice_token"":""voice_adeebf""},{""duration_tick"":4,""onset_tick"":4,""pitch"":65,""tie"":""none"",""voice_token"":""voice_adeebf""},{""duration_tick"":2,""onset_tick"":8,""pitch"":65,""tie"":""none"",""voice_token"":""voice_adeebf""},{""duration_tick"":1,""onset_tick"":10,""pitch"":69,""tie"":""none"",""voice_token"":""voice_adeebf""},{""duration_tick"":1,""onset_tick"":11,""pitch"":69,""tie"":""none"",""voice_token"":""voice_adeebf""},{""duration_tick"":2,""onset_tick"":12,""pitch"":69,""tie"":""none"",""voice_token"":""voice_adeebf""}]}"
music_d573983acb1588,"{""events"":[{""duration_tick"":2,""onset_tick"":0,""pitch"":71,""tie"":""none"",""voice_token"":""voice_bf2e2c""},{""duration_tick"":4,""onset_tick"":2,""pitch"":69,""tie"":""none"",""voice_token"":""voice_bf2e2c""},{""duration_tick"":4,""onset_tick"":6,""pitch"":69,""tie"":""none"",""voice_token"":""voice_bf2e2c""},{""duration_tick"":4,""onset_tick"":10,""pitch"":74,""tie"":""none"",""voice_token"":""voice_bf2e2c""},{""duration_tick"":2,""onset_tick"":14,""pitch"":74,""tie"":""none"",""voice_token"":""voice_bf2e2c""},{""duration_tick"":2,""onset_tick"":16,""pitch"":-1,""tie"":""none"",""voice_token"":""voice_bf2e2c""}]}"
music_7e17b60d91e2e1,"{""events"":[{""duration_tick"":2,""onset_tick"":0,""pitch"":74,""tie"":""none"",""voice_token"":""voice_bf2e2c""},{""duration_tick"":1,""onset_tick"":2,""pitch"":72,""tie"":""none"",""voice_token"":""voice_bf2e2c""},{""duration_tick"":1,""onset_tick"":3,""pitch"":72,""tie"":""none"",""voice_token"":""voice_bf2e2c""},{""duration_tick"":2,""onset_tick"":4,""pitch"":72,""tie"":""none"",""voice_token"":""voice_bf2e2c""},{""duration_tick"":2,""onset_tick"":6,""pitch"":72,""tie"":""none"",""voice_token"":""voice_bf2e2c""}]}"
music_d9402d656ef882,"{""events"":[{""duration_tick"":2,""onset_tick"":0,""pitch"":72,""tie"":""none"",""voice_token"":""voice_adeebf""},{""duration_tick"":2,""onset_tick"":2,""pitch"":71,""tie"":""none"",""voice_token"":""voice_adeebf""},{""duration_tick"":2,""onset_tick"":4,""pitch"":72,""tie"":""none"",""voice_token"":""voice_adeebf""},{""duration_tick"":2,""onset_tick"":6,""pitch"":72,""tie"":""none"",""voice_token"":""voice_adeebf""},{""duration_tick"":2,""onset_tick"":8,""pitch"":74,""tie"":""none"",""voice_token"":""voice_adeebf""}]}"
music_ad4727c21f3a85,"{""events"":[{""duration_tick"":4,""onset_tick"":0,""pitch"":66,""tie"":""none"",""voice_token"":""voice_bf2e2c""},{""duration_tick"":4,""onset_tick"":4,""pitch"":66,""tie"":""none"",""voice_token"":""voice_bf2e2c""},{""duration_tick"":4,""onset_tick"":8,""pitch"":67,""tie"":""none"",""voice_token"":""voice_bf2e2c""},{""duration_tick"":4,""onset_tick"":12,""pitch"":68,""tie"":""none"",""voice_token"":""voice_bf2e2c""},{""duration_tick"":8,""onset_tick"":16,""pitch"":66,""tie"":""none"",""voice_token"":""voice_bf2e2c""},{""duration_tick"":4,""onset_tick"":24,""pitch"":67,""tie"":""none"",""voice_token"":""voice_bf2e2c""}]}"
music_de605b4d3f1d41,"{""events"":[{""duration_tick"":4,""onset_tick"":0,""pitch"":64,""tie"":""none"",""voice_token"":""voice_bf2e2c""},{""duration_tick"":2,""onset_tick"":4,""pitch"":64,""tie"":""none"",""voice_token"":""voice_bf2e2c""},{""duration_tick"":4,""onset_tick"":6,""pitch"":64,""tie"":""none"",""voice_token"":""voice_bf2e2c""},{""duration_tick"":3,""onset_tick"":10,""pitch"":72,""tie"":""none"",""voice_token"":""voice_bf2e2c""}]}"
music_f746f6949ab6ef,"{""events"":[{""duration_tick"":1,""onset_tick"":0,""pitch"":69,""tie"":""none"",""voice_token"":""voice_adeebf""},{""duration_tick"":2,""onset_tick"":1,""pitch"":69,""tie"":""none"",""voice_token"":""voice_adeebf""},{""duration_tick"":2,""onset_tick"":3,""pitch"":69,""tie"":""none"",""voice_token"":""voice_adeebf""},{""duration_tick"":2,""onset_tick"":5,""pitch"":72,""tie"":""none"",""voice_token"":""voice_adeebf""},{""duration_tick"":2,""onset_tick"":7,""pitch"":67,""tie"":""none"",""voice_token"":""voice_adeebf""}]}"
music_be4d9eacb15455,"{""events"":[{""duration_tick"":4,""onset_tick"":0,""pitch"":58,""tie"":""none"",""voice_token"":""voice_adeebf""},{""duration_tick"":8,""onset_tick"":4,""pitch"":60,""tie"":""none"",""voice_token"":""voice_adeebf""},{""duration_tick"":8,""onset_tick"":12,""pitch"":67,""tie"":""none"",""voice_token"":""voice_adeebf""},{""duration_tick"":4,""onset_tick"":20,""pitch"":63,""tie"":""none"",""voice_token"":""voice_adeebf""},{""duration_tick"":8,""onset_tick"":24,""pitch"":65,""tie"":""none"",""voice_token"":""voice_adeebf""},{""duration_tick"":4,""onset_tick"":32,""pitch"":62,""tie"":""none"",""voice_token"":""voice_adeebf""}]}"
music_30226cb6c26fce,"{""events"":[{""duration_tick"":4,""onset_tick"":0,""pitch"":65,""tie"":""none"",""voice_token"":""voice_7574bc""},{""duration_tick"":4,""onset_tick"":4,""pitch"":64,""tie"":""none"",""voice_token"":""voice_7574bc""},{""duration_tick"":4,""onset_tick"":8,""pitch"":64,""tie"":""none"",""voice_token"":""voice_7574bc""},{""duration_tick"":4,""onset_tick"":12,""pitch"":64,""tie"":""none"",""voice_token"":""voice_7574bc""},{""duration_tick"":8,""onset_tick"":16,""pitch"":63,""tie"":""none"",""voice_token"":""voice_7574bc""},{""duration_tick"":4,""onset_tick"":24,""pitch"":70,""tie"":""none"",""voice_token"":""voice_7574bc""}]}"
music_c8108c1e918d86,"{""events"":[{""duration_tick"":2,""onset_tick"":0,""pitch"":67,""tie"":""none"",""voice_token"":""voice_adeebf""},{""duration_tick"":1,""onset_tick"":2,""pitch"":67,""tie"":""none"",""voice_token"":""voice_adeebf""},{""duration_tick"":1,""onset_tick"":3,""pitch"":70,""tie"":""none"",""voice_token"":""voice_adeebf""},{""duration_tick"":4,""onset_tick"":4,""pitch"":72,""tie"":""none"",""voice_token"":""voice_adeebf""},{""duration_tick"":2,""onset_tick"":8,""pitch"":-1,""tie"":""none"",""voice_token"":""voice_adeebf""},{""duration_tick"":2,""onset_tick"":10,""pitch"":-1,""tie"":""none"",""voice_token"":""voice_adeebf""}]}"
music_cc2ea7bfdef171,"{""events"":[{""duration_tick"":2,""onset_tick"":0,""pitch"":64,""tie"":""none"",""voice_token"":""voice_bf2e2c""},{""duration_tick"":8,""onset_tick"":2,""pitch"":64,""tie"":""none"",""voice_token"":""voice_bf2e2c""},{""duration_tick"":4,""onset_tick"":10,""pitch"":64,""tie"":""none"",""voice_token"":""voice_bf2e2c""},{""duration_tick"":2,""onset_tick"":14,""pitch"":66,""tie"":""none"",""voice_token"":""voice_bf2e2c""},{""duration_tick"":1,""onset_tick"":16,""pitch"":67,""tie"":""none"",""voice_token"":""voice_bf2e2c""}]}"
music_3848961fa5668d,"{""events"":[{""duration_tick"":4,""onset_tick"":0,""pitch"":72,""tie"":""none"",""voice_token"":""voice_adeebf""},{""duration_tick"":2,""onset_tick"":4,""pitch"":73,""tie"":""none"",""voice_token"":""voice_adeebf""},{""duration_tick"":6,""onset_tick"":6,""pitch"":76,""tie"":""none"",""voice_token"":""voice_adeebf""},{""duration_tick"":6,""onset_tick"":12,""pitch"":73,""tie"":""none"",""voice_token"":""voice_adeebf""},{""duration_tick"":6,""onset_tick"":18,""pitch"":73,""tie"":""none"",""voice_token"":""voice_adeebf""}]}"
music_725460a44a56f7,"{""events"":[{""duration_tick"":2,""onset_tick"":0,""pitch"":69,""tie"":""none"",""voice_token"":""voice_bf2e2c""},{""duration_tick"":2,""onset_tick"":2,""pitch"":71,""tie"":""none"",""voice_token"":""voice_bf2e2c""},{""duration_tick"":2,""onset_tick"":4,""pitch"":76,""tie"":""none"",""voice_token"":""voice_bf2e2c""},{""duration_tick"":4,""onset_tick"":6,""pitch"":74,""tie"":""none"",""voice_token"":""voice_bf2e2c""},{""duration_tick"":2,""onset_tick"":10,""pitch"":74,""tie"":""none"",""voice_token"":""voice_bf2e2c""},{""duration_tick"":2,""onset_tick"":12,""pitch"":71,""tie"":""none"",""voice_token"":""voice_bf2e2c""}]}"
music_694f9c65f9aaad,"{""events"":[{""duration_tick"":4,""onset_tick"":0,""pitch"":71,""tie"":""none"",""voice_token"":""voice_adeebf""},{""duration_tick"":3,""onset_tick"":4,""pitch"":71,""tie"":""none"",""voice_token"":""voice_adeebf""},{""duration_tick"":1,""onset_tick"":7,""pitch"":70,""tie"":""none"",""voice_token"":""voice_adeebf""},{""duration_tick"":4,""onset_tick"":8,""pitch"":71,""tie"":""none"",""voice_token"":""voice_adeebf""},{""duration_tick"":3,""onset_tick"":12,""pitch"":71,""tie"":""none"",""voice_token"":""voice_adeebf""},{""duration_tick"":1,""onset_tick"":15,""pitch"":69,""tie"":""none"",""voice_token"":""voice_adeebf""}]}"
music_49a155824f0f56,"{""events"":[{""duration_tick"":3,""onset_tick"":0,""pitch"":75,""tie"":""none"",""voice_token"":""voice_bf2e2c""},{""duration_tick"":1,""onset_tick"":3,""pitch"":72,""tie"":""none"",""voice_token"":""voice_bf2e2c""},{""duration_tick"":2,""onset_tick"":4,""pitch"":70,""tie"":""none"",""voice_token"":""voice_bf2e2c""},{""duration_tick"":2,""onset_tick"":6,""pitch"":70,""tie"":""none"",""voice_token"":""voice_bf2e2c""},{""duration_tick"":4,""onset_tick"":8,""pitch"":68,""tie"":""none"",""voice_token"":""voice_bf2e2c""}]}"
music_8386f9da04b269,"{""events"":[{""duration_tick"":2,""onset_tick"":0,""pitch"":74,""tie"":""none"",""voice_token"":""voice_bf2e2c""},{""duration_tick"":4,""onset_tick"":2,""pitch"":72,""tie"":""none"",""voice_token"":""voice_bf2e2c""},{""duration_tick"":4,""onset_tick"":6,""pitch"":72,""tie"":""none"",""voice_token"":""voice_bf2e2c""},{""duration_tick"":4,""onset_tick"":10,""pitch"":72,""tie"":""none"",""voice_token"":""voice_bf2e2c""},{""duration_tick"":2,""onset_tick"":14,""pitch"":71,""tie"":""none"",""voice_token"":""voice_bf2e2c""},{""duration_tick"":2,""onset_tick"":16,""pitch"":76,""tie"":""none"",""voice_token"":""voice_bf2e2c""}]}"
music_a3f26f83a14f7e,"{""events"":[{""duration_tick"":2,""onset_tick"":0,""pitch"":72,""tie"":""none"",""voice_token"":""voice_bf2e2c""},{""duration_tick"":2,""onset_tick"":2,""pitch"":70,""tie"":""none"",""voice_token"":""voice_bf2e2c""},{""duration_tick"":4,""onset_tick"":4,""pitch"":79,""tie"":""none"",""voice_token"":""voice_bf2e2c""},{""duration_tick"":2,""onset_tick"":8,""pitch"":77,""tie"":""none"",""voice_token"":""voice_bf2e2c""},{""duration_tick"":2,""onset_tick"":10,""pitch"":77,""tie"":""none"",""voice_token"":""voice_bf2e2c""},{""duration_tick"":2,""onset_tick"":12,""pitch"":75,""tie"":""none"",""voice_token"":""voice_bf2e2c""},{""duration_tick"":2,""onset_tick"":14,""pitch"":72,""tie"":""none"",""voice_token"":""voice_bf2e2c""}]}"
music_c492e671607cc6,"{""events"":[{""duration_tick"":4,""onset_tick"":0,""pitch"":68,""tie"":""none"",""voice_token"":""voice_adeebf""},{""duration_tick"":4,""onset_tick"":4,""pitch"":71,""tie"":""none"",""voice_token"":""voice_adeebf""},{""duration_tick"":2,""onset_tick"":8,""pitch"":70,""tie"":""none"",""voice_token"":""voice_adeebf""},{""duration_tick"":2,""onset_tick"":10,""pitch"":-1,""tie"":""none"",""voice_token"":""voice_adeebf""},{""duration_tick"":4,""onset_tick"":12,""pitch"":-1,""tie"":""none"",""voice_token"":""voice_adeebf""},{""duration_tick"":16,""onset_tick"":16,""pitch"":-1,""tie"":""none"",""voice_token"":""voice_adeebf""},{""duration_tick"":16,""onset_tick"":32,""pitch"":-1,""tie"":""none"",""voice_token"":""voice_adeebf""}]}"
music_6d37365c868f5c,"{""events"":[{""duration_tick"":12,""onset_tick"":0,""pitch"":-1,""tie"":""none"",""voice_token"":""voice_adeebf""},{""duration_tick"":6,""onset_tick"":12,""pitch"":69,""tie"":""none"",""voice_token"":""voice_adeebf""},{""duration_tick"":6,""onset_tick"":18,""pitch"":69,""tie"":""none"",""voice_token"":""voice_adeebf""},{""duration_tick"":2,""onset_tick"":24,""pitch"":76,""tie"":""none"",""voice_token"":""voice_adeebf""}]}"
music_438f6c9e75a959,"{""events"":[{""duration_tick"":4,""onset_tick"":0,""pitch"":65,""tie"":""none"",""voice_token"":""voice_adeebf""},{""duration_tick"":8,""onset_tick"":4,""pitch"":68,""tie"":""none"",""voice_token"":""voice_adeebf""},{""duration_tick"":8,""onset_tick"":12,""pitch"":68,""tie"":""none"",""voice_token"":""voice_adeebf""},{""duration_tick"":8,""onset_tick"":20,""pitch"":70,""tie"":""none"",""voice_token"":""voice_adeebf""},{""duration_tick"":4,""onset_tick"":28,""pitch"":68,""tie"":""none"",""voice_token"":""voice_adeebf""}]}"
music_8f8670fda3337d,"{""events"":[{""duration_tick"":4,""onset_tick"":0,""pitch"":66,""tie"":""none"",""voice_token"":""voice_adeebf""},{""duration_tick"":4,""onset_tick"":4,""pitch"":71,""tie"":""none"",""voice_token"":""voice_adeebf""},{""duration_tick"":8,""onset_tick"":8,""pitch"":68,""tie"":""none"",""voice_token"":""voice_adeebf""},{""duration_tick"":4,""onset_tick"":16,""pitch"":76,""tie"":""start"",""voice_token"":""voice_adeebf""}]}"
music_b243b918fd0a00,"{""events"":[{""duration_tick"":2,""onset_tick"":0,""pitch"":78,""tie"":""none"",""voice_token"":""voice_adeebf""},{""duration_tick"":4,""onset_tick"":2,""pitch"":77,""tie"":""none"",""voice_token"":""voice_adeebf""},{""duration_tick"":2,""onset_tick"":6,""pitch"":77,""tie"":""none"",""voice_token"":""voice_adeebf""},{""duration_tick"":4,""onset_tick"":8,""pitch"":77,""tie"":""none"",""voice_token"":""voice_adeebf""},{""duration_tick"":8,""onset_tick"":12,""pitch"":77,""tie"":""none"",""voice_token"":""voice_adeebf""},{""duration_tick"":3,""onset_tick"":20,""pitch"":74,""tie"":""none"",""voice_token"":""voice_adeebf""}]}"
music_11ec3d45a483ce,"{""events"":[{""duration_tick"":1,""onset_tick"":0,""pitch"":71,""tie"":""none"",""voice_token"":""voice_adeebf""},{""duration_tick"":1,""onset_tick"":1,""pitch"":72,""tie"":""none"",""voice_token"":""voice_adeebf""},{""duration_tick"":1,""onset_tick"":2,""pitch"":71,""tie"":""none"",""voice_token"":""voice_adeebf""},{""duration_tick"":1,""onset_tick"":3,""pitch"":72,""tie"":""none"",""voice_token"":""voice_adeebf""},{""duration_tick"":2,""onset_tick"":4,""pitch"":76,""tie"":""none"",""voice_token"":""voice_adeebf""},{""duration_tick"":2,""onset_tick"":6,""pitch"":71,""tie"":""none"",""voice_token"":""voice_adeebf""}]}"
music_0f36f6aad8400b,"{""events"":[{""duration_tick"":4,""onset_tick"":0,""pitch"":71,""tie"":""none"",""voice_token"":""voice_adeebf""},{""duration_tick"":4,""onset_tick"":4,""pitch"":69,""tie"":""none"",""voice_token"":""voice_adeebf""},{""duration_tick"":4,""onset_tick"":8,""pitch"":67,""tie"":""none"",""voice_token"":""voice_adeebf""},{""duration_tick"":4,""onset_tick"":12,""pitch"":66,""tie"":""none"",""voice_token"":""voice_adeebf""},{""duration_tick"":4,""onset_tick"":16,""pitch"":69,""tie"":""none"",""voice_token"":""voice_adeebf""},{""duration_tick"":4,""onset_tick"":20,""pitch"":74,""tie"":""none"",""voice_token"":""voice_adeebf""},{""duration_tick"":4,""onset_tick"":24,""pitch"":69,""tie"":""none"",""voice_token"":""voice_adeebf""}]}"
music_ba9bc1808df22d,"{""events"":[{""duration_tick"":8,""onset_tick"":0,""pitch"":67,""tie"":""stop"",""voice_token"":""voice_adeebf""},{""duration_tick"":8,""onset_tick"":8,""pitch"":-1,""tie"":""none"",""voice_token"":""voice_adeebf""},{""duration_tick"":8,""onset_tick"":16,""pitch"":-1,""tie"":""none"",""voice_token"":""voice_adeebf""},{""duration_tick"":4,""onset_tick"":24,""pitch"":72,""tie"":""none"",""voice_token"":""voice_adeebf""},{""duration_tick"":4,""onset_tick"":28,""pitch"":-1,""tie"":""none"",""voice_token"":""voice_adeebf""},{""duration_tick"":8,""onset_tick"":32,""pitch"":-1,""tie"":""none"",""voice_token"":""voice_adeebf""},{""duration_tick"":2,""onset_tick"":40,""pitch"":72,""tie"":""none"",""voice_token"":""voice_adeebf""}]}"
music_e9038171333432,"{""events"":[{""duration_tick"":2,""onset_tick"":0,""pitch"":64,""tie"":""none"",""voice_token"":""voice_adeebf""},{""duration_tick"":2,""onset_tick"":2,""pitch"":66,""tie"":""none"",""voice_token"":""voice_adeebf""},{""duration_tick"":2,""onset_tick"":4,""pitch"":64,""tie"":""none"",""voice_token"":""voice_adeebf""},{""duration_tick"":2,""onset_tick"":6,""pitch"":64,""tie"":""none"",""voice_token"":""voice_adeebf""},{""duration_tick"":2,""onset_tick"":8,""pitch"":66,""tie"":""none"",""voice_token"":""voice_adeebf""}]}"
music_27dc206ded6472,"{""events"":[{""duration_tick"":4,""onset_tick"":0,""pitch"":68,""tie"":""none"",""voice_token"":""voice_adeebf""},{""duration_tick"":6,""onset_tick"":4,""pitch"":68,""tie"":""none"",""voice_token"":""voice_adeebf""},{""duration_tick"":2,""onset_tick"":10,""pitch"":61,""tie"":""none"",""voice_token"":""voice_adeebf""},{""duration_tick"":4,""onset_tick"":12,""pitch"":61,""tie"":""none"",""voice_token"":""voice_adeebf""},{""duration_tick"":2,""onset_tick"":16,""pitch"":61,""tie"":""none"",""voice_token"":""voice_adeebf""}]}"
music_75cf8a1a61adec,"{""events"":[{""duration_tick"":2,""onset_tick"":0,""pitch"":64,""tie"":""none"",""voice_token"":""voice_adeebf""},{""duration_tick"":2,""onset_tick"":2,""pitch"":67,""tie"":""none"",""voice_token"":""voice_adeebf""},{""duration_tick"":6,""onset_tick"":4,""pitch"":74,""tie"":""none"",""voice_token"":""voice_adeebf""},{""duration_tick"":2,""onset_tick"":10,""pitch"":71,""tie"":""none"",""voice_token"":""voice_adeebf""},{""duration_tick"":6,""onset_tick"":12,""pitch"":69,""tie"":""none"",""voice_token"":""voice_adeebf""},{""duration_tick"":2,""onset_tick"":18,""pitch"":67,""tie"":""none"",""voice_token"":""voice_adeebf""}]}"
music_89d025fb16d8e7,"{""events"":[{""duration_tick"":6,""onset_tick"":0,""pitch"":67,""tie"":""none"",""voice_token"":""voice_adeebf""},{""duration_tick"":2,""onset_tick"":6,""pitch"":67,""tie"":""none"",""voice_token"":""voice_adeebf""},{""duration_tick"":6,""onset_tick"":8,""pitch"":65,""tie"":""none"",""voice_token"":""voice_adeebf""},{""duration_tick"":2,""onset_tick"":14,""pitch"":67,""tie"":""none"",""voice_token"":""voice_adeebf""},{""duration_tick"":2,""onset_tick"":16,""pitch"":69,""tie"":""none"",""voice_token"":""voice_adeebf""},{""duration_tick"":8,""onset_tick"":18,""pitch"":69,""tie"":""none"",""voice_token"":""voice_adeebf""},{""duration_tick"":2,""onset_tick"":26,""pitch"":69,""tie"":""none"",""voice_token"":""voice_adeebf""}]}"
music_dafefb83da6029,"{""events"":[{""duration_tick"":3,""onset_tick"":0,""pitch"":-1,""tie"":""none"",""voice_token"":""voice_0284f7""},{""duration_tick"":1,""onset_tick"":3,""pitch"":73,""tie"":""none"",""voice_token"":""voice_0284f7""},{""duration_tick"":3,""onset_tick"":4,""pitch"":71,""tie"":""none"",""voice_token"":""voice_0284f7""},{""duration_tick"":1,""onset_tick"":7,""pitch"":71,""tie"":""none"",""voice_token"":""voice_0284f7""},{""duration_tick"":3,""onset_tick"":8,""pitch"":71,""tie"":""none"",""voice_token"":""voice_0284f7""}]}"
music_da83f79d3ca5dc,"{""events"":[{""duration_tick"":1,""onset_tick"":0,""pitch"":61,""tie"":""none"",""voice_token"":""voice_adeebf""},{""duration_tick"":2,""onset_tick"":1,""pitch"":61,""tie"":""none"",""voice_token"":""voice_adeebf""},{""duration_tick"":4,""onset_tick"":3,""pitch"":61,""tie"":""none"",""voice_token"":""voice_adeebf""},{""duration_tick"":4,""onset_tick"":7,""pitch"":61,""tie"":""none"",""voice_token"":""voice_adeebf""}]}"
music_9f0b3be8090166,"{""events"":[{""duration_tick"":2,""onset_tick"":0,""pitch"":72,""tie"":""none"",""voice_token"":""voice_adeebf""},{""duration_tick"":4,""onset_tick"":2,""pitch"":70,""tie"":""none"",""voice_token"":""voice_adeebf""},{""duration_tick"":4,""onset_tick"":6,""pitch"":69,""tie"":""none"",""voice_token"":""voice_adeebf""},{""duration_tick"":8,""onset_tick"":10,""pitch"":70,""tie"":""none"",""voice_token"":""voice_adeebf""},{""duration_tick"":16,""onset_tick"":18,""pitch"":70,""tie"":""none"",""voice_token"":""voice_adeebf""},{""duration_tick"":6,""onset_tick"":34,""pitch"":70,""tie"":""none"",""voice_token"":""voice_adeebf""}]}"
music_c8c61071e54711,"{""events"":[{""duration_tick"":2,""onset_tick"":0,""pitch"":71,""tie"":""none"",""voice_token"":""voice_0331f8""},{""duration_tick"":2,""onset_tick"":2,""pitch"":71,""tie"":""none"",""voice_token"":""voice_0331f8""},{""duration_tick"":2,""onset_tick"":4,""pitch"":70,""tie"":""none"",""voice_token"":""voice_0331f8""},{""duration_tick"":2,""onset_tick"":6,""pitch"":70,""tie"":""none"",""voice_token"":""voice_0331f8""},{""duration_tick"":6,""onset_tick"":8,""pitch"":70,""tie"":""none"",""voice_token"":""voice_0331f8""},{""duration_tick"":2,""onset_tick"":14,""pitch"":71,""tie"":""none"",""voice_token"":""voice_0331f8""},{""duration_tick"":2,""onset_tick"":16,""pitch"":70,""tie"":""none"",""voice_token"":""voice_0331f8""}]}"
music_94131d2aded6af,"{""events"":[{""duration_tick"":2,""onset_tick"":0,""pitch"":-1,""tie"":""none"",""voice_token"":""voice_adeebf""},{""duration_tick"":2,""onset_tick"":2,""pitch"":-1,""tie"":""none"",""voice_token"":""voice_adeebf""},{""duration_tick"":2,""onset_tick"":4,""pitch"":63,""tie"":""none"",""voice_token"":""voice_adeebf""},{""duration_tick"":6,""onset_tick"":6,""pitch"":60,""tie"":""none"",""voice_token"":""voice_adeebf""},{""duration_tick"":2,""onset_tick"":12,""pitch"":67,""tie"":""none"",""voice_token"":""voice_adeebf""},{""duration_tick"":2,""onset_tick"":14,""pitch"":67,""tie"":""none"",""voice_token"":""voice_adeebf""}]}"
music_56001f8180a99f,"{""events"":[{""duration_tick"":4,""onset_tick"":0,""pitch"":64,""tie"":""none"",""voice_token"":""voice_bf2e2c""},{""duration_tick"":3,""onset_tick"":4,""pitch"":67,""tie"":""none"",""voice_token"":""voice_bf2e2c""},{""duration_tick"":1,""onset_tick"":7,""pitch"":62,""tie"":""none"",""voice_token"":""voice_bf2e2c""},{""duration_tick"":4,""onset_tick"":8,""pitch"":62,""tie"":""none"",""voice_token"":""voice_bf2e2c""},{""duration_tick"":4,""onset_tick"":12,""pitch"":62,""tie"":""none"",""voice_token"":""voice_bf2e2c""}]}"
music_633ed5d6ef715d,"{""events"":[{""duration_tick"":2,""onset_tick"":0,""pitch"":76,""tie"":""none"",""voice_token"":""voice_0284f7""},{""duration_tick"":2,""onset_tick"":2,""pitch"":73,""tie"":""none"",""voice_token"":""voice_0284f7""},{""duration_tick"":2,""onset_tick"":4,""pitch"":73,""tie"":""none"",""voice_token"":""voice_0284f7""},{""duration_tick"":2,""onset_tick"":6,""pitch"":78,""tie"":""none"",""voice_token"":""voice_0284f7""},{""duration_tick"":2,""onset_tick"":8,""pitch"":78,""tie"":""none"",""voice_token"":""voice_0284f7""},{""duration_tick"":2,""onset_tick"":10,""pitch"":76,""tie"":""none"",""voice_token"":""voice_0284f7""},{""duration_tick"":2,""onset_tick"":12,""pitch"":76,""tie"":""none"",""voice_token"":""voice_0284f7""}]}"
music_10389de744662c,"{""events"":[{""duration_tick"":4,""onset_tick"":0,""pitch"":69,""tie"":""none"",""voice_token"":""voice_adeebf""},{""duration_tick"":4,""onset_tick"":4,""pitch"":72,""tie"":""none"",""voice_token"":""voice_adeebf""},{""duration_tick"":4,""onset_tick"":8,""pitch"":71,""tie"":""none"",""voice_token"":""voice_adeebf""},{""duration_tick"":4,""onset_tick"":12,""pitch"":67,""tie"":""none"",""voice_token"":""voice_adeebf""},{""duration_tick"":4,""onset_tick"":16,""pitch"":69,""tie"":""none"",""voice_token"":""voice_adeebf""}]}"
music_2942c13ebe720e,"{""events"":[{""duration_tick"":4,""onset_tick"":0,""pitch"":64,""tie"":""none"",""voice_token"":""voice_bf2e2c""},{""duration_tick"":4,""onset_tick"":4,""pitch"":64,""tie"":""none"",""voice_token"":""voice_bf2e2c""},{""duration_tick"":4,""onset_tick"":8,""pitch"":63,""tie"":""none"",""voice_token"":""voice_bf2e2c""},{""duration_tick"":4,""onset_tick"":12,""pitch"":63,""tie"":""none"",""voice_token"":""voice_bf2e2c""}]}"
music_30291a2ebd8b11,"{""events"":[{""duration_tick"":2,""onset_tick"":0,""pitch"":70,""tie"":""none"",""voice_token"":""voice_bf2e2c""},{""duration_tick"":6,""onset_tick"":2,""pitch"":70,""tie"":""none"",""voice_token"":""voice_bf2e2c""},{""duration_tick"":2,""onset_tick"":8,""pitch"":69,""tie"":""none"",""voice_token"":""voice_bf2e2c""},{""duration_tick"":2,""onset_tick"":10,""pitch"":67,""tie"":""none"",""voice_token"":""voice_bf2e2c""}]}"
music_e50186e7c82aae,"{""events"":[{""duration_tick"":2,""onset_tick"":0,""pitch"":67,""tie"":""none"",""voice_token"":""voice_adeebf""},{""duration_tick"":8,""onset_tick"":2,""pitch"":67,""tie"":""none"",""voice_token"":""voice_adeebf""},{""duration_tick"":4,""onset_tick"":10,""pitch"":67,""tie"":""none"",""voice_token"":""voice_adeebf""},{""duration_tick"":4,""onset_tick"":14,""pitch"":64,""tie"":""start"",""voice_token"":""voice_adeebf""}]}"
music_5086a42408a753,"{""events"":[{""duration_tick"":12,""onset_tick"":0,""pitch"":68,""tie"":""none"",""voice_token"":""voice_adeebf""},{""duration_tick"":4,""onset_tick"":12,""pitch"":68,""tie"":""none"",""voice_token"":""voice_adeebf""},{""duration_tick"":4,""onset_tick"":16,""pitch"":-1,""tie"":""none"",""voice_token"":""voice_adeebf""},{""duration_tick"":4,""onset_tick"":20,""pitch"":-1,""tie"":""none"",""voice_token"":""voice_adeebf""},{""duration_tick"":16,""onset_tick"":24,""pitch"":-1,""tie"":""none"",""voice_token"":""voice_adeebf""}]}"
music_07815c767df2f0,"{""events"":[{""duration_tick"":4,""onset_tick"":0,""pitch"":-1,""tie"":""none"",""voice_token"":""voice_e8cd7c""},{""duration_tick"":8,""onset_tick"":4,""pitch"":-1,""tie"":""none"",""voice_token"":""voice_e8cd7c""},{""duration_tick"":16,""onset_tick"":12,""pitch"":-1,""tie"":""none"",""voice_token"":""voice_e8cd7c""},{""duration_tick"":16,""onset_tick"":28,""pitch"":-1,""tie"":""none"",""voice_token"":""voice_e8cd7c""},{""duration_tick"":16,""onset_tick"":44,""pitch"":-1,""tie"":""none"",""voice_token"":""voice_e8cd7c""},{""duration_tick"":16,""onset_tick"":60,""pitch"":-1,""tie"":""none"",""voice_token"":""voice_e8cd7c""}]}"
music_551b4664c46624,"{""events"":[{""duration_tick"":1,""onset_tick"":0,""pitch"":71,""tie"":""none"",""voice_token"":""voice_adeebf""},{""duration_tick"":2,""onset_tick"":1,""pitch"":67,""tie"":""none"",""voice_token"":""voice_adeebf""},{""duration_tick"":4,""onset_tick"":3,""pitch"":66,""tie"":""none"",""voice_token"":""voice_adeebf""},{""duration_tick"":4,""onset_tick"":7,""pitch"":67,""tie"":""none"",""voice_token"":""voice_adeebf""},{""duration_tick"":2,""onset_tick"":11,""pitch"":71,""tie"":""none"",""voice_token"":""voice_adeebf""},{""duration_tick"":2,""onset_tick"":13,""pitch"":69,""tie"":""none"",""voice_token"":""voice_adeebf""}]}"
music_ce89fc20bfbb00,"{""events"":[{""duration_tick"":8,""onset_tick"":0,""pitch"":63,""tie"":""none"",""voice_token"":""voice_0331f8""},{""duration_tick"":8,""onset_tick"":8,""pitch"":61,""tie"":""none"",""voice_token"":""voice_0331f8""},{""duration_tick"":8,""onset_tick"":16,""pitch"":68,""tie"":""none"",""voice_token"":""voice_0331f8""},{""duration_tick"":8,""onset_tick"":24,""pitch"":68,""tie"":""none"",""voice_token"":""voice_0331f8""},{""duration_tick"":4,""onset_tick"":32,""pitch"":68,""tie"":""none"",""voice_token"":""voice_0331f8""},{""duration_tick"":2,""onset_tick"":36,""pitch"":66,""tie"":""none"",""voice_token"":""voice_0331f8""}]}"
music_ee4215c645eaf2,"{""events"":[{""duration_tick"":4,""onset_tick"":0,""pitch"":67,""tie"":""none"",""voice_token"":""voice_adeebf""},{""duration_tick"":2,""onset_tick"":4,""pitch"":64,""tie"":""none"",""voice_token"":""voice_adeebf""},{""duration_tick"":6,""onset_tick"":6,""pitch"":65,""tie"":""none"",""voice_token"":""voice_adeebf""},{""duration_tick"":4,""onset_tick"":12,""pitch"":-1,""tie"":""none"",""voice_token"":""voice_adeebf""}]}"
music_ab86450a984e05,"{""events"":[{""duration_tick"":6,""onset_tick"":0,""pitch"":69,""tie"":""none"",""voice_token"":""voice_adeebf""},{""duration_tick"":2,""onset_tick"":6,""pitch"":71,""tie"":""none"",""voice_token"":""voice_adeebf""},{""duration_tick"":4,""onset_tick"":8,""pitch"":69,""tie"":""none"",""voice_token"":""voice_adeebf""},{""duration_tick"":8,""onset_tick"":12,""pitch"":67,""tie"":""none"",""voice_token"":""voice_adeebf""},{""duration_tick"":4,""onset_tick"":20,""pitch"":67,""tie"":""none"",""voice_token"":""voice_adeebf""},{""duration_tick"":8,""onset_tick"":24,""pitch"":69,""tie"":""none"",""voice_token"":""voice_adeebf""}]}"
music_b4275abd331536,"{""events"":[{""duration_tick"":4,""onset_tick"":0,""pitch"":70,""tie"":""none"",""voice_token"":""voice_adeebf""},{""duration_tick"":4,""onset_tick"":4,""pitch"":69,""tie"":""none"",""voice_token"":""voice_adeebf""},{""duration_tick"":4,""onset_tick"":8,""pitch"":70,""tie"":""none"",""voice_token"":""voice_adeebf""},{""duration_tick"":16,""onset_tick"":12,""pitch"":72,""tie"":""none"",""voice_token"":""voice_adeebf""},{""duration_tick"":4,""onset_tick"":28,""pitch"":72,""tie"":""none"",""voice_token"":""voice_adeebf""},{""duration_tick"":4,""onset_tick"":32,""pitch"":69,""tie"":""none"",""voice_token"":""voice_adeebf""}]}"
music_268d5f8e2556ce,"{""events"":[{""duration_tick"":2,""onset_tick"":0,""pitch"":69,""tie"":""none"",""voice_token"":""voice_bf2e2c""},{""duration_tick"":4,""onset_tick"":2,""pitch"":70,""tie"":""none"",""voice_token"":""voice_bf2e2c""},{""duration_tick"":2,""onset_tick"":6,""pitch"":69,""tie"":""none"",""voice_token"":""voice_bf2e2c""},{""duration_tick"":2,""onset_tick"":8,""pitch"":67,""tie"":""none"",""voice_token"":""voice_bf2e2c""},{""duration_tick"":2,""onset_tick"":10,""pitch"":69,""tie"":""none"",""voice_token"":""voice_bf2e2c""}]}"
music_d94bf56745a78a,"{""events"":[{""duration_tick"":4,""onset_tick"":0,""pitch"":67,""tie"":""none"",""voice_token"":""voice_0331f8""},{""duration_tick"":4,""onset_tick"":4,""pitch"":66,""tie"":""none"",""voice_token"":""voice_0331f8""},{""duration_tick"":8,""onset_tick"":8,""pitch"":67,""tie"":""none"",""voice_token"":""voice_0331f8""},{""duration_tick"":4,""onset_tick"":16,""pitch"":65,""tie"":""none"",""voice_token"":""voice_0331f8""},{""duration_tick"":4,""onset_tick"":20,""pitch"":68,""tie"":""none"",""voice_token"":""voice_0331f8""},{""duration_tick"":2,""onset_tick"":24,""pitch"":69,""tie"":""none"",""voice_token"":""voice_0331f8""}]}"
music_1009b79437c7be,"{""events"":[{""duration_tick"":4,""onset_tick"":0,""pitch"":76,""tie"":""none"",""voice_token"":""voice_e13020""},{""duration_tick"":4,""onset_tick"":4,""pitch"":72,""tie"":""none"",""voice_token"":""voice_e13020""},{""duration_tick"":4,""onset_tick"":8,""pitch"":72,""tie"":""none"",""voice_token"":""voice_e13020""},{""duration_tick"":4,""onset_tick"":12,""pitch"":74,""tie"":""none"",""voice_token"":""voice_e13020""}]}"
music_4591119559ef2d,"{""events"":[{""duration_tick"":4,""onset_tick"":0,""pitch"":73,""tie"":""none"",""voice_token"":""voice_bf2e2c""},{""duration_tick"":4,""onset_tick"":4,""pitch"":74,""tie"":""none"",""voice_token"":""voice_bf2e2c""},{""duration_tick"":4,""onset_tick"":8,""pitch"":72,""tie"":""none"",""voice_token"":""voice_bf2e2c""},{""duration_tick"":4,""onset_tick"":12,""pitch"":70,""tie"":""none"",""voice_token"":""voice_bf2e2c""},{""duration_tick"":4,""onset_tick"":16,""pitch"":69,""tie"":""none"",""voice_token"":""voice_bf2e2c""}]}"
music_6d13399d0a93b1,"{""events"":[{""duration_tick"":1,""onset_tick"":0,""pitch"":73,""tie"":""none"",""voice_token"":""voice_adeebf""},{""duration_tick"":8,""onset_tick"":1,""pitch"":72,""tie"":""none"",""voice_token"":""voice_adeebf""},{""duration_tick"":4,""onset_tick"":9,""pitch"":-1,""tie"":""none"",""voice_token"":""voice_adeebf""},{""duration_tick"":4,""onset_tick"":13,""pitch"":-1,""tie"":""none"",""voice_token"":""voice_adeebf""},{""duration_tick"":12,""onset_tick"":17,""pitch"":-1,""tie"":""none"",""voice_token"":""voice_adeebf""},{""duration_tick"":12,""onset_tick"":29,""pitch"":73,""tie"":""none"",""voice_token"":""voice_adeebf""}]}"
music_36f7f1d856d60b,"{""events"":[{""duration_tick"":4,""onset_tick"":0,""pitch"":78,""tie"":""none"",""voice_token"":""voice_adeebf""},{""duration_tick"":4,""onset_tick"":4,""pitch"":75,""tie"":""none"",""voice_token"":""voice_adeebf""},{""duration_tick"":2,""onset_tick"":8,""pitch"":73,""tie"":""none"",""voice_token"":""voice_adeebf""},{""duration_tick"":2,""onset_tick"":10,""pitch"":71,""tie"":""none"",""voice_token"":""voice_adeebf""},{""duration_tick"":2,""onset_tick"":12,""pitch"":76,""tie"":""none"",""voice_token"":""voice_adeebf""}]}"
music_06b87ddb61045d,"{""events"":[{""duration_tick"":3,""onset_tick"":0,""pitch"":64,""tie"":""stop"",""voice_token"":""voice_adeebf""},{""duration_tick"":1,""onset_tick"":3,""pitch"":64,""tie"":""none"",""voice_token"":""voice_adeebf""},{""duration_tick"":3,""onset_tick"":4,""pitch"":68,""tie"":""none"",""voice_token"":""voice_adeebf""},{""duration_tick"":1,""onset_tick"":7,""pitch"":71,""tie"":""none"",""voice_token"":""voice_adeebf""},{""duration_tick"":1,""onset_tick"":8,""pitch"":69,""tie"":""none"",""voice_token"":""voice_adeebf""},{""duration_tick"":1,""onset_tick"":9,""pitch"":66,""tie"":""none"",""voice_token"":""voice_adeebf""},{""duration_tick"":2,""onset_tick"":10,""pitch"":66,""tie"":""none"",""voice_token"":""voice_adeebf""}]}"
music_04a1985f6df527,"{""events"":[{""duration_tick"":2,""onset_tick"":0,""pitch"":68,""tie"":""none"",""voice_token"":""voice_bf2e2c""},{""duration_tick"":2,""onset_tick"":2,""pitch"":73,""tie"":""none"",""voice_token"":""voice_bf2e2c""},{""duration_tick"":2,""onset_tick"":4,""pitch"":73,""tie"":""none"",""voice_token"":""voice_bf2e2c""},{""duration_tick"":2,""onset_tick"":6,""pitch"":73,""tie"":""none"",""voice_token"":""voice_bf2e2c""},{""duration_tick"":2,""onset_tick"":8,""pitch"":75,""tie"":""none"",""voice_token"":""voice_bf2e2c""},{""duration_tick"":2,""onset_tick"":10,""pitch"":73,""tie"":""none"",""voice_token"":""voice_bf2e2c""},{""duration_tick"":2,""onset_tick"":12,""pitch"":71,""tie"":""none"",""voice_token"":""voice_bf2e2c""}]}"
music_bb5289e25c53e7,"{""events"":[{""duration_tick"":4,""onset_tick"":0,""pitch"":57,""tie"":""none"",""voice_token"":""voice_bdd9b1""},{""duration_tick"":12,""onset_tick"":4,""pitch"":58,""tie"":""none"",""voice_token"":""voice_bdd9b1""},{""duration_tick"":12,""onset_tick"":16,""pitch"":60,""tie"":""none"",""voice_token"":""voice_bdd9b1""},{""duration_tick"":12,""onset_tick"":28,""pitch"":60,""tie"":""none"",""voice_token"":""voice_bdd9b1""},{""duration_tick"":4,""onset_tick"":40,""pitch"":64,""tie"":""none"",""voice_token"":""voice_bdd9b1""},{""duration_tick"":4,""onset_tick"":44,""pitch"":65,""tie"":""none"",""voice_token"":""voice_bdd9b1""},{""duration_tick"":4,""onset_tick"":48,""pitch"":63,""tie"":""none"",""voice_token"":""voice_bdd9b1""}]}"
music_e9b17495a63f50,"{""events"":[{""duration_tick"":6,""onset_tick"":0,""pitch"":71,""tie"":""none"",""voice_token"":""voice_58b2be""},{""duration_tick"":2,""onset_tick"":6,""pitch"":71,""tie"":""none"",""voice_token"":""voice_58b2be""},{""duration_tick"":6,""onset_tick"":8,""pitch"":70,""tie"":""none"",""voice_token"":""voice_58b2be""},{""duration_tick"":6,""onset_tick"":14,""pitch"":69,""tie"":""none"",""voice_token"":""voice_58b2be""}]}"
music_12bcb514804f99,"{""events"":[{""duration_tick"":2,""onset_tick"":0,""pitch"":74,""tie"":""none"",""voice_token"":""voice_bf2e2c""},{""duration_tick"":2,""onset_tick"":2,""pitch"":73,""tie"":""none"",""voice_token"":""voice_bf2e2c""},{""duration_tick"":2,""onset_tick"":4,""pitch"":76,""tie"":""none"",""voice_token"":""voice_bf2e2c""},{""duration_tick"":2,""onset_tick"":6,""pitch"":76,""tie"":""none"",""voice_token"":""voice_bf2e2c""},{""duration_tick"":3,""onset_tick"":8,""pitch"":75,""tie"":""none"",""voice_token"":""voice_bf2e2c""}]}"
music_c4682c52ca79da,"{""events"":[{""duration_tick"":4,""onset_tick"":0,""pitch"":73,""tie"":""none"",""voice_token"":""voice_bf2e2c""},{""duration_tick"":4,""onset_tick"":4,""pitch"":73,""tie"":""none"",""voice_token"":""voice_bf2e2c""},{""duration_tick"":4,""onset_tick"":8,""pitch"":73,""tie"":""none"",""voice_token"":""voice_bf2e2c""},{""duration_tick"":12,""onset_tick"":12,""pitch"":73,""tie"":""none"",""voice_token"":""voice_bf2e2c""},{""duration_tick"":4,""onset_tick"":24,""pitch"":72,""tie"":""none"",""voice_token"":""voice_bf2e2c""},{""duration_tick"":4,""onset_tick"":28,""pitch"":72,""tie"":""none"",""voice_token"":""voice_bf2e2c""}]}"
music_202665168d6b67,"{""events"":[{""duration_tick"":4,""onset_tick"":0,""pitch"":65,""tie"":""none"",""voice_token"":""voice_adeebf""},{""duration_tick"":4,""onset_tick"":4,""pitch"":65,""tie"":""none"",""voice_token"":""voice_adeebf""},{""duration_tick"":8,""onset_tick"":8,""pitch"":65,""tie"":""none"",""voice_token"":""voice_adeebf""},{""duration_tick"":4,""onset_tick"":16,""pitch"":70,""tie"":""none"",""voice_token"":""voice_adeebf""},{""duration_tick"":4,""onset_tick"":20,""pitch"":70,""tie"":""none"",""voice_token"":""voice_adeebf""},{""duration_tick"":4,""onset_tick"":24,""pitch"":70,""tie"":""none"",""voice_token"":""voice_adeebf""},{""duration_tick"":4,""onset_tick"":28,""pitch"":70,""tie"":""none"",""voice_token"":""voice_adeebf""}]}"
music_f9349cc26b4db5,"{""events"":[{""duration_tick"":1,""onset_tick"":0,""pitch"":72,""tie"":""none"",""voice_token"":""voice_7574bc""},{""duration_tick"":4,""onset_tick"":1,""pitch"":69,""tie"":""none"",""voice_token"":""voice_7574bc""},{""duration_tick"":2,""onset_tick"":5,""pitch"":72,""tie"":""none"",""voice_token"":""voice_7574bc""},{""duration_tick"":4,""onset_tick"":7,""pitch"":74,""tie"":""none"",""voice_token"":""voice_7574bc""}]}"
music_e31d6ef79f3a82,"{""events"":[{""duration_tick"":2,""onset_tick"":0,""pitch"":-1,""tie"":""none"",""voice_token"":""voice_a0c26a""},{""duration_tick"":6,""onset_tick"":2,""pitch"":75,""tie"":""none"",""voice_token"":""voice_a0c26a""},{""duration_tick"":6,""onset_tick"":8,""pitch"":75,""tie"":""none"",""voice_token"":""voice_a0c26a""},{""duration_tick"":6,""onset_tick"":14,""pitch"":75,""tie"":""none"",""voice_token"":""voice_a0c26a""},{""duration_tick"":6,""onset_tick"":20,""pitch"":-1,""tie"":""none"",""voice_token"":""voice_a0c26a""},{""duration_tick"":4,""onset_tick"":26,""pitch"":-1,""tie"":""none"",""voice_token"":""voice_a0c26a""}]}"
music_2f7cd14b28a4a7,"{""events"":[{""duration_tick"":2,""onset_tick"":0,""pitch"":63,""tie"":""none"",""voice_token"":""voice_0284f7""},{""duration_tick"":4,""onset_tick"":2,""pitch"":64,""tie"":""none"",""voice_token"":""voice_0284f7""},{""duration_tick"":2,""onset_tick"":6,""pitch"":65,""tie"":""none"",""voice_token"":""voice_0284f7""},{""duration_tick"":4,""onset_tick"":8,""pitch"":67,""tie"":""none"",""voice_token"":""voice_0284f7""},{""duration_tick"":2,""onset_tick"":12,""pitch"":68,""tie"":""none"",""voice_token"":""voice_0284f7""},{""duration_tick"":2,""onset_tick"":14,""pitch"":69,""tie"":""none"",""voice_token"":""voice_0284f7""}]}"
music_8b2bbabe8ecf91,"{""events"":[{""duration_tick"":16,""onset_tick"":0,""pitch"":-1,""tie"":""none"",""voice_token"":""voice_bf2e2c""},{""duration_tick"":16,""onset_tick"":16,""pitch"":-1,""tie"":""none"",""voice_token"":""voice_bf2e2c""},{""duration_tick"":4,""onset_tick"":32,""pitch"":-1,""tie"":""none"",""voice_token"":""voice_bf2e2c""},{""duration_tick"":4,""onset_tick"":36,""pitch"":72,""tie"":""none"",""voice_token"":""voice_bf2e2c""},{""duration_tick"":8,""onset_tick"":40,""pitch"":70,""tie"":""none"",""voice_token"":""voice_bf2e2c""},{""duration_tick"":4,""onset_tick"":48,""pitch"":70,""tie"":""none"",""voice_token"":""voice_bf2e2c""}]}"
music_855bd717c5baf6,"{""events"":[{""duration_tick"":2,""onset_tick"":0,""pitch"":65,""tie"":""none"",""voice_token"":""voice_adeebf""},{""duration_tick"":2,""onset_tick"":2,""pitch"":63,""tie"":""none"",""voice_token"":""voice_adeebf""},{""duration_tick"":2,""onset_tick"":4,""pitch"":68,""tie"":""none"",""voice_token"":""voice_adeebf""},{""duration_tick"":2,""onset_tick"":6,""pitch"":70,""tie"":""none"",""voice_token"":""voice_adeebf""},{""duration_tick"":4,""onset_tick"":8,""pitch"":68,""tie"":""none"",""voice_token"":""voice_adeebf""},{""duration_tick"":2,""onset_tick"":12,""pitch"":67,""tie"":""none"",""voice_token"":""voice_adeebf""}]}"
music_ea8820e5a9377a,"{""events"":[{""duration_tick"":1,""onset_tick"":0,""pitch"":67,""tie"":""none"",""voice_token"":""voice_bf2e2c""},{""duration_tick"":4,""onset_tick"":1,""pitch"":65,""tie"":""none"",""voice_token"":""voice_bf2e2c""},{""duration_tick"":2,""onset_tick"":5,""pitch"":65,""tie"":""none"",""voice_token"":""voice_bf2e2c""},{""duration_tick"":2,""onset_tick"":7,""pitch"":66,""tie"":""none"",""voice_token"":""voice_bf2e2c""},{""duration_tick"":4,""onset_tick"":9,""pitch"":67,""tie"":""none"",""voice_token"":""voice_bf2e2c""}]}"
music_a2cac6af222e60,"{""events"":[{""duration_tick"":2,""onset_tick"":0,""pitch"":71,""tie"":""none"",""voice_token"":""voice_adeebf""},{""duration_tick"":2,""onset_tick"":2,""pitch"":71,""tie"":""none"",""voice_token"":""voice_adeebf""},{""duration_tick"":2,""onset_tick"":4,""pitch"":69,""tie"":""none"",""voice_token"":""voice_adeebf""},{""duration_tick"":2,""onset_tick"":6,""pitch"":69,""tie"":""none"",""voice_token"":""voice_adeebf""}]}"
music_17f5f849059397,"{""events"":[{""duration_tick"":2,""onset_tick"":0,""pitch"":64,""tie"":""none"",""voice_token"":""voice_adeebf""},{""duration_tick"":2,""onset_tick"":2,""pitch"":68,""tie"":""none"",""voice_token"":""voice_adeebf""},{""duration_tick"":4,""onset_tick"":4,""pitch"":68,""tie"":""none"",""voice_token"":""voice_adeebf""},{""duration_tick"":2,""onset_tick"":8,""pitch"":68,""tie"":""none"",""voice_token"":""voice_adeebf""},{""duration_tick"":2,""onset_tick"":10,""pitch"":68,""tie"":""none"",""voice_token"":""voice_adeebf""},{""duration_tick"":2,""onset_tick"":12,""pitch"":69,""tie"":""none"",""voice_token"":""voice_adeebf""},{""duration_tick"":2,""onset_tick"":14,""pitch"":69,""tie"":""none"",""voice_token"":""voice_adeebf""}]}"
music_baed013216252e,"{""events"":[{""duration_tick"":4,""onset_tick"":0,""pitch"":75,""tie"":""none"",""voice_token"":""voice_7574bc""},{""duration_tick"":2,""onset_tick"":4,""pitch"":71,""tie"":""none"",""voice_token"":""voice_7574bc""},{""duration_tick"":2,""onset_tick"":6,""pitch"":71,""tie"":""none"",""voice_token"":""voice_7574bc""},{""duration_tick"":2,""onset_tick"":8,""pitch"":71,""tie"":""none"",""voice_token"":""voice_7574bc""}]}"
music_edd30b913aa2c4,"{""events"":[{""duration_tick"":2,""onset_tick"":0,""pitch"":74,""tie"":""none"",""voice_token"":""voice_adeebf""},{""duration_tick"":2,""onset_tick"":2,""pitch"":74,""tie"":""none"",""voice_token"":""voice_adeebf""},{""duration_tick"":4,""onset_tick"":4,""pitch"":74,""tie"":""none"",""voice_token"":""voice_adeebf""},{""duration_tick"":4,""onset_tick"":8,""pitch"":74,""tie"":""none"",""voice_token"":""voice_adeebf""},{""duration_tick"":4,""onset_tick"":12,""pitch"":74,""tie"":""none"",""voice_token"":""voice_adeebf""},{""duration_tick"":4,""onset_tick"":16,""pitch"":74,""tie"":""none"",""voice_token"":""voice_adeebf""}]}"
music_11ffb1fb839342,"{""events"":[{""duration_tick"":2,""onset_tick"":0,""pitch"":64,""tie"":""none"",""voice_token"":""voice_adeebf""},{""duration_tick"":2,""onset_tick"":2,""pitch"":62,""tie"":""none"",""voice_token"":""voice_adeebf""},{""duration_tick"":2,""onset_tick"":4,""pitch"":69,""tie"":""none"",""voice_token"":""voice_adeebf""},{""duration_tick"":2,""onset_tick"":6,""pitch"":69,""tie"":""none"",""voice_token"":""voice_adeebf""},{""duration_tick"":2,""onset_tick"":8,""pitch"":69,""tie"":""none"",""voice_token"":""voice_adeebf""},{""duration_tick"":2,""onset_tick"":10,""pitch"":65,""tie"":""none"",""voice_token"":""voice_adeebf""},{""duration_tick"":2,""onset_tick"":12,""pitch"":65,""tie"":""none"",""voice_token"":""voice_adeebf""}]}"
music_3780287a1b6fba,"{""events"":[{""duration_tick"":2,""onset_tick"":0,""pitch"":64,""tie"":""none"",""voice_token"":""voice_adeebf""},{""duration_tick"":2,""onset_tick"":2,""pitch"":64,""tie"":""none"",""voice_token"":""voice_adeebf""},{""duration_tick"":2,""onset_tick"":4,""pitch"":64,""tie"":""none"",""voice_token"":""voice_adeebf""},{""duration_tick"":2,""onset_tick"":6,""pitch"":63,""tie"":""none"",""voice_token"":""voice_adeebf""}]}"
music_53318a27a8fb0a,"{""events"":[{""duration_tick"":4,""onset_tick"":0,""pitch"":69,""tie"":""none"",""voice_token"":""voice_adeebf""},{""duration_tick"":2,""onset_tick"":4,""pitch"":69,""tie"":""none"",""voice_token"":""voice_adeebf""},{""duration_tick"":6,""onset_tick"":6,""pitch"":67,""tie"":""none"",""voice_token"":""voice_adeebf""},{""duration_tick"":12,""onset_tick"":12,""pitch"":74,""tie"":""none"",""voice_token"":""voice_adeebf""}]}"
music_191e4eab00a68a,"{""events"":[{""duration_tick"":4,""onset_tick"":0,""pitch"":73,""tie"":""none"",""voice_token"":""voice_047f34""},{""duration_tick"":4,""onset_tick"":4,""pitch"":71,""tie"":""none"",""voice_token"":""voice_047f34""},{""duration_tick"":4,""onset_tick"":8,""pitch"":76,""tie"":""none"",""voice_token"":""voice_047f34""},{""duration_tick"":4,""onset_tick"":12,""pitch"":75,""tie"":""none"",""voice_token"":""voice_047f34""}]}"
music_67ef3d8156fda5,"{""events"":[{""duration_tick"":4,""onset_tick"":0,""pitch"":60,""tie"":""none"",""voice_token"":""voice_bdd9b1""},{""duration_tick"":4,""onset_tick"":4,""pitch"":61,""tie"":""none"",""voice_token"":""voice_bdd9b1""},{""duration_tick"":8,""onset_tick"":8,""pitch"":60,""tie"":""none"",""voice_token"":""voice_bdd9b1""},{""duration_tick"":4,""onset_tick"":16,""pitch"":63,""tie"":""none"",""voice_token"":""voice_bdd9b1""},{""duration_tick"":8,""onset_tick"":20,""pitch"":60,""tie"":""none"",""voice_token"":""voice_bdd9b1""},{""duration_tick"":4,""onset_tick"":28,""pitch"":61,""tie"":""none"",""voice_token"":""voice_bdd9b1""}]}"
music_c4b4449ef01c12,"{""events"":[{""duration_tick"":4,""onset_tick"":0,""pitch"":68,""tie"":""none"",""voice_token"":""voice_0331f8""},{""duration_tick"":4,""onset_tick"":4,""pitch"":68,""tie"":""none"",""voice_token"":""voice_0331f8""},{""duration_tick"":4,""onset_tick"":8,""pitch"":68,""tie"":""none"",""voice_token"":""voice_0331f8""},{""duration_tick"":4,""onset_tick"":12,""pitch"":64,""tie"":""none"",""voice_token"":""voice_0331f8""},{""duration_tick"":3,""onset_tick"":16,""pitch"":64,""tie"":""none"",""voice_token"":""voice_0331f8""},{""duration_tick"":1,""onset_tick"":19,""pitch"":64,""tie"":""none"",""voice_token"":""voice_0331f8""}]}"
music_53c1e0d394a349,"{""events"":[{""duration_tick"":2,""onset_tick"":0,""pitch"":67,""tie"":""none"",""voice_token"":""voice_adeebf""},{""duration_tick"":2,""onset_tick"":2,""pitch"":70,""tie"":""none"",""voice_token"":""voice_adeebf""},{""duration_tick"":2,""onset_tick"":4,""pitch"":67,""tie"":""none"",""voice_token"":""voice_adeebf""},{""duration_tick"":6,""onset_tick"":6,""pitch"":70,""tie"":""none"",""voice_token"":""voice_adeebf""}]}"
music_abc01158c365d2,"{""events"":[{""duration_tick"":4,""onset_tick"":0,""pitch"":73,""tie"":""none"",""voice_token"":""voice_bf2e2c""},{""duration_tick"":2,""onset_tick"":4,""pitch"":70,""tie"":""none"",""voice_token"":""voice_bf2e2c""},{""duration_tick"":4,""onset_tick"":6,""pitch"":71,""tie"":""none"",""voice_token"":""voice_bf2e2c""},{""duration_tick"":2,""onset_tick"":10,""pitch"":73,""tie"":""none"",""voice_token"":""voice_bf2e2c""}]}"
music_3491db0f8295c0,"{""events"":[{""duration_tick"":2,""onset_tick"":0,""pitch"":68,""tie"":""none"",""voice_token"":""voice_adeebf""},{""duration_tick"":2,""onset_tick"":2,""pitch"":67,""tie"":""none"",""voice_token"":""voice_adeebf""},{""duration_tick"":2,""onset_tick"":4,""pitch"":67,""tie"":""none"",""voice_token"":""voice_adeebf""},{""duration_tick"":2,""onset_tick"":6,""pitch"":65,""tie"":""none"",""voice_token"":""voice_adeebf""},{""duration_tick"":2,""onset_tick"":8,""pitch"":65,""tie"":""none"",""voice_token"":""voice_adeebf""},{""duration_tick"":2,""onset_tick"":10,""pitch"":63,""tie"":""none"",""voice_token"":""voice_adeebf""},{""duration_tick"":2,""onset_tick"":12,""pitch"":-1,""tie"":""none"",""voice_token"":""voice_adeebf""}]}"
music_e34dce8d9ea30f,"{""events"":[{""duration_tick"":2,""onset_tick"":0,""pitch"":65,""tie"":""none"",""voice_token"":""voice_bf2e2c""},{""duration_tick"":1,""onset_tick"":2,""pitch"":63,""tie"":""none"",""voice_token"":""voice_bf2e2c""},{""duration_tick"":1,""onset_tick"":3,""pitch"":63,""tie"":""none"",""voice_token"":""voice_bf2e2c""},{""duration_tick"":2,""onset_tick"":4,""pitch"":65,""tie"":""none"",""voice_token"":""voice_bf2e2c""},{""duration_tick"":2,""onset_tick"":6,""pitch"":65,""tie"":""none"",""voice_token"":""voice_bf2e2c""}]}"
music_bd79b23d0488f9,"{""events"":[{""duration_tick"":12,""onset_tick"":0,""pitch"":-1,""tie"":""none"",""voice_token"":""voice_adeebf""},{""duration_tick"":6,""onset_tick"":12,""pitch"":-1,""tie"":""none"",""voice_token"":""voice_adeebf""},{""duration_tick"":4,""onset_tick"":18,""pitch"":62,""tie"":""none"",""voice_token"":""voice_adeebf""},{""duration_tick"":2,""onset_tick"":22,""pitch"":62,""tie"":""none"",""voice_token"":""voice_adeebf""},{""duration_tick"":6,""onset_tick"":24,""pitch"":67,""tie"":""none"",""voice_token"":""voice_adeebf""},{""duration_tick"":2,""onset_tick"":30,""pitch"":67,""tie"":""none"",""voice_token"":""voice_adeebf""}]}"
music_ab88b11ff429b8,"{""events"":[{""duration_tick"":2,""onset_tick"":0,""pitch"":62,""tie"":""none"",""voice_token"":""voice_bdd9b1""},{""duration_tick"":4,""onset_tick"":2,""pitch"":62,""tie"":""none"",""voice_token"":""voice_bdd9b1""},{""duration_tick"":2,""onset_tick"":6,""pitch"":62,""tie"":""none"",""voice_token"":""voice_bdd9b1""},{""duration_tick"":4,""onset_tick"":8,""pitch"":62,""tie"":""none"",""voice_token"":""voice_bdd9b1""},{""duration_tick"":2,""onset_tick"":12,""pitch"":62,""tie"":""none"",""voice_token"":""voice_bdd9b1""},{""duration_tick"":4,""onset_tick"":14,""pitch"":59,""tie"":""none"",""voice_token"":""voice_bdd9b1""}]}"
music_5c09d838dbbc42,"{""events"":[{""duration_tick"":1,""onset_tick"":0,""pitch"":69,""tie"":""none"",""voice_token"":""voice_0284f7""},{""duration_tick"":8,""onset_tick"":1,""pitch"":68,""tie"":""none"",""voice_token"":""voice_0284f7""},{""duration_tick"":2,""onset_tick"":9,""pitch"":66,""tie"":""none"",""voice_token"":""voice_0284f7""},{""duration_tick"":1,""onset_tick"":11,""pitch"":63,""tie"":""none"",""voice_token"":""voice_0284f7""}]}"
music_b387050471295f,"{""events"":[{""duration_tick"":2,""onset_tick"":0,""pitch"":67,""tie"":""none"",""voice_token"":""voice_0331f8""},{""duration_tick"":2,""onset_tick"":2,""pitch"":66,""tie"":""none"",""voice_token"":""voice_0331f8""},{""duration_tick"":6,""onset_tick"":4,""pitch"":64,""tie"":""none"",""voice_token"":""voice_0331f8""},{""duration_tick"":2,""onset_tick"":10,""pitch"":68,""tie"":""none"",""voice_token"":""voice_0331f8""},{""duration_tick"":2,""onset_tick"":12,""pitch"":71,""tie"":""none"",""voice_token"":""voice_0331f8""},{""duration_tick"":2,""onset_tick"":14,""pitch"":71,""tie"":""none"",""voice_token"":""voice_0331f8""},{""duration_tick"":4,""onset_tick"":16,""pitch"":76,""tie"":""none"",""voice_token"":""voice_0331f8""}]}"
music_d75e66b41bb716,"{""events"":[{""duration_tick"":2,""onset_tick"":0,""pitch"":67,""tie"":""none"",""voice_token"":""voice_bf2e2c""},{""duration_tick"":4,""onset_tick"":2,""pitch"":65,""tie"":""none"",""voice_token"":""voice_bf2e2c""},{""duration_tick"":2,""onset_tick"":6,""pitch"":72,""tie"":""none"",""voice_token"":""voice_bf2e2c""},{""duration_tick"":2,""onset_tick"":8,""pitch"":72,""tie"":""none"",""voice_token"":""voice_bf2e2c""},{""duration_tick"":2,""onset_tick"":10,""pitch"":72,""tie"":""none"",""voice_token"":""voice_bf2e2c""},{""duration_tick"":2,""onset_tick"":12,""pitch"":72,""tie"":""none"",""voice_token"":""voice_bf2e2c""}]}"
music_1458e487ea464b,"{""events"":[{""duration_tick"":2,""onset_tick"":0,""pitch"":73,""tie"":""none"",""voice_token"":""voice_adeebf""},{""duration_tick"":4,""onset_tick"":2,""pitch"":73,""tie"":""none"",""voice_token"":""voice_adeebf""},{""duration_tick"":4,""onset_tick"":6,""pitch"":73,""tie"":""none"",""voice_token"":""voice_adeebf""},{""duration_tick"":4,""onset_tick"":10,""pitch"":73,""tie"":""none"",""voice_token"":""voice_adeebf""},{""duration_tick"":4,""onset_tick"":14,""pitch"":75,""tie"":""none"",""voice_token"":""voice_adeebf""},{""duration_tick"":2,""onset_tick"":18,""pitch"":75,""tie"":""none"",""voice_token"":""voice_adeebf""},{""duration_tick"":2,""onset_tick"":20,""pitch"":73,""tie"":""none"",""voice_token"":""voice_adeebf""}]}"
music_6b31edfd6ed0f6,"{""events"":[{""duration_tick"":12,""onset_tick"":0,""pitch"":-1,""tie"":""none"",""voice_token"":""voice_adeebf""},{""duration_tick"":2,""onset_tick"":12,""pitch"":70,""tie"":""none"",""voice_token"":""voice_adeebf""},{""duration_tick"":2,""onset_tick"":14,""pitch"":70,""tie"":""none"",""voice_token"":""voice_adeebf""},{""duration_tick"":2,""onset_tick"":16,""pitch"":75,""tie"":""none"",""voice_token"":""voice_adeebf""}]}"
music_625eaa0a61985b,"{""events"":[{""duration_tick"":4,""onset_tick"":0,""pitch"":65,""tie"":""none"",""voice_token"":""voice_adeebf""},{""duration_tick"":4,""onset_tick"":4,""pitch"":66,""tie"":""none"",""voice_token"":""voice_adeebf""},{""duration_tick"":4,""onset_tick"":8,""pitch"":61,""tie"":""none"",""voice_token"":""voice_adeebf""},{""duration_tick"":4,""onset_tick"":12,""pitch"":61,""tie"":""none"",""voice_token"":""voice_adeebf""},{""duration_tick"":4,""onset_tick"":16,""pitch"":61,""tie"":""none"",""voice_token"":""voice_adeebf""}]}"
music_3b7df7ba3d1fbf,"{""events"":[{""duration_tick"":8,""onset_tick"":0,""pitch"":67,""tie"":""none"",""voice_token"":""voice_adeebf""},{""duration_tick"":4,""onset_tick"":8,""pitch"":-1,""tie"":""none"",""voice_token"":""voice_adeebf""},{""duration_tick"":4,""onset_tick"":12,""pitch"":-1,""tie"":""none"",""voice_token"":""voice_adeebf""},{""duration_tick"":4,""onset_tick"":16,""pitch"":-1,""tie"":""none"",""voice_token"":""voice_adeebf""},{""duration_tick"":4,""onset_tick"":20,""pitch"":-1,""tie"":""none"",""voice_token"":""voice_adeebf""},{""duration_tick"":4,""onset_tick"":24,""pitch"":-1,""tie"":""none"",""voice_token"":""voice_adeebf""},{""duration_tick"":4,""onset_tick"":28,""pitch"":-1,""tie"":""none"",""voice_token"":""voice_adeebf""}]}"
music_847f478025f39a,"{""events"":[{""duration_tick"":6,""onset_tick"":0,""pitch"":69,""tie"":""none"",""voice_token"":""voice_58b2be""},{""duration_tick"":2,""onset_tick"":6,""pitch"":65,""tie"":""none"",""voice_token"":""voice_58b2be""},{""duration_tick"":4,""onset_tick"":8,""pitch"":69,""tie"":""none"",""voice_token"":""voice_58b2be""},{""duration_tick"":4,""onset_tick"":12,""pitch"":70,""tie"":""none"",""voice_token"":""voice_58b2be""},{""duration_tick"":2,""onset_tick"":16,""pitch"":65,""tie"":""none"",""voice_token"":""voice_58b2be""},{""duration_tick"":2,""onset_tick"":18,""pitch"":62,""tie"":""none"",""voice_token"":""voice_58b2be""}]}"
music_4e6e51d47da4f0,"{""events"":[{""duration_tick"":2,""onset_tick"":0,""pitch"":67,""tie"":""none"",""voice_token"":""voice_0331f8""},{""duration_tick"":2,""onset_tick"":2,""pitch"":65,""tie"":""none"",""voice_token"":""voice_0331f8""},{""duration_tick"":2,""onset_tick"":4,""pitch"":68,""tie"":""none"",""voice_token"":""voice_0331f8""},{""duration_tick"":6,""onset_tick"":6,""pitch"":65,""tie"":""none"",""voice_token"":""voice_0331f8""}]}"
music_ded4578ede67ea,"{""events"":[{""duration_tick"":4,""onset_tick"":0,""pitch"":74,""tie"":""none"",""voice_token"":""voice_adeebf""},{""duration_tick"":4,""onset_tick"":4,""pitch"":72,""tie"":""none"",""voice_token"":""voice_adeebf""},{""duration_tick"":8,""onset_tick"":8,""pitch"":77,""tie"":""none"",""voice_token"":""voice_adeebf""},{""duration_tick"":4,""onset_tick"":16,""pitch"":77,""tie"":""none"",""voice_token"":""voice_adeebf""},{""duration_tick"":4,""onset_tick"":20,""pitch"":70,""tie"":""none"",""voice_token"":""voice_adeebf""}]}"
music_e0dd7c00258f12,"{""events"":[{""duration_tick"":12,""onset_tick"":0,""pitch"":57,""tie"":""none"",""voice_token"":""voice_bdd9b1""},{""duration_tick"":4,""onset_tick"":12,""pitch"":62,""tie"":""none"",""voice_token"":""voice_bdd9b1""},{""duration_tick"":4,""onset_tick"":16,""pitch"":60,""tie"":""none"",""voice_token"":""voice_bdd9b1""},{""duration_tick"":2,""onset_tick"":20,""pitch"":59,""tie"":""none"",""voice_token"":""voice_bdd9b1""}]}"
music_4874e83f28bb12,"{""events"":[{""duration_tick"":2,""onset_tick"":0,""pitch"":70,""tie"":""none"",""voice_token"":""voice_adeebf""},{""duration_tick"":2,""onset_tick"":2,""pitch"":70,""tie"":""none"",""voice_token"":""voice_adeebf""},{""duration_tick"":2,""onset_tick"":4,""pitch"":72,""tie"":""none"",""voice_token"":""voice_adeebf""},{""duration_tick"":8,""onset_tick"":6,""pitch"":72,""tie"":""none"",""voice_token"":""voice_adeebf""},{""duration_tick"":8,""onset_tick"":14,""pitch"":69,""tie"":""none"",""voice_token"":""voice_adeebf""},{""duration_tick"":2,""onset_tick"":22,""pitch"":75,""tie"":""none"",""voice_token"":""voice_adeebf""},{""duration_tick"":2,""onset_tick"":24,""pitch"":74,""tie"":""none"",""voice_token"":""voice_adeebf""}]}"
music_fec793a03ca9d2,"{""events"":[{""duration_tick"":2,""onset_tick"":0,""pitch"":66,""tie"":""none"",""voice_token"":""voice_bf2e2c""},{""duration_tick"":2,""onset_tick"":2,""pitch"":67,""tie"":""none"",""voice_token"":""voice_bf2e2c""},{""duration_tick"":4,""onset_tick"":4,""pitch"":69,""tie"":""none"",""voice_token"":""voice_bf2e2c""},{""duration_tick"":4,""onset_tick"":8,""pitch"":69,""tie"":""none"",""voice_token"":""voice_bf2e2c""},{""duration_tick"":4,""onset_tick"":12,""pitch"":-1,""tie"":""none"",""voice_token"":""voice_bf2e2c""},{""duration_tick"":4,""onset_tick"":16,""pitch"":-1,""tie"":""none"",""voice_token"":""voice_bf2e2c""}]}"
music_1accedb6db27cf,"{""events"":[{""duration_tick"":2,""onset_tick"":0,""pitch"":74,""tie"":""none"",""voice_token"":""voice_adeebf""},{""duration_tick"":2,""onset_tick"":2,""pitch"":74,""tie"":""none"",""voice_token"":""voice_adeebf""},{""duration_tick"":4,""onset_tick"":4,""pitch"":70,""tie"":""none"",""voice_token"":""voice_adeebf""},{""duration_tick"":3,""onset_tick"":8,""pitch"":77,""tie"":""none"",""voice_token"":""voice_adeebf""}]}"
music_be545b4b53bbc0,"{""events"":[{""duration_tick"":2,""onset_tick"":0,""pitch"":69,""tie"":""none"",""voice_token"":""voice_adeebf""},{""duration_tick"":8,""onset_tick"":2,""pitch"":70,""tie"":""none"",""voice_token"":""voice_adeebf""},{""duration_tick"":2,""onset_tick"":10,""pitch"":67,""tie"":""none"",""voice_token"":""voice_adeebf""},{""duration_tick"":2,""onset_tick"":12,""pitch"":67,""tie"":""none"",""voice_token"":""voice_adeebf""},{""duration_tick"":2,""onset_tick"":14,""pitch"":67,""tie"":""none"",""voice_token"":""voice_adeebf""},{""duration_tick"":2,""onset_tick"":16,""pitch"":69,""tie"":""none"",""voice_token"":""voice_adeebf""},{""duration_tick"":8,""onset_tick"":18,""pitch"":70,""tie"":""none"",""voice_token"":""voice_adeebf""}]}"
music_6dd0deac630aa8,"{""events"":[{""duration_tick"":2,""onset_tick"":0,""pitch"":65,""tie"":""none"",""voice_token"":""voice_adeebf""},{""duration_tick"":2,""onset_tick"":2,""pitch"":65,""tie"":""none"",""voice_token"":""voice_adeebf""},{""duration_tick"":2,""onset_tick"":4,""pitch"":61,""tie"":""none"",""voice_token"":""voice_adeebf""},{""duration_tick"":2,""onset_tick"":6,""pitch"":63,""tie"":""none"",""voice_token"":""voice_adeebf""},{""duration_tick"":2,""onset_tick"":8,""pitch"":68,""tie"":""none"",""voice_token"":""voice_adeebf""}]}"
music_aee8f67f161ba6,"{""events"":[{""duration_tick"":2,""onset_tick"":0,""pitch"":77,""tie"":""none"",""voice_token"":""voice_bf2e2c""},{""duration_tick"":2,""onset_tick"":2,""pitch"":77,""tie"":""none"",""voice_token"":""voice_bf2e2c""},{""duration_tick"":2,""onset_tick"":4,""pitch"":67,""tie"":""none"",""voice_token"":""voice_bf2e2c""},{""duration_tick"":2,""onset_tick"":6,""pitch"":65,""tie"":""none"",""voice_token"":""voice_bf2e2c""},{""duration_tick"":4,""onset_tick"":8,""pitch"":65,""tie"":""none"",""voice_token"":""voice_bf2e2c""}]}"
music_5138bde6090988,"{""events"":[{""duration_tick"":4,""onset_tick"":0,""pitch"":70,""tie"":""none"",""voice_token"":""voice_0331f8""},{""duration_tick"":4,""onset_tick"":4,""pitch"":71,""tie"":""none"",""voice_token"":""voice_0331f8""},{""duration_tick"":4,""onset_tick"":8,""pitch"":76,""tie"":""none"",""voice_token"":""voice_0331f8""},{""duration_tick"":2,""onset_tick"":12,""pitch"":75,""tie"":""none"",""voice_token"":""voice_0331f8""},{""duration_tick"":2,""onset_tick"":14,""pitch"":75,""tie"":""none"",""voice_token"":""voice_0331f8""}]}"
music_594e8a4861e43a,"{""events"":[{""duration_tick"":6,""onset_tick"":0,""pitch"":71,""tie"":""none"",""voice_token"":""voice_bf2e2c""},{""duration_tick"":2,""onset_tick"":6,""pitch"":76,""tie"":""none"",""voice_token"":""voice_bf2e2c""},{""duration_tick"":6,""onset_tick"":8,""pitch"":71,""tie"":""none"",""voice_token"":""voice_bf2e2c""},{""duration_tick"":2,""onset_tick"":14,""pitch"":73,""tie"":""none"",""voice_token"":""voice_bf2e2c""},{""duration_tick"":2,""onset_tick"":16,""pitch"":71,""tie"":""none"",""voice_token"":""voice_bf2e2c""},{""duration_tick"":2,""onset_tick"":18,""pitch"":-1,""tie"":""none"",""voice_token"":""voice_bf2e2c""},{""duration_tick"":6,""onset_tick"":20,""pitch"":-1,""tie"":""none"",""voice_token"":""voice_bf2e2c""}]}"
music_4a1b678fabcf2b,"{""events"":[{""duration_tick"":4,""onset_tick"":0,""pitch"":72,""tie"":""none"",""voice_token"":""voice_adeebf""},{""duration_tick"":4,""onset_tick"":4,""pitch"":72,""tie"":""none"",""voice_token"":""voice_adeebf""},{""duration_tick"":4,""onset_tick"":8,""pitch"":69,""tie"":""none"",""voice_token"":""voice_adeebf""},{""duration_tick"":8,""onset_tick"":12,""pitch"":67,""tie"":""none"",""voice_token"":""voice_adeebf""},{""duration_tick"":4,""onset_tick"":20,""pitch"":67,""tie"":""none"",""voice_token"":""voice_adeebf""}]}"
music_8c33d31841085d,"{""events"":[{""duration_tick"":2,""onset_tick"":0,""pitch"":72,""tie"":""none"",""voice_token"":""voice_adeebf""},{""duration_tick"":4,""onset_tick"":2,""pitch"":74,""tie"":""none"",""voice_token"":""voice_adeebf""},{""duration_tick"":2,""onset_tick"":6,""pitch"":74,""tie"":""none"",""voice_token"":""voice_adeebf""},{""duration_tick"":4,""onset_tick"":8,""pitch"":76,""tie"":""none"",""voice_token"":""voice_adeebf""},{""duration_tick"":2,""onset_tick"":12,""pitch"":76,""tie"":""none"",""voice_token"":""voice_adeebf""}]}"
music_298de18da088c1,"{""events"":[{""duration_tick"":1,""onset_tick"":0,""pitch"":47,""tie"":""none"",""voice_token"":""voice_0c5784""},{""duration_tick"":1,""onset_tick"":1,""pitch"":45,""tie"":""none"",""voice_token"":""voice_0c5784""},{""duration_tick"":1,""onset_tick"":2,""pitch"":47,""tie"":""none"",""voice_token"":""voice_0c5784""},{""duration_tick"":1,""onset_tick"":3,""pitch"":47,""tie"":""none"",""voice_token"":""voice_0c5784""},{""duration_tick"":1,""onset_tick"":4,""pitch"":47,""tie"":""none"",""voice_token"":""voice_0c5784""},{""duration_tick"":1,""onset_tick"":5,""pitch"":47,""tie"":""none"",""voice_token"":""voice_0c5784""},{""duration_tick"":1,""onset_tick"":6,""pitch"":47,""tie"":""none"",""voice_token"":""voice_0c5784""}]}"
music_791987e9c04f0b,"{""events"":[{""duration_tick"":2,""onset_tick"":0,""pitch"":77,""tie"":""none"",""voice_token"":""voice_adeebf""},{""duration_tick"":2,""onset_tick"":2,""pitch"":75,""tie"":""none"",""voice_token"":""voice_adeebf""},{""duration_tick"":4,""onset_tick"":4,""pitch"":77,""tie"":""none"",""voice_token"":""voice_adeebf""},{""duration_tick"":2,""onset_tick"":8,""pitch"":74,""tie"":""none"",""voice_token"":""voice_adeebf""},{""duration_tick"":2,""onset_tick"":10,""pitch"":74,""tie"":""none"",""voice_token"":""voice_adeebf""},{""duration_tick"":2,""onset_tick"":12,""pitch"":72,""tie"":""none"",""voice_token"":""voice_adeebf""},{""duration_tick"":1,""onset_tick"":14,""pitch"":72,""tie"":""none"",""voice_token"":""voice_adeebf""}]}"
music_df46148a8a9bd3,"{""events"":[{""duration_tick"":4,""onset_tick"":0,""pitch"":55,""tie"":""none"",""voice_token"":""voice_bdd9b1""},{""duration_tick"":4,""onset_tick"":4,""pitch"":55,""tie"":""none"",""voice_token"":""voice_bdd9b1""},{""duration_tick"":4,""onset_tick"":8,""pitch"":55,""tie"":""none"",""voice_token"":""voice_bdd9b1""},{""duration_tick"":4,""onset_tick"":12,""pitch"":59,""tie"":""none"",""voice_token"":""voice_bdd9b1""},{""duration_tick"":4,""onset_tick"":16,""pitch"":59,""tie"":""none"",""voice_token"":""voice_bdd9b1""},{""duration_tick"":4,""onset_tick"":20,""pitch"":59,""tie"":""none"",""voice_token"":""voice_bdd9b1""},{""duration_tick"":4,""onset_tick"":24,""pitch"":62,""tie"":""none"",""voice_token"":""voice_bdd9b1""}]}"
music_a3a809aed8185c,"{""events"":[{""duration_tick"":2,""onset_tick"":0,""pitch"":64,""tie"":""none"",""voice_token"":""voice_adeebf""},{""duration_tick"":4,""onset_tick"":2,""pitch"":67,""tie"":""none"",""voice_token"":""voice_adeebf""},{""duration_tick"":2,""onset_tick"":6,""pitch"":71,""tie"":""none"",""voice_token"":""voice_adeebf""},{""duration_tick"":6,""onset_tick"":8,""pitch"":70,""tie"":""none"",""voice_token"":""voice_adeebf""}]}"
music_2b558fc6fb8f33,"{""events"":[{""duration_tick"":8,""onset_tick"":0,""pitch"":-1,""tie"":""none"",""voice_token"":""voice_e2ce84""},{""duration_tick"":16,""onset_tick"":8,""pitch"":-1,""tie"":""none"",""voice_token"":""voice_e2ce84""},{""duration_tick"":8,""onset_tick"":24,""pitch"":59,""tie"":""none"",""voice_token"":""voice_e2ce84""},{""duration_tick"":4,""onset_tick"":32,""pitch"":59,""tie"":""none"",""voice_token"":""voice_e2ce84""},{""duration_tick"":4,""onset_tick"":36,""pitch"":59,""tie"":""none"",""voice_token"":""voice_e2ce84""},{""duration_tick"":4,""onset_tick"":40,""pitch"":59,""tie"":""none"",""voice_token"":""voice_e2ce84""},{""duration_tick"":4,""onset_tick"":44,""pitch"":59,""tie"":""none"",""voice_token"":""voice_e2ce84""}]}"
music_5090ea7b65f0a2,"{""events"":[{""duration_tick"":4,""onset_tick"":0,""pitch"":76,""tie"":""none"",""voice_token"":""voice_adeebf""},{""duration_tick"":8,""onset_tick"":4,""pitch"":75,""tie"":""none"",""voice_token"":""voice_adeebf""},{""duration_tick"":4,""onset_tick"":12,""pitch"":75,""tie"":""none"",""voice_token"":""voice_adeebf""},{""duration_tick"":4,""onset_tick"":16,""pitch"":76,""tie"":""none"",""voice_token"":""voice_adeebf""}]}"
music_9156fb402f8b82,"{""events"":[{""duration_tick"":6,""onset_tick"":0,""pitch"":68,""tie"":""none"",""voice_token"":""voice_047f34""},{""duration_tick"":2,""onset_tick"":6,""pitch"":68,""tie"":""none"",""voice_token"":""voice_047f34""},{""duration_tick"":2,""onset_tick"":8,""pitch"":75,""tie"":""none"",""voice_token"":""voice_047f34""},{""duration_tick"":2,""onset_tick"":10,""pitch"":75,""tie"":""none"",""voice_token"":""voice_047f34""}]}"
music_444eea5d13a12d,"{""events"":[{""duration_tick"":4,""onset_tick"":0,""pitch"":74,""tie"":""none"",""voice_token"":""voice_bf2e2c""},{""duration_tick"":4,""onset_tick"":4,""pitch"":72,""tie"":""none"",""voice_token"":""voice_bf2e2c""},{""duration_tick"":8,""onset_tick"":8,""pitch"":72,""tie"":""none"",""voice_token"":""voice_bf2e2c""},{""duration_tick"":4,""onset_tick"":16,""pitch"":71,""tie"":""none"",""voice_token"":""voice_bf2e2c""},{""duration_tick"":4,""onset_tick"":20,""pitch"":67,""tie"":""none"",""voice_token"":""voice_bf2e2c""},{""duration_tick"":8,""onset_tick"":24,""pitch"":77,""tie"":""none"",""voice_token"":""voice_bf2e2c""},{""duration_tick"":8,""onset_tick"":32,""pitch"":74,""tie"":""none"",""voice_token"":""voice_bf2e2c""}]}"
music_e111f6f62d29e1,"{""events"":[{""duration_tick"":4,""onset_tick"":0,""pitch"":67,""tie"":""none"",""voice_token"":""voice_adeebf""},{""duration_tick"":2,""onset_tick"":4,""pitch"":71,""tie"":""none"",""voice_token"":""voice_adeebf""},{""duration_tick"":2,""onset_tick"":6,""pitch"":69,""tie"":""none"",""voice_token"":""voice_adeebf""},{""duration_tick"":2,""onset_tick"":8,""pitch"":66,""tie"":""none"",""voice_token"":""voice_adeebf""},{""duration_tick"":2,""onset_tick"":10,""pitch"":67,""tie"":""none"",""voice_token"":""voice_adeebf""}]}"
music_9fd0c676470d7a,"{""events"":[{""duration_tick"":1,""onset_tick"":0,""pitch"":75,""tie"":""none"",""voice_token"":""voice_bf2e2c""},{""duration_tick"":2,""onset_tick"":1,""pitch"":72,""tie"":""none"",""voice_token"":""voice_bf2e2c""},{""duration_tick"":2,""onset_tick"":3,""pitch"":72,""tie"":""none"",""voice_token"":""voice_bf2e2c""},{""duration_tick"":2,""onset_tick"":5,""pitch"":72,""tie"":""none"",""voice_token"":""voice_bf2e2c""},{""duration_tick"":1,""onset_tick"":7,""pitch"":72,""tie"":""none"",""voice_token"":""voice_bf2e2c""},{""duration_tick"":1,""onset_tick"":8,""pitch"":72,""tie"":""none"",""voice_token"":""voice_bf2e2c""}]}"
music_30239c57c7574b,"{""events"":[{""duration_tick"":16,""onset_tick"":0,""pitch"":-1,""tie"":""none"",""voice_token"":""voice_0284f7""},{""duration_tick"":16,""onset_tick"":16,""pitch"":-1,""tie"":""none"",""voice_token"":""voice_0284f7""},{""duration_tick"":4,""onset_tick"":32,""pitch"":-1,""tie"":""none"",""voice_token"":""voice_0284f7""},{""duration_tick"":2,""onset_tick"":36,""pitch"":-1,""tie"":""none"",""voice_token"":""voice_0284f7""},{""duration_tick"":4,""onset_tick"":38,""pitch"":72,""tie"":""none"",""voice_token"":""voice_0284f7""},{""duration_tick"":2,""onset_tick"":42,""pitch"":70,""tie"":""none"",""voice_token"":""voice_0284f7""}]}"
music_4aff428fb0fe0d,"{""events"":[{""duration_tick"":2,""onset_tick"":0,""pitch"":75,""tie"":""none"",""voice_token"":""voice_0331f8""},{""duration_tick"":4,""onset_tick"":2,""pitch"":72,""tie"":""none"",""voice_token"":""voice_0331f8""},{""duration_tick"":16,""onset_tick"":6,""pitch"":71,""tie"":""none"",""voice_token"":""voice_0331f8""},{""duration_tick"":4,""onset_tick"":22,""pitch"":-1,""tie"":""none"",""voice_token"":""voice_0331f8""}]}"
music_e3d955c11e1343,"{""events"":[{""duration_tick"":2,""onset_tick"":0,""pitch"":71,""tie"":""none"",""voice_token"":""voice_adeebf""},{""duration_tick"":2,""onset_tick"":2,""pitch"":69,""tie"":""none"",""voice_token"":""voice_adeebf""},{""duration_tick"":4,""onset_tick"":4,""pitch"":69,""tie"":""none"",""voice_token"":""voice_adeebf""},{""duration_tick"":4,""onset_tick"":8,""pitch"":72,""tie"":""none"",""voice_token"":""voice_adeebf""},{""duration_tick"":4,""onset_tick"":12,""pitch"":71,""tie"":""none"",""voice_token"":""voice_adeebf""},{""duration_tick"":4,""onset_tick"":16,""pitch"":69,""tie"":""none"",""voice_token"":""voice_adeebf""},{""duration_tick"":4,""onset_tick"":20,""pitch"":71,""tie"":""none"",""voice_token"":""voice_adeebf""}]}"
music_f06c57c7df3962,"{""events"":[{""duration_tick"":6,""onset_tick"":0,""pitch"":61,""tie"":""none"",""voice_token"":""voice_adeebf""},{""duration_tick"":2,""onset_tick"":6,""pitch"":67,""tie"":""none"",""voice_token"":""voice_adeebf""},{""duration_tick"":2,""onset_tick"":8,""pitch"":-1,""tie"":""none"",""voice_token"":""voice_adeebf""},{""duration_tick"":2,""onset_tick"":10,""pitch"":64,""tie"":""none"",""voice_token"":""voice_adeebf""},{""duration_tick"":6,""onset_tick"":12,""pitch"":67,""tie"":""none"",""voice_token"":""voice_adeebf""},{""duration_tick"":2,""onset_tick"":18,""pitch"":67,""tie"":""none"",""voice_token"":""voice_adeebf""},{""duration_tick"":8,""onset_tick"":20,""pitch"":69,""tie"":""none"",""voice_token"":""voice_adeebf""}]}"
music_4827a9b0463bbe,"{""events"":[{""duration_tick"":4,""onset_tick"":0,""pitch"":71,""tie"":""none"",""voice_token"":""voice_adeebf""},{""duration_tick"":4,""onset_tick"":4,""pitch"":73,""tie"":""none"",""voice_token"":""voice_adeebf""},{""duration_tick"":2,""onset_tick"":8,""pitch"":71,""tie"":""none"",""voice_token"":""voice_adeebf""},{""duration_tick"":2,""onset_tick"":10,""pitch"":71,""tie"":""none"",""voice_token"":""voice_adeebf""},{""duration_tick"":4,""onset_tick"":12,""pitch"":73,""tie"":""none"",""voice_token"":""voice_adeebf""},{""duration_tick"":2,""onset_tick"":16,""pitch"":74,""tie"":""none"",""voice_token"":""voice_adeebf""},{""duration_tick"":2,""onset_tick"":18,""pitch"":74,""tie"":""start"",""voice_token"":""voice_adeebf""}]}"
music_d5f2e5fd621e42,"{""events"":[{""duration_tick"":4,""onset_tick"":0,""pitch"":67,""tie"":""none"",""voice_token"":""voice_0331f8""},{""duration_tick"":2,""onset_tick"":4,""pitch"":69,""tie"":""none"",""voice_token"":""voice_0331f8""},{""duration_tick"":2,""onset_tick"":6,""pitch"":67,""tie"":""none"",""voice_token"":""voice_0331f8""},{""duration_tick"":3,""onset_tick"":8,""pitch"":67,""tie"":""none"",""voice_token"":""voice_0331f8""},{""duration_tick"":1,""onset_tick"":11,""pitch"":68,""tie"":""none"",""voice_token"":""voice_0331f8""},{""duration_tick"":4,""onset_tick"":12,""pitch"":68,""tie"":""none"",""voice_token"":""voice_0331f8""},{""duration_tick"":4,""onset_tick"":16,""pitch"":67,""tie"":""none"",""voice_token"":""voice_0331f8""}]}"
music_28054feadacdc7,"{""events"":[{""duration_tick"":3,""onset_tick"":0,""pitch"":65,""tie"":""none"",""voice_token"":""voice_0284f7""},{""duration_tick"":4,""onset_tick"":3,""pitch"":65,""tie"":""none"",""voice_token"":""voice_0284f7""},{""duration_tick"":4,""onset_tick"":7,""pitch"":67,""tie"":""none"",""voice_token"":""voice_0284f7""},{""duration_tick"":8,""onset_tick"":11,""pitch"":65,""tie"":""none"",""voice_token"":""voice_0284f7""}]}"
music_bec514bfb3bce8,"{""events"":[{""duration_tick"":2,""onset_tick"":0,""pitch"":73,""tie"":""none"",""voice_token"":""voice_adeebf""},{""duration_tick"":6,""onset_tick"":2,""pitch"":73,""tie"":""none"",""voice_token"":""voice_adeebf""},{""duration_tick"":2,""onset_tick"":8,""pitch"":73,""tie"":""none"",""voice_token"":""voice_adeebf""},{""duration_tick"":2,""onset_tick"":10,""pitch"":73,""tie"":""none"",""voice_token"":""voice_adeebf""},{""duration_tick"":2,""onset_tick"":12,""pitch"":73,""tie"":""none"",""voice_token"":""voice_adeebf""}]}"
music_a9b3c42582e9ae,"{""events"":[{""duration_tick"":2,""onset_tick"":0,""pitch"":69,""tie"":""none"",""voice_token"":""voice_8c73be""},{""duration_tick"":2,""onset_tick"":2,""pitch"":69,""tie"":""none"",""voice_token"":""voice_8c73be""},{""duration_tick"":4,""onset_tick"":4,""pitch"":69,""tie"":""none"",""voice_token"":""voice_8c73be""},{""duration_tick"":4,""onset_tick"":8,""pitch"":69,""tie"":""none"",""voice_token"":""voice_8c73be""},{""duration_tick"":4,""onset_tick"":12,""pitch"":69,""tie"":""none"",""voice_token"":""voice_8c73be""},{""duration_tick"":4,""onset_tick"":16,""pitch"":69,""tie"":""none"",""voice_token"":""voice_8c73be""},{""duration_tick"":4,""onset_tick"":20,""pitch"":71,""tie"":""none"",""voice_token"":""voice_8c73be""}]}"
music_a619f862ded31b,"{""events"":[{""duration_tick"":2,""onset_tick"":0,""pitch"":63,""tie"":""none"",""voice_token"":""voice_7574bc""},{""duration_tick"":4,""onset_tick"":2,""pitch"":63,""tie"":""none"",""voice_token"":""voice_7574bc""},{""duration_tick"":2,""onset_tick"":6,""pitch"":67,""tie"":""none"",""voice_token"":""voice_7574bc""},{""duration_tick"":4,""onset_tick"":8,""pitch"":65,""tie"":""none"",""voice_token"":""voice_7574bc""},{""duration_tick"":2,""onset_tick"":12,""pitch"":63,""tie"":""none"",""voice_token"":""voice_7574bc""},{""duration_tick"":2,""onset_tick"":14,""pitch"":62,""tie"":""none"",""voice_token"":""voice_7574bc""}]}"
music_ed0e02af5ae758,"{""events"":[{""duration_tick"":4,""onset_tick"":0,""pitch"":47,""tie"":""none"",""voice_token"":""voice_0853df""},{""duration_tick"":8,""onset_tick"":4,""pitch"":45,""tie"":""none"",""voice_token"":""voice_0853df""},{""duration_tick"":4,""onset_tick"":12,""pitch"":49,""tie"":""none"",""voice_token"":""voice_0853df""},{""duration_tick"":4,""onset_tick"":16,""pitch"":49,""tie"":""none"",""voice_token"":""voice_0853df""},{""duration_tick"":6,""onset_tick"":20,""pitch"":50,""tie"":""none"",""voice_token"":""voice_0853df""},{""duration_tick"":2,""onset_tick"":26,""pitch"":48,""tie"":""none"",""voice_token"":""voice_0853df""}]}"
music_6dd177e9455e92,"{""events"":[{""duration_tick"":4,""onset_tick"":0,""pitch"":70,""tie"":""none"",""voice_token"":""voice_6ba146""},{""duration_tick"":4,""onset_tick"":4,""pitch"":72,""tie"":""none"",""voice_token"":""voice_6ba146""},{""duration_tick"":2,""onset_tick"":8,""pitch"":68,""tie"":""none"",""voice_token"":""voice_6ba146""},{""duration_tick"":2,""onset_tick"":10,""pitch"":67,""tie"":""none"",""voice_token"":""voice_6ba146""},{""duration_tick"":2,""onset_tick"":12,""pitch"":68,""tie"":""none"",""voice_token"":""voice_6ba146""},{""duration_tick"":2,""onset_tick"":14,""pitch"":70,""tie"":""none"",""voice_token"":""voice_6ba146""}]}"
music_3fb71828bac2b7,"{""events"":[{""duration_tick"":4,""onset_tick"":0,""pitch"":74,""tie"":""none"",""voice_token"":""voice_adeebf""},{""duration_tick"":2,""onset_tick"":4,""pitch"":74,""tie"":""none"",""voice_token"":""voice_adeebf""},{""duration_tick"":4,""onset_tick"":6,""pitch"":75,""tie"":""none"",""voice_token"":""voice_adeebf""},{""duration_tick"":2,""onset_tick"":10,""pitch"":74,""tie"":""none"",""voice_token"":""voice_adeebf""}]}"
music_6de80d7be42d8f,"{""events"":[{""duration_tick"":2,""onset_tick"":0,""pitch"":66,""tie"":""none"",""voice_token"":""voice_0284f7""},{""duration_tick"":2,""onset_tick"":2,""pitch"":67,""tie"":""none"",""voice_token"":""voice_0284f7""},{""duration_tick"":2,""onset_tick"":4,""pitch"":66,""tie"":""none"",""voice_token"":""voice_0284f7""},{""duration_tick"":4,""onset_tick"":6,""pitch"":67,""tie"":""none"",""voice_token"":""voice_0284f7""}]}"
music_0614ab841bf051,"{""events"":[{""duration_tick"":2,""onset_tick"":0,""pitch"":76,""tie"":""none"",""voice_token"":""voice_0284f7""},{""duration_tick"":2,""onset_tick"":2,""pitch"":75,""tie"":""none"",""voice_token"":""voice_0284f7""},{""duration_tick"":2,""onset_tick"":4,""pitch"":73,""tie"":""none"",""voice_token"":""voice_0284f7""},{""duration_tick"":2,""onset_tick"":6,""pitch"":75,""tie"":""none"",""voice_token"":""voice_0284f7""},{""duration_tick"":2,""onset_tick"":8,""pitch"":68,""tie"":""none"",""voice_token"":""voice_0284f7""}]}"
music_78107647744d68,"{""events"":[{""duration_tick"":2,""onset_tick"":0,""pitch"":67,""tie"":""none"",""voice_token"":""voice_bf2e2c""},{""duration_tick"":2,""onset_tick"":2,""pitch"":70,""tie"":""none"",""voice_token"":""voice_bf2e2c""},{""duration_tick"":2,""onset_tick"":4,""pitch"":72,""tie"":""none"",""voice_token"":""voice_bf2e2c""},{""duration_tick"":2,""onset_tick"":6,""pitch"":70,""tie"":""none"",""voice_token"":""voice_bf2e2c""}]}"
music_b6490112de7c7d,"{""events"":[{""duration_tick"":4,""onset_tick"":0,""pitch"":73,""tie"":""none"",""voice_token"":""voice_adeebf""},{""duration_tick"":4,""onset_tick"":4,""pitch"":73,""tie"":""none"",""voice_token"":""voice_adeebf""},{""duration_tick"":4,""onset_tick"":8,""pitch"":72,""tie"":""none"",""voice_token"":""voice_adeebf""},{""duration_tick"":4,""onset_tick"":12,""pitch"":73,""tie"":""none"",""voice_token"":""voice_adeebf""},{""duration_tick"":4,""onset_tick"":16,""pitch"":73,""tie"":""none"",""voice_token"":""voice_adeebf""},{""duration_tick"":4,""onset_tick"":20,""pitch"":73,""tie"":""none"",""voice_token"":""voice_adeebf""},{""duration_tick"":4,""onset_tick"":24,""pitch"":73,""tie"":""none"",""voice_token"":""voice_adeebf""}]}"
music_f4a7c66091a8d7,"{""events"":[{""duration_tick"":2,""onset_tick"":0,""pitch"":72,""tie"":""none"",""voice_token"":""voice_adeebf""},{""duration_tick"":2,""onset_tick"":2,""pitch"":76,""tie"":""none"",""voice_token"":""voice_adeebf""},{""duration_tick"":1,""onset_tick"":4,""pitch"":77,""tie"":""none"",""voice_token"":""voice_adeebf""},{""duration_tick"":1,""onset_tick"":5,""pitch"":77,""tie"":""none"",""voice_token"":""voice_adeebf""}]}"
music_f8d80fe7f27f15,"{""events"":[{""duration_tick"":12,""onset_tick"":0,""pitch"":-1,""tie"":""none"",""voice_token"":""voice_adeebf""},{""duration_tick"":4,""onset_tick"":12,""pitch"":70,""tie"":""none"",""voice_token"":""voice_adeebf""},{""duration_tick"":4,""onset_tick"":16,""pitch"":70,""tie"":""none"",""voice_token"":""voice_adeebf""},{""duration_tick"":4,""onset_tick"":20,""pitch"":70,""tie"":""none"",""voice_token"":""voice_adeebf""}]}"
music_1799904070ad3e,"{""events"":[{""duration_tick"":4,""onset_tick"":0,""pitch"":70,""tie"":""none"",""voice_token"":""voice_adeebf""},{""duration_tick"":2,""onset_tick"":4,""pitch"":65,""tie"":""none"",""voice_token"":""voice_adeebf""},{""duration_tick"":4,""onset_tick"":6,""pitch"":67,""tie"":""none"",""voice_token"":""voice_adeebf""},{""duration_tick"":2,""onset_tick"":10,""pitch"":70,""tie"":""none"",""voice_token"":""voice_adeebf""},{""duration_tick"":6,""onset_tick"":12,""pitch"":72,""tie"":""none"",""voice_token"":""voice_adeebf""}]}"
music_c116fdd3cdced4,"{""events"":[{""duration_tick"":2,""onset_tick"":0,""pitch"":62,""tie"":""none"",""voice_token"":""voice_bdd9b1""},{""duration_tick"":2,""onset_tick"":2,""pitch"":64,""tie"":""none"",""voice_token"":""voice_bdd9b1""},{""duration_tick"":2,""onset_tick"":4,""pitch"":62,""tie"":""none"",""voice_token"":""voice_bdd9b1""},{""duration_tick"":4,""onset_tick"":6,""pitch"":65,""tie"":""none"",""voice_token"":""voice_bdd9b1""},{""duration_tick"":2,""onset_tick"":10,""pitch"":64,""tie"":""none"",""voice_token"":""voice_bdd9b1""},{""duration_tick"":4,""onset_tick"":12,""pitch"":60,""tie"":""none"",""voice_token"":""voice_bdd9b1""},{""duration_tick"":3,""onset_tick"":16,""pitch"":58,""tie"":""none"",""voice_token"":""voice_bdd9b1""}]}"
music_097e3df154f1c0,"{""events"":[{""duration_tick"":4,""onset_tick"":0,""pitch"":76,""tie"":""none"",""voice_token"":""voice_adeebf""},{""duration_tick"":4,""onset_tick"":4,""pitch"":76,""tie"":""none"",""voice_token"":""voice_adeebf""},{""duration_tick"":6,""onset_tick"":8,""pitch"":79,""tie"":""none"",""voice_token"":""voice_adeebf""},{""duration_tick"":2,""onset_tick"":14,""pitch"":72,""tie"":""none"",""voice_token"":""voice_adeebf""},{""duration_tick"":6,""onset_tick"":16,""pitch"":73,""tie"":""none"",""voice_token"":""voice_adeebf""}]}"
music_48e5845269c233,"{""events"":[{""duration_tick"":2,""onset_tick"":0,""pitch"":67,""tie"":""none"",""voice_token"":""voice_bf2e2c""},{""duration_tick"":2,""onset_tick"":2,""pitch"":71,""tie"":""none"",""voice_token"":""voice_bf2e2c""},{""duration_tick"":2,""onset_tick"":4,""pitch"":69,""tie"":""none"",""voice_token"":""voice_bf2e2c""},{""duration_tick"":2,""onset_tick"":6,""pitch"":67,""tie"":""none"",""voice_token"":""voice_bf2e2c""}]}"
music_88b6f543676a5c,"{""events"":[{""duration_tick"":2,""onset_tick"":0,""pitch"":66,""tie"":""none"",""voice_token"":""voice_adeebf""},{""duration_tick"":4,""onset_tick"":2,""pitch"":67,""tie"":""none"",""voice_token"":""voice_adeebf""},{""duration_tick"":2,""onset_tick"":6,""pitch"":67,""tie"":""none"",""voice_token"":""voice_adeebf""},{""duration_tick"":2,""onset_tick"":8,""pitch"":67,""tie"":""none"",""voice_token"":""voice_adeebf""}]}"
music_579e99ed75eb0e,"{""events"":[{""duration_tick"":2,""onset_tick"":0,""pitch"":67,""tie"":""none"",""voice_token"":""voice_bf2e2c""},{""duration_tick"":2,""onset_tick"":2,""pitch"":66,""tie"":""none"",""voice_token"":""voice_bf2e2c""},{""duration_tick"":2,""onset_tick"":4,""pitch"":67,""tie"":""none"",""voice_token"":""voice_bf2e2c""},{""duration_tick"":1,""onset_tick"":6,""pitch"":71,""tie"":""none"",""voice_token"":""voice_bf2e2c""},{""duration_tick"":1,""onset_tick"":7,""pitch"":69,""tie"":""none"",""voice_token"":""voice_bf2e2c""},{""duration_tick"":2,""onset_tick"":8,""pitch"":71,""tie"":""none"",""voice_token"":""voice_bf2e2c""},{""duration_tick"":2,""onset_tick"":10,""pitch"":71,""tie"":""none"",""voice_token"":""voice_bf2e2c""}]}"
music_f4077a0b282a95,"{""events"":[{""duration_tick"":4,""onset_tick"":0,""pitch"":70,""tie"":""none"",""voice_token"":""voice_6ba146""},{""duration_tick"":4,""onset_tick"":4,""pitch"":72,""tie"":""none"",""voice_token"":""voice_6ba146""},{""duration_tick"":2,""onset_tick"":8,""pitch"":68,""tie"":""none"",""voice_token"":""voice_6ba146""},{""duration_tick"":2,""onset_tick"":10,""pitch"":67,""tie"":""none"",""voice_token"":""voice_6ba146""}]}"
music_24cc651b4b98fb,"{""events"":[{""duration_tick"":2,""onset_tick"":0,""pitch"":70,""tie"":""none"",""voice_token"":""voice_adeebf""},{""duration_tick"":2,""onset_tick"":2,""pitch"":70,""tie"":""none"",""voice_token"":""voice_adeebf""},{""duration_tick"":2,""onset_tick"":4,""pitch"":70,""tie"":""none"",""voice_token"":""voice_adeebf""},{""duration_tick"":2,""onset_tick"":6,""pitch"":69,""tie"":""none"",""voice_token"":""voice_adeebf""},{""duration_tick"":2,""onset_tick"":8,""pitch"":69,""tie"":""none"",""voice_token"":""voice_adeebf""},{""duration_tick"":2,""onset_tick"":10,""pitch"":69,""tie"":""none"",""voice_token"":""voice_adeebf""},{""duration_tick"":2,""onset_tick"":12,""pitch"":69,""tie"":""none"",""voice_token"":""voice_adeebf""}]}"
music_75762eef329b4d,"{""events"":[{""duration_tick"":4,""onset_tick"":0,""pitch"":-1,""tie"":""none"",""voice_token"":""voice_adeebf""},{""duration_tick"":8,""onset_tick"":4,""pitch"":-1,""tie"":""none"",""voice_token"":""voice_adeebf""},{""duration_tick"":4,""onset_tick"":12,""pitch"":-1,""tie"":""none"",""voice_token"":""voice_adeebf""},{""duration_tick"":4,""onset_tick"":16,""pitch"":-1,""tie"":""none"",""voice_token"":""voice_adeebf""},{""duration_tick"":4,""onset_tick"":20,""pitch"":75,""tie"":""none"",""voice_token"":""voice_adeebf""},{""duration_tick"":4,""onset_tick"":24,""pitch"":73,""tie"":""none"",""voice_token"":""voice_adeebf""},{""duration_tick"":6,""onset_tick"":28,""pitch"":73,""tie"":""none"",""voice_token"":""voice_adeebf""}]}"
music_ebd9416d4d58cb,"{""events"":[{""duration_tick"":2,""onset_tick"":0,""pitch"":67,""tie"":""none"",""voice_token"":""voice_adeebf""},{""duration_tick"":2,""onset_tick"":2,""pitch"":71,""tie"":""none"",""voice_token"":""voice_adeebf""},{""duration_tick"":12,""onset_tick"":4,""pitch"":72,""tie"":""none"",""voice_token"":""voice_adeebf""},{""duration_tick"":4,""onset_tick"":16,""pitch"":71,""tie"":""none"",""voice_token"":""voice_adeebf""},{""duration_tick"":2,""onset_tick"":20,""pitch"":67,""tie"":""none"",""voice_token"":""voice_adeebf""}]}"
music_2ece04db72c816,"{""events"":[{""duration_tick"":2,""onset_tick"":0,""pitch"":76,""tie"":""none"",""voice_token"":""voice_0284f7""},{""duration_tick"":4,""onset_tick"":2,""pitch"":76,""tie"":""none"",""voice_token"":""voice_0284f7""},{""duration_tick"":2,""onset_tick"":6,""pitch"":72,""tie"":""none"",""voice_token"":""voice_0284f7""},{""duration_tick"":2,""onset_tick"":8,""pitch"":71,""tie"":""none"",""voice_token"":""voice_0284f7""}]}"
music_fc01bcaada7514,"{""events"":[{""duration_tick"":1,""onset_tick"":0,""pitch"":62,""tie"":""none"",""voice_token"":""voice_bf2e2c""},{""duration_tick"":8,""onset_tick"":1,""pitch"":62,""tie"":""none"",""voice_token"":""voice_bf2e2c""},{""duration_tick"":4,""onset_tick"":9,""pitch"":62,""tie"":""none"",""voice_token"":""voice_bf2e2c""},{""duration_tick"":4,""onset_tick"":13,""pitch"":67,""tie"":""none"",""voice_token"":""voice_bf2e2c""},{""duration_tick"":4,""onset_tick"":17,""pitch"":67,""tie"":""none"",""voice_token"":""voice_bf2e2c""},{""duration_tick"":4,""onset_tick"":21,""pitch"":67,""tie"":""none"",""voice_token"":""voice_bf2e2c""}]}"
music_03bc09dc83ccea,"{""events"":[{""duration_tick"":2,""onset_tick"":0,""pitch"":72,""tie"":""none"",""voice_token"":""voice_adeebf""},{""duration_tick"":4,""onset_tick"":2,""pitch"":70,""tie"":""none"",""voice_token"":""voice_adeebf""},{""duration_tick"":2,""onset_tick"":6,""pitch"":70,""tie"":""none"",""voice_token"":""voice_adeebf""},{""duration_tick"":2,""onset_tick"":8,""pitch"":73,""tie"":""none"",""voice_token"":""voice_adeebf""},{""duration_tick"":2,""onset_tick"":10,""pitch"":75,""tie"":""none"",""voice_token"":""voice_adeebf""}]}"
music_ffef6928875490,"{""events"":[{""duration_tick"":1,""onset_tick"":0,""pitch"":68,""tie"":""none"",""voice_token"":""voice_bf2e2c""},{""duration_tick"":16,""onset_tick"":1,""pitch"":64,""tie"":""none"",""voice_token"":""voice_bf2e2c""},{""duration_tick"":4,""onset_tick"":17,""pitch"":68,""tie"":""none"",""voice_token"":""voice_bf2e2c""},{""duration_tick"":4,""onset_tick"":21,""pitch"":68,""tie"":""none"",""voice_token"":""voice_bf2e2c""},{""duration_tick"":8,""onset_tick"":25,""pitch"":68,""tie"":""none"",""voice_token"":""voice_bf2e2c""},{""duration_tick"":4,""onset_tick"":33,""pitch"":68,""tie"":""none"",""voice_token"":""voice_bf2e2c""}]}"
music_3c6f78486aa50a,"{""events"":[{""duration_tick"":4,""onset_tick"":0,""pitch"":69,""tie"":""none"",""voice_token"":""voice_adeebf""},{""duration_tick"":6,""onset_tick"":4,""pitch"":71,""tie"":""none"",""voice_token"":""voice_adeebf""},{""duration_tick"":2,""onset_tick"":10,""pitch"":69,""tie"":""none"",""voice_token"":""voice_adeebf""},{""duration_tick"":3,""onset_tick"":12,""pitch"":67,""tie"":""none"",""voice_token"":""voice_adeebf""},{""duration_tick"":1,""onset_tick"":15,""pitch"":66,""tie"":""none"",""voice_token"":""voice_adeebf""},{""duration_tick"":12,""onset_tick"":16,""pitch"":64,""tie"":""none"",""voice_token"":""voice_adeebf""},{""duration_tick"":4,""onset_tick"":28,""pitch"":66,""tie"":""start"",""voice_token"":""voice_adeebf""}]}"
music_daa401464fca82,"{""events"":[{""duration_tick"":8,""onset_tick"":0,""pitch"":69,""tie"":""none"",""voice_token"":""voice_adeebf""},{""duration_tick"":8,""onset_tick"":8,""pitch"":70,""tie"":""none"",""voice_token"":""voice_adeebf""},{""duration_tick"":4,""onset_tick"":16,""pitch"":69,""tie"":""none"",""voice_token"":""voice_adeebf""},{""duration_tick"":4,""onset_tick"":20,""pitch"":74,""tie"":""none"",""voice_token"":""voice_adeebf""},{""duration_tick"":2,""onset_tick"":24,""pitch"":69,""tie"":""none"",""voice_token"":""voice_adeebf""},{""duration_tick"":2,""onset_tick"":26,""pitch"":69,""tie"":""none"",""voice_token"":""voice_adeebf""},{""duration_tick"":2,""onset_tick"":28,""pitch"":69,""tie"":""none"",""voice_token"":""voice_adeebf""}]}"
music_ec4515a21e0e85,"{""events"":[{""duration_tick"":4,""onset_tick"":0,""pitch"":73,""tie"":""none"",""voice_token"":""voice_adeebf""},{""duration_tick"":4,""onset_tick"":4,""pitch"":74,""tie"":""none"",""voice_token"":""voice_adeebf""},{""duration_tick"":4,""onset_tick"":8,""pitch"":71,""tie"":""none"",""voice_token"":""voice_adeebf""},{""duration_tick"":4,""onset_tick"":12,""pitch"":71,""tie"":""none"",""voice_token"":""voice_adeebf""},{""duration_tick"":4,""onset_tick"":16,""pitch"":71,""tie"":""none"",""voice_token"":""voice_adeebf""},{""duration_tick"":4,""onset_tick"":20,""pitch"":71,""tie"":""none"",""voice_token"":""voice_adeebf""},{""duration_tick"":6,""onset_tick"":24,""pitch"":71,""tie"":""none"",""voice_token"":""voice_adeebf""}]}"
music_16c982c5e3a323,"{""events"":[{""duration_tick"":4,""onset_tick"":0,""pitch"":73,""tie"":""none"",""voice_token"":""voice_adeebf""},{""duration_tick"":2,""onset_tick"":4,""pitch"":72,""tie"":""none"",""voice_token"":""voice_adeebf""},{""duration_tick"":2,""onset_tick"":6,""pitch"":72,""tie"":""none"",""voice_token"":""voice_adeebf""},{""duration_tick"":4,""onset_tick"":8,""pitch"":68,""tie"":""none"",""voice_token"":""voice_adeebf""},{""duration_tick"":4,""onset_tick"":12,""pitch"":-1,""tie"":""none"",""voice_token"":""voice_adeebf""},{""duration_tick"":4,""onset_tick"":16,""pitch"":68,""tie"":""none"",""voice_token"":""voice_adeebf""},{""duration_tick"":4,""onset_tick"":20,""pitch"":66,""tie"":""none"",""voice_token"":""voice_adeebf""}]}"
music_9fd6297965507e,"{""events"":[{""duration_tick"":2,""onset_tick"":0,""pitch"":67,""tie"":""none"",""voice_token"":""voice_0331f8""},{""duration_tick"":1,""onset_tick"":2,""pitch"":67,""tie"":""none"",""voice_token"":""voice_0331f8""},{""duration_tick"":1,""onset_tick"":3,""pitch"":67,""tie"":""none"",""voice_token"":""voice_0331f8""},{""duration_tick"":1,""onset_tick"":4,""pitch"":66,""tie"":""none"",""voice_token"":""voice_0331f8""},{""duration_tick"":1,""onset_tick"":5,""pitch"":66,""tie"":""none"",""voice_token"":""voice_0331f8""},{""duration_tick"":2,""onset_tick"":6,""pitch"":70,""tie"":""none"",""voice_token"":""voice_0331f8""}]}"
music_c664e788ebd196,"{""events"":[{""duration_tick"":3,""onset_tick"":0,""pitch"":67,""tie"":""none"",""voice_token"":""voice_adeebf""},{""duration_tick"":1,""onset_tick"":3,""pitch"":65,""tie"":""none"",""voice_token"":""voice_adeebf""},{""duration_tick"":1,""onset_tick"":4,""pitch"":67,""tie"":""none"",""voice_token"":""voice_adeebf""},{""duration_tick"":1,""onset_tick"":5,""pitch"":65,""tie"":""none"",""voice_token"":""voice_adeebf""},{""duration_tick"":3,""onset_tick"":6,""pitch"":67,""tie"":""none"",""voice_token"":""voice_adeebf""}]}"
music_ace7eff292f0fa,"{""events"":[{""duration_tick"":2,""onset_tick"":0,""pitch"":66,""tie"":""none"",""voice_token"":""voice_bf2e2c""},{""duration_tick"":2,""onset_tick"":2,""pitch"":66,""tie"":""none"",""voice_token"":""voice_bf2e2c""},{""duration_tick"":2,""onset_tick"":4,""pitch"":71,""tie"":""none"",""voice_token"":""voice_bf2e2c""},{""duration_tick"":2,""onset_tick"":6,""pitch"":71,""tie"":""none"",""voice_token"":""voice_bf2e2c""},{""duration_tick"":2,""onset_tick"":8,""pitch"":71,""tie"":""none"",""voice_token"":""voice_bf2e2c""}]}"
music_b2e5f8ea624582,"{""events"":[{""duration_tick"":2,""onset_tick"":0,""pitch"":69,""tie"":""none"",""voice_token"":""voice_0331f8""},{""duration_tick"":2,""onset_tick"":2,""pitch"":69,""tie"":""none"",""voice_token"":""voice_0331f8""},{""duration_tick"":2,""onset_tick"":4,""pitch"":66,""tie"":""none"",""voice_token"":""voice_0331f8""},{""duration_tick"":6,""onset_tick"":6,""pitch"":71,""tie"":""none"",""voice_token"":""voice_0331f8""},{""duration_tick"":2,""onset_tick"":12,""pitch"":69,""tie"":""none"",""voice_token"":""voice_0331f8""},{""duration_tick"":2,""onset_tick"":14,""pitch"":69,""tie"":""none"",""voice_token"":""voice_0331f8""}]}"
music_0055182f09f575,"{""events"":[{""duration_tick"":2,""onset_tick"":0,""pitch"":75,""tie"":""none"",""voice_token"":""voice_adeebf""},{""duration_tick"":2,""onset_tick"":2,""pitch"":70,""tie"":""none"",""voice_token"":""voice_adeebf""},{""duration_tick"":2,""onset_tick"":4,""pitch"":70,""tie"":""none"",""voice_token"":""voice_adeebf""},{""duration_tick"":2,""onset_tick"":6,""pitch"":72,""tie"":""none"",""voice_token"":""voice_adeebf""},{""duration_tick"":2,""onset_tick"":8,""pitch"":74,""tie"":""none"",""voice_token"":""voice_adeebf""},{""duration_tick"":2,""onset_tick"":10,""pitch"":74,""tie"":""none"",""voice_token"":""voice_adeebf""},{""duration_tick"":2,""onset_tick"":12,""pitch"":74,""tie"":""none"",""voice_token"":""voice_adeebf""}]}"
music_acff066354007c,"{""events"":[{""duration_tick"":8,""onset_tick"":0,""pitch"":67,""tie"":""none"",""voice_token"":""voice_adeebf""},{""duration_tick"":4,""onset_tick"":8,""pitch"":67,""tie"":""none"",""voice_token"":""voice_adeebf""},{""duration_tick"":2,""onset_tick"":12,""pitch"":62,""tie"":""none"",""voice_token"":""voice_adeebf""},{""duration_tick"":2,""onset_tick"":14,""pitch"":64,""tie"":""none"",""voice_token"":""voice_adeebf""},{""duration_tick"":2,""onset_tick"":16,""pitch"":65,""tie"":""none"",""voice_token"":""voice_adeebf""},{""duration_tick"":2,""onset_tick"":18,""pitch"":64,""tie"":""none"",""voice_token"":""voice_adeebf""},{""duration_tick"":2,""onset_tick"":20,""pitch"":-1,""tie"":""none"",""voice_token"":""voice_adeebf""}]}"
music_0d4234d4bc3804,"{""events"":[{""duration_tick"":2,""onset_tick"":0,""pitch"":-1,""tie"":""none"",""voice_token"":""voice_bf2e2c""},{""duration_tick"":2,""onset_tick"":2,""pitch"":66,""tie"":""none"",""voice_token"":""voice_bf2e2c""},{""duration_tick"":1,""onset_tick"":4,""pitch"":71,""tie"":""none"",""voice_token"":""voice_bf2e2c""},{""duration_tick"":1,""onset_tick"":5,""pitch"":73,""tie"":""none"",""voice_token"":""voice_bf2e2c""}]}"
music_8b2cceb0dffee5,"{""events"":[{""duration_tick"":6,""onset_tick"":0,""pitch"":70,""tie"":""none"",""voice_token"":""voice_adeebf""},{""duration_tick"":2,""onset_tick"":6,""pitch"":70,""tie"":""none"",""voice_token"":""voice_adeebf""},{""duration_tick"":2,""onset_tick"":8,""pitch"":69,""tie"":""none"",""voice_token"":""voice_adeebf""},{""duration_tick"":2,""onset_tick"":10,""pitch"":74,""tie"":""none"",""voice_token"":""voice_adeebf""}]}"
music_c8d7b1d84dccd0,"{""events"":[{""duration_tick"":4,""onset_tick"":0,""pitch"":70,""tie"":""none"",""voice_token"":""voice_0284f7""},{""duration_tick"":4,""onset_tick"":4,""pitch"":68,""tie"":""none"",""voice_token"":""voice_0284f7""},{""duration_tick"":4,""onset_tick"":8,""pitch"":67,""tie"":""none"",""voice_token"":""voice_0284f7""},{""duration_tick"":4,""onset_tick"":12,""pitch"":67,""tie"":""none"",""voice_token"":""voice_0284f7""},{""duration_tick"":4,""onset_tick"":16,""pitch"":67,""tie"":""none"",""voice_token"":""voice_0284f7""},{""duration_tick"":4,""onset_tick"":20,""pitch"":71,""tie"":""none"",""voice_token"":""voice_0284f7""}]}"
music_188b56f89886e3,"{""events"":[{""duration_tick"":2,""onset_tick"":0,""pitch"":68,""tie"":""none"",""voice_token"":""voice_bf2e2c""},{""duration_tick"":2,""onset_tick"":2,""pitch"":63,""tie"":""none"",""voice_token"":""voice_bf2e2c""},{""duration_tick"":1,""onset_tick"":4,""pitch"":62,""tie"":""none"",""voice_token"":""voice_bf2e2c""},{""duration_tick"":1,""onset_tick"":5,""pitch"":60,""tie"":""none"",""voice_token"":""voice_bf2e2c""}]}"
music_301b365ac24024,"{""events"":[{""duration_tick"":4,""onset_tick"":0,""pitch"":66,""tie"":""none"",""voice_token"":""voice_7574bc""},{""duration_tick"":8,""onset_tick"":4,""pitch"":66,""tie"":""none"",""voice_token"":""voice_7574bc""},{""duration_tick"":4,""onset_tick"":12,""pitch"":66,""tie"":""none"",""voice_token"":""voice_7574bc""},{""duration_tick"":4,""onset_tick"":16,""pitch"":66,""tie"":""none"",""voice_token"":""voice_7574bc""},{""duration_tick"":4,""onset_tick"":20,""pitch"":66,""tie"":""none"",""voice_token"":""voice_7574bc""},{""duration_tick"":4,""onset_tick"":24,""pitch"":66,""tie"":""none"",""voice_token"":""voice_7574bc""}]}"
music_40548f29298a29,"{""events"":[{""duration_tick"":1,""onset_tick"":0,""pitch"":72,""tie"":""none"",""voice_token"":""voice_c979c0""},{""duration_tick"":1,""onset_tick"":1,""pitch"":74,""tie"":""none"",""voice_token"":""voice_c979c0""},{""duration_tick"":1,""onset_tick"":2,""pitch"":70,""tie"":""none"",""voice_token"":""voice_c979c0""},{""duration_tick"":1,""onset_tick"":3,""pitch"":70,""tie"":""none"",""voice_token"":""voice_c979c0""},{""duration_tick"":1,""onset_tick"":4,""pitch"":70,""tie"":""none"",""voice_token"":""voice_c979c0""},{""duration_tick"":3,""onset_tick"":5,""pitch"":67,""tie"":""none"",""voice_token"":""voice_c979c0""}]}"
music_cf8f099cf2a0ee,"{""events"":[{""duration_tick"":2,""onset_tick"":0,""pitch"":68,""tie"":""none"",""voice_token"":""voice_adeebf""},{""duration_tick"":4,""onset_tick"":2,""pitch"":77,""tie"":""none"",""voice_token"":""voice_adeebf""},{""duration_tick"":2,""onset_tick"":6,""pitch"":75,""tie"":""none"",""voice_token"":""voice_adeebf""},{""duration_tick"":4,""onset_tick"":8,""pitch"":70,""tie"":""none"",""voice_token"":""voice_adeebf""},{""duration_tick"":2,""onset_tick"":12,""pitch"":68,""tie"":""none"",""voice_token"":""voice_adeebf""},{""duration_tick"":2,""onset_tick"":14,""pitch"":68,""tie"":""none"",""voice_token"":""voice_adeebf""}]}"
music_c343946b179510,"{""events"":[{""duration_tick"":8,""onset_tick"":0,""pitch"":-1,""tie"":""none"",""voice_token"":""voice_381ded""},{""duration_tick"":16,""onset_tick"":8,""pitch"":-1,""tie"":""none"",""voice_token"":""voice_381ded""},{""duration_tick"":16,""onset_tick"":24,""pitch"":-1,""tie"":""none"",""voice_token"":""voice_381ded""},{""duration_tick"":16,""onset_tick"":40,""pitch"":-1,""tie"":""none"",""voice_token"":""voice_381ded""},{""duration_tick"":16,""onset_tick"":56,""pitch"":-1,""tie"":""none"",""voice_token"":""voice_381ded""},{""duration_tick"":16,""onset_tick"":72,""pitch"":-1,""tie"":""none"",""voice_token"":""voice_381ded""},{""duration_tick"":8,""onset_tick"":88,""pitch"":-1,""tie"":""none"",""voice_token"":""voice_381ded""}]}"
music_8d59cd9c4a3b43,"{""events"":[{""duration_tick"":12,""onset_tick"":0,""pitch"":-1,""tie"":""none"",""voice_token"":""voice_adeebf""},{""duration_tick"":12,""onset_tick"":12,""pitch"":-1,""tie"":""none"",""voice_token"":""voice_adeebf""},{""duration_tick"":4,""onset_tick"":24,""pitch"":60,""tie"":""none"",""voice_token"":""voice_adeebf""},{""duration_tick"":2,""onset_tick"":28,""pitch"":62,""tie"":""none"",""voice_token"":""voice_adeebf""},{""duration_tick"":2,""onset_tick"":30,""pitch"":60,""tie"":""none"",""voice_token"":""voice_adeebf""},{""duration_tick"":2,""onset_tick"":32,""pitch"":62,""tie"":""none"",""voice_token"":""voice_adeebf""},{""duration_tick"":2,""onset_tick"":34,""pitch"":60,""tie"":""none"",""voice_token"":""voice_adeebf""}]}"
music_2c9fd7e1bf18eb,"{""events"":[{""duration_tick"":8,""onset_tick"":0,""pitch"":72,""tie"":""none"",""voice_token"":""voice_adeebf""},{""duration_tick"":4,""onset_tick"":8,""pitch"":67,""tie"":""none"",""voice_token"":""voice_adeebf""},{""duration_tick"":4,""onset_tick"":12,""pitch"":68,""tie"":""none"",""voice_token"":""voice_adeebf""},{""duration_tick"":12,""onset_tick"":16,""pitch"":72,""tie"":""none"",""voice_token"":""voice_adeebf""},{""duration_tick"":12,""onset_tick"":28,""pitch"":70,""tie"":""none"",""voice_token"":""voice_adeebf""},{""duration_tick"":12,""onset_tick"":40,""pitch"":68,""tie"":""none"",""voice_token"":""voice_adeebf""},{""duration_tick"":12,""onset_tick"":52,""pitch"":68,""tie"":""none"",""voice_token"":""voice_adeebf""}]}"
music_da547b87863376,"{""events"":[{""duration_tick"":2,""onset_tick"":0,""pitch"":70,""tie"":""none"",""voice_token"":""voice_0284f7""},{""duration_tick"":2,""onset_tick"":2,""pitch"":69,""tie"":""none"",""voice_token"":""voice_0284f7""},{""duration_tick"":2,""onset_tick"":4,""pitch"":70,""tie"":""none"",""voice_token"":""voice_0284f7""},{""duration_tick"":2,""onset_tick"":6,""pitch"":72,""tie"":""none"",""voice_token"":""voice_0284f7""}]}"
music_ab11f3604565ff,"{""events"":[{""duration_tick"":3,""onset_tick"":0,""pitch"":68,""tie"":""none"",""voice_token"":""voice_adeebf""},{""duration_tick"":1,""onset_tick"":3,""pitch"":66,""tie"":""none"",""voice_token"":""voice_adeebf""},{""duration_tick"":2,""onset_tick"":4,""pitch"":65,""tie"":""none"",""voice_token"":""voice_adeebf""},{""duration_tick"":2,""onset_tick"":6,""pitch"":63,""tie"":""none"",""voice_token"":""voice_adeebf""},{""duration_tick"":2,""onset_tick"":8,""pitch"":62,""tie"":""none"",""voice_token"":""voice_adeebf""},{""duration_tick"":2,""onset_tick"":10,""pitch"":63,""tie"":""none"",""voice_token"":""voice_adeebf""}]}"
music_982bba55ce334e,"{""events"":[{""duration_tick"":2,""onset_tick"":0,""pitch"":68,""tie"":""none"",""voice_token"":""voice_adeebf""},{""duration_tick"":4,""onset_tick"":2,""pitch"":68,""tie"":""none"",""voice_token"":""voice_adeebf""},{""duration_tick"":4,""onset_tick"":6,""pitch"":67,""tie"":""none"",""voice_token"":""voice_adeebf""},{""duration_tick"":4,""onset_tick"":10,""pitch"":-1,""tie"":""none"",""voice_token"":""voice_adeebf""},{""duration_tick"":4,""onset_tick"":14,""pitch"":75,""tie"":""none"",""voice_token"":""voice_adeebf""},{""duration_tick"":4,""onset_tick"":18,""pitch"":75,""tie"":""none"",""voice_token"":""voice_adeebf""}]}"
music_d7ee951d6bfc7c,"{""events"":[{""duration_tick"":4,""onset_tick"":0,""pitch"":76,""tie"":""none"",""voice_token"":""voice_bf2e2c""},{""duration_tick"":4,""onset_tick"":4,""pitch"":76,""tie"":""none"",""voice_token"":""voice_bf2e2c""},{""duration_tick"":2,""onset_tick"":8,""pitch"":74,""tie"":""none"",""voice_token"":""voice_bf2e2c""},{""duration_tick"":2,""onset_tick"":10,""pitch"":72,""tie"":""none"",""voice_token"":""voice_bf2e2c""},{""duration_tick"":4,""onset_tick"":12,""pitch"":71,""tie"":""none"",""voice_token"":""voice_bf2e2c""},{""duration_tick"":4,""onset_tick"":16,""pitch"":69,""tie"":""none"",""voice_token"":""voice_bf2e2c""},{""duration_tick"":4,""onset_tick"":20,""pitch"":68,""tie"":""none"",""voice_token"":""voice_bf2e2c""}]}"
music_b4c894efbf6186,"{""events"":[{""duration_tick"":2,""onset_tick"":0,""pitch"":62,""tie"":""none"",""voice_token"":""voice_adeebf""},{""duration_tick"":2,""onset_tick"":2,""pitch"":62,""tie"":""none"",""voice_token"":""voice_adeebf""},{""duration_tick"":4,""onset_tick"":4,""pitch"":62,""tie"":""none"",""voice_token"":""voice_adeebf""},{""duration_tick"":2,""onset_tick"":8,""pitch"":67,""tie"":""none"",""voice_token"":""voice_adeebf""}]}"
music_8ec1dc83a80f2c,"{""events"":[{""duration_tick"":1,""onset_tick"":0,""pitch"":47,""tie"":""none"",""voice_token"":""voice_0c5784""},{""duration_tick"":2,""onset_tick"":1,""pitch"":50,""tie"":""none"",""voice_token"":""voice_0c5784""},{""duration_tick"":2,""onset_tick"":3,""pitch"":47,""tie"":""none"",""voice_token"":""voice_0c5784""},{""duration_tick"":4,""onset_tick"":5,""pitch"":50,""tie"":""none"",""voice_token"":""voice_0c5784""},{""duration_tick"":2,""onset_tick"":9,""pitch"":50,""tie"":""none"",""voice_token"":""voice_0c5784""},{""duration_tick"":2,""onset_tick"":11,""pitch"":50,""tie"":""none"",""voice_token"":""voice_0c5784""}]}"
music_a5862be3073865,"{""events"":[{""duration_tick"":4,""onset_tick"":0,""pitch"":67,""tie"":""none"",""voice_token"":""voice_adeebf""},{""duration_tick"":2,""onset_tick"":4,""pitch"":67,""tie"":""none"",""voice_token"":""voice_adeebf""},{""duration_tick"":2,""onset_tick"":6,""pitch"":67,""tie"":""none"",""voice_token"":""voice_adeebf""},{""duration_tick"":4,""onset_tick"":8,""pitch"":69,""tie"":""none"",""voice_token"":""voice_adeebf""},{""duration_tick"":4,""onset_tick"":12,""pitch"":69,""tie"":""none"",""voice_token"":""voice_adeebf""},{""duration_tick"":4,""onset_tick"":16,""pitch"":67,""tie"":""none"",""voice_token"":""voice_adeebf""},{""duration_tick"":4,""onset_tick"":20,""pitch"":67,""tie"":""none"",""voice_token"":""voice_adeebf""}]}"
music_b5a04490f931c3,"{""events"":[{""duration_tick"":2,""onset_tick"":0,""pitch"":62,""tie"":""none"",""voice_token"":""voice_bf2e2c""},{""duration_tick"":2,""onset_tick"":2,""pitch"":63,""tie"":""none"",""voice_token"":""voice_bf2e2c""},{""duration_tick"":2,""onset_tick"":4,""pitch"":63,""tie"":""none"",""voice_token"":""voice_bf2e2c""},{""duration_tick"":4,""onset_tick"":6,""pitch"":64,""tie"":""none"",""voice_token"":""voice_bf2e2c""},{""duration_tick"":2,""onset_tick"":10,""pitch"":64,""tie"":""none"",""voice_token"":""voice_bf2e2c""}]}"
music_2fdac1b6d8c778,"{""events"":[{""duration_tick"":2,""onset_tick"":0,""pitch"":71,""tie"":""none"",""voice_token"":""voice_adeebf""},{""duration_tick"":4,""onset_tick"":2,""pitch"":72,""tie"":""none"",""voice_token"":""voice_adeebf""},{""duration_tick"":4,""onset_tick"":6,""pitch"":71,""tie"":""none"",""voice_token"":""voice_adeebf""},{""duration_tick"":2,""onset_tick"":10,""pitch"":71,""tie"":""none"",""voice_token"":""voice_adeebf""}]}"
music_6e66581463c8f0,"{""events"":[{""duration_tick"":1,""onset_tick"":0,""pitch"":72,""tie"":""none"",""voice_token"":""voice_bf2e2c""},{""duration_tick"":1,""onset_tick"":1,""pitch"":72,""tie"":""none"",""voice_token"":""voice_bf2e2c""},{""duration_tick"":1,""onset_tick"":2,""pitch"":67,""tie"":""none"",""voice_token"":""voice_bf2e2c""},{""duration_tick"":1,""onset_tick"":3,""pitch"":62,""tie"":""none"",""voice_token"":""voice_bf2e2c""},{""duration_tick"":1,""onset_tick"":4,""pitch"":67,""tie"":""none"",""voice_token"":""voice_bf2e2c""},{""duration_tick"":1,""onset_tick"":5,""pitch"":65,""tie"":""none"",""voice_token"":""voice_bf2e2c""}]}"
music_f7537aeb8831ba,"{""events"":[{""duration_tick"":2,""onset_tick"":0,""pitch"":70,""tie"":""none"",""voice_token"":""voice_bf2e2c""},{""duration_tick"":2,""onset_tick"":2,""pitch"":69,""tie"":""none"",""voice_token"":""voice_bf2e2c""},{""duration_tick"":4,""onset_tick"":4,""pitch"":66,""tie"":""none"",""voice_token"":""voice_bf2e2c""},{""duration_tick"":4,""onset_tick"":8,""pitch"":73,""tie"":""none"",""voice_token"":""voice_bf2e2c""},{""duration_tick"":4,""onset_tick"":12,""pitch"":-1,""tie"":""none"",""voice_token"":""voice_bf2e2c""}]}"
music_b983e6d6064c62,"{""events"":[{""duration_tick"":12,""onset_tick"":0,""pitch"":-1,""tie"":""none"",""voice_token"":""voice_0331f8""},{""duration_tick"":12,""onset_tick"":12,""pitch"":-1,""tie"":""none"",""voice_token"":""voice_0331f8""},{""duration_tick"":4,""onset_tick"":24,""pitch"":76,""tie"":""none"",""voice_token"":""voice_0331f8""},{""duration_tick"":4,""onset_tick"":28,""pitch"":79,""tie"":""none"",""voice_token"":""voice_0331f8""},{""duration_tick"":4,""onset_tick"":32,""pitch"":76,""tie"":""none"",""voice_token"":""voice_0331f8""}]}"
music_d61eef1226444d,"{""events"":[{""duration_tick"":1,""onset_tick"":0,""pitch"":67,""tie"":""none"",""voice_token"":""voice_adeebf""},{""duration_tick"":1,""onset_tick"":1,""pitch"":62,""tie"":""none"",""voice_token"":""voice_adeebf""},{""duration_tick"":1,""onset_tick"":2,""pitch"":64,""tie"":""none"",""voice_token"":""voice_adeebf""},{""duration_tick"":2,""onset_tick"":3,""pitch"":67,""tie"":""none"",""voice_token"":""voice_adeebf""}]}"
music_972ee901e2f22e,"{""events"":[{""duration_tick"":8,""onset_tick"":0,""pitch"":71,""tie"":""none"",""voice_token"":""voice_385a97""},{""duration_tick"":8,""onset_tick"":8,""pitch"":67,""tie"":""none"",""voice_token"":""voice_385a97""},{""duration_tick"":4,""onset_tick"":16,""pitch"":66,""tie"":""none"",""voice_token"":""voice_385a97""},{""duration_tick"":2,""onset_tick"":20,""pitch"":64,""tie"":""none"",""voice_token"":""voice_385a97""}]}"
music_74d08bb4c0e58e,"{""events"":[{""duration_tick"":1,""onset_tick"":0,""pitch"":78,""tie"":""none"",""voice_token"":""voice_adeebf""},{""duration_tick"":1,""onset_tick"":1,""pitch"":76,""tie"":""none"",""voice_token"":""voice_adeebf""},{""duration_tick"":1,""onset_tick"":2,""pitch"":74,""tie"":""none"",""voice_token"":""voice_adeebf""},{""duration_tick"":1,""onset_tick"":3,""pitch"":74,""tie"":""none"",""voice_token"":""voice_adeebf""},{""duration_tick"":1,""onset_tick"":4,""pitch"":74,""tie"":""none"",""voice_token"":""voice_adeebf""},{""duration_tick"":1,""onset_tick"":5,""pitch"":72,""tie"":""none"",""voice_token"":""voice_adeebf""}]}"
music_297dc56d15c51a,"{""events"":[{""duration_tick"":4,""onset_tick"":0,""pitch"":72,""tie"":""none"",""voice_token"":""voice_bf2e2c""},{""duration_tick"":6,""onset_tick"":4,""pitch"":68,""tie"":""none"",""voice_token"":""voice_bf2e2c""},{""duration_tick"":2,""onset_tick"":10,""pitch"":68,""tie"":""none"",""voice_token"":""voice_bf2e2c""},{""duration_tick"":6,""onset_tick"":12,""pitch"":68,""tie"":""none"",""voice_token"":""voice_bf2e2c""}]}"
music_5971a4e775b91b,"{""events"":[{""duration_tick"":1,""onset_tick"":0,""pitch"":75,""tie"":""none"",""voice_token"":""voice_adeebf""},{""duration_tick"":2,""onset_tick"":1,""pitch"":75,""tie"":""none"",""voice_token"":""voice_adeebf""},{""duration_tick"":2,""onset_tick"":3,""pitch"":76,""tie"":""none"",""voice_token"":""voice_adeebf""},{""duration_tick"":2,""onset_tick"":5,""pitch"":73,""tie"":""none"",""voice_token"":""voice_adeebf""},{""duration_tick"":2,""onset_tick"":7,""pitch"":72,""tie"":""none"",""voice_token"":""voice_adeebf""},{""duration_tick"":2,""onset_tick"":9,""pitch"":70,""tie"":""none"",""voice_token"":""voice_adeebf""},{""duration_tick"":1,""onset_tick"":11,""pitch"":70,""tie"":""none"",""voice_token"":""voice_adeebf""}]}"
music_0f0ae19f2380f0,"{""events"":[{""duration_tick"":1,""onset_tick"":0,""pitch"":69,""tie"":""none"",""voice_token"":""voice_adeebf""},{""duration_tick"":2,""onset_tick"":1,""pitch"":67,""tie"":""none"",""voice_token"":""voice_adeebf""},{""duration_tick"":2,""onset_tick"":3,""pitch"":65,""tie"":""none"",""voice_token"":""voice_adeebf""},{""duration_tick"":4,""onset_tick"":5,""pitch"":69,""tie"":""none"",""voice_token"":""voice_adeebf""},{""duration_tick"":4,""onset_tick"":9,""pitch"":69,""tie"":""none"",""voice_token"":""voice_adeebf""},{""duration_tick"":4,""onset_tick"":13,""pitch"":72,""tie"":""none"",""voice_token"":""voice_adeebf""},{""duration_tick"":3,""onset_tick"":17,""pitch"":72,""tie"":""none"",""voice_token"":""voice_adeebf""}]}"
music_900d5364b0bf0d,"{""events"":[{""duration_tick"":2,""onset_tick"":0,""pitch"":67,""tie"":""none"",""voice_token"":""voice_adeebf""},{""duration_tick"":2,""onset_tick"":2,""pitch"":68,""tie"":""none"",""voice_token"":""voice_adeebf""},{""duration_tick"":2,""onset_tick"":4,""pitch"":68,""tie"":""none"",""voice_token"":""voice_adeebf""},{""duration_tick"":2,""onset_tick"":6,""pitch"":68,""tie"":""none"",""voice_token"":""voice_adeebf""},{""duration_tick"":2,""onset_tick"":8,""pitch"":68,""tie"":""none"",""voice_token"":""voice_adeebf""}]}"
music_ef2073c1597ca4,"{""events"":[{""duration_tick"":3,""onset_tick"":0,""pitch"":67,""tie"":""none"",""voice_token"":""voice_adeebf""},{""duration_tick"":1,""onset_tick"":3,""pitch"":72,""tie"":""none"",""voice_token"":""voice_adeebf""},{""duration_tick"":2,""onset_tick"":4,""pitch"":74,""tie"":""none"",""voice_token"":""voice_adeebf""},{""duration_tick"":4,""onset_tick"":6,""pitch"":72,""tie"":""none"",""voice_token"":""voice_adeebf""},{""duration_tick"":2,""onset_tick"":10,""pitch"":72,""tie"":""none"",""voice_token"":""voice_adeebf""},{""duration_tick"":4,""onset_tick"":12,""pitch"":72,""tie"":""none"",""voice_token"":""voice_adeebf""},{""duration_tick"":2,""onset_tick"":16,""pitch"":74,""tie"":""none"",""voice_token"":""voice_adeebf""}]}"
music_013abf67292cc2,"{""events"":[{""duration_tick"":1,""onset_tick"":0,""pitch"":68,""tie"":""none"",""voice_token"":""voice_7574bc""},{""duration_tick"":1,""onset_tick"":1,""pitch"":69,""tie"":""none"",""voice_token"":""voice_7574bc""},{""duration_tick"":1,""onset_tick"":2,""pitch"":71,""tie"":""none"",""voice_token"":""voice_7574bc""},{""duration_tick"":2,""onset_tick"":3,""pitch"":73,""tie"":""none"",""voice_token"":""voice_7574bc""},{""duration_tick"":1,""onset_tick"":5,""pitch"":73,""tie"":""none"",""voice_token"":""voice_7574bc""},{""duration_tick"":1,""onset_tick"":6,""pitch"":76,""tie"":""none"",""voice_token"":""voice_7574bc""}]}"
music_23cc167dae0200,"{""events"":[{""duration_tick"":2,""onset_tick"":0,""pitch"":68,""tie"":""none"",""voice_token"":""voice_bf2e2c""},{""duration_tick"":2,""onset_tick"":2,""pitch"":68,""tie"":""none"",""voice_token"":""voice_bf2e2c""},{""duration_tick"":2,""onset_tick"":4,""pitch"":70,""tie"":""none"",""voice_token"":""voice_bf2e2c""},{""duration_tick"":2,""onset_tick"":6,""pitch"":70,""tie"":""none"",""voice_token"":""voice_bf2e2c""},{""duration_tick"":4,""onset_tick"":8,""pitch"":72,""tie"":""none"",""voice_token"":""voice_bf2e2c""},{""duration_tick"":2,""onset_tick"":12,""pitch"":72,""tie"":""none"",""voice_token"":""voice_bf2e2c""},{""duration_tick"":2,""onset_tick"":14,""pitch"":68,""tie"":""none"",""voice_token"":""voice_bf2e2c""}]}"
music_429f5cfd093919,"{""events"":[{""duration_tick"":2,""onset_tick"":0,""pitch"":69,""tie"":""none"",""voice_token"":""voice_adeebf""},{""duration_tick"":4,""onset_tick"":2,""pitch"":69,""tie"":""none"",""voice_token"":""voice_adeebf""},{""duration_tick"":4,""onset_tick"":6,""pitch"":74,""tie"":""none"",""voice_token"":""voice_adeebf""},{""duration_tick"":4,""onset_tick"":10,""pitch"":73,""tie"":""none"",""voice_token"":""voice_adeebf""},{""duration_tick"":4,""onset_tick"":14,""pitch"":71,""tie"":""none"",""voice_token"":""voice_adeebf""},{""duration_tick"":4,""onset_tick"":18,""pitch"":69,""tie"":""none"",""voice_token"":""voice_adeebf""}]}"
music_cb332d5f17a665,"{""events"":[{""duration_tick"":1,""onset_tick"":0,""pitch"":67,""tie"":""none"",""voice_token"":""voice_0331f8""},{""duration_tick"":2,""onset_tick"":1,""pitch"":65,""tie"":""none"",""voice_token"":""voice_0331f8""},{""duration_tick"":4,""onset_tick"":3,""pitch"":67,""tie"":""none"",""voice_token"":""voice_0331f8""},{""duration_tick"":4,""onset_tick"":7,""pitch"":64,""tie"":""none"",""voice_token"":""voice_0331f8""},{""duration_tick"":8,""onset_tick"":11,""pitch"":-1,""tie"":""none"",""voice_token"":""voice_0331f8""},{""duration_tick"":4,""onset_tick"":19,""pitch"":-1,""tie"":""none"",""voice_token"":""voice_0331f8""},{""duration_tick"":4,""onset_tick"":23,""pitch"":-1,""tie"":""none"",""voice_token"":""voice_0331f8""}]}"
music_b3d5811772e43a,"{""events"":[{""duration_tick"":1,""onset_tick"":0,""pitch"":73,""tie"":""none"",""voice_token"":""voice_adeebf""},{""duration_tick"":3,""onset_tick"":1,""pitch"":75,""tie"":""none"",""voice_token"":""voice_adeebf""},{""duration_tick"":1,""onset_tick"":4,""pitch"":72,""tie"":""none"",""voice_token"":""voice_adeebf""},{""duration_tick"":3,""onset_tick"":5,""pitch"":70,""tie"":""none"",""voice_token"":""voice_adeebf""},{""duration_tick"":1,""onset_tick"":8,""pitch"":70,""tie"":""none"",""voice_token"":""voice_adeebf""}]}"
music_3f1d683f1d4c61,"{""events"":[{""duration_tick"":2,""onset_tick"":0,""pitch"":68,""tie"":""none"",""voice_token"":""voice_adeebf""},{""duration_tick"":2,""onset_tick"":2,""pitch"":67,""tie"":""none"",""voice_token"":""voice_adeebf""},{""duration_tick"":2,""onset_tick"":4,""pitch"":65,""tie"":""none"",""voice_token"":""voice_adeebf""},{""duration_tick"":2,""onset_tick"":6,""pitch"":65,""tie"":""none"",""voice_token"":""voice_adeebf""}]}"
music_429e137772d96a,"{""events"":[{""duration_tick"":2,""onset_tick"":0,""pitch"":64,""tie"":""none"",""voice_token"":""voice_e8cd7c""},{""duration_tick"":2,""onset_tick"":2,""pitch"":64,""tie"":""none"",""voice_token"":""voice_e8cd7c""},{""duration_tick"":2,""onset_tick"":4,""pitch"":64,""tie"":""none"",""voice_token"":""voice_e8cd7c""},{""duration_tick"":1,""onset_tick"":6,""pitch"":64,""tie"":""none"",""voice_token"":""voice_e8cd7c""},{""duration_tick"":1,""onset_tick"":7,""pitch"":64,""tie"":""none"",""voice_token"":""voice_e8cd7c""}]}"
music_f07c7d4ca3b4eb,"{""events"":[{""duration_tick"":2,""onset_tick"":0,""pitch"":65,""tie"":""none"",""voice_token"":""voice_1628af""},{""duration_tick"":6,""onset_tick"":2,""pitch"":67,""tie"":""none"",""voice_token"":""voice_1628af""},{""duration_tick"":2,""onset_tick"":8,""pitch"":65,""tie"":""none"",""voice_token"":""voice_1628af""},{""duration_tick"":2,""onset_tick"":10,""pitch"":64,""tie"":""none"",""voice_token"":""voice_1628af""},{""duration_tick"":2,""onset_tick"":12,""pitch"":62,""tie"":""none"",""voice_token"":""voice_1628af""},{""duration_tick"":8,""onset_tick"":14,""pitch"":60,""tie"":""none"",""voice_token"":""voice_1628af""},{""duration_tick"":4,""onset_tick"":22,""pitch"":60,""tie"":""none"",""voice_token"":""voice_1628af""}]}"
music_82b6b342fc24fa,"{""events"":[{""duration_tick"":4,""onset_tick"":0,""pitch"":70,""tie"":""none"",""voice_token"":""voice_adeebf""},{""duration_tick"":4,""onset_tick"":4,""pitch"":70,""tie"":""none"",""voice_token"":""voice_adeebf""},{""duration_tick"":4,""onset_tick"":8,""pitch"":75,""tie"":""none"",""voice_token"":""voice_adeebf""},{""duration_tick"":2,""onset_tick"":12,""pitch"":70,""tie"":""none"",""voice_token"":""voice_adeebf""},{""duration_tick"":2,""onset_tick"":14,""pitch"":72,""tie"":""none"",""voice_token"":""voice_adeebf""},{""duration_tick"":4,""onset_tick"":16,""pitch"":74,""tie"":""none"",""voice_token"":""voice_adeebf""},{""duration_tick"":4,""onset_tick"":20,""pitch"":74,""tie"":""none"",""voice_token"":""voice_adeebf""}]}"
music_8a81338a974a9a,"{""events"":[{""duration_tick"":4,""onset_tick"":0,""pitch"":67,""tie"":""none"",""voice_token"":""voice_adeebf""},{""duration_tick"":2,""onset_tick"":4,""pitch"":70,""tie"":""none"",""voice_token"":""voice_adeebf""},{""duration_tick"":4,""onset_tick"":6,""pitch"":67,""tie"":""none"",""voice_token"":""voice_adeebf""},{""duration_tick"":2,""onset_tick"":10,""pitch"":67,""tie"":""none"",""voice_token"":""voice_adeebf""}]}"
music_bf8acd6055417d,"{""events"":[{""duration_tick"":4,""onset_tick"":0,""pitch"":-1,""tie"":""none"",""voice_token"":""voice_adeebf""},{""duration_tick"":4,""onset_tick"":4,""pitch"":77,""tie"":""none"",""voice_token"":""voice_adeebf""},{""duration_tick"":4,""onset_tick"":8,""pitch"":-1,""tie"":""none"",""voice_token"":""voice_adeebf""},{""duration_tick"":4,""onset_tick"":12,""pitch"":73,""tie"":""none"",""voice_token"":""voice_adeebf""},{""duration_tick"":4,""onset_tick"":16,""pitch"":-1,""tie"":""none"",""voice_token"":""voice_adeebf""},{""duration_tick"":4,""onset_tick"":20,""pitch"":75,""tie"":""none"",""voice_token"":""voice_adeebf""},{""duration_tick"":2,""onset_tick"":24,""pitch"":75,""tie"":""none"",""voice_token"":""voice_adeebf""}]}"
music_353ac4117810ab,"{""events"":[{""duration_tick"":4,""onset_tick"":0,""pitch"":67,""tie"":""none"",""voice_token"":""voice_adeebf""},{""duration_tick"":4,""onset_tick"":4,""pitch"":67,""tie"":""none"",""voice_token"":""voice_adeebf""},{""duration_tick"":4,""onset_tick"":8,""pitch"":67,""tie"":""none"",""voice_token"":""voice_adeebf""},{""duration_tick"":8,""onset_tick"":12,""pitch"":67,""tie"":""none"",""voice_token"":""voice_adeebf""},{""duration_tick"":4,""onset_tick"":20,""pitch"":67,""tie"":""none"",""voice_token"":""voice_adeebf""},{""duration_tick"":2,""onset_tick"":24,""pitch"":67,""tie"":""none"",""voice_token"":""voice_adeebf""}]}"
music_34a19fcfe050bb,"{""events"":[{""duration_tick"":2,""onset_tick"":0,""pitch"":74,""tie"":""none"",""voice_token"":""voice_adeebf""},{""duration_tick"":2,""onset_tick"":2,""pitch"":74,""tie"":""none"",""voice_token"":""voice_adeebf""},{""duration_tick"":2,""onset_tick"":4,""pitch"":74,""tie"":""none"",""voice_token"":""voice_adeebf""},{""duration_tick"":2,""onset_tick"":6,""pitch"":74,""tie"":""none"",""voice_token"":""voice_adeebf""}]}"
music_3f0c7e9902d26a,"{""events"":[{""duration_tick"":1,""onset_tick"":0,""pitch"":75,""tie"":""none"",""voice_token"":""voice_0284f7""},{""duration_tick"":2,""onset_tick"":1,""pitch"":72,""tie"":""none"",""voice_token"":""voice_0284f7""},{""duration_tick"":2,""onset_tick"":3,""pitch"":70,""tie"":""none"",""voice_token"":""voice_0284f7""},{""duration_tick"":2,""onset_tick"":5,""pitch"":68,""tie"":""none"",""voice_token"":""voice_0284f7""},{""duration_tick"":2,""onset_tick"":7,""pitch"":75,""tie"":""none"",""voice_token"":""voice_0284f7""},{""duration_tick"":3,""onset_tick"":9,""pitch"":72,""tie"":""none"",""voice_token"":""voice_0284f7""}]}"
music_9bbc0af7f1f0e9,"{""events"":[{""duration_tick"":2,""onset_tick"":0,""pitch"":73,""tie"":""none"",""voice_token"":""voice_0331f8""},{""duration_tick"":2,""onset_tick"":2,""pitch"":73,""tie"":""none"",""voice_token"":""voice_0331f8""},{""duration_tick"":2,""onset_tick"":4,""pitch"":73,""tie"":""none"",""voice_token"":""voice_0331f8""},{""duration_tick"":4,""onset_tick"":6,""pitch"":71,""tie"":""none"",""voice_token"":""voice_0331f8""},{""duration_tick"":8,""onset_tick"":10,""pitch"":69,""tie"":""none"",""voice_token"":""voice_0331f8""},{""duration_tick"":4,""onset_tick"":18,""pitch"":69,""tie"":""none"",""voice_token"":""voice_0331f8""},{""duration_tick"":2,""onset_tick"":22,""pitch"":67,""tie"":""none"",""voice_token"":""voice_0331f8""}]}"
music_7afb05ea4c67b9,"{""events"":[{""duration_tick"":4,""onset_tick"":0,""pitch"":72,""tie"":""none"",""voice_token"":""voice_bf2e2c""},{""duration_tick"":2,""onset_tick"":4,""pitch"":71,""tie"":""none"",""voice_token"":""voice_bf2e2c""},{""duration_tick"":6,""onset_tick"":6,""pitch"":71,""tie"":""none"",""voice_token"":""voice_bf2e2c""},{""duration_tick"":2,""onset_tick"":12,""pitch"":72,""tie"":""none"",""voice_token"":""voice_bf2e2c""},{""duration_tick"":2,""onset_tick"":14,""pitch"":74,""tie"":""none"",""voice_token"":""voice_bf2e2c""}]}"
music_64b8352f903496,"{""events"":[{""duration_tick"":2,""onset_tick"":0,""pitch"":71,""tie"":""none"",""voice_token"":""voice_adeebf""},{""duration_tick"":2,""onset_tick"":2,""pitch"":76,""tie"":""none"",""voice_token"":""voice_adeebf""},{""duration_tick"":4,""onset_tick"":4,""pitch"":76,""tie"":""none"",""voice_token"":""voice_adeebf""},{""duration_tick"":2,""onset_tick"":8,""pitch"":76,""tie"":""none"",""voice_token"":""voice_adeebf""},{""duration_tick"":2,""onset_tick"":10,""pitch"":74,""tie"":""none"",""voice_token"":""voice_adeebf""},{""duration_tick"":4,""onset_tick"":12,""pitch"":69,""tie"":""none"",""voice_token"":""voice_adeebf""},{""duration_tick"":2,""onset_tick"":16,""pitch"":67,""tie"":""none"",""voice_token"":""voice_adeebf""}]}"
music_92e2f00edae862,"{""events"":[{""duration_tick"":1,""onset_tick"":0,""pitch"":71,""tie"":""none"",""voice_token"":""voice_bf2e2c""},{""duration_tick"":2,""onset_tick"":1,""pitch"":72,""tie"":""none"",""voice_token"":""voice_bf2e2c""},{""duration_tick"":2,""onset_tick"":3,""pitch"":72,""tie"":""none"",""voice_token"":""voice_bf2e2c""},{""duration_tick"":4,""onset_tick"":5,""pitch"":72,""tie"":""none"",""voice_token"":""voice_bf2e2c""},{""duration_tick"":2,""onset_tick"":9,""pitch"":71,""tie"":""none"",""voice_token"":""voice_bf2e2c""},{""duration_tick"":2,""onset_tick"":11,""pitch"":69,""tie"":""none"",""voice_token"":""voice_bf2e2c""},{""duration_tick"":2,""onset_tick"":13,""pitch"":71,""tie"":""none"",""voice_token"":""voice_bf2e2c""}]}"
music_6b94325c05496d,"{""events"":[{""duration_tick"":4,""onset_tick"":0,""pitch"":65,""tie"":""none"",""voice_token"":""voice_0331f8""},{""duration_tick"":4,""onset_tick"":4,""pitch"":65,""tie"":""none"",""voice_token"":""voice_0331f8""},{""duration_tick"":4,""onset_tick"":8,""pitch"":70,""tie"":""none"",""voice_token"":""voice_0331f8""},{""duration_tick"":12,""onset_tick"":12,""pitch"":-1,""tie"":""none"",""voice_token"":""voice_0331f8""}]}"
music_a412eafec53324,"{""events"":[{""duration_tick"":4,""onset_tick"":0,""pitch"":67,""tie"":""none"",""voice_token"":""voice_adeebf""},{""duration_tick"":4,""onset_tick"":4,""pitch"":67,""tie"":""none"",""voice_token"":""voice_adeebf""},{""duration_tick"":4,""onset_tick"":8,""pitch"":76,""tie"":""none"",""voice_token"":""voice_adeebf""},{""duration_tick"":4,""onset_tick"":12,""pitch"":76,""tie"":""none"",""voice_token"":""voice_adeebf""},{""duration_tick"":16,""onset_tick"":16,""pitch"":-1,""tie"":""none"",""voice_token"":""voice_adeebf""},{""duration_tick"":16,""onset_tick"":32,""pitch"":-1,""tie"":""none"",""voice_token"":""voice_adeebf""}]}"
music_ed252238f44369,"{""events"":[{""duration_tick"":1,""onset_tick"":0,""pitch"":72,""tie"":""none"",""voice_token"":""voice_adeebf""},{""duration_tick"":2,""onset_tick"":1,""pitch"":72,""tie"":""none"",""voice_token"":""voice_adeebf""},{""duration_tick"":4,""onset_tick"":3,""pitch"":74,""tie"":""none"",""voice_token"":""voice_adeebf""},{""duration_tick"":2,""onset_tick"":7,""pitch"":72,""tie"":""none"",""voice_token"":""voice_adeebf""}]}"
music_f9acf54f6014ab,"{""events"":[{""duration_tick"":2,""onset_tick"":0,""pitch"":66,""tie"":""none"",""voice_token"":""voice_7574bc""},{""duration_tick"":2,""onset_tick"":2,""pitch"":65,""tie"":""none"",""voice_token"":""voice_7574bc""},{""duration_tick"":2,""onset_tick"":4,""pitch"":66,""tie"":""none"",""voice_token"":""voice_7574bc""},{""duration_tick"":2,""onset_tick"":6,""pitch"":65,""tie"":""none"",""voice_token"":""voice_7574bc""}]}"
music_15968086d35128,"{""events"":[{""duration_tick"":1,""onset_tick"":0,""pitch"":65,""tie"":""none"",""voice_token"":""voice_c979c0""},{""duration_tick"":4,""onset_tick"":1,""pitch"":63,""tie"":""none"",""voice_token"":""voice_c979c0""},{""duration_tick"":2,""onset_tick"":5,""pitch"":63,""tie"":""none"",""voice_token"":""voice_c979c0""},{""duration_tick"":2,""onset_tick"":7,""pitch"":63,""tie"":""none"",""voice_token"":""voice_c979c0""},{""duration_tick"":4,""onset_tick"":9,""pitch"":67,""tie"":""none"",""voice_token"":""voice_c979c0""}]}"
music_4f2fdd1d83ed3f,"{""events"":[{""duration_tick"":1,""onset_tick"":0,""pitch"":71,""tie"":""none"",""voice_token"":""voice_adeebf""},{""duration_tick"":2,""onset_tick"":1,""pitch"":70,""tie"":""none"",""voice_token"":""voice_adeebf""},{""duration_tick"":2,""onset_tick"":3,""pitch"":70,""tie"":""none"",""voice_token"":""voice_adeebf""},{""duration_tick"":2,""onset_tick"":5,""pitch"":70,""tie"":""none"",""voice_token"":""voice_adeebf""},{""duration_tick"":2,""onset_tick"":7,""pitch"":70,""tie"":""none"",""voice_token"":""voice_adeebf""},{""duration_tick"":2,""onset_tick"":9,""pitch"":70,""tie"":""none"",""voice_token"":""voice_adeebf""},{""duration_tick"":1,""onset_tick"":11,""pitch"":70,""tie"":""none"",""voice_token"":""voice_adeebf""}]}"
music_6e366d92eb97ef,"{""events"":[{""duration_tick"":2,""onset_tick"":0,""pitch"":71,""tie"":""none"",""voice_token"":""voice_0331f8""},{""duration_tick"":2,""onset_tick"":2,""pitch"":66,""tie"":""none"",""voice_token"":""voice_0331f8""},{""duration_tick"":2,""onset_tick"":4,""pitch"":66,""tie"":""none"",""voice_token"":""voice_0331f8""},{""duration_tick"":2,""onset_tick"":6,""pitch"":66,""tie"":""none"",""voice_token"":""voice_0331f8""},{""duration_tick"":2,""onset_tick"":8,""pitch"":64,""tie"":""none"",""voice_token"":""voice_0331f8""}]}"
music_8368c9b5917d28,"{""events"":[{""duration_tick"":2,""onset_tick"":0,""pitch"":67,""tie"":""none"",""voice_token"":""voice_bf2e2c""},{""duration_tick"":2,""onset_tick"":2,""pitch"":68,""tie"":""none"",""voice_token"":""voice_bf2e2c""},{""duration_tick"":3,""onset_tick"":4,""pitch"":72,""tie"":""none"",""voice_token"":""voice_bf2e2c""},{""duration_tick"":1,""onset_tick"":7,""pitch"":70,""tie"":""none"",""voice_token"":""voice_bf2e2c""}]}"
music_a81efecec822a0,"{""events"":[{""duration_tick"":4,""onset_tick"":0,""pitch"":67,""tie"":""none"",""voice_token"":""voice_0284f7""},{""duration_tick"":2,""onset_tick"":4,""pitch"":69,""tie"":""none"",""voice_token"":""voice_0284f7""},{""duration_tick"":6,""onset_tick"":6,""pitch"":70,""tie"":""none"",""voice_token"":""voice_0284f7""},{""duration_tick"":6,""onset_tick"":12,""pitch"":67,""tie"":""none"",""voice_token"":""voice_0284f7""},{""duration_tick"":12,""onset_tick"":18,""pitch"":69,""tie"":""none"",""voice_token"":""voice_0284f7""},{""duration_tick"":4,""onset_tick"":30,""pitch"":65,""tie"":""none"",""voice_token"":""voice_0284f7""}]}"
music_676ce02b48c4f9,"{""events"":[{""duration_tick"":2,""onset_tick"":0,""pitch"":67,""tie"":""none"",""voice_token"":""voice_adeebf""},{""duration_tick"":2,""onset_tick"":2,""pitch"":67,""tie"":""none"",""voice_token"":""voice_adeebf""},{""duration_tick"":2,""onset_tick"":4,""pitch"":64,""tie"":""none"",""voice_token"":""voice_adeebf""},{""duration_tick"":2,""onset_tick"":6,""pitch"":64,""tie"":""none"",""voice_token"":""voice_adeebf""}]}"
music_ff419d84b63708,"{""events"":[{""duration_tick"":4,""onset_tick"":0,""pitch"":69,""tie"":""none"",""voice_token"":""voice_bf2e2c""},{""duration_tick"":2,""onset_tick"":4,""pitch"":70,""tie"":""none"",""voice_token"":""voice_bf2e2c""},{""duration_tick"":2,""onset_tick"":6,""pitch"":70,""tie"":""none"",""voice_token"":""voice_bf2e2c""},{""duration_tick"":4,""onset_tick"":8,""pitch"":69,""tie"":""none"",""voice_token"":""voice_bf2e2c""},{""duration_tick"":4,""onset_tick"":12,""pitch"":70,""tie"":""none"",""voice_token"":""voice_bf2e2c""},{""duration_tick"":4,""onset_tick"":16,""pitch"":72,""tie"":""none"",""voice_token"":""voice_bf2e2c""},{""duration_tick"":4,""onset_tick"":20,""pitch"":64,""tie"":""none"",""voice_token"":""voice_bf2e2c""}]}"
music_a2a98dcdb380fd,"{""events"":[{""duration_tick"":2,""onset_tick"":0,""pitch"":68,""tie"":""none"",""voice_token"":""voice_0284f7""},{""duration_tick"":2,""onset_tick"":2,""pitch"":68,""tie"":""none"",""voice_token"":""voice_0284f7""},{""duration_tick"":2,""onset_tick"":4,""pitch"":68,""tie"":""none"",""voice_token"":""voice_0284f7""},{""duration_tick"":2,""onset_tick"":6,""pitch"":67,""tie"":""none"",""voice_token"":""voice_0284f7""}]}"
music_9b31e35c382995,"{""events"":[{""duration_tick"":12,""onset_tick"":0,""pitch"":69,""tie"":""stop"",""voice_token"":""voice_adeebf""},{""duration_tick"":12,""onset_tick"":12,""pitch"":69,""tie"":""none"",""voice_token"":""voice_adeebf""},{""duration_tick"":4,""onset_tick"":24,""pitch"":70,""tie"":""none"",""voice_token"":""voice_adeebf""},{""duration_tick"":4,""onset_tick"":28,""pitch"":70,""tie"":""none"",""voice_token"":""voice_adeebf""},{""duration_tick"":4,""onset_tick"":32,""pitch"":70,""tie"":""start"",""voice_token"":""voice_adeebf""}]}"
music_bf11b775840b04,"{""events"":[{""duration_tick"":8,""onset_tick"":0,""pitch"":72,""tie"":""none"",""voice_token"":""voice_bf2e2c""},{""duration_tick"":4,""onset_tick"":8,""pitch"":70,""tie"":""none"",""voice_token"":""voice_bf2e2c""},{""duration_tick"":2,""onset_tick"":12,""pitch"":65,""tie"":""none"",""voice_token"":""voice_bf2e2c""},{""duration_tick"":2,""onset_tick"":14,""pitch"":65,""tie"":""none"",""voice_token"":""voice_bf2e2c""},{""duration_tick"":6,""onset_tick"":16,""pitch"":70,""tie"":""none"",""voice_token"":""voice_bf2e2c""},{""duration_tick"":2,""onset_tick"":22,""pitch"":68,""tie"":""none"",""voice_token"":""voice_bf2e2c""},{""duration_tick"":2,""onset_tick"":24,""pitch"":67,""tie"":""none"",""voice_token"":""voice_bf2e2c""}]}"
music_d52f1e05e08fe5,"{""events"":[{""duration_tick"":4,""onset_tick"":0,""pitch"":70,""tie"":""none"",""voice_token"":""voice_adeebf""},{""duration_tick"":4,""onset_tick"":4,""pitch"":70,""tie"":""none"",""voice_token"":""voice_adeebf""},{""duration_tick"":8,""onset_tick"":8,""pitch"":70,""tie"":""none"",""voice_token"":""voice_adeebf""},{""duration_tick"":4,""onset_tick"":16,""pitch"":69,""tie"":""none"",""voice_token"":""voice_adeebf""},{""duration_tick"":4,""onset_tick"":20,""pitch"":69,""tie"":""none"",""voice_token"":""voice_adeebf""},{""duration_tick"":4,""onset_tick"":24,""pitch"":69,""tie"":""none"",""voice_token"":""voice_adeebf""}]}"
music_30739c9f886a25,"{""events"":[{""duration_tick"":4,""onset_tick"":0,""pitch"":69,""tie"":""none"",""voice_token"":""voice_58b2be""},{""duration_tick"":2,""onset_tick"":4,""pitch"":69,""tie"":""none"",""voice_token"":""voice_58b2be""},{""duration_tick"":4,""onset_tick"":6,""pitch"":69,""tie"":""none"",""voice_token"":""voice_58b2be""},{""duration_tick"":4,""onset_tick"":10,""pitch"":69,""tie"":""none"",""voice_token"":""voice_58b2be""}]}"
music_a81678c6fec998,"{""events"":[{""duration_tick"":2,""onset_tick"":0,""pitch"":76,""tie"":""none"",""voice_token"":""voice_adeebf""},{""duration_tick"":3,""onset_tick"":2,""pitch"":74,""tie"":""none"",""voice_token"":""voice_adeebf""},{""duration_tick"":1,""onset_tick"":5,""pitch"":77,""tie"":""none"",""voice_token"":""voice_adeebf""},{""duration_tick"":3,""onset_tick"":6,""pitch"":76,""tie"":""none"",""voice_token"":""voice_adeebf""}]}"
music_d3bc62402dca84,"{""events"":[{""duration_tick"":2,""onset_tick"":0,""pitch"":74,""tie"":""none"",""voice_token"":""voice_bf2e2c""},{""duration_tick"":4,""onset_tick"":2,""pitch"":67,""tie"":""none"",""voice_token"":""voice_bf2e2c""},{""duration_tick"":2,""onset_tick"":6,""pitch"":67,""tie"":""none"",""voice_token"":""voice_bf2e2c""},{""duration_tick"":2,""onset_tick"":8,""pitch"":72,""tie"":""none"",""voice_token"":""voice_bf2e2c""},{""duration_tick"":2,""onset_tick"":10,""pitch"":71,""tie"":""none"",""voice_token"":""voice_bf2e2c""},{""duration_tick"":2,""onset_tick"":12,""pitch"":69,""tie"":""none"",""voice_token"":""voice_bf2e2c""},{""duration_tick"":4,""onset_tick"":14,""pitch"":67,""tie"":""none"",""voice_token"":""voice_bf2e2c""}]}"
music_0d083f706b788d,"{""events"":[{""duration_tick"":4,""onset_tick"":0,""pitch"":72,""tie"":""none"",""voice_token"":""voice_adeebf""},{""duration_tick"":4,""onset_tick"":4,""pitch"":70,""tie"":""none"",""voice_token"":""voice_adeebf""},{""duration_tick"":6,""onset_tick"":8,""pitch"":69,""tie"":""none"",""voice_token"":""voice_adeebf""},{""duration_tick"":2,""onset_tick"":14,""pitch"":67,""tie"":""none"",""voice_token"":""voice_adeebf""}]}"
music_d65813293530ab,"{""events"":[{""duration_tick"":1,""onset_tick"":0,""pitch"":66,""tie"":""none"",""voice_token"":""voice_0284f7""},{""duration_tick"":2,""onset_tick"":1,""pitch"":64,""tie"":""none"",""voice_token"":""voice_0284f7""},{""duration_tick"":4,""onset_tick"":3,""pitch"":67,""tie"":""none"",""voice_token"":""voice_0284f7""},{""duration_tick"":2,""onset_tick"":7,""pitch"":68,""tie"":""none"",""voice_token"":""voice_0284f7""},{""duration_tick"":2,""onset_tick"":9,""pitch"":-1,""tie"":""none"",""voice_token"":""voice_0284f7""},{""duration_tick"":2,""onset_tick"":11,""pitch"":-1,""tie"":""none"",""voice_token"":""voice_0284f7""}]}"
music_a5abb2be4aeb83,"{""events"":[{""duration_tick"":2,""onset_tick"":0,""pitch"":-1,""tie"":""none"",""voice_token"":""voice_adeebf""},{""duration_tick"":2,""onset_tick"":2,""pitch"":-1,""tie"":""none"",""voice_token"":""voice_adeebf""},{""duration_tick"":2,""onset_tick"":4,""pitch"":71,""tie"":""none"",""voice_token"":""voice_adeebf""},{""duration_tick"":2,""onset_tick"":6,""pitch"":69,""tie"":""none"",""voice_token"":""voice_adeebf""},{""duration_tick"":2,""onset_tick"":8,""pitch"":74,""tie"":""none"",""voice_token"":""voice_adeebf""},{""duration_tick"":2,""onset_tick"":10,""pitch"":74,""tie"":""none"",""voice_token"":""voice_adeebf""},{""duration_tick"":2,""onset_tick"":12,""pitch"":74,""tie"":""none"",""voice_token"":""voice_adeebf""}]}"
music_b4545ae7bce3e1,"{""events"":[{""duration_tick"":2,""onset_tick"":0,""pitch"":65,""tie"":""none"",""voice_token"":""voice_58b2be""},{""duration_tick"":8,""onset_tick"":2,""pitch"":67,""tie"":""none"",""voice_token"":""voice_58b2be""},{""duration_tick"":2,""onset_tick"":10,""pitch"":63,""tie"":""none"",""voice_token"":""voice_58b2be""},{""duration_tick"":2,""onset_tick"":12,""pitch"":67,""tie"":""none"",""voice_token"":""voice_58b2be""}]}"
music_44db247c1f2654,"{""events"":[{""duration_tick"":1,""onset_tick"":0,""pitch"":69,""tie"":""none"",""voice_token"":""voice_bf2e2c""},{""duration_tick"":3,""onset_tick"":1,""pitch"":74,""tie"":""none"",""voice_token"":""voice_bf2e2c""},{""duration_tick"":1,""onset_tick"":4,""pitch"":70,""tie"":""none"",""voice_token"":""voice_bf2e2c""},{""duration_tick"":1,""onset_tick"":5,""pitch"":70,""tie"":""none"",""voice_token"":""voice_bf2e2c""},{""duration_tick"":1,""onset_tick"":6,""pitch"":70,""tie"":""none"",""voice_token"":""voice_bf2e2c""},{""duration_tick"":4,""onset_tick"":7,""pitch"":70,""tie"":""none"",""voice_token"":""voice_bf2e2c""},{""duration_tick"":4,""onset_tick"":11,""pitch"":79,""tie"":""none"",""voice_token"":""voice_bf2e2c""}]}"
music_0501b8e8d1f2b6,"{""events"":[{""duration_tick"":2,""onset_tick"":0,""pitch"":68,""tie"":""none"",""voice_token"":""voice_7574bc""},{""duration_tick"":2,""onset_tick"":2,""pitch"":66,""tie"":""none"",""voice_token"":""voice_7574bc""},{""duration_tick"":2,""onset_tick"":4,""pitch"":61,""tie"":""none"",""voice_token"":""voice_7574bc""},{""duration_tick"":2,""onset_tick"":6,""pitch"":61,""tie"":""none"",""voice_token"":""voice_7574bc""},{""duration_tick"":6,""onset_tick"":8,""pitch"":61,""tie"":""none"",""voice_token"":""voice_7574bc""}]}"
music_220e7814f6f172,"{""events"":[{""duration_tick"":4,""onset_tick"":0,""pitch"":66,""tie"":""none"",""voice_token"":""voice_bf2e2c""},{""duration_tick"":4,""onset_tick"":4,""pitch"":63,""tie"":""none"",""voice_token"":""voice_bf2e2c""},{""duration_tick"":4,""onset_tick"":8,""pitch"":70,""tie"":""none"",""voice_token"":""voice_bf2e2c""},{""duration_tick"":2,""onset_tick"":12,""pitch"":70,""tie"":""none"",""voice_token"":""voice_bf2e2c""},{""duration_tick"":2,""onset_tick"":14,""pitch"":70,""tie"":""none"",""voice_token"":""voice_bf2e2c""},{""duration_tick"":2,""onset_tick"":16,""pitch"":70,""tie"":""none"",""voice_token"":""voice_bf2e2c""},{""duration_tick"":2,""onset_tick"":18,""pitch"":-1,""tie"":""none"",""voice_token"":""voice_bf2e2c""}]}"
music_581da91aa5ab52,"{""events"":[{""duration_tick"":2,""onset_tick"":0,""pitch"":69,""tie"":""none"",""voice_token"":""voice_bf2e2c""},{""duration_tick"":2,""onset_tick"":2,""pitch"":64,""tie"":""none"",""voice_token"":""voice_bf2e2c""},{""duration_tick"":2,""onset_tick"":4,""pitch"":64,""tie"":""none"",""voice_token"":""voice_bf2e2c""},{""duration_tick"":1,""onset_tick"":6,""pitch"":64,""tie"":""none"",""voice_token"":""voice_bf2e2c""},{""duration_tick"":1,""onset_tick"":7,""pitch"":67,""tie"":""none"",""voice_token"":""voice_bf2e2c""},{""duration_tick"":1,""onset_tick"":8,""pitch"":67,""tie"":""none"",""voice_token"":""voice_bf2e2c""},{""duration_tick"":1,""onset_tick"":9,""pitch"":69,""tie"":""none"",""voice_token"":""voice_bf2e2c""}]}"
music_f8707957088c9a,"{""events"":[{""duration_tick"":6,""onset_tick"":0,""pitch"":64,""tie"":""none"",""voice_token"":""voice_8c73be""},{""duration_tick"":6,""onset_tick"":6,""pitch"":62,""tie"":""none"",""voice_token"":""voice_8c73be""},{""duration_tick"":4,""onset_tick"":12,""pitch"":69,""tie"":""none"",""voice_token"":""voice_8c73be""},{""duration_tick"":2,""onset_tick"":16,""pitch"":71,""tie"":""none"",""voice_token"":""voice_8c73be""},{""duration_tick"":6,""onset_tick"":18,""pitch"":71,""tie"":""none"",""voice_token"":""voice_8c73be""}]}"
music_117c92958f209a,"{""events"":[{""duration_tick"":4,""onset_tick"":0,""pitch"":62,""tie"":""none"",""voice_token"":""voice_bf2e2c""},{""duration_tick"":8,""onset_tick"":4,""pitch"":62,""tie"":""none"",""voice_token"":""voice_bf2e2c""},{""duration_tick"":4,""onset_tick"":12,""pitch"":62,""tie"":""none"",""voice_token"":""voice_bf2e2c""},{""duration_tick"":12,""onset_tick"":16,""pitch"":67,""tie"":""start"",""voice_token"":""voice_bf2e2c""}]}"
music_2a684ddc822057,"{""events"":[{""duration_tick"":4,""onset_tick"":0,""pitch"":79,""tie"":""none"",""voice_token"":""voice_adeebf""},{""duration_tick"":8,""onset_tick"":4,""pitch"":78,""tie"":""none"",""voice_token"":""voice_adeebf""},{""duration_tick"":4,""onset_tick"":12,""pitch"":76,""tie"":""none"",""voice_token"":""voice_adeebf""},{""duration_tick"":8,""onset_tick"":16,""pitch"":72,""tie"":""none"",""voice_token"":""voice_adeebf""},{""duration_tick"":2,""onset_tick"":24,""pitch"":66,""tie"":""none"",""voice_token"":""voice_adeebf""}]}"
music_76036fcdbcf6ad,"{""events"":[{""duration_tick"":4,""onset_tick"":0,""pitch"":69,""tie"":""none"",""voice_token"":""voice_adeebf""},{""duration_tick"":4,""onset_tick"":4,""pitch"":67,""tie"":""none"",""voice_token"":""voice_adeebf""},{""duration_tick"":2,""onset_tick"":8,""pitch"":69,""tie"":""none"",""voice_token"":""voice_adeebf""},{""duration_tick"":2,""onset_tick"":10,""pitch"":67,""tie"":""none"",""voice_token"":""voice_adeebf""},{""duration_tick"":2,""onset_tick"":12,""pitch"":72,""tie"":""none"",""voice_token"":""voice_adeebf""}]}"
music_d56194fa40dffe,"{""events"":[{""duration_tick"":2,""onset_tick"":0,""pitch"":74,""tie"":""none"",""voice_token"":""voice_adeebf""},{""duration_tick"":2,""onset_tick"":2,""pitch"":72,""tie"":""none"",""voice_token"":""voice_adeebf""},{""duration_tick"":2,""onset_tick"":4,""pitch"":70,""tie"":""none"",""voice_token"":""voice_adeebf""},{""duration_tick"":2,""onset_tick"":6,""pitch"":68,""tie"":""none"",""voice_token"":""voice_adeebf""}]}"
music_0842157d8ea24b,"{""events"":[{""duration_tick"":2,""onset_tick"":0,""pitch"":73,""tie"":""none"",""voice_token"":""voice_adeebf""},{""duration_tick"":2,""onset_tick"":2,""pitch"":74,""tie"":""none"",""voice_token"":""voice_adeebf""},{""duration_tick"":2,""onset_tick"":4,""pitch"":65,""tie"":""none"",""voice_token"":""voice_adeebf""},{""duration_tick"":2,""onset_tick"":6,""pitch"":66,""tie"":""none"",""voice_token"":""voice_adeebf""},{""duration_tick"":2,""onset_tick"":8,""pitch"":66,""tie"":""none"",""voice_token"":""voice_adeebf""},{""duration_tick"":2,""onset_tick"":10,""pitch"":71,""tie"":""none"",""voice_token"":""voice_adeebf""}]}"
music_849d639d29d268,"{""events"":[{""duration_tick"":1,""onset_tick"":0,""pitch"":73,""tie"":""none"",""voice_token"":""voice_adeebf""},{""duration_tick"":4,""onset_tick"":1,""pitch"":73,""tie"":""none"",""voice_token"":""voice_adeebf""},{""duration_tick"":2,""onset_tick"":5,""pitch"":73,""tie"":""none"",""voice_token"":""voice_adeebf""},{""duration_tick"":1,""onset_tick"":7,""pitch"":68,""tie"":""none"",""voice_token"":""voice_adeebf""}]}"
music_d437948716ee45,"{""events"":[{""duration_tick"":2,""onset_tick"":0,""pitch"":77,""tie"":""none"",""voice_token"":""voice_adeebf""},{""duration_tick"":2,""onset_tick"":2,""pitch"":76,""tie"":""none"",""voice_token"":""voice_adeebf""},{""duration_tick"":2,""onset_tick"":4,""pitch"":76,""tie"":""none"",""voice_token"":""voice_adeebf""},{""duration_tick"":2,""onset_tick"":6,""pitch"":76,""tie"":""none"",""voice_token"":""voice_adeebf""},{""duration_tick"":2,""onset_tick"":8,""pitch"":78,""tie"":""none"",""voice_token"":""voice_adeebf""},{""duration_tick"":2,""onset_tick"":10,""pitch"":74,""tie"":""none"",""voice_token"":""voice_adeebf""}]}"
music_7dc8cbd8d9412c,"{""events"":[{""duration_tick"":4,""onset_tick"":0,""pitch"":73,""tie"":""none"",""voice_token"":""voice_bf2e2c""},{""duration_tick"":4,""onset_tick"":4,""pitch"":70,""tie"":""none"",""voice_token"":""voice_bf2e2c""},{""duration_tick"":4,""onset_tick"":8,""pitch"":70,""tie"":""none"",""voice_token"":""voice_bf2e2c""},{""duration_tick"":4,""onset_tick"":12,""pitch"":70,""tie"":""none"",""voice_token"":""voice_bf2e2c""}]}"
music_38f241d44e669d,"{""events"":[{""duration_tick"":2,""onset_tick"":0,""pitch"":56,""tie"":""none"",""voice_token"":""voice_7a7cab""},{""duration_tick"":4,""onset_tick"":2,""pitch"":57,""tie"":""none"",""voice_token"":""voice_7a7cab""},{""duration_tick"":4,""onset_tick"":6,""pitch"":55,""tie"":""none"",""voice_token"":""voice_7a7cab""},{""duration_tick"":8,""onset_tick"":10,""pitch"":54,""tie"":""none"",""voice_token"":""voice_7a7cab""},{""duration_tick"":16,""onset_tick"":18,""pitch"":57,""tie"":""none"",""voice_token"":""voice_7a7cab""},{""duration_tick"":8,""onset_tick"":34,""pitch"":57,""tie"":""none"",""voice_token"":""voice_7a7cab""}]}"
music_3b9585d5e1f5b7,"{""events"":[{""duration_tick"":2,""onset_tick"":0,""pitch"":-1,""tie"":""none"",""voice_token"":""voice_7574bc""},{""duration_tick"":8,""onset_tick"":2,""pitch"":66,""tie"":""none"",""voice_token"":""voice_7574bc""},{""duration_tick"":4,""onset_tick"":10,""pitch"":66,""tie"":""none"",""voice_token"":""voice_7574bc""},{""duration_tick"":8,""onset_tick"":14,""pitch"":66,""tie"":""none"",""voice_token"":""voice_7574bc""},{""duration_tick"":4,""onset_tick"":22,""pitch"":66,""tie"":""none"",""voice_token"":""voice_7574bc""},{""duration_tick"":8,""onset_tick"":26,""pitch"":66,""tie"":""none"",""voice_token"":""voice_7574bc""}]}"
music_76899f19bf2043,"{""events"":[{""duration_tick"":4,""onset_tick"":0,""pitch"":64,""tie"":""none"",""voice_token"":""voice_bf2e2c""},{""duration_tick"":4,""onset_tick"":4,""pitch"":68,""tie"":""none"",""voice_token"":""voice_bf2e2c""},{""duration_tick"":12,""onset_tick"":8,""pitch"":64,""tie"":""none"",""voice_token"":""voice_bf2e2c""},{""duration_tick"":4,""onset_tick"":20,""pitch"":64,""tie"":""none"",""voice_token"":""voice_bf2e2c""},{""duration_tick"":4,""onset_tick"":24,""pitch"":64,""tie"":""none"",""voice_token"":""voice_bf2e2c""},{""duration_tick"":2,""onset_tick"":28,""pitch"":61,""tie"":""none"",""voice_token"":""voice_bf2e2c""}]}"
music_62dc8b133dcd38,"{""events"":[{""duration_tick"":2,""onset_tick"":0,""pitch"":72,""tie"":""none"",""voice_token"":""voice_adeebf""},{""duration_tick"":2,""onset_tick"":2,""pitch"":70,""tie"":""none"",""voice_token"":""voice_adeebf""},{""duration_tick"":6,""onset_tick"":4,""pitch"":70,""tie"":""none"",""voice_token"":""voice_adeebf""},{""duration_tick"":2,""onset_tick"":10,""pitch"":72,""tie"":""none"",""voice_token"":""voice_adeebf""}]}"
music_06892ebe29e0ad,"{""events"":[{""duration_tick"":1,""onset_tick"":0,""pitch"":67,""tie"":""none"",""voice_token"":""voice_0284f7""},{""duration_tick"":3,""onset_tick"":1,""pitch"":69,""tie"":""none"",""voice_token"":""voice_0284f7""},{""duration_tick"":1,""onset_tick"":4,""pitch"":67,""tie"":""none"",""voice_token"":""voice_0284f7""},{""duration_tick"":1,""onset_tick"":5,""pitch"":66,""tie"":""none"",""voice_token"":""voice_0284f7""},{""duration_tick"":3,""onset_tick"":6,""pitch"":66,""tie"":""none"",""voice_token"":""voice_0284f7""},{""duration_tick"":1,""onset_tick"":9,""pitch"":67,""tie"":""none"",""voice_token"":""voice_0284f7""}]}"
music_365f22fd8e2e0f,"{""events"":[{""duration_tick"":2,""onset_tick"":0,""pitch"":64,""tie"":""none"",""voice_token"":""voice_adeebf""},{""duration_tick"":2,""onset_tick"":2,""pitch"":65,""tie"":""none"",""voice_token"":""voice_adeebf""},{""duration_tick"":2,""onset_tick"":4,""pitch"":67,""tie"":""none"",""voice_token"":""voice_adeebf""},{""duration_tick"":8,""onset_tick"":6,""pitch"":67,""tie"":""none"",""voice_token"":""voice_adeebf""},{""duration_tick"":4,""onset_tick"":14,""pitch"":67,""tie"":""none"",""voice_token"":""voice_adeebf""},{""duration_tick"":2,""onset_tick"":18,""pitch"":60,""tie"":""none"",""voice_token"":""voice_adeebf""}]}"
music_ee7ccbece1808f,"{""events"":[{""duration_tick"":4,""onset_tick"":0,""pitch"":71,""tie"":""none"",""voice_token"":""voice_adeebf""},{""duration_tick"":4,""onset_tick"":4,""pitch"":70,""tie"":""none"",""voice_token"":""voice_adeebf""},{""duration_tick"":4,""onset_tick"":8,""pitch"":68,""tie"":""none"",""voice_token"":""voice_adeebf""},{""duration_tick"":4,""onset_tick"":12,""pitch"":73,""tie"":""none"",""voice_token"":""voice_adeebf""},{""duration_tick"":4,""onset_tick"":16,""pitch"":73,""tie"":""none"",""voice_token"":""voice_adeebf""},{""duration_tick"":2,""onset_tick"":20,""pitch"":71,""tie"":""none"",""voice_token"":""voice_adeebf""},{""duration_tick"":2,""onset_tick"":22,""pitch"":71,""tie"":""none"",""voice_token"":""voice_adeebf""}]}"
music_78ff056dbf1c6a,"{""events"":[{""duration_tick"":8,""onset_tick"":0,""pitch"":66,""tie"":""none"",""voice_token"":""voice_adeebf""},{""duration_tick"":8,""onset_tick"":8,""pitch"":66,""tie"":""none"",""voice_token"":""voice_adeebf""},{""duration_tick"":4,""onset_tick"":16,""pitch"":66,""tie"":""none"",""voice_token"":""voice_adeebf""},{""duration_tick"":4,""onset_tick"":20,""pitch"":66,""tie"":""none"",""voice_token"":""voice_adeebf""},{""duration_tick"":4,""onset_tick"":24,""pitch"":71,""tie"":""none"",""voice_token"":""voice_adeebf""},{""duration_tick"":2,""onset_tick"":28,""pitch"":71,""tie"":""none"",""voice_token"":""voice_adeebf""}]}"
music_1225a3334fd4a8,"{""events"":[{""duration_tick"":6,""onset_tick"":0,""pitch"":68,""tie"":""none"",""voice_token"":""voice_0331f8""},{""duration_tick"":2,""onset_tick"":6,""pitch"":65,""tie"":""none"",""voice_token"":""voice_0331f8""},{""duration_tick"":2,""onset_tick"":8,""pitch"":65,""tie"":""none"",""voice_token"":""voice_0331f8""},{""duration_tick"":2,""onset_tick"":10,""pitch"":65,""tie"":""start"",""voice_token"":""voice_0331f8""}]}"
music_600f2400953a9a,"{""events"":[{""duration_tick"":2,""onset_tick"":0,""pitch"":71,""tie"":""none"",""voice_token"":""voice_bf2e2c""},{""duration_tick"":2,""onset_tick"":2,""pitch"":71,""tie"":""none"",""voice_token"":""voice_bf2e2c""},{""duration_tick"":2,""onset_tick"":4,""pitch"":71,""tie"":""none"",""voice_token"":""voice_bf2e2c""},{""duration_tick"":4,""onset_tick"":6,""pitch"":71,""tie"":""none"",""voice_token"":""voice_bf2e2c""},{""duration_tick"":2,""onset_tick"":10,""pitch"":71,""tie"":""none"",""voice_token"":""voice_bf2e2c""},{""duration_tick"":2,""onset_tick"":12,""pitch"":71,""tie"":""none"",""voice_token"":""voice_bf2e2c""}]}"
music_45e240cc9b643e,"{""events"":[{""duration_tick"":8,""onset_tick"":0,""pitch"":-1,""tie"":""none"",""voice_token"":""voice_adeebf""},{""duration_tick"":4,""onset_tick"":8,""pitch"":70,""tie"":""none"",""voice_token"":""voice_adeebf""},{""duration_tick"":8,""onset_tick"":12,""pitch"":72,""tie"":""none"",""voice_token"":""voice_adeebf""},{""duration_tick"":2,""onset_tick"":20,""pitch"":74,""tie"":""none"",""voice_token"":""voice_adeebf""},{""duration_tick"":2,""onset_tick"":22,""pitch"":76,""tie"":""none"",""voice_token"":""voice_adeebf""},{""duration_tick"":2,""onset_tick"":24,""pitch"":77,""tie"":""none"",""voice_token"":""voice_adeebf""},{""duration_tick"":2,""onset_tick"":26,""pitch"":77,""tie"":""none"",""voice_token"":""voice_adeebf""}]}"
music_66c95d44fdbfc9,"{""events"":[{""duration_tick"":2,""onset_tick"":0,""pitch"":66,""tie"":""none"",""voice_token"":""voice_adeebf""},{""duration_tick"":2,""onset_tick"":2,""pitch"":69,""tie"":""none"",""voice_token"":""voice_adeebf""},{""duration_tick"":2,""onset_tick"":4,""pitch"":67,""tie"":""none"",""voice_token"":""voice_adeebf""},{""duration_tick"":2,""onset_tick"":6,""pitch"":71,""tie"":""none"",""voice_token"":""voice_adeebf""},{""duration_tick"":2,""onset_tick"":8,""pitch"":69,""tie"":""none"",""voice_token"":""voice_adeebf""}]}"
music_e9a450a5822197,"{""events"":[{""duration_tick"":4,""onset_tick"":0,""pitch"":75,""tie"":""none"",""voice_token"":""voice_bf2e2c""},{""duration_tick"":4,""onset_tick"":4,""pitch"":70,""tie"":""none"",""voice_token"":""voice_bf2e2c""},{""duration_tick"":2,""onset_tick"":8,""pitch"":68,""tie"":""none"",""voice_token"":""voice_bf2e2c""},{""duration_tick"":2,""onset_tick"":10,""pitch"":70,""tie"":""none"",""voice_token"":""voice_bf2e2c""},{""duration_tick"":2,""onset_tick"":12,""pitch"":70,""tie"":""none"",""voice_token"":""voice_bf2e2c""},{""duration_tick"":2,""onset_tick"":14,""pitch"":63,""tie"":""none"",""voice_token"":""voice_bf2e2c""},{""duration_tick"":2,""onset_tick"":16,""pitch"":63,""tie"":""none"",""voice_token"":""voice_bf2e2c""}]}"
music_d8f9bd3d51668d,"{""events"":[{""duration_tick"":4,""onset_tick"":0,""pitch"":71,""tie"":""none"",""voice_token"":""voice_adeebf""},{""duration_tick"":4,""onset_tick"":4,""pitch"":69,""tie"":""none"",""voice_token"":""voice_adeebf""},{""duration_tick"":4,""onset_tick"":8,""pitch"":71,""tie"":""none"",""voice_token"":""voice_adeebf""},{""duration_tick"":8,""onset_tick"":12,""pitch"":73,""tie"":""none"",""voice_token"":""voice_adeebf""},{""duration_tick"":4,""onset_tick"":20,""pitch"":69,""tie"":""none"",""voice_token"":""voice_adeebf""},{""duration_tick"":4,""onset_tick"":24,""pitch"":68,""tie"":""none"",""voice_token"":""voice_adeebf""}]}"
music_1cec59ef75ba8a,"{""events"":[{""duration_tick"":8,""onset_tick"":0,""pitch"":63,""tie"":""none"",""voice_token"":""voice_adeebf""},{""duration_tick"":8,""onset_tick"":8,""pitch"":63,""tie"":""none"",""voice_token"":""voice_adeebf""},{""duration_tick"":4,""onset_tick"":16,""pitch"":60,""tie"":""none"",""voice_token"":""voice_adeebf""},{""duration_tick"":4,""onset_tick"":20,""pitch"":63,""tie"":""none"",""voice_token"":""voice_adeebf""},{""duration_tick"":8,""onset_tick"":24,""pitch"":68,""tie"":""none"",""voice_token"":""voice_adeebf""},{""duration_tick"":4,""onset_tick"":32,""pitch"":63,""tie"":""none"",""voice_token"":""voice_adeebf""},{""duration_tick"":8,""onset_tick"":36,""pitch"":63,""tie"":""none"",""voice_token"":""voice_adeebf""}]}"
music_ba452df645d684,"{""events"":[{""duration_tick"":4,""onset_tick"":0,""pitch"":65,""tie"":""stop"",""voice_token"":""voice_adeebf""},{""duration_tick"":2,""onset_tick"":4,""pitch"":63,""tie"":""none"",""voice_token"":""voice_adeebf""},{""duration_tick"":4,""onset_tick"":6,""pitch"":67,""tie"":""none"",""voice_token"":""voice_adeebf""},{""duration_tick"":2,""onset_tick"":10,""pitch"":63,""tie"":""none"",""voice_token"":""voice_adeebf""},{""duration_tick"":4,""onset_tick"":12,""pitch"":62,""tie"":""none"",""voice_token"":""voice_adeebf""},{""duration_tick"":2,""onset_tick"":16,""pitch"":62,""tie"":""none"",""voice_token"":""voice_adeebf""},{""duration_tick"":6,""onset_tick"":18,""pitch"":65,""tie"":""none"",""voice_token"":""voice_adeebf""}]}"
music_4c623b9a7aad09,"{""events"":[{""duration_tick"":4,""onset_tick"":0,""pitch"":69,""tie"":""none"",""voice_token"":""voice_adeebf""},{""duration_tick"":2,""onset_tick"":4,""pitch"":69,""tie"":""none"",""voice_token"":""voice_adeebf""},{""duration_tick"":2,""onset_tick"":6,""pitch"":69,""tie"":""none"",""voice_token"":""voice_adeebf""},{""duration_tick"":2,""onset_tick"":8,""pitch"":-1,""tie"":""none"",""voice_token"":""voice_adeebf""},{""duration_tick"":2,""onset_tick"":10,""pitch"":76,""tie"":""none"",""voice_token"":""voice_adeebf""},{""duration_tick"":3,""onset_tick"":12,""pitch"":76,""tie"":""none"",""voice_token"":""voice_adeebf""},{""duration_tick"":1,""onset_tick"":15,""pitch"":74,""tie"":""none"",""voice_token"":""voice_adeebf""}]}"
music_8fc9254185a03d,"{""events"":[{""duration_tick"":4,""onset_tick"":0,""pitch"":77,""tie"":""none"",""voice_token"":""voice_e88425""},{""duration_tick"":4,""onset_tick"":4,""pitch"":77,""tie"":""none"",""voice_token"":""voice_e88425""},{""duration_tick"":4,""onset_tick"":8,""pitch"":63,""tie"":""none"",""voice_token"":""voice_e88425""},{""duration_tick"":2,""onset_tick"":12,""pitch"":61,""tie"":""none"",""voice_token"":""voice_e88425""},{""duration_tick"":2,""onset_tick"":14,""pitch"":73,""tie"":""none"",""voice_token"":""voice_e88425""},{""duration_tick"":4,""onset_tick"":16,""pitch"":-1,""tie"":""none"",""voice_token"":""voice_e88425""}]}"
music_dd8af012c5596b,"{""events"":[{""duration_tick"":2,""onset_tick"":0,""pitch"":67,""tie"":""none"",""voice_token"":""voice_bf2e2c""},{""duration_tick"":2,""onset_tick"":2,""pitch"":70,""tie"":""none"",""voice_token"":""voice_bf2e2c""},{""duration_tick"":2,""onset_tick"":4,""pitch"":67,""tie"":""none"",""voice_token"":""voice_bf2e2c""},{""duration_tick"":1,""onset_tick"":6,""pitch"":68,""tie"":""none"",""voice_token"":""voice_bf2e2c""},{""duration_tick"":1,""onset_tick"":7,""pitch"":72,""tie"":""none"",""voice_token"":""voice_bf2e2c""},{""duration_tick"":2,""onset_tick"":8,""pitch"":70,""tie"":""none"",""voice_token"":""voice_bf2e2c""},{""duration_tick"":2,""onset_tick"":10,""pitch"":69,""tie"":""none"",""voice_token"":""voice_bf2e2c""}]}"
music_c77604eae2bd41,"{""events"":[{""duration_tick"":4,""onset_tick"":0,""pitch"":62,""tie"":""none"",""voice_token"":""voice_adeebf""},{""duration_tick"":4,""onset_tick"":4,""pitch"":58,""tie"":""none"",""voice_token"":""voice_adeebf""},{""duration_tick"":4,""onset_tick"":8,""pitch"":60,""tie"":""none"",""voice_token"":""voice_adeebf""},{""duration_tick"":8,""onset_tick"":12,""pitch"":64,""tie"":""none"",""voice_token"":""voice_adeebf""},{""duration_tick"":4,""onset_tick"":20,""pitch"":60,""tie"":""none"",""voice_token"":""voice_adeebf""},{""duration_tick"":12,""onset_tick"":24,""pitch"":60,""tie"":""none"",""voice_token"":""voice_adeebf""}]}"
music_4b344f1c355a79,"{""events"":[{""duration_tick"":2,""onset_tick"":0,""pitch"":71,""tie"":""none"",""voice_token"":""voice_bf2e2c""},{""duration_tick"":2,""onset_tick"":2,""pitch"":72,""tie"":""none"",""voice_token"":""voice_bf2e2c""},{""duration_tick"":2,""onset_tick"":4,""pitch"":71,""tie"":""none"",""voice_token"":""voice_bf2e2c""},{""duration_tick"":2,""onset_tick"":6,""pitch"":71,""tie"":""none"",""voice_token"":""voice_bf2e2c""},{""duration_tick"":2,""onset_tick"":8,""pitch"":71,""tie"":""none"",""voice_token"":""voice_bf2e2c""},{""duration_tick"":1,""onset_tick"":10,""pitch"":74,""tie"":""none"",""voice_token"":""voice_bf2e2c""}]}"
music_f615aeb9ac1967,"{""events"":[{""duration_tick"":1,""onset_tick"":0,""pitch"":63,""tie"":""none"",""voice_token"":""voice_bf2e2c""},{""duration_tick"":1,""onset_tick"":1,""pitch"":64,""tie"":""none"",""voice_token"":""voice_bf2e2c""},{""duration_tick"":2,""onset_tick"":2,""pitch"":66,""tie"":""none"",""voice_token"":""voice_bf2e2c""},{""duration_tick"":4,""onset_tick"":4,""pitch"":63,""tie"":""none"",""voice_token"":""voice_bf2e2c""}]}"
music_5cadfe8f31bb02,"{""events"":[{""duration_tick"":2,""onset_tick"":0,""pitch"":66,""tie"":""none"",""voice_token"":""voice_adeebf""},{""duration_tick"":2,""onset_tick"":2,""pitch"":70,""tie"":""none"",""voice_token"":""voice_adeebf""},{""duration_tick"":2,""onset_tick"":4,""pitch"":66,""tie"":""none"",""voice_token"":""voice_adeebf""},{""duration_tick"":2,""onset_tick"":6,""pitch"":70,""tie"":""none"",""voice_token"":""voice_adeebf""},{""duration_tick"":2,""onset_tick"":8,""pitch"":66,""tie"":""none"",""voice_token"":""voice_adeebf""}]}"
music_a83335d8aec651,"{""events"":[{""duration_tick"":4,""onset_tick"":0,""pitch"":78,""tie"":""none"",""voice_token"":""voice_adeebf""},{""duration_tick"":4,""onset_tick"":4,""pitch"":76,""tie"":""none"",""voice_token"":""voice_adeebf""},{""duration_tick"":4,""onset_tick"":8,""pitch"":74,""tie"":""none"",""voice_token"":""voice_adeebf""},{""duration_tick"":4,""onset_tick"":12,""pitch"":76,""tie"":""start"",""voice_token"":""voice_adeebf""}]}"
music_7ef91f116a96dd,"{""events"":[{""duration_tick"":2,""onset_tick"":0,""pitch"":72,""tie"":""none"",""voice_token"":""voice_0284f7""},{""duration_tick"":8,""onset_tick"":2,""pitch"":75,""tie"":""none"",""voice_token"":""voice_0284f7""},{""duration_tick"":4,""onset_tick"":10,""pitch"":68,""tie"":""none"",""voice_token"":""voice_0284f7""},{""duration_tick"":4,""onset_tick"":14,""pitch"":70,""tie"":""none"",""voice_token"":""voice_0284f7""}]}"
music_a0a78d89432a45,"{""events"":[{""duration_tick"":4,""onset_tick"":0,""pitch"":69,""tie"":""none"",""voice_token"":""voice_adeebf""},{""duration_tick"":4,""onset_tick"":4,""pitch"":69,""tie"":""none"",""voice_token"":""voice_adeebf""},{""duration_tick"":4,""onset_tick"":8,""pitch"":69,""tie"":""none"",""voice_token"":""voice_adeebf""},{""duration_tick"":4,""onset_tick"":12,""pitch"":65,""tie"":""none"",""voice_token"":""voice_adeebf""},{""duration_tick"":4,""onset_tick"":16,""pitch"":67,""tie"":""none"",""voice_token"":""voice_adeebf""},{""duration_tick"":4,""onset_tick"":20,""pitch"":69,""tie"":""none"",""voice_token"":""voice_adeebf""},{""duration_tick"":4,""onset_tick"":24,""pitch"":70,""tie"":""none"",""voice_token"":""voice_adeebf""}]}"
music_010164407d1041,"{""events"":[{""duration_tick"":4,""onset_tick"":0,""pitch"":65,""tie"":""none"",""voice_token"":""voice_bf2e2c""},{""duration_tick"":8,""onset_tick"":4,""pitch"":64,""tie"":""none"",""voice_token"":""voice_bf2e2c""},{""duration_tick"":4,""onset_tick"":12,""pitch"":64,""tie"":""none"",""voice_token"":""voice_bf2e2c""},{""duration_tick"":4,""onset_tick"":16,""pitch"":65,""tie"":""none"",""voice_token"":""voice_bf2e2c""},{""duration_tick"":4,""onset_tick"":20,""pitch"":65,""tie"":""none"",""voice_token"":""voice_bf2e2c""},{""duration_tick"":1,""onset_tick"":24,""pitch"":71,""tie"":""none"",""voice_token"":""voice_bf2e2c""}]}"
music_8c613c91b64c5e,"{""events"":[{""duration_tick"":4,""onset_tick"":0,""pitch"":67,""tie"":""stop"",""voice_token"":""voice_adeebf""},{""duration_tick"":4,""onset_tick"":4,""pitch"":64,""tie"":""none"",""voice_token"":""voice_adeebf""},{""duration_tick"":4,""onset_tick"":8,""pitch"":65,""tie"":""none"",""voice_token"":""voice_adeebf""},{""duration_tick"":4,""onset_tick"":12,""pitch"":67,""tie"":""none"",""voice_token"":""voice_adeebf""},{""duration_tick"":4,""onset_tick"":16,""pitch"":69,""tie"":""none"",""voice_token"":""voice_adeebf""},{""duration_tick"":4,""onset_tick"":20,""pitch"":62,""tie"":""none"",""voice_token"":""voice_adeebf""},{""duration_tick"":4,""onset_tick"":24,""pitch"":65,""tie"":""none"",""voice_token"":""voice_adeebf""}]}"
music_c83a405f9b3406,"{""events"":[{""duration_tick"":4,""onset_tick"":0,""pitch"":75,""tie"":""none"",""voice_token"":""voice_bf2e2c""},{""duration_tick"":4,""onset_tick"":4,""pitch"":76,""tie"":""none"",""voice_token"":""voice_bf2e2c""},{""duration_tick"":4,""onset_tick"":8,""pitch"":71,""tie"":""none"",""voice_token"":""voice_bf2e2c""},{""duration_tick"":4,""onset_tick"":12,""pitch"":71,""tie"":""none"",""voice_token"":""voice_bf2e2c""},{""duration_tick"":4,""onset_tick"":16,""pitch"":69,""tie"":""none"",""voice_token"":""voice_bf2e2c""},{""duration_tick"":4,""onset_tick"":20,""pitch"":69,""tie"":""none"",""voice_token"":""voice_bf2e2c""},{""duration_tick"":2,""onset_tick"":24,""pitch"":67,""tie"":""none"",""voice_token"":""voice_bf2e2c""}]}"
music_707b449aee1805,"{""events"":[{""duration_tick"":2,""onset_tick"":0,""pitch"":72,""tie"":""none"",""voice_token"":""voice_e8cd7c""},{""duration_tick"":2,""onset_tick"":2,""pitch"":69,""tie"":""none"",""voice_token"":""voice_e8cd7c""},{""duration_tick"":4,""onset_tick"":4,""pitch"":71,""tie"":""none"",""voice_token"":""voice_e8cd7c""},{""duration_tick"":16,""onset_tick"":8,""pitch"":-1,""tie"":""none"",""voice_token"":""voice_e8cd7c""},{""duration_tick"":16,""onset_tick"":24,""pitch"":-1,""tie"":""none"",""voice_token"":""voice_e8cd7c""},{""duration_tick"":4,""onset_tick"":40,""pitch"":-1,""tie"":""none"",""voice_token"":""voice_e8cd7c""},{""duration_tick"":2,""onset_tick"":44,""pitch"":-1,""tie"":""none"",""voice_token"":""voice_e8cd7c""}]}"
music_8d1a8205628f61,"{""events"":[{""duration_tick"":2,""onset_tick"":0,""pitch"":-1,""tie"":""none"",""voice_token"":""voice_adeebf""},{""duration_tick"":2,""onset_tick"":2,""pitch"":68,""tie"":""none"",""voice_token"":""voice_adeebf""},{""duration_tick"":2,""onset_tick"":4,""pitch"":73,""tie"":""none"",""voice_token"":""voice_adeebf""},{""duration_tick"":1,""onset_tick"":6,""pitch"":75,""tie"":""none"",""voice_token"":""voice_adeebf""},{""duration_tick"":1,""onset_tick"":7,""pitch"":75,""tie"":""none"",""voice_token"":""voice_adeebf""},{""duration_tick"":1,""onset_tick"":8,""pitch"":76,""tie"":""none"",""voice_token"":""voice_adeebf""}]}"
music_d0ea034af7b097,"{""events"":[{""duration_tick"":1,""onset_tick"":0,""pitch"":69,""tie"":""none"",""voice_token"":""voice_e8cd7c""},{""duration_tick"":1,""onset_tick"":1,""pitch"":69,""tie"":""none"",""voice_token"":""voice_e8cd7c""},{""duration_tick"":1,""onset_tick"":2,""pitch"":67,""tie"":""none"",""voice_token"":""voice_e8cd7c""},{""duration_tick"":1,""onset_tick"":3,""pitch"":67,""tie"":""none"",""voice_token"":""voice_e8cd7c""}]}"
music_8d26bb441418fc,"{""events"":[{""duration_tick"":4,""onset_tick"":0,""pitch"":71,""tie"":""none"",""voice_token"":""voice_adeebf""},{""duration_tick"":4,""onset_tick"":4,""pitch"":70,""tie"":""none"",""voice_token"":""voice_adeebf""},{""duration_tick"":8,""onset_tick"":8,""pitch"":70,""tie"":""none"",""voice_token"":""voice_adeebf""},{""duration_tick"":4,""onset_tick"":16,""pitch"":71,""tie"":""none"",""voice_token"":""voice_adeebf""},{""duration_tick"":4,""onset_tick"":20,""pitch"":71,""tie"":""none"",""voice_token"":""voice_adeebf""}]}"
music_389d0f330e4fc1,"{""events"":[{""duration_tick"":4,""onset_tick"":0,""pitch"":66,""tie"":""none"",""voice_token"":""voice_bf2e2c""},{""duration_tick"":2,""onset_tick"":4,""pitch"":66,""tie"":""none"",""voice_token"":""voice_bf2e2c""},{""duration_tick"":2,""onset_tick"":6,""pitch"":63,""tie"":""none"",""voice_token"":""voice_bf2e2c""},{""duration_tick"":4,""onset_tick"":8,""pitch"":64,""tie"":""none"",""voice_token"":""voice_bf2e2c""},{""duration_tick"":4,""onset_tick"":12,""pitch"":67,""tie"":""none"",""voice_token"":""voice_bf2e2c""},{""duration_tick"":4,""onset_tick"":16,""pitch"":66,""tie"":""none"",""voice_token"":""voice_bf2e2c""},{""duration_tick"":4,""onset_tick"":20,""pitch"":78,""tie"":""none"",""voice_token"":""voice_bf2e2c""}]}"
music_b64817ff2df35a,"{""events"":[{""duration_tick"":4,""onset_tick"":0,""pitch"":71,""tie"":""none"",""voice_token"":""voice_0331f8""},{""duration_tick"":4,""onset_tick"":4,""pitch"":71,""tie"":""none"",""voice_token"":""voice_0331f8""},{""duration_tick"":8,""onset_tick"":8,""pitch"":72,""tie"":""none"",""voice_token"":""voice_0331f8""},{""duration_tick"":2,""onset_tick"":16,""pitch"":74,""tie"":""none"",""voice_token"":""voice_0331f8""}]}"
music_eced39bce260c7,"{""events"":[{""duration_tick"":2,""onset_tick"":0,""pitch"":67,""tie"":""none"",""voice_token"":""voice_adeebf""},{""duration_tick"":6,""onset_tick"":2,""pitch"":67,""tie"":""none"",""voice_token"":""voice_adeebf""},{""duration_tick"":2,""onset_tick"":8,""pitch"":62,""tie"":""none"",""voice_token"":""voice_adeebf""},{""duration_tick"":2,""onset_tick"":10,""pitch"":67,""tie"":""none"",""voice_token"":""voice_adeebf""}]}"
music_ec89c9e4ffaf53,"{""events"":[{""duration_tick"":2,""onset_tick"":0,""pitch"":74,""tie"":""none"",""voice_token"":""voice_adeebf""},{""duration_tick"":2,""onset_tick"":2,""pitch"":72,""tie"":""none"",""voice_token"":""voice_adeebf""},{""duration_tick"":2,""onset_tick"":4,""pitch"":76,""tie"":""none"",""voice_token"":""voice_adeebf""},{""duration_tick"":6,""onset_tick"":6,""pitch"":74,""tie"":""none"",""voice_token"":""voice_adeebf""},{""duration_tick"":2,""onset_tick"":12,""pitch"":74,""tie"":""none"",""voice_token"":""voice_adeebf""},{""duration_tick"":2,""onset_tick"":14,""pitch"":74,""tie"":""none"",""voice_token"":""voice_adeebf""},{""duration_tick"":6,""onset_tick"":16,""pitch"":74,""tie"":""none"",""voice_token"":""voice_adeebf""}]}"
music_8ff69fe8ea8cb4,"{""events"":[{""duration_tick"":8,""onset_tick"":0,""pitch"":63,""tie"":""none"",""voice_token"":""voice_adeebf""},{""duration_tick"":4,""onset_tick"":8,""pitch"":70,""tie"":""none"",""voice_token"":""voice_adeebf""},{""duration_tick"":2,""onset_tick"":12,""pitch"":67,""tie"":""none"",""voice_token"":""voice_adeebf""},{""duration_tick"":2,""onset_tick"":14,""pitch"":69,""tie"":""none"",""voice_token"":""voice_adeebf""},{""duration_tick"":2,""onset_tick"":16,""pitch"":70,""tie"":""none"",""voice_token"":""voice_adeebf""},{""duration_tick"":2,""onset_tick"":18,""pitch"":70,""tie"":""none"",""voice_token"":""voice_adeebf""},{""duration_tick"":2,""onset_tick"":20,""pitch"":73,""tie"":""none"",""voice_token"":""voice_adeebf""}]}"
music_c15bf1d846af55,"{""events"":[{""duration_tick"":4,""onset_tick"":0,""pitch"":57,""tie"":""none"",""voice_token"":""voice_bf4e1e""},{""duration_tick"":4,""onset_tick"":4,""pitch"":56,""tie"":""none"",""voice_token"":""voice_bf4e1e""},{""duration_tick"":4,""onset_tick"":8,""pitch"":57,""tie"":""none"",""voice_token"":""voice_bf4e1e""},{""duration_tick"":4,""onset_tick"":12,""pitch"":57,""tie"":""none"",""voice_token"":""voice_bf4e1e""},{""duration_tick"":4,""onset_tick"":16,""pitch"":54,""tie"":""none"",""voice_token"":""voice_bf4e1e""}]}"
music_108bb4b84d9b81,"{""events"":[{""duration_tick"":2,""onset_tick"":0,""pitch"":74,""tie"":""none"",""voice_token"":""voice_e88425""},{""duration_tick"":2,""onset_tick"":2,""pitch"":75,""tie"":""none"",""voice_token"":""voice_e88425""},{""duration_tick"":2,""onset_tick"":4,""pitch"":77,""tie"":""none"",""voice_token"":""voice_e88425""},{""duration_tick"":2,""onset_tick"":6,""pitch"":78,""tie"":""none"",""voice_token"":""voice_e88425""},{""duration_tick"":2,""onset_tick"":8,""pitch"":75,""tie"":""none"",""voice_token"":""voice_e88425""},{""duration_tick"":6,""onset_tick"":10,""pitch"":75,""tie"":""none"",""voice_token"":""voice_e88425""}]}"
music_775bc7e1fc8c5f,"{""events"":[{""duration_tick"":8,""onset_tick"":0,""pitch"":66,""tie"":""none"",""voice_token"":""voice_bf2e2c""},{""duration_tick"":8,""onset_tick"":8,""pitch"":66,""tie"":""none"",""voice_token"":""voice_bf2e2c""},{""duration_tick"":2,""onset_tick"":16,""pitch"":66,""tie"":""none"",""voice_token"":""voice_bf2e2c""},{""duration_tick"":2,""onset_tick"":18,""pitch"":-1,""tie"":""none"",""voice_token"":""voice_bf2e2c""},{""duration_tick"":2,""onset_tick"":20,""pitch"":-1,""tie"":""none"",""voice_token"":""voice_bf2e2c""},{""duration_tick"":2,""onset_tick"":22,""pitch"":66,""tie"":""none"",""voice_token"":""voice_bf2e2c""},{""duration_tick"":4,""onset_tick"":24,""pitch"":69,""tie"":""none"",""voice_token"":""voice_bf2e2c""}]}"
music_8b01e9a4b7dfd8,"{""events"":[{""duration_tick"":4,""onset_tick"":0,""pitch"":65,""tie"":""none"",""voice_token"":""voice_0331f8""},{""duration_tick"":2,""onset_tick"":4,""pitch"":65,""tie"":""none"",""voice_token"":""voice_0331f8""},{""duration_tick"":6,""onset_tick"":6,""pitch"":65,""tie"":""none"",""voice_token"":""voice_0331f8""},{""duration_tick"":6,""onset_tick"":12,""pitch"":70,""tie"":""none"",""voice_token"":""voice_0331f8""},{""duration_tick"":6,""onset_tick"":18,""pitch"":72,""tie"":""none"",""voice_token"":""voice_0331f8""},{""duration_tick"":4,""onset_tick"":24,""pitch"":73,""tie"":""none"",""voice_token"":""voice_0331f8""},{""duration_tick"":2,""onset_tick"":28,""pitch"":74,""tie"":""none"",""voice_token"":""voice_0331f8""}]}"
music_b320f1dcc4a5fc,"{""events"":[{""duration_tick"":1,""onset_tick"":0,""pitch"":71,""tie"":""none"",""voice_token"":""voice_adeebf""},{""duration_tick"":1,""onset_tick"":1,""pitch"":72,""tie"":""none"",""voice_token"":""voice_adeebf""},{""duration_tick"":4,""onset_tick"":2,""pitch"":72,""tie"":""none"",""voice_token"":""voice_adeebf""},{""duration_tick"":3,""onset_tick"":6,""pitch"":74,""tie"":""none"",""voice_token"":""voice_adeebf""},{""duration_tick"":1,""onset_tick"":9,""pitch"":72,""tie"":""none"",""voice_token"":""voice_adeebf""},{""duration_tick"":1,""onset_tick"":10,""pitch"":72,""tie"":""none"",""voice_token"":""voice_adeebf""}]}"
music_eba3174b62f223,"{""events"":[{""duration_tick"":1,""onset_tick"":0,""pitch"":67,""tie"":""none"",""voice_token"":""voice_adeebf""},{""duration_tick"":2,""onset_tick"":1,""pitch"":67,""tie"":""none"",""voice_token"":""voice_adeebf""},{""duration_tick"":2,""onset_tick"":3,""pitch"":69,""tie"":""none"",""voice_token"":""voice_adeebf""},{""duration_tick"":2,""onset_tick"":5,""pitch"":67,""tie"":""none"",""voice_token"":""voice_adeebf""}]}"
music_0bcd54815b18e6,"{""events"":[{""duration_tick"":2,""onset_tick"":0,""pitch"":69,""tie"":""none"",""voice_token"":""voice_bf2e2c""},{""duration_tick"":4,""onset_tick"":2,""pitch"":68,""tie"":""none"",""voice_token"":""voice_bf2e2c""},{""duration_tick"":2,""onset_tick"":6,""pitch"":66,""tie"":""none"",""voice_token"":""voice_bf2e2c""},{""duration_tick"":2,""onset_tick"":8,""pitch"":71,""tie"":""none"",""voice_token"":""voice_bf2e2c""},{""duration_tick"":2,""onset_tick"":10,""pitch"":71,""tie"":""none"",""voice_token"":""voice_bf2e2c""}]}"
music_bc6263bef0f9bb,"{""events"":[{""duration_tick"":2,""onset_tick"":0,""pitch"":66,""tie"":""none"",""voice_token"":""voice_bf2e2c""},{""duration_tick"":2,""onset_tick"":2,""pitch"":66,""tie"":""none"",""voice_token"":""voice_bf2e2c""},{""duration_tick"":2,""onset_tick"":4,""pitch"":66,""tie"":""none"",""voice_token"":""voice_bf2e2c""},{""duration_tick"":1,""onset_tick"":6,""pitch"":66,""tie"":""none"",""voice_token"":""voice_bf2e2c""},{""duration_tick"":1,""onset_tick"":7,""pitch"":66,""tie"":""none"",""voice_token"":""voice_bf2e2c""}]}"
music_19aa042bb07fb7,"{""events"":[{""duration_tick"":2,""onset_tick"":0,""pitch"":74,""tie"":""none"",""voice_token"":""voice_bf2e2c""},{""duration_tick"":4,""onset_tick"":2,""pitch"":72,""tie"":""none"",""voice_token"":""voice_bf2e2c""},{""duration_tick"":4,""onset_tick"":6,""pitch"":72,""tie"":""none"",""voice_token"":""voice_bf2e2c""},{""duration_tick"":4,""onset_tick"":10,""pitch"":72,""tie"":""none"",""voice_token"":""voice_bf2e2c""},{""duration_tick"":4,""onset_tick"":14,""pitch"":72,""tie"":""none"",""voice_token"":""voice_bf2e2c""},{""duration_tick"":6,""onset_tick"":18,""pitch"":74,""tie"":""none"",""voice_token"":""voice_bf2e2c""}]}"
music_00ead3bcb77dfb,"{""events"":[{""duration_tick"":2,""onset_tick"":0,""pitch"":68,""tie"":""none"",""voice_token"":""voice_8c73be""},{""duration_tick"":4,""onset_tick"":2,""pitch"":69,""tie"":""none"",""voice_token"":""voice_8c73be""},{""duration_tick"":4,""onset_tick"":6,""pitch"":64,""tie"":""none"",""voice_token"":""voice_8c73be""},{""duration_tick"":4,""onset_tick"":10,""pitch"":68,""tie"":""none"",""voice_token"":""voice_8c73be""},{""duration_tick"":2,""onset_tick"":14,""pitch"":68,""tie"":""none"",""voice_token"":""voice_8c73be""}]}"
music_1b591d52dfc73a,"{""events"":[{""duration_tick"":2,""onset_tick"":0,""pitch"":71,""tie"":""none"",""voice_token"":""voice_0331f8""},{""duration_tick"":2,""onset_tick"":2,""pitch"":71,""tie"":""none"",""voice_token"":""voice_0331f8""},{""duration_tick"":2,""onset_tick"":4,""pitch"":73,""tie"":""none"",""voice_token"":""voice_0331f8""},{""duration_tick"":1,""onset_tick"":6,""pitch"":71,""tie"":""none"",""voice_token"":""voice_0331f8""}]}"
music_a586c7e3f4e062,"{""events"":[{""duration_tick"":2,""onset_tick"":0,""pitch"":69,""tie"":""none"",""voice_token"":""voice_bf2e2c""},{""duration_tick"":2,""onset_tick"":2,""pitch"":66,""tie"":""none"",""voice_token"":""voice_bf2e2c""},{""duration_tick"":1,""onset_tick"":4,""pitch"":69,""tie"":""none"",""voice_token"":""voice_bf2e2c""},{""duration_tick"":1,""onset_tick"":5,""pitch"":69,""tie"":""none"",""voice_token"":""voice_bf2e2c""},{""duration_tick"":2,""onset_tick"":6,""pitch"":69,""tie"":""none"",""voice_token"":""voice_bf2e2c""},{""duration_tick"":2,""onset_tick"":8,""pitch"":69,""tie"":""none"",""voice_token"":""voice_bf2e2c""}]}"
music_8e1bb44f1697fd,"{""events"":[{""duration_tick"":8,""onset_tick"":0,""pitch"":71,""tie"":""none"",""voice_token"":""voice_bf2e2c""},{""duration_tick"":8,""onset_tick"":8,""pitch"":71,""tie"":""none"",""voice_token"":""voice_bf2e2c""},{""duration_tick"":4,""onset_tick"":16,""pitch"":-1,""tie"":""none"",""voice_token"":""voice_bf2e2c""},{""duration_tick"":2,""onset_tick"":20,""pitch"":-1,""tie"":""none"",""voice_token"":""voice_bf2e2c""},{""duration_tick"":4,""onset_tick"":22,""pitch"":-1,""tie"":""none"",""voice_token"":""voice_bf2e2c""},{""duration_tick"":2,""onset_tick"":26,""pitch"":-1,""tie"":""none"",""voice_token"":""voice_bf2e2c""}]}"
music_604e655df45137,"{""events"":[{""duration_tick"":1,""onset_tick"":0,""pitch"":68,""tie"":""none"",""voice_token"":""voice_0284f7""},{""duration_tick"":2,""onset_tick"":1,""pitch"":70,""tie"":""none"",""voice_token"":""voice_0284f7""},{""duration_tick"":2,""onset_tick"":3,""pitch"":67,""tie"":""none"",""voice_token"":""voice_0284f7""},{""duration_tick"":8,""onset_tick"":5,""pitch"":75,""tie"":""none"",""voice_token"":""voice_0284f7""},{""duration_tick"":8,""onset_tick"":13,""pitch"":68,""tie"":""none"",""voice_token"":""voice_0284f7""}]}"
music_52ec58e050f8a0,"{""events"":[{""duration_tick"":2,""onset_tick"":0,""pitch"":75,""tie"":""none"",""voice_token"":""voice_0284f7""},{""duration_tick"":2,""onset_tick"":2,""pitch"":73,""tie"":""none"",""voice_token"":""voice_0284f7""},{""duration_tick"":2,""onset_tick"":4,""pitch"":75,""tie"":""none"",""voice_token"":""voice_0284f7""},{""duration_tick"":2,""onset_tick"":6,""pitch"":73,""tie"":""none"",""voice_token"":""voice_0284f7""},{""duration_tick"":2,""onset_tick"":8,""pitch"":73,""tie"":""none"",""voice_token"":""voice_0284f7""}]}"
music_2ec9487b38b832,"{""events"":[{""duration_tick"":2,""onset_tick"":0,""pitch"":70,""tie"":""none"",""voice_token"":""voice_0284f7""},{""duration_tick"":2,""onset_tick"":2,""pitch"":68,""tie"":""none"",""voice_token"":""voice_0284f7""},{""duration_tick"":2,""onset_tick"":4,""pitch"":70,""tie"":""none"",""voice_token"":""voice_0284f7""},{""duration_tick"":2,""onset_tick"":6,""pitch"":68,""tie"":""none"",""voice_token"":""voice_0284f7""}]}"
music_5320f35380903e,"{""events"":[{""duration_tick"":16,""onset_tick"":0,""pitch"":74,""tie"":""none"",""voice_token"":""voice_bf2e2c""},{""duration_tick"":4,""onset_tick"":16,""pitch"":70,""tie"":""none"",""voice_token"":""voice_bf2e2c""},{""duration_tick"":4,""onset_tick"":20,""pitch"":69,""tie"":""none"",""voice_token"":""voice_bf2e2c""},{""duration_tick"":4,""onset_tick"":24,""pitch"":67,""tie"":""none"",""voice_token"":""voice_bf2e2c""}]}"
music_7ea5bddc43ff7d,"{""events"":[{""duration_tick"":4,""onset_tick"":0,""pitch"":69,""tie"":""none"",""voice_token"":""voice_adeebf""},{""duration_tick"":2,""onset_tick"":4,""pitch"":71,""tie"":""none"",""voice_token"":""voice_adeebf""},{""duration_tick"":2,""onset_tick"":6,""pitch"":76,""tie"":""none"",""voice_token"":""voice_adeebf""},{""duration_tick"":3,""onset_tick"":8,""pitch"":76,""tie"":""none"",""voice_token"":""voice_adeebf""}]}"
music_2efff5e966d935,"{""events"":[{""duration_tick"":2,""onset_tick"":0,""pitch"":65,""tie"":""none"",""voice_token"":""voice_adeebf""},{""duration_tick"":2,""onset_tick"":2,""pitch"":67,""tie"":""none"",""voice_token"":""voice_adeebf""},{""duration_tick"":2,""onset_tick"":4,""pitch"":67,""tie"":""none"",""voice_token"":""voice_adeebf""},{""duration_tick"":1,""onset_tick"":6,""pitch"":69,""tie"":""none"",""voice_token"":""voice_adeebf""},{""duration_tick"":1,""onset_tick"":7,""pitch"":72,""tie"":""none"",""voice_token"":""voice_adeebf""},{""duration_tick"":1,""onset_tick"":8,""pitch"":72,""tie"":""none"",""voice_token"":""voice_adeebf""}]}"
music_3149a3757cfc6e,"{""events"":[{""duration_tick"":2,""onset_tick"":0,""pitch"":69,""tie"":""none"",""voice_token"":""voice_adeebf""},{""duration_tick"":6,""onset_tick"":2,""pitch"":73,""tie"":""none"",""voice_token"":""voice_adeebf""},{""duration_tick"":6,""onset_tick"":8,""pitch"":72,""tie"":""none"",""voice_token"":""voice_adeebf""},{""duration_tick"":4,""onset_tick"":14,""pitch"":71,""tie"":""none"",""voice_token"":""voice_adeebf""},{""duration_tick"":2,""onset_tick"":18,""pitch"":71,""tie"":""none"",""voice_token"":""voice_adeebf""},{""duration_tick"":2,""onset_tick"":20,""pitch"":69,""tie"":""none"",""voice_token"":""voice_adeebf""}]}"
music_93cc1442223354,"{""events"":[{""duration_tick"":6,""onset_tick"":0,""pitch"":74,""tie"":""none"",""voice_token"":""voice_bf2e2c""},{""duration_tick"":6,""onset_tick"":6,""pitch"":74,""tie"":""none"",""voice_token"":""voice_bf2e2c""},{""duration_tick"":2,""onset_tick"":12,""pitch"":74,""tie"":""none"",""voice_token"":""voice_bf2e2c""},{""duration_tick"":2,""onset_tick"":14,""pitch"":74,""tie"":""none"",""voice_token"":""voice_bf2e2c""}]}"
music_cc465d1e01837b,"{""events"":[{""duration_tick"":6,""onset_tick"":0,""pitch"":64,""tie"":""none"",""voice_token"":""voice_0331f8""},{""duration_tick"":2,""onset_tick"":6,""pitch"":64,""tie"":""none"",""voice_token"":""voice_0331f8""},{""duration_tick"":2,""onset_tick"":8,""pitch"":65,""tie"":""none"",""voice_token"":""voice_0331f8""},{""duration_tick"":2,""onset_tick"":10,""pitch"":64,""tie"":""none"",""voice_token"":""voice_0331f8""},{""duration_tick"":2,""onset_tick"":12,""pitch"":71,""tie"":""none"",""voice_token"":""voice_0331f8""}]}"
music_fecdcea2c2565e,"{""events"":[{""duration_tick"":4,""onset_tick"":0,""pitch"":-1,""tie"":""none"",""voice_token"":""voice_adeebf""},{""duration_tick"":4,""onset_tick"":4,""pitch"":65,""tie"":""none"",""voice_token"":""voice_adeebf""},{""duration_tick"":2,""onset_tick"":8,""pitch"":65,""tie"":""none"",""voice_token"":""voice_adeebf""},{""duration_tick"":4,""onset_tick"":10,""pitch"":65,""tie"":""none"",""voice_token"":""voice_adeebf""},{""duration_tick"":2,""onset_tick"":14,""pitch"":67,""tie"":""none"",""voice_token"":""voice_adeebf""},{""duration_tick"":6,""onset_tick"":16,""pitch"":65,""tie"":""none"",""voice_token"":""voice_adeebf""},{""duration_tick"":2,""onset_tick"":22,""pitch"":67,""tie"":""none"",""voice_token"":""voice_adeebf""}]}"
music_ef2692e27b0b71,"{""events"":[{""duration_tick"":2,""onset_tick"":0,""pitch"":78,""tie"":""stop"",""voice_token"":""voice_adeebf""},{""duration_tick"":4,""onset_tick"":2,""pitch"":75,""tie"":""none"",""voice_token"":""voice_adeebf""},{""duration_tick"":2,""onset_tick"":6,""pitch"":71,""tie"":""none"",""voice_token"":""voice_adeebf""},{""duration_tick"":4,""onset_tick"":8,""pitch"":71,""tie"":""none"",""voice_token"":""voice_adeebf""},{""duration_tick"":6,""onset_tick"":12,""pitch"":76,""tie"":""none"",""voice_token"":""voice_adeebf""}]}"
music_ef019bdd409dd4,"{""events"":[{""duration_tick"":2,""onset_tick"":0,""pitch"":53,""tie"":""none"",""voice_token"":""voice_bdd9b1""},{""duration_tick"":4,""onset_tick"":2,""pitch"":53,""tie"":""none"",""voice_token"":""voice_bdd9b1""},{""duration_tick"":4,""onset_tick"":6,""pitch"":55,""tie"":""none"",""voice_token"":""voice_bdd9b1""},{""duration_tick"":12,""onset_tick"":10,""pitch"":55,""tie"":""none"",""voice_token"":""voice_bdd9b1""},{""duration_tick"":4,""onset_tick"":22,""pitch"":57,""tie"":""none"",""voice_token"":""voice_bdd9b1""},{""duration_tick"":4,""onset_tick"":26,""pitch"":-1,""tie"":""none"",""voice_token"":""voice_bdd9b1""},{""duration_tick"":8,""onset_tick"":30,""pitch"":-1,""tie"":""none"",""voice_token"":""voice_bdd9b1""}]}"
music_98f435e246bf2a,"{""events"":[{""duration_tick"":4,""onset_tick"":0,""pitch"":66,""tie"":""none"",""voice_token"":""voice_adeebf""},{""duration_tick"":2,""onset_tick"":4,""pitch"":69,""tie"":""none"",""voice_token"":""voice_adeebf""},{""duration_tick"":4,""onset_tick"":6,""pitch"":74,""tie"":""none"",""voice_token"":""voice_adeebf""},{""duration_tick"":2,""onset_tick"":10,""pitch"":74,""tie"":""none"",""voice_token"":""voice_adeebf""}]}"
music_7b6cb55241b8b4,"{""events"":[{""duration_tick"":6,""onset_tick"":0,""pitch"":70,""tie"":""none"",""voice_token"":""voice_2d672c""},{""duration_tick"":2,""onset_tick"":6,""pitch"":72,""tie"":""none"",""voice_token"":""voice_2d672c""},{""duration_tick"":8,""onset_tick"":8,""pitch"":73,""tie"":""none"",""voice_token"":""voice_2d672c""},{""duration_tick"":2,""onset_tick"":16,""pitch"":72,""tie"":""none"",""voice_token"":""voice_2d672c""},{""duration_tick"":2,""onset_tick"":18,""pitch"":65,""tie"":""none"",""voice_token"":""voice_2d672c""},{""duration_tick"":2,""onset_tick"":20,""pitch"":65,""tie"":""none"",""voice_token"":""voice_2d672c""}]}"
music_831d8ae24e56e7,"{""events"":[{""duration_tick"":4,""onset_tick"":0,""pitch"":71,""tie"":""none"",""voice_token"":""voice_adeebf""},{""duration_tick"":4,""onset_tick"":4,""pitch"":71,""tie"":""none"",""voice_token"":""voice_adeebf""},{""duration_tick"":2,""onset_tick"":8,""pitch"":67,""tie"":""none"",""voice_token"":""voice_adeebf""},{""duration_tick"":2,""onset_tick"":10,""pitch"":67,""tie"":""none"",""voice_token"":""voice_adeebf""}]}"
music_482ee86d275a15,"{""events"":[{""duration_tick"":6,""onset_tick"":0,""pitch"":73,""tie"":""none"",""voice_token"":""voice_adeebf""},{""duration_tick"":12,""onset_tick"":6,""pitch"":71,""tie"":""none"",""voice_token"":""voice_adeebf""},{""duration_tick"":6,""onset_tick"":18,""pitch"":71,""tie"":""none"",""voice_token"":""voice_adeebf""},{""duration_tick"":6,""onset_tick"":24,""pitch"":-1,""tie"":""none"",""voice_token"":""voice_adeebf""},{""duration_tick"":2,""onset_tick"":30,""pitch"":-1,""tie"":""none"",""voice_token"":""voice_adeebf""},{""duration_tick"":2,""onset_tick"":32,""pitch"":-1,""tie"":""none"",""voice_token"":""voice_adeebf""},{""duration_tick"":2,""onset_tick"":34,""pitch"":-1,""tie"":""none"",""voice_token"":""voice_adeebf""}]}"
music_05c7a9c308fa4f,"{""events"":[{""duration_tick"":2,""onset_tick"":0,""pitch"":72,""tie"":""none"",""voice_token"":""voice_adeebf""},{""duration_tick"":4,""onset_tick"":2,""pitch"":71,""tie"":""none"",""voice_token"":""voice_adeebf""},{""duration_tick"":2,""onset_tick"":6,""pitch"":71,""tie"":""none"",""voice_token"":""voice_adeebf""},{""duration_tick"":4,""onset_tick"":8,""pitch"":70,""tie"":""none"",""voice_token"":""voice_adeebf""},{""duration_tick"":2,""onset_tick"":12,""pitch"":70,""tie"":""none"",""voice_token"":""voice_adeebf""},{""duration_tick"":4,""onset_tick"":14,""pitch"":70,""tie"":""none"",""voice_token"":""voice_adeebf""},{""duration_tick"":4,""onset_tick"":18,""pitch"":70,""tie"":""none"",""voice_token"":""voice_adeebf""}]}"
music_ba78aa5bef88e3,"{""events"":[{""duration_tick"":2,""onset_tick"":0,""pitch"":64,""tie"":""none"",""voice_token"":""voice_adeebf""},{""duration_tick"":8,""onset_tick"":2,""pitch"":59,""tie"":""none"",""voice_token"":""voice_adeebf""},{""duration_tick"":4,""onset_tick"":10,""pitch"":66,""tie"":""none"",""voice_token"":""voice_adeebf""},{""duration_tick"":4,""onset_tick"":14,""pitch"":66,""tie"":""none"",""voice_token"":""voice_adeebf""},{""duration_tick"":2,""onset_tick"":18,""pitch"":58,""tie"":""none"",""voice_token"":""voice_adeebf""},{""duration_tick"":2,""onset_tick"":20,""pitch"":61,""tie"":""none"",""voice_token"":""voice_adeebf""}]}"
music_dc9575422edb3a,"{""events"":[{""duration_tick"":2,""onset_tick"":0,""pitch"":67,""tie"":""none"",""voice_token"":""voice_bf2e2c""},{""duration_tick"":2,""onset_tick"":2,""pitch"":65,""tie"":""none"",""voice_token"":""voice_bf2e2c""},{""duration_tick"":2,""onset_tick"":4,""pitch"":64,""tie"":""none"",""voice_token"":""voice_bf2e2c""},{""duration_tick"":2,""onset_tick"":6,""pitch"":65,""tie"":""none"",""voice_token"":""voice_bf2e2c""},{""duration_tick"":6,""onset_tick"":8,""pitch"":70,""tie"":""none"",""voice_token"":""voice_bf2e2c""}]}"
music_8fa15ea198c030,"{""events"":[{""duration_tick"":2,""onset_tick"":0,""pitch"":73,""tie"":""none"",""voice_token"":""voice_bf2e2c""},{""duration_tick"":6,""onset_tick"":2,""pitch"":73,""tie"":""none"",""voice_token"":""voice_bf2e2c""},{""duration_tick"":2,""onset_tick"":8,""pitch"":73,""tie"":""none"",""voice_token"":""voice_bf2e2c""},{""duration_tick"":2,""onset_tick"":10,""pitch"":70,""tie"":""none"",""voice_token"":""voice_bf2e2c""},{""duration_tick"":2,""onset_tick"":12,""pitch"":72,""tie"":""none"",""voice_token"":""voice_bf2e2c""}]}"
music_621559cfa8d84b,"{""events"":[{""duration_tick"":4,""onset_tick"":0,""pitch"":75,""tie"":""none"",""voice_token"":""voice_0331f8""},{""duration_tick"":4,""onset_tick"":4,""pitch"":73,""tie"":""none"",""voice_token"":""voice_0331f8""},{""duration_tick"":4,""onset_tick"":8,""pitch"":75,""tie"":""none"",""voice_token"":""voice_0331f8""},{""duration_tick"":4,""onset_tick"":12,""pitch"":73,""tie"":""none"",""voice_token"":""voice_0331f8""},{""duration_tick"":4,""onset_tick"":16,""pitch"":73,""tie"":""none"",""voice_token"":""voice_0331f8""},{""duration_tick"":4,""onset_tick"":20,""pitch"":73,""tie"":""none"",""voice_token"":""voice_0331f8""}]}"
music_2664fb466837fa,"{""events"":[{""duration_tick"":8,""onset_tick"":0,""pitch"":65,""tie"":""none"",""voice_token"":""voice_adeebf""},{""duration_tick"":4,""onset_tick"":8,""pitch"":65,""tie"":""none"",""voice_token"":""voice_adeebf""},{""duration_tick"":8,""onset_tick"":12,""pitch"":64,""tie"":""none"",""voice_token"":""voice_adeebf""},{""duration_tick"":4,""onset_tick"":20,""pitch"":62,""tie"":""none"",""voice_token"":""voice_adeebf""},{""duration_tick"":4,""onset_tick"":24,""pitch"":-1,""tie"":""none"",""voice_token"":""voice_adeebf""}]}"
music_23348e1982e00f,"{""events"":[{""duration_tick"":2,""onset_tick"":0,""pitch"":67,""tie"":""none"",""voice_token"":""voice_6ba146""},{""duration_tick"":2,""onset_tick"":2,""pitch"":67,""tie"":""none"",""voice_token"":""voice_6ba146""},{""duration_tick"":4,""onset_tick"":4,""pitch"":67,""tie"":""none"",""voice_token"":""voice_6ba146""},{""duration_tick"":4,""onset_tick"":8,""pitch"":71,""tie"":""none"",""voice_token"":""voice_6ba146""},{""duration_tick"":4,""onset_tick"":12,""pitch"":74,""tie"":""none"",""voice_token"":""voice_6ba146""},{""duration_tick"":4,""onset_tick"":16,""pitch"":76,""tie"":""none"",""voice_token"":""voice_6ba146""}]}"
